ISO-10303-21;
HEADER;
FILE_DESCRIPTION (( 'STEP AP214' ),
    '1' );
FILE_NAME ('DS1021_yellow_3x02p_100mil_Type1_rev1.0.STEP',
    '2023-09-02T23:36:56',
    ( '' ),
    ( '' ),
    'SwSTEP 2.0',
    'SolidWorks 2023',
    '' );
FILE_SCHEMA (( 'AUTOMOTIVE_DESIGN' ));
ENDSEC;

DATA;
#1 = CARTESIAN_POINT ( 'NONE',  ( 0.000000000000000000, 2.332849267653417158, -3.000000000000000000 ) ) ;
#2 = ORIENTED_EDGE ( 'NONE', *, *, #2661, .T. ) ;
#3 = ORIENTED_EDGE ( 'NONE', *, *, #3336, .T. ) ;
#4 =( NAMED_UNIT ( * ) SI_UNIT ( $, .STERADIAN. ) SOLID_ANGLE_UNIT ( ) );
#5 = CARTESIAN_POINT ( 'NONE',  ( 0.3200000000000001177, 4.823999999999998956, 8.550000000000000711 ) ) ;
#6 = DIRECTION ( 'NONE',  ( -1.000000000000000000, 0.000000000000000000, 0.000000000000000000 ) ) ;
#7 = CARTESIAN_POINT ( 'NONE',  ( 0.2349397590361443910, -1.270000000000000018, 1.456746987951807348 ) ) ;
#8 = CARTESIAN_POINT ( 'NONE',  ( 0.05396442235651190827, -1.169999999999999929, 1.589024663320367736 ) ) ;
#9 = CARTESIAN_POINT ( 'NONE',  ( 1.269999999999999574, 6.099999999999998757, 2.350000000000000089 ) ) ;
#10 = ORIENTED_EDGE ( 'NONE', *, *, #2676, .T. ) ;
#11 = VECTOR ( 'NONE', #5810, 1000.000000000000000 ) ;
#12 = AXIS2_PLACEMENT_3D ( 'NONE', #7722, #2624, #132 ) ;
#13 = ORIENTED_EDGE ( 'NONE', *, *, #3836, .T. ) ;
#14 = DIRECTION ( 'NONE',  ( -0.1710878697460326558, -0.1710878697460326836, -0.9702875252478149193 ) ) ;
#15 = PRESENTATION_STYLE_ASSIGNMENT (( #4557 ) ) ;
#16 = DIRECTION ( 'NONE',  ( 8.470329472543003391E-17, -1.000000000000000000, 0.000000000000000000 ) ) ;
#17 = CARTESIAN_POINT ( 'NONE',  ( 0.2604139838411246854, -1.200010142570205884, 0.8483446904390407051 ) ) ;
#18 = CARTESIAN_POINT ( 'NONE',  ( 0.2785969470547811078, -1.149999999999999245, 1.693830622814569864 ) ) ;
#19 = EDGE_CURVE ( 'NONE', #7398, #4806, #5159, .T. ) ;
#20 = CARTESIAN_POINT ( 'NONE',  ( -0.2756422869894970540, -1.150000000000000577, 1.418644907060409466 ) ) ;
#21 = STYLED_ITEM ( 'NONE', ( #890 ), #6624 ) ;
#22 = CARTESIAN_POINT ( 'NONE',  ( 0.09036144578313230757, -1.270000000000000018, 1.095301204819277396 ) ) ;
#23 = ORIENTED_EDGE ( 'NONE', *, *, #7166, .T. ) ;
#24 = EDGE_CURVE ( 'NONE', #3103, #4934, #3245, .T. ) ;
#25 = FACE_OUTER_BOUND ( 'NONE', #5517, .T. ) ;
#26 = VERTEX_POINT ( 'NONE', #3329 ) ;
#27 = DIRECTION ( 'NONE',  ( -0.4999999999999998890, 0.8660254037844385966, 0.000000000000000000 ) ) ;
#28 = DIRECTION ( 'NONE',  ( 0.7071067811865492381, -0.7071067811865457964, 0.000000000000000000 ) ) ;
#29 = VECTOR ( 'NONE', #1495, 1000.000000000000000 ) ;
#30 = PRESENTATION_STYLE_ASSIGNMENT (( #6962 ) ) ;
#31 = ADVANCED_FACE ( 'NONE', ( #7680 ), #6521, .F. ) ;
#32 = EDGE_CURVE ( 'NONE', #4483, #8051, #5786, .T. ) ;
#33 = FACE_OUTER_BOUND ( 'NONE', #8168, .T. ) ;
#34 = ORIENTED_EDGE ( 'NONE', *, *, #3775, .F. ) ;
#35 = VECTOR ( 'NONE', #1177, 1000.000000000000000 ) ;
#36 = MECHANICAL_DESIGN_GEOMETRIC_PRESENTATION_REPRESENTATION (  '', ( #3357 ), #307 ) ;
#37 = PRESENTATION_STYLE_ASSIGNMENT (( #7409 ) ) ;
#38 = CARTESIAN_POINT ( 'NONE',  ( 2.220000000000000195, 5.335999999999999410, 7.909999999999988596 ) ) ;
#39 = CARTESIAN_POINT ( 'NONE',  ( 2.226582426945557636, 2.829092094937435409, 7.947330798265289431 ) ) ;
#40 = CARTESIAN_POINT ( 'NONE',  ( 2.284000000000000252, -0.3200000000000007283, 8.550000000000000711 ) ) ;
#41 = PLANE ( 'NONE',  #6530 ) ;
#42 = ADVANCED_FACE ( 'NONE', ( #93 ), #2752, .T. ) ;
#43 = EDGE_LOOP ( 'NONE', ( #4303, #1225, #324, #6274, #2560, #7831 ) ) ;
#44 = CARTESIAN_POINT ( 'NONE',  ( -5.969498373869599761E-17, -1.270000000000000018, 1.270000000000000018 ) ) ;
#45 = VERTEX_POINT ( 'NONE', #5252 ) ;
#46 = FILL_AREA_STYLE_COLOUR ( '', #3381 ) ;
#47 = ORIENTED_EDGE ( 'NONE', *, *, #6173, .T. ) ;
#48 = AXIS2_PLACEMENT_3D ( 'NONE', #1152, #6292, #5003 ) ;
#49 = SURFACE_STYLE_FILL_AREA ( #5203 ) ;
#50 = FACE_OUTER_BOUND ( 'NONE', #6309, .T. ) ;
#51 = CARTESIAN_POINT ( 'NONE',  ( 0.3200000000000000622, 5.399999999999999467, -2.359999999999988773 ) ) ;
#52 = SURFACE_STYLE_FILL_AREA ( #3964 ) ;
#53 = CARTESIAN_POINT ( 'NONE',  ( -0.2890920949374357618, 4.766582426945555895, 7.947330798265291207 ) ) ;
#54 = CARTESIAN_POINT ( 'NONE',  ( 0.3134175730544423444, 2.250907905062562886, 7.947330798265289431 ) ) ;
#55 = STYLED_ITEM ( 'NONE', ( #5118 ), #2019 ) ;
#56 = CARTESIAN_POINT ( 'NONE',  ( 2.220000000000000195, 5.336000000000000298, -2.359999999999988773 ) ) ;
#57 = EDGE_CURVE ( 'NONE', #3642, #2210, #7060, .T. ) ;
#58 = ORIENTED_EDGE ( 'NONE', *, *, #1367, .F. ) ;
#59 = CARTESIAN_POINT ( 'NONE',  ( 2.220000000000000195, -0.3200000000000001732, -2.359999999999988773 ) ) ;
#60 = ORIENTED_EDGE ( 'NONE', *, *, #553, .F. ) ;
#61 = FACE_OUTER_BOUND ( 'NONE', #8006, .T. ) ;
#62 = DIRECTION ( 'NONE',  ( -0.000000000000000000, 0.000000000000000000, 1.000000000000000000 ) ) ;
#63 = AXIS2_PLACEMENT_3D ( 'NONE', #7243, #6592, #3950 ) ;
#64 = SURFACE_STYLE_FILL_AREA ( #3886 ) ;
#65 = CARTESIAN_POINT ( 'NONE',  ( 0.1841190565292935288, -1.170000000000000151, 0.7357780467736328989 ) ) ;
#66 = UNCERTAINTY_MEASURE_WITH_UNIT (LENGTH_MEASURE( 1.000000000000000082E-05 ), #121, 'distance_accuracy_value', 'NONE');
#67 = CARTESIAN_POINT ( 'NONE',  ( 0.3200000000000001177, 0.2732007105321395679, 7.909999999999986819 ) ) ;
#68 = CARTESIAN_POINT ( 'NONE',  ( 0.1584097649297317445, -1.149999999999999023, 1.813618140975422177 ) ) ;
#69 = CARTESIAN_POINT ( 'NONE',  ( 0.3200000000000001177, -0.2560000000000002829, -2.359999999999988773 ) ) ;
#70 = EDGE_LOOP ( 'NONE', ( #5269, #1726, #727, #4791 ) ) ;
#71 = VECTOR ( 'NONE', #7732, 1000.000000000000114 ) ;
#72 = ORIENTED_EDGE ( 'NONE', *, *, #1829, .F. ) ;
#73 = CARTESIAN_POINT ( 'NONE',  ( 0.2560000000000002274, 2.219999999999999307, 7.909999999999988596 ) ) ;
#74 = EDGE_LOOP ( 'NONE', ( #1160, #214, #89, #10 ) ) ;
#75 = EDGE_CURVE ( 'NONE', #4677, #3252, #1304, .T. ) ;
#76 = CARTESIAN_POINT ( 'NONE',  ( 0.000000000000000000, 2.539999999999999147, 8.550000000000000711 ) ) ;
#77 = CARTESIAN_POINT ( 'NONE',  ( 2.860000000000000320, 4.823999999999999844, -2.359999999999988773 ) ) ;
#78 = AXIS2_PLACEMENT_3D ( 'NONE', #4428, #2894, #1612 ) ;
#79 = CARTESIAN_POINT ( 'NONE',  ( 2.284000000000000252, 2.283999999999999364, 8.550000000000000711 ) ) ;
#80 = ADVANCED_FACE ( 'NONE', ( #3919 ), #4004, .T. ) ;
#81 = CARTESIAN_POINT ( 'NONE',  ( 0.7700000000000002398, -1.270000000000000240, 0.000000000000000000 ) ) ;
#82 = CARTESIAN_POINT ( 'NONE',  ( 0.2294055599928311040, -1.170000000000000151, 1.206148367931651144 ) ) ;
#83 = ADVANCED_FACE ( 'NONE', ( #4711 ), #5196, .F. ) ;
#84 = VERTEX_POINT ( 'NONE', #1582 ) ;
#85 = EDGE_CURVE ( 'NONE', #1081, #1060, #3676, .T. ) ;
#86 = DIRECTION ( 'NONE',  ( -6.842277657836020854E-49, 5.078189165123089681E-17, -1.000000000000000000 ) ) ;
#87 = DIRECTION ( 'NONE',  ( 1.000000000000000000, 0.000000000000000000, 0.000000000000000000 ) ) ;
#88 = ORIENTED_EDGE ( 'NONE', *, *, #4534, .F. ) ;
#89 = ORIENTED_EDGE ( 'NONE', *, *, #1475, .T. ) ;
#90 = SURFACE_SIDE_STYLE ('',( #3156 ) ) ;
#91 = EDGE_CURVE ( 'NONE', #7605, #2304, #3958, .T. ) ;
#92 = VECTOR ( 'NONE', #6361, 1000.000000000000000 ) ;
#93 = FACE_OUTER_BOUND ( 'NONE', #4171, .T. ) ;
#94 = CARTESIAN_POINT ( 'NONE',  ( 0.2560000000000001719, 2.859999999999999876, 7.909999999999988596 ) ) ;
#95 = CARTESIAN_POINT ( 'NONE',  ( 2.540000000000000036, 2.539999999999999147, 8.550000000000000711 ) ) ;
#96 = LINE ( 'NONE', #7, #3194 ) ;
#97 = CARTESIAN_POINT ( 'NONE',  ( -1.269999999999999574, -1.019999999999998908, 0.5999999999999998668 ) ) ;
#98 = CARTESIAN_POINT ( 'NONE',  ( 0.3012548339959392751, 2.238745166004060039, 8.016309119164535701 ) ) ;
#99 = CARTESIAN_POINT ( 'NONE',  ( 2.841254833995939588, 2.841254833995939144, -2.466309119164536767 ) ) ;
#100 = ORIENTED_EDGE ( 'NONE', *, *, #4854, .T. ) ;
#101 = ORIENTED_EDGE ( 'NONE', *, *, #2769, .T. ) ;
#102 = FILL_AREA_STYLE_COLOUR ( '', #7624 ) ;
#103 = CARTESIAN_POINT ( 'NONE',  ( 0.1560617469879515273, -1.270000000000000018, 0.7700000000000001288 ) ) ;
#104 = PRESENTATION_LAYER_ASSIGNMENT (  '', '', ( #5417 ) ) ;
#105 =( NAMED_UNIT ( * ) PLANE_ANGLE_UNIT ( ) SI_UNIT ( $, .RADIAN. ) );
#106 = CARTESIAN_POINT ( 'NONE',  ( 0.2713260487806425370, -1.169999999999999929, 0.8478598182612390177 ) ) ;
#107 = DIRECTION ( 'NONE',  ( -0.000000000000000000, 0.000000000000000000, 1.000000000000000000 ) ) ;
#108 = EDGE_CURVE ( 'NONE', #1480, #3659, #3038, .T. ) ;
#109 = CARTESIAN_POINT ( 'NONE',  ( -0.3199999999999998956, 2.283999999999999808, -2.359999999999988773 ) ) ;
#110 = CARTESIAN_POINT ( 'NONE',  ( -0.2019392674056269266, -1.269999999999999574, 1.377127937580142403 ) ) ;
#111 = ORIENTED_EDGE ( 'NONE', *, *, #6825, .F. ) ;
#112 = VECTOR ( 'NONE', #5070, 1000.000000000000000 ) ;
#113 = CARTESIAN_POINT ( 'NONE',  ( 3.559999999999999165, 6.099999999999998757, 0.000000000000000000 ) ) ;
#114 = EDGE_LOOP ( 'NONE', ( #6657, #13, #4861, #4625 ) ) ;
#115 = CARTESIAN_POINT ( 'NONE',  ( -0.2071507323465819339, 2.747150732346581581, 8.550000000000000711 ) ) ;
#116 = VERTEX_POINT ( 'NONE', #3055 ) ;
#117 = DIRECTION ( 'NONE',  ( 1.000000000000000000, 0.000000000000000000, 0.000000000000000000 ) ) ;
#118 = PLANE ( 'NONE',  #1430 ) ;
#119 = CARTESIAN_POINT ( 'NONE',  ( 3.810000000000000053, -1.019999999999999130, 2.350000000000000089 ) ) ;
#120 = ORIENTED_EDGE ( 'NONE', *, *, #4156, .T. ) ;
#121 =( LENGTH_UNIT ( ) NAMED_UNIT ( * ) SI_UNIT ( .MILLI., .METRE. ) );
#122 = CARTESIAN_POINT ( 'NONE',  ( -0.09036144578313276554, -1.270000000000000018, 1.462771084337349370 ) ) ;
#123 = CARTESIAN_POINT ( 'NONE',  ( 1.019999999999999796, 6.099999999999998757, 0.000000000000000000 ) ) ;
#124 =( NAMED_UNIT ( * ) SI_UNIT ( $, .STERADIAN. ) SOLID_ANGLE_UNIT ( ) );
#125 = EDGE_CURVE ( 'NONE', #5731, #6004, #537, .T. ) ;
#126 = EDGE_LOOP ( 'NONE', ( #2291, #2393, #2657, #2448 ) ) ;
#127 = VECTOR ( 'NONE', #16, 1000.000000000000000 ) ;
#128 = ADVANCED_FACE ( 'NONE', ( #3776 ), #5690, .T. ) ;
#129 = PRESENTATION_LAYER_ASSIGNMENT (  '', '', ( #5706 ) ) ;
#130 = ORIENTED_EDGE ( 'NONE', *, *, #2611, .T. ) ;
#131 = FACE_OUTER_BOUND ( 'NONE', #1283, .T. ) ;
#132 = DIRECTION ( 'NONE',  ( 8.470329472543003391E-17, -1.000000000000000000, 0.000000000000000000 ) ) ;
#133 = LINE ( 'NONE', #7685, #2409 ) ;
#134 = EDGE_CURVE ( 'NONE', #6123, #3308, #8126, .T. ) ;
#135 = VECTOR ( 'NONE', #326, 1000.000000000000000 ) ;
#136 =( BOUNDED_CURVE ( )  B_SPLINE_CURVE ( 3, ( #3166, #2674, #5836, #3342 ),
 .UNSPECIFIED., .F., .F. ) 
 B_SPLINE_CURVE_WITH_KNOTS ( ( 4, 4 ),
 ( 2.356194490192347057, 3.141592653589793116 ),
 .UNSPECIFIED. ) 
 CURVE ( )  GEOMETRIC_REPRESENTATION_ITEM ( )  RATIONAL_B_SPLINE_CURVE ( ( 1.000000000000000000, 0.9492530216741914550, 0.9492530216741914550, 1.000000000000000000 ) ) 
 REPRESENTATION_ITEM ( '' )  );
#137 = CARTESIAN_POINT ( 'NONE',  ( 2.284000000000000252, -0.3200000000000006728, 7.909999999999988596 ) ) ;
#138 = ORIENTED_EDGE ( 'NONE', *, *, #6499, .T. ) ;
#139 = EDGE_LOOP ( 'NONE', ( #3580, #1880, #6392, #5228, #3148, #5766 ) ) ;
#140 = FILL_AREA_STYLE ('',( #779 ) ) ;
#141 = DIRECTION ( 'NONE',  ( -6.842277657836020854E-49, 5.078189165123089681E-17, -1.000000000000000000 ) ) ;
#142 = COLOUR_RGB ( '',0.9686274509803921573, 0.8784313725490195957, 0.5999999999999999778 ) ;
#143 = CARTESIAN_POINT ( 'NONE',  ( 2.860000000000000320, 5.399999999999999467, -2.359999999999988773 ) ) ;
#144 = UNCERTAINTY_MEASURE_WITH_UNIT (LENGTH_MEASURE( 1.000000000000000082E-05 ), #2122, 'distance_accuracy_value', 'NONE');
#145 = CARTESIAN_POINT ( 'NONE',  ( 3.559999999999999609, -1.019999999999999352, 0.000000000000000000 ) ) ;
#146 = SURFACE_STYLE_USAGE ( .BOTH. , #318 ) ;
#147 = CARTESIAN_POINT ( 'NONE',  ( -0.3199999999999998956, 4.823999999999998956, 8.550000000000000711 ) ) ;
#148 = MECHANICAL_DESIGN_GEOMETRIC_PRESENTATION_REPRESENTATION (  '', ( #824 ), #8107 ) ;
#149 = ORIENTED_EDGE ( 'NONE', *, *, #2797, .F. ) ;
#150 = COLOUR_RGB ( '',0.9686274509803921573, 0.8784313725490195957, 0.5999999999999999778 ) ;
#151 = FACE_OUTER_BOUND ( 'NONE', #6544, .T. ) ;
#152 = ORIENTED_EDGE ( 'NONE', *, *, #1300, .F. ) ;
#153 = ORIENTED_EDGE ( 'NONE', *, *, #1829, .T. ) ;
#154 = DIRECTION ( 'NONE',  ( 1.000000000000000000, 0.000000000000000000, 0.000000000000000000 ) ) ;
#156 = DIRECTION ( 'NONE',  ( 0.9848077530122085754, 8.341646135128160883E-17, 0.1736481776669273891 ) ) ;
#155 = B_SPLINE_SURFACE_WITH_KNOTS ( 'NONE', 1, 3, ( 
 ( #6748, #2970, #5520, #8028, #7395, #2638, #1360, #1900, #3809, #2024, #5639, #7657, #1987, #1854, #5718, #3090 ),
 ( #1322, #2599, #6338, #3892, #5763, #6993, #3261, #5052, #7697, #6423, #4435, #745, #3765, #3720, #702, #4523 ) ),
 .UNSPECIFIED., .F., .F., .F.,
 ( 2, 2 ),
 ( 4, 3, 2, 2, 2, 3, 4 ),
 ( 0.000000000000000000, 1.000000000000000000 ),
 ( -0.01231340368773603360, 0.000000000000000000, 0.2500000000000000000, 0.5000000000000000000, 0.7500000000000000000, 1.000000000000000000, 1.016462362245814433 ),
 .UNSPECIFIED. ) ;
#157 = STYLED_ITEM ( 'NONE', ( #5895 ), #7927 ) ;
#158 =( GEOMETRIC_REPRESENTATION_CONTEXT ( 3 ) GLOBAL_UNCERTAINTY_ASSIGNED_CONTEXT ( ( #7695 ) ) GLOBAL_UNIT_ASSIGNED_CONTEXT ( ( #4404, #625, #1920 ) ) REPRESENTATION_CONTEXT ( 'NONE', 'WORKASPACE' ) );
#159 =( NAMED_UNIT ( * ) PLANE_ANGLE_UNIT ( ) SI_UNIT ( $, .RADIAN. ) );
#160 = DIRECTION ( 'NONE',  ( 1.000000000000000000, 0.000000000000000000, 0.000000000000000000 ) ) ;
#161 = LINE ( 'NONE', #5775, #2562 ) ;
#162 = ORIENTED_EDGE ( 'NONE', *, *, #1084, .F. ) ;
#163 = CARTESIAN_POINT ( 'NONE',  ( -0.3199999999999998956, 4.823999999999998956, 7.909999999999988596 ) ) ;
#164 = PLANE ( 'NONE',  #4756 ) ;
#165 = SURFACE_STYLE_USAGE ( .BOTH. , #6633 ) ;
#166 = CARTESIAN_POINT ( 'NONE',  ( 0.1571002131738346574, -1.149999999999999245, 0.7262900176145008491 ) ) ;
#167 = VECTOR ( 'NONE', #5694, 1000.000000000000114 ) ;
#168 = CARTESIAN_POINT ( 'NONE',  ( 2.238745166004060927, 2.841254833995939144, -2.466309119164537655 ) ) ;
#169 = MECHANICAL_DESIGN_GEOMETRIC_PRESENTATION_REPRESENTATION (  '', ( #2442 ), #8004 ) ;
#170 = ORIENTED_EDGE ( 'NONE', *, *, #340, .F. ) ;
#171 = EDGE_CURVE ( 'NONE', #5467, #4289, #1358, .T. ) ;
#172 = ORIENTED_EDGE ( 'NONE', *, *, #8058, .T. ) ;
#173 = SURFACE_SIDE_STYLE ('',( #6447 ) ) ;
#174 = ADVANCED_FACE ( 'NONE', ( #8158 ), #1824, .F. ) ;
#175 = COLOUR_RGB ( '',0.9686274509803921573, 0.8784313725490195957, 0.5999999999999999778 ) ;
#176 = FILL_AREA_STYLE_COLOUR ( '', #5187 ) ;
#177 = VECTOR ( 'NONE', #7802, 1000.000000000000000 ) ;
#178 = DIRECTION ( 'NONE',  ( 0.000000000000000000, 0.3420201433256694901, 0.9396926207859082059 ) ) ;
#179 = CARTESIAN_POINT ( 'NONE',  ( -0.2153368545994614469, -1.149999999999998579, 0.7379887785981111836 ) ) ;
#180 = EDGE_CURVE ( 'NONE', #2992, #3590, #2040, .T. ) ;
#181 = VECTOR ( 'NONE', #7488, 1000.000000000000000 ) ;
#182 = CARTESIAN_POINT ( 'NONE',  ( 0.2592044412006673237, -1.203333333662730320, 1.692966359570347690 ) ) ;
#183 =( GEOMETRIC_REPRESENTATION_CONTEXT ( 3 ) GLOBAL_UNCERTAINTY_ASSIGNED_CONTEXT ( ( #5808 ) ) GLOBAL_UNIT_ASSIGNED_CONTEXT ( ( #4933, #7397, #1080 ) ) REPRESENTATION_CONTEXT ( 'NONE', 'WORKASPACE' ) );
#184 = ORIENTED_EDGE ( 'NONE', *, *, #2514, .F. ) ;
#185 = DIRECTION ( 'NONE',  ( -6.842277657836020854E-49, 5.078189165123089681E-17, -1.000000000000000000 ) ) ;
#186 = ORIENTED_EDGE ( 'NONE', *, *, #3285, .F. ) ;
#187 = CARTESIAN_POINT ( 'NONE',  ( 2.841254833995939144, 4.778745166004060962, -2.466309119164537655 ) ) ;
#188 = LINE ( 'NONE', #2723, #1720 ) ;
#189 = FACE_OUTER_BOUND ( 'NONE', #4313, .T. ) ;
#190 = VECTOR ( 'NONE', #1512, 999.9999999999998863 ) ;
#191 =( BOUNDED_CURVE ( )  B_SPLINE_CURVE ( 3, ( #77, #7665, #3182, #3269 ),
 .UNSPECIFIED., .F., .F. ) 
 B_SPLINE_CURVE_WITH_KNOTS ( ( 4, 4 ),
 ( 3.141592653589793116, 3.926990816987242727 ),
 .UNSPECIFIED. ) 
 CURVE ( )  GEOMETRIC_REPRESENTATION_ITEM ( )  RATIONAL_B_SPLINE_CURVE ( ( 1.000000000000000000, 0.9492530216741910110, 0.9492530216741910110, 1.000000000000000000 ) ) 
 REPRESENTATION_ITEM ( '' )  );
#192 = FILL_AREA_STYLE_COLOUR ( '', #7057 ) ;
#193 = EDGE_LOOP ( 'NONE', ( #7123, #6056, #7443, #615 ) ) ;
#194 = ORIENTED_EDGE ( 'NONE', *, *, #5976, .T. ) ;
#195 = CARTESIAN_POINT ( 'NONE',  ( 0.2349397590361443910, -1.270000000000000018, 1.456746987951807348 ) ) ;
#196 = PRESENTATION_LAYER_ASSIGNMENT (  '', '', ( #2712 ) ) ;
#197 = EDGE_LOOP ( 'NONE', ( #6555, #4105, #7235, #4398 ) ) ;
#198 = EDGE_CURVE ( 'NONE', #1553, #3140, #1445, .T. ) ;
#199 = CARTESIAN_POINT ( 'NONE',  ( 0.2031249999999995282, -1.270000000000001350, 1.180956325301204979 ) ) ;
#200 =( NAMED_UNIT ( * ) PLANE_ANGLE_UNIT ( ) SI_UNIT ( $, .RADIAN. ) );
#201 = SURFACE_SIDE_STYLE ('',( #2775 ) ) ;
#202 = CARTESIAN_POINT ( 'NONE',  ( 2.238745166004060927, -0.3012548339959393862, -2.466309119164536767 ) ) ;
#203 = COLOUR_RGB ( '',0.9686274509803921573, 0.8784313725490195957, 0.5999999999999999778 ) ;
#204 = LINE ( 'NONE', #4535, #5090 ) ;
#205 = ORIENTED_EDGE ( 'NONE', *, *, #4624, .F. ) ;
#206 =( NAMED_UNIT ( * ) PLANE_ANGLE_UNIT ( ) SI_UNIT ( $, .RADIAN. ) );
#207 = DIRECTION ( 'NONE',  ( 6.842277657836020854E-49, -5.078189165123089681E-17, 1.000000000000000000 ) ) ;
#208 = VECTOR ( 'NONE', #3386, 1000.000000000000000 ) ;
#209 = DIRECTION ( 'NONE',  ( -0.1710878697460327114, 0.1710878697460326836, 0.9702875252478149193 ) ) ;
#210 = DIRECTION ( 'NONE',  ( 0.000000000000000000, 1.000000000000000000, 0.000000000000000000 ) ) ;
#211 = CARTESIAN_POINT ( 'NONE',  ( -0.3199999999999999512, 2.859999999999999876, -2.359999999999988773 ) ) ;
#212 = CARTESIAN_POINT ( 'NONE',  ( -0.2071507323465819062, -7.584576630186898791E-16, 8.550000000000000711 ) ) ;
#213 = EDGE_CURVE ( 'NONE', #5539, #538, #161, .T. ) ;
#214 = ORIENTED_EDGE ( 'NONE', *, *, #7146, .T. ) ;
#215 = B_SPLINE_CURVE_WITH_KNOTS ( 'NONE', 3,
 ( #791, #2688, #7748, #4613, #7124, #1442, #3985, #3355, #2734, #2307 ),
 .UNSPECIFIED., .F., .F.,
 ( 4, 2, 2, 2, 4 ),
 ( 0.000000000000000000, 3.142841046800707520E-05, 6.285682093601415040E-05, 9.428523140402122560E-05, 0.0001257136418720283008 ),
 .UNSPECIFIED. ) ;
#216 = CARTESIAN_POINT ( 'NONE',  ( 0.000000000000000000, 0.000000000000000000, 0.000000000000000000 ) ) ;
#217 = ORIENTED_EDGE ( 'NONE', *, *, #5372, .F. ) ;
#218 = CARTESIAN_POINT ( 'NONE',  ( -0.2890920949374357618, 2.226582426945557636, 7.947330798265291207 ) ) ;
#219 = DIRECTION ( 'NONE',  ( 6.842277657836020854E-49, -5.078189165123089681E-17, 1.000000000000000000 ) ) ;
#220 = CARTESIAN_POINT ( 'NONE',  ( -0.2732007105321401230, -0.3200000000000007283, 7.909999999999986819 ) ) ;
#221 =( GEOMETRIC_REPRESENTATION_CONTEXT ( 3 ) GLOBAL_UNCERTAINTY_ASSIGNED_CONTEXT ( ( #402 ) ) GLOBAL_UNIT_ASSIGNED_CONTEXT ( ( #2373, #4958, #634 ) ) REPRESENTATION_CONTEXT ( 'NONE', 'WORKASPACE' ) );
#222 = ORIENTED_EDGE ( 'NONE', *, *, #5778, .F. ) ;
#223 = SURFACE_STYLE_USAGE ( .BOTH. , #4675 ) ;
#224 = ORIENTED_EDGE ( 'NONE', *, *, #1652, .F. ) ;
#225 = CARTESIAN_POINT ( 'NONE',  ( 1.769999999999999352, 6.349999999999999645, 0.000000000000000000 ) ) ;
#226 = LINE ( 'NONE', #354, #6195 ) ;
#227 =( LENGTH_UNIT ( ) NAMED_UNIT ( * ) SI_UNIT ( .MILLI., .METRE. ) );
#228 = UNCERTAINTY_MEASURE_WITH_UNIT (LENGTH_MEASURE( 1.000000000000000082E-05 ), #835, 'distance_accuracy_value', 'NONE');
#229 = COLOUR_RGB ( '',0.9686274509803921573, 0.8784313725490195957, 0.5999999999999999778 ) ;
#230 = CARTESIAN_POINT ( 'NONE',  ( 2.796000000000000263, 5.399999999999999467, 7.909999999999988596 ) ) ;
#231 = FILL_AREA_STYLE ('',( #5926 ) ) ;
#232 = ORIENTED_EDGE ( 'NONE', *, *, #906, .T. ) ;
#233 = LINE ( 'NONE', #5928, #7981 ) ;
#234 = ORIENTED_EDGE ( 'NONE', *, *, #2407, .F. ) ;
#235 = PLANE ( 'NONE',  #3236 ) ;
#236 = AXIS2_PLACEMENT_3D ( 'NONE', #5573, #5535, #2405 ) ;
#237 = ORIENTED_EDGE ( 'NONE', *, *, #4154, .F. ) ;
#238 = EDGE_CURVE ( 'NONE', #7120, #5980, #2569, .T. ) ;
#239 = CARTESIAN_POINT ( 'NONE',  ( 2.747150732346582469, 2.747150732346582469, -3.000000000000000000 ) ) ;
#240 = DIRECTION ( 'NONE',  ( 8.470329472543003391E-17, -1.000000000000000000, 0.000000000000000000 ) ) ;
#241 = UNCERTAINTY_MEASURE_WITH_UNIT (LENGTH_MEASURE( 1.000000000000000082E-05 ), #3510, 'distance_accuracy_value', 'NONE');
#242 = FILL_AREA_STYLE ('',( #2110 ) ) ;
#243 = CARTESIAN_POINT ( 'NONE',  ( 0.2010872110020790471, 2.338912788997920877, 8.584387938363944315 ) ) ;
#244 = VECTOR ( 'NONE', #5489, 999.9999999999998863 ) ;
#245 = EDGE_CURVE ( 'NONE', #2070, #5002, #5604, .T. ) ;
#246 = EDGE_CURVE ( 'NONE', #2810, #6383, #1405, .T. ) ;
#247 = ORIENTED_EDGE ( 'NONE', *, *, #5484, .F. ) ;
#248 = VERTEX_POINT ( 'NONE', #3360 ) ;
#249 = DIRECTION ( 'NONE',  ( -0.1710878697460330722, -0.1710878697460331554, 0.9702875252478149193 ) ) ;
#250 = DIRECTION ( 'NONE',  ( -0.1710878697460330722, -0.1710878697460330722, -0.9702875252478149193 ) ) ;
#251 = CARTESIAN_POINT ( 'NONE',  ( -0.2890920949374358173, 2.853417573054441103, -2.397330798265292717 ) ) ;
#252 = SURFACE_STYLE_USAGE ( .BOTH. , #2862 ) ;
#253 = DIRECTION ( 'NONE',  ( 0.000000000000000000, 1.000000000000000000, 0.000000000000000000 ) ) ;
#254 = VERTEX_POINT ( 'NONE', #6472 ) ;
#255 = PLANE ( 'NONE',  #4177 ) ;
#256 = EDGE_CURVE ( 'NONE', #837, #2717, #3948, .T. ) ;
#257 = DIRECTION ( 'NONE',  ( -0.000000000000000000, 0.9848077530122085754, 0.1736481776669278887 ) ) ;
#258 = AXIS2_PLACEMENT_3D ( 'NONE', #4467, #1269, #5790 ) ;
#259 = CARTESIAN_POINT ( 'NONE',  ( 1.520000000000000240, -1.270000000000000240, 0.5999999999999999778 ) ) ;
#260 = PLANE ( 'NONE',  #2816 ) ;
#261 = CARTESIAN_POINT ( 'NONE',  ( -0.3199999999999999512, 2.860000000000000320, -2.359999999999988773 ) ) ;
#262 = VECTOR ( 'NONE', #4382, 999.9999999999998863 ) ;
#263 = VECTOR ( 'NONE', #1711, 1000.000000000000000 ) ;
#264 =( NAMED_UNIT ( * ) PLANE_ANGLE_UNIT ( ) SI_UNIT ( $, .RADIAN. ) );
#265 = VERTEX_POINT ( 'NONE', #2077 ) ;
#266 = ORIENTED_EDGE ( 'NONE', *, *, #3495, .F. ) ;
#267 = CARTESIAN_POINT ( 'NONE',  ( -1.019366268225468405E-16, -1.169999999999999929, 1.270000000000000018 ) ) ;
#268 = PRESENTATION_STYLE_ASSIGNMENT (( #5959 ) ) ;
#269 = CARTESIAN_POINT ( 'NONE',  ( 2.226582426945557636, 5.369092094937435888, -2.397330798265290941 ) ) ;
#270 = CARTESIAN_POINT ( 'NONE',  ( -0.3199999999999999512, 2.859999999999999876, -2.359999999999988773 ) ) ;
#271 = ORIENTED_EDGE ( 'NONE', *, *, #7575, .F. ) ;
#272 = DIRECTION ( 'NONE',  ( -0.3384441987003333763, -0.9298677936745785022, -0.1442269414945100137 ) ) ;
#273 = ORIENTED_EDGE ( 'NONE', *, *, #2389, .T. ) ;
#274 = CARTESIAN_POINT ( 'NONE',  ( 2.238745166004060927, -0.3012548339959397747, 8.016309119164535701 ) ) ;
#275 = AXIS2_PLACEMENT_3D ( 'NONE', #2420, #6202, #1146 ) ;
#276 = ORIENTED_EDGE ( 'NONE', *, *, #540, .T. ) ;
#277 = EDGE_CURVE ( 'NONE', #3620, #2758, #2693, .T. ) ;
#278 = PRESENTATION_STYLE_ASSIGNMENT (( #6669 ) ) ;
#279 = CARTESIAN_POINT ( 'NONE',  ( 2.266799289467859246, -0.3200000000000001732, -2.359999999999989218 ) ) ;
#280 = EDGE_CURVE ( 'NONE', #2717, #6424, #4615, .T. ) ;
#281 = CARTESIAN_POINT ( 'NONE',  ( 0.2349397590361443910, -1.270000000000000018, 1.692439759036144631 ) ) ;
#282 = EDGE_LOOP ( 'NONE', ( #7703, #4267, #6102, #1114 ) ) ;
#283 = PLANE ( 'NONE',  #2300 ) ;
#284 = EDGE_LOOP ( 'NONE', ( #120, #2494, #186, #4536, #5077, #4189 ) ) ;
#285 = PRESENTATION_LAYER_ASSIGNMENT (  '', '', ( #1477 ) ) ;
#286 = CARTESIAN_POINT ( 'NONE',  ( -0.3012548339959390531, 2.841254833995939144, -2.466309119164537655 ) ) ;
#287 = VECTOR ( 'NONE', #3718, 1000.000000000000000 ) ;
#288 = CARTESIAN_POINT ( 'NONE',  ( 3.559999999999999609, 6.099999999999997868, 2.500000000000000000 ) ) ;
#289 = CARTESIAN_POINT ( 'NONE',  ( -1.019999999999999574, 6.099999999999999645, 0.000000000000000000 ) ) ;
#290 = EDGE_CURVE ( 'NONE', #4329, #4897, #204, .T. ) ;
#291 =( NAMED_UNIT ( * ) SI_UNIT ( $, .STERADIAN. ) SOLID_ANGLE_UNIT ( ) );
#292 = CARTESIAN_POINT ( 'NONE',  ( -1.145000000000001350, 6.099999999999998757, 2.374999999999999556 ) ) ;
#293 = DIRECTION ( 'NONE',  ( -8.470329472543003391E-17, 1.000000000000000000, 0.000000000000000000 ) ) ;
#294 = VECTOR ( 'NONE', #1588, 1000.000000000000227 ) ;
#295 = STYLED_ITEM ( 'NONE', ( #1710 ), #7429 ) ;
#296 = ADVANCED_FACE ( 'NONE', ( #1372 ), #1955, .F. ) ;
#297 = ORIENTED_EDGE ( 'NONE', *, *, #7125, .F. ) ;
#298 = VECTOR ( 'NONE', #8002, 1000.000000000000000 ) ;
#299 = PLANE ( 'NONE',  #5244 ) ;
#300 = CARTESIAN_POINT ( 'NONE',  ( 0.2250554584389080903, -1.270000000000000906, 1.150945051200794600 ) ) ;
#301 = LINE ( 'NONE', #3416, #916 ) ;
#302 = VECTOR ( 'NONE', #4586, 1000.000000000000000 ) ;
#303 = EDGE_CURVE ( 'NONE', #5592, #6246, #7790, .T. ) ;
#304 = DIRECTION ( 'NONE',  ( 0.000000000000000000, 1.000000000000000000, 0.000000000000000000 ) ) ;
#305 = CARTESIAN_POINT ( 'NONE',  ( 2.860000000000000320, 5.335999999999999410, 8.550000000000000711 ) ) ;
#306 = CARTESIAN_POINT ( 'NONE',  ( -0.1665885810817074597, -1.270000000000006235, 0.7707336829929055666 ) ) ;
#307 =( GEOMETRIC_REPRESENTATION_CONTEXT ( 3 ) GLOBAL_UNCERTAINTY_ASSIGNED_CONTEXT ( ( #6140 ) ) GLOBAL_UNIT_ASSIGNED_CONTEXT ( ( #2023, #1899, #8148 ) ) REPRESENTATION_CONTEXT ( 'NONE', 'WORKASPACE' ) );
#308 = CARTESIAN_POINT ( 'NONE',  ( 1.269999999999999574, 6.099999999999998757, 0.5999999999999998668 ) ) ;
#309 =( LENGTH_UNIT ( ) NAMED_UNIT ( * ) SI_UNIT ( .MILLI., .METRE. ) );
#310 = ORIENTED_EDGE ( 'NONE', *, *, #4774, .T. ) ;
#311 = PLANE ( 'NONE',  #4583 ) ;
#312 = ORIENTED_EDGE ( 'NONE', *, *, #4502, .F. ) ;
#313 =( GEOMETRIC_REPRESENTATION_CONTEXT ( 3 ) GLOBAL_UNCERTAINTY_ASSIGNED_CONTEXT ( ( #4065 ) ) GLOBAL_UNIT_ASSIGNED_CONTEXT ( ( #309, #264, #4672 ) ) REPRESENTATION_CONTEXT ( 'NONE', 'WORKASPACE' ) );
#314 = LINE ( 'NONE', #2843, #5389 ) ;
#315 = SURFACE_STYLE_FILL_AREA ( #6006 ) ;
#316 = FACE_OUTER_BOUND ( 'NONE', #3115, .T. ) ;
#317 = UNCERTAINTY_MEASURE_WITH_UNIT (LENGTH_MEASURE( 1.000000000000000082E-05 ), #741, 'distance_accuracy_value', 'NONE');
#318 = SURFACE_SIDE_STYLE ('',( #5842 ) ) ;
#319 = STYLED_ITEM ( 'NONE', ( #4568 ), #1498 ) ;
#320 = STYLED_ITEM ( 'NONE', ( #4229 ), #493 ) ;
#321 = ORIENTED_EDGE ( 'NONE', *, *, #6827, .F. ) ;
#322 = VERTEX_POINT ( 'NONE', #665 ) ;
#323 = CARTESIAN_POINT ( 'NONE',  ( 2.250907905062564218, 0.3134175730544421223, -2.397330798265292717 ) ) ;
#324 = ORIENTED_EDGE ( 'NONE', *, *, #2013, .F. ) ;
#325 =( GEOMETRIC_REPRESENTATION_CONTEXT ( 3 ) GLOBAL_UNCERTAINTY_ASSIGNED_CONTEXT ( ( #567 ) ) GLOBAL_UNIT_ASSIGNED_CONTEXT ( ( #7072, #5092, #2716 ) ) REPRESENTATION_CONTEXT ( 'NONE', 'WORKASPACE' ) );
#326 = DIRECTION ( 'NONE',  ( -0.000000000000000000, 1.000000000000000000, -0.000000000000000000 ) ) ;
#327 = DIRECTION ( 'NONE',  ( 0.000000000000000000, -5.078189165123089681E-17, 1.000000000000000000 ) ) ;
#328 = CARTESIAN_POINT ( 'NONE',  ( 2.250907905062564218, -0.3134175730544423444, -2.397330798265292717 ) ) ;
#329 = PRESENTATION_LAYER_ASSIGNMENT (  '', '', ( #1002 ) ) ;
#330 = CARTESIAN_POINT ( 'NONE',  ( -0.3199999999999999512, 5.399999999999999467, 8.550000000000000711 ) ) ;
#331 = ORIENTED_EDGE ( 'NONE', *, *, #1202, .T. ) ;
#332 = ADVANCED_FACE ( 'NONE', ( #33 ), #1333, .F. ) ;
#333 = CARTESIAN_POINT ( 'NONE',  ( 2.841254833995939588, 0.3012548339959391086, -2.466309119164536767 ) ) ;
#334 = ORIENTED_EDGE ( 'NONE', *, *, #1858, .F. ) ;
#335 = CARTESIAN_POINT ( 'NONE',  ( 3.684999999999998721, -1.019999999999999130, 2.375000000000000000 ) ) ;
#336 = CARTESIAN_POINT ( 'NONE',  ( 2.220000000000000195, 2.283999999999999364, 7.909999999999988596 ) ) ;
#337 =( LENGTH_UNIT ( ) NAMED_UNIT ( * ) SI_UNIT ( .MILLI., .METRE. ) );
#338 = LINE ( 'NONE', #2748, #29 ) ;
#339 = CARTESIAN_POINT ( 'NONE',  ( 0.2560000000000001719, -0.2560000000000007825, 8.550000000000000711 ) ) ;
#340 = EDGE_CURVE ( 'NONE', #2517, #4436, #3478, .T. ) ;
#341 = ORIENTED_EDGE ( 'NONE', *, *, #2328, .F. ) ;
#342 = VECTOR ( 'NONE', #6892, 1000.000000000000000 ) ;
#343 = PLANE ( 'NONE',  #8132 ) ;
#344 = CARTESIAN_POINT ( 'NONE',  ( 0.2348994894427647584, -1.149999999999999023, 1.210928213070140869 ) ) ;
#345 =( LENGTH_UNIT ( ) NAMED_UNIT ( * ) SI_UNIT ( .MILLI., .METRE. ) );
#346 = FILL_AREA_STYLE_COLOUR ( '', #7834 ) ;
#347 = PLANE ( 'NONE',  #1073 ) ;
#348 = CARTESIAN_POINT ( 'NONE',  ( 0.09036144578313230757, -1.270000000000000018, 1.456746987951807348 ) ) ;
#349 = ADVANCED_FACE ( 'NONE', ( #5979 ), #1043, .F. ) ;
#350 = SURFACE_STYLE_USAGE ( .BOTH. , #4790 ) ;
#351 = ORIENTED_EDGE ( 'NONE', *, *, #5017, .F. ) ;
#352 = ORIENTED_EDGE ( 'NONE', *, *, #5101, .F. ) ;
#353 = FACE_OUTER_BOUND ( 'NONE', #4412, .T. ) ;
#354 = CARTESIAN_POINT ( 'NONE',  ( 1.019999999999999130, 6.099999999999998757, 2.500000000000000000 ) ) ;
#355 = DIRECTION ( 'NONE',  ( 0.000000000000000000, -1.000000000000000000, -5.078189165123089681E-17 ) ) ;
#356 = DIRECTION ( 'NONE',  ( 0.000000000000000000, -1.000000000000000000, 0.000000000000000000 ) ) ;
#357 = COLOUR_RGB ( '',0.9686274509803921573, 0.8784313725490195957, 0.5999999999999999778 ) ;
#358 = PLANE ( 'NONE',  #997 ) ;
#359 = EDGE_LOOP ( 'NONE', ( #3867, #3396, #4033, #3618 ) ) ;
#360 = DIRECTION ( 'NONE',  ( -0.000000000000000000, 0.000000000000000000, 1.000000000000000000 ) ) ;
#361 = EDGE_LOOP ( 'NONE', ( #5743, #1168, #3897, #7741, #2909, #804 ) ) ;
#362 = VECTOR ( 'NONE', #7384, 1000.000000000000000 ) ;
#363 = EDGE_CURVE ( 'NONE', #5306, #2383, #3520, .T. ) ;
#364 = CARTESIAN_POINT ( 'NONE',  ( 2.796000000000000263, 4.759999999999999787, 7.909999999999988596 ) ) ;
#365 = CARTESIAN_POINT ( 'NONE',  ( -1.498304512629999863, -1.270000000000000240, 2.350000000000000089 ) ) ;
#366 = DIRECTION ( 'NONE',  ( 0.3420201433256698231, -0.9396926207859079838, 0.000000000000000000 ) ) ;
#367 = SURFACE_STYLE_USAGE ( .BOTH. , #3272 ) ;
#368 = ORIENTED_EDGE ( 'NONE', *, *, #5312, .T. ) ;
#369 = VERTEX_POINT ( 'NONE', #281 ) ;
#370 = SURFACE_STYLE_FILL_AREA ( #1893 ) ;
#371 = DIRECTION ( 'NONE',  ( -0.1710878697460330999, 0.1710878697460331277, -0.9702875252478148083 ) ) ;
#372 = STYLED_ITEM ( 'NONE', ( #1493 ), #3619 ) ;
#373 = CARTESIAN_POINT ( 'NONE',  ( 0.2531321181320725366, -1.220016904177327444, 0.8484971227639109825 ) ) ;
#374 = LINE ( 'NONE', #211, #6144 ) ;
#375 = FILL_AREA_STYLE_COLOUR ( '', #2265 ) ;
#376 = ORIENTED_EDGE ( 'NONE', *, *, #7135, .T. ) ;
#377 = CARTESIAN_POINT ( 'NONE',  ( 0.2785849633789312940, -1.149999999999998801, 1.101726997674456365 ) ) ;
#378 = PLANE ( 'NONE',  #6333 ) ;
#379 = DIRECTION ( 'NONE',  ( 0.000000000000000000, 0.000000000000000000, -1.000000000000000000 ) ) ;
#380 = EDGE_CURVE ( 'NONE', #5697, #2078, #7277, .T. ) ;
#381 = DIRECTION ( 'NONE',  ( 0.3236155771181856156, -0.8891264907159879272, -0.3236155771181851715 ) ) ;
#382 = DIRECTION ( 'NONE',  ( 0.000000000000000000, -5.078189165123089681E-17, 1.000000000000000000 ) ) ;
#383 = DIRECTION ( 'NONE',  ( 0.000000000000000000, 0.000000000000000000, 1.000000000000000000 ) ) ;
#384 = ADVANCED_FACE ( 'NONE', ( #7908 ), #3558, .F. ) ;
#385 = CARTESIAN_POINT ( 'NONE',  ( 0.2071507323465820449, 2.859999999999999876, 8.550000000000000711 ) ) ;
#386 = ORIENTED_EDGE ( 'NONE', *, *, #4624, .T. ) ;
#387 = FILL_AREA_STYLE ('',( #4634 ) ) ;
#388 = EDGE_LOOP ( 'NONE', ( #5940, #3212, #5270, #310, #7560, #6264, #4322, #900, #7159, #765, #518, #2812, #739, #6628, #3849, #4952, #3814, #4943, #1675, #4718, #4763, #4967 ) ) ;
#389 = CARTESIAN_POINT ( 'NONE',  ( 0.000000000000000000, 0.000000000000000000, 0.000000000000000000 ) ) ;
#390 = CARTESIAN_POINT ( 'NONE',  ( 2.841254833995939144, 5.381254833995938291, 8.016309119164537478 ) ) ;
#391 = EDGE_CURVE ( 'NONE', #2756, #3030, #2243, .T. ) ;
#392 = CARTESIAN_POINT ( 'NONE',  ( -0.2446407098541383829, -1.243346856680323409, 1.691325107251416382 ) ) ;
#393 = EDGE_CURVE ( 'NONE', #5093, #4182, #4293, .T. ) ;
#394 = DIRECTION ( 'NONE',  ( -0.000000000000000000, -0.000000000000000000, -1.000000000000000000 ) ) ;
#395 = AXIS2_PLACEMENT_3D ( 'NONE', #4799, #7302, #7387 ) ;
#396 = ORIENTED_EDGE ( 'NONE', *, *, #213, .F. ) ;
#397 = VECTOR ( 'NONE', #1850, 999.9999999999998863 ) ;
#398 = LINE ( 'NONE', #2222, #2568 ) ;
#399 = ORIENTED_EDGE ( 'NONE', *, *, #2627, .T. ) ;
#400 = PRESENTATION_LAYER_ASSIGNMENT (  '', '', ( #664 ) ) ;
#401 = DIRECTION ( 'NONE',  ( 0.000000000000000000, 0.000000000000000000, 1.000000000000000000 ) ) ;
#402 = UNCERTAINTY_MEASURE_WITH_UNIT (LENGTH_MEASURE( 1.000000000000000082E-05 ), #2373, 'distance_accuracy_value', 'NONE');
#403 = ADVANCED_FACE ( 'NONE', ( #6552 ), #6907, .F. ) ;
#404 = CARTESIAN_POINT ( 'NONE',  ( 1.270000000000000462, -1.019999999999998908, 0.5999999999999998668 ) ) ;
#405 = LINE ( 'NONE', #3598, #7423 ) ;
#406 = VECTOR ( 'NONE', #6664, 1000.000000000000000 ) ;
#407 =( BOUNDED_CURVE ( )  B_SPLINE_CURVE ( 3, ( #1763, #2956, #5508, #1802 ),
 .UNSPECIFIED., .F., .F. ) 
 B_SPLINE_CURVE_WITH_KNOTS ( ( 4, 4 ),
 ( 3.141592653589793116, 3.926990816987247612 ),
 .UNSPECIFIED. ) 
 CURVE ( )  GEOMETRIC_REPRESENTATION_ITEM ( )  RATIONAL_B_SPLINE_CURVE ( ( 1.000000000000000000, 0.9492530216741903448, 0.9492530216741903448, 1.000000000000000000 ) ) 
 REPRESENTATION_ITEM ( '' )  );
#408 = CARTESIAN_POINT ( 'NONE',  ( 2.853417573054442435, 5.369092094937435000, 7.947330798265291207 ) ) ;
#409 = ORIENTED_EDGE ( 'NONE', *, *, #5293, .T. ) ;
#410 = FILL_AREA_STYLE ('',( #4146 ) ) ;
#411 = ORIENTED_EDGE ( 'NONE', *, *, #7406, .F. ) ;
#412 =( NAMED_UNIT ( * ) PLANE_ANGLE_UNIT ( ) SI_UNIT ( $, .RADIAN. ) );
#413 = CARTESIAN_POINT ( 'NONE',  ( 0.2560000000000001719, 5.399999999999999467, 7.909999999999988596 ) ) ;
#414 = PLANE ( 'NONE',  #1701 ) ;
#415 = MECHANICAL_DESIGN_GEOMETRIC_PRESENTATION_REPRESENTATION (  '', ( #2260 ), #7827 ) ;
#416 = FACE_OUTER_BOUND ( 'NONE', #4001, .T. ) ;
#417 = CARTESIAN_POINT ( 'NONE',  ( 0.2046354681264032360, -1.169999999999998597, 1.797774733183602702 ) ) ;
#418 =( NAMED_UNIT ( * ) SI_UNIT ( $, .STERADIAN. ) SOLID_ANGLE_UNIT ( ) );
#419 = ORIENTED_EDGE ( 'NONE', *, *, #4102, .F. ) ;
#420 = VECTOR ( 'NONE', #6587, 999.9999999999998863 ) ;
#421 = AXIS2_PLACEMENT_3D ( 'NONE', #6077, #5412, #304 ) ;
#422 = PLANE ( 'NONE',  #3388 ) ;
#423 = PRESENTATION_STYLE_ASSIGNMENT (( #7497 ) ) ;
#424 = CARTESIAN_POINT ( 'NONE',  ( 2.747150732346582025, 5.079999999999999183, 8.550000000000000711 ) ) ;
#425 = LINE ( 'NONE', #544, #4514 ) ;
#426 = PRESENTATION_LAYER_ASSIGNMENT (  '', '', ( #157 ) ) ;
#427 = VECTOR ( 'NONE', #5841, 1000.000000000000000 ) ;
#428 = DIRECTION ( 'NONE',  ( 1.000000000000000000, 4.224164308385081333E-16, 1.537470072901852402E-16 ) ) ;
#429 = CARTESIAN_POINT ( 'NONE',  ( 2.220000000000000195, -0.3200000000000007283, 8.550000000000000711 ) ) ;
#430 = LINE ( 'NONE', #385, #1767 ) ;
#431 = EDGE_LOOP ( 'NONE', ( #7871, #224, #644, #3340, #1926, #6172 ) ) ;
#432 = EDGE_CURVE ( 'NONE', #6188, #4599, #4977, .T. ) ;
#433 =( NAMED_UNIT ( * ) SI_UNIT ( $, .STERADIAN. ) SOLID_ANGLE_UNIT ( ) );
#434 = VECTOR ( 'NONE', #2491, 1000.000000000000000 ) ;
#435 = ORIENTED_EDGE ( 'NONE', *, *, #1355, .F. ) ;
#436 = PLANE ( 'NONE',  #7895 ) ;
#437 = LINE ( 'NONE', #2995, #1959 ) ;
#438 = DIRECTION ( 'NONE',  ( 6.842277657836020854E-49, -5.078189165123089681E-17, 1.000000000000000000 ) ) ;
#439 = STYLED_ITEM ( 'NONE', ( #4113 ), #4393 ) ;
#440 = EDGE_CURVE ( 'NONE', #6834, #6606, #3087, .T. ) ;
#441 = DIRECTION ( 'NONE',  ( 0.7071067811865490160, 0.7071067811865460184, -0.000000000000000000 ) ) ;
#442 = COLOUR_RGB ( '',0.9686274509803921573, 0.8784313725490195957, 0.5999999999999999778 ) ;
#443 = EDGE_CURVE ( 'NONE', #6661, #446, #5641, .T. ) ;
#444 = AXIS2_PLACEMENT_3D ( 'NONE', #3967, #815, #5999 ) ;
#445 = AXIS2_PLACEMENT_3D ( 'NONE', #922, #3435, #6505 ) ;
#446 = VERTEX_POINT ( 'NONE', #2345 ) ;
#447 = CARTESIAN_POINT ( 'NONE',  ( 2.829092094937436297, 0.3134175730544416782, 7.947330798265292984 ) ) ;
#448 = ORIENTED_EDGE ( 'NONE', *, *, #6313, .T. ) ;
#449 = CARTESIAN_POINT ( 'NONE',  ( 0.2349397590361443910, -1.270000000000000018, 1.692439759036144631 ) ) ;
#450 = DIRECTION ( 'NONE',  ( 0.000000000000000000, 0.000000000000000000, -1.000000000000000000 ) ) ;
#451 = MECHANICAL_DESIGN_GEOMETRIC_PRESENTATION_REPRESENTATION (  '', ( #319 ), #1245 ) ;
#452 = SURFACE_STYLE_USAGE ( .BOTH. , #5594 ) ;
#453 = ORIENTED_EDGE ( 'NONE', *, *, #3904, .F. ) ;
#454 = CARTESIAN_POINT ( 'NONE',  ( 0.2071507323465820449, 5.399999999999999467, 8.550000000000000711 ) ) ;
#455 = STYLED_ITEM ( 'NONE', ( #4598 ), #1744 ) ;
#456 = EDGE_LOOP ( 'NONE', ( #6113, #7651, #1265, #738 ) ) ;
#457 = EDGE_CURVE ( 'NONE', #3361, #248, #526, .T. ) ;
#458 = VECTOR ( 'NONE', #6749, 1000.000000000000000 ) ;
#459 = CARTESIAN_POINT ( 'NONE',  ( 1.019999999999999796, 5.870000000000000107, 0.4500000000000018430 ) ) ;
#460 = CARTESIAN_POINT ( 'NONE',  ( 0.05396442235651192215, -1.169999999999999929, 1.079840822973017644 ) ) ;
#461 = PLANE ( 'NONE',  #841 ) ;
#462 = LINE ( 'NONE', #4198, #3353 ) ;
#463 =( BOUNDED_CURVE ( )  B_SPLINE_CURVE ( 3, ( #3913, #2615, #5071, #8162 ),
 .UNSPECIFIED., .F., .F. ) 
 B_SPLINE_CURVE_WITH_KNOTS ( ( 4, 4 ),
 ( 3.141592653589793116, 3.926990816987241395 ),
 .UNSPECIFIED. ) 
 CURVE ( )  GEOMETRIC_REPRESENTATION_ITEM ( )  RATIONAL_B_SPLINE_CURVE ( ( 1.000000000000000000, 0.9492530216741911220, 0.9492530216741911220, 1.000000000000000000 ) ) 
 REPRESENTATION_ITEM ( '' )  );
#464 = CARTESIAN_POINT ( 'NONE',  ( 2.220000000000000195, 2.283999999999999364, 7.909999999999988596 ) ) ;
#465 = ORIENTED_EDGE ( 'NONE', *, *, #7018, .F. ) ;
#466 = DIRECTION ( 'NONE',  ( -1.000000000000000000, 0.000000000000000000, 0.000000000000000000 ) ) ;
#467 = EDGE_CURVE ( 'NONE', #8051, #265, #1778, .T. ) ;
#468 =( LENGTH_UNIT ( ) NAMED_UNIT ( * ) SI_UNIT ( .MILLI., .METRE. ) );
#469 =( NAMED_UNIT ( * ) SI_UNIT ( $, .STERADIAN. ) SOLID_ANGLE_UNIT ( ) );
#470 = CARTESIAN_POINT ( 'NONE',  ( -0.3012548339959390531, 0.3012548339959389421, -2.466309119164537655 ) ) ;
#471 = DIRECTION ( 'NONE',  ( -0.1710878697460326558, -0.1710878697460326836, -0.9702875252478149193 ) ) ;
#472 =( GEOMETRIC_REPRESENTATION_CONTEXT ( 3 ) GLOBAL_UNCERTAINTY_ASSIGNED_CONTEXT ( ( #3556 ) ) GLOBAL_UNIT_ASSIGNED_CONTEXT ( ( #4657, #2194, #4038 ) ) REPRESENTATION_CONTEXT ( 'NONE', 'WORKASPACE' ) );
#473 = ORIENTED_EDGE ( 'NONE', *, *, #6666, .T. ) ;
#474 =( NAMED_UNIT ( * ) SI_UNIT ( $, .STERADIAN. ) SOLID_ANGLE_UNIT ( ) );
#475 = ORIENTED_EDGE ( 'NONE', *, *, #814, .T. ) ;
#476 = FILL_AREA_STYLE_COLOUR ( '', #6813 ) ;
#477 = ORIENTED_EDGE ( 'NONE', *, *, #5705, .F. ) ;
#478 = CARTESIAN_POINT ( 'NONE',  ( -0.2577490103816568179, -1.169999999999994156, 1.392503006755853479 ) ) ;
#479 = VECTOR ( 'NONE', #2272, 1000.000000000000000 ) ;
#480 = DIRECTION ( 'NONE',  ( 0.000000000000000000, 0.000000000000000000, 1.000000000000000000 ) ) ;
#481 = FILL_AREA_STYLE_COLOUR ( '', #7178 ) ;
#482 = CARTESIAN_POINT ( 'NONE',  ( 0.2890920949374360394, 2.226582426945557636, -2.397330798265292717 ) ) ;
#483 = VERTEX_POINT ( 'NONE', #6793 ) ;
#484 = CARTESIAN_POINT ( 'NONE',  ( -0.3199999999999999512, 0.3199999999999993405, 7.909999999999988596 ) ) ;
#485 = ORIENTED_EDGE ( 'NONE', *, *, #1565, .F. ) ;
#486 = DIRECTION ( 'NONE',  ( 0.000000000000000000, 1.000000000000000000, 0.000000000000000000 ) ) ;
#487 =( NAMED_UNIT ( * ) SI_UNIT ( $, .STERADIAN. ) SOLID_ANGLE_UNIT ( ) );
#488 = UNCERTAINTY_MEASURE_WITH_UNIT (LENGTH_MEASURE( 1.000000000000000082E-05 ), #6468, 'distance_accuracy_value', 'NONE');
#489 = CARTESIAN_POINT ( 'NONE',  ( 0.3200000000000001177, -0.2560000000000007825, 8.550000000000000711 ) ) ;
#490 = CARTESIAN_POINT ( 'NONE',  ( -0.6136029765733796992, -1.170000000000000151, 1.270000000000000018 ) ) ;
#491 = DIRECTION ( 'NONE',  ( -0.000000000000000000, 0.000000000000000000, -1.000000000000000000 ) ) ;
#492 = ORIENTED_EDGE ( 'NONE', *, *, #2645, .F. ) ;
#493 = ADVANCED_FACE ( 'NONE', ( #8187 ), #6255, .T. ) ;
#494 = EDGE_LOOP ( 'NONE', ( #5582, #7529, #1769, #5784 ) ) ;
#495 = FACE_OUTER_BOUND ( 'NONE', #520, .T. ) ;
#496 = CARTESIAN_POINT ( 'NONE',  ( 0.3464101615137756829, -1.046666666666666856, 2.449999999999999734 ) ) ;
#497 = SURFACE_STYLE_USAGE ( .BOTH. , #6108 ) ;
#498 = EDGE_CURVE ( 'NONE', #876, #7731, #5560, .T. ) ;
#499 = FACE_OUTER_BOUND ( 'NONE', #6302, .T. ) ;
#500 = PRESENTATION_STYLE_ASSIGNMENT (( #4280 ) ) ;
#501 = ORIENTED_EDGE ( 'NONE', *, *, #1965, .T. ) ;
#502 = DIRECTION ( 'NONE',  ( 8.470329472543003391E-17, -1.000000000000000000, 0.000000000000000000 ) ) ;
#503 =( NAMED_UNIT ( * ) SI_UNIT ( $, .STERADIAN. ) SOLID_ANGLE_UNIT ( ) );
#504 = CARTESIAN_POINT ( 'NONE',  ( 2.238745166004060927, 2.238745166004060039, 8.016309119164535701 ) ) ;
#505 = DIRECTION ( 'NONE',  ( -6.842277657836020854E-49, 5.078189165123089681E-17, -1.000000000000000000 ) ) ;
#506 = LINE ( 'NONE', #2949, #7676 ) ;
#507 = AXIS2_PLACEMENT_3D ( 'NONE', #1412, #86, #1293 ) ;
#508 = EDGE_LOOP ( 'NONE', ( #4368, #3502, #5181, #726, #778, #6258, #7996, #3210, #5656, #4481, #7958, #5724 ) ) ;
#509 = DIRECTION ( 'NONE',  ( 0.000000000000000000, -1.000000000000000000, -5.078189165123089681E-17 ) ) ;
#510 = VERTEX_POINT ( 'NONE', #8067 ) ;
#511 = SURFACE_SIDE_STYLE ('',( #6198 ) ) ;
#512 = ORIENTED_EDGE ( 'NONE', *, *, #4458, .T. ) ;
#513 = CARTESIAN_POINT ( 'NONE',  ( 2.747150732346582025, 4.872849267653418082, 8.550000000000000711 ) ) ;
#514 = CARTESIAN_POINT ( 'NONE',  ( -0.2010872110020788806, -0.2010872110020796577, 8.584387938363944315 ) ) ;
#515 = DIRECTION ( 'NONE',  ( -6.842277657836020854E-49, 5.078189165123089681E-17, -1.000000000000000000 ) ) ;
#516 = CARTESIAN_POINT ( 'NONE',  ( 0.3012548339959391641, 2.238745166004060483, -2.466309119164537655 ) ) ;
#517 = FILL_AREA_STYLE_COLOUR ( '', #6658 ) ;
#518 = ORIENTED_EDGE ( 'NONE', *, *, #3221, .T. ) ;
#519 = FILL_AREA_STYLE ('',( #7476 ) ) ;
#520 = EDGE_LOOP ( 'NONE', ( #6083, #3000, #6180, #7760, #7809, #4699 ) ) ;
#521 = FILL_AREA_STYLE ('',( #3674 ) ) ;
#522 = CARTESIAN_POINT ( 'NONE',  ( 0.07816725390868302370, -1.169999999999999929, 1.351404641846117194 ) ) ;
#523 = CARTESIAN_POINT ( 'NONE',  ( -0.2713045814163996261, -1.169999999999997486, 0.8473473234546051724 ) ) ;
#524 = SURFACE_SIDE_STYLE ('',( #6060 ) ) ;
#525 = PRESENTATION_LAYER_ASSIGNMENT (  '', '', ( #3842 ) ) ;
#526 = LINE ( 'NONE', #612, #3631 ) ;
#527 = ORIENTED_EDGE ( 'NONE', *, *, #7681, .T. ) ;
#528 = CARTESIAN_POINT ( 'NONE',  ( 3.810000000000000053, -1.019999999999999130, 2.500000000000000000 ) ) ;
#529 = MECHANICAL_DESIGN_GEOMETRIC_PRESENTATION_REPRESENTATION (  '', ( #5706 ), #2123 ) ;
#530 = ORIENTED_EDGE ( 'NONE', *, *, #581, .F. ) ;
#531 = EDGE_CURVE ( 'NONE', #116, #1644, #4351, .T. ) ;
#532 =( NAMED_UNIT ( * ) PLANE_ANGLE_UNIT ( ) SI_UNIT ( $, .RADIAN. ) );
#533 = CARTESIAN_POINT ( 'NONE',  ( -0.1560617469879520269, -1.270000000000000018, 1.770000000000000240 ) ) ;
#534 = DIRECTION ( 'NONE',  ( 0.7071067811865460184, -0.7071067811865490160, 0.000000000000000000 ) ) ;
#535 = ADVANCED_FACE ( 'NONE', ( #1121 ), #1198, .F. ) ;
#536 = AXIS2_PLACEMENT_3D ( 'NONE', #2225, #918, #6098 ) ;
#537 = LINE ( 'NONE', #2486, #6542 ) ;
#538 = VERTEX_POINT ( 'NONE', #7441 ) ;
#539 = LINE ( 'NONE', #8007, #593 ) ;
#540 = EDGE_CURVE ( 'NONE', #3620, #7829, #3629, .T. ) ;
#541 = MECHANICAL_DESIGN_GEOMETRIC_PRESENTATION_REPRESENTATION (  '', ( #2658 ), #4665 ) ;
#542 = LINE ( 'NONE', #4284, #4621 ) ;
#543 = DIRECTION ( 'NONE',  ( -1.000000000000000000, -0.000000000000000000, -0.000000000000000000 ) ) ;
#544 = CARTESIAN_POINT ( 'NONE',  ( 1.270000000000000018, -1.019999999999999130, 2.500000000000000000 ) ) ;
#545 = DIRECTION ( 'NONE',  ( 6.842277657836020854E-49, -5.078189165123089681E-17, 1.000000000000000000 ) ) ;
#546 = CARTESIAN_POINT ( 'NONE',  ( -0.3199999999999999512, 0.3199999999999998401, -2.359999999999988773 ) ) ;
#547 =( GEOMETRIC_REPRESENTATION_CONTEXT ( 3 ) GLOBAL_UNCERTAINTY_ASSIGNED_CONTEXT ( ( #2879 ) ) GLOBAL_UNIT_ASSIGNED_CONTEXT ( ( #468, #7412, #6923 ) ) REPRESENTATION_CONTEXT ( 'NONE', 'WORKASPACE' ) );
#548 = VERTEX_POINT ( 'NONE', #3091 ) ;
#549 = CARTESIAN_POINT ( 'NONE',  ( 0.2071507323465825445, 2.540000000000000036, -3.000000000000000000 ) ) ;
#550 = ORIENTED_EDGE ( 'NONE', *, *, #3724, .F. ) ;
#551 = DIRECTION ( 'NONE',  ( 0.7071067811865456854, 0.7071067811865493491, -0.000000000000000000 ) ) ;
#552 = ORIENTED_EDGE ( 'NONE', *, *, #2863, .T. ) ;
#553 = EDGE_CURVE ( 'NONE', #4457, #4673, #2516, .T. ) ;
#554 = CARTESIAN_POINT ( 'NONE',  ( 2.283999999999999808, 2.860000000000000320, -2.359999999999988773 ) ) ;
#555 = DIRECTION ( 'NONE',  ( 6.842277657836020854E-49, -5.078189165123089681E-17, 1.000000000000000000 ) ) ;
#556 = COLOUR_RGB ( '',0.9686274509803921573, 0.8784313725490195957, 0.5999999999999999778 ) ;
#557 =( NAMED_UNIT ( * ) SI_UNIT ( $, .STERADIAN. ) SOLID_ANGLE_UNIT ( ) );
#558 = CARTESIAN_POINT ( 'NONE',  ( 2.226582426945557636, 5.369092094937435000, 7.947330798265291207 ) ) ;
#559 = MECHANICAL_DESIGN_GEOMETRIC_PRESENTATION_REPRESENTATION (  '', ( #1759 ), #4406 ) ;
#560 = CARTESIAN_POINT ( 'NONE',  ( 1.370000000000002105, 5.870000000000000107, 0.6000000000000000888 ) ) ;
#561 = ORIENTED_EDGE ( 'NONE', *, *, #1547, .F. ) ;
#562 = DIRECTION ( 'NONE',  ( -0.7071067811865454633, -0.000000000000000000, 0.7071067811865495711 ) ) ;
#563 = ORIENTED_EDGE ( 'NONE', *, *, #5923, .T. ) ;
#564 = VECTOR ( 'NONE', #792, 999.9999999999998863 ) ;
#565 = CARTESIAN_POINT ( 'NONE',  ( -1.019999999999999796, -0.7900000000000008127, 0.4500000000000009548 ) ) ;
#566 = CARTESIAN_POINT ( 'NONE',  ( 0.2713153150985203599, -1.169999999999999929, 0.8476035708579220396 ) ) ;
#567 = UNCERTAINTY_MEASURE_WITH_UNIT (LENGTH_MEASURE( 1.000000000000000082E-05 ), #7072, 'distance_accuracy_value', 'NONE');
#568 = VECTOR ( 'NONE', #1414, 1000.000000000000114 ) ;
#569 = CARTESIAN_POINT ( 'NONE',  ( 0.2772771856230524801, -1.149999999999999467, 1.720741335973679176 ) ) ;
#570 = CARTESIAN_POINT ( 'NONE',  ( -0.2130215703124272164, -1.270000000000001128, 1.389336511127182705 ) ) ;
#571 = STYLED_ITEM ( 'NONE', ( #1034 ), #755 ) ;
#572 = VECTOR ( 'NONE', #6612, 1000.000000000000000 ) ;
#573 = CARTESIAN_POINT ( 'NONE',  ( -0.2560000000000000053, 5.335999999999999410, 8.550000000000000711 ) ) ;
#574 = ORIENTED_EDGE ( 'NONE', *, *, #6036, .F. ) ;
#575 = CARTESIAN_POINT ( 'NONE',  ( 2.220000000000000195, -0.2560000000000006715, 7.909999999999988596 ) ) ;
#576 = ORIENTED_EDGE ( 'NONE', *, *, #6209, .T. ) ;
#577 = VECTOR ( 'NONE', #4652, 1000.000000000000000 ) ;
#578 = CARTESIAN_POINT ( 'NONE',  ( -1.019999999999999796, -0.000000000000000000, 0.000000000000000000 ) ) ;
#579 = CARTESIAN_POINT ( 'NONE',  ( 0.2114911774681551837, -1.169999999999998819, 1.795178693253208779 ) ) ;
#580 = CARTESIAN_POINT ( 'NONE',  ( -0.3012548339959391086, -0.3012548339959393862, -2.466309119164536767 ) ) ;
#581 = EDGE_CURVE ( 'NONE', #84, #3523, #655, .T. ) ;
#582 =( NAMED_UNIT ( * ) PLANE_ANGLE_UNIT ( ) SI_UNIT ( $, .RADIAN. ) );
#583 = AXIS2_PLACEMENT_3D ( 'NONE', #1282, #4482, #2601 ) ;
#584 = VERTEX_POINT ( 'NONE', #748 ) ;
#585 = CARTESIAN_POINT ( 'NONE',  ( 2.841254833995939588, 5.381254833995939180, -2.466309119164536767 ) ) ;
#586 = DIRECTION ( 'NONE',  ( -0.6508484951356541259, 0.3420201433256692125, -0.6778041442327888966 ) ) ;
#587 = EDGE_CURVE ( 'NONE', #8040, #5652, #6996, .T. ) ;
#588 = AXIS2_PLACEMENT_3D ( 'NONE', #3040, #5001, #1069 ) ;
#589 = CARTESIAN_POINT ( 'NONE',  ( 2.220000000000000195, 2.219999999999999751, -2.359999999999988773 ) ) ;
#590 = CARTESIAN_POINT ( 'NONE',  ( -0.3199999999999999512, 0.3199999999999998401, -2.359999999999988773 ) ) ;
#591 = CARTESIAN_POINT ( 'NONE',  ( -0.1973794752863964885, -1.269999999999996687, 1.761877297553779975 ) ) ;
#592 = ORIENTED_EDGE ( 'NONE', *, *, #6869, .T. ) ;
#593 = VECTOR ( 'NONE', #2404, 1000.000000000000000 ) ;
#594 = CARTESIAN_POINT ( 'NONE',  ( -0.3464101615137760160, -1.046666666666666856, 2.449999999999999734 ) ) ;
#595 = ORIENTED_EDGE ( 'NONE', *, *, #856, .F. ) ;
#596 = FILL_AREA_STYLE ('',( #5785 ) ) ;
#597 = ORIENTED_EDGE ( 'NONE', *, *, #1866, .F. ) ;
#598 = DIRECTION ( 'NONE',  ( -6.842277657836020854E-49, 5.078189165123089681E-17, -1.000000000000000000 ) ) ;
#599 = SURFACE_SIDE_STYLE ('',( #6556 ) ) ;
#600 = DIRECTION ( 'NONE',  ( -0.1710878697460327114, 0.1710878697460326836, 0.9702875252478149193 ) ) ;
#601 = DIRECTION ( 'NONE',  ( -0.1710878697460330722, -0.1710878697460330722, -0.9702875252478149193 ) ) ;
#602 = CARTESIAN_POINT ( 'NONE',  ( 2.741087211002079194, 0.2010872110020782977, 8.584387938363944315 ) ) ;
#603 = CARTESIAN_POINT ( 'NONE',  ( 3.309999999999999609, 6.349999999999999645, 2.500000000000000000 ) ) ;
#604 =( LENGTH_UNIT ( ) NAMED_UNIT ( * ) SI_UNIT ( .MILLI., .METRE. ) );
#605 = EDGE_LOOP ( 'NONE', ( #7278, #2822, #3469, #2579, #4609, #3179 ) ) ;
#606 = ORIENTED_EDGE ( 'NONE', *, *, #2477, .T. ) ;
#607 = LINE ( 'NONE', #3713, #2849 ) ;
#608 = CARTESIAN_POINT ( 'NONE',  ( 2.220000000000000195, 2.795999999999999375, 8.550000000000000711 ) ) ;
#609 = SURFACE_STYLE_USAGE ( .BOTH. , #1052 ) ;
#610 = PLANE ( 'NONE',  #4282 ) ;
#611 = CARTESIAN_POINT ( 'NONE',  ( -0.2403630389942365275, -1.150000000000005684, 1.354471974263674161 ) ) ;
#612 = CARTESIAN_POINT ( 'NONE',  ( 1.270000000000000018, -0.7900000000000003686, 0.6000000000000000888 ) ) ;
#613 = ORIENTED_EDGE ( 'NONE', *, *, #5861, .T. ) ;
#614 = DIRECTION ( 'NONE',  ( -0.000000000000000000, -0.000000000000000000, -1.000000000000000000 ) ) ;
#615 = ORIENTED_EDGE ( 'NONE', *, *, #688, .T. ) ;
#616 = ADVANCED_FACE ( 'NONE', ( #151 ), #3305, .F. ) ;
#617 = CARTESIAN_POINT ( 'NONE',  ( -1.019999999999999796, -1.019999999999998685, 0.4500000000000011768 ) ) ;
#618 = CARTESIAN_POINT ( 'NONE',  ( -0.3199999999999998956, 4.823999999999998956, 7.909999999999988596 ) ) ;
#619 = PRESENTATION_STYLE_ASSIGNMENT (( #1913 ) ) ;
#620 = CARTESIAN_POINT ( 'NONE',  ( 2.220000000000000639, 2.266799289467859246, 7.909999999999988596 ) ) ;
#621 = ORIENTED_EDGE ( 'NONE', *, *, #4197, .F. ) ;
#622 =( BOUNDED_CURVE ( )  B_SPLINE_CURVE ( 3, ( #3192, #4407, #672, #2046 ),
 .UNSPECIFIED., .F., .F. ) 
 B_SPLINE_CURVE_WITH_KNOTS ( ( 4, 4 ),
 ( 0.000000000000000000, 0.7853981633974425058 ),
 .UNSPECIFIED. ) 
 CURVE ( )  GEOMETRIC_REPRESENTATION_ITEM ( )  RATIONAL_B_SPLINE_CURVE ( ( 1.000000000000000000, 0.9492530216741918991, 0.9492530216741918991, 1.000000000000000000 ) ) 
 REPRESENTATION_ITEM ( '' )  );
#623 = CARTESIAN_POINT ( 'NONE',  ( 2.220000000000000195, 5.335999999999999410, 8.550000000000000711 ) ) ;
#624 = STYLED_ITEM ( 'NONE', ( #4123 ), #3068 ) ;
#625 =( NAMED_UNIT ( * ) PLANE_ANGLE_UNIT ( ) SI_UNIT ( $, .RADIAN. ) );
#626 = CARTESIAN_POINT ( 'NONE',  ( 0.1577689812403510472, -1.149999999999999245, 0.7263366216202523651 ) ) ;
#627 = LINE ( 'NONE', #7759, #302 ) ;
#628 = ORIENTED_EDGE ( 'NONE', *, *, #2575, .F. ) ;
#629 = VECTOR ( 'NONE', #2242, 1000.000000000000000 ) ;
#630 = SURFACE_STYLE_USAGE ( .BOTH. , #6554 ) ;
#631 = ORIENTED_EDGE ( 'NONE', *, *, #2627, .F. ) ;
#632 = LINE ( 'NONE', #1264, #4048 ) ;
#633 = ORIENTED_EDGE ( 'NONE', *, *, #2692, .F. ) ;
#634 =( NAMED_UNIT ( * ) SI_UNIT ( $, .STERADIAN. ) SOLID_ANGLE_UNIT ( ) );
#635 = PRESENTATION_STYLE_ASSIGNMENT (( #1266 ) ) ;
#636 =( NAMED_UNIT ( * ) PLANE_ANGLE_UNIT ( ) SI_UNIT ( $, .RADIAN. ) );
#637 = EDGE_CURVE ( 'NONE', #7233, #4352, #2680, .T. ) ;
#638 = CARTESIAN_POINT ( 'NONE',  ( -0.2559999999999999498, 4.759999999999999787, 7.909999999999988596 ) ) ;
#639 = VECTOR ( 'NONE', #8035, 1000.000000000000000 ) ;
#640 = CARTESIAN_POINT ( 'NONE',  ( 1.520000000000000240, 0.000000000000000000, 0.000000000000000000 ) ) ;
#641 = CARTESIAN_POINT ( 'NONE',  ( 2.220000000000000195, 2.859999999999999876, 7.909999999999988596 ) ) ;
#642 = ADVANCED_FACE ( 'NONE', ( #3174 ), #5765, .F. ) ;
#643 = SURFACE_STYLE_USAGE ( .BOTH. , #3122 ) ;
#644 = ORIENTED_EDGE ( 'NONE', *, *, #1797, .F. ) ;
#645 = CARTESIAN_POINT ( 'NONE',  ( 0.2732007105321403451, 4.759999999999999787, 7.909999999999986819 ) ) ;
#646 = ORIENTED_EDGE ( 'NONE', *, *, #3643, .F. ) ;
#647 = DIRECTION ( 'NONE',  ( 1.000000000000000000, 0.000000000000000000, 0.000000000000000000 ) ) ;
#648 = CYLINDRICAL_SURFACE ( 'NONE', #7368, 0.06399999999999998745 ) ;
#649 = EDGE_CURVE ( 'NONE', #6001, #4011, #3226, .T. ) ;
#650 = FILL_AREA_STYLE ('',( #1942 ) ) ;
#651 = CARTESIAN_POINT ( 'NONE',  ( 0.1585990556424784204, -1.169999999999999929, 0.7336915246931298151 ) ) ;
#652 = UNCERTAINTY_MEASURE_WITH_UNIT (LENGTH_MEASURE( 1.000000000000000082E-05 ), #4752, 'distance_accuracy_value', 'NONE');
#653 = SURFACE_STYLE_FILL_AREA ( #2637 ) ;
#654 = FACE_OUTER_BOUND ( 'NONE', #359, .T. ) ;
#655 = LINE ( 'NONE', #6425, #3497 ) ;
#656 = ORIENTED_EDGE ( 'NONE', *, *, #2477, .F. ) ;
#657 = PLANE ( 'NONE',  #2837 ) ;
#658 = ORIENTED_EDGE ( 'NONE', *, *, #6225, .F. ) ;
#659 = AXIS2_PLACEMENT_3D ( 'NONE', #3548, #6091, #2502 ) ;
#660 = EDGE_CURVE ( 'NONE', #2198, #2582, #1903, .T. ) ;
#661 = CARTESIAN_POINT ( 'NONE',  ( 0.2418884956655165119, -1.250908503017062801, 1.100182544664074058 ) ) ;
#662 = DIRECTION ( 'NONE',  ( -0.1710878697460327114, 0.1710878697460326836, -0.9702875252478149193 ) ) ;
#663 = VECTOR ( 'NONE', #2021, 1000.000000000000000 ) ;
#664 = STYLED_ITEM ( 'NONE', ( #635 ), #5462 ) ;
#665 = CARTESIAN_POINT ( 'NONE',  ( 2.747150732346582469, 0.2071507323465822670, -3.000000000000000000 ) ) ;
#666 = ORIENTED_EDGE ( 'NONE', *, *, #3732, .F. ) ;
#667 = PRESENTATION_STYLE_ASSIGNMENT (( #6921 ) ) ;
#668 = PRESENTATION_STYLE_ASSIGNMENT (( #8199 ) ) ;
#669 = AXIS2_PLACEMENT_3D ( 'NONE', #3647, #3686, #1822 ) ;
#670 = PLANE ( 'NONE',  #834 ) ;
#671 = CARTESIAN_POINT ( 'NONE',  ( 0.2350048923525308031, -1.270000000000000906, 0.8504326073702327404 ) ) ;
#672 = CARTESIAN_POINT ( 'NONE',  ( 2.250907905062564218, 2.853417573054441991, 7.947330798265291207 ) ) ;
#673 = ADVANCED_FACE ( 'NONE', ( #3810 ), #7700, .T. ) ;
#674 = VERTEX_POINT ( 'NONE', #5054 ) ;
#675 = VECTOR ( 'NONE', #4960, 1000.000000000000000 ) ;
#676 =( BOUNDED_CURVE ( )  B_SPLINE_CURVE ( 3, ( #98, #54, #2461, #2626 ),
 .UNSPECIFIED., .F., .F. ) 
 B_SPLINE_CURVE_WITH_KNOTS ( ( 4, 4 ),
 ( 5.497787143782135288, 6.283185307179586232 ),
 .UNSPECIFIED. ) 
 CURVE ( )  GEOMETRIC_REPRESENTATION_ITEM ( )  RATIONAL_B_SPLINE_CURVE ( ( 1.000000000000000000, 0.9492530216741907889, 0.9492530216741907889, 1.000000000000000000 ) ) 
 REPRESENTATION_ITEM ( '' )  );
#677 = CYLINDRICAL_SURFACE ( 'NONE', #5621, 0.06399999999999982092 ) ;
#678 = VERTEX_POINT ( 'NONE', #4437 ) ;
#679 = CARTESIAN_POINT ( 'NONE',  ( -0.1577519656428716943, -1.169999999999999929, 1.806367507386704041 ) ) ;
#680 = DIRECTION ( 'NONE',  ( -8.470329472543003391E-17, 1.000000000000000000, 0.000000000000000000 ) ) ;
#681 = CARTESIAN_POINT ( 'NONE',  ( 2.220000000000000195, 2.795999999999999819, -2.359999999999988773 ) ) ;
#682 = CARTESIAN_POINT ( 'NONE',  ( -0.1771939946250032649, -1.269999999999996687, 1.768241958426032490 ) ) ;
#683 = CARTESIAN_POINT ( 'NONE',  ( 2.284000000000000252, 4.759999999999999787, 7.909999999999988596 ) ) ;
#684 = CARTESIAN_POINT ( 'NONE',  ( -0.3012548339959391086, 2.841254833995938700, 8.016309119164535701 ) ) ;
#685 = CARTESIAN_POINT ( 'NONE',  ( 2.813200710532140825, 2.859999999999999432, 7.909999999999990372 ) ) ;
#686 = FILL_AREA_STYLE_COLOUR ( '', #2644 ) ;
#687 = ADVANCED_FACE ( 'NONE', ( #5139 ), #1989, .T. ) ;
#688 = EDGE_CURVE ( 'NONE', #678, #6543, #4095, .T. ) ;
#689 = PRESENTATION_STYLE_ASSIGNMENT (( #643 ) ) ;
#690 = ORIENTED_EDGE ( 'NONE', *, *, #3596, .T. ) ;
#691 =( GEOMETRIC_REPRESENTATION_CONTEXT ( 3 ) GLOBAL_UNCERTAINTY_ASSIGNED_CONTEXT ( ( #5222 ) ) GLOBAL_UNIT_ASSIGNED_CONTEXT ( ( #3987, #3359, #5977 ) ) REPRESENTATION_CONTEXT ( 'NONE', 'WORKASPACE' ) );
#692 = DIRECTION ( 'NONE',  ( 1.000000000000000000, 0.000000000000000000, 0.000000000000000000 ) ) ;
#693 = VECTOR ( 'NONE', #770, 1000.000000000000000 ) ;
#694 = ORIENTED_EDGE ( 'NONE', *, *, #7980, .F. ) ;
#695 = CARTESIAN_POINT ( 'NONE',  ( 1.269999999999999130, 6.099999999999998757, 2.350000000000000089 ) ) ;
#696 = CARTESIAN_POINT ( 'NONE',  ( 2.741087211002079194, 4.878912788997920913, 8.584387938363944315 ) ) ;
#697 = CARTESIAN_POINT ( 'NONE',  ( 0.3012548339959392751, 2.841254833995939144, -2.466309119164536767 ) ) ;
#698 = DIRECTION ( 'NONE',  ( -0.000000000000000000, -0.000000000000000000, -1.000000000000000000 ) ) ;
#699 = CARTESIAN_POINT ( 'NONE',  ( -1.270000000000000462, 6.099999999999998757, 2.500000000000000000 ) ) ;
#700 = EDGE_CURVE ( 'NONE', #8154, #5697, #7860, .T. ) ;
#701 = CARTESIAN_POINT ( 'NONE',  ( 0.2785746634409132505, -1.149999999999999245, 1.694343831042281590 ) ) ;
#702 = CARTESIAN_POINT ( 'NONE',  ( -0.1577689812403557656, -1.149999999999999023, 1.813663378379748226 ) ) ;
#703 = VECTOR ( 'NONE', #822, 1000.000000000000000 ) ;
#704 = VERTEX_POINT ( 'NONE', #6580 ) ;
#705 = FILL_AREA_STYLE ('',( #1324 ) ) ;
#706 = EDGE_LOOP ( 'NONE', ( #4753, #477, #3254, #5644 ) ) ;
#707 = LINE ( 'NONE', #2730, #7995 ) ;
#708 = EDGE_LOOP ( 'NONE', ( #2628, #606, #6319, #2731 ) ) ;
#709 = ADVANCED_FACE ( 'NONE', ( #4023 ), #4727, .F. ) ;
#710 = VECTOR ( 'NONE', #3834, 1000.000000000000114 ) ;
#711 = LINE ( 'NONE', #3354, #3043 ) ;
#712 = LINE ( 'NONE', #4489, #5554 ) ;
#713 = PRESENTATION_LAYER_ASSIGNMENT (  '', '', ( #5218 ) ) ;
#714 =( LENGTH_UNIT ( ) NAMED_UNIT ( * ) SI_UNIT ( .MILLI., .METRE. ) );
#715 = DIRECTION ( 'NONE',  ( 8.470329472543003391E-17, -1.000000000000000000, 0.000000000000000000 ) ) ;
#716 = EDGE_CURVE ( 'NONE', #1990, #6661, #3549, .T. ) ;
#717 = CARTESIAN_POINT ( 'NONE',  ( -0.05396442235651246339, -1.169999999999999929, 1.270000000000000018 ) ) ;
#718 = ORIENTED_EDGE ( 'NONE', *, *, #7800, .T. ) ;
#719 = MECHANICAL_DESIGN_GEOMETRIC_PRESENTATION_REPRESENTATION (  '', ( #2830 ), #3893 ) ;
#720 = AXIS2_PLACEMENT_3D ( 'NONE', #3493, #4044, #2835 ) ;
#721 =( NAMED_UNIT ( * ) SI_UNIT ( $, .STERADIAN. ) SOLID_ANGLE_UNIT ( ) );
#722 = LINE ( 'NONE', #7544, #2666 ) ;
#723 = CARTESIAN_POINT ( 'NONE',  ( 0.2675450665421222896, -1.150000000000000577, 0.7888260276643713764 ) ) ;
#724 = PRESENTATION_STYLE_ASSIGNMENT (( #6314 ) ) ;
#725 = AXIS2_PLACEMENT_3D ( 'NONE', #573, #1733, #4268 ) ;
#726 = ORIENTED_EDGE ( 'NONE', *, *, #5811, .F. ) ;
#727 = ORIENTED_EDGE ( 'NONE', *, *, #1009, .T. ) ;
#728 = PLANE ( 'NONE',  #7085 ) ;
#729 = CARTESIAN_POINT ( 'NONE',  ( -0.2071507323465818784, -0.3200000000000007283, 8.550000000000000711 ) ) ;
#730 = EDGE_CURVE ( 'NONE', #5420, #1967, #233, .T. ) ;
#731 = STYLED_ITEM ( 'NONE', ( #4032 ), #384 ) ;
#732 = DIRECTION ( 'NONE',  ( -0.000000000000000000, -0.000000000000000000, -1.000000000000000000 ) ) ;
#733 = CARTESIAN_POINT ( 'NONE',  ( 2.841254833995939144, -0.3012548339959392751, -2.466309119164537655 ) ) ;
#734 = LINE ( 'NONE', #4999, #1716 ) ;
#735 = STYLED_ITEM ( 'NONE', ( #1217 ), #1907 ) ;
#736 =( BOUNDED_CURVE ( )  B_SPLINE_CURVE ( 3, ( #1413, #7054, #5780, #2001 ),
 .UNSPECIFIED., .F., .F. ) 
 B_SPLINE_CURVE_WITH_KNOTS ( ( 4, 4 ),
 ( 3.141592653589793116, 3.926990816987242727 ),
 .UNSPECIFIED. ) 
 CURVE ( )  GEOMETRIC_REPRESENTATION_ITEM ( )  RATIONAL_B_SPLINE_CURVE ( ( 1.000000000000000000, 0.9492530216741910110, 0.9492530216741910110, 1.000000000000000000 ) ) 
 REPRESENTATION_ITEM ( '' )  );
#737 = DIRECTION ( 'NONE',  ( -0.9848077530122085754, -8.341646135128160883E-17, 0.1736481776669278332 ) ) ;
#738 = ORIENTED_EDGE ( 'NONE', *, *, #1166, .T. ) ;
#739 = ORIENTED_EDGE ( 'NONE', *, *, #2026, .T. ) ;
#740 = CARTESIAN_POINT ( 'NONE',  ( 0.1562305829448806249, -1.256672524119856860, 0.7651491954817273289 ) ) ;
#741 =( LENGTH_UNIT ( ) NAMED_UNIT ( * ) SI_UNIT ( .MILLI., .METRE. ) );
#742 = CARTESIAN_POINT ( 'NONE',  ( 0.2713045814163981828, -1.169999999999999929, 0.8473473234546051724 ) ) ;
#743 = UNCERTAINTY_MEASURE_WITH_UNIT (LENGTH_MEASURE( 1.000000000000000082E-05 ), #1573, 'distance_accuracy_value', 'NONE');
#744 = CARTESIAN_POINT ( 'NONE',  ( -0.3199999999999999512, 2.795999999999999375, 7.909999999999988596 ) ) ;
#745 = CARTESIAN_POINT ( 'NONE',  ( -0.1692625335108508544, -1.149999999999999023, 1.812862434670053480 ) ) ;
#746 = VERTEX_POINT ( 'NONE', #2182 ) ;
#747 = VECTOR ( 'NONE', #5958, 1000.000000000000000 ) ;
#748 = CARTESIAN_POINT ( 'NONE',  ( 0.2071507323465820449, 0.2071507323465813233, 8.550000000000000711 ) ) ;
#749 = EDGE_LOOP ( 'NONE', ( #8022, #4258, #6724, #2893 ) ) ;
#750 = ORIENTED_EDGE ( 'NONE', *, *, #7079, .F. ) ;
#751 = SURFACE_STYLE_USAGE ( .BOTH. , #3856 ) ;
#752 = DIRECTION ( 'NONE',  ( 0.7071067811865457964, 0.7071067811865492381, 0.000000000000000000 ) ) ;
#753 = LINE ( 'NONE', #6963, #420 ) ;
#754 = CARTESIAN_POINT ( 'NONE',  ( 0.2071507323465825445, 5.080000000000000071, -3.000000000000000000 ) ) ;
#755 = ADVANCED_FACE ( 'NONE', ( #4132 ), #358, .F. ) ;
#756 = CARTESIAN_POINT ( 'NONE',  ( 0.2705538323571800574, -1.169999999999999929, 1.116458418214743897 ) ) ;
#757 = ORIENTED_EDGE ( 'NONE', *, *, #6585, .T. ) ;
#758 = LINE ( 'NONE', #5815, #4311 ) ;
#759 = ADVANCED_FACE ( 'NONE', ( #7388 ), #5630, .F. ) ;
#760 = EDGE_CURVE ( 'NONE', #2440, #3928, #2918, .T. ) ;
#761 = SURFACE_SIDE_STYLE ('',( #7673 ) ) ;
#762 = CARTESIAN_POINT ( 'NONE',  ( 0.1546753745387297874, -1.270000000000000906, 0.7699033747583783338 ) ) ;
#763 = CARTESIAN_POINT ( 'NONE',  ( 2.238745166004060927, 0.3012548339959389421, -2.466309119164537655 ) ) ;
#764 = STYLED_ITEM ( 'NONE', ( #2583 ), #2836 ) ;
#765 = ORIENTED_EDGE ( 'NONE', *, *, #303, .T. ) ;
#766 = COLOUR_RGB ( '',0.9686274509803921573, 0.8784313725490195957, 0.5999999999999999778 ) ;
#767 = CARTESIAN_POINT ( 'NONE',  ( 3.709999999999999964, 5.870000000000000107, 0.6000000000000000888 ) ) ;
#768 = FACE_OUTER_BOUND ( 'NONE', #193, .T. ) ;
#769 = ADVANCED_FACE ( 'NONE', ( #3079 ), #4219, .T. ) ;
#770 = DIRECTION ( 'NONE',  ( -8.470329472543003391E-17, 1.000000000000000000, 0.000000000000000000 ) ) ;
#771 = CARTESIAN_POINT ( 'NONE',  ( -0.09036144578313276554, -1.270000000000000018, 1.095301204819277396 ) ) ;
#772 = CARTESIAN_POINT ( 'NONE',  ( -0.1591065173733857419, -1.149999999999998357, 0.7264298296317552861 ) ) ;
#773 = COLOUR_RGB ( '',0.9686274509803921573, 0.8784313725490195957, 0.5999999999999999778 ) ;
#774 = EDGE_CURVE ( 'NONE', #6889, #6012, #4966, .T. ) ;
#775 = DIRECTION ( 'NONE',  ( 0.7071067811865460184, -0.7071067811865490160, 0.000000000000000000 ) ) ;
#776 = ORIENTED_EDGE ( 'NONE', *, *, #3146, .T. ) ;
#777 = CARTESIAN_POINT ( 'NONE',  ( 0.2560000000000002274, 4.760000000000000675, -2.359999999999988773 ) ) ;
#778 = ORIENTED_EDGE ( 'NONE', *, *, #6473, .F. ) ;
#779 = FILL_AREA_STYLE_COLOUR ( '', #1938 ) ;
#780 = CARTESIAN_POINT ( 'NONE',  ( 0.3200000000000000622, 5.399999999999999467, 8.550000000000000711 ) ) ;
#781 =( NAMED_UNIT ( * ) SI_UNIT ( $, .STERADIAN. ) SOLID_ANGLE_UNIT ( ) );
#782 =( LENGTH_UNIT ( ) NAMED_UNIT ( * ) SI_UNIT ( .MILLI., .METRE. ) );
#783 = CARTESIAN_POINT ( 'NONE',  ( 1.020000000000000018, -1.019999999999999130, 2.500000000000000000 ) ) ;
#784 =( BOUNDED_CURVE ( )  B_SPLINE_CURVE ( 3, ( #1045, #2269, #2312, #333 ),
 .UNSPECIFIED., .F., .F. ) 
 B_SPLINE_CURVE_WITH_KNOTS ( ( 4, 4 ),
 ( 3.141592653589793116, 3.926990816987242727 ),
 .UNSPECIFIED. ) 
 CURVE ( )  GEOMETRIC_REPRESENTATION_ITEM ( )  RATIONAL_B_SPLINE_CURVE ( ( 1.000000000000000000, 0.9492530216741910110, 0.9492530216741910110, 1.000000000000000000 ) ) 
 REPRESENTATION_ITEM ( '' )  );
#785 = EDGE_LOOP ( 'NONE', ( #6908, #6531, #3916, #4503, #5700, #7752 ) ) ;
#786 = VECTOR ( 'NONE', #5243, 1000.000000000000227 ) ;
#787 =( NAMED_UNIT ( * ) SI_UNIT ( $, .STERADIAN. ) SOLID_ANGLE_UNIT ( ) );
#788 = ORIENTED_EDGE ( 'NONE', *, *, #6972, .T. ) ;
#789 =( LENGTH_UNIT ( ) NAMED_UNIT ( * ) SI_UNIT ( .MILLI., .METRE. ) );
#790 = VERTEX_POINT ( 'NONE', #560 ) ;
#791 = CARTESIAN_POINT ( 'NONE',  ( -0.1560617469879520269, -1.270000000000000018, 0.7700000000000001288 ) ) ;
#792 = DIRECTION ( 'NONE',  ( -0.7071067811865515695, -0.000000000000000000, -0.7071067811865435759 ) ) ;
#793 = DIRECTION ( 'NONE',  ( 0.000000000000000000, -5.078189165123089681E-17, 1.000000000000000000 ) ) ;
#794 = EDGE_CURVE ( 'NONE', #6742, #3066, #6859, .T. ) ;
#795 = DIRECTION ( 'NONE',  ( -0.1710878697460327114, 0.1710878697460326836, -0.9702875252478149193 ) ) ;
#796 = ORIENTED_EDGE ( 'NONE', *, *, #5101, .T. ) ;
#797 = EDGE_CURVE ( 'NONE', #3351, #1392, #4887, .T. ) ;
#798 =( NAMED_UNIT ( * ) PLANE_ANGLE_UNIT ( ) SI_UNIT ( $, .RADIAN. ) );
#799 = ADVANCED_FACE ( 'NONE', ( #4257 ), #6780, .T. ) ;
#800 = CARTESIAN_POINT ( 'NONE',  ( 0.7700000000000002398, -1.270000000000000240, 2.500000000000000000 ) ) ;
#801 = CARTESIAN_POINT ( 'NONE',  ( -5.969498373869599761E-17, -1.270000000000000018, 1.270000000000000018 ) ) ;
#802 = CARTESIAN_POINT ( 'NONE',  ( 3.809999999999999165, 6.099999999999998757, 0.5999999999999998668 ) ) ;
#803 = VECTOR ( 'NONE', #4508, 1000.000000000000000 ) ;
#804 = ORIENTED_EDGE ( 'NONE', *, *, #6473, .T. ) ;
#805 = MECHANICAL_DESIGN_GEOMETRIC_PRESENTATION_REPRESENTATION (  '', ( #5949 ), #7151 ) ;
#806 = MECHANICAL_DESIGN_GEOMETRIC_PRESENTATION_REPRESENTATION (  '', ( #1456 ), #6112 ) ;
#807 = VERTEX_POINT ( 'NONE', #7650 ) ;
#808 = SURFACE_STYLE_USAGE ( .BOTH. , #173 ) ;
#809 = EDGE_CURVE ( 'NONE', #4377, #1398, #1888, .T. ) ;
#810 = SURFACE_STYLE_USAGE ( .BOTH. , #1969 ) ;
#811 = CARTESIAN_POINT ( 'NONE',  ( -1.019999999999999796, 6.099999999999998757, 2.500000000000000000 ) ) ;
#812 = CARTESIAN_POINT ( 'NONE',  ( -0.2773257890756620769, -1.149999999999999911, 0.8205927532368751942 ) ) ;
#813 = PRESENTATION_LAYER_ASSIGNMENT (  '', '', ( #4379 ) ) ;
#814 = EDGE_CURVE ( 'NONE', #4599, #4726, #4800, .T. ) ;
#815 = DIRECTION ( 'NONE',  ( 0.000000000000000000, -0.9848077530122085754, 0.1736481776669273891 ) ) ;
#816 = ORIENTED_EDGE ( 'NONE', *, *, #2993, .T. ) ;
#817 = FILL_AREA_STYLE ('',( #3671 ) ) ;
#818 = ORIENTED_EDGE ( 'NONE', *, *, #7280, .T. ) ;
#819 = DIRECTION ( 'NONE',  ( -0.9848077530122085754, -8.341646135128160883E-17, 0.1736481776669273891 ) ) ;
#820 = CARTESIAN_POINT ( 'NONE',  ( -0.3199999999999999512, 2.795999999999999819, -2.359999999999988773 ) ) ;
#821 = VECTOR ( 'NONE', #4017, 1000.000000000000000 ) ;
#822 = DIRECTION ( 'NONE',  ( 1.000000000000000000, -0.000000000000000000, 0.000000000000000000 ) ) ;
#823 = CARTESIAN_POINT ( 'NONE',  ( 0.2560000000000001719, 5.400000000000000355, -2.359999999999988773 ) ) ;
#824 = STYLED_ITEM ( 'NONE', ( #6682 ), #7782 ) ;
#825 = ORIENTED_EDGE ( 'NONE', *, *, #6311, .T. ) ;
#826 = COLOUR_RGB ( '',0.9686274509803921573, 0.8784313725490195957, 0.5999999999999999778 ) ;
#827 = CARTESIAN_POINT ( 'NONE',  ( -0.07143487197225278917, -1.217999665826966282, 1.606495112936108027 ) ) ;
#828 = ORIENTED_EDGE ( 'NONE', *, *, #4128, .F. ) ;
#829 = CARTESIAN_POINT ( 'NONE',  ( 1.020000000000000018, -1.019999999999999130, 0.4500000000000020650 ) ) ;
#830 = VERTEX_POINT ( 'NONE', #56 ) ;
#831 = SURFACE_STYLE_FILL_AREA ( #5185 ) ;
#832 = FILL_AREA_STYLE ('',( #3941 ) ) ;
#833 = VECTOR ( 'NONE', #3475, 999.9999999999998863 ) ;
#834 = AXIS2_PLACEMENT_3D ( 'NONE', #1871, #2576, #3190 ) ;
#835 =( LENGTH_UNIT ( ) NAMED_UNIT ( * ) SI_UNIT ( .MILLI., .METRE. ) );
#836 = CARTESIAN_POINT ( 'NONE',  ( 2.853417573054442435, 0.2890920949374358173, -2.397330798265290941 ) ) ;
#837 = VERTEX_POINT ( 'NONE', #9 ) ;
#838 = SURFACE_STYLE_FILL_AREA ( #3196 ) ;
#839 = VECTOR ( 'NONE', #381, 1000.000000000000114 ) ;
#840 = LINE ( 'NONE', #7794, #6434 ) ;
#841 = AXIS2_PLACEMENT_3D ( 'NONE', #2979, #5528, #4359 ) ;
#842 = LINE ( 'NONE', #7555, #8200 ) ;
#843 = CARTESIAN_POINT ( 'NONE',  ( -0.2071507323465823780, 2.747150732346582469, -3.000000000000000000 ) ) ;
#844 = CARTESIAN_POINT ( 'NONE',  ( 2.796000000000000263, 2.283999999999999364, 8.550000000000000711 ) ) ;
#845 = CARTESIAN_POINT ( 'NONE',  ( 0.3200000000000000622, 5.353200710532140860, -2.359999999999986997 ) ) ;
#846 = VECTOR ( 'NONE', #7501, 1000.000000000000000 ) ;
#847 = FILL_AREA_STYLE_COLOUR ( '', #442 ) ;
#848 = VECTOR ( 'NONE', #3589, 1000.000000000000000 ) ;
#849 = VERTEX_POINT ( 'NONE', #5791 ) ;
#850 = FILL_AREA_STYLE ('',( #6445 ) ) ;
#851 = EDGE_CURVE ( 'NONE', #7829, #5480, #6488, .T. ) ;
#852 = DIRECTION ( 'NONE',  ( 8.470329472543003391E-17, -1.000000000000000000, 0.000000000000000000 ) ) ;
#853 = CARTESIAN_POINT ( 'NONE',  ( -1.019999999999999796, -1.270000000000000240, 0.4500000000000009548 ) ) ;
#854 = PRESENTATION_LAYER_ASSIGNMENT (  '', '', ( #4425 ) ) ;
#855 = SURFACE_SIDE_STYLE ('',( #5751 ) ) ;
#856 = EDGE_CURVE ( 'NONE', #5140, #2029, #7069, .T. ) ;
#857 = COLOUR_RGB ( '',0.9686274509803921573, 0.8784313725490195957, 0.5999999999999999778 ) ;
#858 = LINE ( 'NONE', #1591, #1111 ) ;
#859 = VECTOR ( 'NONE', #2809, 1000.000000000000000 ) ;
#860 = ORIENTED_EDGE ( 'NONE', *, *, #3240, .T. ) ;
#861 =( NAMED_UNIT ( * ) SI_UNIT ( $, .STERADIAN. ) SOLID_ANGLE_UNIT ( ) );
#862 = VERTEX_POINT ( 'NONE', #137 ) ;
#863 = CARTESIAN_POINT ( 'NONE',  ( 1.019999999999999130, 6.099999999999998757, 2.500000000000000000 ) ) ;
#864 = CARTESIAN_POINT ( 'NONE',  ( 0.2010872110020790471, -0.2010872110020796577, 8.584387938363944315 ) ) ;
#865 = CARTESIAN_POINT ( 'NONE',  ( -5.288753958528137041E-17, -1.169999999999999929, 0.9509753366796325214 ) ) ;
#866 = EDGE_CURVE ( 'NONE', #2694, #4569, #7687, .T. ) ;
#867 = CARTESIAN_POINT ( 'NONE',  ( 0.05396442235651191521, -1.169999999999999929, 1.270000000000000018 ) ) ;
#868 = VECTOR ( 'NONE', #360, 1000.000000000000000 ) ;
#869 = EDGE_CURVE ( 'NONE', #830, #1373, #6365, .T. ) ;
#870 = DIRECTION ( 'NONE',  ( 8.470329472543003391E-17, -1.000000000000000000, 0.000000000000000000 ) ) ;
#871 = ORIENTED_EDGE ( 'NONE', *, *, #4801, .T. ) ;
#872 = CARTESIAN_POINT ( 'NONE',  ( 2.540000000000000036, 2.540000000000000036, -3.000000000000000000 ) ) ;
#873 = VERTEX_POINT ( 'NONE', #2589 ) ;
#874 = CARTESIAN_POINT ( 'NONE',  ( 2.741087211002079194, -0.2010872110020796577, 8.584387938363944315 ) ) ;
#875 = AXIS2_PLACEMENT_3D ( 'NONE', #2455, #4369, #4878 ) ;
#876 = VERTEX_POINT ( 'NONE', #3754 ) ;
#877 = DIRECTION ( 'NONE',  ( 0.000000000000000000, 0.000000000000000000, 1.000000000000000000 ) ) ;
#878 = DIRECTION ( 'NONE',  ( -6.842277657836020854E-49, 5.078189165123089681E-17, -1.000000000000000000 ) ) ;
#879 = DIRECTION ( 'NONE',  ( -6.842277657836020854E-49, 5.078189165123089681E-17, -1.000000000000000000 ) ) ;
#880 = VECTOR ( 'NONE', #4160, 1000.000000000000000 ) ;
#881 = ADVANCED_FACE ( 'NONE', ( #1389 ), #4469, .F. ) ;
#882 = DIRECTION ( 'NONE',  ( 0.000000000000000000, -1.000000000000000000, 0.000000000000000000 ) ) ;
#883 = VERTEX_POINT ( 'NONE', #7726 ) ;
#884 =( NAMED_UNIT ( * ) PLANE_ANGLE_UNIT ( ) SI_UNIT ( $, .RADIAN. ) );
#885 = VERTEX_POINT ( 'NONE', #6413 ) ;
#886 = DIRECTION ( 'NONE',  ( 1.000000000000000000, 0.000000000000000000, 0.000000000000000000 ) ) ;
#887 =( GEOMETRIC_REPRESENTATION_CONTEXT ( 3 ) GLOBAL_UNCERTAINTY_ASSIGNED_CONTEXT ( ( #7034 ) ) GLOBAL_UNIT_ASSIGNED_CONTEXT ( ( #8144, #412, #7912 ) ) REPRESENTATION_CONTEXT ( 'NONE', 'WORKASPACE' ) );
#888 = LINE ( 'NONE', #2584, #6498 ) ;
#889 = CARTESIAN_POINT ( 'NONE',  ( 2.338912788997920877, 2.338912788997920877, 8.584387938363944315 ) ) ;
#890 = PRESENTATION_STYLE_ASSIGNMENT (( #165 ) ) ;
#891 = LINE ( 'NONE', #4940, #6784 ) ;
#892 = ORIENTED_EDGE ( 'NONE', *, *, #5267, .T. ) ;
#893 = FILL_AREA_STYLE_COLOUR ( '', #2057 ) ;
#894 = SURFACE_STYLE_FILL_AREA ( #2902 ) ;
#895 = FACE_OUTER_BOUND ( 'NONE', #6464, .T. ) ;
#896 = FACE_OUTER_BOUND ( 'NONE', #5393, .T. ) ;
#897 = CARTESIAN_POINT ( 'NONE',  ( -0.2578255419175595753, -1.149999999999998579, 0.7718528645085288575 ) ) ;
#898 = COLOUR_RGB ( '',0.9686274509803921573, 0.8784313725490195957, 0.5999999999999999778 ) ;
#899 = FILL_AREA_STYLE ('',( #1509 ) ) ;
#900 = ORIENTED_EDGE ( 'NONE', *, *, #6071, .T. ) ;
#901 = B_SPLINE_SURFACE_WITH_KNOTS ( 'NONE', 1, 3, ( 
 ( #2264, #4813, #4857, #3597, #1077, #7394, #1731, #1280, #3089, #1946, #1359, #4479, #5679, #3260, #3220, #4434, #7525, #7614 ),
 ( #1234, #1852, #68, #4386, #6992, #5799, #8184, #5762, #1986, #1321, #3847, #6377, #569, #6903, #701, #18, #3764, #2598 ) ),
 .UNSPECIFIED., .F., .F., .F.,
 ( 2, 2 ),
 ( 4, 3, 2, 2, 2, 2, 3, 4 ),
 ( 0.000000000000000000, 1.000000000000000000 ),
 ( -0.01648573236190514768, 0.000000000000000000, 0.2500000000000000000, 0.3750000000000000000, 0.5000000000000000000, 0.7500000000000000000, 1.000000000000000000, 1.012594183274070136 ),
 .UNSPECIFIED. ) ;
#902 = ADVANCED_FACE ( 'NONE', ( #5384 ), #1426, .F. ) ;
#903 = ORIENTED_EDGE ( 'NONE', *, *, #3491, .F. ) ;
#904 = LINE ( 'NONE', #2801, #747 ) ;
#905 = PLANE ( 'NONE',  #7692 ) ;
#906 = EDGE_CURVE ( 'NONE', #6063, #369, #3915, .T. ) ;
#907 = UNCERTAINTY_MEASURE_WITH_UNIT (LENGTH_MEASURE( 1.000000000000000082E-05 ), #1310, 'distance_accuracy_value', 'NONE');
#908 = VECTOR ( 'NONE', #4795, 1000.000000000000000 ) ;
#909 = PLANE ( 'NONE',  #6132 ) ;
#910 = CARTESIAN_POINT ( 'NONE',  ( 2.283999999999999808, 5.400000000000000355, -2.359999999999988773 ) ) ;
#911 = ORIENTED_EDGE ( 'NONE', *, *, #6529, .T. ) ;
#912 = SURFACE_SIDE_STYLE ('',( #5305 ) ) ;
#913 = VERTEX_POINT ( 'NONE', #5915 ) ;
#914 = ADVANCED_FACE ( 'NONE', ( #7807 ), #7767, .F. ) ;
#915 = DIRECTION ( 'NONE',  ( -0.7071067811865493491, 0.7071067811865456854, 0.000000000000000000 ) ) ;
#916 = VECTOR ( 'NONE', #5911, 1000.000000000000114 ) ;
#917 = ORIENTED_EDGE ( 'NONE', *, *, #2299, .T. ) ;
#918 = DIRECTION ( 'NONE',  ( 0.9396926207859079838, 0.3420201433256698786, 0.000000000000000000 ) ) ;
#919 = DIRECTION ( 'NONE',  ( 0.000000000000000000, -1.000000000000000000, 0.000000000000000000 ) ) ;
#920 = UNCERTAINTY_MEASURE_WITH_UNIT (LENGTH_MEASURE( 1.000000000000000082E-05 ), #604, 'distance_accuracy_value', 'NONE');
#921 = EDGE_CURVE ( 'NONE', #6636, #3620, #858, .T. ) ;
#922 = CARTESIAN_POINT ( 'NONE',  ( -0.2559999999999999498, 2.283999999999999364, 8.550000000000000711 ) ) ;
#923 = CARTESIAN_POINT ( 'NONE',  ( 0.1665885810817072654, -1.269999999999995133, 0.7707336829929021249 ) ) ;
#924 = AXIS2_PLACEMENT_3D ( 'NONE', #1204, #4938, #4317 ) ;
#925 = DIRECTION ( 'NONE',  ( 0.000000000000000000, -0.000000000000000000, -1.000000000000000000 ) ) ;
#926 = ORIENTED_EDGE ( 'NONE', *, *, #2372, .T. ) ;
#927 = ORIENTED_EDGE ( 'NONE', *, *, #4567, .F. ) ;
#928 = EDGE_CURVE ( 'NONE', #6426, #6919, #5954, .T. ) ;
#929 = SURFACE_STYLE_FILL_AREA ( #2043 ) ;
#930 = CARTESIAN_POINT ( 'NONE',  ( -0.2071507323465818784, 4.872849267653418082, 8.550000000000000711 ) ) ;
#931 = DIRECTION ( 'NONE',  ( 8.470329472543003391E-17, -1.000000000000000000, 0.000000000000000000 ) ) ;
#932 = SURFACE_SIDE_STYLE ('',( #4623 ) ) ;
#933 = VERTEX_POINT ( 'NONE', #7220 ) ;
#934 = SURFACE_STYLE_FILL_AREA ( #2581 ) ;
#935 = CARTESIAN_POINT ( 'NONE',  ( 0.2402472990307143175, -1.149999999999999023, 1.205113941465184357 ) ) ;
#936 = PRESENTATION_LAYER_ASSIGNMENT (  '', '', ( #5830 ) ) ;
#937 = EDGE_CURVE ( 'NONE', #885, #4329, #3382, .T. ) ;
#938 = FACE_OUTER_BOUND ( 'NONE', #5745, .T. ) ;
#939 = VECTOR ( 'NONE', #2315, 1000.000000000000000 ) ;
#940 = EDGE_LOOP ( 'NONE', ( #2975, #7801, #7594, #952 ) ) ;
#941 = LINE ( 'NONE', #7888, #4838 ) ;
#942 = ORIENTED_EDGE ( 'NONE', *, *, #1713, .F. ) ;
#943 = PLANE ( 'NONE',  #5777 ) ;
#944 =( NAMED_UNIT ( * ) PLANE_ANGLE_UNIT ( ) SI_UNIT ( $, .RADIAN. ) );
#945 = DIRECTION ( 'NONE',  ( 0.000000000000000000, -0.9848077530122085754, 0.1736481776669278054 ) ) ;
#946 = VECTOR ( 'NONE', #3471, 1000.000000000000000 ) ;
#947 = CARTESIAN_POINT ( 'NONE',  ( -0.2349397590361448074, -1.270000000000000018, 1.691121987951807348 ) ) ;
#948 = DIRECTION ( 'NONE',  ( 0.9848077530122085754, 8.341646135128160883E-17, 0.1736481776669273891 ) ) ;
#949 = EDGE_CURVE ( 'NONE', #3786, #7538, #430, .T. ) ;
#950 = VERTEX_POINT ( 'NONE', #2327 ) ;
#951 = CARTESIAN_POINT ( 'NONE',  ( 2.796000000000000263, -0.2560000000000007825, 8.550000000000000711 ) ) ;
#952 = ORIENTED_EDGE ( 'NONE', *, *, #7142, .F. ) ;
#953 = EDGE_CURVE ( 'NONE', #1696, #7863, #3541, .T. ) ;
#954 = DIRECTION ( 'NONE',  ( 6.842277657836020854E-49, -5.078189165123089681E-17, 1.000000000000000000 ) ) ;
#955 = VERTEX_POINT ( 'NONE', #5503 ) ;
#956 = VECTOR ( 'NONE', #4497, 1000.000000000000000 ) ;
#957 = DIRECTION ( 'NONE',  ( 0.9848077530122085754, 8.341646135128160883E-17, 0.1736481776669273891 ) ) ;
#958 = ORIENTED_EDGE ( 'NONE', *, *, #6680, .T. ) ;
#959 = VERTEX_POINT ( 'NONE', #1757 ) ;
#960 = MECHANICAL_DESIGN_GEOMETRIC_PRESENTATION_REPRESENTATION (  '', ( #2144 ), #4012 ) ;
#961 = VECTOR ( 'NONE', #4866, 1000.000000000000000 ) ;
#962 = CARTESIAN_POINT ( 'NONE',  ( 3.709999999999999964, -1.019999999999999130, 0.5999999999999998668 ) ) ;
#963 = FILL_AREA_STYLE ('',( #7171 ) ) ;
#964 = SURFACE_STYLE_USAGE ( .BOTH. , #3487 ) ;
#965 = CARTESIAN_POINT ( 'NONE',  ( 1.019999999999999796, -1.270000000000000240, 2.500000000000000000 ) ) ;
#966 = ADVANCED_FACE ( 'NONE', ( #3026 ), #4290, .F. ) ;
#967 = ORIENTED_EDGE ( 'NONE', *, *, #2349, .F. ) ;
#968 = DIRECTION ( 'NONE',  ( -8.470329472543003391E-17, 1.000000000000000000, 0.000000000000000000 ) ) ;
#969 = CARTESIAN_POINT ( 'NONE',  ( 0.2349646446460525451, -1.270000000000001128, 1.099513820278370968 ) ) ;
#970 = SURFACE_STYLE_FILL_AREA ( #4747 ) ;
#971 =( GEOMETRIC_REPRESENTATION_CONTEXT ( 3 ) GLOBAL_UNCERTAINTY_ASSIGNED_CONTEXT ( ( #1473 ) ) GLOBAL_UNIT_ASSIGNED_CONTEXT ( ( #6353, #2003, #124 ) ) REPRESENTATION_CONTEXT ( 'NONE', 'WORKASPACE' ) );
#972 = FACE_OUTER_BOUND ( 'NONE', #2155, .T. ) ;
#973 = FACE_OUTER_BOUND ( 'NONE', #114, .T. ) ;
#974 = MECHANICAL_DESIGN_GEOMETRIC_PRESENTATION_REPRESENTATION (  '', ( #4821 ), #3096 ) ;
#975 = EDGE_CURVE ( 'NONE', #4077, #5480, #6121, .T. ) ;
#976 =( NAMED_UNIT ( * ) SI_UNIT ( $, .STERADIAN. ) SOLID_ANGLE_UNIT ( ) );
#977 =( GEOMETRIC_REPRESENTATION_CONTEXT ( 3 ) GLOBAL_UNCERTAINTY_ASSIGNED_CONTEXT ( ( #7612 ) ) GLOBAL_UNIT_ASSIGNED_CONTEXT ( ( #2817, #5275, #7201 ) ) REPRESENTATION_CONTEXT ( 'NONE', 'WORKASPACE' ) );
#978 = CARTESIAN_POINT ( 'NONE',  ( 1.019999999999999796, -0.7900000000000003686, 0.6000000000000000888 ) ) ;
#979 = CARTESIAN_POINT ( 'NONE',  ( 0.2470721000592434324, -1.236666666993912589, 1.692703082611976662 ) ) ;
#980 = EDGE_CURVE ( 'NONE', #6543, #8066, #3660, .T. ) ;
#981 = ORIENTED_EDGE ( 'NONE', *, *, #2763, .T. ) ;
#982 = DIRECTION ( 'NONE',  ( -0.7071067811865515695, -0.000000000000000000, -0.7071067811865435759 ) ) ;
#983 = ORIENTED_EDGE ( 'NONE', *, *, #2993, .F. ) ;
#984 = MECHANICAL_DESIGN_GEOMETRIC_PRESENTATION_REPRESENTATION (  '', ( #8114 ), #5885 ) ;
#985 = STYLED_ITEM ( 'NONE', ( #500 ), #174 ) ;
#986 = UNCERTAINTY_MEASURE_WITH_UNIT (LENGTH_MEASURE( 1.000000000000000082E-05 ), #3297, 'distance_accuracy_value', 'NONE');
#987 = FACE_OUTER_BOUND ( 'NONE', #8134, .T. ) ;
#988 = PRESENTATION_STYLE_ASSIGNMENT (( #8099 ) ) ;
#989 = MECHANICAL_DESIGN_GEOMETRIC_PRESENTATION_REPRESENTATION (  '', ( #7725 ), #1774 ) ;
#990 = AXIS2_PLACEMENT_3D ( 'NONE', #5362, #1571, #2929 ) ;
#991 = ORIENTED_EDGE ( 'NONE', *, *, #4487, .T. ) ;
#992 =( NAMED_UNIT ( * ) SI_UNIT ( $, .STERADIAN. ) SOLID_ANGLE_UNIT ( ) );
#993 = ORIENTED_EDGE ( 'NONE', *, *, #7922, .F. ) ;
#994 = LINE ( 'NONE', #6055, #868 ) ;
#995 = EDGE_LOOP ( 'NONE', ( #7950, #1263, #5967, #7381, #194 ) ) ;
#996 = COLOUR_RGB ( '',1.000000000000000000, 0.8431372549019607865, 0.000000000000000000 ) ;
#997 = AXIS2_PLACEMENT_3D ( 'NONE', #5466, #3632, #1806 ) ;
#998 = CARTESIAN_POINT ( 'NONE',  ( 2.540000000000000036, 5.079999999999999183, 8.550000000000000711 ) ) ;
#999 = UNCERTAINTY_MEASURE_WITH_UNIT (LENGTH_MEASURE( 1.000000000000000082E-05 ), #3365, 'distance_accuracy_value', 'NONE');
#1000 = CARTESIAN_POINT ( 'NONE',  ( 2.283999999999999808, 2.795999999999999375, 8.550000000000000711 ) ) ;
#1001 = FILL_AREA_STYLE_COLOUR ( '', #2932 ) ;
#1002 = STYLED_ITEM ( 'NONE', ( #7761 ), #2032 ) ;
#1003 =( BOUNDED_CURVE ( )  B_SPLINE_CURVE ( 3, ( #3451, #1544, #6480, #7251 ),
 .UNSPECIFIED., .F., .F. ) 
 B_SPLINE_CURVE_WITH_KNOTS ( ( 4, 4 ),
 ( 2.356194490192339508, 3.141592653589793116 ),
 .UNSPECIFIED. ) 
 CURVE ( )  GEOMETRIC_REPRESENTATION_ITEM ( )  RATIONAL_B_SPLINE_CURVE ( ( 1.000000000000000000, 0.9492530216741903448, 0.9492530216741903448, 1.000000000000000000 ) ) 
 REPRESENTATION_ITEM ( '' )  );
#1004 = FILL_AREA_STYLE_COLOUR ( '', #6026 ) ;
#1005 = ORIENTED_EDGE ( 'NONE', *, *, #7135, .F. ) ;
#1006 = PRESENTATION_STYLE_ASSIGNMENT (( #6672 ) ) ;
#1007 = ORIENTED_EDGE ( 'NONE', *, *, #2311, .T. ) ;
#1008 = CARTESIAN_POINT ( 'NONE',  ( 0.1573126152956374479, -1.169999999999999929, 1.806397023426621118 ) ) ;
#1009 = EDGE_CURVE ( 'NONE', #6704, #7591, #4209, .T. ) ;
#1010 = SURFACE_STYLE_USAGE ( .BOTH. , #6677 ) ;
#1011 = CARTESIAN_POINT ( 'NONE',  ( -0.3199999999999999512, 2.795999999999999375, 8.550000000000000711 ) ) ;
#1012 = STYLED_ITEM ( 'NONE', ( #7952 ), #2321 ) ;
#1013 = FACE_OUTER_BOUND ( 'NONE', #139, .T. ) ;
#1014 = ADVANCED_FACE ( 'NONE', ( #6731 ), #1026, .F. ) ;
#1015 = ORIENTED_EDGE ( 'NONE', *, *, #6879, .T. ) ;
#1016 = VECTOR ( 'NONE', #7299, 1000.000000000000227 ) ;
#1017 = PLANE ( 'NONE',  #7338 ) ;
#1018 = EDGE_CURVE ( 'NONE', #2617, #1838, #1262, .T. ) ;
#1019 = CARTESIAN_POINT ( 'NONE',  ( 0.2352773025081803804, -1.149999999999999023, 1.210517445307732753 ) ) ;
#1020 = EDGE_CURVE ( 'NONE', #1490, #4877, #3826, .T. ) ;
#1021 = DIRECTION ( 'NONE',  ( -1.000000000000000000, -8.470329472543003391E-17, -4.301393535249064745E-33 ) ) ;
#1022 = DIRECTION ( 'NONE',  ( -0.9848077530122085754, -8.341646135128160883E-17, 0.1736481776669273891 ) ) ;
#1023 = EDGE_CURVE ( 'NONE', #8040, #5697, #6888, .T. ) ;
#1024 = CARTESIAN_POINT ( 'NONE',  ( -0.3199999999999999512, 0.2732007105321401230, -2.359999999999986997 ) ) ;
#1025 = LINE ( 'NONE', #3303, #5994 ) ;
#1026 = PLANE ( 'NONE',  #1908 ) ;
#1027 = EDGE_LOOP ( 'NONE', ( #4633, #3025, #7184, #7148, #3165, #3742 ) ) ;
#1028 =( NAMED_UNIT ( * ) PLANE_ANGLE_UNIT ( ) SI_UNIT ( $, .RADIAN. ) );
#1029 = EDGE_LOOP ( 'NONE', ( #3011, #7434, #273, #7770, #1238, #2847 ) ) ;
#1030 = EDGE_CURVE ( 'NONE', #6383, #2429, #1448, .T. ) ;
#1031 = LINE ( 'NONE', #1677, #6306 ) ;
#1032 = CARTESIAN_POINT ( 'NONE',  ( -0.2604139838411276830, -1.200010142570198779, 1.691655309560962106 ) ) ;
#1033 = VECTOR ( 'NONE', #4937, 1000.000000000000000 ) ;
#1034 = PRESENTATION_STYLE_ASSIGNMENT (( #7820 ) ) ;
#1035 = ORIENTED_EDGE ( 'NONE', *, *, #2573, .T. ) ;
#1036 = LINE ( 'NONE', #4852, #7068 ) ;
#1037 = EDGE_LOOP ( 'NONE', ( #2059, #5526, #3072, #991, #7951, #6560 ) ) ;
#1038 = CARTESIAN_POINT ( 'NONE',  ( 0.3134175730544422889, 2.250907905062563774, -2.397330798265291829 ) ) ;
#1039 =( NAMED_UNIT ( * ) PLANE_ANGLE_UNIT ( ) SI_UNIT ( $, .RADIAN. ) );
#1040 = CARTESIAN_POINT ( 'NONE',  ( -0.09036144578313276554, -1.270000000000000018, 0.9145783132530121984 ) ) ;
#1041 = SURFACE_STYLE_USAGE ( .BOTH. , #524 ) ;
#1042 = PRESENTATION_LAYER_ASSIGNMENT (  '', '', ( #3007 ) ) ;
#1043 = PLANE ( 'NONE',  #5499 ) ;
#1044 = VERTEX_POINT ( 'NONE', #2115 ) ;
#1045 = CARTESIAN_POINT ( 'NONE',  ( 2.796000000000000263, 0.3199999999999998401, -2.359999999999988773 ) ) ;
#1046 = ORIENTED_EDGE ( 'NONE', *, *, #5822, .F. ) ;
#1047 = CARTESIAN_POINT ( 'NONE',  ( 0.1568957002885583152, -1.203333333787206305, 1.794264682119217635 ) ) ;
#1048 = PRESENTATION_STYLE_ASSIGNMENT (( #1010 ) ) ;
#1049 = LINE ( 'NONE', #3445, #2519 ) ;
#1050 = CARTESIAN_POINT ( 'NONE',  ( -1.020000000000000462, 6.099999999999998757, 0.000000000000000000 ) ) ;
#1051 = VECTOR ( 'NONE', #250, 999.9999999999998863 ) ;
#1052 = SURFACE_SIDE_STYLE ('',( #6297 ) ) ;
#1053 =( BOUNDED_CURVE ( )  B_SPLINE_CURVE ( 3, ( #5663, #4881, #3705, #2374 ),
 .UNSPECIFIED., .F., .F. ) 
 B_SPLINE_CURVE_WITH_KNOTS ( ( 4, 4 ),
 ( 3.141592653589793560, 3.926990816987244948 ),
 .UNSPECIFIED. ) 
 CURVE ( )  GEOMETRIC_REPRESENTATION_ITEM ( )  RATIONAL_B_SPLINE_CURVE ( ( 1.000000000000000000, 0.9492530216741906779, 0.9492530216741906779, 1.000000000000000000 ) ) 
 REPRESENTATION_ITEM ( '' )  );
#1054 = EDGE_CURVE ( 'NONE', #4182, #5093, #4287, .T. ) ;
#1055 = ORIENTED_EDGE ( 'NONE', *, *, #6618, .F. ) ;
#1056 = DIRECTION ( 'NONE',  ( 0.000000000000000000, 0.000000000000000000, 1.000000000000000000 ) ) ;
#1057 =( NAMED_UNIT ( * ) SI_UNIT ( $, .STERADIAN. ) SOLID_ANGLE_UNIT ( ) );
#1058 = ADVANCED_FACE ( 'NONE', ( #6509 ), #7167, .F. ) ;
#1059 = CARTESIAN_POINT ( 'NONE',  ( 2.841254833995939588, 4.778745166004060074, 8.016309119164535701 ) ) ;
#1060 = VERTEX_POINT ( 'NONE', #5657 ) ;
#1061 =( GEOMETRIC_REPRESENTATION_CONTEXT ( 3 ) GLOBAL_UNCERTAINTY_ASSIGNED_CONTEXT ( ( #1638 ) ) GLOBAL_UNIT_ASSIGNED_CONTEXT ( ( #4288, #6811, #4837 ) ) REPRESENTATION_CONTEXT ( 'NONE', 'WORKASPACE' ) );
#1062 = ORIENTED_EDGE ( 'NONE', *, *, #5720, .T. ) ;
#1063 = DIRECTION ( 'NONE',  ( -6.842277657836020854E-49, 5.078189165123089681E-17, -1.000000000000000000 ) ) ;
#1064 = FILL_AREA_STYLE_COLOUR ( '', #7907 ) ;
#1065 = CARTESIAN_POINT ( 'NONE',  ( -0.2559999999999999498, -0.3200000000000006728, 7.909999999999988596 ) ) ;
#1066 = UNCERTAINTY_MEASURE_WITH_UNIT (LENGTH_MEASURE( 1.000000000000000082E-05 ), #3447, 'distance_accuracy_value', 'NONE');
#1067 = DIRECTION ( 'NONE',  ( -0.3420201433256691015, -0.9396926207859083169, 0.000000000000000000 ) ) ;
#1068 = ADVANCED_FACE ( 'NONE', ( #5031 ), #7131, .F. ) ;
#1069 = DIRECTION ( 'NONE',  ( -0.000000000000000000, 0.000000000000000000, 1.000000000000000000 ) ) ;
#1070 = ORIENTED_EDGE ( 'NONE', *, *, #6792, .F. ) ;
#1071 = LINE ( 'NONE', #8021, #1384 ) ;
#1072 = EDGE_LOOP ( 'NONE', ( #435, #4050, #7849, #7548, #6329, #592 ) ) ;
#1073 = AXIS2_PLACEMENT_3D ( 'NONE', #7294, #6080, #382 ) ;
#1074 = FILL_AREA_STYLE_COLOUR ( '', #5848 ) ;
#1075 = DIRECTION ( 'NONE',  ( -8.470329472543003391E-17, 1.000000000000000000, 0.000000000000000000 ) ) ;
#1076 = UNCERTAINTY_MEASURE_WITH_UNIT (LENGTH_MEASURE( 1.000000000000000082E-05 ), #2227, 'distance_accuracy_value', 'NONE');
#1077 = CARTESIAN_POINT ( 'NONE',  ( 0.1665134645258972979, -1.270000000000003126, 1.769280657417294567 ) ) ;
#1078 =( NAMED_UNIT ( * ) SI_UNIT ( $, .STERADIAN. ) SOLID_ANGLE_UNIT ( ) );
#1079 = COLOUR_RGB ( '',0.9686274509803921573, 0.8784313725490195957, 0.5999999999999999778 ) ;
#1080 =( NAMED_UNIT ( * ) SI_UNIT ( $, .STERADIAN. ) SOLID_ANGLE_UNIT ( ) );
#1081 = VERTEX_POINT ( 'NONE', #2535 ) ;
#1082 =( NAMED_UNIT ( * ) SI_UNIT ( $, .STERADIAN. ) SOLID_ANGLE_UNIT ( ) );
#1083 = ORIENTED_EDGE ( 'NONE', *, *, #2539, .F. ) ;
#1084 = EDGE_CURVE ( 'NONE', #7591, #6648, #4459, .T. ) ;
#1085 = FILL_AREA_STYLE ('',( #3013 ) ) ;
#1086 = CARTESIAN_POINT ( 'NONE',  ( 2.860000000000000320, 2.795999999999999819, -2.359999999999988773 ) ) ;
#1087 = CARTESIAN_POINT ( 'NONE',  ( 2.741087211002079194, 5.281087211002079229, 8.584387938363944315 ) ) ;
#1088 = STYLED_ITEM ( 'NONE', ( #5838 ), #6030 ) ;
#1089 = FACE_BOUND ( 'NONE', #388, .T. ) ;
#1090 =( LENGTH_UNIT ( ) NAMED_UNIT ( * ) SI_UNIT ( .MILLI., .METRE. ) );
#1091 = VERTEX_POINT ( 'NONE', #4411 ) ;
#1092 = MECHANICAL_DESIGN_GEOMETRIC_PRESENTATION_REPRESENTATION (  '', ( #4669 ), #7046 ) ;
#1093 = PRESENTATION_LAYER_ASSIGNMENT (  '', '', ( #4796 ) ) ;
#1094 = FILL_AREA_STYLE ('',( #6114 ) ) ;
#1095 = CARTESIAN_POINT ( 'NONE',  ( -0.07143487197225274754, -1.217999665826966060, 0.9335048870638922303 ) ) ;
#1096 = CARTESIAN_POINT ( 'NONE',  ( 1.270000000000000018, -1.019999999999999130, 0.5999999999999998668 ) ) ;
#1097 = DIRECTION ( 'NONE',  ( -0.1710878697460326558, -0.1710878697460326836, 0.9702875252478149193 ) ) ;
#1098 = CARTESIAN_POINT ( 'NONE',  ( 2.332849267653417602, 2.540000000000000036, -3.000000000000000000 ) ) ;
#1099 = CARTESIAN_POINT ( 'NONE',  ( -7.882076973061381358E-17, -1.169999999999999929, 1.420349964525186914 ) ) ;
#1100 = VECTOR ( 'NONE', #6029, 1000.000000000000000 ) ;
#1101 = ADVANCED_FACE ( 'NONE', ( #3991 ), #677, .T. ) ;
#1102 = ORIENTED_EDGE ( 'NONE', *, *, #5418, .F. ) ;
#1103 = VECTOR ( 'NONE', #4334, 1000.000000000000000 ) ;
#1104 = ORIENTED_EDGE ( 'NONE', *, *, #2923, .T. ) ;
#1105 = PRESENTATION_STYLE_ASSIGNMENT (( #8094 ) ) ;
#1106 = CARTESIAN_POINT ( 'NONE',  ( -0.2349815657172372174, -1.170000000000001483, 1.359373991834632145 ) ) ;
#1107 = DIRECTION ( 'NONE',  ( 6.842277657836020854E-49, -5.078189165123089681E-17, 1.000000000000000000 ) ) ;
#1108 = MECHANICAL_DESIGN_GEOMETRIC_PRESENTATION_REPRESENTATION (  '', ( #439 ), #6652 ) ;
#1109 = LINE ( 'NONE', #5549, #3474 ) ;
#1110 = EDGE_CURVE ( 'NONE', #45, #2810, #784, .T. ) ;
#1111 = VECTOR ( 'NONE', #4717, 1000.000000000000000 ) ;
#1112 =( NAMED_UNIT ( * ) SI_UNIT ( $, .STERADIAN. ) SOLID_ANGLE_UNIT ( ) );
#1113 = MECHANICAL_DESIGN_GEOMETRIC_PRESENTATION_REPRESENTATION (  '', ( #5218 ), #4944 ) ;
#1114 = ORIENTED_EDGE ( 'NONE', *, *, #4907, .T. ) ;
#1115 = ORIENTED_EDGE ( 'NONE', *, *, #3572, .T. ) ;
#1116 = EDGE_CURVE ( 'NONE', #5002, #7475, #5481, .T. ) ;
#1117 = ADVANCED_FACE ( 'NONE', ( #7830 ), #5981, .T. ) ;
#1118 = LINE ( 'NONE', #8027, #5354 ) ;
#1119 = CARTESIAN_POINT ( 'NONE',  ( 0.3200000000000000622, 2.795999999999999375, 7.909999999999988596 ) ) ;
#1120 = ORIENTED_EDGE ( 'NONE', *, *, #1507, .F. ) ;
#1121 = FACE_OUTER_BOUND ( 'NONE', #494, .T. ) ;
#1122 = ORIENTED_EDGE ( 'NONE', *, *, #2156, .T. ) ;
#1123 = COLOUR_RGB ( '',1.000000000000000000, 0.8431372549019607865, 0.000000000000000000 ) ;
#1124 = ORIENTED_EDGE ( 'NONE', *, *, #7957, .T. ) ;
#1125 = VECTOR ( 'NONE', #7740, 1000.000000000000114 ) ;
#1126 = CARTESIAN_POINT ( 'NONE',  ( 0.3200000000000000622, -0.2732007105321409557, 7.909999999999986819 ) ) ;
#1127 = DIRECTION ( 'NONE',  ( 1.000000000000000000, 0.000000000000000000, -0.000000000000000000 ) ) ;
#1128 = FACE_OUTER_BOUND ( 'NONE', #6291, .T. ) ;
#1129 = CARTESIAN_POINT ( 'NONE',  ( 1.220000000000000639, -0.7900000000000003686, 0.6500000000000001332 ) ) ;
#1130 = DIRECTION ( 'NONE',  ( -8.470329472543003391E-17, 1.000000000000000000, 0.000000000000000000 ) ) ;
#1131 = MECHANICAL_DESIGN_GEOMETRIC_PRESENTATION_REPRESENTATION (  '', ( #735 ), #2574 ) ;
#1132 = ORIENTED_EDGE ( 'NONE', *, *, #4506, .T. ) ;
#1133 =( NAMED_UNIT ( * ) PLANE_ANGLE_UNIT ( ) SI_UNIT ( $, .RADIAN. ) );
#1134 = VECTOR ( 'NONE', #5242, 1000.000000000000000 ) ;
#1135 = LINE ( 'NONE', #1171, #4883 ) ;
#1136 = SURFACE_STYLE_FILL_AREA ( #7963 ) ;
#1137 =( NAMED_UNIT ( * ) SI_UNIT ( $, .STERADIAN. ) SOLID_ANGLE_UNIT ( ) );
#1138 = DIRECTION ( 'NONE',  ( 0.000000000000000000, -0.9848077530122085754, 0.1736481776669273891 ) ) ;
#1139 = ORIENTED_EDGE ( 'NONE', *, *, #6519, .F. ) ;
#1140 =( NAMED_UNIT ( * ) PLANE_ANGLE_UNIT ( ) SI_UNIT ( $, .RADIAN. ) );
#1141 = ORIENTED_EDGE ( 'NONE', *, *, #5497, .T. ) ;
#1142 = DIRECTION ( 'NONE',  ( -8.470329472543003391E-17, 1.000000000000000000, 0.000000000000000000 ) ) ;
#1143 = ORIENTED_EDGE ( 'NONE', *, *, #3039, .F. ) ;
#1144 = LINE ( 'NONE', #4372, #6049 ) ;
#1145 = CARTESIAN_POINT ( 'NONE',  ( -0.2713053850547533785, -1.169999999999995266, 1.456522968118982186 ) ) ;
#1146 = DIRECTION ( 'NONE',  ( 0.000000000000000000, 0.000000000000000000, 1.000000000000000000 ) ) ;
#1147 = UNCERTAINTY_MEASURE_WITH_UNIT (LENGTH_MEASURE( 1.000000000000000082E-05 ), #7447, 'distance_accuracy_value', 'NONE');
#1148 = LINE ( 'NONE', #6168, #1851 ) ;
#1149 = ADVANCED_FACE ( 'NONE', ( #4771 ), #3441, .T. ) ;
#1150 = SURFACE_SIDE_STYLE ('',( #8059 ) ) ;
#1151 = ORIENTED_EDGE ( 'NONE', *, *, #2715, .F. ) ;
#1152 = CARTESIAN_POINT ( 'NONE',  ( 3.559999999999999165, 6.099999999999998757, 2.500000000000000000 ) ) ;
#1153 = ORIENTED_EDGE ( 'NONE', *, *, #866, .T. ) ;
#1154 = ADVANCED_FACE ( 'NONE', ( #5437 ), #283, .T. ) ;
#1155 = CYLINDRICAL_SURFACE ( 'NONE', #3326, 0.06399999999999982092 ) ;
#1156 = UNCERTAINTY_MEASURE_WITH_UNIT (LENGTH_MEASURE( 1.000000000000000082E-05 ), #6437, 'distance_accuracy_value', 'NONE');
#1157 = CYLINDRICAL_SURFACE ( 'NONE', #1902, 0.06399999999999982092 ) ;
#1158 =( NAMED_UNIT ( * ) SI_UNIT ( $, .STERADIAN. ) SOLID_ANGLE_UNIT ( ) );
#1159 = ADVANCED_FACE ( 'NONE', ( #6103 ), #4231, .T. ) ;
#1160 = ORIENTED_EDGE ( 'NONE', *, *, #5583, .T. ) ;
#1161 = CARTESIAN_POINT ( 'NONE',  ( 3.809999999999999165, 6.099999999999998757, 2.350000000000000089 ) ) ;
#1162 = STYLED_ITEM ( 'NONE', ( #2314 ), #2903 ) ;
#1163 = ORIENTED_EDGE ( 'NONE', *, *, #5923, .F. ) ;
#1164 = CARTESIAN_POINT ( 'NONE',  ( 0.2713252480996607985, -1.169999999999998597, 1.693495221222854896 ) ) ;
#1165 = DIRECTION ( 'NONE',  ( 1.000000000000000000, -1.408054769461694189E-16, 0.000000000000000000 ) ) ;
#1166 = EDGE_CURVE ( 'NONE', #5592, #6001, #6214, .T. ) ;
#1167 = CARTESIAN_POINT ( 'NONE',  ( 2.853417573054442435, 2.250907905062562886, 7.947330798265289431 ) ) ;
#1168 = ORIENTED_EDGE ( 'NONE', *, *, #4709, .T. ) ;
#1169 =( NAMED_UNIT ( * ) PLANE_ANGLE_UNIT ( ) SI_UNIT ( $, .RADIAN. ) );
#1170 = AXIS2_PLACEMENT_3D ( 'NONE', #7411, #1747, #4986 ) ;
#1171 = CARTESIAN_POINT ( 'NONE',  ( 2.540000000000000036, 0.2071507323465822670, -3.000000000000000000 ) ) ;
#1172 = FILL_AREA_STYLE_COLOUR ( '', #1739 ) ;
#1173 = FACE_OUTER_BOUND ( 'NONE', #5297, .T. ) ;
#1174 = LINE ( 'NONE', #5500, #4414 ) ;
#1175 = CARTESIAN_POINT ( 'NONE',  ( 2.853417573054442435, -0.2890920949374362059, -2.397330798265291385 ) ) ;
#1176 = ORIENTED_EDGE ( 'NONE', *, *, #1446, .T. ) ;
#1177 = DIRECTION ( 'NONE',  ( 8.470329472543003391E-17, -1.000000000000000000, 0.000000000000000000 ) ) ;
#1178 = VERTEX_POINT ( 'NONE', #4896 ) ;
#1179 =( LENGTH_UNIT ( ) NAMED_UNIT ( * ) SI_UNIT ( .MILLI., .METRE. ) );
#1180 = ORIENTED_EDGE ( 'NONE', *, *, #8147, .T. ) ;
#1181 = DIRECTION ( 'NONE',  ( 0.000000000000000000, -1.000000000000000000, 0.000000000000000000 ) ) ;
#1182 = CARTESIAN_POINT ( 'NONE',  ( -0.2071507323465823780, 0.2071507323465822670, -3.000000000000000000 ) ) ;
#1183 = CARTESIAN_POINT ( 'NONE',  ( 1.519999999999999574, 6.099999999999998757, 2.500000000000000000 ) ) ;
#1184 =( LENGTH_UNIT ( ) NAMED_UNIT ( * ) SI_UNIT ( .MILLI., .METRE. ) );
#1185 = CARTESIAN_POINT ( 'NONE',  ( 1.520000000000000240, -1.019999999999998908, 0.000000000000000000 ) ) ;
#1186 =( LENGTH_UNIT ( ) NAMED_UNIT ( * ) SI_UNIT ( .MILLI., .METRE. ) );
#1187 = ORIENTED_EDGE ( 'NONE', *, *, #6982, .T. ) ;
#1188 = SURFACE_STYLE_FILL_AREA ( #2339 ) ;
#1189 = VERTEX_POINT ( 'NONE', #6955 ) ;
#1190 = CARTESIAN_POINT ( 'NONE',  ( 0.2274526451903200464, -1.269999999999991358, 1.733480568609702344 ) ) ;
#1191 = CARTESIAN_POINT ( 'NONE',  ( 0.1581755106426734059, -1.169999999999999929, 0.7336620086532130713 ) ) ;
#1192 = PRESENTATION_LAYER_ASSIGNMENT (  '', '', ( #7147 ) ) ;
#1193 = CARTESIAN_POINT ( 'NONE',  ( 0.2349397590361443910, -1.270000000000000018, 1.692439759036144631 ) ) ;
#1194 = CARTESIAN_POINT ( 'NONE',  ( 3.559999999999999609, 0.000000000000000000, 0.000000000000000000 ) ) ;
#1195 = CARTESIAN_POINT ( 'NONE',  ( -0.2080741993322335615, -1.270000000000007123, 1.383884079689427393 ) ) ;
#1196 = PRESENTATION_LAYER_ASSIGNMENT (  '', '', ( #4776 ) ) ;
#1197 = ORIENTED_EDGE ( 'NONE', *, *, #171, .F. ) ;
#1198 = PLANE ( 'NONE',  #2960 ) ;
#1199 = ORIENTED_EDGE ( 'NONE', *, *, #6275, .F. ) ;
#1200 = CARTESIAN_POINT ( 'NONE',  ( 2.238745166004060927, -0.3012548339959397747, 8.016309119164535701 ) ) ;
#1201 = ORIENTED_EDGE ( 'NONE', *, *, #4725, .T. ) ;
#1202 = EDGE_CURVE ( 'NONE', #674, #5140, #6257, .T. ) ;
#1203 = DIRECTION ( 'NONE',  ( -0.1710878697460326558, -0.1710878697460326836, 0.9702875252478149193 ) ) ;
#1204 = CARTESIAN_POINT ( 'NONE',  ( 2.220000000000000195, 2.219999999999999307, 8.550000000000000711 ) ) ;
#1205 = B_SPLINE_CURVE_WITH_KNOTS ( 'NONE', 3,
 ( #4416, #3624, #6774, #1719, #1106, #4920, #6165, #478, #5546, #7424, #1762, #1145, #3665, #6201 ),
 .UNSPECIFIED., .F., .F.,
 ( 4, 3, 2, 2, 3, 4 ),
 ( 0.000000000000000000, 1.550323648829915496E-06, 2.959982201734972598E-05, 5.764932038586953711E-05, 0.0001137483171229091458, 0.0001149526247841732975 ),
 .UNSPECIFIED. ) ;
#1206 = DIRECTION ( 'NONE',  ( -0.7071067811865515695, -0.000000000000000000, -0.7071067811865435759 ) ) ;
#1207 = AXIS2_PLACEMENT_3D ( 'NONE', #8023, #5557, #3044 ) ;
#1208 = ORIENTED_EDGE ( 'NONE', *, *, #171, .T. ) ;
#1209 = STYLED_ITEM ( 'NONE', ( #2256 ), #6093 ) ;
#1210 = DIRECTION ( 'NONE',  ( -0.000000000000000000, -0.000000000000000000, -1.000000000000000000 ) ) ;
#1211 = EDGE_CURVE ( 'NONE', #6971, #5483, #2479, .T. ) ;
#1212 = EDGE_CURVE ( 'NONE', #883, #1807, #7369, .T. ) ;
#1213 = CARTESIAN_POINT ( 'NONE',  ( 3.709999999999999964, 5.870000000000000107, 0.6000000000000000888 ) ) ;
#1214 = VECTOR ( 'NONE', #7684, 1000.000000000000000 ) ;
#1215 = ORIENTED_EDGE ( 'NONE', *, *, #2923, .F. ) ;
#1216 = ORIENTED_EDGE ( 'NONE', *, *, #2129, .T. ) ;
#1217 = PRESENTATION_STYLE_ASSIGNMENT (( #4843 ) ) ;
#1218 = ORIENTED_EDGE ( 'NONE', *, *, #1202, .F. ) ;
#1219 = CARTESIAN_POINT ( 'NONE',  ( 1.520000000000000240, -0.7900000000000003686, 0.6000000000000000888 ) ) ;
#1220 =( NAMED_UNIT ( * ) SI_UNIT ( $, .STERADIAN. ) SOLID_ANGLE_UNIT ( ) );
#1221 = VECTOR ( 'NONE', #4126, 1000.000000000000000 ) ;
#1222 = CARTESIAN_POINT ( 'NONE',  ( 2.332849267653418046, -0.2071507323465826833, 8.550000000000000711 ) ) ;
#1223 = EDGE_CURVE ( 'NONE', #6234, #2856, #4492, .T. ) ;
#1224 = CARTESIAN_POINT ( 'NONE',  ( -0.2560000000000000053, 2.859999999999999876, 8.550000000000000711 ) ) ;
#1225 = ORIENTED_EDGE ( 'NONE', *, *, #6317, .T. ) ;
#1226 = EDGE_LOOP ( 'NONE', ( #5396, #6146 ) ) ;
#1227 = MECHANICAL_DESIGN_GEOMETRIC_PRESENTATION_REPRESENTATION (  '', ( #5348 ), #6008 ) ;
#1228 = CARTESIAN_POINT ( 'NONE',  ( -0.3199999999999998956, 4.759999999999999787, 7.909999999999988596 ) ) ;
#1229 = PRESENTATION_STYLE_ASSIGNMENT (( #2386 ) ) ;
#1230 = CARTESIAN_POINT ( 'NONE',  ( -1.019999999999999796, -0.7900000000000003686, 0.000000000000000000 ) ) ;
#1231 = UNCERTAINTY_MEASURE_WITH_UNIT (LENGTH_MEASURE( 1.000000000000000082E-05 ), #4835, 'distance_accuracy_value', 'NONE');
#1232 =( GEOMETRIC_REPRESENTATION_CONTEXT ( 3 ) GLOBAL_UNCERTAINTY_ASSIGNED_CONTEXT ( ( #4639 ) ) GLOBAL_UNIT_ASSIGNED_CONTEXT ( ( #1090, #6151, #5530 ) ) REPRESENTATION_CONTEXT ( 'NONE', 'WORKASPACE' ) );
#1233 = FACE_OUTER_BOUND ( 'NONE', #940, .T. ) ;
#1234 = CARTESIAN_POINT ( 'NONE',  ( 0.1570913922512520433, -1.149999999999998579, 1.813708864346839089 ) ) ;
#1235 = CARTESIAN_POINT ( 'NONE',  ( -0.2349899656517395463, -1.270000000000000906, 1.459053469121832869 ) ) ;
#1236 = AXIS2_PLACEMENT_3D ( 'NONE', #2505, #737, #6452 ) ;
#1237 = CARTESIAN_POINT ( 'NONE',  ( 2.853417573054441991, 5.369092094937435000, -2.397330798265290941 ) ) ;
#1238 = ORIENTED_EDGE ( 'NONE', *, *, #7943, .F. ) ;
#1239 = CARTESIAN_POINT ( 'NONE',  ( -0.3464101615137760160, -1.046666666666666856, 2.500000000000000000 ) ) ;
#1240 = VERTEX_POINT ( 'NONE', #8153 ) ;
#1241 = VECTOR ( 'NONE', #5239, 1000.000000000000000 ) ;
#1242 = CARTESIAN_POINT ( 'NONE',  ( -0.3012548339959390531, 4.778745166004060074, 8.016309119164535701 ) ) ;
#1243 = FILL_AREA_STYLE ('',( #6432 ) ) ;
#1244 = CARTESIAN_POINT ( 'NONE',  ( -0.1572017319021991044, -1.180002928788725924, 0.7372437449079607408 ) ) ;
#1245 =( GEOMETRIC_REPRESENTATION_CONTEXT ( 3 ) GLOBAL_UNCERTAINTY_ASSIGNED_CONTEXT ( ( #5796 ) ) GLOBAL_UNIT_ASSIGNED_CONTEXT ( ( #5469, #5308, #2303 ) ) REPRESENTATION_CONTEXT ( 'NONE', 'WORKASPACE' ) );
#1246 =( NAMED_UNIT ( * ) SI_UNIT ( $, .STERADIAN. ) SOLID_ANGLE_UNIT ( ) );
#1247 = AXIS2_PLACEMENT_3D ( 'NONE', #330, #2190, #4734 ) ;
#1248 = ORIENTED_EDGE ( 'NONE', *, *, #7262, .T. ) ;
#1249 = EDGE_CURVE ( 'NONE', #4371, #4114, #5014, .T. ) ;
#1250 = EDGE_CURVE ( 'NONE', #2873, #7118, #4391, .T. ) ;
#1251 = DIRECTION ( 'NONE',  ( 8.470329472543003391E-17, -1.000000000000000000, 0.000000000000000000 ) ) ;
#1252 = LINE ( 'NONE', #6440, #956 ) ;
#1253 = AXIS2_PLACEMENT_3D ( 'NONE', #3878, #5752, #4511 ) ;
#1254 = DIRECTION ( 'NONE',  ( 1.000000000000000000, -1.408054769461694189E-16, 0.000000000000000000 ) ) ;
#1255 = CARTESIAN_POINT ( 'NONE',  ( 2.226582426945557636, 2.829092094937436297, -2.397330798265291829 ) ) ;
#1256 = FILL_AREA_STYLE ('',( #1409 ) ) ;
#1257 = ORIENTED_EDGE ( 'NONE', *, *, #5917, .F. ) ;
#1258 = EDGE_CURVE ( 'NONE', #3928, #3092, #2974, .T. ) ;
#1259 = MECHANICAL_DESIGN_GEOMETRIC_PRESENTATION_REPRESENTATION (  '', ( #5108 ), #7744 ) ;
#1260 =( BOUNDED_CURVE ( )  B_SPLINE_CURVE ( 3, ( #1460, #218, #2754, #5294 ),
 .UNSPECIFIED., .F., .F. ) 
 B_SPLINE_CURVE_WITH_KNOTS ( ( 4, 4 ),
 ( 5.497787143782138841, 6.283185307179586232 ),
 .UNSPECIFIED. ) 
 CURVE ( )  GEOMETRIC_REPRESENTATION_ITEM ( )  RATIONAL_B_SPLINE_CURVE ( ( 1.000000000000000000, 0.9492530216741912330, 0.9492530216741912330, 1.000000000000000000 ) ) 
 REPRESENTATION_ITEM ( '' )  );
#1261 = EDGE_CURVE ( 'NONE', #265, #1794, #3644, .T. ) ;
#1262 = LINE ( 'NONE', #6276, #6797 ) ;
#1263 = ORIENTED_EDGE ( 'NONE', *, *, #797, .T. ) ;
#1264 = CARTESIAN_POINT ( 'NONE',  ( 2.220000000000000195, 2.859999999999999876, -2.359999999999988773 ) ) ;
#1265 = ORIENTED_EDGE ( 'NONE', *, *, #303, .F. ) ;
#1266 = SURFACE_STYLE_USAGE ( .BOTH. , #599 ) ;
#1267 = CARTESIAN_POINT ( 'NONE',  ( 0.3200000000000000622, 5.335999999999999410, 7.909999999999988596 ) ) ;
#1268 = LINE ( 'NONE', #7386, #1361 ) ;
#1269 = DIRECTION ( 'NONE',  ( -6.842277657836020854E-49, 5.078189165123089681E-17, -1.000000000000000000 ) ) ;
#1270 = EDGE_CURVE ( 'NONE', #3157, #5428, #8032, .T. ) ;
#1271 = CARTESIAN_POINT ( 'NONE',  ( 2.853417573054442435, 2.829092094937436297, -2.397330798265291385 ) ) ;
#1272 = ORIENTED_EDGE ( 'NONE', *, *, #6535, .F. ) ;
#1273 = SURFACE_STYLE_FILL_AREA ( #817 ) ;
#1274 = PRESENTATION_LAYER_ASSIGNMENT (  '', '', ( #1012 ) ) ;
#1275 = ORIENTED_EDGE ( 'NONE', *, *, #7219, .T. ) ;
#1276 = CARTESIAN_POINT ( 'NONE',  ( 0.1571041649877046309, -1.186666666973068773, 1.800330852743996513 ) ) ;
#1277 = CARTESIAN_POINT ( 'NONE',  ( 0.2732007105321402896, 5.400000000000000355, 7.909999999999990372 ) ) ;
#1278 = PLANE ( 'NONE',  #3707 ) ;
#1279 = CARTESIAN_POINT ( 'NONE',  ( 1.520000000000000240, -1.270000000000000240, 0.4500000000000009548 ) ) ;
#1280 = CARTESIAN_POINT ( 'NONE',  ( 0.1969625335676256916, -1.270000000000001128, 1.761663957567180194 ) ) ;
#1281 = CARTESIAN_POINT ( 'NONE',  ( -0.2778308471146876957, -1.149999999999999245, 1.441489321758462561 ) ) ;
#1282 = CARTESIAN_POINT ( 'NONE',  ( -0.2071507323465819062, 5.079999999999999183, 8.550000000000000711 ) ) ;
#1283 = EDGE_LOOP ( 'NONE', ( #2302, #5957, #5504, #1275 ) ) ;
#1284 = CARTESIAN_POINT ( 'NONE',  ( 3.559999999999999609, 5.870000000000000107, 0.4500000000000018430 ) ) ;
#1285 = ORIENTED_EDGE ( 'NONE', *, *, #256, .T. ) ;
#1286 = FILL_AREA_STYLE_COLOUR ( '', #4914 ) ;
#1287 = CARTESIAN_POINT ( 'NONE',  ( 0.2071507323465825168, 0.2071507323465822670, -3.000000000000000000 ) ) ;
#1288 =( LENGTH_UNIT ( ) NAMED_UNIT ( * ) SI_UNIT ( .MILLI., .METRE. ) );
#1289 = PRESENTATION_LAYER_ASSIGNMENT (  '', '', ( #2336 ) ) ;
#1290 = CARTESIAN_POINT ( 'NONE',  ( 0.2713213236866630074, -1.169999999999999929, 1.101230888130535046 ) ) ;
#1291 = ORIENTED_EDGE ( 'NONE', *, *, #6982, .F. ) ;
#1292 = CARTESIAN_POINT ( 'NONE',  ( 0.05396442235651190827, -1.169999999999999929, 1.420349964525186914 ) ) ;
#1293 = DIRECTION ( 'NONE',  ( 0.000000000000000000, 1.000000000000000000, 0.000000000000000000 ) ) ;
#1294 = VECTOR ( 'NONE', #6, 1000.000000000000000 ) ;
#1295 = DIRECTION ( 'NONE',  ( -0.000000000000000000, -0.000000000000000000, -1.000000000000000000 ) ) ;
#1296 = FACE_OUTER_BOUND ( 'NONE', #2145, .T. ) ;
#1297 = EDGE_CURVE ( 'NONE', #5341, #950, #6836, .T. ) ;
#1298 = CARTESIAN_POINT ( 'NONE',  ( -1.019999999999999796, -1.270000000000000240, 0.5999999999999999778 ) ) ;
#1299 = ORIENTED_EDGE ( 'NONE', *, *, #5200, .F. ) ;
#1300 = EDGE_CURVE ( 'NONE', #1553, #876, #2394, .T. ) ;
#1301 = STYLED_ITEM ( 'NONE', ( #7053 ), #3530 ) ;
#1302 = ORIENTED_EDGE ( 'NONE', *, *, #6433, .F. ) ;
#1303 = CARTESIAN_POINT ( 'NONE',  ( -0.1688168747726602470, -1.169999999999999929, 1.805596415059559590 ) ) ;
#1304 = LINE ( 'NONE', #1383, #3232 ) ;
#1305 = LINE ( 'NONE', #3246, #92 ) ;
#1306 = CARTESIAN_POINT ( 'NONE',  ( 2.741087211002079194, 2.741087211002078305, 8.584387938363944315 ) ) ;
#1307 = CARTESIAN_POINT ( 'NONE',  ( -0.2494911852966005539, -1.230020284928538654, 0.8485733467014694442 ) ) ;
#1308 = CARTESIAN_POINT ( 'NONE',  ( -0.2560000000000000608, 2.859999999999999876, 7.909999999999988596 ) ) ;
#1309 = COLOUR_RGB ( '',0.9686274509803921573, 0.8784313725490195957, 0.5999999999999999778 ) ;
#1310 =( LENGTH_UNIT ( ) NAMED_UNIT ( * ) SI_UNIT ( .MILLI., .METRE. ) );
#1311 = B_SPLINE_CURVE_WITH_KNOTS ( 'NONE', 3,
 ( #5748, #7104, #5122, #7644, #3962, #1931, #1307, #7017, #3247, #2708 ),
 .UNSPECIFIED., .F., .F.,
 ( 4, 3, 3, 4 ),
 ( 0.000000000000000000, 3.193694500260247033E-05, 6.387389000520464250E-05, 0.0001064205049631834917 ),
 .UNSPECIFIED. ) ;
#1312 =( NAMED_UNIT ( * ) PLANE_ANGLE_UNIT ( ) SI_UNIT ( $, .RADIAN. ) );
#1313 =( BOUNDED_CURVE ( )  B_SPLINE_CURVE ( 3, ( #1320, #4019, #3300, #3846 ),
 .UNSPECIFIED., .F., .F. ) 
 B_SPLINE_CURVE_WITH_KNOTS ( ( 4, 4 ),
 ( 5.497787143782140618, 6.283185307179586232 ),
 .UNSPECIFIED. ) 
 CURVE ( )  GEOMETRIC_REPRESENTATION_ITEM ( )  RATIONAL_B_SPLINE_CURVE ( ( 1.000000000000000000, 0.9492530216741915661, 0.9492530216741915661, 1.000000000000000000 ) ) 
 REPRESENTATION_ITEM ( '' )  );
#1314 = ORIENTED_EDGE ( 'NONE', *, *, #6284, .F. ) ;
#1315 = CARTESIAN_POINT ( 'NONE',  ( 0.2890920949374360394, 4.766582426945557671, -2.397330798265292717 ) ) ;
#1316 = ORIENTED_EDGE ( 'NONE', *, *, #4854, .F. ) ;
#1317 = CARTESIAN_POINT ( 'NONE',  ( 0.2071507323465820449, 5.287150732346582060, 8.550000000000000711 ) ) ;
#1318 = UNCERTAINTY_MEASURE_WITH_UNIT (LENGTH_MEASURE( 1.000000000000000082E-05 ), #4889, 'distance_accuracy_value', 'NONE');
#1319 = EDGE_CURVE ( 'NONE', #7174, #2858, #4935, .T. ) ;
#1320 = CARTESIAN_POINT ( 'NONE',  ( 2.841254833995939588, 4.778745166004060074, 8.016309119164535701 ) ) ;
#1321 = CARTESIAN_POINT ( 'NONE',  ( 0.2378197055768302426, -1.149999999999999467, 1.787825101371925074 ) ) ;
#1322 = CARTESIAN_POINT ( 'NONE',  ( -0.2786410898395589308, -1.149999999999999023, 1.691441747381247751 ) ) ;
#1323 = ORIENTED_EDGE ( 'NONE', *, *, #7649, .F. ) ;
#1324 = FILL_AREA_STYLE_COLOUR ( '', #6414 ) ;
#1325 = VERTEX_POINT ( 'NONE', #3010 ) ;
#1326 = DIRECTION ( 'NONE',  ( -8.470329472543003391E-17, 1.000000000000000000, 0.000000000000000000 ) ) ;
#1327 = ORIENTED_EDGE ( 'NONE', *, *, #2482, .T. ) ;
#1328 = COLOUR_RGB ( '',0.9686274509803921573, 0.8784313725490195957, 0.5999999999999999778 ) ;
#1329 =( NAMED_UNIT ( * ) PLANE_ANGLE_UNIT ( ) SI_UNIT ( $, .RADIAN. ) );
#1330 = CARTESIAN_POINT ( 'NONE',  ( -0.2607186573093071558, -1.199173059096068972, 1.457410702692489624 ) ) ;
#1331 = VECTOR ( 'NONE', #1203, 1000.000000000000114 ) ;
#1332 = ADVANCED_FACE ( 'NONE', ( #5057 ), #7573, .F. ) ;
#1333 = PLANE ( 'NONE',  #1247 ) ;
#1334 = ORIENTED_EDGE ( 'NONE', *, *, #4191, .T. ) ;
#1335 = DIRECTION ( 'NONE',  ( -1.000000000000000000, 0.000000000000000000, 0.000000000000000000 ) ) ;
#1336 = CARTESIAN_POINT ( 'NONE',  ( 2.860000000000000320, 0.3199999999999993960, 7.909999999999988596 ) ) ;
#1337 = CIRCLE ( 'NONE', #5978, 0.6136029765733795882 ) ;
#1338 = LINE ( 'NONE', #4540, #7290 ) ;
#1339 = CARTESIAN_POINT ( 'NONE',  ( 0.2786199085238551532, -1.149999999999999245, 0.8480525636577994630 ) ) ;
#1340 = DIRECTION ( 'NONE',  ( 0.000000000000000000, 0.000000000000000000, -1.000000000000000000 ) ) ;
#1341 = ORIENTED_EDGE ( 'NONE', *, *, #2883, .F. ) ;
#1342 = AXIS2_PLACEMENT_3D ( 'NONE', #3425, #1596, #5347 ) ;
#1343 = ORIENTED_EDGE ( 'NONE', *, *, #6825, .T. ) ;
#1344 = CARTESIAN_POINT ( 'NONE',  ( -0.2123439580472823163, -1.169999999999999929, 1.795322234093869485 ) ) ;
#1345 = ORIENTED_EDGE ( 'NONE', *, *, #1023, .T. ) ;
#1346 = CARTESIAN_POINT ( 'NONE',  ( 3.559999999999999609, -0.7900000000000003686, 0.6000000000000000888 ) ) ;
#1347 = CARTESIAN_POINT ( 'NONE',  ( 0.09036144578313230757, -1.270000000000000018, 1.095301204819277396 ) ) ;
#1348 = PRESENTATION_LAYER_ASSIGNMENT (  '', '', ( #5460 ) ) ;
#1349 =( NAMED_UNIT ( * ) SI_UNIT ( $, .STERADIAN. ) SOLID_ANGLE_UNIT ( ) );
#1350 = ORIENTED_EDGE ( 'NONE', *, *, #4499, .F. ) ;
#1351 = MECHANICAL_DESIGN_GEOMETRIC_PRESENTATION_REPRESENTATION (  '', ( #6252 ), #3057 ) ;
#1352 = ORIENTED_EDGE ( 'NONE', *, *, #6562, .T. ) ;
#1353 = DIRECTION ( 'NONE',  ( 1.000000000000000000, 4.224164308385081333E-16, 1.537470072901852402E-16 ) ) ;
#1354 = CARTESIAN_POINT ( 'NONE',  ( 2.283999999999999808, 5.335999999999999410, 8.550000000000000711 ) ) ;
#1355 = EDGE_CURVE ( 'NONE', #3066, #7564, #8069, .T. ) ;
#1356 = CARTESIAN_POINT ( 'NONE',  ( 2.860000000000000320, 2.283999999999999808, -2.359999999999988773 ) ) ;
#1357 = DIRECTION ( 'NONE',  ( 8.470329472543003391E-17, -1.000000000000000000, 0.000000000000000000 ) ) ;
#1358 =( BOUNDED_CURVE ( )  B_SPLINE_CURVE ( 3, ( #464, #620, #7494, #4904 ),
 .UNSPECIFIED., .F., .F. ) 
 B_SPLINE_CURVE_WITH_KNOTS ( ( 4, 4 ),
 ( 2.122493417915220663E-16, 0.7853981633974473908 ),
 .UNSPECIFIED. ) 
 CURVE ( )  GEOMETRIC_REPRESENTATION_ITEM ( )  RATIONAL_B_SPLINE_CURVE ( ( 1.000000000000000000, 0.9492530216741912330, 0.9492530216741912330, 1.000000000000000000 ) ) 
 REPRESENTATION_ITEM ( '' )  );
#1359 = CARTESIAN_POINT ( 'NONE',  ( 0.2219035924842148455, -1.270000000000001128, 1.742749986091903125 ) ) ;
#1360 = CARTESIAN_POINT ( 'NONE',  ( -0.2275784156327414764, -1.270000000000000906, 1.732554269306484818 ) ) ;
#1361 = VECTOR ( 'NONE', #4998, 1000.000000000000000 ) ;
#1362 = VERTEX_POINT ( 'NONE', #115 ) ;
#1363 = PRESENTATION_STYLE_ASSIGNMENT (( #1436 ) ) ;
#1364 = ORIENTED_EDGE ( 'NONE', *, *, #4801, .F. ) ;
#1365 = EDGE_CURVE ( 'NONE', #7731, #5241, #707, .T. ) ;
#1366 = VERTEX_POINT ( 'NONE', #1951 ) ;
#1367 = EDGE_CURVE ( 'NONE', #3735, #3838, #5229, .T. ) ;
#1368 = CARTESIAN_POINT ( 'NONE',  ( -0.2178245392137389269, -1.213758438863165257, 1.364171445060717636 ) ) ;
#1369 = CARTESIAN_POINT ( 'NONE',  ( 2.266799289467859690, 0.3199999999999993405, 7.909999999999988596 ) ) ;
#1370 = VECTOR ( 'NONE', #1598, 1000.000000000000227 ) ;
#1371 = LINE ( 'NONE', #5728, #564 ) ;
#1372 = FACE_OUTER_BOUND ( 'NONE', #5078, .T. ) ;
#1373 = VERTEX_POINT ( 'NONE', #7743 ) ;
#1374 = VECTOR ( 'NONE', #5867, 1000.000000000000114 ) ;
#1375 = LINE ( 'NONE', #1826, #3917 ) ;
#1376 = CARTESIAN_POINT ( 'NONE',  ( 1.020000000000000018, -1.019999999999999130, 2.500000000000000000 ) ) ;
#1377 = CARTESIAN_POINT ( 'NONE',  ( 1.520000000000000240, 0.000000000000000000, 2.500000000000000000 ) ) ;
#1378 = CARTESIAN_POINT ( 'NONE',  ( 0.1692625335108540741, -1.149999999999999245, 0.7271375653299454456 ) ) ;
#1379 = DIRECTION ( 'NONE',  ( -0.1710878697460330722, -0.1710878697460331554, 0.9702875252478149193 ) ) ;
#1380 = AXIS2_PLACEMENT_3D ( 'NONE', #3468, #5931, #7270 ) ;
#1381 = ORIENTED_EDGE ( 'NONE', *, *, #6822, .T. ) ;
#1382 = CARTESIAN_POINT ( 'NONE',  ( -0.2713153150985209150, -1.169999999999999929, 1.692396429142079217 ) ) ;
#1383 = CARTESIAN_POINT ( 'NONE',  ( 2.220000000000000195, 4.759999999999999787, 7.909999999999988596 ) ) ;
#1384 = VECTOR ( 'NONE', #5632, 1000.000000000000000 ) ;
#1385 = LINE ( 'NONE', #7597, #4871 ) ;
#1386 = SURFACE_STYLE_USAGE ( .BOTH. , #7061 ) ;
#1387 = LINE ( 'NONE', #6448, #693 ) ;
#1388 = CARTESIAN_POINT ( 'NONE',  ( -0.2349614701416065099, -1.270000000000001572, 0.8493962104888723719 ) ) ;
#1389 = FACE_OUTER_BOUND ( 'NONE', #2728, .T. ) ;
#1390 = ORIENTED_EDGE ( 'NONE', *, *, #4191, .F. ) ;
#1391 = CYLINDRICAL_SURFACE ( 'NONE', #7603, 0.06399999999999982092 ) ;
#1392 = VERTEX_POINT ( 'NONE', #829 ) ;
#1393 = SURFACE_SIDE_STYLE ('',( #7690 ) ) ;
#1394 = DIRECTION ( 'NONE',  ( 8.470329472543003391E-17, -1.000000000000000000, 0.000000000000000000 ) ) ;
#1395 = UNCERTAINTY_MEASURE_WITH_UNIT (LENGTH_MEASURE( 1.000000000000000082E-05 ), #2829, 'distance_accuracy_value', 'NONE');
#1396 = CARTESIAN_POINT ( 'NONE',  ( 0.1573126152956374479, -1.169999999999999929, 1.806397023426621118 ) ) ;
#1397 = PRODUCT_CONTEXT ( 'NONE', #2945, 'mechanical' ) ;
#1398 = VERTEX_POINT ( 'NONE', #3982 ) ;
#1399 = VECTOR ( 'NONE', #1940, 1000.000000000000000 ) ;
#1400 = FILL_AREA_STYLE_COLOUR ( '', #7319 ) ;
#1401 = ORIENTED_EDGE ( 'NONE', *, *, #7828, .T. ) ;
#1402 = EDGE_CURVE ( 'NONE', #1600, #4114, #5804, .T. ) ;
#1403 = CARTESIAN_POINT ( 'NONE',  ( 2.859999999999999876, 0.2732007105321395679, 7.909999999999986819 ) ) ;
#1404 = ORIENTED_EDGE ( 'NONE', *, *, #3575, .F. ) ;
#1405 =( BOUNDED_CURVE ( )  B_SPLINE_CURVE ( 3, ( #6391, #836, #7668, #1410 ),
 .UNSPECIFIED., .F., .F. ) 
 B_SPLINE_CURVE_WITH_KNOTS ( ( 4, 4 ),
 ( 2.356194490192343061, 3.141592653589793116 ),
 .UNSPECIFIED. ) 
 CURVE ( )  GEOMETRIC_REPRESENTATION_ITEM ( )  RATIONAL_B_SPLINE_CURVE ( ( 1.000000000000000000, 0.9492530216741910110, 0.9492530216741910110, 1.000000000000000000 ) ) 
 REPRESENTATION_ITEM ( '' )  );
#1406 = DIRECTION ( 'NONE',  ( 0.3236155771181856156, -0.8891264907159879272, -0.3236155771181851715 ) ) ;
#1407 = UNCERTAINTY_MEASURE_WITH_UNIT (LENGTH_MEASURE( 1.000000000000000082E-05 ), #5802, 'distance_accuracy_value', 'NONE');
#1408 = FILL_AREA_STYLE_COLOUR ( '', #4939 ) ;
#1409 = FILL_AREA_STYLE_COLOUR ( '', #2249 ) ;
#1410 = CARTESIAN_POINT ( 'NONE',  ( 2.860000000000000320, 0.2559999999999999498, -2.359999999999988773 ) ) ;
#1411 = EDGE_LOOP ( 'NONE', ( #6518, #633, #8130, #7009 ) ) ;
#1412 = CARTESIAN_POINT ( 'NONE',  ( -0.2560000000000000053, 0.2559999999999993392, 8.550000000000000711 ) ) ;
#1413 = CARTESIAN_POINT ( 'NONE',  ( 2.284000000000000252, 4.760000000000000675, -2.359999999999988773 ) ) ;
#1414 = DIRECTION ( 'NONE',  ( -0.1710878697460327114, 0.1710878697460326836, -0.9702875252478149193 ) ) ;
#1415 = EDGE_CURVE ( 'NONE', #4673, #483, #3307, .T. ) ;
#1416 = ORIENTED_EDGE ( 'NONE', *, *, #5717, .F. ) ;
#1417 = SURFACE_STYLE_USAGE ( .BOTH. , #90 ) ;
#1418 =( GEOMETRIC_REPRESENTATION_CONTEXT ( 3 ) GLOBAL_UNCERTAINTY_ASSIGNED_CONTEXT ( ( #5558 ) ) GLOBAL_UNIT_ASSIGNED_CONTEXT ( ( #7075, #1468, #5757 ) ) REPRESENTATION_CONTEXT ( 'NONE', 'WORKASPACE' ) );
#1419 = DIRECTION ( 'NONE',  ( 0.7071067811865492381, -0.7071067811865457964, 0.000000000000000000 ) ) ;
#1420 = CARTESIAN_POINT ( 'NONE',  ( 2.860000000000000320, 2.283999999999999364, 7.909999999999988596 ) ) ;
#1421 = FACE_OUTER_BOUND ( 'NONE', #4976, .T. ) ;
#1422 = FACE_OUTER_BOUND ( 'NONE', #7606, .T. ) ;
#1423 =( BOUNDED_CURVE ( )  B_SPLINE_CURVE ( 3, ( #580, #2355, #1664, #4868 ),
 .UNSPECIFIED., .F., .F. ) 
 B_SPLINE_CURVE_WITH_KNOTS ( ( 4, 4 ),
 ( 2.356194490192341728, 3.141592653589793560 ),
 .UNSPECIFIED. ) 
 CURVE ( )  GEOMETRIC_REPRESENTATION_ITEM ( )  RATIONAL_B_SPLINE_CURVE ( ( 1.000000000000000000, 0.9492530216741906779, 0.9492530216741906779, 1.000000000000000000 ) ) 
 REPRESENTATION_ITEM ( '' )  );
#1424 = CARTESIAN_POINT ( 'NONE',  ( -0.2675450665421194030, -1.149999999999997913, 0.7888260276643609403 ) ) ;
#1425 = COLOUR_RGB ( '',0.9686274509803921573, 0.8784313725490195957, 0.5999999999999999778 ) ;
#1426 = PLANE ( 'NONE',  #444 ) ;
#1427 = VERTEX_POINT ( 'NONE', #5847 ) ;
#1428 = EDGE_LOOP ( 'NONE', ( #7157, #6750, #396, #3682, #4099, #138 ) ) ;
#1429 = FILL_AREA_STYLE_COLOUR ( '', #766 ) ;
#1430 = AXIS2_PLACEMENT_3D ( 'NONE', #7045, #3857, #7704 ) ;
#1431 = CYLINDRICAL_SURFACE ( 'NONE', #2005, 0.06399999999999998745 ) ;
#1432 =( NAMED_UNIT ( * ) PLANE_ANGLE_UNIT ( ) SI_UNIT ( $, .RADIAN. ) );
#1433 = CARTESIAN_POINT ( 'NONE',  ( 0.3134175730544422889, 0.2890920949374353177, 7.947330798265291207 ) ) ;
#1434 = SURFACE_SIDE_STYLE ('',( #7738 ) ) ;
#1435 = ORIENTED_EDGE ( 'NONE', *, *, #8026, .F. ) ;
#1436 = SURFACE_STYLE_USAGE ( .BOTH. , #7039 ) ;
#1437 = EDGE_LOOP ( 'NONE', ( #2492, #4643, #5226, #3868, #7689, #1714 ) ) ;
#1438 = CARTESIAN_POINT ( 'NONE',  ( 0.3012548339959390531, 2.841254833995938256, 8.016309119164537478 ) ) ;
#1439 = ORIENTED_EDGE ( 'NONE', *, *, #1805, .F. ) ;
#1440 = ADVANCED_FACE ( 'NONE', ( #25 ), #657, .T. ) ;
#1441 = CARTESIAN_POINT ( 'NONE',  ( 2.238745166004060927, 5.381254833995938291, 8.016309119164535701 ) ) ;
#1442 = CARTESIAN_POINT ( 'NONE',  ( -0.2221105522436168378, -1.269999999999984253, 0.7980297930901456560 ) ) ;
#1443 = DIRECTION ( 'NONE',  ( 0.000000000000000000, 1.000000000000000000, 0.000000000000000000 ) ) ;
#1444 = CARTESIAN_POINT ( 'NONE',  ( 0.2344989567605783587, -1.269999999999995133, 0.8383569884989859888 ) ) ;
#1445 = LINE ( 'NONE', #119, #577 ) ;
#1446 = EDGE_CURVE ( 'NONE', #2429, #1189, #3370, .T. ) ;
#1447 = ORIENTED_EDGE ( 'NONE', *, *, #921, .F. ) ;
#1448 = LINE ( 'NONE', #4034, #3223 ) ;
#1449 = FILL_AREA_STYLE ('',( #6976 ) ) ;
#1450 = DIRECTION ( 'NONE',  ( 0.000000000000000000, 0.000000000000000000, 1.000000000000000000 ) ) ;
#1451 = FACE_OUTER_BOUND ( 'NONE', #5514, .T. ) ;
#1452 = CARTESIAN_POINT ( 'NONE',  ( 0.1584377493068674370, -1.149999999999999245, 0.7263832256260038811 ) ) ;
#1453 = SURFACE_STYLE_USAGE ( .BOTH. , #932 ) ;
#1454 = ORIENTED_EDGE ( 'NONE', *, *, #5069, .F. ) ;
#1455 = VECTOR ( 'NONE', #8024, 1000.000000000000114 ) ;
#1456 = STYLED_ITEM ( 'NONE', ( #6513 ), #5432 ) ;
#1457 = VERTEX_POINT ( 'NONE', #1438 ) ;
#1458 = EDGE_CURVE ( 'NONE', #1427, #6001, #5102, .T. ) ;
#1459 = LINE ( 'NONE', #2201, #629 ) ;
#1460 = CARTESIAN_POINT ( 'NONE',  ( -0.3012548339959390531, 2.238745166004060039, 8.016309119164535701 ) ) ;
#1461 = DIRECTION ( 'NONE',  ( -0.000000000000000000, -0.000000000000000000, -1.000000000000000000 ) ) ;
#1462 = CARTESIAN_POINT ( 'NONE',  ( -0.1584377493068682141, -1.149999999999998135, 0.7263832256260036591 ) ) ;
#1463 = CARTESIAN_POINT ( 'NONE',  ( 2.220000000000000195, 0.3199999999999993405, -2.359999999999988773 ) ) ;
#1464 = ORIENTED_EDGE ( 'NONE', *, *, #2441, .F. ) ;
#1465 = LINE ( 'NONE', #4792, #7326 ) ;
#1466 = ORIENTED_EDGE ( 'NONE', *, *, #467, .T. ) ;
#1467 = CARTESIAN_POINT ( 'NONE',  ( 2.841266522128489402, 2.238733477871510669, -2.466242832470900037 ) ) ;
#1468 =( NAMED_UNIT ( * ) PLANE_ANGLE_UNIT ( ) SI_UNIT ( $, .RADIAN. ) );
#1469 = PRESENTATION_LAYER_ASSIGNMENT (  '', '', ( #1209 ) ) ;
#1470 =( BOUNDED_CURVE ( )  B_SPLINE_CURVE ( 3, ( #6442, #6478, #1255, #168 ),
 .UNSPECIFIED., .F., .F. ) 
 B_SPLINE_CURVE_WITH_KNOTS ( ( 4, 4 ),
 ( 3.141592653589793560, 3.926990816987248056 ),
 .UNSPECIFIED. ) 
 CURVE ( )  GEOMETRIC_REPRESENTATION_ITEM ( )  RATIONAL_B_SPLINE_CURVE ( ( 1.000000000000000000, 0.9492530216741903448, 0.9492530216741903448, 1.000000000000000000 ) ) 
 REPRESENTATION_ITEM ( '' )  );
#1471 = DIRECTION ( 'NONE',  ( 0.000000000000000000, 1.000000000000000000, 0.000000000000000000 ) ) ;
#1472 = PLANE ( 'NONE',  #6356 ) ;
#1473 = UNCERTAINTY_MEASURE_WITH_UNIT (LENGTH_MEASURE( 1.000000000000000082E-05 ), #6353, 'distance_accuracy_value', 'NONE');
#1474 = CARTESIAN_POINT ( 'NONE',  ( 0.05396442235651191521, -1.169999999999999929, 0.9509753366796325214 ) ) ;
#1475 = EDGE_CURVE ( 'NONE', #7359, #1736, #3229, .T. ) ;
#1476 = LINE ( 'NONE', #7856, #1370 ) ;
#1477 = STYLED_ITEM ( 'NONE', ( #619 ), #7878 ) ;
#1478 = ORIENTED_EDGE ( 'NONE', *, *, #3616, .F. ) ;
#1479 = DIRECTION ( 'NONE',  ( 1.000000000000000000, 0.000000000000000000, 0.000000000000000000 ) ) ;
#1480 = VERTEX_POINT ( 'NONE', #73 ) ;
#1481 = EDGE_LOOP ( 'NONE', ( #3767, #3421, #6954, #7592 ) ) ;
#1482 = FACE_OUTER_BOUND ( 'NONE', #6342, .T. ) ;
#1483 =( NAMED_UNIT ( * ) PLANE_ANGLE_UNIT ( ) SI_UNIT ( $, .RADIAN. ) );
#1484 = AXIS2_PLACEMENT_3D ( 'NONE', #6130, #2958, #2916 ) ;
#1485 = CARTESIAN_POINT ( 'NONE',  ( 0.3200000000000001177, 2.332849267653417158, 8.550000000000000711 ) ) ;
#1486 = VECTOR ( 'NONE', #1254, 1000.000000000000000 ) ;
#1487 = CARTESIAN_POINT ( 'NONE',  ( 2.841254833995939144, 5.381254833995938291, 8.016309119164537478 ) ) ;
#1488 = ORIENTED_EDGE ( 'NONE', *, *, #5746, .F. ) ;
#1489 = DIRECTION ( 'NONE',  ( 0.000000000000000000, 0.000000000000000000, -1.000000000000000000 ) ) ;
#1490 = VERTEX_POINT ( 'NONE', #2603 ) ;
#1491 = COLOUR_RGB ( '',1.000000000000000000, 0.8431372549019607865, 0.000000000000000000 ) ;
#1492 = CARTESIAN_POINT ( 'NONE',  ( -0.2560000000000000608, 5.399999999999999467, 7.909999999999988596 ) ) ;
#1493 = PRESENTATION_STYLE_ASSIGNMENT (( #7836 ) ) ;
#1494 = SURFACE_STYLE_FILL_AREA ( #2162 ) ;
#1495 = DIRECTION ( 'NONE',  ( -0.000000000000000000, 0.000000000000000000, 1.000000000000000000 ) ) ;
#1496 = VECTOR ( 'NONE', #3613, 1000.000000000000000 ) ;
#1497 = SURFACE_STYLE_USAGE ( .BOTH. , #5906 ) ;
#1498 = ADVANCED_FACE ( 'NONE', ( #6462 ), #2030, .F. ) ;
#1499 = VECTOR ( 'NONE', #4066, 1000.000000000000000 ) ;
#1500 = ORIENTED_EDGE ( 'NONE', *, *, #7515, .F. ) ;
#1501 = EDGE_CURVE ( 'NONE', #6583, #1480, #6703, .T. ) ;
#1502 = CARTESIAN_POINT ( 'NONE',  ( -0.3012548339959390531, 0.3012548339959389421, -2.466309119164537655 ) ) ;
#1503 = VECTOR ( 'NONE', #4646, 999.9999999999998863 ) ;
#1504 =( NAMED_UNIT ( * ) PLANE_ANGLE_UNIT ( ) SI_UNIT ( $, .RADIAN. ) );
#1505 = LINE ( 'NONE', #7924, #5206 ) ;
#1506 = FACE_OUTER_BOUND ( 'NONE', #6770, .T. ) ;
#1507 = EDGE_CURVE ( 'NONE', #1936, #4085, #4762, .T. ) ;
#1508 = PRESENTATION_LAYER_ASSIGNMENT (  '', '', ( #6288 ) ) ;
#1509 = FILL_AREA_STYLE_COLOUR ( '', #6667 ) ;
#1510 = VECTOR ( 'NONE', #8151, 1000.000000000000000 ) ;
#1511 = ORIENTED_EDGE ( 'NONE', *, *, #1608, .T. ) ;
#1512 = DIRECTION ( 'NONE',  ( 0.7071067811865515695, -0.000000000000000000, 0.7071067811865435759 ) ) ;
#1513 = ORIENTED_EDGE ( 'NONE', *, *, #3790, .T. ) ;
#1514 = DIRECTION ( 'NONE',  ( 0.7071067811865456854, 0.7071067811865493491, -0.000000000000000000 ) ) ;
#1515 = LINE ( 'NONE', #7260, #5669 ) ;
#1516 =( NAMED_UNIT ( * ) SI_UNIT ( $, .STERADIAN. ) SOLID_ANGLE_UNIT ( ) );
#1517 = CARTESIAN_POINT ( 'NONE',  ( 3.559999999999999609, 0.000000000000000000, 0.000000000000000000 ) ) ;
#1518 = CARTESIAN_POINT ( 'NONE',  ( 1.169999999999999707, 6.099999999999997868, 0.6000000000000000888 ) ) ;
#1519 = VECTOR ( 'NONE', #4918, 1000.000000000000000 ) ;
#1520 = LINE ( 'NONE', #1561, #572 ) ;
#1521 = EDGE_CURVE ( 'NONE', #1325, #790, #7900, .T. ) ;
#1522 = ORIENTED_EDGE ( 'NONE', *, *, #4207, .T. ) ;
#1523 = CARTESIAN_POINT ( 'NONE',  ( -2.169999999999998153, -1.019999999999998908, 1.600000000000006306 ) ) ;
#1524 = ORIENTED_EDGE ( 'NONE', *, *, #3572, .F. ) ;
#1525 = ORIENTED_EDGE ( 'NONE', *, *, #7257, .T. ) ;
#1526 =( BOUNDED_CURVE ( )  B_SPLINE_CURVE ( 3, ( #6939, #558, #2588, #7559 ),
 .UNSPECIFIED., .F., .F. ) 
 B_SPLINE_CURVE_WITH_KNOTS ( ( 4, 4 ),
 ( 5.497787143782140618, 6.283185307179586232 ),
 .UNSPECIFIED. ) 
 CURVE ( )  GEOMETRIC_REPRESENTATION_ITEM ( )  RATIONAL_B_SPLINE_CURVE ( ( 1.000000000000000000, 0.9492530216741915661, 0.9492530216741915661, 1.000000000000000000 ) ) 
 REPRESENTATION_ITEM ( '' )  );
#1527 =( NAMED_UNIT ( * ) PLANE_ANGLE_UNIT ( ) SI_UNIT ( $, .RADIAN. ) );
#1528 = FACE_OUTER_BOUND ( 'NONE', #6053, .T. ) ;
#1529 = CARTESIAN_POINT ( 'NONE',  ( 0.1771939946250029874, -1.269999999999995355, 0.7717580415739676569 ) ) ;
#1530 = CONICAL_SURFACE ( 'NONE', #5382, 0.6500000000000000222, 0.3490658503988666728 ) ;
#1531 =( NAMED_UNIT ( * ) PLANE_ANGLE_UNIT ( ) SI_UNIT ( $, .RADIAN. ) );
#1532 = ORIENTED_EDGE ( 'NONE', *, *, #6768, .T. ) ;
#1533 = PRESENTATION_STYLE_ASSIGNMENT (( #7206 ) ) ;
#1534 = ORIENTED_EDGE ( 'NONE', *, *, #277, .F. ) ;
#1535 = EDGE_CURVE ( 'NONE', #7267, #7233, #1036, .T. ) ;
#1536 = CARTESIAN_POINT ( 'NONE',  ( 2.540000000000000036, 0.000000000000000000, -3.000000000000000000 ) ) ;
#1537 = CIRCLE ( 'NONE', #3653, 0.6136029765733795882 ) ;
#1538 = CARTESIAN_POINT ( 'NONE',  ( 1.270000000000000462, -1.019999999999998908, 2.350000000000000089 ) ) ;
#1539 = CARTESIAN_POINT ( 'NONE',  ( 2.220000000000000195, 0.3199999999999998401, -2.359999999999988773 ) ) ;
#1540 = SURFACE_STYLE_FILL_AREA ( #2826 ) ;
#1541 =( NAMED_UNIT ( * ) PLANE_ANGLE_UNIT ( ) SI_UNIT ( $, .RADIAN. ) );
#1542 = FILL_AREA_STYLE ('',( #847 ) ) ;
#1543 = ORIENTED_EDGE ( 'NONE', *, *, #5165, .F. ) ;
#1544 = CARTESIAN_POINT ( 'NONE',  ( 0.3134175730544422334, 2.829092094937436297, -2.397330798265291385 ) ) ;
#1545 = CARTESIAN_POINT ( 'NONE',  ( 0.2027403996334731229, -1.270000000000001350, 1.181374481024760836 ) ) ;
#1546 = PRESENTATION_STYLE_ASSIGNMENT (( #7215 ) ) ;
#1547 = EDGE_CURVE ( 'NONE', #5652, #7889, #3395, .T. ) ;
#1548 = LINE ( 'NONE', #5414, #6647 ) ;
#1549 = CARTESIAN_POINT ( 'NONE',  ( -0.1771939946250033482, -1.270000000000001794, 0.7717580415739708766 ) ) ;
#1550 = VECTOR ( 'NONE', #1930, 1000.000000000000000 ) ;
#1551 = FILL_AREA_STYLE ('',( #7926 ) ) ;
#1552 = ADVANCED_FACE ( 'NONE', ( #5395 ), #4805, .F. ) ;
#1553 = VERTEX_POINT ( 'NONE', #4026 ) ;
#1554 =( NAMED_UNIT ( * ) SI_UNIT ( $, .STERADIAN. ) SOLID_ANGLE_UNIT ( ) );
#1555 = VERTEX_POINT ( 'NONE', #1645 ) ;
#1556 =( NAMED_UNIT ( * ) SI_UNIT ( $, .STERADIAN. ) SOLID_ANGLE_UNIT ( ) );
#1557 = DIRECTION ( 'NONE',  ( 0.000000000000000000, -0.000000000000000000, -1.000000000000000000 ) ) ;
#1558 = EDGE_CURVE ( 'NONE', #7207, #8154, #7307, .T. ) ;
#1559 = PRESENTATION_LAYER_ASSIGNMENT (  '', '', ( #2751 ) ) ;
#1560 = CARTESIAN_POINT ( 'NONE',  ( 0.3012548339959392751, 0.3012548339959391086, -2.466309119164536767 ) ) ;
#1561 = CARTESIAN_POINT ( 'NONE',  ( 3.709999999999999964, -0.7900000000000008127, 0.6000000000000000888 ) ) ;
#1562 = ORIENTED_EDGE ( 'NONE', *, *, #7604, .T. ) ;
#1563 = ORIENTED_EDGE ( 'NONE', *, *, #5232, .F. ) ;
#1564 = ORIENTED_EDGE ( 'NONE', *, *, #8201, .F. ) ;
#1565 = EDGE_CURVE ( 'NONE', #4122, #7265, #994, .T. ) ;
#1566 = CARTESIAN_POINT ( 'NONE',  ( 2.813200710532140825, 4.759999999999998899, 7.909999999999986819 ) ) ;
#1567 =( NAMED_UNIT ( * ) SI_UNIT ( $, .STERADIAN. ) SOLID_ANGLE_UNIT ( ) );
#1568 = CARTESIAN_POINT ( 'NONE',  ( 2.860000000000000320, 4.823999999999998956, 8.550000000000000711 ) ) ;
#1569 = VECTOR ( 'NONE', #1616, 1000.000000000000000 ) ;
#1570 =( BOUNDED_CURVE ( )  B_SPLINE_CURVE ( 3, ( #2667, #3248, #7020, #7144 ),
 .UNSPECIFIED., .F., .F. ) 
 B_SPLINE_CURVE_WITH_KNOTS ( ( 4, 4 ),
 ( 2.122493417915220663E-16, 0.7853981633974426169 ),
 .UNSPECIFIED. ) 
 CURVE ( )  GEOMETRIC_REPRESENTATION_ITEM ( )  RATIONAL_B_SPLINE_CURVE ( ( 1.000000000000000000, 0.9492530216741918991, 0.9492530216741918991, 1.000000000000000000 ) ) 
 REPRESENTATION_ITEM ( '' )  );
#1571 = DIRECTION ( 'NONE',  ( 4.224164308385081333E-16, -1.000000000000000000, 0.000000000000000000 ) ) ;
#1572 = ORIENTED_EDGE ( 'NONE', *, *, #4083, .T. ) ;
#1573 =( LENGTH_UNIT ( ) NAMED_UNIT ( * ) SI_UNIT ( .MILLI., .METRE. ) );
#1574 = ORIENTED_EDGE ( 'NONE', *, *, #2299, .F. ) ;
#1575 = SURFACE_SIDE_STYLE ('',( #929 ) ) ;
#1576 = LINE ( 'NONE', #2976, #3576 ) ;
#1577 = CARTESIAN_POINT ( 'NONE',  ( 3.684999999999998277, 6.099999999999998757, 2.375000000000000444 ) ) ;
#1578 = LINE ( 'NONE', #6514, #6906 ) ;
#1579 =( NAMED_UNIT ( * ) SI_UNIT ( $, .STERADIAN. ) SOLID_ANGLE_UNIT ( ) );
#1580 = EDGE_CURVE ( 'NONE', #446, #2385, #398, .T. ) ;
#1581 = ORIENTED_EDGE ( 'NONE', *, *, #906, .F. ) ;
#1582 = CARTESIAN_POINT ( 'NONE',  ( 2.220000000000000195, 4.823999999999998956, 7.909999999999988596 ) ) ;
#1583 = FILL_AREA_STYLE_COLOUR ( '', #3145 ) ;
#1584 = VECTOR ( 'NONE', #5040, 1000.000000000000000 ) ;
#1585 = SURFACE_STYLE_FILL_AREA ( #5951 ) ;
#1586 = DIRECTION ( 'NONE',  ( -0.000000000000000000, 0.000000000000000000, 1.000000000000000000 ) ) ;
#1587 = FILL_AREA_STYLE_COLOUR ( '', #4772 ) ;
#1588 = DIRECTION ( 'NONE',  ( 0.3236155771181856711, -0.8891264907159878161, 0.3236155771181852270 ) ) ;
#1589 = MECHANICAL_DESIGN_GEOMETRIC_PRESENTATION_REPRESENTATION (  '', ( #3842 ), #4240 ) ;
#1590 = VECTOR ( 'NONE', #3564, 1000.000000000000000 ) ;
#1591 = CARTESIAN_POINT ( 'NONE',  ( 2.796000000000000263, 2.859999999999999876, 8.550000000000000711 ) ) ;
#1592 = ORIENTED_EDGE ( 'NONE', *, *, #7280, .F. ) ;
#1593 = CARTESIAN_POINT ( 'NONE',  ( 3.559999999999999609, -1.270000000000000240, 2.500000000000000000 ) ) ;
#1594 = ORIENTED_EDGE ( 'NONE', *, *, #2729, .F. ) ;
#1595 = DIRECTION ( 'NONE',  ( -0.000000000000000000, 0.000000000000000000, 1.000000000000000000 ) ) ;
#1596 = DIRECTION ( 'NONE',  ( -0.000000000000000000, 1.000000000000000000, 5.078189165123089681E-17 ) ) ;
#1597 = CARTESIAN_POINT ( 'NONE',  ( 0.3200000000000001177, 0.2732007105321401230, -2.359999999999986997 ) ) ;
#1598 = DIRECTION ( 'NONE',  ( 0.3236155771181856711, -0.8891264907159878161, 0.3236155771181852270 ) ) ;
#1599 = ORIENTED_EDGE ( 'NONE', *, *, #7515, .T. ) ;
#1600 = VERTEX_POINT ( 'NONE', #2885 ) ;
#1601 = DIRECTION ( 'NONE',  ( -0.7071067811865456854, -0.7071067811865493491, 0.000000000000000000 ) ) ;
#1602 = VERTEX_POINT ( 'NONE', #6616 ) ;
#1603 = EDGE_CURVE ( 'NONE', #4934, #2884, #7194, .T. ) ;
#1604 = SURFACE_STYLE_USAGE ( .BOTH. , #6707 ) ;
#1605 = FILL_AREA_STYLE ('',( #2737 ) ) ;
#1606 = AXIS2_PLACEMENT_3D ( 'NONE', #4453, #7633, #5819 ) ;
#1607 = ADVANCED_FACE ( 'NONE', ( #7984 ), #235, .F. ) ;
#1608 = EDGE_CURVE ( 'NONE', #2856, #862, #5339, .T. ) ;
#1609 = ORIENTED_EDGE ( 'NONE', *, *, #1668, .F. ) ;
#1610 = ORIENTED_EDGE ( 'NONE', *, *, #2612, .T. ) ;
#1611 = PRESENTATION_LAYER_ASSIGNMENT (  '', '', ( #4669 ) ) ;
#1612 = DIRECTION ( 'NONE',  ( -1.000000000000000000, -0.000000000000000000, 0.000000000000000000 ) ) ;
#1613 = VECTOR ( 'NONE', #107, 1000.000000000000000 ) ;
#1614 =( NAMED_UNIT ( * ) SI_UNIT ( $, .STERADIAN. ) SOLID_ANGLE_UNIT ( ) );
#1615 = DIRECTION ( 'NONE',  ( -6.842277657836020854E-49, 5.078189165123089681E-17, -1.000000000000000000 ) ) ;
#1616 = DIRECTION ( 'NONE',  ( -0.000000000000000000, -0.000000000000000000, -1.000000000000000000 ) ) ;
#1617 = CARTESIAN_POINT ( 'NONE',  ( 2.841254833995939144, 2.238745166004060483, -2.466309119164537655 ) ) ;
#1618 = AXIS2_PLACEMENT_3D ( 'NONE', #2490, #3737, #3062 ) ;
#1619 = CARTESIAN_POINT ( 'NONE',  ( 0.2560000000000001719, 5.399999999999999467, 7.909999999999988596 ) ) ;
#1620 = B_SPLINE_CURVE_WITH_KNOTS ( 'NONE', 3,
 ( #2189, #1444, #7202, #2853, #7164, #4733, #7238, #1529, #923, #2152 ),
 .UNSPECIFIED., .F., .F.,
 ( 4, 2, 2, 2, 4 ),
 ( 0.000000000000000000, 3.115297871150267943E-05, 6.230595742300535885E-05, 9.345893613450803150E-05, 0.0001246119148460107177 ),
 .UNSPECIFIED. ) ;
#1621 = SURFACE_STYLE_USAGE ( .BOTH. , #3999 ) ;
#1622 = EDGE_CURVE ( 'NONE', #7863, #5260, #5066, .T. ) ;
#1623 = VERTEX_POINT ( 'NONE', #5970 ) ;
#1624 =( GEOMETRIC_REPRESENTATION_CONTEXT ( 3 ) GLOBAL_UNCERTAINTY_ASSIGNED_CONTEXT ( ( #1650 ) ) GLOBAL_UNIT_ASSIGNED_CONTEXT ( ( #3566, #4901, #1663 ) ) REPRESENTATION_CONTEXT ( 'NONE', 'WORKASPACE' ) );
#1625 = CARTESIAN_POINT ( 'NONE',  ( 0.3200000000000001177, 4.823999999999999844, -2.359999999999988773 ) ) ;
#1626 = CARTESIAN_POINT ( 'NONE',  ( 0.000000000000000000, 0.2071507323465813233, 8.550000000000000711 ) ) ;
#1627 = DIRECTION ( 'NONE',  ( -0.000000000000000000, 1.000000000000000000, 0.000000000000000000 ) ) ;
#1628 = PRESENTATION_LAYER_ASSIGNMENT (  '', '', ( #2707 ) ) ;
#1629 = FACE_OUTER_BOUND ( 'NONE', #2943, .T. ) ;
#1630 = EDGE_LOOP ( 'NONE', ( #7658, #2067, #4524, #2496, #4925, #4895 ) ) ;
#1631 = DIRECTION ( 'NONE',  ( 0.7071067811865515695, 0.000000000000000000, 0.7071067811865435759 ) ) ;
#1632 = ORIENTED_EDGE ( 'NONE', *, *, #688, .F. ) ;
#1633 = MECHANICAL_DESIGN_GEOMETRIC_PRESENTATION_REPRESENTATION (  '', ( #4157 ), #5359 ) ;
#1634 = VECTOR ( 'NONE', #7048, 1000.000000000000000 ) ;
#1635 = CARTESIAN_POINT ( 'NONE',  ( 0.09036144578313230757, -1.270000000000000018, 1.625421686746987948 ) ) ;
#1636 = LINE ( 'NONE', #7852, #908 ) ;
#1637 =( NAMED_UNIT ( * ) SI_UNIT ( $, .STERADIAN. ) SOLID_ANGLE_UNIT ( ) );
#1638 = UNCERTAINTY_MEASURE_WITH_UNIT (LENGTH_MEASURE( 1.000000000000000082E-05 ), #4288, 'distance_accuracy_value', 'NONE');
#1639 = CARTESIAN_POINT ( 'NONE',  ( 0.3200000000000000622, 0.2559999999999999498, -2.359999999999988773 ) ) ;
#1640 =( NAMED_UNIT ( * ) SI_UNIT ( $, .STERADIAN. ) SOLID_ANGLE_UNIT ( ) );
#1641 = VECTOR ( 'NONE', #6795, 1000.000000000000000 ) ;
#1642 = STYLED_ITEM ( 'NONE', ( #3935 ), #687 ) ;
#1643 = DIRECTION ( 'NONE',  ( 0.000000000000000000, 0.000000000000000000, 1.000000000000000000 ) ) ;
#1644 = VERTEX_POINT ( 'NONE', #7517 ) ;
#1645 = CARTESIAN_POINT ( 'NONE',  ( 1.769999999999999352, 6.349999999999999645, 0.000000000000000000 ) ) ;
#1646 = ORIENTED_EDGE ( 'NONE', *, *, #4602, .T. ) ;
#1647 = EDGE_CURVE ( 'NONE', #7889, #116, #6898, .T. ) ;
#1648 = LINE ( 'NONE', #7236, #5046 ) ;
#1649 = FACE_OUTER_BOUND ( 'NONE', #3543, .T. ) ;
#1650 = UNCERTAINTY_MEASURE_WITH_UNIT (LENGTH_MEASURE( 1.000000000000000082E-05 ), #3566, 'distance_accuracy_value', 'NONE');
#1651 = EDGE_CURVE ( 'NONE', #5539, #4371, #4339, .T. ) ;
#1652 = EDGE_CURVE ( 'NONE', #6875, #849, #1071, .T. ) ;
#1653 = COLOUR_RGB ( '',0.9686274509803921573, 0.8784313725490195957, 0.5999999999999999778 ) ;
#1654 = EDGE_LOOP ( 'NONE', ( #6663, #3392, #6164, #1035 ) ) ;
#1655 = CARTESIAN_POINT ( 'NONE',  ( -1.019999999999999796, -1.270000000000000240, 0.4500000000000009548 ) ) ;
#1656 = ORIENTED_EDGE ( 'NONE', *, *, #4782, .F. ) ;
#1657 = CARTESIAN_POINT ( 'NONE',  ( 0.000000000000000000, 5.870000000000000107, 0.000000000000000000 ) ) ;
#1658 = DIRECTION ( 'NONE',  ( 1.000000000000000000, 0.000000000000000000, -0.000000000000000000 ) ) ;
#1659 = LINE ( 'NONE', #288, #3169 ) ;
#1660 = CARTESIAN_POINT ( 'NONE',  ( -0.3134175730544421778, 0.2890920949374352067, 7.947330798265291207 ) ) ;
#1661 =( GEOMETRIC_REPRESENTATION_CONTEXT ( 3 ) GLOBAL_UNCERTAINTY_ASSIGNED_CONTEXT ( ( #4893 ) ) GLOBAL_UNIT_ASSIGNED_CONTEXT ( ( #4323, #1169, #2944 ) ) REPRESENTATION_CONTEXT ( 'NONE', 'WORKASPACE' ) );
#1662 = PLANE ( 'NONE',  #2403 ) ;
#1663 =( NAMED_UNIT ( * ) SI_UNIT ( $, .STERADIAN. ) SOLID_ANGLE_UNIT ( ) );
#1664 = CARTESIAN_POINT ( 'NONE',  ( -0.3199999999999998956, -0.2732007105321404006, -2.359999999999986997 ) ) ;
#1665 = ORIENTED_EDGE ( 'NONE', *, *, #6670, .T. ) ;
#1666 = VECTOR ( 'NONE', #5345, 1000.000000000000000 ) ;
#1667 = FACE_OUTER_BOUND ( 'NONE', #6546, .T. ) ;
#1668 = EDGE_CURVE ( 'NONE', #6072, #1794, #4926, .T. ) ;
#1669 = CARTESIAN_POINT ( 'NONE',  ( -0.2247191242266838307, -1.269999999999986251, 1.408007062060585346 ) ) ;
#1670 = CARTESIAN_POINT ( 'NONE',  ( 0.6499999999999999112, -1.269999999999999796, 1.270000000000000018 ) ) ;
#1671 = CARTESIAN_POINT ( 'NONE',  ( -0.7699999999999996847, -1.270000000000000018, 2.500000000000000000 ) ) ;
#1672 = CARTESIAN_POINT ( 'NONE',  ( -0.3199999999999999512, 0.2071507323465813233, 8.550000000000000711 ) ) ;
#1673 = ORIENTED_EDGE ( 'NONE', *, *, #7649, .T. ) ;
#1674 = DIRECTION ( 'NONE',  ( -8.470329472543003391E-17, 1.000000000000000000, 0.000000000000000000 ) ) ;
#1675 = ORIENTED_EDGE ( 'NONE', *, *, #1535, .T. ) ;
#1676 = MANIFOLD_SOLID_BREP ( 'SIGmark', #5360 ) ;
#1677 = CARTESIAN_POINT ( 'NONE',  ( 3.309999999999999609, 6.349999999999999645, 2.500000000000000000 ) ) ;
#1678 = CARTESIAN_POINT ( 'NONE',  ( -0.2010872110020789083, 5.281087211002079229, 8.584387938363944315 ) ) ;
#1679 = CARTESIAN_POINT ( 'NONE',  ( 2.332849267653417602, 5.080000000000000071, -3.000000000000000000 ) ) ;
#1680 = DIRECTION ( 'NONE',  ( -0.1710878697460330722, -0.1710878697460330722, -0.9702875252478149193 ) ) ;
#1681 = ADVANCED_FACE ( 'NONE', ( #6171 ), #2466, .F. ) ;
#1682 = SURFACE_STYLE_USAGE ( .BOTH. , #8019 ) ;
#1683 = ORIENTED_EDGE ( 'NONE', *, *, #5368, .T. ) ;
#1684 = DIRECTION ( 'NONE',  ( -1.000000000000000000, 0.000000000000000000, 0.000000000000000000 ) ) ;
#1685 = ORIENTED_EDGE ( 'NONE', *, *, #5468, .F. ) ;
#1686 = VECTOR ( 'NONE', #5037, 1000.000000000000000 ) ;
#1687 = DIRECTION ( 'NONE',  ( 0.000000000000000000, -0.000000000000000000, -1.000000000000000000 ) ) ;
#1688 = CARTESIAN_POINT ( 'NONE',  ( 4.038304512630000787, -1.270000000000000240, 2.350000000000000089 ) ) ;
#1689 = CARTESIAN_POINT ( 'NONE',  ( -0.2700724310048540633, -1.169999999999999041, 0.8217727567765096275 ) ) ;
#1690 = FACE_OUTER_BOUND ( 'NONE', #5119, .T. ) ;
#1691 =( BOUNDED_CURVE ( )  B_SPLINE_CURVE ( 3, ( #1119, #3641, #6143, #2266 ),
 .UNSPECIFIED., .F., .F. ) 
 B_SPLINE_CURVE_WITH_KNOTS ( ( 4, 4 ),
 ( 0.000000000000000000, 0.7853981633974490562 ),
 .UNSPECIFIED. ) 
 CURVE ( )  GEOMETRIC_REPRESENTATION_ITEM ( )  RATIONAL_B_SPLINE_CURVE ( ( 1.000000000000000000, 0.9492530216741910110, 0.9492530216741910110, 1.000000000000000000 ) ) 
 REPRESENTATION_ITEM ( '' )  );
#1692 = AXIS2_PLACEMENT_3D ( 'NONE', #6565, #7252, #6076 ) ;
#1693 = CARTESIAN_POINT ( 'NONE',  ( -0.2559999999999999498, -0.3200000000000007283, 8.550000000000000711 ) ) ;
#1694 = VERTEX_POINT ( 'NONE', #3711 ) ;
#1695 = DIRECTION ( 'NONE',  ( 1.000000000000000000, 0.000000000000000000, 0.000000000000000000 ) ) ;
#1696 = VERTEX_POINT ( 'NONE', #3124 ) ;
#1697 = CARTESIAN_POINT ( 'NONE',  ( 3.559999999999999165, 6.099999999999998757, 2.500000000000000000 ) ) ;
#1698 = CARTESIAN_POINT ( 'NONE',  ( 0.3012548339959392751, -0.3012548339959398302, 8.016309119164535701 ) ) ;
#1699 = DIRECTION ( 'NONE',  ( 0.000000000000000000, 1.000000000000000000, 0.000000000000000000 ) ) ;
#1700 = CARTESIAN_POINT ( 'NONE',  ( -0.1563994110147657601, -1.243345048151473398, 1.779701609068663259 ) ) ;
#1701 = AXIS2_PLACEMENT_3D ( 'NONE', #4900, #7323, #4824 ) ;
#1702 = CARTESIAN_POINT ( 'NONE',  ( 0.2071507323465825168, 2.747150732346582469, -3.000000000000000000 ) ) ;
#1703 = SURFACE_STYLE_USAGE ( .BOTH. , #1823 ) ;
#1704 = CARTESIAN_POINT ( 'NONE',  ( -0.2349397590361448074, -1.270000000000000018, 0.8488780120481929092 ) ) ;
#1705 = EDGE_CURVE ( 'NONE', #6012, #2177, #1846, .T. ) ;
#1706 = ORIENTED_EDGE ( 'NONE', *, *, #6972, .F. ) ;
#1707 = DIRECTION ( 'NONE',  ( -0.7071067811865435759, 0.000000000000000000, 0.7071067811865515695 ) ) ;
#1708 = EDGE_CURVE ( 'NONE', #2988, #3252, #6181, .T. ) ;
#1709 = CARTESIAN_POINT ( 'NONE',  ( 2.860000000000000320, 5.400000000000000355, -2.359999999999988773 ) ) ;
#1710 = PRESENTATION_STYLE_ASSIGNMENT (( #2362 ) ) ;
#1711 = DIRECTION ( 'NONE',  ( -1.000000000000000000, 0.000000000000000000, 0.000000000000000000 ) ) ;
#1712 = EDGE_CURVE ( 'NONE', #5428, #1553, #5043, .T. ) ;
#1713 = EDGE_CURVE ( 'NONE', #7572, #6415, #7433, .T. ) ;
#1714 = ORIENTED_EDGE ( 'NONE', *, *, #1651, .F. ) ;
#1715 = SURFACE_STYLE_USAGE ( .BOTH. , #511 ) ;
#1716 = VECTOR ( 'NONE', #1972, 1000.000000000000000 ) ;
#1717 = EDGE_LOOP ( 'NONE', ( #6553, #475, #2357, #1404, #2098, #7298 ) ) ;
#1718 = SURFACE_STYLE_FILL_AREA ( #5506 ) ;
#1719 = CARTESIAN_POINT ( 'NONE',  ( -0.2300749665017335355, -1.169999999999995266, 1.353970648056180393 ) ) ;
#1720 = VECTOR ( 'NONE', #5265, 1000.000000000000000 ) ;
#1721 = LINE ( 'NONE', #640, #7430 ) ;
#1722 = CARTESIAN_POINT ( 'NONE',  ( 0.2713367824627647140, -1.169999999999999929, 1.100924175899254287 ) ) ;
#1723 = PRESENTATION_STYLE_ASSIGNMENT (( #1682 ) ) ;
#1724 = ORIENTED_EDGE ( 'NONE', *, *, #866, .F. ) ;
#1725 = SURFACE_STYLE_USAGE ( .BOTH. , #7390 ) ;
#1726 = ORIENTED_EDGE ( 'NONE', *, *, #5725, .T. ) ;
#1727 = EDGE_CURVE ( 'NONE', #1189, #7212, #2197, .T. ) ;
#1728 = DIRECTION ( 'NONE',  ( -1.000000000000000000, 0.000000000000000000, 0.000000000000000000 ) ) ;
#1729 = PRESENTATION_STYLE_ASSIGNMENT (( #1604 ) ) ;
#1730 = UNCERTAINTY_MEASURE_WITH_UNIT (LENGTH_MEASURE( 1.000000000000000082E-05 ), #337, 'distance_accuracy_value', 'NONE');
#1731 = CARTESIAN_POINT ( 'NONE',  ( 0.1920371650743206149, -1.270000000000000906, 1.763573935885104138 ) ) ;
#1732 = VECTOR ( 'NONE', #480, 1000.000000000000000 ) ;
#1733 = DIRECTION ( 'NONE',  ( -6.842277657836020854E-49, 5.078189165123089681E-17, -1.000000000000000000 ) ) ;
#1734 = ORIENTED_EDGE ( 'NONE', *, *, #7629, .F. ) ;
#1735 = CARTESIAN_POINT ( 'NONE',  ( 1.270000000000000462, -1.019999999999998908, 2.350000000000000089 ) ) ;
#1736 = VERTEX_POINT ( 'NONE', #4221 ) ;
#1737 = CARTESIAN_POINT ( 'NONE',  ( 0.3200000000000000622, 5.335999999999999410, 8.550000000000000711 ) ) ;
#1738 = CARTESIAN_POINT ( 'NONE',  ( -0.1573284206430658194, -1.169999999999999929, 1.806397023426620896 ) ) ;
#1739 = COLOUR_RGB ( '',0.9686274509803921573, 0.8784313725490195957, 0.5999999999999999778 ) ;
#1740 = LINE ( 'NONE', #8118, #298 ) ;
#1741 = FILL_AREA_STYLE ('',( #3054 ) ) ;
#1742 = SURFACE_STYLE_FILL_AREA ( #3692 ) ;
#1743 = ORIENTED_EDGE ( 'NONE', *, *, #6562, .F. ) ;
#1744 = MANIFOLD_SOLID_BREP ( 'Metal-Pattern[1]', #2169 ) ;
#1745 = VECTOR ( 'NONE', #7977, 1000.000000000000000 ) ;
#1746 = SURFACE_STYLE_FILL_AREA ( #1094 ) ;
#1747 = DIRECTION ( 'NONE',  ( -0.000000000000000000, 1.000000000000000000, 0.000000000000000000 ) ) ;
#1748 = CARTESIAN_POINT ( 'NONE',  ( -0.2326746774003405349, -1.269999999999988693, 1.428617988992419319 ) ) ;
#1749 =( LENGTH_UNIT ( ) NAMED_UNIT ( * ) SI_UNIT ( .MILLI., .METRE. ) );
#1750 = ADVANCED_FACE ( 'NONE', ( #2060 ), #1391, .T. ) ;
#1751 = VECTOR ( 'NONE', #7524, 1000.000000000000000 ) ;
#1752 = CARTESIAN_POINT ( 'NONE',  ( -0.2560000000000000608, 0.3199999999999993960, 7.909999999999988596 ) ) ;
#1753 = FILL_AREA_STYLE ('',( #6160 ) ) ;
#1754 = AXIS2_PLACEMENT_3D ( 'NONE', #801, #3278, #2045 ) ;
#1755 = ORIENTED_EDGE ( 'NONE', *, *, #1020, .T. ) ;
#1756 = EDGE_CURVE ( 'NONE', #5058, #746, #2629, .T. ) ;
#1757 = CARTESIAN_POINT ( 'NONE',  ( 2.747150732346582025, 2.332849267653417158, 8.550000000000000711 ) ) ;
#1758 = ORIENTED_EDGE ( 'NONE', *, *, #19, .F. ) ;
#1759 = STYLED_ITEM ( 'NONE', ( #4206 ), #7361 ) ;
#1760 = EDGE_LOOP ( 'NONE', ( #5365, #3853, #8186 ) ) ;
#1761 = LINE ( 'NONE', #1219, #6438 ) ;
#1762 = CARTESIAN_POINT ( 'NONE',  ( -0.2712896863507466283, -1.169999999999995266, 1.456213786712945213 ) ) ;
#1763 = CARTESIAN_POINT ( 'NONE',  ( 2.860000000000000320, 2.283999999999999808, -2.359999999999988773 ) ) ;
#1764 = VECTOR ( 'NONE', #366, 1000.000000000000000 ) ;
#1765 = DIRECTION ( 'NONE',  ( -8.470329472543003391E-17, 1.000000000000000000, 0.000000000000000000 ) ) ;
#1766 = PLANE ( 'NONE',  #659 ) ;
#1767 = VECTOR ( 'NONE', #6850, 1000.000000000000000 ) ;
#1768 = EDGE_CURVE ( 'NONE', #3661, #5214, #6491, .T. ) ;
#1769 = ORIENTED_EDGE ( 'NONE', *, *, #4709, .F. ) ;
#1770 = CARTESIAN_POINT ( 'NONE',  ( 2.220000000000000195, 0.2071507323465813233, 8.550000000000000711 ) ) ;
#1771 = ORIENTED_EDGE ( 'NONE', *, *, #6225, .T. ) ;
#1772 = FACE_OUTER_BOUND ( 'NONE', #1027, .T. ) ;
#1773 = FILL_AREA_STYLE ('',( #3555 ) ) ;
#1774 =( GEOMETRIC_REPRESENTATION_CONTEXT ( 3 ) GLOBAL_UNCERTAINTY_ASSIGNED_CONTEXT ( ( #8025 ) ) GLOBAL_UNIT_ASSIGNED_CONTEXT ( ( #789, #7121, #1991 ) ) REPRESENTATION_CONTEXT ( 'NONE', 'WORKASPACE' ) );
#1775 = EDGE_CURVE ( 'NONE', #849, #2348, #7015, .T. ) ;
#1776 = VECTOR ( 'NONE', #1949, 1000.000000000000000 ) ;
#1777 = FACE_OUTER_BOUND ( 'NONE', #4912, .T. ) ;
#1778 = LINE ( 'NONE', #3722, #458 ) ;
#1779 = EDGE_LOOP ( 'NONE', ( #3352, #7701, #1522, #5681 ) ) ;
#1780 = VECTOR ( 'NONE', #692, 1000.000000000000000 ) ;
#1781 = VERTEX_POINT ( 'NONE', #3839 ) ;
#1782 = CARTESIAN_POINT ( 'NONE',  ( 2.741087211002079194, 2.338912788997920877, 8.584387938363944315 ) ) ;
#1783 = DIRECTION ( 'NONE',  ( 0.9848077530122085754, 8.341646135128160883E-17, 0.1736481776669278332 ) ) ;
#1784 = PRESENTATION_LAYER_ASSIGNMENT (  '', '', ( #5108 ) ) ;
#1785 = CARTESIAN_POINT ( 'NONE',  ( -0.2732007105321401230, 0.3199999999999998401, -2.359999999999988773 ) ) ;
#1786 = ORIENTED_EDGE ( 'NONE', *, *, #1622, .T. ) ;
#1787 = B_SPLINE_CURVE_WITH_KNOTS ( 'NONE', 3,
 ( #3902, #3270, #1330, #5809, #3858, #6389, #3311 ),
 .UNSPECIFIED., .F., .F.,
 ( 4, 3, 4 ),
 ( 0.000000000000000000, 4.656973448358606686E-05, 0.0001064217836431325791 ),
 .UNSPECIFIED. ) ;
#1788 = VECTOR ( 'NONE', #6475, 999.9999999999998863 ) ;
#1789 =( NAMED_UNIT ( * ) PLANE_ANGLE_UNIT ( ) SI_UNIT ( $, .RADIAN. ) );
#1790 = CARTESIAN_POINT ( 'NONE',  ( 0.3200000000000001177, 4.823999999999998956, 7.909999999999988596 ) ) ;
#1791 = DIRECTION ( 'NONE',  ( 0.7071067811865435759, 0.000000000000000000, -0.7071067811865515695 ) ) ;
#1792 = LINE ( 'NONE', #1098, #1496 ) ;
#1793 = VECTOR ( 'NONE', #3116, 1000.000000000000000 ) ;
#1794 = VERTEX_POINT ( 'NONE', #5215 ) ;
#1795 = CARTESIAN_POINT ( 'NONE',  ( 2.860000000000000320, 2.859999999999999876, -2.359999999999988773 ) ) ;
#1796 = ORIENTED_EDGE ( 'NONE', *, *, #6585, .F. ) ;
#1797 = EDGE_CURVE ( 'NONE', #1060, #6875, #3905, .T. ) ;
#1798 = FILL_AREA_STYLE ('',( #8052 ) ) ;
#1799 = ORIENTED_EDGE ( 'NONE', *, *, #6036, .T. ) ;
#1800 = CARTESIAN_POINT ( 'NONE',  ( -0.3199999999999998401, 2.266799289467859246, 7.909999999999988596 ) ) ;
#1801 = CARTESIAN_POINT ( 'NONE',  ( 1.770000000000000462, -1.270000000000000018, 0.000000000000000000 ) ) ;
#1802 = CARTESIAN_POINT ( 'NONE',  ( 2.841254833995939144, 2.238745166004060483, -2.466309119164537655 ) ) ;
#1803 = LINE ( 'NONE', #6286, #1103 ) ;
#1804 = B_SPLINE_CURVE_WITH_KNOTS ( 'NONE', 3,
 ( #4601, #3885, #6418, #5130, #7112, #1980, #3972, #6495, #740, #103 ),
 .UNSPECIFIED., .F., .F.,
 ( 4, 3, 3, 4 ),
 ( 0.000000000000000000, 3.193694500262129479E-05, 6.387389000524230497E-05, 0.0001064253154868432724 ),
 .UNSPECIFIED. ) ;
#1805 = EDGE_CURVE ( 'NONE', #2742, #5341, #4471, .T. ) ;
#1806 = DIRECTION ( 'NONE',  ( -8.470329472543003391E-17, 1.000000000000000000, 0.000000000000000000 ) ) ;
#1807 = VERTEX_POINT ( 'NONE', #2591 ) ;
#1808 = SURFACE_STYLE_FILL_AREA ( #519 ) ;
#1809 = EDGE_LOOP ( 'NONE', ( #152, #6573, #4737, #6671, #1952, #1381 ) ) ;
#1810 = CARTESIAN_POINT ( 'NONE',  ( 0.1920371650743218084, -1.269999999999991136, 1.763573935885107247 ) ) ;
#1811 = FACE_OUTER_BOUND ( 'NONE', #8171, .T. ) ;
#1812 = UNCERTAINTY_MEASURE_WITH_UNIT (LENGTH_MEASURE( 1.000000000000000082E-05 ), #2750, 'distance_accuracy_value', 'NONE');
#1813 = CARTESIAN_POINT ( 'NONE',  ( 3.560000000000000053, -1.019999999999999130, 0.000000000000000000 ) ) ;
#1814 = ORIENTED_EDGE ( 'NONE', *, *, #7629, .T. ) ;
#1815 = DIRECTION ( 'NONE',  ( -1.000000000000000000, -0.000000000000000000, -0.000000000000000000 ) ) ;
#1816 = ORIENTED_EDGE ( 'NONE', *, *, #5524, .T. ) ;
#1817 = EDGE_CURVE ( 'NONE', #4289, #4250, #3854, .T. ) ;
#1818 =( NAMED_UNIT ( * ) SI_UNIT ( $, .STERADIAN. ) SOLID_ANGLE_UNIT ( ) );
#1819 = VECTOR ( 'NONE', #3203, 1000.000000000000000 ) ;
#1820 = ORIENTED_EDGE ( 'NONE', *, *, #7980, .T. ) ;
#1821 = ADVANCED_FACE ( 'NONE', ( #1977 ), #6694, .T. ) ;
#1822 = DIRECTION ( 'NONE',  ( -0.3420201433256698231, 0.9396926207859079838, 0.000000000000000000 ) ) ;
#1823 = SURFACE_SIDE_STYLE ('',( #6720 ) ) ;
#1824 = PLANE ( 'NONE',  #3755 ) ;
#1825 = VERTEX_POINT ( 'NONE', #6607 ) ;
#1826 = CARTESIAN_POINT ( 'NONE',  ( 2.860000000000000320, 2.219999999999999307, 7.909999999999988596 ) ) ;
#1827 = VECTOR ( 'NONE', #6028, 1000.000000000000000 ) ;
#1828 = CARTESIAN_POINT ( 'NONE',  ( 1.269999999999999574, 6.099999999999998757, 2.500000000000000000 ) ) ;
#1829 = EDGE_CURVE ( 'NONE', #3230, #3801, #941, .T. ) ;
#1830 = CARTESIAN_POINT ( 'NONE',  ( -0.3199999999999998956, 5.353200710532140860, 7.909999999999988596 ) ) ;
#1831 = PRESENTATION_STYLE_ASSIGNMENT (( #6884 ) ) ;
#1832 = CARTESIAN_POINT ( 'NONE',  ( 0.2071507323465820449, 2.747150732346581581, 8.550000000000000711 ) ) ;
#1833 = CARTESIAN_POINT ( 'NONE',  ( -0.2069451709529512018, -1.269999999999996465, 1.756761588701827748 ) ) ;
#1834 = ORIENTED_EDGE ( 'NONE', *, *, #1727, .F. ) ;
#1835 =( BOUNDED_CURVE ( )  B_SPLINE_CURVE ( 3, ( #364, #1566, #5430, #2924 ),
 .UNSPECIFIED., .F., .F. ) 
 B_SPLINE_CURVE_WITH_KNOTS ( ( 4, 4 ),
 ( 4.001096304623763307E-48, 0.7853981633974507215 ),
 .UNSPECIFIED. ) 
 CURVE ( )  GEOMETRIC_REPRESENTATION_ITEM ( )  RATIONAL_B_SPLINE_CURVE ( ( 1.000000000000000000, 0.9492530216741907889, 0.9492530216741907889, 1.000000000000000000 ) ) 
 REPRESENTATION_ITEM ( '' )  );
#1836 = EDGE_LOOP ( 'NONE', ( #1847, #4905, #2990, #60, #7688, #3514 ) ) ;
#1837 = DIRECTION ( 'NONE',  ( -6.842277657836020854E-49, 5.078189165123089681E-17, -1.000000000000000000 ) ) ;
#1838 = VERTEX_POINT ( 'NONE', #7810 ) ;
#1839 = MANIFOLD_SOLID_BREP ( 'Plastic-Pattern', #6802 ) ;
#1840 = CARTESIAN_POINT ( 'NONE',  ( 2.853417573054441991, -0.2890920949374365390, 7.947330798265291207 ) ) ;
#1841 = LINE ( 'NONE', #1883, #1686 ) ;
#1842 = CARTESIAN_POINT ( 'NONE',  ( 1.270000000000000462, -1.019999999999998908, 2.500000000000000000 ) ) ;
#1843 = CARTESIAN_POINT ( 'NONE',  ( 0.2560000000000001719, 0.3199999999999993960, 7.909999999999988596 ) ) ;
#1844 = DIRECTION ( 'NONE',  ( 6.842277657836020854E-49, -5.078189165123089681E-17, 1.000000000000000000 ) ) ;
#1845 = ORIENTED_EDGE ( 'NONE', *, *, #8169, .F. ) ;
#1846 = LINE ( 'NONE', #484, #5761 ) ;
#1847 = ORIENTED_EDGE ( 'NONE', *, *, #4506, .F. ) ;
#1848 = LINE ( 'NONE', #1228, #6177 ) ;
#1849 = CARTESIAN_POINT ( 'NONE',  ( 0.2219035924842176211, -1.269999999999991358, 1.742749986091904901 ) ) ;
#1850 = DIRECTION ( 'NONE',  ( 0.7071067811865515695, -0.000000000000000000, 0.7071067811865435759 ) ) ;
#1851 = VECTOR ( 'NONE', #6052, 1000.000000000000114 ) ;
#1852 = CARTESIAN_POINT ( 'NONE',  ( 0.1577505785904918800, -1.149999999999998801, 1.813663502661130744 ) ) ;
#1853 = EDGE_CURVE ( 'NONE', #5241, #2873, #2134, .T. ) ;
#1854 = CARTESIAN_POINT ( 'NONE',  ( -0.1553685607633400190, -1.270000000000001128, 1.770048312620811082 ) ) ;
#1855 = AXIS2_PLACEMENT_3D ( 'NONE', #8105, #3638, #1075 ) ;
#1856 = CARTESIAN_POINT ( 'NONE',  ( 2.813200710532139937, 2.859999999999999876, -2.359999999999989218 ) ) ;
#1857 = EDGE_LOOP ( 'NONE', ( #4238, #5030, #7027, #5833, #1007, #512 ) ) ;
#1858 = EDGE_CURVE ( 'NONE', #5409, #1976, #2685, .T. ) ;
#1859 = DIRECTION ( 'NONE',  ( -8.470329472543003391E-17, 1.000000000000000000, 0.000000000000000000 ) ) ;
#1860 = AXIS2_PLACEMENT_3D ( 'NONE', #5036, #5747, #6282 ) ;
#1861 = ORIENTED_EDGE ( 'NONE', *, *, #1521, .F. ) ;
#1862 = SURFACE_STYLE_FILL_AREA ( #2443 ) ;
#1863 = CARTESIAN_POINT ( 'NONE',  ( -0.3199999999999998956, 4.806799289467859282, 7.909999999999988596 ) ) ;
#1864 = EDGE_CURVE ( 'NONE', #4708, #5631, #6572, .T. ) ;
#1865 = DIRECTION ( 'NONE',  ( 8.470329472543003391E-17, -1.000000000000000000, 0.000000000000000000 ) ) ;
#1866 = EDGE_CURVE ( 'NONE', #5110, #5932, #5342, .T. ) ;
#1867 = EDGE_LOOP ( 'NONE', ( #4220, #5755, #5421, #1572 ) ) ;
#1868 = EDGE_CURVE ( 'NONE', #5363, #3679, #1465, .T. ) ;
#1869 = FILL_AREA_STYLE ('',( #7670 ) ) ;
#1870 =( LENGTH_UNIT ( ) NAMED_UNIT ( * ) SI_UNIT ( .MILLI., .METRE. ) );
#1871 = CARTESIAN_POINT ( 'NONE',  ( 0.000000000000000000, 4.872849267653418082, 8.550000000000000711 ) ) ;
#1872 = LINE ( 'NONE', #4325, #2542 ) ;
#1873 = ADVANCED_FACE ( 'NONE', ( #6002 ), #311, .F. ) ;
#1874 = LINE ( 'NONE', #754, #7013 ) ;
#1875 = VECTOR ( 'NONE', #428, 1000.000000000000000 ) ;
#1876 = EDGE_LOOP ( 'NONE', ( #352, #3983, #6156, #1524 ) ) ;
#1877 = DIRECTION ( 'NONE',  ( 0.000000000000000000, 0.9396926207859082059, 0.3420201433256694901 ) ) ;
#1878 = ORIENTED_EDGE ( 'NONE', *, *, #3283, .F. ) ;
#1879 = CARTESIAN_POINT ( 'NONE',  ( -0.2280098402426447846, -1.169999999999999041, 1.787058641526134251 ) ) ;
#1880 = ORIENTED_EDGE ( 'NONE', *, *, #1708, .T. ) ;
#1881 = CARTESIAN_POINT ( 'NONE',  ( 0.2349397590361443910, -1.270000000000000240, 1.100007530120482135 ) ) ;
#1882 = COLOUR_RGB ( '',0.9686274509803921573, 0.8784313725490195957, 0.5999999999999999778 ) ;
#1883 = CARTESIAN_POINT ( 'NONE',  ( -0.2560000000000000053, 5.399999999999999467, 8.550000000000000711 ) ) ;
#1884 = COLOUR_RGB ( '',0.9686274509803921573, 0.8784313725490195957, 0.5999999999999999778 ) ;
#1885 = CYLINDRICAL_SURFACE ( 'NONE', #258, 0.06399999999999998745 ) ;
#1886 =( BOUNDED_CURVE ( )  B_SPLINE_CURVE ( 3, ( #3409, #5947, #2319, #3016 ),
 .UNSPECIFIED., .F., .F. ) 
 B_SPLINE_CURVE_WITH_KNOTS ( ( 4, 4 ),
 ( 3.141592653589793560, 3.926990816987248056 ),
 .UNSPECIFIED. ) 
 CURVE ( )  GEOMETRIC_REPRESENTATION_ITEM ( )  RATIONAL_B_SPLINE_CURVE ( ( 1.000000000000000000, 0.9492530216741903448, 0.9492530216741903448, 1.000000000000000000 ) ) 
 REPRESENTATION_ITEM ( '' )  );
#1887 = VECTOR ( 'NONE', #6568, 1000.000000000000000 ) ;
#1888 = LINE ( 'NONE', #5125, #7737 ) ;
#1889 = EDGE_LOOP ( 'NONE', ( #1435, #2183, #2630, #574, #3777, #6380 ) ) ;
#1890 = ORIENTED_EDGE ( 'NONE', *, *, #700, .T. ) ;
#1891 = COLOUR_RGB ( '',0.9686274509803921573, 0.8784313725490195957, 0.5999999999999999778 ) ;
#1892 = CARTESIAN_POINT ( 'NONE',  ( 2.841254833995939144, 2.841254833995938256, 8.016309119164537478 ) ) ;
#1893 = FILL_AREA_STYLE ('',( #6182 ) ) ;
#1894 = CARTESIAN_POINT ( 'NONE',  ( -0.05396442235651247726, -1.169999999999999929, 0.9509753366796325214 ) ) ;
#1895 = CARTESIAN_POINT ( 'NONE',  ( 0.2608839580572253070, -1.170000000000001261, 0.7919293115025620722 ) ) ;
#1896 = UNCERTAINTY_MEASURE_WITH_UNIT (LENGTH_MEASURE( 1.000000000000000082E-05 ), #5403, 'distance_accuracy_value', 'NONE');
#1897 = VECTOR ( 'NONE', #87, 1000.000000000000000 ) ;
#1898 = DIRECTION ( 'NONE',  ( -0.7071067811865434649, 0.000000000000000000, 0.7071067811865515695 ) ) ;
#1899 =( NAMED_UNIT ( * ) PLANE_ANGLE_UNIT ( ) SI_UNIT ( $, .RADIAN. ) );
#1900 = CARTESIAN_POINT ( 'NONE',  ( -0.2221105522436118973, -1.270000000000000906, 1.741970206909851937 ) ) ;
#1901 = PRESENTATION_LAYER_ASSIGNMENT (  '', '', ( #4821 ) ) ;
#1902 = AXIS2_PLACEMENT_3D ( 'NONE', #3719, #3046, #6175 ) ;
#1903 = LINE ( 'NONE', #113, #1125 ) ;
#1904 = VERTEX_POINT ( 'NONE', #3028 ) ;
#1905 = CARTESIAN_POINT ( 'NONE',  ( 2.226582426945557636, -0.2890920949374364279, 7.947330798265292984 ) ) ;
#1906 = ORIENTED_EDGE ( 'NONE', *, *, #7843, .F. ) ;
#1907 = ADVANCED_FACE ( 'NONE', ( #2416 ), #3662, .T. ) ;
#1908 = AXIS2_PLACEMENT_3D ( 'NONE', #5580, #509, #3617 ) ;
#1909 =( NAMED_UNIT ( * ) SI_UNIT ( $, .STERADIAN. ) SOLID_ANGLE_UNIT ( ) );
#1910 = CARTESIAN_POINT ( 'NONE',  ( -0.3134175730544422334, 4.790907905062564254, 7.947330798265292984 ) ) ;
#1911 = DIRECTION ( 'NONE',  ( 8.470329472543003391E-17, -1.000000000000000000, 0.000000000000000000 ) ) ;
#1912 = EDGE_CURVE ( 'NONE', #3710, #5445, #7341, .T. ) ;
#1913 = SURFACE_STYLE_USAGE ( .BOTH. , #4576 ) ;
#1914 = PRESENTATION_STYLE_ASSIGNMENT (( #4983 ) ) ;
#1915 = AXIS2_PLACEMENT_3D ( 'NONE', #2776, #957, #2230 ) ;
#1916 = ORIENTED_EDGE ( 'NONE', *, *, #3553, .T. ) ;
#1917 =( NAMED_UNIT ( * ) SI_UNIT ( $, .STERADIAN. ) SOLID_ANGLE_UNIT ( ) );
#1918 =( NAMED_UNIT ( * ) PLANE_ANGLE_UNIT ( ) SI_UNIT ( $, .RADIAN. ) );
#1919 = STYLED_ITEM ( 'NONE', ( #2428 ), #1676 ) ;
#1920 =( NAMED_UNIT ( * ) SI_UNIT ( $, .STERADIAN. ) SOLID_ANGLE_UNIT ( ) );
#1921 = LINE ( 'NONE', #5781, #5076 ) ;
#1922 = FACE_OUTER_BOUND ( 'NONE', #5971, .T. ) ;
#1923 = EDGE_LOOP ( 'NONE', ( #3262, #6199, #6970, #2481, #7038, #5683 ) ) ;
#1924 = STYLED_ITEM ( 'NONE', ( #3413 ), #2090 ) ;
#1925 =( LENGTH_UNIT ( ) NAMED_UNIT ( * ) SI_UNIT ( .MILLI., .METRE. ) );
#1926 = ORIENTED_EDGE ( 'NONE', *, *, #5426, .F. ) ;
#1927 = CARTESIAN_POINT ( 'NONE',  ( -0.1841190565292892267, -1.169999999999999929, 1.804221953226369246 ) ) ;
#1928 = EDGE_CURVE ( 'NONE', #2177, #2310, #6852, .T. ) ;
#1929 = ORIENTED_EDGE ( 'NONE', *, *, #3176, .T. ) ;
#1930 = DIRECTION ( 'NONE',  ( -1.000000000000000000, -0.000000000000000000, -0.000000000000000000 ) ) ;
#1931 = CARTESIAN_POINT ( 'NONE',  ( -0.2531321181320840275, -1.220016904177297024, 0.8484971227639126479 ) ) ;
#1932 = DIRECTION ( 'NONE',  ( 0.7196877547425333255, 0.000000000000000000, -0.6942978724392371292 ) ) ;
#1933 = CARTESIAN_POINT ( 'NONE',  ( 2.796000000000000263, 2.859999999999999876, 7.909999999999988596 ) ) ;
#1934 = STYLED_ITEM ( 'NONE', ( #667 ), #2172 ) ;
#1935 = DIRECTION ( 'NONE',  ( -8.470329472543003391E-17, 1.000000000000000000, 0.000000000000000000 ) ) ;
#1936 = VERTEX_POINT ( 'NONE', #6163 ) ;
#1937 = CARTESIAN_POINT ( 'NONE',  ( 0.3012548339959392751, 4.778745166004060074, 8.016309119164535701 ) ) ;
#1938 = COLOUR_RGB ( '',0.9686274509803921573, 0.8784313725490195957, 0.5999999999999999778 ) ;
#1939 = VERTEX_POINT ( 'NONE', #5456 ) ;
#1940 = DIRECTION ( 'NONE',  ( -0.000000000000000000, 1.000000000000000000, -0.000000000000000000 ) ) ;
#1941 = LINE ( 'NONE', #696, #2215 ) ;
#1942 = FILL_AREA_STYLE_COLOUR ( '', #3455 ) ;
#1943 = PLANE ( 'NONE',  #7396 ) ;
#1944 = DIRECTION ( 'NONE',  ( 0.000000000000000000, -0.9848077530122085754, 0.1736481776669278054 ) ) ;
#1945 = ADVANCED_FACE ( 'NONE', ( #7466 ), #6235, .F. ) ;
#1946 = CARTESIAN_POINT ( 'NONE',  ( 0.2104599683874022742, -1.270000000000001128, 1.753582719337713369 ) ) ;
#1947 = CARTESIAN_POINT ( 'NONE',  ( -0.2342914746061731945, -1.149999999999998135, 1.347785745950024872 ) ) ;
#1948 = ORIENTED_EDGE ( 'NONE', *, *, #7896, .T. ) ;
#1949 = DIRECTION ( 'NONE',  ( -0.3236155771181848939, -0.8891264907159881492, 0.3236155771181852825 ) ) ;
#1950 = ORIENTED_EDGE ( 'NONE', *, *, #5987, .T. ) ;
#1951 = CARTESIAN_POINT ( 'NONE',  ( 2.796000000000000263, 2.219999999999999751, -2.359999999999988773 ) ) ;
#1952 = ORIENTED_EDGE ( 'NONE', *, *, #1864, .T. ) ;
#1953 = CARTESIAN_POINT ( 'NONE',  ( 0.04999999999999406308, -0.7900000000000003686, -0.6199999999999989964 ) ) ;
#1954 = PLANE ( 'NONE',  #3476 ) ;
#1955 = PLANE ( 'NONE',  #2696 ) ;
#1956 = VERTEX_POINT ( 'NONE', #5543 ) ;
#1957 = CARTESIAN_POINT ( 'NONE',  ( -1.170000000000000595, 6.099999999999998757, 2.350000000000000089 ) ) ;
#1958 = SURFACE_STYLE_FILL_AREA ( #2044 ) ;
#1959 = VECTOR ( 'NONE', #2419, 1000.000000000000000 ) ;
#1960 = CARTESIAN_POINT ( 'NONE',  ( 0.2349614701416063434, -1.270000000000000906, 0.8493962104888728160 ) ) ;
#1961 = CARTESIAN_POINT ( 'NONE',  ( -0.2349397590361448074, -1.270000000000000018, 0.8488780120481929092 ) ) ;
#1962 = ORIENTED_EDGE ( 'NONE', *, *, #660, .T. ) ;
#1963 =( GEOMETRIC_REPRESENTATION_CONTEXT ( 3 ) GLOBAL_UNCERTAINTY_ASSIGNED_CONTEXT ( ( #3045 ) ) GLOBAL_UNIT_ASSIGNED_CONTEXT ( ( #1870, #3275, #5193 ) ) REPRESENTATION_CONTEXT ( 'NONE', 'WORKASPACE' ) );
#1964 = ORIENTED_EDGE ( 'NONE', *, *, #498, .T. ) ;
#1965 = EDGE_CURVE ( 'NONE', #2884, #254, #6890, .T. ) ;
#1966 = CARTESIAN_POINT ( 'NONE',  ( 0.3012548339959392751, 5.381254833995939180, -2.466309119164536767 ) ) ;
#1967 = VERTEX_POINT ( 'NONE', #7420 ) ;
#1968 =( NAMED_UNIT ( * ) SI_UNIT ( $, .STERADIAN. ) SOLID_ANGLE_UNIT ( ) );
#1969 = SURFACE_SIDE_STYLE ('',( #52 ) ) ;
#1970 = COLOUR_RGB ( '',0.9686274509803921573, 0.8784313725490195957, 0.5999999999999999778 ) ;
#1971 = DIRECTION ( 'NONE',  ( 0.000000000000000000, -1.000000000000000000, 0.000000000000000000 ) ) ;
#1972 = DIRECTION ( 'NONE',  ( -6.842277657836020854E-49, 5.078189165123089681E-17, -1.000000000000000000 ) ) ;
#1973 = ADVANCED_FACE ( 'NONE', ( #3244 ), #3869, .F. ) ;
#1974 = EDGE_CURVE ( 'NONE', #2832, #1807, #632, .T. ) ;
#1975 = CARTESIAN_POINT ( 'NONE',  ( 2.860000000000000320, 2.813200710532140381, -2.359999999999986997 ) ) ;
#1976 = VERTEX_POINT ( 'NONE', #6931 ) ;
#1977 = FACE_OUTER_BOUND ( 'NONE', #4135, .T. ) ;
#1978 = ORIENTED_EDGE ( 'NONE', *, *, #3646, .T. ) ;
#1979 = CARTESIAN_POINT ( 'NONE',  ( -1.270000000000000462, 5.870000000000000107, 0.6000000000000000888 ) ) ;
#1980 = CARTESIAN_POINT ( 'NONE',  ( 0.1566949385773101777, -1.220014643514625963, 0.7518068180901388287 ) ) ;
#1981 = FACE_OUTER_BOUND ( 'NONE', #7508, .T. ) ;
#1982 = VECTOR ( 'NONE', #1097, 1000.000000000000114 ) ;
#1983 = CARTESIAN_POINT ( 'NONE',  ( -0.3199999999999999512, 0.3199999999999993405, -2.359999999999988773 ) ) ;
#1984 = UNCERTAINTY_MEASURE_WITH_UNIT (LENGTH_MEASURE( 1.000000000000000082E-05 ), #7175, 'distance_accuracy_value', 'NONE');
#1985 = DIRECTION ( 'NONE',  ( 8.470329472543003391E-17, -1.000000000000000000, 0.000000000000000000 ) ) ;
#1986 = CARTESIAN_POINT ( 'NONE',  ( 0.2301389845747350005, -1.149999999999999467, 1.793408833927353063 ) ) ;
#1987 = CARTESIAN_POINT ( 'NONE',  ( -0.1560617469879519992, -1.270000000000001128, 1.769999999999999796 ) ) ;
#1988 = ORIENTED_EDGE ( 'NONE', *, *, #7843, .T. ) ;
#1989 = CYLINDRICAL_SURFACE ( 'NONE', #7080, 0.06399999999999998745 ) ;
#1990 = VERTEX_POINT ( 'NONE', #7059 ) ;
#1991 =( NAMED_UNIT ( * ) SI_UNIT ( $, .STERADIAN. ) SOLID_ANGLE_UNIT ( ) );
#1992 = ORIENTED_EDGE ( 'NONE', *, *, #4349, .F. ) ;
#1993 = AXIS2_PLACEMENT_3D ( 'NONE', #429, #4165, #6691 ) ;
#1994 = CARTESIAN_POINT ( 'NONE',  ( -0.2349397590361448074, -1.270000000000000018, 1.095301204819277396 ) ) ;
#1995 = UNCERTAINTY_MEASURE_WITH_UNIT (LENGTH_MEASURE( 1.000000000000000082E-05 ), #5569, 'distance_accuracy_value', 'NONE');
#1996 = CARTESIAN_POINT ( 'NONE',  ( -0.1569483399696911807, -1.200008786204562528, 0.7445252815182987760 ) ) ;
#1997 = VECTOR ( 'NONE', #6230, 1000.000000000000000 ) ;
#1998 = CARTESIAN_POINT ( 'NONE',  ( 2.220000000000000195, 2.860000000000000320, -2.359999999999988773 ) ) ;
#1999 = ORIENTED_EDGE ( 'NONE', *, *, #1458, .F. ) ;
#2000 = SURFACE_STYLE_FILL_AREA ( #3149 ) ;
#2001 = CARTESIAN_POINT ( 'NONE',  ( 2.238745166004060927, 4.778745166004060962, -2.466309119164536767 ) ) ;
#2002 = CARTESIAN_POINT ( 'NONE',  ( 0.2781474999798804748, -1.149999999999999245, 0.8367741431338102664 ) ) ;
#2003 =( NAMED_UNIT ( * ) PLANE_ANGLE_UNIT ( ) SI_UNIT ( $, .RADIAN. ) );
#2004 = VERTEX_POINT ( 'NONE', #7552 ) ;
#2005 = AXIS2_PLACEMENT_3D ( 'NONE', #3844, #5175, #2550 ) ;
#2006 = CARTESIAN_POINT ( 'NONE',  ( -0.2608839580572224759, -1.169999999999999707, 1.748070688497448399 ) ) ;
#2007 = ORIENTED_EDGE ( 'NONE', *, *, #5180, .F. ) ;
#2008 = DIRECTION ( 'NONE',  ( 1.000000000000000000, 0.000000000000000000, 0.000000000000000000 ) ) ;
#2009 = FILL_AREA_STYLE ('',( #3330 ) ) ;
#2010 = ADVANCED_FACE ( 'NONE', ( #7678 ), #4589, .F. ) ;
#2011 = CARTESIAN_POINT ( 'NONE',  ( 0.1560617469879515273, -1.270000000000000018, 0.7700000000000001288 ) ) ;
#2012 = CARTESIAN_POINT ( 'NONE',  ( -0.2275784156327410879, -1.270000000000000906, 0.8074457306935149958 ) ) ;
#2013 = EDGE_CURVE ( 'NONE', #1362, #7901, #3791, .T. ) ;
#2014 = EDGE_LOOP ( 'NONE', ( #88, #3936, #1201, #3095 ) ) ;
#2015 = AXIS2_PLACEMENT_3D ( 'NONE', #2111, #3313, #5851 ) ;
#2016 = AXIS2_PLACEMENT_3D ( 'NONE', #6458, #6376, #3259 ) ;
#2017 = VERTEX_POINT ( 'NONE', #1966 ) ;
#2018 = SURFACE_SIDE_STYLE ('',( #5172 ) ) ;
#2019 = ADVANCED_FACE ( 'NONE', ( #5698 ), #5659, .F. ) ;
#2020 =( NAMED_UNIT ( * ) PLANE_ANGLE_UNIT ( ) SI_UNIT ( $, .RADIAN. ) );
#2021 = DIRECTION ( 'NONE',  ( 0.000000000000000000, -1.000000000000000000, 0.000000000000000000 ) ) ;
#2022 = CARTESIAN_POINT ( 'NONE',  ( 2.796000000000000263, 2.219999999999999307, 7.909999999999988596 ) ) ;
#2023 =( LENGTH_UNIT ( ) NAMED_UNIT ( * ) SI_UNIT ( .MILLI., .METRE. ) );
#2024 = CARTESIAN_POINT ( 'NONE',  ( -0.1973794752863958224, -1.270000000000001128, 1.761877297553778421 ) ) ;
#2025 = VECTOR ( 'NONE', #6410, 1000.000000000000000 ) ;
#2026 = EDGE_CURVE ( 'NONE', #6932, #6999, #6957, .T. ) ;
#2027 = ORIENTED_EDGE ( 'NONE', *, *, #3437, .T. ) ;
#2028 = DIRECTION ( 'NONE',  ( -8.470329472543003391E-17, 1.000000000000000000, 0.000000000000000000 ) ) ;
#2029 = VERTEX_POINT ( 'NONE', #3199 ) ;
#2030 = PLANE ( 'NONE',  #1380 ) ;
#2031 = ORIENTED_EDGE ( 'NONE', *, *, #2167, .T. ) ;
#2032 = ADVANCED_FACE ( 'NONE', ( #5201 ), #728, .F. ) ;
#2033 =( NAMED_UNIT ( * ) SI_UNIT ( $, .STERADIAN. ) SOLID_ANGLE_UNIT ( ) );
#2034 = FACE_OUTER_BOUND ( 'NONE', #4068, .T. ) ;
#2035 = VECTOR ( 'NONE', #3798, 1000.000000000000000 ) ;
#2036 = PRESENTATION_LAYER_ASSIGNMENT (  '', '', ( #7440 ) ) ;
#2037 =( NAMED_UNIT ( * ) PLANE_ANGLE_UNIT ( ) SI_UNIT ( $, .RADIAN. ) );
#2038 = LINE ( 'NONE', #6307, #11 ) ;
#2039 = LINE ( 'NONE', #4577, #1997 ) ;
#2040 = LINE ( 'NONE', #6347, #3364 ) ;
#2041 = ORIENTED_EDGE ( 'NONE', *, *, #6186, .T. ) ;
#2042 = PRESENTATION_LAYER_ASSIGNMENT (  '', '', ( #985 ) ) ;
#2043 = FILL_AREA_STYLE ('',( #7132 ) ) ;
#2044 = FILL_AREA_STYLE ('',( #7632 ) ) ;
#2045 = DIRECTION ( 'NONE',  ( 1.000000000000000000, 3.336006684570782608E-16, 0.000000000000000000 ) ) ;
#2046 = CARTESIAN_POINT ( 'NONE',  ( 2.238745166004060927, 2.841254833995938700, 8.016309119164535701 ) ) ;
#2047 = COLOUR_RGB ( '',0.9686274509803921573, 0.8784313725490195957, 0.5999999999999999778 ) ;
#2048 = ADVANCED_FACE ( 'NONE', ( #6035 ), #4710, .F. ) ;
#2049 = AXIS2_PLACEMENT_3D ( 'NONE', #3263, #7618, #5227 ) ;
#2050 = ORIENTED_EDGE ( 'NONE', *, *, #7681, .F. ) ;
#2051 = VERTEX_POINT ( 'NONE', #5992 ) ;
#2052 = VECTOR ( 'NONE', #6943, 1000.000000000000000 ) ;
#2053 = LINE ( 'NONE', #5869, #3539 ) ;
#2054 = LINE ( 'NONE', #4592, #5192 ) ;
#2055 = CARTESIAN_POINT ( 'NONE',  ( 2.860000000000000320, 0.3199999999999998401, -2.359999999999988773 ) ) ;
#2056 = CARTESIAN_POINT ( 'NONE',  ( 2.332849267653417602, 2.747150732346582469, -3.000000000000000000 ) ) ;
#2057 = COLOUR_RGB ( '',0.9686274509803921573, 0.8784313725490195957, 0.5999999999999999778 ) ;
#2058 = CARTESIAN_POINT ( 'NONE',  ( -0.2890920949374357618, -0.3134175730544424554, -2.397330798265292717 ) ) ;
#2059 = ORIENTED_EDGE ( 'NONE', *, *, #7226, .T. ) ;
#2060 = FACE_OUTER_BOUND ( 'NONE', #431, .T. ) ;
#2061 = ORIENTED_EDGE ( 'NONE', *, *, #1249, .F. ) ;
#2062 = CARTESIAN_POINT ( 'NONE',  ( 0.3200000000000000622, 5.400000000000000355, -2.359999999999988773 ) ) ;
#2063 =( BOUNDED_CURVE ( )  B_SPLINE_CURVE ( 3, ( #5872, #53, #4466, #7723 ),
 .UNSPECIFIED., .F., .F. ) 
 B_SPLINE_CURVE_WITH_KNOTS ( ( 4, 4 ),
 ( 5.497787143782138841, 6.283185307179586232 ),
 .UNSPECIFIED. ) 
 CURVE ( )  GEOMETRIC_REPRESENTATION_ITEM ( )  RATIONAL_B_SPLINE_CURVE ( ( 1.000000000000000000, 0.9492530216741912330, 0.9492530216741912330, 1.000000000000000000 ) ) 
 REPRESENTATION_ITEM ( '' )  );
#2064 = DIRECTION ( 'NONE',  ( 0.7071067811865454633, -0.000000000000000000, -0.7071067811865495711 ) ) ;
#2065 = UNCERTAINTY_MEASURE_WITH_UNIT (LENGTH_MEASURE( 1.000000000000000082E-05 ), #2498, 'distance_accuracy_value', 'NONE');
#2066 = ADVANCED_FACE ( 'NONE', ( #6563 ), #299, .F. ) ;
#2067 = ORIENTED_EDGE ( 'NONE', *, *, #3584, .T. ) ;
#2068 = VECTOR ( 'NONE', #598, 1000.000000000000000 ) ;
#2069 = DIRECTION ( 'NONE',  ( 0.000000000000000000, -0.9396926207859082059, 0.3420201433256694901 ) ) ;
#2070 = VERTEX_POINT ( 'NONE', #5376 ) ;
#2071 = ORIENTED_EDGE ( 'NONE', *, *, #7527, .F. ) ;
#2072 = CARTESIAN_POINT ( 'NONE',  ( 0.3200000000000000622, 0.2559999999999999498, -2.359999999999988773 ) ) ;
#2073 = CARTESIAN_POINT ( 'NONE',  ( 1.519999999999999574, 6.099999999999998757, 0.4500000000000011768 ) ) ;
#2074 = PRESENTATION_STYLE_ASSIGNMENT (( #5237 ) ) ;
#2075 = EDGE_CURVE ( 'NONE', #1904, #1044, #1003, .T. ) ;
#2076 = ADVANCED_FACE ( 'NONE', ( #7139 ), #343, .F. ) ;
#2077 = CARTESIAN_POINT ( 'NONE',  ( -0.3464101615137760160, -1.046666666666666856, 2.500000000000000000 ) ) ;
#2078 = VERTEX_POINT ( 'NONE', #6520 ) ;
#2079 = DIRECTION ( 'NONE',  ( -6.842277657836020854E-49, 5.078189165123089681E-17, -1.000000000000000000 ) ) ;
#2080 = CARTESIAN_POINT ( 'NONE',  ( 0.3200000000000001177, -0.2071507323465826833, 8.550000000000000711 ) ) ;
#2081 = CYLINDRICAL_SURFACE ( 'NONE', #3709, 0.06399999999999998745 ) ;
#2082 = LINE ( 'NONE', #4739, #2488 ) ;
#2083 = CARTESIAN_POINT ( 'NONE',  ( 2.796000000000000263, 2.219999999999999751, -2.359999999999988773 ) ) ;
#2084 = PRESENTATION_STYLE_ASSIGNMENT (( #5112 ) ) ;
#2085 = B_SPLINE_SURFACE_WITH_KNOTS ( 'NONE', 1, 3, ( 
 ( #6569, #7805, #5997, #5873, #306, #1549, #7764, #2838, #4595, #2012, #3926, #2131, #4551, #1388, #5209, #6450 ),
 ( #2795, #4047, #1462, #772, #7724, #7107, #179, #6486, #897, #1424, #812, #2094, #3419, #5953, #2365, #5380 ) ),
 .UNSPECIFIED., .F., .F., .F.,
 ( 2, 2 ),
 ( 4, 3, 2, 2, 2, 3, 4 ),
 ( 0.000000000000000000, 1.000000000000000000 ),
 ( -0.01646236224581396068, 0.000000000000000000, 0.2500000000000000000, 0.5000000000000000000, 0.7500000000000000000, 1.000000000000000000, 1.012313403687765456 ),
 .UNSPECIFIED. ) ;
#2086 = B_SPLINE_CURVE_WITH_KNOTS ( 'NONE', 3,
 ( #6210, #8064, #2434, #5519, #6868, #6099, #6830, #7313, #4894, #2889, #1689, #3640, #523, #5433, #7483, #2390 ),
 .UNSPECIFIED., .F., .F.,
 ( 4, 3, 2, 2, 2, 3, 4 ),
 ( 0.000000000000000000, 1.839645765197548653E-06, 4.622021382998973358E-05, 9.060078189478191872E-05, 0.0001349813499595740971, 0.0001793619180243662754, 0.0001804650312388293818 ),
 .UNSPECIFIED. ) ;
#2087 = ORIENTED_EDGE ( 'NONE', *, *, #7586, .F. ) ;
#2088 =( NAMED_UNIT ( * ) PLANE_ANGLE_UNIT ( ) SI_UNIT ( $, .RADIAN. ) );
#2089 = ORIENTED_EDGE ( 'NONE', *, *, #980, .F. ) ;
#2090 = ADVANCED_FACE ( 'NONE', ( #2704 ), #255, .F. ) ;
#2091 = PLANE ( 'NONE',  #7504 ) ;
#2092 = PLANE ( 'NONE',  #7959 ) ;
#2093 = CARTESIAN_POINT ( 'NONE',  ( 2.829092094937436297, 2.853417573054442435, 7.947330798265292984 ) ) ;
#2094 = CARTESIAN_POINT ( 'NONE',  ( -0.2781474999798798642, -1.149999999999999467, 0.8367741431338046043 ) ) ;
#2095 = CARTESIAN_POINT ( 'NONE',  ( 0.2713367824627646585, -1.169999999999999929, 1.693229588980319278 ) ) ;
#2096 = EDGE_LOOP ( 'NONE', ( #3840, #2186, #5719, #6863, #5805, #5990 ) ) ;
#2097 = SURFACE_STYLE_USAGE ( .BOTH. , #4754 ) ;
#2098 = ORIENTED_EDGE ( 'NONE', *, *, #4602, .F. ) ;
#2099 = FACE_OUTER_BOUND ( 'NONE', #4460, .T. ) ;
#2100 = FACE_OUTER_BOUND ( 'NONE', #5289, .T. ) ;
#2101 = VECTOR ( 'NONE', #3648, 1000.000000000000000 ) ;
#2102 = CARTESIAN_POINT ( 'NONE',  ( 3.559999999999999609, -1.019999999999999130, 0.4500000000000018430 ) ) ;
#2103 = CARTESIAN_POINT ( 'NONE',  ( 0.3200000000000001177, -0.3200000000000007283, 7.909999999999988596 ) ) ;
#2104 = ORIENTED_EDGE ( 'NONE', *, *, #581, .T. ) ;
#2105 = ORIENTED_EDGE ( 'NONE', *, *, #760, .T. ) ;
#2106 = ORIENTED_EDGE ( 'NONE', *, *, #7637, .F. ) ;
#2107 =( BOUNDED_CURVE ( )  B_SPLINE_CURVE ( 3, ( #1308, #3923, #6408, #684 ),
 .UNSPECIFIED., .F., .F. ) 
 B_SPLINE_CURVE_WITH_KNOTS ( ( 4, 4 ),
 ( 8.470329472542986627E-16, 0.7853981633974443932 ),
 .UNSPECIFIED. ) 
 CURVE ( )  GEOMETRIC_REPRESENTATION_ITEM ( )  RATIONAL_B_SPLINE_CURVE ( ( 1.000000000000000000, 0.9492530216741916771, 0.9492530216741916771, 1.000000000000000000 ) ) 
 REPRESENTATION_ITEM ( '' )  );
#2108 = FILL_AREA_STYLE_COLOUR ( '', #1079 ) ;
#2109 = EDGE_CURVE ( 'NONE', #4085, #7572, #539, .T. ) ;
#2110 = FILL_AREA_STYLE_COLOUR ( '', #5086 ) ;
#2111 = CARTESIAN_POINT ( 'NONE',  ( 0.000000000000000000, 2.332849267653417158, 8.550000000000000711 ) ) ;
#2112 = ADVANCED_FACE ( 'NONE', ( #3019 ), #1017, .F. ) ;
#2113 = CARTESIAN_POINT ( 'NONE',  ( 0.2349034627014339738, -1.170000000000000151, 1.200170890463815532 ) ) ;
#2114 = VERTEX_POINT ( 'NONE', #8079 ) ;
#2115 = CARTESIAN_POINT ( 'NONE',  ( 0.3200000000000000622, 2.795999999999999819, -2.359999999999988773 ) ) ;
#2116 = ORIENTED_EDGE ( 'NONE', *, *, #953, .F. ) ;
#2117 = DIRECTION ( 'NONE',  ( 0.7071067811865515695, -0.000000000000000000, 0.7071067811865435759 ) ) ;
#2118 = CARTESIAN_POINT ( 'NONE',  ( 0.3012548339959392751, 2.238745166004060039, 8.016309119164535701 ) ) ;
#2119 = EDGE_CURVE ( 'NONE', #5138, #4436, #7329, .T. ) ;
#2120 = ADVANCED_FACE ( 'NONE', ( #4200 ), #3694, .F. ) ;
#2121 = CARTESIAN_POINT ( 'NONE',  ( -0.2732007105321401230, 2.859999999999999876, -2.359999999999988773 ) ) ;
#2122 =( LENGTH_UNIT ( ) NAMED_UNIT ( * ) SI_UNIT ( .MILLI., .METRE. ) );
#2123 =( GEOMETRIC_REPRESENTATION_CONTEXT ( 3 ) GLOBAL_UNCERTAINTY_ASSIGNED_CONTEXT ( ( #7190 ) ) GLOBAL_UNIT_ASSIGNED_CONTEXT ( ( #3784, #5615, #5188 ) ) REPRESENTATION_CONTEXT ( 'NONE', 'WORKASPACE' ) );
#2124 = ORIENTED_EDGE ( 'NONE', *, *, #2251, .T. ) ;
#2125 = AXIS2_PLACEMENT_3D ( 'NONE', #143, #1022, #3298 ) ;
#2126 = MECHANICAL_DESIGN_GEOMETRIC_PRESENTATION_REPRESENTATION (  '', ( #2132 ), #7276 ) ;
#2127 = ORIENTED_EDGE ( 'NONE', *, *, #57, .T. ) ;
#2128 = CARTESIAN_POINT ( 'NONE',  ( 1.169999999999999707, -0.7900000000000003686, 0.6000000000000000888 ) ) ;
#2129 = EDGE_CURVE ( 'NONE', #5385, #790, #6073, .T. ) ;
#2130 =( LENGTH_UNIT ( ) NAMED_UNIT ( * ) SI_UNIT ( .MILLI., .METRE. ) );
#2131 = CARTESIAN_POINT ( 'NONE',  ( -0.2344989567605755554, -1.270000000000002682, 0.8383569884989866550 ) ) ;
#2132 = STYLED_ITEM ( 'NONE', ( #3233 ), #5814 ) ;
#2133 = ORIENTED_EDGE ( 'NONE', *, *, #8147, .F. ) ;
#2134 = LINE ( 'NONE', #2799, #6032 ) ;
#2135 = ORIENTED_EDGE ( 'NONE', *, *, #1622, .F. ) ;
#2136 = DIRECTION ( 'NONE',  ( 0.000000000000000000, -0.000000000000000000, 1.000000000000000000 ) ) ;
#2137 =( NAMED_UNIT ( * ) SI_UNIT ( $, .STERADIAN. ) SOLID_ANGLE_UNIT ( ) );
#2138 = AXIS2_PLACEMENT_3D ( 'NONE', #8174, #6240, #3666 ) ;
#2139 = CARTESIAN_POINT ( 'NONE',  ( 0.1573284206430633214, -1.169999999999999929, 0.7336029765733799168 ) ) ;
#2140 = UNCERTAINTY_MEASURE_WITH_UNIT (LENGTH_MEASURE( 1.000000000000000082E-05 ), #1184, 'distance_accuracy_value', 'NONE');
#2141 = CARTESIAN_POINT ( 'NONE',  ( -0.7700000000000005729, 6.349999999999999645, 2.500000000000000000 ) ) ;
#2142 = PLANE ( 'NONE',  #2421 ) ;
#2143 = ADVANCED_FACE ( 'NONE', ( #4283 ), #422, .F. ) ;
#2144 = STYLED_ITEM ( 'NONE', ( #3557 ), #8081 ) ;
#2145 = EDGE_LOOP ( 'NONE', ( #1820, #7306, #2371, #4147 ) ) ;
#2146 = VERTEX_POINT ( 'NONE', #3104 ) ;
#2147 = CARTESIAN_POINT ( 'NONE',  ( -1.020000000000000462, 6.099999999999998757, 2.500000000000000000 ) ) ;
#2148 = VERTEX_POINT ( 'NONE', #1957 ) ;
#2149 = UNCERTAINTY_MEASURE_WITH_UNIT (LENGTH_MEASURE( 1.000000000000000082E-05 ), #7982, 'distance_accuracy_value', 'NONE');
#2150 = PRESENTATION_LAYER_ASSIGNMENT (  '', '', ( #3603 ) ) ;
#2151 = DIRECTION ( 'NONE',  ( 1.218204688185960556E-16, -1.000000000000000000, 0.000000000000000000 ) ) ;
#2152 = CARTESIAN_POINT ( 'NONE',  ( 0.1560617469879515273, -1.270000000000000018, 0.7700000000000001288 ) ) ;
#2153 = STYLED_ITEM ( 'NONE', ( #2084 ), #4356 ) ;
#2154 =( BOUNDED_CURVE ( )  B_SPLINE_CURVE ( 3, ( #6989, #3973, #3344, #697 ),
 .UNSPECIFIED., .F., .F. ) 
 B_SPLINE_CURVE_WITH_KNOTS ( ( 4, 4 ),
 ( 3.141592653589793116, 3.926990816987240951 ),
 .UNSPECIFIED. ) 
 CURVE ( )  GEOMETRIC_REPRESENTATION_ITEM ( )  RATIONAL_B_SPLINE_CURVE ( ( 1.000000000000000000, 0.9492530216741912330, 0.9492530216741912330, 1.000000000000000000 ) ) 
 REPRESENTATION_ITEM ( '' )  );
#2155 = EDGE_LOOP ( 'NONE', ( #6613, #453, #1488, #5764 ) ) ;
#2156 = EDGE_CURVE ( 'NONE', #1480, #1490, #758, .T. ) ;
#2157 = VECTOR ( 'NONE', #515, 1000.000000000000000 ) ;
#2158 = ORIENTED_EDGE ( 'NONE', *, *, #24, .T. ) ;
#2159 = SURFACE_STYLE_USAGE ( .BOTH. , #3406 ) ;
#2160 = AXIS2_PLACEMENT_3D ( 'NONE', #5361, #7867, #2151 ) ;
#2161 =( NAMED_UNIT ( * ) SI_UNIT ( $, .STERADIAN. ) SOLID_ANGLE_UNIT ( ) );
#2162 = FILL_AREA_STYLE ('',( #5859 ) ) ;
#2163 = DIRECTION ( 'NONE',  ( 8.470329472543003391E-17, -1.000000000000000000, 0.000000000000000000 ) ) ;
#2164 = EDGE_CURVE ( 'NONE', #3385, #3308, #1375, .T. ) ;
#2165 = VERTEX_POINT ( 'NONE', #1292 ) ;
#2166 = SURFACE_SIDE_STYLE ('',( #934 ) ) ;
#2167 = EDGE_CURVE ( 'NONE', #2385, #2858, #7228, .T. ) ;
#2168 = VECTOR ( 'NONE', #6909, 1000.000000000000000 ) ;
#2169 = CLOSED_SHELL ( 'NONE', ( #6086, #2143, #5220, #2032, #2187, #7361, #2470, #1440, #7878, #2321, #1945, #755, #914, #2112, #128, #5158, #5462, #687 ) ) ;
#2170 = LINE ( 'NONE', #261, #6220 ) ;
#2171 = EDGE_CURVE ( 'NONE', #7296, #6834, #7182, .T. ) ;
#2172 = ADVANCED_FACE ( 'NONE', ( #7630 ), #3910, .F. ) ;
#2173 = PRESENTATION_STYLE_ASSIGNMENT (( #4631 ) ) ;
#2174 = PRESENTATION_LAYER_ASSIGNMENT (  '', '', ( #731 ) ) ;
#2175 = ORIENTED_EDGE ( 'NONE', *, *, #8157, .T. ) ;
#2176 =( NAMED_UNIT ( * ) PLANE_ANGLE_UNIT ( ) SI_UNIT ( $, .RADIAN. ) );
#2177 = VERTEX_POINT ( 'NONE', #8160 ) ;
#2178 = DIRECTION ( 'NONE',  ( 1.000000000000000000, 0.000000000000000000, -0.000000000000000000 ) ) ;
#2179 = CARTESIAN_POINT ( 'NONE',  ( 3.810000000000000053, -0.7900000000000003686, 0.6000000000000000888 ) ) ;
#2180 = CARTESIAN_POINT ( 'NONE',  ( -0.2531321181320775882, -1.220016904177315453, 1.691502877236086055 ) ) ;
#2181 = ORIENTED_EDGE ( 'NONE', *, *, #3132, .T. ) ;
#2182 = CARTESIAN_POINT ( 'NONE',  ( -1.169999999999998153, 5.870000000000000107, 0.6000000000000000888 ) ) ;
#2183 = ORIENTED_EDGE ( 'NONE', *, *, #7146, .F. ) ;
#2184 = CARTESIAN_POINT ( 'NONE',  ( 2.250907905062563774, -0.3134175730544428440, 7.947330798265289431 ) ) ;
#2185 = PRESENTATION_LAYER_ASSIGNMENT (  '', '', ( #4450 ) ) ;
#2186 = ORIENTED_EDGE ( 'NONE', *, *, #6684, .F. ) ;
#2187 = ADVANCED_FACE ( 'NONE', ( #5024 ), #7540, .F. ) ;
#2188 = CARTESIAN_POINT ( 'NONE',  ( 0.3200000000000000622, 0.2559999999999993947, 7.909999999999988596 ) ) ;
#2189 = CARTESIAN_POINT ( 'NONE',  ( 0.2349397590361443910, -1.270000000000000018, 0.8488780120481929092 ) ) ;
#2190 = DIRECTION ( 'NONE',  ( 0.000000000000000000, -1.000000000000000000, -5.078189165123089681E-17 ) ) ;
#2191 = EDGE_LOOP ( 'NONE', ( #419, #2842, #7162, #2219 ) ) ;
#2192 =( NAMED_UNIT ( * ) SI_UNIT ( $, .STERADIAN. ) SOLID_ANGLE_UNIT ( ) );
#2193 = EDGE_LOOP ( 'NONE', ( #5890, #1786, #1478, #5660, #6474, #2962 ) ) ;
#2194 =( NAMED_UNIT ( * ) PLANE_ANGLE_UNIT ( ) SI_UNIT ( $, .RADIAN. ) );
#2195 = DIRECTION ( 'NONE',  ( 0.7071067811865515695, 0.000000000000000000, 0.7071067811865435759 ) ) ;
#2196 = CARTESIAN_POINT ( 'NONE',  ( 2.796000000000000263, 2.795999999999999375, 8.550000000000000711 ) ) ;
#2197 =( BOUNDED_CURVE ( )  B_SPLINE_CURVE ( 3, ( #6741, #447, #5590, #2963 ),
 .UNSPECIFIED., .F., .F. ) 
 B_SPLINE_CURVE_WITH_KNOTS ( ( 4, 4 ),
 ( 5.497787143782140618, 6.283185307179586232 ),
 .UNSPECIFIED. ) 
 CURVE ( )  GEOMETRIC_REPRESENTATION_ITEM ( )  RATIONAL_B_SPLINE_CURVE ( ( 1.000000000000000000, 0.9492530216741915661, 0.9492530216741915661, 1.000000000000000000 ) ) 
 REPRESENTATION_ITEM ( '' )  );
#2198 = VERTEX_POINT ( 'NONE', #7873 ) ;
#2199 = SURFACE_STYLE_USAGE ( .BOTH. , #2166 ) ;
#2200 = CARTESIAN_POINT ( 'NONE',  ( 0.2786093912037397313, -1.149999999999998801, 1.101242326261292703 ) ) ;
#2201 = CARTESIAN_POINT ( 'NONE',  ( -0.3199999999999999512, 2.747150732346581581, 8.550000000000000711 ) ) ;
#2202 =( NAMED_UNIT ( * ) PLANE_ANGLE_UNIT ( ) SI_UNIT ( $, .RADIAN. ) );
#2203 = SURFACE_STYLE_FILL_AREA ( #5952 ) ;
#2204 = SURFACE_STYLE_FILL_AREA ( #3498 ) ;
#2205 = SHAPE_DEFINITION_REPRESENTATION ( #4674, #7942 ) ;
#2206 = ADVANCED_FACE ( 'NONE', ( #5321 ), #1530, .F. ) ;
#2207 = CARTESIAN_POINT ( 'NONE',  ( 0.2652706118112037048, -1.186666666887721933, 1.693097982358321874 ) ) ;
#2208 = ORIENTED_EDGE ( 'NONE', *, *, #5111, .T. ) ;
#2209 = PRESENTATION_STYLE_ASSIGNMENT (( #2097 ) ) ;
#2210 = VERTEX_POINT ( 'NONE', #286 ) ;
#2211 = FACE_OUTER_BOUND ( 'NONE', #508, .T. ) ;
#2212 = FILL_AREA_STYLE ('',( #7892 ) ) ;
#2213 = UNCERTAINTY_MEASURE_WITH_UNIT (LENGTH_MEASURE( 1.000000000000000082E-05 ), #4041, 'distance_accuracy_value', 'NONE');
#2214 = ADVANCED_FACE ( 'NONE', ( #4701 ), #7711, .T. ) ;
#2215 = VECTOR ( 'NONE', #2595, 999.9999999999998863 ) ;
#2216 = CARTESIAN_POINT ( 'NONE',  ( 0.3134175730544422889, 0.2890920949374358173, -2.397330798265290941 ) ) ;
#2217 = EDGE_CURVE ( 'NONE', #3140, #5445, #6629, .T. ) ;
#2218 =( NAMED_UNIT ( * ) SI_UNIT ( $, .STERADIAN. ) SOLID_ANGLE_UNIT ( ) );
#2219 = ORIENTED_EDGE ( 'NONE', *, *, #2611, .F. ) ;
#2220 =( NAMED_UNIT ( * ) PLANE_ANGLE_UNIT ( ) SI_UNIT ( $, .RADIAN. ) );
#2221 = ORIENTED_EDGE ( 'NONE', *, *, #5572, .F. ) ;
#2222 = CARTESIAN_POINT ( 'NONE',  ( 2.220000000000000195, -0.3200000000000001732, -2.359999999999988773 ) ) ;
#2223 = PRESENTATION_LAYER_ASSIGNMENT (  '', '', ( #1301 ) ) ;
#2224 = ORIENTED_EDGE ( 'NONE', *, *, #5897, .F. ) ;
#2225 = CARTESIAN_POINT ( 'NONE',  ( 0.09036144578313230757, -1.270000000000000018, 1.456746987951807348 ) ) ;
#2226 =( NAMED_UNIT ( * ) SI_UNIT ( $, .STERADIAN. ) SOLID_ANGLE_UNIT ( ) );
#2227 =( LENGTH_UNIT ( ) NAMED_UNIT ( * ) SI_UNIT ( .MILLI., .METRE. ) );
#2228 = FILL_AREA_STYLE_COLOUR ( '', #5061 ) ;
#2229 = PRESENTATION_LAYER_ASSIGNMENT (  '', '', ( #372 ) ) ;
#2230 = DIRECTION ( 'NONE',  ( 8.470329472543003391E-17, -1.000000000000000000, 0.000000000000000000 ) ) ;
#2231 = ORIENTED_EDGE ( 'NONE', *, *, #4128, .T. ) ;
#2232 = DIRECTION ( 'NONE',  ( -6.842277657836020854E-49, 5.078189165123089681E-17, -1.000000000000000000 ) ) ;
#2233 = ORIENTED_EDGE ( 'NONE', *, *, #2075, .T. ) ;
#2234 = SURFACE_STYLE_FILL_AREA ( #3126 ) ;
#2235 = SURFACE_SIDE_STYLE ('',( #6946 ) ) ;
#2236 = DIRECTION ( 'NONE',  ( 0.000000000000000000, 0.000000000000000000, -1.000000000000000000 ) ) ;
#2237 = LINE ( 'NONE', #1577, #3424 ) ;
#2238 = CARTESIAN_POINT ( 'NONE',  ( 0.2010872110020790471, 4.878912788997920913, 8.584387938363944315 ) ) ;
#2239 = CARTESIAN_POINT ( 'NONE',  ( 1.770000000000000462, -1.270000000000000018, 2.500000000000000000 ) ) ;
#2240 = ORIENTED_EDGE ( 'NONE', *, *, #5917, .T. ) ;
#2241 = CARTESIAN_POINT ( 'NONE',  ( 0.2785605355541228012, -1.149999999999998801, 1.102211669087620249 ) ) ;
#2242 = DIRECTION ( 'NONE',  ( -1.000000000000000000, 0.000000000000000000, 0.000000000000000000 ) ) ;
#2243 =( BOUNDED_CURVE ( )  B_SPLINE_CURVE ( 3, ( #7870, #6101, #408, #1487 ),
 .UNSPECIFIED., .F., .F. ) 
 B_SPLINE_CURVE_WITH_KNOTS ( ( 4, 4 ),
 ( 0.000000000000000000, 0.7853981633974490562 ),
 .UNSPECIFIED. ) 
 CURVE ( )  GEOMETRIC_REPRESENTATION_ITEM ( )  RATIONAL_B_SPLINE_CURVE ( ( 1.000000000000000000, 0.9492530216741910110, 0.9492530216741910110, 1.000000000000000000 ) ) 
 REPRESENTATION_ITEM ( '' )  );
#2244 = LINE ( 'NONE', #7923, #3333 ) ;
#2245 =( NAMED_UNIT ( * ) PLANE_ANGLE_UNIT ( ) SI_UNIT ( $, .RADIAN. ) );
#2246 = SURFACE_SIDE_STYLE ('',( #6042 ) ) ;
#2247 = CARTESIAN_POINT ( 'NONE',  ( 1.520000000000000240, -0.7900000000000003686, 0.4500000000000009548 ) ) ;
#2248 = MECHANICAL_DESIGN_GEOMETRIC_PRESENTATION_REPRESENTATION (  '', ( #4649 ), #3446 ) ;
#2249 = COLOUR_RGB ( '',0.9686274509803921573, 0.8784313725490195957, 0.5999999999999999778 ) ;
#2250 = ORIENTED_EDGE ( 'NONE', *, *, #1261, .T. ) ;
#2251 = EDGE_CURVE ( 'NONE', #5620, #3230, #5856, .T. ) ;
#2252 = CARTESIAN_POINT ( 'NONE',  ( 4.710000000000000853, -1.019999999999999130, 1.599999999999989431 ) ) ;
#2253 = VERTEX_POINT ( 'NONE', #163 ) ;
#2254 = DIRECTION ( 'NONE',  ( 1.000000000000000000, 3.533888243307264380E-16, 0.000000000000000000 ) ) ;
#2255 = FACE_OUTER_BOUND ( 'NONE', #7231, .T. ) ;
#2256 = PRESENTATION_STYLE_ASSIGNMENT (( #5922 ) ) ;
#2257 = FACE_OUTER_BOUND ( 'NONE', #7621, .T. ) ;
#2258 = ORIENTED_EDGE ( 'NONE', *, *, #5827, .T. ) ;
#2259 = DIRECTION ( 'NONE',  ( -0.000000000000000000, -0.000000000000000000, -1.000000000000000000 ) ) ;
#2260 = STYLED_ITEM ( 'NONE', ( #3389 ), #6086 ) ;
#2261 = ORIENTED_EDGE ( 'NONE', *, *, #6570, .F. ) ;
#2262 = CARTESIAN_POINT ( 'NONE',  ( 0.3200000000000001177, 2.283999999999999808, -2.359999999999988773 ) ) ;
#2263 = EDGE_CURVE ( 'NONE', #950, #862, #2697, .T. ) ;
#2264 = CARTESIAN_POINT ( 'NONE',  ( 0.1539940963713178346, -1.270000000000000240, 1.770142306671539822 ) ) ;
#2265 = COLOUR_RGB ( '',0.9686274509803921573, 0.8784313725490195957, 0.5999999999999999778 ) ;
#2266 = CARTESIAN_POINT ( 'NONE',  ( 0.3012548339959390531, 2.841254833995938256, 8.016309119164537478 ) ) ;
#2267 = VECTOR ( 'NONE', #4285, 1000.000000000000000 ) ;
#2268 = EDGE_LOOP ( 'NONE', ( #4512, #3492, #7379, #2261, #3949, #7014 ) ) ;
#2269 = CARTESIAN_POINT ( 'NONE',  ( 2.813200710532139937, 0.3199999999999997846, -2.359999999999989218 ) ) ;
#2270 = ORIENTED_EDGE ( 'NONE', *, *, #921, .T. ) ;
#2271 = EDGE_CURVE ( 'NONE', #4806, #6316, #7754, .T. ) ;
#2272 = DIRECTION ( 'NONE',  ( -0.000000000000000000, -0.000000000000000000, -1.000000000000000000 ) ) ;
#2273 = PRESENTATION_LAYER_ASSIGNMENT (  '', '', ( #8096 ) ) ;
#2274 = SURFACE_STYLE_USAGE ( .BOTH. , #4151 ) ;
#2275 = FACE_OUTER_BOUND ( 'NONE', #2798, .T. ) ;
#2276 = CARTESIAN_POINT ( 'NONE',  ( 1.369999999999999440, -1.270000000000000240, 2.350000000000000089 ) ) ;
#2277 = PRESENTATION_LAYER_ASSIGNMENT (  '', '', ( #6141 ) ) ;
#2278 = ORIENTED_EDGE ( 'NONE', *, *, #5000, .T. ) ;
#2279 = VECTOR ( 'NONE', #2616, 1000.000000000000000 ) ;
#2280 = FILL_AREA_STYLE ('',( #4945 ) ) ;
#2281 = CARTESIAN_POINT ( 'NONE',  ( 0.2216643011576608924, -1.270000000000002682, 1.157682800369859155 ) ) ;
#2282 =( NAMED_UNIT ( * ) SI_UNIT ( $, .STERADIAN. ) SOLID_ANGLE_UNIT ( ) );
#2283 = VECTOR ( 'NONE', #4278, 1000.000000000000000 ) ;
#2284 = CARTESIAN_POINT ( 'NONE',  ( -0.3012548339959391086, 5.381254833995938291, 8.016309119164535701 ) ) ;
#2285 = DIRECTION ( 'NONE',  ( -1.000000000000000000, 0.000000000000000000, -0.000000000000000000 ) ) ;
#2286 = PRESENTATION_LAYER_ASSIGNMENT (  '', '', ( #571 ) ) ;
#2287 = VECTOR ( 'NONE', #2926, 1000.000000000000000 ) ;
#2288 =( NAMED_UNIT ( * ) PLANE_ANGLE_UNIT ( ) SI_UNIT ( $, .RADIAN. ) );
#2289 =( NAMED_UNIT ( * ) SI_UNIT ( $, .STERADIAN. ) SOLID_ANGLE_UNIT ( ) );
#2290 = ORIENTED_EDGE ( 'NONE', *, *, #7339, .T. ) ;
#2291 = ORIENTED_EDGE ( 'NONE', *, *, #4010, .F. ) ;
#2292 = MECHANICAL_DESIGN_GEOMETRIC_PRESENTATION_REPRESENTATION (  '', ( #7584 ), #7989 ) ;
#2293 = AXIS2_PLACEMENT_3D ( 'NONE', #767, #2620, #6482 ) ;
#2294 = LINE ( 'NONE', #4053, #7880 ) ;
#2295 = DIRECTION ( 'NONE',  ( 0.000000000000000000, 1.000000000000000000, 0.000000000000000000 ) ) ;
#2296 = CARTESIAN_POINT ( 'NONE',  ( 0.2713367824627646585, -1.169999999999999929, 1.693229588980319278 ) ) ;
#2297 = PLANE ( 'NONE',  #2808 ) ;
#2298 = CARTESIAN_POINT ( 'NONE',  ( 0.2031249999999995282, -1.270000000000001350, 1.180956325301204979 ) ) ;
#2299 = EDGE_CURVE ( 'NONE', #2758, #8050, #840, .T. ) ;
#2300 = AXIS2_PLACEMENT_3D ( 'NONE', #1655, #5364, #4188 ) ;
#2301 = VECTOR ( 'NONE', #5012, 1000.000000000000000 ) ;
#2302 = ORIENTED_EDGE ( 'NONE', *, *, #2797, .T. ) ;
#2303 =( NAMED_UNIT ( * ) SI_UNIT ( $, .STERADIAN. ) SOLID_ANGLE_UNIT ( ) );
#2304 = VERTEX_POINT ( 'NONE', #2744 ) ;
#2305 = EDGE_CURVE ( 'NONE', #3385, #6626, #5245, .T. ) ;
#2306 = CARTESIAN_POINT ( 'NONE',  ( 1.769999999999999352, 6.349999999999999645, 2.500000000000000000 ) ) ;
#2307 = CARTESIAN_POINT ( 'NONE',  ( -0.2349397590361448074, -1.270000000000000018, 0.8488780120481929092 ) ) ;
#2308 = UNCERTAINTY_MEASURE_WITH_UNIT (LENGTH_MEASURE( 1.000000000000000082E-05 ), #714, 'distance_accuracy_value', 'NONE');
#2309 = AXIS2_PLACEMENT_3D ( 'NONE', #3282, #3828, #5744 ) ;
#2310 = VERTEX_POINT ( 'NONE', #6945 ) ;
#2311 = EDGE_CURVE ( 'NONE', #5793, #2148, #607, .T. ) ;
#2312 = CARTESIAN_POINT ( 'NONE',  ( 2.829092094937435409, 0.3134175730544420668, -2.397330798265293161 ) ) ;
#2313 = ORIENTED_EDGE ( 'NONE', *, *, #7675, .T. ) ;
#2314 = PRESENTATION_STYLE_ASSIGNMENT (( #8071 ) ) ;
#2315 = DIRECTION ( 'NONE',  ( 1.000000000000000000, -1.408054769461694189E-16, 0.000000000000000000 ) ) ;
#2316 = CARTESIAN_POINT ( 'NONE',  ( -0.1566949385773109549, -1.220014643514613528, 1.788193181909866425 ) ) ;
#2317 = COLOUR_RGB ( '',0.9686274509803921573, 0.8784313725490195957, 0.5999999999999999778 ) ;
#2318 = LINE ( 'NONE', #5096, #5732 ) ;
#2319 = CARTESIAN_POINT ( 'NONE',  ( -0.3134175730544421223, 2.829092094937436297, -2.397330798265291829 ) ) ;
#2320 = DIRECTION ( 'NONE',  ( 0.7071067811865435759, -0.000000000000000000, -0.7071067811865515695 ) ) ;
#2321 = ADVANCED_FACE ( 'NONE', ( #4190 ), #7281, .T. ) ;
#2322 = EDGE_LOOP ( 'NONE', ( #1929, #7109, #1890, #5968, #2478, #5055 ) ) ;
#2323 = SURFACE_SIDE_STYLE ('',( #4831 ) ) ;
#2324 = LINE ( 'NONE', #4203, #5286 ) ;
#2325 = DIRECTION ( 'NONE',  ( 1.000000000000000000, 0.000000000000000000, 0.000000000000000000 ) ) ;
#2326 = SURFACE_STYLE_USAGE ( .BOTH. , #5501 ) ;
#2327 = CARTESIAN_POINT ( 'NONE',  ( 2.796000000000000263, -0.3200000000000006728, 7.909999999999988596 ) ) ;
#2328 = EDGE_CURVE ( 'NONE', #7485, #5110, #4863, .T. ) ;
#2329 = ORIENTED_EDGE ( 'NONE', *, *, #2363, .F. ) ;
#2330 = CARTESIAN_POINT ( 'NONE',  ( -0.2071507323465819062, 2.539999999999999147, 8.550000000000000711 ) ) ;
#2331 = ORIENTED_EDGE ( 'NONE', *, *, #3119, .T. ) ;
#2332 = CARTESIAN_POINT ( 'NONE',  ( -0.3199999999999998956, 2.283999999999999364, 7.909999999999988596 ) ) ;
#2333 = LINE ( 'NONE', #2955, #4208 ) ;
#2334 = PLANE ( 'NONE',  #2138 ) ;
#2335 = FILL_AREA_STYLE ('',( #481 ) ) ;
#2336 = STYLED_ITEM ( 'NONE', ( #1048 ), #2871 ) ;
#2337 = CARTESIAN_POINT ( 'NONE',  ( -0.3199999999999998956, -0.2560000000000006715, 8.550000000000000711 ) ) ;
#2338 = ORIENTED_EDGE ( 'NONE', *, *, #2349, .T. ) ;
#2339 = FILL_AREA_STYLE ('',( #6244 ) ) ;
#2340 = ORIENTED_EDGE ( 'NONE', *, *, #2026, .F. ) ;
#2341 = DIRECTION ( 'NONE',  ( -1.000000000000000000, 0.000000000000000000, 0.000000000000000000 ) ) ;
#2342 = FILL_AREA_STYLE_COLOUR ( '', #3986 ) ;
#2343 = CARTESIAN_POINT ( 'NONE',  ( -0.3464101615137760160, -1.046666666666666856, 2.449999999999999734 ) ) ;
#2344 = STYLED_ITEM ( 'NONE', ( #423 ), #3432 ) ;
#2345 = CARTESIAN_POINT ( 'NONE',  ( 2.332849267653417602, -0.2071507323465826000, -3.000000000000000000 ) ) ;
#2346 = ORIENTED_EDGE ( 'NONE', *, *, #6433, .T. ) ;
#2347 = DIRECTION ( 'NONE',  ( 8.470329472543003391E-17, -1.000000000000000000, 0.000000000000000000 ) ) ;
#2348 = VERTEX_POINT ( 'NONE', #6247 ) ;
#2349 = EDGE_CURVE ( 'NONE', #4897, #1939, #3083, .T. ) ;
#2350 = CARTESIAN_POINT ( 'NONE',  ( 0.3200000000000001177, -0.2560000000000007825, 7.909999999999988596 ) ) ;
#2351 = FILL_AREA_STYLE ('',( #5488 ) ) ;
#2352 = MECHANICAL_DESIGN_GEOMETRIC_PRESENTATION_REPRESENTATION (  '', ( #7250 ), #4222 ) ;
#2353 = CARTESIAN_POINT ( 'NONE',  ( 0.2700262538617181352, -1.169999999999998819, 1.719529022210928293 ) ) ;
#2354 = EDGE_CURVE ( 'NONE', #5783, #2617, #5191, .T. ) ;
#2355 = CARTESIAN_POINT ( 'NONE',  ( -0.3134175730544420668, -0.2890920949374361504, -2.397330798265291385 ) ) ;
#2356 =( NAMED_UNIT ( * ) SI_UNIT ( $, .STERADIAN. ) SOLID_ANGLE_UNIT ( ) );
#2357 = ORIENTED_EDGE ( 'NONE', *, *, #3341, .F. ) ;
#2358 =( NAMED_UNIT ( * ) SI_UNIT ( $, .STERADIAN. ) SOLID_ANGLE_UNIT ( ) );
#2359 = EDGE_CURVE ( 'NONE', #849, #6277, #1848, .T. ) ;
#2360 =( BOUNDED_CURVE ( )  B_SPLINE_CURVE ( 3, ( #7172, #251, #2121, #7246 ),
 .UNSPECIFIED., .F., .F. ) 
 B_SPLINE_CURVE_WITH_KNOTS ( ( 4, 4 ),
 ( 2.356194490192345281, 3.141592653589793116 ),
 .UNSPECIFIED. ) 
 CURVE ( )  GEOMETRIC_REPRESENTATION_ITEM ( )  RATIONAL_B_SPLINE_CURVE ( ( 1.000000000000000000, 0.9492530216741912330, 0.9492530216741912330, 1.000000000000000000 ) ) 
 REPRESENTATION_ITEM ( '' )  );
#2361 =( NAMED_UNIT ( * ) PLANE_ANGLE_UNIT ( ) SI_UNIT ( $, .RADIAN. ) );
#2362 = SURFACE_STYLE_USAGE ( .BOTH. , #4749 ) ;
#2363 = EDGE_CURVE ( 'NONE', #6812, #5126, #7062, .T. ) ;
#2364 = B_SPLINE_CURVE_WITH_KNOTS ( 'NONE', 3,
 ( #5806, #5106, #3397, #1368, #6504, #5935, #4530 ),
 .UNSPECIFIED., .F., .F.,
 ( 4, 3, 4 ),
 ( 0.000000000000000000, 4.656973448359147432E-05, 0.0001064245802757177178 ),
 .UNSPECIFIED. ) ;
#2365 = CARTESIAN_POINT ( 'NONE',  ( -0.2786199085238560413, -1.149999999999998357, 0.8480525636577990189 ) ) ;
#2366 = ORIENTED_EDGE ( 'NONE', *, *, #1030, .T. ) ;
#2367 =( LENGTH_UNIT ( ) NAMED_UNIT ( * ) SI_UNIT ( .MILLI., .METRE. ) );
#2368 = ORIENTED_EDGE ( 'NONE', *, *, #2263, .T. ) ;
#2369 = CARTESIAN_POINT ( 'NONE',  ( 2.332849267653418046, 4.759999999999999787, 8.550000000000000711 ) ) ;
#2370 = PRESENTATION_LAYER_ASSIGNMENT (  '', '', ( #3029 ) ) ;
#2371 = ORIENTED_EDGE ( 'NONE', *, *, #4059, .F. ) ;
#2372 = EDGE_CURVE ( 'NONE', #7485, #2873, #6064, .T. ) ;
#2373 =( LENGTH_UNIT ( ) NAMED_UNIT ( * ) SI_UNIT ( .MILLI., .METRE. ) );
#2374 = CARTESIAN_POINT ( 'NONE',  ( 0.3012548339959391641, -0.3012548339959392751, -2.466309119164537655 ) ) ;
#2375 = LINE ( 'NONE', #1183, #8080 ) ;
#2376 = STYLED_ITEM ( 'NONE', ( #4309 ), #3966 ) ;
#2377 = UNCERTAINTY_MEASURE_WITH_UNIT (LENGTH_MEASURE( 1.000000000000000082E-05 ), #4658, 'distance_accuracy_value', 'NONE');
#2378 = CARTESIAN_POINT ( 'NONE',  ( 0.2560000000000001719, 0.3199999999999993405, 8.550000000000000711 ) ) ;
#2379 = EDGE_CURVE ( 'NONE', #4770, #1956, #7320, .T. ) ;
#2380 = CARTESIAN_POINT ( 'NONE',  ( 0.2254428326701113650, -1.184241562477210019, 1.202799781719809946 ) ) ;
#2381 =( GEOMETRIC_REPRESENTATION_CONTEXT ( 3 ) GLOBAL_UNCERTAINTY_ASSIGNED_CONTEXT ( ( #2065 ) ) GLOBAL_UNIT_ASSIGNED_CONTEXT ( ( #2498, #5284, #5701 ) ) REPRESENTATION_CONTEXT ( 'NONE', 'WORKASPACE' ) );
#2382 = FILL_AREA_STYLE ('',( #6896 ) ) ;
#2383 = VERTEX_POINT ( 'NONE', #5485 ) ;
#2384 = DIRECTION ( 'NONE',  ( 1.218204688185960556E-16, -1.000000000000000000, 0.000000000000000000 ) ) ;
#2385 = VERTEX_POINT ( 'NONE', #7028 ) ;
#2386 = SURFACE_STYLE_USAGE ( .BOTH. , #3804 ) ;
#2387 = DIRECTION ( 'NONE',  ( -0.000000000000000000, 1.000000000000000000, 0.000000000000000000 ) ) ;
#2388 = UNCERTAINTY_MEASURE_WITH_UNIT (LENGTH_MEASURE( 1.000000000000000082E-05 ), #5950, 'distance_accuracy_value', 'NONE');
#2389 = EDGE_CURVE ( 'NONE', #1457, #7538, #4600, .T. ) ;
#2390 = CARTESIAN_POINT ( 'NONE',  ( -0.2713367824627651026, -1.170000000000000151, 0.8481160656645548857 ) ) ;
#2391 = PRESENTATION_LAYER_ASSIGNMENT (  '', '', ( #2658 ) ) ;
#2392 = FILL_AREA_STYLE_COLOUR ( '', #7452 ) ;
#2393 = ORIENTED_EDGE ( 'NONE', *, *, #8088, .T. ) ;
#2394 = LINE ( 'NONE', #528, #6801 ) ;
#2395 = ORIENTED_EDGE ( 'NONE', *, *, #4765, .T. ) ;
#2396 = SURFACE_SIDE_STYLE ('',( #1862 ) ) ;
#2397 = PLANE ( 'NONE',  #924 ) ;
#2398 = VECTOR ( 'NONE', #543, 1000.000000000000000 ) ;
#2399 = CARTESIAN_POINT ( 'NONE',  ( -1.019999999999999574, -1.019999999999998908, 0.000000000000000000 ) ) ;
#2400 = EDGE_CURVE ( 'NONE', #7207, #1644, #3841, .T. ) ;
#2401 = EDGE_LOOP ( 'NONE', ( #530, #6956, #4438, #3799, #825, #2467 ) ) ;
#2402 = VECTOR ( 'NONE', #5400, 1000.000000000000000 ) ;
#2403 = AXIS2_PLACEMENT_3D ( 'NONE', #1279, #6902, #8183 ) ;
#2404 = DIRECTION ( 'NONE',  ( -8.470329472543003391E-17, 1.000000000000000000, 0.000000000000000000 ) ) ;
#2405 = DIRECTION ( 'NONE',  ( 8.470329472543003391E-17, -1.000000000000000000, 0.000000000000000000 ) ) ;
#2406 = LINE ( 'NONE', #1096, #2267 ) ;
#2407 = EDGE_CURVE ( 'NONE', #8051, #6072, #6417, .T. ) ;
#2408 = PLANE ( 'NONE',  #1618 ) ;
#2409 = VECTOR ( 'NONE', #1461, 1000.000000000000000 ) ;
#2410 = DIRECTION ( 'NONE',  ( -1.000000000000000000, 0.000000000000000000, 0.000000000000000000 ) ) ;
#2411 = CARTESIAN_POINT ( 'NONE',  ( -0.2338056406508120522, -1.269999999999996465, 1.712327225525319463 ) ) ;
#2412 = PRESENTATION_LAYER_ASSIGNMENT (  '', '', ( #6261 ) ) ;
#2413 = VERTEX_POINT ( 'NONE', #5794 ) ;
#2414 =( BOUNDED_CURVE ( )  B_SPLINE_CURVE ( 3, ( #5577, #3699, #1175, #3945 ),
 .UNSPECIFIED., .F., .F. ) 
 B_SPLINE_CURVE_WITH_KNOTS ( ( 4, 4 ),
 ( 3.141592653589793560, 3.926990816987244504 ),
 .UNSPECIFIED. ) 
 CURVE ( )  GEOMETRIC_REPRESENTATION_ITEM ( )  RATIONAL_B_SPLINE_CURVE ( ( 1.000000000000000000, 0.9492530216741907889, 0.9492530216741907889, 1.000000000000000000 ) ) 
 REPRESENTATION_ITEM ( '' )  );
#2415 = ORIENTED_EDGE ( 'NONE', *, *, #2354, .F. ) ;
#2416 = FACE_OUTER_BOUND ( 'NONE', #6589, .T. ) ;
#2417 = ORIENTED_EDGE ( 'NONE', *, *, #363, .F. ) ;
#2418 = LINE ( 'NONE', #3073, #2451 ) ;
#2419 = DIRECTION ( 'NONE',  ( -1.218204688185960556E-16, 1.000000000000000000, 0.000000000000000000 ) ) ;
#2420 = CARTESIAN_POINT ( 'NONE',  ( 3.810000000000000053, -1.019999999999999130, 2.500000000000000000 ) ) ;
#2421 = AXIS2_PLACEMENT_3D ( 'NONE', #270, #948, #870 ) ;
#2422 = LINE ( 'NONE', #602, #4684 ) ;
#2423 = ADVANCED_FACE ( 'NONE', ( #2099 ), #6493, .F. ) ;
#2424 = EDGE_CURVE ( 'NONE', #3672, #2758, #136, .T. ) ;
#2425 = PRESENTATION_LAYER_ASSIGNMENT (  '', '', ( #2830 ) ) ;
#2426 = VECTOR ( 'NONE', #4546, 1000.000000000000227 ) ;
#2427 = VERTEX_POINT ( 'NONE', #695 ) ;
#2428 = PRESENTATION_STYLE_ASSIGNMENT (( #1725 ) ) ;
#2429 = VERTEX_POINT ( 'NONE', #5712 ) ;
#2430 = SURFACE_SIDE_STYLE ('',( #8104 ) ) ;
#2431 = CARTESIAN_POINT ( 'NONE',  ( 3.810000000000000053, 5.870000000000000107, 0.6000000000000000888 ) ) ;
#2432 = VECTOR ( 'NONE', #2811, 1000.000000000000000 ) ;
#2433 = VECTOR ( 'NONE', #7204, 1000.000000000000000 ) ;
#2434 = CARTESIAN_POINT ( 'NONE',  ( -0.1581755106426740165, -1.169999999999997486, 0.7336620086532122942 ) ) ;
#2435 = LINE ( 'NONE', #3006, #7965 ) ;
#2436 = ORIENTED_EDGE ( 'NONE', *, *, #443, .F. ) ;
#2437 = ORIENTED_EDGE ( 'NONE', *, *, #1708, .F. ) ;
#2438 = DIRECTION ( 'NONE',  ( 6.842277657836020854E-49, -5.078189165123089681E-17, 1.000000000000000000 ) ) ;
#2439 = STYLED_ITEM ( 'NONE', ( #7149 ), #1873 ) ;
#2440 = VERTEX_POINT ( 'NONE', #2594 ) ;
#2441 = EDGE_CURVE ( 'NONE', #6999, #6812, #2718, .T. ) ;
#2442 = STYLED_ITEM ( 'NONE', ( #1723 ), #769 ) ;
#2443 = FILL_AREA_STYLE ('',( #1286 ) ) ;
#2444 = LINE ( 'NONE', #1050, #6082 ) ;
#2445 = DIRECTION ( 'NONE',  ( 1.000000000000000000, 8.470329472543003391E-17, 4.301393535249064745E-33 ) ) ;
#2446 =( GEOMETRIC_REPRESENTATION_CONTEXT ( 3 ) GLOBAL_UNCERTAINTY_ASSIGNED_CONTEXT ( ( #1984 ) ) GLOBAL_UNIT_ASSIGNED_CONTEXT ( ( #7175, #2088, #4784 ) ) REPRESENTATION_CONTEXT ( 'NONE', 'WORKASPACE' ) );
#2447 = SURFACE_STYLE_FILL_AREA ( #3147 ) ;
#2448 = ORIENTED_EDGE ( 'NONE', *, *, #5720, .F. ) ;
#2449 = DIRECTION ( 'NONE',  ( -1.000000000000000000, -4.224164308385081333E-16, 1.537470072901852402E-16 ) ) ;
#2450 = SURFACE_STYLE_FILL_AREA ( #8083 ) ;
#2451 = VECTOR ( 'NONE', #4880, 1000.000000000000000 ) ;
#2452 = EDGE_LOOP ( 'NONE', ( #1454, #1208, #6104, #2089, #981, #911 ) ) ;
#2453 = CARTESIAN_POINT ( 'NONE',  ( 2.220000000000000195, 0.3199999999999998401, -2.359999999999988773 ) ) ;
#2454 = ORIENTED_EDGE ( 'NONE', *, *, #2164, .F. ) ;
#2455 = CARTESIAN_POINT ( 'NONE',  ( 2.220000000000000195, -0.3200000000000001732, -2.359999999999988773 ) ) ;
#2456 = EDGE_LOOP ( 'NONE', ( #4130, #6085, #7168, #3693, #3227, #3601 ) ) ;
#2457 = CARTESIAN_POINT ( 'NONE',  ( 1.519999999999999574, 6.099999999999998757, 2.500000000000000000 ) ) ;
#2458 = EDGE_CURVE ( 'NONE', #4553, #3048, #2463, .T. ) ;
#2459 =( LENGTH_UNIT ( ) NAMED_UNIT ( * ) SI_UNIT ( .MILLI., .METRE. ) );
#2460 = DIRECTION ( 'NONE',  ( -6.842277657836020854E-49, 5.078189165123089681E-17, -1.000000000000000000 ) ) ;
#2461 = CARTESIAN_POINT ( 'NONE',  ( 0.3200000000000001177, 2.266799289467858802, 7.909999999999986819 ) ) ;
#2462 = EDGE_CURVE ( 'NONE', #2004, #6004, #7771, .T. ) ;
#2463 =( BOUNDED_CURVE ( )  B_SPLINE_CURVE ( 3, ( #5263, #5129, #5219, #3884 ),
 .UNSPECIFIED., .F., .F. ) 
 B_SPLINE_CURVE_WITH_KNOTS ( ( 4, 4 ),
 ( 3.141592653589793116, 3.926990816987240951 ),
 .UNSPECIFIED. ) 
 CURVE ( )  GEOMETRIC_REPRESENTATION_ITEM ( )  RATIONAL_B_SPLINE_CURVE ( ( 1.000000000000000000, 0.9492530216741912330, 0.9492530216741912330, 1.000000000000000000 ) ) 
 REPRESENTATION_ITEM ( '' )  );
#2464 =( NAMED_UNIT ( * ) PLANE_ANGLE_UNIT ( ) SI_UNIT ( $, .RADIAN. ) );
#2465 = ORIENTED_EDGE ( 'NONE', *, *, #7444, .F. ) ;
#2466 = PLANE ( 'NONE',  #48 ) ;
#2467 = ORIENTED_EDGE ( 'NONE', *, *, #5105, .T. ) ;
#2468 = CARTESIAN_POINT ( 'NONE',  ( 0.2031249999999995282, -1.270000000000001350, 1.180956325301204979 ) ) ;
#2469 = EDGE_CURVE ( 'NONE', #2017, #4890, #3255, .T. ) ;
#2470 = ADVANCED_FACE ( 'NONE', ( #61 ), #2548, .T. ) ;
#2471 = CARTESIAN_POINT ( 'NONE',  ( 0.1665134645258975754, -1.269999999999993356, 1.769280657417297675 ) ) ;
#2472 = LINE ( 'NONE', #5132, #397 ) ;
#2473 = UNCERTAINTY_MEASURE_WITH_UNIT (LENGTH_MEASURE( 1.000000000000000082E-05 ), #7100, 'distance_accuracy_value', 'NONE');
#2474 = AXIS2_PLACEMENT_3D ( 'NONE', #5486, #7998, #2895 ) ;
#2475 =( NAMED_UNIT ( * ) SI_UNIT ( $, .STERADIAN. ) SOLID_ANGLE_UNIT ( ) );
#2476 = CARTESIAN_POINT ( 'NONE',  ( -0.2341962252578352610, -1.270000000000000906, 1.443422478592584657 ) ) ;
#2477 = EDGE_CURVE ( 'NONE', #3157, #3140, #4720, .T. ) ;
#2478 = ORIENTED_EDGE ( 'NONE', *, *, #2772, .T. ) ;
#2479 = LINE ( 'NONE', #1735, #6933 ) ;
#2480 = VECTOR ( 'NONE', #2499, 1000.000000000000000 ) ;
#2481 = ORIENTED_EDGE ( 'NONE', *, *, #2908, .F. ) ;
#2482 = EDGE_CURVE ( 'NONE', #8040, #5723, #7851, .T. ) ;
#2483 = DIRECTION ( 'NONE',  ( 4.224164308385081333E-16, -1.000000000000000000, 0.000000000000000000 ) ) ;
#2484 =( NAMED_UNIT ( * ) PLANE_ANGLE_UNIT ( ) SI_UNIT ( $, .RADIAN. ) );
#2485 = VECTOR ( 'NONE', #3188, 1000.000000000000114 ) ;
#2486 = CARTESIAN_POINT ( 'NONE',  ( 2.747150732346582469, 2.540000000000000036, -3.000000000000000000 ) ) ;
#2487 = ORIENTED_EDGE ( 'NONE', *, *, #3883, .F. ) ;
#2488 = VECTOR ( 'NONE', #931, 1000.000000000000000 ) ;
#2489 = FILL_AREA_STYLE ('',( #5154 ) ) ;
#2490 = CARTESIAN_POINT ( 'NONE',  ( 5.421010862427522170E-17, -0.4466666666666664898, 2.449999999999999734 ) ) ;
#2491 = DIRECTION ( 'NONE',  ( 8.470329472543003391E-17, -1.000000000000000000, 0.000000000000000000 ) ) ;
#2492 = ORIENTED_EDGE ( 'NONE', *, *, #213, .T. ) ;
#2493 =( LENGTH_UNIT ( ) NAMED_UNIT ( * ) SI_UNIT ( .MILLI., .METRE. ) );
#2494 = ORIENTED_EDGE ( 'NONE', *, *, #4915, .T. ) ;
#2495 = DIRECTION ( 'NONE',  ( 1.000000000000000000, 0.000000000000000000, -0.000000000000000000 ) ) ;
#2496 = ORIENTED_EDGE ( 'NONE', *, *, #6265, .T. ) ;
#2497 = FACE_OUTER_BOUND ( 'NONE', #6236, .T. ) ;
#2498 =( LENGTH_UNIT ( ) NAMED_UNIT ( * ) SI_UNIT ( .MILLI., .METRE. ) );
#2499 = DIRECTION ( 'NONE',  ( -0.000000000000000000, -0.000000000000000000, -1.000000000000000000 ) ) ;
#2500 = CARTESIAN_POINT ( 'NONE',  ( 0.2560000000000002274, -0.3200000000000007283, 8.550000000000000711 ) ) ;
#2501 = DIRECTION ( 'NONE',  ( 0.000000000000000000, 0.000000000000000000, -1.000000000000000000 ) ) ;
#2502 = DIRECTION ( 'NONE',  ( 1.000000000000000000, 0.000000000000000000, 0.000000000000000000 ) ) ;
#2503 = EDGE_CURVE ( 'NONE', #5110, #2582, #1031, .T. ) ;
#2504 = EDGE_CURVE ( 'NONE', #7040, #8062, #1537, .T. ) ;
#2505 = CARTESIAN_POINT ( 'NONE',  ( 2.332849267653418046, 5.079999999999999183, 8.550000000000000711 ) ) ;
#2506 = ORIENTED_EDGE ( 'NONE', *, *, #8089, .T. ) ;
#2507 = CARTESIAN_POINT ( 'NONE',  ( 2.266799289467859690, 4.759999999999998899, 7.909999999999986819 ) ) ;
#2508 = ORIENTED_EDGE ( 'NONE', *, *, #5946, .T. ) ;
#2509 = EDGE_CURVE ( 'NONE', #7879, #3351, #4794, .T. ) ;
#2510 = CARTESIAN_POINT ( 'NONE',  ( 2.859999999999999876, 2.813200710532139492, 7.909999999999986819 ) ) ;
#2511 = CARTESIAN_POINT ( 'NONE',  ( -0.3134175730544422889, -0.2890920949374364279, 7.947330798265292984 ) ) ;
#2512 = CARTESIAN_POINT ( 'NONE',  ( 1.520000000000000240, 5.870000000000000107, 0.6000000000000000888 ) ) ;
#2513 = AXIS2_PLACEMENT_3D ( 'NONE', #3335, #6526, #4715 ) ;
#2514 = EDGE_CURVE ( 'NONE', #5907, #4352, #4845, .T. ) ;
#2515 = DIRECTION ( 'NONE',  ( -6.842277657836020854E-49, 5.078189165123089681E-17, -1.000000000000000000 ) ) ;
#2516 = LINE ( 'NONE', #3980, #7070 ) ;
#2517 = VERTEX_POINT ( 'NONE', #863 ) ;
#2518 = CARTESIAN_POINT ( 'NONE',  ( 2.220000000000000195, 0.3199999999999993405, -2.359999999999988773 ) ) ;
#2519 = VECTOR ( 'NONE', #6754, 1000.000000000000000 ) ;
#2520 = ORIENTED_EDGE ( 'NONE', *, *, #851, .F. ) ;
#2521 = LINE ( 'NONE', #578, #5972 ) ;
#2522 = CARTESIAN_POINT ( 'NONE',  ( 2.813200710532140825, 2.219999999999999307, 7.909999999999986819 ) ) ;
#2523 = CARTESIAN_POINT ( 'NONE',  ( -0.1566949385773100945, -1.220014643514595321, 0.7518068180901277264 ) ) ;
#2524 = VECTOR ( 'NONE', #117, 1000.000000000000000 ) ;
#2525 = ADVANCED_FACE ( 'NONE', ( #353 ), #943, .F. ) ;
#2526 = EDGE_CURVE ( 'NONE', #7485, #5445, #5422, .T. ) ;
#2527 = ORIENTED_EDGE ( 'NONE', *, *, #1705, .F. ) ;
#2528 = SURFACE_STYLE_FILL_AREA ( #6310 ) ;
#2529 = FILL_AREA_STYLE_COLOUR ( '', #773 ) ;
#2530 = SURFACE_SIDE_STYLE ('',( #4585 ) ) ;
#2531 = CARTESIAN_POINT ( 'NONE',  ( 0.2010872110020790193, 0.2010872110020782977, 8.584387938363944315 ) ) ;
#2532 = AXIS2_PLACEMENT_3D ( 'NONE', #6211, #3518, #4975 ) ;
#2533 = PRESENTATION_LAYER_ASSIGNMENT (  '', '', ( #7284 ) ) ;
#2534 = ORIENTED_EDGE ( 'NONE', *, *, #3108, .F. ) ;
#2535 = CARTESIAN_POINT ( 'NONE',  ( 0.3200000000000001177, 4.823999999999999844, -2.359999999999988773 ) ) ;
#2536 = ORIENTED_EDGE ( 'NONE', *, *, #7992, .T. ) ;
#2537 = CARTESIAN_POINT ( 'NONE',  ( -0.3199999999999998956, 4.760000000000000675, -2.359999999999988773 ) ) ;
#2538 = VERTEX_POINT ( 'NONE', #4174 ) ;
#2539 = EDGE_CURVE ( 'NONE', #8143, #5821, #2876, .T. ) ;
#2540 = SURFACE_SIDE_STYLE ('',( #3746 ) ) ;
#2541 = DIRECTION ( 'NONE',  ( -0.000000000000000000, -0.000000000000000000, -1.000000000000000000 ) ) ;
#2542 = VECTOR ( 'NONE', #6728, 1000.000000000000114 ) ;
#2543 = CARTESIAN_POINT ( 'NONE',  ( 1.370000000000002105, -1.019999999999998685, 0.6000000000000000888 ) ) ;
#2544 = ORIENTED_EDGE ( 'NONE', *, *, #5827, .F. ) ;
#2545 = CARTESIAN_POINT ( 'NONE',  ( 1.270000000000000018, 5.870000000000000107, 0.6000000000000000888 ) ) ;
#2546 = VERTEX_POINT ( 'NONE', #7973 ) ;
#2547 = PRESENTATION_LAYER_ASSIGNMENT (  '', '', ( #439 ) ) ;
#2548 = PLANE ( 'NONE',  #5114 ) ;
#2549 = CARTESIAN_POINT ( 'NONE',  ( -0.2559999999999999498, -0.2560000000000007270, 8.550000000000000711 ) ) ;
#2550 = DIRECTION ( 'NONE',  ( 0.000000000000000000, 1.000000000000000000, 0.000000000000000000 ) ) ;
#2551 = DIRECTION ( 'NONE',  ( 0.7071067811865435759, 0.000000000000000000, -0.7071067811865515695 ) ) ;
#2552 = UNCERTAINTY_MEASURE_WITH_UNIT (LENGTH_MEASURE( 1.000000000000000082E-05 ), #3563, 'distance_accuracy_value', 'NONE');
#2553 = CARTESIAN_POINT ( 'NONE',  ( 2.540000000000000036, 4.872849267653418082, -3.000000000000000000 ) ) ;
#2554 = CARTESIAN_POINT ( 'NONE',  ( -1.019999999999999796, -1.270000000000000240, 0.5999999999999999778 ) ) ;
#2555 = CARTESIAN_POINT ( 'NONE',  ( -0.2786088852086247014, -1.149999999999999245, 1.456812854656624134 ) ) ;
#2556 = PRESENTATION_LAYER_ASSIGNMENT (  '', '', ( #4157 ) ) ;
#2557 = VECTOR ( 'NONE', #4930, 1000.000000000000000 ) ;
#2558 = ORIENTED_EDGE ( 'NONE', *, *, #8201, .T. ) ;
#2559 = CARTESIAN_POINT ( 'NONE',  ( -0.2071507323465823502, 5.080000000000000071, -3.000000000000000000 ) ) ;
#2560 = ORIENTED_EDGE ( 'NONE', *, *, #2389, .F. ) ;
#2561 = MECHANICAL_DESIGN_GEOMETRIC_PRESENTATION_REPRESENTATION (  '', ( #6673 ), #6547 ) ;
#2562 = VECTOR ( 'NONE', #5898, 999.9999999999998863 ) ;
#2563 = PLANE ( 'NONE',  #2790 ) ;
#2564 = SURFACE_SIDE_STYLE ('',( #7623 ) ) ;
#2565 = CARTESIAN_POINT ( 'NONE',  ( -0.2071507323465818784, 2.219999999999999307, 8.550000000000000711 ) ) ;
#2566 =( NAMED_UNIT ( * ) PLANE_ANGLE_UNIT ( ) SI_UNIT ( $, .RADIAN. ) );
#2567 = PRODUCT_RELATED_PRODUCT_CATEGORY ( 'part', '', ( #5936 ) ) ;
#2568 = VECTOR ( 'NONE', #7351, 1000.000000000000114 ) ;
#2569 = LINE ( 'NONE', #717, #4700 ) ;
#2570 = VECTOR ( 'NONE', #5845, 1000.000000000000114 ) ;
#2571 = ORIENTED_EDGE ( 'NONE', *, *, #5861, .F. ) ;
#2572 = SURFACE_STYLE_FILL_AREA ( #1869 ) ;
#2573 = EDGE_CURVE ( 'NONE', #5214, #4677, #2294, .T. ) ;
#2574 =( GEOMETRIC_REPRESENTATION_CONTEXT ( 3 ) GLOBAL_UNCERTAINTY_ASSIGNED_CONTEXT ( ( #4973 ) ) GLOBAL_UNIT_ASSIGNED_CONTEXT ( ( #4955, #6817, #6771 ) ) REPRESENTATION_CONTEXT ( 'NONE', 'WORKASPACE' ) );
#2575 = EDGE_CURVE ( 'NONE', #2582, #1555, #7890, .T. ) ;
#2576 = DIRECTION ( 'NONE',  ( 0.000000000000000000, -0.9848077530122085754, 0.1736481776669278054 ) ) ;
#2577 = CARTESIAN_POINT ( 'NONE',  ( 0.1591065173733838267, -1.149999999999999245, 0.7264298296317553971 ) ) ;
#2578 = FILL_AREA_STYLE ('',( #3280 ) ) ;
#2579 = ORIENTED_EDGE ( 'NONE', *, *, #8044, .F. ) ;
#2580 = ORIENTED_EDGE ( 'NONE', *, *, #4102, .T. ) ;
#2581 = FILL_AREA_STYLE ('',( #46 ) ) ;
#2582 = VERTEX_POINT ( 'NONE', #6005 ) ;
#2583 = PRESENTATION_STYLE_ASSIGNMENT (( #5121 ) ) ;
#2584 = CARTESIAN_POINT ( 'NONE',  ( 2.589999999999994085, 5.870000000000000107, -0.6199999999999989964 ) ) ;
#2585 = PLANE ( 'NONE',  #12 ) ;
#2586 = FILL_AREA_STYLE_COLOUR ( '', #2821 ) ;
#2587 = PRESENTATION_LAYER_ASSIGNMENT (  '', '', ( #6823 ) ) ;
#2588 = CARTESIAN_POINT ( 'NONE',  ( 2.220000000000000195, 5.353200710532140860, 7.909999999999988596 ) ) ;
#2589 = CARTESIAN_POINT ( 'NONE',  ( 0.3200000000000000622, 5.336000000000000298, -2.359999999999988773 ) ) ;
#2590 = EDGE_LOOP ( 'NONE', ( #3930, #3652, #7872, #1143 ) ) ;
#2591 = CARTESIAN_POINT ( 'NONE',  ( 2.220000000000000195, 2.283999999999999808, -2.359999999999988773 ) ) ;
#2592 = STYLED_ITEM ( 'NONE', ( #4016 ), #2423 ) ;
#2593 = ORIENTED_EDGE ( 'NONE', *, *, #4341, .F. ) ;
#2594 = CARTESIAN_POINT ( 'NONE',  ( -0.2560000000000000053, 2.860000000000000320, -2.359999999999988773 ) ) ;
#2595 = DIRECTION ( 'NONE',  ( -0.1710878697460331277, 0.1710878697460330722, 0.9702875252478149193 ) ) ;
#2596 = CARTESIAN_POINT ( 'NONE',  ( 0.1577519656428683636, -1.169999999999999929, 0.7336324926132964386 ) ) ;
#2597 = DIRECTION ( 'NONE',  ( 0.000000000000000000, -1.000000000000000000, 0.000000000000000000 ) ) ;
#2598 = CARTESIAN_POINT ( 'NONE',  ( 0.2786415142825168223, -1.149999999999999245, 1.692804206359146413 ) ) ;
#2599 = CARTESIAN_POINT ( 'NONE',  ( -0.2786199085238558748, -1.149999999999999023, 1.691947436342202460 ) ) ;
#2600 = ORIENTED_EDGE ( 'NONE', *, *, #1565, .T. ) ;
#2601 = DIRECTION ( 'NONE',  ( -8.470329472543003391E-17, 1.000000000000000000, 0.000000000000000000 ) ) ;
#2602 = EDGE_LOOP ( 'NONE', ( #1878, #5280, #4587, #1656 ) ) ;
#2603 = CARTESIAN_POINT ( 'NONE',  ( -0.2559999999999999498, 2.219999999999999307, 7.909999999999988596 ) ) ;
#2604 = ORIENTED_EDGE ( 'NONE', *, *, #4097, .T. ) ;
#2605 =( LENGTH_UNIT ( ) NAMED_UNIT ( * ) SI_UNIT ( .MILLI., .METRE. ) );
#2606 = CARTESIAN_POINT ( 'NONE',  ( 2.860000000000000320, 4.823999999999998956, 7.909999999999988596 ) ) ;
#2607 = SURFACE_STYLE_FILL_AREA ( #4397 ) ;
#2608 = ADVANCED_FACE ( 'NONE', ( #2211 ), #6574, .F. ) ;
#2609 = CARTESIAN_POINT ( 'NONE',  ( 0.2582363870873441991, -1.169999999999999707, 1.166150458576018289 ) ) ;
#2610 = ORIENTED_EDGE ( 'NONE', *, *, #3491, .T. ) ;
#2611 = EDGE_CURVE ( 'NONE', #1325, #5241, #904, .T. ) ;
#2612 = EDGE_CURVE ( 'NONE', #4122, #2787, #314, .T. ) ;
#2613 = DIRECTION ( 'NONE',  ( 1.000000000000000000, 0.000000000000000000, 0.000000000000000000 ) ) ;
#2614 = PRESENTATION_LAYER_ASSIGNMENT (  '', '', ( #624 ) ) ;
#2615 = CARTESIAN_POINT ( 'NONE',  ( -0.2732007105321401230, 2.220000000000000639, -2.359999999999988773 ) ) ;
#2616 = DIRECTION ( 'NONE',  ( -6.842277657836020854E-49, 5.078189165123089681E-17, -1.000000000000000000 ) ) ;
#2617 = VERTEX_POINT ( 'NONE', #1881 ) ;
#2618 = COLOUR_RGB ( '',0.9686274509803921573, 0.8784313725490195957, 0.5999999999999999778 ) ;
#2619 =( NAMED_UNIT ( * ) PLANE_ANGLE_UNIT ( ) SI_UNIT ( $, .RADIAN. ) );
#2620 = DIRECTION ( 'NONE',  ( 0.7071067811865435759, 0.000000000000000000, -0.7071067811865515695 ) ) ;
#2621 = DIRECTION ( 'NONE',  ( 0.000000000000000000, -1.000000000000000000, 0.000000000000000000 ) ) ;
#2622 = LINE ( 'NONE', #51, #1819 ) ;
#2623 = EDGE_CURVE ( 'NONE', #6826, #4250, #5622, .T. ) ;
#2624 = DIRECTION ( 'NONE',  ( 0.9848077530122085754, 8.341646135128160883E-17, 0.1736481776669273891 ) ) ;
#2625 = VECTOR ( 'NONE', #209, 1000.000000000000114 ) ;
#2626 = CARTESIAN_POINT ( 'NONE',  ( 0.3200000000000001177, 2.283999999999999364, 7.909999999999988596 ) ) ;
#2627 = EDGE_CURVE ( 'NONE', #8013, #8198, #1761, .T. ) ;
#2628 = ORIENTED_EDGE ( 'NONE', *, *, #1270, .F. ) ;
#2629 = LINE ( 'NONE', #2545, #5371 ) ;
#2630 = ORIENTED_EDGE ( 'NONE', *, *, #2075, .F. ) ;
#2631 = FILL_AREA_STYLE ('',( #102 ) ) ;
#2632 = CARTESIAN_POINT ( 'NONE',  ( 2.238745166004060927, 4.778745166004060074, 8.016309119164535701 ) ) ;
#2633 =( BOUNDED_CURVE ( )  B_SPLINE_CURVE ( 3, ( #4455, #5074, #2700, #763 ),
 .UNSPECIFIED., .F., .F. ) 
 B_SPLINE_CURVE_WITH_KNOTS ( ( 4, 4 ),
 ( 3.141592653589792672, 3.926990816987244504 ),
 .UNSPECIFIED. ) 
 CURVE ( )  GEOMETRIC_REPRESENTATION_ITEM ( )  RATIONAL_B_SPLINE_CURVE ( ( 1.000000000000000000, 0.9492530216741906779, 0.9492530216741906779, 1.000000000000000000 ) ) 
 REPRESENTATION_ITEM ( '' )  );
#2634 = CARTESIAN_POINT ( 'NONE',  ( 1.019999999999999796, -0.7900000000000003686, 0.4500000000000018430 ) ) ;
#2635 = UNCERTAINTY_MEASURE_WITH_UNIT (LENGTH_MEASURE( 1.000000000000000082E-05 ), #7490, 'distance_accuracy_value', 'NONE');
#2636 = CARTESIAN_POINT ( 'NONE',  ( 2.540000000000000036, 4.872849267653418082, 8.550000000000000711 ) ) ;
#2637 = FILL_AREA_STYLE ('',( #6337 ) ) ;
#2638 = CARTESIAN_POINT ( 'NONE',  ( -0.2338056406508104146, -1.270000000000000906, 1.712327225525319241 ) ) ;
#2639 = ORIENTED_EDGE ( 'NONE', *, *, #4869, .T. ) ;
#2640 =( NAMED_UNIT ( * ) PLANE_ANGLE_UNIT ( ) SI_UNIT ( $, .RADIAN. ) );
#2641 = ORIENTED_EDGE ( 'NONE', *, *, #5675, .T. ) ;
#2642 = SURFACE_STYLE_USAGE ( .BOTH. , #3265 ) ;
#2643 = ORIENTED_EDGE ( 'NONE', *, *, #5026, .F. ) ;
#2644 = COLOUR_RGB ( '',0.9686274509803921573, 0.8784313725490195957, 0.5999999999999999778 ) ;
#2645 = EDGE_CURVE ( 'NONE', #1936, #5374, #3533, .T. ) ;
#2646 = CARTESIAN_POINT ( 'NONE',  ( -1.019366268225468405E-16, -1.169999999999999929, 1.270000000000000018 ) ) ;
#2647 = SURFACE_STYLE_USAGE ( .BOTH. , #2564 ) ;
#2648 = VECTOR ( 'NONE', #3974, 1000.000000000000114 ) ;
#2649 = MECHANICAL_DESIGN_GEOMETRIC_PRESENTATION_REPRESENTATION (  '', ( #664 ), #2381 ) ;
#2650 = CARTESIAN_POINT ( 'NONE',  ( 0.2296620727081572499, -1.170000000000000151, 1.205869479952481171 ) ) ;
#2651 = ORIENTED_EDGE ( 'NONE', *, *, #3279, .F. ) ;
#2652 = CARTESIAN_POINT ( 'NONE',  ( 2.220000000000000195, -0.2560000000000001719, -2.359999999999988773 ) ) ;
#2653 = LINE ( 'NONE', #1376, #3546 ) ;
#2654 = VECTOR ( 'NONE', #5892, 1000.000000000000000 ) ;
#2655 = PRESENTATION_STYLE_ASSIGNMENT (( #3277 ) ) ;
#2656 = CARTESIAN_POINT ( 'NONE',  ( 2.220000000000000195, 4.823999999999998956, 8.550000000000000711 ) ) ;
#2657 = ORIENTED_EDGE ( 'NONE', *, *, #4384, .F. ) ;
#2658 = STYLED_ITEM ( 'NONE', ( #3075 ), #6122 ) ;
#2659 = CARTESIAN_POINT ( 'NONE',  ( -0.1573284206430658194, -1.169999999999999929, 1.806397023426620896 ) ) ;
#2660 = ORIENTED_EDGE ( 'NONE', *, *, #716, .T. ) ;
#2661 = EDGE_CURVE ( 'NONE', #6860, #4708, #7509, .T. ) ;
#2662 = CARTESIAN_POINT ( 'NONE',  ( 0.2890920949374359283, 2.853417573054442435, 7.947330798265292984 ) ) ;
#2663 =( NAMED_UNIT ( * ) PLANE_ANGLE_UNIT ( ) SI_UNIT ( $, .RADIAN. ) );
#2664 = SURFACE_STYLE_USAGE ( .BOTH. , #7019 ) ;
#2665 = STYLED_ITEM ( 'NONE', ( #5370 ), #7773 ) ;
#2666 = VECTOR ( 'NONE', #1295, 1000.000000000000000 ) ;
#2667 = CARTESIAN_POINT ( 'NONE',  ( 2.220000000000000195, 4.823999999999998956, 7.909999999999988596 ) ) ;
#2668 = DIRECTION ( 'NONE',  ( 0.000000000000000000, -1.000000000000000000, 0.000000000000000000 ) ) ;
#2669 = ORIENTED_EDGE ( 'NONE', *, *, #108, .F. ) ;
#2670 = AXIS2_PLACEMENT_3D ( 'NONE', #6469, #3184, #715 ) ;
#2671 = CARTESIAN_POINT ( 'NONE',  ( 2.250907905062563774, 2.226582426945557636, 7.947330798265289431 ) ) ;
#2672 = AXIS2_PLACEMENT_3D ( 'NONE', #4681, #4058, #7935 ) ;
#2673 = VERTEX_POINT ( 'NONE', #6854 ) ;
#2674 = CARTESIAN_POINT ( 'NONE',  ( 2.250907905062564218, 2.853417573054441991, -2.397330798265292717 ) ) ;
#2675 = CARTESIAN_POINT ( 'NONE',  ( 1.019999999999999796, -1.270000000000000240, 0.5999999999999999778 ) ) ;
#2676 = EDGE_CURVE ( 'NONE', #1736, #5691, #8014, .T. ) ;
#2677 = PRESENTATION_STYLE_ASSIGNMENT (( #146 ) ) ;
#2678 = VECTOR ( 'NONE', #2410, 1000.000000000000000 ) ;
#2679 = ORIENTED_EDGE ( 'NONE', *, *, #4499, .T. ) ;
#2680 = LINE ( 'NONE', #827, #1776 ) ;
#2681 = EDGE_LOOP ( 'NONE', ( #3154, #621, #597, #7058 ) ) ;
#2682 = CARTESIAN_POINT ( 'NONE',  ( 2.841254833995939144, 0.3012548339959383870, 8.016309119164537478 ) ) ;
#2683 = ORIENTED_EDGE ( 'NONE', *, *, #5165, .T. ) ;
#2684 = APPLICATION_CONTEXT ( 'automotive_design' ) ;
#2685 =( BOUNDED_CURVE ( )  B_SPLINE_CURVE ( 3, ( #3503, #7929, #4051, #5261 ),
 .UNSPECIFIED., .F., .F. ) 
 B_SPLINE_CURVE_WITH_KNOTS ( ( 4, 4 ),
 ( 8.470329472542987613E-16, 0.7853981633974443932 ),
 .UNSPECIFIED. ) 
 CURVE ( )  GEOMETRIC_REPRESENTATION_ITEM ( )  RATIONAL_B_SPLINE_CURVE ( ( 1.000000000000000000, 0.9492530216741916771, 0.9492530216741916771, 1.000000000000000000 ) ) 
 REPRESENTATION_ITEM ( '' )  );
#2686 = STYLED_ITEM ( 'NONE', ( #724 ), #7753 ) ;
#2687 = CARTESIAN_POINT ( 'NONE',  ( 0.07143487197225222018, -1.217999665826966060, 0.9335048870638922303 ) ) ;
#2688 = CARTESIAN_POINT ( 'NONE',  ( -0.1665885810817077928, -1.269999999999988693, 0.7707336829928993494 ) ) ;
#2689 = MECHANICAL_DESIGN_GEOMETRIC_PRESENTATION_REPRESENTATION (  '', ( #7716 ), #313 ) ;
#2690 = MECHANICAL_DESIGN_GEOMETRIC_PRESENTATION_REPRESENTATION (  '', ( #7440 ), #5487 ) ;
#2691 = SURFACE_STYLE_FILL_AREA ( #6506 ) ;
#2692 = EDGE_CURVE ( 'NONE', #6243, #5138, #3623, .T. ) ;
#2693 = LINE ( 'NONE', #1998, #1241 ) ;
#2694 = VERTEX_POINT ( 'NONE', #3581 ) ;
#2695 = VECTOR ( 'NONE', #4991, 1000.000000000000000 ) ;
#2696 = AXIS2_PLACEMENT_3D ( 'NONE', #5109, #5279, #7004 ) ;
#2697 = LINE ( 'NONE', #5283, #1134 ) ;
#2698 = LINE ( 'NONE', #6679, #1569 ) ;
#2699 = CARTESIAN_POINT ( 'NONE',  ( 0.2578255419175595198, -1.149999999999999467, 0.7718528645085277473 ) ) ;
#2700 = CARTESIAN_POINT ( 'NONE',  ( 2.226582426945557636, 0.2890920949374358728, -2.397330798265291385 ) ) ;
#2701 = VECTOR ( 'NONE', #5271, 1000.000000000000000 ) ;
#2702 = MECHANICAL_DESIGN_GEOMETRIC_PRESENTATION_REPRESENTATION (  '', ( #1642 ), #4433 ) ;
#2703 = ORIENTED_EDGE ( 'NONE', *, *, #6816, .F. ) ;
#2704 = FACE_OUTER_BOUND ( 'NONE', #74, .T. ) ;
#2705 = ORIENTED_EDGE ( 'NONE', *, *, #393, .F. ) ;
#2706 = VECTOR ( 'NONE', #3458, 1000.000000000000000 ) ;
#2707 = STYLED_ITEM ( 'NONE', ( #689 ), #881 ) ;
#2708 = CARTESIAN_POINT ( 'NONE',  ( -0.2349397590361448074, -1.270000000000000018, 0.8488780120481929092 ) ) ;
#2709 = SURFACE_STYLE_FILL_AREA ( #3874 ) ;
#2710 = CARTESIAN_POINT ( 'NONE',  ( 2.829092094937436297, -0.3134175730544424554, -2.397330798265292273 ) ) ;
#2711 = CARTESIAN_POINT ( 'NONE',  ( 0.2890920949374360394, -0.3134175730544430105, 7.947330798265291207 ) ) ;
#2712 = STYLED_ITEM ( 'NONE', ( #2901 ), #2112 ) ;
#2713 =( NAMED_UNIT ( * ) PLANE_ANGLE_UNIT ( ) SI_UNIT ( $, .RADIAN. ) );
#2714 = ORIENTED_EDGE ( 'NONE', *, *, #851, .T. ) ;
#2715 = EDGE_CURVE ( 'NONE', #6424, #4735, #6819, .T. ) ;
#2716 =( NAMED_UNIT ( * ) SI_UNIT ( $, .STERADIAN. ) SOLID_ANGLE_UNIT ( ) );
#2717 = VERTEX_POINT ( 'NONE', #8172 ) ;
#2718 = LINE ( 'NONE', #3214, #6828 ) ;
#2719 = PLANE ( 'NONE',  #8038 ) ;
#2720 = STYLED_ITEM ( 'NONE', ( #6844 ), #2120 ) ;
#2721 = SURFACE_SIDE_STYLE ('',( #64 ) ) ;
#2722 = EDGE_CURVE ( 'NONE', #6063, #3735, #4995, .T. ) ;
#2723 = CARTESIAN_POINT ( 'NONE',  ( 2.796000000000000263, 5.399999999999999467, 8.550000000000000711 ) ) ;
#2724 = UNCERTAINTY_MEASURE_WITH_UNIT (LENGTH_MEASURE( 1.000000000000000082E-05 ), #5676, 'distance_accuracy_value', 'NONE');
#2725 = DIRECTION ( 'NONE',  ( 0.000000000000000000, -1.000000000000000000, 0.000000000000000000 ) ) ;
#2726 = VERTEX_POINT ( 'NONE', #3704 ) ;
#2727 =( LENGTH_UNIT ( ) NAMED_UNIT ( * ) SI_UNIT ( .MILLI., .METRE. ) );
#2728 = EDGE_LOOP ( 'NONE', ( #7462, #7909, #172, #7819 ) ) ;
#2729 = EDGE_CURVE ( 'NONE', #446, #1696, #1144, .T. ) ;
#2730 = CARTESIAN_POINT ( 'NONE',  ( 3.809999999999999165, 6.099999999999998757, 0.5999999999999998668 ) ) ;
#2731 = ORIENTED_EDGE ( 'NONE', *, *, #1712, .F. ) ;
#2732 = EDGE_CURVE ( 'NONE', #3308, #4077, #6281, .T. ) ;
#2733 = LINE ( 'NONE', #1953, #6760 ) ;
#2734 = CARTESIAN_POINT ( 'NONE',  ( -0.2344989567605818837, -1.269999999999985141, 0.8383569884989858778 ) ) ;
#2735 = UNCERTAINTY_MEASURE_WITH_UNIT (LENGTH_MEASURE( 1.000000000000000082E-05 ), #4116, 'distance_accuracy_value', 'NONE');
#2736 = PRESENTATION_STYLE_ASSIGNMENT (( #7237 ) ) ;
#2737 = FILL_AREA_STYLE_COLOUR ( '', #6126 ) ;
#2738 =( BOUNDED_CURVE ( )  B_SPLINE_CURVE ( 3, ( #2332, #1800, #3031, #5661 ),
 .UNSPECIFIED., .F., .F. ) 
 B_SPLINE_CURVE_WITH_KNOTS ( ( 4, 4 ),
 ( 2.122493417915224361E-16, 0.7853981633974475018 ),
 .UNSPECIFIED. ) 
 CURVE ( )  GEOMETRIC_REPRESENTATION_ITEM ( )  RATIONAL_B_SPLINE_CURVE ( ( 1.000000000000000000, 0.9492530216741912330, 0.9492530216741912330, 1.000000000000000000 ) ) 
 REPRESENTATION_ITEM ( '' )  );
#2739 = DIRECTION ( 'NONE',  ( 0.000000000000000000, -1.000000000000000000, 0.000000000000000000 ) ) ;
#2740 = EDGE_LOOP ( 'NONE', ( #3295, #5282, #1610, #101, #7553, #4070 ) ) ;
#2741 = SURFACE_STYLE_FILL_AREA ( #5116 ) ;
#2742 = VERTEX_POINT ( 'NONE', #3664 ) ;
#2743 = EDGE_CURVE ( 'NONE', #5306, #5533, #2738, .T. ) ;
#2744 = CARTESIAN_POINT ( 'NONE',  ( -0.2560000000000000053, 0.3199999999999998401, -2.359999999999988773 ) ) ;
#2745 = LINE ( 'NONE', #5662, #4909 ) ;
#2746 = LINE ( 'NONE', #5323, #6729 ) ;
#2747 = FACE_OUTER_BOUND ( 'NONE', #7918, .T. ) ;
#2748 = CARTESIAN_POINT ( 'NONE',  ( 0.05396442235651192215, -1.169999999999999929, 1.270000000000000018 ) ) ;
#2749 = ORIENTED_EDGE ( 'NONE', *, *, #4782, .T. ) ;
#2750 =( LENGTH_UNIT ( ) NAMED_UNIT ( * ) SI_UNIT ( .MILLI., .METRE. ) );
#2751 = STYLED_ITEM ( 'NONE', ( #15 ), #2965 ) ;
#2752 = PLANE ( 'NONE',  #2293 ) ;
#2753 = PLANE ( 'NONE',  #3818 ) ;
#2754 = CARTESIAN_POINT ( 'NONE',  ( -0.2732007105321401230, 2.219999999999999307, 7.909999999999986819 ) ) ;
#2755 = CARTESIAN_POINT ( 'NONE',  ( 0.2531382706299650232, -1.220000000328294920, 1.692834721091162287 ) ) ;
#2756 = VERTEX_POINT ( 'NONE', #5584 ) ;
#2757 = DIRECTION ( 'NONE',  ( -1.000000000000000000, 0.000000000000000000, 0.000000000000000000 ) ) ;
#2758 = VERTEX_POINT ( 'NONE', #554 ) ;
#2759 = DIRECTION ( 'NONE',  ( -1.000000000000000000, -0.000000000000000000, -0.000000000000000000 ) ) ;
#2760 = FACE_OUTER_BOUND ( 'NONE', #749, .T. ) ;
#2761 = VECTOR ( 'NONE', #4444, 1000.000000000000000 ) ;
#2762 = DIRECTION ( 'NONE',  ( -1.000000000000000000, -0.000000000000000000, 0.000000000000000000 ) ) ;
#2763 = EDGE_CURVE ( 'NONE', #6543, #1240, #2418, .T. ) ;
#2764 = DIRECTION ( 'NONE',  ( -6.842277657836020854E-49, 5.078189165123089681E-17, -1.000000000000000000 ) ) ;
#2765 = ADVANCED_FACE ( 'NONE', ( #2497 ), #436, .F. ) ;
#2766 = ORIENTED_EDGE ( 'NONE', *, *, #7734, .F. ) ;
#2767 = FILL_AREA_STYLE ('',( #6701 ) ) ;
#2768 = ORIENTED_EDGE ( 'NONE', *, *, #3815, .F. ) ;
#2769 = EDGE_CURVE ( 'NONE', #2787, #3351, #1305, .T. ) ;
#2770 = DIRECTION ( 'NONE',  ( -0.7071067811865493491, 0.7071067811865456854, 0.000000000000000000 ) ) ;
#2771 = EDGE_LOOP ( 'NONE', ( #4645, #3792, #2864, #613, #331 ) ) ;
#2772 = EDGE_CURVE ( 'NONE', #8040, #913, #1385, .T. ) ;
#2773 = PLANE ( 'NONE',  #7161 ) ;
#2774 = SURFACE_STYLE_USAGE ( .BOTH. , #5358 ) ;
#2775 = SURFACE_STYLE_FILL_AREA ( #5894 ) ;
#2776 = CARTESIAN_POINT ( 'NONE',  ( 2.220000000000000195, 5.399999999999999467, -2.359999999999988773 ) ) ;
#2777 = ORIENTED_EDGE ( 'NONE', *, *, #6284, .T. ) ;
#2778 = ADVANCED_FACE ( 'NONE', ( #131 ), #6407, .F. ) ;
#2779 = FILL_AREA_STYLE ('',( #6751 ) ) ;
#2780 = VERTEX_POINT ( 'NONE', #3158 ) ;
#2781 = DIRECTION ( 'NONE',  ( 0.7071067811865454633, -0.000000000000000000, -0.7071067811865495711 ) ) ;
#2782 = CARTESIAN_POINT ( 'NONE',  ( 2.747150732346582469, 4.872849267653418082, -3.000000000000000000 ) ) ;
#2783 = CARTESIAN_POINT ( 'NONE',  ( 2.813200710532140381, 2.219999999999999751, -2.359999999999988773 ) ) ;
#2784 = DIRECTION ( 'NONE',  ( -0.000000000000000000, 0.000000000000000000, 1.000000000000000000 ) ) ;
#2785 = FACE_OUTER_BOUND ( 'NONE', #2950, .T. ) ;
#2786 =( GEOMETRIC_REPRESENTATION_CONTEXT ( 3 ) GLOBAL_UNCERTAINTY_ASSIGNED_CONTEXT ( ( #1147 ) ) GLOBAL_UNIT_ASSIGNED_CONTEXT ( ( #7447, #532, #1909 ) ) REPRESENTATION_CONTEXT ( 'NONE', 'WORKASPACE' ) );
#2787 = VERTEX_POINT ( 'NONE', #3921 ) ;
#2788 = STYLED_ITEM ( 'NONE', ( #1831 ), #4243 ) ;
#2789 = CARTESIAN_POINT ( 'NONE',  ( 0.3200000000000000622, 2.859999999999999876, 8.550000000000000711 ) ) ;
#2790 = AXIS2_PLACEMENT_3D ( 'NONE', #5646, #6798, #1127 ) ;
#2791 =( NAMED_UNIT ( * ) PLANE_ANGLE_UNIT ( ) SI_UNIT ( $, .RADIAN. ) );
#2792 = PLANE ( 'NONE',  #1692 ) ;
#2793 = CARTESIAN_POINT ( 'NONE',  ( -0.2349397590361448074, -1.270000000000000018, 1.458064759036144631 ) ) ;
#2794 = LINE ( 'NONE', #7180, #1887 ) ;
#2795 = CARTESIAN_POINT ( 'NONE',  ( -0.1571002131738331586, -1.149999999999997913, 0.7262900176145004050 ) ) ;
#2796 = PRESENTATION_LAYER_ASSIGNMENT (  '', '', ( #2260 ) ) ;
#2797 = EDGE_CURVE ( 'NONE', #5570, #3428, #7103, .T. ) ;
#2798 = EDGE_LOOP ( 'NONE', ( #3593, #6832, #828, #3820 ) ) ;
#2799 = CARTESIAN_POINT ( 'NONE',  ( 4.710000000000000853, 6.099999999999998757, 1.599999999999988987 ) ) ;
#2800 = ORIENTED_EDGE ( 'NONE', *, *, #4000, .F. ) ;
#2801 = CARTESIAN_POINT ( 'NONE',  ( 3.709999999999999964, 6.099999999999997868, 0.6000000000000000888 ) ) ;
#2802 = CARTESIAN_POINT ( 'NONE',  ( 1.270000000000000018, -1.019999999999999130, 2.350000000000000089 ) ) ;
#2803 = PLANE ( 'NONE',  #1342 ) ;
#2804 = PLANE ( 'NONE',  #1484 ) ;
#2805 = CARTESIAN_POINT ( 'NONE',  ( 1.019999999999999796, 5.870000000000000107, 0.000000000000000000 ) ) ;
#2806 = VECTOR ( 'NONE', #4750, 1000.000000000000000 ) ;
#2807 = ORIENTED_EDGE ( 'NONE', *, *, #1705, .T. ) ;
#2808 = AXIS2_PLACEMENT_3D ( 'NONE', #6051, #356, #6653 ) ;
#2809 = DIRECTION ( 'NONE',  ( -1.000000000000000000, 0.000000000000000000, 0.000000000000000000 ) ) ;
#2810 = VERTEX_POINT ( 'NONE', #6323 ) ;
#2811 = DIRECTION ( 'NONE',  ( -1.000000000000000000, -0.000000000000000000, -0.000000000000000000 ) ) ;
#2812 = ORIENTED_EDGE ( 'NONE', *, *, #4306, .T. ) ;
#2813 = VECTOR ( 'NONE', #3824, 1000.000000000000000 ) ;
#2814 = PLANE ( 'NONE',  #7023 ) ;
#2815 = FACE_OUTER_BOUND ( 'NONE', #3645, .T. ) ;
#2816 = AXIS2_PLACEMENT_3D ( 'NONE', #1671, #5450, #5295 ) ;
#2817 =( LENGTH_UNIT ( ) NAMED_UNIT ( * ) SI_UNIT ( .MILLI., .METRE. ) );
#2818 = PRESENTATION_LAYER_ASSIGNMENT (  '', '', ( #5348 ) ) ;
#2819 = ORIENTED_EDGE ( 'NONE', *, *, #3691, .F. ) ;
#2820 = SURFACE_SIDE_STYLE ('',( #3560 ) ) ;
#2821 = COLOUR_RGB ( '',1.000000000000000000, 0.8431372549019607865, 0.000000000000000000 ) ;
#2822 = ORIENTED_EDGE ( 'NONE', *, *, #1858, .T. ) ;
#2823 = VECTOR ( 'NONE', #3464, 1000.000000000000000 ) ;
#2824 = PLANE ( 'NONE',  #5177 ) ;
#2825 = LINE ( 'NONE', #4073, #2625 ) ;
#2826 = FILL_AREA_STYLE ('',( #2861 ) ) ;
#2827 =( NAMED_UNIT ( * ) SI_UNIT ( $, .STERADIAN. ) SOLID_ANGLE_UNIT ( ) );
#2828 = EDGE_CURVE ( 'NONE', #1457, #3092, #6345, .T. ) ;
#2829 =( LENGTH_UNIT ( ) NAMED_UNIT ( * ) SI_UNIT ( .MILLI., .METRE. ) );
#2830 = STYLED_ITEM ( 'NONE', ( #3153 ), #1058 ) ;
#2831 = STYLED_ITEM ( 'NONE', ( #1914 ), #128 ) ;
#2832 = VERTEX_POINT ( 'NONE', #681 ) ;
#2833 = FILL_AREA_STYLE ('',( #893 ) ) ;
#2834 = EDGE_CURVE ( 'NONE', #1623, #883, #7543, .T. ) ;
#2835 = DIRECTION ( 'NONE',  ( 0.000000000000000000, 1.000000000000000000, 0.000000000000000000 ) ) ;
#2836 = ADVANCED_FACE ( 'NONE', ( #4547 ), #3604, .F. ) ;
#2837 = AXIS2_PLACEMENT_3D ( 'NONE', #3898, #3177, #1326 ) ;
#2838 = CARTESIAN_POINT ( 'NONE',  ( -0.2069451709529504801, -1.270000000000001794, 0.7832384112981729540 ) ) ;
#2839 = COLOUR_RGB ( '',0.9686274509803921573, 0.8784313725490195957, 0.5999999999999999778 ) ;
#2840 = CARTESIAN_POINT ( 'NONE',  ( 0.2410059295283513980, -1.253333333550099571, 1.692571428441517867 ) ) ;
#2841 = ORIENTED_EDGE ( 'NONE', *, *, #5612, .T. ) ;
#2842 = ORIENTED_EDGE ( 'NONE', *, *, #1250, .F. ) ;
#2843 = CARTESIAN_POINT ( 'NONE',  ( 0.000000000000000000, -0.7900000000000003686, 0.000000000000000000 ) ) ;
#2844 = CARTESIAN_POINT ( 'NONE',  ( 1.369999999999999440, -1.019999999999998908, 2.350000000000000089 ) ) ;
#2845 =( GEOMETRIC_REPRESENTATION_CONTEXT ( 3 ) GLOBAL_UNCERTAINTY_ASSIGNED_CONTEXT ( ( #6708 ) ) GLOBAL_UNIT_ASSIGNED_CONTEXT ( ( #4013, #2176, #1554 ) ) REPRESENTATION_CONTEXT ( 'NONE', 'WORKASPACE' ) );
#2846 = FILL_AREA_STYLE ('',( #192 ) ) ;
#2847 = ORIENTED_EDGE ( 'NONE', *, *, #5075, .T. ) ;
#2848 = ORIENTED_EDGE ( 'NONE', *, *, #5056, .T. ) ;
#2849 = VECTOR ( 'NONE', #647, 1000.000000000000000 ) ;
#2850 = ORIENTED_EDGE ( 'NONE', *, *, #6566, .F. ) ;
#2851 = CARTESIAN_POINT ( 'NONE',  ( -0.2713367824627651026, -1.170000000000000151, 0.8481160656645548857 ) ) ;
#2852 =( LENGTH_UNIT ( ) NAMED_UNIT ( * ) SI_UNIT ( .MILLI., .METRE. ) );
#2853 = CARTESIAN_POINT ( 'NONE',  ( 0.2275784156327430585, -1.269999999999996465, 0.8074457306935134415 ) ) ;
#2854 = VECTOR ( 'NONE', #6537, 1000.000000000000000 ) ;
#2855 =( BOUNDED_CURVE ( )  B_SPLINE_CURVE ( 3, ( #1752, #8047, #7415, #5782 ),
 .UNSPECIFIED., .F., .F. ) 
 B_SPLINE_CURVE_WITH_KNOTS ( ( 4, 4 ),
 ( 8.470329472542986627E-16, 0.7853981633974443932 ),
 .UNSPECIFIED. ) 
 CURVE ( )  GEOMETRIC_REPRESENTATION_ITEM ( )  RATIONAL_B_SPLINE_CURVE ( ( 1.000000000000000000, 0.9492530216741916771, 0.9492530216741916771, 1.000000000000000000 ) ) 
 REPRESENTATION_ITEM ( '' )  );
#2856 = VERTEX_POINT ( 'NONE', #7401 ) ;
#2857 = DIRECTION ( 'NONE',  ( 0.000000000000000000, 0.000000000000000000, 1.000000000000000000 ) ) ;
#2858 = VERTEX_POINT ( 'NONE', #5565 ) ;
#2859 = CARTESIAN_POINT ( 'NONE',  ( -0.3199999999999999512, 5.335999999999999410, 8.550000000000000711 ) ) ;
#2860 = FACE_OUTER_BOUND ( 'NONE', #3909, .T. ) ;
#2861 = FILL_AREA_STYLE_COLOUR ( '', #1884 ) ;
#2862 = SURFACE_SIDE_STYLE ('',( #3998 ) ) ;
#2863 = EDGE_CURVE ( 'NONE', #8093, #3293, #2946, .T. ) ;
#2864 = ORIENTED_EDGE ( 'NONE', *, *, #6722, .F. ) ;
#2865 = EDGE_CURVE ( 'NONE', #885, #1178, #6065, .T. ) ;
#2866 = DIRECTION ( 'NONE',  ( 1.218204688185960556E-16, -1.000000000000000000, 0.000000000000000000 ) ) ;
#2867 = CARTESIAN_POINT ( 'NONE',  ( 0.2760754353395330485, -1.149999999999998579, 1.138962689903148862 ) ) ;
#2868 = MECHANICAL_DESIGN_GEOMETRIC_PRESENTATION_REPRESENTATION (  '', ( #2336 ), #7766 ) ;
#2869 = DIRECTION ( 'NONE',  ( 0.000000000000000000, -1.000000000000000000, -5.078189165123089681E-17 ) ) ;
#2870 = CARTESIAN_POINT ( 'NONE',  ( 2.540000000000000036, -7.409113134841486521E-16, 8.550000000000000711 ) ) ;
#2871 = ADVANCED_FACE ( 'NONE', ( #6716 ), #7321, .F. ) ;
#2872 = PRESENTATION_STYLE_ASSIGNMENT (( #350 ) ) ;
#2873 = VERTEX_POINT ( 'NONE', #4192 ) ;
#2874 = CARTESIAN_POINT ( 'NONE',  ( 1.769999999999999352, 6.349999999999999645, 2.500000000000000000 ) ) ;
#2875 = ORIENTED_EDGE ( 'NONE', *, *, #2263, .F. ) ;
#2876 = LINE ( 'NONE', #2912, #3249 ) ;
#2877 = DIRECTION ( 'NONE',  ( 0.000000000000000000, 0.000000000000000000, -1.000000000000000000 ) ) ;
#2878 = SURFACE_SIDE_STYLE ('',( #4722 ) ) ;
#2879 = UNCERTAINTY_MEASURE_WITH_UNIT (LENGTH_MEASURE( 1.000000000000000082E-05 ), #468, 'distance_accuracy_value', 'NONE');
#2880 = MECHANICAL_DESIGN_GEOMETRIC_PRESENTATION_REPRESENTATION (  '', ( #3953 ), #5006 ) ;
#2881 = CARTESIAN_POINT ( 'NONE',  ( -0.2676958495758769430, -1.180003380892475251, 1.691807731390657876 ) ) ;
#2882 = CARTESIAN_POINT ( 'NONE',  ( 0.2560000000000002274, 2.219999999999999751, -2.359999999999988773 ) ) ;
#2883 = EDGE_CURVE ( 'NONE', #1600, #4392, #3803, .T. ) ;
#2884 = VERTEX_POINT ( 'NONE', #2934 ) ;
#2885 = CARTESIAN_POINT ( 'NONE',  ( 0.3012548339959390531, 5.381254833995938291, 8.016309119164537478 ) ) ;
#2886 = ORIENTED_EDGE ( 'NONE', *, *, #6680, .F. ) ;
#2887 = CARTESIAN_POINT ( 'NONE',  ( 2.796000000000000263, -0.3200000000000006728, 7.909999999999988596 ) ) ;
#2888 = UNCERTAINTY_MEASURE_WITH_UNIT (LENGTH_MEASURE( 1.000000000000000082E-05 ), #7634, 'distance_accuracy_value', 'NONE');
#2889 = CARTESIAN_POINT ( 'NONE',  ( -0.2608839580572235306, -1.169999999999997042, 0.7919293115025529683 ) ) ;
#2890 =( NAMED_UNIT ( * ) PLANE_ANGLE_UNIT ( ) SI_UNIT ( $, .RADIAN. ) );
#2891 = ORIENTED_EDGE ( 'NONE', *, *, #277, .T. ) ;
#2892 = CARTESIAN_POINT ( 'NONE',  ( 0.2713367824627647140, -1.169999999999999707, 1.270000000000000018 ) ) ;
#2893 = ORIENTED_EDGE ( 'NONE', *, *, #3473, .F. ) ;
#2894 = DIRECTION ( 'NONE',  ( 0.000000000000000000, -0.9848077530122085754, 0.1736481776669278054 ) ) ;
#2895 = DIRECTION ( 'NONE',  ( -1.000000000000000000, 0.000000000000000000, 0.000000000000000000 ) ) ;
#2896 = CARTESIAN_POINT ( 'NONE',  ( -0.3012548339959390531, -0.3012548339959397747, 8.016309119164535701 ) ) ;
#2897 = LINE ( 'NONE', #3565, #639 ) ;
#2898 = DIRECTION ( 'NONE',  ( 0.000000000000000000, 0.9396926207859082059, 0.3420201433256694901 ) ) ;
#2899 = FILL_AREA_STYLE ('',( #375 ) ) ;
#2900 = ORIENTED_EDGE ( 'NONE', *, *, #809, .F. ) ;
#2901 = PRESENTATION_STYLE_ASSIGNMENT (( #8041 ) ) ;
#2902 = FILL_AREA_STYLE ('',( #1583 ) ) ;
#2903 = ADVANCED_FACE ( 'NONE', ( #495 ), #648, .T. ) ;
#2904 = PRESENTATION_LAYER_ASSIGNMENT (  '', '', ( #7937 ) ) ;
#2905 = LINE ( 'NONE', #7694, #8065 ) ;
#2906 = DIRECTION ( 'NONE',  ( 1.000000000000000000, 0.000000000000000000, 0.000000000000000000 ) ) ;
#2907 = SURFACE_SIDE_STYLE ('',( #3578 ) ) ;
#2908 = EDGE_CURVE ( 'NONE', #7793, #4844, #5292, .T. ) ;
#2909 = ORIENTED_EDGE ( 'NONE', *, *, #5383, .T. ) ;
#2910 = CARTESIAN_POINT ( 'NONE',  ( 3.560000000000000053, -1.019999999999999130, 2.500000000000000000 ) ) ;
#2911 = ORIENTED_EDGE ( 'NONE', *, *, #1319, .T. ) ;
#2912 = CARTESIAN_POINT ( 'NONE',  ( 0.3200000000000000622, 0.3199999999999993405, -2.359999999999988773 ) ) ;
#2913 = FILL_AREA_STYLE ('',( #1064 ) ) ;
#2914 = FILL_AREA_STYLE_COLOUR ( '', #142 ) ;
#2915 = MECHANICAL_DESIGN_GEOMETRIC_PRESENTATION_REPRESENTATION (  '', ( #5183 ), #4115 ) ;
#2916 = DIRECTION ( 'NONE',  ( 0.000000000000000000, -1.000000000000000000, 0.000000000000000000 ) ) ;
#2917 = LINE ( 'NONE', #3668, #3309 ) ;
#2918 = LINE ( 'NONE', #1224, #848 ) ;
#2919 = ORIENTED_EDGE ( 'NONE', *, *, #8176, .F. ) ;
#2920 = CARTESIAN_POINT ( 'NONE',  ( 2.220000000000000195, 5.287150732346582060, 8.550000000000000711 ) ) ;
#2921 =( GEOMETRIC_REPRESENTATION_CONTEXT ( 3 ) GLOBAL_UNCERTAINTY_ASSIGNED_CONTEXT ( ( #8016 ) ) GLOBAL_UNIT_ASSIGNED_CONTEXT ( ( #4680, #5461, #1516 ) ) REPRESENTATION_CONTEXT ( 'NONE', 'WORKASPACE' ) );
#2922 = ORIENTED_EDGE ( 'NONE', *, *, #3438, .F. ) ;
#2923 = EDGE_CURVE ( 'NONE', #8093, #6316, #4637, .T. ) ;
#2924 = CARTESIAN_POINT ( 'NONE',  ( 2.841254833995939588, 4.778745166004060074, 8.016309119164535701 ) ) ;
#2925 = DIRECTION ( 'NONE',  ( 1.000000000000000000, 0.000000000000000000, 0.000000000000000000 ) ) ;
#2926 = DIRECTION ( 'NONE',  ( 1.000000000000000000, -0.000000000000000000, 0.000000000000000000 ) ) ;
#2927 = CARTESIAN_POINT ( 'NONE',  ( 2.283999999999999808, 2.859999999999999876, 7.909999999999988596 ) ) ;
#2928 = STYLED_ITEM ( 'NONE', ( #7375 ), #6481 ) ;
#2929 = DIRECTION ( 'NONE',  ( 1.000000000000000000, 3.336006684570782608E-16, 0.000000000000000000 ) ) ;
#2930 = ORIENTED_EDGE ( 'NONE', *, *, #2971, .F. ) ;
#2931 = ORIENTED_EDGE ( 'NONE', *, *, #7986, .T. ) ;
#2932 = COLOUR_RGB ( '',0.9686274509803921573, 0.8784313725490195957, 0.5999999999999999778 ) ;
#2933 = DIRECTION ( 'NONE',  ( 1.000000000000000000, 0.000000000000000000, 0.000000000000000000 ) ) ;
#2934 = CARTESIAN_POINT ( 'NONE',  ( 2.332849267653418046, 5.287150732346582060, 8.550000000000000711 ) ) ;
#2935 = PLANE ( 'NONE',  #4519 ) ;
#2936 = DIRECTION ( 'NONE',  ( -0.1710878697460331277, 0.1710878697460330722, 0.9702875252478149193 ) ) ;
#2937 = LINE ( 'NONE', #5049, #287 ) ;
#2938 = AXIS2_PLACEMENT_3D ( 'NONE', #7459, #6809, #3657 ) ;
#2939 = CARTESIAN_POINT ( 'NONE',  ( 0.2713137137365564944, -1.169999999999998597, 1.693760853465390293 ) ) ;
#2940 = SURFACE_STYLE_USAGE ( .BOTH. , #3607 ) ;
#2941 = ADVANCED_FACE ( 'NONE', ( #5174 ), #2719, .F. ) ;
#2942 = PRESENTATION_LAYER_ASSIGNMENT (  '', '', ( #4812 ) ) ;
#2943 = EDGE_LOOP ( 'NONE', ( #2368, #5329, #8159, #5143 ) ) ;
#2944 =( NAMED_UNIT ( * ) SI_UNIT ( $, .STERADIAN. ) SOLID_ANGLE_UNIT ( ) );
#2945 = APPLICATION_CONTEXT ( 'automotive_design' ) ;
#2946 =( BOUNDED_CURVE ( )  B_SPLINE_CURVE ( 3, ( #1698, #7445, #1126, #2350 ),
 .UNSPECIFIED., .F., .F. ) 
 B_SPLINE_CURVE_WITH_KNOTS ( ( 4, 4 ),
 ( 5.497787143782138841, 6.283185307179586232 ),
 .UNSPECIFIED. ) 
 CURVE ( )  GEOMETRIC_REPRESENTATION_ITEM ( )  RATIONAL_B_SPLINE_CURVE ( ( 1.000000000000000000, 0.9492530216741912330, 0.9492530216741912330, 1.000000000000000000 ) ) 
 REPRESENTATION_ITEM ( '' )  );
#2947 = CARTESIAN_POINT ( 'NONE',  ( 2.238745166004060927, 0.3012548339959384425, 8.016309119164535701 ) ) ;
#2948 = VECTOR ( 'NONE', #2079, 1000.000000000000000 ) ;
#2949 = CARTESIAN_POINT ( 'NONE',  ( 0.3200000000000000622, 2.860000000000000320, -2.359999999999988773 ) ) ;
#2950 = EDGE_LOOP ( 'NONE', ( #2527, #3200, #5916, #1758, #1816, #5199 ) ) ;
#2951 = ORIENTED_EDGE ( 'NONE', *, *, #4487, .F. ) ;
#2952 = COLOUR_RGB ( '',0.9686274509803921573, 0.8784313725490195957, 0.5999999999999999778 ) ;
#2953 = MECHANICAL_DESIGN_GEOMETRIC_PRESENTATION_REPRESENTATION (  '', ( #2831 ), #4829 ) ;
#2954 = DIRECTION ( 'NONE',  ( -0.000000000000000000, -0.000000000000000000, -1.000000000000000000 ) ) ;
#2955 = CARTESIAN_POINT ( 'NONE',  ( -0.3199999999999999512, 0.3199999999999998401, -2.359999999999988773 ) ) ;
#2956 = CARTESIAN_POINT ( 'NONE',  ( 2.860000000000000320, 2.266799289467859690, -2.359999999999986997 ) ) ;
#2957 = UNCERTAINTY_MEASURE_WITH_UNIT (LENGTH_MEASURE( 1.000000000000000082E-05 ), #1288, 'distance_accuracy_value', 'NONE');
#2958 = DIRECTION ( 'NONE',  ( 0.7071067811865435759, 0.000000000000000000, -0.7071067811865515695 ) ) ;
#2959 = VECTOR ( 'NONE', #5684, 1000.000000000000000 ) ;
#2960 = AXIS2_PLACEMENT_3D ( 'NONE', #5682, #491, #3681 ) ;
#2961 = ADVANCED_FACE ( 'NONE', ( #2100 ), #7733, .F. ) ;
#2962 = ORIENTED_EDGE ( 'NONE', *, *, #3477, .F. ) ;
#2963 = CARTESIAN_POINT ( 'NONE',  ( 2.796000000000000263, 0.3199999999999993960, 7.909999999999988596 ) ) ;
#2964 = VERTEX_POINT ( 'NONE', #7152 ) ;
#2965 = ADVANCED_FACE ( 'NONE', ( #7653 ), #6370, .F. ) ;
#2966 = VECTOR ( 'NONE', #3591, 1000.000000000000000 ) ;
#2967 = FACE_OUTER_BOUND ( 'NONE', #5599, .T. ) ;
#2968 = UNCERTAINTY_MEASURE_WITH_UNIT (LENGTH_MEASURE( 1.000000000000000082E-05 ), #5303, 'distance_accuracy_value', 'NONE');
#2969 = CARTESIAN_POINT ( 'NONE',  ( 2.332849267653417602, 5.287150732346582949, -3.000000000000000000 ) ) ;
#2970 = CARTESIAN_POINT ( 'NONE',  ( -0.2349831812470689896, -1.270000000000001128, 1.690085591070450866 ) ) ;
#2971 = EDGE_CURVE ( 'NONE', #7516, #3103, #1941, .T. ) ;
#2972 = CARTESIAN_POINT ( 'NONE',  ( 3.810000000000000053, 5.870000000000000107, 0.6000000000000000888 ) ) ;
#2973 = ORIENTED_EDGE ( 'NONE', *, *, #5627, .F. ) ;
#2974 = LINE ( 'NONE', #5525, #2168 ) ;
#2975 = ORIENTED_EDGE ( 'NONE', *, *, #7339, .F. ) ;
#2976 = CARTESIAN_POINT ( 'NONE',  ( 0.2560000000000001719, 2.859999999999999876, 8.550000000000000711 ) ) ;
#2977 =( NAMED_UNIT ( * ) SI_UNIT ( $, .STERADIAN. ) SOLID_ANGLE_UNIT ( ) );
#2978 = PRESENTATION_LAYER_ASSIGNMENT (  '', '', ( #6561 ) ) ;
#2979 = CARTESIAN_POINT ( 'NONE',  ( 2.540000000000000036, 0.000000000000000000, 0.000000000000000000 ) ) ;
#2980 = CARTESIAN_POINT ( 'NONE',  ( 2.841254833995939588, 2.841254833995939144, -2.466309119164536767 ) ) ;
#2981 = EDGE_CURVE ( 'NONE', #6045, #5363, #1804, .T. ) ;
#2982 = VERTEX_POINT ( 'NONE', #820 ) ;
#2983 = AXIS2_PLACEMENT_3D ( 'NONE', #3296, #819, #5756 ) ;
#2984 = SURFACE_SIDE_STYLE ('',( #1746 ) ) ;
#2985 =( LENGTH_UNIT ( ) NAMED_UNIT ( * ) SI_UNIT ( .MILLI., .METRE. ) );
#2986 = CARTESIAN_POINT ( 'NONE',  ( -0.09036144578313276554, -1.270000000000000018, 0.9145783132530121984 ) ) ;
#2987 = CARTESIAN_POINT ( 'NONE',  ( -0.3012548339959390531, 0.3012548339959389421, -2.466309119164537655 ) ) ;
#2988 = VERTEX_POINT ( 'NONE', #2632 ) ;
#2989 =( BOUNDED_CURVE ( )  B_SPLINE_CURVE ( 3, ( #5925, #3346, #7116, #230 ),
 .UNSPECIFIED., .F., .F. ) 
 B_SPLINE_CURVE_WITH_KNOTS ( ( 4, 4 ),
 ( 5.497787143782140618, 6.283185307179586232 ),
 .UNSPECIFIED. ) 
 CURVE ( )  GEOMETRIC_REPRESENTATION_ITEM ( )  RATIONAL_B_SPLINE_CURVE ( ( 1.000000000000000000, 0.9492530216741915661, 0.9492530216741915661, 1.000000000000000000 ) ) 
 REPRESENTATION_ITEM ( '' )  );
#2990 = ORIENTED_EDGE ( 'NONE', *, *, #4974, .F. ) ;
#2991 =( NAMED_UNIT ( * ) PLANE_ANGLE_UNIT ( ) SI_UNIT ( $, .RADIAN. ) );
#2992 = VERTEX_POINT ( 'NONE', #187 ) ;
#2993 = EDGE_CURVE ( 'NONE', #955, #1373, #4923, .T. ) ;
#2994 = CARTESIAN_POINT ( 'NONE',  ( 2.220000000000000195, 2.219999999999999307, 7.909999999999988596 ) ) ;
#2995 = CARTESIAN_POINT ( 'NONE',  ( -1.270000000000000462, 6.099999999999998757, 2.350000000000000089 ) ) ;
#2996 = LINE ( 'NONE', #6128, #5984 ) ;
#2997 = CARTESIAN_POINT ( 'NONE',  ( 0.3012548339959390531, 0.3012548339959383870, 8.016309119164537478 ) ) ;
#2998 = LINE ( 'NONE', #4127, #7536 ) ;
#2999 = FILL_AREA_STYLE ('',( #517 ) ) ;
#3000 = ORIENTED_EDGE ( 'NONE', *, *, #774, .F. ) ;
#3001 = DIRECTION ( 'NONE',  ( -8.470329472543003391E-17, 1.000000000000000000, 0.000000000000000000 ) ) ;
#3002 = ORIENTED_EDGE ( 'NONE', *, *, #1912, .F. ) ;
#3003 = AXIS2_PLACEMENT_3D ( 'NONE', #2179, #6088, #1557 ) ;
#3004 = CARTESIAN_POINT ( 'NONE',  ( -0.3012548339959390531, -0.3012548339959397747, 8.016309119164535701 ) ) ;
#3005 = ADVANCED_FACE ( 'NONE', ( #2255 ), #5921, .F. ) ;
#3006 = CARTESIAN_POINT ( 'NONE',  ( -0.3199999999999999512, 5.287150732346582060, 8.550000000000000711 ) ) ;
#3007 = STYLED_ITEM ( 'NONE', ( #668 ), #3540 ) ;
#3008 = CARTESIAN_POINT ( 'NONE',  ( 2.860000000000000320, 5.353200710532140860, -2.359999999999986997 ) ) ;
#3009 = VERTEX_POINT ( 'NONE', #4846 ) ;
#3010 = CARTESIAN_POINT ( 'NONE',  ( 3.709999999999999964, 5.870000000000000107, 0.6000000000000000888 ) ) ;
#3011 = ORIENTED_EDGE ( 'NONE', *, *, #1475, .F. ) ;
#3012 = EDGE_CURVE ( 'NONE', #2517, #7222, #226, .T. ) ;
#3013 = FILL_AREA_STYLE_COLOUR ( '', #7640 ) ;
#3014 = DIRECTION ( 'NONE',  ( 0.8660254037844387076, 0.4999999999999999445, 0.000000000000000000 ) ) ;
#3015 = ADVANCED_FACE ( 'NONE', ( #2760 ), #4214, .F. ) ;
#3016 = CARTESIAN_POINT ( 'NONE',  ( -0.3012548339959390531, 2.841254833995939144, -2.466309119164537655 ) ) ;
#3017 = DIRECTION ( 'NONE',  ( -0.9396926207859083169, 0.3420201433256690460, 0.000000000000000000 ) ) ;
#3018 = EDGE_LOOP ( 'NONE', ( #3338, #6843, #4270, #7083 ) ) ;
#3019 = FACE_OUTER_BOUND ( 'NONE', #2193, .T. ) ;
#3020 = DIRECTION ( 'NONE',  ( 0.000000000000000000, -0.9848077530122085754, 0.1736481776669273891 ) ) ;
#3021 = ADVANCED_FACE ( 'NONE', ( #4721 ), #4679, .F. ) ;
#3022 = CARTESIAN_POINT ( 'NONE',  ( 1.520000000000000462, 6.099999999999999645, 0.000000000000000000 ) ) ;
#3023 = PLANE ( 'NONE',  #4028 ) ;
#3024 = CARTESIAN_POINT ( 'NONE',  ( 0.3200000000000001177, 4.806799289467859282, 7.909999999999988596 ) ) ;
#3025 = ORIENTED_EDGE ( 'NONE', *, *, #794, .F. ) ;
#3026 = FACE_OUTER_BOUND ( 'NONE', #7928, .T. ) ;
#3027 = VERTEX_POINT ( 'NONE', #7932 ) ;
#3028 = CARTESIAN_POINT ( 'NONE',  ( 0.3012548339959392751, 2.841254833995939144, -2.466309119164536767 ) ) ;
#3029 = STYLED_ITEM ( 'NONE', ( #3077 ), #5158 ) ;
#3030 = VERTEX_POINT ( 'NONE', #390 ) ;
#3031 = CARTESIAN_POINT ( 'NONE',  ( -0.3134175730544421223, 2.250907905062563774, 7.947330798265292984 ) ) ;
#3032 = CARTESIAN_POINT ( 'NONE',  ( 0.2560000000000002274, -0.3200000000000006728, 7.909999999999988596 ) ) ;
#3033 = FACE_OUTER_BOUND ( 'NONE', #5607, .T. ) ;
#3034 =( GEOMETRIC_REPRESENTATION_CONTEXT ( 3 ) GLOBAL_UNCERTAINTY_ASSIGNED_CONTEXT ( ( #5474 ) ) GLOBAL_UNIT_ASSIGNED_CONTEXT ( ( #4892, #1039, #487 ) ) REPRESENTATION_CONTEXT ( 'NONE', 'WORKASPACE' ) );
#3035 = SURFACE_STYLE_FILL_AREA ( #2335 ) ;
#3036 = FILL_AREA_STYLE_COLOUR ( '', #1328 ) ;
#3037 = MECHANICAL_DESIGN_GEOMETRIC_PRESENTATION_REPRESENTATION (  '', ( #4651 ), #2786 ) ;
#3038 =( BOUNDED_CURVE ( )  B_SPLINE_CURVE ( 3, ( #6187, #3102, #7451, #8120 ),
 .UNSPECIFIED., .F., .F. ) 
 B_SPLINE_CURVE_WITH_KNOTS ( ( 4, 4 ),
 ( 8.470329472543023112E-16, 0.7853981633974480570 ),
 .UNSPECIFIED. ) 
 CURVE ( )  GEOMETRIC_REPRESENTATION_ITEM ( )  RATIONAL_B_SPLINE_CURVE ( ( 1.000000000000000000, 0.9492530216741912330, 0.9492530216741912330, 1.000000000000000000 ) ) 
 REPRESENTATION_ITEM ( '' )  );
#3039 = EDGE_CURVE ( 'NONE', #548, #3361, #1515, .T. ) ;
#3040 = CARTESIAN_POINT ( 'NONE',  ( 1.019999999999999796, -1.270000000000000240, 0.5999999999999999778 ) ) ;
#3041 = EDGE_LOOP ( 'NONE', ( #1962, #3443, #341, #926, #3881 ) ) ;
#3042 = ORIENTED_EDGE ( 'NONE', *, *, #8058, .F. ) ;
#3043 = VECTOR ( 'NONE', #7622, 1000.000000000000000 ) ;
#3044 = DIRECTION ( 'NONE',  ( 8.470329472543003391E-17, -1.000000000000000000, 0.000000000000000000 ) ) ;
#3045 = UNCERTAINTY_MEASURE_WITH_UNIT (LENGTH_MEASURE( 1.000000000000000082E-05 ), #1870, 'distance_accuracy_value', 'NONE');
#3046 = DIRECTION ( 'NONE',  ( -6.842277657836020854E-49, 5.078189165123089681E-17, -1.000000000000000000 ) ) ;
#3047 = LINE ( 'NONE', #4931, #4129 ) ;
#3048 = VERTEX_POINT ( 'NONE', #6575 ) ;
#3049 = CARTESIAN_POINT ( 'NONE',  ( -1.269999999999999574, -1.019999999999998908, 2.500000000000000000 ) ) ;
#3050 = EDGE_LOOP ( 'NONE', ( #6930, #1814, #6608, #1632, #4505, #3899 ) ) ;
#3051 = CARTESIAN_POINT ( 'NONE',  ( 3.310000000000000497, -1.270000000000000240, 2.500000000000000000 ) ) ;
#3052 = PRESENTATION_LAYER_ASSIGNMENT (  '', '', ( #4266 ) ) ;
#3053 = DIRECTION ( 'NONE',  ( 8.470329472543003391E-17, -1.000000000000000000, 0.000000000000000000 ) ) ;
#3054 = FILL_AREA_STYLE_COLOUR ( '', #3071 ) ;
#3055 = CARTESIAN_POINT ( 'NONE',  ( -1.169999999999998153, 6.099999999999998757, 0.5999999999999998668 ) ) ;
#3056 = VERTEX_POINT ( 'NONE', #2802 ) ;
#3057 =( GEOMETRIC_REPRESENTATION_CONTEXT ( 3 ) GLOBAL_UNCERTAINTY_ASSIGNED_CONTEXT ( ( #228 ) ) GLOBAL_UNIT_ASSIGNED_CONTEXT ( ( #835, #4265, #1158 ) ) REPRESENTATION_CONTEXT ( 'NONE', 'WORKASPACE' ) );
#3058 = PRESENTATION_LAYER_ASSIGNMENT (  '', '', ( #21 ) ) ;
#3059 = CARTESIAN_POINT ( 'NONE',  ( 0.000000000000000000, 0.000000000000000000, -3.000000000000000000 ) ) ;
#3060 = EDGE_CURVE ( 'NONE', #6614, #1976, #3505, .T. ) ;
#3061 = SURFACE_SIDE_STYLE ('',( #2450 ) ) ;
#3062 = DIRECTION ( 'NONE',  ( -0.5000000000000003331, -0.8660254037844383745, 0.000000000000000000 ) ) ;
#3063 = AXIS2_PLACEMENT_3D ( 'NONE', #590, #1138, #5655 ) ;
#3064 = LINE ( 'NONE', #8084, #3332 ) ;
#3065 = PRESENTATION_STYLE_ASSIGNMENT (( #3739 ) ) ;
#3066 = VERTEX_POINT ( 'NONE', #4089 ) ;
#3067 = EDGE_CURVE ( 'NONE', #1967, #5783, #1636, .T. ) ;
#3068 = ADVANCED_FACE ( 'NONE', ( #7224 ), #3461, .F. ) ;
#3069 = ORIENTED_EDGE ( 'NONE', *, *, #4000, .T. ) ;
#3070 = CARTESIAN_POINT ( 'NONE',  ( -0.3199999999999999512, 5.399999999999999467, 8.550000000000000711 ) ) ;
#3071 = COLOUR_RGB ( '',0.9686274509803921573, 0.8784313725490195957, 0.5999999999999999778 ) ;
#3072 = ORIENTED_EDGE ( 'NONE', *, *, #4403, .F. ) ;
#3073 = CARTESIAN_POINT ( 'NONE',  ( 2.338912788997920877, 2.741087211002078305, 8.584387938363944315 ) ) ;
#3074 = CARTESIAN_POINT ( 'NONE',  ( -0.3199999999999998956, -0.3200000000000001732, -2.359999999999988773 ) ) ;
#3075 = PRESENTATION_STYLE_ASSIGNMENT (( #4921 ) ) ;
#3076 = SURFACE_SIDE_STYLE ('',( #3035 ) ) ;
#3077 = PRESENTATION_STYLE_ASSIGNMENT (( #6287 ) ) ;
#3078 = MECHANICAL_DESIGN_GEOMETRIC_PRESENTATION_REPRESENTATION (  '', ( #5492 ), #3614 ) ;
#3079 = FACE_OUTER_BOUND ( 'NONE', #4761, .T. ) ;
#3080 = ORIENTED_EDGE ( 'NONE', *, *, #7473, .T. ) ;
#3081 = CARTESIAN_POINT ( 'NONE',  ( 0.3464101615137756829, -1.046666666666666856, 2.449999999999999734 ) ) ;
#3082 = EDGE_LOOP ( 'NONE', ( #1665, #58, #6162, #232 ) ) ;
#3083 = LINE ( 'NONE', #1657, #7218 ) ;
#3084 = CARTESIAN_POINT ( 'NONE',  ( 0.2104599683874044391, -1.269999999999991358, 1.753582719337716034 ) ) ;
#3085 = CARTESIAN_POINT ( 'NONE',  ( 1.520000000000000240, -1.270000000000000240, 0.4500000000000009548 ) ) ;
#3086 = VECTOR ( 'NONE', #1859, 1000.000000000000000 ) ;
#3087 =( BOUNDED_CURVE ( )  B_SPLINE_CURVE ( 3, ( #7486, #1237, #3008, #6833 ),
 .UNSPECIFIED., .F., .F. ) 
 B_SPLINE_CURVE_WITH_KNOTS ( ( 4, 4 ),
 ( 2.356194490192345281, 3.141592653589793116 ),
 .UNSPECIFIED. ) 
 CURVE ( )  GEOMETRIC_REPRESENTATION_ITEM ( )  RATIONAL_B_SPLINE_CURVE ( ( 1.000000000000000000, 0.9492530216741912330, 0.9492530216741912330, 1.000000000000000000 ) ) 
 REPRESENTATION_ITEM ( '' )  );
#3088 = PRESENTATION_LAYER_ASSIGNMENT (  '', '', ( #6675 ) ) ;
#3089 = CARTESIAN_POINT ( 'NONE',  ( 0.2061859094075594590, -1.270000000000001128, 1.756700574110172441 ) ) ;
#3090 = CARTESIAN_POINT ( 'NONE',  ( -0.1539821883141160863, -1.270000000000001128, 1.770144937862433654 ) ) ;
#3091 = CARTESIAN_POINT ( 'NONE',  ( 1.169999999999999707, -1.019999999999999130, 0.5999999999999998668 ) ) ;
#3092 = VERTEX_POINT ( 'NONE', #4996 ) ;
#3093 = CARTESIAN_POINT ( 'NONE',  ( 0.08156717307178730503, -1.245837934305053851, 1.091565657200894490 ) ) ;
#3094 = MECHANICAL_DESIGN_GEOMETRIC_PRESENTATION_REPRESENTATION (  '', ( #6683 ), #6422 ) ;
#3095 = ORIENTED_EDGE ( 'NONE', *, *, #1054, .T. ) ;
#3096 =( GEOMETRIC_REPRESENTATION_CONTEXT ( 3 ) GLOBAL_UNCERTAINTY_ASSIGNED_CONTEXT ( ( #7200 ) ) GLOBAL_UNIT_ASSIGNED_CONTEXT ( ( #1186, #4424, #6983 ) ) REPRESENTATION_CONTEXT ( 'NONE', 'WORKASPACE' ) );
#3097 = CARTESIAN_POINT ( 'NONE',  ( 0.3200000000000001177, 2.283999999999999808, -2.359999999999988773 ) ) ;
#3098 = CARTESIAN_POINT ( 'NONE',  ( 2.860000000000000320, -0.2071507323465826833, 8.550000000000000711 ) ) ;
#3099 = CARTESIAN_POINT ( 'NONE',  ( 0.1841118460939503987, -1.169999999999998597, 1.804131856196693029 ) ) ;
#3100 = LINE ( 'NONE', #7367, #2283 ) ;
#3101 =( GEOMETRIC_REPRESENTATION_CONTEXT ( 3 ) GLOBAL_UNCERTAINTY_ASSIGNED_CONTEXT ( ( #1812 ) ) GLOBAL_UNIT_ASSIGNED_CONTEXT ( ( #2750, #3328, #5909 ) ) REPRESENTATION_CONTEXT ( 'NONE', 'WORKASPACE' ) );
#3102 = CARTESIAN_POINT ( 'NONE',  ( 0.2732007105321403451, 2.219999999999999307, 7.909999999999986819 ) ) ;
#3103 = VERTEX_POINT ( 'NONE', #513 ) ;
#3104 = CARTESIAN_POINT ( 'NONE',  ( 2.238745166004060927, 5.381254833995938291, 8.016309119164535701 ) ) ;
#3105 = COLOUR_RGB ( '',0.9686274509803921573, 0.8784313725490195957, 0.5999999999999999778 ) ;
#3106 = CARTESIAN_POINT ( 'NONE',  ( 2.860000000000000320, 2.795999999999999375, 7.909999999999988596 ) ) ;
#3107 = CARTESIAN_POINT ( 'NONE',  ( 0.2560000000000002274, 2.219999999999999751, -2.359999999999988773 ) ) ;
#3108 = EDGE_CURVE ( 'NONE', #3027, #5793, #437, .T. ) ;
#3109 =( NAMED_UNIT ( * ) PLANE_ANGLE_UNIT ( ) SI_UNIT ( $, .RADIAN. ) );
#3110 = CARTESIAN_POINT ( 'NONE',  ( 0.3012548339959392751, 4.778745166004060074, 8.016309119164535701 ) ) ;
#3111 = STYLED_ITEM ( 'NONE', ( #7074 ), #2470 ) ;
#3112 = ORIENTED_EDGE ( 'NONE', *, *, #2400, .F. ) ;
#3113 = DIRECTION ( 'NONE',  ( 0.000000000000000000, -0.000000000000000000, -1.000000000000000000 ) ) ;
#3114 = ORIENTED_EDGE ( 'NONE', *, *, #975, .F. ) ;
#3115 = EDGE_LOOP ( 'NONE', ( #6014, #4968, #5309, #1599 ) ) ;
#3116 = DIRECTION ( 'NONE',  ( -1.000000000000000000, 0.000000000000000000, 0.000000000000000000 ) ) ;
#3117 = CARTESIAN_POINT ( 'NONE',  ( -1.019999999999999796, 5.870000000000000107, 0.6000000000000000888 ) ) ;
#3118 = DIRECTION ( 'NONE',  ( 0.000000000000000000, 5.078189165123089681E-17, -1.000000000000000000 ) ) ;
#3119 = EDGE_CURVE ( 'NONE', #3230, #7605, #2333, .T. ) ;
#3120 = DIRECTION ( 'NONE',  ( -0.000000000000000000, 1.000000000000000000, 0.000000000000000000 ) ) ;
#3121 = SURFACE_STYLE_FILL_AREA ( #7514 ) ;
#3122 = SURFACE_SIDE_STYLE ('',( #6328 ) ) ;
#3123 = ORIENTED_EDGE ( 'NONE', *, *, #380, .F. ) ;
#3124 = CARTESIAN_POINT ( 'NONE',  ( 2.332849267653417602, 0.2071507323465822670, -3.000000000000000000 ) ) ;
#3125 = ORIENTED_EDGE ( 'NONE', *, *, #7134, .T. ) ;
#3126 = FILL_AREA_STYLE ('',( #5405 ) ) ;
#3127 = CARTESIAN_POINT ( 'NONE',  ( 0.1969625335676270794, -1.269999999999991358, 1.761663957567183303 ) ) ;
#3128 = CARTESIAN_POINT ( 'NONE',  ( 1.270000000000000462, -1.019999999999998908, 2.500000000000000000 ) ) ;
#3129 = UNCERTAINTY_MEASURE_WITH_UNIT (LENGTH_MEASURE( 1.000000000000000082E-05 ), #5567, 'distance_accuracy_value', 'NONE');
#3130 = MECHANICAL_DESIGN_GEOMETRIC_PRESENTATION_REPRESENTATION (  '', ( #3519 ), #221 ) ;
#3131 = CARTESIAN_POINT ( 'NONE',  ( 0.2640549167020752597, -1.190006761748994002, 0.8482684769003999703 ) ) ;
#3132 = EDGE_CURVE ( 'NONE', #6004, #510, #7556, .T. ) ;
#3133 = SURFACE_STYLE_USAGE ( .BOTH. , #5178 ) ;
#3134 = CARTESIAN_POINT ( 'NONE',  ( -0.2349648623439420381, -1.270000000000000906, 1.458559114078988861 ) ) ;
#3135 = ORIENTED_EDGE ( 'NONE', *, *, #1974, .F. ) ;
#3136 = SURFACE_STYLE_FILL_AREA ( #5522 ) ;
#3137 = ORIENTED_EDGE ( 'NONE', *, *, #937, .F. ) ;
#3138 = DIRECTION ( 'NONE',  ( -0.000000000000000000, 0.9848077530122085754, 0.1736481776669278887 ) ) ;
#3139 = VECTOR ( 'NONE', #4333, 1000.000000000000000 ) ;
#3140 = VERTEX_POINT ( 'NONE', #6283 ) ;
#3141 = FACE_OUTER_BOUND ( 'NONE', #6695, .T. ) ;
#3142 = CARTESIAN_POINT ( 'NONE',  ( 0.2609695734685943402, -1.198483672614249596, 1.100663097109698452 ) ) ;
#3143 = DIRECTION ( 'NONE',  ( -6.842277657836020854E-49, 5.078189165123089681E-17, -1.000000000000000000 ) ) ;
#3144 = DIRECTION ( 'NONE',  ( 0.9848077530122085754, 8.341646135128160883E-17, 0.1736481776669278332 ) ) ;
#3145 = COLOUR_RGB ( '',0.9686274509803921573, 0.8784313725490195957, 0.5999999999999999778 ) ;
#3146 = EDGE_CURVE ( 'NONE', #8143, #2780, #1053, .T. ) ;
#3147 = FILL_AREA_STYLE ('',( #4321 ) ) ;
#3148 = ORIENTED_EDGE ( 'NONE', *, *, #2971, .T. ) ;
#3149 = FILL_AREA_STYLE ('',( #2529 ) ) ;
#3150 = CARTESIAN_POINT ( 'NONE',  ( 0.2344989567605761938, -1.270000000000000906, 0.8383569884989860999 ) ) ;
#3151 = LINE ( 'NONE', #2531, #5482 ) ;
#3152 = EDGE_LOOP ( 'NONE', ( #8053, #3978, #1906, #7391 ) ) ;
#3153 = PRESENTATION_STYLE_ASSIGNMENT (( #630 ) ) ;
#3154 = ORIENTED_EDGE ( 'NONE', *, *, #2575, .T. ) ;
#3155 = COLOUR_RGB ( '',1.000000000000000000, 0.000000000000000000, 0.000000000000000000 ) ;
#3156 = SURFACE_STYLE_FILL_AREA ( #596 ) ;
#3157 = VERTEX_POINT ( 'NONE', #6893 ) ;
#3158 = CARTESIAN_POINT ( 'NONE',  ( 0.3012548339959391641, -0.3012548339959392751, -2.466309119164537655 ) ) ;
#3159 = LINE ( 'NONE', #3290, #6523 ) ;
#3160 = LINE ( 'NONE', #641, #8192 ) ;
#3161 = EDGE_CURVE ( 'NONE', #4818, #1939, #7510, .T. ) ;
#3162 =( GEOMETRIC_REPRESENTATION_CONTEXT ( 3 ) GLOBAL_UNCERTAINTY_ASSIGNED_CONTEXT ( ( #4310 ) ) GLOBAL_UNIT_ASSIGNED_CONTEXT ( ( #6778, #4924, #7978 ) ) REPRESENTATION_CONTEXT ( 'NONE', 'WORKASPACE' ) );
#3163 = ORIENTED_EDGE ( 'NONE', *, *, #3411, .T. ) ;
#3164 = DIRECTION ( 'NONE',  ( 0.000000000000000000, 1.000000000000000000, 0.000000000000000000 ) ) ;
#3165 = ORIENTED_EDGE ( 'NONE', *, *, #3553, .F. ) ;
#3166 = CARTESIAN_POINT ( 'NONE',  ( 2.238745166004060927, 2.841254833995939144, -2.466309119164537655 ) ) ;
#3167 =( LENGTH_UNIT ( ) NAMED_UNIT ( * ) SI_UNIT ( .MILLI., .METRE. ) );
#3168 = DIRECTION ( 'NONE',  ( 0.000000000000000000, 0.000000000000000000, -1.000000000000000000 ) ) ;
#3169 = VECTOR ( 'NONE', #2236, 1000.000000000000000 ) ;
#3170 = PRESENTATION_STYLE_ASSIGNMENT (( #3133 ) ) ;
#3171 = CARTESIAN_POINT ( 'NONE',  ( -0.2785596718136650884, -1.149999999999999245, 1.455843592248305507 ) ) ;
#3172 = PRESENTATION_LAYER_ASSIGNMENT (  '', '', ( #5949 ) ) ;
#3173 = ORIENTED_EDGE ( 'NONE', *, *, #7631, .T. ) ;
#3174 = FACE_OUTER_BOUND ( 'NONE', #282, .T. ) ;
#3175 = VERTEX_POINT ( 'NONE', #6820 ) ;
#3176 = EDGE_CURVE ( 'NONE', #3027, #7207, #5585, .T. ) ;
#3177 = DIRECTION ( 'NONE',  ( -0.9848077530122085754, -8.341646135128160883E-17, 0.1736481776669278332 ) ) ;
#3178 = AXIS2_PLACEMENT_3D ( 'NONE', #4443, #4316, #6912 ) ;
#3179 = ORIENTED_EDGE ( 'NONE', *, *, #2883, .T. ) ;
#3180 = EDGE_CURVE ( 'NONE', #5480, #3385, #4295, .T. ) ;
#3181 = FACE_OUTER_BOUND ( 'NONE', #3304, .T. ) ;
#3182 = CARTESIAN_POINT ( 'NONE',  ( 2.853417573054442435, 4.790907905062564254, -2.397330798265291385 ) ) ;
#3183 = DIRECTION ( 'NONE',  ( 0.000000000000000000, -0.000000000000000000, -1.000000000000000000 ) ) ;
#3184 = DIRECTION ( 'NONE',  ( 0.9848077530122085754, 8.341646135128160883E-17, 0.1736481776669278332 ) ) ;
#3185 = VECTOR ( 'NONE', #601, 999.9999999999998863 ) ;
#3186 = CARTESIAN_POINT ( 'NONE',  ( 0.2712904061344594830, -1.169999999999999929, 1.101844312593097230 ) ) ;
#3187 = ORIENTED_EDGE ( 'NONE', *, *, #1727, .T. ) ;
#3188 = DIRECTION ( 'NONE',  ( -0.7071067811865459074, -0.7071067811865491270, -0.000000000000000000 ) ) ;
#3189 = EDGE_CURVE ( 'NONE', #7101, #5409, #1841, .T. ) ;
#3190 = DIRECTION ( 'NONE',  ( -1.000000000000000000, -0.000000000000000000, 0.000000000000000000 ) ) ;
#3191 = CARTESIAN_POINT ( 'NONE',  ( 0.2069451709529500638, -1.270000000000001128, 0.7832384112981745083 ) ) ;
#3192 = CARTESIAN_POINT ( 'NONE',  ( 2.283999999999999808, 2.859999999999999876, 7.909999999999988596 ) ) ;
#3193 = VECTOR ( 'NONE', #6100, 1000.000000000000000 ) ;
#3194 = VECTOR ( 'NONE', #5828, 1000.000000000000000 ) ;
#3195 = ORIENTED_EDGE ( 'NONE', *, *, #6845, .T. ) ;
#3196 = FILL_AREA_STYLE ('',( #6929 ) ) ;
#3197 = ORIENTED_EDGE ( 'NONE', *, *, #5248, .T. ) ;
#3198 = PRESENTATION_LAYER_ASSIGNMENT (  '', '', ( #5866 ) ) ;
#3199 = CARTESIAN_POINT ( 'NONE',  ( 1.770000000000000462, -1.270000000000000018, 0.000000000000000000 ) ) ;
#3200 = ORIENTED_EDGE ( 'NONE', *, *, #5961, .T. ) ;
#3201 = CARTESIAN_POINT ( 'NONE',  ( 2.266799289467859246, 2.219999999999999751, -2.359999999999989218 ) ) ;
#3202 = SURFACE_STYLE_USAGE ( .BOTH. , #2540 ) ;
#3203 = DIRECTION ( 'NONE',  ( -8.470329472543003391E-17, 1.000000000000000000, 0.000000000000000000 ) ) ;
#3204 = VECTOR ( 'NONE', #1985, 1000.000000000000000 ) ;
#3205 = CARTESIAN_POINT ( 'NONE',  ( 0.3200000000000000622, 5.399999999999999467, 7.909999999999988596 ) ) ;
#3206 = LINE ( 'NONE', #4550, #2025 ) ;
#3207 = FILL_AREA_STYLE ('',( #686 ) ) ;
#3208 = MECHANICAL_DESIGN_GEOMETRIC_PRESENTATION_REPRESENTATION (  '', ( #6261 ), #3740 ) ;
#3209 = VECTOR ( 'NONE', #1971, 1000.000000000000000 ) ;
#3210 = ORIENTED_EDGE ( 'NONE', *, *, #3904, .T. ) ;
#3211 = CARTESIAN_POINT ( 'NONE',  ( 0.2560000000000001719, 4.823999999999998956, 8.550000000000000711 ) ) ;
#3212 = ORIENTED_EDGE ( 'NONE', *, *, #4059, .T. ) ;
#3213 = COLOUR_RGB ( '',0.9686274509803921573, 0.8784313725490195957, 0.5999999999999999778 ) ;
#3214 = CARTESIAN_POINT ( 'NONE',  ( -1.844060638937531037E-16, -1.169999999999999929, 1.806397023426620674 ) ) ;
#3215 =( BOUNDED_CURVE ( )  B_SPLINE_CURVE ( 3, ( #1617, #4075, #2783, #2083 ),
 .UNSPECIFIED., .F., .F. ) 
 B_SPLINE_CURVE_WITH_KNOTS ( ( 4, 4 ),
 ( 2.356194490192346169, 3.141592653589793116 ),
 .UNSPECIFIED. ) 
 CURVE ( )  GEOMETRIC_REPRESENTATION_ITEM ( )  RATIONAL_B_SPLINE_CURVE ( ( 1.000000000000000000, 0.9492530216741912330, 0.9492530216741912330, 1.000000000000000000 ) ) 
 REPRESENTATION_ITEM ( '' )  );
#3216 = CARTESIAN_POINT ( 'NONE',  ( 0.09036144578313230757, -1.270000000000000018, 1.095301204819277396 ) ) ;
#3217 = FACE_OUTER_BOUND ( 'NONE', #3405, .T. ) ;
#3218 = UNCERTAINTY_MEASURE_WITH_UNIT (LENGTH_MEASURE( 1.000000000000000082E-05 ), #345, 'distance_accuracy_value', 'NONE');
#3219 = LINE ( 'NONE', #2102, #5198 ) ;
#3220 = CARTESIAN_POINT ( 'NONE',  ( 0.2349397590361441135, -1.270000000000000906, 1.692439759036144631 ) ) ;
#3221 = EDGE_CURVE ( 'NONE', #6246, #6134, #1205, .T. ) ;
#3222 = CARTESIAN_POINT ( 'NONE',  ( -0.2350737980701102792, -1.149999999999998801, 1.348647269102985380 ) ) ;
#3223 = VECTOR ( 'NONE', #5901, 1000.000000000000000 ) ;
#3224 = AXIS2_PLACEMENT_3D ( 'NONE', #7718, #1419, #4590 ) ;
#3225 = VERTEX_POINT ( 'NONE', #3032 ) ;
#3226 = LINE ( 'NONE', #22, #2570 ) ;
#3227 = ORIENTED_EDGE ( 'NONE', *, *, #2462, .F. ) ;
#3228 = EDGE_CURVE ( 'NONE', #2029, #1602, #7468, .T. ) ;
#3229 = LINE ( 'NONE', #7702, #7450 ) ;
#3230 = VERTEX_POINT ( 'NONE', #1182 ) ;
#3231 = STYLED_ITEM ( 'NONE', ( #1006 ), #1117 ) ;
#3232 = VECTOR ( 'NONE', #4627, 1000.000000000000000 ) ;
#3233 = PRESENTATION_STYLE_ASSIGNMENT (( #751 ) ) ;
#3234 = PLANE ( 'NONE',  #7512 ) ;
#3235 =( NAMED_UNIT ( * ) SI_UNIT ( $, .STERADIAN. ) SOLID_ANGLE_UNIT ( ) );
#3236 = AXIS2_PLACEMENT_3D ( 'NONE', #6582, #915, #7862 ) ;
#3237 = DIRECTION ( 'NONE',  ( -0.7196877547425332144, -3.040079326765205562E-16, 0.6942978724392372403 ) ) ;
#3238 = ORIENTED_EDGE ( 'NONE', *, *, #1817, .F. ) ;
#3239 = CARTESIAN_POINT ( 'NONE',  ( 2.238745166004060927, 5.381254833995939180, -2.466309119164537655 ) ) ;
#3240 = EDGE_CURVE ( 'NONE', #6984, #3428, #2053, .T. ) ;
#3241 = ORIENTED_EDGE ( 'NONE', *, *, #5277, .F. ) ;
#3242 = COLOUR_RGB ( '',0.9686274509803921573, 0.8784313725490195957, 0.5999999999999999778 ) ;
#3243 = ORIENTED_EDGE ( 'NONE', *, *, #7125, .T. ) ;
#3244 = FACE_OUTER_BOUND ( 'NONE', #5865, .T. ) ;
#3245 = LINE ( 'NONE', #5202, #4951 ) ;
#3246 = CARTESIAN_POINT ( 'NONE',  ( 1.019999999999999796, -0.000000000000000000, 0.000000000000000000 ) ) ;
#3247 = CARTESIAN_POINT ( 'NONE',  ( -0.2397902344251244822, -1.256673428368206391, 0.8487764478203847496 ) ) ;
#3248 = CARTESIAN_POINT ( 'NONE',  ( 2.220000000000000639, 4.806799289467859282, 7.909999999999988596 ) ) ;
#3249 = VECTOR ( 'NONE', #5458, 1000.000000000000000 ) ;
#3250 = LINE ( 'NONE', #5667, #4106 ) ;
#3251 = DIRECTION ( 'NONE',  ( 8.470329472543003391E-17, -1.000000000000000000, 0.000000000000000000 ) ) ;
#3252 = VERTEX_POINT ( 'NONE', #683 ) ;
#3253 = CARTESIAN_POINT ( 'NONE',  ( 2.220000000000000195, 4.760000000000000675, -2.359999999999988773 ) ) ;
#3254 = ORIENTED_EDGE ( 'NONE', *, *, #7128, .F. ) ;
#3255 = LINE ( 'NONE', #2062, #4594 ) ;
#3256 = CARTESIAN_POINT ( 'NONE',  ( 0.2349397590361443910, -1.270000000000000018, 1.456746987951807348 ) ) ;
#3257 = DIRECTION ( 'NONE',  ( -6.842277657836020854E-49, 5.078189165123089681E-17, -1.000000000000000000 ) ) ;
#3258 = LINE ( 'NONE', #608, #4110 ) ;
#3259 = DIRECTION ( 'NONE',  ( 1.000000000000000000, 0.000000000000000000, -0.000000000000000000 ) ) ;
#3260 = CARTESIAN_POINT ( 'NONE',  ( 0.2344867770528464568, -1.270000000000000906, 1.702869330121559832 ) ) ;
#3261 = CARTESIAN_POINT ( 'NONE',  ( -0.2675450665421189034, -1.149999999999998801, 1.751173972335641205 ) ) ;
#3262 = ORIENTED_EDGE ( 'NONE', *, *, #3855, .F. ) ;
#3263 = CARTESIAN_POINT ( 'NONE',  ( 3.810000000000000053, 5.870000000000000107, 0.6000000000000000888 ) ) ;
#3264 = ORIENTED_EDGE ( 'NONE', *, *, #4010, .T. ) ;
#3265 = SURFACE_SIDE_STYLE ('',( #6427 ) ) ;
#3266 = ORIENTED_EDGE ( 'NONE', *, *, #6169, .T. ) ;
#3267 =( BOUNDED_CURVE ( )  B_SPLINE_CURVE ( 3, ( #8180, #6207, #2511, #3004 ),
 .UNSPECIFIED., .F., .F. ) 
 B_SPLINE_CURVE_WITH_KNOTS ( ( 4, 4 ),
 ( -8.881784197001252323E-16, 0.7853981633974439491 ),
 .UNSPECIFIED. ) 
 CURVE ( )  GEOMETRIC_REPRESENTATION_ITEM ( )  RATIONAL_B_SPLINE_CURVE ( ( 1.000000000000000000, 0.9492530216741915661, 0.9492530216741915661, 1.000000000000000000 ) ) 
 REPRESENTATION_ITEM ( '' )  );
#3268 = EDGE_CURVE ( 'NONE', #5849, #7663, #1311, .T. ) ;
#3269 = CARTESIAN_POINT ( 'NONE',  ( 2.841254833995939144, 4.778745166004060962, -2.466309119164537655 ) ) ;
#3270 = CARTESIAN_POINT ( 'NONE',  ( -0.2660277198773493557, -1.184586529571901137, 1.457276013884453825 ) ) ;
#3271 = SURFACE_SIDE_STYLE ('',( #4366 ) ) ;
#3272 = SURFACE_SIDE_STYLE ('',( #6435 ) ) ;
#3273 = ORIENTED_EDGE ( 'NONE', *, *, #7473, .F. ) ;
#3274 =( LENGTH_UNIT ( ) NAMED_UNIT ( * ) SI_UNIT ( .MILLI., .METRE. ) );
#3275 =( NAMED_UNIT ( * ) PLANE_ANGLE_UNIT ( ) SI_UNIT ( $, .RADIAN. ) );
#3276 = MECHANICAL_DESIGN_GEOMETRIC_PRESENTATION_REPRESENTATION (  '', ( #2751 ), #1418 ) ;
#3277 = SURFACE_STYLE_USAGE ( .BOTH. , #761 ) ;
#3278 = DIRECTION ( 'NONE',  ( 4.224164308385081333E-16, -1.000000000000000000, -0.000000000000000000 ) ) ;
#3279 = EDGE_CURVE ( 'NONE', #1081, #873, #2622, .T. ) ;
#3280 = FILL_AREA_STYLE_COLOUR ( '', #7056 ) ;
#3281 = ORIENTED_EDGE ( 'NONE', *, *, #8191, .T. ) ;
#3282 = CARTESIAN_POINT ( 'NONE',  ( 1.520000000000000240, -1.270000000000000240, 0.5999999999999999778 ) ) ;
#3283 = EDGE_CURVE ( 'NONE', #2964, #1781, #4465, .T. ) ;
#3284 = SURFACE_STYLE_FILL_AREA ( #850 ) ;
#3285 = EDGE_CURVE ( 'NONE', #7296, #6742, #3922, .T. ) ;
#3286 = FILL_AREA_STYLE_COLOUR ( '', #898 ) ;
#3287 = PRESENTATION_STYLE_ASSIGNMENT (( #1386 ) ) ;
#3288 = CYLINDRICAL_SURFACE ( 'NONE', #421, 0.06399999999999982092 ) ;
#3289 = MECHANICAL_DESIGN_GEOMETRIC_PRESENTATION_REPRESENTATION (  '', ( #4358 ), #5290 ) ;
#3290 = CARTESIAN_POINT ( 'NONE',  ( -0.3199999999999998956, 2.283999999999999364, 8.550000000000000711 ) ) ;
#3291 = CARTESIAN_POINT ( 'NONE',  ( -0.2890920949374357618, -0.3134175730544429550, 7.947330798265291207 ) ) ;
#3292 = CARTESIAN_POINT ( 'NONE',  ( -0.2559999999999999498, -0.3200000000000001732, -2.359999999999988773 ) ) ;
#3293 = VERTEX_POINT ( 'NONE', #5084 ) ;
#3294 = CARTESIAN_POINT ( 'NONE',  ( 2.238745166004060927, 2.238745166004060039, 8.016309119164535701 ) ) ;
#3295 = ORIENTED_EDGE ( 'NONE', *, *, #4558, .F. ) ;
#3296 = CARTESIAN_POINT ( 'NONE',  ( 0.3200000000000000622, 2.859999999999999876, -2.359999999999988773 ) ) ;
#3297 =( LENGTH_UNIT ( ) NAMED_UNIT ( * ) SI_UNIT ( .MILLI., .METRE. ) );
#3298 = DIRECTION ( 'NONE',  ( -8.470329472543003391E-17, 1.000000000000000000, 0.000000000000000000 ) ) ;
#3299 = UNCERTAINTY_MEASURE_WITH_UNIT (LENGTH_MEASURE( 1.000000000000000082E-05 ), #8127, 'distance_accuracy_value', 'NONE');
#3300 = CARTESIAN_POINT ( 'NONE',  ( 2.860000000000000764, 4.806799289467859282, 7.909999999999988596 ) ) ;
#3301 = ADVANCED_FACE ( 'NONE', ( #768 ), #5788, .T. ) ;
#3302 = FACE_OUTER_BOUND ( 'NONE', #7574, .T. ) ;
#3303 = CARTESIAN_POINT ( 'NONE',  ( 2.332849267653418046, -0.3200000000000007283, 8.550000000000000711 ) ) ;
#3304 = EDGE_LOOP ( 'NONE', ( #6732, #1352, #3610, #2886, #7531, #7745 ) ) ;
#3305 = PLANE ( 'NONE',  #2049 ) ;
#3306 = ORIENTED_EDGE ( 'NONE', *, *, #391, .T. ) ;
#3307 = LINE ( 'NONE', #2559, #2701 ) ;
#3308 = VERTEX_POINT ( 'NONE', #1420 ) ;
#3309 = VECTOR ( 'NONE', #394, 1000.000000000000000 ) ;
#3310 = SURFACE_SIDE_STYLE ('',( #4731 ) ) ;
#3311 = CARTESIAN_POINT ( 'NONE',  ( -0.2349397590361448074, -1.270000000000000018, 1.458064759036144631 ) ) ;
#3312 = MECHANICAL_DESIGN_GEOMETRIC_PRESENTATION_REPRESENTATION (  '', ( #4776 ), #5969 ) ;
#3313 = DIRECTION ( 'NONE',  ( 0.000000000000000000, -0.9848077530122085754, 0.1736481776669278054 ) ) ;
#3314 = CARTESIAN_POINT ( 'NONE',  ( 2.796000000000000263, -0.3200000000000001732, -2.359999999999988773 ) ) ;
#3315 = VECTOR ( 'NONE', #249, 999.9999999999998863 ) ;
#3316 =( BOUNDED_CURVE ( )  B_SPLINE_CURVE ( 3, ( #3110, #4326, #3024, #7502 ),
 .UNSPECIFIED., .F., .F. ) 
 B_SPLINE_CURVE_WITH_KNOTS ( ( 4, 4 ),
 ( 5.497787143782140618, 6.283185307179586232 ),
 .UNSPECIFIED. ) 
 CURVE ( )  GEOMETRIC_REPRESENTATION_ITEM ( )  RATIONAL_B_SPLINE_CURVE ( ( 1.000000000000000000, 0.9492530216741915661, 0.9492530216741915661, 1.000000000000000000 ) ) 
 REPRESENTATION_ITEM ( '' )  );
#3317 = CARTESIAN_POINT ( 'NONE',  ( -0.3199999999999999512, 0.3199999999999993405, 8.550000000000000711 ) ) ;
#3318 = ORIENTED_EDGE ( 'NONE', *, *, #3189, .F. ) ;
#3319 = DIRECTION ( 'NONE',  ( 0.000000000000000000, 0.000000000000000000, 1.000000000000000000 ) ) ;
#3320 = VECTOR ( 'NONE', #3515, 1000.000000000000000 ) ;
#3321 = CYLINDRICAL_SURFACE ( 'NONE', #4131, 0.06399999999999982092 ) ;
#3322 = CARTESIAN_POINT ( 'NONE',  ( 0.2773257890756579136, -1.149999999999998357, 0.8205927532368659794 ) ) ;
#3323 = LINE ( 'NONE', #5739, #4942 ) ;
#3324 = ADVANCED_FACE ( 'NONE', ( #7683 ), #2091, .F. ) ;
#3325 = ORIENTED_EDGE ( 'NONE', *, *, #2623, .T. ) ;
#3326 = AXIS2_PLACEMENT_3D ( 'NONE', #1354, #3257, #1471 ) ;
#3327 = ADVANCED_FACE ( 'NONE', ( #4045 ), #7141, .F. ) ;
#3328 =( NAMED_UNIT ( * ) PLANE_ANGLE_UNIT ( ) SI_UNIT ( $, .RADIAN. ) );
#3329 = CARTESIAN_POINT ( 'NONE',  ( 1.520000000000000240, 5.870000000000000107, 0.4500000000000009548 ) ) ;
#3330 = FILL_AREA_STYLE_COLOUR ( '', #6588 ) ;
#3331 = PRESENTATION_STYLE_ASSIGNMENT (( #810 ) ) ;
#3332 = VECTOR ( 'NONE', #545, 1000.000000000000000 ) ;
#3333 = VECTOR ( 'NONE', #4081, 1000.000000000000000 ) ;
#3334 = DIRECTION ( 'NONE',  ( -0.000000000000000000, 0.000000000000000000, 1.000000000000000000 ) ) ;
#3335 = CARTESIAN_POINT ( 'NONE',  ( -0.3199999999999999512, 2.859999999999999876, 8.550000000000000711 ) ) ;
#3336 = EDGE_CURVE ( 'NONE', #7538, #1362, #1459, .T. ) ;
#3337 = SURFACE_SIDE_STYLE ('',( #4084 ) ) ;
#3338 = ORIENTED_EDGE ( 'NONE', *, *, #2729, .T. ) ;
#3339 = MECHANICAL_DESIGN_GEOMETRIC_PRESENTATION_REPRESENTATION (  '', ( #21 ), #5337 ) ;
#3340 = ORIENTED_EDGE ( 'NONE', *, *, #85, .F. ) ;
#3341 = EDGE_CURVE ( 'NONE', #5620, #4726, #301, .T. ) ;
#3342 = CARTESIAN_POINT ( 'NONE',  ( 2.283999999999999808, 2.860000000000000320, -2.359999999999988773 ) ) ;
#3343 = FILL_AREA_STYLE ('',( #1429 ) ) ;
#3344 = CARTESIAN_POINT ( 'NONE',  ( 0.2890920949374359283, 2.853417573054441103, -2.397330798265292717 ) ) ;
#3345 = LINE ( 'NONE', #4559, #5307 ) ;
#3346 = CARTESIAN_POINT ( 'NONE',  ( 2.829092094937436297, 5.393417573054440695, 7.947330798265292984 ) ) ;
#3347 = CARTESIAN_POINT ( 'NONE',  ( 0.3012548339959392751, 5.381254833995939180, -2.466309119164536767 ) ) ;
#3348 = VECTOR ( 'NONE', #1765, 1000.000000000000000 ) ;
#3349 = EDGE_CURVE ( 'NONE', #1794, #933, #6639, .T. ) ;
#3350 = ORIENTED_EDGE ( 'NONE', *, *, #3843, .F. ) ;
#3351 = VERTEX_POINT ( 'NONE', #7962 ) ;
#3352 = ORIENTED_EDGE ( 'NONE', *, *, #6541, .F. ) ;
#3353 = VECTOR ( 'NONE', #6842, 1000.000000000000000 ) ;
#3354 = CARTESIAN_POINT ( 'NONE',  ( 0.000000000000000000, 2.747150732346582469, -3.000000000000000000 ) ) ;
#3355 = CARTESIAN_POINT ( 'NONE',  ( -0.2338056406508166596, -1.269999999999985585, 0.8276727744746807947 ) ) ;
#3356 = VECTOR ( 'NONE', #2668, 1000.000000000000000 ) ;
#3357 = STYLED_ITEM ( 'NONE', ( #3170 ), #4862 ) ;
#3358 = CYLINDRICAL_SURFACE ( 'NONE', #445, 0.06399999999999982092 ) ;
#3359 =( NAMED_UNIT ( * ) PLANE_ANGLE_UNIT ( ) SI_UNIT ( $, .RADIAN. ) );
#3360 = CARTESIAN_POINT ( 'NONE',  ( -1.169999999999998153, -0.7900000000000003686, 0.6000000000000000888 ) ) ;
#3361 = VERTEX_POINT ( 'NONE', #2128 ) ;
#3362 = SURFACE_STYLE_USAGE ( .BOTH. , #5742 ) ;
#3363 = AXIS2_PLACEMENT_3D ( 'NONE', #44, #7505, #7792 ) ;
#3364 = VECTOR ( 'NONE', #795, 1000.000000000000114 ) ;
#3365 =( LENGTH_UNIT ( ) NAMED_UNIT ( * ) SI_UNIT ( .MILLI., .METRE. ) );
#3366 = CARTESIAN_POINT ( 'NONE',  ( 2.860000000000000320, -0.2560000000000007825, 7.909999999999988596 ) ) ;
#3367 = CARTESIAN_POINT ( 'NONE',  ( -0.3199999999999999512, 5.336000000000000298, -2.359999999999988773 ) ) ;
#3368 = DIRECTION ( 'NONE',  ( 1.000000000000000000, 0.000000000000000000, 0.000000000000000000 ) ) ;
#3369 = CARTESIAN_POINT ( 'NONE',  ( 0.3200000000000000622, 5.336000000000000298, -2.359999999999988773 ) ) ;
#3370 =( BOUNDED_CURVE ( )  B_SPLINE_CURVE ( 3, ( #7620, #1403, #4484, #2682 ),
 .UNSPECIFIED., .F., .F. ) 
 B_SPLINE_CURVE_WITH_KNOTS ( ( 4, 4 ),
 ( 4.653770160119203250E-16, 0.7853981633974501664 ),
 .UNSPECIFIED. ) 
 CURVE ( )  GEOMETRIC_REPRESENTATION_ITEM ( )  RATIONAL_B_SPLINE_CURVE ( ( 1.000000000000000000, 0.9492530216741910110, 0.9492530216741910110, 1.000000000000000000 ) ) 
 REPRESENTATION_ITEM ( '' )  );
#3371 =( GEOMETRIC_REPRESENTATION_CONTEXT ( 3 ) GLOBAL_UNCERTAINTY_ASSIGNED_CONTEXT ( ( #1407 ) ) GLOBAL_UNIT_ASSIGNED_CONTEXT ( ( #5802, #2640, #787 ) ) REPRESENTATION_CONTEXT ( 'NONE', 'WORKASPACE' ) );
#3372 = ORIENTED_EDGE ( 'NONE', *, *, #4422, .F. ) ;
#3373 = ADVANCED_FACE ( 'NONE', ( #6687 ), #2753, .T. ) ;
#3374 = ORIENTED_EDGE ( 'NONE', *, *, #7519, .F. ) ;
#3375 = AXIS2_PLACEMENT_3D ( 'NONE', #872, #1643, #1479 ) ;
#3376 =( NAMED_UNIT ( * ) PLANE_ANGLE_UNIT ( ) SI_UNIT ( $, .RADIAN. ) );
#3377 = ADVANCED_FACE ( 'NONE', ( #4667 ), #2792, .F. ) ;
#3378 = CARTESIAN_POINT ( 'NONE',  ( -0.3199999999999999512, 2.859999999999999876, 8.550000000000000711 ) ) ;
#3379 = PLANE ( 'NONE',  #3873 ) ;
#3380 = DIRECTION ( 'NONE',  ( -1.000000000000000000, 0.000000000000000000, 0.000000000000000000 ) ) ;
#3381 = COLOUR_RGB ( '',0.9686274509803921573, 0.8784313725490195957, 0.5999999999999999778 ) ;
#3382 = LINE ( 'NONE', #5296, #4949 ) ;
#3383 = ADVANCED_FACE ( 'NONE', ( #6602 ), #378, .F. ) ;
#3384 = ORIENTED_EDGE ( 'NONE', *, *, #19, .T. ) ;
#3385 = VERTEX_POINT ( 'NONE', #3106 ) ;
#3386 = DIRECTION ( 'NONE',  ( 0.000000000000000000, -1.000000000000000000, 0.000000000000000000 ) ) ;
#3387 = DIRECTION ( 'NONE',  ( 0.000000000000000000, -0.9396926207859082059, 0.3420201433256694901 ) ) ;
#3388 = AXIS2_PLACEMENT_3D ( 'NONE', #4537, #4449, #6965 ) ;
#3389 = PRESENTATION_STYLE_ASSIGNMENT (( #6576 ) ) ;
#3390 = CARTESIAN_POINT ( 'NONE',  ( 2.747150732346582469, 5.080000000000000071, -3.000000000000000000 ) ) ;
#3391 = EDGE_CURVE ( 'NONE', #3710, #1602, #7455, .T. ) ;
#3392 = ORIENTED_EDGE ( 'NONE', *, *, #5135, .T. ) ;
#3393 = AXIS2_PLACEMENT_3D ( 'NONE', #7223, #1595, #3460 ) ;
#3394 = ORIENTED_EDGE ( 'NONE', *, *, #3176, .F. ) ;
#3395 = LINE ( 'NONE', #2147, #4964 ) ;
#3396 = ORIENTED_EDGE ( 'NONE', *, *, #4632, .F. ) ;
#3397 = CARTESIAN_POINT ( 'NONE',  ( -0.2216368291659724377, -1.199172292676272233, 1.360472537827427608 ) ) ;
#3398 = PRESENTATION_STYLE_ASSIGNMENT (( #4029 ) ) ;
#3399 = UNCERTAINTY_MEASURE_WITH_UNIT (LENGTH_MEASURE( 1.000000000000000082E-05 ), #4817, 'distance_accuracy_value', 'NONE');
#3400 = CARTESIAN_POINT ( 'NONE',  ( 3.560000000000000053, -1.019999999999999130, 0.4500000000000020650 ) ) ;
#3401 = PLANE ( 'NONE',  #5863 ) ;
#3402 = FILL_AREA_STYLE ('',( #1004 ) ) ;
#3403 = VERTEX_POINT ( 'NONE', #2947 ) ;
#3404 = CARTESIAN_POINT ( 'NONE',  ( -0.2559999999999999498, 2.219999999999999307, 8.550000000000000711 ) ) ;
#3405 = EDGE_LOOP ( 'NONE', ( #47, #7150, #7551, #4719, #1104, #4305 ) ) ;
#3406 = SURFACE_SIDE_STYLE ('',( #2528 ) ) ;
#3407 = CARTESIAN_POINT ( 'NONE',  ( -0.1665885810817075152, -1.269999999999996687, 1.769266317007093470 ) ) ;
#3408 = DIRECTION ( 'NONE',  ( -0.000000000000000000, -0.000000000000000000, -1.000000000000000000 ) ) ;
#3409 = CARTESIAN_POINT ( 'NONE',  ( -0.3199999999999999512, 2.795999999999999819, -2.359999999999988773 ) ) ;
#3410 = SURFACE_STYLE_FILL_AREA ( #1542 ) ;
#3411 = EDGE_CURVE ( 'NONE', #3009, #3479, #2324, .T. ) ;
#3412 = ORIENTED_EDGE ( 'NONE', *, *, #4154, .T. ) ;
#3413 = PRESENTATION_STYLE_ASSIGNMENT (( #5331 ) ) ;
#3414 = VECTOR ( 'NONE', #5623, 1000.000000000000000 ) ;
#3415 = CARTESIAN_POINT ( 'NONE',  ( -0.2890920949374358173, 0.3134175730544420668, -2.397330798265292717 ) ) ;
#3416 = CARTESIAN_POINT ( 'NONE',  ( -0.3199999999999998956, -0.3200000000000001732, -2.359999999999988773 ) ) ;
#3417 = CARTESIAN_POINT ( 'NONE',  ( 1.520000000000000240, 6.099999999999998757, 2.500000000000000000 ) ) ;
#3418 = PLANE ( 'NONE',  #3063 ) ;
#3419 = CARTESIAN_POINT ( 'NONE',  ( -0.2785775458924500403, -1.149999999999998357, 0.8470411857358876029 ) ) ;
#3420 = ORIENTED_EDGE ( 'NONE', *, *, #5413, .T. ) ;
#3421 = ORIENTED_EDGE ( 'NONE', *, *, #3437, .F. ) ;
#3422 = DIRECTION ( 'NONE',  ( 1.000000000000000000, 0.000000000000000000, 0.000000000000000000 ) ) ;
#3423 = DIRECTION ( 'NONE',  ( -0.9848077530122085754, -8.341646135128160883E-17, 0.1736481776669273891 ) ) ;
#3424 = VECTOR ( 'NONE', #5369, 999.9999999999998863 ) ;
#3425 = CARTESIAN_POINT ( 'NONE',  ( -0.3199999999999998956, 4.759999999999999787, 8.550000000000000711 ) ) ;
#3426 = CARTESIAN_POINT ( 'NONE',  ( -1.019999999999999574, -1.019999999999998908, 2.500000000000000000 ) ) ;
#3427 = PLANE ( 'NONE',  #395 ) ;
#3428 = VERTEX_POINT ( 'NONE', #4363 ) ;
#3429 = PRESENTATION_STYLE_ASSIGNMENT (( #7232 ) ) ;
#3430 = ORIENTED_EDGE ( 'NONE', *, *, #5746, .T. ) ;
#3431 = EDGE_LOOP ( 'NONE', ( #4281, #7256, #6133, #1964 ) ) ;
#3432 = ADVANCED_FACE ( 'NONE', ( #6224 ), #6761, .F. ) ;
#3433 = CARTESIAN_POINT ( 'NONE',  ( 1.270000000000000018, -0.7900000000000003686, 0.6000000000000000888 ) ) ;
#3434 = FILL_AREA_STYLE_COLOUR ( '', #1970 ) ;
#3435 = DIRECTION ( 'NONE',  ( -6.842277657836020854E-49, 5.078189165123089681E-17, -1.000000000000000000 ) ) ;
#3436 = LINE ( 'NONE', #6621, #2402 ) ;
#3437 = EDGE_CURVE ( 'NONE', #5980, #4804, #8124, .T. ) ;
#3438 = EDGE_CURVE ( 'NONE', #6045, #3663, #4908, .T. ) ;
#3439 =( NAMED_UNIT ( * ) SI_UNIT ( $, .STERADIAN. ) SOLID_ANGLE_UNIT ( ) );
#3440 = ORIENTED_EDGE ( 'NONE', *, *, #2526, .F. ) ;
#3441 = PLANE ( 'NONE',  #5891 ) ;
#3442 = VECTOR ( 'NONE', #8175, 1000.000000000000000 ) ;
#3443 = ORIENTED_EDGE ( 'NONE', *, *, #2503, .F. ) ;
#3444 = SURFACE_STYLE_USAGE ( .BOTH. , #1575 ) ;
#3445 = CARTESIAN_POINT ( 'NONE',  ( 0.3200000000000000622, 2.859999999999999876, -2.359999999999988773 ) ) ;
#3446 =( GEOMETRIC_REPRESENTATION_CONTEXT ( 3 ) GLOBAL_UNCERTAINTY_ASSIGNED_CONTEXT ( ( #7273 ) ) GLOBAL_UNIT_ASSIGNED_CONTEXT ( ( #6058, #6786, #7945 ) ) REPRESENTATION_CONTEXT ( 'NONE', 'WORKASPACE' ) );
#3447 =( LENGTH_UNIT ( ) NAMED_UNIT ( * ) SI_UNIT ( .MILLI., .METRE. ) );
#3448 = CARTESIAN_POINT ( 'NONE',  ( 2.829092094937436297, 4.766582426945557671, -2.397330798265292273 ) ) ;
#3449 =( NAMED_UNIT ( * ) PLANE_ANGLE_UNIT ( ) SI_UNIT ( $, .RADIAN. ) );
#3450 = ORIENTED_EDGE ( 'NONE', *, *, #5426, .T. ) ;
#3451 = CARTESIAN_POINT ( 'NONE',  ( 0.3012548339959392751, 2.841254833995939144, -2.466309119164536767 ) ) ;
#3452 = PRESENTATION_LAYER_ASSIGNMENT (  '', '', ( #2132 ) ) ;
#3453 = CARTESIAN_POINT ( 'NONE',  ( 0.2341438633119334589, -1.149999999999999023, 1.211749748594957543 ) ) ;
#3454 = CARTESIAN_POINT ( 'NONE',  ( -0.2071507323465819339, 0.2071507323465813233, 8.550000000000000711 ) ) ;
#3455 = COLOUR_RGB ( '',0.9686274509803921573, 0.8784313725490195957, 0.5999999999999999778 ) ;
#3456 = CARTESIAN_POINT ( 'NONE',  ( -0.2349397590361448074, -1.270000000000000018, 1.458064759036144631 ) ) ;
#3457 = ORIENTED_EDGE ( 'NONE', *, *, #3279, .T. ) ;
#3458 = DIRECTION ( 'NONE',  ( -1.000000000000000000, -0.000000000000000000, -0.000000000000000000 ) ) ;
#3459 = ORIENTED_EDGE ( 'NONE', *, *, #7604, .F. ) ;
#3460 = DIRECTION ( 'NONE',  ( 1.000000000000000000, 0.000000000000000000, 0.000000000000000000 ) ) ;
#3461 = PLANE ( 'NONE',  #7776 ) ;
#3462 = SURFACE_SIDE_STYLE ('',( #5425 ) ) ;
#3463 = CARTESIAN_POINT ( 'NONE',  ( -0.1573284206430658194, -1.169999999999999929, 1.806397023426620896 ) ) ;
#3464 = DIRECTION ( 'NONE',  ( 8.470329472543003391E-17, -1.000000000000000000, 0.000000000000000000 ) ) ;
#3465 = ORIENTED_EDGE ( 'NONE', *, *, #246, .T. ) ;
#3466 = VECTOR ( 'NONE', #1357, 1000.000000000000000 ) ;
#3467 = ORIENTED_EDGE ( 'NONE', *, *, #5468, .T. ) ;
#3468 = CARTESIAN_POINT ( 'NONE',  ( 0.3200000000000000622, 0.3199999999999993405, -2.359999999999988773 ) ) ;
#3469 = ORIENTED_EDGE ( 'NONE', *, *, #3060, .F. ) ;
#3470 = ADVANCED_FACE ( 'NONE', ( #1667 ), #8043, .F. ) ;
#3471 = DIRECTION ( 'NONE',  ( 1.000000000000000000, 0.000000000000000000, 0.000000000000000000 ) ) ;
#3472 = CARTESIAN_POINT ( 'NONE',  ( -0.3199999999999998956, -0.3200000000000007283, 8.550000000000000711 ) ) ;
#3473 = EDGE_CURVE ( 'NONE', #5483, #837, #542, .T. ) ;
#3474 = VECTOR ( 'NONE', #7470, 1000.000000000000000 ) ;
#3475 = DIRECTION ( 'NONE',  ( -0.1710878697460331277, 0.1710878697460330722, 0.9702875252478149193 ) ) ;
#3476 = AXIS2_PLACEMENT_3D ( 'NONE', #7002, #6915, #3183 ) ;
#3477 = EDGE_CURVE ( 'NONE', #1696, #322, #1135, .T. ) ;
#3478 = LINE ( 'NONE', #7315, #4301 ) ;
#3479 = VERTEX_POINT ( 'NONE', #6882 ) ;
#3480 =( NAMED_UNIT ( * ) PLANE_ANGLE_UNIT ( ) SI_UNIT ( $, .RADIAN. ) );
#3481 = PRESENTATION_LAYER_ASSIGNMENT (  '', '', ( #7561 ) ) ;
#3482 = ORIENTED_EDGE ( 'NONE', *, *, #7637, .T. ) ;
#3483 = PRESENTATION_STYLE_ASSIGNMENT (( #3444 ) ) ;
#3484 = SURFACE_STYLE_FILL_AREA ( #2351 ) ;
#3485 =( NAMED_UNIT ( * ) SI_UNIT ( $, .STERADIAN. ) SOLID_ANGLE_UNIT ( ) );
#3486 = EDGE_CURVE ( 'NONE', #837, #8188, #6189, .T. ) ;
#3487 = SURFACE_SIDE_STYLE ('',( #1494 ) ) ;
#3488 = CARTESIAN_POINT ( 'NONE',  ( 2.796000000000000263, 4.760000000000000675, -2.359999999999988773 ) ) ;
#3489 = PLANE ( 'NONE',  #6011 ) ;
#3490 = VECTOR ( 'NONE', #7638, 1000.000000000000000 ) ;
#3491 = EDGE_CURVE ( 'NONE', #1555, #4291, #3736, .T. ) ;
#3492 = ORIENTED_EDGE ( 'NONE', *, *, #7262, .F. ) ;
#3493 = CARTESIAN_POINT ( 'NONE',  ( 0.2560000000000001719, 2.283999999999999364, 8.550000000000000711 ) ) ;
#3494 =( GEOMETRIC_REPRESENTATION_CONTEXT ( 3 ) GLOBAL_UNCERTAINTY_ASSIGNED_CONTEXT ( ( #1896 ) ) GLOBAL_UNIT_ASSIGNED_CONTEXT ( ( #5403, #6627, #2192 ) ) REPRESENTATION_CONTEXT ( 'NONE', 'WORKASPACE' ) );
#3495 = EDGE_CURVE ( 'NONE', #5578, #7212, #5735, .T. ) ;
#3496 = DIRECTION ( 'NONE',  ( 0.000000000000000000, 0.000000000000000000, -1.000000000000000000 ) ) ;
#3497 = VECTOR ( 'NONE', #2028, 1000.000000000000000 ) ;
#3498 = FILL_AREA_STYLE ('',( #1587 ) ) ;
#3499 = CARTESIAN_POINT ( 'NONE',  ( -0.2560000000000000053, 5.400000000000000355, -2.359999999999988773 ) ) ;
#3500 = PRESENTATION_LAYER_ASSIGNMENT (  '', '', ( #2439 ) ) ;
#3501 = COLOUR_RGB ( '',0.9686274509803921573, 0.8784313725490195957, 0.5999999999999999778 ) ;
#3502 = ORIENTED_EDGE ( 'NONE', *, *, #7067, .T. ) ;
#3503 = CARTESIAN_POINT ( 'NONE',  ( -0.2560000000000000608, 5.399999999999999467, 7.909999999999988596 ) ) ;
#3504 = ORIENTED_EDGE ( 'NONE', *, *, #5881, .F. ) ;
#3505 = LINE ( 'NONE', #1678, #7902 ) ;
#3506 = FACE_OUTER_BOUND ( 'NONE', #3082, .T. ) ;
#3507 = AXIS2_PLACEMENT_3D ( 'NONE', #4744, #7291, #6637 ) ;
#3508 =( LENGTH_UNIT ( ) NAMED_UNIT ( * ) SI_UNIT ( .MILLI., .METRE. ) );
#3509 = VERTEX_POINT ( 'NONE', #800 ) ;
#3510 =( LENGTH_UNIT ( ) NAMED_UNIT ( * ) SI_UNIT ( .MILLI., .METRE. ) );
#3511 = ORIENTED_EDGE ( 'NONE', *, *, #6873, .T. ) ;
#3512 = DIRECTION ( 'NONE',  ( -0.1710878697460331277, 0.1710878697460330722, 0.9702875252478149193 ) ) ;
#3513 = VECTOR ( 'NONE', #1707, 999.9999999999998863 ) ;
#3514 = ORIENTED_EDGE ( 'NONE', *, *, #1797, .T. ) ;
#3515 = DIRECTION ( 'NONE',  ( 8.470329472543003391E-17, -1.000000000000000000, 0.000000000000000000 ) ) ;
#3516 = FILL_AREA_STYLE ('',( #2342 ) ) ;
#3517 =( NAMED_UNIT ( * ) PLANE_ANGLE_UNIT ( ) SI_UNIT ( $, .RADIAN. ) );
#3518 = DIRECTION ( 'NONE',  ( -0.000000000000000000, 0.9848077530122085754, 0.1736481776669278887 ) ) ;
#3519 = STYLED_ITEM ( 'NONE', ( #1105 ), #2765 ) ;
#3520 = LINE ( 'NONE', #5317, #2433 ) ;
#3521 = ORIENTED_EDGE ( 'NONE', *, *, #3180, .T. ) ;
#3522 = CARTESIAN_POINT ( 'NONE',  ( -1.170000000000000595, -1.270000000000000240, 2.350000000000000089 ) ) ;
#3523 = VERTEX_POINT ( 'NONE', #38 ) ;
#3524 = CARTESIAN_POINT ( 'NONE',  ( 0.1564787436807817400, -1.236666667114969309, 1.782132340979038165 ) ) ;
#3525 =( NAMED_UNIT ( * ) SI_UNIT ( $, .STERADIAN. ) SOLID_ANGLE_UNIT ( ) );
#3526 = CARTESIAN_POINT ( 'NONE',  ( 2.283999999999999808, 0.3199999999999993960, 7.909999999999988596 ) ) ;
#3527 = FILL_AREA_STYLE_COLOUR ( '', #556 ) ;
#3528 = FILL_AREA_STYLE ('',( #5327 ) ) ;
#3529 =( NAMED_UNIT ( * ) SI_UNIT ( $, .STERADIAN. ) SOLID_ANGLE_UNIT ( ) );
#3530 = ADVANCED_FACE ( 'NONE', ( #3911 ), #4402, .T. ) ;
#3531 = ORIENTED_EDGE ( 'NONE', *, *, #2526, .T. ) ;
#3532 = CARTESIAN_POINT ( 'NONE',  ( 1.144999999999998463, -1.019999999999999130, 2.375000000000000000 ) ) ;
#3533 =( BOUNDED_CURVE ( )  B_SPLINE_CURVE ( 3, ( #3745, #1840, #7554, #6735 ),
 .UNSPECIFIED., .F., .F. ) 
 B_SPLINE_CURVE_WITH_KNOTS ( ( 4, 4 ),
 ( 5.497787143782138841, 6.283185307179586232 ),
 .UNSPECIFIED. ) 
 CURVE ( )  GEOMETRIC_REPRESENTATION_ITEM ( )  RATIONAL_B_SPLINE_CURVE ( ( 1.000000000000000000, 0.9492530216741912330, 0.9492530216741912330, 1.000000000000000000 ) ) 
 REPRESENTATION_ITEM ( '' )  );
#3534 = PRESENTATION_STYLE_ASSIGNMENT (( #4668 ) ) ;
#3535 = SURFACE_STYLE_USAGE ( .BOTH. , #7964 ) ;
#3536 = DIRECTION ( 'NONE',  ( 0.000000000000000000, 0.000000000000000000, 1.000000000000000000 ) ) ;
#3537 =( LENGTH_UNIT ( ) NAMED_UNIT ( * ) SI_UNIT ( .MILLI., .METRE. ) );
#3538 = EDGE_CURVE ( 'NONE', #4436, #1392, #2653, .T. ) ;
#3539 = VECTOR ( 'NONE', #2541, 1000.000000000000000 ) ;
#3540 = ADVANCED_FACE ( 'NONE', ( #6439 ), #5025, .T. ) ;
#3541 = LINE ( 'NONE', #2453, #6148 ) ;
#3542 = ORIENTED_EDGE ( 'NONE', *, *, #1319, .F. ) ;
#3543 = EDGE_LOOP ( 'NONE', ( #2224, #7639, #5803, #2534 ) ) ;
#3544 = CARTESIAN_POINT ( 'NONE',  ( 2.226582426945558080, 4.790907905062564254, -2.397330798265290941 ) ) ;
#3545 = UNCERTAINTY_MEASURE_WITH_UNIT (LENGTH_MEASURE( 1.000000000000000082E-05 ), #3944, 'distance_accuracy_value', 'NONE');
#3546 = VECTOR ( 'NONE', #6396, 1000.000000000000000 ) ;
#3547 = DIRECTION ( 'NONE',  ( -0.9396926207859083169, 0.3420201433256691015, 0.000000000000000000 ) ) ;
#3548 = CARTESIAN_POINT ( 'NONE',  ( 0.000000000000000000, 2.540000000000000036, -3.000000000000000000 ) ) ;
#3549 = LINE ( 'NONE', #4644, #6033 ) ;
#3550 = EDGE_LOOP ( 'NONE', ( #7249, #7781, #3135, #5344, #1291, #2087 ) ) ;
#3551 = PRESENTATION_LAYER_ASSIGNMENT (  '', '', ( #7250 ) ) ;
#3552 = ORIENTED_EDGE ( 'NONE', *, *, #1603, .T. ) ;
#3553 = EDGE_CURVE ( 'NONE', #3523, #830, #7541, .T. ) ;
#3554 = CARTESIAN_POINT ( 'NONE',  ( 0.3012548339959391641, 2.238745166004060483, -2.466309119164537655 ) ) ;
#3555 = FILL_AREA_STYLE_COLOUR ( '', #5441 ) ;
#3556 = UNCERTAINTY_MEASURE_WITH_UNIT (LENGTH_MEASURE( 1.000000000000000082E-05 ), #4657, 'distance_accuracy_value', 'NONE');
#3557 = PRESENTATION_STYLE_ASSIGNMENT (( #1041 ) ) ;
#3558 = PLANE ( 'NONE',  #1915 ) ;
#3559 = VERTEX_POINT ( 'NONE', #7007 ) ;
#3560 = SURFACE_STYLE_FILL_AREA ( #410 ) ;
#3561 = ORIENTED_EDGE ( 'NONE', *, *, #3119, .F. ) ;
#3562 = CARTESIAN_POINT ( 'NONE',  ( 0.1566872219846702774, -1.220000000451067823, 1.788198511549135228 ) ) ;
#3563 =( LENGTH_UNIT ( ) NAMED_UNIT ( * ) SI_UNIT ( .MILLI., .METRE. ) );
#3564 = DIRECTION ( 'NONE',  ( 1.000000000000000000, 0.000000000000000000, 0.000000000000000000 ) ) ;
#3565 = CARTESIAN_POINT ( 'NONE',  ( 0.3700000000000009948, 6.099999999999998757, 1.600000000000006750 ) ) ;
#3566 =( LENGTH_UNIT ( ) NAMED_UNIT ( * ) SI_UNIT ( .MILLI., .METRE. ) );
#3567 = CARTESIAN_POINT ( 'NONE',  ( 0.2071507323465820727, 2.539999999999999147, 8.550000000000000711 ) ) ;
#3568 = EDGE_LOOP ( 'NONE', ( #5429, #2600, #3430, #4107, #5982, #1180 ) ) ;
#3569 = DIRECTION ( 'NONE',  ( -0.000000000000000000, -0.000000000000000000, -1.000000000000000000 ) ) ;
#3570 = CARTESIAN_POINT ( 'NONE',  ( -0.2349397590361448074, -1.270000000000000018, 1.458064759036144631 ) ) ;
#3571 = PLANE ( 'NONE',  #2125 ) ;
#3572 = EDGE_CURVE ( 'NONE', #4818, #7889, #7585, .T. ) ;
#3573 = CARTESIAN_POINT ( 'NONE',  ( -0.3134175730544421778, 0.2890920949374358728, -2.397330798265291385 ) ) ;
#3574 = AXIS2_PLACEMENT_3D ( 'NONE', #3085, #5007, #5635 ) ;
#3575 = EDGE_CURVE ( 'NONE', #7242, #5620, #3823, .T. ) ;
#3576 = VECTOR ( 'NONE', #5440, 1000.000000000000000 ) ;
#3577 =( BOUNDED_CURVE ( )  B_SPLINE_CURVE ( 3, ( #7156, #4683, #6578, #910 ),
 .UNSPECIFIED., .F., .F. ) 
 B_SPLINE_CURVE_WITH_KNOTS ( ( 4, 4 ),
 ( 2.356194490192347057, 3.141592653589793116 ),
 .UNSPECIFIED. ) 
 CURVE ( )  GEOMETRIC_REPRESENTATION_ITEM ( )  RATIONAL_B_SPLINE_CURVE ( ( 1.000000000000000000, 0.9492530216741914550, 0.9492530216741914550, 1.000000000000000000 ) ) 
 REPRESENTATION_ITEM ( '' )  );
#3578 = SURFACE_STYLE_FILL_AREA ( #5541 ) ;
#3579 = ORIENTED_EDGE ( 'NONE', *, *, #2834, .F. ) ;
#3580 = ORIENTED_EDGE ( 'NONE', *, *, #5051, .T. ) ;
#3581 = CARTESIAN_POINT ( 'NONE',  ( 1.370000000000002105, -0.7900000000000003686, 0.6000000000000000888 ) ) ;
#3582 =( NAMED_UNIT ( * ) PLANE_ANGLE_UNIT ( ) SI_UNIT ( $, .RADIAN. ) );
#3583 = CARTESIAN_POINT ( 'NONE',  ( 1.520000000000000462, -1.019999999999998908, 2.499999999999999112 ) ) ;
#3584 = EDGE_CURVE ( 'NONE', #7485, #3157, #2237, .T. ) ;
#3585 = MECHANICAL_DESIGN_GEOMETRIC_PRESENTATION_REPRESENTATION (  '', ( #5316 ), #3852 ) ;
#3586 = FACE_OUTER_BOUND ( 'NONE', #8113, .T. ) ;
#3587 = EDGE_CURVE ( 'NONE', #8066, #4289, #4111, .T. ) ;
#3588 = EDGE_CURVE ( 'NONE', #5793, #1644, #5944, .T. ) ;
#3589 = DIRECTION ( 'NONE',  ( 6.842277657836020854E-49, -5.078189165123089681E-17, 1.000000000000000000 ) ) ;
#3590 = VERTEX_POINT ( 'NONE', #2782 ) ;
#3591 = DIRECTION ( 'NONE',  ( 1.000000000000000000, 0.000000000000000000, 0.000000000000000000 ) ) ;
#3592 = PRESENTATION_LAYER_ASSIGNMENT (  '', '', ( #7954 ) ) ;
#3593 = ORIENTED_EDGE ( 'NONE', *, *, #3486, .T. ) ;
#3594 = FILL_AREA_STYLE ('',( #1074 ) ) ;
#3595 = PLANE ( 'NONE',  #5837 ) ;
#3596 = EDGE_CURVE ( 'NONE', #5157, #7118, #2746, .T. ) ;
#3597 = CARTESIAN_POINT ( 'NONE',  ( 0.1560617469879514996, -1.270000000000000906, 1.770000000000000018 ) ) ;
#3598 = CARTESIAN_POINT ( 'NONE',  ( 2.540000000000000036, 5.870000000000000107, 0.000000000000000000 ) ) ;
#3599 =( GEOMETRIC_REPRESENTATION_CONTEXT ( 3 ) GLOBAL_UNCERTAINTY_ASSIGNED_CONTEXT ( ( #3299 ) ) GLOBAL_UNIT_ASSIGNED_CONTEXT ( ( #8127, #2361, #4364 ) ) REPRESENTATION_CONTEXT ( 'NONE', 'WORKASPACE' ) );
#3600 = CARTESIAN_POINT ( 'NONE',  ( 3.559999999999999609, -1.270000000000000240, 0.5999999999999999778 ) ) ;
#3601 = ORIENTED_EDGE ( 'NONE', *, *, #6618, .T. ) ;
#3602 = ORIENTED_EDGE ( 'NONE', *, *, #2645, .T. ) ;
#3603 = STYLED_ITEM ( 'NONE', ( #8146 ), #6743 ) ;
#3604 = PLANE ( 'NONE',  #2474 ) ;
#3605 = CARTESIAN_POINT ( 'NONE',  ( -0.3012548339959390531, 2.238745166004060039, 8.016309119164535701 ) ) ;
#3606 = CARTESIAN_POINT ( 'NONE',  ( -1.019366268225468159E-16, -1.169999999999999929, 1.270000000000000018 ) ) ;
#3607 = SURFACE_SIDE_STYLE ('',( #8119 ) ) ;
#3608 = EDGE_CURVE ( 'NONE', #5723, #6714, #2698, .T. ) ;
#3609 = DIRECTION ( 'NONE',  ( -6.842277657836020854E-49, 5.078189165123089681E-17, -1.000000000000000000 ) ) ;
#3610 = ORIENTED_EDGE ( 'NONE', *, *, #5668, .F. ) ;
#3611 = CYLINDRICAL_SURFACE ( 'NONE', #1606, 0.06399999999999982092 ) ;
#3612 = FILL_AREA_STYLE ('',( #6228 ) ) ;
#3613 = DIRECTION ( 'NONE',  ( -8.470329472543003391E-17, 1.000000000000000000, 0.000000000000000000 ) ) ;
#3614 =( GEOMETRIC_REPRESENTATION_CONTEXT ( 3 ) GLOBAL_UNCERTAINTY_ASSIGNED_CONTEXT ( ( #6296 ) ) GLOBAL_UNIT_ASSIGNED_CONTEXT ( ( #2367, #6196, #2289 ) ) REPRESENTATION_CONTEXT ( 'NONE', 'WORKASPACE' ) );
#3615 = COLOUR_RGB ( '',0.9686274509803921573, 0.8784313725490195957, 0.5999999999999999778 ) ;
#3616 = EDGE_CURVE ( 'NONE', #45, #5260, #3995, .T. ) ;
#3617 = DIRECTION ( 'NONE',  ( 0.000000000000000000, 5.078189165123089681E-17, -1.000000000000000000 ) ) ;
#3618 = ORIENTED_EDGE ( 'NONE', *, *, #5729, .T. ) ;
#3619 = ADVANCED_FACE ( 'NONE', ( #2860 ), #164, .F. ) ;
#3620 = VERTEX_POINT ( 'NONE', #7756 ) ;
#3621 = PRESENTATION_LAYER_ASSIGNMENT (  '', '', ( #6673 ) ) ;
#3622 = CLOSED_SHELL ( 'NONE', ( #332, #2965, #6093, #1873, #2765, #4961, #1159, #673, #5989, #6584, #2019, #3021, #3890, #902, #6336, #493, #4748, #1750 ) ) ;
#3623 = LINE ( 'NONE', #4294, #8142 ) ;
#3624 = CARTESIAN_POINT ( 'NONE',  ( -0.2295325812726512482, -1.169999999999994378, 1.353373351695836613 ) ) ;
#3625 = DIRECTION ( 'NONE',  ( 0.000000000000000000, 1.000000000000000000, 0.000000000000000000 ) ) ;
#3626 = UNCERTAINTY_MEASURE_WITH_UNIT (LENGTH_MEASURE( 1.000000000000000082E-05 ), #2459, 'distance_accuracy_value', 'NONE');
#3627 = CARTESIAN_POINT ( 'NONE',  ( 2.220000000000000195, 0.2559999999999998943, -2.359999999999988773 ) ) ;
#3628 = VECTOR ( 'NONE', #6096, 1000.000000000000000 ) ;
#3629 =( BOUNDED_CURVE ( )  B_SPLINE_CURVE ( 3, ( #7528, #1856, #4389, #6340 ),
 .UNSPECIFIED., .F., .F. ) 
 B_SPLINE_CURVE_WITH_KNOTS ( ( 4, 4 ),
 ( 3.141592653589793116, 3.926990816987242727 ),
 .UNSPECIFIED. ) 
 CURVE ( )  GEOMETRIC_REPRESENTATION_ITEM ( )  RATIONAL_B_SPLINE_CURVE ( ( 1.000000000000000000, 0.9492530216741910110, 0.9492530216741910110, 1.000000000000000000 ) ) 
 REPRESENTATION_ITEM ( '' )  );
#3630 = EDGE_CURVE ( 'NONE', #483, #2538, #2825, .T. ) ;
#3631 = VECTOR ( 'NONE', #1815, 1000.000000000000000 ) ;
#3632 = DIRECTION ( 'NONE',  ( -0.9848077530122085754, -8.341646135128160883E-17, 0.1736481776669273891 ) ) ;
#3633 = ORIENTED_EDGE ( 'NONE', *, *, #8131, .F. ) ;
#3634 =( NAMED_UNIT ( * ) SI_UNIT ( $, .STERADIAN. ) SOLID_ANGLE_UNIT ( ) );
#3635 = VERTEX_POINT ( 'NONE', #289 ) ;
#3636 = VECTOR ( 'NONE', #6320, 1000.000000000000000 ) ;
#3637 = CARTESIAN_POINT ( 'NONE',  ( 0.1770002516592695252, -1.269999999999991136, 1.768231629108721670 ) ) ;
#3638 = DIRECTION ( 'NONE',  ( -0.9848077530122085754, -8.341646135128160883E-17, 0.1736481776669278332 ) ) ;
#3639 = UNCERTAINTY_MEASURE_WITH_UNIT (LENGTH_MEASURE( 1.000000000000000082E-05 ), #4591, 'distance_accuracy_value', 'NONE');
#3640 = CARTESIAN_POINT ( 'NONE',  ( -0.2708727427766630114, -1.169999999999998597, 0.8370379506946682424 ) ) ;
#3641 = CARTESIAN_POINT ( 'NONE',  ( 0.3200000000000001177, 2.813200710532139492, 7.909999999999986819 ) ) ;
#3642 = VERTEX_POINT ( 'NONE', #843 ) ;
#3643 = EDGE_CURVE ( 'NONE', #933, #265, #7208, .T. ) ;
#3644 = LINE ( 'NONE', #1239, #1641 ) ;
#3645 = EDGE_LOOP ( 'NONE', ( #3440, #5597, #5671, #7408, #2850, #6783, #3467, #5617 ) ) ;
#3646 = EDGE_CURVE ( 'NONE', #6304, #6453, #2082, .T. ) ;
#3647 = CARTESIAN_POINT ( 'NONE',  ( 0.09036144578313230757, -1.270000000000000018, 0.9145783132530121984 ) ) ;
#3648 = DIRECTION ( 'NONE',  ( -0.3236155771181848939, -0.8891264907159881492, -0.3236155771181852825 ) ) ;
#3649 = VECTOR ( 'NONE', #4378, 1000.000000000000114 ) ;
#3650 = CARTESIAN_POINT ( 'NONE',  ( -0.6500000000000001332, -1.270000000000000240, 1.270000000000000018 ) ) ;
#3651 = PLANE ( 'NONE',  #7292 ) ;
#3652 = ORIENTED_EDGE ( 'NONE', *, *, #7030, .F. ) ;
#3653 = AXIS2_PLACEMENT_3D ( 'NONE', #267, #6048, #2254 ) ;
#3654 = DIRECTION ( 'NONE',  ( 1.000000000000000000, 0.000000000000000000, 0.000000000000000000 ) ) ;
#3655 = EDGE_CURVE ( 'NONE', #4377, #2538, #4074, .T. ) ;
#3656 = FACE_OUTER_BOUND ( 'NONE', #361, .T. ) ;
#3657 = DIRECTION ( 'NONE',  ( 1.000000000000000000, 0.000000000000000000, -0.000000000000000000 ) ) ;
#3658 = CARTESIAN_POINT ( 'NONE',  ( -0.2713367824627651581, -1.170000000000000151, 1.270000000000000018 ) ) ;
#3659 = VERTEX_POINT ( 'NONE', #2118 ) ;
#3660 = LINE ( 'NONE', #6233, #35 ) ;
#3661 = VERTEX_POINT ( 'NONE', #6631 ) ;
#3662 = PLANE ( 'NONE',  #6167 ) ;
#3663 = VERTEX_POINT ( 'NONE', #6557 ) ;
#3664 = CARTESIAN_POINT ( 'NONE',  ( 2.284000000000000252, -0.3200000000000001732, -2.359999999999988773 ) ) ;
#3665 = CARTESIAN_POINT ( 'NONE',  ( -0.2713210837587601842, -1.169999999999995266, 1.456832149525018938 ) ) ;
#3666 = DIRECTION ( 'NONE',  ( -1.000000000000000000, 1.408054769461694189E-16, 0.000000000000000000 ) ) ;
#3667 = LINE ( 'NONE', #6203, #5738 ) ;
#3668 = CARTESIAN_POINT ( 'NONE',  ( 3.560000000000000053, -1.019999999999999130, 2.500000000000000000 ) ) ;
#3669 = PRESENTATION_STYLE_ASSIGNMENT (( #4302 ) ) ;
#3670 = ORIENTED_EDGE ( 'NONE', *, *, #7030, .T. ) ;
#3671 = FILL_AREA_STYLE_COLOUR ( '', #5097 ) ;
#3672 = VERTEX_POINT ( 'NONE', #7448 ) ;
#3673 = MECHANICAL_DESIGN_GEOMETRIC_PRESENTATION_REPRESENTATION (  '', ( #7648 ), #6725 ) ;
#3674 = FILL_AREA_STYLE_COLOUR ( '', #6887 ) ;
#3675 = PLANE ( 'NONE',  #7812 ) ;
#3676 =( BOUNDED_CURVE ( )  B_SPLINE_CURVE ( 3, ( #1625, #4161, #4832, #7330 ),
 .UNSPECIFIED., .F., .F. ) 
 B_SPLINE_CURVE_WITH_KNOTS ( ( 4, 4 ),
 ( 3.141592653589793116, 3.926990816987242727 ),
 .UNSPECIFIED. ) 
 CURVE ( )  GEOMETRIC_REPRESENTATION_ITEM ( )  RATIONAL_B_SPLINE_CURVE ( ( 1.000000000000000000, 0.9492530216741910110, 0.9492530216741910110, 1.000000000000000000 ) ) 
 REPRESENTATION_ITEM ( '' )  );
#3677 = DIRECTION ( 'NONE',  ( -6.842277657836020854E-49, 5.078189165123089681E-17, -1.000000000000000000 ) ) ;
#3678 = DIRECTION ( 'NONE',  ( 1.000000000000000000, 0.000000000000000000, 0.000000000000000000 ) ) ;
#3679 = VERTEX_POINT ( 'NONE', #6840 ) ;
#3680 = MECHANICAL_DESIGN_GEOMETRIC_PRESENTATION_REPRESENTATION (  '', ( #5417 ), #8166 ) ;
#3681 = DIRECTION ( 'NONE',  ( -1.000000000000000000, 0.000000000000000000, 0.000000000000000000 ) ) ;
#3682 = ORIENTED_EDGE ( 'NONE', *, *, #4886, .F. ) ;
#3683 = ADVANCED_FACE ( 'NONE', ( #2275 ), #414, .F. ) ;
#3684 = DIRECTION ( 'NONE',  ( 1.000000000000000000, 0.000000000000000000, 0.000000000000000000 ) ) ;
#3685 = ORIENTED_EDGE ( 'NONE', *, *, #794, .T. ) ;
#3686 = DIRECTION ( 'NONE',  ( 0.9396926207859079838, 0.3420201433256698231, 0.000000000000000000 ) ) ;
#3687 = CARTESIAN_POINT ( 'NONE',  ( -0.3199999999999999512, 0.2559999999999993392, 7.909999999999988596 ) ) ;
#3688 = DIRECTION ( 'NONE',  ( -0.3420201433256690460, -0.9396926207859083169, 4.188538737677001009E-17 ) ) ;
#3689 = EDGE_CURVE ( 'NONE', #2413, #2177, #6136, .T. ) ;
#3690 = CARTESIAN_POINT ( 'NONE',  ( 2.238745166004060927, 0.3012548339959389421, -2.466309119164537655 ) ) ;
#3691 = EDGE_CURVE ( 'NONE', #7120, #7328, #4357, .T. ) ;
#3692 = FILL_AREA_STYLE ('',( #7407 ) ) ;
#3693 = ORIENTED_EDGE ( 'NONE', *, *, #3132, .F. ) ;
#3694 = PLANE ( 'NONE',  #7750 ) ;
#3695 = FILL_AREA_STYLE ('',( #8082 ) ) ;
#3696 = CARTESIAN_POINT ( 'NONE',  ( -0.2341962252578402848, -1.269999999999987361, 1.443422478592584879 ) ) ;
#3697 = FILL_AREA_STYLE ('',( #7414 ) ) ;
#3698 = DIRECTION ( 'NONE',  ( -0.7071067811865460184, 0.7071067811865490160, 0.000000000000000000 ) ) ;
#3699 = CARTESIAN_POINT ( 'NONE',  ( 2.859999999999999876, -0.2732007105321404561, -2.359999999999987441 ) ) ;
#3700 = ORIENTED_EDGE ( 'NONE', *, *, #4947, .T. ) ;
#3701 = DIRECTION ( 'NONE',  ( 0.000000000000000000, 0.9848077530122085754, 0.1736481776669273891 ) ) ;
#3702 = ORIENTED_EDGE ( 'NONE', *, *, #7519, .T. ) ;
#3703 = ORIENTED_EDGE ( 'NONE', *, *, #3391, .F. ) ;
#3704 = CARTESIAN_POINT ( 'NONE',  ( -0.3199999999999999512, 5.335999999999999410, 7.909999999999988596 ) ) ;
#3705 = CARTESIAN_POINT ( 'NONE',  ( 0.3134175730544422889, -0.2890920949374362059, -2.397330798265291385 ) ) ;
#3706 = DIRECTION ( 'NONE',  ( -0.7071067811865459074, -0.7071067811865491270, -0.000000000000000000 ) ) ;
#3707 = AXIS2_PLACEMENT_3D ( 'NONE', #7033, #2551, #6866 ) ;
#3708 = LINE ( 'NONE', #3752, #1584 ) ;
#3709 = AXIS2_PLACEMENT_3D ( 'NONE', #5983, #7362, #1699 ) ;
#3710 = VERTEX_POINT ( 'NONE', #3051 ) ;
#3711 = CARTESIAN_POINT ( 'NONE',  ( 1.270000000000000462, -1.019999999999998908, 0.5999999999999998668 ) ) ;
#3712 = ORIENTED_EDGE ( 'NONE', *, *, #6216, .F. ) ;
#3713 = CARTESIAN_POINT ( 'NONE',  ( -1.270000000000000462, 6.099999999999998757, 2.350000000000000089 ) ) ;
#3714 = VECTOR ( 'NONE', #1406, 1000.000000000000114 ) ;
#3715 = CARTESIAN_POINT ( 'NONE',  ( 0.2337715950550473265, -1.269999999999991358, 1.713467453397173434 ) ) ;
#3716 = CARTESIAN_POINT ( 'NONE',  ( 0.2280098402426318782, -1.170000000000000151, 0.7529413584738543497 ) ) ;
#3717 = UNCERTAINTY_MEASURE_WITH_UNIT (LENGTH_MEASURE( 1.000000000000000082E-05 ), #4184, 'distance_accuracy_value', 'NONE');
#3718 = DIRECTION ( 'NONE',  ( 1.000000000000000000, 0.000000000000000000, 0.000000000000000000 ) ) ;
#3719 = CARTESIAN_POINT ( 'NONE',  ( 0.2560000000000001719, 5.335999999999999410, 8.550000000000000711 ) ) ;
#3720 = CARTESIAN_POINT ( 'NONE',  ( -0.1584377493068726550, -1.149999999999999023, 1.813616774373996376 ) ) ;
#3721 = EDGE_LOOP ( 'NONE', ( #6097, #2105, #8078, #2841 ) ) ;
#3722 = CARTESIAN_POINT ( 'NONE',  ( -0.3464101615137760160, -1.046666666666666856, 2.449999999999999734 ) ) ;
#3723 = ORIENTED_EDGE ( 'NONE', *, *, #4337, .T. ) ;
#3724 = EDGE_CURVE ( 'NONE', #6999, #8165, #5375, .T. ) ;
#3725 = VERTEX_POINT ( 'NONE', #6876 ) ;
#3726 = EDGE_CURVE ( 'NONE', #3428, #3635, #2444, .T. ) ;
#3727 = LINE ( 'NONE', #1994, #2524 ) ;
#3728 = PRESENTATION_STYLE_ASSIGNMENT (( #2647 ) ) ;
#3729 = PRESENTATION_LAYER_ASSIGNMENT (  '', '', ( #824 ) ) ;
#3730 = VECTOR ( 'NONE', #5027, 1000.000000000000000 ) ;
#3731 = LINE ( 'NONE', #3650, #5734 ) ;
#3732 = EDGE_CURVE ( 'NONE', #6123, #959, #5442, .T. ) ;
#3733 = CARTESIAN_POINT ( 'NONE',  ( 1.144999999999998019, 6.099999999999998757, 2.375000000000000444 ) ) ;
#3734 = DIRECTION ( 'NONE',  ( 0.000000000000000000, 1.000000000000000000, 0.000000000000000000 ) ) ;
#3735 = VERTEX_POINT ( 'NONE', #8117 ) ;
#3736 = LINE ( 'NONE', #5858, #2485 ) ;
#3737 = DIRECTION ( 'NONE',  ( -0.8660254037844384856, 0.5000000000000004441, 0.000000000000000000 ) ) ;
#3738 = VECTOR ( 'NONE', #7546, 1000.000000000000000 ) ;
#3739 = SURFACE_STYLE_USAGE ( .BOTH. , #3271 ) ;
#3740 =( GEOMETRIC_REPRESENTATION_CONTEXT ( 3 ) GLOBAL_UNCERTAINTY_ASSIGNED_CONTEXT ( ( #2308 ) ) GLOBAL_UNIT_ASSIGNED_CONTEXT ( ( #714, #2037, #4575 ) ) REPRESENTATION_CONTEXT ( 'NONE', 'WORKASPACE' ) );
#3741 = ORIENTED_EDGE ( 'NONE', *, *, #6835, .T. ) ;
#3742 = ORIENTED_EDGE ( 'NONE', *, *, #5105, .F. ) ;
#3743 = EDGE_LOOP ( 'NONE', ( #5877, #6379, #2104, #1916 ) ) ;
#3744 = EDGE_CURVE ( 'NONE', #3030, #4934, #6183, .T. ) ;
#3745 = CARTESIAN_POINT ( 'NONE',  ( 2.841254833995939588, -0.3012548339959398302, 8.016309119164535701 ) ) ;
#3746 = SURFACE_STYLE_FILL_AREA ( #1449 ) ;
#3747 = DIRECTION ( 'NONE',  ( 1.000000000000000000, 0.000000000000000000, -0.000000000000000000 ) ) ;
#3748 = VECTOR ( 'NONE', #1844, 1000.000000000000000 ) ;
#3749 = LINE ( 'NONE', #514, #3185 ) ;
#3750 = PRESENTATION_LAYER_ASSIGNMENT (  '', '', ( #5609 ) ) ;
#3751 = FACE_OUTER_BOUND ( 'NONE', #1889, .T. ) ;
#3752 = CARTESIAN_POINT ( 'NONE',  ( -0.1560617469879520269, -1.270000000000000018, 1.770000000000000240 ) ) ;
#3753 = AXIS2_PLACEMENT_3D ( 'NONE', #594, #5281, #3113 ) ;
#3754 = CARTESIAN_POINT ( 'NONE',  ( 3.810000000000000053, -1.019999999999999130, 0.5999999999999998668 ) ) ;
#3755 = AXIS2_PLACEMENT_3D ( 'NONE', #3317, #7627, #5189 ) ;
#3756 = ORIENTED_EDGE ( 'NONE', *, *, #5497, .F. ) ;
#3757 = CARTESIAN_POINT ( 'NONE',  ( 0.3200000000000001177, 4.872849267653418082, 8.550000000000000711 ) ) ;
#3758 = ORIENTED_EDGE ( 'NONE', *, *, #108, .T. ) ;
#3759 = CARTESIAN_POINT ( 'NONE',  ( 0.2341917180556521982, -1.269999999999994467, 1.114848042196724620 ) ) ;
#3760 = CARTESIAN_POINT ( 'NONE',  ( -0.3134175730544421778, 4.790907905062564254, -2.397330798265290941 ) ) ;
#3761 = CARTESIAN_POINT ( 'NONE',  ( 0.2349397590361443910, -1.270000000000000018, 0.8488780120481929092 ) ) ;
#3762 = VECTOR ( 'NONE', #6382, 1000.000000000000000 ) ;
#3763 = ADVANCED_FACE ( 'NONE', ( #1128 ), #2397, .F. ) ;
#3764 = CARTESIAN_POINT ( 'NONE',  ( 0.2786192306686489650, -1.149999999999999245, 1.693317414586858138 ) ) ;
#3765 = CARTESIAN_POINT ( 'NONE',  ( -0.1591065173733895721, -1.149999999999999023, 1.813570170368244749 ) ) ;
#3766 = CARTESIAN_POINT ( 'NONE',  ( 2.540000000000000036, -0.2071507323465826000, -3.000000000000000000 ) ) ;
#3767 = ORIENTED_EDGE ( 'NONE', *, *, #7092, .T. ) ;
#3768 = DIRECTION ( 'NONE',  ( 1.000000000000000000, 0.000000000000000000, 0.000000000000000000 ) ) ;
#3769 = PRESENTATION_LAYER_ASSIGNMENT (  '', '', ( #455 ) ) ;
#3770 = ORIENTED_EDGE ( 'NONE', *, *, #7527, .T. ) ;
#3771 = COLOUR_RGB ( '',0.9686274509803921573, 0.8784313725490195957, 0.5999999999999999778 ) ;
#3772 = CARTESIAN_POINT ( 'NONE',  ( 2.250907905062564218, 0.3134175730544417338, 7.947330798265291207 ) ) ;
#3773 = SURFACE_STYLE_FILL_AREA ( #4490 ) ;
#3774 = CARTESIAN_POINT ( 'NONE',  ( -0.1568216416384723977, -1.210011714886029432, 0.7481660498138403836 ) ) ;
#3775 = EDGE_CURVE ( 'NONE', #4735, #5385, #2897, .T. ) ;
#3776 = FACE_OUTER_BOUND ( 'NONE', #7478, .T. ) ;
#3777 = ORIENTED_EDGE ( 'NONE', *, *, #5612, .F. ) ;
#3778 = FILL_AREA_STYLE_COLOUR ( '', #6044 ) ;
#3779 = MECHANICAL_DESIGN_GEOMETRIC_PRESENTATION_REPRESENTATION (  '', ( #6823 ), #7875 ) ;
#3780 = LINE ( 'NONE', #1377, #3730 ) ;
#3781 = EDGE_CURVE ( 'NONE', #5578, #3403, #5773, .T. ) ;
#3782 = CARTESIAN_POINT ( 'NONE',  ( 2.284000000000000252, 2.219999999999999307, 7.909999999999988596 ) ) ;
#3783 = SURFACE_SIDE_STYLE ('',( #4542 ) ) ;
#3784 =( LENGTH_UNIT ( ) NAMED_UNIT ( * ) SI_UNIT ( .MILLI., .METRE. ) );
#3785 = VECTOR ( 'NONE', #6609, 1000.000000000000000 ) ;
#3786 = VERTEX_POINT ( 'NONE', #6959 ) ;
#3787 = PRESENTATION_STYLE_ASSIGNMENT (( #3362 ) ) ;
#3788 = ORIENTED_EDGE ( 'NONE', *, *, #440, .F. ) ;
#3789 = PRODUCT_DEFINITION ( 'UNKNOWN', '', #5600, #3975 ) ;
#3790 = EDGE_CURVE ( 'NONE', #7829, #5731, #712, .T. ) ;
#3791 = LINE ( 'NONE', #4413, #3636 ) ;
#3792 = ORIENTED_EDGE ( 'NONE', *, *, #6346, .F. ) ;
#3793 = SURFACE_STYLE_FILL_AREA ( #2009 ) ;
#3794 = LINE ( 'NONE', #6484, #5991 ) ;
#3795 = CARTESIAN_POINT ( 'NONE',  ( -0.2560000000000000053, 5.400000000000000355, -2.359999999999988773 ) ) ;
#3796 = DIRECTION ( 'NONE',  ( -6.842277657836020854E-49, 5.078189165123089681E-17, -1.000000000000000000 ) ) ;
#3797 = ADVANCED_FACE ( 'NONE', ( #2034 ), #3234, .F. ) ;
#3798 = DIRECTION ( 'NONE',  ( 8.470329472543003391E-17, -1.000000000000000000, 0.000000000000000000 ) ) ;
#3799 = ORIENTED_EDGE ( 'NONE', *, *, #1965, .F. ) ;
#3800 =( NAMED_UNIT ( * ) PLANE_ANGLE_UNIT ( ) SI_UNIT ( $, .RADIAN. ) );
#3801 = VERTEX_POINT ( 'NONE', #1287 ) ;
#3802 = CARTESIAN_POINT ( 'NONE',  ( 0.1562702517718025097, -1.253333333628601221, 1.776066170463635130 ) ) ;
#3803 =( BOUNDED_CURVE ( )  B_SPLINE_CURVE ( 3, ( #6332, #6106, #1277, #413 ),
 .UNSPECIFIED., .F., .F. ) 
 B_SPLINE_CURVE_WITH_KNOTS ( ( 4, 4 ),
 ( 5.497787143782140618, 6.283185307179586232 ),
 .UNSPECIFIED. ) 
 CURVE ( )  GEOMETRIC_REPRESENTATION_ITEM ( )  RATIONAL_B_SPLINE_CURVE ( ( 1.000000000000000000, 0.9492530216741915661, 0.9492530216741915661, 1.000000000000000000 ) ) 
 REPRESENTATION_ITEM ( '' )  );
#3804 = SURFACE_SIDE_STYLE ('',( #6901 ) ) ;
#3805 = CARTESIAN_POINT ( 'NONE',  ( 0.2713367824627647695, -1.169999999999999707, 0.8481160656645557738 ) ) ;
#3806 = UNCERTAINTY_MEASURE_WITH_UNIT (LENGTH_MEASURE( 1.000000000000000082E-05 ), #6069, 'distance_accuracy_value', 'NONE');
#3807 = CARTESIAN_POINT ( 'NONE',  ( 0.2676958495758756662, -1.180003380892477471, 0.8481922686093456010 ) ) ;
#3808 = CARTESIAN_POINT ( 'NONE',  ( -0.3012548339959391086, 2.238745166004060483, -2.466309119164536767 ) ) ;
#3809 = CARTESIAN_POINT ( 'NONE',  ( -0.2069451709529502303, -1.270000000000000906, 1.756761588701826415 ) ) ;
#3810 = FACE_OUTER_BOUND ( 'NONE', #1428, .T. ) ;
#3811 = ORIENTED_EDGE ( 'NONE', *, *, #5524, .F. ) ;
#3812 = CARTESIAN_POINT ( 'NONE',  ( 2.220000000000001084, -0.2732007105321407892, 7.909999999999990372 ) ) ;
#3813 = MECHANICAL_DESIGN_GEOMETRIC_PRESENTATION_REPRESENTATION (  '', ( #6070 ), #5142 ) ;
#3814 = ORIENTED_EDGE ( 'NONE', *, *, #5277, .T. ) ;
#3815 = EDGE_CURVE ( 'NONE', #2546, #2992, #191, .T. ) ;
#3816 = CARTESIAN_POINT ( 'NONE',  ( 5.421010862427522170E-17, -0.4466666666666664898, 2.449999999999999734 ) ) ;
#3817 = FACE_OUTER_BOUND ( 'NONE', #6221, .T. ) ;
#3818 = AXIS2_PLACEMENT_3D ( 'NONE', #1626, #257, #5447 ) ;
#3819 = CARTESIAN_POINT ( 'NONE',  ( -0.06900477108549050997, -1.169999999999999929, 1.198471783163378213 ) ) ;
#3820 = ORIENTED_EDGE ( 'NONE', *, *, #3473, .T. ) ;
#3821 = CARTESIAN_POINT ( 'NONE',  ( 2.796000000000000263, 5.400000000000000355, -2.359999999999988773 ) ) ;
#3822 = AXIS2_PLACEMENT_3D ( 'NONE', #5399, #4101, #4648 ) ;
#3823 = LINE ( 'NONE', #4152, #5424 ) ;
#3824 = DIRECTION ( 'NONE',  ( -0.000000000000000000, 0.000000000000000000, 1.000000000000000000 ) ) ;
#3825 = VERTEX_POINT ( 'NONE', #2606 ) ;
#3826 = LINE ( 'NONE', #3404, #2948 ) ;
#3827 = ORIENTED_EDGE ( 'NONE', *, *, #5883, .F. ) ;
#3828 = DIRECTION ( 'NONE',  ( 1.000000000000000000, 0.000000000000000000, 0.000000000000000000 ) ) ;
#3829 = ORIENTED_EDGE ( 'NONE', *, *, #774, .T. ) ;
#3830 = CARTESIAN_POINT ( 'NONE',  ( -0.05396442235651247726, -1.169999999999999929, 1.478281562544640160 ) ) ;
#3831 = PRESENTATION_STYLE_ASSIGNMENT (( #808 ) ) ;
#3832 = ADVANCED_FACE ( 'NONE', ( #4394 ), #118, .F. ) ;
#3833 = LINE ( 'NONE', #6325, #5586 ) ;
#3834 = DIRECTION ( 'NONE',  ( -0.1710878697460326558, -0.1710878697460326836, -0.9702875252478149193 ) ) ;
#3835 =( NAMED_UNIT ( * ) SI_UNIT ( $, .STERADIAN. ) SOLID_ANGLE_UNIT ( ) );
#3836 = EDGE_CURVE ( 'NONE', #7193, #4085, #5647, .T. ) ;
#3837 = VECTOR ( 'NONE', #1680, 999.9999999999998863 ) ;
#3838 = VERTEX_POINT ( 'NONE', #6431 ) ;
#3839 = CARTESIAN_POINT ( 'NONE',  ( 3.559999999999999609, -0.7900000000000003686, 0.000000000000000000 ) ) ;
#3840 = ORIENTED_EDGE ( 'NONE', *, *, #6768, .F. ) ;
#3841 = LINE ( 'NONE', #1979, #1399 ) ;
#3842 = STYLED_ITEM ( 'NONE', ( #5924 ), #4136 ) ;
#3843 = EDGE_CURVE ( 'NONE', #6826, #6123, #6967, .T. ) ;
#3844 = CARTESIAN_POINT ( 'NONE',  ( 0.2560000000000001719, 0.2559999999999993392, 8.550000000000000711 ) ) ;
#3845 = LINE ( 'NONE', #3128, #5173 ) ;
#3846 = CARTESIAN_POINT ( 'NONE',  ( 2.860000000000000320, 4.823999999999998956, 7.909999999999988596 ) ) ;
#3847 = CARTESIAN_POINT ( 'NONE',  ( 0.2572625420837992283, -1.149999999999999467, 1.769420625901144017 ) ) ;
#3848 = CARTESIAN_POINT ( 'NONE',  ( -0.2468160340960208476, -1.149999999999999467, 1.361406071841800625 ) ) ;
#3849 = ORIENTED_EDGE ( 'NONE', *, *, #4502, .T. ) ;
#3850 = ORIENTED_EDGE ( 'NONE', *, *, #4306, .F. ) ;
#3851 = FILL_AREA_STYLE_COLOUR ( '', #6153 ) ;
#3852 =( GEOMETRIC_REPRESENTATION_CONTEXT ( 3 ) GLOBAL_UNCERTAINTY_ASSIGNED_CONTEXT ( ( #2635 ) ) GLOBAL_UNIT_ASSIGNED_CONTEXT ( ( #7490, #4275, #5018 ) ) REPRESENTATION_CONTEXT ( 'NONE', 'WORKASPACE' ) );
#3853 = ORIENTED_EDGE ( 'NONE', *, *, #32, .T. ) ;
#3854 =( BOUNDED_CURVE ( )  B_SPLINE_CURVE ( 3, ( #3294, #2671, #5834, #7297 ),
 .UNSPECIFIED., .F., .F. ) 
 B_SPLINE_CURVE_WITH_KNOTS ( ( 4, 4 ),
 ( 5.497787143782135288, 6.283185307179586232 ),
 .UNSPECIFIED. ) 
 CURVE ( )  GEOMETRIC_REPRESENTATION_ITEM ( )  RATIONAL_B_SPLINE_CURVE ( ( 1.000000000000000000, 0.9492530216741907889, 0.9492530216741907889, 1.000000000000000000 ) ) 
 REPRESENTATION_ITEM ( '' )  );
#3855 = EDGE_CURVE ( 'NONE', #2253, #538, #6397, .T. ) ;
#3856 = SURFACE_SIDE_STYLE ('',( #831 ) ) ;
#3857 = DIRECTION ( 'NONE',  ( 0.000000000000000000, 0.000000000000000000, 1.000000000000000000 ) ) ;
#3858 = CARTESIAN_POINT ( 'NONE',  ( -0.2485863161564043078, -1.232506392458789346, 1.457718508457241713 ) ) ;
#3859 = CARTESIAN_POINT ( 'NONE',  ( -1.020000000000000462, 6.099999999999998757, 0.4500000000000011768 ) ) ;
#3860 = FILL_AREA_STYLE ('',( #3907 ) ) ;
#3861 = ORIENTED_EDGE ( 'NONE', *, *, #3146, .F. ) ;
#3862 = CARTESIAN_POINT ( 'NONE',  ( 2.219999999999999751, 2.813200710532139492, 7.909999999999986819 ) ) ;
#3863 = CARTESIAN_POINT ( 'NONE',  ( 0.2785987272081521526, -1.149999999999999245, 0.8475468746968435330 ) ) ;
#3864 = LINE ( 'NONE', #7715, #568 ) ;
#3865 = VECTOR ( 'NONE', #160, 1000.000000000000000 ) ;
#3866 = VECTOR ( 'NONE', #4092, 1000.000000000000114 ) ;
#3867 = ORIENTED_EDGE ( 'NONE', *, *, #6443, .T. ) ;
#3868 = ORIENTED_EDGE ( 'NONE', *, *, #1775, .T. ) ;
#3869 = PLANE ( 'NONE',  #7869 ) ;
#3870 = ORIENTED_EDGE ( 'NONE', *, *, #2732, .T. ) ;
#3871 = DIRECTION ( 'NONE',  ( 0.000000000000000000, -0.000000000000000000, -1.000000000000000000 ) ) ;
#3872 = DIRECTION ( 'NONE',  ( 0.000000000000000000, 0.000000000000000000, -1.000000000000000000 ) ) ;
#3873 = AXIS2_PLACEMENT_3D ( 'NONE', #5912, #2285, #1586 ) ;
#3874 = FILL_AREA_STYLE ('',( #176 ) ) ;
#3875 = PLANE ( 'NONE',  #5073 ) ;
#3876 = VECTOR ( 'NONE', #1206, 999.9999999999998863 ) ;
#3877 = PRESENTATION_LAYER_ASSIGNMENT (  '', '', ( #2665 ) ) ;
#3878 = CARTESIAN_POINT ( 'NONE',  ( -0.3199999999999999512, 0.3199999999999993405, 8.550000000000000711 ) ) ;
#3879 = ORIENTED_EDGE ( 'NONE', *, *, #5315, .F. ) ;
#3880 =( LENGTH_UNIT ( ) NAMED_UNIT ( * ) SI_UNIT ( .MILLI., .METRE. ) );
#3881 = ORIENTED_EDGE ( 'NONE', *, *, #5484, .T. ) ;
#3882 = STYLED_ITEM ( 'NONE', ( #278 ), #4682 ) ;
#3883 = EDGE_CURVE ( 'NONE', #5002, #2617, #4582, .T. ) ;
#3884 = CARTESIAN_POINT ( 'NONE',  ( 0.3012548339959392751, 0.3012548339959391086, -2.466309119164536767 ) ) ;
#3885 = CARTESIAN_POINT ( 'NONE',  ( 0.1572017319022001314, -1.180002928788731920, 0.7372437449079628502 ) ) ;
#3886 = FILL_AREA_STYLE ('',( #5758 ) ) ;
#3887 = DIRECTION ( 'NONE',  ( -1.000000000000000000, 0.000000000000000000, 0.000000000000000000 ) ) ;
#3888 = UNCERTAINTY_MEASURE_WITH_UNIT (LENGTH_MEASURE( 1.000000000000000082E-05 ), #5423, 'distance_accuracy_value', 'NONE');
#3889 = FACE_BOUND ( 'NONE', #4597, .T. ) ;
#3890 = ADVANCED_FACE ( 'NONE', ( #5893 ), #6586, .F. ) ;
#3891 = DIRECTION ( 'NONE',  ( 0.000000000000000000, 0.000000000000000000, -1.000000000000000000 ) ) ;
#3892 = CARTESIAN_POINT ( 'NONE',  ( -0.2785775458924498738, -1.149999999999999023, 1.692958814264111878 ) ) ;
#3893 =( GEOMETRIC_REPRESENTATION_CONTEXT ( 3 ) GLOBAL_UNCERTAINTY_ASSIGNED_CONTEXT ( ( #7946 ) ) GLOBAL_UNIT_ASSIGNED_CONTEXT ( ( #2493, #884, #4617 ) ) REPRESENTATION_CONTEXT ( 'NONE', 'WORKASPACE' ) );
#3894 =( GEOMETRIC_REPRESENTATION_CONTEXT ( 3 ) GLOBAL_UNCERTAINTY_ASSIGNED_CONTEXT ( ( #2735 ) ) GLOBAL_UNIT_ASSIGNED_CONTEXT ( ( #4116, #2791, #4746 ) ) REPRESENTATION_CONTEXT ( 'NONE', 'WORKASPACE' ) );
#3895 = ORIENTED_EDGE ( 'NONE', *, *, #7257, .F. ) ;
#3896 = DIRECTION ( 'NONE',  ( -1.000000000000000000, 0.000000000000000000, 0.000000000000000000 ) ) ;
#3897 = ORIENTED_EDGE ( 'NONE', *, *, #2119, .T. ) ;
#3898 = CARTESIAN_POINT ( 'NONE',  ( 2.332849267653418046, -7.584576630186898791E-16, 8.550000000000000711 ) ) ;
#3899 = ORIENTED_EDGE ( 'NONE', *, *, #7269, .T. ) ;
#3900 = PRESENTATION_LAYER_ASSIGNMENT (  '', '', ( #3231 ) ) ;
#3901 = DIRECTION ( 'NONE',  ( 4.224164308385081333E-16, -1.000000000000000000, 0.000000000000000000 ) ) ;
#3902 = CARTESIAN_POINT ( 'NONE',  ( -0.2713367824627651581, -1.169999999999999929, 1.457141330931055911 ) ) ;
#3903 = FILL_AREA_STYLE_COLOUR ( '', #4543 ) ;
#3904 = EDGE_CURVE ( 'NONE', #248, #8154, #7199, .T. ) ;
#3905 =( BOUNDED_CURVE ( )  B_SPLINE_CURVE ( 3, ( #6985, #1315, #6454, #777 ),
 .UNSPECIFIED., .F., .F. ) 
 B_SPLINE_CURVE_WITH_KNOTS ( ( 4, 4 ),
 ( 2.356194490192344837, 3.141592653589792228 ),
 .UNSPECIFIED. ) 
 CURVE ( )  GEOMETRIC_REPRESENTATION_ITEM ( )  RATIONAL_B_SPLINE_CURVE ( ( 1.000000000000000000, 0.9492530216741912330, 0.9492530216741912330, 1.000000000000000000 ) ) 
 REPRESENTATION_ITEM ( '' )  );
#3906 = ADVANCED_FACE ( 'NONE', ( #2815 ), #5235, .T. ) ;
#3907 = FILL_AREA_STYLE_COLOUR ( '', #5886 ) ;
#3908 = COLOUR_RGB ( '',0.9686274509803921573, 0.8784313725490195957, 0.5999999999999999778 ) ;
#3909 = EDGE_LOOP ( 'NONE', ( #2041, #4390, #2258, #2536 ) ) ;
#3910 = PLANE ( 'NONE',  #8011 ) ;
#3911 = FACE_OUTER_BOUND ( 'NONE', #6734, .T. ) ;
#3912 = MECHANICAL_DESIGN_GEOMETRIC_PRESENTATION_REPRESENTATION (  '', ( #55 ), #4307 ) ;
#3913 = CARTESIAN_POINT ( 'NONE',  ( -0.2559999999999999498, 2.219999999999999751, -2.359999999999988773 ) ) ;
#3914 = DIRECTION ( 'NONE',  ( 6.842277657836020854E-49, -5.078189165123089681E-17, 1.000000000000000000 ) ) ;
#3915 = B_SPLINE_CURVE_WITH_KNOTS ( 'NONE', 3,
 ( #2095, #2207, #182, #2755, #979, #2840, #5419 ),
 .UNSPECIFIED., .F., .F.,
 ( 4, 3, 4 ),
 ( 0.000000000000000000, 5.321035412781912385E-05, 0.0001064207082558059196 ),
 .UNSPECIFIED. ) ;
#3916 = ORIENTED_EDGE ( 'NONE', *, *, #6186, .F. ) ;
#3917 = VECTOR ( 'NONE', #4495, 1000.000000000000000 ) ;
#3918 = CARTESIAN_POINT ( 'NONE',  ( -0.1581755106426774860, -1.169999999999999929, 1.806337991346787186 ) ) ;
#3919 = FACE_OUTER_BOUND ( 'NONE', #6900, .T. ) ;
#3920 = ADVANCED_FACE ( 'NONE', ( #1528 ), #6466, .F. ) ;
#3921 = CARTESIAN_POINT ( 'NONE',  ( 1.019999999999999796, -0.7900000000000003686, 0.000000000000000000 ) ) ;
#3922 = LINE ( 'NONE', #6977, #1294 ) ;
#3923 = CARTESIAN_POINT ( 'NONE',  ( -0.2732007105321400675, 2.859999999999999432, 7.909999999999988596 ) ) ;
#3924 = CARTESIAN_POINT ( 'NONE',  ( 0.7699999999999993516, 6.349999999999999645, 2.500000000000000000 ) ) ;
#3925 = VECTOR ( 'NONE', #2954, 1000.000000000000000 ) ;
#3926 = CARTESIAN_POINT ( 'NONE',  ( -0.2338056406508104701, -1.270000000000003126, 0.8276727744746823490 ) ) ;
#3927 = CARTESIAN_POINT ( 'NONE',  ( -0.2732007105321401230, -0.3200000000000002287, -2.359999999999988773 ) ) ;
#3928 = VERTEX_POINT ( 'NONE', #7904 ) ;
#3929 = CARTESIAN_POINT ( 'NONE',  ( 0.2890920949374360394, 4.766582426945555895, 7.947330798265291207 ) ) ;
#3930 = ORIENTED_EDGE ( 'NONE', *, *, #5383, .F. ) ;
#3931 = DIRECTION ( 'NONE',  ( -0.1710878697460330722, -0.1710878697460331554, 0.9702875252478149193 ) ) ;
#3932 = CARTESIAN_POINT ( 'NONE',  ( -0.2890920949374357618, 4.766582426945557671, -2.397330798265292717 ) ) ;
#3933 = CARTESIAN_POINT ( 'NONE',  ( 0.3200000000000000622, 0.2559999999999993947, 7.909999999999988596 ) ) ;
#3934 = ORIENTED_EDGE ( 'NONE', *, *, #24, .F. ) ;
#3935 = PRESENTATION_STYLE_ASSIGNMENT (( #7082 ) ) ;
#3936 = ORIENTED_EDGE ( 'NONE', *, *, #2504, .F. ) ;
#3937 = ORIENTED_EDGE ( 'NONE', *, *, #3228, .F. ) ;
#3938 = MECHANICAL_DESIGN_GEOMETRIC_PRESENTATION_REPRESENTATION (  '', ( #1162 ), #4204 ) ;
#3939 = CARTESIAN_POINT ( 'NONE',  ( -0.2071507323465823502, 2.540000000000000036, -3.000000000000000000 ) ) ;
#3941 = FILL_AREA_STYLE_COLOUR ( '', #1309 ) ;
#3940 = B_SPLINE_SURFACE_WITH_KNOTS ( 'NONE', 1, 3, ( 
 ( #110, #5179, #6253, #6870, #1195, #570, #7615, #8149, #7569, #2476, #7526, #3134, #1235, #4387 ),
 ( #1947, #4480, #3222, #6905, #611, #3848, #6299, #5680, #20, #1281, #3171, #8185, #2555, #6378 ) ),
 .UNSPECIFIED., .F., .F., .F.,
 ( 2, 2 ),
 ( 4, 3, 2, 2, 3, 4 ),
 ( 0.000000000000000000, 1.000000000000000000 ),
 ( -0.01996505755739984983, 0.000000000000000000, 0.2500000000000000000, 0.5000000000000000000, 1.000000000000000000, 1.016881080947380056 ),
 .UNSPECIFIED. ) ;
#3942 = EDGE_CURVE ( 'NONE', #3679, #7663, #215, .T. ) ;
#3943 = SURFACE_SIDE_STYLE ('',( #3773 ) ) ;
#3944 =( LENGTH_UNIT ( ) NAMED_UNIT ( * ) SI_UNIT ( .MILLI., .METRE. ) );
#3945 = CARTESIAN_POINT ( 'NONE',  ( 2.841254833995939144, -0.3012548339959392751, -2.466309119164537655 ) ) ;
#3946 = EDGE_CURVE ( 'NONE', #5420, #2070, #5518, .T. ) ;
#3947 = COLOUR_RGB ( '',0.9686274509803921573, 0.8784313725490195957, 0.5999999999999999778 ) ;
#3948 = LINE ( 'NONE', #5853, #5225 ) ;
#3949 = ORIENTED_EDGE ( 'NONE', *, *, #1020, .F. ) ;
#3950 = DIRECTION ( 'NONE',  ( 1.000000000000000000, 0.000000000000000000, 0.000000000000000000 ) ) ;
#3951 = SURFACE_SIDE_STYLE ('',( #2000 ) ) ;
#3952 = ADVANCED_FACE ( 'NONE', ( #4929 ), #4810, .T. ) ;
#3953 = STYLED_ITEM ( 'NONE', ( #4118 ), #3373 ) ;
#3954 = ADVANCED_FACE ( 'NONE', ( #6139 ), #3595, .F. ) ;
#3955 = DIRECTION ( 'NONE',  ( -0.7213041043845912492, 0.000000000000000000, 0.6926185017727599647 ) ) ;
#3956 = CARTESIAN_POINT ( 'NONE',  ( 0.1539821883141189174, -1.270000000000000906, 0.7698550621375672698 ) ) ;
#3957 = CARTESIAN_POINT ( 'NONE',  ( 1.019999999999999130, 6.099999999999998757, 0.000000000000000000 ) ) ;
#3958 =( BOUNDED_CURVE ( )  B_SPLINE_CURVE ( 3, ( #1502, #3415, #1785, #5532 ),
 .UNSPECIFIED., .F., .F. ) 
 B_SPLINE_CURVE_WITH_KNOTS ( ( 4, 4 ),
 ( 2.356194490192345281, 3.141592653589793116 ),
 .UNSPECIFIED. ) 
 CURVE ( )  GEOMETRIC_REPRESENTATION_ITEM ( )  RATIONAL_B_SPLINE_CURVE ( ( 1.000000000000000000, 0.9492530216741912330, 0.9492530216741912330, 1.000000000000000000 ) ) 
 REPRESENTATION_ITEM ( '' )  );
#3959 = ORIENTED_EDGE ( 'NONE', *, *, #8176, .T. ) ;
#3960 =( NAMED_UNIT ( * ) SI_UNIT ( $, .STERADIAN. ) SOLID_ANGLE_UNIT ( ) );
#3961 = CARTESIAN_POINT ( 'NONE',  ( -0.3199999999999999512, 2.860000000000000320, -2.359999999999988773 ) ) ;
#3962 = CARTESIAN_POINT ( 'NONE',  ( -0.2567730509801834926, -1.210013523391393564, 0.8484209039776828831 ) ) ;
#3963 = ADVANCED_FACE ( 'NONE', ( #1649 ), #6665, .F. ) ;
#3964 = FILL_AREA_STYLE ('',( #5207 ) ) ;
#3965 = DIRECTION ( 'NONE',  ( -0.1710878697460326558, -0.1710878697460326836, 0.9702875252478149193 ) ) ;
#3966 = ADVANCED_FACE ( 'NONE', ( #2967 ), #3675, .T. ) ;
#3967 = CARTESIAN_POINT ( 'NONE',  ( -0.3199999999999999512, 5.400000000000000355, -2.359999999999988773 ) ) ;
#3968 = ORIENTED_EDGE ( 'NONE', *, *, #3655, .F. ) ;
#3969 =( NAMED_UNIT ( * ) SI_UNIT ( $, .STERADIAN. ) SOLID_ANGLE_UNIT ( ) );
#3970 = ORIENTED_EDGE ( 'NONE', *, *, #5372, .T. ) ;
#3971 =( NAMED_UNIT ( * ) SI_UNIT ( $, .STERADIAN. ) SOLID_ANGLE_UNIT ( ) );
#3972 = CARTESIAN_POINT ( 'NONE',  ( 0.1565682309120682292, -1.230017572091698819, 0.7554475863476841635 ) ) ;
#3973 = CARTESIAN_POINT ( 'NONE',  ( 0.2732007105321402896, 2.859999999999999876, -2.359999999999988773 ) ) ;
#3974 = DIRECTION ( 'NONE',  ( -0.1710878697460327114, 0.1710878697460326836, 0.9702875252478149193 ) ) ;
#3975 = PRODUCT_DEFINITION_CONTEXT ( 'detailed design', #2684, 'design' ) ;
#3976 = LINE ( 'NONE', #7696, #703 ) ;
#3977 = CARTESIAN_POINT ( 'NONE',  ( -0.1560617469879520269, -1.270000000000000018, 1.770000000000000240 ) ) ;
#3978 = ORIENTED_EDGE ( 'NONE', *, *, #5976, .F. ) ;
#3979 =( BOUNDED_CURVE ( )  B_SPLINE_CURVE ( 3, ( #7601, #2093, #685, #1933 ),
 .UNSPECIFIED., .F., .F. ) 
 B_SPLINE_CURVE_WITH_KNOTS ( ( 4, 4 ),
 ( 5.497787143782140618, 6.283185307179586232 ),
 .UNSPECIFIED. ) 
 CURVE ( )  GEOMETRIC_REPRESENTATION_ITEM ( )  RATIONAL_B_SPLINE_CURVE ( ( 1.000000000000000000, 0.9492530216741915661, 0.9492530216741915661, 1.000000000000000000 ) ) 
 REPRESENTATION_ITEM ( '' )  );
#3980 = CARTESIAN_POINT ( 'NONE',  ( 0.000000000000000000, 4.872849267653418082, -3.000000000000000000 ) ) ;
#3981 = ORIENTED_EDGE ( 'NONE', *, *, #3228, .T. ) ;
#3982 = CARTESIAN_POINT ( 'NONE',  ( -0.3199999999999998956, 4.823999999999999844, -2.359999999999988773 ) ) ;
#3983 = ORIENTED_EDGE ( 'NONE', *, *, #7254, .F. ) ;
#3984 = CARTESIAN_POINT ( 'NONE',  ( 1.520000000000000240, 0.000000000000000000, 0.000000000000000000 ) ) ;
#3985 = CARTESIAN_POINT ( 'NONE',  ( -0.2275784156327469165, -1.269999999999983364, 0.8074457306935122203 ) ) ;
#3986 = COLOUR_RGB ( '',0.9686274509803921573, 0.8784313725490195957, 0.5999999999999999778 ) ;
#3987 =( LENGTH_UNIT ( ) NAMED_UNIT ( * ) SI_UNIT ( .MILLI., .METRE. ) );
#3988 = PRESENTATION_LAYER_ASSIGNMENT (  '', '', ( #1456 ) ) ;
#3989 = CARTESIAN_POINT ( 'NONE',  ( 0.2413707663489016164, -1.169999999999998375, 1.193284726940157858 ) ) ;
#3990 = ORIENTED_EDGE ( 'NONE', *, *, #2469, .F. ) ;
#3991 = FACE_OUTER_BOUND ( 'NONE', #6837, .T. ) ;
#3992 = CARTESIAN_POINT ( 'NONE',  ( -0.2071507323465823502, -1.754634953454123626E-17, -3.000000000000000000 ) ) ;
#3993 = FILL_AREA_STYLE ('',( #4619 ) ) ;
#3994 = ADVANCED_FACE ( 'NONE', ( #5473 ), #7988, .F. ) ;
#3995 = LINE ( 'NONE', #1539, #1827 ) ;
#3996 = AXIS2_PLACEMENT_3D ( 'NONE', #76, #877, #154 ) ;
#3997 =( NAMED_UNIT ( * ) SI_UNIT ( $, .STERADIAN. ) SOLID_ANGLE_UNIT ( ) );
#3998 = SURFACE_STYLE_FILL_AREA ( #3528 ) ;
#3999 = SURFACE_SIDE_STYLE ('',( #3410 ) ) ;
#4000 = EDGE_CURVE ( 'NONE', #2310, #6889, #8181, .T. ) ;
#4001 = EDGE_LOOP ( 'NONE', ( #237, #1724, #5696, #3879 ) ) ;
#4002 = AXIS2_PLACEMENT_3D ( 'NONE', #4215, #5038, #3118 ) ;
#4003 = DIRECTION ( 'NONE',  ( 0.000000000000000000, -0.000000000000000000, 1.000000000000000000 ) ) ;
#4004 = CYLINDRICAL_SURFACE ( 'NONE', #720, 0.06399999999999982092 ) ;
#4005 = CARTESIAN_POINT ( 'NONE',  ( 1.269999999999999130, 6.099999999999998757, 2.500000000000000000 ) ) ;
#4006 = AXIS2_PLACEMENT_3D ( 'NONE', #7956, #2445, #1130 ) ;
#4007 = AXIS2_PLACEMENT_3D ( 'NONE', #1347, #6937, #1932 ) ;
#4008 = LINE ( 'NONE', #2055, #710 ) ;
#4009 =( NAMED_UNIT ( * ) SI_UNIT ( $, .STERADIAN. ) SOLID_ANGLE_UNIT ( ) );
#4010 = EDGE_CURVE ( 'NONE', #26, #7930, #4517, .T. ) ;
#4011 = VERTEX_POINT ( 'NONE', #5677 ) ;
#4012 =( GEOMETRIC_REPRESENTATION_CONTEXT ( 3 ) GLOBAL_UNCERTAINTY_ASSIGNED_CONTEXT ( ( #4297 ) ) GLOBAL_UNIT_ASSIGNED_CONTEXT ( ( #7314, #4228, #1078 ) ) REPRESENTATION_CONTEXT ( 'NONE', 'WORKASPACE' ) );
#4013 =( LENGTH_UNIT ( ) NAMED_UNIT ( * ) SI_UNIT ( .MILLI., .METRE. ) );
#4014 = AXIS2_PLACEMENT_3D ( 'NONE', #699, #2725, #5266 ) ;
#4015 = ORIENTED_EDGE ( 'NONE', *, *, #1868, .T. ) ;
#4016 = PRESENTATION_STYLE_ASSIGNMENT (( #6987 ) ) ;
#4017 = DIRECTION ( 'NONE',  ( 1.000000000000000000, 4.224164308385081333E-16, 1.537470072901852402E-16 ) ) ;
#4018 = SURFACE_STYLE_FILL_AREA ( #7814 ) ;
#4019 = CARTESIAN_POINT ( 'NONE',  ( 2.853417573054442435, 4.790907905062564254, 7.947330798265291207 ) ) ;
#4020 = CARTESIAN_POINT ( 'NONE',  ( 2.747150732346582025, 5.287150732346582060, 8.550000000000000711 ) ) ;
#4021 = PRESENTATION_LAYER_ASSIGNMENT (  '', '', ( #295 ) ) ;
#4022 = EDGE_LOOP ( 'NONE', ( #7495, #1511, #2875, #6964, #8033, #4427 ) ) ;
#4023 = FACE_OUTER_BOUND ( 'NONE', #7636, .T. ) ;
#4024 = VECTOR ( 'NONE', #2784, 1000.000000000000000 ) ;
#4025 = EDGE_LOOP ( 'NONE', ( #4367, #6503, #1796, #2951, #5355, #1316 ) ) ;
#4026 = CARTESIAN_POINT ( 'NONE',  ( 3.810000000000000053, -1.019999999999999130, 2.350000000000000089 ) ) ;
#4027 = ORIENTED_EDGE ( 'NONE', *, *, #5023, .T. ) ;
#4028 = AXIS2_PLACEMENT_3D ( 'NONE', #6119, #4245, #3698 ) ;
#4029 = SURFACE_STYLE_USAGE ( .BOTH. , #3310 ) ;
#4030 = PRESENTATION_LAYER_ASSIGNMENT (  '', '', ( #7584 ) ) ;
#4031 = LINE ( 'NONE', #1568, #4264 ) ;
#4032 = PRESENTATION_STYLE_ASSIGNMENT (( #5435 ) ) ;
#4033 = ORIENTED_EDGE ( 'NONE', *, *, #3221, .F. ) ;
#4034 = CARTESIAN_POINT ( 'NONE',  ( 2.860000000000000320, 0.2559999999999993947, 8.550000000000000711 ) ) ;
#4035 = VECTOR ( 'NONE', #3768, 1000.000000000000000 ) ;
#4036 = EDGE_LOOP ( 'NONE', ( #7432, #3521, #4936, #3870 ) ) ;
#4037 = COLOUR_RGB ( '',0.9686274509803921573, 0.8784313725490195957, 0.5999999999999999778 ) ;
#4038 =( NAMED_UNIT ( * ) SI_UNIT ( $, .STERADIAN. ) SOLID_ANGLE_UNIT ( ) );
#4039 = FACE_OUTER_BOUND ( 'NONE', #5015, .T. ) ;
#4040 =( NAMED_UNIT ( * ) PLANE_ANGLE_UNIT ( ) SI_UNIT ( $, .RADIAN. ) );
#4041 =( LENGTH_UNIT ( ) NAMED_UNIT ( * ) SI_UNIT ( .MILLI., .METRE. ) );
#4042 = VECTOR ( 'NONE', #4610, 999.9999999999998863 ) ;
#4043 = ORIENTED_EDGE ( 'NONE', *, *, #3587, .T. ) ;
#4044 = DIRECTION ( 'NONE',  ( -6.842277657836020854E-49, 5.078189165123089681E-17, -1.000000000000000000 ) ) ;
#4045 = FACE_OUTER_BOUND ( 'NONE', #7185, .T. ) ;
#4046 = LINE ( 'NONE', #305, #6003 ) ;
#4047 = CARTESIAN_POINT ( 'NONE',  ( -0.1577689812403506864, -1.149999999999998135, 0.7263366216202520320 ) ) ;
#4048 = VECTOR ( 'NONE', #4461, 1000.000000000000000 ) ;
#4049 = EDGE_CURVE ( 'NONE', #2427, #3056, #4972, .T. ) ;
#4050 = ORIENTED_EDGE ( 'NONE', *, *, #5779, .T. ) ;
#4051 = CARTESIAN_POINT ( 'NONE',  ( -0.2890920949374356508, 5.393417573054441583, 7.947330798265292984 ) ) ;
#4052 = ORIENTED_EDGE ( 'NONE', *, *, #3283, .T. ) ;
#4053 = CARTESIAN_POINT ( 'NONE',  ( 2.796000000000000263, 4.759999999999999787, 8.550000000000000711 ) ) ;
#4054 = CARTESIAN_POINT ( 'NONE',  ( 2.238745166004060927, 4.778745166004060962, -2.466309119164536767 ) ) ;
#4055 = FILL_AREA_STYLE ('',( #5880 ) ) ;
#4056 = UNCERTAINTY_MEASURE_WITH_UNIT (LENGTH_MEASURE( 1.000000000000000082E-05 ), #227, 'distance_accuracy_value', 'NONE');
#4057 = ADVANCED_FACE ( 'NONE', ( #6420 ), #1278, .T. ) ;
#4058 = DIRECTION ( 'NONE',  ( 0.000000000000000000, -1.000000000000000000, 0.000000000000000000 ) ) ;
#4059 = EDGE_CURVE ( 'NONE', #7475, #6045, #5471, .T. ) ;
#4060 = ORIENTED_EDGE ( 'NONE', *, *, #1211, .T. ) ;
#4061 = MECHANICAL_DESIGN_GEOMETRIC_PRESENTATION_REPRESENTATION (  '', ( #2592 ), #5256 ) ;
#4062 = ORIENTED_EDGE ( 'NONE', *, *, #7808, .T. ) ;
#4063 = ORIENTED_EDGE ( 'NONE', *, *, #4764, .F. ) ;
#4064 = FACE_OUTER_BOUND ( 'NONE', #4697, .T. ) ;
#4065 = UNCERTAINTY_MEASURE_WITH_UNIT (LENGTH_MEASURE( 1.000000000000000082E-05 ), #309, 'distance_accuracy_value', 'NONE');
#4066 = DIRECTION ( 'NONE',  ( -1.000000000000000000, 0.000000000000000000, 0.000000000000000000 ) ) ;
#4067 =( NAMED_UNIT ( * ) SI_UNIT ( $, .STERADIAN. ) SOLID_ANGLE_UNIT ( ) );
#4068 = EDGE_LOOP ( 'NONE', ( #5887, #818, #561, #4564, #860 ) ) ;
#4069 = DIRECTION ( 'NONE',  ( 0.000000000000000000, -1.000000000000000000, 0.000000000000000000 ) ) ;
#4070 = ORIENTED_EDGE ( 'NONE', *, *, #4256, .F. ) ;
#4071 = DIRECTION ( 'NONE',  ( 1.000000000000000000, 3.336006684570782608E-16, 0.000000000000000000 ) ) ;
#4072 = CARTESIAN_POINT ( 'NONE',  ( 2.220000000000000195, 0.3199999999999993405, 7.909999999999988596 ) ) ;
#4073 = CARTESIAN_POINT ( 'NONE',  ( -0.3199999999999999512, 5.400000000000000355, -2.359999999999988773 ) ) ;
#4074 =( BOUNDED_CURVE ( )  B_SPLINE_CURVE ( 3, ( #3367, #5903, #5285, #7795 ),
 .UNSPECIFIED., .F., .F. ) 
 B_SPLINE_CURVE_WITH_KNOTS ( ( 4, 4 ),
 ( 3.141592653589793560, 3.926990816987243171 ),
 .UNSPECIFIED. ) 
 CURVE ( )  GEOMETRIC_REPRESENTATION_ITEM ( )  RATIONAL_B_SPLINE_CURVE ( ( 1.000000000000000000, 0.9492530216741910110, 0.9492530216741910110, 1.000000000000000000 ) ) 
 REPRESENTATION_ITEM ( '' )  );
#4075 = CARTESIAN_POINT ( 'NONE',  ( 2.829092094937436297, 2.226582426945557636, -2.397330798265292273 ) ) ;
#4076 =( NAMED_UNIT ( * ) PLANE_ANGLE_UNIT ( ) SI_UNIT ( $, .RADIAN. ) );
#4077 = VERTEX_POINT ( 'NONE', #1356 ) ;
#4078 = PRESENTATION_LAYER_ASSIGNMENT (  '', '', ( #7648 ) ) ;
#4079 = CARTESIAN_POINT ( 'NONE',  ( 0.2081842810550333378, -1.270000000000001350, 1.175455635456972070 ) ) ;
#4080 = CARTESIAN_POINT ( 'NONE',  ( 2.860000000000000320, 2.859999999999999876, 8.550000000000000711 ) ) ;
#4081 = DIRECTION ( 'NONE',  ( -0.000000000000000000, -0.000000000000000000, -1.000000000000000000 ) ) ;
#4082 = DIRECTION ( 'NONE',  ( 1.000000000000000000, 0.000000000000000000, 0.000000000000000000 ) ) ;
#4083 = EDGE_CURVE ( 'NONE', #7110, #2832, #3258, .T. ) ;
#4084 = SURFACE_STYLE_FILL_AREA ( #899 ) ;
#4085 = VERTEX_POINT ( 'NONE', #7522 ) ;
#4086 = ADVANCED_FACE ( 'NONE', ( #7567 ), #1943, .F. ) ;
#4087 = ORIENTED_EDGE ( 'NONE', *, *, #2171, .F. ) ;
#4088 =( NAMED_UNIT ( * ) PLANE_ANGLE_UNIT ( ) SI_UNIT ( $, .RADIAN. ) );
#4089 = CARTESIAN_POINT ( 'NONE',  ( 2.283999999999999808, 5.399999999999999467, 7.909999999999988596 ) ) ;
#4090 = COLOUR_RGB ( '',0.9686274509803921573, 0.8784313725490195957, 0.5999999999999999778 ) ;
#4091 = ADVANCED_FACE ( 'NONE', ( #1811 ), #4344, .T. ) ;
#4092 = DIRECTION ( 'NONE',  ( -0.1710878697460327114, 0.1710878697460326836, 0.9702875252478149193 ) ) ;
#4093 = SURFACE_STYLE_USAGE ( .BOTH. , #1434 ) ;
#4094 = ORIENTED_EDGE ( 'NONE', *, *, #4765, .F. ) ;
#4095 = LINE ( 'NONE', #7158, #859 ) ;
#4096 = EDGE_LOOP ( 'NONE', ( #4879, #3281, #3273, #3700, #5404, #6213 ) ) ;
#4097 = EDGE_CURVE ( 'NONE', #1178, #5058, #2472, .T. ) ;
#4098 = CARTESIAN_POINT ( 'NONE',  ( 2.238745166004060927, 0.3012548339959389421, -2.466309119164537655 ) ) ;
#4099 = ORIENTED_EDGE ( 'NONE', *, *, #3060, .T. ) ;
#4100 = CARTESIAN_POINT ( 'NONE',  ( 1.269999999999999574, 5.870000000000000107, 0.6000000000000000888 ) ) ;
#4101 = DIRECTION ( 'NONE',  ( 0.000000000000000000, -0.000000000000000000, 1.000000000000000000 ) ) ;
#4102 = EDGE_CURVE ( 'NONE', #7118, #1325, #5714, .T. ) ;
#4103 = FACE_OUTER_BOUND ( 'NONE', #2268, .T. ) ;
#4104 = PRESENTATION_STYLE_ASSIGNMENT (( #367 ) ) ;
#4105 = ORIENTED_EDGE ( 'NONE', *, *, #587, .T. ) ;
#4106 = VECTOR ( 'NONE', #3796, 1000.000000000000000 ) ;
#4107 = ORIENTED_EDGE ( 'NONE', *, *, #457, .F. ) ;
#4108 = EDGE_CURVE ( 'NONE', #4844, #1398, #6604, .T. ) ;
#4109 = CARTESIAN_POINT ( 'NONE',  ( -0.3199999999999998956, 2.283999999999999808, -2.359999999999988773 ) ) ;
#4110 = VECTOR ( 'NONE', #5795, 1000.000000000000000 ) ;
#4111 = LINE ( 'NONE', #889, #1051 ) ;
#4112 =( NAMED_UNIT ( * ) PLANE_ANGLE_UNIT ( ) SI_UNIT ( $, .RADIAN. ) );
#4113 = PRESENTATION_STYLE_ASSIGNMENT (( #252 ) ) ;
#4114 = VERTEX_POINT ( 'NONE', #1317 ) ;
#4115 =( GEOMETRIC_REPRESENTATION_CONTEXT ( 3 ) GLOBAL_UNCERTAINTY_ASSIGNED_CONTEXT ( ( #6129 ) ) GLOBAL_UNIT_ASSIGNED_CONTEXT ( ( #4691, #1527, #4262 ) ) REPRESENTATION_CONTEXT ( 'NONE', 'WORKASPACE' ) );
#4116 =( LENGTH_UNIT ( ) NAMED_UNIT ( * ) SI_UNIT ( .MILLI., .METRE. ) );
#4117 =( BOUNDED_CURVE ( )  B_SPLINE_CURVE ( 3, ( #1560, #2216, #1597, #1639 ),
 .UNSPECIFIED., .F., .F. ) 
 B_SPLINE_CURVE_WITH_KNOTS ( ( 4, 4 ),
 ( 2.356194490192343061, 3.141592653589793116 ),
 .UNSPECIFIED. ) 
 CURVE ( )  GEOMETRIC_REPRESENTATION_ITEM ( )  RATIONAL_B_SPLINE_CURVE ( ( 1.000000000000000000, 0.9492530216741910110, 0.9492530216741910110, 1.000000000000000000 ) ) 
 REPRESENTATION_ITEM ( '' )  );
#4118 = PRESENTATION_STYLE_ASSIGNMENT (( #4162 ) ) ;
#4119 = DIRECTION ( 'NONE',  ( 0.000000000000000000, 5.078189165123089681E-17, -1.000000000000000000 ) ) ;
#4120 = DIRECTION ( 'NONE',  ( -0.1710878697460326558, -0.1710878697460326836, -0.9702875252478149193 ) ) ;
#4121 = EDGE_LOOP ( 'NONE', ( #6986, #2031, #3542, #6206, #2116, #1594 ) ) ;
#4122 = VERTEX_POINT ( 'NONE', #1230 ) ;
#4123 = PRESENTATION_STYLE_ASSIGNMENT (( #7891 ) ) ;
#4124 = CARTESIAN_POINT ( 'NONE',  ( 2.540000000000000036, 2.332849267653417158, 8.550000000000000711 ) ) ;
#4125 = UNCERTAINTY_MEASURE_WITH_UNIT (LENGTH_MEASURE( 1.000000000000000082E-05 ), #2130, 'distance_accuracy_value', 'NONE');
#4126 = DIRECTION ( 'NONE',  ( 0.000000000000000000, 1.000000000000000000, 0.000000000000000000 ) ) ;
#4127 = CARTESIAN_POINT ( 'NONE',  ( 2.860000000000000320, 4.872849267653418082, 8.550000000000000711 ) ) ;
#4128 = EDGE_CURVE ( 'NONE', #5483, #1694, #3845, .T. ) ;
#4129 = VECTOR ( 'NONE', #6176, 1000.000000000000000 ) ;
#4130 = ORIENTED_EDGE ( 'NONE', *, *, #7413, .F. ) ;
#4131 = AXIS2_PLACEMENT_3D ( 'NONE', #844, #5904, #210 ) ;
#4132 = FACE_OUTER_BOUND ( 'NONE', #6016, .T. ) ;
#4133 = ORIENTED_EDGE ( 'NONE', *, *, #6443, .F. ) ;
#4134 = CARTESIAN_POINT ( 'NONE',  ( 0.2560000000000002274, 2.219999999999999307, 8.550000000000000711 ) ) ;
#4135 = EDGE_LOOP ( 'NONE', ( #6508, #656, #6492, #3531 ) ) ;
#4136 = ADVANCED_FACE ( 'NONE', ( #3217 ), #7735, .T. ) ;
#4137 = PLANE ( 'NONE',  #536 ) ;
#4138 = DIRECTION ( 'NONE',  ( 0.000000000000000000, -0.000000000000000000, 1.000000000000000000 ) ) ;
#4139 = UNCERTAINTY_MEASURE_WITH_UNIT (LENGTH_MEASURE( 1.000000000000000082E-05 ), #782, 'distance_accuracy_value', 'NONE');
#4140 = VECTOR ( 'NONE', #3334, 1000.000000000000000 ) ;
#4141 = LINE ( 'NONE', #5937, #1499 ) ;
#4142 = FACE_OUTER_BOUND ( 'NONE', #5262, .T. ) ;
#4143 = VECTOR ( 'NONE', #1911, 1000.000000000000000 ) ;
#4144 = CARTESIAN_POINT ( 'NONE',  ( -1.019999999999999796, -1.019999999999998685, 2.500000000000000000 ) ) ;
#4145 = ORIENTED_EDGE ( 'NONE', *, *, #1928, .F. ) ;
#4146 = FILL_AREA_STYLE_COLOUR ( '', #7595 ) ;
#4147 = ORIENTED_EDGE ( 'NONE', *, *, #6712, .T. ) ;
#4148 = CARTESIAN_POINT ( 'NONE',  ( 0.2328456203364174248, -1.269999999999994245, 1.129924358544336149 ) ) ;
#4149 = PRESENTATION_LAYER_ASSIGNMENT (  '', '', ( #7716 ) ) ;
#4150 = MECHANICAL_DESIGN_GEOMETRIC_PRESENTATION_REPRESENTATION (  '', ( #5609 ), #5878 ) ;
#4151 = SURFACE_SIDE_STYLE ('',( #3484 ) ) ;
#4152 = CARTESIAN_POINT ( 'NONE',  ( 0.000000000000000000, -0.2071507323465826000, -3.000000000000000000 ) ) ;
#4153 = CARTESIAN_POINT ( 'NONE',  ( 0.3200000000000000622, 0.2559999999999993947, 8.550000000000000711 ) ) ;
#4154 = EDGE_CURVE ( 'NONE', #4569, #674, #2905, .T. ) ;
#4155 = FILL_AREA_STYLE ('',( #4704 ) ) ;
#4156 = EDGE_CURVE ( 'NONE', #4770, #4348, #6539, .T. ) ;
#4157 = STYLED_ITEM ( 'NONE', ( #4328 ), #966 ) ;
#4158 =( GEOMETRIC_REPRESENTATION_CONTEXT ( 3 ) GLOBAL_UNCERTAINTY_ASSIGNED_CONTEXT ( ( #1995 ) ) GLOBAL_UNIT_ASSIGNED_CONTEXT ( ( #5569, #8077, #1246 ) ) REPRESENTATION_CONTEXT ( 'NONE', 'WORKASPACE' ) );
#4159 = EDGE_LOOP ( 'NONE', ( #1070, #4486, #7887, #7308, #2703, #1341 ) ) ;
#4160 = DIRECTION ( 'NONE',  ( 0.000000000000000000, -1.000000000000000000, 0.000000000000000000 ) ) ;
#4161 = CARTESIAN_POINT ( 'NONE',  ( 0.3200000000000001177, 4.806799289467859282, -2.359999999999986997 ) ) ;
#4162 = SURFACE_STYLE_USAGE ( .BOTH. , #4787 ) ;
#4163 = PRESENTATION_LAYER_ASSIGNMENT (  '', '', ( #319 ) ) ;
#4164 = FACE_OUTER_BOUND ( 'NONE', #3721, .T. ) ;
#4165 = DIRECTION ( 'NONE',  ( -0.000000000000000000, 1.000000000000000000, 5.078189165123089681E-17 ) ) ;
#4166 = CARTESIAN_POINT ( 'NONE',  ( -0.3012548339959390531, 5.381254833995939180, -2.466309119164537655 ) ) ;
#4167 =( BOUNDED_CURVE ( )  B_SPLINE_CURVE ( 3, ( #3933, #67, #1433, #4478 ),
 .UNSPECIFIED., .F., .F. ) 
 B_SPLINE_CURVE_WITH_KNOTS ( ( 4, 4 ),
 ( 4.653770160119201278E-16, 0.7853981633974501664 ),
 .UNSPECIFIED. ) 
 CURVE ( )  GEOMETRIC_REPRESENTATION_ITEM ( )  RATIONAL_B_SPLINE_CURVE ( ( 1.000000000000000000, 0.9492530216741910110, 0.9492530216741910110, 1.000000000000000000 ) ) 
 REPRESENTATION_ITEM ( '' )  );
#4168 = FILL_AREA_STYLE_COLOUR ( '', #2952 ) ;
#4169 = ADVANCED_FACE ( 'NONE', ( #5839 ), #3571, .F. ) ;
#4170 = VECTOR ( 'NONE', #5513, 1000.000000000000000 ) ;
#4171 = EDGE_LOOP ( 'NONE', ( #4728, #7192, #1199, #5754 ) ) ;
#4172 = FILL_AREA_STYLE_COLOUR ( '', #996 ) ;
#4173 = VERTEX_POINT ( 'NONE', #2634 ) ;
#4174 = CARTESIAN_POINT ( 'NONE',  ( -0.3012548339959390531, 5.381254833995939180, -2.466309119164537655 ) ) ;
#4175 = CARTESIAN_POINT ( 'NONE',  ( 1.041695487370000395, -1.270000000000000240, 2.350000000000000089 ) ) ;
#4176 = LINE ( 'NONE', #1518, #1221 ) ;
#4177 = AXIS2_PLACEMENT_3D ( 'NONE', #2789, #5410, #502 ) ;
#4178 = LINE ( 'NONE', #8018, #3837 ) ;
#4179 = SURFACE_SIDE_STYLE ('',( #7305 ) ) ;
#4180 = ORIENTED_EDGE ( 'NONE', *, *, #5965, .T. ) ;
#4181 = MECHANICAL_DESIGN_GEOMETRIC_PRESENTATION_REPRESENTATION (  '', ( #1934 ), #5640 ) ;
#4182 = VERTEX_POINT ( 'NONE', #1670 ) ;
#4183 = CARTESIAN_POINT ( 'NONE',  ( 2.860000000000000320, 4.759999999999999787, 7.909999999999988596 ) ) ;
#4184 =( LENGTH_UNIT ( ) NAMED_UNIT ( * ) SI_UNIT ( .MILLI., .METRE. ) );
#4185 = PLANE ( 'NONE',  #2532 ) ;
#4186 = MECHANICAL_DESIGN_GEOMETRIC_PRESENTATION_REPRESENTATION (  '', ( #3111 ), #6961 ) ;
#4187 = ORIENTED_EDGE ( 'NONE', *, *, #5605, .T. ) ;
#4188 = DIRECTION ( 'NONE',  ( 0.000000000000000000, -1.000000000000000000, 0.000000000000000000 ) ) ;
#4189 = ORIENTED_EDGE ( 'NONE', *, *, #2379, .F. ) ;
#4190 = FACE_OUTER_BOUND ( 'NONE', #4022, .T. ) ;
#4191 = EDGE_CURVE ( 'NONE', #2198, #5157, #7189, .T. ) ;
#4192 = CARTESIAN_POINT ( 'NONE',  ( 3.559999999999999609, 6.099999999999997868, 0.4500000000000020650 ) ) ;
#4193 = DIRECTION ( 'NONE',  ( -0.1710878697460330722, -0.1710878697460330722, -0.9702875252478149193 ) ) ;
#4194 = CARTESIAN_POINT ( 'NONE',  ( -0.3199999999999998401, 0.2732007105321395124, 7.909999999999986819 ) ) ;
#4195 = CARTESIAN_POINT ( 'NONE',  ( 0.2397902344294507715, -1.256673428369794676, 0.8487764478203825291 ) ) ;
#4196 = CARTESIAN_POINT ( 'NONE',  ( 0.1577309937155810249, -1.169999999999998153, 1.806368232087112391 ) ) ;
#4197 = EDGE_CURVE ( 'NONE', #5932, #1555, #3345, .T. ) ;
#4198 = CARTESIAN_POINT ( 'NONE',  ( 2.284000000000000252, 2.219999999999999307, 8.550000000000000711 ) ) ;
#4199 = ORIENTED_EDGE ( 'NONE', *, *, #5232, .T. ) ;
#4200 = FACE_OUTER_BOUND ( 'NONE', #6348, .T. ) ;
#4201 = EDGE_CURVE ( 'NONE', #7564, #7296, #188, .T. ) ;
#4202 = ADVANCED_FACE ( 'NONE', ( #7153 ), #1472, .T. ) ;
#4203 = CARTESIAN_POINT ( 'NONE',  ( 1.269999999999999130, 6.099999999999998757, 0.5999999999999998668 ) ) ;
#4204 =( GEOMETRIC_REPRESENTATION_CONTEXT ( 3 ) GLOBAL_UNCERTAINTY_ASSIGNED_CONTEXT ( ( #8106 ) ) GLOBAL_UNIT_ASSIGNED_CONTEXT ( ( #3167, #4233, #1614 ) ) REPRESENTATION_CONTEXT ( 'NONE', 'WORKASPACE' ) );
#4205 =( NAMED_UNIT ( * ) PLANE_ANGLE_UNIT ( ) SI_UNIT ( $, .RADIAN. ) );
#4206 = PRESENTATION_STYLE_ASSIGNMENT (( #4671 ) ) ;
#4207 = EDGE_CURVE ( 'NONE', #3056, #3559, #425, .T. ) ;
#4208 = VECTOR ( 'NONE', #600, 1000.000000000000114 ) ;
#4209 = LINE ( 'NONE', #549, #6925 ) ;
#4210 = EDGE_LOOP ( 'NONE', ( #2891, #917, #6461, #2270 ) ) ;
#4211 = ORIENTED_EDGE ( 'NONE', *, *, #949, .T. ) ;
#4212 = EDGE_CURVE ( 'NONE', #510, #883, #7500, .T. ) ;
#4213 =( LENGTH_UNIT ( ) NAMED_UNIT ( * ) SI_UNIT ( .MILLI., .METRE. ) );
#4214 = PLANE ( 'NONE',  #6849 ) ;
#4215 = CARTESIAN_POINT ( 'NONE',  ( 2.220000000000000195, 5.399999999999999467, 8.550000000000000711 ) ) ;
#4216 = UNCERTAINTY_MEASURE_WITH_UNIT (LENGTH_MEASURE( 1.000000000000000082E-05 ), #6496, 'distance_accuracy_value', 'NONE');
#4217 = DIRECTION ( 'NONE',  ( -8.470329472543003391E-17, 1.000000000000000000, 0.000000000000000000 ) ) ;
#4218 = SURFACE_STYLE_FILL_AREA ( #4885 ) ;
#4219 = CYLINDRICAL_SURFACE ( 'NONE', #6920, 0.06399999999999982092 ) ;
#4220 = ORIENTED_EDGE ( 'NONE', *, *, #1974, .T. ) ;
#4221 = CARTESIAN_POINT ( 'NONE',  ( 0.3200000000000001177, 2.283999999999999364, 7.909999999999988596 ) ) ;
#4222 =( GEOMETRIC_REPRESENTATION_CONTEXT ( 3 ) GLOBAL_UNCERTAINTY_ASSIGNED_CONTEXT ( ( #4383 ) ) GLOBAL_UNIT_ASSIGNED_CONTEXT ( ( #6260, #1329, #7088 ) ) REPRESENTATION_CONTEXT ( 'NONE', 'WORKASPACE' ) );
#4223 = EDGE_LOOP ( 'NONE', ( #4773, #7641, #3850, #6702 ) ) ;
#4224 = CARTESIAN_POINT ( 'NONE',  ( -0.2071507323465818784, 2.332849267653417158, 8.550000000000000711 ) ) ;
#4225 = DIRECTION ( 'NONE',  ( -0.000000000000000000, 0.000000000000000000, -1.000000000000000000 ) ) ;
#4226 = UNCERTAINTY_MEASURE_WITH_UNIT (LENGTH_MEASURE( 1.000000000000000082E-05 ), #8055, 'distance_accuracy_value', 'NONE');
#4227 = LINE ( 'NONE', #1813, #6536 ) ;
#4228 =( NAMED_UNIT ( * ) PLANE_ANGLE_UNIT ( ) SI_UNIT ( $, .RADIAN. ) );
#4229 = PRESENTATION_STYLE_ASSIGNMENT (( #8030 ) ) ;
#4230 = ORIENTED_EDGE ( 'NONE', *, *, #2167, .F. ) ;
#4231 = PLANE ( 'NONE',  #4571 ) ;
#4232 = ORIENTED_EDGE ( 'NONE', *, *, #4558, .T. ) ;
#4233 =( NAMED_UNIT ( * ) PLANE_ANGLE_UNIT ( ) SI_UNIT ( $, .RADIAN. ) );
#4234 = CARTESIAN_POINT ( 'NONE',  ( 0.7699999999999993516, 6.349999999999999645, 0.000000000000000000 ) ) ;
#4235 = CARTESIAN_POINT ( 'NONE',  ( -0.1562305829448820682, -1.256672524119851975, 1.774850804518275149 ) ) ;
#4236 = PRESENTATION_STYLE_ASSIGNMENT (( #1703 ) ) ;
#4237 = DIRECTION ( 'NONE',  ( 0.9396926207859079838, 0.3420201433256698231, 0.000000000000000000 ) ) ;
#4238 = ORIENTED_EDGE ( 'NONE', *, *, #1547, .T. ) ;
#4239 = EDGE_CURVE ( 'NONE', #6834, #1956, #4365, .T. ) ;
#4240 =( GEOMETRIC_REPRESENTATION_CONTEXT ( 3 ) GLOBAL_UNCERTAINTY_ASSIGNED_CONTEXT ( ( #4139 ) ) GLOBAL_UNIT_ASSIGNED_CONTEXT ( ( #782, #1432, #7334 ) ) REPRESENTATION_CONTEXT ( 'NONE', 'WORKASPACE' ) );
#4241 = VECTOR ( 'NONE', #6149, 1000.000000000000000 ) ;
#4242 = CARTESIAN_POINT ( 'NONE',  ( -0.3199999999999999512, 5.335999999999999410, 7.909999999999988596 ) ) ;
#4243 = ADVANCED_FACE ( 'NONE', ( #1173 ), #2408, .F. ) ;
#4244 =( NAMED_UNIT ( * ) PLANE_ANGLE_UNIT ( ) SI_UNIT ( $, .RADIAN. ) );
#4245 = DIRECTION ( 'NONE',  ( 0.7071067811865490160, 0.7071067811865460184, -0.000000000000000000 ) ) ;
#4246 = LINE ( 'NONE', #1099, #5699 ) ;
#4247 = AXIS2_PLACEMENT_3D ( 'NONE', #1688, #4225, #3887 ) ;
#4248 = FILL_AREA_STYLE_COLOUR ( '', #6271 ) ;
#4249 = ORIENTED_EDGE ( 'NONE', *, *, #1501, .F. ) ;
#4250 = VERTEX_POINT ( 'NONE', #3782 ) ;
#4251 = SURFACE_SIDE_STYLE ('',( #1718 ) ) ;
#4252 = CARTESIAN_POINT ( 'NONE',  ( 2.841254833995939588, 2.238745166004060039, 8.016309119164535701 ) ) ;
#4253 =( GEOMETRIC_REPRESENTATION_CONTEXT ( 3 ) GLOBAL_UNCERTAINTY_ASSIGNED_CONTEXT ( ( #4216 ) ) GLOBAL_UNIT_ASSIGNED_CONTEXT ( ( #6496, #2020, #6372 ) ) REPRESENTATION_CONTEXT ( 'NONE', 'WORKASPACE' ) );
#4254 = CARTESIAN_POINT ( 'NONE',  ( -0.2713367824627651581, -1.170000000000000151, 1.131698228245897608 ) ) ;
#4255 = CARTESIAN_POINT ( 'NONE',  ( 0.2130619339462966888, -1.231816458264318292, 1.190681998960771093 ) ) ;
#4256 = EDGE_CURVE ( 'NONE', #6714, #7879, #6763, .T. ) ;
#4257 = FACE_OUTER_BOUND ( 'NONE', #2401, .T. ) ;
#4258 = ORIENTED_EDGE ( 'NONE', *, *, #7142, .T. ) ;
#4259 =( NAMED_UNIT ( * ) PLANE_ANGLE_UNIT ( ) SI_UNIT ( $, .RADIAN. ) );
#4260 = MECHANICAL_DESIGN_GEOMETRIC_PRESENTATION_REPRESENTATION (  '', ( #4266 ), #5857 ) ;
#4261 = EDGE_LOOP ( 'NONE', ( #6891, #4654, #3741, #958 ) ) ;
#4262 =( NAMED_UNIT ( * ) SI_UNIT ( $, .STERADIAN. ) SOLID_ANGLE_UNIT ( ) );
#4263 = FILL_AREA_STYLE_COLOUR ( '', #4822 ) ;
#4264 = VECTOR ( 'NONE', #879, 1000.000000000000000 ) ;
#4265 =( NAMED_UNIT ( * ) PLANE_ANGLE_UNIT ( ) SI_UNIT ( $, .RADIAN. ) );
#4266 = STYLED_ITEM ( 'NONE', ( #3534 ), #6373 ) ;
#4267 = ORIENTED_EDGE ( 'NONE', *, *, #637, .F. ) ;
#4268 = DIRECTION ( 'NONE',  ( 0.000000000000000000, 1.000000000000000000, 0.000000000000000000 ) ) ;
#4269 = MECHANICAL_DESIGN_GEOMETRIC_PRESENTATION_REPRESENTATION (  '', ( #5866 ), #4807 ) ;
#4270 = ORIENTED_EDGE ( 'NONE', *, *, #6776, .T. ) ;
#4271 = CARTESIAN_POINT ( 'NONE',  ( 2.220000000000000195, 2.283999999999999808, -2.359999999999988773 ) ) ;
#4272 = ORIENTED_EDGE ( 'NONE', *, *, #4872, .T. ) ;
#4273 = ADVANCED_FACE ( 'NONE', ( #4946 ), #8046, .T. ) ;
#4274 = DIRECTION ( 'NONE',  ( 0.000000000000000000, 0.9848077530122085754, 0.1736481776669273891 ) ) ;
#4275 =( NAMED_UNIT ( * ) PLANE_ANGLE_UNIT ( ) SI_UNIT ( $, .RADIAN. ) );
#4276 = CARTESIAN_POINT ( 'NONE',  ( -0.1572017319022026294, -1.180002928788729699, 1.802756255092038851 ) ) ;
#4277 = FACE_OUTER_BOUND ( 'NONE', #5386, .T. ) ;
#4278 = DIRECTION ( 'NONE',  ( 1.000000000000000000, 0.000000000000000000, 0.000000000000000000 ) ) ;
#4279 = VECTOR ( 'NONE', #6938, 1000.000000000000227 ) ;
#4280 = SURFACE_STYLE_USAGE ( .BOTH. , #5021 ) ;
#4281 = ORIENTED_EDGE ( 'NONE', *, *, #6265, .F. ) ;
#4282 = AXIS2_PLACEMENT_3D ( 'NONE', #5268, #7818, #4724 ) ;
#4283 = FACE_OUTER_BOUND ( 'NONE', #4656, .T. ) ;
#4284 = CARTESIAN_POINT ( 'NONE',  ( 1.269999999999999574, 6.099999999999998757, 2.350000000000000089 ) ) ;
#4285 = DIRECTION ( 'NONE',  ( 1.000000000000000000, -0.000000000000000000, 0.000000000000000000 ) ) ;
#4286 = CARTESIAN_POINT ( 'NONE',  ( -0.3199999999999999512, 5.400000000000000355, -2.359999999999988773 ) ) ;
#4287 = CIRCLE ( 'NONE', #3363, 0.6500000000000000222 ) ;
#4288 =( LENGTH_UNIT ( ) NAMED_UNIT ( * ) SI_UNIT ( .MILLI., .METRE. ) );
#4289 = VERTEX_POINT ( 'NONE', #504 ) ;
#4290 = PLANE ( 'NONE',  #4693 ) ;
#4291 = VERTEX_POINT ( 'NONE', #3022 ) ;
#4292 = ORIENTED_EDGE ( 'NONE', *, *, #5817, .F. ) ;
#4293 = CIRCLE ( 'NONE', #990, 0.6500000000000000222 ) ;
#4294 = CARTESIAN_POINT ( 'NONE',  ( 1.169999999999998153, -1.019999999999999130, 2.350000000000000089 ) ) ;
#4295 = LINE ( 'NONE', #4959, #7115 ) ;
#4296 = FACE_BOUND ( 'NONE', #7503, .T. ) ;
#4297 = UNCERTAINTY_MEASURE_WITH_UNIT (LENGTH_MEASURE( 1.000000000000000082E-05 ), #7314, 'distance_accuracy_value', 'NONE');
#4298 = PRESENTATION_STYLE_ASSIGNMENT (( #5509 ) ) ;
#4299 = ADVANCED_FACE ( 'NONE', ( #1296 ), #4612, .F. ) ;
#4300 =( GEOMETRIC_REPRESENTATION_CONTEXT ( 3 ) GLOBAL_UNCERTAINTY_ASSIGNED_CONTEXT ( ( #5636 ) ) GLOBAL_UNIT_ASSIGNED_CONTEXT ( ( #3880, #3800, #3969 ) ) REPRESENTATION_CONTEXT ( 'NONE', 'WORKASPACE' ) );
#4301 = VECTOR ( 'NONE', #882, 1000.000000000000000 ) ;
#4302 = SURFACE_STYLE_USAGE ( .BOTH. , #1150 ) ;
#4303 = ORIENTED_EDGE ( 'NONE', *, *, #1258, .F. ) ;
#4304 = CARTESIAN_POINT ( 'NONE',  ( 2.250907905062563774, 4.766582426945556783, 7.947330798265289431 ) ) ;
#4305 = ORIENTED_EDGE ( 'NONE', *, *, #2271, .F. ) ;
#4306 = EDGE_CURVE ( 'NONE', #6134, #6932, #5246, .T. ) ;
#4307 =( GEOMETRIC_REPRESENTATION_CONTEXT ( 3 ) GLOBAL_UNCERTAINTY_ASSIGNED_CONTEXT ( ( #2473 ) ) GLOBAL_UNIT_ASSIGNED_CONTEXT ( ( #7100, #2619, #3960 ) ) REPRESENTATION_CONTEXT ( 'NONE', 'WORKASPACE' ) );
#4308 = ADVANCED_FACE ( 'NONE', ( #8203 ), #7840, .F. ) ;
#4309 = PRESENTATION_STYLE_ASSIGNMENT (( #7311 ) ) ;
#4310 = UNCERTAINTY_MEASURE_WITH_UNIT (LENGTH_MEASURE( 1.000000000000000082E-05 ), #6778, 'distance_accuracy_value', 'NONE');
#4311 = VECTOR ( 'NONE', #1335, 1000.000000000000000 ) ;
#4312 = DIRECTION ( 'NONE',  ( -1.000000000000000000, 0.000000000000000000, -0.000000000000000000 ) ) ;
#4313 = EDGE_LOOP ( 'NONE', ( #170, #5552, #7785, #6368, #4501, #1327, #1988, #3195 ) ) ;
#4314 = CARTESIAN_POINT ( 'NONE',  ( 2.220000000000001084, 2.266799289467859690, -2.359999999999986997 ) ) ;
#4315 = ORIENTED_EDGE ( 'NONE', *, *, #6570, .T. ) ;
#4316 = DIRECTION ( 'NONE',  ( 0.9396926207859079838, 0.3420201433256698786, 0.000000000000000000 ) ) ;
#4317 = DIRECTION ( 'NONE',  ( 0.000000000000000000, -5.078189165123089681E-17, 1.000000000000000000 ) ) ;
#4318 = VECTOR ( 'NONE', #2759, 1000.000000000000000 ) ;
#4319 = CARTESIAN_POINT ( 'NONE',  ( 0.1581493721355246573, -1.169999999999998375, 1.806339440747603664 ) ) ;
#4320 = CARTESIAN_POINT ( 'NONE',  ( -0.7699999999999996847, -1.270000000000000018, 2.500000000000000000 ) ) ;
#4321 = FILL_AREA_STYLE_COLOUR ( '', #8115 ) ;
#4322 = ORIENTED_EDGE ( 'NONE', *, *, #238, .T. ) ;
#4323 =( LENGTH_UNIT ( ) NAMED_UNIT ( * ) SI_UNIT ( .MILLI., .METRE. ) );
#4324 = DIRECTION ( 'NONE',  ( -0.000000000000000000, -0.000000000000000000, -1.000000000000000000 ) ) ;
#4325 = CARTESIAN_POINT ( 'NONE',  ( -1.020000000000000462, 6.099999999999998757, 2.500000000000000000 ) ) ;
#4326 = CARTESIAN_POINT ( 'NONE',  ( 0.3134175730544423999, 4.790907905062564254, 7.947330798265291207 ) ) ;
#4327 = ORIENTED_EDGE ( 'NONE', *, *, #3067, .F. ) ;
#4328 = PRESENTATION_STYLE_ASSIGNMENT (( #8090 ) ) ;
#4329 = VERTEX_POINT ( 'NONE', #123 ) ;
#4330 = SURFACE_SIDE_STYLE ('',( #7507 ) ) ;
#4331 = AXIS2_PLACEMENT_3D ( 'NONE', #6975, #2621, #3871 ) ;
#4332 = ORIENTED_EDGE ( 'NONE', *, *, #1365, .F. ) ;
#4333 = DIRECTION ( 'NONE',  ( 1.000000000000000000, -1.408054769461694189E-16, 0.000000000000000000 ) ) ;
#4334 = DIRECTION ( 'NONE',  ( 6.842277657836020854E-49, -5.078189165123089681E-17, 1.000000000000000000 ) ) ;
#4335 = CARTESIAN_POINT ( 'NONE',  ( 1.169999999999998153, -1.019999999999999130, 2.350000000000000089 ) ) ;
#4336 = AXIS2_PLACEMENT_3D ( 'NONE', #2675, #5879, #62 ) ;
#4337 = EDGE_CURVE ( 'NONE', #1366, #6826, #1921, .T. ) ;
#4338 = ORIENTED_EDGE ( 'NONE', *, *, #467, .F. ) ;
#4339 = LINE ( 'NONE', #3757, #2966 ) ;
#4340 = ORIENTED_EDGE ( 'NONE', *, *, #7986, .F. ) ;
#4341 = EDGE_CURVE ( 'NONE', #1373, #84, #6399, .T. ) ;
#4342 = AXIS2_PLACEMENT_3D ( 'NONE', #7344, #3423, #7187 ) ;
#4343 = CARTESIAN_POINT ( 'NONE',  ( 2.220000000000000195, 2.860000000000000320, -2.359999999999988773 ) ) ;
#4344 = PLANE ( 'NONE',  #3574 ) ;
#4345 =( LENGTH_UNIT ( ) NAMED_UNIT ( * ) SI_UNIT ( .MILLI., .METRE. ) );
#4346 =( NAMED_UNIT ( * ) SI_UNIT ( $, .STERADIAN. ) SOLID_ANGLE_UNIT ( ) );
#4347 = DIRECTION ( 'NONE',  ( -1.000000000000000000, 0.000000000000000000, 0.000000000000000000 ) ) ;
#4348 = VERTEX_POINT ( 'NONE', #3239 ) ;
#4349 = EDGE_CURVE ( 'NONE', #862, #2742, #5693, .T. ) ;
#4350 = VECTOR ( 'NONE', #6039, 1000.000000000000227 ) ;
#4351 = LINE ( 'NONE', #7356, #2301 ) ;
#4352 = VERTEX_POINT ( 'NONE', #6352 ) ;
#4353 = DIRECTION ( 'NONE',  ( 0.3384669027138036412, -0.9299301724389166246, 0.1437707555626365208 ) ) ;
#4354 = ORIENTED_EDGE ( 'NONE', *, *, #8089, .F. ) ;
#4355 = PLANE ( 'NONE',  #669 ) ;
#4356 = MANIFOLD_SOLID_BREP ( 'Fillet1', #7858 ) ;
#4357 = LINE ( 'NONE', #6799, #2101 ) ;
#4358 = STYLED_ITEM ( 'NONE', ( #3398 ), #3890 ) ;
#4359 = DIRECTION ( 'NONE',  ( 1.000000000000000000, 0.000000000000000000, -0.000000000000000000 ) ) ;
#4360 = ADVANCED_FACE ( 'NONE', ( #6596 ), #6441, .T. ) ;
#4361 = EDGE_LOOP ( 'NONE', ( #247, #5523, #5561, #1390 ) ) ;
#4362 = CARTESIAN_POINT ( 'NONE',  ( 2.829092094937435409, 5.393417573054442471, -2.397330798265293161 ) ) ;
#4363 = CARTESIAN_POINT ( 'NONE',  ( -0.7700000000000005729, 6.349999999999999645, 0.000000000000000000 ) ) ;
#4364 =( NAMED_UNIT ( * ) SI_UNIT ( $, .STERADIAN. ) SOLID_ANGLE_UNIT ( ) );
#4365 = LINE ( 'NONE', #1709, #6739 ) ;
#4366 = SURFACE_STYLE_FILL_AREA ( #1256 ) ;
#4367 = ORIENTED_EDGE ( 'NONE', *, *, #6317, .F. ) ;
#4368 = ORIENTED_EDGE ( 'NONE', *, *, #1756, .F. ) ;
#4369 = DIRECTION ( 'NONE',  ( 0.000000000000000000, 0.9848077530122085754, 0.1736481776669273891 ) ) ;
#4370 = COLOUR_RGB ( '',0.9686274509803921573, 0.8784313725490195957, 0.5999999999999999778 ) ;
#4371 = VERTEX_POINT ( 'NONE', #4662 ) ;
#4372 = CARTESIAN_POINT ( 'NONE',  ( 2.332849267653417602, -1.754634953454123626E-17, -3.000000000000000000 ) ) ;
#4373 = AXIS2_PLACEMENT_3D ( 'NONE', #365, #450, #6745 ) ;
#4374 = VECTOR ( 'NONE', #7999, 1000.000000000000000 ) ;
#4375 = CARTESIAN_POINT ( 'NONE',  ( 1.019999999999999796, -1.019999999999999130, 2.500000000000000000 ) ) ;
#4376 = ORIENTED_EDGE ( 'NONE', *, *, #8044, .T. ) ;
#4377 = VERTEX_POINT ( 'NONE', #7247 ) ;
#4378 = DIRECTION ( 'NONE',  ( -0.7071067811865459074, 0.7071067811865491270, 0.000000000000000000 ) ) ;
#4379 = STYLED_ITEM ( 'NONE', ( #7076 ), #6000 ) ;
#4380 =( BOUNDED_CURVE ( )  B_SPLINE_CURVE ( 3, ( #7876, #3448, #7797, #3488 ),
 .UNSPECIFIED., .F., .F. ) 
 B_SPLINE_CURVE_WITH_KNOTS ( ( 4, 4 ),
 ( 2.356194490192346169, 3.141592653589793116 ),
 .UNSPECIFIED. ) 
 CURVE ( )  GEOMETRIC_REPRESENTATION_ITEM ( )  RATIONAL_B_SPLINE_CURVE ( ( 1.000000000000000000, 0.9492530216741912330, 0.9492530216741912330, 1.000000000000000000 ) ) 
 REPRESENTATION_ITEM ( '' )  );
#4381 = FACE_OUTER_BOUND ( 'NONE', #7025, .T. ) ;
#4382 = DIRECTION ( 'NONE',  ( 0.7071067811865515695, -0.000000000000000000, 0.7071067811865435759 ) ) ;
#4383 = UNCERTAINTY_MEASURE_WITH_UNIT (LENGTH_MEASURE( 1.000000000000000082E-05 ), #6260, 'distance_accuracy_value', 'NONE');
#4384 = EDGE_CURVE ( 'NONE', #4291, #4735, #7286, .T. ) ;
#4385 = DIRECTION ( 'NONE',  ( 6.842277657836020854E-49, -5.078189165123089681E-17, 1.000000000000000000 ) ) ;
#4386 = CARTESIAN_POINT ( 'NONE',  ( 0.1590689512689715812, -1.149999999999999245, 1.813572779289713832 ) ) ;
#4387 = CARTESIAN_POINT ( 'NONE',  ( -0.2350150689595370268, -1.270000000000000906, 1.459547824164676877 ) ) ;
#4388 = MECHANICAL_DESIGN_GEOMETRIC_PRESENTATION_REPRESENTATION (  '', ( #7954 ), #7031 ) ;
#4389 = CARTESIAN_POINT ( 'NONE',  ( 2.829092094937435409, 2.853417573054441991, -2.397330798265293161 ) ) ;
#4390 = ORIENTED_EDGE ( 'NONE', *, *, #7406, .T. ) ;
#4391 = LINE ( 'NONE', #1284, #6279 ) ;
#4392 = VERTEX_POINT ( 'NONE', #1619 ) ;
#4393 = MANIFOLD_SOLID_BREP ( 'Metal-Pattern[3]', #5753 ) ;
#4394 = FACE_OUTER_BOUND ( 'NONE', #4261, .T. ) ;
#4395 = AXIS2_PLACEMENT_3D ( 'NONE', #259, #4714, #379 ) ;
#4396 = CARTESIAN_POINT ( 'NONE',  ( 0.3012665221284894224, -0.3012665221284895334, -2.466242832470900037 ) ) ;
#4397 = FILL_AREA_STYLE ('',( #3903 ) ) ;
#4398 = ORIENTED_EDGE ( 'NONE', *, *, #5120, .F. ) ;
#4399 = PRESENTATION_LAYER_ASSIGNMENT (  '', '', ( #2144 ) ) ;
#4400 = STYLED_ITEM ( 'NONE', ( #5326 ), #6622 ) ;
#4401 = DIRECTION ( 'NONE',  ( -8.470329472543003391E-17, 1.000000000000000000, 0.000000000000000000 ) ) ;
#4402 = PLANE ( 'NONE',  #6595 ) ;
#4403 = EDGE_CURVE ( 'NONE', #2982, #5618, #374, .T. ) ;
#4404 =( LENGTH_UNIT ( ) NAMED_UNIT ( * ) SI_UNIT ( .MILLI., .METRE. ) );
#4405 = SURFACE_SIDE_STYLE ('',( #6924 ) ) ;
#4406 =( GEOMETRIC_REPRESENTATION_CONTEXT ( 3 ) GLOBAL_UNCERTAINTY_ASSIGNED_CONTEXT ( ( #7775 ) ) GLOBAL_UNIT_ASSIGNED_CONTEXT ( ( #7845, #2245, #4789 ) ) REPRESENTATION_CONTEXT ( 'NONE', 'WORKASPACE' ) );
#4407 = CARTESIAN_POINT ( 'NONE',  ( 2.266799289467859690, 2.859999999999999432, 7.909999999999988596 ) ) ;
#4408 = DIRECTION ( 'NONE',  ( -1.000000000000000000, -4.224164308385081333E-16, 1.537470072901852402E-16 ) ) ;
#4409 = PRESENTATION_LAYER_ASSIGNMENT (  '', '', ( #6395 ) ) ;
#4410 = EDGE_LOOP ( 'NONE', ( #5776, #2487, #6598, #4027 ) ) ;
#4411 = CARTESIAN_POINT ( 'NONE',  ( 0.2560000000000002274, -0.3200000000000001732, -2.359999999999988773 ) ) ;
#4412 = EDGE_LOOP ( 'NONE', ( #2338, #2641, #5685, #149, #7357, #7389 ) ) ;
#4413 = CARTESIAN_POINT ( 'NONE',  ( -0.2010872110020789083, 2.741087211002078305, 8.584387938363944315 ) ) ;
#4414 = VECTOR ( 'NONE', #505, 1000.000000000000000 ) ;
#4415 = ORIENTED_EDGE ( 'NONE', *, *, #7366, .F. ) ;
#4416 = CARTESIAN_POINT ( 'NONE',  ( -0.2292613886581088001, -1.170000000000000151, 1.353074703515666277 ) ) ;
#4417 = VECTOR ( 'NONE', #6659, 1000.000000000000000 ) ;
#4418 =( NAMED_UNIT ( * ) PLANE_ANGLE_UNIT ( ) SI_UNIT ( $, .RADIAN. ) );
#4419 = VECTOR ( 'NONE', #5392, 1000.000000000000000 ) ;
#4420 = DIRECTION ( 'NONE',  ( -0.1710878697460330722, -0.1710878697460331554, 0.9702875252478149193 ) ) ;
#4421 = CARTESIAN_POINT ( 'NONE',  ( -0.2560000000000000608, 0.3199999999999993960, 7.909999999999988596 ) ) ;
#4422 = EDGE_CURVE ( 'NONE', #2992, #5214, #4380, .T. ) ;
#4423 = VECTOR ( 'NONE', #6645, 1000.000000000000000 ) ;
#4424 =( NAMED_UNIT ( * ) PLANE_ANGLE_UNIT ( ) SI_UNIT ( $, .RADIAN. ) );
#4425 = STYLED_ITEM ( 'NONE', ( #4104 ), #332 ) ;
#4426 = ORIENTED_EDGE ( 'NONE', *, *, #4083, .F. ) ;
#4427 = ORIENTED_EDGE ( 'NONE', *, *, #3836, .F. ) ;
#4428 = CARTESIAN_POINT ( 'NONE',  ( 2.540000000000000036, -0.2071507323465826833, 8.550000000000000711 ) ) ;
#4429 =( NAMED_UNIT ( * ) SI_UNIT ( $, .STERADIAN. ) SOLID_ANGLE_UNIT ( ) );
#4430 = DIRECTION ( 'NONE',  ( -0.9396926207859083169, 0.3420201433256690460, 0.000000000000000000 ) ) ;
#4431 = CARTESIAN_POINT ( 'NONE',  ( 0.2494911852965867871, -1.230020284928575292, 0.8485733467014673348 ) ) ;
#4432 = VECTOR ( 'NONE', #2438, 1000.000000000000000 ) ;
#4433 =( GEOMETRIC_REPRESENTATION_CONTEXT ( 3 ) GLOBAL_UNCERTAINTY_ASSIGNED_CONTEXT ( ( #6467 ) ) GLOBAL_UNIT_ASSIGNED_CONTEXT ( ( #4760, #4686, #992 ) ) REPRESENTATION_CONTEXT ( 'NONE', 'WORKASPACE' ) );
#4434 = CARTESIAN_POINT ( 'NONE',  ( 0.2349625787886141237, -1.270000000000000906, 1.691914351317266085 ) ) ;
#4435 = CARTESIAN_POINT ( 'NONE',  ( -0.1855040689101465357, -1.149999999999999023, 1.811417952186437086 ) ) ;
#4436 = VERTEX_POINT ( 'NONE', #7325 ) ;
#4437 = CARTESIAN_POINT ( 'NONE',  ( 2.747150732346582025, 2.747150732346581581, 8.550000000000000711 ) ) ;
#4438 = ORIENTED_EDGE ( 'NONE', *, *, #5051, .F. ) ;
#4439 = CARTESIAN_POINT ( 'NONE',  ( 0.000000000000000000, 5.287150732346582060, 8.550000000000000711 ) ) ;
#4440 = AXIS2_PLACEMENT_3D ( 'NONE', #4689, #2770, #1601 ) ;
#4441 = EDGE_LOOP ( 'NONE', ( #1734, #1574, #8190, #6646, #4426, #6355 ) ) ;
#4442 =( BOUNDED_CURVE ( )  B_SPLINE_CURVE ( 3, ( #516, #482, #4849, #2882 ),
 .UNSPECIFIED., .F., .F. ) 
 B_SPLINE_CURVE_WITH_KNOTS ( ( 4, 4 ),
 ( 2.356194490192344837, 3.141592653589792228 ),
 .UNSPECIFIED. ) 
 CURVE ( )  GEOMETRIC_REPRESENTATION_ITEM ( )  RATIONAL_B_SPLINE_CURVE ( ( 1.000000000000000000, 0.9492530216741912330, 0.9492530216741912330, 1.000000000000000000 ) ) 
 REPRESENTATION_ITEM ( '' )  );
#4443 = CARTESIAN_POINT ( 'NONE',  ( -0.2349397590361448074, -1.270000000000000018, 1.458064759036144631 ) ) ;
#4444 = DIRECTION ( 'NONE',  ( 1.000000000000000000, 0.000000000000000000, 0.000000000000000000 ) ) ;
#4445 = SURFACE_SIDE_STYLE ('',( #5850 ) ) ;
#4446 = CARTESIAN_POINT ( 'NONE',  ( -0.1562305829448809025, -1.256672524119845091, 0.7651491954817229990 ) ) ;
#4447 = CARTESIAN_POINT ( 'NONE',  ( 2.284000000000000252, -0.2560000000000007270, 8.550000000000000711 ) ) ;
#4448 = ORIENTED_EDGE ( 'NONE', *, *, #2539, .T. ) ;
#4449 = DIRECTION ( 'NONE',  ( -1.000000000000000000, -8.470329472543003391E-17, -4.301393535249064745E-33 ) ) ;
#4450 = STYLED_ITEM ( 'NONE', ( #5942 ), #2187 ) ;
#4451 = EDGE_CURVE ( 'NONE', #2348, #4371, #5986, .T. ) ;
#4452 = CARTESIAN_POINT ( 'NONE',  ( -1.019999999999999796, 6.099999999999998757, 0.4500000000000009548 ) ) ;
#4453 = CARTESIAN_POINT ( 'NONE',  ( -0.2560000000000000053, 2.795999999999999375, 8.550000000000000711 ) ) ;
#4454 = FILL_AREA_STYLE ('',( #7758 ) ) ;
#4455 = CARTESIAN_POINT ( 'NONE',  ( 2.220000000000000195, 0.2559999999999998943, -2.359999999999988773 ) ) ;
#4456 = PRESENTATION_LAYER_ASSIGNMENT (  '', '', ( #2592 ) ) ;
#4457 = VERTEX_POINT ( 'NONE', #6634 ) ;
#4458 = EDGE_CURVE ( 'NONE', #2148, #5652, #4779, .T. ) ;
#4459 = LINE ( 'NONE', #1, #3490 ) ;
#4460 = EDGE_LOOP ( 'NONE', ( #1563, #2233, #6194, #2240, #527, #4755 ) ) ;
#4461 = DIRECTION ( 'NONE',  ( 8.470329472543003391E-17, -1.000000000000000000, 0.000000000000000000 ) ) ;
#4462 = ORIENTED_EDGE ( 'NONE', *, *, #7226, .F. ) ;
#4463 = DIRECTION ( 'NONE',  ( -0.7071067811865516806, 0.000000000000000000, -0.7071067811865434649 ) ) ;
#4464 = DIRECTION ( 'NONE',  ( -6.842277657836020854E-49, 5.078189165123089681E-17, -1.000000000000000000 ) ) ;
#4465 = LINE ( 'NONE', #1346, #4745 ) ;
#4466 = CARTESIAN_POINT ( 'NONE',  ( -0.2732007105321401230, 4.759999999999999787, 7.909999999999986819 ) ) ;
#4467 = CARTESIAN_POINT ( 'NONE',  ( 2.283999999999999808, 0.2559999999999993392, 8.550000000000000711 ) ) ;
#4468 = EDGE_CURVE ( 'NONE', #2017, #873, #5818, .T. ) ;
#4469 = PLANE ( 'NONE',  #1253 ) ;
#4470 = ORIENTED_EDGE ( 'NONE', *, *, #869, .F. ) ;
#4471 = LINE ( 'NONE', #59, #1780 ) ;
#4472 = ORIENTED_EDGE ( 'NONE', *, *, #1652, .T. ) ;
#4473 = CARTESIAN_POINT ( 'NONE',  ( -0.2732007105321401230, 4.760000000000000675, -2.359999999999988773 ) ) ;
#4474 = EDGE_CURVE ( 'NONE', #6796, #5592, #338, .T. ) ;
#4475 = SURFACE_STYLE_USAGE ( .BOTH. , #7113 ) ;
#4476 = CARTESIAN_POINT ( 'NONE',  ( -0.09036144578313276554, -1.270000000000000018, 1.625421686746987948 ) ) ;
#4477 = UNCERTAINTY_MEASURE_WITH_UNIT (LENGTH_MEASURE( 1.000000000000000082E-05 ), #6161, 'distance_accuracy_value', 'NONE');
#4478 = CARTESIAN_POINT ( 'NONE',  ( 0.3012548339959390531, 0.3012548339959383870, 8.016309119164537478 ) ) ;
#4479 = CARTESIAN_POINT ( 'NONE',  ( 0.2274526451903168545, -1.270000000000001128, 1.733480568609701011 ) ) ;
#4480 = CARTESIAN_POINT ( 'NONE',  ( -0.2346826363381417369, -1.149999999999998357, 1.348216507526505126 ) ) ;
#4481 = ORIENTED_EDGE ( 'NONE', *, *, #2400, .T. ) ;
#4482 = DIRECTION ( 'NONE',  ( -0.9848077530122085754, -8.341646135128160883E-17, 0.1736481776669278332 ) ) ;
#4483 = VERTEX_POINT ( 'NONE', #5287 ) ;
#4484 = CARTESIAN_POINT ( 'NONE',  ( 2.853417573054442435, 0.2890920949374353177, 7.947330798265291207 ) ) ;
#4485 = AXIS2_PLACEMENT_3D ( 'NONE', #95, #7763, #5161 ) ;
#4486 = ORIENTED_EDGE ( 'NONE', *, *, #5664, .F. ) ;
#4487 = EDGE_CURVE ( 'NONE', #2982, #2210, #1886, .T. ) ;
#4488 = CARTESIAN_POINT ( 'NONE',  ( 1.270000000000000018, 5.870000000000000107, 0.6000000000000000888 ) ) ;
#4489 = CARTESIAN_POINT ( 'NONE',  ( 2.860000000000000320, 2.860000000000000320, -2.359999999999988773 ) ) ;
#4490 = FILL_AREA_STYLE ('',( #1408 ) ) ;
#4491 = SURFACE_STYLE_FILL_AREA ( #7003 ) ;
#4492 =( BOUNDED_CURVE ( )  B_SPLINE_CURVE ( 3, ( #575, #3812, #1905, #1200 ),
 .UNSPECIFIED., .F., .F. ) 
 B_SPLINE_CURVE_WITH_KNOTS ( ( 4, 4 ),
 ( -8.881784197001252323E-16, 0.7853981633974438381 ),
 .UNSPECIFIED. ) 
 CURVE ( )  GEOMETRIC_REPRESENTATION_ITEM ( )  RATIONAL_B_SPLINE_CURVE ( ( 1.000000000000000000, 0.9492530216741915661, 0.9492530216741915661, 1.000000000000000000 ) ) 
 REPRESENTATION_ITEM ( '' )  );
#4493 = CARTESIAN_POINT ( 'NONE',  ( 1.394999999999998908, 6.099999999999998757, 2.374999999999999556 ) ) ;
#4494 = EDGE_LOOP ( 'NONE', ( #3827, #8204, #3895, #8101, #1706, #492 ) ) ;
#4495 = DIRECTION ( 'NONE',  ( 8.470329472543003391E-17, -1.000000000000000000, 0.000000000000000000 ) ) ;
#4496 =( GEOMETRIC_REPRESENTATION_CONTEXT ( 3 ) GLOBAL_UNCERTAINTY_ASSIGNED_CONTEXT ( ( #3129 ) ) GLOBAL_UNIT_ASSIGNED_CONTEXT ( ( #5567, #8072, #2977 ) ) REPRESENTATION_CONTEXT ( 'NONE', 'WORKASPACE' ) );
#4497 = DIRECTION ( 'NONE',  ( 0.000000000000000000, 0.000000000000000000, -1.000000000000000000 ) ) ;
#4498 = CARTESIAN_POINT ( 'NONE',  ( 0.1855040689101517815, -1.149999999999999467, 0.7285820478135652811 ) ) ;
#4499 = EDGE_CURVE ( 'NONE', #3801, #7242, #891, .T. ) ;
#4500 = MANIFOLD_SOLID_BREP ( 'Metal-Pattern[4]', #3622 ) ;
#4501 = ORIENTED_EDGE ( 'NONE', *, *, #587, .F. ) ;
#4502 = EDGE_CURVE ( 'NONE', #6812, #6063, #6239, .T. ) ;
#4503 = ORIENTED_EDGE ( 'NONE', *, *, #3815, .T. ) ;
#4504 = CARTESIAN_POINT ( 'NONE',  ( -0.2713260487806430366, -1.169999999999999929, 1.692140181738763793 ) ) ;
#4505 = ORIENTED_EDGE ( 'NONE', *, *, #5413, .F. ) ;
#4506 = EDGE_CURVE ( 'NONE', #7793, #6875, #1740, .T. ) ;
#4507 = SURFACE_STYLE_FILL_AREA ( #5123 ) ;
#4508 = DIRECTION ( 'NONE',  ( 0.7071067811865454633, -0.000000000000000000, -0.7071067811865495711 ) ) ;
#4509 = ADVANCED_FACE ( 'NONE', ( #8036, #1089 ), #8073, .T. ) ;
#4510 =( GEOMETRIC_REPRESENTATION_CONTEXT ( 3 ) GLOBAL_UNCERTAINTY_ASSIGNED_CONTEXT ( ( #5547 ) ) GLOBAL_UNIT_ASSIGNED_CONTEXT ( ( #5914, #5338, #4009 ) ) REPRESENTATION_CONTEXT ( 'NONE', 'WORKASPACE' ) );
#4511 = DIRECTION ( 'NONE',  ( 0.000000000000000000, 5.078189165123089681E-17, -1.000000000000000000 ) ) ;
#4512 = ORIENTED_EDGE ( 'NONE', *, *, #2743, .F. ) ;
#4513 = EDGE_LOOP ( 'NONE', ( #5150, #2175, #7518, #6591 ) ) ;
#4514 = VECTOR ( 'NONE', #4324, 1000.000000000000000 ) ;
#4515 = DIRECTION ( 'NONE',  ( 0.000000000000000000, 1.000000000000000000, 0.000000000000000000 ) ) ;
#4516 = PLANE ( 'NONE',  #6371 ) ;
#4517 = LINE ( 'NONE', #2512, #7268 ) ;
#4518 = ADVANCED_FACE ( 'NONE', ( #4277 ), #461, .F. ) ;
#4519 = AXIS2_PLACEMENT_3D ( 'NONE', #496, #3014, #27 ) ;
#4520 = LINE ( 'NONE', #4604, #7838 ) ;
#4521 = EDGE_CURVE ( 'NONE', #3361, #4173, #6877, .T. ) ;
#4522 = DIRECTION ( 'NONE',  ( 1.000000000000000000, 0.000000000000000000, 0.000000000000000000 ) ) ;
#4523 = CARTESIAN_POINT ( 'NONE',  ( -0.1571002131738388485, -1.149999999999999023, 1.813709982385499853 ) ) ;
#4524 = ORIENTED_EDGE ( 'NONE', *, *, #1270, .T. ) ;
#4525 = SURFACE_STYLE_FILL_AREA ( #7571 ) ;
#4526 = ORIENTED_EDGE ( 'NONE', *, *, #1446, .F. ) ;
#4527 = DIRECTION ( 'NONE',  ( -1.000000000000000000, 0.000000000000000000, 0.000000000000000000 ) ) ;
#4528 = VECTOR ( 'NONE', #2341, 1000.000000000000000 ) ;
#4529 = ORIENTED_EDGE ( 'NONE', *, *, #5418, .T. ) ;
#4530 = CARTESIAN_POINT ( 'NONE',  ( -0.2031250000000001943, -1.270000000000000018, 1.378433734939759292 ) ) ;
#4531 =( NAMED_UNIT ( * ) SI_UNIT ( $, .STERADIAN. ) SOLID_ANGLE_UNIT ( ) );
#4532 = CARTESIAN_POINT ( 'NONE',  ( -0.1560617469879520269, -1.270000000000000018, 0.7700000000000001288 ) ) ;
#4533 = PRESENTATION_LAYER_ASSIGNMENT (  '', '', ( #1088 ) ) ;
#4534 = EDGE_CURVE ( 'NONE', #8062, #5093, #3731, .T. ) ;
#4535 = CARTESIAN_POINT ( 'NONE',  ( 1.019999999999999796, -0.000000000000000000, 0.000000000000000000 ) ) ;
#4536 = ORIENTED_EDGE ( 'NONE', *, *, #2171, .T. ) ;
#4537 = CARTESIAN_POINT ( 'NONE',  ( 2.860000000000000320, 0.3199999999999993405, 8.550000000000000711 ) ) ;
#4538 = MECHANICAL_DESIGN_GEOMETRIC_PRESENTATION_REPRESENTATION (  '', ( #7284 ), #5591 ) ;
#4539 = CARTESIAN_POINT ( 'NONE',  ( 2.747150732346582025, 2.539999999999999147, 8.550000000000000711 ) ) ;
#4540 = CARTESIAN_POINT ( 'NONE',  ( 3.810000000000000053, -0.7900000000000003686, 0.6000000000000000888 ) ) ;
#4541 = CARTESIAN_POINT ( 'NONE',  ( 0.2349831812470685732, -1.270000000000000906, 0.8499144089295527227 ) ) ;
#4542 = SURFACE_STYLE_FILL_AREA ( #2578 ) ;
#4543 = COLOUR_RGB ( '',0.9686274509803921573, 0.8784313725490195957, 0.5999999999999999778 ) ;
#4544 = ORIENTED_EDGE ( 'NONE', *, *, #5324, .F. ) ;
#4545 = DIRECTION ( 'NONE',  ( 1.000000000000000000, 0.000000000000000000, -0.000000000000000000 ) ) ;
#4546 = DIRECTION ( 'NONE',  ( -0.5000000000000003331, -0.8660254037844383745, 0.000000000000000000 ) ) ;
#4547 = FACE_OUTER_BOUND ( 'NONE', #284, .T. ) ;
#4548 = MECHANICAL_DESIGN_GEOMETRIC_PRESENTATION_REPRESENTATION (  '', ( #295 ), #5601 ) ;
#4549 = CARTESIAN_POINT ( 'NONE',  ( 0.2071507323465821004, -0.2071507323465826833, 8.550000000000000711 ) ) ;
#4550 = CARTESIAN_POINT ( 'NONE',  ( -0.3199999999999998956, -0.3200000000000001732, -2.359999999999988773 ) ) ;
#4551 = CARTESIAN_POINT ( 'NONE',  ( -0.2349397590361442523, -1.270000000000001572, 0.8488780120481929092 ) ) ;
#4552 = MECHANICAL_DESIGN_GEOMETRIC_PRESENTATION_REPRESENTATION (  '', ( #2686 ), #971 ) ;
#4553 = VERTEX_POINT ( 'NONE', #6219 ) ;
#4554 = ORIENTED_EDGE ( 'NONE', *, *, #5664, .T. ) ;
#4555 = PRESENTATION_LAYER_ASSIGNMENT (  '', '', ( #8109 ) ) ;
#4556 = SURFACE_STYLE_USAGE ( .BOTH. , #2018 ) ;
#4557 = SURFACE_STYLE_USAGE ( .BOTH. , #6538 ) ;
#4558 = EDGE_CURVE ( 'NONE', #2078, #6714, #6262, .T. ) ;
#4559 = CARTESIAN_POINT ( 'NONE',  ( 1.769999999999999352, 6.349999999999999645, 2.500000000000000000 ) ) ;
#4560 = UNCERTAINTY_MEASURE_WITH_UNIT (LENGTH_MEASURE( 1.000000000000000082E-05 ), #3537, 'distance_accuracy_value', 'NONE');
#4561 = LINE ( 'NONE', #3390, #3466 ) ;
#4562 = PRESENTATION_LAYER_ASSIGNMENT (  '', '', ( #8114 ) ) ;
#4563 = COLOUR_RGB ( '',0.9686274509803921573, 0.8784313725490195957, 0.5999999999999999778 ) ;
#4564 = ORIENTED_EDGE ( 'NONE', *, *, #7480, .F. ) ;
#4565 = SURFACE_SIDE_STYLE ('',( #4525 ) ) ;
#4566 = EDGE_LOOP ( 'NONE', ( #3042, #1562, #3811, #7911, #2106, #23 ) ) ;
#4567 = EDGE_CURVE ( 'NONE', #1362, #5876, #7666, .T. ) ;
#4568 = PRESENTATION_STYLE_ASSIGNMENT (( #2642 ) ) ;
#4569 = VERTEX_POINT ( 'NONE', #8194 ) ;
#4570 = ADVANCED_FACE ( 'NONE', ( #7580 ), #5770, .T. ) ;
#4571 = AXIS2_PLACEMENT_3D ( 'NONE', #4439, #3138, #3684 ) ;
#4572 = VECTOR ( 'NONE', #6953, 1000.000000000000000 ) ;
#4573 = PLANE ( 'NONE',  #3996 ) ;
#4574 = MANIFOLD_SOLID_BREP ( 'Metal-Pattern[5]', #5616 ) ;
#4575 =( NAMED_UNIT ( * ) SI_UNIT ( $, .STERADIAN. ) SOLID_ANGLE_UNIT ( ) );
#4576 = SURFACE_SIDE_STYLE ('',( #2607 ) ) ;
#4577 = CARTESIAN_POINT ( 'NONE',  ( 1.520000000000000240, -0.7900000000000008127, 0.4500000000000009548 ) ) ;
#4578 = VECTOR ( 'NONE', #6545, 1000.000000000000000 ) ;
#4579 = CARTESIAN_POINT ( 'NONE',  ( 0.2535467056952682707, -1.170000000000001483, 1.175550503132065439 ) ) ;
#4580 = MECHANICAL_DESIGN_GEOMETRIC_PRESENTATION_REPRESENTATION (  '', ( #571 ), #6941 ) ;
#4581 = ORIENTED_EDGE ( 'NONE', *, *, #3268, .F. ) ;
#4582 = B_SPLINE_CURVE_WITH_KNOTS ( 'NONE', 3,
 ( #6913, #6305, #3142, #5688, #5060, #661, #5726 ),
 .UNSPECIFIED., .F., .F.,
 ( 4, 3, 4 ),
 ( 0.000000000000000000, 4.546922341136284973E-05, 0.0001064217250085870096 ),
 .UNSPECIFIED. ) ;
#4583 = AXIS2_PLACEMENT_3D ( 'NONE', #3070, #4993, #1674 ) ;
#4584 = FACE_OUTER_BOUND ( 'NONE', #1437, .T. ) ;
#4585 = SURFACE_STYLE_FILL_AREA ( #4454 ) ;
#4586 = DIRECTION ( 'NONE',  ( -0.000000000000000000, -0.000000000000000000, -1.000000000000000000 ) ) ;
#4587 = ORIENTED_EDGE ( 'NONE', *, *, #2661, .F. ) ;
#4588 = PRESENTATION_LAYER_ASSIGNMENT (  '', '', ( #1934 ) ) ;
#4589 = PLANE ( 'NONE',  #2309 ) ;
#4590 = DIRECTION ( 'NONE',  ( 0.7071067811865457964, 0.7071067811865492381, 0.000000000000000000 ) ) ;
#4591 =( LENGTH_UNIT ( ) NAMED_UNIT ( * ) SI_UNIT ( .MILLI., .METRE. ) );
#4592 = CARTESIAN_POINT ( 'NONE',  ( 3.760000000000000675, -0.7900000000000003686, 0.6500000000000001332 ) ) ;
#4593 = CARTESIAN_POINT ( 'NONE',  ( 0.3200000000000000622, 2.795999999999999375, 7.909999999999988596 ) ) ;
#4594 = VECTOR ( 'NONE', #14, 1000.000000000000114 ) ;
#4595 = CARTESIAN_POINT ( 'NONE',  ( -0.2221105522436116197, -1.270000000000001794, 0.7980297930901495418 ) ) ;
#4596 = FILL_AREA_STYLE_COLOUR ( '', #5373 ) ;
#4597 = EDGE_LOOP ( 'NONE', ( #5320, #5555, #646 ) ) ;
#4598 = PRESENTATION_STYLE_ASSIGNMENT (( #6367 ) ) ;
#4599 = VERTEX_POINT ( 'NONE', #5063 ) ;
#4600 = LINE ( 'NONE', #4636, #5913 ) ;
#4601 = CARTESIAN_POINT ( 'NONE',  ( 0.1573284206430633214, -1.169999999999999929, 0.7336029765733799168 ) ) ;
#4602 = EDGE_CURVE ( 'NONE', #2780, #7242, #7089, .T. ) ;
#4603 = PRESENTATION_STYLE_ASSIGNMENT (( #3535 ) ) ;
#4604 = CARTESIAN_POINT ( 'NONE',  ( 0.2560000000000001719, 5.399999999999999467, 8.550000000000000711 ) ) ;
#4605 = CARTESIAN_POINT ( 'NONE',  ( 0.2071507323465825168, 5.287150732346582949, -3.000000000000000000 ) ) ;
#4606 = ADVANCED_FACE ( 'NONE', ( #7625 ), #1954, .F. ) ;
#4607 = EDGE_LOOP ( 'NONE', ( #5955, #7086, #5004, #3173, #5249 ) ) ;
#4608 = SURFACE_STYLE_FILL_AREA ( #705 ) ;
#4609 = ORIENTED_EDGE ( 'NONE', *, *, #1402, .F. ) ;
#4610 = DIRECTION ( 'NONE',  ( -0.1710878697460330722, -0.1710878697460331554, 0.9702875252478149193 ) ) ;
#4611 = ORIENTED_EDGE ( 'NONE', *, *, #4764, .T. ) ;
#4613 = CARTESIAN_POINT ( 'NONE',  ( -0.1973794752863979318, -1.269999999999984253, 0.7781227024462152864 ) ) ;
#4612 = B_SPLINE_SURFACE_WITH_KNOTS ( 'NONE', 1, 3, ( 
 ( #671, #4541, #1960, #7055, #3150, #5194, #7713, #4622, #3191, #5155, #7588, #5072, #7137, #5820, #762, #3956 ),
 ( #7674, #1339, #3863, #6968, #2002, #3322, #723, #2699, #5737, #6477, #4498, #1378, #2577, #1452, #626, #166 ) ),
 .UNSPECIFIED., .F., .F., .F.,
 ( 2, 2 ),
 ( 4, 3, 2, 2, 2, 3, 4 ),
 ( 0.000000000000000000, 1.000000000000000000 ),
 ( -0.01231340368777630347, 0.000000000000000000, 0.2500000000000000000, 0.5000000000000000000, 0.7500000000000000000, 1.000000000000000000, 1.016462362245787565 ),
 .UNSPECIFIED. ) ;
#4614 = MECHANICAL_DESIGN_GEOMETRIC_PRESENTATION_REPRESENTATION (  '', ( #5278 ), #6327 ) ;
#4615 = LINE ( 'NONE', #4493, #1634 ) ;
#4616 = ORIENTED_EDGE ( 'NONE', *, *, #2156, .F. ) ;
#4617 =( NAMED_UNIT ( * ) SI_UNIT ( $, .STERADIAN. ) SOLID_ANGLE_UNIT ( ) );
#4618 = DIRECTION ( 'NONE',  ( 1.000000000000000000, 0.000000000000000000, 0.000000000000000000 ) ) ;
#4619 = FILL_AREA_STYLE_COLOUR ( '', #6359 ) ;
#4620 = CARTESIAN_POINT ( 'NONE',  ( -1.270000000000000462, 6.099999999999998757, 2.500000000000000000 ) ) ;
#4621 = VECTOR ( 'NONE', #6805, 1000.000000000000000 ) ;
#4622 = CARTESIAN_POINT ( 'NONE',  ( 0.2221105522436115642, -1.270000000000001128, 0.7980297930901474324 ) ) ;
#4623 = SURFACE_STYLE_FILL_AREA ( #4155 ) ;
#4624 = EDGE_CURVE ( 'NONE', #3479, #885, #1371, .T. ) ;
#4625 = ORIENTED_EDGE ( 'NONE', *, *, #1713, .T. ) ;
#4626 = CARTESIAN_POINT ( 'NONE',  ( 2.220000000000000195, 0.3199999999999993405, 8.550000000000000711 ) ) ;
#4627 = DIRECTION ( 'NONE',  ( -1.000000000000000000, 0.000000000000000000, 0.000000000000000000 ) ) ;
#4628 = DIRECTION ( 'NONE',  ( 0.000000000000000000, -1.000000000000000000, 0.000000000000000000 ) ) ;
#4629 = SURFACE_STYLE_USAGE ( .BOTH. , #7106 ) ;
#4630 = SURFACE_STYLE_USAGE ( .BOTH. , #855 ) ;
#4631 = SURFACE_STYLE_USAGE ( .BOTH. , #3337 ) ;
#4632 = EDGE_CURVE ( 'NONE', #6134, #6426, #1787, .T. ) ;
#4633 = ORIENTED_EDGE ( 'NONE', *, *, #5779, .F. ) ;
#4634 = FILL_AREA_STYLE_COLOUR ( '', #2839 ) ;
#4635 = ORIENTED_EDGE ( 'NONE', *, *, #5056, .F. ) ;
#4636 = CARTESIAN_POINT ( 'NONE',  ( 0.2010872110020790193, 2.741087211002078305, 8.584387938363944315 ) ) ;
#4637 = LINE ( 'NONE', #864, #7358 ) ;
#4638 = CARTESIAN_POINT ( 'NONE',  ( -0.3199999999999998956, -0.2560000000000006715, 7.909999999999988596 ) ) ;
#4639 = UNCERTAINTY_MEASURE_WITH_UNIT (LENGTH_MEASURE( 1.000000000000000082E-05 ), #1090, 'distance_accuracy_value', 'NONE');
#4640 = CARTESIAN_POINT ( 'NONE',  ( 0.3200000000000001177, 5.353200710532141748, 7.909999999999986819 ) ) ;
#4641 = FACE_OUTER_BOUND ( 'NONE', #1037, .T. ) ;
#4642 = MECHANICAL_DESIGN_GEOMETRIC_PRESENTATION_REPRESENTATION (  '', ( #6354 ), #4510 ) ;
#4643 = ORIENTED_EDGE ( 'NONE', *, *, #7303, .T. ) ;
#4644 = CARTESIAN_POINT ( 'NONE',  ( 2.841266522128489402, -0.3012665221284895334, -2.466242832470900037 ) ) ;
#4645 = ORIENTED_EDGE ( 'NONE', *, *, #856, .T. ) ;
#4646 = DIRECTION ( 'NONE',  ( -0.3236155771181850049, -0.8891264907159880382, 0.3236155771181853935 ) ) ;
#4647 = ORIENTED_EDGE ( 'NONE', *, *, #1415, .F. ) ;
#4648 = DIRECTION ( 'NONE',  ( 1.000000000000000000, 0.000000000000000000, -0.000000000000000000 ) ) ;
#4649 = STYLED_ITEM ( 'NONE', ( #1729 ), #3952 ) ;
#4650 = LINE ( 'NONE', #243, #833 ) ;
#4651 = STYLED_ITEM ( 'NONE', ( #4864 ), #5645 ) ;
#4652 = DIRECTION ( 'NONE',  ( -1.000000000000000000, 0.000000000000000000, 0.000000000000000000 ) ) ;
#4653 = ADVANCED_FACE ( 'NONE', ( #7787 ), #7274, .F. ) ;
#4654 = ORIENTED_EDGE ( 'NONE', *, *, #2379, .T. ) ;
#4655 = CARTESIAN_POINT ( 'NONE',  ( -1.019999999999999574, -1.019999999999998908, 2.500000000000000000 ) ) ;
#4656 = EDGE_LOOP ( 'NONE', ( #3702, #2366, #5436, #788 ) ) ;
#4657 =( LENGTH_UNIT ( ) NAMED_UNIT ( * ) SI_UNIT ( .MILLI., .METRE. ) );
#4658 =( LENGTH_UNIT ( ) NAMED_UNIT ( * ) SI_UNIT ( .MILLI., .METRE. ) );
#4659 = SURFACE_STYLE_FILL_AREA ( #963 ) ;
#4660 =( BOUNDED_CURVE ( )  B_SPLINE_CURVE ( 3, ( #2284, #6726, #1830, #4242 ),
 .UNSPECIFIED., .F., .F. ) 
 B_SPLINE_CURVE_WITH_KNOTS ( ( 4, 4 ),
 ( 5.497787143782140618, 6.283185307179586232 ),
 .UNSPECIFIED. ) 
 CURVE ( )  GEOMETRIC_REPRESENTATION_ITEM ( )  RATIONAL_B_SPLINE_CURVE ( ( 1.000000000000000000, 0.9492530216741915661, 0.9492530216741915661, 1.000000000000000000 ) ) 
 REPRESENTATION_ITEM ( '' )  );
#4661 = CARTESIAN_POINT ( 'NONE',  ( 2.841254833995939144, 2.841254833995938256, 8.016309119164537478 ) ) ;
#4662 = CARTESIAN_POINT ( 'NONE',  ( 0.2071507323465821004, 4.872849267653418082, 8.550000000000000711 ) ) ;
#4663 = B_SPLINE_CURVE_WITH_KNOTS ( 'NONE', 3,
 ( #5512, #2380, #4963, #6824, #4255, #5464, #2298 ),
 .UNSPECIFIED., .F., .F.,
 ( 4, 3, 4 ),
 ( 0.000000000000000000, 4.546922341137049335E-05, 0.0001064237724516009682 ),
 .UNSPECIFIED. ) ;
#4664 = ORIENTED_EDGE ( 'NONE', *, *, #7742, .T. ) ;
#4665 =( GEOMETRIC_REPRESENTATION_CONTEXT ( 3 ) GLOBAL_UNCERTAINTY_ASSIGNED_CONTEXT ( ( #3626 ) ) GLOBAL_UNIT_ASSIGNED_CONTEXT ( ( #2459, #8097, #557 ) ) REPRESENTATION_CONTEXT ( 'NONE', 'WORKASPACE' ) );
#4666 = CARTESIAN_POINT ( 'NONE',  ( 5.421010862427522170E-17, -0.4466666666666664898, 2.449999999999999734 ) ) ;
#4667 = FACE_OUTER_BOUND ( 'NONE', #7005, .T. ) ;
#4668 = SURFACE_STYLE_USAGE ( .BOTH. , #5254 ) ;
#4669 = STYLED_ITEM ( 'NONE', ( #5771 ), #7886 ) ;
#4670 = MECHANICAL_DESIGN_GEOMETRIC_PRESENTATION_REPRESENTATION (  '', ( #5460 ), #7563 ) ;
#4671 = SURFACE_STYLE_USAGE ( .BOTH. , #7253 ) ;
#4672 =( NAMED_UNIT ( * ) SI_UNIT ( $, .STERADIAN. ) SOLID_ANGLE_UNIT ( ) );
#4673 = VERTEX_POINT ( 'NONE', #4695 ) ;
#4674 = PRODUCT_DEFINITION_SHAPE ( 'NONE', 'NONE',  #3789 ) ;
#4675 = SURFACE_SIDE_STYLE ('',( #5298 ) ) ;
#4676 = MECHANICAL_DESIGN_GEOMETRIC_PRESENTATION_REPRESENTATION (  '', ( #8096 ), #158 ) ;
#4677 = VERTEX_POINT ( 'NONE', #7749 ) ;
#4678 = CARTESIAN_POINT ( 'NONE',  ( 3.709999999999998188, -1.019999999999999130, 2.350000000000000089 ) ) ;
#4679 = PLANE ( 'NONE',  #4342 ) ;
#4680 =( LENGTH_UNIT ( ) NAMED_UNIT ( * ) SI_UNIT ( .MILLI., .METRE. ) );
#4681 = CARTESIAN_POINT ( 'NONE',  ( 1.269999999999999574, 6.099999999999998757, 2.500000000000000000 ) ) ;
#4682 = ADVANCED_FACE ( 'NONE', ( #4103 ), #3358, .T. ) ;
#4683 = CARTESIAN_POINT ( 'NONE',  ( 2.250907905062564218, 5.393417573054442471, -2.397330798265292717 ) ) ;
#4684 = VECTOR ( 'NONE', #4420, 999.9999999999998863 ) ;
#4685 = ORIENTED_EDGE ( 'NONE', *, *, #4201, .F. ) ;
#4686 =( NAMED_UNIT ( * ) PLANE_ANGLE_UNIT ( ) SI_UNIT ( $, .RADIAN. ) );
#4687 = COLOUR_RGB ( '',1.000000000000000000, 0.8431372549019607865, 0.000000000000000000 ) ;
#4688 = VERTEX_POINT ( 'NONE', #2188 ) ;
#4689 = CARTESIAN_POINT ( 'NONE',  ( 1.020000000000000018, -1.019999999999999130, 2.500000000000000000 ) ) ;
#4690 = ORIENTED_EDGE ( 'NONE', *, *, #3067, .T. ) ;
#4691 =( LENGTH_UNIT ( ) NAMED_UNIT ( * ) SI_UNIT ( .MILLI., .METRE. ) );
#4692 = FILL_AREA_STYLE ('',( #3434 ) ) ;
#4693 = AXIS2_PLACEMENT_3D ( 'NONE', #4839, #3701, #7464 ) ;
#4694 = COLOUR_RGB ( '',0.9686274509803921573, 0.8784313725490195957, 0.5999999999999999778 ) ;
#4695 = CARTESIAN_POINT ( 'NONE',  ( -0.2071507323465823225, 4.872849267653418082, -3.000000000000000000 ) ) ;
#4696 = PLANE ( 'NONE',  #2015 ) ;
#4697 = EDGE_LOOP ( 'NONE', ( #3266, #4793, #321, #2558 ) ) ;
#4698 = MECHANICAL_DESIGN_GEOMETRIC_PRESENTATION_REPRESENTATION (  '', ( #3231 ), #3494 ) ;
#4699 = ORIENTED_EDGE ( 'NONE', *, *, #5205, .F. ) ;
#4700 = VECTOR ( 'NONE', #5812, 1000.000000000000000 ) ;
#4701 = FACE_OUTER_BOUND ( 'NONE', #43, .T. ) ;
#4702 = DIRECTION ( 'NONE',  ( -1.000000000000000000, -8.470329472543003391E-17, -4.301393535249064745E-33 ) ) ;
#4703 = PLANE ( 'NONE',  #6641 ) ;
#4704 = FILL_AREA_STYLE_COLOUR ( '', #7289 ) ;
#4705 = VECTOR ( 'NONE', #2384, 1000.000000000000000 ) ;
#4706 =( GEOMETRIC_REPRESENTATION_CONTEXT ( 3 ) GLOBAL_UNCERTAINTY_ASSIGNED_CONTEXT ( ( #3399 ) ) GLOBAL_UNIT_ASSIGNED_CONTEXT ( ( #4817, #1531, #4067 ) ) REPRESENTATION_CONTEXT ( 'NONE', 'WORKASPACE' ) );
#4707 = ADVANCED_FACE ( 'NONE', ( #4732 ), #6021, .T. ) ;
#4708 = VERTEX_POINT ( 'NONE', #3400 ) ;
#4709 = EDGE_CURVE ( 'NONE', #3056, #5138, #4141, .T. ) ;
#4710 = PLANE ( 'NONE',  #3507 ) ;
#4711 = FACE_OUTER_BOUND ( 'NONE', #4410, .T. ) ;
#4712 =( BOUNDED_CURVE ( )  B_SPLINE_CURVE ( 3, ( #7568, #5638, #5050, #744 ),
 .UNSPECIFIED., .F., .F. ) 
 B_SPLINE_CURVE_WITH_KNOTS ( ( 4, 4 ),
 ( 5.497787143782135288, 6.283185307179586232 ),
 .UNSPECIFIED. ) 
 CURVE ( )  GEOMETRIC_REPRESENTATION_ITEM ( )  RATIONAL_B_SPLINE_CURVE ( ( 1.000000000000000000, 0.9492530216741907889, 0.9492530216741907889, 1.000000000000000000 ) ) 
 REPRESENTATION_ITEM ( '' )  );
#4713 = CARTESIAN_POINT ( 'NONE',  ( 0.3464101615137756829, -1.046666666666666856, 2.500000000000000000 ) ) ;
#4714 = DIRECTION ( 'NONE',  ( 1.000000000000000000, 0.000000000000000000, 0.000000000000000000 ) ) ;
#4715 = DIRECTION ( 'NONE',  ( -8.470329472543003391E-17, 1.000000000000000000, 0.000000000000000000 ) ) ;
#4716 = VECTOR ( 'NONE', #6511, 1000.000000000000000 ) ;
#4717 = DIRECTION ( 'NONE',  ( -6.842277657836020854E-49, 5.078189165123089681E-17, -1.000000000000000000 ) ) ;
#4718 = ORIENTED_EDGE ( 'NONE', *, *, #6519, .T. ) ;
#4719 = ORIENTED_EDGE ( 'NONE', *, *, #5180, .T. ) ;
#4720 = LINE ( 'NONE', #4678, #1666 ) ;
#4721 = FACE_OUTER_BOUND ( 'NONE', #7985, .T. ) ;
#4722 = SURFACE_STYLE_FILL_AREA ( #7346 ) ;
#4723 = CARTESIAN_POINT ( 'NONE',  ( 2.220000000000000195, 2.860000000000000320, -2.359999999999988773 ) ) ;
#4724 = DIRECTION ( 'NONE',  ( -8.470329472543003391E-17, 1.000000000000000000, 0.000000000000000000 ) ) ;
#4725 = EDGE_CURVE ( 'NONE', #7040, #4182, #7826, .T. ) ;
#4726 = VERTEX_POINT ( 'NONE', #5236 ) ;
#4727 = PLANE ( 'NONE',  #3375 ) ;
#4728 = ORIENTED_EDGE ( 'NONE', *, *, #1864, .F. ) ;
#4729 = CARTESIAN_POINT ( 'NONE',  ( 2.266799289467859690, -0.3200000000000006728, 7.909999999999986819 ) ) ;
#4730 = ORIENTED_EDGE ( 'NONE', *, *, #5529, .F. ) ;
#4731 = SURFACE_STYLE_FILL_AREA ( #4692 ) ;
#4732 = FACE_OUTER_BOUND ( 'NONE', #4441, .T. ) ;
#4733 = CARTESIAN_POINT ( 'NONE',  ( 0.2069451709529513128, -1.269999999999995355, 0.7832384112981726210 ) ) ;
#4734 = DIRECTION ( 'NONE',  ( 0.000000000000000000, 5.078189165123089681E-17, -1.000000000000000000 ) ) ;
#4735 = VERTEX_POINT ( 'NONE', #2073 ) ;
#4736 = SURFACE_STYLE_FILL_AREA ( #2779 ) ;
#4737 = ORIENTED_EDGE ( 'NONE', *, *, #2217, .T. ) ;
#4738 = FACE_OUTER_BOUND ( 'NONE', #4607, .T. ) ;
#4739 = CARTESIAN_POINT ( 'NONE',  ( 0.3200000000000001177, 4.759999999999999787, 7.909999999999988596 ) ) ;
#4740 =( NAMED_UNIT ( * ) PLANE_ANGLE_UNIT ( ) SI_UNIT ( $, .RADIAN. ) );
#4741 = DIRECTION ( 'NONE',  ( -6.842277657836020854E-49, 5.078189165123089681E-17, -1.000000000000000000 ) ) ;
#4742 = AXIS2_PLACEMENT_3D ( 'NONE', #4898, #4274, #1658 ) ;
#4743 = ORIENTED_EDGE ( 'NONE', *, *, #1054, .F. ) ;
#4744 = CARTESIAN_POINT ( 'NONE',  ( 1.770000000000000462, -1.270000000000000018, 2.500000000000000000 ) ) ;
#4745 = VECTOR ( 'NONE', #3872, 1000.000000000000000 ) ;
#4746 =( NAMED_UNIT ( * ) SI_UNIT ( $, .STERADIAN. ) SOLID_ANGLE_UNIT ( ) );
#4747 = FILL_AREA_STYLE ('',( #6522 ) ) ;
#4748 = ADVANCED_FACE ( 'NONE', ( #7126 ), #1157, .T. ) ;
#4749 = SURFACE_SIDE_STYLE ('',( #2203 ) ) ;
#4750 = DIRECTION ( 'NONE',  ( 6.842277657836020854E-49, -5.078189165123089681E-17, 1.000000000000000000 ) ) ;
#4751 = MECHANICAL_DESIGN_GEOMETRIC_PRESENTATION_REPRESENTATION (  '', ( #2344 ), #8042 ) ;
#4752 =( LENGTH_UNIT ( ) NAMED_UNIT ( * ) SI_UNIT ( .MILLI., .METRE. ) );
#4753 = ORIENTED_EDGE ( 'NONE', *, *, #3349, .T. ) ;
#4754 = SURFACE_SIDE_STYLE ('',( #5956 ) ) ;
#4755 = ORIENTED_EDGE ( 'NONE', *, *, #1009, .F. ) ;
#4756 = AXIS2_PLACEMENT_3D ( 'NONE', #7914, #4702, #4777 ) ;
#4757 = SURFACE_STYLE_FILL_AREA ( #2212 ) ;
#4758 = CARTESIAN_POINT ( 'NONE',  ( -0.2713367824627652136, -1.170000000000000151, 1.691883934335448147 ) ) ;
#4759 = ORIENTED_EDGE ( 'NONE', *, *, #3724, .T. ) ;
#4760 =( LENGTH_UNIT ( ) NAMED_UNIT ( * ) SI_UNIT ( .MILLI., .METRE. ) );
#4761 = EDGE_LOOP ( 'NONE', ( #6581, #411, #3788, #4087, #4685, #7099 ) ) ;
#4762 = LINE ( 'NONE', #874, #6024 ) ;
#4763 = ORIENTED_EDGE ( 'NONE', *, *, #3946, .T. ) ;
#4764 = EDGE_CURVE ( 'NONE', #3293, #8143, #6251, .T. ) ;
#4765 = EDGE_CURVE ( 'NONE', #6415, #3403, #1118, .T. ) ;
#4766 = SURFACE_SIDE_STYLE ('',( #5973 ) ) ;
#4767 = CARTESIAN_POINT ( 'NONE',  ( -1.169999999999998153, -1.019999999999998685, 0.6000000000000000888 ) ) ;
#4768 = FILL_AREA_STYLE_COLOUR ( '', #4694 ) ;
#4769 = SURFACE_SIDE_STYLE ('',( #2691 ) ) ;
#4770 = VERTEX_POINT ( 'NONE', #2969 ) ;
#4771 = FACE_OUTER_BOUND ( 'NONE', #197, .T. ) ;
#4772 = COLOUR_RGB ( '',0.9686274509803921573, 0.8784313725490195957, 0.5999999999999999778 ) ;
#4773 = ORIENTED_EDGE ( 'NONE', *, *, #928, .T. ) ;
#4774 = EDGE_CURVE ( 'NONE', #3663, #5849, #2086, .T. ) ;
#4775 = CARTESIAN_POINT ( 'NONE',  ( -0.2010872110020788806, 2.338912788997920877, 8.584387938363944315 ) ) ;
#4776 = STYLED_ITEM ( 'NONE', ( #4603 ), #4169 ) ;
#4777 = DIRECTION ( 'NONE',  ( 8.470329472543003391E-17, -1.000000000000000000, 0.000000000000000000 ) ) ;
#4778 = CARTESIAN_POINT ( 'NONE',  ( -0.2071507323465819339, 5.287150732346582060, 8.550000000000000711 ) ) ;
#4779 = LINE ( 'NONE', #292, #1100 ) ;
#4780 = FACE_OUTER_BOUND ( 'NONE', #6897, .T. ) ;
#4781 = VECTOR ( 'NONE', #371, 1000.000000000000000 ) ;
#4782 = EDGE_CURVE ( 'NONE', #1781, #6860, #7947, .T. ) ;
#4783 = ORIENTED_EDGE ( 'NONE', *, *, #7043, .T. ) ;
#4784 =( NAMED_UNIT ( * ) SI_UNIT ( $, .STERADIAN. ) SOLID_ANGLE_UNIT ( ) );
#4785 =( GEOMETRIC_REPRESENTATION_CONTEXT ( 3 ) GLOBAL_UNCERTAINTY_ASSIGNED_CONTEXT ( ( #2724 ) ) GLOBAL_UNIT_ASSIGNED_CONTEXT ( ( #5676, #7566, #4429 ) ) REPRESENTATION_CONTEXT ( 'NONE', 'WORKASPACE' ) );
#4786 = CARTESIAN_POINT ( 'NONE',  ( 0.2786338190285481686, -1.149999999999998801, 1.100757654848128819 ) ) ;
#4787 = SURFACE_SIDE_STYLE ('',( #970 ) ) ;
#4788 = PLANE ( 'NONE',  #4395 ) ;
#4789 =( NAMED_UNIT ( * ) SI_UNIT ( $, .STERADIAN. ) SOLID_ANGLE_UNIT ( ) );
#4790 = SURFACE_SIDE_STYLE ('',( #6489 ) ) ;
#4791 = ORIENTED_EDGE ( 'NONE', *, *, #1084, .T. ) ;
#4792 = CARTESIAN_POINT ( 'NONE',  ( 0.1560617469879515273, -1.270000000000000018, 0.7700000000000001288 ) ) ;
#4793 = ORIENTED_EDGE ( 'NONE', *, *, #4907, .F. ) ;
#4794 = LINE ( 'NONE', #6087, #7345 ) ;
#4795 = DIRECTION ( 'NONE',  ( 0.7213041043845912492, 0.000000000000000000, -0.6926185017727599647 ) ) ;
#4796 = STYLED_ITEM ( 'NONE', ( #6807 ), #6517 ) ;
#4797 = UNCERTAINTY_MEASURE_WITH_UNIT (LENGTH_MEASURE( 1.000000000000000082E-05 ), #2605, 'distance_accuracy_value', 'NONE');
#4798 = CARTESIAN_POINT ( 'NONE',  ( 0.6136029765733794772, -1.169999999999999707, 1.270000000000000018 ) ) ;
#4799 = CARTESIAN_POINT ( 'NONE',  ( 0.000000000000000000, 5.079999999999999183, 8.550000000000000711 ) ) ;
#4800 =( BOUNDED_CURVE ( )  B_SPLINE_CURVE ( 3, ( #3292, #3927, #2058, #7108 ),
 .UNSPECIFIED., .F., .F. ) 
 B_SPLINE_CURVE_WITH_KNOTS ( ( 4, 4 ),
 ( 3.141592653589793116, 3.926990816987241395 ),
 .UNSPECIFIED. ) 
 CURVE ( )  GEOMETRIC_REPRESENTATION_ITEM ( )  RATIONAL_B_SPLINE_CURVE ( ( 1.000000000000000000, 0.9492530216741911220, 0.9492530216741911220, 1.000000000000000000 ) ) 
 REPRESENTATION_ITEM ( '' )  );
#4801 = EDGE_CURVE ( 'NONE', #1602, #6860, #4227, .T. ) ;
#4802 = VECTOR ( 'NONE', #6009, 1000.000000000000000 ) ;
#4803 = FILL_AREA_STYLE ('',( #7938 ) ) ;
#4804 = VERTEX_POINT ( 'NONE', #1040 ) ;
#4805 = PLANE ( 'NONE',  #4440 ) ;
#4806 = VERTEX_POINT ( 'NONE', #5476 ) ;
#4807 =( GEOMETRIC_REPRESENTATION_CONTEXT ( 3 ) GLOBAL_UNCERTAINTY_ASSIGNED_CONTEXT ( ( #8182 ) ) GLOBAL_UNIT_ASSIGNED_CONTEXT ( ( #4874, #7545, #1137 ) ) REPRESENTATION_CONTEXT ( 'NONE', 'WORKASPACE' ) );
#4808 = EDGE_CURVE ( 'NONE', #1694, #4569, #7438, .T. ) ;
#4809 = LINE ( 'NONE', #7198, #406 ) ;
#4810 = PLANE ( 'NONE',  #1855 ) ;
#4811 = UNCERTAINTY_MEASURE_WITH_UNIT (LENGTH_MEASURE( 1.000000000000000082E-05 ), #1179, 'distance_accuracy_value', 'NONE');
#4812 = STYLED_ITEM ( 'NONE', ( #4298 ), #7102 ) ;
#4813 = CARTESIAN_POINT ( 'NONE',  ( 0.1546833132435290747, -1.270000000000000462, 1.770094871114360036 ) ) ;
#4814 = CARTESIAN_POINT ( 'NONE',  ( -1.019999999999999574, -1.019999999999998908, 2.499999999999999112 ) ) ;
#4815 = AXIS2_PLACEMENT_3D ( 'NONE', #965, #2195, #4826 ) ;
#4816 = ADVANCED_FACE ( 'NONE', ( #1777 ), #901, .F. ) ;
#4817 =( LENGTH_UNIT ( ) NAMED_UNIT ( * ) SI_UNIT ( .MILLI., .METRE. ) );
#4818 = VERTEX_POINT ( 'NONE', #5136 ) ;
#4819 = ORIENTED_EDGE ( 'NONE', *, *, #2482, .F. ) ;
#4820 = DIRECTION ( 'NONE',  ( -1.000000000000000000, 0.000000000000000000, 0.000000000000000000 ) ) ;
#4821 = STYLED_ITEM ( 'NONE', ( #3669 ), #799 ) ;
#4822 = COLOUR_RGB ( '',0.9686274509803921573, 0.8784313725490195957, 0.5999999999999999778 ) ;
#4823 = CARTESIAN_POINT ( 'NONE',  ( 1.770000000000000462, -1.270000000000000018, 2.500000000000000000 ) ) ;
#4824 = DIRECTION ( 'NONE',  ( -1.218204688185960556E-16, 1.000000000000000000, 0.000000000000000000 ) ) ;
#4825 = CARTESIAN_POINT ( 'NONE',  ( 0.2567730509801741667, -1.210013523391417989, 0.8484209039776814398 ) ) ;
#4826 = DIRECTION ( 'NONE',  ( 0.000000000000000000, -1.000000000000000000, 0.000000000000000000 ) ) ;
#4827 = LINE ( 'NONE', #3733, #6918 ) ;
#4828 = ADVANCED_FACE ( 'NONE', ( #6298 ), #7656, .F. ) ;
#4829 =( GEOMETRIC_REPRESENTATION_CONTEXT ( 3 ) GLOBAL_UNCERTAINTY_ASSIGNED_CONTEXT ( ( #6960 ) ) GLOBAL_UNIT_ASSIGNED_CONTEXT ( ( #8197, #582, #2356 ) ) REPRESENTATION_CONTEXT ( 'NONE', 'WORKASPACE' ) );
#4830 = ORIENTED_EDGE ( 'NONE', *, *, #2363, .T. ) ;
#4831 = SURFACE_STYLE_FILL_AREA ( #6804 ) ;
#4832 = CARTESIAN_POINT ( 'NONE',  ( 0.3134175730544423444, 4.790907905062564254, -2.397330798265291385 ) ) ;
#4833 = SURFACE_STYLE_FILL_AREA ( #3695 ) ;
#4834 = DIRECTION ( 'NONE',  ( 0.000000000000000000, 1.000000000000000000, -0.000000000000000000 ) ) ;
#4835 =( LENGTH_UNIT ( ) NAMED_UNIT ( * ) SI_UNIT ( .MILLI., .METRE. ) );
#4836 =( NAMED_UNIT ( * ) SI_UNIT ( $, .STERADIAN. ) SOLID_ANGLE_UNIT ( ) );
#4837 =( NAMED_UNIT ( * ) SI_UNIT ( $, .STERADIAN. ) SOLID_ANGLE_UNIT ( ) );
#4838 = VECTOR ( 'NONE', #6532, 1000.000000000000000 ) ;
#4839 = CARTESIAN_POINT ( 'NONE',  ( -0.3199999999999998956, 2.219999999999999751, -2.359999999999988773 ) ) ;
#4840 = B_SPLINE_CURVE_WITH_KNOTS ( 'NONE', 3,
 ( #5490, #3807, #3131, #17, #4825, #373, #4431, #6950, #4195, #3761 ),
 .UNSPECIFIED., .F., .F.,
 ( 4, 3, 3, 4 ),
 ( 0.000000000000000000, 3.193694500262206728E-05, 6.387389000524405325E-05, 0.0001064205049631837492 ),
 .UNSPECIFIED. ) ;
#4841 =( GEOMETRIC_REPRESENTATION_CONTEXT ( 3 ) GLOBAL_UNCERTAINTY_ASSIGNED_CONTEXT ( ( #920 ) ) GLOBAL_UNIT_ASSIGNED_CONTEXT ( ( #604, #5670, #1349 ) ) REPRESENTATION_CONTEXT ( 'NONE', 'WORKASPACE' ) );
#4842 = ORIENTED_EDGE ( 'NONE', *, *, #6541, .T. ) ;
#4843 = SURFACE_STYLE_USAGE ( .BOTH. , #4330 ) ;
#4844 = VERTEX_POINT ( 'NONE', #7036 ) ;
#4845 = LINE ( 'NONE', #1635, #3785 ) ;
#4846 = CARTESIAN_POINT ( 'NONE',  ( 1.269999999999999130, 6.099999999999998757, 0.5999999999999998668 ) ) ;
#4847 = LINE ( 'NONE', #4723, #3866 ) ;
#4848 = MECHANICAL_DESIGN_GEOMETRIC_PRESENTATION_REPRESENTATION (  '', ( #2712 ), #5250 ) ;
#4849 = CARTESIAN_POINT ( 'NONE',  ( 0.2732007105321403451, 2.219999999999999751, -2.359999999999988773 ) ) ;
#4850 =( NAMED_UNIT ( * ) SI_UNIT ( $, .STERADIAN. ) SOLID_ANGLE_UNIT ( ) );
#4851 = ORIENTED_EDGE ( 'NONE', *, *, #6326, .F. ) ;
#4852 = CARTESIAN_POINT ( 'NONE',  ( -5.288753958528137041E-17, -1.169999999999999929, 1.589024663320367736 ) ) ;
#4853 = ORIENTED_EDGE ( 'NONE', *, *, #4156, .F. ) ;
#4854 = EDGE_CURVE ( 'NONE', #7901, #2383, #4712, .T. ) ;
#4855 = CARTESIAN_POINT ( 'NONE',  ( 0.09036144578313230757, -1.270000000000000018, 1.625421686746987948 ) ) ;
#4856 = EDGE_CURVE ( 'NONE', #704, #5618, #6090, .T. ) ;
#4857 = CARTESIAN_POINT ( 'NONE',  ( 0.1553725301157402872, -1.270000000000000684, 1.770047435557180027 ) ) ;
#4858 = FACE_OUTER_BOUND ( 'NONE', #3050, .T. ) ;
#4859 = VECTOR ( 'NONE', #2933, 1000.000000000000000 ) ;
#4860 = EDGE_LOOP ( 'NONE', ( #2911, #4187, #1141, #6571 ) ) ;
#4861 = ORIENTED_EDGE ( 'NONE', *, *, #2109, .T. ) ;
#4862 = ADVANCED_FACE ( 'NONE', ( #5009 ), #610, .F. ) ;
#4863 = LINE ( 'NONE', #6715, #3649 ) ;
#4864 = PRESENTATION_STYLE_ASSIGNMENT (( #2274 ) ) ;
#4865 = CARTESIAN_POINT ( 'NONE',  ( -0.1569483399696950388, -1.200008786204573408, 1.795474718481697485 ) ) ;
#4866 = DIRECTION ( 'NONE',  ( -1.000000000000000000, 0.000000000000000000, 0.000000000000000000 ) ) ;
#4867 = CARTESIAN_POINT ( 'NONE',  ( 0.2261468053802059841, -1.169999999999998819, 1.787290790624489922 ) ) ;
#4868 = CARTESIAN_POINT ( 'NONE',  ( -0.3199999999999998956, -0.2560000000000001719, -2.359999999999988773 ) ) ;
#4869 = EDGE_CURVE ( 'NONE', #5631, #3725, #1520, .T. ) ;
#4870 = ORIENTED_EDGE ( 'NONE', *, *, #1249, .T. ) ;
#4871 = VECTOR ( 'NONE', #4463, 1000.000000000000000 ) ;
#4872 = EDGE_CURVE ( 'NONE', #4688, #3293, #7117, .T. ) ;
#4873 = PLANE ( 'NONE',  #8086 ) ;
#4874 =( LENGTH_UNIT ( ) NAMED_UNIT ( * ) SI_UNIT ( .MILLI., .METRE. ) );
#4875 = CARTESIAN_POINT ( 'NONE',  ( -8.067314331242329405E-17, -1.169999999999999929, 1.131698228245897608 ) ) ;
#4876 = PRESENTATION_STYLE_ASSIGNMENT (( #2326 ) ) ;
#4877 = VERTEX_POINT ( 'NONE', #5224 ) ;
#4878 = DIRECTION ( 'NONE',  ( 1.000000000000000000, 0.000000000000000000, -0.000000000000000000 ) ) ;
#4879 = ORIENTED_EDGE ( 'NONE', *, *, #3630, .T. ) ;
#4880 = DIRECTION ( 'NONE',  ( -0.1710878697460330999, 0.1710878697460331277, -0.9702875252478148083 ) ) ;
#4881 = CARTESIAN_POINT ( 'NONE',  ( 0.3200000000000001177, -0.2732007105321405116, -2.359999999999986997 ) ) ;
#4882 = UNCERTAINTY_MEASURE_WITH_UNIT (LENGTH_MEASURE( 1.000000000000000082E-05 ), #5288, 'distance_accuracy_value', 'NONE');
#4883 = VECTOR ( 'NONE', #3654, 1000.000000000000000 ) ;
#4884 = CARTESIAN_POINT ( 'NONE',  ( 0.3464101615137756829, -1.046666666666666856, 2.449999999999999734 ) ) ;
#4885 = FILL_AREA_STYLE ('',( #3036 ) ) ;
#4886 = EDGE_CURVE ( 'NONE', #6614, #5539, #7894, .T. ) ;
#4887 = LINE ( 'NONE', #4375, #6289 ) ;
#4888 = ORIENTED_EDGE ( 'NONE', *, *, #2271, .T. ) ;
#4889 =( LENGTH_UNIT ( ) NAMED_UNIT ( * ) SI_UNIT ( .MILLI., .METRE. ) );
#4890 = VERTEX_POINT ( 'NONE', #4605 ) ;
#4891 = CARTESIAN_POINT ( 'NONE',  ( 0.7700000000000002398, -1.270000000000000240, 2.500000000000000000 ) ) ;
#4892 =( LENGTH_UNIT ( ) NAMED_UNIT ( * ) SI_UNIT ( .MILLI., .METRE. ) );
#4893 = UNCERTAINTY_MEASURE_WITH_UNIT (LENGTH_MEASURE( 1.000000000000000082E-05 ), #4323, 'distance_accuracy_value', 'NONE');
#4894 = CARTESIAN_POINT ( 'NONE',  ( -0.2518730436385687166, -1.169999999999997708, 0.7762156859387986385 ) ) ;
#4895 = ORIENTED_EDGE ( 'NONE', *, *, #1853, .T. ) ;
#4896 = CARTESIAN_POINT ( 'NONE',  ( 1.019999999999999796, 5.870000000000000107, 0.4500000000000018430 ) ) ;
#4897 = VERTEX_POINT ( 'NONE', #2805 ) ;
#4898 = CARTESIAN_POINT ( 'NONE',  ( 2.220000000000000195, 2.219999999999999751, -2.359999999999988773 ) ) ;
#4899 = LINE ( 'NONE', #4823, #939 ) ;
#4900 = CARTESIAN_POINT ( 'NONE',  ( 1.269999999999999574, 6.099999999999998757, 2.500000000000000000 ) ) ;
#4901 =( NAMED_UNIT ( * ) PLANE_ANGLE_UNIT ( ) SI_UNIT ( $, .RADIAN. ) );
#4902 = CARTESIAN_POINT ( 'NONE',  ( -0.2559999999999999498, 4.760000000000000675, -2.359999999999988773 ) ) ;
#4903 = PRESENTATION_LAYER_ASSIGNMENT (  '', '', ( #6354 ) ) ;
#4904 = CARTESIAN_POINT ( 'NONE',  ( 2.238745166004060927, 2.238745166004060039, 8.016309119164535701 ) ) ;
#4905 = ORIENTED_EDGE ( 'NONE', *, *, #2908, .T. ) ;
#4906 = COLOUR_RGB ( '',0.9686274509803921573, 0.8784313725490195957, 0.5999999999999999778 ) ;
#4907 = EDGE_CURVE ( 'NONE', #7267, #5907, #1476, .T. ) ;
#4908 = LINE ( 'NONE', #7332, #5148 ) ;
#4909 = VECTOR ( 'NONE', #6324, 1000.000000000000000 ) ;
#4910 = LINE ( 'NONE', #6227, #2398 ) ;
#4911 = CARTESIAN_POINT ( 'NONE',  ( 0.2071507323465825723, 2.332849267653417158, -3.000000000000000000 ) ) ;
#4912 = EDGE_LOOP ( 'NONE', ( #2508, #1581, #312, #4830 ) ) ;
#4913 = ADVANCED_FACE ( 'NONE', ( #4641 ), #2142, .F. ) ;
#4914 = COLOUR_RGB ( '',0.9686274509803921573, 0.8784313725490195957, 0.5999999999999999778 ) ;
#4915 = EDGE_CURVE ( 'NONE', #4348, #6742, #3577, .T. ) ;
#4916 = SURFACE_STYLE_FILL_AREA ( #6692 ) ;
#4917 = ORIENTED_EDGE ( 'NONE', *, *, #4384, .T. ) ;
#4918 = DIRECTION ( 'NONE',  ( 8.470329472543003391E-17, -1.000000000000000000, 0.000000000000000000 ) ) ;
#4919 = ORIENTED_EDGE ( 'NONE', *, *, #4974, .T. ) ;
#4920 = CARTESIAN_POINT ( 'NONE',  ( -0.2411836234654231303, -1.169999999999995488, 1.366061145056030046 ) ) ;
#4921 = SURFACE_STYLE_USAGE ( .BOTH. , #7261 ) ;
#4922 =( NAMED_UNIT ( * ) SI_UNIT ( $, .STERADIAN. ) SOLID_ANGLE_UNIT ( ) );
#4923 =( BOUNDED_CURVE ( )  B_SPLINE_CURVE ( 3, ( #4054, #3544, #6650, #5346 ),
 .UNSPECIFIED., .F., .F. ) 
 B_SPLINE_CURVE_WITH_KNOTS ( ( 4, 4 ),
 ( 2.356194490192344837, 3.141592653589793560 ),
 .UNSPECIFIED. ) 
 CURVE ( )  GEOMETRIC_REPRESENTATION_ITEM ( )  RATIONAL_B_SPLINE_CURVE ( ( 1.000000000000000000, 0.9492530216741910110, 0.9492530216741910110, 1.000000000000000000 ) ) 
 REPRESENTATION_ITEM ( '' )  );
#4924 =( NAMED_UNIT ( * ) PLANE_ANGLE_UNIT ( ) SI_UNIT ( $, .RADIAN. ) );
#4925 = ORIENTED_EDGE ( 'NONE', *, *, #1365, .T. ) ;
#4926 = LINE ( 'NONE', #3081, #5626 ) ;
#4927 = ORIENTED_EDGE ( 'NONE', *, *, #5023, .F. ) ;
#4928 = LINE ( 'NONE', #7392, #4528 ) ;
#4929 = FACE_OUTER_BOUND ( 'NONE', #2452, .T. ) ;
#4930 = DIRECTION ( 'NONE',  ( 0.000000000000000000, -1.000000000000000000, 0.000000000000000000 ) ) ;
#4931 = CARTESIAN_POINT ( 'NONE',  ( 0.3200000000000000622, 0.3199999999999993960, 7.909999999999988596 ) ) ;
#4932 = VECTOR ( 'NONE', #4385, 1000.000000000000000 ) ;
#4933 =( LENGTH_UNIT ( ) NAMED_UNIT ( * ) SI_UNIT ( .MILLI., .METRE. ) );
#4934 = VERTEX_POINT ( 'NONE', #4020 ) ;
#4935 = LINE ( 'NONE', #2518, #7857 ) ;
#4936 = ORIENTED_EDGE ( 'NONE', *, *, #2164, .T. ) ;
#4937 = DIRECTION ( 'NONE',  ( 0.000000000000000000, -1.000000000000000000, 0.000000000000000000 ) ) ;
#4938 = DIRECTION ( 'NONE',  ( -0.000000000000000000, 1.000000000000000000, 5.078189165123089681E-17 ) ) ;
#4939 = COLOUR_RGB ( '',1.000000000000000000, 0.8431372549019607865, 0.000000000000000000 ) ;
#4940 = CARTESIAN_POINT ( 'NONE',  ( 0.2071507323465825445, 1.754634953454125475E-17, -3.000000000000000000 ) ) ;
#4941 = LINE ( 'NONE', #4320, #7169 ) ;
#4942 = VECTOR ( 'NONE', #5113, 1000.000000000000114 ) ;
#4943 = ORIENTED_EDGE ( 'NONE', *, *, #6827, .T. ) ;
#4944 =( GEOMETRIC_REPRESENTATION_CONTEXT ( 3 ) GLOBAL_UNCERTAINTY_ASSIGNED_CONTEXT ( ( #2968 ) ) GLOBAL_UNIT_ASSIGNED_CONTEXT ( ( #5303, #5884, #2218 ) ) REPRESENTATION_CONTEXT ( 'NONE', 'WORKASPACE' ) );
#4945 = FILL_AREA_STYLE_COLOUR ( '', #3105 ) ;
#4946 = FACE_OUTER_BOUND ( 'NONE', #1760, .T. ) ;
#4947 = EDGE_CURVE ( 'NONE', #7140, #2017, #6654, .T. ) ;
#4948 = CARTESIAN_POINT ( 'NONE',  ( 2.860000000000000320, 0.3199999999999993405, -2.359999999999988773 ) ) ;
#4949 = VECTOR ( 'NONE', #7848, 1000.000000000000000 ) ;
#4950 = CARTESIAN_POINT ( 'NONE',  ( -0.2275784156327430030, -1.269999999999996465, 1.732554269306485484 ) ) ;
#4951 = VECTOR ( 'NONE', #680, 1000.000000000000000 ) ;
#4952 = ORIENTED_EDGE ( 'NONE', *, *, #2722, .T. ) ;
#4953 = DIRECTION ( 'NONE',  ( -0.1710878697460327114, 0.1710878697460326836, 0.9702875252478149193 ) ) ;
#4954 = ORIENTED_EDGE ( 'NONE', *, *, #6209, .F. ) ;
#4955 =( LENGTH_UNIT ( ) NAMED_UNIT ( * ) SI_UNIT ( .MILLI., .METRE. ) );
#4956 = ORIENTED_EDGE ( 'NONE', *, *, #3161, .F. ) ;
#4957 = MECHANICAL_DESIGN_GEOMETRIC_PRESENTATION_REPRESENTATION (  '', ( #320 ), #183 ) ;
#4958 =( NAMED_UNIT ( * ) PLANE_ANGLE_UNIT ( ) SI_UNIT ( $, .RADIAN. ) );
#4959 = CARTESIAN_POINT ( 'NONE',  ( 2.860000000000000320, 2.795999999999999375, 8.550000000000000711 ) ) ;
#4960 = DIRECTION ( 'NONE',  ( -8.470329472543003391E-17, 1.000000000000000000, 0.000000000000000000 ) ) ;
#4961 = ADVANCED_FACE ( 'NONE', ( #3302 ), #3427, .T. ) ;
#4962 = CARTESIAN_POINT ( 'NONE',  ( 0.2560000000000001719, 5.400000000000000355, -2.359999999999988773 ) ) ;
#4963 = CARTESIAN_POINT ( 'NONE',  ( 0.2217366110000035528, -1.198483124856426274, 1.199172314360082536 ) ) ;
#4964 = VECTOR ( 'NONE', #2259, 1000.000000000000000 ) ;
#4965 = STYLED_ITEM ( 'NONE', ( #3429 ), #709 ) ;
#4966 = LINE ( 'NONE', #2337, #3748 ) ;
#4967 = ORIENTED_EDGE ( 'NONE', *, *, #245, .T. ) ;
#4968 = ORIENTED_EDGE ( 'NONE', *, *, #8137, .T. ) ;
#4969 = MECHANICAL_DESIGN_GEOMETRIC_PRESENTATION_REPRESENTATION (  '', ( #1002 ), #2446 ) ;
#4970 =( BOUNDED_CURVE ( )  B_SPLINE_CURVE ( 3, ( #733, #2710, #5750, #5255 ),
 .UNSPECIFIED., .F., .F. ) 
 B_SPLINE_CURVE_WITH_KNOTS ( ( 4, 4 ),
 ( 2.356194490192346169, 3.141592653589793116 ),
 .UNSPECIFIED. ) 
 CURVE ( )  GEOMETRIC_REPRESENTATION_ITEM ( )  RATIONAL_B_SPLINE_CURVE ( ( 1.000000000000000000, 0.9492530216741912330, 0.9492530216741912330, 1.000000000000000000 ) ) 
 REPRESENTATION_ITEM ( '' )  );
#4971 = SURFACE_STYLE_USAGE ( .BOTH. , #2430 ) ;
#4972 = LINE ( 'NONE', #5095, #6494 ) ;
#4973 = UNCERTAINTY_MEASURE_WITH_UNIT (LENGTH_MEASURE( 1.000000000000000082E-05 ), #4955, 'distance_accuracy_value', 'NONE');
#4974 = EDGE_CURVE ( 'NONE', #4673, #4844, #1148, .T. ) ;
#4975 = DIRECTION ( 'NONE',  ( 1.000000000000000000, 0.000000000000000000, 0.000000000000000000 ) ) ;
#4976 = EDGE_LOOP ( 'NONE', ( #7939, #4062, #2800, #3197, #3561, #7728 ) ) ;
#4977 = LINE ( 'NONE', #1693, #6808 ) ;
#4978 = ORIENTED_EDGE ( 'NONE', *, *, #637, .T. ) ;
#4979 = DIRECTION ( 'NONE',  ( 0.000000000000000000, -1.000000000000000000, 0.000000000000000000 ) ) ;
#4980 = ORIENTED_EDGE ( 'NONE', *, *, #1223, .F. ) ;
#4981 = LINE ( 'NONE', #1737, #7399 ) ;
#4982 = PRESENTATION_STYLE_ASSIGNMENT (( #2940 ) ) ;
#4983 = SURFACE_STYLE_USAGE ( .BOTH. , #6308 ) ;
#4984 = ORIENTED_EDGE ( 'NONE', *, *, #4534, .T. ) ;
#4985 = SURFACE_STYLE_FILL_AREA ( #2280 ) ;
#4986 = DIRECTION ( 'NONE',  ( 0.000000000000000000, -0.000000000000000000, 1.000000000000000000 ) ) ;
#4987 = CARTESIAN_POINT ( 'NONE',  ( 1.270000000000000018, -1.019999999999999130, 2.500000000000000000 ) ) ;
#4988 = CARTESIAN_POINT ( 'NONE',  ( 2.860000000000000320, -0.3200000000000007283, 7.909999999999988596 ) ) ;
#4989 = CARTESIAN_POINT ( 'NONE',  ( -0.3199999999999998956, 2.219999999999999307, 8.550000000000000711 ) ) ;
#4990 = EDGE_LOOP ( 'NONE', ( #2544, #3306, #6910, #3934, #2930, #1343 ) ) ;
#4991 = DIRECTION ( 'NONE',  ( -0.000000000000000000, -0.000000000000000000, -1.000000000000000000 ) ) ;
#4992 = ORIENTED_EDGE ( 'NONE', *, *, #7382, .T. ) ;
#4993 = DIRECTION ( 'NONE',  ( 1.000000000000000000, 8.470329472543003391E-17, 4.301393535249064745E-33 ) ) ;
#4994 = EDGE_LOOP ( 'NONE', ( #1439, #1124, #7768, #2436, #7762, #1525 ) ) ;
#4995 = LINE ( 'NONE', #8135, #342 ) ;
#4996 = CARTESIAN_POINT ( 'NONE',  ( 0.2560000000000001719, 2.859999999999999876, 7.909999999999988596 ) ) ;
#4997 = PLANE ( 'NONE',  #7822 ) ;
#4998 = DIRECTION ( 'NONE',  ( 0.000000000000000000, 0.000000000000000000, 1.000000000000000000 ) ) ;
#4999 = CARTESIAN_POINT ( 'NONE',  ( 2.284000000000000252, 4.759999999999999787, 8.550000000000000711 ) ) ;
#5000 = EDGE_CURVE ( 'NONE', #254, #3103, #2998, .T. ) ;
#5001 = DIRECTION ( 'NONE',  ( -1.000000000000000000, 0.000000000000000000, -0.000000000000000000 ) ) ;
#5002 = VERTEX_POINT ( 'NONE', #1722 ) ;
#5003 = DIRECTION ( 'NONE',  ( 0.7071067811865457964, -0.7071067811865492381, 0.000000000000000000 ) ) ;
#5004 = ORIENTED_EDGE ( 'NONE', *, *, #3012, .F. ) ;
#5005 = CARTESIAN_POINT ( 'NONE',  ( 0.2132409442306441583, -1.269999999999992912, 1.169951629842693075 ) ) ;
#5006 =( GEOMETRIC_REPRESENTATION_CONTEXT ( 3 ) GLOBAL_UNCERTAINTY_ASSIGNED_CONTEXT ( ( #2388 ) ) GLOBAL_UNIT_ASSIGNED_CONTEXT ( ( #5950, #3376, #7883 ) ) REPRESENTATION_CONTEXT ( 'NONE', 'WORKASPACE' ) );
#5007 = DIRECTION ( 'NONE',  ( -0.7071067811865495711, -0.000000000000000000, -0.7071067811865454633 ) ) ;
#5008 = DIRECTION ( 'NONE',  ( 0.000000000000000000, -1.000000000000000000, 0.000000000000000000 ) ) ;
#5009 = FACE_OUTER_BOUND ( 'NONE', #3743, .T. ) ;
#5010 = CARTESIAN_POINT ( 'NONE',  ( 2.283999999999999808, 0.3199999999999993405, 8.550000000000000711 ) ) ;
#5011 = VECTOR ( 'NONE', #2936, 999.9999999999998863 ) ;
#5012 = DIRECTION ( 'NONE',  ( -1.000000000000000000, 0.000000000000000000, 0.000000000000000000 ) ) ;
#5013 = ORIENTED_EDGE ( 'NONE', *, *, #3946, .F. ) ;
#5014 = LINE ( 'NONE', #454, #3086 ) ;
#5015 = EDGE_LOOP ( 'NONE', ( #1046, #7983, #3372, #2768, #5642, #111 ) ) ;
#5016 =( BOUNDED_CURVE ( )  B_SPLINE_CURVE ( 3, ( #2997, #7513, #6895, #1843 ),
 .UNSPECIFIED., .F., .F. ) 
 B_SPLINE_CURVE_WITH_KNOTS ( ( 4, 4 ),
 ( 5.497787143782140618, 6.283185307179586232 ),
 .UNSPECIFIED. ) 
 CURVE ( )  GEOMETRIC_REPRESENTATION_ITEM ( )  RATIONAL_B_SPLINE_CURVE ( ( 1.000000000000000000, 0.9492530216741915661, 0.9492530216741915661, 1.000000000000000000 ) ) 
 REPRESENTATION_ITEM ( '' )  );
#5017 = EDGE_CURVE ( 'NONE', #5445, #4708, #2917, .T. ) ;
#5018 =( NAMED_UNIT ( * ) SI_UNIT ( $, .STERADIAN. ) SOLID_ANGLE_UNIT ( ) );
#5019 = CARTESIAN_POINT ( 'NONE',  ( 2.829092094937436297, 2.226582426945557636, 7.947330798265289431 ) ) ;
#5020 = FILL_AREA_STYLE_COLOUR ( '', #4687 ) ;
#5021 = SURFACE_SIDE_STYLE ('',( #1742 ) ) ;
#5022 = ORIENTED_EDGE ( 'NONE', *, *, #246, .F. ) ;
#5023 = EDGE_CURVE ( 'NONE', #2070, #5783, #4663, .T. ) ;
#5024 = FACE_OUTER_BOUND ( 'NONE', #3018, .T. ) ;
#5025 = CYLINDRICAL_SURFACE ( 'NONE', #507, 0.06399999999999998745 ) ;
#5026 = EDGE_CURVE ( 'NONE', #4877, #6583, #7348, .T. ) ;
#5027 = DIRECTION ( 'NONE',  ( -0.000000000000000000, 1.000000000000000000, 0.000000000000000000 ) ) ;
#5028 = SURFACE_STYLE_USAGE ( .BOTH. , #4405 ) ;
#5029 = CARTESIAN_POINT ( 'NONE',  ( 0.2713367824627647695, -1.169999999999999707, 0.8481160656645557738 ) ) ;
#5030 = ORIENTED_EDGE ( 'NONE', *, *, #1647, .T. ) ;
#5031 = FACE_OUTER_BOUND ( 'NONE', #5844, .T. ) ;
#5032 = ORIENTED_EDGE ( 'NONE', *, *, #3588, .T. ) ;
#5033 = CARTESIAN_POINT ( 'NONE',  ( -0.2713367824627652136, -1.170000000000000151, 1.691883934335448147 ) ) ;
#5034 =( GEOMETRIC_REPRESENTATION_CONTEXT ( 3 ) GLOBAL_UNCERTAINTY_ASSIGNED_CONTEXT ( ( #7934 ) ) GLOBAL_UNIT_ASSIGNED_CONTEXT ( ( #3508, #6131, #1640 ) ) REPRESENTATION_CONTEXT ( 'NONE', 'WORKASPACE' ) );
#5035 = ORIENTED_EDGE ( 'NONE', *, *, #4097, .F. ) ;
#5036 = CARTESIAN_POINT ( 'NONE',  ( 2.796000000000000263, 4.823999999999998956, 8.550000000000000711 ) ) ;
#5037 = DIRECTION ( 'NONE',  ( 6.842277657836020854E-49, -5.078189165123089681E-17, 1.000000000000000000 ) ) ;
#5038 = DIRECTION ( 'NONE',  ( 0.000000000000000000, -1.000000000000000000, -5.078189165123089681E-17 ) ) ;
#5039 = CARTESIAN_POINT ( 'NONE',  ( 3.559999999999999609, 5.870000000000000107, 0.4500000000000018430 ) ) ;
#5040 = DIRECTION ( 'NONE',  ( 1.000000000000000000, 0.000000000000000000, 0.000000000000000000 ) ) ;
#5041 = COLOUR_RGB ( '',0.9686274509803921573, 0.8784313725490195957, 0.5999999999999999778 ) ;
#5042 = ORIENTED_EDGE ( 'NONE', *, *, #1212, .F. ) ;
#5043 = LINE ( 'NONE', #8061, #4705 ) ;
#5044 = ORIENTED_EDGE ( 'NONE', *, *, #5668, .T. ) ;
#5045 = DIRECTION ( 'NONE',  ( -1.000000000000000000, 0.000000000000000000, 0.000000000000000000 ) ) ;
#5046 = VECTOR ( 'NONE', #7353, 1000.000000000000000 ) ;
#5047 = CARTESIAN_POINT ( 'NONE',  ( 0.2700724310048497889, -1.169999999999999263, 0.8217727567765020780 ) ) ;
#5048 = UNCERTAINTY_MEASURE_WITH_UNIT (LENGTH_MEASURE( 1.000000000000000082E-05 ), #3274, 'distance_accuracy_value', 'NONE');
#5049 = CARTESIAN_POINT ( 'NONE',  ( 0.000000000000000000, 5.287150732346582949, -3.000000000000000000 ) ) ;
#5050 = CARTESIAN_POINT ( 'NONE',  ( -0.3199999999999999512, 2.813200710532139492, 7.909999999999986819 ) ) ;
#5051 = EDGE_CURVE ( 'NONE', #254, #2988, #4178, .T. ) ;
#5052 = CARTESIAN_POINT ( 'NONE',  ( -0.2578255419175458640, -1.149999999999999911, 1.768147135491485278 ) ) ;
#5053 = COLOUR_RGB ( '',0.9686274509803921573, 0.8784313725490195957, 0.5999999999999999778 ) ;
#5054 = CARTESIAN_POINT ( 'NONE',  ( 1.520000000000000240, -1.019999999999998685, 0.4500000000000011768 ) ) ;
#5055 = ORIENTED_EDGE ( 'NONE', *, *, #5897, .T. ) ;
#5056 = EDGE_CURVE ( 'NONE', #3175, #6583, #4442, .T. ) ;
#5057 = FACE_OUTER_BOUND ( 'NONE', #2322, .T. ) ;
#5058 = VERTEX_POINT ( 'NONE', #6655 ) ;
#5059 = PLANE ( 'NONE',  #3178 ) ;
#5060 = CARTESIAN_POINT ( 'NONE',  ( 0.2488372323167233335, -1.231817005974135126, 1.100357551796949940 ) ) ;
#5061 = COLOUR_RGB ( '',0.9686274509803921573, 0.8784313725490195957, 0.5999999999999999778 ) ;
#5062 = PRESENTATION_LAYER_ASSIGNMENT (  '', '', ( #2928 ) ) ;
#5063 = CARTESIAN_POINT ( 'NONE',  ( -0.2559999999999999498, -0.3200000000000001732, -2.359999999999988773 ) ) ;
#5064 = ADVANCED_FACE ( 'NONE', ( #8057 ), #1766, .F. ) ;
#5065 = CARTESIAN_POINT ( 'NONE',  ( -0.1565682309120684512, -1.230017572091662181, 0.7554475863476708408 ) ) ;
#5066 =( BOUNDED_CURVE ( )  B_SPLINE_CURVE ( 3, ( #4098, #323, #5515, #8178 ),
 .UNSPECIFIED., .F., .F. ) 
 B_SPLINE_CURVE_WITH_KNOTS ( ( 4, 4 ),
 ( 2.356194490192347057, 3.141592653589793116 ),
 .UNSPECIFIED. ) 
 CURVE ( )  GEOMETRIC_REPRESENTATION_ITEM ( )  RATIONAL_B_SPLINE_CURVE ( ( 1.000000000000000000, 0.9492530216741914550, 0.9492530216741914550, 1.000000000000000000 ) ) 
 REPRESENTATION_ITEM ( '' )  );
#5067 = VERTEX_POINT ( 'NONE', #4421 ) ;
#5068 = AXIS2_PLACEMENT_3D ( 'NONE', #1704, #4237, #8037 ) ;
#5069 = EDGE_CURVE ( 'NONE', #5467, #7110, #3160, .T. ) ;
#5070 = DIRECTION ( 'NONE',  ( -6.842277657836020854E-49, 5.078189165123089681E-17, -1.000000000000000000 ) ) ;
#5071 = CARTESIAN_POINT ( 'NONE',  ( -0.2890920949374357618, 2.226582426945557636, -2.397330798265292717 ) ) ;
#5072 = CARTESIAN_POINT ( 'NONE',  ( 0.1665885810817071822, -1.270000000000000906, 0.7707336829929043454 ) ) ;
#5073 = AXIS2_PLACEMENT_3D ( 'NONE', #2011, #178, #6449 ) ;
#5074 = CARTESIAN_POINT ( 'NONE',  ( 2.220000000000000195, 0.2732007105321401230, -2.359999999999986997 ) ) ;
#5075 = EDGE_CURVE ( 'NONE', #3659, #1736, #676, .T. ) ;
#5076 = VECTOR ( 'NONE', #6312, 1000.000000000000000 ) ;
#5077 = ORIENTED_EDGE ( 'NONE', *, *, #4239, .T. ) ;
#5078 = EDGE_LOOP ( 'NONE', ( #5032, #3112, #3394, #7616 ) ) ;
#5079 = DIRECTION ( 'NONE',  ( 0.000000000000000000, 0.9848077530122085754, 0.1736481776669273891 ) ) ;
#5080 = MECHANICAL_DESIGN_GEOMETRIC_PRESENTATION_REPRESENTATION (  '', ( #2665 ), #5855 ) ;
#5081 = ORIENTED_EDGE ( 'NONE', *, *, #1608, .F. ) ;
#5082 = CARTESIAN_POINT ( 'NONE',  ( 0.000000000000000000, 5.080000000000000071, -3.000000000000000000 ) ) ;
#5083 =( NAMED_UNIT ( * ) PLANE_ANGLE_UNIT ( ) SI_UNIT ( $, .RADIAN. ) );
#5084 = CARTESIAN_POINT ( 'NONE',  ( 0.3200000000000001177, -0.2560000000000007825, 7.909999999999988596 ) ) ;
#5085 = FACE_OUTER_BOUND ( 'NONE', #456, .T. ) ;
#5086 = COLOUR_RGB ( '',0.9686274509803921573, 0.8784313725490195957, 0.5999999999999999778 ) ;
#5087 = CARTESIAN_POINT ( 'NONE',  ( -1.169999999999998153, 5.870000000000000107, 0.6000000000000000888 ) ) ;
#5088 = FILL_AREA_STYLE_COLOUR ( '', #4370 ) ;
#5089 = AXIS2_PLACEMENT_3D ( 'NONE', #6590, #2857, #1695 ) ;
#5090 = VECTOR ( 'NONE', #2739, 1000.000000000000000 ) ;
#5091 = ORIENTED_EDGE ( 'NONE', *, *, #280, .T. ) ;
#5092 =( NAMED_UNIT ( * ) PLANE_ANGLE_UNIT ( ) SI_UNIT ( $, .RADIAN. ) );
#5093 = VERTEX_POINT ( 'NONE', #6858 ) ;
#5094 = DIRECTION ( 'NONE',  ( -0.1710878697460331277, 0.1710878697460330722, 0.9702875252478149193 ) ) ;
#5095 = CARTESIAN_POINT ( 'NONE',  ( 1.269999999999999130, 6.099999999999998757, 2.350000000000000089 ) ) ;
#5096 = CARTESIAN_POINT ( 'NONE',  ( 1.520000000000000462, -1.019999999999998908, 2.500000000000000000 ) ) ;
#5097 = COLOUR_RGB ( '',0.9686274509803921573, 0.8784313725490195957, 0.5999999999999999778 ) ;
#5098 = CARTESIAN_POINT ( 'NONE',  ( -0.3134175730544420668, 2.250907905062563774, -2.397330798265291385 ) ) ;
#5099 = DIRECTION ( 'NONE',  ( 6.842277657836020854E-49, -5.078189165123089681E-17, 1.000000000000000000 ) ) ;
#5100 = ORIENTED_EDGE ( 'NONE', *, *, #6792, .T. ) ;
#5101 = EDGE_CURVE ( 'NONE', #746, #4818, #8138, .T. ) ;
#5102 = LINE ( 'NONE', #6998, #3762 ) ;
#5103 = MECHANICAL_DESIGN_GEOMETRIC_PRESENTATION_REPRESENTATION (  '', ( #1919 ), #5896 ) ;
#5104 = ORIENTED_EDGE ( 'NONE', *, *, #1110, .F. ) ;
#5105 = EDGE_CURVE ( 'NONE', #2146, #3523, #1526, .T. ) ;
#5106 = CARTESIAN_POINT ( 'NONE',  ( -0.2254491123403365715, -1.184586146388934003, 1.356773624004585788 ) ) ;
#5107 = CARTESIAN_POINT ( 'NONE',  ( 2.238745166004060927, 0.3012548339959384425, 8.016309119164535701 ) ) ;
#5108 = STYLED_ITEM ( 'NONE', ( #5619 ), #1945 ) ;
#5109 = CARTESIAN_POINT ( 'NONE',  ( -1.270000000000000462, 6.099999999999998757, 2.500000000000000000 ) ) ;
#5110 = VERTEX_POINT ( 'NONE', #603 ) ;
#5111 = EDGE_CURVE ( 'NONE', #6277, #7793, #3250, .T. ) ;
#5112 = SURFACE_STYLE_USAGE ( .BOTH. , #2530 ) ;
#5113 = DIRECTION ( 'NONE',  ( -0.1710878697460327114, 0.1710878697460326836, -0.9702875252478149193 ) ) ;
#5114 = AXIS2_PLACEMENT_3D ( 'NONE', #7931, #7343, #3422 ) ;
#5115 = ORIENTED_EDGE ( 'NONE', *, *, #5605, .F. ) ;
#5116 = FILL_AREA_STYLE ('',( #6318 ) ) ;
#5117 = EDGE_LOOP ( 'NONE', ( #7628, #2208, #1132, #4472 ) ) ;
#5118 = PRESENTATION_STYLE_ASSIGNMENT (( #1417 ) ) ;
#5119 = EDGE_LOOP ( 'NONE', ( #3970, #550, #2340, #1015 ) ) ;
#5120 = EDGE_CURVE ( 'NONE', #913, #2148, #7647, .T. ) ;
#5121 = SURFACE_STYLE_USAGE ( .BOTH. , #7719 ) ;
#5122 = CARTESIAN_POINT ( 'NONE',  ( -0.2640549167020800891, -1.190006761748982234, 0.8482684769004015246 ) ) ;
#5123 = FILL_AREA_STYLE ('',( #2586 ) ) ;
#5124 = CARTESIAN_POINT ( 'NONE',  ( 3.559999999999999609, 5.870000000000000107, 0.000000000000000000 ) ) ;
#5125 = CARTESIAN_POINT ( 'NONE',  ( -0.3199999999999999512, 5.399999999999999467, -2.359999999999988773 ) ) ;
#5126 = VERTEX_POINT ( 'NONE', #5704 ) ;
#5127 = DIRECTION ( 'NONE',  ( -1.000000000000000000, -0.000000000000000000, -0.000000000000000000 ) ) ;
#5128 = ORIENTED_EDGE ( 'NONE', *, *, #3781, .F. ) ;
#5129 = CARTESIAN_POINT ( 'NONE',  ( 0.2732007105321402896, 0.3199999999999998401, -2.359999999999988773 ) ) ;
#5130 = CARTESIAN_POINT ( 'NONE',  ( 0.1569483399696920412, -1.200008786204580735, 0.7445252815183055484 ) ) ;
#5131 =( NAMED_UNIT ( * ) PLANE_ANGLE_UNIT ( ) SI_UNIT ( $, .RADIAN. ) );
#5132 = CARTESIAN_POINT ( 'NONE',  ( 1.220000000000000639, 5.870000000000000107, 0.6500000000000001332 ) ) ;
#5133 = UNCERTAINTY_MEASURE_WITH_UNIT (LENGTH_MEASURE( 1.000000000000000082E-05 ), #1925, 'distance_accuracy_value', 'NONE');
#5134 = CARTESIAN_POINT ( 'NONE',  ( 0.3200000000000000622, 5.335999999999999410, 7.909999999999988596 ) ) ;
#5135 = EDGE_CURVE ( 'NONE', #3252, #3661, #734, .T. ) ;
#5136 = CARTESIAN_POINT ( 'NONE',  ( -1.019999999999999796, 5.870000000000000107, 0.4500000000000009548 ) ) ;
#5137 = LINE ( 'NONE', #978, #6387 ) ;
#5138 = VERTEX_POINT ( 'NONE', #4335 ) ;
#5139 = FACE_OUTER_BOUND ( 'NONE', #4494, .T. ) ;
#5140 = VERTEX_POINT ( 'NONE', #1185 ) ;
#5141 = CARTESIAN_POINT ( 'NONE',  ( 0.2010872110020790193, 5.281087211002079229, 8.584387938363944315 ) ) ;
#5142 =( GEOMETRIC_REPRESENTATION_CONTEXT ( 3 ) GLOBAL_UNCERTAINTY_ASSIGNED_CONTEXT ( ( #3888 ) ) GLOBAL_UNIT_ASSIGNED_CONTEXT ( ( #5423, #944, #2137 ) ) REPRESENTATION_CONTEXT ( 'NONE', 'WORKASPACE' ) );
#5143 = ORIENTED_EDGE ( 'NONE', *, *, #1297, .T. ) ;
#5144 = CARTESIAN_POINT ( 'NONE',  ( 2.283999999999999808, 5.399999999999999467, 7.909999999999988596 ) ) ;
#5145 = FILL_AREA_STYLE_COLOUR ( '', #4090 ) ;
#5146 = SURFACE_STYLE_USAGE ( .BOTH. , #3943 ) ;
#5147 = FACE_OUTER_BOUND ( 'NONE', #6061, .T. ) ;
#5148 = VECTOR ( 'NONE', #2449, 1000.000000000000000 ) ;
#5149 = CARTESIAN_POINT ( 'NONE',  ( 0.2688704661723465561, -1.169999999999999707, 1.137456301343346521 ) ) ;
#5150 = ORIENTED_EDGE ( 'NONE', *, *, #809, .T. ) ;
#5151 = CARTESIAN_POINT ( 'NONE',  ( 2.220000000000000639, -0.2732007105321404006, -2.359999999999986997 ) ) ;
#5152 = COLOUR_RGB ( '',0.9686274509803921573, 0.8784313725490195957, 0.5999999999999999778 ) ;
#5153 = SURFACE_SIDE_STYLE ('',( #1958 ) ) ;
#5154 = FILL_AREA_STYLE_COLOUR ( '', #150 ) ;
#5155 = CARTESIAN_POINT ( 'NONE',  ( 0.1973794752863951840, -1.270000000000001128, 0.7781227024462210595 ) ) ;
#5156 = DIRECTION ( 'NONE',  ( 1.000000000000000000, 0.000000000000000000, 0.000000000000000000 ) ) ;
#5157 = VERTEX_POINT ( 'NONE', #5124 ) ;
#5158 = ADVANCED_FACE ( 'NONE', ( #6980 ), #1885, .T. ) ;
#5159 = LINE ( 'NONE', #729, #177 ) ;
#5160 = CARTESIAN_POINT ( 'NONE',  ( 2.238745166004060927, 2.238745166004060483, -2.466309119164536767 ) ) ;
#5161 = DIRECTION ( 'NONE',  ( 1.000000000000000000, 0.000000000000000000, 0.000000000000000000 ) ) ;
#5162 = DIRECTION ( 'NONE',  ( -0.1710878697460330999, 0.1710878697460331277, -0.9702875252478148083 ) ) ;
#5163 = LINE ( 'NONE', #811, #4140 ) ;
#5164 = CARTESIAN_POINT ( 'NONE',  ( 0.04999999999999406308, 5.870000000000000107, -0.6199999999999989964 ) ) ;
#5165 = EDGE_CURVE ( 'NONE', #8165, #5126, #3708, .T. ) ;
#5166 = ADVANCED_FACE ( 'NONE', ( #7602 ), #6363, .F. ) ;
#5167 = MECHANICAL_DESIGN_GEOMETRIC_PRESENTATION_REPRESENTATION (  '', ( #8109 ), #3162 ) ;
#5168 = CARTESIAN_POINT ( 'NONE',  ( 1.520000000000000462, -1.019999999999998908, 0.000000000000000000 ) ) ;
#5169 = ORIENTED_EDGE ( 'NONE', *, *, #7943, .T. ) ;
#5170 = CARTESIAN_POINT ( 'NONE',  ( 0.2560000000000002274, 4.759999999999999787, 7.909999999999988596 ) ) ;
#5171 = ORIENTED_EDGE ( 'NONE', *, *, #6275, .T. ) ;
#5172 = SURFACE_STYLE_FILL_AREA ( #2631 ) ;
#5173 = VECTOR ( 'NONE', #698, 1000.000000000000000 ) ;
#5174 = FACE_OUTER_BOUND ( 'NONE', #6147, .T. ) ;
#5175 = DIRECTION ( 'NONE',  ( -6.842277657836020854E-49, 5.078189165123089681E-17, -1.000000000000000000 ) ) ;
#5176 = FILL_AREA_STYLE_COLOUR ( '', #4906 ) ;
#5177 = AXIS2_PLACEMENT_3D ( 'NONE', #5406, #6593, #6027 ) ;
#5178 = SURFACE_SIDE_STYLE ('',( #653 ) ) ;
#5179 = CARTESIAN_POINT ( 'NONE',  ( -0.2023345116037512936, -1.270000000000000018, 1.377563203366681366 ) ) ;
#5180 = EDGE_CURVE ( 'NONE', #3225, #8093, #7817, .T. ) ;
#5181 = ORIENTED_EDGE ( 'NONE', *, *, #3411, .F. ) ;
#5182 = VERTEX_POINT ( 'NONE', #2056 ) ;
#5183 = STYLED_ITEM ( 'NONE', ( #7824 ), #5941 ) ;
#5184 = VERTEX_POINT ( 'NONE', #7686 ) ;
#5185 = FILL_AREA_STYLE ('',( #2108 ) ) ;
#5186 = CARTESIAN_POINT ( 'NONE',  ( -0.3012548339959391086, 2.841254833995938700, 8.016309119164535701 ) ) ;
#5187 = COLOUR_RGB ( '',0.9686274509803921573, 0.8784313725490195957, 0.5999999999999999778 ) ;
#5188 =( NAMED_UNIT ( * ) SI_UNIT ( $, .STERADIAN. ) SOLID_ANGLE_UNIT ( ) );
#5189 = DIRECTION ( 'NONE',  ( -8.470329472543003391E-17, 1.000000000000000000, 0.000000000000000000 ) ) ;
#5190 = ORIENTED_EDGE ( 'NONE', *, *, #4403, .T. ) ;
#5191 = B_SPLINE_CURVE_WITH_KNOTS ( 'NONE', 3,
 ( #2468, #7565, #5005, #7520, #7360, #4148, #3759, #6676 ),
 .UNSPECIFIED., .F., .F.,
 ( 4, 2, 2, 4 ),
 ( 2.424349759030540154E-19, 2.242865849681302911E-05, 4.485731699362581427E-05, 8.971463398725138460E-05 ),
 .UNSPECIFIED. ) ;
#5192 = VECTOR ( 'NONE', #7600, 999.9999999999998863 ) ;
#5193 =( NAMED_UNIT ( * ) SI_UNIT ( $, .STERADIAN. ) SOLID_ANGLE_UNIT ( ) );
#5194 = CARTESIAN_POINT ( 'NONE',  ( 0.2338056406508101370, -1.270000000000000018, 0.8276727744746826820 ) ) ;
#5195 = CARTESIAN_POINT ( 'NONE',  ( 2.540000000000000036, -0.7900000000000003686, 0.000000000000000000 ) ) ;
#5196 = B_SPLINE_SURFACE_WITH_KNOTS ( 'NONE', 1, 3, ( 
 ( #7961, #6564, #1545, #5993, #4079, #6037, #2281, #300, #7176, #6638, #6686, #969, #6601, #6075 ),
 ( #3453, #5332, #344, #1019, #935, #5377, #7921, #7882, #2867, #5411, #2241, #377, #2200, #4786 ) ),
 .UNSPECIFIED., .F., .F., .F.,
 ( 2, 2 ),
 ( 4, 3, 2, 2, 3, 4 ),
 ( 0.000000000000000000, 1.000000000000000000 ),
 ( -0.01900469465635591659, 0.000000000000000000, 0.2500000000000000000, 0.5000000000000000000, 1.000000000000000000, 1.016633854666694869 ),
 .UNSPECIFIED. ) ;
#5197 =( GEOMETRIC_REPRESENTATION_CONTEXT ( 3 ) GLOBAL_UNCERTAINTY_ASSIGNED_CONTEXT ( ( #2957 ) ) GLOBAL_UNIT_ASSIGNED_CONTEXT ( ( #1288, #2566, #7626 ) ) REPRESENTATION_CONTEXT ( 'NONE', 'WORKASPACE' ) );
#5198 = VECTOR ( 'NONE', #2597, 1000.000000000000000 ) ;
#5199 = ORIENTED_EDGE ( 'NONE', *, *, #3689, .T. ) ;
#5200 = EDGE_CURVE ( 'NONE', #5184, #2440, #2170, .T. ) ;
#5201 = FACE_OUTER_BOUND ( 'NONE', #4860, .T. ) ;
#5202 = CARTESIAN_POINT ( 'NONE',  ( 2.747150732346582025, 5.399999999999999467, 8.550000000000000711 ) ) ;
#5203 = FILL_AREA_STYLE ('',( #3286 ) ) ;
#5204 =( LENGTH_UNIT ( ) NAMED_UNIT ( * ) SI_UNIT ( .MILLI., .METRE. ) );
#5205 = EDGE_CURVE ( 'NONE', #5563, #6188, #6917, .T. ) ;
#5206 = VECTOR ( 'NONE', #1627, 1000.000000000000000 ) ;
#5207 = FILL_AREA_STYLE_COLOUR ( '', #826 ) ;
#5208 = CARTESIAN_POINT ( 'NONE',  ( -1.019999999999999796, -0.7900000000000003686, 0.4500000000000009548 ) ) ;
#5209 = CARTESIAN_POINT ( 'NONE',  ( -0.2349831812470687675, -1.270000000000001572, 0.8499144089295519455 ) ) ;
#5210 = MECHANICAL_DESIGN_GEOMETRIC_PRESENTATION_REPRESENTATION (  '', ( #6395 ), #1624 ) ;
#5211 = ADVANCED_FACE ( 'NONE', ( #1506 ), #2085, .F. ) ;
#5212 = MECHANICAL_DESIGN_GEOMETRIC_PRESENTATION_REPRESENTATION (  '', ( #7979 ), #1232 ) ;
#5213 = CARTESIAN_POINT ( 'NONE',  ( 2.220000000000000195, 5.399999999999999467, -2.359999999999988773 ) ) ;
#5214 = VERTEX_POINT ( 'NONE', #7416 ) ;
#5215 = CARTESIAN_POINT ( 'NONE',  ( 0.3464101615137756829, -1.046666666666666856, 2.500000000000000000 ) ) ;
#5216 = ORIENTED_EDGE ( 'NONE', *, *, #5831, .T. ) ;
#5217 = VECTOR ( 'NONE', #775, 1000.000000000000227 ) ;
#5218 = STYLED_ITEM ( 'NONE', ( #5964 ), #4913 ) ;
#5219 = CARTESIAN_POINT ( 'NONE',  ( 0.2890920949374359283, 0.3134175730544420668, -2.397330798265292717 ) ) ;
#5220 = ADVANCED_FACE ( 'NONE', ( #1629 ), #8048, .F. ) ;
#5221 = SURFACE_SIDE_STYLE ('',( #7774 ) ) ;
#5222 = UNCERTAINTY_MEASURE_WITH_UNIT (LENGTH_MEASURE( 1.000000000000000082E-05 ), #3987, 'distance_accuracy_value', 'NONE');
#5223 = CARTESIAN_POINT ( 'NONE',  ( 0.2560000000000002274, 4.760000000000000675, -2.359999999999988773 ) ) ;
#5224 = CARTESIAN_POINT ( 'NONE',  ( -0.2559999999999999498, 2.219999999999999751, -2.359999999999988773 ) ) ;
#5225 = VECTOR ( 'NONE', #7129, 1000.000000000000000 ) ;
#5226 = ORIENTED_EDGE ( 'NONE', *, *, #2359, .F. ) ;
#5227 = DIRECTION ( 'NONE',  ( 1.000000000000000000, 0.000000000000000000, 0.000000000000000000 ) ) ;
#5228 = ORIENTED_EDGE ( 'NONE', *, *, #5822, .T. ) ;
#5229 = LINE ( 'NONE', #195, #1503 ) ;
#5230 = ORIENTED_EDGE ( 'NONE', *, *, #1402, .T. ) ;
#5231 = AXIS2_PLACEMENT_3D ( 'NONE', #3049, #5562, #5598 ) ;
#5232 = EDGE_CURVE ( 'NONE', #1904, #6704, #506, .T. ) ;
#5233 = PRESENTATION_LAYER_ASSIGNMENT (  '', '', ( #320 ) ) ;
#5234 = DIRECTION ( 'NONE',  ( 1.000000000000000000, 3.533888243307264380E-16, 0.000000000000000000 ) ) ;
#5235 = PLANE ( 'NONE',  #3822 ) ;
#5236 = CARTESIAN_POINT ( 'NONE',  ( -0.3012548339959391086, -0.3012548339959393862, -2.466309119164536767 ) ) ;
#5237 = SURFACE_STYLE_USAGE ( .BOTH. , #4769 ) ;
#5238 = VECTOR ( 'NONE', #1684, 1000.000000000000000 ) ;
#5239 = DIRECTION ( 'NONE',  ( -1.000000000000000000, 0.000000000000000000, 0.000000000000000000 ) ) ;
#5240 = MECHANICAL_DESIGN_GEOMETRIC_PRESENTATION_REPRESENTATION (  '', ( #4965 ), #7458 ) ;
#5241 = VERTEX_POINT ( 'NONE', #6193 ) ;
#5242 = DIRECTION ( 'NONE',  ( -1.000000000000000000, 0.000000000000000000, 0.000000000000000000 ) ) ;
#5243 = DIRECTION ( 'NONE',  ( -0.5000000000000003331, -0.8660254037844383745, 0.000000000000000000 ) ) ;
#5244 = AXIS2_PLACEMENT_3D ( 'NONE', #216, #4003, #7214 ) ;
#5245 =( BOUNDED_CURVE ( )  B_SPLINE_CURVE ( 3, ( #6864, #2510, #7997, #1892 ),
 .UNSPECIFIED., .F., .F. ) 
 B_SPLINE_CURVE_WITH_KNOTS ( ( 4, 4 ),
 ( 0.000000000000000000, 0.7853981633974490562 ),
 .UNSPECIFIED. ) 
 CURVE ( )  GEOMETRIC_REPRESENTATION_ITEM ( )  RATIONAL_B_SPLINE_CURVE ( ( 1.000000000000000000, 0.9492530216741910110, 0.9492530216741910110, 1.000000000000000000 ) ) 
 REPRESENTATION_ITEM ( '' )  );
#5246 = LINE ( 'NONE', #5860, #2813 ) ;
#5247 = CARTESIAN_POINT ( 'NONE',  ( 2.219999999999999751, 0.2732007105321395124, 7.909999999999986819 ) ) ;
#5248 = EDGE_CURVE ( 'NONE', #2310, #7605, #8029, .T. ) ;
#5249 = ORIENTED_EDGE ( 'NONE', *, *, #937, .T. ) ;
#5250 =( GEOMETRIC_REPRESENTATION_CONTEXT ( 3 ) GLOBAL_UNCERTAINTY_ASSIGNED_CONTEXT ( ( #7523 ) ) GLOBAL_UNIT_ASSIGNED_CONTEXT ( ( #7960, #1133, #2358 ) ) REPRESENTATION_CONTEXT ( 'NONE', 'WORKASPACE' ) );
#5251 = SURFACE_STYLE_FILL_AREA ( #2833 ) ;
#5252 = CARTESIAN_POINT ( 'NONE',  ( 2.796000000000000263, 0.3199999999999998401, -2.359999999999988773 ) ) ;
#5253 =( LENGTH_UNIT ( ) NAMED_UNIT ( * ) SI_UNIT ( .MILLI., .METRE. ) );
#5254 = SURFACE_SIDE_STYLE ('',( #1585 ) ) ;
#5255 = CARTESIAN_POINT ( 'NONE',  ( 2.796000000000000263, -0.3200000000000001732, -2.359999999999988773 ) ) ;
#5256 =( GEOMETRIC_REPRESENTATION_CONTEXT ( 3 ) GLOBAL_UNCERTAINTY_ASSIGNED_CONTEXT ( ( #7354 ) ) GLOBAL_UNIT_ASSIGNED_CONTEXT ( ( #6369, #7607, #3971 ) ) REPRESENTATION_CONTEXT ( 'NONE', 'WORKASPACE' ) );
#5257 = CARTESIAN_POINT ( 'NONE',  ( 0.2560000000000002274, -0.3200000000000006728, 7.909999999999988596 ) ) ;
#5258 = ADVANCED_FACE ( 'NONE', ( #6120 ), #347, .F. ) ;
#5259 =( NAMED_UNIT ( * ) SI_UNIT ( $, .STERADIAN. ) SOLID_ANGLE_UNIT ( ) );
#5260 = VERTEX_POINT ( 'NONE', #5451 ) ;
#5261 = CARTESIAN_POINT ( 'NONE',  ( -0.3012548339959391086, 5.381254833995938291, 8.016309119164535701 ) ) ;
#5262 = EDGE_LOOP ( 'NONE', ( #6997, #6994, #4616, #3758, #5169, #7823 ) ) ;
#5263 = CARTESIAN_POINT ( 'NONE',  ( 0.2560000000000001719, 0.3199999999999998401, -2.359999999999988773 ) ) ;
#5264 = CARTESIAN_POINT ( 'NONE',  ( -0.3012548339959391086, 4.778745166004060962, -2.466309119164536767 ) ) ;
#5265 = DIRECTION ( 'NONE',  ( -6.842277657836020854E-49, 5.078189165123089681E-17, -1.000000000000000000 ) ) ;
#5266 = DIRECTION ( 'NONE',  ( 0.000000000000000000, -0.000000000000000000, -1.000000000000000000 ) ) ;
#5267 = EDGE_CURVE ( 'NONE', #584, #7398, #7968, .T. ) ;
#5268 = CARTESIAN_POINT ( 'NONE',  ( 2.220000000000000195, 5.399999999999999467, 8.550000000000000711 ) ) ;
#5269 = ORIENTED_EDGE ( 'NONE', *, *, #5774, .T. ) ;
#5270 = ORIENTED_EDGE ( 'NONE', *, *, #3438, .T. ) ;
#5271 = DIRECTION ( 'NONE',  ( -8.470329472543003391E-17, 1.000000000000000000, 0.000000000000000000 ) ) ;
#5272 = ORIENTED_EDGE ( 'NONE', *, *, #2676, .F. ) ;
#5273 = LINE ( 'NONE', #3939, #2654 ) ;
#5274 = CARTESIAN_POINT ( 'NONE',  ( -0.3199999999999999512, 5.399999999999999467, -2.359999999999988773 ) ) ;
#5275 =( NAMED_UNIT ( * ) PLANE_ANGLE_UNIT ( ) SI_UNIT ( $, .RADIAN. ) );
#5276 = CARTESIAN_POINT ( 'NONE',  ( 2.284000000000000252, -0.3200000000000001732, -2.359999999999988773 ) ) ;
#5277 = EDGE_CURVE ( 'NONE', #3735, #2165, #4246, .T. ) ;
#5278 = STYLED_ITEM ( 'NONE', ( #3831 ), #3301 ) ;
#5279 = DIRECTION ( 'NONE',  ( 1.000000000000000000, 1.218204688185960556E-16, -0.000000000000000000 ) ) ;
#5280 = ORIENTED_EDGE ( 'NONE', *, *, #6789, .T. ) ;
#5281 = DIRECTION ( 'NONE',  ( 0.000000000000000000, -1.000000000000000000, 0.000000000000000000 ) ) ;
#5282 = ORIENTED_EDGE ( 'NONE', *, *, #7366, .T. ) ;
#5283 = CARTESIAN_POINT ( 'NONE',  ( 2.220000000000000195, -0.3200000000000006728, 7.909999999999988596 ) ) ;
#5284 =( NAMED_UNIT ( * ) PLANE_ANGLE_UNIT ( ) SI_UNIT ( $, .RADIAN. ) );
#5285 = CARTESIAN_POINT ( 'NONE',  ( -0.3134175730544421778, 5.369092094937435888, -2.397330798265290941 ) ) ;
#5286 = VECTOR ( 'NONE', #6116, 1000.000000000000000 ) ;
#5287 = CARTESIAN_POINT ( 'NONE',  ( 5.421010862427522170E-17, -0.4466666666666664898, 2.449999999999999734 ) ) ;
#5288 =( LENGTH_UNIT ( ) NAMED_UNIT ( * ) SI_UNIT ( .MILLI., .METRE. ) );
#5289 = EDGE_LOOP ( 'NONE', ( #2133, #3670, #6617, #6533 ) ) ;
#5290 =( GEOMETRIC_REPRESENTATION_CONTEXT ( 3 ) GLOBAL_UNCERTAINTY_ASSIGNED_CONTEXT ( ( #7436 ) ) GLOBAL_UNIT_ASSIGNED_CONTEXT ( ( #7825, #200, #2226 ) ) REPRESENTATION_CONTEXT ( 'NONE', 'WORKASPACE' ) );
#5291 = SURFACE_STYLE_USAGE ( .BOTH. , #5910 ) ;
#5292 =( BOUNDED_CURVE ( )  B_SPLINE_CURVE ( 3, ( #7029, #4473, #3932, #5264 ),
 .UNSPECIFIED., .F., .F. ) 
 B_SPLINE_CURVE_WITH_KNOTS ( ( 4, 4 ),
 ( 3.141592653589793116, 3.926990816987241395 ),
 .UNSPECIFIED. ) 
 CURVE ( )  GEOMETRIC_REPRESENTATION_ITEM ( )  RATIONAL_B_SPLINE_CURVE ( ( 1.000000000000000000, 0.9492530216741911220, 0.9492530216741911220, 1.000000000000000000 ) ) 
 REPRESENTATION_ITEM ( '' )  );
#5293 = EDGE_CURVE ( 'NONE', #4890, #4457, #1874, .T. ) ;
#5294 = CARTESIAN_POINT ( 'NONE',  ( -0.2559999999999999498, 2.219999999999999307, 7.909999999999988596 ) ) ;
#5295 = DIRECTION ( 'NONE',  ( -1.000000000000000000, 1.408054769461694189E-16, 0.000000000000000000 ) ) ;
#5296 = CARTESIAN_POINT ( 'NONE',  ( 1.019999999999999796, 6.099999999999997868, 2.500000000000000000 ) ) ;
#5297 = EDGE_LOOP ( 'NONE', ( #6803, #4338, #7165, #6455 ) ) ;
#5298 = SURFACE_STYLE_FILL_AREA ( #387 ) ;
#5299 = ORIENTED_EDGE ( 'NONE', *, *, #5026, .T. ) ;
#5300 = SURFACE_STYLE_FILL_AREA ( #2913 ) ;
#5301 = DIRECTION ( 'NONE',  ( 0.000000000000000000, -0.9848077530122085754, 0.1736481776669278054 ) ) ;
#5302 = PLANE ( 'NONE',  #4014 ) ;
#5303 =( LENGTH_UNIT ( ) NAMED_UNIT ( * ) SI_UNIT ( .MILLI., .METRE. ) );
#5304 = VERTEX_POINT ( 'NONE', #7707 ) ;
#5305 = SURFACE_STYLE_FILL_AREA ( #2767 ) ;
#5306 = VERTEX_POINT ( 'NONE', #6847 ) ;
#5307 = VECTOR ( 'NONE', #6078, 1000.000000000000000 ) ;
#5308 =( NAMED_UNIT ( * ) PLANE_ANGLE_UNIT ( ) SI_UNIT ( $, .RADIAN. ) );
#5309 = ORIENTED_EDGE ( 'NONE', *, *, #3495, .T. ) ;
#5310 = SURFACE_STYLE_USAGE ( .BOTH. , #4766 ) ;
#5311 = UNCERTAINTY_MEASURE_WITH_UNIT (LENGTH_MEASURE( 1.000000000000000082E-05 ), #2727, 'distance_accuracy_value', 'NONE');
#5312 = EDGE_CURVE ( 'NONE', #2673, #1990, #2414, .T. ) ;
#5313 = SURFACE_SIDE_STYLE ('',( #7905 ) ) ;
#5314 = FACE_OUTER_BOUND ( 'NONE', #1072, .T. ) ;
#5315 = EDGE_CURVE ( 'NONE', #674, #8198, #2039, .T. ) ;
#5316 = STYLED_ITEM ( 'NONE', ( #8155 ), #5707 ) ;
#5317 = CARTESIAN_POINT ( 'NONE',  ( -0.3199999999999999512, 2.859999999999999876, 7.909999999999988596 ) ) ;
#5318 = ORIENTED_EDGE ( 'NONE', *, *, #6822, .F. ) ;
#5319 = SURFACE_SIDE_STYLE ('',( #4736 ) ) ;
#5320 = ORIENTED_EDGE ( 'NONE', *, *, #3349, .F. ) ;
#5321 = FACE_OUTER_BOUND ( 'NONE', #5900, .T. ) ;
#5322 = LINE ( 'NONE', #5, #6752 ) ;
#5323 = CARTESIAN_POINT ( 'NONE',  ( 3.559999999999999609, 5.870000000000000107, 0.6000000000000000888 ) ) ;
#5324 = EDGE_CURVE ( 'NONE', #4553, #2304, #6926, .T. ) ;
#5325 =( GEOMETRIC_REPRESENTATION_CONTEXT ( 3 ) GLOBAL_UNCERTAINTY_ASSIGNED_CONTEXT ( ( #986 ) ) GLOBAL_UNIT_ASSIGNED_CONTEXT ( ( #3297, #5131, #6457 ) ) REPRESENTATION_CONTEXT ( 'NONE', 'WORKASPACE' ) );
#5326 = PRESENTATION_STYLE_ASSIGNMENT (( #964 ) ) ;
#5327 = FILL_AREA_STYLE_COLOUR ( '', #5874 ) ;
#5328 = PLANE ( 'NONE',  #4006 ) ;
#5329 = ORIENTED_EDGE ( 'NONE', *, *, #4349, .T. ) ;
#5330 = COLOUR_RGB ( '',0.9686274509803921573, 0.8784313725490195957, 0.5999999999999999778 ) ;
#5331 = SURFACE_STYLE_USAGE ( .BOTH. , #7920 ) ;
#5332 = CARTESIAN_POINT ( 'NONE',  ( 0.2345216763773491087, -1.149999999999999023, 1.211338980832549206 ) ) ;
#5333 = SURFACE_SIDE_STYLE ('',( #894 ) ) ;
#5334 = ADVANCED_FACE ( 'NONE', ( #6315 ), #8164, .F. ) ;
#5335 = LINE ( 'NONE', #7844, #6512 ) ;
#5336 = VECTOR ( 'NONE', #5099, 1000.000000000000000 ) ;
#5337 =( GEOMETRIC_REPRESENTATION_CONTEXT ( 3 ) GLOBAL_UNCERTAINTY_ASSIGNED_CONTEXT ( ( #1066 ) ) GLOBAL_UNIT_ASSIGNED_CONTEXT ( ( #3447, #5985, #3997 ) ) REPRESENTATION_CONTEXT ( 'NONE', 'WORKASPACE' ) );
#5338 =( NAMED_UNIT ( * ) PLANE_ANGLE_UNIT ( ) SI_UNIT ( $, .RADIAN. ) );
#5339 =( BOUNDED_CURVE ( )  B_SPLINE_CURVE ( 3, ( #274, #2184, #4729, #7234 ),
 .UNSPECIFIED., .F., .F. ) 
 B_SPLINE_CURVE_WITH_KNOTS ( ( 4, 4 ),
 ( 5.497787143782135288, 6.283185307179586232 ),
 .UNSPECIFIED. ) 
 CURVE ( )  GEOMETRIC_REPRESENTATION_ITEM ( )  RATIONAL_B_SPLINE_CURVE ( ( 1.000000000000000000, 0.9492530216741907889, 0.9492530216741907889, 1.000000000000000000 ) ) 
 REPRESENTATION_ITEM ( '' )  );
#5340 = B_SPLINE_CURVE_WITH_KNOTS ( 'NONE', 3,
 ( #4758, #2881, #5391, #1032, #6700, #2180, #5349, #392, #6577, #947 ),
 .UNSPECIFIED., .F., .F.,
 ( 4, 3, 3, 4 ),
 ( 0.000000000000000000, 3.193694500261407807E-05, 6.387389000522818324E-05, 0.0001064205049631833968 ),
 .UNSPECIFIED. ) ;
#5341 = VERTEX_POINT ( 'NONE', #3314 ) ;
#5342 = LINE ( 'NONE', #2874, #2706 ) ;
#5343 =( GEOMETRIC_REPRESENTATION_CONTEXT ( 3 ) GLOBAL_UNCERTAINTY_ASSIGNED_CONTEXT ( ( #2213 ) ) GLOBAL_UNIT_ASSIGNED_CONTEXT ( ( #4041, #4112, #291 ) ) REPRESENTATION_CONTEXT ( 'NONE', 'WORKASPACE' ) );
#5344 = ORIENTED_EDGE ( 'NONE', *, *, #7729, .T. ) ;
#5345 = DIRECTION ( 'NONE',  ( 0.000000000000000000, -1.000000000000000000, 0.000000000000000000 ) ) ;
#5346 = CARTESIAN_POINT ( 'NONE',  ( 2.220000000000000195, 4.823999999999999844, -2.359999999999988773 ) ) ;
#5347 = DIRECTION ( 'NONE',  ( 0.000000000000000000, -5.078189165123089681E-17, 1.000000000000000000 ) ) ;
#5348 = STYLED_ITEM ( 'NONE', ( #7534 ), #4574 ) ;
#5349 = CARTESIAN_POINT ( 'NONE',  ( -0.2494911852965927546, -1.230020284928560859, 1.691426653298529148 ) ) ;
#5350 = CARTESIAN_POINT ( 'NONE',  ( 0.2732007105321402896, 5.400000000000001243, -2.359999999999988773 ) ) ;
#5351 = COLOUR_RGB ( '',0.9686274509803921573, 0.8784313725490195957, 0.5999999999999999778 ) ;
#5352 = ORIENTED_EDGE ( 'NONE', *, *, #3775, .T. ) ;
#5353 =( NAMED_UNIT ( * ) SI_UNIT ( $, .STERADIAN. ) SOLID_ANGLE_UNIT ( ) );
#5354 = VECTOR ( 'NONE', #6709, 1000.000000000000000 ) ;
#5355 = ORIENTED_EDGE ( 'NONE', *, *, #5564, .F. ) ;
#5356 = ORIENTED_EDGE ( 'NONE', *, *, #363, .T. ) ;
#5357 = CARTESIAN_POINT ( 'NONE',  ( 2.829092094937436297, -0.3134175730544429550, 7.947330798265289431 ) ) ;
#5358 = SURFACE_SIDE_STYLE ('',( #5974 ) ) ;
#5359 =( GEOMETRIC_REPRESENTATION_CONTEXT ( 3 ) GLOBAL_UNCERTAINTY_ASSIGNED_CONTEXT ( ( #4477 ) ) GLOBAL_UNIT_ASSIGNED_CONTEXT ( ( #6161, #1140, #474 ) ) REPRESENTATION_CONTEXT ( 'NONE', 'WORKASPACE' ) );
#5360 = CLOSED_SHELL ( 'NONE', ( #2206, #6152, #2066, #3797, #6764, #296, #1332, #6922, #1552, #6465, #4653, #3327, #5531, #2778, #6838, #2525, #5933, #3470, #2608, #759, #4828, #2961, #7746, #3963, #535, #6878, #4057, #1154, #6381, #1149, #4360, #5645, #1058, #4243, #4273, #4509, #4308, #7842, #4299, #7309, #5211, #7837, #3377, #349, #1068, #5711, #6290, #8139, #5686, #8128, #6635, #4816, #6934, #2941, #5930, #642, #4086, #6528, #83, #7372 ) ) ;
#5361 = CARTESIAN_POINT ( 'NONE',  ( 1.269999999999999130, 6.099999999999998757, 2.500000000000000000 ) ) ;
#5362 = CARTESIAN_POINT ( 'NONE',  ( -5.969498373869599761E-17, -1.270000000000000018, 1.270000000000000018 ) ) ;
#5363 = VERTEX_POINT ( 'NONE', #6272 ) ;
#5364 = DIRECTION ( 'NONE',  ( -0.7071067811865495711, -0.000000000000000000, -0.7071067811865454633 ) ) ;
#5365 = ORIENTED_EDGE ( 'NONE', *, *, #7128, .T. ) ;
#5366 = MECHANICAL_DESIGN_GEOMETRIC_PRESENTATION_REPRESENTATION (  '', ( #731 ), #4706 ) ;
#5367 = LINE ( 'NONE', #1011, #4241 ) ;
#5368 = EDGE_CURVE ( 'NONE', #2348, #6453, #3316, .T. ) ;
#5369 = DIRECTION ( 'NONE',  ( 0.7071067811865435759, -0.000000000000000000, -0.7071067811865515695 ) ) ;
#5370 = PRESENTATION_STYLE_ASSIGNMENT (( #1621 ) ) ;
#5371 = VECTOR ( 'NONE', #5127, 1000.000000000000000 ) ;
#5372 = EDGE_CURVE ( 'NONE', #6919, #8165, #6047, .T. ) ;
#5373 = COLOUR_RGB ( '',0.9686274509803921573, 0.8784313725490195957, 0.5999999999999999778 ) ;
#5374 = VERTEX_POINT ( 'NONE', #3366 ) ;
#5375 = B_SPLINE_CURVE_WITH_KNOTS ( 'NONE', 3,
 ( #1738, #4276, #6718, #4865, #6067, #2316, #6218, #1700, #4235, #533 ),
 .UNSPECIFIED., .F., .F.,
 ( 4, 3, 3, 4 ),
 ( 0.000000000000000000, 3.193694500261354952E-05, 6.387389000522657049E-05, 0.0001064253154868433402 ),
 .UNSPECIFIED. ) ;
#5376 = CARTESIAN_POINT ( 'NONE',  ( 0.2291490472775050691, -1.169999999999999707, 1.206427255910821339 ) ) ;
#5377 = CARTESIAN_POINT ( 'NONE',  ( 0.2469967307725537131, -1.149999999999997469, 1.197951346359651170 ) ) ;
#5378 = PRESENTATION_LAYER_ASSIGNMENT (  '', '', ( #735 ) ) ;
#5379 = SURFACE_STYLE_FILL_AREA ( #6041 ) ;
#5380 = CARTESIAN_POINT ( 'NONE',  ( -0.2786410898395590419, -1.149999999999998357, 0.8485582526187547270 ) ) ;
#5381 =( LENGTH_UNIT ( ) NAMED_UNIT ( * ) SI_UNIT ( .MILLI., .METRE. ) );
#5382 = AXIS2_PLACEMENT_3D ( 'NONE', #7833, #7096, #4071 ) ;
#5383 = EDGE_CURVE ( 'NONE', #1392, #548, #842, .T. ) ;
#5384 = FACE_OUTER_BOUND ( 'NONE', #4096, .T. ) ;
#5385 = VERTEX_POINT ( 'NONE', #7598 ) ;
#5386 = EDGE_LOOP ( 'NONE', ( #595, #5589, #1673, #2749, #1364, #3937 ) ) ;
#5387 = CARTESIAN_POINT ( 'NONE',  ( 3.559999999999999609, 0.000000000000000000, 2.500000000000000000 ) ) ;
#5388 = SURFACE_SIDE_STYLE ('',( #315 ) ) ;
#5389 = VECTOR ( 'NONE', #6773, 1000.000000000000000 ) ;
#5390 = FACE_OUTER_BOUND ( 'NONE', #5117, .T. ) ;
#5391 = CARTESIAN_POINT ( 'NONE',  ( -0.2640549167020773136, -1.190006761748989339, 1.691731523099603063 ) ) ;
#5392 = DIRECTION ( 'NONE',  ( 8.470329472543003391E-17, -1.000000000000000000, 0.000000000000000000 ) ) ;
#5393 = EDGE_LOOP ( 'NONE', ( #2331, #5710, #4544, #7583, #3959, #72 ) ) ;
#5394 = ORIENTED_EDGE ( 'NONE', *, *, #7896, .F. ) ;
#5395 = FACE_OUTER_BOUND ( 'NONE', #995, .T. ) ;
#5396 = ORIENTED_EDGE ( 'NONE', *, *, #2504, .T. ) ;
#5397 = EDGE_CURVE ( 'NONE', #2253, #2726, #2745, .T. ) ;
#5398 = CARTESIAN_POINT ( 'NONE',  ( 0.3200000000000001177, 2.266799289467859690, -2.359999999999986997 ) ) ;
#5399 = CARTESIAN_POINT ( 'NONE',  ( 2.540000000000000036, 0.000000000000000000, 2.500000000000000000 ) ) ;
#5400 = DIRECTION ( 'NONE',  ( -1.000000000000000000, 0.000000000000000000, 0.000000000000000000 ) ) ;
#5401 = DIRECTION ( 'NONE',  ( -0.3420201433256690460, -0.9396926207859083169, 0.000000000000000000 ) ) ;
#5402 = ORIENTED_EDGE ( 'NONE', *, *, #91, .F. ) ;
#5403 =( LENGTH_UNIT ( ) NAMED_UNIT ( * ) SI_UNIT ( .MILLI., .METRE. ) );
#5404 = ORIENTED_EDGE ( 'NONE', *, *, #2469, .T. ) ;
#5405 = FILL_AREA_STYLE_COLOUR ( '', #7471 ) ;
#5406 = CARTESIAN_POINT ( 'NONE',  ( 1.019999999999999130, 6.099999999999998757, 2.500000000000000000 ) ) ;
#5407 = DIRECTION ( 'NONE',  ( -6.842277657836020854E-49, 5.078189165123089681E-17, -1.000000000000000000 ) ) ;
#5408 = AXIS2_PLACEMENT_3D ( 'NONE', #780, #7608, #1394 ) ;
#5409 = VERTEX_POINT ( 'NONE', #1492 ) ;
#5410 = DIRECTION ( 'NONE',  ( -1.000000000000000000, -8.470329472543003391E-17, -4.301393535249064745E-33 ) ) ;
#5411 = CARTESIAN_POINT ( 'NONE',  ( 0.2778262552174863842, -1.149999999999998801, 1.116780493418348064 ) ) ;
#5412 = DIRECTION ( 'NONE',  ( -6.842277657836020854E-49, 5.078189165123089681E-17, -1.000000000000000000 ) ) ;
#5413 = EDGE_CURVE ( 'NONE', #6626, #678, #5943, .T. ) ;
#5414 = CARTESIAN_POINT ( 'NONE',  ( 1.394999999999999352, -1.019999999999998908, 2.374999999999999556 ) ) ;
#5415 =( NAMED_UNIT ( * ) PLANE_ANGLE_UNIT ( ) SI_UNIT ( $, .RADIAN. ) );
#5416 = LINE ( 'NONE', #6459, #8095 ) ;
#5417 = STYLED_ITEM ( 'NONE', ( #1546 ), #3383 ) ;
#5418 = EDGE_CURVE ( 'NONE', #790, #26, #888, .T. ) ;
#5419 = CARTESIAN_POINT ( 'NONE',  ( 0.2349397590361443910, -1.270000000000000018, 1.692439759036144631 ) ) ;
#5420 = VERTEX_POINT ( 'NONE', #3830 ) ;
#5421 = ORIENTED_EDGE ( 'NONE', *, *, #5069, .T. ) ;
#5422 = LINE ( 'NONE', #5387, #208 ) ;
#5423 =( LENGTH_UNIT ( ) NAMED_UNIT ( * ) SI_UNIT ( .MILLI., .METRE. ) );
#5424 = VECTOR ( 'NONE', #7283, 1000.000000000000000 ) ;
#5425 = SURFACE_STYLE_FILL_AREA ( #7225 ) ;
#5426 = EDGE_CURVE ( 'NONE', #6453, #1081, #5322, .T. ) ;
#5427 = LINE ( 'NONE', #1679, #6254 ) ;
#5428 = VERTEX_POINT ( 'NONE', #7835 ) ;
#5429 = ORIENTED_EDGE ( 'NONE', *, *, #2612, .F. ) ;
#5430 = CARTESIAN_POINT ( 'NONE',  ( 2.829092094937436297, 4.766582426945556783, 7.947330798265289431 ) ) ;
#5431 = SURFACE_STYLE_FILL_AREA ( #3516 ) ;
#5432 = ADVANCED_FACE ( 'NONE', ( #4039 ), #7643, .T. ) ;
#5433 = CARTESIAN_POINT ( 'NONE',  ( -0.2713153150985217477, -1.169999999999997486, 0.8476035708579215955 ) ) ;
#5434 = DIRECTION ( 'NONE',  ( -0.000000000000000000, 0.9848077530122085754, 0.1736481776669278887 ) ) ;
#5435 = SURFACE_STYLE_USAGE ( .BOTH. , #5479 ) ;
#5436 = ORIENTED_EDGE ( 'NONE', *, *, #7444, .T. ) ;
#5437 = FACE_OUTER_BOUND ( 'NONE', #1876, .T. ) ;
#5438 = ORIENTED_EDGE ( 'NONE', *, *, #6169, .F. ) ;
#5439 = SURFACE_STYLE_USAGE ( .BOTH. , #5674 ) ;
#5440 = DIRECTION ( 'NONE',  ( -6.842277657836020854E-49, 5.078189165123089681E-17, -1.000000000000000000 ) ) ;
#5441 = COLOUR_RGB ( '',0.9686274509803921573, 0.8784313725490195957, 0.5999999999999999778 ) ;
#5442 = LINE ( 'NONE', #1782, #5011 ) ;
#5443 = CARTESIAN_POINT ( 'NONE',  ( -0.2071507323465823225, 2.332849267653417158, -3.000000000000000000 ) ) ;
#5444 = CYLINDRICAL_SURFACE ( 'NONE', #6510, 0.06399999999999998745 ) ;
#5445 = VERTEX_POINT ( 'NONE', #7170 ) ;
#5446 = MECHANICAL_DESIGN_GEOMETRIC_PRESENTATION_REPRESENTATION (  '', ( #4379 ), #5325 ) ;
#5447 = DIRECTION ( 'NONE',  ( 1.000000000000000000, 0.000000000000000000, 0.000000000000000000 ) ) ;
#5448 = DIRECTION ( 'NONE',  ( 0.9848077530122085754, 8.341646135128160883E-17, 0.1736481776669278332 ) ) ;
#5449 = CARTESIAN_POINT ( 'NONE',  ( 0.000000000000000000, -0.2071507323465826833, 8.550000000000000711 ) ) ;
#5450 = DIRECTION ( 'NONE',  ( 1.408054769461694189E-16, 1.000000000000000000, -0.000000000000000000 ) ) ;
#5451 = CARTESIAN_POINT ( 'NONE',  ( 2.283999999999999808, 0.3199999999999998401, -2.359999999999988773 ) ) ;
#5452 = APPLICATION_PROTOCOL_DEFINITION ( 'draft international standard', 'automotive_design', 1998, #2945 ) ;
#5453 = MECHANICAL_DESIGN_GEOMETRIC_PRESENTATION_REPRESENTATION (  '', ( #1209 ), #2921 ) ;
#5454 = PRESENTATION_STYLE_ASSIGNMENT (( #7418 ) ) ;
#5455 = ORIENTED_EDGE ( 'NONE', *, *, #5564, .T. ) ;
#5456 = CARTESIAN_POINT ( 'NONE',  ( -1.019999999999999796, 5.870000000000000107, 0.000000000000000000 ) ) ;
#5457 = ORIENTED_EDGE ( 'NONE', *, *, #5315, .T. ) ;
#5458 = DIRECTION ( 'NONE',  ( -8.470329472543003391E-17, 1.000000000000000000, 0.000000000000000000 ) ) ;
#5459 = DIRECTION ( 'NONE',  ( -1.000000000000000000, 0.000000000000000000, -0.000000000000000000 ) ) ;
#5460 = STYLED_ITEM ( 'NONE', ( #3331 ), #6336 ) ;
#5461 =( NAMED_UNIT ( * ) PLANE_ANGLE_UNIT ( ) SI_UNIT ( $, .RADIAN. ) );
#5462 = ADVANCED_FACE ( 'NONE', ( #50 ), #2081, .T. ) ;
#5463 = CARTESIAN_POINT ( 'NONE',  ( -0.2349397590361448074, -1.270000000000000018, 1.691121987951807348 ) ) ;
#5464 = CARTESIAN_POINT ( 'NONE',  ( 0.2080934730406450717, -1.250908229216374679, 1.185819156262295504 ) ) ;
#5465 = MECHANICAL_DESIGN_GEOMETRIC_PRESENTATION_REPRESENTATION (  '', ( #1477 ), #5197 ) ;
#5466 = CARTESIAN_POINT ( 'NONE',  ( 2.860000000000000320, 0.3199999999999993405, -2.359999999999988773 ) ) ;
#5467 = VERTEX_POINT ( 'NONE', #336 ) ;
#5468 = EDGE_CURVE ( 'NONE', #7779, #3710, #4899, .T. ) ;
#5469 =( LENGTH_UNIT ( ) NAMED_UNIT ( * ) SI_UNIT ( .MILLI., .METRE. ) );
#5470 = ORIENTED_EDGE ( 'NONE', *, *, #1501, .T. ) ;
#5471 = B_SPLINE_CURVE_WITH_KNOTS ( 'NONE', 3,
 ( #3805, #106, #566, #742, #7654, #5047, #1895, #7482, #3716, #5759, #65, #8145, #651, #1191, #2596, #7611 ),
 .UNSPECIFIED., .F., .F.,
 ( 4, 3, 2, 2, 2, 3, 4 ),
 ( 0.000000000000000000, 1.104703206890054566E-06, 4.554924001585501035E-05, 8.999377682481996888E-05, 0.0001344383136337849206, 0.0001788828504427498859, 0.0001807251478150412555 ),
 .UNSPECIFIED. ) ;
#5472 = CARTESIAN_POINT ( 'NONE',  ( 0.2890920949374360394, -0.3134175730544423999, -2.397330798265292717 ) ) ;
#5473 = FACE_OUTER_BOUND ( 'NONE', #708, .T. ) ;
#5474 = UNCERTAINTY_MEASURE_WITH_UNIT (LENGTH_MEASURE( 1.000000000000000082E-05 ), #4892, 'distance_accuracy_value', 'NONE');
#5475 = MECHANICAL_DESIGN_GEOMETRIC_PRESENTATION_REPRESENTATION (  '', ( #6141 ), #7050 ) ;
#5476 = CARTESIAN_POINT ( 'NONE',  ( -0.2071507323465818784, -0.2071507323465826833, 8.550000000000000711 ) ) ;
#5477 = DIRECTION ( 'NONE',  ( -1.000000000000000000, 0.000000000000000000, 0.000000000000000000 ) ) ;
#5478 = VECTOR ( 'NONE', #534, 1000.000000000000227 ) ;
#5479 = SURFACE_SIDE_STYLE ('',( #7240 ) ) ;
#5480 = VERTEX_POINT ( 'NONE', #1086 ) ;
#5481 = LINE ( 'NONE', #2892, #7317 ) ;
#5482 = VECTOR ( 'NONE', #1379, 999.9999999999998863 ) ;
#5483 = VERTEX_POINT ( 'NONE', #1538 ) ;
#5484 = EDGE_CURVE ( 'NONE', #2873, #2198, #1659, .T. ) ;
#5485 = CARTESIAN_POINT ( 'NONE',  ( -0.3199999999999999512, 2.795999999999999375, 7.909999999999988596 ) ) ;
#5486 = CARTESIAN_POINT ( 'NONE',  ( 2.220000000000000195, 5.400000000000000355, -2.359999999999988773 ) ) ;
#5487 =( GEOMETRIC_REPRESENTATION_CONTEXT ( 3 ) GLOBAL_UNCERTAINTY_ASSIGNED_CONTEXT ( ( #3717 ) ) GLOBAL_UNIT_ASSIGNED_CONTEXT ( ( #4184, #8108, #4346 ) ) REPRESENTATION_CONTEXT ( 'NONE', 'WORKASPACE' ) );
#5488 = FILL_AREA_STYLE_COLOUR ( '', #6619 ) ;
#5489 = DIRECTION ( 'NONE',  ( -0.1710878697460330722, -0.1710878697460331554, 0.9702875252478149193 ) ) ;
#5490 = CARTESIAN_POINT ( 'NONE',  ( 0.2713367824627647695, -1.169999999999999707, 0.8481160656645557738 ) ) ;
#5491 = CARTESIAN_POINT ( 'NONE',  ( 0.1686399665402917303, -1.170000000000000595, 1.805617514733359519 ) ) ;
#5492 = STYLED_ITEM ( 'NONE', ( #5454 ), #1014 ) ;
#5493 = MECHANICAL_DESIGN_GEOMETRIC_PRESENTATION_REPRESENTATION (  '', ( #4425 ), #7864 ) ;
#5494 = ORIENTED_EDGE ( 'NONE', *, *, #5075, .F. ) ;
#5495 = CARTESIAN_POINT ( 'NONE',  ( 3.310000000000000497, -1.270000000000000240, 2.500000000000000000 ) ) ;
#5496 = VECTOR ( 'NONE', #954, 1000.000000000000000 ) ;
#5497 = EDGE_CURVE ( 'NONE', #6234, #2051, #7282, .T. ) ;
#5498 = DIRECTION ( 'NONE',  ( 0.000000000000000000, 0.000000000000000000, 1.000000000000000000 ) ) ;
#5499 = AXIS2_PLACEMENT_3D ( 'NONE', #5938, #6625, #5401 ) ;
#5500 = CARTESIAN_POINT ( 'NONE',  ( 2.796000000000000263, 0.3199999999999993405, 8.550000000000000711 ) ) ;
#5501 = SURFACE_SIDE_STYLE ('',( #2204 ) ) ;
#5502 = PRESENTATION_LAYER_ASSIGNMENT (  '', '', ( #1919 ) ) ;
#5503 = CARTESIAN_POINT ( 'NONE',  ( 2.238745166004060927, 4.778745166004060962, -2.466309119164536767 ) ) ;
#5504 = ORIENTED_EDGE ( 'NONE', *, *, #6483, .F. ) ;
#5505 = ORIENTED_EDGE ( 'NONE', *, *, #4725, .F. ) ;
#5506 = FILL_AREA_STYLE ('',( #7422 ) ) ;
#5507 = CARTESIAN_POINT ( 'NONE',  ( 2.540000000000000036, 2.332849267653417158, -3.000000000000000000 ) ) ;
#5508 = CARTESIAN_POINT ( 'NONE',  ( 2.853417573054442435, 2.250907905062563774, -2.397330798265291829 ) ) ;
#5509 = SURFACE_STYLE_USAGE ( .BOTH. , #3076 ) ;
#5510 = AXIS2_PLACEMENT_3D ( 'NONE', #2537, #5079, #2495 ) ;
#5511 =( BOUNDED_CURVE ( )  B_SPLINE_CURVE ( 3, ( #6398, #39, #3862, #6351 ),
 .UNSPECIFIED., .F., .F. ) 
 B_SPLINE_CURVE_WITH_KNOTS ( ( 4, 4 ),
 ( 5.497787143782135288, 6.283185307179586232 ),
 .UNSPECIFIED. ) 
 CURVE ( )  GEOMETRIC_REPRESENTATION_ITEM ( )  RATIONAL_B_SPLINE_CURVE ( ( 1.000000000000000000, 0.9492530216741907889, 0.9492530216741907889, 1.000000000000000000 ) ) 
 REPRESENTATION_ITEM ( '' )  );
#5512 = CARTESIAN_POINT ( 'NONE',  ( 0.2291490472775050691, -1.169999999999999707, 1.206427255910821339 ) ) ;
#5513 = DIRECTION ( 'NONE',  ( 6.842277657836020854E-49, -5.078189165123089681E-17, 1.000000000000000000 ) ) ;
#5514 = EDGE_LOOP ( 'NONE', ( #3350, #5888, #1055, #658, #7352, #6046 ) ) ;
#5515 = CARTESIAN_POINT ( 'NONE',  ( 2.266799289467859690, 0.3199999999999998401, -2.359999999999988773 ) ) ;
#5516 = AXIS2_PLACEMENT_3D ( 'NONE', #1536, #3319, #886 ) ;
#5517 = EDGE_LOOP ( 'NONE', ( #3756, #6256, #993, #1845, #2395, #4664 ) ) ;
#5518 = LINE ( 'NONE', #522, #1455 ) ;
#5519 = CARTESIAN_POINT ( 'NONE',  ( -0.1585990556424801690, -1.169999999999997486, 0.7336915246931290380 ) ) ;
#5520 = CARTESIAN_POINT ( 'NONE',  ( -0.2349614701416067319, -1.270000000000001128, 1.690603789511129218 ) ) ;
#5521 = PRESENTATION_LAYER_ASSIGNMENT (  '', '', ( #3111 ) ) ;
#5522 = FILL_AREA_STYLE ('',( #2392 ) ) ;
#5523 = ORIENTED_EDGE ( 'NONE', *, *, #1250, .T. ) ;
#5524 = EDGE_CURVE ( 'NONE', #7398, #2413, #7953, .T. ) ;
#5525 = CARTESIAN_POINT ( 'NONE',  ( 0.3200000000000000622, 2.859999999999999876, 7.909999999999988596 ) ) ;
#5526 = ORIENTED_EDGE ( 'NONE', *, *, #4856, .T. ) ;
#5527 = CARTESIAN_POINT ( 'NONE',  ( -0.2071507323465823225, -0.2071507323465826000, -3.000000000000000000 ) ) ;
#5528 = DIRECTION ( 'NONE',  ( 0.000000000000000000, -0.000000000000000000, 1.000000000000000000 ) ) ;
#5529 = EDGE_CURVE ( 'NONE', #2726, #4377, #6678, .T. ) ;
#5530 =( NAMED_UNIT ( * ) SI_UNIT ( $, .STERADIAN. ) SOLID_ANGLE_UNIT ( ) );
#5531 = ADVANCED_FACE ( 'NONE', ( #4738 ), #2824, .F. ) ;
#5532 = CARTESIAN_POINT ( 'NONE',  ( -0.2560000000000000053, 0.3199999999999998401, -2.359999999999988773 ) ) ;
#5533 = VERTEX_POINT ( 'NONE', #3605 ) ;
#5534 = DIRECTION ( 'NONE',  ( 1.000000000000000000, 0.000000000000000000, 0.000000000000000000 ) ) ;
#5535 = DIRECTION ( 'NONE',  ( 0.9848077530122085754, 8.341646135128160883E-17, 0.1736481776669273891 ) ) ;
#5536 = DIRECTION ( 'NONE',  ( 0.000000000000000000, -1.000000000000000000, 0.000000000000000000 ) ) ;
#5537 = LINE ( 'NONE', #4286, #2678 ) ;
#5538 = PRESENTATION_STYLE_ASSIGNMENT (( #6643 ) ) ;
#5539 = VERTEX_POINT ( 'NONE', #930 ) ;
#5540 = PRESENTATION_LAYER_ASSIGNMENT (  '', '', ( #6070 ) ) ;
#5541 = FILL_AREA_STYLE ('',( #4248 ) ) ;
#5542 = ORIENTED_EDGE ( 'NONE', *, *, #8191, .F. ) ;
#5543 = CARTESIAN_POINT ( 'NONE',  ( 2.747150732346582469, 5.287150732346582949, -3.000000000000000000 ) ) ;
#5544 = ORIENTED_EDGE ( 'NONE', *, *, #3608, .F. ) ;
#5545 = CARTESIAN_POINT ( 'NONE',  ( 3.559999999999999609, -1.019999999999999130, 2.500000000000000000 ) ) ;
#5546 = CARTESIAN_POINT ( 'NONE',  ( -0.2684810187246383650, -1.169999999999996598, 1.420307087382410849 ) ) ;
#5547 = UNCERTAINTY_MEASURE_WITH_UNIT (LENGTH_MEASURE( 1.000000000000000082E-05 ), #5914, 'distance_accuracy_value', 'NONE');
#5548 = MECHANICAL_DESIGN_GEOMETRIC_PRESENTATION_REPRESENTATION (  '', ( #1301 ), #1963 ) ;
#5549 = CARTESIAN_POINT ( 'NONE',  ( 1.369999999999999440, 6.099999999999998757, 2.350000000000000089 ) ) ;
#5550 = CARTESIAN_POINT ( 'NONE',  ( -0.3199999999999998956, 2.219999999999999751, -2.359999999999988773 ) ) ;
#5551 = DIRECTION ( 'NONE',  ( -6.842277657836020854E-49, 5.078189165123089681E-17, -1.000000000000000000 ) ) ;
#5552 = ORIENTED_EDGE ( 'NONE', *, *, #3012, .T. ) ;
#5553 = CARTESIAN_POINT ( 'NONE',  ( 2.284000000000000252, 4.759999999999999787, 7.909999999999988596 ) ) ;
#5554 = VECTOR ( 'NONE', #5807, 1000.000000000000114 ) ;
#5555 = ORIENTED_EDGE ( 'NONE', *, *, #1261, .F. ) ;
#5556 =( BOUNDED_CURVE ( )  B_SPLINE_CURVE ( 3, ( #2262, #5398, #1038, #3554 ),
 .UNSPECIFIED., .F., .F. ) 
 B_SPLINE_CURVE_WITH_KNOTS ( ( 4, 4 ),
 ( 3.141592653589793116, 3.926990816987248056 ),
 .UNSPECIFIED. ) 
 CURVE ( )  GEOMETRIC_REPRESENTATION_ITEM ( )  RATIONAL_B_SPLINE_CURVE ( ( 1.000000000000000000, 0.9492530216741903448, 0.9492530216741903448, 1.000000000000000000 ) ) 
 REPRESENTATION_ITEM ( '' )  );
#5557 = DIRECTION ( 'NONE',  ( 0.9848077530122085754, 8.341646135128160883E-17, 0.1736481776669278332 ) ) ;
#5558 = UNCERTAINTY_MEASURE_WITH_UNIT (LENGTH_MEASURE( 1.000000000000000082E-05 ), #7075, 'distance_accuracy_value', 'NONE');
#5559 = PRESENTATION_STYLE_ASSIGNMENT (( #452 ) ) ;
#5560 = LINE ( 'NONE', #2972, #1510 ) ;
#5561 = ORIENTED_EDGE ( 'NONE', *, *, #3596, .F. ) ;
#5562 = DIRECTION ( 'NONE',  ( 0.000000000000000000, 1.000000000000000000, 0.000000000000000000 ) ) ;
#5563 = VERTEX_POINT ( 'NONE', #2896 ) ;
#5564 = EDGE_CURVE ( 'NONE', #2383, #2982, #5367, .T. ) ;
#5565 = CARTESIAN_POINT ( 'NONE',  ( 2.220000000000000195, -0.2560000000000001719, -2.359999999999988773 ) ) ;
#5566 = DIRECTION ( 'NONE',  ( -0.000000000000000000, 1.000000000000000000, 0.000000000000000000 ) ) ;
#5567 =( LENGTH_UNIT ( ) NAMED_UNIT ( * ) SI_UNIT ( .MILLI., .METRE. ) );
#5568 = MECHANICAL_DESIGN_GEOMETRIC_PRESENTATION_REPRESENTATION (  '', ( #5830 ), #1061 ) ;
#5569 =( LENGTH_UNIT ( ) NAMED_UNIT ( * ) SI_UNIT ( .MILLI., .METRE. ) );
#5570 = VERTEX_POINT ( 'NONE', #4234 ) ;
#5571 = DIRECTION ( 'NONE',  ( -1.000000000000000000, 0.000000000000000000, 0.000000000000000000 ) ) ;
#5572 = EDGE_CURVE ( 'NONE', #8066, #959, #7913, .T. ) ;
#5573 = CARTESIAN_POINT ( 'NONE',  ( 2.220000000000000195, 2.859999999999999876, -2.359999999999988773 ) ) ;
#5574 = VECTOR ( 'NONE', #4193, 999.9999999999998863 ) ;
#5575 = CARTESIAN_POINT ( 'NONE',  ( -0.2130215703124310744, -1.269999999999987583, 1.389336511127179818 ) ) ;
#5576 = LINE ( 'NONE', #2986, #7582 ) ;
#5577 = CARTESIAN_POINT ( 'NONE',  ( 2.860000000000000320, -0.2560000000000002829, -2.359999999999988773 ) ) ;
#5578 = VERTEX_POINT ( 'NONE', #3526 ) ;
#5579 = VECTOR ( 'NONE', #5602, 1000.000000000000000 ) ;
#5580 = CARTESIAN_POINT ( 'NONE',  ( 2.220000000000000195, 2.859999999999999876, 8.550000000000000711 ) ) ;
#5581 = ORIENTED_EDGE ( 'NONE', *, *, #7197, .T. ) ;
#5582 = ORIENTED_EDGE ( 'NONE', *, *, #6597, .F. ) ;
#5583 = EDGE_CURVE ( 'NONE', #5691, #1044, #1049, .T. ) ;
#5584 = CARTESIAN_POINT ( 'NONE',  ( 2.860000000000000320, 5.335999999999999410, 7.909999999999988596 ) ) ;
#5585 = LINE ( 'NONE', #8173, #2480 ) ;
#5586 = VECTOR ( 'NONE', #732, 1000.000000000000000 ) ;
#5587 = CARTESIAN_POINT ( 'NONE',  ( 0.2560000000000001719, 2.795999999999999375, 8.550000000000000711 ) ) ;
#5588 = SURFACE_SIDE_STYLE ('',( #4218 ) ) ;
#5589 = ORIENTED_EDGE ( 'NONE', *, *, #7079, .T. ) ;
#5590 = CARTESIAN_POINT ( 'NONE',  ( 2.813200710532140825, 0.3199999999999993960, 7.909999999999990372 ) ) ;
#5591 =( GEOMETRIC_REPRESENTATION_CONTEXT ( 3 ) GLOBAL_UNCERTAINTY_ASSIGNED_CONTEXT ( ( #6050 ) ) GLOBAL_UNIT_ASSIGNED_CONTEXT ( ( #7557, #4418, #7105 ) ) REPRESENTATION_CONTEXT ( 'NONE', 'WORKASPACE' ) );
#5592 = VERTEX_POINT ( 'NONE', #460 ) ;
#5593 = SURFACE_STYLE_FILL_AREA ( #1773 ) ;
#5594 = SURFACE_SIDE_STYLE ('',( #6142 ) ) ;
#5595 = MECHANICAL_DESIGN_GEOMETRIC_PRESENTATION_REPRESENTATION (  '', ( #3603 ), #7570 ) ;
#5596 =( GEOMETRIC_REPRESENTATION_CONTEXT ( 3 ) GLOBAL_UNCERTAINTY_ASSIGNED_CONTEXT ( ( #6059 ) ) GLOBAL_UNIT_ASSIGNED_CONTEXT ( ( #1749, #4244, #469 ) ) REPRESENTATION_CONTEXT ( 'NONE', 'WORKASPACE' ) );
#5597 = ORIENTED_EDGE ( 'NONE', *, *, #2328, .T. ) ;
#5598 = DIRECTION ( 'NONE',  ( 0.000000000000000000, -0.000000000000000000, 1.000000000000000000 ) ) ;
#5599 = EDGE_LOOP ( 'NONE', ( #501, #2278, #2158, #3552 ) ) ;
#5600 = PRODUCT_DEFINITION_FORMATION_WITH_SPECIFIED_SOURCE ( 'ANY', '', #5936, .NOT_KNOWN. ) ;
#5601 =( GEOMETRIC_REPRESENTATION_CONTEXT ( 3 ) GLOBAL_UNCERTAINTY_ASSIGNED_CONTEXT ( ( #5962 ) ) GLOBAL_UNIT_ASSIGNED_CONTEXT ( ( #6192, #3109, #7376 ) ) REPRESENTATION_CONTEXT ( 'NONE', 'WORKASPACE' ) );
#5602 = DIRECTION ( 'NONE',  ( -0.000000000000000000, -0.000000000000000000, 1.000000000000000000 ) ) ;
#5603 = DIRECTION ( 'NONE',  ( -0.7071067811865459074, -0.7071067811865491270, -0.000000000000000000 ) ) ;
#5604 = B_SPLINE_CURVE_WITH_KNOTS ( 'NONE', 3,
 ( #5730, #82, #2650, #7751, #2113, #3989, #4579, #2609, #5149, #756, #3186, #7094, #1290, #6507 ),
 .UNSPECIFIED., .F., .F.,
 ( 4, 3, 2, 2, 3, 4 ),
 ( 0.000000000000000000, 1.463809135190725206E-06, 2.991038687302567366E-05, 5.835696461086061745E-05, 0.0001152501200865304915, 0.0001164441600854421068 ),
 .UNSPECIFIED. ) ;
#5605 = EDGE_CURVE ( 'NONE', #2858, #6234, #7322, .T. ) ;
#5606 = PRESENTATION_LAYER_ASSIGNMENT (  '', '', ( #7979 ) ) ;
#5607 = EDGE_LOOP ( 'NONE', ( #2231, #6357, #3412, #2571, #2290, #4060 ) ) ;
#5608 = PRESENTATION_LAYER_ASSIGNMENT (  '', '', ( #4965 ) ) ;
#5609 = STYLED_ITEM ( 'NONE', ( #2736 ), #4707 ) ;
#5610 = DIRECTION ( 'NONE',  ( 0.000000000000000000, -0.9848077530122085754, 0.1736481776669273891 ) ) ;
#5611 = CARTESIAN_POINT ( 'NONE',  ( -0.2080741993322372807, -1.269999999999993578, 1.383884079689424063 ) ) ;
#5612 = EDGE_CURVE ( 'NONE', #3092, #5184, #1576, .T. ) ;
#5613 = CARTESIAN_POINT ( 'NONE',  ( -0.7699999999999996847, -1.270000000000000018, 0.000000000000000000 ) ) ;
#5614 = CARTESIAN_POINT ( 'NONE',  ( 2.747150732346582025, 0.2071507323465813233, 8.550000000000000711 ) ) ;
#5615 =( NAMED_UNIT ( * ) PLANE_ANGLE_UNIT ( ) SI_UNIT ( $, .RADIAN. ) );
#5616 = CLOSED_SHELL ( 'NONE', ( #6122, #3619, #5258, #4862, #3832, #3966, #8005, #799, #6481, #6743, #5707, #4169, #384, #2836, #1101, #6000, #769, #5432 ) ) ;
#5617 = ORIENTED_EDGE ( 'NONE', *, *, #1912, .T. ) ;
#5618 = VERTEX_POINT ( 'NONE', #4109 ) ;
#5619 = PRESENTATION_STYLE_ASSIGNMENT (( #1715 ) ) ;
#5620 = VERTEX_POINT ( 'NONE', #5527 ) ;
#5621 = AXIS2_PLACEMENT_3D ( 'NONE', #6713, #2232, #7994 ) ;
#5622 = LINE ( 'NONE', #2994, #1793 ) ;
#5623 = DIRECTION ( 'NONE',  ( -1.000000000000000000, 0.000000000000000000, 0.000000000000000000 ) ) ;
#5624 = LINE ( 'NONE', #2500, #5721 ) ;
#5625 = CYLINDRICAL_SURFACE ( 'NONE', #6393, 0.06399999999999982092 ) ;
#5626 = VECTOR ( 'NONE', #6782, 1000.000000000000000 ) ;
#5627 = EDGE_CURVE ( 'NONE', #5876, #5533, #6630, .T. ) ;
#5628 = B_SPLINE_CURVE_WITH_KNOTS ( 'NONE', 3,
 ( #8010, #5611, #5575, #6762, #1669, #1748, #3696, #3570 ),
 .UNSPECIFIED., .F., .F.,
 ( 4, 2, 2, 4 ),
 ( 0.000000000000000000, 2.207589316411106553E-05, 4.415178632822213105E-05, 8.830357265644426211E-05 ),
 .UNSPECIFIED. ) ;
#5629 = PRESENTATION_LAYER_ASSIGNMENT (  '', '', ( #2442 ) ) ;
#5630 = PLANE ( 'NONE',  #588 ) ;
#5631 = VERTEX_POINT ( 'NONE', #962 ) ;
#5632 = DIRECTION ( 'NONE',  ( 6.842277657836020854E-49, -5.078189165123089681E-17, 1.000000000000000000 ) ) ;
#5633 = ORIENTED_EDGE ( 'NONE', *, *, #3781, .T. ) ;
#5634 = LINE ( 'NONE', #565, #7549 ) ;
#5635 = DIRECTION ( 'NONE',  ( 0.000000000000000000, -1.000000000000000000, 0.000000000000000000 ) ) ;
#5636 = UNCERTAINTY_MEASURE_WITH_UNIT (LENGTH_MEASURE( 1.000000000000000082E-05 ), #3880, 'distance_accuracy_value', 'NONE');
#5637 = CARTESIAN_POINT ( 'NONE',  ( 2.796000000000000263, 2.859999999999999876, 7.909999999999988596 ) ) ;
#5638 = CARTESIAN_POINT ( 'NONE',  ( -0.3134175730544421778, 2.829092094937435409, 7.947330798265289431 ) ) ;
#5639 = CARTESIAN_POINT ( 'NONE',  ( -0.1771939946250029319, -1.270000000000001128, 1.768241958426030935 ) ) ;
#5640 =( GEOMETRIC_REPRESENTATION_CONTEXT ( 3 ) GLOBAL_UNCERTAINTY_ASSIGNED_CONTEXT ( ( #1156 ) ) GLOBAL_UNIT_ASSIGNED_CONTEXT ( ( #6437, #6394, #721 ) ) REPRESENTATION_CONTEXT ( 'NONE', 'WORKASPACE' ) );
#5641 = LINE ( 'NONE', #3766, #8121 ) ;
#5642 = ORIENTED_EDGE ( 'NONE', *, *, #7992, .F. ) ;
#5643 = CARTESIAN_POINT ( 'NONE',  ( 2.226582426945558080, 2.250907905062563774, -2.397330798265291385 ) ) ;
#5644 = ORIENTED_EDGE ( 'NONE', *, *, #1668, .T. ) ;
#5645 = ADVANCED_FACE ( 'NONE', ( #6066 ), #2935, .F. ) ;
#5646 = CARTESIAN_POINT ( 'NONE',  ( 2.220000000000000195, 4.760000000000000675, -2.359999999999988773 ) ) ;
#5647 = LINE ( 'NONE', #3098, #2761 ) ;
#5648 = PRESENTATION_LAYER_ASSIGNMENT (  '', '', ( #3519 ) ) ;
#5649 = CARTESIAN_POINT ( 'NONE',  ( 0.2713021793734520792, -1.169999999999998597, 1.694026485707925467 ) ) ;
#5650 = SURFACE_STYLE_USAGE ( .BOTH. , #7706 ) ;
#5651 = CARTESIAN_POINT ( 'NONE',  ( 2.841254833995939588, 2.238745166004060039, 8.016309119164535701 ) ) ;
#5652 = VERTEX_POINT ( 'NONE', #6259 ) ;
#5653 = FACE_OUTER_BOUND ( 'NONE', #7467, .T. ) ;
#5654 = DIRECTION ( 'NONE',  ( -0.1710878697460326558, -0.1710878697460326836, -0.9702875252478149193 ) ) ;
#5655 = DIRECTION ( 'NONE',  ( -1.000000000000000000, 0.000000000000000000, 0.000000000000000000 ) ) ;
#5656 = ORIENTED_EDGE ( 'NONE', *, *, #1558, .F. ) ;
#5657 = CARTESIAN_POINT ( 'NONE',  ( 0.3012548339959391641, 4.778745166004060962, -2.466309119164537655 ) ) ;
#5658 = EDGE_LOOP ( 'NONE', ( #6034, #4529, #3264, #4354, #690, #2580 ) ) ;
#5659 = PLANE ( 'NONE',  #5510 ) ;
#5660 = ORIENTED_EDGE ( 'NONE', *, *, #1110, .T. ) ;
#5661 = CARTESIAN_POINT ( 'NONE',  ( -0.3012548339959390531, 2.238745166004060039, 8.016309119164535701 ) ) ;
#5662 = CARTESIAN_POINT ( 'NONE',  ( -0.3199999999999999512, 5.399999999999999467, 7.909999999999988596 ) ) ;
#5663 = CARTESIAN_POINT ( 'NONE',  ( 0.3200000000000001177, -0.2560000000000002829, -2.359999999999988773 ) ) ;
#5664 = EDGE_CURVE ( 'NONE', #873, #6304, #4981, .T. ) ;
#5665 = PLANE ( 'NONE',  #275 ) ;
#5666 = DIRECTION ( 'NONE',  ( 0.000000000000000000, 1.000000000000000000, 0.000000000000000000 ) ) ;
#5667 = CARTESIAN_POINT ( 'NONE',  ( -0.2559999999999999498, 4.759999999999999787, 8.550000000000000711 ) ) ;
#5668 = EDGE_CURVE ( 'NONE', #2114, #955, #6217, .T. ) ;
#5669 = VECTOR ( 'NONE', #2295, 1000.000000000000000 ) ;
#5670 =( NAMED_UNIT ( * ) PLANE_ANGLE_UNIT ( ) SI_UNIT ( $, .RADIAN. ) );
#5671 = ORIENTED_EDGE ( 'NONE', *, *, #1866, .T. ) ;
#5672 = CARTESIAN_POINT ( 'NONE',  ( 2.238745166004060927, 4.778745166004060074, 8.016309119164535701 ) ) ;
#5673 = ORIENTED_EDGE ( 'NONE', *, *, #3732, .T. ) ;
#5674 = SURFACE_SIDE_STYLE ('',( #2234 ) ) ;
#5675 = EDGE_CURVE ( 'NONE', #1939, #3635, #2521, .T. ) ;
#5676 =( LENGTH_UNIT ( ) NAMED_UNIT ( * ) SI_UNIT ( .MILLI., .METRE. ) );
#5677 = CARTESIAN_POINT ( 'NONE',  ( -0.2031250000000001943, -1.270000000000000018, 1.378433734939759292 ) ) ;
#5678 = LINE ( 'NONE', #1193, #1751 ) ;
#5679 = CARTESIAN_POINT ( 'NONE',  ( 0.2337715950550440513, -1.270000000000001128, 1.713467453397172546 ) ) ;
#5680 = CARTESIAN_POINT ( 'NONE',  ( -0.2643549876126505827, -1.149999999999998135, 1.389402195694907638 ) ) ;
#5681 = ORIENTED_EDGE ( 'NONE', *, *, #5811, .T. ) ;
#5682 = CARTESIAN_POINT ( 'NONE',  ( 1.498304512629999863, -1.270000000000000240, 2.350000000000000089 ) ) ;
#5683 = ORIENTED_EDGE ( 'NONE', *, *, #7303, .F. ) ;
#5684 = DIRECTION ( 'NONE',  ( 0.000000000000000000, -0.000000000000000000, -1.000000000000000000 ) ) ;
#5685 = ORIENTED_EDGE ( 'NONE', *, *, #3726, .F. ) ;
#5686 = ADVANCED_FACE ( 'NONE', ( #6839 ), #5059, .F. ) ;
#5687 = DIRECTION ( 'NONE',  ( 6.842277657836020854E-49, -5.078189165123089681E-17, 1.000000000000000000 ) ) ;
#5688 = CARTESIAN_POINT ( 'NONE',  ( 0.2557859689903471678, -1.212725508869617386, 1.100532551320419605 ) ) ;
#5689 = CARTESIAN_POINT ( 'NONE',  ( 0.2071507323465820727, -7.233649639496074251E-16, 8.550000000000000711 ) ) ;
#5690 = CYLINDRICAL_SURFACE ( 'NONE', #6155, 0.06399999999999998745 ) ;
#5691 = VERTEX_POINT ( 'NONE', #3097 ) ;
#5692 = CARTESIAN_POINT ( 'NONE',  ( 2.238745166004060927, -0.3012548339959393862, -2.466309119164536767 ) ) ;
#5693 = LINE ( 'NONE', #40, #2279 ) ;
#5694 = DIRECTION ( 'NONE',  ( -0.7071067811865459074, 0.7071067811865491270, 0.000000000000000000 ) ) ;
#5695 = MECHANICAL_DESIGN_GEOMETRIC_PRESENTATION_REPRESENTATION (  '', ( #7147 ), #6746 ) ;
#5696 = ORIENTED_EDGE ( 'NONE', *, *, #7877, .F. ) ;
#5697 = VERTEX_POINT ( 'NONE', #617 ) ;
#5698 = FACE_OUTER_BOUND ( 'NONE', #1836, .T. ) ;
#5699 = VECTOR ( 'NONE', #4408, 1000.000000000000000 ) ;
#5700 = ORIENTED_EDGE ( 'NONE', *, *, #180, .T. ) ;
#5701 =( NAMED_UNIT ( * ) SI_UNIT ( $, .STERADIAN. ) SOLID_ANGLE_UNIT ( ) );
#5702 = PRESENTATION_STYLE_ASSIGNMENT (( #2664 ) ) ;
#5703 = LINE ( 'NONE', #5829, #6788 ) ;
#5704 = CARTESIAN_POINT ( 'NONE',  ( 0.1560617469879515273, -1.270000000000000018, 1.770000000000000240 ) ) ;
#5705 = EDGE_CURVE ( 'NONE', #4483, #933, #6958, .T. ) ;
#5706 = STYLED_ITEM ( 'NONE', ( #3065 ), #5334 ) ;
#5707 = ADVANCED_FACE ( 'NONE', ( #3181 ), #2563, .F. ) ;
#5708 = ORIENTED_EDGE ( 'NONE', *, *, #5675, .F. ) ;
#5709 = PRESENTATION_STYLE_ASSIGNMENT (( #7562 ) ) ;
#5710 = ORIENTED_EDGE ( 'NONE', *, *, #91, .T. ) ;
#5711 = ADVANCED_FACE ( 'NONE', ( #3141 ), #4355, .F. ) ;
#5712 = CARTESIAN_POINT ( 'NONE',  ( 2.860000000000000320, 0.2559999999999993947, 7.909999999999988596 ) ) ;
#5713 = VECTOR ( 'NONE', #7664, 1000.000000000000000 ) ;
#5714 = LINE ( 'NONE', #6990, #262 ) ;
#5715 = UNCERTAINTY_MEASURE_WITH_UNIT (LENGTH_MEASURE( 1.000000000000000082E-05 ), #5204, 'distance_accuracy_value', 'NONE');
#5716 = DIRECTION ( 'NONE',  ( 0.000000000000000000, 0.3420201433256694901, -0.9396926207859082059 ) ) ;
#5717 = EDGE_CURVE ( 'NONE', #807, #7328, #3727, .T. ) ;
#5718 = CARTESIAN_POINT ( 'NONE',  ( -0.1546753745387280665, -1.270000000000001128, 1.770096625241622368 ) ) ;
#5719 = ORIENTED_EDGE ( 'NONE', *, *, #7043, .F. ) ;
#5720 = EDGE_CURVE ( 'NONE', #7930, #4291, #7163, .T. ) ;
#5721 = VECTOR ( 'NONE', #1107, 1000.000000000000000 ) ;
#5722 = CARTESIAN_POINT ( 'NONE',  ( -1.019999999999999796, 0.000000000000000000, 2.500000000000000000 ) ) ;
#5723 = VERTEX_POINT ( 'NONE', #6385 ) ;
#5724 = ORIENTED_EDGE ( 'NONE', *, *, #7254, .T. ) ;
#5725 = EDGE_CURVE ( 'NONE', #3642, #6704, #711, .T. ) ;
#5726 = CARTESIAN_POINT ( 'NONE',  ( 0.2349397590361443910, -1.270000000000000240, 1.100007530120482135 ) ) ;
#5727 = MECHANICAL_DESIGN_GEOMETRIC_PRESENTATION_REPRESENTATION (  '', ( #4796 ), #547 ) ;
#5728 = CARTESIAN_POINT ( 'NONE',  ( 2.169999999999999929, 6.099999999999998757, 1.599999999999988987 ) ) ;
#5729 = EDGE_CURVE ( 'NONE', #6246, #4011, #2364, .T. ) ;
#5730 = CARTESIAN_POINT ( 'NONE',  ( 0.2291490472775050691, -1.169999999999999707, 1.206427255910821339 ) ) ;
#5731 = VERTEX_POINT ( 'NONE', #239 ) ;
#5732 = VECTOR ( 'NONE', #7324, 1000.000000000000227 ) ;
#5733 = CARTESIAN_POINT ( 'NONE',  ( 2.226582426945558080, -0.2890920949374361504, -2.397330798265291385 ) ) ;
#5734 = VECTOR ( 'NONE', #3688, 1000.000000000000114 ) ;
#5735 = LINE ( 'NONE', #1336, #7122 ) ;
#5736 = PLANE ( 'NONE',  #6245 ) ;
#5737 = CARTESIAN_POINT ( 'NONE',  ( 0.2322227741005683521, -1.149999999999999467, 0.7468819479089900959 ) ) ;
#5738 = VECTOR ( 'NONE', #2501, 1000.000000000000000 ) ;
#5739 = CARTESIAN_POINT ( 'NONE',  ( 0.3012665221284894224, 4.778733477871511148, -2.466242832470900037 ) ) ;
#5740 = VECTOR ( 'NONE', #7917, 999.9999999999998863 ) ;
#5741 = ORIENTED_EDGE ( 'NONE', *, *, #3883, .T. ) ;
#5742 = SURFACE_SIDE_STYLE ('',( #838 ) ) ;
#5743 = ORIENTED_EDGE ( 'NONE', *, *, #4207, .F. ) ;
#5744 = DIRECTION ( 'NONE',  ( 0.000000000000000000, 0.000000000000000000, -1.000000000000000000 ) ) ;
#5745 = EDGE_LOOP ( 'NONE', ( #694, #7318, #2415, #4327, #1302, #184, #5438, #1314, #7350, #7897, #1543, #217, #8102, #4133, #6124, #1999, #2071, #8122, #1416, #4954, #6231, #6674 ) ) ;
#5746 = EDGE_CURVE ( 'NONE', #7265, #248, #2733, .T. ) ;
#5747 = DIRECTION ( 'NONE',  ( -6.842277657836020854E-49, 5.078189165123089681E-17, -1.000000000000000000 ) ) ;
#5748 = CARTESIAN_POINT ( 'NONE',  ( -0.2713367824627651026, -1.170000000000000151, 0.8481160656645548857 ) ) ;
#5749 = FACE_OUTER_BOUND ( 'NONE', #1923, .T. ) ;
#5750 = CARTESIAN_POINT ( 'NONE',  ( 2.813200710532140381, -0.3200000000000001177, -2.359999999999988773 ) ) ;
#5751 = SURFACE_STYLE_FILL_AREA ( #3207 ) ;
#5752 = DIRECTION ( 'NONE',  ( 0.000000000000000000, -1.000000000000000000, -5.078189165123089681E-17 ) ) ;
#5753 = CLOSED_SHELL ( 'NONE', ( #1014, #3324, #3763, #7782, #709, #3301, #8081, #3952, #3530, #6038, #2871, #2172, #3432, #5941, #4570, #4707, #7753, #6624 ) ) ;
#5754 = ORIENTED_EDGE ( 'NONE', *, *, #4869, .F. ) ;
#5755 = ORIENTED_EDGE ( 'NONE', *, *, #7537, .T. ) ;
#5756 = DIRECTION ( 'NONE',  ( -8.470329472543003391E-17, 1.000000000000000000, 0.000000000000000000 ) ) ;
#5757 =( NAMED_UNIT ( * ) SI_UNIT ( $, .STERADIAN. ) SOLID_ANGLE_UNIT ( ) );
#5758 = FILL_AREA_STYLE_COLOUR ( '', #6632 ) ;
#5759 = CARTESIAN_POINT ( 'NONE',  ( 0.2123439580472782084, -1.170000000000000151, 0.7446777659061294408 ) ) ;
#5760 = FACE_OUTER_BOUND ( 'NONE', #1857, .T. ) ;
#5761 = VECTOR ( 'NONE', #3001, 1000.000000000000000 ) ;
#5762 = CARTESIAN_POINT ( 'NONE',  ( 0.2143969062482608823, -1.149999999999999467, 1.801881640390414097 ) ) ;
#5763 = CARTESIAN_POINT ( 'NONE',  ( -0.2781474999798786985, -1.149999999999999023, 1.703225856866201093 ) ) ;
#5764 = ORIENTED_EDGE ( 'NONE', *, *, #5987, .F. ) ;
#5765 = PLANE ( 'NONE',  #6158 ) ;
#5766 = ORIENTED_EDGE ( 'NONE', *, *, #5000, .F. ) ;
#5767 = DIRECTION ( 'NONE',  ( 8.470329472543003391E-17, -1.000000000000000000, 0.000000000000000000 ) ) ;
#5768 = ORIENTED_EDGE ( 'NONE', *, *, #2715, .T. ) ;
#5769 = CARTESIAN_POINT ( 'NONE',  ( 2.266799289467859690, 5.399999999999999467, 7.909999999999988596 ) ) ;
#5770 = CYLINDRICAL_SURFACE ( 'NONE', #6527, 0.06399999999999982092 ) ;
#5771 = PRESENTATION_STYLE_ASSIGNMENT (( #5650 ) ) ;
#5772 = VECTOR ( 'NONE', #4618, 1000.000000000000000 ) ;
#5773 =( BOUNDED_CURVE ( )  B_SPLINE_CURVE ( 3, ( #6386, #1369, #3772, #5107 ),
 .UNSPECIFIED., .F., .F. ) 
 B_SPLINE_CURVE_WITH_KNOTS ( ( 4, 4 ),
 ( 0.000000000000000000, 0.7853981633974425058 ),
 .UNSPECIFIED. ) 
 CURVE ( )  GEOMETRIC_REPRESENTATION_ITEM ( )  RATIONAL_B_SPLINE_CURVE ( ( 1.000000000000000000, 0.9492530216741918991, 0.9492530216741918991, 1.000000000000000000 ) ) 
 REPRESENTATION_ITEM ( '' )  );
#5774 = EDGE_CURVE ( 'NONE', #6648, #3642, #5273, .T. ) ;
#5775 = CARTESIAN_POINT ( 'NONE',  ( -0.2010872110020788806, 4.878912788997920913, 8.584387938363944315 ) ) ;
#5776 = ORIENTED_EDGE ( 'NONE', *, *, #2354, .T. ) ;
#5777 = AXIS2_PLACEMENT_3D ( 'NONE', #389, #2136, #2178 ) ;
#5778 = EDGE_CURVE ( 'NONE', #8062, #7040, #1337, .T. ) ;
#5779 = EDGE_CURVE ( 'NONE', #3066, #2146, #5868, .T. ) ;
#5780 = CARTESIAN_POINT ( 'NONE',  ( 2.250907905062564218, 4.766582426945557671, -2.397330798265292717 ) ) ;
#5781 = CARTESIAN_POINT ( 'NONE',  ( 2.796000000000000263, 2.219999999999999307, 8.550000000000000711 ) ) ;
#5782 = CARTESIAN_POINT ( 'NONE',  ( -0.3012548339959391086, 0.3012548339959384425, 8.016309119164535701 ) ) ;
#5783 = VERTEX_POINT ( 'NONE', #199 ) ;
#5784 = ORIENTED_EDGE ( 'NONE', *, *, #4049, .F. ) ;
#5785 = FILL_AREA_STYLE_COLOUR ( '', #7463 ) ;
#5786 = LINE ( 'NONE', #4666, #2426 ) ;
#5787 = DIRECTION ( 'NONE',  ( 0.000000000000000000, 0.000000000000000000, 1.000000000000000000 ) ) ;
#5788 = PLANE ( 'NONE',  #4485 ) ;
#5789 = PRESENTATION_STYLE_ASSIGNMENT (( #4629 ) ) ;
#5790 = DIRECTION ( 'NONE',  ( 0.000000000000000000, 1.000000000000000000, 0.000000000000000000 ) ) ;
#5791 = CARTESIAN_POINT ( 'NONE',  ( 0.2560000000000002274, 4.759999999999999787, 7.909999999999988596 ) ) ;
#5792 = EDGE_LOOP ( 'NONE', ( #1187, #8020, #1534, #276, #1513, #1163 ) ) ;
#5793 = VERTEX_POINT ( 'NONE', #6430 ) ;
#5794 = CARTESIAN_POINT ( 'NONE',  ( -0.3012548339959391086, 0.3012548339959384425, 8.016309119164535701 ) ) ;
#5795 = DIRECTION ( 'NONE',  ( -6.842277657836020854E-49, 5.078189165123089681E-17, -1.000000000000000000 ) ) ;
#5796 = UNCERTAINTY_MEASURE_WITH_UNIT (LENGTH_MEASURE( 1.000000000000000082E-05 ), #5469, 'distance_accuracy_value', 'NONE');
#5797 = PRESENTATION_LAYER_ASSIGNMENT (  '', '', ( #1162 ) ) ;
#5798 = LINE ( 'NONE', #783, #427 ) ;
#5799 = CARTESIAN_POINT ( 'NONE',  ( 0.1855341649808866233, -1.149999999999999245, 1.811311901614287567 ) ) ;
#5800 = LINE ( 'NONE', #6952, #7832 ) ;
#5801 = ORIENTED_EDGE ( 'NONE', *, *, #4567, .T. ) ;
#5802 =( LENGTH_UNIT ( ) NAMED_UNIT ( * ) SI_UNIT ( .MILLI., .METRE. ) );
#5803 = ORIENTED_EDGE ( 'NONE', *, *, #2311, .F. ) ;
#5804 = LINE ( 'NONE', #5141, #4042 ) ;
#5805 = ORIENTED_EDGE ( 'NONE', *, *, #7093, .F. ) ;
#5806 = CARTESIAN_POINT ( 'NONE',  ( -0.2292613886581088001, -1.170000000000000151, 1.353074703515666277 ) ) ;
#5807 = DIRECTION ( 'NONE',  ( -0.1710878697460326558, -0.1710878697460326836, -0.9702875252478149193 ) ) ;
#5808 = UNCERTAINTY_MEASURE_WITH_UNIT (LENGTH_MEASURE( 1.000000000000000082E-05 ), #4933, 'distance_accuracy_value', 'NONE');
#5809 = CARTESIAN_POINT ( 'NONE',  ( -0.2554095947582639137, -1.213759588573532167, 1.457545397228197537 ) ) ;
#5810 = DIRECTION ( 'NONE',  ( -0.7071067811865454633, -0.000000000000000000, 0.7071067811865495711 ) ) ;
#5811 = EDGE_CURVE ( 'NONE', #3559, #3009, #7786, .T. ) ;
#5812 = DIRECTION ( 'NONE',  ( 0.000000000000000000, 0.000000000000000000, -1.000000000000000000 ) ) ;
#5813 = ORIENTED_EDGE ( 'NONE', *, *, #380, .T. ) ;
#5814 = ADVANCED_FACE ( 'NONE', ( #1482 ), #4573, .T. ) ;
#5815 = CARTESIAN_POINT ( 'NONE',  ( -0.3199999999999998956, 2.219999999999999307, 7.909999999999988596 ) ) ;
#5816 = VECTOR ( 'NONE', #6966, 1000.000000000000000 ) ;
#5817 = EDGE_CURVE ( 'NONE', #6796, #1427, #7087, .T. ) ;
#5818 =( BOUNDED_CURVE ( )  B_SPLINE_CURVE ( 3, ( #7210, #6515, #845, #3369 ),
 .UNSPECIFIED., .F., .F. ) 
 B_SPLINE_CURVE_WITH_KNOTS ( ( 4, 4 ),
 ( 2.356194490192345281, 3.141592653589793116 ),
 .UNSPECIFIED. ) 
 CURVE ( )  GEOMETRIC_REPRESENTATION_ITEM ( )  RATIONAL_B_SPLINE_CURVE ( ( 1.000000000000000000, 0.9492530216741912330, 0.9492530216741912330, 1.000000000000000000 ) ) 
 REPRESENTATION_ITEM ( '' )  );
#5819 = DIRECTION ( 'NONE',  ( 0.000000000000000000, 1.000000000000000000, 0.000000000000000000 ) ) ;
#5820 = CARTESIAN_POINT ( 'NONE',  ( 0.1553685607633406573, -1.270000000000000906, 0.7699516873791893978 ) ) ;
#5821 = VERTEX_POINT ( 'NONE', #2072 ) ;
#5822 = EDGE_CURVE ( 'NONE', #4677, #7516, #1835, .T. ) ;
#5823 = PRESENTATION_LAYER_ASSIGNMENT (  '', '', ( #2788 ) ) ;
#5824 = CARTESIAN_POINT ( 'NONE',  ( -0.2700724310048535082, -1.169999999999999707, 1.718227243223489298 ) ) ;
#5825 = ORIENTED_EDGE ( 'NONE', *, *, #2129, .F. ) ;
#5826 = CARTESIAN_POINT ( 'NONE',  ( 2.250907905062564218, 2.226582426945557636, -2.397330798265292717 ) ) ;
#5827 = EDGE_CURVE ( 'NONE', #2756, #3825, #6017, .T. ) ;
#5828 = DIRECTION ( 'NONE',  ( -1.000000000000000000, 0.000000000000000000, 0.000000000000000000 ) ) ;
#5829 = CARTESIAN_POINT ( 'NONE',  ( -0.3199999999999998956, 2.219999999999999751, -2.359999999999988773 ) ) ;
#5830 = STYLED_ITEM ( 'NONE', ( #5538 ), #5220 ) ;
#5831 = EDGE_CURVE ( 'NONE', #1694, #8188, #7903, .T. ) ;
#5832 = CARTESIAN_POINT ( 'NONE',  ( 2.860000000000000320, 2.795999999999999819, -2.359999999999988773 ) ) ;
#5833 = ORIENTED_EDGE ( 'NONE', *, *, #3588, .F. ) ;
#5834 = CARTESIAN_POINT ( 'NONE',  ( 2.266799289467859690, 2.219999999999999307, 7.909999999999986819 ) ) ;
#5835 = ORIENTED_EDGE ( 'NONE', *, *, #290, .F. ) ;
#5836 = CARTESIAN_POINT ( 'NONE',  ( 2.266799289467859690, 2.859999999999999432, -2.359999999999988773 ) ) ;
#5837 = AXIS2_PLACEMENT_3D ( 'NONE', #2431, #2387, #4138 ) ;
#5838 = PRESENTATION_STYLE_ASSIGNMENT (( #4475 ) ) ;
#5839 = FACE_OUTER_BOUND ( 'NONE', #785, .T. ) ;
#5840 = VECTOR ( 'NONE', #7091, 1000.000000000000000 ) ;
#5841 = DIRECTION ( 'NONE',  ( 0.7071067811865456854, 0.7071067811865493491, -0.000000000000000000 ) ) ;
#5842 = SURFACE_STYLE_FILL_AREA ( #2846 ) ;
#5843 = CARTESIAN_POINT ( 'NONE',  ( -0.2732007105321401230, 5.400000000000001243, -2.359999999999988773 ) ) ;
#5844 = EDGE_LOOP ( 'NONE', ( #3770, #4292, #8111, #2027 ) ) ;
#5845 = DIRECTION ( 'NONE',  ( -0.7196877547425333255, 0.000000000000000000, 0.6942978724392371292 ) ) ;
#5846 = ORIENTED_EDGE ( 'NONE', *, *, #2743, .T. ) ;
#5847 = CARTESIAN_POINT ( 'NONE',  ( 0.09036144578313230757, -1.270000000000000018, 0.9145783132530121984 ) ) ;
#5848 = COLOUR_RGB ( '',0.9686274509803921573, 0.8784313725490195957, 0.5999999999999999778 ) ;
#5849 = VERTEX_POINT ( 'NONE', #2851 ) ;
#5850 = SURFACE_STYLE_FILL_AREA ( #1243 ) ;
#5851 = DIRECTION ( 'NONE',  ( -1.000000000000000000, -0.000000000000000000, 0.000000000000000000 ) ) ;
#5852 = CARTESIAN_POINT ( 'NONE',  ( -0.2349397590361448074, -1.270000000000000018, 1.691121987951807348 ) ) ;
#5853 = CARTESIAN_POINT ( 'NONE',  ( 1.269999999999999574, 6.099999999999998757, 2.350000000000000089 ) ) ;
#5854 = ORIENTED_EDGE ( 'NONE', *, *, #2865, .F. ) ;
#5855 =( GEOMETRIC_REPRESENTATION_CONTEXT ( 3 ) GLOBAL_UNCERTAINTY_ASSIGNED_CONTEXT ( ( #144 ) ) GLOBAL_UNIT_ASSIGNED_CONTEXT ( ( #2122, #4076, #3529 ) ) REPRESENTATION_CONTEXT ( 'NONE', 'WORKASPACE' ) );
#5856 = LINE ( 'NONE', #3992, #4716 ) ;
#5857 =( GEOMETRIC_REPRESENTATION_CONTEXT ( 3 ) GLOBAL_UNCERTAINTY_ASSIGNED_CONTEXT ( ( #6699 ) ) GLOBAL_UNIT_ASSIGNED_CONTEXT ( ( #6524, #2202, #7179 ) ) REPRESENTATION_CONTEXT ( 'NONE', 'WORKASPACE' ) );
#5858 = CARTESIAN_POINT ( 'NONE',  ( 1.519999999999999574, 6.099999999999998757, 0.000000000000000000 ) ) ;
#5859 = FILL_AREA_STYLE_COLOUR ( '', #7293 ) ;
#5860 = CARTESIAN_POINT ( 'NONE',  ( -0.2713367824627651581, -1.170000000000000151, 1.270000000000000018 ) ) ;
#5861 = EDGE_CURVE ( 'NONE', #6197, #674, #4809, .T. ) ;
#5862 = CARTESIAN_POINT ( 'NONE',  ( 2.226582426945557636, 0.2890920949374352067, 7.947330798265291207 ) ) ;
#5863 = AXIS2_PLACEMENT_3D ( 'NONE', #6790, #5434, #3678 ) ;
#5864 = PRESENTATION_LAYER_ASSIGNMENT (  '', '', ( #4400 ) ) ;
#5865 = EDGE_LOOP ( 'NONE', ( #2506, #1062, #903, #628, #7489, #1334 ) ) ;
#5866 = STYLED_ITEM ( 'NONE', ( #6159 ), #4273 ) ;
#5867 = DIRECTION ( 'NONE',  ( -0.1710878697460327114, 0.1710878697460326836, 0.9702875252478149193 ) ) ;
#5868 =( BOUNDED_CURVE ( )  B_SPLINE_CURVE ( 3, ( #5144, #5769, #6549, #1441 ),
 .UNSPECIFIED., .F., .F. ) 
 B_SPLINE_CURVE_WITH_KNOTS ( ( 4, 4 ),
 ( 0.000000000000000000, 0.7853981633974426169 ),
 .UNSPECIFIED. ) 
 CURVE ( )  GEOMETRIC_REPRESENTATION_ITEM ( )  RATIONAL_B_SPLINE_CURVE ( ( 1.000000000000000000, 0.9492530216741918991, 0.9492530216741918991, 1.000000000000000000 ) ) 
 REPRESENTATION_ITEM ( '' )  );
#5869 = CARTESIAN_POINT ( 'NONE',  ( -0.7700000000000005729, 6.349999999999999645, 2.500000000000000000 ) ) ;
#5870 = AXIS2_PLACEMENT_3D ( 'NONE', #2870, #3536, #4082 ) ;
#5871 = CARTESIAN_POINT ( 'NONE',  ( 1.169999999999998153, 6.099999999999998757, 2.350000000000000089 ) ) ;
#5872 = CARTESIAN_POINT ( 'NONE',  ( -0.3012548339959390531, 4.778745166004060074, 8.016309119164535701 ) ) ;
#5873 = CARTESIAN_POINT ( 'NONE',  ( -0.1560617469879519992, -1.270000000000001572, 0.7700000000000006839 ) ) ;
#5874 = COLOUR_RGB ( '',1.000000000000000000, 0.8431372549019607865, 0.000000000000000000 ) ;
#5875 = AXIS2_PLACEMENT_3D ( 'NONE', #3567, #1783, #6111 ) ;
#5876 = VERTEX_POINT ( 'NONE', #4224 ) ;
#5877 = ORIENTED_EDGE ( 'NONE', *, *, #869, .T. ) ;
#5878 =( GEOMETRIC_REPRESENTATION_CONTEXT ( 3 ) GLOBAL_UNCERTAINTY_ASSIGNED_CONTEXT ( ( #1076 ) ) GLOBAL_UNIT_ASSIGNED_CONTEXT ( ( #2227, #3517, #1567 ) ) REPRESENTATION_CONTEXT ( 'NONE', 'WORKASPACE' ) );
#5879 = DIRECTION ( 'NONE',  ( -1.000000000000000000, 0.000000000000000000, -0.000000000000000000 ) ) ;
#5880 = FILL_AREA_STYLE_COLOUR ( '', #7806 ) ;
#5881 = EDGE_CURVE ( 'NONE', #2780, #1091, #7765, .T. ) ;
#5882 = CARTESIAN_POINT ( 'NONE',  ( 2.219999999999999751, 5.353200710532141748, -2.359999999999986997 ) ) ;
#5883 = EDGE_CURVE ( 'NONE', #950, #1936, #8076, .T. ) ;
#5884 =( NAMED_UNIT ( * ) PLANE_ANGLE_UNIT ( ) SI_UNIT ( $, .RADIAN. ) );
#5885 =( GEOMETRIC_REPRESENTATION_CONTEXT ( 3 ) GLOBAL_UNCERTAINTY_ASSIGNED_CONTEXT ( ( #5133 ) ) GLOBAL_UNIT_ASSIGNED_CONTEXT ( ( #1925, #206, #1082 ) ) REPRESENTATION_CONTEXT ( 'NONE', 'WORKASPACE' ) );
#5886 = COLOUR_RGB ( '',0.9686274509803921573, 0.8784313725490195957, 0.5999999999999999778 ) ;
#5887 = ORIENTED_EDGE ( 'NONE', *, *, #3726, .T. ) ;
#5888 = ORIENTED_EDGE ( 'NONE', *, *, #4337, .F. ) ;
#5889 = SURFACE_SIDE_STYLE ('',( #7783 ) ) ;
#5890 = ORIENTED_EDGE ( 'NONE', *, *, #953, .T. ) ;
#5891 = AXIS2_PLACEMENT_3D ( 'NONE', #3522, #6062, #4069 ) ;
#5892 = DIRECTION ( 'NONE',  ( -8.470329472543003391E-17, 1.000000000000000000, 0.000000000000000000 ) ) ;
#5893 = FACE_OUTER_BOUND ( 'NONE', #6460, .T. ) ;
#5894 = FILL_AREA_STYLE ('',( #4768 ) ) ;
#5895 = PRESENTATION_STYLE_ASSIGNMENT (( #7127 ) ) ;
#5896 =( GEOMETRIC_REPRESENTATION_CONTEXT ( 3 ) GLOBAL_UNCERTAINTY_ASSIGNED_CONTEXT ( ( #1318 ) ) GLOBAL_UNIT_ASSIGNED_CONTEXT ( ( #4889, #4259, #3634 ) ) REPRESENTATION_CONTEXT ( 'NONE', 'WORKASPACE' ) );
#5897 = EDGE_CURVE ( 'NONE', #913, #3027, #1648, .T. ) ;
#5898 = DIRECTION ( 'NONE',  ( -0.1710878697460330722, -0.1710878697460330722, -0.9702875252478149193 ) ) ;
#5899 = COLOUR_RGB ( '',0.9686274509803921573, 0.8784313725490195957, 0.5999999999999999778 ) ;
#5900 = EDGE_LOOP ( 'NONE', ( #222, #4984, #6829, #5505 ) ) ;
#5901 = DIRECTION ( 'NONE',  ( 6.842277657836020854E-49, -5.078189165123089681E-17, 1.000000000000000000 ) ) ;
#5902 =( NAMED_UNIT ( * ) SI_UNIT ( $, .STERADIAN. ) SOLID_ANGLE_UNIT ( ) );
#5903 = CARTESIAN_POINT ( 'NONE',  ( -0.3199999999999998956, 5.353200710532141748, -2.359999999999986997 ) ) ;
#5904 = DIRECTION ( 'NONE',  ( -6.842277657836020854E-49, 5.078189165123089681E-17, -1.000000000000000000 ) ) ;
#5905 = CARTESIAN_POINT ( 'NONE',  ( 1.520000000000000240, 6.099999999999998757, 2.500000000000000000 ) ) ;
#5906 = SURFACE_SIDE_STYLE ('',( #6559 ) ) ;
#5907 = VERTEX_POINT ( 'NONE', #4855 ) ;
#5908 =( GEOMETRIC_REPRESENTATION_CONTEXT ( 3 ) GLOBAL_UNCERTAINTY_ASSIGNED_CONTEXT ( ( #999 ) ) GLOBAL_UNIT_ASSIGNED_CONTEXT ( ( #3365, #798, #5902 ) ) REPRESENTATION_CONTEXT ( 'NONE', 'WORKASPACE' ) );
#5909 =( NAMED_UNIT ( * ) SI_UNIT ( $, .STERADIAN. ) SOLID_ANGLE_UNIT ( ) );
#5910 = SURFACE_SIDE_STYLE ('',( #3284 ) ) ;
#5911 = DIRECTION ( 'NONE',  ( -0.1710878697460326558, -0.1710878697460326836, 0.9702875252478149193 ) ) ;
#5912 = CARTESIAN_POINT ( 'NONE',  ( 3.559999999999999609, -1.270000000000000240, 0.5999999999999999778 ) ) ;
#5913 = VECTOR ( 'NONE', #3931, 999.9999999999998863 ) ;
#5914 =( LENGTH_UNIT ( ) NAMED_UNIT ( * ) SI_UNIT ( .MILLI., .METRE. ) );
#5915 = CARTESIAN_POINT ( 'NONE',  ( -1.170000000000000595, -1.019999999999998908, 2.350000000000000089 ) ) ;
#5916 = ORIENTED_EDGE ( 'NONE', *, *, #6173, .F. ) ;
#5917 = EDGE_CURVE ( 'NONE', #5691, #3175, #5556, .T. ) ;
#5918 =( LENGTH_UNIT ( ) NAMED_UNIT ( * ) SI_UNIT ( .MILLI., .METRE. ) );
#5919 = EDGE_LOOP ( 'NONE', ( #2346, #8091, #1139, #4978 ) ) ;
#5920 = DIRECTION ( 'NONE',  ( 6.842277657836020854E-49, -5.078189165123089681E-17, 1.000000000000000000 ) ) ;
#5921 = PLANE ( 'NONE',  #3003 ) ;
#5922 = SURFACE_STYLE_USAGE ( .BOTH. , #2878 ) ;
#5923 = EDGE_CURVE ( 'NONE', #5182, #5731, #7310, .T. ) ;
#5924 = PRESENTATION_STYLE_ASSIGNMENT (( #6118 ) ) ;
#5925 = CARTESIAN_POINT ( 'NONE',  ( 2.841254833995939144, 5.381254833995938291, 8.016309119164537478 ) ) ;
#5926 = FILL_AREA_STYLE_COLOUR ( '', #3213 ) ;
#5927 = ORIENTED_EDGE ( 'NONE', *, *, #1116, .F. ) ;
#5928 = CARTESIAN_POINT ( 'NONE',  ( -0.08242201906977160430, -1.248186604381625653, 1.466154446311007664 ) ) ;
#5929 = ORIENTED_EDGE ( 'NONE', *, *, #2109, .F. ) ;
#5930 = ADVANCED_FACE ( 'NONE', ( #4064 ), #4137, .F. ) ;
#5931 = DIRECTION ( 'NONE',  ( -0.9848077530122085754, -8.341646135128160883E-17, 0.1736481776669273891 ) ) ;
#5932 = VERTEX_POINT ( 'NONE', #2306 ) ;
#5933 = ADVANCED_FACE ( 'NONE', ( #7272 ), #2814, .F. ) ;
#5934 = PRESENTATION_LAYER_ASSIGNMENT (  '', '', ( #764 ) ) ;
#5935 = CARTESIAN_POINT ( 'NONE',  ( -0.2080248574915269377, -1.251252813118705731, 1.373679649092323096 ) ) ;
#5936 = PRODUCT ( 'DS1021_yellow_3x02p_100mil_Type1_rev1.0', 'DS1021_yellow_3x02p_100mil_Type1_rev1.0', '', ( #1397 ) ) ;
#5937 = CARTESIAN_POINT ( 'NONE',  ( 1.270000000000000018, -1.019999999999999130, 2.350000000000000089 ) ) ;
#5938 = CARTESIAN_POINT ( 'NONE',  ( -0.09036144578313276554, -1.270000000000000018, 1.095301204819277396 ) ) ;
#5939 = EDGE_LOOP ( 'NONE', ( #8141, #2714, #3114, #1771, #7195, #6330 ) ) ;
#5940 = ORIENTED_EDGE ( 'NONE', *, *, #1116, .T. ) ;
#5941 = ADVANCED_FACE ( 'NONE', ( #6138 ), #2773, .F. ) ;
#5942 = PRESENTATION_STYLE_ASSIGNMENT (( #2159 ) ) ;
#5943 = LINE ( 'NONE', #1306, #3315 ) ;
#5944 = LINE ( 'NONE', #4620, #6995 ) ;
#5945 = VECTOR ( 'NONE', #3569, 1000.000000000000000 ) ;
#5946 = EDGE_CURVE ( 'NONE', #5126, #369, #6723, .T. ) ;
#5947 = CARTESIAN_POINT ( 'NONE',  ( -0.3199999999999999512, 2.813200710532140381, -2.359999999999986997 ) ) ;
#5948 = ORIENTED_EDGE ( 'NONE', *, *, #5135, .F. ) ;
#5949 = STYLED_ITEM ( 'NONE', ( #7866 ), #3920 ) ;
#5950 =( LENGTH_UNIT ( ) NAMED_UNIT ( * ) SI_UNIT ( .MILLI., .METRE. ) );
#5951 = FILL_AREA_STYLE ('',( #346 ) ) ;
#5952 = FILL_AREA_STYLE ('',( #7884 ) ) ;
#5953 = CARTESIAN_POINT ( 'NONE',  ( -0.2785987272081530408, -1.149999999999998357, 0.8475468746968433109 ) ) ;
#5954 = LINE ( 'NONE', #3456, #4423 ) ;
#5955 = ORIENTED_EDGE ( 'NONE', *, *, #7708, .T. ) ;
#5956 = SURFACE_STYLE_FILL_AREA ( #6084 ) ;
#5957 = ORIENTED_EDGE ( 'NONE', *, *, #3240, .F. ) ;
#5958 = DIRECTION ( 'NONE',  ( 0.000000000000000000, 1.000000000000000000, 0.000000000000000000 ) ) ;
#5959 = SURFACE_STYLE_USAGE ( .BOTH. , #7974 ) ;
#5960 = PLANE ( 'NONE',  #4002 ) ;
#5961 = EDGE_CURVE ( 'NONE', #6012, #5563, #3267, .T. ) ;
#5962 = UNCERTAINTY_MEASURE_WITH_UNIT (LENGTH_MEASURE( 1.000000000000000082E-05 ), #6192, 'distance_accuracy_value', 'NONE');
#5963 = CARTESIAN_POINT ( 'NONE',  ( -0.2713367824627652136, -1.170000000000000151, 1.691883934335448147 ) ) ;
#5964 = PRESENTATION_STYLE_ASSIGNMENT (( #4093 ) ) ;
#5965 = EDGE_CURVE ( 'NONE', #3225, #6188, #4928, .T. ) ;
#5966 = MECHANICAL_DESIGN_GEOMETRIC_PRESENTATION_REPRESENTATION (  '', ( #7937 ), #5034 ) ;
#5967 = ORIENTED_EDGE ( 'NONE', *, *, #3538, .F. ) ;
#5968 = ORIENTED_EDGE ( 'NONE', *, *, #1023, .F. ) ;
#5969 =( GEOMETRIC_REPRESENTATION_CONTEXT ( 3 ) GLOBAL_UNCERTAINTY_ASSIGNED_CONTEXT ( ( #1231 ) ) GLOBAL_UNIT_ASSIGNED_CONTEXT ( ( #4835, #4205, #6727 ) ) REPRESENTATION_CONTEXT ( 'NONE', 'WORKASPACE' ) );
#5970 = CARTESIAN_POINT ( 'NONE',  ( 2.284000000000000252, 2.219999999999999751, -2.359999999999988773 ) ) ;
#5971 = EDGE_LOOP ( 'NONE', ( #3123, #1950, #485, #4415 ) ) ;
#5972 = VECTOR ( 'NONE', #5566, 1000.000000000000000 ) ;
#5973 = SURFACE_STYLE_FILL_AREA ( #3594 ) ;
#5974 = SURFACE_STYLE_FILL_AREA ( #832 ) ;
#5975 = CARTESIAN_POINT ( 'NONE',  ( 0.6499999999999999112, -1.269999999999999796, 1.270000000000000018 ) ) ;
#5976 = EDGE_CURVE ( 'NONE', #3509, #7879, #7521, .T. ) ;
#5977 =( NAMED_UNIT ( * ) SI_UNIT ( $, .STERADIAN. ) SOLID_ANGLE_UNIT ( ) );
#5978 = AXIS2_PLACEMENT_3D ( 'NONE', #2646, #3901, #5234 ) ;
#5979 = FACE_OUTER_BOUND ( 'NONE', #1481, .T. ) ;
#5980 = VERTEX_POINT ( 'NONE', #1894 ) ;
#5981 = PLANE ( 'NONE',  #5089 ) ;
#5982 = ORIENTED_EDGE ( 'NONE', *, *, #4521, .T. ) ;
#5983 = CARTESIAN_POINT ( 'NONE',  ( 2.796000000000000263, 0.2559999999999993392, 8.550000000000000711 ) ) ;
#5984 = VECTOR ( 'NONE', #438, 1000.000000000000000 ) ;
#5985 =( NAMED_UNIT ( * ) PLANE_ANGLE_UNIT ( ) SI_UNIT ( $, .RADIAN. ) );
#5986 = LINE ( 'NONE', #2238, #5740 ) ;
#5987 = EDGE_CURVE ( 'NONE', #5697, #7265, #5634, .T. ) ;
#5988 = DIRECTION ( 'NONE',  ( -0.9848077530122085754, -8.341646135128160883E-17, 0.1736481776669278332 ) ) ;
#5989 = ADVANCED_FACE ( 'NONE', ( #4381 ), #6174, .T. ) ;
#5990 = ORIENTED_EDGE ( 'NONE', *, *, #7166, .F. ) ;
#5991 = VECTOR ( 'NONE', #5162, 1000.000000000000000 ) ;
#5992 = CARTESIAN_POINT ( 'NONE',  ( 2.220000000000000195, 0.2559999999999993392, 7.909999999999988596 ) ) ;
#5993 = CARTESIAN_POINT ( 'NONE',  ( 0.2031249999999995282, -1.270000000000001350, 1.180956325301204979 ) ) ;
#5994 = VECTOR ( 'NONE', #7337, 1000.000000000000000 ) ;
#5995 = MECHANICAL_DESIGN_GEOMETRIC_PRESENTATION_REPRESENTATION (  '', ( #4400 ), #5343 ) ;
#5996 = FACE_OUTER_BOUND ( 'NONE', #4361, .T. ) ;
#5997 = CARTESIAN_POINT ( 'NONE',  ( -0.1553685607633400467, -1.270000000000001350, 0.7699516873791895089 ) ) ;
#5998 = LINE ( 'NONE', #348, #294 ) ;
#5999 = DIRECTION ( 'NONE',  ( -1.000000000000000000, 0.000000000000000000, 0.000000000000000000 ) ) ;
#6000 = ADVANCED_FACE ( 'NONE', ( #1772 ), #1155, .T. ) ;
#6001 = VERTEX_POINT ( 'NONE', #3216 ) ;
#6002 = FACE_OUTER_BOUND ( 'NONE', #4513, .T. ) ;
#6003 = VECTOR ( 'NONE', #219, 1000.000000000000000 ) ;
#6004 = VERTEX_POINT ( 'NONE', #7693 ) ;
#6005 = CARTESIAN_POINT ( 'NONE',  ( 3.309999999999999609, 6.349999999999999645, 0.000000000000000000 ) ) ;
#6006 = FILL_AREA_STYLE ('',( #6610 ) ) ;
#6007 =( NAMED_UNIT ( * ) PLANE_ANGLE_UNIT ( ) SI_UNIT ( $, .RADIAN. ) );
#6008 =( GEOMETRIC_REPRESENTATION_CONTEXT ( 3 ) GLOBAL_UNCERTAINTY_ASSIGNED_CONTEXT ( ( #488 ) ) GLOBAL_UNIT_ASSIGNED_CONTEXT ( ( #6468, #159, #4531 ) ) REPRESENTATION_CONTEXT ( 'NONE', 'WORKASPACE' ) );
#6009 = DIRECTION ( 'NONE',  ( 0.000000000000000000, -1.000000000000000000, 0.000000000000000000 ) ) ;
#6010 = CARTESIAN_POINT ( 'NONE',  ( 0.2890920949374359283, 5.393417573054441583, -2.397330798265292717 ) ) ;
#6011 = AXIS2_PLACEMENT_3D ( 'NONE', #212, #5988, #293 ) ;
#6012 = VERTEX_POINT ( 'NONE', #4638 ) ;
#6013 = MECHANICAL_DESIGN_GEOMETRIC_PRESENTATION_REPRESENTATION (  '', ( #3882 ), #977 ) ;
#6014 = ORIENTED_EDGE ( 'NONE', *, *, #3616, .T. ) ;
#6015 = CARTESIAN_POINT ( 'NONE',  ( -1.269999999999999574, -1.019999999999998908, 0.5999999999999998668 ) ) ;
#6016 = EDGE_LOOP ( 'NONE', ( #6179, #3465, #3374, #368, #2660, #7661 ) ) ;
#6017 = LINE ( 'NONE', #4183, #3320 ) ;
#6018 = DIRECTION ( 'NONE',  ( -0.000000000000000000, 1.000000000000000000, 5.078189165123089681E-17 ) ) ;
#6019 = COLOUR_RGB ( '',1.000000000000000000, 0.000000000000000000, 0.000000000000000000 ) ;
#6020 = CLOSED_SHELL ( 'NONE', ( #6373, #2090, #5334, #5166, #5064, #5814, #2214, #1907, #7788, #7927, #966, #2423, #4913, #3383, #4682, #6517, #7102, #80 ) ) ;
#6021 = CYLINDRICAL_SURFACE ( 'NONE', #6791, 0.06399999999999982092 ) ;
#6022 =( LENGTH_UNIT ( ) NAMED_UNIT ( * ) SI_UNIT ( .MILLI., .METRE. ) );
#6023 = ORIENTED_EDGE ( 'NONE', *, *, #6712, .F. ) ;
#6024 = VECTOR ( 'NONE', #3512, 999.9999999999998863 ) ;
#6025 = ORIENTED_EDGE ( 'NONE', *, *, #5817, .T. ) ;
#6026 = COLOUR_RGB ( '',0.9686274509803921573, 0.8784313725490195957, 0.5999999999999999778 ) ;
#6027 = DIRECTION ( 'NONE',  ( 0.7071067811865457964, -0.7071067811865492381, 0.000000000000000000 ) ) ;
#6028 = DIRECTION ( 'NONE',  ( -1.000000000000000000, 0.000000000000000000, 0.000000000000000000 ) ) ;
#6029 = DIRECTION ( 'NONE',  ( 0.7071067811865516806, -0.000000000000000000, 0.7071067811865434649 ) ) ;
#6030 = ADVANCED_FACE ( 'NONE', ( #7610 ), #1431, .T. ) ;
#6031 = PRESENTATION_STYLE_ASSIGNMENT (( #1497 ) ) ;
#6032 = VECTOR ( 'NONE', #982, 999.9999999999998863 ) ;
#6033 = VECTOR ( 'NONE', #7266, 1000.000000000000114 ) ;
#6034 = ORIENTED_EDGE ( 'NONE', *, *, #1521, .T. ) ;
#6035 = FACE_OUTER_BOUND ( 'NONE', #6579, .T. ) ;
#6036 = EDGE_CURVE ( 'NONE', #5184, #1904, #2154, .T. ) ;
#6037 = CARTESIAN_POINT ( 'NONE',  ( 0.2132409442306422154, -1.269999999999999574, 1.169951629842691743 ) ) ;
#6038 = ADVANCED_FACE ( 'NONE', ( #1981 ), #4516, .T. ) ;
#6039 = DIRECTION ( 'NONE',  ( -0.4999999999999998890, 0.8660254037844385966, 0.000000000000000000 ) ) ;
#6040 = DIRECTION ( 'NONE',  ( -0.7071067811865495711, -0.000000000000000000, -0.7071067811865454633 ) ) ;
#6041 = FILL_AREA_STYLE ('',( #6642 ) ) ;
#6042 = SURFACE_STYLE_FILL_AREA ( #1753 ) ;
#6043 = CARTESIAN_POINT ( 'NONE',  ( -1.169999999999998153, -1.019999999999998908, 0.5999999999999998668 ) ) ;
#6044 = COLOUR_RGB ( '',0.9686274509803921573, 0.8784313725490195957, 0.5999999999999999778 ) ;
#6045 = VERTEX_POINT ( 'NONE', #2139 ) ;
#6046 = ORIENTED_EDGE ( 'NONE', *, *, #134, .F. ) ;
#6047 = B_SPLINE_CURVE_WITH_KNOTS ( 'NONE', 3,
 ( #5852, #8085, #2411, #4950, #7461, #1833, #591, #682, #3407, #6936 ),
 .UNSPECIFIED., .F., .F.,
 ( 4, 2, 2, 2, 4 ),
 ( 0.000000000000000000, 3.115297871150082273E-05, 6.230595742300164546E-05, 9.345893613450247496E-05, 0.0001246119148460032909 ),
 .UNSPECIFIED. ) ;
#6048 = DIRECTION ( 'NONE',  ( 4.224164308385081333E-16, -1.000000000000000000, 0.000000000000000000 ) ) ;
#6049 = VECTOR ( 'NONE', #6125, 1000.000000000000000 ) ;
#6050 = UNCERTAINTY_MEASURE_WITH_UNIT (LENGTH_MEASURE( 1.000000000000000082E-05 ), #7557, 'distance_accuracy_value', 'NONE');
#6051 = CARTESIAN_POINT ( 'NONE',  ( 3.809999999999999165, 6.099999999999998757, 2.500000000000000000 ) ) ;
#6052 = DIRECTION ( 'NONE',  ( -0.1710878697460326558, -0.1710878697460326836, 0.9702875252478149193 ) ) ;
#6053 = EDGE_LOOP ( 'NONE', ( #4180, #6429, #5581, #6880 ) ) ;
#6054 = ORIENTED_EDGE ( 'NONE', *, *, #3689, .F. ) ;
#6055 = CARTESIAN_POINT ( 'NONE',  ( -1.019999999999999796, -0.7900000000000003686, 0.6000000000000000888 ) ) ;
#6056 = ORIENTED_EDGE ( 'NONE', *, *, #5572, .T. ) ;
#6057 = CARTESIAN_POINT ( 'NONE',  ( 2.841254833995939588, -0.3012548339959398302, 8.016309119164535701 ) ) ;
#6058 =( LENGTH_UNIT ( ) NAMED_UNIT ( * ) SI_UNIT ( .MILLI., .METRE. ) );
#6059 = UNCERTAINTY_MEASURE_WITH_UNIT (LENGTH_MEASURE( 1.000000000000000082E-05 ), #1749, 'distance_accuracy_value', 'NONE');
#6060 = SURFACE_STYLE_FILL_AREA ( #6831 ) ;
#6061 = EDGE_LOOP ( 'NONE', ( #2465, #1176, #3243, #5929, #1120, #3602 ) ) ;
#6062 = DIRECTION ( 'NONE',  ( -0.7071067811865434649, 0.000000000000000000, 0.7071067811865515695 ) ) ;
#6063 = VERTEX_POINT ( 'NONE', #2296 ) ;
#6064 = LINE ( 'NONE', #1697, #479 ) ;
#6065 = LINE ( 'NONE', #459, #1033 ) ;
#6066 = FACE_OUTER_BOUND ( 'NONE', #706, .T. ) ;
#6067 = CARTESIAN_POINT ( 'NONE',  ( -0.1568216416384760337, -1.210011714886044087, 1.791833950186154656 ) ) ;
#6068 = LINE ( 'NONE', #2553, #961 ) ;
#6069 =( LENGTH_UNIT ( ) NAMED_UNIT ( * ) SI_UNIT ( .MILLI., .METRE. ) );
#6070 = STYLED_ITEM ( 'NONE', ( #268 ), #3021 ) ;
#6071 = EDGE_CURVE ( 'NONE', #5980, #6796, #7188, .T. ) ;
#6072 = VERTEX_POINT ( 'NONE', #7813 ) ;
#6073 = LINE ( 'NONE', #7496, #880 ) ;
#6074 = PRESENTATION_LAYER_ASSIGNMENT (  '', '', ( #2344 ) ) ;
#6075 = CARTESIAN_POINT ( 'NONE',  ( 0.2350144158658696303, -1.270000000000001128, 1.098526400594148633 ) ) ;
#6076 = DIRECTION ( 'NONE',  ( 0.000000000000000000, 0.9396926207859082059, 0.3420201433256694901 ) ) ;
#6077 = CARTESIAN_POINT ( 'NONE',  ( -0.2559999999999999498, 4.823999999999998956, 8.550000000000000711 ) ) ;
#6078 = DIRECTION ( 'NONE',  ( -0.000000000000000000, -0.000000000000000000, -1.000000000000000000 ) ) ;
#6079 = CARTESIAN_POINT ( 'NONE',  ( -0.2349397590361448074, -1.270000000000000018, 1.095301204819277396 ) ) ;
#6080 = DIRECTION ( 'NONE',  ( -0.000000000000000000, 1.000000000000000000, 5.078189165123089681E-17 ) ) ;
#6081 = CARTESIAN_POINT ( 'NONE',  ( 0.000000000000000000, 0.000000000000000000, 0.000000000000000000 ) ) ;
#6082 = VECTOR ( 'NONE', #5603, 1000.000000000000114 ) ;
#6083 = ORIENTED_EDGE ( 'NONE', *, *, #5961, .F. ) ;
#6084 = FILL_AREA_STYLE ('',( #4172 ) ) ;
#6085 = ORIENTED_EDGE ( 'NONE', *, *, #2834, .T. ) ;
#6086 = ADVANCED_FACE ( 'NONE', ( #316 ), #905, .F. ) ;
#6087 = CARTESIAN_POINT ( 'NONE',  ( 1.020000000000000018, -1.019999999999999130, 0.000000000000000000 ) ) ;
#6088 = DIRECTION ( 'NONE',  ( 0.000000000000000000, -1.000000000000000000, 0.000000000000000000 ) ) ;
#6089 = CARTESIAN_POINT ( 'NONE',  ( -0.3199999999999998956, -0.2560000000000001719, -2.359999999999988773 ) ) ;
#6090 =( BOUNDED_CURVE ( )  B_SPLINE_CURVE ( 3, ( #3808, #5098, #6951, #109 ),
 .UNSPECIFIED., .F., .F. ) 
 B_SPLINE_CURVE_WITH_KNOTS ( ( 4, 4 ),
 ( 2.356194490192339952, 3.141592653589793560 ),
 .UNSPECIFIED. ) 
 CURVE ( )  GEOMETRIC_REPRESENTATION_ITEM ( )  RATIONAL_B_SPLINE_CURVE ( ( 1.000000000000000000, 0.9492530216741903448, 0.9492530216741903448, 1.000000000000000000 ) ) 
 REPRESENTATION_ITEM ( '' )  );
#6091 = DIRECTION ( 'NONE',  ( 0.000000000000000000, 0.000000000000000000, 1.000000000000000000 ) ) ;
#6092 = MECHANICAL_DESIGN_GEOMETRIC_PRESENTATION_REPRESENTATION (  '', ( #2788 ), #5596 ) ;
#6093 = ADVANCED_FACE ( 'NONE', ( #5390 ), #2803, .F. ) ;
#6094 = SURFACE_STYLE_FILL_AREA ( #2382 ) ;
#6095 = ORIENTED_EDGE ( 'NONE', *, *, #3646, .F. ) ;
#6096 = DIRECTION ( 'NONE',  ( 1.000000000000000000, -0.000000000000000000, 0.000000000000000000 ) ) ;
#6097 = ORIENTED_EDGE ( 'NONE', *, *, #5200, .T. ) ;
#6098 = DIRECTION ( 'NONE',  ( -0.3420201433256698786, 0.9396926207859079838, 0.000000000000000000 ) ) ;
#6099 = CARTESIAN_POINT ( 'NONE',  ( -0.1841190565292908643, -1.169999999999997708, 0.7357780467736324548 ) ) ;
#6100 = DIRECTION ( 'NONE',  ( 0.000000000000000000, 1.000000000000000000, 0.000000000000000000 ) ) ;
#6101 = CARTESIAN_POINT ( 'NONE',  ( 2.859999999999999876, 5.353200710532141748, 7.909999999999986819 ) ) ;
#6102 = ORIENTED_EDGE ( 'NONE', *, *, #1535, .F. ) ;
#6103 = FACE_OUTER_BOUND ( 'NONE', #605, .T. ) ;
#6104 = ORIENTED_EDGE ( 'NONE', *, *, #3587, .F. ) ;
#6105 = CARTESIAN_POINT ( 'NONE',  ( 2.540000000000000036, 5.287150732346582949, -3.000000000000000000 ) ) ;
#6106 = CARTESIAN_POINT ( 'NONE',  ( 0.2890920949374359283, 5.393417573054440695, 7.947330798265292984 ) ) ;
#6107 = CARTESIAN_POINT ( 'NONE',  ( 2.220000000000000195, -0.2560000000000006715, 8.550000000000000711 ) ) ;
#6108 = SURFACE_SIDE_STYLE ('',( #7363 ) ) ;
#6109 =( NAMED_UNIT ( * ) PLANE_ANGLE_UNIT ( ) SI_UNIT ( $, .RADIAN. ) );
#6110 = CARTESIAN_POINT ( 'NONE',  ( 0.2606148726662790294, -1.169999999999998819, 1.749334043854663845 ) ) ;
#6111 = DIRECTION ( 'NONE',  ( 8.470329472543003391E-17, -1.000000000000000000, 0.000000000000000000 ) ) ;
#6112 =( GEOMETRIC_REPRESENTATION_CONTEXT ( 3 ) GLOBAL_UNCERTAINTY_ASSIGNED_CONTEXT ( ( #2377 ) ) GLOBAL_UNIT_ASSIGNED_CONTEXT ( ( #4658, #5083, #2161 ) ) REPRESENTATION_CONTEXT ( 'NONE', 'WORKASPACE' ) );
#6113 = ORIENTED_EDGE ( 'NONE', *, *, #649, .T. ) ;
#6114 = FILL_AREA_STYLE_COLOUR ( '', #3242 ) ;
#6115 = PRESENTATION_LAYER_ASSIGNMENT (  '', '', ( #5316 ) ) ;
#6116 = DIRECTION ( 'NONE',  ( -1.000000000000000000, 0.000000000000000000, 0.000000000000000000 ) ) ;
#6117 = SURFACE_STYLE_USAGE ( .BOTH. , #3061 ) ;
#6118 = SURFACE_STYLE_USAGE ( .BOTH. , #5221 ) ;
#6119 = CARTESIAN_POINT ( 'NONE',  ( 1.520000000000000462, -1.019999999999998908, 2.500000000000000000 ) ) ;
#6120 = FACE_OUTER_BOUND ( 'NONE', #1654, .T. ) ;
#6121 = LINE ( 'NONE', #1795, #7186 ) ;
#6122 = ADVANCED_FACE ( 'NONE', ( #7975 ), #5960, .F. ) ;
#6123 = VERTEX_POINT ( 'NONE', #4252 ) ;
#6124 = ORIENTED_EDGE ( 'NONE', *, *, #649, .F. ) ;
#6125 = DIRECTION ( 'NONE',  ( -8.470329472543003391E-17, 1.000000000000000000, 0.000000000000000000 ) ) ;
#6126 = COLOUR_RGB ( '',0.9686274509803921573, 0.8784313725490195957, 0.5999999999999999778 ) ;
#6127 = AXIS2_PLACEMENT_3D ( 'NONE', #3378, #2869, #4119 ) ;
#6128 = CARTESIAN_POINT ( 'NONE',  ( -0.2560000000000000053, 0.3199999999999993405, 8.550000000000000711 ) ) ;
#6129 = UNCERTAINTY_MEASURE_WITH_UNIT (LENGTH_MEASURE( 1.000000000000000082E-05 ), #4691, 'distance_accuracy_value', 'NONE');
#6130 = CARTESIAN_POINT ( 'NONE',  ( 1.169999999999999707, 5.870000000000000107, 0.6000000000000000888 ) ) ;
#6131 =( NAMED_UNIT ( * ) PLANE_ANGLE_UNIT ( ) SI_UNIT ( $, .RADIAN. ) );
#6132 = AXIS2_PLACEMENT_3D ( 'NONE', #3426, #441, #7301 ) ;
#6133 = ORIENTED_EDGE ( 'NONE', *, *, #1300, .T. ) ;
#6134 = VERTEX_POINT ( 'NONE', #7511 ) ;
#6135 = ADVANCED_FACE ( 'NONE', ( #6775 ), #5665, .F. ) ;
#6136 =( BOUNDED_CURVE ( )  B_SPLINE_CURVE ( 3, ( #7491, #1660, #4194, #3687 ),
 .UNSPECIFIED., .F., .F. ) 
 B_SPLINE_CURVE_WITH_KNOTS ( ( 4, 4 ),
 ( 5.497787143782138841, 6.283185307179586232 ),
 .UNSPECIFIED. ) 
 CURVE ( )  GEOMETRIC_REPRESENTATION_ITEM ( )  RATIONAL_B_SPLINE_CURVE ( ( 1.000000000000000000, 0.9492530216741912330, 0.9492530216741912330, 1.000000000000000000 ) ) 
 REPRESENTATION_ITEM ( '' )  );
#6137 = EDGE_CURVE ( 'NONE', #1091, #3225, #5624, .T. ) ;
#6138 = FACE_OUTER_BOUND ( 'NONE', #5792, .T. ) ;
#6139 = FACE_OUTER_BOUND ( 'NONE', #5658, .T. ) ;
#6140 = UNCERTAINTY_MEASURE_WITH_UNIT (LENGTH_MEASURE( 1.000000000000000082E-05 ), #2023, 'distance_accuracy_value', 'NONE');
#6141 = STYLED_ITEM ( 'NONE', ( #5789 ), #7335 ) ;
#6142 = SURFACE_STYLE_FILL_AREA ( #7990 ) ;
#6143 = CARTESIAN_POINT ( 'NONE',  ( 0.3134175730544423444, 2.829092094937434521, 7.947330798265291207 ) ) ;
#6144 = VECTOR ( 'NONE', #2163, 1000.000000000000000 ) ;
#6145 = DIRECTION ( 'NONE',  ( -1.000000000000000000, 0.000000000000000000, 0.000000000000000000 ) ) ;
#6146 = ORIENTED_EDGE ( 'NONE', *, *, #5778, .T. ) ;
#6147 = EDGE_LOOP ( 'NONE', ( #2777, #1564, #3241, #6772 ) ) ;
#6148 = VECTOR ( 'NONE', #4953, 1000.000000000000114 ) ;
#6149 = DIRECTION ( 'NONE',  ( -6.842277657836020854E-49, 5.078189165123089681E-17, -1.000000000000000000 ) ) ;
#6150 = DIRECTION ( 'NONE',  ( 1.000000000000000000, 4.224164308385081333E-16, 0.000000000000000000 ) ) ;
#6151 =( NAMED_UNIT ( * ) PLANE_ANGLE_UNIT ( ) SI_UNIT ( $, .RADIAN. ) );
#6152 = ADVANCED_FACE ( 'NONE', ( #4296, #7426 ), #2334, .F. ) ;
#6153 = COLOUR_RGB ( '',0.9686274509803921573, 0.8784313725490195957, 0.5999999999999999778 ) ;
#6154 = CARTESIAN_POINT ( 'NONE',  ( 2.860000000000000320, 2.283999999999999364, 7.909999999999988596 ) ) ;
#6155 = AXIS2_PLACEMENT_3D ( 'NONE', #4447, #3609, #3734 ) ;
#6156 = ORIENTED_EDGE ( 'NONE', *, *, #1647, .F. ) ;
#6157 = DIRECTION ( 'NONE',  ( -0.3236155771181848939, -0.8891264907159881492, -0.3236155771181852825 ) ) ;
#6158 = AXIS2_PLACEMENT_3D ( 'NONE', #7660, #7119, #2069 ) ;
#6159 = PRESENTATION_STYLE_ASSIGNMENT (( #5028 ) ) ;
#6160 = FILL_AREA_STYLE_COLOUR ( '', #7264 ) ;
#6161 =( LENGTH_UNIT ( ) NAMED_UNIT ( * ) SI_UNIT ( .MILLI., .METRE. ) );
#6162 = ORIENTED_EDGE ( 'NONE', *, *, #2722, .F. ) ;
#6163 = CARTESIAN_POINT ( 'NONE',  ( 2.841254833995939588, -0.3012548339959398302, 8.016309119164535701 ) ) ;
#6164 = ORIENTED_EDGE ( 'NONE', *, *, #1768, .T. ) ;
#6165 = CARTESIAN_POINT ( 'NONE',  ( -0.2531083497167573859, -1.169999999999995488, 1.383357388030414636 ) ) ;
#6166 = CARTESIAN_POINT ( 'NONE',  ( 0.09036144578313230757, -1.270000000000000018, 1.456746987951807348 ) ) ;
#6167 = AXIS2_PLACEMENT_3D ( 'NONE', #2330, #8092, #1142 ) ;
#6168 = CARTESIAN_POINT ( 'NONE',  ( -0.3199999999999998956, 4.760000000000000675, -2.359999999999988773 ) ) ;
#6169 = EDGE_CURVE ( 'NONE', #5304, #5907, #8136, .T. ) ;
#6170 = EDGE_LOOP ( 'NONE', ( #7677, #3685, #7970, #7370 ) ) ;
#6171 = FACE_OUTER_BOUND ( 'NONE', #3041, .T. ) ;
#6172 = ORIENTED_EDGE ( 'NONE', *, *, #5368, .F. ) ;
#6173 = EDGE_CURVE ( 'NONE', #4806, #5563, #3749, .T. ) ;
#6174 = PLANE ( 'NONE',  #1207 ) ;
#6175 = DIRECTION ( 'NONE',  ( 0.000000000000000000, 1.000000000000000000, 0.000000000000000000 ) ) ;
#6176 = DIRECTION ( 'NONE',  ( 1.000000000000000000, 0.000000000000000000, 0.000000000000000000 ) ) ;
#6177 = VECTOR ( 'NONE', #5045, 1000.000000000000000 ) ;
#6178 = ADVANCED_FACE ( 'NONE', ( #3033 ), #4997, .F. ) ;
#6179 = ORIENTED_EDGE ( 'NONE', *, *, #7229, .F. ) ;
#6180 = ORIENTED_EDGE ( 'NONE', *, *, #7808, .F. ) ;
#6181 =( BOUNDED_CURVE ( )  B_SPLINE_CURVE ( 3, ( #5672, #4304, #2507, #5553 ),
 .UNSPECIFIED., .F., .F. ) 
 B_SPLINE_CURVE_WITH_KNOTS ( ( 4, 4 ),
 ( 5.497787143782135288, 6.283185307179586232 ),
 .UNSPECIFIED. ) 
 CURVE ( )  GEOMETRIC_REPRESENTATION_ITEM ( )  RATIONAL_B_SPLINE_CURVE ( ( 1.000000000000000000, 0.9492530216741907889, 0.9492530216741907889, 1.000000000000000000 ) ) 
 REPRESENTATION_ITEM ( '' )  );
#6182 = FILL_AREA_STYLE_COLOUR ( '', #357 ) ;
#6183 = LINE ( 'NONE', #1087, #244 ) ;
#6184 = CARTESIAN_POINT ( 'NONE',  ( 0.1585677505554682620, -1.169999999999998597, 1.806310649408095159 ) ) ;
#6185 = CARTESIAN_POINT ( 'NONE',  ( 0.2349397590361443910, -1.270000000000000018, 1.100007530120482135 ) ) ;
#6186 = EDGE_CURVE ( 'NONE', #2546, #6606, #8015, .T. ) ;
#6187 = CARTESIAN_POINT ( 'NONE',  ( 0.2560000000000002274, 2.219999999999999307, 7.909999999999988596 ) ) ;
#6188 = VERTEX_POINT ( 'NONE', #1065 ) ;
#6189 = LINE ( 'NONE', #1828, #7784 ) ;
#6190 = SURFACE_STYLE_USAGE ( .BOTH. , #7333 ) ;
#6191 = SURFACE_SIDE_STYLE ('',( #6846 ) ) ;
#6192 =( LENGTH_UNIT ( ) NAMED_UNIT ( * ) SI_UNIT ( .MILLI., .METRE. ) );
#6193 = CARTESIAN_POINT ( 'NONE',  ( 3.709999999999999964, 6.099999999999998757, 0.5999999999999998668 ) ) ;
#6194 = ORIENTED_EDGE ( 'NONE', *, *, #5583, .F. ) ;
#6195 = VECTOR ( 'NONE', #6696, 1000.000000000000114 ) ;
#6196 =( NAMED_UNIT ( * ) PLANE_ANGLE_UNIT ( ) SI_UNIT ( $, .RADIAN. ) );
#6197 = VERTEX_POINT ( 'NONE', #3583 ) ;
#6198 = SURFACE_STYLE_FILL_AREA ( #6733 ) ;
#6199 = ORIENTED_EDGE ( 'NONE', *, *, #8157, .F. ) ;
#6200 = CARTESIAN_POINT ( 'NONE',  ( 0.3200000000000001177, 2.283999999999999364, 8.550000000000000711 ) ) ;
#6201 = CARTESIAN_POINT ( 'NONE',  ( -0.2713367824627651581, -1.169999999999999929, 1.457141330931055911 ) ) ;
#6202 = DIRECTION ( 'NONE',  ( 0.000000000000000000, 1.000000000000000000, -0.000000000000000000 ) ) ;
#6203 = CARTESIAN_POINT ( 'NONE',  ( -0.09036144578313276554, -1.270000000000000018, 1.095301204819277396 ) ) ;
#6204 = EDGE_LOOP ( 'NONE', ( #1122, #1755, #5299, #5470 ) ) ;
#6205 =( GEOMETRIC_REPRESENTATION_CONTEXT ( 3 ) GLOBAL_UNCERTAINTY_ASSIGNED_CONTEXT ( ( #1730 ) ) GLOBAL_UNIT_ASSIGNED_CONTEXT ( ( #337, #4040, #3485 ) ) REPRESENTATION_CONTEXT ( 'NONE', 'WORKASPACE' ) );
#6206 = ORIENTED_EDGE ( 'NONE', *, *, #7734, .T. ) ;
#6207 = CARTESIAN_POINT ( 'NONE',  ( -0.3199999999999998956, -0.2732007105321407892, 7.909999999999990372 ) ) ;
#6208 = UNCERTAINTY_MEASURE_WITH_UNIT (LENGTH_MEASURE( 1.000000000000000082E-05 ), #5253, 'distance_accuracy_value', 'NONE');
#6209 = EDGE_CURVE ( 'NONE', #7663, #807, #7469, .T. ) ;
#6210 = CARTESIAN_POINT ( 'NONE',  ( -0.1573284206430616283, -1.169999999999999929, 0.7336029765733800279 ) ) ;
#6211 = CARTESIAN_POINT ( 'NONE',  ( 2.540000000000000036, 2.747150732346581581, 8.550000000000000711 ) ) ;
#6212 = DIRECTION ( 'NONE',  ( -0.000000000000000000, 0.000000000000000000, 1.000000000000000000 ) ) ;
#6213 = ORIENTED_EDGE ( 'NONE', *, *, #6666, .F. ) ;
#6214 = LINE ( 'NONE', #3093, #6412 ) ;
#6215 = ORIENTED_EDGE ( 'NONE', *, *, #7742, .F. ) ;
#6216 = EDGE_CURVE ( 'NONE', #2304, #5067, #2996, .T. ) ;
#6217 = LINE ( 'NONE', #8193, #1331 ) ;
#6218 = CARTESIAN_POINT ( 'NONE',  ( -0.1565682309120686178, -1.230017572091684164, 1.784552413652322089 ) ) ;
#6219 = CARTESIAN_POINT ( 'NONE',  ( 0.2560000000000001719, 0.3199999999999998401, -2.359999999999988773 ) ) ;
#6220 = VECTOR ( 'NONE', #3380, 1000.000000000000000 ) ;
#6221 = EDGE_LOOP ( 'NONE', ( #6753, #1532, #3482, #8152, #1215, #552 ) ) ;
#6222 = AXIS2_PLACEMENT_3D ( 'NONE', #5449, #5301, #6497 ) ;
#6223 = CARTESIAN_POINT ( 'NONE',  ( 2.220000000000000195, 0.3199999999999998401, -2.359999999999988773 ) ) ;
#6224 = FACE_OUTER_BOUND ( 'NONE', #3550, .T. ) ;
#6225 = EDGE_CURVE ( 'NONE', #4077, #2004, #407, .T. ) ;
#6226 = AXIS2_PLACEMENT_3D ( 'NONE', #4989, #6471, #793 ) ;
#6227 = CARTESIAN_POINT ( 'NONE',  ( -0.7700000000000005729, 6.349999999999999645, 2.500000000000000000 ) ) ;
#6228 = FILL_AREA_STYLE_COLOUR ( '', #6779 ) ;
#6229 = CARTESIAN_POINT ( 'NONE',  ( 2.796000000000000263, 5.399999999999999467, 7.909999999999988596 ) ) ;
#6230 = DIRECTION ( 'NONE',  ( 0.000000000000000000, 1.000000000000000000, 0.000000000000000000 ) ) ;
#6231 = ORIENTED_EDGE ( 'NONE', *, *, #3942, .F. ) ;
#6232 = PRESENTATION_LAYER_ASSIGNMENT (  '', '', ( #7949 ) ) ;
#6233 = CARTESIAN_POINT ( 'NONE',  ( 2.332849267653418046, 2.219999999999999307, 8.550000000000000711 ) ) ;
#6234 = VERTEX_POINT ( 'NONE', #6855 ) ;
#6235 = PLANE ( 'NONE',  #875 ) ;
#6236 = EDGE_LOOP ( 'NONE', ( #6404, #473, #409, #6974 ) ) ;
#6237 = CARTESIAN_POINT ( 'NONE',  ( 2.860000000000000320, 2.283999999999999364, 8.550000000000000711 ) ) ;
#6238 = DIRECTION ( 'NONE',  ( 0.000000000000000000, 0.9848077530122085754, 0.1736481776669273891 ) ) ;
#6239 = B_SPLINE_CURVE_WITH_KNOTS ( 'NONE', 3,
 ( #8156, #4196, #4319, #6184, #5491, #3099, #417, #579, #4867, #7365, #6841, #6110, #2353, #6757, #5649, #2939, #1164, #7403 ),
 .UNSPECIFIED., .F., .F.,
 ( 4, 3, 2, 2, 2, 2, 3, 4 ),
 ( 0.000000000000000000, 1.833824245706172942E-06, 4.598207138390235078E-05, 6.805619495300043928E-05, 9.013031852209852778E-05, 0.0001342785656602946912, 0.0001784268127984908953, 0.0001795734167606757305 ),
 .UNSPECIFIED. ) ;
#6240 = DIRECTION ( 'NONE',  ( 1.408054769461694189E-16, 1.000000000000000000, -0.000000000000000000 ) ) ;
#6241 =( LENGTH_UNIT ( ) NAMED_UNIT ( * ) SI_UNIT ( .MILLI., .METRE. ) );
#6242 = EDGE_CURVE ( 'NONE', #5932, #6424, #2375, .T. ) ;
#6243 = VERTEX_POINT ( 'NONE', #5871 ) ;
#6244 = FILL_AREA_STYLE_COLOUR ( '', #7196 ) ;
#6245 = AXIS2_PLACEMENT_3D ( 'NONE', #122, #586, #3955 ) ;
#6246 = VERTEX_POINT ( 'NONE', #6978 ) ;
#6247 = CARTESIAN_POINT ( 'NONE',  ( 0.3012548339959392751, 4.778745166004060074, 8.016309119164535701 ) ) ;
#6248 = DIRECTION ( 'NONE',  ( -0.000000000000000000, -0.000000000000000000, -1.000000000000000000 ) ) ;
#6249 = DIRECTION ( 'NONE',  ( -0.3420201433256690460, -0.9396926207859083169, 0.000000000000000000 ) ) ;
#6250 = PLANE ( 'NONE',  #7173 ) ;
#6251 = LINE ( 'NONE', #489, #6660 ) ;
#6252 = STYLED_ITEM ( 'NONE', ( #2074 ), #8005 ) ;
#6253 = CARTESIAN_POINT ( 'NONE',  ( -0.2027297558018756329, -1.270000000000000462, 1.377998469153220551 ) ) ;
#6254 = VECTOR ( 'NONE', #4217, 1000.000000000000000 ) ;
#6255 = CYLINDRICAL_SURFACE ( 'NONE', #725, 0.06399999999999982092 ) ;
#6256 = ORIENTED_EDGE ( 'NONE', *, *, #1223, .T. ) ;
#6257 = LINE ( 'NONE', #7530, #2959 ) ;
#6258 = ORIENTED_EDGE ( 'NONE', *, *, #3039, .T. ) ;
#6259 = CARTESIAN_POINT ( 'NONE',  ( -1.019999999999999796, 6.099999999999998757, 2.500000000000000000 ) ) ;
#6260 =( LENGTH_UNIT ( ) NAMED_UNIT ( * ) SI_UNIT ( .MILLI., .METRE. ) );
#6261 = STYLED_ITEM ( 'NONE', ( #30 ), #4570 ) ;
#6262 = LINE ( 'NONE', #2399, #5478 ) ;
#6263 = CARTESIAN_POINT ( 'NONE',  ( 2.859999999999999876, 2.266799289467858802, 7.909999999999986819 ) ) ;
#6264 = ORIENTED_EDGE ( 'NONE', *, *, #7575, .T. ) ;
#6265 = EDGE_CURVE ( 'NONE', #5428, #7731, #3833, .T. ) ;
#6266 = AXIS2_PLACEMENT_3D ( 'NONE', #2554, #4522, #3891 ) ;
#6267 = DIRECTION ( 'NONE',  ( -0.9848077530122085754, -8.341646135128160883E-17, 0.1736481776669273891 ) ) ;
#6268 = ADVANCED_FACE ( 'NONE', ( #1421 ), #2585, .F. ) ;
#6269 = SURFACE_SIDE_STYLE ('',( #4833 ) ) ;
#6270 = FACE_OUTER_BOUND ( 'NONE', #4990, .T. ) ;
#6271 = COLOUR_RGB ( '',0.9686274509803921573, 0.8784313725490195957, 0.5999999999999999778 ) ;
#6272 = CARTESIAN_POINT ( 'NONE',  ( 0.1560617469879515273, -1.270000000000000018, 0.7700000000000001288 ) ) ;
#6273 = PRESENTATION_LAYER_ASSIGNMENT (  '', '', ( #6409 ) ) ;
#6274 = ORIENTED_EDGE ( 'NONE', *, *, #3336, .F. ) ;
#6275 = EDGE_CURVE ( 'NONE', #3725, #2964, #2054, .T. ) ;
#6276 = CARTESIAN_POINT ( 'NONE',  ( 0.2349397590361443910, -1.270000000000000018, 1.100007530120482135 ) ) ;
#6277 = VERTEX_POINT ( 'NONE', #638 ) ;
#6278 = ORIENTED_EDGE ( 'NONE', *, *, #2981, .T. ) ;
#6279 = VECTOR ( 'NONE', #4979, 1000.000000000000000 ) ;
#6280 = PRESENTATION_LAYER_ASSIGNMENT (  '', '', ( #1642 ) ) ;
#6281 = LINE ( 'NONE', #6237, #2068 ) ;
#6282 = DIRECTION ( 'NONE',  ( 0.000000000000000000, 1.000000000000000000, 0.000000000000000000 ) ) ;
#6283 = CARTESIAN_POINT ( 'NONE',  ( 3.709999999999998188, -1.019999999999999130, 2.350000000000000089 ) ) ;
#6284 = EDGE_CURVE ( 'NONE', #3838, #5304, #96, .T. ) ;
#6285 = DIRECTION ( 'NONE',  ( 0.000000000000000000, 0.000000000000000000, 1.000000000000000000 ) ) ;
#6286 = CARTESIAN_POINT ( 'NONE',  ( 0.3200000000000000622, 2.795999999999999375, 8.550000000000000711 ) ) ;
#6287 = SURFACE_STYLE_USAGE ( .BOTH. , #7021 ) ;
#6288 = STYLED_ITEM ( 'NONE', ( #5709 ), #1750 ) ;
#6289 = VECTOR ( 'NONE', #8100, 1000.000000000000000 ) ;
#6290 = ADVANCED_FACE ( 'NONE', ( #5085 ), #7645, .F. ) ;
#6291 = EDGE_LOOP ( 'NONE', ( #3325, #1401, #7839, #3723 ) ) ;
#6292 = DIRECTION ( 'NONE',  ( -0.7071067811865492381, -0.7071067811865457964, 0.000000000000000000 ) ) ;
#6293 = EDGE_LOOP ( 'NONE', ( #2250, #1609, #234, #1466 ) ) ;
#6294 = FILL_AREA_STYLE_COLOUR ( '', #7815 ) ;
#6295 = CARTESIAN_POINT ( 'NONE',  ( -0.3199999999999998401, 4.806799289467859282, -2.359999999999986997 ) ) ;
#6296 = UNCERTAINTY_MEASURE_WITH_UNIT (LENGTH_MEASURE( 1.000000000000000082E-05 ), #2367, 'distance_accuracy_value', 'NONE');
#6297 = SURFACE_STYLE_FILL_AREA ( #7364 ) ;
#6298 = FACE_OUTER_BOUND ( 'NONE', #7487, .T. ) ;
#6299 = CARTESIAN_POINT ( 'NONE',  ( -0.2594620124652636806, -1.149999999999999467, 1.379748504853089086 ) ) ;
#6300 =( BOUNDED_CURVE ( )  B_SPLINE_CURVE ( 3, ( #5276, #279, #328, #202 ),
 .UNSPECIFIED., .F., .F. ) 
 B_SPLINE_CURVE_WITH_KNOTS ( ( 4, 4 ),
 ( 3.141592653589793116, 3.926990816987242727 ),
 .UNSPECIFIED. ) 
 CURVE ( )  GEOMETRIC_REPRESENTATION_ITEM ( )  RATIONAL_B_SPLINE_CURVE ( ( 1.000000000000000000, 0.9492530216741910110, 0.9492530216741910110, 1.000000000000000000 ) ) 
 REPRESENTATION_ITEM ( '' )  );
#6301 = DIRECTION ( 'NONE',  ( -6.842277657836020854E-49, 5.078189165123089681E-17, -1.000000000000000000 ) ) ;
#6302 = EDGE_LOOP ( 'NONE', ( #6500, #6023, #5927, #5741 ) ) ;
#6303 = CARTESIAN_POINT ( 'NONE',  ( 2.796000000000000263, -0.3200000000000007283, 8.550000000000000711 ) ) ;
#6304 = VERTEX_POINT ( 'NONE', #1267 ) ;
#6305 = CARTESIAN_POINT ( 'NONE',  ( 0.2661531779593171998, -1.184241836324605446, 1.100793638664331997 ) ) ;
#6306 = VECTOR ( 'NONE', #7259, 1000.000000000000000 ) ;
#6307 = CARTESIAN_POINT ( 'NONE',  ( 2.589999999999994085, -0.7900000000000003686, -0.6199999999999989964 ) ) ;
#6308 = SURFACE_SIDE_STYLE ('',( #2447 ) ) ;
#6309 = EDGE_LOOP ( 'NONE', ( #4526, #7709, #5022, #5104, #1500, #1834 ) ) ;
#6310 = FILL_AREA_STYLE ('',( #3778 ) ) ;
#6311 = EDGE_CURVE ( 'NONE', #2884, #2146, #3794, .T. ) ;
#6312 = DIRECTION ( 'NONE',  ( 6.842277657836020854E-49, -5.078189165123089681E-17, 1.000000000000000000 ) ) ;
#6313 = EDGE_CURVE ( 'NONE', #5409, #4392, #7064, .T. ) ;
#6314 = SURFACE_STYLE_USAGE ( .BOTH. , #3783 ) ;
#6315 = FACE_OUTER_BOUND ( 'NONE', #6204, .T. ) ;
#6316 = VERTEX_POINT ( 'NONE', #4549 ) ;
#6317 = EDGE_CURVE ( 'NONE', #3928, #7901, #2107, .T. ) ;
#6318 = FILL_AREA_STYLE_COLOUR ( '', #6019 ) ;
#6319 = ORIENTED_EDGE ( 'NONE', *, *, #198, .F. ) ;
#6320 = DIRECTION ( 'NONE',  ( -0.1710878697460330999, 0.1710878697460331277, -0.9702875252478148083 ) ) ;
#6321 = MECHANICAL_DESIGN_GEOMETRIC_PRESENTATION_REPRESENTATION (  '', ( #764 ), #6451 ) ;
#6322 = ORIENTED_EDGE ( 'NONE', *, *, #3180, .F. ) ;
#6323 = CARTESIAN_POINT ( 'NONE',  ( 2.841254833995939588, 0.3012548339959391086, -2.466309119164536767 ) ) ;
#6324 = DIRECTION ( 'NONE',  ( -8.470329472543003391E-17, 1.000000000000000000, 0.000000000000000000 ) ) ;
#6325 = CARTESIAN_POINT ( 'NONE',  ( 3.809999999999999165, 6.099999999999998757, 2.500000000000000000 ) ) ;
#6326 = EDGE_CURVE ( 'NONE', #959, #678, #1387, .T. ) ;
#6327 =( GEOMETRIC_REPRESENTATION_CONTEXT ( 3 ) GLOBAL_UNCERTAINTY_ASSIGNED_CONTEXT ( ( #6208 ) ) GLOBAL_UNIT_ASSIGNED_CONTEXT ( ( #5253, #2663, #1968 ) ) REPRESENTATION_CONTEXT ( 'NONE', 'WORKASPACE' ) );
#6328 = SURFACE_STYLE_FILL_AREA ( #7024 ) ;
#6329 = ORIENTED_EDGE ( 'NONE', *, *, #3744, .F. ) ;
#6330 = ORIENTED_EDGE ( 'NONE', *, *, #125, .F. ) ;
#6331 = CARTESIAN_POINT ( 'NONE',  ( 0.1560617469879515273, -1.270000000000000018, 1.770000000000000240 ) ) ;
#6332 = CARTESIAN_POINT ( 'NONE',  ( 0.3012548339959390531, 5.381254833995938291, 8.016309119164537478 ) ) ;
#6333 = AXIS2_PLACEMENT_3D ( 'NONE', #7374, #3020, #466 ) ;
#6334 = DIRECTION ( 'NONE',  ( 1.218204688185960556E-16, -1.000000000000000000, 0.000000000000000000 ) ) ;
#6335 = LINE ( 'NONE', #4153, #4932 ) ;
#6336 = ADVANCED_FACE ( 'NONE', ( #5749 ), #3288, .T. ) ;
#6337 = FILL_AREA_STYLE_COLOUR ( '', #3615 ) ;
#6338 = CARTESIAN_POINT ( 'NONE',  ( -0.2785987272081528743, -1.149999999999999023, 1.692453125303157169 ) ) ;
#6339 = AXIS2_PLACEMENT_3D ( 'NONE', #5274, #156, #240 ) ;
#6340 = CARTESIAN_POINT ( 'NONE',  ( 2.841254833995939588, 2.841254833995939144, -2.466309119164536767 ) ) ;
#6341 = ORIENTED_EDGE ( 'NONE', *, *, #1928, .T. ) ;
#6342 = EDGE_LOOP ( 'NONE', ( #5801, #7811, #4211, #3 ) ) ;
#6343 = CARTESIAN_POINT ( 'NONE',  ( 2.796000000000000263, 2.219999999999999307, 7.909999999999988596 ) ) ;
#6344 = DIRECTION ( 'NONE',  ( 0.000000000000000000, 1.000000000000000000, 0.000000000000000000 ) ) ;
#6345 =( BOUNDED_CURVE ( )  B_SPLINE_CURVE ( 3, ( #7682, #2662, #6935, #94 ),
 .UNSPECIFIED., .F., .F. ) 
 B_SPLINE_CURVE_WITH_KNOTS ( ( 4, 4 ),
 ( 5.497787143782140618, 6.283185307179586232 ),
 .UNSPECIFIED. ) 
 CURVE ( )  GEOMETRIC_REPRESENTATION_ITEM ( )  RATIONAL_B_SPLINE_CURVE ( ( 1.000000000000000000, 0.9492530216741915661, 0.9492530216741915661, 1.000000000000000000 ) ) 
 REPRESENTATION_ITEM ( '' )  );
#6346 = EDGE_CURVE ( 'NONE', #7779, #2029, #2244, .T. ) ;
#6347 = CARTESIAN_POINT ( 'NONE',  ( 2.841266522128489402, 4.778733477871511148, -2.466242832470900037 ) ) ;
#6348 = EDGE_LOOP ( 'NONE', ( #2124, #153, #2679, #7717 ) ) ;
#6349 = CARTESIAN_POINT ( 'NONE',  ( 2.813200710532139937, 5.399999999999999467, -2.359999999999989218 ) ) ;
#6350 = SURFACE_STYLE_USAGE ( .BOTH. , #3951 ) ;
#6351 = CARTESIAN_POINT ( 'NONE',  ( 2.220000000000000195, 2.795999999999999375, 7.909999999999988596 ) ) ;
#6352 = CARTESIAN_POINT ( 'NONE',  ( -0.09036144578313276554, -1.270000000000000018, 1.625421686746987948 ) ) ;
#6353 =( LENGTH_UNIT ( ) NAMED_UNIT ( * ) SI_UNIT ( .MILLI., .METRE. ) );
#6354 = STYLED_ITEM ( 'NONE', ( #7145 ), #5166 ) ;
#6355 = ORIENTED_EDGE ( 'NONE', *, *, #6529, .F. ) ;
#6356 = AXIS2_PLACEMENT_3D ( 'NONE', #1213, #1791, #5536 ) ;
#6357 = ORIENTED_EDGE ( 'NONE', *, *, #4808, .T. ) ;
#6358 = DIRECTION ( 'NONE',  ( 0.000000000000000000, -0.000000000000000000, 1.000000000000000000 ) ) ;
#6359 = COLOUR_RGB ( '',0.9686274509803921573, 0.8784313725490195957, 0.5999999999999999778 ) ;
#6360 = PRESENTATION_STYLE_ASSIGNMENT (( #5291 ) ) ;
#6361 = DIRECTION ( 'NONE',  ( 0.000000000000000000, -1.000000000000000000, 0.000000000000000000 ) ) ;
#6362 = CARTESIAN_POINT ( 'NONE',  ( -0.05396442235651247726, -1.169999999999999929, 1.589024663320367736 ) ) ;
#6363 = PLANE ( 'NONE',  #2513 ) ;
#6364 = ADVANCED_FACE ( 'NONE', ( #895 ), #4788, .F. ) ;
#6365 = LINE ( 'NONE', #5213, #2035 ) ;
#6366 = ORIENTED_EDGE ( 'NONE', *, *, #3630, .F. ) ;
#6367 = SURFACE_STYLE_USAGE ( .BOTH. , #7026 ) ;
#6368 = ORIENTED_EDGE ( 'NONE', *, *, #7480, .T. ) ;
#6369 =( LENGTH_UNIT ( ) NAMED_UNIT ( * ) SI_UNIT ( .MILLI., .METRE. ) );
#6370 = PLANE ( 'NONE',  #5408 ) ;
#6371 = AXIS2_PLACEMENT_3D ( 'NONE', #4124, #945, #2762 ) ;
#6372 =( NAMED_UNIT ( * ) SI_UNIT ( $, .STERADIAN. ) SOLID_ANGLE_UNIT ( ) );
#6373 = ADVANCED_FACE ( 'NONE', ( #4164 ), #7216, .F. ) ;
#6374 = CARTESIAN_POINT ( 'NONE',  ( -0.3199999999999998956, 4.823999999999999844, -2.359999999999988773 ) ) ;
#6375 = UNCERTAINTY_MEASURE_WITH_UNIT (LENGTH_MEASURE( 1.000000000000000082E-05 ), #5918, 'distance_accuracy_value', 'NONE');
#6376 = DIRECTION ( 'NONE',  ( 0.000000000000000000, -0.000000000000000000, 1.000000000000000000 ) ) ;
#6377 = CARTESIAN_POINT ( 'NONE',  ( 0.2672473181614710702, -1.149999999999999467, 1.752504738903656101 ) ) ;
#6378 = CARTESIAN_POINT ( 'NONE',  ( -0.2786334919061044801, -1.149999999999999245, 1.457297485860783448 ) ) ;
#6379 = ORIENTED_EDGE ( 'NONE', *, *, #4341, .T. ) ;
#6380 = ORIENTED_EDGE ( 'NONE', *, *, #2828, .F. ) ;
#6381 = ADVANCED_FACE ( 'NONE', ( #972 ), #2092, .T. ) ;
#6382 = DIRECTION ( 'NONE',  ( 0.000000000000000000, 0.000000000000000000, 1.000000000000000000 ) ) ;
#6383 = VERTEX_POINT ( 'NONE', #7143 ) ;
#6384 = EDGE_CURVE ( 'NONE', #5533, #1490, #1260, .T. ) ;
#6385 = CARTESIAN_POINT ( 'NONE',  ( -0.7699999999999996847, -1.270000000000000018, 2.500000000000000000 ) ) ;
#6386 = CARTESIAN_POINT ( 'NONE',  ( 2.283999999999999808, 0.3199999999999993960, 7.909999999999988596 ) ) ;
#6387 = VECTOR ( 'NONE', #6644, 1000.000000000000000 ) ;
#6388 = AXIS2_PLACEMENT_3D ( 'NONE', #2636, #1944, #7077 ) ;
#6389 = CARTESIAN_POINT ( 'NONE',  ( -0.2417630375826210765, -1.251253196266907786, 1.457891629146800483 ) ) ;
#6390 = FILL_AREA_STYLE_COLOUR ( '', #1882 ) ;
#6391 = CARTESIAN_POINT ( 'NONE',  ( 2.841254833995939588, 0.3012548339959391086, -2.466309119164536767 ) ) ;
#6392 = ORIENTED_EDGE ( 'NONE', *, *, #75, .F. ) ;
#6393 = AXIS2_PLACEMENT_3D ( 'NONE', #5587, #2460, #5666 ) ;
#6394 =( NAMED_UNIT ( * ) PLANE_ANGLE_UNIT ( ) SI_UNIT ( $, .RADIAN. ) );
#6395 = STYLED_ITEM ( 'NONE', ( #4236 ), #4500 ) ;
#6396 = DIRECTION ( 'NONE',  ( -0.000000000000000000, -0.000000000000000000, -1.000000000000000000 ) ) ;
#6397 =( BOUNDED_CURVE ( )  B_SPLINE_CURVE ( 3, ( #618, #1863, #1910, #1242 ),
 .UNSPECIFIED., .F., .F. ) 
 B_SPLINE_CURVE_WITH_KNOTS ( ( 4, 4 ),
 ( 2.122493417915224361E-16, 0.7853981633974427279 ),
 .UNSPECIFIED. ) 
 CURVE ( )  GEOMETRIC_REPRESENTATION_ITEM ( )  RATIONAL_B_SPLINE_CURVE ( ( 1.000000000000000000, 0.9492530216741918991, 0.9492530216741918991, 1.000000000000000000 ) ) 
 REPRESENTATION_ITEM ( '' )  );
#6398 = CARTESIAN_POINT ( 'NONE',  ( 2.238745166004060927, 2.841254833995938700, 8.016309119164535701 ) ) ;
#6399 = LINE ( 'NONE', #2656, #8103 ) ;
#6400 = PRESENTATION_LAYER_ASSIGNMENT (  '', '', ( #1759 ) ) ;
#6401 = CYLINDRICAL_SURFACE ( 'NONE', #7437, 0.06399999999999982092 ) ;
#6402 = PRESENTATION_LAYER_ASSIGNMENT (  '', '', ( #3357 ) ) ;
#6403 = ORIENTED_EDGE ( 'NONE', *, *, #6499, .F. ) ;
#6404 = ORIENTED_EDGE ( 'NONE', *, *, #1415, .T. ) ;
#6405 = CARTESIAN_POINT ( 'NONE',  ( -0.1585990556424832776, -1.169999999999999929, 1.806308475306870109 ) ) ;
#6406 = VERTEX_POINT ( 'NONE', #7804 ) ;
#6407 = PLANE ( 'NONE',  #4331 ) ;
#6408 = CARTESIAN_POINT ( 'NONE',  ( -0.2890920949374356508, 2.853417573054441991, 7.947330798265292984 ) ) ;
#6409 = STYLED_ITEM ( 'NONE', ( #6360 ), #80 ) ;
#6410 = DIRECTION ( 'NONE',  ( 1.000000000000000000, 0.000000000000000000, 0.000000000000000000 ) ) ;
#6411 = CARTESIAN_POINT ( 'NONE',  ( -1.170000000000000595, 6.099999999999998757, 2.350000000000000089 ) ) ;
#6412 = VECTOR ( 'NONE', #4353, 1000.000000000000000 ) ;
#6413 = CARTESIAN_POINT ( 'NONE',  ( 1.019999999999999796, 6.099999999999997868, 0.4500000000000020650 ) ) ;
#6414 = COLOUR_RGB ( '',0.9686274509803921573, 0.8784313725490195957, 0.5999999999999999778 ) ;
#6415 = VERTEX_POINT ( 'NONE', #6567 ) ;
#6416 = EDGE_LOOP ( 'NONE', ( #5190, #1248, #5356, #5455 ) ) ;
#6417 = LINE ( 'NONE', #7111, #2854 ) ;
#6418 = CARTESIAN_POINT ( 'NONE',  ( 0.1570750383009111850, -1.190005857523107835, 0.7408845132227616093 ) ) ;
#6419 = SURFACE_STYLE_USAGE ( .BOTH. , #2721 ) ;
#6420 = FACE_OUTER_BOUND ( 'NONE', #2590, .T. ) ;
#6421 = PLANE ( 'NONE',  #2016 ) ;
#6422 =( GEOMETRIC_REPRESENTATION_CONTEXT ( 3 ) GLOBAL_UNCERTAINTY_ASSIGNED_CONTEXT ( ( #6375 ) ) GLOBAL_UNIT_ASSIGNED_CONTEXT ( ( #5918, #1028, #861 ) ) REPRESENTATION_CONTEXT ( 'NONE', 'WORKASPACE' ) );
#6423 = CARTESIAN_POINT ( 'NONE',  ( -0.2153368545994597261, -1.149999999999999023, 1.802011221401887964 ) ) ;
#6424 = VERTEX_POINT ( 'NONE', #3417 ) ;
#6425 = CARTESIAN_POINT ( 'NONE',  ( 2.220000000000000195, 5.399999999999999467, 7.909999999999988596 ) ) ;
#6426 = VERTEX_POINT ( 'NONE', #2793 ) ;
#6427 = SURFACE_STYLE_FILL_AREA ( #7041 ) ;
#6428 = PRESENTATION_LAYER_ASSIGNMENT (  '', '', ( #55 ) ) ;
#6429 = ORIENTED_EDGE ( 'NONE', *, *, #432, .T. ) ;
#6430 = CARTESIAN_POINT ( 'NONE',  ( -1.270000000000000462, 6.099999999999998757, 2.350000000000000089 ) ) ;
#6431 = CARTESIAN_POINT ( 'NONE',  ( 0.2349397590361443910, -1.270000000000000018, 1.456746987951807348 ) ) ;
#6432 = FILL_AREA_STYLE_COLOUR ( '', #1891 ) ;
#6433 = EDGE_CURVE ( 'NONE', #4352, #1967, #5335, .T. ) ;
#6434 = VECTOR ( 'NONE', #207, 1000.000000000000000 ) ;
#6435 = SURFACE_STYLE_FILL_AREA ( #3860 ) ;
#6436 = ORIENTED_EDGE ( 'NONE', *, *, #6346, .T. ) ;
#6437 =( LENGTH_UNIT ( ) NAMED_UNIT ( * ) SI_UNIT ( .MILLI., .METRE. ) );
#6438 = VECTOR ( 'NONE', #7383, 1000.000000000000000 ) ;
#6439 = FACE_OUTER_BOUND ( 'NONE', #6851, .T. ) ;
#6440 = CARTESIAN_POINT ( 'NONE',  ( -0.05396442235651246339, -1.169999999999999929, 1.270000000000000018 ) ) ;
#6441 = PLANE ( 'NONE',  #4815 ) ;
#6442 = CARTESIAN_POINT ( 'NONE',  ( 2.220000000000000195, 2.795999999999999819, -2.359999999999988773 ) ) ;
#6443 = EDGE_CURVE ( 'NONE', #4011, #6426, #5628, .T. ) ;
#6444 = ORIENTED_EDGE ( 'NONE', *, *, #6816, .T. ) ;
#6445 = FILL_AREA_STYLE_COLOUR ( '', #4037 ) ;
#6446 = CARTESIAN_POINT ( 'NONE',  ( -0.7700000000000005729, 6.349999999999999645, 0.000000000000000000 ) ) ;
#6447 = SURFACE_STYLE_FILL_AREA ( #7599 ) ;
#6448 = CARTESIAN_POINT ( 'NONE',  ( 2.747150732346582025, 2.859999999999999876, 8.550000000000000711 ) ) ;
#6449 = DIRECTION ( 'NONE',  ( 0.000000000000000000, -0.9396926207859082059, 0.3420201433256694901 ) ) ;
#6450 = CARTESIAN_POINT ( 'NONE',  ( -0.2350048923525309974, -1.270000000000001572, 0.8504326073702314082 ) ) ;
#6451 =( GEOMETRIC_REPRESENTATION_CONTEXT ( 3 ) GLOBAL_UNCERTAINTY_ASSIGNED_CONTEXT ( ( #3639 ) ) GLOBAL_UNIT_ASSIGNED_CONTEXT ( ( #4591, #7642, #4 ) ) REPRESENTATION_CONTEXT ( 'NONE', 'WORKASPACE' ) );
#6452 = DIRECTION ( 'NONE',  ( -8.470329472543003391E-17, 1.000000000000000000, 0.000000000000000000 ) ) ;
#6453 = VERTEX_POINT ( 'NONE', #1790 ) ;
#6454 = CARTESIAN_POINT ( 'NONE',  ( 0.2732007105321403451, 4.760000000000000675, -2.359999999999988773 ) ) ;
#6455 = ORIENTED_EDGE ( 'NONE', *, *, #5705, .T. ) ;
#6456 = SURFACE_STYLE_FILL_AREA ( #3343 ) ;
#6457 =( NAMED_UNIT ( * ) SI_UNIT ( $, .STERADIAN. ) SOLID_ANGLE_UNIT ( ) );
#6458 = CARTESIAN_POINT ( 'NONE',  ( 0.000000000000000000, 0.000000000000000000, 2.500000000000000000 ) ) ;
#6459 = CARTESIAN_POINT ( 'NONE',  ( 0.3200000000000000622, 0.3199999999999998401, -2.359999999999988773 ) ) ;
#6460 = EDGE_LOOP ( 'NONE', ( #4919, #7421, #2900, #7465, #6366, #4647 ) ) ;
#6461 = ORIENTED_EDGE ( 'NONE', *, *, #7798, .T. ) ;
#6462 = FACE_OUTER_BOUND ( 'NONE', #8150, .T. ) ;
#6463 =( GEOMETRIC_REPRESENTATION_CONTEXT ( 3 ) GLOBAL_UNCERTAINTY_ASSIGNED_CONTEXT ( ( #66 ) ) GLOBAL_UNIT_ASSIGNED_CONTEXT ( ( #121, #1918, #7672 ) ) REPRESENTATION_CONTEXT ( 'NONE', 'WORKASPACE' ) );
#6464 = EDGE_LOOP ( 'NONE', ( #1218, #5457, #631, #750 ) ) ;
#6465 = ADVANCED_FACE ( 'NONE', ( #3656 ), #6883, .F. ) ;
#6466 = PLANE ( 'NONE',  #6755 ) ;
#6467 = UNCERTAINTY_MEASURE_WITH_UNIT (LENGTH_MEASURE( 1.000000000000000082E-05 ), #4760, 'distance_accuracy_value', 'NONE');
#6468 =( LENGTH_UNIT ( ) NAMED_UNIT ( * ) SI_UNIT ( .MILLI., .METRE. ) );
#6469 = CARTESIAN_POINT ( 'NONE',  ( 2.747150732346582025, -7.233649639496074251E-16, 8.550000000000000711 ) ) ;
#6470 = PRESENTATION_LAYER_ASSIGNMENT (  '', '', ( #6862 ) ) ;
#6471 = DIRECTION ( 'NONE',  ( -0.000000000000000000, 1.000000000000000000, 5.078189165123089681E-17 ) ) ;
#6472 = CARTESIAN_POINT ( 'NONE',  ( 2.332849267653418046, 4.872849267653418082, 8.550000000000000711 ) ) ;
#6473 = EDGE_CURVE ( 'NONE', #548, #3559, #2406, .T. ) ;
#6474 = ORIENTED_EDGE ( 'NONE', *, *, #7229, .T. ) ;
#6475 = DIRECTION ( 'NONE',  ( -0.7071067811865435759, 0.000000000000000000, 0.7071067811865515695 ) ) ;
#6476 = CARTESIAN_POINT ( 'NONE',  ( 2.860000000000000320, 5.336000000000000298, -2.359999999999988773 ) ) ;
#6477 = CARTESIAN_POINT ( 'NONE',  ( 0.2153368545994549244, -1.149999999999999467, 0.7379887785981109616 ) ) ;
#6478 = CARTESIAN_POINT ( 'NONE',  ( 2.220000000000000195, 2.813200710532140381, -2.359999999999986997 ) ) ;
#6479 = EDGE_LOOP ( 'NONE', ( #576, #7899, #7095, #7941 ) ) ;
#6480 = CARTESIAN_POINT ( 'NONE',  ( 0.3200000000000001177, 2.813200710532140381, -2.359999999999986997 ) ) ;
#6481 = ADVANCED_FACE ( 'NONE', ( #6270 ), #4873, .T. ) ;
#6482 = DIRECTION ( 'NONE',  ( 0.000000000000000000, -1.000000000000000000, 0.000000000000000000 ) ) ;
#6483 = EDGE_CURVE ( 'NONE', #7222, #6984, #4910, .T. ) ;
#6484 = CARTESIAN_POINT ( 'NONE',  ( 2.338912788997920877, 5.281087211002079229, 8.584387938363944315 ) ) ;
#6485 = LINE ( 'NONE', #5087, #3209 ) ;
#6486 = CARTESIAN_POINT ( 'NONE',  ( -0.2322227741005706558, -1.149999999999998579, 0.7468819479089897628 ) ) ;
#6487 = MECHANICAL_DESIGN_GEOMETRIC_PRESENTATION_REPRESENTATION (  '', ( #3029 ), #8196 ) ;
#6488 =( BOUNDED_CURVE ( )  B_SPLINE_CURVE ( 3, ( #99, #1271, #1975, #5832 ),
 .UNSPECIFIED., .F., .F. ) 
 B_SPLINE_CURVE_WITH_KNOTS ( ( 4, 4 ),
 ( 2.356194490192339508, 3.141592653589793116 ),
 .UNSPECIFIED. ) 
 CURVE ( )  GEOMETRIC_REPRESENTATION_ITEM ( )  RATIONAL_B_SPLINE_CURVE ( ( 1.000000000000000000, 0.9492530216741903448, 0.9492530216741903448, 1.000000000000000000 ) ) 
 REPRESENTATION_ITEM ( '' )  );
#6489 = SURFACE_STYLE_FILL_AREA ( #1551 ) ;
#6490 = ORIENTED_EDGE ( 'NONE', *, *, #125, .T. ) ;
#6491 = LINE ( 'NONE', #3253, #2052 ) ;
#6492 = ORIENTED_EDGE ( 'NONE', *, *, #3584, .F. ) ;
#6493 = PLANE ( 'NONE',  #2983 ) ;
#6494 = VECTOR ( 'NONE', #6334, 1000.000000000000000 ) ;
#6495 = CARTESIAN_POINT ( 'NONE',  ( 0.1563994110147659544, -1.243345048151483168, 0.7602983909313411059 ) ) ;
#6496 =( LENGTH_UNIT ( ) NAMED_UNIT ( * ) SI_UNIT ( .MILLI., .METRE. ) );
#6497 = DIRECTION ( 'NONE',  ( -1.000000000000000000, -0.000000000000000000, 0.000000000000000000 ) ) ;
#6498 = VECTOR ( 'NONE', #2781, 1000.000000000000000 ) ;
#6499 = EDGE_CURVE ( 'NONE', #1976, #2726, #4660, .T. ) ;
#6500 = ORIENTED_EDGE ( 'NONE', *, *, #1018, .T. ) ;
#6501 = ORIENTED_EDGE ( 'NONE', *, *, #7269, .F. ) ;
#6502 = SURFACE_STYLE_USAGE ( .BOTH. , #5889 ) ;
#6503 = ORIENTED_EDGE ( 'NONE', *, *, #760, .F. ) ;
#6504 = CARTESIAN_POINT ( 'NONE',  ( -0.2129247039508562478, -1.232505626073893801, 1.368925552519198785 ) ) ;
#6505 = DIRECTION ( 'NONE',  ( 0.000000000000000000, 1.000000000000000000, 0.000000000000000000 ) ) ;
#6506 = FILL_AREA_STYLE ('',( #2228 ) ) ;
#6507 = CARTESIAN_POINT ( 'NONE',  ( 0.2713367824627647140, -1.169999999999999929, 1.100924175899254287 ) ) ;
#6508 = ORIENTED_EDGE ( 'NONE', *, *, #2217, .F. ) ;
#6509 = FACE_OUTER_BOUND ( 'NONE', #6293, .T. ) ;
#6510 = AXIS2_PLACEMENT_3D ( 'NONE', #339, #5407, #253 ) ;
#6511 = DIRECTION ( 'NONE',  ( -8.470329472543003391E-17, 1.000000000000000000, 0.000000000000000000 ) ) ;
#6512 = VECTOR ( 'NONE', #3496, 1000.000000000000000 ) ;
#6513 = PRESENTATION_STYLE_ASSIGNMENT (( #3202 ) ) ;
#6514 = CARTESIAN_POINT ( 'NONE',  ( 1.269999999999999130, 6.099999999999998757, 2.350000000000000089 ) ) ;
#6515 = CARTESIAN_POINT ( 'NONE',  ( 0.3134175730544423444, 5.369092094937435000, -2.397330798265290941 ) ) ;
#6516 = PRESENTATION_LAYER_ASSIGNMENT (  '', '', ( #6252 ) ) ;
#6517 = ADVANCED_FACE ( 'NONE', ( #7499 ), #3611, .T. ) ;
#6518 = ORIENTED_EDGE ( 'NONE', *, *, #2119, .F. ) ;
#6519 = EDGE_CURVE ( 'NONE', #7233, #5420, #1252, .T. ) ;
#6520 = CARTESIAN_POINT ( 'NONE',  ( -1.019999999999999796, -1.019999999999998908, 0.000000000000000000 ) ) ;
#6521 = PLANE ( 'NONE',  #3224 ) ;
#6522 = FILL_AREA_STYLE_COLOUR ( '', #6856 ) ;
#6523 = VECTOR ( 'NONE', #7065, 1000.000000000000000 ) ;
#6524 =( LENGTH_UNIT ( ) NAMED_UNIT ( * ) SI_UNIT ( .MILLI., .METRE. ) );
#6525 = CARTESIAN_POINT ( 'NONE',  ( 2.796000000000000263, 5.400000000000000355, -2.359999999999988773 ) ) ;
#6526 = DIRECTION ( 'NONE',  ( 1.000000000000000000, 8.470329472543003391E-17, 4.301393535249064745E-33 ) ) ;
#6527 = AXIS2_PLACEMENT_3D ( 'NONE', #79, #3143, #6344 ) ;
#6528 = ADVANCED_FACE ( 'NONE', ( #5653 ), #5736, .F. ) ;
#6529 = EDGE_CURVE ( 'NONE', #1240, #7110, #5511, .T. ) ;
#6530 = AXIS2_PLACEMENT_3D ( 'NONE', #1298, #5156, #1340 ) ;
#6531 = ORIENTED_EDGE ( 'NONE', *, *, #440, .T. ) ;
#6532 = DIRECTION ( 'NONE',  ( 1.000000000000000000, 0.000000000000000000, 0.000000000000000000 ) ) ;
#6533 = ORIENTED_EDGE ( 'NONE', *, *, #2769, .F. ) ;
#6534 = PRESENTATION_LAYER_ASSIGNMENT (  '', '', ( #5492 ) ) ;
#6535 = EDGE_CURVE ( 'NONE', #3725, #2694, #1338, .T. ) ;
#6536 = VECTOR ( 'NONE', #6747, 1000.000000000000000 ) ;
#6537 = DIRECTION ( 'NONE',  ( 1.000000000000000000, 0.000000000000000000, 0.000000000000000000 ) ) ;
#6538 = SURFACE_SIDE_STYLE ('',( #6456 ) ) ;
#6539 = LINE ( 'NONE', #6689, #2648 ) ;
#6540 = LINE ( 'NONE', #867, #1613 ) ;
#6541 = EDGE_CURVE ( 'NONE', #2427, #3009, #722, .T. ) ;
#6542 = VECTOR ( 'NONE', #8039, 1000.000000000000000 ) ;
#6543 = VERTEX_POINT ( 'NONE', #8202 ) ;
#6544 = EDGE_LOOP ( 'NONE', ( #1861, #130, #4332, #8068, #5318, #2639, #7279, #1153, #7081, #5216, #4340, #1216 ) ) ;
#6545 = DIRECTION ( 'NONE',  ( -1.000000000000000000, 0.000000000000000000, 0.000000000000000000 ) ) ;
#6546 = EDGE_LOOP ( 'NONE', ( #7073, #796, #7205, #967, #376, #2604 ) ) ;
#6547 =( GEOMETRIC_REPRESENTATION_CONTEXT ( 3 ) GLOBAL_UNCERTAINTY_ASSIGNED_CONTEXT ( ( #743 ) ) GLOBAL_UNIT_ASSIGNED_CONTEXT ( ( #1573, #3480, #1818 ) ) REPRESENTATION_CONTEXT ( 'NONE', 'WORKASPACE' ) );
#6548 = AXIS2_PLACEMENT_3D ( 'NONE', #3600, #4312, #6212 ) ;
#6549 = CARTESIAN_POINT ( 'NONE',  ( 2.250907905062564218, 5.393417573054442471, 7.947330798265291207 ) ) ;
#6550 =( NAMED_UNIT ( * ) SI_UNIT ( $, .STERADIAN. ) SOLID_ANGLE_UNIT ( ) );
#6551 = MECHANICAL_DESIGN_GEOMETRIC_PRESENTATION_REPRESENTATION (  '', ( #455 ), #325 ) ;
#6552 = FACE_OUTER_BOUND ( 'NONE', #2602, .T. ) ;
#6553 = ORIENTED_EDGE ( 'NONE', *, *, #7197, .F. ) ;
#6554 = SURFACE_SIDE_STYLE ('',( #2741 ) ) ;
#6555 = ORIENTED_EDGE ( 'NONE', *, *, #2772, .F. ) ;
#6556 = SURFACE_STYLE_FILL_AREA ( #3993 ) ;
#6557 = CARTESIAN_POINT ( 'NONE',  ( -0.1573284206430616283, -1.169999999999999929, 0.7336029765733800279 ) ) ;
#6558 = MECHANICAL_DESIGN_GEOMETRIC_PRESENTATION_REPRESENTATION (  '', ( #1924 ), #3101 ) ;
#6559 = SURFACE_STYLE_FILL_AREA ( #2899 ) ;
#6560 = ORIENTED_EDGE ( 'NONE', *, *, #5774, .F. ) ;
#6561 = STYLED_ITEM ( 'NONE', ( #3483 ), #2214 ) ;
#6562 = EDGE_CURVE ( 'NONE', #3661, #955, #736, .T. ) ;
#6563 = FACE_OUTER_BOUND ( 'NONE', #2740, .T. ) ;
#6564 = CARTESIAN_POINT ( 'NONE',  ( 0.2023557992669467176, -1.270000000000001350, 1.181792636748316694 ) ) ;
#6565 = CARTESIAN_POINT ( 'NONE',  ( -0.2349397590361448074, -1.270000000000000018, 1.095301204819277396 ) ) ;
#6566 = EDGE_CURVE ( 'NONE', #6197, #6424, #3780, .T. ) ;
#6567 = CARTESIAN_POINT ( 'NONE',  ( 2.332849267653418046, 0.2071507323465813233, 8.550000000000000711 ) ) ;
#6568 = DIRECTION ( 'NONE',  ( 1.000000000000000000, 0.000000000000000000, 0.000000000000000000 ) ) ;
#6569 = CARTESIAN_POINT ( 'NONE',  ( -0.1539821883141161696, -1.270000000000000906, 0.7698550621375671588 ) ) ;
#6570 = EDGE_CURVE ( 'NONE', #4877, #704, #463, .T. ) ;
#6571 = ORIENTED_EDGE ( 'NONE', *, *, #8131, .T. ) ;
#6572 = LINE ( 'NONE', #2252, #190 ) ;
#6573 = ORIENTED_EDGE ( 'NONE', *, *, #198, .T. ) ;
#6574 = PLANE ( 'NONE',  #3393 ) ;
#6575 = CARTESIAN_POINT ( 'NONE',  ( 0.3012548339959392751, 0.3012548339959391086, -2.466309119164536767 ) ) ;
#6576 = SURFACE_STYLE_USAGE ( .BOTH. , #3462 ) ;
#6577 = CARTESIAN_POINT ( 'NONE',  ( -0.2397902344294529087, -1.256673428369790013, 1.691223552179618617 ) ) ;
#6578 = CARTESIAN_POINT ( 'NONE',  ( 2.266799289467859690, 5.399999999999999467, -2.359999999999988773 ) ) ;
#6579 = EDGE_LOOP ( 'NONE', ( #3981, #3703, #1685, #6436 ) ) ;
#6580 = CARTESIAN_POINT ( 'NONE',  ( -0.3012548339959391086, 2.238745166004060483, -2.466309119164536767 ) ) ;
#6581 = ORIENTED_EDGE ( 'NONE', *, *, #391, .F. ) ;
#6582 = CARTESIAN_POINT ( 'NONE',  ( 3.560000000000000053, -1.019999999999999130, 2.500000000000000000 ) ) ;
#6583 = VERTEX_POINT ( 'NONE', #3107 ) ;
#6584 = ADVANCED_FACE ( 'NONE', ( #4584 ), #670, .T. ) ;
#6585 = EDGE_CURVE ( 'NONE', #2210, #2440, #2360, .T. ) ;
#6586 = PLANE ( 'NONE',  #6339 ) ;
#6587 = DIRECTION ( 'NONE',  ( -0.1710878697460330722, -0.1710878697460330722, -0.9702875252478149193 ) ) ;
#6588 = COLOUR_RGB ( '',0.9686274509803921573, 0.8784313725490195957, 0.5999999999999999778 ) ;
#6589 = EDGE_LOOP ( 'NONE', ( #2417, #5846, #2973, #927, #7506, #100 ) ) ;
#6590 = CARTESIAN_POINT ( 'NONE',  ( 0.000000000000000000, -7.409113134841486521E-16, 8.550000000000000711 ) ) ;
#6591 = ORIENTED_EDGE ( 'NONE', *, *, #5529, .T. ) ;
#6592 = DIRECTION ( 'NONE',  ( -0.000000000000000000, 0.9848077530122085754, 0.1736481776669278887 ) ) ;
#6593 = DIRECTION ( 'NONE',  ( -0.7071067811865492381, -0.7071067811865457964, 0.000000000000000000 ) ) ;
#6594 = CARTESIAN_POINT ( 'NONE',  ( 5.421010862427522170E-17, -0.4466666666666664898, 2.500000000000000000 ) ) ;
#6595 = AXIS2_PLACEMENT_3D ( 'NONE', #4539, #7712, #1251 ) ;
#6596 = FACE_OUTER_BOUND ( 'NONE', #1411, .T. ) ;
#6597 = EDGE_CURVE ( 'NONE', #6243, #2427, #1578, .T. ) ;
#6598 = ORIENTED_EDGE ( 'NONE', *, *, #245, .F. ) ;
#6599 = PRESENTATION_LAYER_ASSIGNMENT (  '', '', ( #4358 ) ) ;
#6600 = DIRECTION ( 'NONE',  ( -1.000000000000000000, -1.218204688185960556E-16, 0.000000000000000000 ) ) ;
#6601 = CARTESIAN_POINT ( 'NONE',  ( 0.2349895302559610877, -1.270000000000001128, 1.099020110436259801 ) ) ;
#6602 = FACE_OUTER_BOUND ( 'NONE', #8087, .T. ) ;
#6603 = CARTESIAN_POINT ( 'NONE',  ( -0.2559999999999999498, -0.3200000000000006728, 7.909999999999988596 ) ) ;
#6604 =( BOUNDED_CURVE ( )  B_SPLINE_CURVE ( 3, ( #6948, #3760, #6295, #6374 ),
 .UNSPECIFIED., .F., .F. ) 
 B_SPLINE_CURVE_WITH_KNOTS ( ( 4, 4 ),
 ( 2.356194490192344837, 3.141592653589793560 ),
 .UNSPECIFIED. ) 
 CURVE ( )  GEOMETRIC_REPRESENTATION_ITEM ( )  RATIONAL_B_SPLINE_CURVE ( ( 1.000000000000000000, 0.9492530216741910110, 0.9492530216741910110, 1.000000000000000000 ) ) 
 REPRESENTATION_ITEM ( '' )  );
#6605 = DIRECTION ( 'NONE',  ( 8.470329472543003391E-17, -1.000000000000000000, 0.000000000000000000 ) ) ;
#6606 = VERTEX_POINT ( 'NONE', #6476 ) ;
#6607 = CARTESIAN_POINT ( 'NONE',  ( 0.3012548339959390531, 0.3012548339959383870, 8.016309119164537478 ) ) ;
#6608 = ORIENTED_EDGE ( 'NONE', *, *, #2763, .F. ) ;
#6609 = DIRECTION ( 'NONE',  ( -1.000000000000000000, 0.000000000000000000, 0.000000000000000000 ) ) ;
#6610 = FILL_AREA_STYLE_COLOUR ( '', #3947 ) ;
#6611 = CARTESIAN_POINT ( 'NONE',  ( 2.860000000000000320, -0.2560000000000007825, 8.550000000000000711 ) ) ;
#6612 = DIRECTION ( 'NONE',  ( 0.000000000000000000, 1.000000000000000000, 0.000000000000000000 ) ) ;
#6613 = ORIENTED_EDGE ( 'NONE', *, *, #700, .F. ) ;
#6614 = VERTEX_POINT ( 'NONE', #4778 ) ;
#6615 = MECHANICAL_DESIGN_GEOMETRIC_PRESENTATION_REPRESENTATION (  '', ( #2376 ), #3034 ) ;
#6616 = CARTESIAN_POINT ( 'NONE',  ( 3.310000000000000497, -1.270000000000000240, 0.000000000000000000 ) ) ;
#6617 = ORIENTED_EDGE ( 'NONE', *, *, #797, .F. ) ;
#6618 = EDGE_CURVE ( 'NONE', #2004, #1366, #3215, .T. ) ;
#6619 = COLOUR_RGB ( '',1.000000000000000000, 0.000000000000000000, 0.000000000000000000 ) ;
#6620 = CARTESIAN_POINT ( 'NONE',  ( 0.2560000000000002274, -0.3200000000000001732, -2.359999999999988773 ) ) ;
#6621 = CARTESIAN_POINT ( 'NONE',  ( 1.269999999999999574, 6.099999999999998757, 0.5999999999999998668 ) ) ;
#6622 = ADVANCED_FACE ( 'NONE', ( #7916 ), #4703, .F. ) ;
#6623 = MECHANICAL_DESIGN_GEOMETRIC_PRESENTATION_REPRESENTATION (  '', ( #7949 ), #4785 ) ;
#6624 = ADVANCED_FACE ( 'NONE', ( #1451 ), #3321, .T. ) ;
#6625 = DIRECTION ( 'NONE',  ( -0.9396926207859083169, 0.3420201433256690460, 0.000000000000000000 ) ) ;
#6626 = VERTEX_POINT ( 'NONE', #4661 ) ;
#6627 =( NAMED_UNIT ( * ) PLANE_ANGLE_UNIT ( ) SI_UNIT ( $, .RADIAN. ) );
#6628 = ORIENTED_EDGE ( 'NONE', *, *, #2441, .T. ) ;
#6629 = LINE ( 'NONE', #335, #1788 ) ;
#6630 = LINE ( 'NONE', #4775, #5574 ) ;
#6631 = CARTESIAN_POINT ( 'NONE',  ( 2.284000000000000252, 4.760000000000000675, -2.359999999999988773 ) ) ;
#6632 = COLOUR_RGB ( '',0.9686274509803921573, 0.8784313725490195957, 0.5999999999999999778 ) ;
#6633 = SURFACE_SIDE_STYLE ('',( #1540 ) ) ;
#6634 = CARTESIAN_POINT ( 'NONE',  ( 0.2071507323465825723, 4.872849267653418082, -3.000000000000000000 ) ) ;
#6635 = ADVANCED_FACE ( 'NONE', ( #2747 ), #7796, .F. ) ;
#6636 = VERTEX_POINT ( 'NONE', #5637 ) ;
#6637 = DIRECTION ( 'NONE',  ( -1.000000000000000000, 1.408054769461694189E-16, 0.000000000000000000 ) ) ;
#6638 = CARTESIAN_POINT ( 'NONE',  ( 0.2341917180556498113, -1.270000000000001128, 1.114848042196724176 ) ) ;
#6639 = LINE ( 'NONE', #4713, #4350 ) ;
#6640 =( NAMED_UNIT ( * ) SI_UNIT ( $, .STERADIAN. ) SOLID_ANGLE_UNIT ( ) );
#6641 = AXIS2_PLACEMENT_3D ( 'NONE', #7757, #7136, #7285 ) ;
#6642 = FILL_AREA_STYLE_COLOUR ( '', #5351 ) ;
#6643 = SURFACE_STYLE_USAGE ( .BOTH. , #2246 ) ;
#6644 = DIRECTION ( 'NONE',  ( 0.000000000000000000, 0.000000000000000000, -1.000000000000000000 ) ) ;
#6645 = DIRECTION ( 'NONE',  ( 0.000000000000000000, 0.000000000000000000, 1.000000000000000000 ) ) ;
#6646 = ORIENTED_EDGE ( 'NONE', *, *, #7729, .F. ) ;
#6647 = VECTOR ( 'NONE', #7336, 1000.000000000000000 ) ;
#6648 = VERTEX_POINT ( 'NONE', #5443 ) ;
#6649 = CARTESIAN_POINT ( 'NONE',  ( -1.019999999999999574, -1.019999999999998908, 2.500000000000000000 ) ) ;
#6650 = CARTESIAN_POINT ( 'NONE',  ( 2.220000000000000639, 4.806799289467859282, -2.359999999999986997 ) ) ;
#6651 = FILL_AREA_STYLE_COLOUR ( '', #7410 ) ;
#6652 =( GEOMETRIC_REPRESENTATION_CONTEXT ( 3 ) GLOBAL_UNCERTAINTY_ASSIGNED_CONTEXT ( ( #3806 ) ) GLOBAL_UNIT_ASSIGNED_CONTEXT ( ( #6069, #4740, #1579 ) ) REPRESENTATION_CONTEXT ( 'NONE', 'WORKASPACE' ) );
#6653 = DIRECTION ( 'NONE',  ( 0.000000000000000000, -0.000000000000000000, -1.000000000000000000 ) ) ;
#6654 =( BOUNDED_CURVE ( )  B_SPLINE_CURVE ( 3, ( #823, #5350, #6010, #3347 ),
 .UNSPECIFIED., .F., .F. ) 
 B_SPLINE_CURVE_WITH_KNOTS ( ( 4, 4 ),
 ( 3.141592653589793116, 3.926990816987240951 ),
 .UNSPECIFIED. ) 
 CURVE ( )  GEOMETRIC_REPRESENTATION_ITEM ( )  RATIONAL_B_SPLINE_CURVE ( ( 1.000000000000000000, 0.9492530216741912330, 0.9492530216741912330, 1.000000000000000000 ) ) 
 REPRESENTATION_ITEM ( '' )  );
#6655 = CARTESIAN_POINT ( 'NONE',  ( 1.169999999999999707, 5.870000000000000107, 0.6000000000000000888 ) ) ;
#6656 = MECHANICAL_DESIGN_GEOMETRIC_PRESENTATION_REPRESENTATION (  '', ( #7561 ), #7714 ) ;
#6657 = ORIENTED_EDGE ( 'NONE', *, *, #8169, .T. ) ;
#6658 = COLOUR_RGB ( '',0.9686274509803921573, 0.8784313725490195957, 0.5999999999999999778 ) ;
#6659 = DIRECTION ( 'NONE',  ( 0.7071067811865454633, -0.000000000000000000, -0.7071067811865495711 ) ) ;
#6660 = VECTOR ( 'NONE', #3677, 1000.000000000000000 ) ;
#6661 = VERTEX_POINT ( 'NONE', #7613 ) ;
#6662 = DIRECTION ( 'NONE',  ( -1.000000000000000000, -4.224164308385081333E-16, 1.537470072901852402E-16 ) ) ;
#6663 = ORIENTED_EDGE ( 'NONE', *, *, #75, .T. ) ;
#6664 = DIRECTION ( 'NONE',  ( -0.000000000000000000, -0.000000000000000000, -1.000000000000000000 ) ) ;
#6665 = PLANE ( 'NONE',  #4373 ) ;
#6666 = EDGE_CURVE ( 'NONE', #483, #4890, #2937, .T. ) ;
#6667 = COLOUR_RGB ( '',0.9686274509803921573, 0.8784313725490195957, 0.5999999999999999778 ) ;
#6668 = MECHANICAL_DESIGN_GEOMETRIC_PRESENTATION_REPRESENTATION (  '', ( #985 ), #4158 ) ;
#6669 = SURFACE_STYLE_USAGE ( .BOTH. , #201 ) ;
#6670 = EDGE_CURVE ( 'NONE', #369, #3838, #5678, .T. ) ;
#6671 = ORIENTED_EDGE ( 'NONE', *, *, #5017, .T. ) ;
#6672 = SURFACE_STYLE_USAGE ( .BOTH. , #2820 ) ;
#6673 = STYLED_ITEM ( 'NONE', ( #1533 ), #1159 ) ;
#6674 = ORIENTED_EDGE ( 'NONE', *, *, #1868, .F. ) ;
#6675 = STYLED_ITEM ( 'NONE', ( #1363 ), #673 ) ;
#6676 = CARTESIAN_POINT ( 'NONE',  ( 0.2349397590361443910, -1.270000000000000240, 1.100007530120482135 ) ) ;
#6677 = SURFACE_SIDE_STYLE ('',( #370 ) ) ;
#6678 = LINE ( 'NONE', #2859, #7542 ) ;
#6679 = CARTESIAN_POINT ( 'NONE',  ( -0.7699999999999996847, -1.270000000000000018, 2.500000000000000000 ) ) ;
#6680 = EDGE_CURVE ( 'NONE', #3590, #2114, #6068, .T. ) ;
#6681 = CARTESIAN_POINT ( 'NONE',  ( 2.283999999999999808, 5.400000000000000355, -2.359999999999988773 ) ) ;
#6682 = PRESENTATION_STYLE_ASSIGNMENT (( #1453 ) ) ;
#6683 = STYLED_ITEM ( 'NONE', ( #2209 ), #1839 ) ;
#6684 = EDGE_CURVE ( 'NONE', #5821, #4688, #6335, .T. ) ;
#6685 = ORIENTED_EDGE ( 'NONE', *, *, #7067, .F. ) ;
#6686 = CARTESIAN_POINT ( 'NONE',  ( 0.2349397590361440025, -1.270000000000001128, 1.100007530120482135 ) ) ;
#6687 = FACE_OUTER_BOUND ( 'NONE', #4566, .T. ) ;
#6688 = ADVANCED_FACE ( 'NONE', ( #1233 ), #6250, .T. ) ;
#6689 = CARTESIAN_POINT ( 'NONE',  ( 2.220000000000000195, 5.400000000000000355, -2.359999999999988773 ) ) ;
#6690 =( NAMED_UNIT ( * ) PLANE_ANGLE_UNIT ( ) SI_UNIT ( $, .RADIAN. ) );
#6691 = DIRECTION ( 'NONE',  ( 0.000000000000000000, -5.078189165123089681E-17, 1.000000000000000000 ) ) ;
#6692 = FILL_AREA_STYLE ('',( #4168 ) ) ;
#6693 = ORIENTED_EDGE ( 'NONE', *, *, #7957, .F. ) ;
#6694 = PLANE ( 'NONE',  #7456 ) ;
#6695 = EDGE_LOOP ( 'NONE', ( #7619, #7861, #8070, #6025 ) ) ;
#6696 = DIRECTION ( 'NONE',  ( -0.7071067811865459074, 0.7071067811865491270, 0.000000000000000000 ) ) ;
#6697 = VECTOR ( 'NONE', #8054, 1000.000000000000000 ) ;
#6698 = CARTESIAN_POINT ( 'NONE',  ( 2.220000000000000195, 0.3199999999999993405, 8.550000000000000711 ) ) ;
#6699 = UNCERTAINTY_MEASURE_WITH_UNIT (LENGTH_MEASURE( 1.000000000000000082E-05 ), #6524, 'distance_accuracy_value', 'NONE');
#6700 = CARTESIAN_POINT ( 'NONE',  ( -0.2567730509801780525, -1.210013523391408219, 1.691579096022321371 ) ) ;
#6701 = FILL_AREA_STYLE_COLOUR ( '', #3771 ) ;
#6702 = ORIENTED_EDGE ( 'NONE', *, *, #4632, .T. ) ;
#6703 = LINE ( 'NONE', #4134, #5496 ) ;
#6704 = VERTEX_POINT ( 'NONE', #1702 ) ;
#6705 =( BOUNDED_CURVE ( )  B_SPLINE_CURVE ( 3, ( #5134, #4640, #7155, #7655 ),
 .UNSPECIFIED., .F., .F. ) 
 B_SPLINE_CURVE_WITH_KNOTS ( ( 4, 4 ),
 ( 0.000000000000000000, 0.7853981633974490562 ),
 .UNSPECIFIED. ) 
 CURVE ( )  GEOMETRIC_REPRESENTATION_ITEM ( )  RATIONAL_B_SPLINE_CURVE ( ( 1.000000000000000000, 0.9492530216741910110, 0.9492530216741910110, 1.000000000000000000 ) ) 
 REPRESENTATION_ITEM ( '' )  );
#6706 = CARTESIAN_POINT ( 'NONE',  ( 2.813200710532140825, -0.3200000000000007283, 7.909999999999986819 ) ) ;
#6707 = SURFACE_SIDE_STYLE ('',( #5593 ) ) ;
#6708 = UNCERTAINTY_MEASURE_WITH_UNIT (LENGTH_MEASURE( 1.000000000000000082E-05 ), #4013, 'distance_accuracy_value', 'NONE');
#6709 = DIRECTION ( 'NONE',  ( -0.1710878697460330999, 0.1710878697460331277, -0.9702875252478148083 ) ) ;
#6710 = CARTESIAN_POINT ( 'NONE',  ( 1.520000000000000240, 6.099999999999998757, 0.4500000000000009548 ) ) ;
#6711 = ORIENTED_EDGE ( 'NONE', *, *, #7631, .F. ) ;
#6712 = EDGE_CURVE ( 'NONE', #7475, #1838, #4840, .T. ) ;
#6713 = CARTESIAN_POINT ( 'NONE',  ( 2.284000000000000252, 4.823999999999998956, 8.550000000000000711 ) ) ;
#6714 = VERTEX_POINT ( 'NONE', #8001 ) ;
#6715 = CARTESIAN_POINT ( 'NONE',  ( 3.559999999999999165, 6.099999999999998757, 2.500000000000000000 ) ) ;
#6716 = FACE_OUTER_BOUND ( 'NONE', #2456, .T. ) ;
#6717 = CARTESIAN_POINT ( 'NONE',  ( -0.2010872110020789083, 0.2010872110020782699, 8.584387938363944315 ) ) ;
#6718 = CARTESIAN_POINT ( 'NONE',  ( -0.1570750383009140438, -1.190005857523102950, 1.799115486777240536 ) ) ;
#6719 = PLANE ( 'NONE',  #6388 ) ;
#6720 = SURFACE_STYLE_FILL_AREA ( #7492 ) ;
#6721 = PLANE ( 'NONE',  #5068 ) ;
#6722 = EDGE_CURVE ( 'NONE', #6197, #7779, #2318, .T. ) ;
#6723 = B_SPLINE_CURVE_WITH_KNOTS ( 'NONE', 3,
 ( #6785, #2471, #3637, #1810, #3127, #8063, #3084, #1849, #1190, #3715, #7481, #449 ),
 .UNSPECIFIED., .F., .F.,
 ( 4, 2, 2, 2, 2, 4 ),
 ( 0.000000000000000000, 3.117632172700198769E-05, 4.676448259050298154E-05, 6.235264345400397539E-05, 9.352896518100596308E-05, 0.0001247052869080079508 ),
 .UNSPECIFIED. ) ;
#6724 = ORIENTED_EDGE ( 'NONE', *, *, #256, .F. ) ;
#6725 =( GEOMETRIC_REPRESENTATION_CONTEXT ( 3 ) GLOBAL_UNCERTAINTY_ASSIGNED_CONTEXT ( ( #5715 ) ) GLOBAL_UNIT_ASSIGNED_CONTEXT ( ( #5204, #636, #2282 ) ) REPRESENTATION_CONTEXT ( 'NONE', 'WORKASPACE' ) );
#6726 = CARTESIAN_POINT ( 'NONE',  ( -0.3134175730544422334, 5.369092094937435000, 7.947330798265291207 ) ) ;
#6727 =( NAMED_UNIT ( * ) SI_UNIT ( $, .STERADIAN. ) SOLID_ANGLE_UNIT ( ) );
#6728 = DIRECTION ( 'NONE',  ( -0.7071067811865459074, -0.7071067811865491270, -0.000000000000000000 ) ) ;
#6729 = VECTOR ( 'NONE', #1450, 1000.000000000000000 ) ;
#6730 = ADVANCED_FACE ( 'NONE', ( #416 ), #1662, .T. ) ;
#6731 = FACE_OUTER_BOUND ( 'NONE', #4210, .T. ) ;
#6732 = ORIENTED_EDGE ( 'NONE', *, *, #1768, .F. ) ;
#6733 = FILL_AREA_STYLE ('',( #476 ) ) ;
#6734 = EDGE_LOOP ( 'NONE', ( #2454, #7071, #3420, #4851, #666, #7042 ) ) ;
#6735 = CARTESIAN_POINT ( 'NONE',  ( 2.860000000000000320, -0.2560000000000007825, 7.909999999999988596 ) ) ;
#6736 = DIRECTION ( 'NONE',  ( -0.1710878697460330999, 0.1710878697460331277, -0.9702875252478148083 ) ) ;
#6737 = CARTESIAN_POINT ( 'NONE',  ( 2.860000000000000320, 5.399999999999999467, -2.359999999999988773 ) ) ;
#6738 = PLANE ( 'NONE',  #7425 ) ;
#6739 = VECTOR ( 'NONE', #5654, 1000.000000000000114 ) ;
#6740 = ORIENTED_EDGE ( 'NONE', *, *, #6684, .T. ) ;
#6741 = CARTESIAN_POINT ( 'NONE',  ( 2.841254833995939144, 0.3012548339959383870, 8.016309119164537478 ) ) ;
#6742 = VERTEX_POINT ( 'NONE', #6681 ) ;
#6743 = ADVANCED_FACE ( 'NONE', ( #1013 ), #6719, .T. ) ;
#6744 = DIRECTION ( 'NONE',  ( 0.000000000000000000, -1.000000000000000000, 0.000000000000000000 ) ) ;
#6745 = DIRECTION ( 'NONE',  ( -1.000000000000000000, 0.000000000000000000, -0.000000000000000000 ) ) ;
#6746 =( GEOMETRIC_REPRESENTATION_CONTEXT ( 3 ) GLOBAL_UNCERTAINTY_ASSIGNED_CONTEXT ( ( #4560 ) ) GLOBAL_UNIT_ASSIGNED_CONTEXT ( ( #3537, #5415, #976 ) ) REPRESENTATION_CONTEXT ( 'NONE', 'WORKASPACE' ) );
#6747 = DIRECTION ( 'NONE',  ( 0.7071067811865456854, 0.7071067811865493491, -0.000000000000000000 ) ) ;
#6748 = CARTESIAN_POINT ( 'NONE',  ( -0.2350048923525312750, -1.270000000000001128, 1.689567392629772513 ) ) ;
#6749 = DIRECTION ( 'NONE',  ( -0.000000000000000000, -0.000000000000000000, 1.000000000000000000 ) ) ;
#6750 = ORIENTED_EDGE ( 'NONE', *, *, #3855, .T. ) ;
#6751 = FILL_AREA_STYLE_COLOUR ( '', #2047 ) ;
#6752 = VECTOR ( 'NONE', #4464, 1000.000000000000000 ) ;
#6753 = ORIENTED_EDGE ( 'NONE', *, *, #4872, .F. ) ;
#6754 = DIRECTION ( 'NONE',  ( -8.470329472543003391E-17, 1.000000000000000000, 0.000000000000000000 ) ) ;
#6755 = AXIS2_PLACEMENT_3D ( 'NONE', #3472, #6018, #327 ) ;
#6756 = FILL_AREA_STYLE_COLOUR ( '', #5152 ) ;
#6757 = CARTESIAN_POINT ( 'NONE',  ( 0.2708580662099639991, -1.169999999999998597, 1.704254252467926500 ) ) ;
#6758 = FACE_OUTER_BOUND ( 'NONE', #1029, .T. ) ;
#6759 = ORIENTED_EDGE ( 'NONE', *, *, #85, .T. ) ;
#6760 = VECTOR ( 'NONE', #7044, 1000.000000000000000 ) ;
#6761 = PLANE ( 'NONE',  #236 ) ;
#6762 = CARTESIAN_POINT ( 'NONE',  ( -0.2213400359742217494, -1.269999999999987583, 1.401401803917044386 ) ) ;
#6763 = LINE ( 'NONE', #5613, #1486 ) ;
#6764 = ADVANCED_FACE ( 'NONE', ( #5760 ), #5302, .F. ) ;
#6765 = CARTESIAN_POINT ( 'NONE',  ( 3.559999999999999165, 6.099999999999998757, 2.500000000000000000 ) ) ;
#6766 = CARTESIAN_POINT ( 'NONE',  ( -0.3199999999999999512, 0.2559999999999998943, -2.359999999999988773 ) ) ;
#6767 = VECTOR ( 'NONE', #6285, 1000.000000000000000 ) ;
#6768 = EDGE_CURVE ( 'NONE', #4688, #1825, #4167, .T. ) ;
#6769 = DIRECTION ( 'NONE',  ( -8.470329472543003391E-17, 1.000000000000000000, 0.000000000000000000 ) ) ;
#6770 = EDGE_LOOP ( 'NONE', ( #7972, #4581, #8177, #1948 ) ) ;
#6771 =( NAMED_UNIT ( * ) SI_UNIT ( $, .STERADIAN. ) SOLID_ANGLE_UNIT ( ) );
#6772 = ORIENTED_EDGE ( 'NONE', *, *, #1367, .T. ) ;
#6773 = DIRECTION ( 'NONE',  ( 1.000000000000000000, 0.000000000000000000, 0.000000000000000000 ) ) ;
#6774 = CARTESIAN_POINT ( 'NONE',  ( -0.2298037738871923918, -1.169999999999994822, 1.353671999876008725 ) ) ;
#6775 = FACE_OUTER_BOUND ( 'NONE', #1809, .T. ) ;
#6776 = EDGE_CURVE ( 'NONE', #322, #6661, #6991, .T. ) ;
#6777 =( NAMED_UNIT ( * ) PLANE_ANGLE_UNIT ( ) SI_UNIT ( $, .RADIAN. ) );
#6778 =( LENGTH_UNIT ( ) NAMED_UNIT ( * ) SI_UNIT ( .MILLI., .METRE. ) );
#6779 = COLOUR_RGB ( '',1.000000000000000000, 0.000000000000000000, 0.000000000000000000 ) ;
#6780 = PLANE ( 'NONE',  #1236 ) ;
#6781 = ORIENTED_EDGE ( 'NONE', *, *, #6597, .T. ) ;
#6782 = DIRECTION ( 'NONE',  ( -0.000000000000000000, -0.000000000000000000, 1.000000000000000000 ) ) ;
#6783 = ORIENTED_EDGE ( 'NONE', *, *, #6722, .T. ) ;
#6784 = VECTOR ( 'NONE', #3053, 1000.000000000000000 ) ;
#6785 = CARTESIAN_POINT ( 'NONE',  ( 0.1560617469879515273, -1.270000000000000018, 1.770000000000000240 ) ) ;
#6786 =( NAMED_UNIT ( * ) PLANE_ANGLE_UNIT ( ) SI_UNIT ( $, .RADIAN. ) );
#6787 = UNCERTAINTY_MEASURE_WITH_UNIT (LENGTH_MEASURE( 1.000000000000000082E-05 ), #4213, 'distance_accuracy_value', 'NONE');
#6788 = VECTOR ( 'NONE', #3965, 1000.000000000000114 ) ;
#6789 = EDGE_CURVE ( 'NONE', #2964, #4708, #3219, .T. ) ;
#6790 = CARTESIAN_POINT ( 'NONE',  ( 2.540000000000000036, 5.287150732346582060, 8.550000000000000711 ) ) ;
#6791 = AXIS2_PLACEMENT_3D ( 'NONE', #1000, #878, #1443 ) ;
#6792 = EDGE_CURVE ( 'NONE', #6304, #1600, #6705, .T. ) ;
#6793 = CARTESIAN_POINT ( 'NONE',  ( -0.2071507323465823780, 5.287150732346582949, -3.000000000000000000 ) ) ;
#6794 = ORIENTED_EDGE ( 'NONE', *, *, #6137, .F. ) ;
#6795 = DIRECTION ( 'NONE',  ( 1.000000000000000000, 0.000000000000000000, 0.000000000000000000 ) ) ;
#6796 = VERTEX_POINT ( 'NONE', #1474 ) ;
#6797 = VECTOR ( 'NONE', #1489, 1000.000000000000000 ) ;
#6798 = DIRECTION ( 'NONE',  ( 0.000000000000000000, 0.9848077530122085754, 0.1736481776669273891 ) ) ;
#6799 = CARTESIAN_POINT ( 'NONE',  ( -0.09036144578313276554, -1.270000000000000018, 1.095301204819277396 ) ) ;
#6800 = FACE_OUTER_BOUND ( 'NONE', #6479, .T. ) ;
#6801 = VECTOR ( 'NONE', #614, 1000.000000000000000 ) ;
#6802 = CLOSED_SHELL ( 'NONE', ( #4518, #31, #7022, #3683, #6178, #7532, #2048, #1607, #6135, #2076, #6981, #1681, #4606, #3906, #1973, #3005, #3954, #616, #7404, #2010, #403, #6364, #3015, #3994, #4202, #42, #4091, #6730, #6688, #1821 ) ) ;
#6803 = ORIENTED_EDGE ( 'NONE', *, *, #3643, .T. ) ;
#6804 = FILL_AREA_STYLE ('',( #7371 ) ) ;
#6805 = DIRECTION ( 'NONE',  ( -1.218204688185960556E-16, 1.000000000000000000, 0.000000000000000000 ) ) ;
#6806 = MECHANICAL_DESIGN_GEOMETRIC_PRESENTATION_REPRESENTATION (  '', ( #6288 ), #4300 ) ;
#6807 = PRESENTATION_STYLE_ASSIGNMENT (( #6190 ) ) ;
#6808 = VECTOR ( 'NONE', #6301, 1000.000000000000000 ) ;
#6809 = DIRECTION ( 'NONE',  ( 0.000000000000000000, 0.000000000000000000, 1.000000000000000000 ) ) ;
#6810 = LINE ( 'NONE', #3658, #3738 ) ;
#6811 =( NAMED_UNIT ( * ) PLANE_ANGLE_UNIT ( ) SI_UNIT ( $, .RADIAN. ) );
#6812 = VERTEX_POINT ( 'NONE', #1396 ) ;
#6813 = COLOUR_RGB ( '',0.9686274509803921573, 0.8784313725490195957, 0.5999999999999999778 ) ;
#6814 = SURFACE_SIDE_STYLE ('',( #4916 ) ) ;
#6815 = ORIENTED_EDGE ( 'NONE', *, *, #2623, .F. ) ;
#6816 = EDGE_CURVE ( 'NONE', #4392, #7140, #4520, .T. ) ;
#6817 =( NAMED_UNIT ( * ) PLANE_ANGLE_UNIT ( ) SI_UNIT ( $, .RADIAN. ) );
#6818 = ORIENTED_EDGE ( 'NONE', *, *, #5293, .F. ) ;
#6819 = LINE ( 'NONE', #2457, #3925 ) ;
#6820 = CARTESIAN_POINT ( 'NONE',  ( 0.3012548339959391641, 2.238745166004060483, -2.466309119164537655 ) ) ;
#6821 = CARTESIAN_POINT ( 'NONE',  ( -0.2349397590361448074, -1.270000000000000018, 0.8488780120481929092 ) ) ;
#6822 = EDGE_CURVE ( 'NONE', #5631, #876, #3976, .T. ) ;
#6823 = STYLED_ITEM ( 'NONE', ( #37 ), #2143 ) ;
#6824 = CARTESIAN_POINT ( 'NONE',  ( 0.2180303824019156622, -1.212724687139501434, 1.195544853701329124 ) ) ;
#6825 = EDGE_CURVE ( 'NONE', #7516, #3825, #1313, .T. ) ;
#6826 = VERTEX_POINT ( 'NONE', #2022 ) ;
#6827 = EDGE_CURVE ( 'NONE', #2165, #7267, #6540, .T. ) ;
#6828 = VECTOR ( 'NONE', #1353, 1000.000000000000000 ) ;
#6829 = ORIENTED_EDGE ( 'NONE', *, *, #393, .T. ) ;
#6830 = CARTESIAN_POINT ( 'NONE',  ( -0.2123439580472839816, -1.169999999999997708, 0.7446777659061289967 ) ) ;
#6831 = FILL_AREA_STYLE ('',( #1001 ) ) ;
#6832 = ORIENTED_EDGE ( 'NONE', *, *, #5831, .F. ) ;
#6833 = CARTESIAN_POINT ( 'NONE',  ( 2.860000000000000320, 5.336000000000000298, -2.359999999999988773 ) ) ;
#6834 = VERTEX_POINT ( 'NONE', #7035 ) ;
#6835 = EDGE_CURVE ( 'NONE', #1956, #3590, #4561, .T. ) ;
#6836 = LINE ( 'NONE', #6303, #4432 ) ;
#6837 = EDGE_LOOP ( 'NONE', ( #8012, #2593, #983, #1743, #5948, #2437 ) ) ;
#6838 = ADVANCED_FACE ( 'NONE', ( #3889, #189 ), #6421, .T. ) ;
#6839 = FACE_OUTER_BOUND ( 'NONE', #4223, .T. ) ;
#6840 = CARTESIAN_POINT ( 'NONE',  ( -0.1560617469879520269, -1.270000000000000018, 0.7700000000000001288 ) ) ;
#6841 = CARTESIAN_POINT ( 'NONE',  ( 0.2513693838172021411, -1.169999999999998819, 1.764975519266270609 ) ) ;
#6842 = DIRECTION ( 'NONE',  ( -6.842277657836020854E-49, 5.078189165123089681E-17, -1.000000000000000000 ) ) ;
#6843 = ORIENTED_EDGE ( 'NONE', *, *, #3477, .T. ) ;
#6844 = PRESENTATION_STYLE_ASSIGNMENT (( #7454 ) ) ;
#6845 = EDGE_CURVE ( 'NONE', #3509, #4436, #5798, .T. ) ;
#6846 = SURFACE_STYLE_FILL_AREA ( #3697 ) ;
#6847 = CARTESIAN_POINT ( 'NONE',  ( -0.3199999999999998956, 2.283999999999999364, 7.909999999999988596 ) ) ;
#6848 = ORIENTED_EDGE ( 'NONE', *, *, #3843, .T. ) ;
#6849 = AXIS2_PLACEMENT_3D ( 'NONE', #4175, #2877, #5459 ) ;
#6850 = DIRECTION ( 'NONE',  ( -8.470329472543003391E-17, 1.000000000000000000, 0.000000000000000000 ) ) ;
#6851 = EDGE_LOOP ( 'NONE', ( #3459, #3712, #5402, #7258, #4145, #6054 ) ) ;
#6852 = LINE ( 'NONE', #7380, #8008 ) ;
#6853 = ORIENTED_EDGE ( 'NONE', *, *, #7537, .F. ) ;
#6854 = CARTESIAN_POINT ( 'NONE',  ( 2.860000000000000320, -0.2560000000000002829, -2.359999999999988773 ) ) ;
#6855 = CARTESIAN_POINT ( 'NONE',  ( 2.220000000000000195, -0.2560000000000006715, 7.909999999999988596 ) ) ;
#6856 = COLOUR_RGB ( '',0.9686274509803921573, 0.8784313725490195957, 0.5999999999999999778 ) ;
#6857 = LINE ( 'NONE', #2378, #2157 ) ;
#6858 = CARTESIAN_POINT ( 'NONE',  ( -0.6500000000000001332, -1.270000000000000240, 1.270000000000000018 ) ) ;
#6859 = LINE ( 'NONE', #8140, #4170 ) ;
#6860 = VERTEX_POINT ( 'NONE', #145 ) ;
#6861 = CARTESIAN_POINT ( 'NONE',  ( -2.169999999999999041, 6.099999999999998757, 1.600000000000006750 ) ) ;
#6862 = STYLED_ITEM ( 'NONE', ( #8000 ), #3763 ) ;
#6863 = ORIENTED_EDGE ( 'NONE', *, *, #2458, .F. ) ;
#6864 = CARTESIAN_POINT ( 'NONE',  ( 2.860000000000000320, 2.795999999999999375, 7.909999999999988596 ) ) ;
#6865 = DIRECTION ( 'NONE',  ( 0.000000000000000000, -0.9848077530122085754, 0.1736481776669273891 ) ) ;
#6866 = DIRECTION ( 'NONE',  ( 0.000000000000000000, -1.000000000000000000, 0.000000000000000000 ) ) ;
#6867 = UNCERTAINTY_MEASURE_WITH_UNIT (LENGTH_MEASURE( 1.000000000000000082E-05 ), #2985, 'distance_accuracy_value', 'NONE');
#6868 = CARTESIAN_POINT ( 'NONE',  ( -0.1688168747726653263, -1.170000000000001705, 0.7344035849404383365 ) ) ;
#6869 = EDGE_CURVE ( 'NONE', #3030, #7564, #2989, .T. ) ;
#6870 = CARTESIAN_POINT ( 'NONE',  ( -0.2031250000000000000, -1.270000000000000906, 1.378433734939759514 ) ) ;
#6871 = ORIENTED_EDGE ( 'NONE', *, *, #6242, .F. ) ;
#6872 = EDGE_LOOP ( 'NONE', ( #5044, #816, #4470, #3511, #4853, #465 ) ) ;
#6873 = EDGE_CURVE ( 'NONE', #830, #4348, #7493, .T. ) ;
#6874 = DIRECTION ( 'NONE',  ( -1.000000000000000000, 0.000000000000000000, 0.000000000000000000 ) ) ;
#6875 = VERTEX_POINT ( 'NONE', #5223 ) ;
#6876 = CARTESIAN_POINT ( 'NONE',  ( 3.709999999999999964, -0.7900000000000003686, 0.6000000000000000888 ) ) ;
#6877 = LINE ( 'NONE', #1129, #3876 ) ;
#6878 = ADVANCED_FACE ( 'NONE', ( #987 ), #2804, .T. ) ;
#6879 = EDGE_CURVE ( 'NONE', #6932, #6919, #5340, .T. ) ;
#6880 = ORIENTED_EDGE ( 'NONE', *, *, #6137, .T. ) ;
#6881 = CARTESIAN_POINT ( 'NONE',  ( 2.860000000000000320, 2.859999999999999876, -2.359999999999988773 ) ) ;
#6882 = CARTESIAN_POINT ( 'NONE',  ( 1.169999999999999707, 6.099999999999998757, 0.5999999999999998668 ) ) ;
#6883 = PLANE ( 'NONE',  #7699 ) ;
#6884 = SURFACE_STYLE_USAGE ( .BOTH. , #6191 ) ;
#6885 = LINE ( 'NONE', #4948, #846 ) ;
#6886 = ORIENTED_EDGE ( 'NONE', *, *, #8088, .F. ) ;
#6887 = COLOUR_RGB ( '',0.9686274509803921573, 0.8784313725490195957, 0.5999999999999999778 ) ;
#6888 = LINE ( 'NONE', #4655, #2695 ) ;
#6889 = VERTEX_POINT ( 'NONE', #6089 ) ;
#6890 = LINE ( 'NONE', #2369, #1519 ) ;
#6891 = ORIENTED_EDGE ( 'NONE', *, *, #7018, .T. ) ;
#6892 = DIRECTION ( 'NONE',  ( 0.000000000000000000, 0.000000000000000000, -1.000000000000000000 ) ) ;
#6893 = CARTESIAN_POINT ( 'NONE',  ( 3.709999999999998188, 6.099999999999998757, 2.350000000000000089 ) ) ;
#6894 = MECHANICAL_DESIGN_GEOMETRIC_PRESENTATION_REPRESENTATION (  '', ( #1088 ), #4253 ) ;
#6895 = CARTESIAN_POINT ( 'NONE',  ( 0.2732007105321402896, 0.3199999999999993960, 7.909999999999990372 ) ) ;
#6896 = FILL_AREA_STYLE_COLOUR ( '', #3908 ) ;
#6897 = EDGE_LOOP ( 'NONE', ( #2007, #6794, #3504, #3861, #4063, #8179 ) ) ;
#6898 = LINE ( 'NONE', #6861, #7078 ) ;
#6899 = MECHANICAL_DESIGN_GEOMETRIC_PRESENTATION_REPRESENTATION (  '', ( #2928 ), #3599 ) ;
#6900 = EDGE_LOOP ( 'NONE', ( #2669, #4249, #4635, #1257, #5272, #5494 ) ) ;
#6901 = SURFACE_STYLE_FILL_AREA ( #6947 ) ;
#6902 = DIRECTION ( 'NONE',  ( -0.7071067811865495711, -0.000000000000000000, -0.7071067811865454633 ) ) ;
#6903 = CARTESIAN_POINT ( 'NONE',  ( 0.2781323240413871023, -1.149999999999999245, 1.704531236937199656 ) ) ;
#6904 = AXIS2_PLACEMENT_3D ( 'NONE', #5689, #3144, #1865 ) ;
#6905 = CARTESIAN_POINT ( 'NONE',  ( -0.2354649598020787937, -1.149999999999999245, 1.349078030679465856 ) ) ;
#6906 = VECTOR ( 'NONE', #3368, 1000.000000000000000 ) ;
#6907 = PLANE ( 'NONE',  #6548 ) ;
#6908 = ORIENTED_EDGE ( 'NONE', *, *, #4239, .F. ) ;
#6909 = DIRECTION ( 'NONE',  ( 1.000000000000000000, 0.000000000000000000, 0.000000000000000000 ) ) ;
#6910 = ORIENTED_EDGE ( 'NONE', *, *, #3744, .T. ) ;
#6911 =( GEOMETRIC_REPRESENTATION_CONTEXT ( 3 ) GLOBAL_UNCERTAINTY_ASSIGNED_CONTEXT ( ( #2140 ) ) GLOBAL_UNIT_ASSIGNED_CONTEXT ( ( #1184, #6777, #4922 ) ) REPRESENTATION_CONTEXT ( 'NONE', 'WORKASPACE' ) );
#6912 = DIRECTION ( 'NONE',  ( -0.3420201433256698786, 0.9396926207859079838, 0.000000000000000000 ) ) ;
#6913 = CARTESIAN_POINT ( 'NONE',  ( 0.2713367824627647140, -1.169999999999999929, 1.100924175899254287 ) ) ;
#6914 = MECHANICAL_DESIGN_GEOMETRIC_PRESENTATION_REPRESENTATION (  '', ( #2153 ), #7976 ) ;
#6915 = DIRECTION ( 'NONE',  ( 0.000000000000000000, -1.000000000000000000, 0.000000000000000000 ) ) ;
#6916 = CARTESIAN_POINT ( 'NONE',  ( -0.1573284206430616283, -1.169999999999999929, 0.7336029765733800279 ) ) ;
#6917 =( BOUNDED_CURVE ( )  B_SPLINE_CURVE ( 3, ( #7181, #3291, #220, #6603 ),
 .UNSPECIFIED., .F., .F. ) 
 B_SPLINE_CURVE_WITH_KNOTS ( ( 4, 4 ),
 ( 5.497787143782138841, 6.283185307179586232 ),
 .UNSPECIFIED. ) 
 CURVE ( )  GEOMETRIC_REPRESENTATION_ITEM ( )  RATIONAL_B_SPLINE_CURVE ( ( 1.000000000000000000, 0.9492530216741912330, 0.9492530216741912330, 1.000000000000000000 ) ) 
 REPRESENTATION_ITEM ( '' )  );
#6918 = VECTOR ( 'NONE', #2320, 999.9999999999998863 ) ;
#6919 = VERTEX_POINT ( 'NONE', #5463 ) ;
#6920 = AXIS2_PLACEMENT_3D ( 'NONE', #7474, #5551, #7349 ) ;
#6921 = SURFACE_STYLE_USAGE ( .BOTH. , #7006 ) ;
#6922 = ADVANCED_FACE ( 'NONE', ( #2257 ), #909, .F. ) ;
#6923 =( NAMED_UNIT ( * ) SI_UNIT ( $, .STERADIAN. ) SOLID_ANGLE_UNIT ( ) );
#6924 = SURFACE_STYLE_FILL_AREA ( #3612 ) ;
#6925 = VECTOR ( 'NONE', #7378, 1000.000000000000000 ) ;
#6926 = LINE ( 'NONE', #546, #5840 ) ;
#6927 = MECHANICAL_DESIGN_GEOMETRIC_PRESENTATION_REPRESENTATION (  '', ( #6409 ), #3894 ) ;
#6928 = ORIENTED_EDGE ( 'NONE', *, *, #5717, .T. ) ;
#6929 = FILL_AREA_STYLE_COLOUR ( '', #175 ) ;
#6930 = ORIENTED_EDGE ( 'NONE', *, *, #7798, .F. ) ;
#6931 = CARTESIAN_POINT ( 'NONE',  ( -0.3012548339959391086, 5.381254833995938291, 8.016309119164535701 ) ) ;
#6932 = VERTEX_POINT ( 'NONE', #5963 ) ;
#6933 = VECTOR ( 'NONE', #6874, 1000.000000000000000 ) ;
#6934 = ADVANCED_FACE ( 'NONE', ( #3506 ), #6738, .F. ) ;
#6935 = CARTESIAN_POINT ( 'NONE',  ( 0.2732007105321402896, 2.859999999999999432, 7.909999999999990372 ) ) ;
#6936 = CARTESIAN_POINT ( 'NONE',  ( -0.1560617469879520269, -1.270000000000000018, 1.770000000000000240 ) ) ;
#6937 = DIRECTION ( 'NONE',  ( 0.6524265873585068931, 0.3420201433256697676, 0.6762852724015370187 ) ) ;
#6938 = DIRECTION ( 'NONE',  ( -0.4999999999999998890, 0.8660254037844385966, 0.000000000000000000 ) ) ;
#6939 = CARTESIAN_POINT ( 'NONE',  ( 2.238745166004060927, 5.381254833995938291, 8.016309119164535701 ) ) ;
#6940 = PRESENTATION_LAYER_ASSIGNMENT (  '', '', ( #6683 ) ) ;
#6941 =( GEOMETRIC_REPRESENTATION_CONTEXT ( 3 ) GLOBAL_UNCERTAINTY_ASSIGNED_CONTEXT ( ( #5311 ) ) GLOBAL_UNIT_ASSIGNED_CONTEXT ( ( #2727, #7431, #1112 ) ) REPRESENTATION_CONTEXT ( 'NONE', 'WORKASPACE' ) );
#6942 = EDGE_LOOP ( 'NONE', ( #5128, #7419, #2135, #2766, #3633, #6215 ) ) ;
#6943 = DIRECTION ( 'NONE',  ( 1.000000000000000000, 0.000000000000000000, 0.000000000000000000 ) ) ;
#6944 = EDGE_LOOP ( 'NONE', ( #3069, #3829, #2807, #6341 ) ) ;
#6945 = CARTESIAN_POINT ( 'NONE',  ( -0.3199999999999999512, 0.2559999999999998943, -2.359999999999988773 ) ) ;
#6946 = SURFACE_STYLE_FILL_AREA ( #1085 ) ;
#6947 = FILL_AREA_STYLE ('',( #6294 ) ) ;
#6948 = CARTESIAN_POINT ( 'NONE',  ( -0.3012548339959391086, 4.778745166004060962, -2.466309119164536767 ) ) ;
#6949 = UNCERTAINTY_MEASURE_WITH_UNIT (LENGTH_MEASURE( 1.000000000000000082E-05 ), #2852, 'distance_accuracy_value', 'NONE');
#6950 = CARTESIAN_POINT ( 'NONE',  ( 0.2446407098541341918, -1.243346856680332957, 0.8486748927485795457 ) ) ;
#6951 = CARTESIAN_POINT ( 'NONE',  ( -0.3199999999999998401, 2.266799289467859690, -2.359999999999986997 ) ) ;
#6952 = CARTESIAN_POINT ( 'NONE',  ( 2.220000000000000195, 0.2559999999999993392, 8.550000000000000711 ) ) ;
#6953 = DIRECTION ( 'NONE',  ( -0.000000000000000000, 1.000000000000000000, 0.000000000000000000 ) ) ;
#6954 = ORIENTED_EDGE ( 'NONE', *, *, #238, .F. ) ;
#6955 = CARTESIAN_POINT ( 'NONE',  ( 2.841254833995939144, 0.3012548339959383870, 8.016309119164537478 ) ) ;
#6956 = ORIENTED_EDGE ( 'NONE', *, *, #7183, .T. ) ;
#6957 = B_SPLINE_CURVE_WITH_KNOTS ( 'NONE', 3,
 ( #5033, #4504, #1382, #7012, #7593, #5824, #2006, #6973, #1879, #1344, #1927, #1303, #6405, #3918, #679, #2659 ),
 .UNSPECIFIED., .F., .F.,
 ( 4, 3, 2, 2, 2, 3, 4 ),
 ( 0.000000000000000000, 1.104703206881945708E-06, 4.554924001584627574E-05, 8.999377682481060408E-05, 0.0001344383136337749189, 0.0001788828504427392608, 0.0001807251478150353466 ),
 .UNSPECIFIED. ) ;
#6958 = LINE ( 'NONE', #3816, #5579 ) ;
#6959 = CARTESIAN_POINT ( 'NONE',  ( 0.2071507323465821004, 2.332849267653417158, 8.550000000000000711 ) ) ;
#6960 = UNCERTAINTY_MEASURE_WITH_UNIT (LENGTH_MEASURE( 1.000000000000000082E-05 ), #8197, 'distance_accuracy_value', 'NONE');
#6961 =( GEOMETRIC_REPRESENTATION_CONTEXT ( 3 ) GLOBAL_UNCERTAINTY_ASSIGNED_CONTEXT ( ( #6787 ) ) GLOBAL_UNIT_ASSIGNED_CONTEXT ( ( #4213, #4088, #1556 ) ) REPRESENTATION_CONTEXT ( 'NONE', 'WORKASPACE' ) );
#6962 = SURFACE_STYLE_USAGE ( .BOTH. , #4445 ) ;
#6963 = CARTESIAN_POINT ( 'NONE',  ( 2.338912788997920877, -0.2010872110020796577, 8.584387938363944315 ) ) ;
#6964 = ORIENTED_EDGE ( 'NONE', *, *, #5883, .T. ) ;
#6965 = DIRECTION ( 'NONE',  ( 8.470329472543003391E-17, -1.000000000000000000, 0.000000000000000000 ) ) ;
#6966 = DIRECTION ( 'NONE',  ( 0.000000000000000000, 1.000000000000000000, 0.000000000000000000 ) ) ;
#6967 =( BOUNDED_CURVE ( )  B_SPLINE_CURVE ( 3, ( #6343, #2522, #5019, #7533 ),
 .UNSPECIFIED., .F., .F. ) 
 B_SPLINE_CURVE_WITH_KNOTS ( ( 4, 4 ),
 ( 4.001096304623763307E-48, 0.7853981633974506105 ),
 .UNSPECIFIED. ) 
 CURVE ( )  GEOMETRIC_REPRESENTATION_ITEM ( )  RATIONAL_B_SPLINE_CURVE ( ( 1.000000000000000000, 0.9492530216741907889, 0.9492530216741907889, 1.000000000000000000 ) ) 
 REPRESENTATION_ITEM ( '' )  );
#6968 = CARTESIAN_POINT ( 'NONE',  ( 0.2785775458924492076, -1.149999999999999245, 0.8470411857358876029 ) ) ;
#6969 = CARTESIAN_POINT ( 'NONE',  ( 2.220000000000000195, 0.2559999999999993392, 7.909999999999988596 ) ) ;
#6970 = ORIENTED_EDGE ( 'NONE', *, *, #4108, .F. ) ;
#6971 = VERTEX_POINT ( 'NONE', #2844 ) ;
#6972 = EDGE_CURVE ( 'NONE', #5374, #2673, #7263, .T. ) ;
#6973 = CARTESIAN_POINT ( 'NONE',  ( -0.2518730436385566707, -1.170000000000000595, 1.763784314061212832 ) ) ;
#6974 = ORIENTED_EDGE ( 'NONE', *, *, #553, .T. ) ;
#6975 = CARTESIAN_POINT ( 'NONE',  ( -0.7700000000000005729, 6.349999999999999645, 2.500000000000000000 ) ) ;
#6976 = FILL_AREA_STYLE_COLOUR ( '', #5041 ) ;
#6977 = CARTESIAN_POINT ( 'NONE',  ( 2.220000000000000195, 5.400000000000000355, -2.359999999999988773 ) ) ;
#6978 = CARTESIAN_POINT ( 'NONE',  ( -0.2292613886581088001, -1.170000000000000151, 1.353074703515666277 ) ) ;
#6979 = CARTESIAN_POINT ( 'NONE',  ( 2.796000000000000263, 0.3199999999999993960, 7.909999999999988596 ) ) ;
#6980 = FACE_OUTER_BOUND ( 'NONE', #6942, .T. ) ;
#6981 = ADVANCED_FACE ( 'NONE', ( #7816 ), #2297, .F. ) ;
#6982 = EDGE_CURVE ( 'NONE', #5182, #3672, #4847, .T. ) ;
#6983 =( NAMED_UNIT ( * ) SI_UNIT ( $, .STERADIAN. ) SOLID_ANGLE_UNIT ( ) );
#6984 = VERTEX_POINT ( 'NONE', #2141 ) ;
#6985 = CARTESIAN_POINT ( 'NONE',  ( 0.3012548339959391641, 4.778745166004060962, -2.466309119164537655 ) ) ;
#6986 = ORIENTED_EDGE ( 'NONE', *, *, #1580, .T. ) ;
#6987 = SURFACE_STYLE_USAGE ( .BOTH. , #1393 ) ;
#6988 = VECTOR ( 'NONE', #6157, 1000.000000000000000 ) ;
#6989 = CARTESIAN_POINT ( 'NONE',  ( 0.2560000000000001719, 2.860000000000000320, -2.359999999999988773 ) ) ;
#6990 = CARTESIAN_POINT ( 'NONE',  ( 3.760000000000000675, 5.870000000000000107, 0.6500000000000001332 ) ) ;
#6991 = LINE ( 'NONE', #7777, #3204 ) ;
#6992 = CARTESIAN_POINT ( 'NONE',  ( 0.1690652669431705613, -1.150000000000001465, 1.812884886196571843 ) ) ;
#6993 = CARTESIAN_POINT ( 'NONE',  ( -0.2773257890756623545, -1.149999999999998801, 1.719407246763122954 ) ) ;
#6994 = ORIENTED_EDGE ( 'NONE', *, *, #6384, .T. ) ;
#6995 = VECTOR ( 'NONE', #3408, 1000.000000000000000 ) ;
#6996 = LINE ( 'NONE', #5722, #4572 ) ;
#6997 = ORIENTED_EDGE ( 'NONE', *, *, #5627, .T. ) ;
#6998 = CARTESIAN_POINT ( 'NONE',  ( 0.09036144578313230757, -1.270000000000000018, 0.9145783132530121984 ) ) ;
#6999 = VERTEX_POINT ( 'NONE', #3463 ) ;
#7000 = DIRECTION ( 'NONE',  ( -0.000000000000000000, 1.000000000000000000, -0.000000000000000000 ) ) ;
#7001 = FILL_AREA_STYLE ('',( #5145 ) ) ;
#7002 = CARTESIAN_POINT ( 'NONE',  ( 1.769999999999999352, 6.349999999999999645, 2.500000000000000000 ) ) ;
#7003 = FILL_AREA_STYLE ('',( #6390 ) ) ;
#7004 = DIRECTION ( 'NONE',  ( -1.218204688185960556E-16, 1.000000000000000000, 0.000000000000000000 ) ) ;
#7005 = EDGE_LOOP ( 'NONE', ( #6928, #2819, #271, #4992 ) ) ;
#7006 = SURFACE_SIDE_STYLE ('',( #2572 ) ) ;
#7007 = CARTESIAN_POINT ( 'NONE',  ( 1.270000000000000018, -1.019999999999999130, 0.5999999999999998668 ) ) ;
#7008 = LINE ( 'NONE', #3957, #167 ) ;
#7009 = ORIENTED_EDGE ( 'NONE', *, *, #340, .T. ) ;
#7010 = PRESENTATION_LAYER_ASSIGNMENT (  '', '', ( #2376 ) ) ;
#7011 = EDGE_LOOP ( 'NONE', ( #3457, #4554, #1978, #3450 ) ) ;
#7012 = CARTESIAN_POINT ( 'NONE',  ( -0.2713045814163987379, -1.169999999999999929, 1.692652676545394641 ) ) ;
#7013 = VECTOR ( 'NONE', #7547, 1000.000000000000000 ) ;
#7014 = ORIENTED_EDGE ( 'NONE', *, *, #6384, .F. ) ;
#7015 =( BOUNDED_CURVE ( )  B_SPLINE_CURVE ( 3, ( #5170, #645, #3929, #1937 ),
 .UNSPECIFIED., .F., .F. ) 
 B_SPLINE_CURVE_WITH_KNOTS ( ( 4, 4 ),
 ( 8.470329472543024098E-16, 0.7853981633974481680 ),
 .UNSPECIFIED. ) 
 CURVE ( )  GEOMETRIC_REPRESENTATION_ITEM ( )  RATIONAL_B_SPLINE_CURVE ( ( 1.000000000000000000, 0.9492530216741912330, 0.9492530216741912330, 1.000000000000000000 ) ) 
 REPRESENTATION_ITEM ( '' )  );
#7016 = CARTESIAN_POINT ( 'NONE',  ( 2.284000000000000252, 2.219999999999999751, -2.359999999999988773 ) ) ;
#7017 = CARTESIAN_POINT ( 'NONE',  ( -0.2446407098541434066, -1.243346856680308754, 0.8486748927485823213 ) ) ;
#7018 = EDGE_CURVE ( 'NONE', #2114, #4770, #5427, .T. ) ;
#7019 = SURFACE_SIDE_STYLE ('',( #2709 ) ) ;
#7020 = CARTESIAN_POINT ( 'NONE',  ( 2.226582426945557636, 4.790907905062564254, 7.947330798265291207 ) ) ;
#7021 = SURFACE_SIDE_STYLE ('',( #3121 ) ) ;
#7022 = ADVANCED_FACE ( 'NONE', ( #3586 ), #7227, .F. ) ;
#7023 = AXIS2_PLACEMENT_3D ( 'NONE', #3433, #6744, #1687 ) ;
#7024 = FILL_AREA_STYLE ('',( #4596 ) ) ;
#7025 = EDGE_LOOP ( 'NONE', ( #6095, #5100, #5230, #2061, #7288, #1683 ) ) ;
#7026 = SURFACE_SIDE_STYLE ('',( #1808 ) ) ;
#7027 = ORIENTED_EDGE ( 'NONE', *, *, #531, .T. ) ;
#7028 = CARTESIAN_POINT ( 'NONE',  ( 2.238745166004060927, -0.3012548339959393862, -2.466309119164536767 ) ) ;
#7029 = CARTESIAN_POINT ( 'NONE',  ( -0.2559999999999999498, 4.760000000000000675, -2.359999999999988773 ) ) ;
#7030 = EDGE_CURVE ( 'NONE', #4173, #1392, #7191, .T. ) ;
#7031 =( GEOMETRIC_REPRESENTATION_CONTEXT ( 3 ) GLOBAL_UNCERTAINTY_ASSIGNED_CONTEXT ( ( #317 ) ) GLOBAL_UNIT_ASSIGNED_CONTEXT ( ( #741, #105, #781 ) ) REPRESENTATION_CONTEXT ( 'NONE', 'WORKASPACE' ) );
#7032 = PRESENTATION_STYLE_ASSIGNMENT (( #6419 ) ) ;
#7033 = CARTESIAN_POINT ( 'NONE',  ( 1.169999999999999707, 5.870000000000000107, 0.6000000000000000888 ) ) ;
#7034 = UNCERTAINTY_MEASURE_WITH_UNIT (LENGTH_MEASURE( 1.000000000000000082E-05 ), #8144, 'distance_accuracy_value', 'NONE');
#7035 = CARTESIAN_POINT ( 'NONE',  ( 2.841254833995939588, 5.381254833995939180, -2.466309119164536767 ) ) ;
#7036 = CARTESIAN_POINT ( 'NONE',  ( -0.3012548339959391086, 4.778745166004060962, -2.466309119164536767 ) ) ;
#7037 = LINE ( 'NONE', #5010, #5336 ) ;
#7038 = ORIENTED_EDGE ( 'NONE', *, *, #5111, .F. ) ;
#7039 = SURFACE_SIDE_STYLE ('',( #4608 ) ) ;
#7040 = VERTEX_POINT ( 'NONE', #4798 ) ;
#7041 = FILL_AREA_STYLE ('',( #7662 ) ) ;
#7042 = ORIENTED_EDGE ( 'NONE', *, *, #134, .T. ) ;
#7043 = EDGE_CURVE ( 'NONE', #3048, #5821, #4117, .T. ) ;
#7044 = DIRECTION ( 'NONE',  ( -0.7071067811865454633, -0.000000000000000000, 0.7071067811865495711 ) ) ;
#7045 = CARTESIAN_POINT ( 'NONE',  ( 2.540000000000000036, 5.080000000000000071, -3.000000000000000000 ) ) ;
#7046 =( GEOMETRIC_REPRESENTATION_CONTEXT ( 3 ) GLOBAL_UNCERTAINTY_ASSIGNED_CONTEXT ( ( #3545 ) ) GLOBAL_UNIT_ASSIGNED_CONTEXT ( ( #3944, #2484, #3235 ) ) REPRESENTATION_CONTEXT ( 'NONE', 'WORKASPACE' ) );
#7047 = UNCERTAINTY_MEASURE_WITH_UNIT (LENGTH_MEASURE( 1.000000000000000082E-05 ), #6022, 'distance_accuracy_value', 'NONE');
#7048 = DIRECTION ( 'NONE',  ( 0.7071067811865516806, -0.000000000000000000, 0.7071067811865434649 ) ) ;
#7049 = ORIENTED_EDGE ( 'NONE', *, *, #2865, .T. ) ;
#7050 =( GEOMETRIC_REPRESENTATION_CONTEXT ( 3 ) GLOBAL_UNCERTAINTY_ASSIGNED_CONTEXT ( ( #907 ) ) GLOBAL_UNIT_ASSIGNED_CONTEXT ( ( #1310, #6690, #4836 ) ) REPRESENTATION_CONTEXT ( 'NONE', 'WORKASPACE' ) );
#7051 =( NAMED_UNIT ( * ) PLANE_ANGLE_UNIT ( ) SI_UNIT ( $, .RADIAN. ) );
#7052 = VECTOR ( 'NONE', #662, 1000.000000000000114 ) ;
#7053 = PRESENTATION_STYLE_ASSIGNMENT (( #6350 ) ) ;
#7054 = CARTESIAN_POINT ( 'NONE',  ( 2.266799289467859246, 4.759999999999999787, -2.359999999999989218 ) ) ;
#7055 = CARTESIAN_POINT ( 'NONE',  ( 0.2349397590361441135, -1.270000000000000906, 0.8488780120481929092 ) ) ;
#7056 = COLOUR_RGB ( '',0.9686274509803921573, 0.8784313725490195957, 0.5999999999999999778 ) ;
#7057 = COLOUR_RGB ( '',0.9686274509803921573, 0.8784313725490195957, 0.5999999999999999778 ) ;
#7058 = ORIENTED_EDGE ( 'NONE', *, *, #2503, .T. ) ;
#7059 = CARTESIAN_POINT ( 'NONE',  ( 2.841254833995939144, -0.3012548339959392751, -2.466309119164537655 ) ) ;
#7060 = LINE ( 'NONE', #3961, #1374 ) ;
#7061 = SURFACE_SIDE_STYLE ('',( #3793 ) ) ;
#7062 = B_SPLINE_CURVE_WITH_KNOTS ( 'NONE', 3,
 ( #1008, #1276, #1047, #3562, #3524, #3802, #6331 ),
 .UNSPECIFIED., .F., .F.,
 ( 4, 3, 4 ),
 ( 0.000000000000000000, 5.321256427250207392E-05, 0.0001064251285451306607 ),
 .UNSPECIFIED. ) ;
#7063 = AXIS2_PLACEMENT_3D ( 'NONE', #8167, #7550, #1877 ) ;
#7064 = LINE ( 'NONE', #3205, #1214 ) ;
#7065 = DIRECTION ( 'NONE',  ( 6.842277657836020854E-49, -5.078189165123089681E-17, 1.000000000000000000 ) ) ;
#7066 = CARTESIAN_POINT ( 'NONE',  ( 0.2732007105321403451, -0.3200000000000007838, 7.909999999999986819 ) ) ;
#7067 = EDGE_CURVE ( 'NONE', #5058, #3479, #4176, .T. ) ;
#7068 = VECTOR ( 'NONE', #6662, 1000.000000000000000 ) ;
#7069 = LINE ( 'NONE', #5168, #5217 ) ;
#7070 = VECTOR ( 'NONE', #3896, 1000.000000000000000 ) ;
#7071 = ORIENTED_EDGE ( 'NONE', *, *, #2305, .T. ) ;
#7072 =( LENGTH_UNIT ( ) NAMED_UNIT ( * ) SI_UNIT ( .MILLI., .METRE. ) );
#7073 = ORIENTED_EDGE ( 'NONE', *, *, #1756, .T. ) ;
#7074 = PRESENTATION_STYLE_ASSIGNMENT (( #4556 ) ) ;
#7075 =( LENGTH_UNIT ( ) NAMED_UNIT ( * ) SI_UNIT ( .MILLI., .METRE. ) );
#7076 = PRESENTATION_STYLE_ASSIGNMENT (( #4971 ) ) ;
#7077 = DIRECTION ( 'NONE',  ( -1.000000000000000000, -0.000000000000000000, 0.000000000000000000 ) ) ;
#7078 = VECTOR ( 'NONE', #562, 1000.000000000000000 ) ;
#7079 = EDGE_CURVE ( 'NONE', #5140, #8013, #1721, .T. ) ;
#7080 = AXIS2_PLACEMENT_3D ( 'NONE', #951, #7780, #7898 ) ;
#7081 = ORIENTED_EDGE ( 'NONE', *, *, #4808, .F. ) ;
#7082 = SURFACE_STYLE_USAGE ( .BOTH. , #4565 ) ;
#7083 = ORIENTED_EDGE ( 'NONE', *, *, #443, .T. ) ;
#7084 = FILL_AREA_STYLE ('',( #3851 ) ) ;
#7085 = AXIS2_PLACEMENT_3D ( 'NONE', #4626, #7841, #968 ) ;
#7086 = ORIENTED_EDGE ( 'NONE', *, *, #7219, .F. ) ;
#7087 = LINE ( 'NONE', #2687, #3714 ) ;
#7088 =( NAMED_UNIT ( * ) SI_UNIT ( $, .STERADIAN. ) SOLID_ANGLE_UNIT ( ) );
#7089 = LINE ( 'NONE', #4396, #7052 ) ;
#7090 = PRESENTATION_LAYER_ASSIGNMENT (  '', '', ( #2720 ) ) ;
#7091 = DIRECTION ( 'NONE',  ( -1.000000000000000000, 0.000000000000000000, 0.000000000000000000 ) ) ;
#7092 = EDGE_CURVE ( 'NONE', #7328, #4804, #3667, .T. ) ;
#7093 = EDGE_CURVE ( 'NONE', #6406, #4553, #6857, .T. ) ;
#7094 = CARTESIAN_POINT ( 'NONE',  ( 0.2713058649105612452, -1.169999999999999929, 1.101537600361816027 ) ) ;
#7095 = ORIENTED_EDGE ( 'NONE', *, *, #7479, .F. ) ;
#7096 = DIRECTION ( 'NONE',  ( 4.224164308385081333E-16, -1.000000000000000000, -0.000000000000000000 ) ) ;
#7097 = COLOUR_RGB ( '',0.9686274509803921573, 0.8784313725490195957, 0.5999999999999999778 ) ;
#7098 = LINE ( 'NONE', #5195, #1897 ) ;
#7099 = ORIENTED_EDGE ( 'NONE', *, *, #6869, .F. ) ;
#7100 =( LENGTH_UNIT ( ) NAMED_UNIT ( * ) SI_UNIT ( .MILLI., .METRE. ) );
#7101 = VERTEX_POINT ( 'NONE', #3795 ) ;
#7102 = ADVANCED_FACE ( 'NONE', ( #3751 ), #5625, .T. ) ;
#7103 = LINE ( 'NONE', #6446, #1550 ) ;
#7104 = CARTESIAN_POINT ( 'NONE',  ( -0.2676958495758782197, -1.180003380892471698, 0.8481922686093448238 ) ) ;
#7105 =( NAMED_UNIT ( * ) SI_UNIT ( $, .STERADIAN. ) SOLID_ANGLE_UNIT ( ) );
#7106 = SURFACE_SIDE_STYLE ('',( #4507 ) ) ;
#7107 = CARTESIAN_POINT ( 'NONE',  ( -0.1855040689101482287, -1.149999999999998579, 0.7285820478135655032 ) ) ;
#7108 = CARTESIAN_POINT ( 'NONE',  ( -0.3012548339959391086, -0.3012548339959393862, -2.466309119164536767 ) ) ;
#7109 = ORIENTED_EDGE ( 'NONE', *, *, #1558, .T. ) ;
#7110 = VERTEX_POINT ( 'NONE', #8098 ) ;
#7111 = CARTESIAN_POINT ( 'NONE',  ( -0.3464101615137760160, -1.046666666666666856, 2.449999999999999734 ) ) ;
#7112 = CARTESIAN_POINT ( 'NONE',  ( 0.1568216416384728973, -1.210011714886053857, 0.7481660498138492654 ) ) ;
#7113 = SURFACE_SIDE_STYLE ('',( #7772 ) ) ;
#7114 = UNCERTAINTY_MEASURE_WITH_UNIT (LENGTH_MEASURE( 1.000000000000000082E-05 ), #5381, 'distance_accuracy_value', 'NONE');
#7115 = VECTOR ( 'NONE', #555, 1000.000000000000000 ) ;
#7116 = CARTESIAN_POINT ( 'NONE',  ( 2.813200710532140825, 5.400000000000000355, 7.909999999999990372 ) ) ;
#7117 = LINE ( 'NONE', #2103, #2823 ) ;
#7118 = VERTEX_POINT ( 'NONE', #5039 ) ;
#7119 = DIRECTION ( 'NONE',  ( 0.000000000000000000, 0.3420201433256694901, 0.9396926207859082059 ) ) ;
#7120 = VERTEX_POINT ( 'NONE', #7558 ) ;
#7121 =( NAMED_UNIT ( * ) PLANE_ANGLE_UNIT ( ) SI_UNIT ( $, .RADIAN. ) );
#7122 = VECTOR ( 'NONE', #2613, 1000.000000000000000 ) ;
#7123 = ORIENTED_EDGE ( 'NONE', *, *, #980, .T. ) ;
#7124 = CARTESIAN_POINT ( 'NONE',  ( -0.2069451709529541716, -1.269999999999984253, 0.7832384112981676250 ) ) ;
#7125 = EDGE_CURVE ( 'NONE', #1189, #7572, #2422, .T. ) ;
#7126 = FACE_OUTER_BOUND ( 'NONE', #4159, .T. ) ;
#7127 = SURFACE_STYLE_USAGE ( .BOTH. , #7789 ) ;
#7128 = EDGE_CURVE ( 'NONE', #6072, #4483, #8017, .T. ) ;
#7129 = DIRECTION ( 'NONE',  ( 1.000000000000000000, 0.000000000000000000, 0.000000000000000000 ) ) ;
#7130 = ORIENTED_EDGE ( 'NONE', *, *, #2305, .F. ) ;
#7131 = PLANE ( 'NONE',  #7063 ) ;
#7132 = FILL_AREA_STYLE_COLOUR ( '', #2317 ) ;
#7133 = SURFACE_SIDE_STYLE ('',( #4659 ) ) ;
#7134 = EDGE_CURVE ( 'NONE', #6316, #584, #8056, .T. ) ;
#7135 = EDGE_CURVE ( 'NONE', #4897, #1178, #1268, .T. ) ;
#7136 = DIRECTION ( 'NONE',  ( -1.000000000000000000, -8.470329472543003391E-17, -4.301393535249064745E-33 ) ) ;
#7137 = CARTESIAN_POINT ( 'NONE',  ( 0.1560617469879514996, -1.270000000000000906, 0.7700000000000004619 ) ) ;
#7138 = VERTEX_POINT ( 'NONE', #4254 ) ;
#7139 = FACE_OUTER_BOUND ( 'NONE', #3431, .T. ) ;
#7140 = VERTEX_POINT ( 'NONE', #4962 ) ;
#7141 = PLANE ( 'NONE',  #7245 ) ;
#7142 = EDGE_CURVE ( 'NONE', #6971, #2717, #1109, .T. ) ;
#7143 = CARTESIAN_POINT ( 'NONE',  ( 2.860000000000000320, 0.2559999999999999498, -2.359999999999988773 ) ) ;
#7144 = CARTESIAN_POINT ( 'NONE',  ( 2.238745166004060927, 4.778745166004060074, 8.016309119164535701 ) ) ;
#7145 = PRESENTATION_STYLE_ASSIGNMENT (( #4630 ) ) ;
#7146 = EDGE_CURVE ( 'NONE', #1044, #7359, #1803, .T. ) ;
#7147 = STYLED_ITEM ( 'NONE', ( #4876 ), #5258 ) ;
#7148 = ORIENTED_EDGE ( 'NONE', *, *, #6873, .F. ) ;
#7149 = PRESENTATION_STYLE_ASSIGNMENT (( #223 ) ) ;
#7150 = ORIENTED_EDGE ( 'NONE', *, *, #5205, .T. ) ;
#7151 =( GEOMETRIC_REPRESENTATION_CONTEXT ( 3 ) GLOBAL_UNCERTAINTY_ASSIGNED_CONTEXT ( ( #6949 ) ) GLOBAL_UNIT_ASSIGNED_CONTEXT ( ( #2852, #1483, #6550 ) ) REPRESENTATION_CONTEXT ( 'NONE', 'WORKASPACE' ) );
#7152 = CARTESIAN_POINT ( 'NONE',  ( 3.559999999999999609, -0.7900000000000003686, 0.4500000000000018430 ) ) ;
#7153 = FACE_OUTER_BOUND ( 'NONE', #2191, .T. ) ;
#7154 = VECTOR ( 'NONE', #7874, 1000.000000000000000 ) ;
#7155 = CARTESIAN_POINT ( 'NONE',  ( 0.3134175730544423444, 5.369092094937435000, 7.947330798265291207 ) ) ;
#7156 = CARTESIAN_POINT ( 'NONE',  ( 2.238745166004060927, 5.381254833995939180, -2.466309119164537655 ) ) ;
#7157 = ORIENTED_EDGE ( 'NONE', *, *, #5397, .F. ) ;
#7158 = CARTESIAN_POINT ( 'NONE',  ( 2.220000000000000195, 2.747150732346581581, 8.550000000000000711 ) ) ;
#7159 = ORIENTED_EDGE ( 'NONE', *, *, #4474, .T. ) ;
#7160 = PRESENTATION_STYLE_ASSIGNMENT (( #6502 ) ) ;
#7161 = AXIS2_PLACEMENT_3D ( 'NONE', #4343, #6865, #1728 ) ;
#7162 = ORIENTED_EDGE ( 'NONE', *, *, #1853, .F. ) ;
#7163 = LINE ( 'NONE', #3984, #5713 ) ;
#7164 = CARTESIAN_POINT ( 'NONE',  ( 0.2221105522436133406, -1.269999999999995355, 0.7980297930901462111 ) ) ;
#7165 = ORIENTED_EDGE ( 'NONE', *, *, #32, .F. ) ;
#7166 = EDGE_CURVE ( 'NONE', #1825, #6406, #5016, .T. ) ;
#7167 = PLANE ( 'NONE',  #3753 ) ;
#7168 = ORIENTED_EDGE ( 'NONE', *, *, #4212, .F. ) ;
#7169 = VECTOR ( 'NONE', #1165, 1000.000000000000000 ) ;
#7170 = CARTESIAN_POINT ( 'NONE',  ( 3.559999999999999609, -1.019999999999999130, 2.500000000000000000 ) ) ;
#7171 = FILL_AREA_STYLE_COLOUR ( '', #8049 ) ;
#7172 = CARTESIAN_POINT ( 'NONE',  ( -0.3012548339959390531, 2.841254833995939144, -2.466309119164537655 ) ) ;
#7173 = AXIS2_PLACEMENT_3D ( 'NONE', #2276, #1898, #5008 ) ;
#7174 = VERTEX_POINT ( 'NONE', #3627 ) ;
#7175 =( LENGTH_UNIT ( ) NAMED_UNIT ( * ) SI_UNIT ( .MILLI., .METRE. ) );
#7176 = CARTESIAN_POINT ( 'NONE',  ( 0.2328456203364152044, -1.270000000000000906, 1.129924358544335261 ) ) ;
#7177 = DIRECTION ( 'NONE',  ( 0.000000000000000000, -1.000000000000000000, 0.000000000000000000 ) ) ;
#7178 = COLOUR_RGB ( '',0.9686274509803921573, 0.8784313725490195957, 0.5999999999999999778 ) ;
#7179 =( NAMED_UNIT ( * ) SI_UNIT ( $, .STERADIAN. ) SOLID_ANGLE_UNIT ( ) );
#7180 = CARTESIAN_POINT ( 'NONE',  ( 2.220000000000000195, 2.219999999999999751, -2.359999999999988773 ) ) ;
#7181 = CARTESIAN_POINT ( 'NONE',  ( -0.3012548339959390531, -0.3012548339959397747, 8.016309119164535701 ) ) ;
#7182 =( BOUNDED_CURVE ( )  B_SPLINE_CURVE ( 3, ( #3821, #6349, #4362, #585 ),
 .UNSPECIFIED., .F., .F. ) 
 B_SPLINE_CURVE_WITH_KNOTS ( ( 4, 4 ),
 ( 3.141592653589793116, 3.926990816987242727 ),
 .UNSPECIFIED. ) 
 CURVE ( )  GEOMETRIC_REPRESENTATION_ITEM ( )  RATIONAL_B_SPLINE_CURVE ( ( 1.000000000000000000, 0.9492530216741910110, 0.9492530216741910110, 1.000000000000000000 ) ) 
 REPRESENTATION_ITEM ( '' )  );
#7183 = EDGE_CURVE ( 'NONE', #84, #2988, #1570, .T. ) ;
#7184 = ORIENTED_EDGE ( 'NONE', *, *, #4915, .F. ) ;
#7185 = EDGE_LOOP ( 'NONE', ( #6711, #718, #6781, #4842, #3163, #386 ) ) ;
#7186 = VECTOR ( 'NONE', #6769, 1000.000000000000000 ) ;
#7187 = DIRECTION ( 'NONE',  ( -8.470329472543003391E-17, 1.000000000000000000, 0.000000000000000000 ) ) ;
#7188 = LINE ( 'NONE', #865, #821 ) ;
#7189 = LINE ( 'NONE', #1517, #663 ) ;
#7190 = UNCERTAINTY_MEASURE_WITH_UNIT (LENGTH_MEASURE( 1.000000000000000082E-05 ), #3784, 'distance_accuracy_value', 'NONE');
#7191 = LINE ( 'NONE', #7893, #4802 ) ;
#7192 = ORIENTED_EDGE ( 'NONE', *, *, #6789, .F. ) ;
#7193 = VERTEX_POINT ( 'NONE', #1222 ) ;
#7194 = LINE ( 'NONE', #2920, #4578 ) ;
#7195 = ORIENTED_EDGE ( 'NONE', *, *, #2462, .T. ) ;
#7196 = COLOUR_RGB ( '',1.000000000000000000, 0.8431372549019607865, 0.000000000000000000 ) ;
#7197 = EDGE_CURVE ( 'NONE', #4599, #1091, #3206, .T. ) ;
#7198 = CARTESIAN_POINT ( 'NONE',  ( 1.520000000000000462, -1.019999999999998908, 2.500000000000000000 ) ) ;
#7199 = LINE ( 'NONE', #4767, #7377 ) ;
#7200 = UNCERTAINTY_MEASURE_WITH_UNIT (LENGTH_MEASURE( 1.000000000000000082E-05 ), #1186, 'distance_accuracy_value', 'NONE');
#7201 =( NAMED_UNIT ( * ) SI_UNIT ( $, .STERADIAN. ) SOLID_ANGLE_UNIT ( ) );
#7202 = CARTESIAN_POINT ( 'NONE',  ( 0.2338056406508122742, -1.269999999999994245, 0.8276727744746823490 ) ) ;
#7203 = VECTOR ( 'NONE', #551, 1000.000000000000000 ) ;
#7204 = DIRECTION ( 'NONE',  ( -8.470329472543003391E-17, 1.000000000000000000, 0.000000000000000000 ) ) ;
#7205 = ORIENTED_EDGE ( 'NONE', *, *, #3161, .T. ) ;
#7206 = SURFACE_STYLE_USAGE ( .BOTH. , #5319 ) ;
#7207 = VERTEX_POINT ( 'NONE', #97 ) ;
#7208 = LINE ( 'NONE', #6594, #786 ) ;
#7209 = MECHANICAL_DESIGN_GEOMETRIC_PRESENTATION_REPRESENTATION (  '', ( #4450 ), #5908 ) ;
#7210 = CARTESIAN_POINT ( 'NONE',  ( 0.3012548339959392751, 5.381254833995939180, -2.466309119164536767 ) ) ;
#7211 = DIRECTION ( 'NONE',  ( 0.000000000000000000, 1.000000000000000000, 0.000000000000000000 ) ) ;
#7212 = VERTEX_POINT ( 'NONE', #6979 ) ;
#7213 = MECHANICAL_DESIGN_GEOMETRIC_PRESENTATION_REPRESENTATION (  '', ( #2720 ), #1661 ) ;
#7214 = DIRECTION ( 'NONE',  ( 1.000000000000000000, 0.000000000000000000, -0.000000000000000000 ) ) ;
#7215 = SURFACE_STYLE_USAGE ( .BOTH. , #5333 ) ;
#7216 = PLANE ( 'NONE',  #6127 ) ;
#7217 = PLANE ( 'NONE',  #5870 ) ;
#7218 = VECTOR ( 'NONE', #4820, 1000.000000000000000 ) ;
#7219 = EDGE_CURVE ( 'NONE', #7222, #5570, #133, .T. ) ;
#7220 = CARTESIAN_POINT ( 'NONE',  ( 5.421010862427522170E-17, -0.4466666666666665453, 2.500000000000000000 ) ) ;
#7221 = ORIENTED_EDGE ( 'NONE', *, *, #7877, .T. ) ;
#7222 = VERTEX_POINT ( 'NONE', #3924 ) ;
#7223 = CARTESIAN_POINT ( 'NONE',  ( 1.270000000000000018, 5.870000000000000107, 0.6000000000000000888 ) ) ;
#7224 = FACE_OUTER_BOUND ( 'NONE', #1717, .T. ) ;
#7225 = FILL_AREA_STYLE ('',( #6651 ) ) ;
#7226 = EDGE_CURVE ( 'NONE', #6648, #704, #5703, .T. ) ;
#7227 = PLANE ( 'NONE',  #2672 ) ;
#7228 =( BOUNDED_CURVE ( )  B_SPLINE_CURVE ( 3, ( #5692, #5733, #5151, #2652 ),
 .UNSPECIFIED., .F., .F. ) 
 B_SPLINE_CURVE_WITH_KNOTS ( ( 4, 4 ),
 ( 2.356194490192341728, 3.141592653589793560 ),
 .UNSPECIFIED. ) 
 CURVE ( )  GEOMETRIC_REPRESENTATION_ITEM ( )  RATIONAL_B_SPLINE_CURVE ( ( 1.000000000000000000, 0.9492530216741906779, 0.9492530216741906779, 1.000000000000000000 ) ) 
 REPRESENTATION_ITEM ( '' )  );
#7229 = EDGE_CURVE ( 'NONE', #2810, #322, #4008, .T. ) ;
#7230 = CARTESIAN_POINT ( 'NONE',  ( -0.2071507323465818784, 4.759999999999999787, 8.550000000000000711 ) ) ;
#7231 = EDGE_LOOP ( 'NONE', ( #1323, #399, #7221, #1272, #5171, #4052 ) ) ;
#7232 = SURFACE_STYLE_USAGE ( .BOTH. , #912 ) ;
#7233 = VERTEX_POINT ( 'NONE', #6362 ) ;
#7234 = CARTESIAN_POINT ( 'NONE',  ( 2.284000000000000252, -0.3200000000000006728, 7.909999999999988596 ) ) ;
#7235 = ORIENTED_EDGE ( 'NONE', *, *, #4458, .F. ) ;
#7236 = CARTESIAN_POINT ( 'NONE',  ( -1.269999999999999574, -1.019999999999998908, 2.350000000000000089 ) ) ;
#7237 = SURFACE_STYLE_USAGE ( .BOTH. , #5313 ) ;
#7238 = CARTESIAN_POINT ( 'NONE',  ( 0.1973794752863960722, -1.269999999999995355, 0.7781227024462191721 ) ) ;
#7239 = MECHANICAL_DESIGN_GEOMETRIC_PRESENTATION_REPRESENTATION (  '', ( #624 ), #7498 ) ;
#7240 = SURFACE_STYLE_FILL_AREA ( #3402 ) ;
#7241 = ORIENTED_EDGE ( 'NONE', *, *, #4886, .T. ) ;
#7242 = VERTEX_POINT ( 'NONE', #7646 ) ;
#7243 = CARTESIAN_POINT ( 'NONE',  ( 0.000000000000000000, 2.747150732346581581, 8.550000000000000711 ) ) ;
#7244 = CARTESIAN_POINT ( 'NONE',  ( 2.860000000000000320, 2.332849267653417158, 8.550000000000000711 ) ) ;
#7245 = AXIS2_PLACEMENT_3D ( 'NONE', #4005, #7177, #7803 ) ;
#7246 = CARTESIAN_POINT ( 'NONE',  ( -0.2560000000000000053, 2.860000000000000320, -2.359999999999988773 ) ) ;
#7247 = CARTESIAN_POINT ( 'NONE',  ( -0.3199999999999999512, 5.336000000000000298, -2.359999999999988773 ) ) ;
#7248 = B_SPLINE_CURVE_WITH_KNOTS ( 'NONE', 3,
 ( #6916, #1244, #7667, #1996, #3774, #2523, #5065, #7581, #4446, #4532 ),
 .UNSPECIFIED., .F., .F.,
 ( 4, 3, 3, 4 ),
 ( 0.000000000000000000, 3.193694500260180625E-05, 6.387389000520321948E-05, 0.0001064253154868431911 ),
 .UNSPECIFIED. ) ;
#7249 = ORIENTED_EDGE ( 'NONE', *, *, #4212, .T. ) ;
#7250 = STYLED_ITEM ( 'NONE', ( #3728 ), #3832 ) ;
#7251 = CARTESIAN_POINT ( 'NONE',  ( 0.3200000000000000622, 2.795999999999999819, -2.359999999999988773 ) ) ;
#7252 = DIRECTION ( 'NONE',  ( 0.000000000000000000, 0.3420201433256694901, -0.9396926207859082059 ) ) ;
#7253 = SURFACE_SIDE_STYLE ('',( #5379 ) ) ;
#7254 = EDGE_CURVE ( 'NONE', #116, #746, #6485, .T. ) ;
#7255 = DIRECTION ( 'NONE',  ( 0.9848077530122085754, 8.341646135128160883E-17, 0.1736481776669273891 ) ) ;
#7256 = ORIENTED_EDGE ( 'NONE', *, *, #1712, .T. ) ;
#7257 = EDGE_CURVE ( 'NONE', #1990, #5341, #4970, .T. ) ;
#7258 = ORIENTED_EDGE ( 'NONE', *, *, #5248, .F. ) ;
#7259 = DIRECTION ( 'NONE',  ( -0.000000000000000000, -0.000000000000000000, -1.000000000000000000 ) ) ;
#7260 = CARTESIAN_POINT ( 'NONE',  ( 1.169999999999999707, -0.7900000000000008127, 0.6000000000000000888 ) ) ;
#7261 = SURFACE_SIDE_STYLE ('',( #4757 ) ) ;
#7262 = EDGE_CURVE ( 'NONE', #5618, #5306, #3159, .T. ) ;
#7263 = LINE ( 'NONE', #6611, #1745 ) ;
#7264 = COLOUR_RGB ( '',0.9686274509803921573, 0.8784313725490195957, 0.5999999999999999778 ) ;
#7265 = VERTEX_POINT ( 'NONE', #5208 ) ;
#7266 = DIRECTION ( 'NONE',  ( -0.1710878697460327114, 0.1710878697460326836, -0.9702875252478149193 ) ) ;
#7267 = VERTEX_POINT ( 'NONE', #8 ) ;
#7268 = VECTOR ( 'NONE', #3168, 1000.000000000000000 ) ;
#7269 = EDGE_CURVE ( 'NONE', #6626, #6636, #3979, .T. ) ;
#7270 = DIRECTION ( 'NONE',  ( -8.470329472543003391E-17, 1.000000000000000000, 0.000000000000000000 ) ) ;
#7271 = ORIENTED_EDGE ( 'NONE', *, *, #7828, .F. ) ;
#7272 = FACE_OUTER_BOUND ( 'NONE', #3568, .T. ) ;
#7273 = UNCERTAINTY_MEASURE_WITH_UNIT (LENGTH_MEASURE( 1.000000000000000082E-05 ), #6058, 'distance_accuracy_value', 'NONE');
#7274 = PLANE ( 'NONE',  #2160 ) ;
#7275 = SURFACE_STYLE_FILL_AREA ( #1605 ) ;
#7276 =( GEOMETRIC_REPRESENTATION_CONTEXT ( 3 ) GLOBAL_UNCERTAINTY_ASSIGNED_CONTEXT ( ( #4797 ) ) GLOBAL_UNIT_ASSIGNED_CONTEXT ( ( #2605, #7747, #2033 ) ) REPRESENTATION_CONTEXT ( 'NONE', 'WORKASPACE' ) );
#7277 = LINE ( 'NONE', #4144, #7596 ) ;
#7278 = ORIENTED_EDGE ( 'NONE', *, *, #6313, .F. ) ;
#7279 = ORIENTED_EDGE ( 'NONE', *, *, #6535, .T. ) ;
#7280 = EDGE_CURVE ( 'NONE', #3635, #7889, #5163, .T. ) ;
#7281 = PLANE ( 'NONE',  #78 ) ;
#7282 = LINE ( 'NONE', #4072, #4374 ) ;
#7283 = DIRECTION ( 'NONE',  ( -1.000000000000000000, 0.000000000000000000, 0.000000000000000000 ) ) ;
#7284 = STYLED_ITEM ( 'NONE', ( #5702 ), #6268 ) ;
#7285 = DIRECTION ( 'NONE',  ( 8.470329472543003391E-17, -1.000000000000000000, 0.000000000000000000 ) ) ;
#7286 = LINE ( 'NONE', #5905, #4024 ) ;
#7287 = FACE_OUTER_BOUND ( 'NONE', #1867, .T. ) ;
#7288 = ORIENTED_EDGE ( 'NONE', *, *, #4451, .F. ) ;
#7289 = COLOUR_RGB ( '',0.9686274509803921573, 0.8784313725490195957, 0.5999999999999999778 ) ;
#7290 = VECTOR ( 'NONE', #7587, 1000.000000000000000 ) ;
#7291 = DIRECTION ( 'NONE',  ( 1.408054769461694189E-16, 1.000000000000000000, -0.000000000000000000 ) ) ;
#7292 = AXIS2_PLACEMENT_3D ( 'NONE', #6185, #3017, #8074 ) ;
#7293 = COLOUR_RGB ( '',0.9686274509803921573, 0.8784313725490195957, 0.5999999999999999778 ) ;
#7294 = CARTESIAN_POINT ( 'NONE',  ( 2.220000000000000195, 4.759999999999999787, 8.550000000000000711 ) ) ;
#7295 =( NAMED_UNIT ( * ) SI_UNIT ( $, .STERADIAN. ) SOLID_ANGLE_UNIT ( ) );
#7296 = VERTEX_POINT ( 'NONE', #6525 ) ;
#7297 = CARTESIAN_POINT ( 'NONE',  ( 2.284000000000000252, 2.219999999999999307, 7.909999999999988596 ) ) ;
#7298 = ORIENTED_EDGE ( 'NONE', *, *, #5881, .T. ) ;
#7299 = DIRECTION ( 'NONE',  ( 0.7071067811865460184, -0.7071067811865490160, 0.000000000000000000 ) ) ;
#7300 = AXIS2_PLACEMENT_3D ( 'NONE', #3606, #2483, #6150 ) ;
#7301 = DIRECTION ( 'NONE',  ( -0.7071067811865460184, 0.7071067811865490160, 0.000000000000000000 ) ) ;
#7302 = DIRECTION ( 'NONE',  ( 0.000000000000000000, 0.000000000000000000, 1.000000000000000000 ) ) ;
#7303 = EDGE_CURVE ( 'NONE', #538, #6277, #2063, .T. ) ;
#7304 = PRESENTATION_LAYER_ASSIGNMENT (  '', '', ( #2686 ) ) ;
#7305 = SURFACE_STYLE_FILL_AREA ( #4803 ) ;
#7306 = ORIENTED_EDGE ( 'NONE', *, *, #2981, .F. ) ;
#7307 = LINE ( 'NONE', #6015, #3628 ) ;
#7308 = ORIENTED_EDGE ( 'NONE', *, *, #4947, .F. ) ;
#7309 = ADVANCED_FACE ( 'NONE', ( #1422 ), #3875, .F. ) ;
#7310 = LINE ( 'NONE', #7987, #946 ) ;
#7311 = SURFACE_STYLE_USAGE ( .BOTH. , #7435 ) ;
#7312 = VECTOR ( 'NONE', #3237, 1000.000000000000114 ) ;
#7313 = CARTESIAN_POINT ( 'NONE',  ( -0.2280098402426342374, -1.169999999999997708, 0.7529413584738531284 ) ) ;
#7314 =( LENGTH_UNIT ( ) NAMED_UNIT ( * ) SI_UNIT ( .MILLI., .METRE. ) );
#7315 = CARTESIAN_POINT ( 'NONE',  ( 1.019999999999999796, 0.000000000000000000, 2.500000000000000000 ) ) ;
#7316 = EDGE_LOOP ( 'NONE', ( #871, #2, #351, #3002, #7340 ) ) ;
#7317 = VECTOR ( 'NONE', #7910, 1000.000000000000000 ) ;
#7318 = ORIENTED_EDGE ( 'NONE', *, *, #1018, .F. ) ;
#7319 = COLOUR_RGB ( '',0.9686274509803921573, 0.8784313725490195957, 0.5999999999999999778 ) ;
#7320 = LINE ( 'NONE', #6105, #4859 ) ;
#7321 = PLANE ( 'NONE',  #4742 ) ;
#7322 = LINE ( 'NONE', #6107, #7154 ) ;
#7323 = DIRECTION ( 'NONE',  ( 1.000000000000000000, 1.218204688185960556E-16, -0.000000000000000000 ) ) ;
#7324 = DIRECTION ( 'NONE',  ( 0.7071067811865460184, -0.7071067811865490160, 0.000000000000000000 ) ) ;
#7325 = CARTESIAN_POINT ( 'NONE',  ( 1.019999999999999796, -1.019999999999999130, 2.500000000000000000 ) ) ;
#7326 = VECTOR ( 'NONE', #2757, 1000.000000000000000 ) ;
#7327 = MECHANICAL_DESIGN_GEOMETRIC_PRESENTATION_REPRESENTATION (  '', ( #2707 ), #4841 ) ;
#7328 = VERTEX_POINT ( 'NONE', #771 ) ;
#7329 = LINE ( 'NONE', #3532, #3513 ) ;
#7330 = CARTESIAN_POINT ( 'NONE',  ( 0.3012548339959391641, 4.778745166004060962, -2.466309119164537655 ) ) ;
#7331 = COLOUR_RGB ( '',0.9686274509803921573, 0.8784313725490195957, 0.5999999999999999778 ) ;
#7332 = CARTESIAN_POINT ( 'NONE',  ( -1.844060638937530544E-16, -1.169999999999999929, 0.7336029765733799168 ) ) ;
#7333 = SURFACE_SIDE_STYLE ('',( #1136 ) ) ;
#7334 =( NAMED_UNIT ( * ) SI_UNIT ( $, .STERADIAN. ) SOLID_ANGLE_UNIT ( ) );
#7335 = MANIFOLD_SOLID_BREP ( 'Metal-Pattern[2]', #6020 ) ;
#7336 = DIRECTION ( 'NONE',  ( -0.7071067811865516806, 0.000000000000000000, -0.7071067811865434649 ) ) ;
#7337 = DIRECTION ( 'NONE',  ( 8.470329472543003391E-17, -1.000000000000000000, 0.000000000000000000 ) ) ;
#7338 = AXIS2_PLACEMENT_3D ( 'NONE', #6223, #5610, #5571 ) ;
#7339 = EDGE_CURVE ( 'NONE', #6197, #6971, #1548, .T. ) ;
#7340 = ORIENTED_EDGE ( 'NONE', *, *, #3391, .T. ) ;
#7341 = LINE ( 'NONE', #2910, #7203 ) ;
#7342 = ORIENTED_EDGE ( 'NONE', *, *, #3189, .T. ) ;
#7343 = DIRECTION ( 'NONE',  ( -0.000000000000000000, 0.9848077530122085754, 0.1736481776669278887 ) ) ;
#7344 = CARTESIAN_POINT ( 'NONE',  ( 0.3200000000000000622, 5.399999999999999467, -2.359999999999988773 ) ) ;
#7345 = VECTOR ( 'NONE', #1514, 1000.000000000000000 ) ;
#7346 = FILL_AREA_STYLE ('',( #2914 ) ) ;
#7347 = CARTESIAN_POINT ( 'NONE',  ( 0.2349397590361443910, -1.270000000000000018, 1.692439759036144631 ) ) ;
#7348 = LINE ( 'NONE', #5550, #7393 ) ;
#7349 = DIRECTION ( 'NONE',  ( 0.000000000000000000, 1.000000000000000000, 0.000000000000000000 ) ) ;
#7350 = ORIENTED_EDGE ( 'NONE', *, *, #6670, .F. ) ;
#7351 = DIRECTION ( 'NONE',  ( -0.1710878697460326558, -0.1710878697460326836, 0.9702875252478149193 ) ) ;
#7352 = ORIENTED_EDGE ( 'NONE', *, *, #2732, .F. ) ;
#7353 = DIRECTION ( 'NONE',  ( -1.000000000000000000, 0.000000000000000000, 0.000000000000000000 ) ) ;
#7354 = UNCERTAINTY_MEASURE_WITH_UNIT (LENGTH_MEASURE( 1.000000000000000082E-05 ), #6369, 'distance_accuracy_value', 'NONE');
#7355 = CARTESIAN_POINT ( 'NONE',  ( 0.3012548339959392751, -0.3012548339959398302, 8.016309119164535701 ) ) ;
#7356 = CARTESIAN_POINT ( 'NONE',  ( -1.270000000000000462, 6.099999999999998757, 0.5999999999999998668 ) ) ;
#7357 = ORIENTED_EDGE ( 'NONE', *, *, #7708, .F. ) ;
#7358 = VECTOR ( 'NONE', #5094, 999.9999999999998863 ) ;
#7359 = VERTEX_POINT ( 'NONE', #4593 ) ;
#7360 = CARTESIAN_POINT ( 'NONE',  ( 0.2250554584389103108, -1.269999999999994245, 1.150945051200795710 ) ) ;
#7361 = ADVANCED_FACE ( 'NONE', ( #973 ), #7217, .T. ) ;
#7362 = DIRECTION ( 'NONE',  ( -6.842277657836020854E-49, 5.078189165123089681E-17, -1.000000000000000000 ) ) ;
#7363 = SURFACE_STYLE_FILL_AREA ( #7402 ) ;
#7364 = FILL_AREA_STYLE ('',( #3527 ) ) ;
#7365 = CARTESIAN_POINT ( 'NONE',  ( 0.2332597493785924792, -1.169999999999998819, 1.782118037699556679 ) ) ;
#7366 = EDGE_CURVE ( 'NONE', #2078, #4122, #1505, .T. ) ;
#7367 = CARTESIAN_POINT ( 'NONE',  ( 2.860000000000000320, 2.859999999999999876, 7.909999999999988596 ) ) ;
#7368 = AXIS2_PLACEMENT_3D ( 'NONE', #2549, #141, #4515 ) ;
#7369 =( BOUNDED_CURVE ( )  B_SPLINE_CURVE ( 3, ( #8189, #5643, #4314, #4271 ),
 .UNSPECIFIED., .F., .F. ) 
 B_SPLINE_CURVE_WITH_KNOTS ( ( 4, 4 ),
 ( 2.356194490192339952, 3.141592653589793560 ),
 .UNSPECIFIED. ) 
 CURVE ( )  GEOMETRIC_REPRESENTATION_ITEM ( )  RATIONAL_B_SPLINE_CURVE ( ( 1.000000000000000000, 0.9492530216741903448, 0.9492530216741903448, 1.000000000000000000 ) ) 
 REPRESENTATION_ITEM ( '' )  );
#7370 = ORIENTED_EDGE ( 'NONE', *, *, #4201, .T. ) ;
#7371 = FILL_AREA_STYLE_COLOUR ( '', #1653 ) ;
#7372 = ADVANCED_FACE ( 'NONE', ( #938 ), #260, .F. ) ;
#7373 = PRESENTATION_LAYER_ASSIGNMENT (  '', '', ( #3953 ) ) ;
#7374 = CARTESIAN_POINT ( 'NONE',  ( -0.3199999999999999512, 2.860000000000000320, -2.359999999999988773 ) ) ;
#7375 = PRESENTATION_STYLE_ASSIGNMENT (( #6117 ) ) ;
#7376 =( NAMED_UNIT ( * ) SI_UNIT ( $, .STERADIAN. ) SOLID_ANGLE_UNIT ( ) );
#7377 = VECTOR ( 'NONE', #919, 1000.000000000000000 ) ;
#7378 = DIRECTION ( 'NONE',  ( 8.470329472543003391E-17, -1.000000000000000000, 0.000000000000000000 ) ) ;
#7379 = ORIENTED_EDGE ( 'NONE', *, *, #4856, .F. ) ;
#7380 = CARTESIAN_POINT ( 'NONE',  ( -0.3199999999999999512, 0.2559999999999993392, 8.550000000000000711 ) ) ;
#7381 = ORIENTED_EDGE ( 'NONE', *, *, #6845, .F. ) ;
#7382 = EDGE_CURVE ( 'NONE', #7138, #807, #7967, .T. ) ;
#7383 = DIRECTION ( 'NONE',  ( -0.000000000000000000, 0.000000000000000000, 1.000000000000000000 ) ) ;
#7384 = DIRECTION ( 'NONE',  ( 0.000000000000000000, 0.000000000000000000, -1.000000000000000000 ) ) ;
#7385 = DIRECTION ( 'NONE',  ( 0.000000000000000000, -0.000000000000000000, 1.000000000000000000 ) ) ;
#7386 = CARTESIAN_POINT ( 'NONE',  ( 1.019999999999999796, 5.870000000000000107, 0.6000000000000000888 ) ) ;
#7387 = DIRECTION ( 'NONE',  ( 1.000000000000000000, 0.000000000000000000, 0.000000000000000000 ) ) ;
#7388 = FACE_OUTER_BOUND ( 'NONE', #8133, .T. ) ;
#7389 = ORIENTED_EDGE ( 'NONE', *, *, #290, .T. ) ;
#7390 = SURFACE_SIDE_STYLE ('',( #1188 ) ) ;
#7391 = ORIENTED_EDGE ( 'NONE', *, *, #3608, .T. ) ;
#7392 = CARTESIAN_POINT ( 'NONE',  ( -0.3199999999999998956, -0.3200000000000006728, 7.909999999999988596 ) ) ;
#7393 = VECTOR ( 'NONE', #7472, 1000.000000000000000 ) ;
#7394 = CARTESIAN_POINT ( 'NONE',  ( 0.1770002516592688036, -1.270000000000000906, 1.768231629108718117 ) ) ;
#7395 = CARTESIAN_POINT ( 'NONE',  ( -0.2344989567605742231, -1.270000000000001128, 1.701643011501013714 ) ) ;
#7396 = AXIS2_PLACEMENT_3D ( 'NONE', #4476, #4430, #6249 ) ;
#7397 =( NAMED_UNIT ( * ) PLANE_ANGLE_UNIT ( ) SI_UNIT ( $, .RADIAN. ) );
#7398 = VERTEX_POINT ( 'NONE', #3454 ) ;
#7399 = VECTOR ( 'NONE', #5687, 1000.000000000000000 ) ;
#7400 = EDGE_LOOP ( 'NONE', ( #4448, #6740, #4272, #4611 ) ) ;
#7401 = CARTESIAN_POINT ( 'NONE',  ( 2.238745166004060927, -0.3012548339959397747, 8.016309119164535701 ) ) ;
#7402 = FILL_AREA_STYLE ('',( #6756 ) ) ;
#7403 = CARTESIAN_POINT ( 'NONE',  ( 0.2713367824627646585, -1.169999999999999929, 1.693229588980319278 ) ) ;
#7404 = ADVANCED_FACE ( 'NONE', ( #5996 ), #3379, .F. ) ;
#7405 = VECTOR ( 'NONE', #7000, 1000.000000000000000 ) ;
#7406 = EDGE_CURVE ( 'NONE', #6606, #2756, #4046, .T. ) ;
#7407 = FILL_AREA_STYLE_COLOUR ( '', #4563 ) ;
#7408 = ORIENTED_EDGE ( 'NONE', *, *, #6242, .T. ) ;
#7409 = SURFACE_STYLE_USAGE ( .BOTH. , #2984 ) ;
#7410 = COLOUR_RGB ( '',0.9686274509803921573, 0.8784313725490195957, 0.5999999999999999778 ) ;
#7411 = CARTESIAN_POINT ( 'NONE',  ( 1.270000000000000018, 5.870000000000000107, 0.6000000000000000888 ) ) ;
#7412 =( NAMED_UNIT ( * ) PLANE_ANGLE_UNIT ( ) SI_UNIT ( $, .RADIAN. ) );
#7413 = EDGE_CURVE ( 'NONE', #1623, #1366, #2794, .T. ) ;
#7414 = FILL_AREA_STYLE_COLOUR ( '', #3155 ) ;
#7415 = CARTESIAN_POINT ( 'NONE',  ( -0.2890920949374356508, 0.3134175730544415672, 7.947330798265292984 ) ) ;
#7416 = CARTESIAN_POINT ( 'NONE',  ( 2.796000000000000263, 4.760000000000000675, -2.359999999999988773 ) ) ;
#7417 = ORIENTED_EDGE ( 'NONE', *, *, #4197, .T. ) ;
#7418 = SURFACE_STYLE_USAGE ( .BOTH. , #2907 ) ;
#7419 = ORIENTED_EDGE ( 'NONE', *, *, #8137, .F. ) ;
#7420 = CARTESIAN_POINT ( 'NONE',  ( -0.09036144578313276554, -1.270000000000000018, 1.462771084337349370 ) ) ;
#7421 = ORIENTED_EDGE ( 'NONE', *, *, #4108, .T. ) ;
#7422 = FILL_AREA_STYLE_COLOUR ( '', #7097 ) ;
#7423 = VECTOR ( 'NONE', #5477, 1000.000000000000000 ) ;
#7424 = CARTESIAN_POINT ( 'NONE',  ( -0.2705584101385472007, -1.169999999999995266, 1.441811514564149466 ) ) ;
#7425 = AXIS2_PLACEMENT_3D ( 'NONE', #7347, #3547, #1067 ) ;
#7426 = FACE_OUTER_BOUND ( 'NONE', #3152, .T. ) ;
#7427 = UNCERTAINTY_MEASURE_WITH_UNIT (LENGTH_MEASURE( 1.000000000000000082E-05 ), #4345, 'distance_accuracy_value', 'NONE');
#7428 = CARTESIAN_POINT ( 'NONE',  ( 0.2071507323465820449, 0.3199999999999993405, 8.550000000000000711 ) ) ;
#7429 = ADVANCED_FACE ( 'NONE', ( #896 ), #3418, .F. ) ;
#7430 = VECTOR ( 'NONE', #3120, 1000.000000000000000 ) ;
#7431 =( NAMED_UNIT ( * ) PLANE_ANGLE_UNIT ( ) SI_UNIT ( $, .RADIAN. ) );
#7432 = ORIENTED_EDGE ( 'NONE', *, *, #975, .T. ) ;
#7433 = LINE ( 'NONE', #1770, #5238 ) ;
#7434 = ORIENTED_EDGE ( 'NONE', *, *, #8026, .T. ) ;
#7435 = SURFACE_SIDE_STYLE ('',( #5431 ) ) ;
#7436 = UNCERTAINTY_MEASURE_WITH_UNIT (LENGTH_MEASURE( 1.000000000000000082E-05 ), #7825, 'distance_accuracy_value', 'NONE');
#7437 = AXIS2_PLACEMENT_3D ( 'NONE', #2196, #4741, #7211 ) ;
#7438 = LINE ( 'NONE', #404, #2287 ) ;
#7439 = CARTESIAN_POINT ( 'NONE',  ( 2.332849267653418046, 2.332849267653417158, 8.550000000000000711 ) ) ;
#7440 = STYLED_ITEM ( 'NONE', ( #5559 ), #4748 ) ;
#7441 = CARTESIAN_POINT ( 'NONE',  ( -0.3012548339959390531, 4.778745166004060074, 8.016309119164535701 ) ) ;
#7442 = ORIENTED_EDGE ( 'NONE', *, *, #4468, .T. ) ;
#7443 = ORIENTED_EDGE ( 'NONE', *, *, #6326, .T. ) ;
#7444 = EDGE_CURVE ( 'NONE', #2429, #5374, #8163, .T. ) ;
#7445 = CARTESIAN_POINT ( 'NONE',  ( 0.3134175730544423999, -0.2890920949374365390, 7.947330798265291207 ) ) ;
#7446 = PRESENTATION_LAYER_ASSIGNMENT (  '', '', ( #2831 ) ) ;
#7447 =( LENGTH_UNIT ( ) NAMED_UNIT ( * ) SI_UNIT ( .MILLI., .METRE. ) );
#7448 = CARTESIAN_POINT ( 'NONE',  ( 2.238745166004060927, 2.841254833995939144, -2.466309119164537655 ) ) ;
#7449 =( NAMED_UNIT ( * ) PLANE_ANGLE_UNIT ( ) SI_UNIT ( $, .RADIAN. ) );
#7450 = VECTOR ( 'NONE', #5767, 1000.000000000000000 ) ;
#7451 = CARTESIAN_POINT ( 'NONE',  ( 0.2890920949374360394, 2.226582426945557636, 7.947330798265291207 ) ) ;
#7452 = COLOUR_RGB ( '',0.9686274509803921573, 0.8784313725490195957, 0.5999999999999999778 ) ;
#7453 = EDGE_LOOP ( 'NONE', ( #7130, #6322, #2520, #7821, #1447, #6501 ) ) ;
#7454 = SURFACE_STYLE_USAGE ( .BOTH. , #8123 ) ;
#7455 = LINE ( 'NONE', #5495, #5945 ) ;
#7456 = AXIS2_PLACEMENT_3D ( 'NONE', #1593, #1631, #7769 ) ;
#7457 = DIRECTION ( 'NONE',  ( 8.470329472543003391E-17, -1.000000000000000000, 0.000000000000000000 ) ) ;
#7458 =( GEOMETRIC_REPRESENTATION_CONTEXT ( 3 ) GLOBAL_UNCERTAINTY_ASSIGNED_CONTEXT ( ( #241 ) ) GLOBAL_UNIT_ASSIGNED_CONTEXT ( ( #3510, #2220, #5353 ) ) REPRESENTATION_CONTEXT ( 'NONE', 'WORKASPACE' ) );
#7459 = CARTESIAN_POINT ( 'NONE',  ( 0.000000000000000000, 0.000000000000000000, 2.449999999999999734 ) ) ;
#7460 = LINE ( 'NONE', #4875, #1875 ) ;
#7461 = CARTESIAN_POINT ( 'NONE',  ( -0.2221105522436132573, -1.269999999999996465, 1.741970206909852825 ) ) ;
#7462 = ORIENTED_EDGE ( 'NONE', *, *, #5324, .T. ) ;
#7463 = COLOUR_RGB ( '',0.9686274509803921573, 0.8784313725490195957, 0.5999999999999999778 ) ;
#7464 = DIRECTION ( 'NONE',  ( 1.000000000000000000, 0.000000000000000000, -0.000000000000000000 ) ) ;
#7465 = ORIENTED_EDGE ( 'NONE', *, *, #3655, .T. ) ;
#7466 = FACE_OUTER_BOUND ( 'NONE', #4994, .T. ) ;
#7467 = EDGE_LOOP ( 'NONE', ( #4690, #4927, #5013, #8031 ) ) ;
#7468 = LINE ( 'NONE', #1801, #3139 ) ;
#7469 = LINE ( 'NONE', #6821, #1732 ) ;
#7470 = DIRECTION ( 'NONE',  ( -0.000000000000000000, 1.000000000000000000, 0.000000000000000000 ) ) ;
#7471 = COLOUR_RGB ( '',0.9686274509803921573, 0.8784313725490195957, 0.5999999999999999778 ) ;
#7472 = DIRECTION ( 'NONE',  ( 1.000000000000000000, 0.000000000000000000, 0.000000000000000000 ) ) ;
#7473 = EDGE_CURVE ( 'NONE', #7140, #7101, #5537, .T. ) ;
#7474 = CARTESIAN_POINT ( 'NONE',  ( 2.796000000000000263, 5.335999999999999410, 8.550000000000000711 ) ) ;
#7475 = VERTEX_POINT ( 'NONE', #5029 ) ;
#7476 = FILL_AREA_STYLE_COLOUR ( '', #1123 ) ;
#7477 = VECTOR ( 'NONE', #1063, 1000.000000000000000 ) ;
#7478 = EDGE_LOOP ( 'NONE', ( #4980, #5115, #4230, #6693, #1992, #5081 ) ) ;
#7479 = EDGE_CURVE ( 'NONE', #5849, #7138, #6810, .T. ) ;
#7480 = EDGE_CURVE ( 'NONE', #6984, #5652, #1872, .T. ) ;
#7481 = CARTESIAN_POINT ( 'NONE',  ( 0.2344867770528498985, -1.269999999999991136, 1.702869330121560276 ) ) ;
#7482 = CARTESIAN_POINT ( 'NONE',  ( 0.2518730436385681060, -1.170000000000000151, 0.7762156859387978614 ) ) ;
#7483 = CARTESIAN_POINT ( 'NONE',  ( -0.2713260487806439802, -1.169999999999997486, 0.8478598182612381295 ) ) ;
#7484 = LINE ( 'NONE', #6710, #3193 ) ;
#7485 = VERTEX_POINT ( 'NONE', #6765 ) ;
#7486 = CARTESIAN_POINT ( 'NONE',  ( 2.841254833995939588, 5.381254833995939180, -2.466309119164536767 ) ) ;
#7487 = EDGE_LOOP ( 'NONE', ( #4956, #1115, #1592, #5708 ) ) ;
#7488 = DIRECTION ( 'NONE',  ( 1.000000000000000000, 0.000000000000000000, 0.000000000000000000 ) ) ;
#7489 = ORIENTED_EDGE ( 'NONE', *, *, #660, .F. ) ;
#7490 =( LENGTH_UNIT ( ) NAMED_UNIT ( * ) SI_UNIT ( .MILLI., .METRE. ) );
#7491 = CARTESIAN_POINT ( 'NONE',  ( -0.3012548339959391086, 0.3012548339959384425, 8.016309119164535701 ) ) ;
#7492 = FILL_AREA_STYLE ('',( #5020 ) ) ;
#7493 =( BOUNDED_CURVE ( )  B_SPLINE_CURVE ( 3, ( #7736, #5882, #269, #7855 ),
 .UNSPECIFIED., .F., .F. ) 
 B_SPLINE_CURVE_WITH_KNOTS ( ( 4, 4 ),
 ( 3.141592653589793560, 3.926990816987243171 ),
 .UNSPECIFIED. ) 
 CURVE ( )  GEOMETRIC_REPRESENTATION_ITEM ( )  RATIONAL_B_SPLINE_CURVE ( ( 1.000000000000000000, 0.9492530216741910110, 0.9492530216741910110, 1.000000000000000000 ) ) 
 REPRESENTATION_ITEM ( '' )  );
#7494 = CARTESIAN_POINT ( 'NONE',  ( 2.226582426945558080, 2.250907905062563774, 7.947330798265292984 ) ) ;
#7495 = ORIENTED_EDGE ( 'NONE', *, *, #7922, .T. ) ;
#7496 = CARTESIAN_POINT ( 'NONE',  ( 1.370000000000002105, 5.870000000000000107, 0.6000000000000000888 ) ) ;
#7497 = SURFACE_STYLE_USAGE ( .BOTH. , #6269 ) ;
#7498 =( GEOMETRIC_REPRESENTATION_CONTEXT ( 3 ) GLOBAL_UNCERTAINTY_ASSIGNED_CONTEXT ( ( #4226 ) ) GLOBAL_UNIT_ASSIGNED_CONTEXT ( ( #8055, #3582, #1220 ) ) REPRESENTATION_CONTEXT ( 'NONE', 'WORKASPACE' ) );
#7499 = FACE_OUTER_BOUND ( 'NONE', #4025, .T. ) ;
#7500 = LINE ( 'NONE', #589, #1982 ) ;
#7501 = DIRECTION ( 'NONE',  ( -8.470329472543003391E-17, 1.000000000000000000, 0.000000000000000000 ) ) ;
#7502 = CARTESIAN_POINT ( 'NONE',  ( 0.3200000000000001177, 4.823999999999998956, 7.909999999999988596 ) ) ;
#7503 = EDGE_LOOP ( 'NONE', ( #4743, #2705 ) ) ;
#7504 = AXIS2_PLACEMENT_3D ( 'NONE', #4080, #1021, #852 ) ;
#7505 = DIRECTION ( 'NONE',  ( 4.224164308385081333E-16, -1.000000000000000000, 0.000000000000000000 ) ) ;
#7506 = ORIENTED_EDGE ( 'NONE', *, *, #2013, .T. ) ;
#7507 = SURFACE_STYLE_FILL_AREA ( #1798 ) ;
#7508 = EDGE_LOOP ( 'NONE', ( #4043, #7859, #6815, #6848, #5673, #2221 ) ) ;
#7509 = LINE ( 'NONE', #5545, #6697 ) ;
#7510 = LINE ( 'NONE', #3117, #362 ) ;
#7511 = CARTESIAN_POINT ( 'NONE',  ( -0.2713367824627651581, -1.169999999999999929, 1.457141330931055911 ) ) ;
#7512 = AXIS2_PLACEMENT_3D ( 'NONE', #7578, #28, #752 ) ;
#7513 = CARTESIAN_POINT ( 'NONE',  ( 0.2890920949374359283, 0.3134175730544416782, 7.947330798265292984 ) ) ;
#7514 = FILL_AREA_STYLE ('',( #5088 ) ) ;
#7515 = EDGE_CURVE ( 'NONE', #7212, #45, #1174, .T. ) ;
#7516 = VERTEX_POINT ( 'NONE', #1059 ) ;
#7517 = CARTESIAN_POINT ( 'NONE',  ( -1.270000000000000462, 6.099999999999998757, 0.5999999999999998668 ) ) ;
#7518 = ORIENTED_EDGE ( 'NONE', *, *, #5397, .T. ) ;
#7519 = EDGE_CURVE ( 'NONE', #2673, #6383, #6885, .T. ) ;
#7520 = CARTESIAN_POINT ( 'NONE',  ( 0.2216643011576630018, -1.269999999999996021, 1.157682800369860265 ) ) ;
#7521 = LINE ( 'NONE', #4891, #8205 ) ;
#7522 = CARTESIAN_POINT ( 'NONE',  ( 2.747150732346582025, -0.2071507323465826833, 8.550000000000000711 ) ) ;
#7523 = UNCERTAINTY_MEASURE_WITH_UNIT (LENGTH_MEASURE( 1.000000000000000082E-05 ), #7960, 'distance_accuracy_value', 'NONE');
#7524 = DIRECTION ( 'NONE',  ( 0.000000000000000000, 0.000000000000000000, -1.000000000000000000 ) ) ;
#7525 = CARTESIAN_POINT ( 'NONE',  ( 0.2349853985410841062, -1.270000000000000906, 1.691388943598387540 ) ) ;
#7526 = CARTESIAN_POINT ( 'NONE',  ( -0.2349397590361445576, -1.270000000000000906, 1.458064759036144631 ) ) ;
#7527 = EDGE_CURVE ( 'NONE', #4804, #1427, #5576, .T. ) ;
#7528 = CARTESIAN_POINT ( 'NONE',  ( 2.796000000000000263, 2.860000000000000320, -2.359999999999988773 ) ) ;
#7529 = ORIENTED_EDGE ( 'NONE', *, *, #2692, .T. ) ;
#7530 = CARTESIAN_POINT ( 'NONE',  ( 1.520000000000000240, -1.019999999999998685, 2.500000000000000000 ) ) ;
#7531 = ORIENTED_EDGE ( 'NONE', *, *, #180, .F. ) ;
#7532 = ADVANCED_FACE ( 'NONE', ( #8129 ), #3023, .F. ) ;
#7533 = CARTESIAN_POINT ( 'NONE',  ( 2.841254833995939588, 2.238745166004060039, 8.016309119164535701 ) ) ;
#7534 = PRESENTATION_STYLE_ASSIGNMENT (( #5146 ) ) ;
#7535 = PLANE ( 'NONE',  #6904 ) ;
#7536 = VECTOR ( 'NONE', #7936, 1000.000000000000000 ) ;
#7537 = EDGE_CURVE ( 'NONE', #1807, #5467, #3064, .T. ) ;
#7538 = VERTEX_POINT ( 'NONE', #1832 ) ;
#7539 = PRESENTATION_LAYER_ASSIGNMENT (  '', '', ( #4649 ) ) ;
#7540 = PLANE ( 'NONE',  #5516 ) ;
#7541 = LINE ( 'NONE', #623, #112 ) ;
#7542 = VECTOR ( 'NONE', #1615, 1000.000000000000000 ) ;
#7543 =( BOUNDED_CURVE ( )  B_SPLINE_CURVE ( 3, ( #7016, #3201, #5826, #5160 ),
 .UNSPECIFIED., .F., .F. ) 
 B_SPLINE_CURVE_WITH_KNOTS ( ( 4, 4 ),
 ( 3.141592653589793116, 3.926990816987242727 ),
 .UNSPECIFIED. ) 
 CURVE ( )  GEOMETRIC_REPRESENTATION_ITEM ( )  RATIONAL_B_SPLINE_CURVE ( ( 1.000000000000000000, 0.9492530216741910110, 0.9492530216741910110, 1.000000000000000000 ) ) 
 REPRESENTATION_ITEM ( '' )  );
#7544 = CARTESIAN_POINT ( 'NONE',  ( 1.269999999999999130, 6.099999999999998757, 2.500000000000000000 ) ) ;
#7545 =( NAMED_UNIT ( * ) PLANE_ANGLE_UNIT ( ) SI_UNIT ( $, .RADIAN. ) );
#7546 = DIRECTION ( 'NONE',  ( -0.000000000000000000, 0.000000000000000000, 1.000000000000000000 ) ) ;
#7547 = DIRECTION ( 'NONE',  ( 8.470329472543003391E-17, -1.000000000000000000, 0.000000000000000000 ) ) ;
#7548 = ORIENTED_EDGE ( 'NONE', *, *, #1603, .F. ) ;
#7549 = VECTOR ( 'NONE', #486, 1000.000000000000000 ) ;
#7550 = DIRECTION ( 'NONE',  ( 0.000000000000000000, 0.3420201433256694901, -0.9396926207859082059 ) ) ;
#7551 = ORIENTED_EDGE ( 'NONE', *, *, #5965, .F. ) ;
#7552 = CARTESIAN_POINT ( 'NONE',  ( 2.841254833995939144, 2.238745166004060483, -2.466309119164537655 ) ) ;
#7553 = ORIENTED_EDGE ( 'NONE', *, *, #2509, .F. ) ;
#7554 = CARTESIAN_POINT ( 'NONE',  ( 2.860000000000000320, -0.2732007105321409557, 7.909999999999986819 ) ) ;
#7555 = CARTESIAN_POINT ( 'NONE',  ( 2.170000000000000373, -1.019999999999999130, 1.599999999999989431 ) ) ;
#7556 = LINE ( 'NONE', #5507, #3414 ) ;
#7557 =( LENGTH_UNIT ( ) NAMED_UNIT ( * ) SI_UNIT ( .MILLI., .METRE. ) );
#7558 = CARTESIAN_POINT ( 'NONE',  ( -0.05396442235651247726, -1.169999999999999929, 1.131698228245897608 ) ) ;
#7559 = CARTESIAN_POINT ( 'NONE',  ( 2.220000000000000195, 5.335999999999999410, 7.909999999999988596 ) ) ;
#7560 = ORIENTED_EDGE ( 'NONE', *, *, #7479, .T. ) ;
#7561 = STYLED_ITEM ( 'NONE', ( #6031 ), #7778 ) ;
#7562 = SURFACE_STYLE_USAGE ( .BOTH. , #7730 ) ;
#7563 =( GEOMETRIC_REPRESENTATION_CONTEXT ( 3 ) GLOBAL_UNCERTAINTY_ASSIGNED_CONTEXT ( ( #4125 ) ) GLOBAL_UNIT_ASSIGNED_CONTEXT ( ( #2130, #1504, #6640 ) ) REPRESENTATION_CONTEXT ( 'NONE', 'WORKASPACE' ) );
#7564 = VERTEX_POINT ( 'NONE', #6229 ) ;
#7565 = CARTESIAN_POINT ( 'NONE',  ( 0.2081842810550352252, -1.269999999999994689, 1.175455635456973624 ) ) ;
#7566 =( NAMED_UNIT ( * ) PLANE_ANGLE_UNIT ( ) SI_UNIT ( $, .RADIAN. ) );
#7567 = FACE_OUTER_BOUND ( 'NONE', #5919, .T. ) ;
#7568 = CARTESIAN_POINT ( 'NONE',  ( -0.3012548339959391086, 2.841254833995938700, 8.016309119164535701 ) ) ;
#7569 = CARTESIAN_POINT ( 'NONE',  ( -0.2326746774003354556, -1.270000000000002238, 1.428617988992419763 ) ) ;
#7570 =( GEOMETRIC_REPRESENTATION_CONTEXT ( 3 ) GLOBAL_UNCERTAINTY_ASSIGNED_CONTEXT ( ( #7427 ) ) GLOBAL_UNIT_ASSIGNED_CONTEXT ( ( #4345, #6109, #2475 ) ) REPRESENTATION_CONTEXT ( 'NONE', 'WORKASPACE' ) );
#7571 = FILL_AREA_STYLE ('',( #1400 ) ) ;
#7572 = VERTEX_POINT ( 'NONE', #5614 ) ;
#7573 = PLANE ( 'NONE',  #5231 ) ;
#7574 = EDGE_LOOP ( 'NONE', ( #7241, #7739, #4870, #4376 ) ) ;
#7575 = EDGE_CURVE ( 'NONE', #7138, #7120, #7460, .T. ) ;
#7576 =( GEOMETRIC_REPRESENTATION_CONTEXT ( 3 ) GLOBAL_UNCERTAINTY_ASSIGNED_CONTEXT ( ( #7114 ) ) GLOBAL_UNIT_ASSIGNED_CONTEXT ( ( #5381, #2288, #7295 ) ) REPRESENTATION_CONTEXT ( 'NONE', 'WORKASPACE' ) );
#7577 = COLOUR_RGB ( '',0.9686274509803921573, 0.8784313725490195957, 0.5999999999999999778 ) ;
#7578 = CARTESIAN_POINT ( 'NONE',  ( -1.020000000000000462, 6.099999999999998757, 2.500000000000000000 ) ) ;
#7579 = PRESENTATION_LAYER_ASSIGNMENT (  '', '', ( #2153 ) ) ;
#7580 = FACE_OUTER_BOUND ( 'NONE', #7698, .T. ) ;
#7581 = CARTESIAN_POINT ( 'NONE',  ( -0.1563994110147663985, -1.243345048151458743, 0.7602983909313323352 ) ) ;
#7582 = VECTOR ( 'NONE', #2325, 1000.000000000000000 ) ;
#7583 = ORIENTED_EDGE ( 'NONE', *, *, #2458, .T. ) ;
#7584 = STYLED_ITEM ( 'NONE', ( #2173 ), #914 ) ;
#7585 = LINE ( 'NONE', #4452, #5816 ) ;
#7586 = EDGE_CURVE ( 'NONE', #510, #5182, #1792, .T. ) ;
#7587 = DIRECTION ( 'NONE',  ( -1.000000000000000000, -0.000000000000000000, -0.000000000000000000 ) ) ;
#7588 = CARTESIAN_POINT ( 'NONE',  ( 0.1771939946250026265, -1.270000000000001128, 0.7717580415739698774 ) ) ;
#7589 = CARTESIAN_POINT ( 'NONE',  ( 2.238745166004060927, 0.3012548339959384425, 8.016309119164535701 ) ) ;
#7590 = PRESENTATION_LAYER_ASSIGNMENT (  '', '', ( #7725 ) ) ;
#7591 = VERTEX_POINT ( 'NONE', #4911 ) ;
#7592 = ORIENTED_EDGE ( 'NONE', *, *, #3691, .T. ) ;
#7593 = CARTESIAN_POINT ( 'NONE',  ( -0.2708727427766610685, -1.169999999999999929, 1.702962049305336345 ) ) ;
#7594 = ORIENTED_EDGE ( 'NONE', *, *, #280, .F. ) ;
#7595 = COLOUR_RGB ( '',0.9686274509803921573, 0.8784313725490195957, 0.5999999999999999778 ) ;
#7596 = VECTOR ( 'NONE', #925, 1000.000000000000000 ) ;
#7597 = CARTESIAN_POINT ( 'NONE',  ( -1.145000000000000906, -1.019999999999998908, 2.374999999999999556 ) ) ;
#7598 = CARTESIAN_POINT ( 'NONE',  ( 1.370000000000002105, 6.099999999999998757, 0.5999999999999998668 ) ) ;
#7599 = FILL_AREA_STYLE ('',( #7720 ) ) ;
#7600 = DIRECTION ( 'NONE',  ( -0.7071067811865515695, -0.000000000000000000, -0.7071067811865435759 ) ) ;
#7601 = CARTESIAN_POINT ( 'NONE',  ( 2.841254833995939144, 2.841254833995938256, 8.016309119164537478 ) ) ;
#7602 = FACE_OUTER_BOUND ( 'NONE', #6416, .T. ) ;
#7603 = AXIS2_PLACEMENT_3D ( 'NONE', #3211, #185, #3164 ) ;
#7604 = EDGE_CURVE ( 'NONE', #5067, #2413, #2855, .T. ) ;
#7605 = VERTEX_POINT ( 'NONE', #470 ) ;
#7606 = EDGE_LOOP ( 'NONE', ( #4015, #5394, #2922, #6278 ) ) ;
#7607 =( NAMED_UNIT ( * ) PLANE_ANGLE_UNIT ( ) SI_UNIT ( $, .RADIAN. ) );
#7608 = DIRECTION ( 'NONE',  ( -1.000000000000000000, -8.470329472543003391E-17, -4.301393535249064745E-33 ) ) ;
#7609 = PRESENTATION_LAYER_ASSIGNMENT (  '', '', ( #1924 ) ) ;
#7610 = FACE_OUTER_BOUND ( 'NONE', #2096, .T. ) ;
#7611 = CARTESIAN_POINT ( 'NONE',  ( 0.1573284206430633214, -1.169999999999999929, 0.7336029765733799168 ) ) ;
#7612 = UNCERTAINTY_MEASURE_WITH_UNIT (LENGTH_MEASURE( 1.000000000000000082E-05 ), #2817, 'distance_accuracy_value', 'NONE');
#7613 = CARTESIAN_POINT ( 'NONE',  ( 2.747150732346582469, -0.2071507323465826000, -3.000000000000000000 ) ) ;
#7614 = CARTESIAN_POINT ( 'NONE',  ( 0.2350082182935541164, -1.270000000000000906, 1.690863535879508994 ) ) ;
#7615 = CARTESIAN_POINT ( 'NONE',  ( -0.2213400359742174472, -1.270000000000001128, 1.401401803917046607 ) ) ;
#7616 = ORIENTED_EDGE ( 'NONE', *, *, #3108, .T. ) ;
#7617 = MECHANICAL_DESIGN_GEOMETRIC_PRESENTATION_REPRESENTATION (  '', ( #6561 ), #472 ) ;
#7618 = DIRECTION ( 'NONE',  ( -0.000000000000000000, 0.000000000000000000, 1.000000000000000000 ) ) ;
#7619 = ORIENTED_EDGE ( 'NONE', *, *, #1458, .T. ) ;
#7620 = CARTESIAN_POINT ( 'NONE',  ( 2.860000000000000320, 0.2559999999999993947, 7.909999999999988596 ) ) ;
#7621 = EDGE_LOOP ( 'NONE', ( #4232, #5544, #4819, #1345, #5813 ) ) ;
#7622 = DIRECTION ( 'NONE',  ( 1.000000000000000000, 0.000000000000000000, 0.000000000000000000 ) ) ;
#7623 = SURFACE_STYLE_FILL_AREA ( #7001 ) ;
#7624 = COLOUR_RGB ( '',0.9686274509803921573, 0.8784313725490195957, 0.5999999999999999778 ) ;
#7625 = FACE_OUTER_BOUND ( 'NONE', #2681, .T. ) ;
#7626 =( NAMED_UNIT ( * ) SI_UNIT ( $, .STERADIAN. ) SOLID_ANGLE_UNIT ( ) );
#7627 = DIRECTION ( 'NONE',  ( 1.000000000000000000, 8.470329472543003391E-17, 4.301393535249064745E-33 ) ) ;
#7628 = ORIENTED_EDGE ( 'NONE', *, *, #2359, .T. ) ;
#7629 = EDGE_CURVE ( 'NONE', #8050, #1240, #622, .T. ) ;
#7630 = FACE_OUTER_BOUND ( 'NONE', #5939, .T. ) ;
#7631 = EDGE_CURVE ( 'NONE', #2517, #885, #627, .T. ) ;
#7632 = FILL_AREA_STYLE_COLOUR ( '', #2618 ) ;
#7633 = DIRECTION ( 'NONE',  ( -6.842277657836020854E-49, 5.078189165123089681E-17, -1.000000000000000000 ) ) ;
#7634 =( LENGTH_UNIT ( ) NAMED_UNIT ( * ) SI_UNIT ( .MILLI., .METRE. ) );
#7635 = FACE_OUTER_BOUND ( 'NONE', #7453, .T. ) ;
#7636 = EDGE_LOOP ( 'NONE', ( #7669, #563, #6490, #2181 ) ) ;
#7637 = EDGE_CURVE ( 'NONE', #1825, #584, #3151, .T. ) ;
#7638 = DIRECTION ( 'NONE',  ( -1.000000000000000000, 0.000000000000000000, 0.000000000000000000 ) ) ;
#7639 = ORIENTED_EDGE ( 'NONE', *, *, #5120, .T. ) ;
#7640 = COLOUR_RGB ( '',0.9686274509803921573, 0.8784313725490195957, 0.5999999999999999778 ) ;
#7641 = ORIENTED_EDGE ( 'NONE', *, *, #6879, .F. ) ;
#7642 =( NAMED_UNIT ( * ) PLANE_ANGLE_UNIT ( ) SI_UNIT ( $, .RADIAN. ) );
#7643 = CYLINDRICAL_SURFACE ( 'NONE', #1860, 0.06399999999999982092 ) ;
#7644 = CARTESIAN_POINT ( 'NONE',  ( -0.2604139838411317354, -1.200010142570187899, 0.8483446904390422594 ) ) ;
#7645 = PLANE ( 'NONE',  #4007 ) ;
#7646 = CARTESIAN_POINT ( 'NONE',  ( 0.2071507323465825723, -0.2071507323465826000, -3.000000000000000000 ) ) ;
#7647 = LINE ( 'NONE', #6411, #3442 ) ;
#7648 = STYLED_ITEM ( 'NONE', ( #3287 ), #3324 ) ;
#7649 = EDGE_CURVE ( 'NONE', #8013, #1781, #7098, .T. ) ;
#7650 = CARTESIAN_POINT ( 'NONE',  ( -0.2349397590361448074, -1.270000000000000018, 1.095301204819277396 ) ) ;
#7651 = ORIENTED_EDGE ( 'NONE', *, *, #5729, .F. ) ;
#7652 = EDGE_LOOP ( 'NONE', ( #334, #3318, #5542, #3968, #4730, #6403 ) ) ;
#7653 = FACE_OUTER_BOUND ( 'NONE', #7011, .T. ) ;
#7654 = CARTESIAN_POINT ( 'NONE',  ( 0.2708727427766629559, -1.169999999999999929, 0.8370379506946727943 ) ) ;
#7655 = CARTESIAN_POINT ( 'NONE',  ( 0.3012548339959390531, 5.381254833995938291, 8.016309119164537478 ) ) ;
#7656 = PLANE ( 'NONE',  #6266 ) ;
#7657 = CARTESIAN_POINT ( 'NONE',  ( -0.1665885810817074042, -1.270000000000001128, 1.769266317007092137 ) ) ;
#7658 = ORIENTED_EDGE ( 'NONE', *, *, #2372, .F. ) ;
#7659 = MECHANICAL_DESIGN_GEOMETRIC_PRESENTATION_REPRESENTATION (  '', ( #6862 ), #4496 ) ;
#7660 = CARTESIAN_POINT ( 'NONE',  ( 0.09036144578313230757, -1.270000000000000018, 1.625421686746987948 ) ) ;
#7661 = ORIENTED_EDGE ( 'NONE', *, *, #6776, .F. ) ;
#7662 = FILL_AREA_STYLE_COLOUR ( '', #857 ) ;
#7663 = VERTEX_POINT ( 'NONE', #1961 ) ;
#7664 = DIRECTION ( 'NONE',  ( -0.000000000000000000, 1.000000000000000000, 0.000000000000000000 ) ) ;
#7665 = CARTESIAN_POINT ( 'NONE',  ( 2.859999999999999876, 4.806799289467859282, -2.359999999999986997 ) ) ;
#7666 = LINE ( 'NONE', #2565, #4143 ) ;
#7667 = CARTESIAN_POINT ( 'NONE',  ( -0.1570750383009099360, -1.190005857523095845, 0.7408845132227571684 ) ) ;
#7668 = CARTESIAN_POINT ( 'NONE',  ( 2.859999999999999876, 0.2732007105321401230, -2.359999999999986997 ) ) ;
#7669 = ORIENTED_EDGE ( 'NONE', *, *, #7586, .T. ) ;
#7670 = FILL_AREA_STYLE_COLOUR ( '', #203 ) ;
#7671 =( BOUNDED_CURVE ( )  B_SPLINE_CURVE ( 3, ( #4166, #7925, #5843, #3499 ),
 .UNSPECIFIED., .F., .F. ) 
 B_SPLINE_CURVE_WITH_KNOTS ( ( 4, 4 ),
 ( 2.356194490192345281, 3.141592653589793116 ),
 .UNSPECIFIED. ) 
 CURVE ( )  GEOMETRIC_REPRESENTATION_ITEM ( )  RATIONAL_B_SPLINE_CURVE ( ( 1.000000000000000000, 0.9492530216741912330, 0.9492530216741912330, 1.000000000000000000 ) ) 
 REPRESENTATION_ITEM ( '' )  );
#7672 =( NAMED_UNIT ( * ) SI_UNIT ( $, .STERADIAN. ) SOLID_ANGLE_UNIT ( ) );
#7673 = SURFACE_STYLE_FILL_AREA ( #2489 ) ;
#7674 = CARTESIAN_POINT ( 'NONE',  ( 0.2786410898395580982, -1.149999999999999245, 0.8485582526187553931 ) ) ;
#7675 = EDGE_CURVE ( 'NONE', #1060, #4457, #3323, .T. ) ;
#7676 = VECTOR ( 'NONE', #471, 1000.000000000000114 ) ;
#7677 = ORIENTED_EDGE ( 'NONE', *, *, #3285, .T. ) ;
#7678 = FACE_OUTER_BOUND ( 'NONE', #126, .T. ) ;
#7679 = PRESENTATION_LAYER_ASSIGNMENT (  '', '', ( #4651 ) ) ;
#7680 = FACE_OUTER_BOUND ( 'NONE', #8060, .T. ) ;
#7681 = EDGE_CURVE ( 'NONE', #3175, #7591, #3864, .T. ) ;
#7682 = CARTESIAN_POINT ( 'NONE',  ( 0.3012548339959390531, 2.841254833995938256, 8.016309119164537478 ) ) ;
#7683 = FACE_OUTER_BOUND ( 'NONE', #4036, .T. ) ;
#7684 = DIRECTION ( 'NONE',  ( 1.000000000000000000, 0.000000000000000000, 0.000000000000000000 ) ) ;
#7685 = CARTESIAN_POINT ( 'NONE',  ( 0.7699999999999993516, 6.349999999999999645, 2.500000000000000000 ) ) ;
#7686 = CARTESIAN_POINT ( 'NONE',  ( 0.2560000000000001719, 2.860000000000000320, -2.359999999999988773 ) ) ;
#7687 = LINE ( 'NONE', #2543, #3356 ) ;
#7688 = ORIENTED_EDGE ( 'NONE', *, *, #7675, .F. ) ;
#7689 = ORIENTED_EDGE ( 'NONE', *, *, #4451, .T. ) ;
#7690 = SURFACE_STYLE_FILL_AREA ( #140 ) ;
#7691 = DIRECTION ( 'NONE',  ( 0.000000000000000000, 0.3420201433256694901, 0.9396926207859082059 ) ) ;
#7692 = AXIS2_PLACEMENT_3D ( 'NONE', #6698, #355, #7853 ) ;
#7693 = CARTESIAN_POINT ( 'NONE',  ( 2.747150732346582469, 2.332849267653417158, -3.000000000000000000 ) ) ;
#7694 = CARTESIAN_POINT ( 'NONE',  ( 0.3700000000000018274, -1.019999999999998908, 1.600000000000006306 ) ) ;
#7695 = UNCERTAINTY_MEASURE_WITH_UNIT (LENGTH_MEASURE( 1.000000000000000082E-05 ), #4404, 'distance_accuracy_value', 'NONE');
#7696 = CARTESIAN_POINT ( 'NONE',  ( 3.810000000000000053, -1.019999999999999130, 0.5999999999999998668 ) ) ;
#7697 = CARTESIAN_POINT ( 'NONE',  ( -0.2322227741005838397, -1.149999999999997913, 1.793118052090995951 ) ) ;
#7698 = EDGE_LOOP ( 'NONE', ( #1197, #6853, #5042, #3579, #7271, #3238 ) ) ;
#7699 = AXIS2_PLACEMENT_3D ( 'NONE', #4987, #4834, #5498 ) ;
#7700 = PLANE ( 'NONE',  #583 ) ;
#7701 = ORIENTED_EDGE ( 'NONE', *, *, #4049, .T. ) ;
#7702 = CARTESIAN_POINT ( 'NONE',  ( 0.3200000000000001177, 2.219999999999999307, 7.909999999999988596 ) ) ;
#7703 = ORIENTED_EDGE ( 'NONE', *, *, #2514, .T. ) ;
#7704 = DIRECTION ( 'NONE',  ( 1.000000000000000000, 0.000000000000000000, 0.000000000000000000 ) ) ;
#7705 = MECHANICAL_DESIGN_GEOMETRIC_PRESENTATION_REPRESENTATION (  '', ( #157 ), #691 ) ;
#7706 = SURFACE_SIDE_STYLE ('',( #4491 ) ) ;
#7707 = CARTESIAN_POINT ( 'NONE',  ( 0.09036144578313230757, -1.270000000000000018, 1.456746987951807348 ) ) ;
#7708 = EDGE_CURVE ( 'NONE', #4329, #5570, #7008, .T. ) ;
#7709 = ORIENTED_EDGE ( 'NONE', *, *, #1030, .F. ) ;
#7710 = MECHANICAL_DESIGN_GEOMETRIC_PRESENTATION_REPRESENTATION (  '', ( #4812 ), #6911 ) ;
#7711 = PLANE ( 'NONE',  #63 ) ;
#7712 = DIRECTION ( 'NONE',  ( 0.9848077530122085754, 8.341646135128160883E-17, 0.1736481776669278332 ) ) ;
#7713 = CARTESIAN_POINT ( 'NONE',  ( 0.2275784156327410879, -1.270000000000002238, 0.8074457306935144407 ) ) ;
#7714 =( GEOMETRIC_REPRESENTATION_CONTEXT ( 3 ) GLOBAL_UNCERTAINTY_ASSIGNED_CONTEXT ( ( #4882 ) ) GLOBAL_UNIT_ASSIGNED_CONTEXT ( ( #5288, #3449, #7799 ) ) REPRESENTATION_CONTEXT ( 'NONE', 'WORKASPACE' ) );
#7715 = CARTESIAN_POINT ( 'NONE',  ( 0.3012665221284894224, 2.238733477871510669, -2.466242832470900037 ) ) ;
#7716 = STYLED_ITEM ( 'NONE', ( #2872 ), #902 ) ;
#7717 = ORIENTED_EDGE ( 'NONE', *, *, #3575, .T. ) ;
#7718 = CARTESIAN_POINT ( 'NONE',  ( 1.519999999999999574, 6.099999999999998757, 2.500000000000000000 ) ) ;
#7719 = SURFACE_SIDE_STYLE ('',( #49 ) ) ;
#7720 = FILL_AREA_STYLE_COLOUR ( '', #229 ) ;
#7721 = AXIS2_PLACEMENT_3D ( 'NONE', #1463, #7255, #6605 ) ;
#7722 = CARTESIAN_POINT ( 'NONE',  ( -0.3199999999999999512, 0.3199999999999993405, -2.359999999999988773 ) ) ;
#7723 = CARTESIAN_POINT ( 'NONE',  ( -0.2559999999999999498, 4.759999999999999787, 7.909999999999988596 ) ) ;
#7724 = CARTESIAN_POINT ( 'NONE',  ( -0.1692625335108568496, -1.150000000000002798, 0.7271375653299454456 ) ) ;
#7725 = STYLED_ITEM ( 'NONE', ( #7160 ), #1440 ) ;
#7726 = CARTESIAN_POINT ( 'NONE',  ( 2.238745166004060927, 2.238745166004060483, -2.466309119164536767 ) ) ;
#7727 = MECHANICAL_DESIGN_GEOMETRIC_PRESENTATION_REPRESENTATION (  '', ( #6675 ), #3371 ) ;
#7728 = ORIENTED_EDGE ( 'NONE', *, *, #2251, .F. ) ;
#7729 = EDGE_CURVE ( 'NONE', #2832, #3672, #1470, .T. ) ;
#7730 = SURFACE_SIDE_STYLE ('',( #1273 ) ) ;
#7731 = VERTEX_POINT ( 'NONE', #802 ) ;
#7732 = DIRECTION ( 'NONE',  ( -0.1710878697460327114, 0.1710878697460326836, -0.9702875252478149193 ) ) ;
#7733 = PLANE ( 'NONE',  #4336 ) ;
#7734 = EDGE_CURVE ( 'NONE', #7174, #7863, #2633, .T. ) ;
#7735 = PLANE ( 'NONE',  #6222 ) ;
#7736 = CARTESIAN_POINT ( 'NONE',  ( 2.220000000000000195, 5.336000000000000298, -2.359999999999988773 ) ) ;
#7737 = VECTOR ( 'NONE', #3251, 1000.000000000000000 ) ;
#7738 = SURFACE_STYLE_FILL_AREA ( #231 ) ;
#7739 = ORIENTED_EDGE ( 'NONE', *, *, #1651, .T. ) ;
#7740 = DIRECTION ( 'NONE',  ( -0.7071067811865459074, 0.7071067811865491270, 0.000000000000000000 ) ) ;
#7741 = ORIENTED_EDGE ( 'NONE', *, *, #3538, .T. ) ;
#7742 = EDGE_CURVE ( 'NONE', #3403, #2051, #7933, .T. ) ;
#7743 = CARTESIAN_POINT ( 'NONE',  ( 2.220000000000000195, 4.823999999999999844, -2.359999999999988773 ) ) ;
#7744 =( GEOMETRIC_REPRESENTATION_CONTEXT ( 3 ) GLOBAL_UNCERTAINTY_ASSIGNED_CONTEXT ( ( #4811 ) ) GLOBAL_UNIT_ASSIGNED_CONTEXT ( ( #1179, #2991, #433 ) ) REPRESENTATION_CONTEXT ( 'NONE', 'WORKASPACE' ) );
#7745 = ORIENTED_EDGE ( 'NONE', *, *, #4422, .T. ) ;
#7746 = ADVANCED_FACE ( 'NONE', ( #1922 ), #41, .F. ) ;
#7747 =( NAMED_UNIT ( * ) PLANE_ANGLE_UNIT ( ) SI_UNIT ( $, .RADIAN. ) );
#7748 = CARTESIAN_POINT ( 'NONE',  ( -0.1771939946250044862, -1.269999999999984253, 0.7717580415739646593 ) ) ;
#7749 = CARTESIAN_POINT ( 'NONE',  ( 2.796000000000000263, 4.759999999999999787, 7.909999999999988596 ) ) ;
#7750 = AXIS2_PLACEMENT_3D ( 'NONE', #3059, #1056, #5534 ) ;
#7751 = CARTESIAN_POINT ( 'NONE',  ( 0.2299185854234833959, -1.170000000000000151, 1.205590591973311421 ) ) ;
#7752 = ORIENTED_EDGE ( 'NONE', *, *, #6835, .F. ) ;
#7753 = ADVANCED_FACE ( 'NONE', ( #7635 ), #6401, .T. ) ;
#7754 = LINE ( 'NONE', #2080, #5772 ) ;
#7755 = MECHANICAL_DESIGN_GEOMETRIC_PRESENTATION_REPRESENTATION (  '', ( #1012 ), #887 ) ;
#7756 = CARTESIAN_POINT ( 'NONE',  ( 2.796000000000000263, 2.860000000000000320, -2.359999999999988773 ) ) ;
#7757 = CARTESIAN_POINT ( 'NONE',  ( 0.3200000000000000622, 0.3199999999999993405, 8.550000000000000711 ) ) ;
#7758 = FILL_AREA_STYLE_COLOUR ( '', #1491 ) ;
#7759 = CARTESIAN_POINT ( 'NONE',  ( 1.019999999999999130, 6.099999999999998757, 2.500000000000000000 ) ) ;
#7760 = ORIENTED_EDGE ( 'NONE', *, *, #814, .F. ) ;
#7761 = PRESENTATION_STYLE_ASSIGNMENT (( #2199 ) ) ;
#7762 = ORIENTED_EDGE ( 'NONE', *, *, #716, .F. ) ;
#7763 = DIRECTION ( 'NONE',  ( 0.000000000000000000, 0.000000000000000000, 1.000000000000000000 ) ) ;
#7764 = CARTESIAN_POINT ( 'NONE',  ( -0.1973794752863952950, -1.270000000000001794, 0.7781227024462210595 ) ) ;
#7765 =( BOUNDED_CURVE ( )  B_SPLINE_CURVE ( 3, ( #7865, #5472, #7944, #6620 ),
 .UNSPECIFIED., .F., .F. ) 
 B_SPLINE_CURVE_WITH_KNOTS ( ( 4, 4 ),
 ( 2.356194490192344837, 3.141592653589792228 ),
 .UNSPECIFIED. ) 
 CURVE ( )  GEOMETRIC_REPRESENTATION_ITEM ( )  RATIONAL_B_SPLINE_CURVE ( ( 1.000000000000000000, 0.9492530216741912330, 0.9492530216741912330, 1.000000000000000000 ) ) 
 REPRESENTATION_ITEM ( '' )  );
#7766 =( GEOMETRIC_REPRESENTATION_CONTEXT ( 3 ) GLOBAL_UNCERTAINTY_ASSIGNED_CONTEXT ( ( #2552 ) ) GLOBAL_UNIT_ASSIGNED_CONTEXT ( ( #3563, #8034, #3525 ) ) REPRESENTATION_CONTEXT ( 'NONE', 'WORKASPACE' ) );
#7767 = PLANE ( 'NONE',  #7721 ) ;
#7768 = ORIENTED_EDGE ( 'NONE', *, *, #1580, .F. ) ;
#7769 = DIRECTION ( 'NONE',  ( 0.000000000000000000, -1.000000000000000000, 0.000000000000000000 ) ) ;
#7770 = ORIENTED_EDGE ( 'NONE', *, *, #949, .F. ) ;
#7771 = LINE ( 'NONE', #1467, #71 ) ;
#7772 = SURFACE_STYLE_FILL_AREA ( #650 ) ;
#7773 = ADVANCED_FACE ( 'NONE', ( #2785 ), #3489, .T. ) ;
#7774 = SURFACE_STYLE_FILL_AREA ( #4055 ) ;
#7775 = UNCERTAINTY_MEASURE_WITH_UNIT (LENGTH_MEASURE( 1.000000000000000082E-05 ), #7845, 'distance_accuracy_value', 'NONE');
#7776 = AXIS2_PLACEMENT_3D ( 'NONE', #3074, #6238, #3747 ) ;
#7777 = CARTESIAN_POINT ( 'NONE',  ( 2.747150732346582469, 1.754634953454125475E-17, -3.000000000000000000 ) ) ;
#7778 = ADVANCED_FACE ( 'NONE', ( #4780 ), #5444, .T. ) ;
#7779 = VERTEX_POINT ( 'NONE', #2239 ) ;
#7780 = DIRECTION ( 'NONE',  ( -6.842277657836020854E-49, 5.078189165123089681E-17, -1.000000000000000000 ) ) ;
#7781 = ORIENTED_EDGE ( 'NONE', *, *, #1212, .T. ) ;
#7782 = ADVANCED_FACE ( 'NONE', ( #7287 ), #5328, .F. ) ;
#7783 = SURFACE_STYLE_FILL_AREA ( #7084 ) ;
#7784 = VECTOR ( 'NONE', #1210, 1000.000000000000000 ) ;
#7785 = ORIENTED_EDGE ( 'NONE', *, *, #6483, .T. ) ;
#7786 = LINE ( 'NONE', #4488, #7405 ) ;
#7787 = FACE_OUTER_BOUND ( 'NONE', #1779, .T. ) ;
#7788 = ADVANCED_FACE ( 'NONE', ( #6758 ), #8003, .T. ) ;
#7789 = SURFACE_SIDE_STYLE ('',( #7275 ) ) ;
#7790 = LINE ( 'NONE', #3819, #7312 ) ;
#7791 = ORIENTED_EDGE ( 'NONE', *, *, #5725, .F. ) ;
#7792 = DIRECTION ( 'NONE',  ( 1.000000000000000000, 3.336006684570782608E-16, 0.000000000000000000 ) ) ;
#7793 = VERTEX_POINT ( 'NONE', #4902 ) ;
#7794 = CARTESIAN_POINT ( 'NONE',  ( 2.283999999999999808, 2.859999999999999876, 8.550000000000000711 ) ) ;
#7795 = CARTESIAN_POINT ( 'NONE',  ( -0.3012548339959390531, 5.381254833995939180, -2.466309119164537655 ) ) ;
#7796 = PLANE ( 'NONE',  #7966 ) ;
#7797 = CARTESIAN_POINT ( 'NONE',  ( 2.813200710532140381, 4.760000000000000675, -2.359999999999988773 ) ) ;
#7798 = EDGE_CURVE ( 'NONE', #8050, #6636, #3100, .T. ) ;
#7799 =( NAMED_UNIT ( * ) SI_UNIT ( $, .STERADIAN. ) SOLID_ANGLE_UNIT ( ) );
#7800 = EDGE_CURVE ( 'NONE', #2517, #6243, #4827, .T. ) ;
#7801 = ORIENTED_EDGE ( 'NONE', *, *, #6566, .T. ) ;
#7802 = DIRECTION ( 'NONE',  ( 8.470329472543003391E-17, -1.000000000000000000, 0.000000000000000000 ) ) ;
#7803 = DIRECTION ( 'NONE',  ( 0.000000000000000000, -0.000000000000000000, -1.000000000000000000 ) ) ;
#7804 = CARTESIAN_POINT ( 'NONE',  ( 0.2560000000000001719, 0.3199999999999993960, 7.909999999999988596 ) ) ;
#7805 = CARTESIAN_POINT ( 'NONE',  ( -0.1546753745387280943, -1.270000000000001128, 0.7699033747583783338 ) ) ;
#7806 = COLOUR_RGB ( '',0.9686274509803921573, 0.8784313725490195957, 0.5999999999999999778 ) ;
#7807 = FACE_OUTER_BOUND ( 'NONE', #4121, .T. ) ;
#7808 = EDGE_CURVE ( 'NONE', #4726, #6889, #1423, .T. ) ;
#7809 = ORIENTED_EDGE ( 'NONE', *, *, #432, .F. ) ;
#7810 = CARTESIAN_POINT ( 'NONE',  ( 0.2349397590361443910, -1.270000000000000018, 0.8488780120481929092 ) ) ;
#7811 = ORIENTED_EDGE ( 'NONE', *, *, #7991, .T. ) ;
#7812 = AXIS2_PLACEMENT_3D ( 'NONE', #998, #401, #2925 ) ;
#7813 = CARTESIAN_POINT ( 'NONE',  ( 0.3464101615137756829, -1.046666666666666856, 2.449999999999999734 ) ) ;
#7814 = FILL_AREA_STYLE ('',( #5176 ) ) ;
#7815 = COLOUR_RGB ( '',0.9686274509803921573, 0.8784313725490195957, 0.5999999999999999778 ) ;
#7816 = FACE_OUTER_BOUND ( 'NONE', #1630, .T. ) ;
#7817 =( BOUNDED_CURVE ( )  B_SPLINE_CURVE ( 3, ( #5257, #7066, #2711, #7846 ),
 .UNSPECIFIED., .F., .F. ) 
 B_SPLINE_CURVE_WITH_KNOTS ( ( 4, 4 ),
 ( 8.470329472543024098E-16, 0.7853981633974481680 ),
 .UNSPECIFIED. ) 
 CURVE ( )  GEOMETRIC_REPRESENTATION_ITEM ( )  RATIONAL_B_SPLINE_CURVE ( ( 1.000000000000000000, 0.9492530216741912330, 0.9492530216741912330, 1.000000000000000000 ) ) 
 REPRESENTATION_ITEM ( '' )  );
#7818 = DIRECTION ( 'NONE',  ( 1.000000000000000000, 8.470329472543003391E-17, 4.301393535249064745E-33 ) ) ;
#7819 = ORIENTED_EDGE ( 'NONE', *, *, #7093, .T. ) ;
#7820 = SURFACE_STYLE_USAGE ( .BOTH. , #4179 ) ;
#7821 = ORIENTED_EDGE ( 'NONE', *, *, #540, .F. ) ;
#7822 = AXIS2_PLACEMENT_3D ( 'NONE', #1842, #3625, #7385 ) ;
#7823 = ORIENTED_EDGE ( 'NONE', *, *, #7991, .F. ) ;
#7824 = PRESENTATION_STYLE_ASSIGNMENT (( #5310 ) ) ;
#7825 =( LENGTH_UNIT ( ) NAMED_UNIT ( * ) SI_UNIT ( .MILLI., .METRE. ) );
#7826 = LINE ( 'NONE', #5975, #1764 ) ;
#7827 =( GEOMETRIC_REPRESENTATION_CONTEXT ( 3 ) GLOBAL_UNCERTAINTY_ASSIGNED_CONTEXT ( ( #4056 ) ) GLOBAL_UNIT_ASSIGNED_CONTEXT ( ( #227, #6007, #1637 ) ) REPRESENTATION_CONTEXT ( 'NONE', 'WORKASPACE' ) );
#7828 = EDGE_CURVE ( 'NONE', #4250, #1623, #462, .T. ) ;
#7829 = VERTEX_POINT ( 'NONE', #2980 ) ;
#7830 = FACE_OUTER_BOUND ( 'NONE', #7850, .T. ) ;
#7831 = ORIENTED_EDGE ( 'NONE', *, *, #2828, .T. ) ;
#7832 = VECTOR ( 'NONE', #2515, 1000.000000000000000 ) ;
#7833 = CARTESIAN_POINT ( 'NONE',  ( -5.969498373869599761E-17, -1.270000000000000018, 1.270000000000000018 ) ) ;
#7834 = COLOUR_RGB ( '',0.9686274509803921573, 0.8784313725490195957, 0.5999999999999999778 ) ;
#7835 = CARTESIAN_POINT ( 'NONE',  ( 3.809999999999999165, 6.099999999999998757, 2.350000000000000089 ) ) ;
#7836 = SURFACE_STYLE_USAGE ( .BOTH. , #7133 ) ;
#7837 = ADVANCED_FACE ( 'NONE', ( #6800 ), #6721, .F. ) ;
#7838 = VECTOR ( 'NONE', #2764, 1000.000000000000000 ) ;
#7839 = ORIENTED_EDGE ( 'NONE', *, *, #7413, .T. ) ;
#7840 = CONICAL_SURFACE ( 'NONE', #1754, 0.6500000000000000222, 0.3490658503988666728 ) ;
#7841 = DIRECTION ( 'NONE',  ( 1.000000000000000000, 8.470329472543003391E-17, 4.301393535249064745E-33 ) ) ;
#7842 = ADVANCED_FACE ( 'NONE', ( #499 ), #3651, .F. ) ;
#7843 = EDGE_CURVE ( 'NONE', #5723, #3509, #4941, .T. ) ;
#7844 = CARTESIAN_POINT ( 'NONE',  ( -0.09036144578313276554, -1.270000000000000018, 1.625421686746987948 ) ) ;
#7845 =( LENGTH_UNIT ( ) NAMED_UNIT ( * ) SI_UNIT ( .MILLI., .METRE. ) );
#7846 = CARTESIAN_POINT ( 'NONE',  ( 0.3012548339959392751, -0.3012548339959398302, 8.016309119164535701 ) ) ;
#7847 = PRESENTATION_LAYER_ASSIGNMENT (  '', '', ( #3882 ) ) ;
#7848 = DIRECTION ( 'NONE',  ( 0.000000000000000000, 0.000000000000000000, -1.000000000000000000 ) ) ;
#7849 = ORIENTED_EDGE ( 'NONE', *, *, #6311, .F. ) ;
#7850 = EDGE_LOOP ( 'NONE', ( #3384, #4888, #3125, #892 ) ) ;
#7851 = LINE ( 'NONE', #6649, #1016 ) ;
#7852 = CARTESIAN_POINT ( 'NONE',  ( -0.09036144578313276554, -1.270000000000000018, 1.462771084337349370 ) ) ;
#7853 = DIRECTION ( 'NONE',  ( 0.000000000000000000, 5.078189165123089681E-17, -1.000000000000000000 ) ) ;
#7854 = UNCERTAINTY_MEASURE_WITH_UNIT (LENGTH_MEASURE( 1.000000000000000082E-05 ), #6241, 'distance_accuracy_value', 'NONE');
#7855 = CARTESIAN_POINT ( 'NONE',  ( 2.238745166004060927, 5.381254833995939180, -2.466309119164537655 ) ) ;
#7856 = CARTESIAN_POINT ( 'NONE',  ( 0.07269664355964425284, -1.221466354771834961, 1.607756884523499963 ) ) ;
#7857 = VECTOR ( 'NONE', #2347, 1000.000000000000000 ) ;
#7858 = CLOSED_SHELL ( 'NONE', ( #881, #6622, #3920, #174, #2120, #1117, #3373, #7773, #7886, #4136, #3068, #1498, #6268, #7429, #2903, #3540, #6030, #7778 ) ) ;
#7859 = ORIENTED_EDGE ( 'NONE', *, *, #1817, .T. ) ;
#7860 = LINE ( 'NONE', #1523, #4417 ) ;
#7861 = ORIENTED_EDGE ( 'NONE', *, *, #1166, .F. ) ;
#7862 = DIRECTION ( 'NONE',  ( -0.7071067811865456854, -0.7071067811865493491, 0.000000000000000000 ) ) ;
#7863 = VERTEX_POINT ( 'NONE', #3690 ) ;
#7864 =( GEOMETRIC_REPRESENTATION_CONTEXT ( 3 ) GLOBAL_UNCERTAINTY_ASSIGNED_CONTEXT ( ( #7047 ) ) GLOBAL_UNIT_ASSIGNED_CONTEXT ( ( #6022, #2890, #3439 ) ) REPRESENTATION_CONTEXT ( 'NONE', 'WORKASPACE' ) );
#7865 = CARTESIAN_POINT ( 'NONE',  ( 0.3012548339959391641, -0.3012548339959392751, -2.466309119164537655 ) ) ;
#7866 = PRESENTATION_STYLE_ASSIGNMENT (( #2774 ) ) ;
#7867 = DIRECTION ( 'NONE',  ( -1.000000000000000000, -1.218204688185960556E-16, 0.000000000000000000 ) ) ;
#7868 = CARTESIAN_POINT ( 'NONE',  ( 1.520000000000000240, 5.870000000000000107, 0.000000000000000000 ) ) ;
#7869 = AXIS2_PLACEMENT_3D ( 'NONE', #8170, #6358, #4545 ) ;
#7870 = CARTESIAN_POINT ( 'NONE',  ( 2.860000000000000320, 5.335999999999999410, 7.909999999999988596 ) ) ;
#7871 = ORIENTED_EDGE ( 'NONE', *, *, #1775, .F. ) ;
#7872 = ORIENTED_EDGE ( 'NONE', *, *, #4521, .F. ) ;
#7873 = CARTESIAN_POINT ( 'NONE',  ( 3.559999999999999609, 6.099999999999998757, 0.000000000000000000 ) ) ;
#7874 = DIRECTION ( 'NONE',  ( 6.842277657836020854E-49, -5.078189165123089681E-17, 1.000000000000000000 ) ) ;
#7875 =( GEOMETRIC_REPRESENTATION_CONTEXT ( 3 ) GLOBAL_UNCERTAINTY_ASSIGNED_CONTEXT ( ( #5048 ) ) GLOBAL_UNIT_ASSIGNED_CONTEXT ( ( #3274, #7051, #1917 ) ) REPRESENTATION_CONTEXT ( 'NONE', 'WORKASPACE' ) );
#7876 = CARTESIAN_POINT ( 'NONE',  ( 2.841254833995939144, 4.778745166004060962, -2.466309119164537655 ) ) ;
#7877 = EDGE_CURVE ( 'NONE', #8198, #2694, #2038, .T. ) ;
#7878 = ADVANCED_FACE ( 'NONE', ( #5147 ), #8195, .T. ) ;
#7879 = VERTEX_POINT ( 'NONE', #81 ) ;
#7880 = VECTOR ( 'NONE', #5920, 1000.000000000000000 ) ;
#7881 = CARTESIAN_POINT ( 'NONE',  ( 3.809999999999999165, 6.099999999999998757, 2.500000000000000000 ) ) ;
#7882 = CARTESIAN_POINT ( 'NONE',  ( 0.2648725728170316374, -1.149999999999998579, 1.169191540051062850 ) ) ;
#7883 =( NAMED_UNIT ( * ) SI_UNIT ( $, .STERADIAN. ) SOLID_ANGLE_UNIT ( ) );
#7884 = FILL_AREA_STYLE_COLOUR ( '', #7577 ) ;
#7885 = APPLICATION_PROTOCOL_DEFINITION ( 'draft international standard', 'automotive_design', 1998, #2684 ) ;
#7886 = ADVANCED_FACE ( 'NONE', ( #3817 ), #7535, .T. ) ;
#7887 = ORIENTED_EDGE ( 'NONE', *, *, #4468, .F. ) ;
#7888 = CARTESIAN_POINT ( 'NONE',  ( 0.000000000000000000, 0.2071507323465822670, -3.000000000000000000 ) ) ;
#7889 = VERTEX_POINT ( 'NONE', #3859 ) ;
#7890 = LINE ( 'NONE', #225, #4318 ) ;
#7891 = SURFACE_STYLE_USAGE ( .BOTH. , #5388 ) ;
#7892 = FILL_AREA_STYLE_COLOUR ( '', #5053 ) ;
#7893 = CARTESIAN_POINT ( 'NONE',  ( 1.019999999999999796, -1.019999999999999130, 0.4500000000000018430 ) ) ;
#7894 = LINE ( 'NONE', #7230, #4419 ) ;
#7895 = AXIS2_PLACEMENT_3D ( 'NONE', #5082, #5787, #2008 ) ;
#7896 = EDGE_CURVE ( 'NONE', #3663, #3679, #7248, .T. ) ;
#7897 = ORIENTED_EDGE ( 'NONE', *, *, #5946, .F. ) ;
#7898 = DIRECTION ( 'NONE',  ( 0.000000000000000000, 1.000000000000000000, 0.000000000000000000 ) ) ;
#7899 = ORIENTED_EDGE ( 'NONE', *, *, #7382, .F. ) ;
#7900 = LINE ( 'NONE', #7940, #2432 ) ;
#7901 = VERTEX_POINT ( 'NONE', #5186 ) ;
#7902 = VECTOR ( 'NONE', #6736, 1000.000000000000000 ) ;
#7903 = LINE ( 'NONE', #4100, #135 ) ;
#7904 = CARTESIAN_POINT ( 'NONE',  ( -0.2560000000000000608, 2.859999999999999876, 7.909999999999988596 ) ) ;
#7905 = SURFACE_STYLE_FILL_AREA ( #242 ) ;
#7906 = LINE ( 'NONE', #1485, #3865 ) ;
#7907 = COLOUR_RGB ( '',0.9686274509803921573, 0.8784313725490195957, 0.5999999999999999778 ) ;
#7908 = FACE_OUTER_BOUND ( 'NONE', #6872, .T. ) ;
#7909 = ORIENTED_EDGE ( 'NONE', *, *, #6216, .T. ) ;
#7910 = DIRECTION ( 'NONE',  ( 0.000000000000000000, 0.000000000000000000, -1.000000000000000000 ) ) ;
#7911 = ORIENTED_EDGE ( 'NONE', *, *, #5267, .F. ) ;
#7912 =( NAMED_UNIT ( * ) SI_UNIT ( $, .STERADIAN. ) SOLID_ANGLE_UNIT ( ) );
#7913 = LINE ( 'NONE', #7244, #1590 ) ;
#7914 = CARTESIAN_POINT ( 'NONE',  ( 2.860000000000000320, 5.399999999999999467, 8.550000000000000711 ) ) ;
#7915 = MECHANICAL_DESIGN_GEOMETRIC_PRESENTATION_REPRESENTATION (  '', ( #3007 ), #6463 ) ;
#7916 = FACE_OUTER_BOUND ( 'NONE', #7400, .T. ) ;
#7917 = DIRECTION ( 'NONE',  ( -0.1710878697460331277, 0.1710878697460330722, 0.9702875252478149193 ) ) ;
#7918 = EDGE_LOOP ( 'NONE', ( #2683, #2329, #1464, #4759 ) ) ;
#7919 = MECHANICAL_DESIGN_GEOMETRIC_PRESENTATION_REPRESENTATION (  '', ( #372 ), #6205 ) ;
#7920 = SURFACE_SIDE_STYLE ('',( #5251 ) ) ;
#7921 = CARTESIAN_POINT ( 'NONE',  ( 0.2599231866027900129, -1.150000000000000355, 1.179124043684506740 ) ) ;
#7922 = EDGE_CURVE ( 'NONE', #7193, #2856, #753, .T. ) ;
#7923 = CARTESIAN_POINT ( 'NONE',  ( 1.770000000000000462, -1.270000000000000018, 2.500000000000000000 ) ) ;
#7924 = CARTESIAN_POINT ( 'NONE',  ( -1.019999999999999796, -0.000000000000000000, 0.000000000000000000 ) ) ;
#7925 = CARTESIAN_POINT ( 'NONE',  ( -0.2890920949374358173, 5.393417573054441583, -2.397330798265292717 ) ) ;
#7926 = FILL_AREA_STYLE_COLOUR ( '', #5899 ) ;
#7927 = ADVANCED_FACE ( 'NONE', ( #4142 ), #4696, .T. ) ;
#7928 = EDGE_LOOP ( 'NONE', ( #2643, #4315, #4462, #162, #2050, #2848 ) ) ;
#7929 = CARTESIAN_POINT ( 'NONE',  ( -0.2732007105321400675, 5.399999999999999467, 7.909999999999988596 ) ) ;
#7930 = VERTEX_POINT ( 'NONE', #7868 ) ;
#7931 = CARTESIAN_POINT ( 'NONE',  ( 2.540000000000000036, 0.2071507323465813233, 8.550000000000000711 ) ) ;
#7932 = CARTESIAN_POINT ( 'NONE',  ( -1.269999999999999574, -1.019999999999998908, 2.350000000000000089 ) ) ;
#7933 =( BOUNDED_CURVE ( )  B_SPLINE_CURVE ( 3, ( #7589, #5862, #5247, #6969 ),
 .UNSPECIFIED., .F., .F. ) 
 B_SPLINE_CURVE_WITH_KNOTS ( ( 4, 4 ),
 ( 5.497787143782138841, 6.283185307179586232 ),
 .UNSPECIFIED. ) 
 CURVE ( )  GEOMETRIC_REPRESENTATION_ITEM ( )  RATIONAL_B_SPLINE_CURVE ( ( 1.000000000000000000, 0.9492530216741912330, 0.9492530216741912330, 1.000000000000000000 ) ) 
 REPRESENTATION_ITEM ( '' )  );
#7934 = UNCERTAINTY_MEASURE_WITH_UNIT (LENGTH_MEASURE( 1.000000000000000082E-05 ), #3508, 'distance_accuracy_value', 'NONE');
#7935 = DIRECTION ( 'NONE',  ( 0.000000000000000000, -0.000000000000000000, -1.000000000000000000 ) ) ;
#7936 = DIRECTION ( 'NONE',  ( 1.000000000000000000, 0.000000000000000000, 0.000000000000000000 ) ) ;
#7937 = STYLED_ITEM ( 'NONE', ( #988 ), #5064 ) ;
#7938 = FILL_AREA_STYLE_COLOUR ( '', #3501 ) ;
#7939 = ORIENTED_EDGE ( 'NONE', *, *, #3341, .T. ) ;
#7940 = CARTESIAN_POINT ( 'NONE',  ( 3.810000000000000053, 5.870000000000000107, 0.6000000000000000888 ) ) ;
#7941 = ORIENTED_EDGE ( 'NONE', *, *, #3268, .T. ) ;
#7942 = ADVANCED_BREP_SHAPE_REPRESENTATION ( 'DS1021_yellow_3x02p_100mil_Type1_rev1.0', ( #4356, #1839, #1744, #7335, #4393, #4500, #4574, #1676, #7971 ), #7576 ) ;
#7943 = EDGE_CURVE ( 'NONE', #3659, #3786, #4650, .T. ) ;
#7944 = CARTESIAN_POINT ( 'NONE',  ( 0.2732007105321403451, -0.3200000000000001177, -2.359999999999988773 ) ) ;
#7945 =( NAMED_UNIT ( * ) SI_UNIT ( $, .STERADIAN. ) SOLID_ANGLE_UNIT ( ) );
#7946 = UNCERTAINTY_MEASURE_WITH_UNIT (LENGTH_MEASURE( 1.000000000000000082E-05 ), #2493, 'distance_accuracy_value', 'NONE');
#7947 = LINE ( 'NONE', #1194, #2557 ) ;
#7948 = CARTESIAN_POINT ( 'NONE',  ( 1.520000000000000240, -0.7900000000000003686, 0.000000000000000000 ) ) ;
#7949 = STYLED_ITEM ( 'NONE', ( #1229 ), #5989 ) ;
#7950 = ORIENTED_EDGE ( 'NONE', *, *, #2509, .T. ) ;
#7951 = ORIENTED_EDGE ( 'NONE', *, *, #57, .F. ) ;
#7952 = PRESENTATION_STYLE_ASSIGNMENT (( #5439 ) ) ;
#7953 = LINE ( 'NONE', #6717, #4781 ) ;
#7954 = STYLED_ITEM ( 'NONE', ( #7032 ), #6038 ) ;
#7955 = CARTESIAN_POINT ( 'NONE',  ( -0.1560617469879520269, -1.270000000000000018, 1.770000000000000240 ) ) ;
#7956 = CARTESIAN_POINT ( 'NONE',  ( 2.220000000000000195, 2.859999999999999876, 8.550000000000000711 ) ) ;
#7957 = EDGE_CURVE ( 'NONE', #2742, #2385, #6300, .T. ) ;
#7958 = ORIENTED_EDGE ( 'NONE', *, *, #531, .F. ) ;
#7959 = AXIS2_PLACEMENT_3D ( 'NONE', #853, #6040, #4628 ) ;
#7960 =( LENGTH_UNIT ( ) NAMED_UNIT ( * ) SI_UNIT ( .MILLI., .METRE. ) );
#7961 = CARTESIAN_POINT ( 'NONE',  ( 0.2019711989004203123, -1.270000000000001350, 1.182210792471872551 ) ) ;
#7962 = CARTESIAN_POINT ( 'NONE',  ( 1.019999999999999796, -1.019999999999999352, 0.000000000000000000 ) ) ;
#7963 = FILL_AREA_STYLE ('',( #1172 ) ) ;
#7964 = SURFACE_SIDE_STYLE ('',( #4018 ) ) ;
#7965 = VECTOR ( 'NONE', #4347, 1000.000000000000000 ) ;
#7966 = AXIS2_PLACEMENT_3D ( 'NONE', #7955, #5716, #2898 ) ;
#7967 = LINE ( 'NONE', #6079, #839 ) ;
#7968 = LINE ( 'NONE', #1672, #263 ) ;
#7969 = LINE ( 'NONE', #147, #2806 ) ;
#7970 = ORIENTED_EDGE ( 'NONE', *, *, #1355, .T. ) ;
#7971 = AXIS2_PLACEMENT_3D ( 'NONE', #6081, #383, #2906 ) ;
#7972 = ORIENTED_EDGE ( 'NONE', *, *, #3942, .T. ) ;
#7973 = CARTESIAN_POINT ( 'NONE',  ( 2.860000000000000320, 4.823999999999999844, -2.359999999999988773 ) ) ;
#7974 = SURFACE_SIDE_STYLE ('',( #5300 ) ) ;
#7975 = FACE_OUTER_BOUND ( 'NONE', #6170, .T. ) ;
#7976 =( GEOMETRIC_REPRESENTATION_CONTEXT ( 3 ) GLOBAL_UNCERTAINTY_ASSIGNED_CONTEXT ( ( #2888 ) ) GLOBAL_UNIT_ASSIGNED_CONTEXT ( ( #7634, #1541, #2827 ) ) REPRESENTATION_CONTEXT ( 'NONE', 'WORKASPACE' ) );
#7977 = DIRECTION ( 'NONE',  ( -6.842277657836020854E-49, 5.078189165123089681E-17, -1.000000000000000000 ) ) ;
#7978 =( NAMED_UNIT ( * ) SI_UNIT ( $, .STERADIAN. ) SOLID_ANGLE_UNIT ( ) );
#7979 = STYLED_ITEM ( 'NONE', ( #4982 ), #7788 ) ;
#7980 = EDGE_CURVE ( 'NONE', #1838, #5363, #1620, .T. ) ;
#7981 = VECTOR ( 'NONE', #272, 1000.000000000000000 ) ;
#7982 =( LENGTH_UNIT ( ) NAMED_UNIT ( * ) SI_UNIT ( .MILLI., .METRE. ) );
#7983 = ORIENTED_EDGE ( 'NONE', *, *, #2573, .F. ) ;
#7984 = FACE_OUTER_BOUND ( 'NONE', #7316, .T. ) ;
#7985 = EDGE_LOOP ( 'NONE', ( #3990, #7442, #2651, #6759, #2313, #6818 ) ) ;
#7986 = EDGE_CURVE ( 'NONE', #5385, #8188, #3436, .T. ) ;
#7987 = CARTESIAN_POINT ( 'NONE',  ( 2.540000000000000036, 2.747150732346582469, -3.000000000000000000 ) ) ;
#7988 = PLANE ( 'NONE',  #4247 ) ;
#7989 =( GEOMETRIC_REPRESENTATION_CONTEXT ( 3 ) GLOBAL_UNCERTAINTY_ASSIGNED_CONTEXT ( ( #652 ) ) GLOBAL_UNIT_ASSIGNED_CONTEXT ( ( #4752, #2713, #5259 ) ) REPRESENTATION_CONTEXT ( 'NONE', 'WORKASPACE' ) );
#7990 = FILL_AREA_STYLE ('',( #4263 ) ) ;
#7991 = EDGE_CURVE ( 'NONE', #5876, #3786, #7906, .T. ) ;
#7992 = EDGE_CURVE ( 'NONE', #3825, #2546, #4031, .T. ) ;
#7993 = ORIENTED_EDGE ( 'NONE', *, *, #3486, .F. ) ;
#7994 = DIRECTION ( 'NONE',  ( 0.000000000000000000, 1.000000000000000000, 0.000000000000000000 ) ) ;
#7995 = VECTOR ( 'NONE', #4527, 1000.000000000000000 ) ;
#7996 = ORIENTED_EDGE ( 'NONE', *, *, #457, .T. ) ;
#7997 = CARTESIAN_POINT ( 'NONE',  ( 2.853417573054442435, 2.829092094937434521, 7.947330798265291207 ) ) ;
#7998 = DIRECTION ( 'NONE',  ( 0.000000000000000000, -0.9848077530122085754, 0.1736481776669273891 ) ) ;
#7999 = DIRECTION ( 'NONE',  ( -8.470329472543003391E-17, 1.000000000000000000, 0.000000000000000000 ) ) ;
#8000 = PRESENTATION_STYLE_ASSIGNMENT (( #497 ) ) ;
#8001 = CARTESIAN_POINT ( 'NONE',  ( -0.7699999999999996847, -1.270000000000000018, 0.000000000000000000 ) ) ;
#8002 = DIRECTION ( 'NONE',  ( 1.000000000000000000, 0.000000000000000000, 0.000000000000000000 ) ) ;
#8003 = PLANE ( 'NONE',  #5875 ) ;
#8004 =( GEOMETRIC_REPRESENTATION_CONTEXT ( 3 ) GLOBAL_UNCERTAINTY_ASSIGNED_CONTEXT ( ( #2149 ) ) GLOBAL_UNIT_ASSIGNED_CONTEXT ( ( #7982, #2464, #4850 ) ) REPRESENTATION_CONTEXT ( 'NONE', 'WORKASPACE' ) );
#8005 = ADVANCED_FACE ( 'NONE', ( #5314 ), #3401, .T. ) ;
#8006 = EDGE_LOOP ( 'NONE', ( #266, #5633, #4094, #942, #297, #3187 ) ) ;
#8007 = CARTESIAN_POINT ( 'NONE',  ( 2.747150732346582025, 0.3199999999999993405, 8.550000000000000711 ) ) ;
#8008 = VECTOR ( 'NONE', #1837, 1000.000000000000000 ) ;
#8009 =( NAMED_UNIT ( * ) PLANE_ANGLE_UNIT ( ) SI_UNIT ( $, .RADIAN. ) );
#8010 = CARTESIAN_POINT ( 'NONE',  ( -0.2031250000000001943, -1.270000000000000018, 1.378433734939759292 ) ) ;
#8011 = AXIS2_PLACEMENT_3D ( 'NONE', #6881, #6267, #4401 ) ;
#8012 = ORIENTED_EDGE ( 'NONE', *, *, #7183, .F. ) ;
#8013 = VERTEX_POINT ( 'NONE', #7948 ) ;
#8014 = LINE ( 'NONE', #6200, #7477 ) ;
#8015 = LINE ( 'NONE', #6737, #675 ) ;
#8016 = UNCERTAINTY_MEASURE_WITH_UNIT (LENGTH_MEASURE( 1.000000000000000082E-05 ), #4680, 'distance_accuracy_value', 'NONE');
#8017 = LINE ( 'NONE', #4884, #4279 ) ;
#8018 = CARTESIAN_POINT ( 'NONE',  ( 2.338912788997920877, 4.878912788997920913, 8.584387938363944315 ) ) ;
#8019 = SURFACE_SIDE_STYLE ('',( #6094 ) ) ;
#8020 = ORIENTED_EDGE ( 'NONE', *, *, #2424, .T. ) ;
#8021 = CARTESIAN_POINT ( 'NONE',  ( 0.2560000000000002274, 4.759999999999999787, 8.550000000000000711 ) ) ;
#8022 = ORIENTED_EDGE ( 'NONE', *, *, #1211, .F. ) ;
#8023 = CARTESIAN_POINT ( 'NONE',  ( 0.2071507323465820727, 5.079999999999999183, 8.550000000000000711 ) ) ;
#8024 = DIRECTION ( 'NONE',  ( 0.7213041043845912492, 3.046907053233057655E-16, -0.6926185017727598536 ) ) ;
#8025 = UNCERTAINTY_MEASURE_WITH_UNIT (LENGTH_MEASURE( 1.000000000000000082E-05 ), #789, 'distance_accuracy_value', 'NONE');
#8026 = EDGE_CURVE ( 'NONE', #7359, #1457, #1691, .T. ) ;
#8027 = CARTESIAN_POINT ( 'NONE',  ( 2.338912788997920877, 0.2010872110020782699, 8.584387938363944315 ) ) ;
#8028 = CARTESIAN_POINT ( 'NONE',  ( -0.2349397590361444466, -1.270000000000001128, 1.691121987951807348 ) ) ;
#8029 =( BOUNDED_CURVE ( )  B_SPLINE_CURVE ( 3, ( #6766, #1024, #3573, #2987 ),
 .UNSPECIFIED., .F., .F. ) 
 B_SPLINE_CURVE_WITH_KNOTS ( ( 4, 4 ),
 ( 3.141592653589792672, 3.926990816987244504 ),
 .UNSPECIFIED. ) 
 CURVE ( )  GEOMETRIC_REPRESENTATION_ITEM ( )  RATIONAL_B_SPLINE_CURVE ( ( 1.000000000000000000, 0.9492530216741906779, 0.9492530216741906779, 1.000000000000000000 ) ) 
 REPRESENTATION_ITEM ( '' )  );
#8030 = SURFACE_STYLE_USAGE ( .BOTH. , #8110 ) ;
#8031 = ORIENTED_EDGE ( 'NONE', *, *, #730, .T. ) ;
#8032 = LINE ( 'NONE', #1161, #4035 ) ;
#8033 = ORIENTED_EDGE ( 'NONE', *, *, #1507, .T. ) ;
#8034 =( NAMED_UNIT ( * ) PLANE_ANGLE_UNIT ( ) SI_UNIT ( $, .RADIAN. ) );
#8035 = DIRECTION ( 'NONE',  ( -0.7071067811865454633, -0.000000000000000000, 0.7071067811865495711 ) ) ;
#8036 = FACE_OUTER_BOUND ( 'NONE', #1226, .T. ) ;
#8037 = DIRECTION ( 'NONE',  ( -0.3420201433256698231, 0.9396926207859079838, 0.000000000000000000 ) ) ;
#8038 = AXIS2_PLACEMENT_3D ( 'NONE', #3256, #7691, #3387 ) ;
#8039 = DIRECTION ( 'NONE',  ( 8.470329472543003391E-17, -1.000000000000000000, 0.000000000000000000 ) ) ;
#8040 = VERTEX_POINT ( 'NONE', #4814 ) ;
#8041 = SURFACE_STYLE_USAGE ( .BOTH. , #2323 ) ;
#8042 =( GEOMETRIC_REPRESENTATION_CONTEXT ( 3 ) GLOBAL_UNCERTAINTY_ASSIGNED_CONTEXT ( ( #6867 ) ) GLOBAL_UNIT_ASSIGNED_CONTEXT ( ( #2985, #1789, #503 ) ) REPRESENTATION_CONTEXT ( 'NONE', 'WORKASPACE' ) );
#8043 = PLANE ( 'NONE',  #1170 ) ;
#8044 = EDGE_CURVE ( 'NONE', #4114, #6614, #2435, .T. ) ;
#8045 = FILL_AREA_STYLE_COLOUR ( '', #5330 ) ;
#8046 = PLANE ( 'NONE',  #2938 ) ;
#8047 = CARTESIAN_POINT ( 'NONE',  ( -0.2732007105321400675, 0.3199999999999993405, 7.909999999999988596 ) ) ;
#8048 = PLANE ( 'NONE',  #1993 ) ;
#8049 = COLOUR_RGB ( '',0.9686274509803921573, 0.8784313725490195957, 0.5999999999999999778 ) ;
#8050 = VERTEX_POINT ( 'NONE', #2927 ) ;
#8051 = VERTEX_POINT ( 'NONE', #2343 ) ;
#8052 = FILL_AREA_STYLE_COLOUR ( '', #7331 ) ;
#8053 = ORIENTED_EDGE ( 'NONE', *, *, #4256, .T. ) ;
#8054 = DIRECTION ( 'NONE',  ( 0.000000000000000000, 0.000000000000000000, 1.000000000000000000 ) ) ;
#8055 =( LENGTH_UNIT ( ) NAMED_UNIT ( * ) SI_UNIT ( .MILLI., .METRE. ) );
#8056 = LINE ( 'NONE', #7428, #3348 ) ;
#8057 = FACE_OUTER_BOUND ( 'NONE', #70, .T. ) ;
#8058 = EDGE_CURVE ( 'NONE', #5067, #6406, #3047, .T. ) ;
#8059 = SURFACE_STYLE_FILL_AREA ( #2999 ) ;
#8060 = EDGE_LOOP ( 'NONE', ( #2610, #4917, #1151, #6871, #7417 ) ) ;
#8061 = CARTESIAN_POINT ( 'NONE',  ( 3.809999999999999165, 6.099999999999998757, 2.350000000000000089 ) ) ;
#8062 = VERTEX_POINT ( 'NONE', #490 ) ;
#8063 = CARTESIAN_POINT ( 'NONE',  ( 0.2061859094075613741, -1.269999999999991358, 1.756700574110175328 ) ) ;
#8064 = CARTESIAN_POINT ( 'NONE',  ( -0.1577519656428678640, -1.169999999999997486, 0.7336324926132955504 ) ) ;
#8065 = VECTOR ( 'NONE', #2064, 1000.000000000000000 ) ;
#8066 = VERTEX_POINT ( 'NONE', #7439 ) ;
#8067 = CARTESIAN_POINT ( 'NONE',  ( 2.332849267653417602, 2.332849267653417158, -3.000000000000000000 ) ) ;
#8068 = ORIENTED_EDGE ( 'NONE', *, *, #498, .F. ) ;
#8069 = LINE ( 'NONE', #8112, #181 ) ;
#8070 = ORIENTED_EDGE ( 'NONE', *, *, #4474, .F. ) ;
#8071 = SURFACE_STYLE_USAGE ( .BOTH. , #2235 ) ;
#8072 =( NAMED_UNIT ( * ) PLANE_ANGLE_UNIT ( ) SI_UNIT ( $, .RADIAN. ) );
#8073 = PLANE ( 'NONE',  #7300 ) ;
#8074 = DIRECTION ( 'NONE',  ( -0.3420201433256690460, -0.9396926207859083169, 0.000000000000000000 ) ) ;
#8075 = PRESENTATION_LAYER_ASSIGNMENT (  '', '', ( #5183 ) ) ;
#8076 =( BOUNDED_CURVE ( )  B_SPLINE_CURVE ( 3, ( #2887, #6706, #5357, #6057 ),
 .UNSPECIFIED., .F., .F. ) 
 B_SPLINE_CURVE_WITH_KNOTS ( ( 4, 4 ),
 ( 4.001096304623763307E-48, 0.7853981633974507215 ),
 .UNSPECIFIED. ) 
 CURVE ( )  GEOMETRIC_REPRESENTATION_ITEM ( )  RATIONAL_B_SPLINE_CURVE ( ( 1.000000000000000000, 0.9492530216741907889, 0.9492530216741907889, 1.000000000000000000 ) ) 
 REPRESENTATION_ITEM ( '' )  );
#8077 =( NAMED_UNIT ( * ) PLANE_ANGLE_UNIT ( ) SI_UNIT ( $, .RADIAN. ) );
#8078 = ORIENTED_EDGE ( 'NONE', *, *, #1258, .T. ) ;
#8079 = CARTESIAN_POINT ( 'NONE',  ( 2.332849267653417602, 4.872849267653418082, -3.000000000000000000 ) ) ;
#8080 = VECTOR ( 'NONE', #3706, 1000.000000000000114 ) ;
#8081 = ADVANCED_FACE ( 'NONE', ( #4858 ), #4185, .T. ) ;
#8082 = FILL_AREA_STYLE_COLOUR ( '', #1425 ) ;
#8083 = FILL_AREA_STYLE ('',( #8045 ) ) ;
#8084 = CARTESIAN_POINT ( 'NONE',  ( 2.220000000000000195, 2.283999999999999364, 8.550000000000000711 ) ) ;
#8085 = CARTESIAN_POINT ( 'NONE',  ( -0.2344989567605759440, -1.269999999999996687, 1.701643011501013714 ) ) ;
#8086 = AXIS2_PLACEMENT_3D ( 'NONE', #424, #5448, #7457 ) ;
#8087 = EDGE_LOOP ( 'NONE', ( #2127, #757, #1299, #1799, #4199, #7791 ) ) ;
#8088 = EDGE_CURVE ( 'NONE', #26, #4735, #7484, .T. ) ;
#8089 = EDGE_CURVE ( 'NONE', #5157, #7930, #405, .T. ) ;
#8090 = SURFACE_STYLE_USAGE ( .BOTH. , #6814 ) ;
#8091 = ORIENTED_EDGE ( 'NONE', *, *, #730, .F. ) ;
#8092 = DIRECTION ( 'NONE',  ( -0.9848077530122085754, -8.341646135128160883E-17, 0.1736481776669278332 ) ) ;
#8093 = VERTEX_POINT ( 'NONE', #7355 ) ;
#8094 = SURFACE_STYLE_USAGE ( .BOTH. , #4251 ) ;
#8095 = VECTOR ( 'NONE', #4120, 1000.000000000000114 ) ;
#8096 = STYLED_ITEM ( 'NONE', ( #2655 ), #6584 ) ;
#8097 =( NAMED_UNIT ( * ) PLANE_ANGLE_UNIT ( ) SI_UNIT ( $, .RADIAN. ) );
#8098 = CARTESIAN_POINT ( 'NONE',  ( 2.220000000000000195, 2.795999999999999375, 7.909999999999988596 ) ) ;
#8099 = SURFACE_STYLE_USAGE ( .BOTH. , #5588 ) ;
#8100 = DIRECTION ( 'NONE',  ( 0.000000000000000000, 0.000000000000000000, 1.000000000000000000 ) ) ;
#8101 = ORIENTED_EDGE ( 'NONE', *, *, #5312, .F. ) ;
#8102 = ORIENTED_EDGE ( 'NONE', *, *, #928, .F. ) ;
#8103 = VECTOR ( 'NONE', #3914, 1000.000000000000000 ) ;
#8104 = SURFACE_STYLE_FILL_AREA ( #521 ) ;
#8105 = CARTESIAN_POINT ( 'NONE',  ( 2.332849267653418046, 2.539999999999999147, 8.550000000000000711 ) ) ;
#8106 = UNCERTAINTY_MEASURE_WITH_UNIT (LENGTH_MEASURE( 1.000000000000000082E-05 ), #3167, 'distance_accuracy_value', 'NONE');
#8107 =( GEOMETRIC_REPRESENTATION_CONTEXT ( 3 ) GLOBAL_UNCERTAINTY_ASSIGNED_CONTEXT ( ( #1395 ) ) GLOBAL_UNIT_ASSIGNED_CONTEXT ( ( #2829, #7449, #418 ) ) REPRESENTATION_CONTEXT ( 'NONE', 'WORKASPACE' ) );
#8108 =( NAMED_UNIT ( * ) PLANE_ANGLE_UNIT ( ) SI_UNIT ( $, .RADIAN. ) );
#8109 = STYLED_ITEM ( 'NONE', ( #2677 ), #4961 ) ;
#8110 = SURFACE_SIDE_STYLE ('',( #3136 ) ) ;
#8111 = ORIENTED_EDGE ( 'NONE', *, *, #6071, .F. ) ;
#8112 = CARTESIAN_POINT ( 'NONE',  ( 2.860000000000000320, 5.399999999999999467, 7.909999999999988596 ) ) ;
#8113 = EDGE_LOOP ( 'NONE', ( #5768, #5352, #2931, #7993, #1285, #5091 ) ) ;
#8114 = STYLED_ITEM ( 'NONE', ( #3787 ), #1101 ) ;
#8115 = COLOUR_RGB ( '',0.9686274509803921573, 0.8784313725490195957, 0.5999999999999999778 ) ;
#8116 = SURFACE_STYLE_USAGE ( .BOTH. , #2396 ) ;
#8117 = CARTESIAN_POINT ( 'NONE',  ( 0.2713367824627647140, -1.169999999999999707, 1.420349964525186914 ) ) ;
#8118 = CARTESIAN_POINT ( 'NONE',  ( -0.3199999999999998956, 4.760000000000000675, -2.359999999999988773 ) ) ;
#8119 = SURFACE_STYLE_FILL_AREA ( #1741 ) ;
#8120 = CARTESIAN_POINT ( 'NONE',  ( 0.3012548339959392751, 2.238745166004060039, 8.016309119164535701 ) ) ;
#8121 = VECTOR ( 'NONE', #6145, 1000.000000000000000 ) ;
#8122 = ORIENTED_EDGE ( 'NONE', *, *, #7092, .F. ) ;
#8123 = SURFACE_SIDE_STYLE ('',( #4985 ) ) ;
#8124 = LINE ( 'NONE', #1095, #6988 ) ;
#8125 = MECHANICAL_DESIGN_GEOMETRIC_PRESENTATION_REPRESENTATION (  '', ( #2439 ), #2845 ) ;
#8126 =( BOUNDED_CURVE ( )  B_SPLINE_CURVE ( 3, ( #5651, #1167, #6263, #6154 ),
 .UNSPECIFIED., .F., .F. ) 
 B_SPLINE_CURVE_WITH_KNOTS ( ( 4, 4 ),
 ( 5.497787143782135288, 6.283185307179586232 ),
 .UNSPECIFIED. ) 
 CURVE ( )  GEOMETRIC_REPRESENTATION_ITEM ( )  RATIONAL_B_SPLINE_CURVE ( ( 1.000000000000000000, 0.9492530216741907889, 0.9492530216741907889, 1.000000000000000000 ) ) 
 REPRESENTATION_ITEM ( '' )  );
#8127 =( LENGTH_UNIT ( ) NAMED_UNIT ( * ) SI_UNIT ( .MILLI., .METRE. ) );
#8128 = ADVANCED_FACE ( 'NONE', ( #1690 ), #155, .F. ) ;
#8129 = FACE_OUTER_BOUND ( 'NONE', #2771, .T. ) ;
#8130 = ORIENTED_EDGE ( 'NONE', *, *, #7800, .F. ) ;
#8131 = EDGE_CURVE ( 'NONE', #2051, #7174, #5800, .T. ) ;
#8132 = AXIS2_PLACEMENT_3D ( 'NONE', #7881, #6600, #2866 ) ;
#8133 = EDGE_LOOP ( 'NONE', ( #3137, #7049, #1005, #5835 ) ) ;
#8134 = EDGE_LOOP ( 'NONE', ( #5035, #5854, #205, #6685 ) ) ;
#8135 = CARTESIAN_POINT ( 'NONE',  ( 0.2713367824627647140, -1.169999999999999707, 1.270000000000000018 ) ) ;
#8136 = LINE ( 'NONE', #6166, #6767 ) ;
#8137 = EDGE_CURVE ( 'NONE', #5260, #5578, #7037, .T. ) ;
#8138 = LINE ( 'NONE', #5164, #803 ) ;
#8139 = ADVANCED_FACE ( 'NONE', ( #654 ), #3940, .F. ) ;
#8140 = CARTESIAN_POINT ( 'NONE',  ( 2.283999999999999808, 5.399999999999999467, 8.550000000000000711 ) ) ;
#8141 = ORIENTED_EDGE ( 'NONE', *, *, #3790, .F. ) ;
#8142 = VECTOR ( 'NONE', #1181, 1000.000000000000000 ) ;
#8143 = VERTEX_POINT ( 'NONE', #69 ) ;
#8144 =( LENGTH_UNIT ( ) NAMED_UNIT ( * ) SI_UNIT ( .MILLI., .METRE. ) );
#8145 = CARTESIAN_POINT ( 'NONE',  ( 0.1688168747726629393, -1.169999999999999929, 0.7344035849404388916 ) ) ;
#8146 = PRESENTATION_STYLE_ASSIGNMENT (( #609 ) ) ;
#8147 = EDGE_CURVE ( 'NONE', #4173, #2787, #5137, .T. ) ;
#8148 =( NAMED_UNIT ( * ) SI_UNIT ( $, .STERADIAN. ) SOLID_ANGLE_UNIT ( ) );
#8149 = CARTESIAN_POINT ( 'NONE',  ( -0.2247191242266793343, -1.269999999999999796, 1.408007062060587566 ) ) ;
#8150 = EDGE_LOOP ( 'NONE', ( #2919, #4783, #1083, #776, #1646, #1350 ) ) ;
#8151 = DIRECTION ( 'NONE',  ( -0.000000000000000000, 1.000000000000000000, -0.000000000000000000 ) ) ;
#8152 = ORIENTED_EDGE ( 'NONE', *, *, #7134, .F. ) ;
#8153 = CARTESIAN_POINT ( 'NONE',  ( 2.238745166004060927, 2.841254833995938700, 8.016309119164535701 ) ) ;
#8154 = VERTEX_POINT ( 'NONE', #6043 ) ;
#8155 = PRESENTATION_STYLE_ASSIGNMENT (( #8116 ) ) ;
#8156 = CARTESIAN_POINT ( 'NONE',  ( 0.1573126152956374479, -1.169999999999999929, 1.806397023426621118 ) ) ;
#8157 = EDGE_CURVE ( 'NONE', #1398, #2253, #7969, .T. ) ;
#8158 = FACE_OUTER_BOUND ( 'NONE', #6944, .T. ) ;
#8159 = ORIENTED_EDGE ( 'NONE', *, *, #1805, .T. ) ;
#8160 = CARTESIAN_POINT ( 'NONE',  ( -0.3199999999999999512, 0.2559999999999993392, 7.909999999999988596 ) ) ;
#8161 = PRESENTATION_LAYER_ASSIGNMENT (  '', '', ( #5278 ) ) ;
#8162 = CARTESIAN_POINT ( 'NONE',  ( -0.3012548339959391086, 2.238745166004060483, -2.466309119164536767 ) ) ;
#8163 = LINE ( 'NONE', #4988, #434 ) ;
#8164 = PLANE ( 'NONE',  #6226 ) ;
#8165 = VERTEX_POINT ( 'NONE', #3977 ) ;
#8166 =( GEOMETRIC_REPRESENTATION_CONTEXT ( 3 ) GLOBAL_UNCERTAINTY_ASSIGNED_CONTEXT ( ( #3218 ) ) GLOBAL_UNIT_ASSIGNED_CONTEXT ( ( #345, #8009, #1057 ) ) REPRESENTATION_CONTEXT ( 'NONE', 'WORKASPACE' ) );
#8167 = CARTESIAN_POINT ( 'NONE',  ( -0.09036144578313276554, -1.270000000000000018, 0.9145783132530121984 ) ) ;
#8168 = EDGE_LOOP ( 'NONE', ( #3080, #7342, #448, #6444 ) ) ;
#8169 = EDGE_CURVE ( 'NONE', #6415, #7193, #1025, .T. ) ;
#8170 = CARTESIAN_POINT ( 'NONE',  ( 2.540000000000000036, 0.000000000000000000, 0.000000000000000000 ) ) ;
#8171 = EDGE_LOOP ( 'NONE', ( #1102, #5825, #34, #6886 ) ) ;
#8172 = CARTESIAN_POINT ( 'NONE',  ( 1.369999999999999440, 6.099999999999998757, 2.350000000000000089 ) ) ;
#8173 = CARTESIAN_POINT ( 'NONE',  ( -1.269999999999999574, -1.019999999999998908, 2.500000000000000000 ) ) ;
#8174 = CARTESIAN_POINT ( 'NONE',  ( -0.7699999999999996847, -1.270000000000000018, 2.500000000000000000 ) ) ;
#8175 = DIRECTION ( 'NONE',  ( -0.000000000000000000, 1.000000000000000000, 0.000000000000000000 ) ) ;
#8176 = EDGE_CURVE ( 'NONE', #3048, #3801, #5416, .T. ) ;
#8177 = ORIENTED_EDGE ( 'NONE', *, *, #4774, .F. ) ;
#8178 = CARTESIAN_POINT ( 'NONE',  ( 2.283999999999999808, 0.3199999999999998401, -2.359999999999988773 ) ) ;
#8179 = ORIENTED_EDGE ( 'NONE', *, *, #2863, .F. ) ;
#8180 = CARTESIAN_POINT ( 'NONE',  ( -0.3199999999999998956, -0.2560000000000006715, 7.909999999999988596 ) ) ;
#8181 = LINE ( 'NONE', #1983, #127 ) ;
#8182 = UNCERTAINTY_MEASURE_WITH_UNIT (LENGTH_MEASURE( 1.000000000000000082E-05 ), #4874, 'distance_accuracy_value', 'NONE');
#8183 = DIRECTION ( 'NONE',  ( 0.000000000000000000, -1.000000000000000000, 0.000000000000000000 ) ) ;
#8184 = CARTESIAN_POINT ( 'NONE',  ( 0.2071551287368195993, -1.149999999999999245, 1.804614892643301882 ) ) ;
#8185 = CARTESIAN_POINT ( 'NONE',  ( -0.2785842785111448672, -1.149999999999999245, 1.456328223452464821 ) ) ;
#8186 = ORIENTED_EDGE ( 'NONE', *, *, #2407, .T. ) ;
#8187 = FACE_OUTER_BOUND ( 'NONE', #7652, .T. ) ;
#8188 = VERTEX_POINT ( 'NONE', #308 ) ;
#8189 = CARTESIAN_POINT ( 'NONE',  ( 2.238745166004060927, 2.238745166004060483, -2.466309119164536767 ) ) ;
#8190 = ORIENTED_EDGE ( 'NONE', *, *, #2424, .F. ) ;
#8191 = EDGE_CURVE ( 'NONE', #2538, #7101, #7671, .T. ) ;
#8192 = VECTOR ( 'NONE', #1935, 1000.000000000000000 ) ;
#8193 = CARTESIAN_POINT ( 'NONE',  ( 2.220000000000000195, 4.760000000000000675, -2.359999999999988773 ) ) ;
#8194 = CARTESIAN_POINT ( 'NONE',  ( 1.370000000000002105, -1.019999999999998908, 0.5999999999999998668 ) ) ;
#8195 = PLANE ( 'NONE',  #2670 ) ;
#8196 =( GEOMETRIC_REPRESENTATION_CONTEXT ( 3 ) GLOBAL_UNCERTAINTY_ASSIGNED_CONTEXT ( ( #7854 ) ) GLOBAL_UNIT_ASSIGNED_CONTEXT ( ( #6241, #1312, #3835 ) ) REPRESENTATION_CONTEXT ( 'NONE', 'WORKASPACE' ) );
#8197 =( LENGTH_UNIT ( ) NAMED_UNIT ( * ) SI_UNIT ( .MILLI., .METRE. ) );
#8198 = VERTEX_POINT ( 'NONE', #2247 ) ;
#8199 = SURFACE_STYLE_USAGE ( .BOTH. , #5153 ) ;
#8200 = VECTOR ( 'NONE', #2117, 999.9999999999998863 ) ;
#8201 = EDGE_CURVE ( 'NONE', #2165, #5304, #5998, .T. ) ;
#8202 = CARTESIAN_POINT ( 'NONE',  ( 2.332849267653418046, 2.747150732346581581, 8.550000000000000711 ) ) ;
#8203 = FACE_OUTER_BOUND ( 'NONE', #2014, .T. ) ;
#8204 = ORIENTED_EDGE ( 'NONE', *, *, #1297, .F. ) ;
#8205 = VECTOR ( 'NONE', #6248, 1000.000000000000000 ) ;
ENDSEC;
END-ISO-10303-21;
