ISO-10303-21;
HEADER;
FILE_DESCRIPTION((''),'2;1');
FILE_NAME('C-5747842-4','2011-12-13T',('workeradm'),('Tyco Electronics Ltd.'),
'PRO/ENGINEER BY PARAMETRIC TECHNOLOGY CORPORATION, 2010430',
'PRO/ENGINEER BY PARAMETRIC TECHNOLOGY CORPORATION, 2010430','');
FILE_SCHEMA(('AUTOMOTIVE_DESIGN { 1 0 10303 214 1 1 1 1 }'));
ENDSEC;
DATA;
#1=DRAUGHTING_PRE_DEFINED_COLOUR('black');
#2=COLOUR_RGB('',0.E0,0.E0,3.6E-1);
#3=COLOUR_RGB('',0.E0,0.E0,4.8E-1);
#4=DRAUGHTING_PRE_DEFINED_COLOUR('blue');
#5=COLOUR_RGB('',0.E0,3.6E-1,9.E-2);
#6=COLOUR_RGB('',0.E0,3.6E-1,2.7E-1);
#7=COLOUR_RGB('',0.E0,5.6E-1,6.4E-1);
#8=COLOUR_RGB('',0.E0,5.8E-1,8.E-1);
#9=COLOUR_RGB('',0.E0,7.1E-1,6.6E-1);
#10=COLOUR_RGB('',0.E0,7.13E-1,0.E0);
#11=COLOUR_RGB('',0.E0,9.5E-1,8.4E-1);
#12=DRAUGHTING_PRE_DEFINED_COLOUR('green');
#13=DRAUGHTING_PRE_DEFINED_COLOUR('cyan');
#14=COLOUR_RGB('',4.E-2,0.E0,1.6E-1);
#15=COLOUR_RGB('',9.E-2,0.E0,1.2E-1);
#16=COLOUR_RGB('',1.E-1,0.E0,2.5E-1);
#17=COLOUR_RGB('',1.6E-1,3.2E-2,0.E0);
#18=COLOUR_RGB('',1.6E-1,4.6E-1,6.5E-1);
#19=COLOUR_RGB('',1.6E-1,1.E0,1.6E-1);
#20=COLOUR_RGB('',2.E-1,3.2E-2,0.E0);
#21=COLOUR_RGB('',3.1E-1,3.1E-1,5.6E-1);
#22=COLOUR_RGB('',3.2E-1,1.5E-1,0.E0);
#23=COLOUR_RGB('',4.E-1,4.E-1,4.E-1);
#24=COLOUR_RGB('',4.2E-1,4.2E-1,1.E0);
#25=COLOUR_RGB('',4.4E-1,8.5E-1,1.E0);
#26=COLOUR_RGB('',4.9E-1,4.9E-1,0.E0);
#27=COLOUR_RGB('',4.9E-1,1.E0,0.E0);
#28=COLOUR_RGB('',5.E-1,0.E0,0.E0);
#29=COLOUR_RGB('',5.E-1,0.E0,2.3E-1);
#30=COLOUR_RGB('',5.E-1,5.E-1,5.E-1);
#31=COLOUR_RGB('',5.3E-1,0.E0,0.E0);
#32=COLOUR_RGB('',5.4E-1,0.E0,4.4E-1);
#33=COLOUR_RGB('',5.5E-1,3.E-1,0.E0);
#34=COLOUR_RGB('',5.6E-1,1.E-1,5.E-2);
#35=COLOUR_RGB('',5.8E-1,2.2E-1,1.E-2);
#36=COLOUR_RGB('',6.E-1,6.E-1,6.E-1);
#37=COLOUR_RGB('',6.2E-1,0.E0,5.5E-1);
#38=COLOUR_RGB('',6.4E-1,0.E0,2.5E-1);
#39=COLOUR_RGB('',6.4E-1,1.E-2,0.E0);
#40=COLOUR_RGB('',6.8E-1,7.5E-1,1.E0);
#41=COLOUR_RGB('',7.1E-1,3.1E-1,0.E0);
#42=COLOUR_RGB('',7.2E-1,7.2E-1,7.2E-1);
#43=COLOUR_RGB('',7.4E-1,1.E0,2.6E-1);
#44=COLOUR_RGB('',7.5E-1,3.E-2,0.E0);
#45=COLOUR_RGB('',7.6E-1,0.E0,4.7E-1);
#46=COLOUR_RGB('',8.1E-1,4.E-2,0.E0);
#47=COLOUR_RGB('',8.1E-1,6.1E-1,0.E0);
#48=COLOUR_RGB('',8.2E-1,4.E-2,6.6E-1);
#49=COLOUR_RGB('',8.5E-1,8.5E-1,8.5E-1);
#50=COLOUR_RGB('',8.784E-1,9.49E-1,1.E0);
#51=COLOUR_RGB('',9.E-1,1.E0,0.E0);
#52=COLOUR_RGB('',9.37E-1,7.85E-1,0.E0);
#53=COLOUR_RGB('',9.5E-1,2.2E-1,8.1E-1);
#54=COLOUR_RGB('',9.6E-1,3.7E-1,3.E-1);
#55=COLOUR_RGB('',9.6E-1,7.1E-1,3.75E-1);
#56=DRAUGHTING_PRE_DEFINED_COLOUR('red');
#57=COLOUR_RGB('',1.E0,0.E0,6.1E-1);
#58=COLOUR_RGB('',1.E0,4.E-2,0.E0);
#59=COLOUR_RGB('',1.E0,2.3E-1,0.E0);
#60=COLOUR_RGB('',1.E0,3.5E-1,5.2E-1);
#61=COLOUR_RGB('',1.E0,3.6E-1,0.E0);
#62=COLOUR_RGB('',1.E0,4.9E-1,3.7E-1);
#63=COLOUR_RGB('',1.E0,5.E-1,0.E0);
#64=COLOUR_RGB('',1.E0,5.6E-1,7.8E-1);
#65=COLOUR_RGB('',1.E0,6.4E-1,4.9E-1);
#66=COLOUR_RGB('',1.E0,6.7E-1,0.E0);
#67=COLOUR_RGB('',1.E0,7.6E-1,6.5E-1);
#68=COLOUR_RGB('',1.E0,8.6E-1,4.E-2);
#69=COLOUR_RGB('',1.E0,9.8E-1,7.2E-1);
#70=DRAUGHTING_PRE_DEFINED_COLOUR('yellow');
#71=DRAUGHTING_PRE_DEFINED_COLOUR('white');
#72=DIRECTION('',(0.E0,0.E0,1.E0));
#73=VECTOR('',#72,1.4224E0);
#74=CARTESIAN_POINT('',(2.167434837236E1,-8.093477775354E0,-1.6129E1));
#75=LINE('',#74,#73);
#76=DIRECTION('',(0.E0,-1.E0,0.E0));
#77=VECTOR('',#76,1.3462E0);
#78=CARTESIAN_POINT('',(2.453386E1,-5.72516E0,-1.6129E1));
#79=LINE('',#78,#77);
#80=CARTESIAN_POINT('',(2.50063E1,-7.07136E0,-1.6129E1));
#81=DIRECTION('',(0.E0,0.E0,1.E0));
#82=DIRECTION('',(-1.E0,0.E0,0.E0));
#83=AXIS2_PLACEMENT_3D('',#80,#81,#82);
#85=DIRECTION('',(8.077084570215E-1,-5.895820964513E-1,0.E0));
#86=VECTOR('',#85,3.877141730708E-1);
#87=CARTESIAN_POINT('',(2.472775783435E1,-7.452953783435E0,-1.6129E1));
#88=LINE('',#87,#86);
#89=CARTESIAN_POINT('',(2.49301E1,-7.83336E0,-1.6129E1));
#90=DIRECTION('',(0.E0,0.E0,-1.E0));
#91=DIRECTION('',(5.895820964513E-1,8.077084570215E-1,0.E0));
#92=AXIS2_PLACEMENT_3D('',#89,#90,#91);
#94=DIRECTION('',(-5.120428648706E-1,-8.589598969307E-1,0.E0));
#95=VECTOR('',#94,1.678404579535E0);
#96=CARTESIAN_POINT('',(2.509155010223E1,-7.929603576881E0,-1.6129E1));
#97=LINE('',#96,#95);
#98=DIRECTION('',(8.589598969307E-1,-5.120428648706E-1,0.E0));
#99=VECTOR('',#98,3.2004E-1);
#100=CARTESIAN_POINT('',(2.423213501291E1,-9.371285801527E0,-1.6129E1));
#101=LINE('',#100,#99);
#102=DIRECTION('',(5.120428648706E-1,8.589598969307E-1,0.E0));
#103=VECTOR('',#102,1.678404579535E0);
#104=CARTESIAN_POINT('',(2.450703653832E1,-9.53516E0,-1.6129E1));
#105=LINE('',#104,#103);
#106=CARTESIAN_POINT('',(2.49301E1,-7.83336E0,-1.6129E1));
#107=DIRECTION('',(0.E0,0.E0,1.E0));
#108=DIRECTION('',(8.589598969307E-1,-5.120428648706E-1,0.E0));
#109=AXIS2_PLACEMENT_3D('',#106,#107,#108);
#111=DIRECTION('',(-8.077084570215E-1,5.895820964513E-1,0.E0));
#112=VECTOR('',#111,3.877141730708E-1);
#113=CARTESIAN_POINT('',(2.522960770500E1,-7.423044103833E0,-1.6129E1));
#114=LINE('',#113,#112);
#115=CARTESIAN_POINT('',(2.50063E1,-7.07136E0,-1.6129E1));
#116=DIRECTION('',(0.E0,0.E0,-1.E0));
#117=DIRECTION('',(-5.895820964513E-1,-8.077084570215E-1,0.E0));
#118=AXIS2_PLACEMENT_3D('',#115,#116,#117);
#120=DIRECTION('',(0.E0,1.E0,0.E0));
#121=VECTOR('',#120,1.3462E0);
#122=CARTESIAN_POINT('',(2.48539E1,-7.07136E0,-1.6129E1));
#123=LINE('',#122,#121);
#124=DIRECTION('',(0.E0,-1.E0,0.E0));
#125=VECTOR('',#124,1.3462E0);
#126=CARTESIAN_POINT('',(2.21869E1,-5.72516E0,-1.6129E1));
#127=LINE('',#126,#125);
#128=CARTESIAN_POINT('',(2.20345E1,-7.07136E0,-1.6129E1));
#129=DIRECTION('',(0.E0,0.E0,-1.E0));
#130=DIRECTION('',(1.E0,-1.165588477297E-14,0.E0));
#131=AXIS2_PLACEMENT_3D('',#128,#129,#130);
#133=DIRECTION('',(-8.077084570215E-1,-5.895820964513E-1,0.E0));
#134=VECTOR('',#133,3.877141730708E-1);
#135=CARTESIAN_POINT('',(2.212435231150E1,-7.194454768850E0,-1.6129E1));
#136=LINE('',#135,#134);
#137=CARTESIAN_POINT('',(2.21107E1,-7.83336E0,-1.6129E1));
#138=DIRECTION('',(0.E0,0.E0,1.E0));
#139=DIRECTION('',(-5.895820964513E-1,8.077084570215E-1,0.E0));
#140=AXIS2_PLACEMENT_3D('',#137,#138,#139);
#142=DIRECTION('',(5.120428648706E-1,-8.589598969307E-1,0.E0));
#143=VECTOR('',#142,1.678404579535E0);
#144=CARTESIAN_POINT('',(2.167434837236E1,-8.093477775354E0,-1.6129E1));
#145=LINE('',#144,#143);
#146=DIRECTION('',(8.589598969307E-1,5.120428648706E-1,0.E0));
#147=VECTOR('',#146,3.2004E-1);
#148=CARTESIAN_POINT('',(2.253376346168E1,-9.53516E0,-1.6129E1));
#149=LINE('',#148,#147);
#150=DIRECTION('',(-5.120428648706E-1,8.589598969307E-1,0.E0));
#151=VECTOR('',#150,1.678404579535E0);
#152=CARTESIAN_POINT('',(2.280866498709E1,-9.371285801527E0,-1.6129E1));
#153=LINE('',#152,#151);
#154=CARTESIAN_POINT('',(2.21107E1,-7.83336E0,-1.6129E1));
#155=DIRECTION('',(0.E0,0.E0,-1.E0));
#156=DIRECTION('',(-8.589598969307E-1,-5.120428648706E-1,0.E0));
#157=AXIS2_PLACEMENT_3D('',#154,#155,#156);
#159=DIRECTION('',(8.077084570215E-1,5.895820964513E-1,0.E0));
#160=VECTOR('',#159,3.877141730708E-1);
#161=CARTESIAN_POINT('',(2.199988214915E1,-7.681543118418E0,-1.6129E1));
#162=LINE('',#161,#160);
#163=CARTESIAN_POINT('',(2.20345E1,-7.07136E0,-1.6129E1));
#164=DIRECTION('',(0.E0,0.E0,1.E0));
#165=DIRECTION('',(5.895820964513E-1,-8.077084570215E-1,0.E0));
#166=AXIS2_PLACEMENT_3D('',#163,#164,#165);
#168=DIRECTION('',(0.E0,1.E0,0.E0));
#169=VECTOR('',#168,1.3462E0);
#170=CARTESIAN_POINT('',(2.250694E1,-7.07136E0,-1.6129E1));
#171=LINE('',#170,#169);
#172=DIRECTION('',(0.E0,-1.E0,0.E0));
#173=VECTOR('',#172,1.3462E0);
#174=CARTESIAN_POINT('',(-2.48539E1,-5.72516E0,-1.6129E1));
#175=LINE('',#174,#173);
#176=CARTESIAN_POINT('',(-2.50063E1,-7.07136E0,-1.6129E1));
#177=DIRECTION('',(0.E0,0.E0,-1.E0));
#178=DIRECTION('',(1.E0,-2.972250617107E-13,0.E0));
#179=AXIS2_PLACEMENT_3D('',#176,#177,#178);
#181=DIRECTION('',(-8.077084570215E-1,-5.895820964513E-1,0.E0));
#182=VECTOR('',#181,3.877141730708E-1);
#183=CARTESIAN_POINT('',(-2.491644768850E1,-7.194454768850E0,-1.6129E1));
#184=LINE('',#183,#182);
#185=CARTESIAN_POINT('',(-2.49301E1,-7.83336E0,-1.6129E1));
#186=DIRECTION('',(0.E0,0.E0,1.E0));
#187=DIRECTION('',(-5.895820964513E-1,8.077084570215E-1,0.E0));
#188=AXIS2_PLACEMENT_3D('',#185,#186,#187);
#190=DIRECTION('',(5.120428648706E-1,-8.589598969307E-1,0.E0));
#191=VECTOR('',#190,1.678404579535E0);
#192=CARTESIAN_POINT('',(-2.536645162764E1,-8.093477775354E0,-1.6129E1));
#193=LINE('',#192,#191);
#194=DIRECTION('',(8.589598969307E-1,5.120428648706E-1,0.E0));
#195=VECTOR('',#194,3.2004E-1);
#196=CARTESIAN_POINT('',(-2.450703653832E1,-9.53516E0,-1.6129E1));
#197=LINE('',#196,#195);
#198=DIRECTION('',(-5.120428648706E-1,8.589598969307E-1,0.E0));
#199=VECTOR('',#198,1.678404579535E0);
#200=CARTESIAN_POINT('',(-2.423213501291E1,-9.371285801527E0,-1.6129E1));
#201=LINE('',#200,#199);
#202=CARTESIAN_POINT('',(-2.49301E1,-7.83336E0,-1.6129E1));
#203=DIRECTION('',(0.E0,0.E0,-1.E0));
#204=DIRECTION('',(-8.589598969307E-1,-5.120428648706E-1,0.E0));
#205=AXIS2_PLACEMENT_3D('',#202,#203,#204);
#207=DIRECTION('',(8.077084570215E-1,5.895820964513E-1,0.E0));
#208=VECTOR('',#207,3.877141730708E-1);
#209=CARTESIAN_POINT('',(-2.504091785085E1,-7.681543118418E0,-1.6129E1));
#210=LINE('',#209,#208);
#211=CARTESIAN_POINT('',(-2.50063E1,-7.07136E0,-1.6129E1));
#212=DIRECTION('',(0.E0,0.E0,1.E0));
#213=DIRECTION('',(5.895820964513E-1,-8.077084570215E-1,0.E0));
#214=AXIS2_PLACEMENT_3D('',#211,#212,#213);
#216=DIRECTION('',(0.E0,1.E0,0.E0));
#217=VECTOR('',#216,1.3462E0);
#218=CARTESIAN_POINT('',(-2.453386E1,-7.07136E0,-1.6129E1));
#219=LINE('',#218,#217);
#220=DIRECTION('',(0.E0,-1.E0,0.E0));
#221=VECTOR('',#220,1.3462E0);
#222=CARTESIAN_POINT('',(-2.250694E1,-5.72516E0,-1.6129E1));
#223=LINE('',#222,#221);
#224=CARTESIAN_POINT('',(-2.20345E1,-7.07136E0,-1.6129E1));
#225=DIRECTION('',(0.E0,0.E0,1.E0));
#226=DIRECTION('',(-1.E0,0.E0,0.E0));
#227=AXIS2_PLACEMENT_3D('',#224,#225,#226);
#229=DIRECTION('',(8.077084570215E-1,-5.895820964513E-1,0.E0));
#230=VECTOR('',#229,3.877141730708E-1);
#231=CARTESIAN_POINT('',(-2.231304216565E1,-7.452953783435E0,-1.6129E1));
#232=LINE('',#231,#230);
#233=CARTESIAN_POINT('',(-2.21107E1,-7.83336E0,-1.6129E1));
#234=DIRECTION('',(0.E0,0.E0,-1.E0));
#235=DIRECTION('',(5.895820964513E-1,8.077084570215E-1,0.E0));
#236=AXIS2_PLACEMENT_3D('',#233,#234,#235);
#238=DIRECTION('',(-5.120428648706E-1,-8.589598969307E-1,0.E0));
#239=VECTOR('',#238,1.678404579535E0);
#240=CARTESIAN_POINT('',(-2.194924989777E1,-7.929603576881E0,-1.6129E1));
#241=LINE('',#240,#239);
#242=DIRECTION('',(8.589598969307E-1,-5.120428648706E-1,0.E0));
#243=VECTOR('',#242,3.2004E-1);
#244=CARTESIAN_POINT('',(-2.280866498709E1,-9.371285801527E0,-1.6129E1));
#245=LINE('',#244,#243);
#246=DIRECTION('',(5.120428648706E-1,8.589598969307E-1,0.E0));
#247=VECTOR('',#246,1.678404579535E0);
#248=CARTESIAN_POINT('',(-2.253376346168E1,-9.53516E0,-1.6129E1));
#249=LINE('',#248,#247);
#250=CARTESIAN_POINT('',(-2.21107E1,-7.83336E0,-1.6129E1));
#251=DIRECTION('',(0.E0,0.E0,1.E0));
#252=DIRECTION('',(8.589598969307E-1,-5.120428648706E-1,0.E0));
#253=AXIS2_PLACEMENT_3D('',#250,#251,#252);
#255=DIRECTION('',(-8.077084570215E-1,5.895820964513E-1,0.E0));
#256=VECTOR('',#255,3.877141730708E-1);
#257=CARTESIAN_POINT('',(-2.181119229500E1,-7.423044103833E0,-1.6129E1));
#258=LINE('',#257,#256);
#259=CARTESIAN_POINT('',(-2.20345E1,-7.07136E0,-1.6129E1));
#260=DIRECTION('',(0.E0,0.E0,-1.E0));
#261=DIRECTION('',(-5.895820964513E-1,-8.077084570215E-1,0.E0));
#262=AXIS2_PLACEMENT_3D('',#259,#260,#261);
#264=DIRECTION('',(0.E0,1.E0,0.E0));
#265=VECTOR('',#264,1.3462E0);
#266=CARTESIAN_POINT('',(-2.21869E1,-7.07136E0,-1.6129E1));
#267=LINE('',#266,#265);
#268=DIRECTION('',(0.E0,0.E0,1.E0));
#269=VECTOR('',#268,8.067970953523E-1);
#270=CARTESIAN_POINT('',(2.52349E1,-5.72516E0,-1.26492E1));
#271=LINE('',#270,#269);
#272=DIRECTION('',(-1.E0,0.E0,0.E0));
#273=VECTOR('',#272,1.2065E0);
#274=CARTESIAN_POINT('',(2.64414E1,-5.72516E0,-1.26492E1));
#275=LINE('',#274,#273);
#276=DIRECTION('',(0.E0,0.E0,1.E0));
#277=VECTOR('',#276,4.2672E0);
#278=CARTESIAN_POINT('',(2.64414E1,-5.72516E0,-1.69164E1));
#279=LINE('',#278,#277);
#280=CARTESIAN_POINT('',(2.48666E1,-5.72516E0,-1.69164E1));
#281=DIRECTION('',(0.E0,-1.E0,0.E0));
#282=DIRECTION('',(0.E0,0.E0,-1.E0));
#283=AXIS2_PLACEMENT_3D('',#280,#281,#282);
#285=DIRECTION('',(1.E0,0.E0,0.E0));
#286=VECTOR('',#285,2.6924E0);
#287=CARTESIAN_POINT('',(2.21742E1,-5.72516E0,-1.84912E1));
#288=LINE('',#287,#286);
#289=CARTESIAN_POINT('',(2.21742E1,-5.72516E0,-1.69164E1));
#290=DIRECTION('',(0.E0,-1.E0,0.E0));
#291=DIRECTION('',(-1.E0,0.E0,0.E0));
#292=AXIS2_PLACEMENT_3D('',#289,#290,#291);
#294=DIRECTION('',(0.E0,0.E0,-1.E0));
#295=VECTOR('',#294,4.2672E0);
#296=CARTESIAN_POINT('',(2.05994E1,-5.72516E0,-1.26492E1));
#297=LINE('',#296,#295);
#298=DIRECTION('',(-1.E0,0.E0,0.E0));
#299=VECTOR('',#298,1.2065E0);
#300=CARTESIAN_POINT('',(2.18059E1,-5.72516E0,-1.26492E1));
#301=LINE('',#300,#299);
#302=DIRECTION('',(0.E0,0.E0,-1.E0));
#303=VECTOR('',#302,8.067970953523E-1);
#304=CARTESIAN_POINT('',(2.18059E1,-5.72516E0,-1.184240290465E1));
#305=LINE('',#304,#303);
#306=DIRECTION('',(1.E0,0.E0,0.E0));
#307=VECTOR('',#306,3.429E0);
#308=CARTESIAN_POINT('',(2.18059E1,-5.72516E0,-1.184240290465E1));
#309=LINE('',#308,#307);
#310=DIRECTION('',(0.E0,0.E0,1.E0));
#311=VECTOR('',#310,8.067970953523E-1);
#312=CARTESIAN_POINT('',(-2.18059E1,-5.72516E0,-1.26492E1));
#313=LINE('',#312,#311);
#314=DIRECTION('',(-1.E0,0.E0,0.E0));
#315=VECTOR('',#314,1.2065E0);
#316=CARTESIAN_POINT('',(-2.05994E1,-5.72516E0,-1.26492E1));
#317=LINE('',#316,#315);
#318=DIRECTION('',(0.E0,0.E0,1.E0));
#319=VECTOR('',#318,4.2672E0);
#320=CARTESIAN_POINT('',(-2.05994E1,-5.72516E0,-1.69164E1));
#321=LINE('',#320,#319);
#322=CARTESIAN_POINT('',(-2.21742E1,-5.72516E0,-1.69164E1));
#323=DIRECTION('',(0.E0,-1.E0,0.E0));
#324=DIRECTION('',(0.E0,0.E0,-1.E0));
#325=AXIS2_PLACEMENT_3D('',#322,#323,#324);
#327=DIRECTION('',(1.E0,0.E0,0.E0));
#328=VECTOR('',#327,2.6924E0);
#329=CARTESIAN_POINT('',(-2.48666E1,-5.72516E0,-1.84912E1));
#330=LINE('',#329,#328);
#331=CARTESIAN_POINT('',(-2.48666E1,-5.72516E0,-1.69164E1));
#332=DIRECTION('',(0.E0,-1.E0,0.E0));
#333=DIRECTION('',(-1.E0,0.E0,0.E0));
#334=AXIS2_PLACEMENT_3D('',#331,#332,#333);
#336=DIRECTION('',(0.E0,0.E0,-1.E0));
#337=VECTOR('',#336,4.2672E0);
#338=CARTESIAN_POINT('',(-2.64414E1,-5.72516E0,-1.26492E1));
#339=LINE('',#338,#337);
#340=DIRECTION('',(-1.E0,0.E0,0.E0));
#341=VECTOR('',#340,1.2065E0);
#342=CARTESIAN_POINT('',(-2.52349E1,-5.72516E0,-1.26492E1));
#343=LINE('',#342,#341);
#344=DIRECTION('',(0.E0,0.E0,-1.E0));
#345=VECTOR('',#344,8.067970953523E-1);
#346=CARTESIAN_POINT('',(-2.52349E1,-5.72516E0,-1.184240290465E1));
#347=LINE('',#346,#345);
#348=DIRECTION('',(1.E0,0.E0,0.E0));
#349=VECTOR('',#348,3.429E0);
#350=CARTESIAN_POINT('',(-2.52349E1,-5.72516E0,-1.184240290465E1));
#351=LINE('',#350,#349);
#352=CARTESIAN_POINT('',(2.35204E1,-5.72516E0,-1.54178E1));
#353=DIRECTION('',(0.E0,-1.E0,0.E0));
#354=DIRECTION('',(1.E0,0.E0,0.E0));
#355=AXIS2_PLACEMENT_3D('',#352,#353,#354);
#357=CARTESIAN_POINT('',(2.35204E1,-5.72516E0,-1.54178E1));
#358=DIRECTION('',(0.E0,-1.E0,0.E0));
#359=DIRECTION('',(-1.E0,0.E0,0.E0));
#360=AXIS2_PLACEMENT_3D('',#357,#358,#359);
#362=CARTESIAN_POINT('',(-2.35204E1,-5.72516E0,-1.54178E1));
#363=DIRECTION('',(0.E0,-1.E0,0.E0));
#364=DIRECTION('',(1.E0,0.E0,0.E0));
#365=AXIS2_PLACEMENT_3D('',#362,#363,#364);
#367=CARTESIAN_POINT('',(-2.35204E1,-5.72516E0,-1.54178E1));
#368=DIRECTION('',(0.E0,-1.E0,0.E0));
#369=DIRECTION('',(-1.E0,0.E0,0.E0));
#370=AXIS2_PLACEMENT_3D('',#367,#368,#369);
#372=CARTESIAN_POINT('',(2.35204E1,-5.72516E0,-1.54178E1));
#373=DIRECTION('',(0.E0,-1.E0,0.E0));
#374=DIRECTION('',(-1.E0,0.E0,0.E0));
#375=AXIS2_PLACEMENT_3D('',#372,#373,#374);
#377=CARTESIAN_POINT('',(2.35204E1,-5.72516E0,-1.54178E1));
#378=DIRECTION('',(0.E0,-1.E0,0.E0));
#379=DIRECTION('',(1.E0,0.E0,0.E0));
#380=AXIS2_PLACEMENT_3D('',#377,#378,#379);
#382=CARTESIAN_POINT('',(-2.35204E1,-5.72516E0,-1.54178E1));
#383=DIRECTION('',(0.E0,-1.E0,0.E0));
#384=DIRECTION('',(-1.E0,0.E0,0.E0));
#385=AXIS2_PLACEMENT_3D('',#382,#383,#384);
#387=CARTESIAN_POINT('',(-2.35204E1,-5.72516E0,-1.54178E1));
#388=DIRECTION('',(0.E0,-1.E0,0.E0));
#389=DIRECTION('',(1.E0,0.E0,0.E0));
#390=AXIS2_PLACEMENT_3D('',#387,#388,#389);
#392=DIRECTION('',(1.E0,0.E0,0.E0));
#393=VECTOR('',#392,3.2004E-1);
#394=CARTESIAN_POINT('',(-2.48539E1,-5.72516E0,-1.6129E1));
#395=LINE('',#394,#393);
#396=DIRECTION('',(0.E0,0.E0,1.E0));
#397=VECTOR('',#396,1.4224E0);
#398=CARTESIAN_POINT('',(-2.453386E1,-5.72516E0,-1.6129E1));
#399=LINE('',#398,#397);
#400=DIRECTION('',(1.E0,0.E0,0.E0));
#401=VECTOR('',#400,3.2004E-1);
#402=CARTESIAN_POINT('',(-2.48539E1,-5.72516E0,-1.47066E1));
#403=LINE('',#402,#401);
#404=DIRECTION('',(0.E0,0.E0,1.E0));
#405=VECTOR('',#404,1.4224E0);
#406=CARTESIAN_POINT('',(-2.48539E1,-5.72516E0,-1.6129E1));
#407=LINE('',#406,#405);
#408=DIRECTION('',(1.E0,0.E0,0.E0));
#409=VECTOR('',#408,3.2004E-1);
#410=CARTESIAN_POINT('',(-2.250694E1,-5.72516E0,-1.6129E1));
#411=LINE('',#410,#409);
#412=DIRECTION('',(0.E0,0.E0,1.E0));
#413=VECTOR('',#412,1.4224E0);
#414=CARTESIAN_POINT('',(-2.21869E1,-5.72516E0,-1.6129E1));
#415=LINE('',#414,#413);
#416=DIRECTION('',(1.E0,0.E0,0.E0));
#417=VECTOR('',#416,3.2004E-1);
#418=CARTESIAN_POINT('',(-2.250694E1,-5.72516E0,-1.47066E1));
#419=LINE('',#418,#417);
#420=DIRECTION('',(0.E0,0.E0,1.E0));
#421=VECTOR('',#420,1.4224E0);
#422=CARTESIAN_POINT('',(-2.250694E1,-5.72516E0,-1.6129E1));
#423=LINE('',#422,#421);
#424=DIRECTION('',(1.E0,0.E0,0.E0));
#425=VECTOR('',#424,3.2004E-1);
#426=CARTESIAN_POINT('',(2.21869E1,-5.72516E0,-1.6129E1));
#427=LINE('',#426,#425);
#428=DIRECTION('',(0.E0,0.E0,1.E0));
#429=VECTOR('',#428,1.4224E0);
#430=CARTESIAN_POINT('',(2.250694E1,-5.72516E0,-1.6129E1));
#431=LINE('',#430,#429);
#432=DIRECTION('',(1.E0,0.E0,0.E0));
#433=VECTOR('',#432,3.2004E-1);
#434=CARTESIAN_POINT('',(2.21869E1,-5.72516E0,-1.47066E1));
#435=LINE('',#434,#433);
#436=DIRECTION('',(0.E0,0.E0,1.E0));
#437=VECTOR('',#436,1.4224E0);
#438=CARTESIAN_POINT('',(2.21869E1,-5.72516E0,-1.6129E1));
#439=LINE('',#438,#437);
#440=DIRECTION('',(1.E0,0.E0,0.E0));
#441=VECTOR('',#440,3.2004E-1);
#442=CARTESIAN_POINT('',(2.453386E1,-5.72516E0,-1.6129E1));
#443=LINE('',#442,#441);
#444=DIRECTION('',(0.E0,0.E0,1.E0));
#445=VECTOR('',#444,1.4224E0);
#446=CARTESIAN_POINT('',(2.48539E1,-5.72516E0,-1.6129E1));
#447=LINE('',#446,#445);
#448=DIRECTION('',(1.E0,0.E0,0.E0));
#449=VECTOR('',#448,3.2004E-1);
#450=CARTESIAN_POINT('',(2.453386E1,-5.72516E0,-1.47066E1));
#451=LINE('',#450,#449);
#452=DIRECTION('',(0.E0,0.E0,1.E0));
#453=VECTOR('',#452,1.4224E0);
#454=CARTESIAN_POINT('',(2.453386E1,-5.72516E0,-1.6129E1));
#455=LINE('',#454,#453);
#456=DIRECTION('',(0.E0,0.E0,-1.E0));
#457=VECTOR('',#456,3.2004E-1);
#458=CARTESIAN_POINT('',(2.28092E1,-5.72516E0,-1.40843E1));
#459=LINE('',#458,#457);
#460=DIRECTION('',(1.E0,0.E0,0.E0));
#461=VECTOR('',#460,1.4224E0);
#462=CARTESIAN_POINT('',(2.28092E1,-5.72516E0,-1.440434E1));
#463=LINE('',#462,#461);
#464=DIRECTION('',(0.E0,0.E0,-1.E0));
#465=VECTOR('',#464,3.2004E-1);
#466=CARTESIAN_POINT('',(2.42316E1,-5.72516E0,-1.40843E1));
#467=LINE('',#466,#465);
#468=DIRECTION('',(1.E0,0.E0,0.E0));
#469=VECTOR('',#468,1.4224E0);
#470=CARTESIAN_POINT('',(2.28092E1,-5.72516E0,-1.40843E1));
#471=LINE('',#470,#469);
#472=DIRECTION('',(0.E0,0.E0,-1.E0));
#473=VECTOR('',#472,3.2004E-1);
#474=CARTESIAN_POINT('',(2.28092E1,-5.72516E0,-1.643126E1));
#475=LINE('',#474,#473);
#476=DIRECTION('',(1.E0,0.E0,0.E0));
#477=VECTOR('',#476,1.4224E0);
#478=CARTESIAN_POINT('',(2.28092E1,-5.72516E0,-1.67513E1));
#479=LINE('',#478,#477);
#480=DIRECTION('',(0.E0,0.E0,-1.E0));
#481=VECTOR('',#480,3.2004E-1);
#482=CARTESIAN_POINT('',(2.42316E1,-5.72516E0,-1.643126E1));
#483=LINE('',#482,#481);
#484=DIRECTION('',(1.E0,0.E0,0.E0));
#485=VECTOR('',#484,1.4224E0);
#486=CARTESIAN_POINT('',(2.28092E1,-5.72516E0,-1.643126E1));
#487=LINE('',#486,#485);
#488=DIRECTION('',(0.E0,0.E0,1.E0));
#489=VECTOR('',#488,3.2004E-1);
#490=CARTESIAN_POINT('',(-2.28092E1,-5.72516E0,-1.67513E1));
#491=LINE('',#490,#489);
#492=DIRECTION('',(-1.E0,0.E0,0.E0));
#493=VECTOR('',#492,1.4224E0);
#494=CARTESIAN_POINT('',(-2.28092E1,-5.72516E0,-1.643126E1));
#495=LINE('',#494,#493);
#496=DIRECTION('',(0.E0,0.E0,1.E0));
#497=VECTOR('',#496,3.2004E-1);
#498=CARTESIAN_POINT('',(-2.42316E1,-5.72516E0,-1.67513E1));
#499=LINE('',#498,#497);
#500=DIRECTION('',(-1.E0,0.E0,0.E0));
#501=VECTOR('',#500,1.4224E0);
#502=CARTESIAN_POINT('',(-2.28092E1,-5.72516E0,-1.67513E1));
#503=LINE('',#502,#501);
#504=DIRECTION('',(0.E0,0.E0,1.E0));
#505=VECTOR('',#504,3.2004E-1);
#506=CARTESIAN_POINT('',(-2.28092E1,-5.72516E0,-1.440434E1));
#507=LINE('',#506,#505);
#508=DIRECTION('',(-1.E0,0.E0,0.E0));
#509=VECTOR('',#508,1.4224E0);
#510=CARTESIAN_POINT('',(-2.28092E1,-5.72516E0,-1.40843E1));
#511=LINE('',#510,#509);
#512=DIRECTION('',(0.E0,0.E0,1.E0));
#513=VECTOR('',#512,3.2004E-1);
#514=CARTESIAN_POINT('',(-2.42316E1,-5.72516E0,-1.440434E1));
#515=LINE('',#514,#513);
#516=DIRECTION('',(-1.E0,0.E0,0.E0));
#517=VECTOR('',#516,1.4224E0);
#518=CARTESIAN_POINT('',(-2.28092E1,-5.72516E0,-1.440434E1));
#519=LINE('',#518,#517);
#520=DIRECTION('',(0.E0,-1.E0,0.E0));
#521=VECTOR('',#520,4.1656E-1);
#522=CARTESIAN_POINT('',(2.52349E1,-5.3086E0,-1.26492E1));
#523=LINE('',#522,#521);
#524=DIRECTION('',(0.E0,-7.071067811846E-1,-7.071067811885E-1));
#525=VECTOR('',#524,5.891048015438E-1);
#526=CARTESIAN_POINT('',(2.52349E1,-5.3086E0,-1.142584290465E1));
#527=LINE('',#526,#525);
#528=DIRECTION('',(0.E0,7.071067811846E-1,7.071067811885E-1));
#529=VECTOR('',#528,5.891048015438E-1);
#530=CARTESIAN_POINT('',(2.18059E1,-5.72516E0,-1.184240290465E1));
#531=LINE('',#530,#529);
#532=DIRECTION('',(0.E0,-1.E0,0.E0));
#533=VECTOR('',#532,4.1656E-1);
#534=CARTESIAN_POINT('',(2.18059E1,-5.3086E0,-1.26492E1));
#535=LINE('',#534,#533);
#536=DIRECTION('',(0.E0,0.E0,1.E0));
#537=VECTOR('',#536,1.223357095355E0);
#538=CARTESIAN_POINT('',(2.52349E1,-5.3086E0,-1.26492E1));
#539=LINE('',#538,#537);
#540=DIRECTION('',(1.E0,0.E0,0.E0));
#541=VECTOR('',#540,3.429E0);
#542=CARTESIAN_POINT('',(2.18059E1,-5.3086E0,-1.142584290465E1));
#543=LINE('',#542,#541);
#544=DIRECTION('',(0.E0,0.E0,-1.E0));
#545=VECTOR('',#544,1.223357095355E0);
#546=CARTESIAN_POINT('',(2.18059E1,-5.3086E0,-1.142584290465E1));
#547=LINE('',#546,#545);
#548=DIRECTION('',(-1.E0,0.E0,0.E0));
#549=VECTOR('',#548,1.2065E0);
#550=CARTESIAN_POINT('',(2.18059E1,-5.3086E0,-1.26492E1));
#551=LINE('',#550,#549);
#552=DIRECTION('',(0.E0,0.E0,-1.E0));
#553=VECTOR('',#552,4.2672E0);
#554=CARTESIAN_POINT('',(2.05994E1,-5.3086E0,-1.26492E1));
#555=LINE('',#554,#553);
#556=CARTESIAN_POINT('',(2.21742E1,-5.3086E0,-1.69164E1));
#557=DIRECTION('',(0.E0,-1.E0,0.E0));
#558=DIRECTION('',(-1.E0,0.E0,0.E0));
#559=AXIS2_PLACEMENT_3D('',#556,#557,#558);
#561=DIRECTION('',(1.E0,0.E0,0.E0));
#562=VECTOR('',#561,2.6924E0);
#563=CARTESIAN_POINT('',(2.21742E1,-5.3086E0,-1.84912E1));
#564=LINE('',#563,#562);
#565=CARTESIAN_POINT('',(2.48666E1,-5.3086E0,-1.69164E1));
#566=DIRECTION('',(0.E0,-1.E0,0.E0));
#567=DIRECTION('',(0.E0,0.E0,-1.E0));
#568=AXIS2_PLACEMENT_3D('',#565,#566,#567);
#570=DIRECTION('',(0.E0,0.E0,-1.E0));
#571=VECTOR('',#570,4.2672E0);
#572=CARTESIAN_POINT('',(2.64414E1,-5.3086E0,-1.26492E1));
#573=LINE('',#572,#571);
#574=DIRECTION('',(-1.E0,0.E0,0.E0));
#575=VECTOR('',#574,1.2065E0);
#576=CARTESIAN_POINT('',(2.64414E1,-5.3086E0,-1.26492E1));
#577=LINE('',#576,#575);
#578=DIRECTION('',(0.E0,0.E0,1.E0));
#579=VECTOR('',#578,1.223357095355E0);
#580=CARTESIAN_POINT('',(-2.18059E1,-5.3086E0,-1.26492E1));
#581=LINE('',#580,#579);
#582=DIRECTION('',(1.E0,0.E0,0.E0));
#583=VECTOR('',#582,3.429E0);
#584=CARTESIAN_POINT('',(-2.52349E1,-5.3086E0,-1.142584290465E1));
#585=LINE('',#584,#583);
#586=DIRECTION('',(0.E0,0.E0,-1.E0));
#587=VECTOR('',#586,1.223357095355E0);
#588=CARTESIAN_POINT('',(-2.52349E1,-5.3086E0,-1.142584290465E1));
#589=LINE('',#588,#587);
#590=DIRECTION('',(-1.E0,0.E0,0.E0));
#591=VECTOR('',#590,1.2065E0);
#592=CARTESIAN_POINT('',(-2.52349E1,-5.3086E0,-1.26492E1));
#593=LINE('',#592,#591);
#594=DIRECTION('',(0.E0,0.E0,-1.E0));
#595=VECTOR('',#594,4.2672E0);
#596=CARTESIAN_POINT('',(-2.64414E1,-5.3086E0,-1.26492E1));
#597=LINE('',#596,#595);
#598=CARTESIAN_POINT('',(-2.48666E1,-5.3086E0,-1.69164E1));
#599=DIRECTION('',(0.E0,-1.E0,0.E0));
#600=DIRECTION('',(-1.E0,0.E0,0.E0));
#601=AXIS2_PLACEMENT_3D('',#598,#599,#600);
#603=DIRECTION('',(1.E0,0.E0,0.E0));
#604=VECTOR('',#603,2.6924E0);
#605=CARTESIAN_POINT('',(-2.48666E1,-5.3086E0,-1.84912E1));
#606=LINE('',#605,#604);
#607=CARTESIAN_POINT('',(-2.21742E1,-5.3086E0,-1.69164E1));
#608=DIRECTION('',(0.E0,-1.E0,0.E0));
#609=DIRECTION('',(0.E0,0.E0,-1.E0));
#610=AXIS2_PLACEMENT_3D('',#607,#608,#609);
#612=DIRECTION('',(0.E0,0.E0,1.E0));
#613=VECTOR('',#612,4.2672E0);
#614=CARTESIAN_POINT('',(-2.05994E1,-5.3086E0,-1.69164E1));
#615=LINE('',#614,#613);
#616=DIRECTION('',(-1.E0,0.E0,0.E0));
#617=VECTOR('',#616,1.2065E0);
#618=CARTESIAN_POINT('',(-2.05994E1,-5.3086E0,-1.26492E1));
#619=LINE('',#618,#617);
#620=DIRECTION('',(1.E0,0.E0,0.E0));
#621=VECTOR('',#620,1.3081E0);
#622=CARTESIAN_POINT('',(-2.6543E1,-5.3086E0,-6.30936E0));
#623=LINE('',#622,#621);
#624=DIRECTION('',(-1.E0,0.E0,0.E0));
#625=VECTOR('',#624,1.2319E0);
#626=CARTESIAN_POINT('',(-2.0447E1,-5.3086E0,-1.225296E1));
#627=LINE('',#626,#625);
#628=DIRECTION('',(0.E0,0.E0,1.E0));
#629=VECTOR('',#628,6.35E0);
#630=CARTESIAN_POINT('',(-2.0447E1,-5.3086E0,-1.860296E1));
#631=LINE('',#630,#629);
#632=DIRECTION('',(0.E0,0.E0,1.E0));
#633=VECTOR('',#632,6.36016E0);
#634=CARTESIAN_POINT('',(2.16789E1,-5.3086E0,-1.225296E1));
#635=LINE('',#634,#633);
#636=DIRECTION('',(0.E0,0.E0,-1.E0));
#637=VECTOR('',#636,4.1656E-1);
#638=CARTESIAN_POINT('',(2.52349E1,-5.3086E0,-5.8928E0));
#639=LINE('',#638,#637);
#640=DIRECTION('',(1.E0,0.E0,0.E0));
#641=VECTOR('',#640,1.3081E0);
#642=CARTESIAN_POINT('',(2.52349E1,-5.3086E0,-6.30936E0));
#643=LINE('',#642,#641);
#644=DIRECTION('',(0.E0,0.E0,-1.E0));
#645=VECTOR('',#644,6.35E0);
#646=CARTESIAN_POINT('',(2.0447E1,-5.3086E0,-1.225296E1));
#647=LINE('',#646,#645);
#648=DIRECTION('',(-1.E0,0.E0,0.E0));
#649=VECTOR('',#648,1.2319E0);
#650=CARTESIAN_POINT('',(2.16789E1,-5.3086E0,-1.225296E1));
#651=LINE('',#650,#649);
#652=DIRECTION('',(0.E0,-1.E0,0.E0));
#653=VECTOR('',#652,4.1656E-1);
#654=CARTESIAN_POINT('',(2.05994E1,-5.3086E0,-1.26492E1));
#655=LINE('',#654,#653);
#656=DIRECTION('',(0.E0,-1.E0,0.E0));
#657=VECTOR('',#656,4.1656E-1);
#658=CARTESIAN_POINT('',(2.05994E1,-5.3086E0,-1.69164E1));
#659=LINE('',#658,#657);
#660=DIRECTION('',(0.E0,-1.E0,0.E0));
#661=VECTOR('',#660,4.1656E-1);
#662=CARTESIAN_POINT('',(2.21742E1,-5.3086E0,-1.84912E1));
#663=LINE('',#662,#661);
#664=DIRECTION('',(0.E0,-1.E0,0.E0));
#665=VECTOR('',#664,4.1656E-1);
#666=CARTESIAN_POINT('',(2.48666E1,-5.3086E0,-1.84912E1));
#667=LINE('',#666,#665);
#668=DIRECTION('',(0.E0,-1.E0,0.E0));
#669=VECTOR('',#668,4.1656E-1);
#670=CARTESIAN_POINT('',(2.64414E1,-5.3086E0,-1.69164E1));
#671=LINE('',#670,#669);
#672=DIRECTION('',(0.E0,-1.E0,0.E0));
#673=VECTOR('',#672,4.1656E-1);
#674=CARTESIAN_POINT('',(2.64414E1,-5.3086E0,-1.26492E1));
#675=LINE('',#674,#673);
#676=DIRECTION('',(0.E0,7.071067811846E-1,7.071067811885E-1));
#677=VECTOR('',#676,5.891048015438E-1);
#678=CARTESIAN_POINT('',(-2.18059E1,-5.72516E0,-1.184240290465E1));
#679=LINE('',#678,#677);
#680=DIRECTION('',(0.E0,-1.E0,0.E0));
#681=VECTOR('',#680,4.1656E-1);
#682=CARTESIAN_POINT('',(-2.18059E1,-5.3086E0,-1.26492E1));
#683=LINE('',#682,#681);
#684=DIRECTION('',(0.E0,7.071067811846E-1,7.071067811885E-1));
#685=VECTOR('',#684,5.891048015438E-1);
#686=CARTESIAN_POINT('',(-2.52349E1,-5.72516E0,-1.184240290465E1));
#687=LINE('',#686,#685);
#688=DIRECTION('',(0.E0,-1.E0,0.E0));
#689=VECTOR('',#688,4.1656E-1);
#690=CARTESIAN_POINT('',(-2.52349E1,-5.3086E0,-1.26492E1));
#691=LINE('',#690,#689);
#692=DIRECTION('',(0.E0,-1.E0,0.E0));
#693=VECTOR('',#692,4.1656E-1);
#694=CARTESIAN_POINT('',(-2.64414E1,-5.3086E0,-1.26492E1));
#695=LINE('',#694,#693);
#696=DIRECTION('',(0.E0,-1.E0,0.E0));
#697=VECTOR('',#696,4.1656E-1);
#698=CARTESIAN_POINT('',(-2.64414E1,-5.3086E0,-1.69164E1));
#699=LINE('',#698,#697);
#700=DIRECTION('',(0.E0,-1.E0,0.E0));
#701=VECTOR('',#700,4.1656E-1);
#702=CARTESIAN_POINT('',(-2.48666E1,-5.3086E0,-1.84912E1));
#703=LINE('',#702,#701);
#704=DIRECTION('',(0.E0,-1.E0,0.E0));
#705=VECTOR('',#704,4.1656E-1);
#706=CARTESIAN_POINT('',(-2.21742E1,-5.3086E0,-1.84912E1));
#707=LINE('',#706,#705);
#708=DIRECTION('',(0.E0,-1.E0,1.705739235068E-14));
#709=VECTOR('',#708,4.1656E-1);
#710=CARTESIAN_POINT('',(-2.05994E1,-5.3086E0,-1.69164E1));
#711=LINE('',#710,#709);
#712=DIRECTION('',(0.E0,-1.E0,0.E0));
#713=VECTOR('',#712,4.1656E-1);
#714=CARTESIAN_POINT('',(-2.05994E1,-5.3086E0,-1.26492E1));
#715=LINE('',#714,#713);
#716=CARTESIAN_POINT('',(-1.737106E1,2.06756E0,-6.30936E0));
#717=DIRECTION('',(0.E0,0.E0,1.E0));
#718=DIRECTION('',(0.E0,1.E0,0.E0));
#719=AXIS2_PLACEMENT_3D('',#716,#717,#718);
#721=DIRECTION('',(-1.E0,0.E0,0.E0));
#722=VECTOR('',#721,3.474212E1);
#723=CARTESIAN_POINT('',(1.737106E1,4.191E0,-6.30936E0));
#724=LINE('',#723,#722);
#725=CARTESIAN_POINT('',(1.737106E1,2.06756E0,-6.30936E0));
#726=DIRECTION('',(0.E0,0.E0,1.E0));
#727=DIRECTION('',(9.848077530122E-1,-1.736481776669E-1,0.E0));
#728=AXIS2_PLACEMENT_3D('',#725,#726,#727);
#730=DIRECTION('',(1.736481776669E-1,9.848077530122E-1,0.E0));
#731=VECTOR('',#730,4.198910891341E0);
#732=CARTESIAN_POINT('',(1.873310695059E1,-2.436291486385E0,-6.30936E0));
#733=LINE('',#732,#731);
#734=CARTESIAN_POINT('',(1.664192677553E1,-2.06756E0,-6.30936E0));
#735=DIRECTION('',(0.E0,0.E0,1.E0));
#736=DIRECTION('',(0.E0,-1.E0,0.E0));
#737=AXIS2_PLACEMENT_3D('',#734,#735,#736);
#739=DIRECTION('',(1.E0,0.E0,0.E0));
#740=VECTOR('',#739,3.328385355107E1);
#741=CARTESIAN_POINT('',(-1.664192677553E1,-4.191E0,-6.30936E0));
#742=LINE('',#741,#740);
#743=CARTESIAN_POINT('',(-1.664192677553E1,-2.06756E0,-6.30936E0));
#744=DIRECTION('',(0.E0,0.E0,1.E0));
#745=DIRECTION('',(-9.848077530122E-1,-1.736481776669E-1,0.E0));
#746=AXIS2_PLACEMENT_3D('',#743,#744,#745);
#748=DIRECTION('',(1.736481776669E-1,-9.848077530122E-1,0.E0));
#749=VECTOR('',#748,4.198910891341E0);
#750=CARTESIAN_POINT('',(-1.946224017506E1,1.698828513615E0,-6.30936E0));
#751=LINE('',#750,#749);
#752=CARTESIAN_POINT('',(-2.5273E1,-3.734371628645E0,-6.30936E0));
#753=DIRECTION('',(0.E0,0.E0,-1.E0));
#754=DIRECTION('',(3.000000000001E-2,-9.995498987044E-1,0.E0));
#755=AXIS2_PLACEMENT_3D('',#752,#753,#754);
#757=DIRECTION('',(-1.165588477297E-14,1.E0,0.E0));
#758=VECTOR('',#757,3.048E-1);
#759=CARTESIAN_POINT('',(-2.52349E1,-5.3086E0,-6.30936E0));
#760=LINE('',#759,#758);
#761=DIRECTION('',(0.E0,-1.E0,0.E0));
#762=VECTOR('',#761,3.048E-1);
#763=CARTESIAN_POINT('',(2.52349E1,-5.0038E0,-6.30936E0));
#764=LINE('',#763,#762);
#765=CARTESIAN_POINT('',(2.5273E1,-3.734371628645E0,-6.30936E0));
#766=DIRECTION('',(0.E0,0.E0,-1.E0));
#767=DIRECTION('',(1.E0,0.E0,0.E0));
#768=AXIS2_PLACEMENT_3D('',#765,#766,#767);
#770=CARTESIAN_POINT('',(-1.65608E1,1.4224E0,-6.30936E0));
#771=DIRECTION('',(0.E0,0.E0,1.E0));
#772=DIRECTION('',(1.E0,0.E0,0.E0));
#773=AXIS2_PLACEMENT_3D('',#770,#771,#772);
#775=CARTESIAN_POINT('',(-1.65608E1,1.4224E0,-6.30936E0));
#776=DIRECTION('',(0.E0,0.E0,1.E0));
#777=DIRECTION('',(-1.E0,0.E0,0.E0));
#778=AXIS2_PLACEMENT_3D('',#775,#776,#777);
#780=CARTESIAN_POINT('',(-2.7686E0,1.4224E0,-6.30936E0));
#781=DIRECTION('',(0.E0,0.E0,1.E0));
#782=DIRECTION('',(1.E0,0.E0,0.E0));
#783=AXIS2_PLACEMENT_3D('',#780,#781,#782);
#785=CARTESIAN_POINT('',(-2.7686E0,1.4224E0,-6.30936E0));
#786=DIRECTION('',(0.E0,0.E0,1.E0));
#787=DIRECTION('',(-1.E0,0.E0,0.E0));
#788=AXIS2_PLACEMENT_3D('',#785,#786,#787);
#790=CARTESIAN_POINT('',(-5.5372E0,1.4224E0,-6.30936E0));
#791=DIRECTION('',(0.E0,0.E0,1.E0));
#792=DIRECTION('',(1.E0,0.E0,0.E0));
#793=AXIS2_PLACEMENT_3D('',#790,#791,#792);
#795=CARTESIAN_POINT('',(-5.5372E0,1.4224E0,-6.30936E0));
#796=DIRECTION('',(0.E0,0.E0,1.E0));
#797=DIRECTION('',(-1.E0,0.E0,0.E0));
#798=AXIS2_PLACEMENT_3D('',#795,#796,#797);
#800=CARTESIAN_POINT('',(-8.2804E0,1.4224E0,-6.30936E0));
#801=DIRECTION('',(0.E0,0.E0,1.E0));
#802=DIRECTION('',(1.E0,0.E0,0.E0));
#803=AXIS2_PLACEMENT_3D('',#800,#801,#802);
#805=CARTESIAN_POINT('',(-8.2804E0,1.4224E0,-6.30936E0));
#806=DIRECTION('',(0.E0,0.E0,1.E0));
#807=DIRECTION('',(-1.E0,0.E0,0.E0));
#808=AXIS2_PLACEMENT_3D('',#805,#806,#807);
#810=CARTESIAN_POINT('',(-1.1049E1,1.4224E0,-6.30936E0));
#811=DIRECTION('',(0.E0,0.E0,1.E0));
#812=DIRECTION('',(1.E0,0.E0,0.E0));
#813=AXIS2_PLACEMENT_3D('',#810,#811,#812);
#815=CARTESIAN_POINT('',(-1.1049E1,1.4224E0,-6.30936E0));
#816=DIRECTION('',(0.E0,0.E0,1.E0));
#817=DIRECTION('',(-1.E0,0.E0,0.E0));
#818=AXIS2_PLACEMENT_3D('',#815,#816,#817);
#820=CARTESIAN_POINT('',(-1.38176E1,1.4224E0,-6.30936E0));
#821=DIRECTION('',(0.E0,0.E0,1.E0));
#822=DIRECTION('',(1.E0,0.E0,0.E0));
#823=AXIS2_PLACEMENT_3D('',#820,#821,#822);
#825=CARTESIAN_POINT('',(-1.38176E1,1.4224E0,-6.30936E0));
#826=DIRECTION('',(0.E0,0.E0,1.E0));
#827=DIRECTION('',(-1.E0,0.E0,0.E0));
#828=AXIS2_PLACEMENT_3D('',#825,#826,#827);
#830=CARTESIAN_POINT('',(1.65608E1,1.4224E0,-6.30936E0));
#831=DIRECTION('',(0.E0,0.E0,1.E0));
#832=DIRECTION('',(1.E0,0.E0,0.E0));
#833=AXIS2_PLACEMENT_3D('',#830,#831,#832);
#835=CARTESIAN_POINT('',(1.65608E1,1.4224E0,-6.30936E0));
#836=DIRECTION('',(0.E0,0.E0,1.E0));
#837=DIRECTION('',(-1.E0,0.E0,0.E0));
#838=AXIS2_PLACEMENT_3D('',#835,#836,#837);
#840=CARTESIAN_POINT('',(2.7686E0,1.4224E0,-6.30936E0));
#841=DIRECTION('',(0.E0,0.E0,1.E0));
#842=DIRECTION('',(1.E0,0.E0,0.E0));
#843=AXIS2_PLACEMENT_3D('',#840,#841,#842);
#845=CARTESIAN_POINT('',(2.7686E0,1.4224E0,-6.30936E0));
#846=DIRECTION('',(0.E0,0.E0,1.E0));
#847=DIRECTION('',(-1.E0,0.E0,0.E0));
#848=AXIS2_PLACEMENT_3D('',#845,#846,#847);
#850=CARTESIAN_POINT('',(5.5372E0,1.4224E0,-6.30936E0));
#851=DIRECTION('',(0.E0,0.E0,1.E0));
#852=DIRECTION('',(1.E0,0.E0,0.E0));
#853=AXIS2_PLACEMENT_3D('',#850,#851,#852);
#855=CARTESIAN_POINT('',(5.5372E0,1.4224E0,-6.30936E0));
#856=DIRECTION('',(0.E0,0.E0,1.E0));
#857=DIRECTION('',(-1.E0,0.E0,0.E0));
#858=AXIS2_PLACEMENT_3D('',#855,#856,#857);
#860=CARTESIAN_POINT('',(8.2804E0,1.4224E0,-6.30936E0));
#861=DIRECTION('',(0.E0,0.E0,1.E0));
#862=DIRECTION('',(1.E0,0.E0,0.E0));
#863=AXIS2_PLACEMENT_3D('',#860,#861,#862);
#865=CARTESIAN_POINT('',(8.2804E0,1.4224E0,-6.30936E0));
#866=DIRECTION('',(0.E0,0.E0,1.E0));
#867=DIRECTION('',(-1.E0,0.E0,0.E0));
#868=AXIS2_PLACEMENT_3D('',#865,#866,#867);
#870=CARTESIAN_POINT('',(1.1049E1,1.4224E0,-6.30936E0));
#871=DIRECTION('',(0.E0,0.E0,1.E0));
#872=DIRECTION('',(1.E0,0.E0,0.E0));
#873=AXIS2_PLACEMENT_3D('',#870,#871,#872);
#875=CARTESIAN_POINT('',(1.1049E1,1.4224E0,-6.30936E0));
#876=DIRECTION('',(0.E0,0.E0,1.E0));
#877=DIRECTION('',(-1.E0,0.E0,0.E0));
#878=AXIS2_PLACEMENT_3D('',#875,#876,#877);
#880=CARTESIAN_POINT('',(1.38176E1,1.4224E0,-6.30936E0));
#881=DIRECTION('',(0.E0,0.E0,1.E0));
#882=DIRECTION('',(1.E0,0.E0,0.E0));
#883=AXIS2_PLACEMENT_3D('',#880,#881,#882);
#885=CARTESIAN_POINT('',(1.38176E1,1.4224E0,-6.30936E0));
#886=DIRECTION('',(0.E0,0.E0,1.E0));
#887=DIRECTION('',(-1.E0,0.E0,0.E0));
#888=AXIS2_PLACEMENT_3D('',#885,#886,#887);
#890=CARTESIAN_POINT('',(-1.51892E1,-1.4224E0,-6.30936E0));
#891=DIRECTION('',(0.E0,0.E0,1.E0));
#892=DIRECTION('',(1.E0,0.E0,0.E0));
#893=AXIS2_PLACEMENT_3D('',#890,#891,#892);
#895=CARTESIAN_POINT('',(-1.51892E1,-1.4224E0,-6.30936E0));
#896=DIRECTION('',(0.E0,0.E0,1.E0));
#897=DIRECTION('',(-1.E0,0.E0,0.E0));
#898=AXIS2_PLACEMENT_3D('',#895,#896,#897);
#900=CARTESIAN_POINT('',(-1.24206E1,-1.4224E0,-6.30936E0));
#901=DIRECTION('',(0.E0,0.E0,1.E0));
#902=DIRECTION('',(1.E0,0.E0,0.E0));
#903=AXIS2_PLACEMENT_3D('',#900,#901,#902);
#905=CARTESIAN_POINT('',(-1.24206E1,-1.4224E0,-6.30936E0));
#906=DIRECTION('',(0.E0,0.E0,1.E0));
#907=DIRECTION('',(-1.E0,0.E0,0.E0));
#908=AXIS2_PLACEMENT_3D('',#905,#906,#907);
#910=CARTESIAN_POINT('',(-9.6774E0,-1.4224E0,-6.30936E0));
#911=DIRECTION('',(0.E0,0.E0,1.E0));
#912=DIRECTION('',(1.E0,0.E0,0.E0));
#913=AXIS2_PLACEMENT_3D('',#910,#911,#912);
#915=CARTESIAN_POINT('',(-9.6774E0,-1.4224E0,-6.30936E0));
#916=DIRECTION('',(0.E0,0.E0,1.E0));
#917=DIRECTION('',(-1.E0,0.E0,0.E0));
#918=AXIS2_PLACEMENT_3D('',#915,#916,#917);
#920=CARTESIAN_POINT('',(-6.9088E0,-1.4224E0,-6.30936E0));
#921=DIRECTION('',(0.E0,0.E0,1.E0));
#922=DIRECTION('',(1.E0,0.E0,0.E0));
#923=AXIS2_PLACEMENT_3D('',#920,#921,#922);
#925=CARTESIAN_POINT('',(-6.9088E0,-1.4224E0,-6.30936E0));
#926=DIRECTION('',(0.E0,0.E0,1.E0));
#927=DIRECTION('',(-1.E0,0.E0,0.E0));
#928=AXIS2_PLACEMENT_3D('',#925,#926,#927);
#930=CARTESIAN_POINT('',(-4.1402E0,-1.4224E0,-6.30936E0));
#931=DIRECTION('',(0.E0,0.E0,1.E0));
#932=DIRECTION('',(1.E0,0.E0,0.E0));
#933=AXIS2_PLACEMENT_3D('',#930,#931,#932);
#935=CARTESIAN_POINT('',(-4.1402E0,-1.4224E0,-6.30936E0));
#936=DIRECTION('',(0.E0,0.E0,1.E0));
#937=DIRECTION('',(-1.E0,0.E0,0.E0));
#938=AXIS2_PLACEMENT_3D('',#935,#936,#937);
#940=CARTESIAN_POINT('',(-1.397E0,-1.4224E0,-6.30936E0));
#941=DIRECTION('',(0.E0,0.E0,1.E0));
#942=DIRECTION('',(1.E0,0.E0,0.E0));
#943=AXIS2_PLACEMENT_3D('',#940,#941,#942);
#945=CARTESIAN_POINT('',(-1.397E0,-1.4224E0,-6.30936E0));
#946=DIRECTION('',(0.E0,0.E0,1.E0));
#947=DIRECTION('',(-1.E0,0.E0,0.E0));
#948=AXIS2_PLACEMENT_3D('',#945,#946,#947);
#950=CARTESIAN_POINT('',(1.51892E1,-1.4224E0,-6.30936E0));
#951=DIRECTION('',(0.E0,0.E0,1.E0));
#952=DIRECTION('',(1.E0,0.E0,0.E0));
#953=AXIS2_PLACEMENT_3D('',#950,#951,#952);
#955=CARTESIAN_POINT('',(1.51892E1,-1.4224E0,-6.30936E0));
#956=DIRECTION('',(0.E0,0.E0,1.E0));
#957=DIRECTION('',(-1.E0,0.E0,0.E0));
#958=AXIS2_PLACEMENT_3D('',#955,#956,#957);
#960=CARTESIAN_POINT('',(1.24206E1,-1.4224E0,-6.30936E0));
#961=DIRECTION('',(0.E0,0.E0,1.E0));
#962=DIRECTION('',(1.E0,0.E0,0.E0));
#963=AXIS2_PLACEMENT_3D('',#960,#961,#962);
#965=CARTESIAN_POINT('',(1.24206E1,-1.4224E0,-6.30936E0));
#966=DIRECTION('',(0.E0,0.E0,1.E0));
#967=DIRECTION('',(-1.E0,0.E0,0.E0));
#968=AXIS2_PLACEMENT_3D('',#965,#966,#967);
#970=CARTESIAN_POINT('',(9.6774E0,-1.4224E0,-6.30936E0));
#971=DIRECTION('',(0.E0,0.E0,1.E0));
#972=DIRECTION('',(1.E0,0.E0,0.E0));
#973=AXIS2_PLACEMENT_3D('',#970,#971,#972);
#975=CARTESIAN_POINT('',(9.6774E0,-1.4224E0,-6.30936E0));
#976=DIRECTION('',(0.E0,0.E0,1.E0));
#977=DIRECTION('',(-1.E0,0.E0,0.E0));
#978=AXIS2_PLACEMENT_3D('',#975,#976,#977);
#980=CARTESIAN_POINT('',(6.9088E0,-1.4224E0,-6.30936E0));
#981=DIRECTION('',(0.E0,0.E0,1.E0));
#982=DIRECTION('',(1.E0,0.E0,0.E0));
#983=AXIS2_PLACEMENT_3D('',#980,#981,#982);
#985=CARTESIAN_POINT('',(6.9088E0,-1.4224E0,-6.30936E0));
#986=DIRECTION('',(0.E0,0.E0,1.E0));
#987=DIRECTION('',(-1.E0,0.E0,0.E0));
#988=AXIS2_PLACEMENT_3D('',#985,#986,#987);
#990=CARTESIAN_POINT('',(4.1402E0,-1.4224E0,-6.30936E0));
#991=DIRECTION('',(0.E0,0.E0,1.E0));
#992=DIRECTION('',(1.E0,0.E0,0.E0));
#993=AXIS2_PLACEMENT_3D('',#990,#991,#992);
#995=CARTESIAN_POINT('',(4.1402E0,-1.4224E0,-6.30936E0));
#996=DIRECTION('',(0.E0,0.E0,1.E0));
#997=DIRECTION('',(-1.E0,0.E0,0.E0));
#998=AXIS2_PLACEMENT_3D('',#995,#996,#997);
#1000=CARTESIAN_POINT('',(1.397E0,-1.4224E0,-6.30936E0));
#1001=DIRECTION('',(0.E0,0.E0,1.E0));
#1002=DIRECTION('',(1.E0,0.E0,0.E0));
#1003=AXIS2_PLACEMENT_3D('',#1000,#1001,#1002);
#1005=CARTESIAN_POINT('',(1.397E0,-1.4224E0,-6.30936E0));
#1006=DIRECTION('',(0.E0,0.E0,1.E0));
#1007=DIRECTION('',(-1.E0,0.E0,0.E0));
#1008=AXIS2_PLACEMENT_3D('',#1005,#1006,#1007);
#1010=CARTESIAN_POINT('',(0.E0,1.4224E0,-6.30936E0));
#1011=DIRECTION('',(0.E0,0.E0,1.E0));
#1012=DIRECTION('',(1.E0,0.E0,0.E0));
#1013=AXIS2_PLACEMENT_3D('',#1010,#1011,#1012);
#1015=CARTESIAN_POINT('',(0.E0,1.4224E0,-6.30936E0));
#1016=DIRECTION('',(0.E0,0.E0,1.E0));
#1017=DIRECTION('',(-1.E0,0.E0,0.E0));
#1018=AXIS2_PLACEMENT_3D('',#1015,#1016,#1017);
#1020=DIRECTION('',(0.E0,1.E0,0.E0));
#1021=VECTOR('',#1020,1.27E0);
#1022=CARTESIAN_POINT('',(-1.65735E1,2.286E0,-6.30936E0));
#1023=LINE('',#1022,#1021);
#1024=DIRECTION('',(-1.E0,0.E0,0.E0));
#1025=VECTOR('',#1024,1.5875E-1);
#1026=CARTESIAN_POINT('',(-1.65735E1,3.556E0,-6.30936E0));
#1027=LINE('',#1026,#1025);
#1028=DIRECTION('',(-6.428712937139E-1,-7.659742160926E-1,0.E0));
#1029=VECTOR('',#1028,2.469390087134E-1);
#1030=CARTESIAN_POINT('',(-1.673225E1,3.556E0,-6.30936E0));
#1031=LINE('',#1030,#1029);
#1032=DIRECTION('',(0.E0,-1.E0,0.E0));
#1033=VECTOR('',#1032,2.161702626944E-1);
#1034=CARTESIAN_POINT('',(-1.6891E1,3.366851086378E0,-6.30936E0));
#1035=LINE('',#1034,#1033);
#1036=DIRECTION('',(6.428711427642E-1,7.659743427825E-1,0.E0));
#1037=VECTOR('',#1036,2.469390666960E-1);
#1038=CARTESIAN_POINT('',(-1.6891E1,3.150680823684E0,-6.30936E0));
#1039=LINE('',#1038,#1037);
#1040=DIRECTION('',(0.E0,-1.E0,0.E0));
#1041=VECTOR('',#1040,1.053829813004E0);
#1042=CARTESIAN_POINT('',(-1.673225E1,3.339829813004E0,-6.30936E0));
#1043=LINE('',#1042,#1041);
#1044=DIRECTION('',(1.E0,0.E0,0.E0));
#1045=VECTOR('',#1044,1.5875E-1);
#1046=CARTESIAN_POINT('',(-1.673225E1,2.286E0,-6.30936E0));
#1047=LINE('',#1046,#1045);
#1048=DIRECTION('',(0.E0,1.E0,0.E0));
#1049=VECTOR('',#1048,1.27E0);
#1050=CARTESIAN_POINT('',(-1.55575E1,-3.81E0,-6.30936E0));
#1051=LINE('',#1050,#1049);
#1052=DIRECTION('',(-1.E0,0.E0,0.E0));
#1053=VECTOR('',#1052,1.5875E-1);
#1054=CARTESIAN_POINT('',(-1.55575E1,-2.54E0,-6.30936E0));
#1055=LINE('',#1054,#1053);
#1056=DIRECTION('',(-6.428712937139E-1,-7.659742160925E-1,0.E0));
#1057=VECTOR('',#1056,2.469390087134E-1);
#1058=CARTESIAN_POINT('',(-1.571625E1,-2.54E0,-6.30936E0));
#1059=LINE('',#1058,#1057);
#1060=DIRECTION('',(0.E0,-1.E0,0.E0));
#1061=VECTOR('',#1060,2.161702626944E-1);
#1062=CARTESIAN_POINT('',(-1.5875E1,-2.729148913622E0,-6.30936E0));
#1063=LINE('',#1062,#1061);
#1064=DIRECTION('',(6.428711427642E-1,7.659743427825E-1,0.E0));
#1065=VECTOR('',#1064,2.469390666960E-1);
#1066=CARTESIAN_POINT('',(-1.5875E1,-2.945319176316E0,-6.30936E0));
#1067=LINE('',#1066,#1065);
#1068=DIRECTION('',(0.E0,-1.E0,0.E0));
#1069=VECTOR('',#1068,1.053829813004E0);
#1070=CARTESIAN_POINT('',(-1.571625E1,-2.756170186996E0,-6.30936E0));
#1071=LINE('',#1070,#1069);
#1072=DIRECTION('',(1.E0,0.E0,0.E0));
#1073=VECTOR('',#1072,1.5875E-1);
#1074=CARTESIAN_POINT('',(-1.571625E1,-3.81E0,-6.30936E0));
#1075=LINE('',#1074,#1073);
#1076=DIRECTION('',(-6.565245060609E-1,-7.543046950281E-1,0.E0));
#1077=VECTOR('',#1076,9.672145243425E-1);
#1078=CARTESIAN_POINT('',(-1.471083330810E1,-2.54E0,-6.30936E0));
#1079=LINE('',#1078,#1077);
#1080=DIRECTION('',(0.E0,-1.E0,0.E0));
#1081=VECTOR('',#1080,1.621276780963E-1);
#1082=CARTESIAN_POINT('',(-1.534583334595E1,-3.269574456811E0,-6.30936E0));
#1083=LINE('',#1082,#1081);
#1084=DIRECTION('',(1.E0,0.E0,0.E0));
#1085=VECTOR('',#1084,6.350000378490E-1);
#1086=CARTESIAN_POINT('',(-1.534583334595E1,-3.431702134907E0,-6.30936E0));
#1087=LINE('',#1086,#1085);
#1088=DIRECTION('',(0.E0,-1.E0,0.E0));
#1089=VECTOR('',#1088,3.782978650928E-1);
#1090=CARTESIAN_POINT('',(-1.471083330810E1,-3.431702134907E0,-6.30936E0));
#1091=LINE('',#1090,#1089);
#1092=DIRECTION('',(1.E0,0.E0,0.E0));
#1093=VECTOR('',#1092,1.587499243021E-1);
#1094=CARTESIAN_POINT('',(-1.471083330810E1,-3.81E0,-6.30936E0));
#1095=LINE('',#1094,#1093);
#1096=DIRECTION('',(0.E0,1.E0,0.E0));
#1097=VECTOR('',#1096,3.782978650928E-1);
#1098=CARTESIAN_POINT('',(-1.455208338380E1,-3.81E0,-6.30936E0));
#1099=LINE('',#1098,#1097);
#1100=DIRECTION('',(1.E0,0.E0,0.E0));
#1101=VECTOR('',#1100,2.645833837986E-1);
#1102=CARTESIAN_POINT('',(-1.455208338380E1,-3.431702134907E0,-6.30936E0));
#1103=LINE('',#1102,#1101);
#1104=DIRECTION('',(0.E0,1.E0,0.E0));
#1105=VECTOR('',#1104,1.621276780963E-1);
#1106=CARTESIAN_POINT('',(-1.42875E1,-3.431702134907E0,-6.30936E0));
#1107=LINE('',#1106,#1105);
#1108=DIRECTION('',(-1.E0,0.E0,0.E0));
#1109=VECTOR('',#1108,2.645833837986E-1);
#1110=CARTESIAN_POINT('',(-1.42875E1,-3.269574456811E0,-6.30936E0));
#1111=LINE('',#1110,#1109);
#1112=DIRECTION('',(0.E0,1.E0,0.E0));
#1113=VECTOR('',#1112,7.295744568110E-1);
#1114=CARTESIAN_POINT('',(-1.455208338380E1,-3.269574456811E0,-6.30936E0));
#1115=LINE('',#1114,#1113);
#1116=DIRECTION('',(-1.E0,0.E0,0.E0));
#1117=VECTOR('',#1116,1.587499243021E-1);
#1118=CARTESIAN_POINT('',(-1.455208338380E1,-2.54E0,-6.30936E0));
#1119=LINE('',#1118,#1117);
#1120=DIRECTION('',(6.589716038652E-1,7.521678172451E-1,0.E0));
#1121=VECTOR('',#1120,6.825661216068E-1);
#1122=CARTESIAN_POINT('',(-1.5160625E1,-3.269574456811E0,-6.30936E0));
#1123=LINE('',#1122,#1121);
#1124=DIRECTION('',(0.E0,-1.E0,0.E0));
#1125=VECTOR('',#1124,5.134042698145E-1);
#1126=CARTESIAN_POINT('',(-1.471083330810E1,-2.756170186996E0,-6.30936E0));
#1127=LINE('',#1126,#1125);
#1128=DIRECTION('',(-1.E0,0.E0,0.E0));
#1129=VECTOR('',#1128,4.497916918993E-1);
#1130=CARTESIAN_POINT('',(-1.471083330810E1,-3.269574456811E0,-6.30936E0));
#1131=LINE('',#1130,#1129);
#1132=DIRECTION('',(0.E0,0.E0,-1.E0));
#1133=VECTOR('',#1132,6.30936E0);
#1134=CARTESIAN_POINT('',(1.737106E1,4.191E0,0.E0));
#1135=LINE('',#1134,#1133);
#1136=DIRECTION('',(0.E0,0.E0,1.E0));
#1137=VECTOR('',#1136,6.30936E0);
#1138=CARTESIAN_POINT('',(-1.737106E1,4.191E0,-6.30936E0));
#1139=LINE('',#1138,#1137);
#1140=DIRECTION('',(0.E0,0.E0,-1.E0));
#1141=VECTOR('',#1140,6.30936E0);
#1142=CARTESIAN_POINT('',(1.946224017506E1,1.698828513615E0,0.E0));
#1143=LINE('',#1142,#1141);
#1144=DIRECTION('',(0.E0,0.E0,-1.E0));
#1145=VECTOR('',#1144,6.30936E0);
#1146=CARTESIAN_POINT('',(1.873310695059E1,-2.436291486385E0,0.E0));
#1147=LINE('',#1146,#1145);
#1148=DIRECTION('',(0.E0,0.E0,-1.E0));
#1149=VECTOR('',#1148,6.30936E0);
#1150=CARTESIAN_POINT('',(1.664192677553E1,-4.191E0,0.E0));
#1151=LINE('',#1150,#1149);
#1152=DIRECTION('',(0.E0,0.E0,-1.E0));
#1153=VECTOR('',#1152,6.30936E0);
#1154=CARTESIAN_POINT('',(-1.664192677553E1,-4.191E0,0.E0));
#1155=LINE('',#1154,#1153);
#1156=DIRECTION('',(0.E0,0.E0,-1.E0));
#1157=VECTOR('',#1156,6.30936E0);
#1158=CARTESIAN_POINT('',(-1.873310695059E1,-2.436291486385E0,0.E0));
#1159=LINE('',#1158,#1157);
#1160=DIRECTION('',(0.E0,0.E0,-1.E0));
#1161=VECTOR('',#1160,6.30936E0);
#1162=CARTESIAN_POINT('',(-1.946224017506E1,1.698828513615E0,0.E0));
#1163=LINE('',#1162,#1161);
#1164=DIRECTION('',(1.E0,0.E0,0.E0));
#1165=VECTOR('',#1164,3.474212E1);
#1166=CARTESIAN_POINT('',(-1.737106E1,4.191E0,0.E0));
#1167=LINE('',#1166,#1165);
#1168=CARTESIAN_POINT('',(-1.737106E1,2.06756E0,0.E0));
#1169=DIRECTION('',(0.E0,0.E0,-1.E0));
#1170=DIRECTION('',(-9.848077530122E-1,-1.736481776669E-1,0.E0));
#1171=AXIS2_PLACEMENT_3D('',#1168,#1169,#1170);
#1173=DIRECTION('',(-1.736481776669E-1,9.848077530122E-1,0.E0));
#1174=VECTOR('',#1173,4.198910891341E0);
#1175=CARTESIAN_POINT('',(-1.873310695059E1,-2.436291486385E0,0.E0));
#1176=LINE('',#1175,#1174);
#1177=CARTESIAN_POINT('',(-1.664192677553E1,-2.06756E0,0.E0));
#1178=DIRECTION('',(0.E0,0.E0,-1.E0));
#1179=DIRECTION('',(0.E0,-1.E0,0.E0));
#1180=AXIS2_PLACEMENT_3D('',#1177,#1178,#1179);
#1182=DIRECTION('',(-1.E0,0.E0,0.E0));
#1183=VECTOR('',#1182,3.328385355107E1);
#1184=CARTESIAN_POINT('',(1.664192677553E1,-4.191E0,0.E0));
#1185=LINE('',#1184,#1183);
#1186=CARTESIAN_POINT('',(1.664192677553E1,-2.06756E0,0.E0));
#1187=DIRECTION('',(0.E0,0.E0,-1.E0));
#1188=DIRECTION('',(9.848077530122E-1,-1.736481776669E-1,0.E0));
#1189=AXIS2_PLACEMENT_3D('',#1186,#1187,#1188);
#1191=DIRECTION('',(-1.736481776669E-1,-9.848077530122E-1,0.E0));
#1192=VECTOR('',#1191,4.198910891341E0);
#1193=CARTESIAN_POINT('',(1.946224017506E1,1.698828513615E0,0.E0));
#1194=LINE('',#1193,#1192);
#1195=CARTESIAN_POINT('',(1.737106E1,2.06756E0,0.E0));
#1196=DIRECTION('',(0.E0,0.E0,-1.E0));
#1197=DIRECTION('',(0.E0,1.E0,0.E0));
#1198=AXIS2_PLACEMENT_3D('',#1195,#1196,#1197);
#1200=CARTESIAN_POINT('',(-1.737106E1,2.06756E0,0.E0));
#1201=DIRECTION('',(0.E0,0.E0,1.E0));
#1202=DIRECTION('',(0.E0,1.E0,0.E0));
#1203=AXIS2_PLACEMENT_3D('',#1200,#1201,#1202);
#1205=DIRECTION('',(-1.E0,0.E0,0.E0));
#1206=VECTOR('',#1205,3.474212E1);
#1207=CARTESIAN_POINT('',(1.737106E1,4.60756E0,0.E0));
#1208=LINE('',#1207,#1206);
#1209=CARTESIAN_POINT('',(1.737106E1,2.06756E0,0.E0));
#1210=DIRECTION('',(0.E0,0.E0,1.E0));
#1211=DIRECTION('',(9.848077530122E-1,-1.736481776669E-1,0.E0));
#1212=AXIS2_PLACEMENT_3D('',#1209,#1210,#1211);
#1214=DIRECTION('',(1.736481776669E-1,9.848077530122E-1,0.E0));
#1215=VECTOR('',#1214,4.198910891341E0);
#1216=CARTESIAN_POINT('',(1.914333846818E1,-2.508626371274E0,0.E0));
#1217=LINE('',#1216,#1215);
#1218=CARTESIAN_POINT('',(1.664192677553E1,-2.06756E0,0.E0));
#1219=DIRECTION('',(0.E0,0.E0,1.E0));
#1220=DIRECTION('',(0.E0,-1.E0,0.E0));
#1221=AXIS2_PLACEMENT_3D('',#1218,#1219,#1220);
#1223=DIRECTION('',(1.E0,0.E0,0.E0));
#1224=VECTOR('',#1223,3.328385355107E1);
#1225=CARTESIAN_POINT('',(-1.664192677553E1,-4.60756E0,0.E0));
#1226=LINE('',#1225,#1224);
#1227=CARTESIAN_POINT('',(-1.664192677553E1,-2.06756E0,0.E0));
#1228=DIRECTION('',(0.E0,0.E0,1.E0));
#1229=DIRECTION('',(-9.848077530122E-1,-1.736481776669E-1,0.E0));
#1230=AXIS2_PLACEMENT_3D('',#1227,#1228,#1229);
#1232=DIRECTION('',(1.736481776669E-1,-9.848077530122E-1,0.E0));
#1233=VECTOR('',#1232,4.198910891341E0);
#1234=CARTESIAN_POINT('',(-1.987247169265E1,1.626493628726E0,0.E0));
#1235=LINE('',#1234,#1233);
#1236=DIRECTION('',(0.E0,0.E0,1.E0));
#1237=VECTOR('',#1236,5.8928E0);
#1238=CARTESIAN_POINT('',(-1.737106E1,4.60756E0,-5.8928E0));
#1239=LINE('',#1238,#1237);
#1240=CARTESIAN_POINT('',(-1.737106E1,2.06756E0,-5.8928E0));
#1241=DIRECTION('',(0.E0,0.E0,1.E0));
#1242=DIRECTION('',(0.E0,1.E0,0.E0));
#1243=AXIS2_PLACEMENT_3D('',#1240,#1241,#1242);
#1245=DIRECTION('',(1.736481776669E-1,-9.848077530122E-1,0.E0));
#1246=VECTOR('',#1245,4.198910891341E0);
#1247=CARTESIAN_POINT('',(-1.987247169265E1,1.626493628726E0,-5.8928E0));
#1248=LINE('',#1247,#1246);
#1249=CARTESIAN_POINT('',(-1.664192677553E1,-2.06756E0,-5.8928E0));
#1250=DIRECTION('',(0.E0,0.E0,1.E0));
#1251=DIRECTION('',(-9.848077530122E-1,-1.736481776669E-1,0.E0));
#1252=AXIS2_PLACEMENT_3D('',#1249,#1250,#1251);
#1254=DIRECTION('',(1.E0,0.E0,0.E0));
#1255=VECTOR('',#1254,3.328385355107E1);
#1256=CARTESIAN_POINT('',(-1.664192677553E1,-4.60756E0,-5.8928E0));
#1257=LINE('',#1256,#1255);
#1258=CARTESIAN_POINT('',(1.664192677553E1,-2.06756E0,-5.8928E0));
#1259=DIRECTION('',(0.E0,0.E0,1.E0));
#1260=DIRECTION('',(0.E0,-1.E0,0.E0));
#1261=AXIS2_PLACEMENT_3D('',#1258,#1259,#1260);
#1263=DIRECTION('',(1.736481776669E-1,9.848077530122E-1,0.E0));
#1264=VECTOR('',#1263,4.198910891341E0);
#1265=CARTESIAN_POINT('',(1.914333846818E1,-2.508626371274E0,-5.8928E0));
#1266=LINE('',#1265,#1264);
#1267=CARTESIAN_POINT('',(1.737106E1,2.06756E0,-5.8928E0));
#1268=DIRECTION('',(0.E0,0.E0,1.E0));
#1269=DIRECTION('',(9.848077530122E-1,-1.736481776669E-1,0.E0));
#1270=AXIS2_PLACEMENT_3D('',#1267,#1268,#1269);
#1272=DIRECTION('',(-1.E0,0.E0,0.E0));
#1273=VECTOR('',#1272,3.474212E1);
#1274=CARTESIAN_POINT('',(1.737106E1,4.60756E0,-5.8928E0));
#1275=LINE('',#1274,#1273);
#1276=DIRECTION('',(0.E0,1.E0,0.E0));
#1277=VECTOR('',#1276,9.652E-1);
#1278=CARTESIAN_POINT('',(2.16789E1,-6.2738E0,-5.8928E0));
#1279=LINE('',#1278,#1277);
#1280=DIRECTION('',(0.E0,1.E0,0.E0));
#1281=VECTOR('',#1280,9.652E-1);
#1282=CARTESIAN_POINT('',(-2.16789E1,-6.2738E0,-5.8928E0));
#1283=LINE('',#1282,#1281);
#1284=DIRECTION('',(-1.E0,0.E0,0.E0));
#1285=VECTOR('',#1284,3.556E0);
#1286=CARTESIAN_POINT('',(-2.16789E1,-5.3086E0,-5.8928E0));
#1287=LINE('',#1286,#1285);
#1288=DIRECTION('',(-1.165588477297E-14,1.E0,0.E0));
#1289=VECTOR('',#1288,3.048E-1);
#1290=CARTESIAN_POINT('',(-2.52349E1,-5.3086E0,-5.8928E0));
#1291=LINE('',#1290,#1289);
#1292=CARTESIAN_POINT('',(-2.5273E1,-3.734371628645E0,-5.8928E0));
#1293=DIRECTION('',(0.E0,0.E0,1.E0));
#1294=DIRECTION('',(-1.E0,0.E0,0.E0));
#1295=AXIS2_PLACEMENT_3D('',#1292,#1293,#1294);
#1297=CARTESIAN_POINT('',(-2.49682E1,4.699E0,-5.8928E0));
#1298=DIRECTION('',(0.E0,0.E0,1.E0));
#1299=DIRECTION('',(0.E0,1.E0,0.E0));
#1300=AXIS2_PLACEMENT_3D('',#1297,#1298,#1299);
#1302=DIRECTION('',(1.E0,0.E0,0.E0));
#1303=VECTOR('',#1302,4.99364E1);
#1304=CARTESIAN_POINT('',(-2.49682E1,6.2738E0,-5.8928E0));
#1305=LINE('',#1304,#1303);
#1306=CARTESIAN_POINT('',(2.49682E1,4.699E0,-5.8928E0));
#1307=DIRECTION('',(0.E0,0.E0,1.E0));
#1308=DIRECTION('',(1.E0,0.E0,0.E0));
#1309=AXIS2_PLACEMENT_3D('',#1306,#1307,#1308);
#1311=CARTESIAN_POINT('',(2.5273E1,-3.734371628645E0,-5.8928E0));
#1312=DIRECTION('',(0.E0,0.E0,1.E0));
#1313=DIRECTION('',(-3.000000000001E-2,-9.995498987044E-1,0.E0));
#1314=AXIS2_PLACEMENT_3D('',#1311,#1312,#1313);
#1316=DIRECTION('',(0.E0,-1.E0,0.E0));
#1317=VECTOR('',#1316,3.048E-1);
#1318=CARTESIAN_POINT('',(2.52349E1,-5.0038E0,-5.8928E0));
#1319=LINE('',#1318,#1317);
#1320=DIRECTION('',(-1.E0,0.E0,0.E0));
#1321=VECTOR('',#1320,3.556E0);
#1322=CARTESIAN_POINT('',(2.52349E1,-5.3086E0,-5.8928E0));
#1323=LINE('',#1322,#1321);
#1324=CARTESIAN_POINT('',(2.35204E1,0.E0,-5.8928E0));
#1325=DIRECTION('',(0.E0,0.E0,1.E0));
#1326=DIRECTION('',(1.E0,0.E0,0.E0));
#1327=AXIS2_PLACEMENT_3D('',#1324,#1325,#1326);
#1329=CARTESIAN_POINT('',(2.35204E1,0.E0,-5.8928E0));
#1330=DIRECTION('',(0.E0,0.E0,1.E0));
#1331=DIRECTION('',(-1.E0,0.E0,0.E0));
#1332=AXIS2_PLACEMENT_3D('',#1329,#1330,#1331);
#1334=CARTESIAN_POINT('',(-2.35204E1,0.E0,-5.8928E0));
#1335=DIRECTION('',(0.E0,0.E0,1.E0));
#1336=DIRECTION('',(1.E0,0.E0,0.E0));
#1337=AXIS2_PLACEMENT_3D('',#1334,#1335,#1336);
#1339=CARTESIAN_POINT('',(-2.35204E1,0.E0,-5.8928E0));
#1340=DIRECTION('',(0.E0,0.E0,1.E0));
#1341=DIRECTION('',(-1.E0,0.E0,0.E0));
#1342=AXIS2_PLACEMENT_3D('',#1339,#1340,#1341);
#1344=DIRECTION('',(0.E0,0.E0,1.E0));
#1345=VECTOR('',#1344,5.8928E0);
#1346=CARTESIAN_POINT('',(-1.987247169265E1,1.626493628726E0,-5.8928E0));
#1347=LINE('',#1346,#1345);
#1348=DIRECTION('',(0.E0,0.E0,1.E0));
#1349=VECTOR('',#1348,5.8928E0);
#1350=CARTESIAN_POINT('',(-1.914333846818E1,-2.508626371274E0,-5.8928E0));
#1351=LINE('',#1350,#1349);
#1352=DIRECTION('',(0.E0,0.E0,1.E0));
#1353=VECTOR('',#1352,5.8928E0);
#1354=CARTESIAN_POINT('',(-1.664192677553E1,-4.60756E0,-5.8928E0));
#1355=LINE('',#1354,#1353);
#1356=DIRECTION('',(0.E0,0.E0,1.E0));
#1357=VECTOR('',#1356,5.8928E0);
#1358=CARTESIAN_POINT('',(1.664192677553E1,-4.60756E0,-5.8928E0));
#1359=LINE('',#1358,#1357);
#1360=DIRECTION('',(0.E0,0.E0,1.E0));
#1361=VECTOR('',#1360,5.8928E0);
#1362=CARTESIAN_POINT('',(1.914333846818E1,-2.508626371274E0,-5.8928E0));
#1363=LINE('',#1362,#1361);
#1364=DIRECTION('',(0.E0,0.E0,1.E0));
#1365=VECTOR('',#1364,5.8928E0);
#1366=CARTESIAN_POINT('',(1.987247169265E1,1.626493628726E0,-5.8928E0));
#1367=LINE('',#1366,#1365);
#1368=DIRECTION('',(0.E0,0.E0,1.E0));
#1369=VECTOR('',#1368,5.8928E0);
#1370=CARTESIAN_POINT('',(1.737106E1,4.60756E0,-5.8928E0));
#1371=LINE('',#1370,#1369);
#1372=DIRECTION('',(0.E0,0.E0,1.E0));
#1373=VECTOR('',#1372,6.36016E0);
#1374=CARTESIAN_POINT('',(2.16789E1,-6.2738E0,-1.225296E1));
#1375=LINE('',#1374,#1373);
#1376=DIRECTION('',(-1.E0,0.E0,0.E0));
#1377=VECTOR('',#1376,1.2319E0);
#1378=CARTESIAN_POINT('',(2.16789E1,-6.2738E0,-1.225296E1));
#1379=LINE('',#1378,#1377);
#1380=DIRECTION('',(0.E0,0.E0,1.E0));
#1381=VECTOR('',#1380,6.35E0);
#1382=CARTESIAN_POINT('',(2.0447E1,-6.2738E0,-1.860296E1));
#1383=LINE('',#1382,#1381);
#1384=DIRECTION('',(0.E0,0.E0,1.E0));
#1385=VECTOR('',#1384,1.22936E1);
#1386=CARTESIAN_POINT('',(1.89738E1,-6.2738E0,-1.860296E1));
#1387=LINE('',#1386,#1385);
#1388=DIRECTION('',(-1.E0,0.E0,0.E0));
#1389=VECTOR('',#1388,3.79476E1);
#1390=CARTESIAN_POINT('',(1.89738E1,-6.2738E0,-6.30936E0));
#1391=LINE('',#1390,#1389);
#1392=DIRECTION('',(0.E0,0.E0,1.E0));
#1393=VECTOR('',#1392,1.22936E1);
#1394=CARTESIAN_POINT('',(-1.89738E1,-6.2738E0,-1.860296E1));
#1395=LINE('',#1394,#1393);
#1396=DIRECTION('',(0.E0,0.E0,1.E0));
#1397=VECTOR('',#1396,6.35E0);
#1398=CARTESIAN_POINT('',(-2.0447E1,-6.2738E0,-1.860296E1));
#1399=LINE('',#1398,#1397);
#1400=DIRECTION('',(-1.E0,0.E0,0.E0));
#1401=VECTOR('',#1400,1.2319E0);
#1402=CARTESIAN_POINT('',(-2.0447E1,-6.2738E0,-1.225296E1));
#1403=LINE('',#1402,#1401);
#1404=DIRECTION('',(1.E0,0.E0,0.E0));
#1405=VECTOR('',#1404,4.33578E1);
#1406=CARTESIAN_POINT('',(-2.16789E1,-6.2738E0,-5.8928E0));
#1407=LINE('',#1406,#1405);
#1408=DIRECTION('',(0.E0,1.E0,0.E0));
#1409=VECTOR('',#1408,9.652E-1);
#1410=CARTESIAN_POINT('',(2.16789E1,-6.2738E0,-1.225296E1));
#1411=LINE('',#1410,#1409);
#1412=DIRECTION('',(0.E0,1.E0,0.E0));
#1413=VECTOR('',#1412,9.652E-1);
#1414=CARTESIAN_POINT('',(2.0447E1,-6.2738E0,-1.225296E1));
#1415=LINE('',#1414,#1413);
#1416=DIRECTION('',(1.E0,0.E0,0.E0));
#1417=VECTOR('',#1416,6.096E0);
#1418=CARTESIAN_POINT('',(-2.6543E1,-5.3086E0,-1.860296E1));
#1419=LINE('',#1418,#1417);
#1420=DIRECTION('',(0.E0,1.E0,0.E0));
#1421=VECTOR('',#1420,9.652E-1);
#1422=CARTESIAN_POINT('',(-2.0447E1,-6.2738E0,-1.860296E1));
#1423=LINE('',#1422,#1421);
#1424=DIRECTION('',(1.E0,0.E0,0.E0));
#1425=VECTOR('',#1424,1.4732E0);
#1426=CARTESIAN_POINT('',(-2.0447E1,-6.2738E0,-1.860296E1));
#1427=LINE('',#1426,#1425);
#1428=DIRECTION('',(1.E0,0.E0,0.E0));
#1429=VECTOR('',#1428,6.096E0);
#1430=CARTESIAN_POINT('',(2.0447E1,-5.3086E0,-1.860296E1));
#1431=LINE('',#1430,#1429);
#1432=DIRECTION('',(1.E0,0.E0,0.E0));
#1433=VECTOR('',#1432,1.4732E0);
#1434=CARTESIAN_POINT('',(1.89738E1,-6.2738E0,-1.860296E1));
#1435=LINE('',#1434,#1433);
#1436=DIRECTION('',(0.E0,1.E0,0.E0));
#1437=VECTOR('',#1436,9.652E-1);
#1438=CARTESIAN_POINT('',(2.0447E1,-6.2738E0,-1.860296E1));
#1439=LINE('',#1438,#1437);
#1440=DIRECTION('',(0.E0,1.E0,0.E0));
#1441=VECTOR('',#1440,9.652E-1);
#1442=CARTESIAN_POINT('',(-2.0447E1,-6.2738E0,-1.225296E1));
#1443=LINE('',#1442,#1441);
#1444=DIRECTION('',(0.E0,0.E0,1.E0));
#1445=VECTOR('',#1444,6.36016E0);
#1446=CARTESIAN_POINT('',(-2.16789E1,-5.3086E0,-1.225296E1));
#1447=LINE('',#1446,#1445);
#1448=DIRECTION('',(0.E0,0.E0,-1.E0));
#1449=VECTOR('',#1448,6.36016E0);
#1450=CARTESIAN_POINT('',(-2.16789E1,-6.2738E0,-5.8928E0));
#1451=LINE('',#1450,#1449);
#1452=DIRECTION('',(0.E0,1.E0,0.E0));
#1453=VECTOR('',#1452,9.652E-1);
#1454=CARTESIAN_POINT('',(-2.16789E1,-6.2738E0,-1.225296E1));
#1455=LINE('',#1454,#1453);
#1456=DIRECTION('',(0.E0,1.E0,0.E0));
#1457=VECTOR('',#1456,1.8542E0);
#1458=CARTESIAN_POINT('',(-1.89738E1,-5.207E0,-1.758696E1));
#1459=LINE('',#1458,#1457);
#1460=DIRECTION('',(0.E0,-1.E0,0.E0));
#1461=VECTOR('',#1460,2.921E0);
#1462=CARTESIAN_POINT('',(-1.89738E1,-3.3528E0,-1.860296E1));
#1463=LINE('',#1462,#1461);
#1464=DIRECTION('',(0.E0,1.E0,0.E0));
#1465=VECTOR('',#1464,1.0668E0);
#1466=CARTESIAN_POINT('',(-1.89738E1,-6.2738E0,-6.30936E0));
#1467=LINE('',#1466,#1465);
#1468=DIRECTION('',(1.E0,0.E0,0.E0));
#1469=VECTOR('',#1468,3.79476E1);
#1470=CARTESIAN_POINT('',(-1.89738E1,-5.207E0,-1.758696E1));
#1471=LINE('',#1470,#1469);
#1472=DIRECTION('',(0.E0,0.E0,-1.E0));
#1473=VECTOR('',#1472,1.12776E1);
#1474=CARTESIAN_POINT('',(-1.89738E1,-5.207E0,-6.30936E0));
#1475=LINE('',#1474,#1473);
#1476=DIRECTION('',(-1.E0,0.E0,0.E0));
#1477=VECTOR('',#1476,3.79476E1);
#1478=CARTESIAN_POINT('',(1.89738E1,-5.207E0,-6.30936E0));
#1479=LINE('',#1478,#1477);
#1480=DIRECTION('',(0.E0,0.E0,1.E0));
#1481=VECTOR('',#1480,1.12776E1);
#1482=CARTESIAN_POINT('',(1.89738E1,-5.207E0,-1.758696E1));
#1483=LINE('',#1482,#1481);
#1484=CARTESIAN_POINT('',(-1.65608E1,-5.207E0,-1.68402E1));
#1485=DIRECTION('',(0.E0,-1.E0,0.E0));
#1486=DIRECTION('',(1.E0,0.E0,0.E0));
#1487=AXIS2_PLACEMENT_3D('',#1484,#1485,#1486);
#1489=CARTESIAN_POINT('',(-1.65608E1,-5.207E0,-1.68402E1));
#1490=DIRECTION('',(0.E0,-1.E0,0.E0));
#1491=DIRECTION('',(-1.E0,0.E0,0.E0));
#1492=AXIS2_PLACEMENT_3D('',#1489,#1490,#1491);
#1494=CARTESIAN_POINT('',(-1.37922E1,-5.207E0,-1.68402E1));
#1495=DIRECTION('',(0.E0,-1.E0,0.E0));
#1496=DIRECTION('',(1.E0,0.E0,0.E0));
#1497=AXIS2_PLACEMENT_3D('',#1494,#1495,#1496);
#1499=CARTESIAN_POINT('',(-1.37922E1,-5.207E0,-1.68402E1));
#1500=DIRECTION('',(0.E0,-1.E0,0.E0));
#1501=DIRECTION('',(-1.E0,0.E0,0.E0));
#1502=AXIS2_PLACEMENT_3D('',#1499,#1500,#1501);
#1504=CARTESIAN_POINT('',(-1.10236E1,-5.207E0,-1.68402E1));
#1505=DIRECTION('',(0.E0,-1.E0,0.E0));
#1506=DIRECTION('',(1.E0,0.E0,0.E0));
#1507=AXIS2_PLACEMENT_3D('',#1504,#1505,#1506);
#1509=CARTESIAN_POINT('',(-1.10236E1,-5.207E0,-1.68402E1));
#1510=DIRECTION('',(0.E0,-1.E0,0.E0));
#1511=DIRECTION('',(-1.E0,0.E0,0.E0));
#1512=AXIS2_PLACEMENT_3D('',#1509,#1510,#1511);
#1514=CARTESIAN_POINT('',(-8.255E0,-5.207E0,-1.68402E1));
#1515=DIRECTION('',(0.E0,-1.E0,0.E0));
#1516=DIRECTION('',(1.E0,0.E0,0.E0));
#1517=AXIS2_PLACEMENT_3D('',#1514,#1515,#1516);
#1519=CARTESIAN_POINT('',(-8.255E0,-5.207E0,-1.68402E1));
#1520=DIRECTION('',(0.E0,-1.E0,0.E0));
#1521=DIRECTION('',(-1.E0,0.E0,0.E0));
#1522=AXIS2_PLACEMENT_3D('',#1519,#1520,#1521);
#1524=CARTESIAN_POINT('',(-5.4864E0,-5.207E0,-1.68402E1));
#1525=DIRECTION('',(0.E0,-1.E0,0.E0));
#1526=DIRECTION('',(1.E0,0.E0,0.E0));
#1527=AXIS2_PLACEMENT_3D('',#1524,#1525,#1526);
#1529=CARTESIAN_POINT('',(-5.4864E0,-5.207E0,-1.68402E1));
#1530=DIRECTION('',(0.E0,-1.E0,0.E0));
#1531=DIRECTION('',(-1.E0,0.E0,0.E0));
#1532=AXIS2_PLACEMENT_3D('',#1529,#1530,#1531);
#1534=CARTESIAN_POINT('',(-2.7178E0,-5.207E0,-1.68402E1));
#1535=DIRECTION('',(0.E0,-1.E0,0.E0));
#1536=DIRECTION('',(1.E0,0.E0,0.E0));
#1537=AXIS2_PLACEMENT_3D('',#1534,#1535,#1536);
#1539=CARTESIAN_POINT('',(-2.7178E0,-5.207E0,-1.68402E1));
#1540=DIRECTION('',(0.E0,-1.E0,0.E0));
#1541=DIRECTION('',(-1.E0,0.E0,0.E0));
#1542=AXIS2_PLACEMENT_3D('',#1539,#1540,#1541);
#1544=CARTESIAN_POINT('',(5.08E-2,-5.207E0,-1.68402E1));
#1545=DIRECTION('',(0.E0,-1.E0,0.E0));
#1546=DIRECTION('',(1.E0,0.E0,0.E0));
#1547=AXIS2_PLACEMENT_3D('',#1544,#1545,#1546);
#1549=CARTESIAN_POINT('',(5.08E-2,-5.207E0,-1.68402E1));
#1550=DIRECTION('',(0.E0,-1.E0,0.E0));
#1551=DIRECTION('',(-1.E0,0.E0,0.E0));
#1552=AXIS2_PLACEMENT_3D('',#1549,#1550,#1551);
#1554=CARTESIAN_POINT('',(2.8194E0,-5.207E0,-1.68402E1));
#1555=DIRECTION('',(0.E0,-1.E0,0.E0));
#1556=DIRECTION('',(1.E0,0.E0,0.E0));
#1557=AXIS2_PLACEMENT_3D('',#1554,#1555,#1556);
#1559=CARTESIAN_POINT('',(2.8194E0,-5.207E0,-1.68402E1));
#1560=DIRECTION('',(0.E0,-1.E0,0.E0));
#1561=DIRECTION('',(-1.E0,0.E0,0.E0));
#1562=AXIS2_PLACEMENT_3D('',#1559,#1560,#1561);
#1564=CARTESIAN_POINT('',(5.588E0,-5.207E0,-1.68402E1));
#1565=DIRECTION('',(0.E0,-1.E0,0.E0));
#1566=DIRECTION('',(1.E0,0.E0,0.E0));
#1567=AXIS2_PLACEMENT_3D('',#1564,#1565,#1566);
#1569=CARTESIAN_POINT('',(5.588E0,-5.207E0,-1.68402E1));
#1570=DIRECTION('',(0.E0,-1.E0,0.E0));
#1571=DIRECTION('',(-1.E0,0.E0,0.E0));
#1572=AXIS2_PLACEMENT_3D('',#1569,#1570,#1571);
#1574=CARTESIAN_POINT('',(8.3566E0,-5.207E0,-1.68402E1));
#1575=DIRECTION('',(0.E0,-1.E0,0.E0));
#1576=DIRECTION('',(1.E0,0.E0,0.E0));
#1577=AXIS2_PLACEMENT_3D('',#1574,#1575,#1576);
#1579=CARTESIAN_POINT('',(8.3566E0,-5.207E0,-1.68402E1));
#1580=DIRECTION('',(0.E0,-1.E0,0.E0));
#1581=DIRECTION('',(-1.E0,0.E0,0.E0));
#1582=AXIS2_PLACEMENT_3D('',#1579,#1580,#1581);
#1584=CARTESIAN_POINT('',(1.11252E1,-5.207E0,-1.68402E1));
#1585=DIRECTION('',(0.E0,-1.E0,0.E0));
#1586=DIRECTION('',(1.E0,0.E0,0.E0));
#1587=AXIS2_PLACEMENT_3D('',#1584,#1585,#1586);
#1589=CARTESIAN_POINT('',(1.11252E1,-5.207E0,-1.68402E1));
#1590=DIRECTION('',(0.E0,-1.E0,0.E0));
#1591=DIRECTION('',(-1.E0,0.E0,0.E0));
#1592=AXIS2_PLACEMENT_3D('',#1589,#1590,#1591);
#1594=CARTESIAN_POINT('',(1.38938E1,-5.207E0,-1.68402E1));
#1595=DIRECTION('',(0.E0,-1.E0,0.E0));
#1596=DIRECTION('',(1.E0,0.E0,0.E0));
#1597=AXIS2_PLACEMENT_3D('',#1594,#1595,#1596);
#1599=CARTESIAN_POINT('',(1.38938E1,-5.207E0,-1.68402E1));
#1600=DIRECTION('',(0.E0,-1.E0,0.E0));
#1601=DIRECTION('',(-1.E0,0.E0,0.E0));
#1602=AXIS2_PLACEMENT_3D('',#1599,#1600,#1601);
#1604=CARTESIAN_POINT('',(1.66624E1,-5.207E0,-1.68402E1));
#1605=DIRECTION('',(0.E0,-1.E0,0.E0));
#1606=DIRECTION('',(1.E0,0.E0,0.E0));
#1607=AXIS2_PLACEMENT_3D('',#1604,#1605,#1606);
#1609=CARTESIAN_POINT('',(1.66624E1,-5.207E0,-1.68402E1));
#1610=DIRECTION('',(0.E0,-1.E0,0.E0));
#1611=DIRECTION('',(-1.E0,0.E0,0.E0));
#1612=AXIS2_PLACEMENT_3D('',#1609,#1610,#1611);
#1614=CARTESIAN_POINT('',(-1.518158E1,-5.207E0,-1.39954E1));
#1615=DIRECTION('',(0.E0,-1.E0,0.E0));
#1616=DIRECTION('',(1.E0,0.E0,0.E0));
#1617=AXIS2_PLACEMENT_3D('',#1614,#1615,#1616);
#1619=CARTESIAN_POINT('',(-1.518158E1,-5.207E0,-1.39954E1));
#1620=DIRECTION('',(0.E0,-1.E0,0.E0));
#1621=DIRECTION('',(-1.E0,0.E0,0.E0));
#1622=AXIS2_PLACEMENT_3D('',#1619,#1620,#1621);
#1624=CARTESIAN_POINT('',(-1.241298E1,-5.207E0,-1.39954E1));
#1625=DIRECTION('',(0.E0,-1.E0,0.E0));
#1626=DIRECTION('',(1.E0,0.E0,0.E0));
#1627=AXIS2_PLACEMENT_3D('',#1624,#1625,#1626);
#1629=CARTESIAN_POINT('',(-1.241298E1,-5.207E0,-1.39954E1));
#1630=DIRECTION('',(0.E0,-1.E0,0.E0));
#1631=DIRECTION('',(-1.E0,0.E0,0.E0));
#1632=AXIS2_PLACEMENT_3D('',#1629,#1630,#1631);
#1634=CARTESIAN_POINT('',(-9.64438E0,-5.207E0,-1.39954E1));
#1635=DIRECTION('',(0.E0,-1.E0,0.E0));
#1636=DIRECTION('',(1.E0,0.E0,0.E0));
#1637=AXIS2_PLACEMENT_3D('',#1634,#1635,#1636);
#1639=CARTESIAN_POINT('',(-9.64438E0,-5.207E0,-1.39954E1));
#1640=DIRECTION('',(0.E0,-1.E0,0.E0));
#1641=DIRECTION('',(-1.E0,0.E0,0.E0));
#1642=AXIS2_PLACEMENT_3D('',#1639,#1640,#1641);
#1644=CARTESIAN_POINT('',(-6.87578E0,-5.207E0,-1.39954E1));
#1645=DIRECTION('',(0.E0,-1.E0,0.E0));
#1646=DIRECTION('',(1.E0,0.E0,0.E0));
#1647=AXIS2_PLACEMENT_3D('',#1644,#1645,#1646);
#1649=CARTESIAN_POINT('',(-6.87578E0,-5.207E0,-1.39954E1));
#1650=DIRECTION('',(0.E0,-1.E0,0.E0));
#1651=DIRECTION('',(-1.E0,0.E0,0.E0));
#1652=AXIS2_PLACEMENT_3D('',#1649,#1650,#1651);
#1654=CARTESIAN_POINT('',(-4.10718E0,-5.207E0,-1.39954E1));
#1655=DIRECTION('',(0.E0,-1.E0,0.E0));
#1656=DIRECTION('',(1.E0,0.E0,0.E0));
#1657=AXIS2_PLACEMENT_3D('',#1654,#1655,#1656);
#1659=CARTESIAN_POINT('',(-4.10718E0,-5.207E0,-1.39954E1));
#1660=DIRECTION('',(0.E0,-1.E0,0.E0));
#1661=DIRECTION('',(-1.E0,0.E0,0.E0));
#1662=AXIS2_PLACEMENT_3D('',#1659,#1660,#1661);
#1664=CARTESIAN_POINT('',(-1.33858E0,-5.207E0,-1.39954E1));
#1665=DIRECTION('',(0.E0,-1.E0,0.E0));
#1666=DIRECTION('',(1.E0,0.E0,0.E0));
#1667=AXIS2_PLACEMENT_3D('',#1664,#1665,#1666);
#1669=CARTESIAN_POINT('',(-1.33858E0,-5.207E0,-1.39954E1));
#1670=DIRECTION('',(0.E0,-1.E0,0.E0));
#1671=DIRECTION('',(-1.E0,0.E0,0.E0));
#1672=AXIS2_PLACEMENT_3D('',#1669,#1670,#1671);
#1674=CARTESIAN_POINT('',(1.43002E0,-5.207E0,-1.39954E1));
#1675=DIRECTION('',(0.E0,-1.E0,0.E0));
#1676=DIRECTION('',(1.E0,0.E0,0.E0));
#1677=AXIS2_PLACEMENT_3D('',#1674,#1675,#1676);
#1679=CARTESIAN_POINT('',(1.43002E0,-5.207E0,-1.39954E1));
#1680=DIRECTION('',(0.E0,-1.E0,0.E0));
#1681=DIRECTION('',(-1.E0,0.E0,0.E0));
#1682=AXIS2_PLACEMENT_3D('',#1679,#1680,#1681);
#1684=CARTESIAN_POINT('',(4.19862E0,-5.207E0,-1.39954E1));
#1685=DIRECTION('',(0.E0,-1.E0,0.E0));
#1686=DIRECTION('',(1.E0,0.E0,0.E0));
#1687=AXIS2_PLACEMENT_3D('',#1684,#1685,#1686);
#1689=CARTESIAN_POINT('',(4.19862E0,-5.207E0,-1.39954E1));
#1690=DIRECTION('',(0.E0,-1.E0,0.E0));
#1691=DIRECTION('',(-1.E0,0.E0,0.E0));
#1692=AXIS2_PLACEMENT_3D('',#1689,#1690,#1691);
#1694=CARTESIAN_POINT('',(6.96722E0,-5.207E0,-1.39954E1));
#1695=DIRECTION('',(0.E0,-1.E0,0.E0));
#1696=DIRECTION('',(1.E0,0.E0,0.E0));
#1697=AXIS2_PLACEMENT_3D('',#1694,#1695,#1696);
#1699=CARTESIAN_POINT('',(6.96722E0,-5.207E0,-1.39954E1));
#1700=DIRECTION('',(0.E0,-1.E0,0.E0));
#1701=DIRECTION('',(-1.E0,0.E0,0.E0));
#1702=AXIS2_PLACEMENT_3D('',#1699,#1700,#1701);
#1704=CARTESIAN_POINT('',(9.73582E0,-5.207E0,-1.39954E1));
#1705=DIRECTION('',(0.E0,-1.E0,0.E0));
#1706=DIRECTION('',(1.E0,0.E0,0.E0));
#1707=AXIS2_PLACEMENT_3D('',#1704,#1705,#1706);
#1709=CARTESIAN_POINT('',(9.73582E0,-5.207E0,-1.39954E1));
#1710=DIRECTION('',(0.E0,-1.E0,0.E0));
#1711=DIRECTION('',(-1.E0,0.E0,0.E0));
#1712=AXIS2_PLACEMENT_3D('',#1709,#1710,#1711);
#1714=CARTESIAN_POINT('',(1.250442E1,-5.207E0,-1.39954E1));
#1715=DIRECTION('',(0.E0,-1.E0,0.E0));
#1716=DIRECTION('',(1.E0,0.E0,0.E0));
#1717=AXIS2_PLACEMENT_3D('',#1714,#1715,#1716);
#1719=CARTESIAN_POINT('',(1.250442E1,-5.207E0,-1.39954E1));
#1720=DIRECTION('',(0.E0,-1.E0,0.E0));
#1721=DIRECTION('',(-1.E0,0.E0,0.E0));
#1722=AXIS2_PLACEMENT_3D('',#1719,#1720,#1721);
#1724=CARTESIAN_POINT('',(1.527302E1,-5.207E0,-1.39954E1));
#1725=DIRECTION('',(0.E0,-1.E0,0.E0));
#1726=DIRECTION('',(1.E0,0.E0,0.E0));
#1727=AXIS2_PLACEMENT_3D('',#1724,#1725,#1726);
#1729=CARTESIAN_POINT('',(1.527302E1,-5.207E0,-1.39954E1));
#1730=DIRECTION('',(0.E0,-1.E0,0.E0));
#1731=DIRECTION('',(-1.E0,0.E0,0.E0));
#1732=AXIS2_PLACEMENT_3D('',#1729,#1730,#1731);
#1734=DIRECTION('',(0.E0,1.E0,0.E0));
#1735=VECTOR('',#1734,1.8542E0);
#1736=CARTESIAN_POINT('',(1.89738E1,-5.207E0,-1.758696E1));
#1737=LINE('',#1736,#1735);
#1738=DIRECTION('',(0.E0,0.E0,1.E0));
#1739=VECTOR('',#1738,1.016E0);
#1740=CARTESIAN_POINT('',(-1.89738E1,-3.3528E0,-1.860296E1));
#1741=LINE('',#1740,#1739);
#1742=DIRECTION('',(1.E0,0.E0,0.E0));
#1743=VECTOR('',#1742,2.032E-1);
#1744=CARTESIAN_POINT('',(-1.9177E1,-3.3528E0,-1.758696E1));
#1745=LINE('',#1744,#1743);
#1746=DIRECTION('',(0.E0,0.E0,-1.E0));
#1747=VECTOR('',#1746,7.8486E0);
#1748=CARTESIAN_POINT('',(-1.9177E1,-3.3528E0,-9.73836E0));
#1749=LINE('',#1748,#1747);
#1750=DIRECTION('',(1.E0,0.E0,0.E0));
#1751=VECTOR('',#1750,7.5692E0);
#1752=CARTESIAN_POINT('',(-2.6543E1,-3.3528E0,-1.860296E1));
#1753=LINE('',#1752,#1751);
#1754=DIRECTION('',(0.E0,0.E0,1.E0));
#1755=VECTOR('',#1754,1.016E0);
#1756=CARTESIAN_POINT('',(1.89738E1,-3.3528E0,-1.860296E1));
#1757=LINE('',#1756,#1755);
#1758=DIRECTION('',(1.E0,0.E0,0.E0));
#1759=VECTOR('',#1758,7.5692E0);
#1760=CARTESIAN_POINT('',(1.89738E1,-3.3528E0,-1.860296E1));
#1761=LINE('',#1760,#1759);
#1762=DIRECTION('',(0.E0,0.E0,-1.E0));
#1763=VECTOR('',#1762,7.8486E0);
#1764=CARTESIAN_POINT('',(1.9177E1,-3.3528E0,-9.73836E0));
#1765=LINE('',#1764,#1763);
#1766=DIRECTION('',(1.E0,0.E0,0.E0));
#1767=VECTOR('',#1766,2.032E-1);
#1768=CARTESIAN_POINT('',(1.89738E1,-3.3528E0,-1.758696E1));
#1769=LINE('',#1768,#1767);
#1770=CARTESIAN_POINT('',(-2.35204E1,-3.3528E0,-1.54178E1));
#1771=DIRECTION('',(0.E0,-1.E0,0.E0));
#1772=DIRECTION('',(0.E0,0.E0,1.E0));
#1773=AXIS2_PLACEMENT_3D('',#1770,#1771,#1772);
#1775=CARTESIAN_POINT('',(-2.35204E1,-3.3528E0,-1.54178E1));
#1776=DIRECTION('',(0.E0,-1.E0,0.E0));
#1777=DIRECTION('',(0.E0,0.E0,-1.E0));
#1778=AXIS2_PLACEMENT_3D('',#1775,#1776,#1777);
#1780=CARTESIAN_POINT('',(2.35204E1,-3.3528E0,-1.54178E1));
#1781=DIRECTION('',(0.E0,-1.E0,0.E0));
#1782=DIRECTION('',(0.E0,0.E0,1.E0));
#1783=AXIS2_PLACEMENT_3D('',#1780,#1781,#1782);
#1785=CARTESIAN_POINT('',(2.35204E1,-3.3528E0,-1.54178E1));
#1786=DIRECTION('',(0.E0,-1.E0,0.E0));
#1787=DIRECTION('',(0.E0,0.E0,-1.E0));
#1788=AXIS2_PLACEMENT_3D('',#1785,#1786,#1787);
#1790=CARTESIAN_POINT('',(-2.28219E1,-3.3528E0,-1.61163E1));
#1791=DIRECTION('',(0.E0,1.E0,0.E0));
#1792=DIRECTION('',(1.E0,0.E0,0.E0));
#1793=AXIS2_PLACEMENT_3D('',#1790,#1791,#1792);
#1795=CARTESIAN_POINT('',(-2.35204E1,-3.3528E0,-1.54178E1));
#1796=DIRECTION('',(0.E0,-1.E0,0.E0));
#1797=DIRECTION('',(8.550100786732E-1,0.E0,-5.186113818335E-1));
#1798=AXIS2_PLACEMENT_3D('',#1795,#1796,#1797);
#1800=CARTESIAN_POINT('',(-2.28219E1,-3.3528E0,-1.47193E1));
#1801=DIRECTION('',(0.E0,1.E0,0.E0));
#1802=DIRECTION('',(9.862245919626E-1,0.E0,1.654117716738E-1));
#1803=AXIS2_PLACEMENT_3D('',#1800,#1801,#1802);
#1805=DIRECTION('',(0.E0,0.E0,-1.E0));
#1806=VECTOR('',#1805,1.397E0);
#1807=CARTESIAN_POINT('',(-2.21869E1,-3.3528E0,-1.47193E1));
#1808=LINE('',#1807,#1806);
#1809=CARTESIAN_POINT('',(-2.28219E1,-3.3528E0,-1.61163E1));
#1810=DIRECTION('',(0.E0,1.E0,0.E0));
#1811=DIRECTION('',(1.654117716738E-1,0.E0,-9.862245919626E-1));
#1812=AXIS2_PLACEMENT_3D('',#1809,#1810,#1811);
#1814=DIRECTION('',(-1.E0,0.E0,0.E0));
#1815=VECTOR('',#1814,1.397E0);
#1816=CARTESIAN_POINT('',(-2.28219E1,-3.3528E0,-1.67513E1));
#1817=LINE('',#1816,#1815);
#1818=CARTESIAN_POINT('',(-2.42189E1,-3.3528E0,-1.61163E1));
#1819=DIRECTION('',(0.E0,1.E0,0.E0));
#1820=DIRECTION('',(0.E0,0.E0,-1.E0));
#1821=AXIS2_PLACEMENT_3D('',#1818,#1819,#1820);
#1823=CARTESIAN_POINT('',(-2.42189E1,-3.3528E0,-1.61163E1));
#1824=DIRECTION('',(0.E0,1.E0,0.E0));
#1825=DIRECTION('',(-9.862245919626E-1,0.E0,-1.654117716738E-1));
#1826=AXIS2_PLACEMENT_3D('',#1823,#1824,#1825);
#1828=DIRECTION('',(0.E0,0.E0,1.E0));
#1829=VECTOR('',#1828,1.397E0);
#1830=CARTESIAN_POINT('',(-2.48539E1,-3.3528E0,-1.61163E1));
#1831=LINE('',#1830,#1829);
#1832=CARTESIAN_POINT('',(-2.42189E1,-3.3528E0,-1.47193E1));
#1833=DIRECTION('',(0.E0,1.E0,0.E0));
#1834=DIRECTION('',(-1.E0,0.E0,0.E0));
#1835=AXIS2_PLACEMENT_3D('',#1832,#1833,#1834);
#1837=CARTESIAN_POINT('',(-2.35204E1,-3.3528E0,-1.54178E1));
#1838=DIRECTION('',(0.E0,-1.E0,0.E0));
#1839=DIRECTION('',(-8.550100786732E-1,0.E0,5.186113818335E-1));
#1840=AXIS2_PLACEMENT_3D('',#1837,#1838,#1839);
#1842=CARTESIAN_POINT('',(-2.42189E1,-3.3528E0,-1.47193E1));
#1843=DIRECTION('',(0.E0,1.E0,0.E0));
#1844=DIRECTION('',(-1.654117716738E-1,0.E0,9.862245919626E-1));
#1845=AXIS2_PLACEMENT_3D('',#1842,#1843,#1844);
#1847=DIRECTION('',(1.E0,0.E0,0.E0));
#1848=VECTOR('',#1847,1.397E0);
#1849=CARTESIAN_POINT('',(-2.42189E1,-3.3528E0,-1.40843E1));
#1850=LINE('',#1849,#1848);
#1851=CARTESIAN_POINT('',(-2.28219E1,-3.3528E0,-1.47193E1));
#1852=DIRECTION('',(0.E0,1.E0,0.E0));
#1853=DIRECTION('',(0.E0,0.E0,1.E0));
#1854=AXIS2_PLACEMENT_3D('',#1851,#1852,#1853);
#1856=DIRECTION('',(0.E0,0.E0,1.E0));
#1857=VECTOR('',#1856,1.397E0);
#1858=CARTESIAN_POINT('',(-2.250694E1,-3.3528E0,-1.61163E1));
#1859=LINE('',#1858,#1857);
#1860=CARTESIAN_POINT('',(-2.28219E1,-3.3528E0,-1.47193E1));
#1861=DIRECTION('',(0.E0,1.E0,0.E0));
#1862=DIRECTION('',(0.E0,0.E0,1.E0));
#1863=AXIS2_PLACEMENT_3D('',#1860,#1861,#1862);
#1865=DIRECTION('',(-1.E0,0.E0,0.E0));
#1866=VECTOR('',#1865,1.397E0);
#1867=CARTESIAN_POINT('',(-2.28219E1,-3.3528E0,-1.440434E1));
#1868=LINE('',#1867,#1866);
#1869=CARTESIAN_POINT('',(-2.42189E1,-3.3528E0,-1.47193E1));
#1870=DIRECTION('',(0.E0,1.E0,0.E0));
#1871=DIRECTION('',(-1.E0,0.E0,0.E0));
#1872=AXIS2_PLACEMENT_3D('',#1869,#1870,#1871);
#1874=DIRECTION('',(0.E0,0.E0,-1.E0));
#1875=VECTOR('',#1874,1.397E0);
#1876=CARTESIAN_POINT('',(-2.453386E1,-3.3528E0,-1.47193E1));
#1877=LINE('',#1876,#1875);
#1878=CARTESIAN_POINT('',(-2.42189E1,-3.3528E0,-1.61163E1));
#1879=DIRECTION('',(0.E0,1.E0,0.E0));
#1880=DIRECTION('',(0.E0,0.E0,-1.E0));
#1881=AXIS2_PLACEMENT_3D('',#1878,#1879,#1880);
#1883=DIRECTION('',(1.E0,0.E0,0.E0));
#1884=VECTOR('',#1883,1.397E0);
#1885=CARTESIAN_POINT('',(-2.42189E1,-3.3528E0,-1.643126E1));
#1886=LINE('',#1885,#1884);
#1887=CARTESIAN_POINT('',(-2.28219E1,-3.3528E0,-1.61163E1));
#1888=DIRECTION('',(0.E0,1.E0,0.E0));
#1889=DIRECTION('',(1.E0,0.E0,0.E0));
#1890=AXIS2_PLACEMENT_3D('',#1887,#1888,#1889);
#1892=DIRECTION('',(0.E0,0.E0,1.E0));
#1893=VECTOR('',#1892,1.397E0);
#1894=CARTESIAN_POINT('',(2.21869E1,-3.3528E0,-1.61163E1));
#1895=LINE('',#1894,#1893);
#1896=CARTESIAN_POINT('',(2.28219E1,-3.3528E0,-1.47193E1));
#1897=DIRECTION('',(0.E0,1.E0,0.E0));
#1898=DIRECTION('',(-1.E0,0.E0,2.657541728237E-13));
#1899=AXIS2_PLACEMENT_3D('',#1896,#1897,#1898);
#1901=CARTESIAN_POINT('',(2.35204E1,-3.3528E0,-1.54178E1));
#1902=DIRECTION('',(0.E0,-1.E0,0.E0));
#1903=DIRECTION('',(-8.550100786732E-1,0.E0,5.186113818335E-1));
#1904=AXIS2_PLACEMENT_3D('',#1901,#1902,#1903);
#1906=CARTESIAN_POINT('',(2.28219E1,-3.3528E0,-1.61163E1));
#1907=DIRECTION('',(0.E0,1.E0,0.E0));
#1908=DIRECTION('',(-9.862245919626E-1,0.E0,-1.654117716738E-1));
#1909=AXIS2_PLACEMENT_3D('',#1906,#1907,#1908);
#1911=CARTESIAN_POINT('',(2.28219E1,-3.3528E0,-1.47193E1));
#1912=DIRECTION('',(0.E0,1.E0,0.E0));
#1913=DIRECTION('',(-1.654117716738E-1,0.E0,9.862245919626E-1));
#1914=AXIS2_PLACEMENT_3D('',#1911,#1912,#1913);
#1916=DIRECTION('',(1.E0,0.E0,0.E0));
#1917=VECTOR('',#1916,1.397E0);
#1918=CARTESIAN_POINT('',(2.28219E1,-3.3528E0,-1.40843E1));
#1919=LINE('',#1918,#1917);
#1920=CARTESIAN_POINT('',(2.42189E1,-3.3528E0,-1.47193E1));
#1921=DIRECTION('',(0.E0,1.E0,0.E0));
#1922=DIRECTION('',(0.E0,0.E0,1.E0));
#1923=AXIS2_PLACEMENT_3D('',#1920,#1921,#1922);
#1925=CARTESIAN_POINT('',(2.42189E1,-3.3528E0,-1.47193E1));
#1926=DIRECTION('',(0.E0,1.E0,0.E0));
#1927=DIRECTION('',(9.862245919626E-1,0.E0,1.654117716738E-1));
#1928=AXIS2_PLACEMENT_3D('',#1925,#1926,#1927);
#1930=DIRECTION('',(0.E0,0.E0,-1.E0));
#1931=VECTOR('',#1930,1.397E0);
#1932=CARTESIAN_POINT('',(2.48539E1,-3.3528E0,-1.47193E1));
#1933=LINE('',#1932,#1931);
#1934=CARTESIAN_POINT('',(2.42189E1,-3.3528E0,-1.61163E1));
#1935=DIRECTION('',(0.E0,1.E0,0.E0));
#1936=DIRECTION('',(1.E0,0.E0,-2.685515851692E-13));
#1937=AXIS2_PLACEMENT_3D('',#1934,#1935,#1936);
#1939=CARTESIAN_POINT('',(2.35204E1,-3.3528E0,-1.54178E1));
#1940=DIRECTION('',(0.E0,-1.E0,0.E0));
#1941=DIRECTION('',(8.550100786732E-1,0.E0,-5.186113818335E-1));
#1942=AXIS2_PLACEMENT_3D('',#1939,#1940,#1941);
#1944=CARTESIAN_POINT('',(2.42189E1,-3.3528E0,-1.61163E1));
#1945=DIRECTION('',(0.E0,1.E0,0.E0));
#1946=DIRECTION('',(1.654117716738E-1,0.E0,-9.862245919626E-1));
#1947=AXIS2_PLACEMENT_3D('',#1944,#1945,#1946);
#1949=DIRECTION('',(-1.E0,0.E0,0.E0));
#1950=VECTOR('',#1949,1.397E0);
#1951=CARTESIAN_POINT('',(2.42189E1,-3.3528E0,-1.67513E1));
#1952=LINE('',#1951,#1950);
#1953=CARTESIAN_POINT('',(2.28219E1,-3.3528E0,-1.61163E1));
#1954=DIRECTION('',(0.E0,1.E0,0.E0));
#1955=DIRECTION('',(0.E0,0.E0,-1.E0));
#1956=AXIS2_PLACEMENT_3D('',#1953,#1954,#1955);
#1958=CARTESIAN_POINT('',(2.28219E1,-3.3528E0,-1.61163E1));
#1959=DIRECTION('',(0.E0,1.E0,0.E0));
#1960=DIRECTION('',(6.767933093981E-14,0.E0,-1.E0));
#1961=AXIS2_PLACEMENT_3D('',#1958,#1959,#1960);
#1963=DIRECTION('',(1.E0,0.E0,0.E0));
#1964=VECTOR('',#1963,1.397E0);
#1965=CARTESIAN_POINT('',(2.28219E1,-3.3528E0,-1.643126E1));
#1966=LINE('',#1965,#1964);
#1967=CARTESIAN_POINT('',(2.42189E1,-3.3528E0,-1.61163E1));
#1968=DIRECTION('',(0.E0,1.E0,0.E0));
#1969=DIRECTION('',(1.E0,0.E0,0.E0));
#1970=AXIS2_PLACEMENT_3D('',#1967,#1968,#1969);
#1972=DIRECTION('',(0.E0,0.E0,1.E0));
#1973=VECTOR('',#1972,1.397E0);
#1974=CARTESIAN_POINT('',(2.453386E1,-3.3528E0,-1.61163E1));
#1975=LINE('',#1974,#1973);
#1976=CARTESIAN_POINT('',(2.42189E1,-3.3528E0,-1.47193E1));
#1977=DIRECTION('',(0.E0,1.E0,0.E0));
#1978=DIRECTION('',(4.511955395987E-14,0.E0,1.E0));
#1979=AXIS2_PLACEMENT_3D('',#1976,#1977,#1978);
#1981=DIRECTION('',(-1.E0,0.E0,0.E0));
#1982=VECTOR('',#1981,1.397E0);
#1983=CARTESIAN_POINT('',(2.42189E1,-3.3528E0,-1.440434E1));
#1984=LINE('',#1983,#1982);
#1985=CARTESIAN_POINT('',(2.28219E1,-3.3528E0,-1.47193E1));
#1986=DIRECTION('',(0.E0,1.E0,0.E0));
#1987=DIRECTION('',(-1.E0,0.E0,-1.409986061246E-13));
#1988=AXIS2_PLACEMENT_3D('',#1985,#1986,#1987);
#1990=DIRECTION('',(0.E0,0.E0,-1.E0));
#1991=VECTOR('',#1990,1.397E0);
#1992=CARTESIAN_POINT('',(2.250694E1,-3.3528E0,-1.47193E1));
#1993=LINE('',#1992,#1991);
#1994=DIRECTION('',(0.E0,1.E0,0.E0));
#1995=VECTOR('',#1994,6.6548E0);
#1996=CARTESIAN_POINT('',(-1.9177E1,-3.3528E0,-1.758696E1));
#1997=LINE('',#1996,#1995);
#1998=DIRECTION('',(0.E0,0.E0,1.E0));
#1999=VECTOR('',#1998,7.8486E0);
#2000=CARTESIAN_POINT('',(-1.9177E1,3.302E0,-1.758696E1));
#2001=LINE('',#2000,#1999);
#2002=DIRECTION('',(0.E0,1.E0,0.E0));
#2003=VECTOR('',#2002,6.6548E0);
#2004=CARTESIAN_POINT('',(-1.9177E1,-3.3528E0,-9.73836E0));
#2005=LINE('',#2004,#2003);
#2006=DIRECTION('',(1.E0,0.E0,0.E0));
#2007=VECTOR('',#2006,7.366E0);
#2008=CARTESIAN_POINT('',(-2.6543E1,3.302E0,-9.73836E0));
#2009=LINE('',#2008,#2007);
#2010=DIRECTION('',(1.E0,0.E0,0.E0));
#2011=VECTOR('',#2010,7.366E0);
#2012=CARTESIAN_POINT('',(-2.6543E1,-3.3528E0,-9.73836E0));
#2013=LINE('',#2012,#2011);
#2014=DIRECTION('',(0.E0,1.E0,0.E0));
#2015=VECTOR('',#2014,6.6548E0);
#2016=CARTESIAN_POINT('',(1.9177E1,-3.3528E0,-9.73836E0));
#2017=LINE('',#2016,#2015);
#2018=DIRECTION('',(1.E0,0.E0,0.E0));
#2019=VECTOR('',#2018,7.366E0);
#2020=CARTESIAN_POINT('',(1.9177E1,-3.3528E0,-9.73836E0));
#2021=LINE('',#2020,#2019);
#2022=DIRECTION('',(1.E0,0.E0,0.E0));
#2023=VECTOR('',#2022,7.366E0);
#2024=CARTESIAN_POINT('',(1.9177E1,3.302E0,-9.73836E0));
#2025=LINE('',#2024,#2023);
#2026=CARTESIAN_POINT('',(-2.35204E1,0.E0,-9.73836E0));
#2027=DIRECTION('',(0.E0,0.E0,-1.E0));
#2028=DIRECTION('',(-9.082568807339E-1,4.184130000364E-1,0.E0));
#2029=AXIS2_PLACEMENT_3D('',#2026,#2027,#2028);
#2031=DIRECTION('',(8.660254037844E-1,5.E-1,0.E0));
#2032=VECTOR('',#2031,2.316836463801E0);
#2033=CARTESIAN_POINT('',(-2.578091961703E1,1.598498364406E0,-9.73836E0));
#2034=LINE('',#2033,#2032);
#2035=CARTESIAN_POINT('',(-2.35204E1,0.E0,-9.73836E0));
#2036=DIRECTION('',(0.E0,0.E0,-1.E0));
#2037=DIRECTION('',(-9.177215306181E-2,9.957800318958E-1,0.E0));
#2038=AXIS2_PLACEMENT_3D('',#2035,#2036,#2037);
#2040=DIRECTION('',(8.660254037844E-1,-5.E-1,0.E0));
#2041=VECTOR('',#2040,2.316836463801E0);
#2042=CARTESIAN_POINT('',(-2.326631961703E1,2.756916596307E0,-9.73836E0));
#2043=LINE('',#2042,#2041);
#2044=CARTESIAN_POINT('',(-2.35204E1,0.E0,-9.73836E0));
#2045=DIRECTION('',(0.E0,0.E0,-1.E0));
#2046=DIRECTION('',(8.164847276721E-1,5.773670318594E-1,0.E0));
#2047=AXIS2_PLACEMENT_3D('',#2044,#2045,#2046);
#2049=DIRECTION('',(0.E0,-1.E0,0.E0));
#2050=VECTOR('',#2049,2.316836463801E0);
#2051=CARTESIAN_POINT('',(-2.10058E1,1.158418231901E0,-9.73836E0));
#2052=LINE('',#2051,#2050);
#2053=CARTESIAN_POINT('',(-2.35204E1,0.E0,-9.73836E0));
#2054=DIRECTION('',(0.E0,0.E0,-1.E0));
#2055=DIRECTION('',(9.082568807339E-1,-4.184130000364E-1,0.E0));
#2056=AXIS2_PLACEMENT_3D('',#2053,#2054,#2055);
#2058=DIRECTION('',(-8.660254037844E-1,-5.E-1,0.E0));
#2059=VECTOR('',#2058,2.316836463801E0);
#2060=CARTESIAN_POINT('',(-2.125988038297E1,-1.598498364406E0,-9.73836E0));
#2061=LINE('',#2060,#2059);
#2062=CARTESIAN_POINT('',(-2.35204E1,0.E0,-9.73836E0));
#2063=DIRECTION('',(0.E0,0.E0,-1.E0));
#2064=DIRECTION('',(9.177215306181E-2,-9.957800318958E-1,0.E0));
#2065=AXIS2_PLACEMENT_3D('',#2062,#2063,#2064);
#2067=DIRECTION('',(-8.660254037844E-1,5.E-1,0.E0));
#2068=VECTOR('',#2067,2.316836463801E0);
#2069=CARTESIAN_POINT('',(-2.377448038297E1,-2.756916596307E0,-9.73836E0));
#2070=LINE('',#2069,#2068);
#2071=CARTESIAN_POINT('',(-2.35204E1,0.E0,-9.73836E0));
#2072=DIRECTION('',(0.E0,0.E0,-1.E0));
#2073=DIRECTION('',(-8.164847276721E-1,-5.773670318594E-1,0.E0));
#2074=AXIS2_PLACEMENT_3D('',#2071,#2072,#2073);
#2076=DIRECTION('',(0.E0,1.E0,0.E0));
#2077=VECTOR('',#2076,2.316836463801E0);
#2078=CARTESIAN_POINT('',(-2.6035E1,-1.158418231901E0,-9.73836E0));
#2079=LINE('',#2078,#2077);
#2080=DIRECTION('',(0.E0,-1.E0,0.E0));
#2081=VECTOR('',#2080,2.316836463801E0);
#2082=CARTESIAN_POINT('',(2.6035E1,1.158418231901E0,-9.73836E0));
#2083=LINE('',#2082,#2081);
#2084=CARTESIAN_POINT('',(2.35204E1,0.E0,-9.73836E0));
#2085=DIRECTION('',(0.E0,0.E0,-1.E0));
#2086=DIRECTION('',(9.082568807339E-1,-4.184130000364E-1,0.E0));
#2087=AXIS2_PLACEMENT_3D('',#2084,#2085,#2086);
#2089=DIRECTION('',(-8.660254037844E-1,-5.E-1,0.E0));
#2090=VECTOR('',#2089,2.316836463801E0);
#2091=CARTESIAN_POINT('',(2.578091961703E1,-1.598498364406E0,-9.73836E0));
#2092=LINE('',#2091,#2090);
#2093=CARTESIAN_POINT('',(2.35204E1,0.E0,-9.73836E0));
#2094=DIRECTION('',(0.E0,0.E0,-1.E0));
#2095=DIRECTION('',(9.177215306181E-2,-9.957800318958E-1,0.E0));
#2096=AXIS2_PLACEMENT_3D('',#2093,#2094,#2095);
#2098=DIRECTION('',(-8.660254037844E-1,5.E-1,0.E0));
#2099=VECTOR('',#2098,2.316836463801E0);
#2100=CARTESIAN_POINT('',(2.326631961703E1,-2.756916596307E0,-9.73836E0));
#2101=LINE('',#2100,#2099);
#2102=CARTESIAN_POINT('',(2.35204E1,0.E0,-9.73836E0));
#2103=DIRECTION('',(0.E0,0.E0,-1.E0));
#2104=DIRECTION('',(-8.164847276721E-1,-5.773670318594E-1,0.E0));
#2105=AXIS2_PLACEMENT_3D('',#2102,#2103,#2104);
#2107=DIRECTION('',(0.E0,1.E0,0.E0));
#2108=VECTOR('',#2107,2.316836463801E0);
#2109=CARTESIAN_POINT('',(2.10058E1,-1.158418231901E0,-9.73836E0));
#2110=LINE('',#2109,#2108);
#2111=CARTESIAN_POINT('',(2.35204E1,0.E0,-9.73836E0));
#2112=DIRECTION('',(0.E0,0.E0,-1.E0));
#2113=DIRECTION('',(-9.082568807339E-1,4.184130000364E-1,0.E0));
#2114=AXIS2_PLACEMENT_3D('',#2111,#2112,#2113);
#2116=DIRECTION('',(8.660254037844E-1,5.E-1,0.E0));
#2117=VECTOR('',#2116,2.316836463801E0);
#2118=CARTESIAN_POINT('',(2.125988038297E1,1.598498364406E0,-9.73836E0));
#2119=LINE('',#2118,#2117);
#2120=CARTESIAN_POINT('',(2.35204E1,0.E0,-9.73836E0));
#2121=DIRECTION('',(0.E0,0.E0,-1.E0));
#2122=DIRECTION('',(-9.177215306181E-2,9.957800318958E-1,0.E0));
#2123=AXIS2_PLACEMENT_3D('',#2120,#2121,#2122);
#2125=DIRECTION('',(8.660254037844E-1,-5.E-1,0.E0));
#2126=VECTOR('',#2125,2.316836463801E0);
#2127=CARTESIAN_POINT('',(2.377448038297E1,2.756916596307E0,-9.73836E0));
#2128=LINE('',#2127,#2126);
#2129=CARTESIAN_POINT('',(2.35204E1,0.E0,-9.73836E0));
#2130=DIRECTION('',(0.E0,0.E0,-1.E0));
#2131=DIRECTION('',(8.164847276721E-1,5.773670318594E-1,0.E0));
#2132=AXIS2_PLACEMENT_3D('',#2129,#2130,#2131);
#2134=CARTESIAN_POINT('',(-2.35204E1,0.E0,-9.73836E0));
#2135=DIRECTION('',(0.E0,0.E0,-1.E0));
#2136=DIRECTION('',(1.E0,0.E0,0.E0));
#2137=AXIS2_PLACEMENT_3D('',#2134,#2135,#2136);
#2139=CARTESIAN_POINT('',(-2.35204E1,0.E0,-9.73836E0));
#2140=DIRECTION('',(0.E0,0.E0,-1.E0));
#2141=DIRECTION('',(-1.E0,0.E0,0.E0));
#2142=AXIS2_PLACEMENT_3D('',#2139,#2140,#2141);
#2144=CARTESIAN_POINT('',(2.35204E1,0.E0,-9.73836E0));
#2145=DIRECTION('',(0.E0,0.E0,-1.E0));
#2146=DIRECTION('',(1.E0,0.E0,0.E0));
#2147=AXIS2_PLACEMENT_3D('',#2144,#2145,#2146);
#2149=CARTESIAN_POINT('',(2.35204E1,0.E0,-9.73836E0));
#2150=DIRECTION('',(0.E0,0.E0,-1.E0));
#2151=DIRECTION('',(-1.E0,0.E0,0.E0));
#2152=AXIS2_PLACEMENT_3D('',#2149,#2150,#2151);
#2154=DIRECTION('',(1.E0,0.E0,0.E0));
#2155=VECTOR('',#2154,3.8354E1);
#2156=CARTESIAN_POINT('',(-1.9177E1,3.302E0,-1.758696E1));
#2157=LINE('',#2156,#2155);
#2158=DIRECTION('',(1.E0,0.E0,0.E0));
#2159=VECTOR('',#2158,1.4351E0);
#2160=CARTESIAN_POINT('',(2.51079E1,3.302E0,-8.54456E0));
#2161=LINE('',#2160,#2159);
#2162=DIRECTION('',(0.E0,0.E0,-1.E0));
#2163=VECTOR('',#2162,9.652E-1);
#2164=CARTESIAN_POINT('',(2.51079E1,3.302E0,-7.57936E0));
#2165=LINE('',#2164,#2163);
#2166=DIRECTION('',(1.E0,0.E0,0.E0));
#2167=VECTOR('',#2166,3.175E0);
#2168=CARTESIAN_POINT('',(2.19329E1,3.302E0,-7.57936E0));
#2169=LINE('',#2168,#2167);
#2170=DIRECTION('',(0.E0,0.E0,1.E0));
#2171=VECTOR('',#2170,9.652E-1);
#2172=CARTESIAN_POINT('',(2.19329E1,3.302E0,-8.54456E0));
#2173=LINE('',#2172,#2171);
#2174=DIRECTION('',(1.E0,0.E0,0.E0));
#2175=VECTOR('',#2174,4.38658E1);
#2176=CARTESIAN_POINT('',(-2.19329E1,3.302E0,-8.54456E0));
#2177=LINE('',#2176,#2175);
#2178=DIRECTION('',(0.E0,0.E0,-1.E0));
#2179=VECTOR('',#2178,9.652E-1);
#2180=CARTESIAN_POINT('',(-2.19329E1,3.302E0,-7.57936E0));
#2181=LINE('',#2180,#2179);
#2182=DIRECTION('',(1.E0,0.E0,0.E0));
#2183=VECTOR('',#2182,3.175E0);
#2184=CARTESIAN_POINT('',(-2.51079E1,3.302E0,-7.57936E0));
#2185=LINE('',#2184,#2183);
#2186=DIRECTION('',(0.E0,0.E0,1.E0));
#2187=VECTOR('',#2186,9.652E-1);
#2188=CARTESIAN_POINT('',(-2.51079E1,3.302E0,-8.54456E0));
#2189=LINE('',#2188,#2187);
#2190=DIRECTION('',(1.E0,0.E0,0.E0));
#2191=VECTOR('',#2190,1.4351E0);
#2192=CARTESIAN_POINT('',(-2.6543E1,3.302E0,-8.54456E0));
#2193=LINE('',#2192,#2191);
#2194=DIRECTION('',(0.E0,0.E0,1.E0));
#2195=VECTOR('',#2194,7.8486E0);
#2196=CARTESIAN_POINT('',(1.9177E1,3.302E0,-1.758696E1));
#2197=LINE('',#2196,#2195);
#2198=DIRECTION('',(0.E0,1.E0,0.E0));
#2199=VECTOR('',#2198,6.6548E0);
#2200=CARTESIAN_POINT('',(1.9177E1,-3.3528E0,-1.758696E1));
#2201=LINE('',#2200,#2199);
#2202=DIRECTION('',(0.E0,1.E0,0.E0));
#2203=VECTOR('',#2202,1.574228371355E0);
#2204=CARTESIAN_POINT('',(2.6543E1,-5.3086E0,-6.30936E0));
#2205=LINE('',#2204,#2203);
#2206=DIRECTION('',(0.E0,0.E0,1.E0));
#2207=VECTOR('',#2206,4.1656E-1);
#2208=CARTESIAN_POINT('',(2.6543E1,-3.734371628645E0,-6.30936E0));
#2209=LINE('',#2208,#2207);
#2210=DIRECTION('',(0.E0,-1.E0,0.E0));
#2211=VECTOR('',#2210,8.433371628645E0);
#2212=CARTESIAN_POINT('',(2.6543E1,4.699E0,-5.8928E0));
#2213=LINE('',#2212,#2211);
#2214=DIRECTION('',(0.E0,0.E0,1.E0));
#2215=VECTOR('',#2214,2.65176E0);
#2216=CARTESIAN_POINT('',(2.6543E1,4.699E0,-8.54456E0));
#2217=LINE('',#2216,#2215);
#2218=DIRECTION('',(0.E0,-1.E0,0.E0));
#2219=VECTOR('',#2218,1.397E0);
#2220=CARTESIAN_POINT('',(2.6543E1,4.699E0,-8.54456E0));
#2221=LINE('',#2220,#2219);
#2222=DIRECTION('',(0.E0,0.E0,1.E0));
#2223=VECTOR('',#2222,1.1938E0);
#2224=CARTESIAN_POINT('',(2.6543E1,3.302E0,-9.73836E0));
#2225=LINE('',#2224,#2223);
#2226=DIRECTION('',(0.E0,1.E0,0.E0));
#2227=VECTOR('',#2226,6.6548E0);
#2228=CARTESIAN_POINT('',(2.6543E1,-3.3528E0,-9.73836E0));
#2229=LINE('',#2228,#2227);
#2230=DIRECTION('',(0.E0,0.E0,1.E0));
#2231=VECTOR('',#2230,8.8646E0);
#2232=CARTESIAN_POINT('',(2.6543E1,-3.3528E0,-1.860296E1));
#2233=LINE('',#2232,#2231);
#2234=DIRECTION('',(0.E0,1.E0,0.E0));
#2235=VECTOR('',#2234,1.9558E0);
#2236=CARTESIAN_POINT('',(2.6543E1,-5.3086E0,-1.860296E1));
#2237=LINE('',#2236,#2235);
#2238=DIRECTION('',(0.E0,0.E0,1.E0));
#2239=VECTOR('',#2238,1.22936E1);
#2240=CARTESIAN_POINT('',(2.6543E1,-5.3086E0,-1.860296E1));
#2241=LINE('',#2240,#2239);
#2242=DIRECTION('',(0.E0,0.E0,-1.E0));
#2243=VECTOR('',#2242,4.1656E-1);
#2244=CARTESIAN_POINT('',(2.52349E1,-5.0038E0,-5.8928E0));
#2245=LINE('',#2244,#2243);
#2246=CARTESIAN_POINT('',(2.49682E1,4.699E0,-7.57936E0));
#2247=DIRECTION('',(0.E0,0.E0,1.E0));
#2248=DIRECTION('',(8.870967741936E-2,9.960575250116E-1,0.E0));
#2249=AXIS2_PLACEMENT_3D('',#2246,#2247,#2248);
#2251=DIRECTION('',(0.E0,0.E0,1.E0));
#2252=VECTOR('',#2251,9.652E-1);
#2253=CARTESIAN_POINT('',(2.51079E1,6.267591390388E0,-8.54456E0));
#2254=LINE('',#2253,#2252);
#2255=CARTESIAN_POINT('',(2.49682E1,4.699E0,-8.54456E0));
#2256=DIRECTION('',(0.E0,0.E0,1.E0));
#2257=DIRECTION('',(1.E0,1.127988848997E-14,0.E0));
#2258=AXIS2_PLACEMENT_3D('',#2255,#2256,#2257);
#2260=DIRECTION('',(0.E0,-1.E0,0.E0));
#2261=VECTOR('',#2260,1.397E0);
#2262=CARTESIAN_POINT('',(2.45999E1,6.2738E0,-7.57936E0));
#2263=LINE('',#2262,#2261);
#2264=DIRECTION('',(-1.E0,0.E0,0.E0));
#2265=VECTOR('',#2264,2.159E0);
#2266=CARTESIAN_POINT('',(2.45999E1,4.8768E0,-7.57936E0));
#2267=LINE('',#2266,#2265);
#2268=DIRECTION('',(0.E0,-1.E0,0.E0));
#2269=VECTOR('',#2268,1.397E0);
#2270=CARTESIAN_POINT('',(2.24409E1,6.2738E0,-7.57936E0));
#2271=LINE('',#2270,#2269);
#2272=DIRECTION('',(0.E0,-1.E0,0.E0));
#2273=VECTOR('',#2272,2.9718E0);
#2274=CARTESIAN_POINT('',(2.19329E1,6.2738E0,-7.57936E0));
#2275=LINE('',#2274,#2273);
#2276=DIRECTION('',(0.E0,0.E0,-1.E0));
#2277=VECTOR('',#2276,4.1656E-1);
#2278=CARTESIAN_POINT('',(2.45999E1,6.2738E0,-7.57936E0));
#2279=LINE('',#2278,#2277);
#2280=DIRECTION('',(1.E0,0.E0,0.E0));
#2281=VECTOR('',#2280,5.08E-1);
#2282=CARTESIAN_POINT('',(2.19329E1,6.2738E0,-7.57936E0));
#2283=LINE('',#2282,#2281);
#2284=DIRECTION('',(0.E0,0.E0,-1.E0));
#2285=VECTOR('',#2284,4.1656E-1);
#2286=CARTESIAN_POINT('',(2.24409E1,6.2738E0,-7.57936E0));
#2287=LINE('',#2286,#2285);
#2288=DIRECTION('',(1.E0,0.E0,0.E0));
#2289=VECTOR('',#2288,3.683E-1);
#2290=CARTESIAN_POINT('',(2.45999E1,6.2738E0,-7.57936E0));
#2291=LINE('',#2290,#2289);
#2292=DIRECTION('',(0.E0,0.E0,1.E0));
#2293=VECTOR('',#2292,1.68656E0);
#2294=CARTESIAN_POINT('',(2.49682E1,6.2738E0,-7.57936E0));
#2295=LINE('',#2294,#2293);
#2296=DIRECTION('',(0.E0,0.E0,-1.E0));
#2297=VECTOR('',#2296,1.68656E0);
#2298=CARTESIAN_POINT('',(-2.49682E1,6.2738E0,-5.8928E0));
#2299=LINE('',#2298,#2297);
#2300=DIRECTION('',(1.E0,0.E0,0.E0));
#2301=VECTOR('',#2300,3.683E-1);
#2302=CARTESIAN_POINT('',(-2.49682E1,6.2738E0,-7.57936E0));
#2303=LINE('',#2302,#2301);
#2304=DIRECTION('',(0.E0,0.E0,-1.E0));
#2305=VECTOR('',#2304,4.1656E-1);
#2306=CARTESIAN_POINT('',(-2.45999E1,6.2738E0,-7.57936E0));
#2307=LINE('',#2306,#2305);
#2308=DIRECTION('',(1.E0,0.E0,0.E0));
#2309=VECTOR('',#2308,5.08E-1);
#2310=CARTESIAN_POINT('',(-2.24409E1,6.2738E0,-7.57936E0));
#2311=LINE('',#2310,#2309);
#2312=DIRECTION('',(0.E0,0.E0,-1.E0));
#2313=VECTOR('',#2312,9.652E-1);
#2314=CARTESIAN_POINT('',(-2.19329E1,6.2738E0,-7.57936E0));
#2315=LINE('',#2314,#2313);
#2316=DIRECTION('',(1.E0,0.E0,0.E0));
#2317=VECTOR('',#2316,4.38658E1);
#2318=CARTESIAN_POINT('',(-2.19329E1,6.2738E0,-8.54456E0));
#2319=LINE('',#2318,#2317);
#2320=DIRECTION('',(0.E0,0.E0,1.E0));
#2321=VECTOR('',#2320,9.652E-1);
#2322=CARTESIAN_POINT('',(2.19329E1,6.2738E0,-8.54456E0));
#2323=LINE('',#2322,#2321);
#2324=DIRECTION('',(0.E0,0.E0,-1.E0));
#2325=VECTOR('',#2324,4.1656E-1);
#2326=CARTESIAN_POINT('',(2.24409E1,4.8768E0,-7.57936E0));
#2327=LINE('',#2326,#2325);
#2328=DIRECTION('',(0.E0,0.E0,-1.E0));
#2329=VECTOR('',#2328,4.1656E-1);
#2330=CARTESIAN_POINT('',(2.45999E1,4.8768E0,-7.57936E0));
#2331=LINE('',#2330,#2329);
#2332=DIRECTION('',(0.E0,-1.E0,0.E0));
#2333=VECTOR('',#2332,1.397E0);
#2334=CARTESIAN_POINT('',(-2.24409E1,6.2738E0,-7.99592E0));
#2335=LINE('',#2334,#2333);
#2336=DIRECTION('',(1.E0,0.E0,0.E0));
#2337=VECTOR('',#2336,2.159E0);
#2338=CARTESIAN_POINT('',(-2.45999E1,6.2738E0,-7.99592E0));
#2339=LINE('',#2338,#2337);
#2340=DIRECTION('',(0.E0,1.E0,0.E0));
#2341=VECTOR('',#2340,1.397E0);
#2342=CARTESIAN_POINT('',(-2.45999E1,4.8768E0,-7.99592E0));
#2343=LINE('',#2342,#2341);
#2344=DIRECTION('',(-1.E0,0.E0,0.E0));
#2345=VECTOR('',#2344,2.159E0);
#2346=CARTESIAN_POINT('',(-2.24409E1,4.8768E0,-7.99592E0));
#2347=LINE('',#2346,#2345);
#2348=DIRECTION('',(1.E0,0.E0,0.E0));
#2349=VECTOR('',#2348,2.159E0);
#2350=CARTESIAN_POINT('',(2.24409E1,6.2738E0,-7.99592E0));
#2351=LINE('',#2350,#2349);
#2352=DIRECTION('',(0.E0,1.E0,0.E0));
#2353=VECTOR('',#2352,1.397E0);
#2354=CARTESIAN_POINT('',(2.24409E1,4.8768E0,-7.99592E0));
#2355=LINE('',#2354,#2353);
#2356=DIRECTION('',(-1.E0,0.E0,0.E0));
#2357=VECTOR('',#2356,2.159E0);
#2358=CARTESIAN_POINT('',(2.45999E1,4.8768E0,-7.99592E0));
#2359=LINE('',#2358,#2357);
#2360=DIRECTION('',(0.E0,-1.E0,0.E0));
#2361=VECTOR('',#2360,1.397E0);
#2362=CARTESIAN_POINT('',(2.45999E1,6.2738E0,-7.99592E0));
#2363=LINE('',#2362,#2361);
#2364=DIRECTION('',(0.E0,0.E0,-1.E0));
#2365=VECTOR('',#2364,4.1656E-1);
#2366=CARTESIAN_POINT('',(-2.24409E1,6.2738E0,-7.57936E0));
#2367=LINE('',#2366,#2365);
#2368=DIRECTION('',(0.E0,-1.E0,0.E0));
#2369=VECTOR('',#2368,1.397E0);
#2370=CARTESIAN_POINT('',(-2.24409E1,6.2738E0,-7.57936E0));
#2371=LINE('',#2370,#2369);
#2372=DIRECTION('',(-1.E0,0.E0,0.E0));
#2373=VECTOR('',#2372,2.159E0);
#2374=CARTESIAN_POINT('',(-2.24409E1,4.8768E0,-7.57936E0));
#2375=LINE('',#2374,#2373);
#2376=DIRECTION('',(0.E0,-1.E0,0.E0));
#2377=VECTOR('',#2376,1.397E0);
#2378=CARTESIAN_POINT('',(-2.45999E1,6.2738E0,-7.57936E0));
#2379=LINE('',#2378,#2377);
#2380=DIRECTION('',(0.E0,-1.E0,0.E0));
#2381=VECTOR('',#2380,2.965591390388E0);
#2382=CARTESIAN_POINT('',(-2.51079E1,6.267591390388E0,-7.57936E0));
#2383=LINE('',#2382,#2381);
#2384=DIRECTION('',(0.E0,0.E0,-1.E0));
#2385=VECTOR('',#2384,4.1656E-1);
#2386=CARTESIAN_POINT('',(-2.24409E1,4.8768E0,-7.57936E0));
#2387=LINE('',#2386,#2385);
#2388=DIRECTION('',(0.E0,0.E0,-1.E0));
#2389=VECTOR('',#2388,4.1656E-1);
#2390=CARTESIAN_POINT('',(-2.45999E1,4.8768E0,-7.57936E0));
#2391=LINE('',#2390,#2389);
#2392=CARTESIAN_POINT('',(-2.49682E1,4.699E0,-8.54456E0));
#2393=DIRECTION('',(0.E0,0.E0,-1.E0));
#2394=DIRECTION('',(-1.E0,1.127988848997E-14,0.E0));
#2395=AXIS2_PLACEMENT_3D('',#2392,#2393,#2394);
#2397=DIRECTION('',(0.E0,0.E0,-1.E0));
#2398=VECTOR('',#2397,9.652E-1);
#2399=CARTESIAN_POINT('',(-2.51079E1,6.267591390388E0,-7.57936E0));
#2400=LINE('',#2399,#2398);
#2401=CARTESIAN_POINT('',(-2.49682E1,4.699E0,-7.57936E0));
#2402=DIRECTION('',(0.E0,0.E0,-1.E0));
#2403=DIRECTION('',(-8.870967741936E-2,9.960575250116E-1,0.E0));
#2404=AXIS2_PLACEMENT_3D('',#2401,#2402,#2403);
#2406=DIRECTION('',(0.E0,1.E0,0.E0));
#2407=VECTOR('',#2406,1.574228371355E0);
#2408=CARTESIAN_POINT('',(-2.6543E1,-5.3086E0,-6.30936E0));
#2409=LINE('',#2408,#2407);
#2410=DIRECTION('',(0.E0,0.E0,1.E0));
#2411=VECTOR('',#2410,1.22936E1);
#2412=CARTESIAN_POINT('',(-2.6543E1,-5.3086E0,-1.860296E1));
#2413=LINE('',#2412,#2411);
#2414=DIRECTION('',(0.E0,1.E0,0.E0));
#2415=VECTOR('',#2414,1.9558E0);
#2416=CARTESIAN_POINT('',(-2.6543E1,-5.3086E0,-1.860296E1));
#2417=LINE('',#2416,#2415);
#2418=DIRECTION('',(0.E0,0.E0,1.E0));
#2419=VECTOR('',#2418,8.8646E0);
#2420=CARTESIAN_POINT('',(-2.6543E1,-3.3528E0,-1.860296E1));
#2421=LINE('',#2420,#2419);
#2422=DIRECTION('',(0.E0,1.E0,0.E0));
#2423=VECTOR('',#2422,6.6548E0);
#2424=CARTESIAN_POINT('',(-2.6543E1,-3.3528E0,-9.73836E0));
#2425=LINE('',#2424,#2423);
#2426=DIRECTION('',(0.E0,0.E0,1.E0));
#2427=VECTOR('',#2426,1.1938E0);
#2428=CARTESIAN_POINT('',(-2.6543E1,3.302E0,-9.73836E0));
#2429=LINE('',#2428,#2427);
#2430=DIRECTION('',(0.E0,-1.E0,0.E0));
#2431=VECTOR('',#2430,1.397E0);
#2432=CARTESIAN_POINT('',(-2.6543E1,4.699E0,-8.54456E0));
#2433=LINE('',#2432,#2431);
#2434=DIRECTION('',(0.E0,0.E0,-1.E0));
#2435=VECTOR('',#2434,2.65176E0);
#2436=CARTESIAN_POINT('',(-2.6543E1,4.699E0,-5.8928E0));
#2437=LINE('',#2436,#2435);
#2438=DIRECTION('',(0.E0,-1.E0,0.E0));
#2439=VECTOR('',#2438,8.433371628645E0);
#2440=CARTESIAN_POINT('',(-2.6543E1,4.699E0,-5.8928E0));
#2441=LINE('',#2440,#2439);
#2442=DIRECTION('',(0.E0,1.385913128493E-14,1.E0));
#2443=VECTOR('',#2442,4.1656E-1);
#2444=CARTESIAN_POINT('',(-2.6543E1,-3.734371628645E0,-6.30936E0));
#2445=LINE('',#2444,#2443);
#2446=DIRECTION('',(0.E0,0.E0,-1.E0));
#2447=VECTOR('',#2446,4.1656E-1);
#2448=CARTESIAN_POINT('',(-2.52349E1,-5.0038E0,-5.8928E0));
#2449=LINE('',#2448,#2447);
#2450=DIRECTION('',(0.E0,0.E0,-1.E0));
#2451=VECTOR('',#2450,4.1656E-1);
#2452=CARTESIAN_POINT('',(-2.52349E1,-5.3086E0,-5.8928E0));
#2453=LINE('',#2452,#2451);
#2454=DIRECTION('',(0.E0,-1.E0,0.E0));
#2455=VECTOR('',#2454,2.965591390388E0);
#2456=CARTESIAN_POINT('',(-2.51079E1,6.267591390388E0,-8.54456E0));
#2457=LINE('',#2456,#2455);
#2458=DIRECTION('',(0.E0,-1.E0,0.E0));
#2459=VECTOR('',#2458,2.9718E0);
#2460=CARTESIAN_POINT('',(-2.19329E1,6.2738E0,-7.57936E0));
#2461=LINE('',#2460,#2459);
#2462=DIRECTION('',(0.E0,-1.E0,0.E0));
#2463=VECTOR('',#2462,2.9718E0);
#2464=CARTESIAN_POINT('',(-2.19329E1,6.2738E0,-8.54456E0));
#2465=LINE('',#2464,#2463);
#2466=DIRECTION('',(0.E0,-1.E0,0.E0));
#2467=VECTOR('',#2466,2.9718E0);
#2468=CARTESIAN_POINT('',(2.19329E1,6.2738E0,-8.54456E0));
#2469=LINE('',#2468,#2467);
#2470=DIRECTION('',(0.E0,-1.E0,0.E0));
#2471=VECTOR('',#2470,2.965591390388E0);
#2472=CARTESIAN_POINT('',(2.51079E1,6.267591390388E0,-7.57936E0));
#2473=LINE('',#2472,#2471);
#2474=DIRECTION('',(0.E0,-1.E0,0.E0));
#2475=VECTOR('',#2474,2.965591390388E0);
#2476=CARTESIAN_POINT('',(2.51079E1,6.267591390388E0,-8.54456E0));
#2477=LINE('',#2476,#2475);
#2478=DIRECTION('',(0.E0,0.E0,-1.E0));
#2479=VECTOR('',#2478,8.89E-1);
#2480=CARTESIAN_POINT('',(-2.6035E1,1.158418231901E0,-9.73836E0));
#2481=LINE('',#2480,#2479);
#2482=DIRECTION('',(0.E0,0.E0,-1.E0));
#2483=VECTOR('',#2482,8.89E-1);
#2484=CARTESIAN_POINT('',(-2.6035E1,-1.158418231901E0,-9.73836E0));
#2485=LINE('',#2484,#2483);
#2486=DIRECTION('',(0.E0,0.E0,-1.E0));
#2487=VECTOR('',#2486,8.89E-1);
#2488=CARTESIAN_POINT('',(-2.578091961703E1,-1.598498364406E0,-9.73836E0));
#2489=LINE('',#2488,#2487);
#2490=DIRECTION('',(0.E0,0.E0,-1.E0));
#2491=VECTOR('',#2490,8.89E-1);
#2492=CARTESIAN_POINT('',(-2.377448038297E1,-2.756916596307E0,-9.73836E0));
#2493=LINE('',#2492,#2491);
#2494=DIRECTION('',(0.E0,0.E0,-1.E0));
#2495=VECTOR('',#2494,8.89E-1);
#2496=CARTESIAN_POINT('',(-2.326631961703E1,-2.756916596307E0,-9.73836E0));
#2497=LINE('',#2496,#2495);
#2498=DIRECTION('',(0.E0,0.E0,-1.E0));
#2499=VECTOR('',#2498,8.89E-1);
#2500=CARTESIAN_POINT('',(-2.125988038297E1,-1.598498364406E0,-9.73836E0));
#2501=LINE('',#2500,#2499);
#2502=DIRECTION('',(0.E0,0.E0,-1.E0));
#2503=VECTOR('',#2502,8.89E-1);
#2504=CARTESIAN_POINT('',(-2.10058E1,-1.158418231901E0,-9.73836E0));
#2505=LINE('',#2504,#2503);
#2506=DIRECTION('',(0.E0,0.E0,-1.E0));
#2507=VECTOR('',#2506,8.89E-1);
#2508=CARTESIAN_POINT('',(-2.10058E1,1.158418231901E0,-9.73836E0));
#2509=LINE('',#2508,#2507);
#2510=DIRECTION('',(0.E0,0.E0,-1.E0));
#2511=VECTOR('',#2510,8.89E-1);
#2512=CARTESIAN_POINT('',(-2.125988038297E1,1.598498364406E0,-9.73836E0));
#2513=LINE('',#2512,#2511);
#2514=DIRECTION('',(0.E0,0.E0,-1.E0));
#2515=VECTOR('',#2514,8.89E-1);
#2516=CARTESIAN_POINT('',(-2.326631961703E1,2.756916596307E0,-9.73836E0));
#2517=LINE('',#2516,#2515);
#2518=DIRECTION('',(0.E0,0.E0,-1.E0));
#2519=VECTOR('',#2518,8.89E-1);
#2520=CARTESIAN_POINT('',(-2.377448038297E1,2.756916596307E0,-9.73836E0));
#2521=LINE('',#2520,#2519);
#2522=DIRECTION('',(0.E0,0.E0,-1.E0));
#2523=VECTOR('',#2522,8.89E-1);
#2524=CARTESIAN_POINT('',(-2.578091961703E1,1.598498364406E0,-9.73836E0));
#2525=LINE('',#2524,#2523);
#2526=CARTESIAN_POINT('',(-2.35204E1,0.E0,-1.062736E1));
#2527=DIRECTION('',(0.E0,0.E0,1.E0));
#2528=DIRECTION('',(-1.E0,0.E0,0.E0));
#2529=AXIS2_PLACEMENT_3D('',#2526,#2527,#2528);
#2531=CARTESIAN_POINT('',(-2.35204E1,0.E0,-1.062736E1));
#2532=DIRECTION('',(0.E0,0.E0,1.E0));
#2533=DIRECTION('',(1.E0,0.E0,0.E0));
#2534=AXIS2_PLACEMENT_3D('',#2531,#2532,#2533);
#2536=CARTESIAN_POINT('',(2.35204E1,0.E0,-1.062736E1));
#2537=DIRECTION('',(0.E0,0.E0,1.E0));
#2538=DIRECTION('',(-1.E0,0.E0,0.E0));
#2539=AXIS2_PLACEMENT_3D('',#2536,#2537,#2538);
#2541=CARTESIAN_POINT('',(2.35204E1,0.E0,-1.062736E1));
#2542=DIRECTION('',(0.E0,0.E0,1.E0));
#2543=DIRECTION('',(1.E0,0.E0,0.E0));
#2544=AXIS2_PLACEMENT_3D('',#2541,#2542,#2543);
#2546=CARTESIAN_POINT('',(-2.35204E1,0.E0,-1.062736E1));
#2547=DIRECTION('',(0.E0,0.E0,-1.E0));
#2548=DIRECTION('',(-9.082568807339E-1,4.184130000364E-1,0.E0));
#2549=AXIS2_PLACEMENT_3D('',#2546,#2547,#2548);
#2551=DIRECTION('',(0.E0,1.E0,0.E0));
#2552=VECTOR('',#2551,2.316836463801E0);
#2553=CARTESIAN_POINT('',(-2.6035E1,-1.158418231901E0,-1.062736E1));
#2554=LINE('',#2553,#2552);
#2555=CARTESIAN_POINT('',(-2.35204E1,0.E0,-1.062736E1));
#2556=DIRECTION('',(0.E0,0.E0,-1.E0));
#2557=DIRECTION('',(-8.164847276721E-1,-5.773670318594E-1,0.E0));
#2558=AXIS2_PLACEMENT_3D('',#2555,#2556,#2557);
#2560=DIRECTION('',(-8.660254037844E-1,5.E-1,0.E0));
#2561=VECTOR('',#2560,2.316836463801E0);
#2562=CARTESIAN_POINT('',(-2.377448038297E1,-2.756916596307E0,-1.062736E1));
#2563=LINE('',#2562,#2561);
#2564=CARTESIAN_POINT('',(-2.35204E1,0.E0,-1.062736E1));
#2565=DIRECTION('',(0.E0,0.E0,-1.E0));
#2566=DIRECTION('',(9.177215306181E-2,-9.957800318958E-1,0.E0));
#2567=AXIS2_PLACEMENT_3D('',#2564,#2565,#2566);
#2569=DIRECTION('',(-8.660254037844E-1,-5.E-1,0.E0));
#2570=VECTOR('',#2569,2.316836463801E0);
#2571=CARTESIAN_POINT('',(-2.125988038297E1,-1.598498364406E0,-1.062736E1));
#2572=LINE('',#2571,#2570);
#2573=CARTESIAN_POINT('',(-2.35204E1,0.E0,-1.062736E1));
#2574=DIRECTION('',(0.E0,0.E0,-1.E0));
#2575=DIRECTION('',(9.082568807339E-1,-4.184130000364E-1,0.E0));
#2576=AXIS2_PLACEMENT_3D('',#2573,#2574,#2575);
#2578=DIRECTION('',(0.E0,-1.E0,0.E0));
#2579=VECTOR('',#2578,2.316836463801E0);
#2580=CARTESIAN_POINT('',(-2.10058E1,1.158418231901E0,-1.062736E1));
#2581=LINE('',#2580,#2579);
#2582=CARTESIAN_POINT('',(-2.35204E1,0.E0,-1.062736E1));
#2583=DIRECTION('',(0.E0,0.E0,-1.E0));
#2584=DIRECTION('',(8.164847276721E-1,5.773670318594E-1,0.E0));
#2585=AXIS2_PLACEMENT_3D('',#2582,#2583,#2584);
#2587=DIRECTION('',(8.660254037844E-1,-5.E-1,0.E0));
#2588=VECTOR('',#2587,2.316836463801E0);
#2589=CARTESIAN_POINT('',(-2.326631961703E1,2.756916596307E0,-1.062736E1));
#2590=LINE('',#2589,#2588);
#2591=CARTESIAN_POINT('',(-2.35204E1,0.E0,-1.062736E1));
#2592=DIRECTION('',(0.E0,0.E0,-1.E0));
#2593=DIRECTION('',(-9.177215306181E-2,9.957800318958E-1,0.E0));
#2594=AXIS2_PLACEMENT_3D('',#2591,#2592,#2593);
#2596=DIRECTION('',(8.660254037844E-1,5.E-1,0.E0));
#2597=VECTOR('',#2596,2.316836463801E0);
#2598=CARTESIAN_POINT('',(-2.578091961703E1,1.598498364406E0,-1.062736E1));
#2599=LINE('',#2598,#2597);
#2600=DIRECTION('',(0.E0,-1.E0,0.E0));
#2601=VECTOR('',#2600,2.316836463801E0);
#2602=CARTESIAN_POINT('',(2.6035E1,1.158418231901E0,-1.062736E1));
#2603=LINE('',#2602,#2601);
#2604=CARTESIAN_POINT('',(2.35204E1,0.E0,-1.062736E1));
#2605=DIRECTION('',(0.E0,0.E0,-1.E0));
#2606=DIRECTION('',(8.164847276721E-1,5.773670318594E-1,0.E0));
#2607=AXIS2_PLACEMENT_3D('',#2604,#2605,#2606);
#2609=DIRECTION('',(8.660254037844E-1,-5.E-1,0.E0));
#2610=VECTOR('',#2609,2.316836463801E0);
#2611=CARTESIAN_POINT('',(2.377448038297E1,2.756916596307E0,-1.062736E1));
#2612=LINE('',#2611,#2610);
#2613=CARTESIAN_POINT('',(2.35204E1,0.E0,-1.062736E1));
#2614=DIRECTION('',(0.E0,0.E0,-1.E0));
#2615=DIRECTION('',(-9.177215306181E-2,9.957800318958E-1,0.E0));
#2616=AXIS2_PLACEMENT_3D('',#2613,#2614,#2615);
#2618=DIRECTION('',(8.660254037844E-1,5.E-1,0.E0));
#2619=VECTOR('',#2618,2.316836463801E0);
#2620=CARTESIAN_POINT('',(2.125988038297E1,1.598498364406E0,-1.062736E1));
#2621=LINE('',#2620,#2619);
#2622=CARTESIAN_POINT('',(2.35204E1,0.E0,-1.062736E1));
#2623=DIRECTION('',(0.E0,0.E0,-1.E0));
#2624=DIRECTION('',(-9.082568807339E-1,4.184130000364E-1,0.E0));
#2625=AXIS2_PLACEMENT_3D('',#2622,#2623,#2624);
#2627=DIRECTION('',(0.E0,1.E0,0.E0));
#2628=VECTOR('',#2627,2.316836463801E0);
#2629=CARTESIAN_POINT('',(2.10058E1,-1.158418231901E0,-1.062736E1));
#2630=LINE('',#2629,#2628);
#2631=CARTESIAN_POINT('',(2.35204E1,0.E0,-1.062736E1));
#2632=DIRECTION('',(0.E0,0.E0,-1.E0));
#2633=DIRECTION('',(-8.164847276721E-1,-5.773670318594E-1,0.E0));
#2634=AXIS2_PLACEMENT_3D('',#2631,#2632,#2633);
#2636=DIRECTION('',(-8.660254037844E-1,5.E-1,0.E0));
#2637=VECTOR('',#2636,2.316836463801E0);
#2638=CARTESIAN_POINT('',(2.326631961703E1,-2.756916596307E0,-1.062736E1));
#2639=LINE('',#2638,#2637);
#2640=CARTESIAN_POINT('',(2.35204E1,0.E0,-1.062736E1));
#2641=DIRECTION('',(0.E0,0.E0,-1.E0));
#2642=DIRECTION('',(9.177215306181E-2,-9.957800318958E-1,0.E0));
#2643=AXIS2_PLACEMENT_3D('',#2640,#2641,#2642);
#2645=DIRECTION('',(-8.660254037844E-1,-5.E-1,0.E0));
#2646=VECTOR('',#2645,2.316836463801E0);
#2647=CARTESIAN_POINT('',(2.578091961703E1,-1.598498364406E0,-1.062736E1));
#2648=LINE('',#2647,#2646);
#2649=CARTESIAN_POINT('',(2.35204E1,0.E0,-1.062736E1));
#2650=DIRECTION('',(0.E0,0.E0,-1.E0));
#2651=DIRECTION('',(9.082568807339E-1,-4.184130000364E-1,0.E0));
#2652=AXIS2_PLACEMENT_3D('',#2649,#2650,#2651);
#2654=DIRECTION('',(0.E0,0.E0,-1.E0));
#2655=VECTOR('',#2654,8.89E-1);
#2656=CARTESIAN_POINT('',(-2.49428E1,0.E0,-9.73836E0));
#2657=LINE('',#2656,#2655);
#2658=DIRECTION('',(0.E0,0.E0,-1.E0));
#2659=VECTOR('',#2658,8.89E-1);
#2660=CARTESIAN_POINT('',(-2.2098E1,0.E0,-9.73836E0));
#2661=LINE('',#2660,#2659);
#2662=DIRECTION('',(0.E0,0.E0,-1.E0));
#2663=VECTOR('',#2662,8.89E-1);
#2664=CARTESIAN_POINT('',(2.2098E1,0.E0,-9.73836E0));
#2665=LINE('',#2664,#2663);
#2666=DIRECTION('',(0.E0,0.E0,-1.E0));
#2667=VECTOR('',#2666,8.89E-1);
#2668=CARTESIAN_POINT('',(2.49428E1,0.E0,-9.73836E0));
#2669=LINE('',#2668,#2667);
#2670=DIRECTION('',(0.E0,0.E0,-1.E0));
#2671=VECTOR('',#2670,8.89E-1);
#2672=CARTESIAN_POINT('',(2.6035E1,1.158418231901E0,-9.73836E0));
#2673=LINE('',#2672,#2671);
#2674=DIRECTION('',(0.E0,0.E0,-1.E0));
#2675=VECTOR('',#2674,8.89E-1);
#2676=CARTESIAN_POINT('',(2.578091961703E1,1.598498364406E0,-9.73836E0));
#2677=LINE('',#2676,#2675);
#2678=DIRECTION('',(0.E0,0.E0,-1.E0));
#2679=VECTOR('',#2678,8.89E-1);
#2680=CARTESIAN_POINT('',(2.377448038297E1,2.756916596307E0,-9.73836E0));
#2681=LINE('',#2680,#2679);
#2682=DIRECTION('',(0.E0,0.E0,-1.E0));
#2683=VECTOR('',#2682,8.89E-1);
#2684=CARTESIAN_POINT('',(2.326631961703E1,2.756916596307E0,-9.73836E0));
#2685=LINE('',#2684,#2683);
#2686=DIRECTION('',(0.E0,0.E0,-1.E0));
#2687=VECTOR('',#2686,8.89E-1);
#2688=CARTESIAN_POINT('',(2.125988038297E1,1.598498364406E0,-9.73836E0));
#2689=LINE('',#2688,#2687);
#2690=DIRECTION('',(0.E0,0.E0,-1.E0));
#2691=VECTOR('',#2690,8.89E-1);
#2692=CARTESIAN_POINT('',(2.10058E1,1.158418231901E0,-9.73836E0));
#2693=LINE('',#2692,#2691);
#2694=DIRECTION('',(0.E0,0.E0,-1.E0));
#2695=VECTOR('',#2694,8.89E-1);
#2696=CARTESIAN_POINT('',(2.10058E1,-1.158418231901E0,-9.73836E0));
#2697=LINE('',#2696,#2695);
#2698=DIRECTION('',(0.E0,0.E0,-1.E0));
#2699=VECTOR('',#2698,8.89E-1);
#2700=CARTESIAN_POINT('',(2.125988038297E1,-1.598498364406E0,-9.73836E0));
#2701=LINE('',#2700,#2699);
#2702=DIRECTION('',(0.E0,0.E0,-1.E0));
#2703=VECTOR('',#2702,8.89E-1);
#2704=CARTESIAN_POINT('',(2.326631961703E1,-2.756916596307E0,-9.73836E0));
#2705=LINE('',#2704,#2703);
#2706=DIRECTION('',(0.E0,0.E0,-1.E0));
#2707=VECTOR('',#2706,8.89E-1);
#2708=CARTESIAN_POINT('',(2.377448038297E1,-2.756916596307E0,-9.73836E0));
#2709=LINE('',#2708,#2707);
#2710=DIRECTION('',(0.E0,0.E0,-1.E0));
#2711=VECTOR('',#2710,8.89E-1);
#2712=CARTESIAN_POINT('',(2.578091961703E1,-1.598498364406E0,-9.73836E0));
#2713=LINE('',#2712,#2711);
#2714=DIRECTION('',(0.E0,0.E0,-1.E0));
#2715=VECTOR('',#2714,8.89E-1);
#2716=CARTESIAN_POINT('',(2.6035E1,-1.158418231901E0,-9.73836E0));
#2717=LINE('',#2716,#2715);
#2718=DIRECTION('',(0.E0,1.E0,0.E0));
#2719=VECTOR('',#2718,2.921E0);
#2720=CARTESIAN_POINT('',(1.89738E1,-6.2738E0,-1.860296E1));
#2721=LINE('',#2720,#2719);
#2722=DIRECTION('',(0.E0,1.E0,0.E0));
#2723=VECTOR('',#2722,1.0668E0);
#2724=CARTESIAN_POINT('',(1.89738E1,-6.2738E0,-6.30936E0));
#2725=LINE('',#2724,#2723);
#2726=CARTESIAN_POINT('',(-2.35204E1,-3.13436E0,-1.54178E1));
#2727=DIRECTION('',(0.E0,-1.E0,0.E0));
#2728=DIRECTION('',(0.E0,0.E0,1.E0));
#2729=AXIS2_PLACEMENT_3D('',#2726,#2727,#2728);
#2731=DIRECTION('',(0.E0,-1.E0,0.E0));
#2732=VECTOR('',#2731,2.1844E-1);
#2733=CARTESIAN_POINT('',(-2.35204E1,-3.13436E0,-1.27508E1));
#2734=LINE('',#2733,#2732);
#2735=CARTESIAN_POINT('',(-2.35204E1,-3.13436E0,-1.54178E1));
#2736=DIRECTION('',(0.E0,1.E0,0.E0));
#2737=DIRECTION('',(0.E0,0.E0,1.E0));
#2738=AXIS2_PLACEMENT_3D('',#2735,#2736,#2737);
#2740=DIRECTION('',(0.E0,-1.E0,0.E0));
#2741=VECTOR('',#2740,2.1844E-1);
#2742=CARTESIAN_POINT('',(-2.35204E1,-3.13436E0,-1.80848E1));
#2743=LINE('',#2742,#2741);
#2744=CARTESIAN_POINT('',(-2.219564738410E1,-3.13436E0,-1.622133647501E1));
#2745=CARTESIAN_POINT('',(-2.219564738410E1,-3.104318933992E0,
-1.622133647501E1));
#2746=CARTESIAN_POINT('',(-2.219750142268E1,-3.047707429717E0,
-1.623352154825E1));
#2747=CARTESIAN_POINT('',(-2.220876274052E1,-2.969517638020E0,
-1.628611465529E1));
#2748=CARTESIAN_POINT('',(-2.223505983374E1,-2.909052498887E0,
-1.636517101179E1));
#2749=CARTESIAN_POINT('',(-2.228532334900E1,-2.868126223534E0,
-1.646314196998E1));
#2750=CARTESIAN_POINT('',(-2.236707609335E1,-2.852431753337E0,
-1.656643187189E1));
#2751=CARTESIAN_POINT('',(-2.247225762119E1,-2.866965011306E0,
-1.665152079144E1));
#2752=CARTESIAN_POINT('',(-2.257519367180E1,-2.909872533384E0,
-1.670422834651E1));
#2753=CARTESIAN_POINT('',(-2.265462730222E1,-2.972242516096E0,
-1.673006073088E1));
#2754=CARTESIAN_POINT('',(-2.270527330798E1,-3.049683024489E0,
-1.674078030754E1));
#2755=CARTESIAN_POINT('',(-2.271686352499E1,-3.105149062735E0,
-1.674255261590E1));
#2756=CARTESIAN_POINT('',(-2.271686352499E1,-3.13436E0,-1.674255261590E1));
#2758=CARTESIAN_POINT('',(-2.35204E1,-3.13436E0,-1.54178E1));
#2759=DIRECTION('',(0.E0,1.E0,0.E0));
#2760=DIRECTION('',(5.186113818335E-1,0.E0,-8.550100786732E-1));
#2761=AXIS2_PLACEMENT_3D('',#2758,#2759,#2760);
#2763=CARTESIAN_POINT('',(-2.35204E1,-3.13436E0,-1.7526E1));
#2764=DIRECTION('',(-1.E0,0.E0,0.E0));
#2765=DIRECTION('',(0.E0,0.E0,1.E0));
#2766=AXIS2_PLACEMENT_3D('',#2763,#2764,#2765);
#2768=CARTESIAN_POINT('',(-2.35204E1,-3.13436E0,-1.33096E1));
#2769=DIRECTION('',(1.E0,0.E0,0.E0));
#2770=DIRECTION('',(0.E0,0.E0,-1.E0));
#2771=AXIS2_PLACEMENT_3D('',#2768,#2769,#2770);
#2773=CARTESIAN_POINT('',(-2.35204E1,-3.13436E0,-1.54178E1));
#2774=DIRECTION('',(0.E0,1.E0,0.E0));
#2775=DIRECTION('',(0.E0,0.E0,1.E0));
#2776=AXIS2_PLACEMENT_3D('',#2773,#2774,#2775);
#2778=CARTESIAN_POINT('',(-2.271686352499E1,-3.13436E0,-1.409304738410E1));
#2779=CARTESIAN_POINT('',(-2.271686352499E1,-3.104329314480E0,
-1.409304738410E1));
#2780=CARTESIAN_POINT('',(-2.270466625538E1,-3.047740073218E0,
-1.409490496297E1));
#2781=CARTESIAN_POINT('',(-2.265229223046E1,-2.969769956091E0,
-1.410611795007E1));
#2782=CARTESIAN_POINT('',(-2.257330971392E1,-2.909160537236E0,
-1.413232290139E1));
#2783=CARTESIAN_POINT('',(-2.247448734689E1,-2.867877573167E0,
-1.418298772821E1));
#2784=CARTESIAN_POINT('',(-2.237041496448E1,-2.852376039584E0,
-1.426575382722E1));
#2785=CARTESIAN_POINT('',(-2.228587697605E1,-2.867405900212E0,
-1.437102729814E1));
#2786=CARTESIAN_POINT('',(-2.223392522638E1,-2.910102595969E0,
-1.447282989537E1));
#2787=CARTESIAN_POINT('',(-2.220812477856E1,-2.972236492593E0,
-1.455204853134E1));
#2788=CARTESIAN_POINT('',(-2.219739728819E1,-3.049959608309E0,
-1.460280267960E1));
#2789=CARTESIAN_POINT('',(-2.219564738410E1,-3.105261471785E0,
-1.461426352499E1));
#2790=CARTESIAN_POINT('',(-2.219564738410E1,-3.13436E0,-1.461426352499E1));
#2792=CARTESIAN_POINT('',(-2.35204E1,-3.13436E0,-1.54178E1));
#2793=DIRECTION('',(0.E0,1.E0,0.E0));
#2794=DIRECTION('',(8.550100786732E-1,0.E0,5.186113818335E-1));
#2795=AXIS2_PLACEMENT_3D('',#2792,#2793,#2794);
#2797=DIRECTION('',(0.E0,-1.E0,0.E0));
#2798=VECTOR('',#2797,7.7724E-1);
#2799=CARTESIAN_POINT('',(-2.21869E1,-2.57556E0,-1.61163E1));
#2800=LINE('',#2799,#2798);
#2801=DIRECTION('',(0.E0,-1.E0,0.E0));
#2802=VECTOR('',#2801,7.7724E-1);
#2803=CARTESIAN_POINT('',(-2.21869E1,-2.57556E0,-1.47193E1));
#2804=LINE('',#2803,#2802);
#2805=DIRECTION('',(0.E0,-1.E0,0.E0));
#2806=VECTOR('',#2805,7.7724E-1);
#2807=CARTESIAN_POINT('',(-2.28219E1,-2.57556E0,-1.40843E1));
#2808=LINE('',#2807,#2806);
#2809=DIRECTION('',(0.E0,-1.E0,0.E0));
#2810=VECTOR('',#2809,7.7724E-1);
#2811=CARTESIAN_POINT('',(-2.42189E1,-2.57556E0,-1.40843E1));
#2812=LINE('',#2811,#2810);
#2813=DIRECTION('',(0.E0,-1.E0,0.E0));
#2814=VECTOR('',#2813,7.7724E-1);
#2815=CARTESIAN_POINT('',(-2.48539E1,-2.57556E0,-1.47193E1));
#2816=LINE('',#2815,#2814);
#2817=DIRECTION('',(0.E0,-1.E0,0.E0));
#2818=VECTOR('',#2817,7.7724E-1);
#2819=CARTESIAN_POINT('',(-2.48539E1,-2.57556E0,-1.61163E1));
#2820=LINE('',#2819,#2818);
#2821=DIRECTION('',(0.E0,-1.E0,0.E0));
#2822=VECTOR('',#2821,7.7724E-1);
#2823=CARTESIAN_POINT('',(-2.42189E1,-2.57556E0,-1.67513E1));
#2824=LINE('',#2823,#2822);
#2825=DIRECTION('',(1.E0,0.E0,0.E0));
#2826=VECTOR('',#2825,1.016E0);
#2827=CARTESIAN_POINT('',(-2.40284E1,-2.57556E0,-1.67513E1));
#2828=LINE('',#2827,#2826);
#2829=DIRECTION('',(0.E0,-1.E0,0.E0));
#2830=VECTOR('',#2829,7.7724E-1);
#2831=CARTESIAN_POINT('',(-2.28219E1,-2.57556E0,-1.67513E1));
#2832=LINE('',#2831,#2830);
#2833=CARTESIAN_POINT('',(-2.30124E1,-2.57556E0,-1.70561E1));
#2834=DIRECTION('',(1.E0,0.E0,0.E0));
#2835=DIRECTION('',(0.E0,1.E0,0.E0));
#2836=AXIS2_PLACEMENT_3D('',#2833,#2834,#2835);
#2838=DIRECTION('',(0.E0,0.E0,1.E0));
#2839=VECTOR('',#2838,6.096E-2);
#2840=CARTESIAN_POINT('',(-2.30124E1,-1.95072E0,-1.711706E1));
#2841=LINE('',#2840,#2839);
#2842=DIRECTION('',(0.E0,1.E0,0.E0));
#2843=VECTOR('',#2842,3.2004E-1);
#2844=CARTESIAN_POINT('',(-2.30124E1,-2.27076E0,-1.711706E1));
#2845=LINE('',#2844,#2843);
#2846=DIRECTION('',(0.E0,0.E0,-1.E0));
#2847=VECTOR('',#2846,6.096E-2);
#2848=CARTESIAN_POINT('',(-2.30124E1,-2.27076E0,-1.70561E1));
#2849=LINE('',#2848,#2847);
#2850=CARTESIAN_POINT('',(-2.30124E1,-2.57556E0,-1.70561E1));
#2851=DIRECTION('',(-1.E0,0.E0,0.E0));
#2852=DIRECTION('',(0.E0,0.E0,1.E0));
#2853=AXIS2_PLACEMENT_3D('',#2850,#2851,#2852);
#2855=DIRECTION('',(0.E0,0.E0,1.E0));
#2856=VECTOR('',#2855,3.2004E-1);
#2857=CARTESIAN_POINT('',(-2.40284E1,-2.57556E0,-1.67513E1));
#2858=LINE('',#2857,#2856);
#2859=DIRECTION('',(1.E0,0.E0,-3.729883127350E-14));
#2860=VECTOR('',#2859,1.905E-1);
#2861=CARTESIAN_POINT('',(-2.42189E1,-2.57556E0,-1.643126E1));
#2862=LINE('',#2861,#2860);
#2863=CARTESIAN_POINT('',(-2.42189E1,-2.57556E0,-1.61163E1));
#2864=DIRECTION('',(0.E0,-1.E0,0.E0));
#2865=DIRECTION('',(-1.E0,0.E0,0.E0));
#2866=AXIS2_PLACEMENT_3D('',#2863,#2864,#2865);
#2868=DIRECTION('',(0.E0,0.E0,-1.E0));
#2869=VECTOR('',#2868,1.397E0);
#2870=CARTESIAN_POINT('',(-2.453386E1,-2.57556E0,-1.47193E1));
#2871=LINE('',#2870,#2869);
#2872=CARTESIAN_POINT('',(-2.42189E1,-2.57556E0,-1.47193E1));
#2873=DIRECTION('',(0.E0,-1.E0,0.E0));
#2874=DIRECTION('',(0.E0,0.E0,1.E0));
#2875=AXIS2_PLACEMENT_3D('',#2872,#2873,#2874);
#2877=DIRECTION('',(-1.E0,0.E0,0.E0));
#2878=VECTOR('',#2877,1.397E0);
#2879=CARTESIAN_POINT('',(-2.28219E1,-2.57556E0,-1.440434E1));
#2880=LINE('',#2879,#2878);
#2881=CARTESIAN_POINT('',(-2.28219E1,-2.57556E0,-1.47193E1));
#2882=DIRECTION('',(0.E0,-1.E0,0.E0));
#2883=DIRECTION('',(1.E0,0.E0,0.E0));
#2884=AXIS2_PLACEMENT_3D('',#2881,#2882,#2883);
#2886=DIRECTION('',(0.E0,0.E0,1.E0));
#2887=VECTOR('',#2886,1.397E0);
#2888=CARTESIAN_POINT('',(-2.250694E1,-2.57556E0,-1.61163E1));
#2889=LINE('',#2888,#2887);
#2890=CARTESIAN_POINT('',(-2.28219E1,-2.57556E0,-1.61163E1));
#2891=DIRECTION('',(0.E0,-1.E0,0.E0));
#2892=DIRECTION('',(0.E0,0.E0,-1.E0));
#2893=AXIS2_PLACEMENT_3D('',#2890,#2891,#2892);
#2895=DIRECTION('',(1.E0,0.E0,3.729883127350E-14));
#2896=VECTOR('',#2895,1.905E-1);
#2897=CARTESIAN_POINT('',(-2.30124E1,-2.57556E0,-1.643126E1));
#2898=LINE('',#2897,#2896);
#2899=DIRECTION('',(0.E0,0.E0,1.E0));
#2900=VECTOR('',#2899,3.2004E-1);
#2901=CARTESIAN_POINT('',(-2.30124E1,-2.57556E0,-1.67513E1));
#2902=LINE('',#2901,#2900);
#2903=DIRECTION('',(-1.E0,0.E0,0.E0));
#2904=VECTOR('',#2903,1.905E-1);
#2905=CARTESIAN_POINT('',(-2.28219E1,-2.57556E0,-1.67513E1));
#2906=LINE('',#2905,#2904);
#2907=CARTESIAN_POINT('',(-2.28219E1,-2.57556E0,-1.61163E1));
#2908=DIRECTION('',(0.E0,1.E0,0.E0));
#2909=DIRECTION('',(1.E0,0.E0,0.E0));
#2910=AXIS2_PLACEMENT_3D('',#2907,#2908,#2909);
#2912=DIRECTION('',(0.E0,0.E0,-1.E0));
#2913=VECTOR('',#2912,1.397E0);
#2914=CARTESIAN_POINT('',(-2.21869E1,-2.57556E0,-1.47193E1));
#2915=LINE('',#2914,#2913);
#2916=CARTESIAN_POINT('',(-2.28219E1,-2.57556E0,-1.47193E1));
#2917=DIRECTION('',(0.E0,1.E0,0.E0));
#2918=DIRECTION('',(0.E0,0.E0,1.E0));
#2919=AXIS2_PLACEMENT_3D('',#2916,#2917,#2918);
#2921=DIRECTION('',(1.E0,0.E0,0.E0));
#2922=VECTOR('',#2921,1.397E0);
#2923=CARTESIAN_POINT('',(-2.42189E1,-2.57556E0,-1.40843E1));
#2924=LINE('',#2923,#2922);
#2925=CARTESIAN_POINT('',(-2.42189E1,-2.57556E0,-1.47193E1));
#2926=DIRECTION('',(0.E0,1.E0,0.E0));
#2927=DIRECTION('',(-1.E0,0.E0,0.E0));
#2928=AXIS2_PLACEMENT_3D('',#2925,#2926,#2927);
#2930=DIRECTION('',(0.E0,0.E0,1.E0));
#2931=VECTOR('',#2930,1.397E0);
#2932=CARTESIAN_POINT('',(-2.48539E1,-2.57556E0,-1.61163E1));
#2933=LINE('',#2932,#2931);
#2934=CARTESIAN_POINT('',(-2.42189E1,-2.57556E0,-1.61163E1));
#2935=DIRECTION('',(0.E0,1.E0,0.E0));
#2936=DIRECTION('',(0.E0,0.E0,-1.E0));
#2937=AXIS2_PLACEMENT_3D('',#2934,#2935,#2936);
#2939=DIRECTION('',(-1.E0,0.E0,0.E0));
#2940=VECTOR('',#2939,1.905E-1);
#2941=CARTESIAN_POINT('',(-2.40284E1,-2.57556E0,-1.67513E1));
#2942=LINE('',#2941,#2940);
#2943=DIRECTION('',(-1.110084264092E-14,0.E0,1.E0));
#2944=VECTOR('',#2943,3.2004E-1);
#2945=CARTESIAN_POINT('',(2.30124E1,-2.57556E0,-1.67513E1));
#2946=LINE('',#2945,#2944);
#2947=DIRECTION('',(1.E0,0.E0,-1.864941563675E-14));
#2948=VECTOR('',#2947,1.905E-1);
#2949=CARTESIAN_POINT('',(2.28219E1,-2.57556E0,-1.643126E1));
#2950=LINE('',#2949,#2948);
#2951=CARTESIAN_POINT('',(2.28219E1,-2.57556E0,-1.61163E1));
#2952=DIRECTION('',(0.E0,-1.E0,0.E0));
#2953=DIRECTION('',(-1.E0,0.E0,0.E0));
#2954=AXIS2_PLACEMENT_3D('',#2951,#2952,#2953);
#2956=DIRECTION('',(0.E0,0.E0,-1.E0));
#2957=VECTOR('',#2956,1.397E0);
#2958=CARTESIAN_POINT('',(2.250694E1,-2.57556E0,-1.47193E1));
#2959=LINE('',#2958,#2957);
#2960=CARTESIAN_POINT('',(2.28219E1,-2.57556E0,-1.47193E1));
#2961=DIRECTION('',(0.E0,-1.E0,0.E0));
#2962=DIRECTION('',(-9.023910791975E-14,0.E0,1.E0));
#2963=AXIS2_PLACEMENT_3D('',#2960,#2961,#2962);
#2965=DIRECTION('',(-1.E0,0.E0,0.E0));
#2966=VECTOR('',#2965,1.397E0);
#2967=CARTESIAN_POINT('',(2.42189E1,-2.57556E0,-1.440434E1));
#2968=LINE('',#2967,#2966);
#2969=CARTESIAN_POINT('',(2.42189E1,-2.57556E0,-1.47193E1));
#2970=DIRECTION('',(0.E0,-1.E0,0.E0));
#2971=DIRECTION('',(1.E0,0.E0,0.E0));
#2972=AXIS2_PLACEMENT_3D('',#2969,#2970,#2971);
#2974=DIRECTION('',(0.E0,0.E0,1.E0));
#2975=VECTOR('',#2974,1.397E0);
#2976=CARTESIAN_POINT('',(2.453386E1,-2.57556E0,-1.61163E1));
#2977=LINE('',#2976,#2975);
#2978=CARTESIAN_POINT('',(2.42189E1,-2.57556E0,-1.61163E1));
#2979=DIRECTION('',(0.E0,-1.E0,0.E0));
#2980=DIRECTION('',(-6.767933093981E-14,0.E0,-1.E0));
#2981=AXIS2_PLACEMENT_3D('',#2978,#2979,#2980);
#2983=DIRECTION('',(1.E0,0.E0,1.864941563675E-14));
#2984=VECTOR('',#2983,1.905E-1);
#2985=CARTESIAN_POINT('',(2.40284E1,-2.57556E0,-1.643126E1));
#2986=LINE('',#2985,#2984);
#2987=DIRECTION('',(0.E0,0.E0,1.E0));
#2988=VECTOR('',#2987,3.2004E-1);
#2989=CARTESIAN_POINT('',(2.40284E1,-2.57556E0,-1.67513E1));
#2990=LINE('',#2989,#2988);
#2991=DIRECTION('',(-1.E0,0.E0,0.E0));
#2992=VECTOR('',#2991,1.905E-1);
#2993=CARTESIAN_POINT('',(2.42189E1,-2.57556E0,-1.67513E1));
#2994=LINE('',#2993,#2992);
#2995=CARTESIAN_POINT('',(2.42189E1,-2.57556E0,-1.61163E1));
#2996=DIRECTION('',(0.E0,1.E0,0.E0));
#2997=DIRECTION('',(1.E0,0.E0,-5.594824691024E-14));
#2998=AXIS2_PLACEMENT_3D('',#2995,#2996,#2997);
#3000=DIRECTION('',(0.E0,0.E0,-1.E0));
#3001=VECTOR('',#3000,1.397E0);
#3002=CARTESIAN_POINT('',(2.48539E1,-2.57556E0,-1.47193E1));
#3003=LINE('',#3002,#3001);
#3004=CARTESIAN_POINT('',(2.42189E1,-2.57556E0,-1.47193E1));
#3005=DIRECTION('',(0.E0,1.E0,0.E0));
#3006=DIRECTION('',(0.E0,0.E0,1.E0));
#3007=AXIS2_PLACEMENT_3D('',#3004,#3005,#3006);
#3009=DIRECTION('',(1.E0,0.E0,0.E0));
#3010=VECTOR('',#3009,1.397E0);
#3011=CARTESIAN_POINT('',(2.28219E1,-2.57556E0,-1.40843E1));
#3012=LINE('',#3011,#3010);
#3013=CARTESIAN_POINT('',(2.28219E1,-2.57556E0,-1.47193E1));
#3014=DIRECTION('',(0.E0,1.E0,0.E0));
#3015=DIRECTION('',(-1.E0,0.E0,0.E0));
#3016=AXIS2_PLACEMENT_3D('',#3013,#3014,#3015);
#3018=DIRECTION('',(0.E0,0.E0,1.E0));
#3019=VECTOR('',#3018,1.397E0);
#3020=CARTESIAN_POINT('',(2.21869E1,-2.57556E0,-1.61163E1));
#3021=LINE('',#3020,#3019);
#3022=CARTESIAN_POINT('',(2.28219E1,-2.57556E0,-1.61163E1));
#3023=DIRECTION('',(0.E0,1.E0,0.E0));
#3024=DIRECTION('',(-1.118964938205E-14,0.E0,-1.E0));
#3025=AXIS2_PLACEMENT_3D('',#3022,#3023,#3024);
#3027=DIRECTION('',(-1.E0,0.E0,0.E0));
#3028=VECTOR('',#3027,1.905E-1);
#3029=CARTESIAN_POINT('',(2.30124E1,-2.57556E0,-1.67513E1));
#3030=LINE('',#3029,#3028);
#3031=CARTESIAN_POINT('',(-2.40284E1,-2.57556E0,-1.70561E1));
#3032=DIRECTION('',(-1.E0,0.E0,0.E0));
#3033=DIRECTION('',(0.E0,0.E0,1.E0));
#3034=AXIS2_PLACEMENT_3D('',#3031,#3032,#3033);
#3036=DIRECTION('',(0.E0,0.E0,-1.E0));
#3037=VECTOR('',#3036,6.096E-2);
#3038=CARTESIAN_POINT('',(-2.40284E1,-2.27076E0,-1.70561E1));
#3039=LINE('',#3038,#3037);
#3040=DIRECTION('',(0.E0,1.E0,0.E0));
#3041=VECTOR('',#3040,3.2004E-1);
#3042=CARTESIAN_POINT('',(-2.40284E1,-2.27076E0,-1.711706E1));
#3043=LINE('',#3042,#3041);
#3044=DIRECTION('',(0.E0,0.E0,1.E0));
#3045=VECTOR('',#3044,6.096E-2);
#3046=CARTESIAN_POINT('',(-2.40284E1,-1.95072E0,-1.711706E1));
#3047=LINE('',#3046,#3045);
#3048=CARTESIAN_POINT('',(-2.40284E1,-2.57556E0,-1.70561E1));
#3049=DIRECTION('',(1.E0,0.E0,0.E0));
#3050=DIRECTION('',(0.E0,1.E0,0.E0));
#3051=AXIS2_PLACEMENT_3D('',#3048,#3049,#3050);
#3053=DIRECTION('',(1.E0,0.E0,0.E0));
#3054=VECTOR('',#3053,1.016E0);
#3055=CARTESIAN_POINT('',(-2.40284E1,-2.27076E0,-1.70561E1));
#3056=LINE('',#3055,#3054);
#3057=DIRECTION('',(1.E0,0.E0,0.E0));
#3058=VECTOR('',#3057,1.016E0);
#3059=CARTESIAN_POINT('',(-2.40284E1,-2.27076E0,-1.711706E1));
#3060=LINE('',#3059,#3058);
#3061=DIRECTION('',(1.E0,0.E0,0.E0));
#3062=VECTOR('',#3061,1.016E0);
#3063=CARTESIAN_POINT('',(-2.40284E1,-1.95072E0,-1.711706E1));
#3064=LINE('',#3063,#3062);
#3065=DIRECTION('',(1.E0,0.E0,0.E0));
#3066=VECTOR('',#3065,1.016E0);
#3067=CARTESIAN_POINT('',(-2.40284E1,-1.95072E0,-1.70561E1));
#3068=LINE('',#3067,#3066);
#3069=DIRECTION('',(1.E0,0.E0,0.E0));
#3070=VECTOR('',#3069,1.016E0);
#3071=CARTESIAN_POINT('',(-2.40284E1,-2.57556E0,-1.643126E1));
#3072=LINE('',#3071,#3070);
#3073=DIRECTION('',(0.E0,-1.E0,0.E0));
#3074=VECTOR('',#3073,7.7724E-1);
#3075=CARTESIAN_POINT('',(-2.42189E1,-2.57556E0,-1.643126E1));
#3076=LINE('',#3075,#3074);
#3077=DIRECTION('',(0.E0,-1.E0,0.E0));
#3078=VECTOR('',#3077,7.7724E-1);
#3079=CARTESIAN_POINT('',(-2.28219E1,-2.57556E0,-1.643126E1));
#3080=LINE('',#3079,#3078);
#3081=DIRECTION('',(0.E0,-1.E0,0.E0));
#3082=VECTOR('',#3081,7.7724E-1);
#3083=CARTESIAN_POINT('',(-2.250694E1,-2.57556E0,-1.61163E1));
#3084=LINE('',#3083,#3082);
#3085=DIRECTION('',(0.E0,-1.E0,0.E0));
#3086=VECTOR('',#3085,7.7724E-1);
#3087=CARTESIAN_POINT('',(-2.250694E1,-2.57556E0,-1.47193E1));
#3088=LINE('',#3087,#3086);
#3089=DIRECTION('',(0.E0,-1.E0,0.E0));
#3090=VECTOR('',#3089,7.7724E-1);
#3091=CARTESIAN_POINT('',(-2.28219E1,-2.57556E0,-1.440434E1));
#3092=LINE('',#3091,#3090);
#3093=DIRECTION('',(0.E0,-1.E0,0.E0));
#3094=VECTOR('',#3093,7.7724E-1);
#3095=CARTESIAN_POINT('',(-2.42189E1,-2.57556E0,-1.440434E1));
#3096=LINE('',#3095,#3094);
#3097=DIRECTION('',(0.E0,-1.E0,0.E0));
#3098=VECTOR('',#3097,7.7724E-1);
#3099=CARTESIAN_POINT('',(-2.453386E1,-2.57556E0,-1.47193E1));
#3100=LINE('',#3099,#3098);
#3101=DIRECTION('',(0.E0,-1.E0,0.E0));
#3102=VECTOR('',#3101,7.7724E-1);
#3103=CARTESIAN_POINT('',(-2.453386E1,-2.57556E0,-1.61163E1));
#3104=LINE('',#3103,#3102);
#3105=CARTESIAN_POINT('',(2.30124E1,-2.57556E0,-1.70561E1));
#3106=DIRECTION('',(-1.E0,0.E0,0.E0));
#3107=DIRECTION('',(0.E0,0.E0,1.E0));
#3108=AXIS2_PLACEMENT_3D('',#3105,#3106,#3107);
#3110=DIRECTION('',(0.E0,0.E0,-1.E0));
#3111=VECTOR('',#3110,6.096E-2);
#3112=CARTESIAN_POINT('',(2.30124E1,-2.27076E0,-1.70561E1));
#3113=LINE('',#3112,#3111);
#3114=DIRECTION('',(0.E0,1.E0,0.E0));
#3115=VECTOR('',#3114,3.2004E-1);
#3116=CARTESIAN_POINT('',(2.30124E1,-2.27076E0,-1.711706E1));
#3117=LINE('',#3116,#3115);
#3118=DIRECTION('',(0.E0,0.E0,1.E0));
#3119=VECTOR('',#3118,6.096E-2);
#3120=CARTESIAN_POINT('',(2.30124E1,-1.95072E0,-1.711706E1));
#3121=LINE('',#3120,#3119);
#3122=CARTESIAN_POINT('',(2.30124E1,-2.57556E0,-1.70561E1));
#3123=DIRECTION('',(1.E0,0.E0,0.E0));
#3124=DIRECTION('',(0.E0,1.E0,0.E0));
#3125=AXIS2_PLACEMENT_3D('',#3122,#3123,#3124);
#3127=DIRECTION('',(1.E0,0.E0,0.E0));
#3128=VECTOR('',#3127,1.016E0);
#3129=CARTESIAN_POINT('',(2.30124E1,-2.57556E0,-1.67513E1));
#3130=LINE('',#3129,#3128);
#3131=DIRECTION('',(0.E0,-1.E0,0.E0));
#3132=VECTOR('',#3131,7.7724E-1);
#3133=CARTESIAN_POINT('',(2.42189E1,-2.57556E0,-1.67513E1));
#3134=LINE('',#3133,#3132);
#3135=DIRECTION('',(0.E0,-1.E0,0.E0));
#3136=VECTOR('',#3135,7.7724E-1);
#3137=CARTESIAN_POINT('',(2.28219E1,-2.57556E0,-1.67513E1));
#3138=LINE('',#3137,#3136);
#3139=DIRECTION('',(0.E0,-1.E0,-5.485122246102E-14));
#3140=VECTOR('',#3139,7.7724E-1);
#3141=CARTESIAN_POINT('',(2.21869E1,-2.57556E0,-1.61163E1));
#3142=LINE('',#3141,#3140);
#3143=DIRECTION('',(0.E0,-1.E0,7.313496328136E-14));
#3144=VECTOR('',#3143,7.7724E-1);
#3145=CARTESIAN_POINT('',(2.21869E1,-2.57556E0,-1.47193E1));
#3146=LINE('',#3145,#3144);
#3147=DIRECTION('',(0.E0,-1.E0,0.E0));
#3148=VECTOR('',#3147,7.7724E-1);
#3149=CARTESIAN_POINT('',(2.28219E1,-2.57556E0,-1.40843E1));
#3150=LINE('',#3149,#3148);
#3151=DIRECTION('',(0.E0,-1.E0,0.E0));
#3152=VECTOR('',#3151,7.7724E-1);
#3153=CARTESIAN_POINT('',(2.42189E1,-2.57556E0,-1.40843E1));
#3154=LINE('',#3153,#3152);
#3155=DIRECTION('',(0.E0,-1.E0,0.E0));
#3156=VECTOR('',#3155,7.7724E-1);
#3157=CARTESIAN_POINT('',(2.48539E1,-2.57556E0,-1.47193E1));
#3158=LINE('',#3157,#3156);
#3159=DIRECTION('',(0.E0,-1.E0,-5.485122246102E-14));
#3160=VECTOR('',#3159,7.7724E-1);
#3161=CARTESIAN_POINT('',(2.48539E1,-2.57556E0,-1.61163E1));
#3162=LINE('',#3161,#3160);
#3163=DIRECTION('',(0.E0,-1.E0,0.E0));
#3164=VECTOR('',#3163,2.1844E-1);
#3165=CARTESIAN_POINT('',(2.484515261590E1,-3.13436E0,-1.461426352499E1));
#3166=LINE('',#3165,#3164);
#3167=DIRECTION('',(-1.626402526461E-14,-1.E0,0.E0));
#3168=VECTOR('',#3167,2.1844E-1);
#3169=CARTESIAN_POINT('',(2.484515261590E1,-3.13436E0,-1.622133647501E1));
#3170=LINE('',#3169,#3168);
#3171=CARTESIAN_POINT('',(2.35204E1,-3.3528E0,-1.54178E1));
#3172=DIRECTION('',(0.E0,1.E0,0.E0));
#3173=DIRECTION('',(-5.186113818335E-1,0.E0,8.550100786732E-1));
#3174=AXIS2_PLACEMENT_3D('',#3171,#3172,#3173);
#3176=DIRECTION('',(0.E0,-1.E0,0.E0));
#3177=VECTOR('',#3176,2.1844E-1);
#3178=CARTESIAN_POINT('',(2.432393647501E1,-3.13436E0,-1.409304738410E1));
#3179=LINE('',#3178,#3177);
#3180=DIRECTION('',(0.E0,-1.E0,0.E0));
#3181=VECTOR('',#3180,2.1844E-1);
#3182=CARTESIAN_POINT('',(2.271686352499E1,-3.13436E0,-1.409304738410E1));
#3183=LINE('',#3182,#3181);
#3184=DIRECTION('',(0.E0,-1.E0,3.252805052921E-14));
#3185=VECTOR('',#3184,2.1844E-1);
#3186=CARTESIAN_POINT('',(2.219564738410E1,-3.13436E0,-1.461426352499E1));
#3187=LINE('',#3186,#3185);
#3188=DIRECTION('',(0.E0,-1.E0,3.252805052921E-14));
#3189=VECTOR('',#3188,2.1844E-1);
#3190=CARTESIAN_POINT('',(2.219564738410E1,-3.13436E0,-1.622133647501E1));
#3191=LINE('',#3190,#3189);
#3192=DIRECTION('',(1.626402526461E-14,-1.E0,-3.252805052921E-14));
#3193=VECTOR('',#3192,2.1844E-1);
#3194=CARTESIAN_POINT('',(2.432393647501E1,-3.13436E0,-1.674255261590E1));
#3195=LINE('',#3194,#3193);
#3196=CARTESIAN_POINT('',(2.35204E1,-3.3528E0,-1.54178E1));
#3197=DIRECTION('',(0.E0,1.E0,0.E0));
#3198=DIRECTION('',(5.186113818335E-1,0.E0,-8.550100786732E-1));
#3199=AXIS2_PLACEMENT_3D('',#3196,#3197,#3198);
#3201=DIRECTION('',(0.E0,-1.E0,0.E0));
#3202=VECTOR('',#3201,2.1844E-1);
#3203=CARTESIAN_POINT('',(2.271686352499E1,-3.13436E0,-1.674255261590E1));
#3204=LINE('',#3203,#3202);
#3205=CARTESIAN_POINT('',(2.432393647501E1,-3.13436E0,-1.409304738410E1));
#3206=CARTESIAN_POINT('',(2.432393647501E1,-3.104329314480E0,
-1.409304738410E1));
#3207=CARTESIAN_POINT('',(2.433613374462E1,-3.047740073218E0,
-1.409490496297E1));
#3208=CARTESIAN_POINT('',(2.438850776954E1,-2.969769956091E0,
-1.410611795007E1));
#3209=CARTESIAN_POINT('',(2.446749028608E1,-2.909160537236E0,
-1.413232290139E1));
#3210=CARTESIAN_POINT('',(2.456631265311E1,-2.867877573167E0,
-1.418298772821E1));
#3211=CARTESIAN_POINT('',(2.467038503552E1,-2.852376039584E0,
-1.426575382722E1));
#3212=CARTESIAN_POINT('',(2.475492302395E1,-2.867405900212E0,
-1.437102729814E1));
#3213=CARTESIAN_POINT('',(2.480687477362E1,-2.910102595969E0,
-1.447282989537E1));
#3214=CARTESIAN_POINT('',(2.483267522144E1,-2.972236492593E0,
-1.455204853134E1));
#3215=CARTESIAN_POINT('',(2.484340271181E1,-3.049959608309E0,
-1.460280267960E1));
#3216=CARTESIAN_POINT('',(2.484515261590E1,-3.105261471785E0,
-1.461426352499E1));
#3217=CARTESIAN_POINT('',(2.484515261590E1,-3.13436E0,-1.461426352499E1));
#3219=CARTESIAN_POINT('',(2.35204E1,-3.13436E0,-1.54178E1));
#3220=DIRECTION('',(0.E0,1.E0,0.E0));
#3221=DIRECTION('',(8.550100786732E-1,0.E0,5.186113818335E-1));
#3222=AXIS2_PLACEMENT_3D('',#3219,#3220,#3221);
#3224=CARTESIAN_POINT('',(2.484515261590E1,-3.13436E0,-1.622133647501E1));
#3225=CARTESIAN_POINT('',(2.484515261590E1,-3.104318933992E0,
-1.622133647501E1));
#3226=CARTESIAN_POINT('',(2.484329857732E1,-3.047707429717E0,
-1.623352154825E1));
#3227=CARTESIAN_POINT('',(2.483203725948E1,-2.969517638020E0,
-1.628611465529E1));
#3228=CARTESIAN_POINT('',(2.480574016626E1,-2.909052498887E0,
-1.636517101179E1));
#3229=CARTESIAN_POINT('',(2.475547665100E1,-2.868126223534E0,
-1.646314196998E1));
#3230=CARTESIAN_POINT('',(2.467372390665E1,-2.852431753337E0,
-1.656643187189E1));
#3231=CARTESIAN_POINT('',(2.456854237881E1,-2.866965011306E0,
-1.665152079144E1));
#3232=CARTESIAN_POINT('',(2.446560632820E1,-2.909872533384E0,
-1.670422834651E1));
#3233=CARTESIAN_POINT('',(2.438617269778E1,-2.972242516096E0,
-1.673006073088E1));
#3234=CARTESIAN_POINT('',(2.433552669202E1,-3.049683024489E0,
-1.674078030754E1));
#3235=CARTESIAN_POINT('',(2.432393647501E1,-3.105149062735E0,
-1.674255261590E1));
#3236=CARTESIAN_POINT('',(2.432393647501E1,-3.13436E0,-1.674255261590E1));
#3238=CARTESIAN_POINT('',(2.35204E1,-3.13436E0,-1.54178E1));
#3239=DIRECTION('',(0.E0,1.E0,0.E0));
#3240=DIRECTION('',(5.186113818335E-1,0.E0,-8.550100786732E-1));
#3241=AXIS2_PLACEMENT_3D('',#3238,#3239,#3240);
#3243=CARTESIAN_POINT('',(2.35204E1,-3.13436E0,-1.7526E1));
#3244=DIRECTION('',(-1.E0,0.E0,0.E0));
#3245=DIRECTION('',(0.E0,0.E0,1.E0));
#3246=AXIS2_PLACEMENT_3D('',#3243,#3244,#3245);
#3248=CARTESIAN_POINT('',(2.35204E1,-3.13436E0,-1.33096E1));
#3249=DIRECTION('',(1.E0,0.E0,0.E0));
#3250=DIRECTION('',(0.E0,0.E0,-1.E0));
#3251=AXIS2_PLACEMENT_3D('',#3248,#3249,#3250);
#3253=CARTESIAN_POINT('',(2.35204E1,-3.13436E0,-1.54178E1));
#3254=DIRECTION('',(0.E0,1.E0,0.E0));
#3255=DIRECTION('',(0.E0,0.E0,1.E0));
#3256=AXIS2_PLACEMENT_3D('',#3253,#3254,#3255);
#3258=CARTESIAN_POINT('',(2.219564738410E1,-3.13436E0,-1.461426352499E1));
#3259=CARTESIAN_POINT('',(2.219564738410E1,-3.104318933992E0,
-1.461426352499E1));
#3260=CARTESIAN_POINT('',(2.219750142268E1,-3.047707429717E0,
-1.460207845175E1));
#3261=CARTESIAN_POINT('',(2.220876274052E1,-2.969517638020E0,
-1.454948534471E1));
#3262=CARTESIAN_POINT('',(2.223505983374E1,-2.909052498887E0,
-1.447042898821E1));
#3263=CARTESIAN_POINT('',(2.228532334900E1,-2.868126223534E0,
-1.437245803002E1));
#3264=CARTESIAN_POINT('',(2.236707609335E1,-2.852431753337E0,
-1.426916812811E1));
#3265=CARTESIAN_POINT('',(2.247225762119E1,-2.866965011306E0,
-1.418407920856E1));
#3266=CARTESIAN_POINT('',(2.257519367180E1,-2.909872533384E0,
-1.413137165349E1));
#3267=CARTESIAN_POINT('',(2.265462730222E1,-2.972242516096E0,
-1.410553926912E1));
#3268=CARTESIAN_POINT('',(2.270527330798E1,-3.049683024489E0,
-1.409481969246E1));
#3269=CARTESIAN_POINT('',(2.271686352499E1,-3.105149062735E0,
-1.409304738410E1));
#3270=CARTESIAN_POINT('',(2.271686352499E1,-3.13436E0,-1.409304738410E1));
#3272=CARTESIAN_POINT('',(2.35204E1,-3.13436E0,-1.54178E1));
#3273=DIRECTION('',(0.E0,-1.E0,0.E0));
#3274=DIRECTION('',(0.E0,0.E0,1.E0));
#3275=AXIS2_PLACEMENT_3D('',#3272,#3273,#3274);
#3277=CARTESIAN_POINT('',(2.35204E1,-3.13436E0,-1.54178E1));
#3278=DIRECTION('',(0.E0,-1.E0,0.E0));
#3279=DIRECTION('',(-5.186113818335E-1,0.E0,-8.550100786732E-1));
#3280=AXIS2_PLACEMENT_3D('',#3277,#3278,#3279);
#3282=CARTESIAN_POINT('',(2.271686352499E1,-3.13436E0,-1.674255261590E1));
#3283=CARTESIAN_POINT('',(2.271686352499E1,-3.104329314480E0,
-1.674255261590E1));
#3284=CARTESIAN_POINT('',(2.270466625538E1,-3.047740073218E0,
-1.674069503703E1));
#3285=CARTESIAN_POINT('',(2.265229223046E1,-2.969769956091E0,
-1.672948204993E1));
#3286=CARTESIAN_POINT('',(2.257330971392E1,-2.909160537236E0,
-1.670327709861E1));
#3287=CARTESIAN_POINT('',(2.247448734689E1,-2.867877573167E0,
-1.665261227179E1));
#3288=CARTESIAN_POINT('',(2.237041496448E1,-2.852376039584E0,
-1.656984617278E1));
#3289=CARTESIAN_POINT('',(2.228587697605E1,-2.867405900212E0,
-1.646457270186E1));
#3290=CARTESIAN_POINT('',(2.223392522638E1,-2.910102595969E0,
-1.636277010463E1));
#3291=CARTESIAN_POINT('',(2.220812477856E1,-2.972236492593E0,
-1.628355146866E1));
#3292=CARTESIAN_POINT('',(2.219739728819E1,-3.049959608309E0,
-1.623279732040E1));
#3293=CARTESIAN_POINT('',(2.219564738410E1,-3.105261471785E0,
-1.622133647501E1));
#3294=CARTESIAN_POINT('',(2.219564738410E1,-3.13436E0,-1.622133647501E1));
#3296=CARTESIAN_POINT('',(2.35204E1,-3.13436E0,-1.54178E1));
#3297=DIRECTION('',(0.E0,-1.E0,0.E0));
#3298=DIRECTION('',(-8.550100786732E-1,0.E0,5.186113818335E-1));
#3299=AXIS2_PLACEMENT_3D('',#3296,#3297,#3298);
#3301=CARTESIAN_POINT('',(2.35204E1,-3.13436E0,-1.54178E1));
#3302=DIRECTION('',(0.E0,-1.E0,0.E0));
#3303=DIRECTION('',(0.E0,0.E0,1.E0));
#3304=AXIS2_PLACEMENT_3D('',#3301,#3302,#3303);
#3306=DIRECTION('',(0.E0,-1.E0,0.E0));
#3307=VECTOR('',#3306,2.1844E-1);
#3308=CARTESIAN_POINT('',(2.35204E1,-3.13436E0,-1.27508E1));
#3309=LINE('',#3308,#3307);
#3310=CARTESIAN_POINT('',(2.35204E1,-3.13436E0,-1.54178E1));
#3311=DIRECTION('',(0.E0,1.E0,0.E0));
#3312=DIRECTION('',(0.E0,0.E0,1.E0));
#3313=AXIS2_PLACEMENT_3D('',#3310,#3311,#3312);
#3315=DIRECTION('',(0.E0,-1.E0,0.E0));
#3316=VECTOR('',#3315,2.1844E-1);
#3317=CARTESIAN_POINT('',(2.35204E1,-3.13436E0,-1.80848E1));
#3318=LINE('',#3317,#3316);
#3319=CARTESIAN_POINT('',(2.40284E1,-2.57556E0,-1.70561E1));
#3320=DIRECTION('',(1.E0,0.E0,0.E0));
#3321=DIRECTION('',(0.E0,1.E0,0.E0));
#3322=AXIS2_PLACEMENT_3D('',#3319,#3320,#3321);
#3324=DIRECTION('',(0.E0,0.E0,1.E0));
#3325=VECTOR('',#3324,6.096E-2);
#3326=CARTESIAN_POINT('',(2.40284E1,-1.95072E0,-1.711706E1));
#3327=LINE('',#3326,#3325);
#3328=DIRECTION('',(0.E0,1.E0,0.E0));
#3329=VECTOR('',#3328,3.2004E-1);
#3330=CARTESIAN_POINT('',(2.40284E1,-2.27076E0,-1.711706E1));
#3331=LINE('',#3330,#3329);
#3332=DIRECTION('',(0.E0,0.E0,-1.E0));
#3333=VECTOR('',#3332,6.096E-2);
#3334=CARTESIAN_POINT('',(2.40284E1,-2.27076E0,-1.70561E1));
#3335=LINE('',#3334,#3333);
#3336=CARTESIAN_POINT('',(2.40284E1,-2.57556E0,-1.70561E1));
#3337=DIRECTION('',(-1.E0,0.E0,0.E0));
#3338=DIRECTION('',(0.E0,0.E0,1.E0));
#3339=AXIS2_PLACEMENT_3D('',#3336,#3337,#3338);
#3341=DIRECTION('',(1.E0,0.E0,0.E0));
#3342=VECTOR('',#3341,1.016E0);
#3343=CARTESIAN_POINT('',(2.30124E1,-1.95072E0,-1.70561E1));
#3344=LINE('',#3343,#3342);
#3345=DIRECTION('',(1.E0,0.E0,0.E0));
#3346=VECTOR('',#3345,1.016E0);
#3347=CARTESIAN_POINT('',(2.30124E1,-2.57556E0,-1.643126E1));
#3348=LINE('',#3347,#3346);
#3349=DIRECTION('',(0.E0,-1.E0,0.E0));
#3350=VECTOR('',#3349,7.7724E-1);
#3351=CARTESIAN_POINT('',(2.28219E1,-2.57556E0,-1.643126E1));
#3352=LINE('',#3351,#3350);
#3353=DIRECTION('',(0.E0,-1.E0,0.E0));
#3354=VECTOR('',#3353,7.7724E-1);
#3355=CARTESIAN_POINT('',(2.42189E1,-2.57556E0,-1.643126E1));
#3356=LINE('',#3355,#3354);
#3357=DIRECTION('',(0.E0,-1.E0,0.E0));
#3358=VECTOR('',#3357,7.7724E-1);
#3359=CARTESIAN_POINT('',(2.453386E1,-2.57556E0,-1.61163E1));
#3360=LINE('',#3359,#3358);
#3361=DIRECTION('',(0.E0,-1.E0,0.E0));
#3362=VECTOR('',#3361,7.7724E-1);
#3363=CARTESIAN_POINT('',(2.453386E1,-2.57556E0,-1.47193E1));
#3364=LINE('',#3363,#3362);
#3365=DIRECTION('',(0.E0,-1.E0,0.E0));
#3366=VECTOR('',#3365,7.7724E-1);
#3367=CARTESIAN_POINT('',(2.42189E1,-2.57556E0,-1.440434E1));
#3368=LINE('',#3367,#3366);
#3369=DIRECTION('',(2.285467602543E-14,-1.E0,0.E0));
#3370=VECTOR('',#3369,7.7724E-1);
#3371=CARTESIAN_POINT('',(2.28219E1,-2.57556E0,-1.440434E1));
#3372=LINE('',#3371,#3370);
#3373=DIRECTION('',(0.E0,-1.E0,0.E0));
#3374=VECTOR('',#3373,7.7724E-1);
#3375=CARTESIAN_POINT('',(2.250694E1,-2.57556E0,-1.47193E1));
#3376=LINE('',#3375,#3374);
#3377=DIRECTION('',(0.E0,-1.E0,0.E0));
#3378=VECTOR('',#3377,7.7724E-1);
#3379=CARTESIAN_POINT('',(2.250694E1,-2.57556E0,-1.61163E1));
#3380=LINE('',#3379,#3378);
#3381=DIRECTION('',(1.E0,0.E0,0.E0));
#3382=VECTOR('',#3381,1.016E0);
#3383=CARTESIAN_POINT('',(2.30124E1,-1.95072E0,-1.711706E1));
#3384=LINE('',#3383,#3382);
#3385=DIRECTION('',(1.E0,0.E0,0.E0));
#3386=VECTOR('',#3385,1.016E0);
#3387=CARTESIAN_POINT('',(2.30124E1,-2.27076E0,-1.711706E1));
#3388=LINE('',#3387,#3386);
#3389=DIRECTION('',(1.E0,0.E0,0.E0));
#3390=VECTOR('',#3389,1.016E0);
#3391=CARTESIAN_POINT('',(2.30124E1,-2.27076E0,-1.70561E1));
#3392=LINE('',#3391,#3390);
#3393=DIRECTION('',(0.E0,-1.E0,0.E0));
#3394=VECTOR('',#3393,2.1844E-1);
#3395=CARTESIAN_POINT('',(-2.219564738410E1,-3.13436E0,-1.622133647501E1));
#3396=LINE('',#3395,#3394);
#3397=DIRECTION('',(0.E0,-1.E0,0.E0));
#3398=VECTOR('',#3397,2.1844E-1);
#3399=CARTESIAN_POINT('',(-2.219564738410E1,-3.13436E0,-1.461426352499E1));
#3400=LINE('',#3399,#3398);
#3401=DIRECTION('',(0.E0,-1.E0,0.E0));
#3402=VECTOR('',#3401,2.1844E-1);
#3403=CARTESIAN_POINT('',(-2.484515261590E1,-3.13436E0,-1.622133647501E1));
#3404=LINE('',#3403,#3402);
#3405=DIRECTION('',(0.E0,-1.E0,0.E0));
#3406=VECTOR('',#3405,2.1844E-1);
#3407=CARTESIAN_POINT('',(-2.484515261590E1,-3.13436E0,-1.461426352499E1));
#3408=LINE('',#3407,#3406);
#3409=DIRECTION('',(0.E0,-1.E0,0.E0));
#3410=VECTOR('',#3409,2.1844E-1);
#3411=CARTESIAN_POINT('',(-2.271686352499E1,-3.13436E0,-1.674255261590E1));
#3412=LINE('',#3411,#3410);
#3413=CARTESIAN_POINT('',(-2.35204E1,-3.3528E0,-1.54178E1));
#3414=DIRECTION('',(0.E0,1.E0,0.E0));
#3415=DIRECTION('',(5.186113818335E-1,0.E0,-8.550100786732E-1));
#3416=AXIS2_PLACEMENT_3D('',#3413,#3414,#3415);
#3418=DIRECTION('',(0.E0,-1.E0,0.E0));
#3419=VECTOR('',#3418,2.1844E-1);
#3420=CARTESIAN_POINT('',(-2.432393647501E1,-3.13436E0,-1.674255261590E1));
#3421=LINE('',#3420,#3419);
#3422=CARTESIAN_POINT('',(-2.35204E1,-3.3528E0,-1.54178E1));
#3423=DIRECTION('',(0.E0,1.E0,0.E0));
#3424=DIRECTION('',(-5.186113818335E-1,0.E0,8.550100786732E-1));
#3425=AXIS2_PLACEMENT_3D('',#3422,#3423,#3424);
#3427=DIRECTION('',(0.E0,-1.E0,0.E0));
#3428=VECTOR('',#3427,2.1844E-1);
#3429=CARTESIAN_POINT('',(-2.271686352499E1,-3.13436E0,-1.409304738410E1));
#3430=LINE('',#3429,#3428);
#3431=DIRECTION('',(0.E0,-1.E0,0.E0));
#3432=VECTOR('',#3431,2.1844E-1);
#3433=CARTESIAN_POINT('',(-2.432393647501E1,-3.13436E0,-1.409304738410E1));
#3434=LINE('',#3433,#3432);
#3435=CARTESIAN_POINT('',(-2.432393647501E1,-3.13436E0,-1.674255261590E1));
#3436=CARTESIAN_POINT('',(-2.432393647501E1,-3.104329314480E0,
-1.674255261590E1));
#3437=CARTESIAN_POINT('',(-2.433613374462E1,-3.047740073218E0,
-1.674069503703E1));
#3438=CARTESIAN_POINT('',(-2.438850776954E1,-2.969769956091E0,
-1.672948204993E1));
#3439=CARTESIAN_POINT('',(-2.446749028608E1,-2.909160537236E0,
-1.670327709861E1));
#3440=CARTESIAN_POINT('',(-2.456631265311E1,-2.867877573167E0,
-1.665261227179E1));
#3441=CARTESIAN_POINT('',(-2.467038503552E1,-2.852376039584E0,
-1.656984617278E1));
#3442=CARTESIAN_POINT('',(-2.475492302395E1,-2.867405900212E0,
-1.646457270186E1));
#3443=CARTESIAN_POINT('',(-2.480687477362E1,-2.910102595969E0,
-1.636277010463E1));
#3444=CARTESIAN_POINT('',(-2.483267522144E1,-2.972236492593E0,
-1.628355146866E1));
#3445=CARTESIAN_POINT('',(-2.484340271181E1,-3.049959608309E0,
-1.623279732040E1));
#3446=CARTESIAN_POINT('',(-2.484515261590E1,-3.105261471785E0,
-1.622133647501E1));
#3447=CARTESIAN_POINT('',(-2.484515261590E1,-3.13436E0,-1.622133647501E1));
#3449=CARTESIAN_POINT('',(-2.35204E1,-3.13436E0,-1.54178E1));
#3450=DIRECTION('',(0.E0,-1.E0,0.E0));
#3451=DIRECTION('',(-8.550100786732E-1,0.E0,5.186113818335E-1));
#3452=AXIS2_PLACEMENT_3D('',#3449,#3450,#3451);
#3454=CARTESIAN_POINT('',(-2.484515261590E1,-3.13436E0,-1.461426352499E1));
#3455=CARTESIAN_POINT('',(-2.484515261590E1,-3.104318933992E0,
-1.461426352499E1));
#3456=CARTESIAN_POINT('',(-2.484329857732E1,-3.047707429717E0,
-1.460207845175E1));
#3457=CARTESIAN_POINT('',(-2.483203725948E1,-2.969517638020E0,
-1.454948534471E1));
#3458=CARTESIAN_POINT('',(-2.480574016626E1,-2.909052498887E0,
-1.447042898821E1));
#3459=CARTESIAN_POINT('',(-2.475547665100E1,-2.868126223534E0,
-1.437245803002E1));
#3460=CARTESIAN_POINT('',(-2.467372390665E1,-2.852431753337E0,
-1.426916812811E1));
#3461=CARTESIAN_POINT('',(-2.456854237881E1,-2.866965011306E0,
-1.418407920856E1));
#3462=CARTESIAN_POINT('',(-2.446560632820E1,-2.909872533384E0,
-1.413137165349E1));
#3463=CARTESIAN_POINT('',(-2.438617269778E1,-2.972242516096E0,
-1.410553926912E1));
#3464=CARTESIAN_POINT('',(-2.433552669202E1,-3.049683024489E0,
-1.409481969246E1));
#3465=CARTESIAN_POINT('',(-2.432393647501E1,-3.105149062735E0,
-1.409304738410E1));
#3466=CARTESIAN_POINT('',(-2.432393647501E1,-3.13436E0,-1.409304738410E1));
#3468=CARTESIAN_POINT('',(-2.35204E1,-3.13436E0,-1.54178E1));
#3469=DIRECTION('',(0.E0,-1.E0,0.E0));
#3470=DIRECTION('',(0.E0,0.E0,1.E0));
#3471=AXIS2_PLACEMENT_3D('',#3468,#3469,#3470);
#3473=CARTESIAN_POINT('',(-2.35204E1,-3.13436E0,-1.54178E1));
#3474=DIRECTION('',(0.E0,-1.E0,0.E0));
#3475=DIRECTION('',(-5.186113818335E-1,0.E0,-8.550100786732E-1));
#3476=AXIS2_PLACEMENT_3D('',#3473,#3474,#3475);
#3478=DIRECTION('',(0.E0,-1.E0,0.E0));
#3479=VECTOR('',#3478,4.2418E0);
#3480=CARTESIAN_POINT('',(-1.62306E1,-5.207E0,-1.68402E1));
#3481=LINE('',#3480,#3479);
#3482=DIRECTION('',(0.E0,-1.E0,0.E0));
#3483=VECTOR('',#3482,4.2418E0);
#3484=CARTESIAN_POINT('',(-1.6891E1,-5.207E0,-1.68402E1));
#3485=LINE('',#3484,#3483);
#3486=CARTESIAN_POINT('',(-1.65608E1,-9.4488E0,-1.68402E1));
#3487=DIRECTION('',(0.E0,-1.E0,0.E0));
#3488=DIRECTION('',(1.E0,0.E0,0.E0));
#3489=AXIS2_PLACEMENT_3D('',#3486,#3487,#3488);
#3491=CARTESIAN_POINT('',(-1.65608E1,-9.4488E0,-1.68402E1));
#3492=DIRECTION('',(0.E0,-1.E0,0.E0));
#3493=DIRECTION('',(-1.E0,0.E0,0.E0));
#3494=AXIS2_PLACEMENT_3D('',#3491,#3492,#3493);
#3496=DIRECTION('',(0.E0,-1.E0,0.E0));
#3497=VECTOR('',#3496,4.2418E0);
#3498=CARTESIAN_POINT('',(-1.3462E1,-5.207E0,-1.68402E1));
#3499=LINE('',#3498,#3497);
#3500=DIRECTION('',(0.E0,-1.E0,0.E0));
#3501=VECTOR('',#3500,4.2418E0);
#3502=CARTESIAN_POINT('',(-1.41224E1,-5.207E0,-1.68402E1));
#3503=LINE('',#3502,#3501);
#3504=CARTESIAN_POINT('',(-1.37922E1,-9.4488E0,-1.68402E1));
#3505=DIRECTION('',(0.E0,-1.E0,0.E0));
#3506=DIRECTION('',(1.E0,0.E0,0.E0));
#3507=AXIS2_PLACEMENT_3D('',#3504,#3505,#3506);
#3509=CARTESIAN_POINT('',(-1.37922E1,-9.4488E0,-1.68402E1));
#3510=DIRECTION('',(0.E0,-1.E0,0.E0));
#3511=DIRECTION('',(-1.E0,0.E0,0.E0));
#3512=AXIS2_PLACEMENT_3D('',#3509,#3510,#3511);
#3514=DIRECTION('',(0.E0,-1.E0,0.E0));
#3515=VECTOR('',#3514,4.2418E0);
#3516=CARTESIAN_POINT('',(-1.06934E1,-5.207E0,-1.68402E1));
#3517=LINE('',#3516,#3515);
#3518=DIRECTION('',(0.E0,-1.E0,0.E0));
#3519=VECTOR('',#3518,4.2418E0);
#3520=CARTESIAN_POINT('',(-1.13538E1,-5.207E0,-1.68402E1));
#3521=LINE('',#3520,#3519);
#3522=CARTESIAN_POINT('',(-1.10236E1,-9.4488E0,-1.68402E1));
#3523=DIRECTION('',(0.E0,-1.E0,0.E0));
#3524=DIRECTION('',(1.E0,0.E0,0.E0));
#3525=AXIS2_PLACEMENT_3D('',#3522,#3523,#3524);
#3527=CARTESIAN_POINT('',(-1.10236E1,-9.4488E0,-1.68402E1));
#3528=DIRECTION('',(0.E0,-1.E0,0.E0));
#3529=DIRECTION('',(-1.E0,0.E0,0.E0));
#3530=AXIS2_PLACEMENT_3D('',#3527,#3528,#3529);
#3532=DIRECTION('',(0.E0,-1.E0,0.E0));
#3533=VECTOR('',#3532,4.2418E0);
#3534=CARTESIAN_POINT('',(-7.9248E0,-5.207E0,-1.68402E1));
#3535=LINE('',#3534,#3533);
#3536=DIRECTION('',(0.E0,-1.E0,0.E0));
#3537=VECTOR('',#3536,4.2418E0);
#3538=CARTESIAN_POINT('',(-8.5852E0,-5.207E0,-1.68402E1));
#3539=LINE('',#3538,#3537);
#3540=CARTESIAN_POINT('',(-8.255E0,-9.4488E0,-1.68402E1));
#3541=DIRECTION('',(0.E0,-1.E0,0.E0));
#3542=DIRECTION('',(1.E0,0.E0,0.E0));
#3543=AXIS2_PLACEMENT_3D('',#3540,#3541,#3542);
#3545=CARTESIAN_POINT('',(-8.255E0,-9.4488E0,-1.68402E1));
#3546=DIRECTION('',(0.E0,-1.E0,0.E0));
#3547=DIRECTION('',(-1.E0,0.E0,0.E0));
#3548=AXIS2_PLACEMENT_3D('',#3545,#3546,#3547);
#3550=DIRECTION('',(0.E0,-1.E0,0.E0));
#3551=VECTOR('',#3550,4.2418E0);
#3552=CARTESIAN_POINT('',(-5.1562E0,-5.207E0,-1.68402E1));
#3553=LINE('',#3552,#3551);
#3554=DIRECTION('',(0.E0,-1.E0,0.E0));
#3555=VECTOR('',#3554,4.2418E0);
#3556=CARTESIAN_POINT('',(-5.8166E0,-5.207E0,-1.68402E1));
#3557=LINE('',#3556,#3555);
#3558=CARTESIAN_POINT('',(-5.4864E0,-9.4488E0,-1.68402E1));
#3559=DIRECTION('',(0.E0,-1.E0,0.E0));
#3560=DIRECTION('',(1.E0,0.E0,0.E0));
#3561=AXIS2_PLACEMENT_3D('',#3558,#3559,#3560);
#3563=CARTESIAN_POINT('',(-5.4864E0,-9.4488E0,-1.68402E1));
#3564=DIRECTION('',(0.E0,-1.E0,0.E0));
#3565=DIRECTION('',(-1.E0,0.E0,0.E0));
#3566=AXIS2_PLACEMENT_3D('',#3563,#3564,#3565);
#3568=DIRECTION('',(0.E0,-1.E0,0.E0));
#3569=VECTOR('',#3568,4.2418E0);
#3570=CARTESIAN_POINT('',(-2.3876E0,-5.207E0,-1.68402E1));
#3571=LINE('',#3570,#3569);
#3572=DIRECTION('',(0.E0,-1.E0,0.E0));
#3573=VECTOR('',#3572,4.2418E0);
#3574=CARTESIAN_POINT('',(-3.048E0,-5.207E0,-1.68402E1));
#3575=LINE('',#3574,#3573);
#3576=CARTESIAN_POINT('',(-2.7178E0,-9.4488E0,-1.68402E1));
#3577=DIRECTION('',(0.E0,-1.E0,0.E0));
#3578=DIRECTION('',(1.E0,0.E0,0.E0));
#3579=AXIS2_PLACEMENT_3D('',#3576,#3577,#3578);
#3581=CARTESIAN_POINT('',(-2.7178E0,-9.4488E0,-1.68402E1));
#3582=DIRECTION('',(0.E0,-1.E0,0.E0));
#3583=DIRECTION('',(-1.E0,0.E0,0.E0));
#3584=AXIS2_PLACEMENT_3D('',#3581,#3582,#3583);
#3586=DIRECTION('',(0.E0,-1.E0,0.E0));
#3587=VECTOR('',#3586,4.2418E0);
#3588=CARTESIAN_POINT('',(3.81E-1,-5.207E0,-1.68402E1));
#3589=LINE('',#3588,#3587);
#3590=DIRECTION('',(0.E0,-1.E0,0.E0));
#3591=VECTOR('',#3590,4.2418E0);
#3592=CARTESIAN_POINT('',(-2.794E-1,-5.207E0,-1.68402E1));
#3593=LINE('',#3592,#3591);
#3594=CARTESIAN_POINT('',(5.08E-2,-9.4488E0,-1.68402E1));
#3595=DIRECTION('',(0.E0,-1.E0,0.E0));
#3596=DIRECTION('',(1.E0,0.E0,0.E0));
#3597=AXIS2_PLACEMENT_3D('',#3594,#3595,#3596);
#3599=CARTESIAN_POINT('',(5.08E-2,-9.4488E0,-1.68402E1));
#3600=DIRECTION('',(0.E0,-1.E0,0.E0));
#3601=DIRECTION('',(-1.E0,0.E0,0.E0));
#3602=AXIS2_PLACEMENT_3D('',#3599,#3600,#3601);
#3604=DIRECTION('',(0.E0,-1.E0,0.E0));
#3605=VECTOR('',#3604,4.2418E0);
#3606=CARTESIAN_POINT('',(3.1496E0,-5.207E0,-1.68402E1));
#3607=LINE('',#3606,#3605);
#3608=DIRECTION('',(0.E0,-1.E0,0.E0));
#3609=VECTOR('',#3608,4.2418E0);
#3610=CARTESIAN_POINT('',(2.4892E0,-5.207E0,-1.68402E1));
#3611=LINE('',#3610,#3609);
#3612=CARTESIAN_POINT('',(2.8194E0,-9.4488E0,-1.68402E1));
#3613=DIRECTION('',(0.E0,-1.E0,0.E0));
#3614=DIRECTION('',(1.E0,0.E0,0.E0));
#3615=AXIS2_PLACEMENT_3D('',#3612,#3613,#3614);
#3617=CARTESIAN_POINT('',(2.8194E0,-9.4488E0,-1.68402E1));
#3618=DIRECTION('',(0.E0,-1.E0,0.E0));
#3619=DIRECTION('',(-1.E0,0.E0,0.E0));
#3620=AXIS2_PLACEMENT_3D('',#3617,#3618,#3619);
#3622=DIRECTION('',(0.E0,-1.E0,0.E0));
#3623=VECTOR('',#3622,4.2418E0);
#3624=CARTESIAN_POINT('',(5.9182E0,-5.207E0,-1.68402E1));
#3625=LINE('',#3624,#3623);
#3626=DIRECTION('',(0.E0,-1.E0,0.E0));
#3627=VECTOR('',#3626,4.2418E0);
#3628=CARTESIAN_POINT('',(5.2578E0,-5.207E0,-1.68402E1));
#3629=LINE('',#3628,#3627);
#3630=CARTESIAN_POINT('',(5.588E0,-9.4488E0,-1.68402E1));
#3631=DIRECTION('',(0.E0,-1.E0,0.E0));
#3632=DIRECTION('',(1.E0,0.E0,0.E0));
#3633=AXIS2_PLACEMENT_3D('',#3630,#3631,#3632);
#3635=CARTESIAN_POINT('',(5.588E0,-9.4488E0,-1.68402E1));
#3636=DIRECTION('',(0.E0,-1.E0,0.E0));
#3637=DIRECTION('',(-1.E0,0.E0,0.E0));
#3638=AXIS2_PLACEMENT_3D('',#3635,#3636,#3637);
#3640=DIRECTION('',(0.E0,-1.E0,0.E0));
#3641=VECTOR('',#3640,4.2418E0);
#3642=CARTESIAN_POINT('',(8.6868E0,-5.207E0,-1.68402E1));
#3643=LINE('',#3642,#3641);
#3644=DIRECTION('',(0.E0,-1.E0,0.E0));
#3645=VECTOR('',#3644,4.2418E0);
#3646=CARTESIAN_POINT('',(8.0264E0,-5.207E0,-1.68402E1));
#3647=LINE('',#3646,#3645);
#3648=CARTESIAN_POINT('',(8.3566E0,-9.4488E0,-1.68402E1));
#3649=DIRECTION('',(0.E0,-1.E0,0.E0));
#3650=DIRECTION('',(1.E0,0.E0,0.E0));
#3651=AXIS2_PLACEMENT_3D('',#3648,#3649,#3650);
#3653=CARTESIAN_POINT('',(8.3566E0,-9.4488E0,-1.68402E1));
#3654=DIRECTION('',(0.E0,-1.E0,0.E0));
#3655=DIRECTION('',(-1.E0,0.E0,0.E0));
#3656=AXIS2_PLACEMENT_3D('',#3653,#3654,#3655);
#3658=DIRECTION('',(0.E0,-1.E0,0.E0));
#3659=VECTOR('',#3658,4.2418E0);
#3660=CARTESIAN_POINT('',(1.14554E1,-5.207E0,-1.68402E1));
#3661=LINE('',#3660,#3659);
#3662=DIRECTION('',(0.E0,-1.E0,0.E0));
#3663=VECTOR('',#3662,4.2418E0);
#3664=CARTESIAN_POINT('',(1.0795E1,-5.207E0,-1.68402E1));
#3665=LINE('',#3664,#3663);
#3666=CARTESIAN_POINT('',(1.11252E1,-9.4488E0,-1.68402E1));
#3667=DIRECTION('',(0.E0,-1.E0,0.E0));
#3668=DIRECTION('',(1.E0,0.E0,0.E0));
#3669=AXIS2_PLACEMENT_3D('',#3666,#3667,#3668);
#3671=CARTESIAN_POINT('',(1.11252E1,-9.4488E0,-1.68402E1));
#3672=DIRECTION('',(0.E0,-1.E0,0.E0));
#3673=DIRECTION('',(-1.E0,0.E0,0.E0));
#3674=AXIS2_PLACEMENT_3D('',#3671,#3672,#3673);
#3676=DIRECTION('',(0.E0,-1.E0,0.E0));
#3677=VECTOR('',#3676,4.2418E0);
#3678=CARTESIAN_POINT('',(1.4224E1,-5.207E0,-1.68402E1));
#3679=LINE('',#3678,#3677);
#3680=DIRECTION('',(0.E0,-1.E0,0.E0));
#3681=VECTOR('',#3680,4.2418E0);
#3682=CARTESIAN_POINT('',(1.35636E1,-5.207E0,-1.68402E1));
#3683=LINE('',#3682,#3681);
#3684=CARTESIAN_POINT('',(1.38938E1,-9.4488E0,-1.68402E1));
#3685=DIRECTION('',(0.E0,-1.E0,0.E0));
#3686=DIRECTION('',(1.E0,0.E0,0.E0));
#3687=AXIS2_PLACEMENT_3D('',#3684,#3685,#3686);
#3689=CARTESIAN_POINT('',(1.38938E1,-9.4488E0,-1.68402E1));
#3690=DIRECTION('',(0.E0,-1.E0,0.E0));
#3691=DIRECTION('',(-1.E0,0.E0,0.E0));
#3692=AXIS2_PLACEMENT_3D('',#3689,#3690,#3691);
#3694=DIRECTION('',(0.E0,-1.E0,0.E0));
#3695=VECTOR('',#3694,4.2418E0);
#3696=CARTESIAN_POINT('',(1.69926E1,-5.207E0,-1.68402E1));
#3697=LINE('',#3696,#3695);
#3698=DIRECTION('',(0.E0,-1.E0,0.E0));
#3699=VECTOR('',#3698,4.2418E0);
#3700=CARTESIAN_POINT('',(1.63322E1,-5.207E0,-1.68402E1));
#3701=LINE('',#3700,#3699);
#3702=CARTESIAN_POINT('',(1.66624E1,-9.4488E0,-1.68402E1));
#3703=DIRECTION('',(0.E0,-1.E0,0.E0));
#3704=DIRECTION('',(1.E0,0.E0,0.E0));
#3705=AXIS2_PLACEMENT_3D('',#3702,#3703,#3704);
#3707=CARTESIAN_POINT('',(1.66624E1,-9.4488E0,-1.68402E1));
#3708=DIRECTION('',(0.E0,-1.E0,0.E0));
#3709=DIRECTION('',(-1.E0,0.E0,0.E0));
#3710=AXIS2_PLACEMENT_3D('',#3707,#3708,#3709);
#3712=DIRECTION('',(0.E0,-1.E0,0.E0));
#3713=VECTOR('',#3712,4.2418E0);
#3714=CARTESIAN_POINT('',(-1.486408E1,-5.207E0,-1.39954E1));
#3715=LINE('',#3714,#3713);
#3716=DIRECTION('',(0.E0,-1.E0,0.E0));
#3717=VECTOR('',#3716,4.2418E0);
#3718=CARTESIAN_POINT('',(-1.549908E1,-5.207E0,-1.39954E1));
#3719=LINE('',#3718,#3717);
#3720=CARTESIAN_POINT('',(-1.518158E1,-9.4488E0,-1.39954E1));
#3721=DIRECTION('',(0.E0,-1.E0,0.E0));
#3722=DIRECTION('',(1.E0,0.E0,0.E0));
#3723=AXIS2_PLACEMENT_3D('',#3720,#3721,#3722);
#3725=CARTESIAN_POINT('',(-1.518158E1,-9.4488E0,-1.39954E1));
#3726=DIRECTION('',(0.E0,-1.E0,0.E0));
#3727=DIRECTION('',(-1.E0,0.E0,0.E0));
#3728=AXIS2_PLACEMENT_3D('',#3725,#3726,#3727);
#3730=DIRECTION('',(0.E0,-1.E0,0.E0));
#3731=VECTOR('',#3730,4.2418E0);
#3732=CARTESIAN_POINT('',(-1.209548E1,-5.207E0,-1.39954E1));
#3733=LINE('',#3732,#3731);
#3734=DIRECTION('',(0.E0,-1.E0,0.E0));
#3735=VECTOR('',#3734,4.2418E0);
#3736=CARTESIAN_POINT('',(-1.273048E1,-5.207E0,-1.39954E1));
#3737=LINE('',#3736,#3735);
#3738=CARTESIAN_POINT('',(-1.241298E1,-9.4488E0,-1.39954E1));
#3739=DIRECTION('',(0.E0,-1.E0,0.E0));
#3740=DIRECTION('',(1.E0,0.E0,0.E0));
#3741=AXIS2_PLACEMENT_3D('',#3738,#3739,#3740);
#3743=CARTESIAN_POINT('',(-1.241298E1,-9.4488E0,-1.39954E1));
#3744=DIRECTION('',(0.E0,-1.E0,0.E0));
#3745=DIRECTION('',(-1.E0,0.E0,0.E0));
#3746=AXIS2_PLACEMENT_3D('',#3743,#3744,#3745);
#3748=DIRECTION('',(0.E0,-1.E0,0.E0));
#3749=VECTOR('',#3748,4.2418E0);
#3750=CARTESIAN_POINT('',(-9.32688E0,-5.207E0,-1.39954E1));
#3751=LINE('',#3750,#3749);
#3752=DIRECTION('',(0.E0,-1.E0,0.E0));
#3753=VECTOR('',#3752,4.2418E0);
#3754=CARTESIAN_POINT('',(-9.96188E0,-5.207E0,-1.39954E1));
#3755=LINE('',#3754,#3753);
#3756=CARTESIAN_POINT('',(-9.64438E0,-9.4488E0,-1.39954E1));
#3757=DIRECTION('',(0.E0,-1.E0,0.E0));
#3758=DIRECTION('',(1.E0,0.E0,0.E0));
#3759=AXIS2_PLACEMENT_3D('',#3756,#3757,#3758);
#3761=CARTESIAN_POINT('',(-9.64438E0,-9.4488E0,-1.39954E1));
#3762=DIRECTION('',(0.E0,-1.E0,0.E0));
#3763=DIRECTION('',(-1.E0,0.E0,0.E0));
#3764=AXIS2_PLACEMENT_3D('',#3761,#3762,#3763);
#3766=DIRECTION('',(0.E0,-1.E0,0.E0));
#3767=VECTOR('',#3766,4.2418E0);
#3768=CARTESIAN_POINT('',(-6.55828E0,-5.207E0,-1.39954E1));
#3769=LINE('',#3768,#3767);
#3770=DIRECTION('',(0.E0,-1.E0,0.E0));
#3771=VECTOR('',#3770,4.2418E0);
#3772=CARTESIAN_POINT('',(-7.19328E0,-5.207E0,-1.39954E1));
#3773=LINE('',#3772,#3771);
#3774=CARTESIAN_POINT('',(-6.87578E0,-9.4488E0,-1.39954E1));
#3775=DIRECTION('',(0.E0,-1.E0,0.E0));
#3776=DIRECTION('',(1.E0,0.E0,0.E0));
#3777=AXIS2_PLACEMENT_3D('',#3774,#3775,#3776);
#3779=CARTESIAN_POINT('',(-6.87578E0,-9.4488E0,-1.39954E1));
#3780=DIRECTION('',(0.E0,-1.E0,0.E0));
#3781=DIRECTION('',(-1.E0,0.E0,0.E0));
#3782=AXIS2_PLACEMENT_3D('',#3779,#3780,#3781);
#3784=DIRECTION('',(0.E0,-1.E0,0.E0));
#3785=VECTOR('',#3784,4.2418E0);
#3786=CARTESIAN_POINT('',(-3.78968E0,-5.207E0,-1.39954E1));
#3787=LINE('',#3786,#3785);
#3788=DIRECTION('',(0.E0,-1.E0,0.E0));
#3789=VECTOR('',#3788,4.2418E0);
#3790=CARTESIAN_POINT('',(-4.42468E0,-5.207E0,-1.39954E1));
#3791=LINE('',#3790,#3789);
#3792=CARTESIAN_POINT('',(-4.10718E0,-9.4488E0,-1.39954E1));
#3793=DIRECTION('',(0.E0,-1.E0,0.E0));
#3794=DIRECTION('',(1.E0,0.E0,0.E0));
#3795=AXIS2_PLACEMENT_3D('',#3792,#3793,#3794);
#3797=CARTESIAN_POINT('',(-4.10718E0,-9.4488E0,-1.39954E1));
#3798=DIRECTION('',(0.E0,-1.E0,0.E0));
#3799=DIRECTION('',(-1.E0,0.E0,0.E0));
#3800=AXIS2_PLACEMENT_3D('',#3797,#3798,#3799);
#3802=DIRECTION('',(0.E0,-1.E0,0.E0));
#3803=VECTOR('',#3802,4.2418E0);
#3804=CARTESIAN_POINT('',(-1.02108E0,-5.207E0,-1.39954E1));
#3805=LINE('',#3804,#3803);
#3806=DIRECTION('',(0.E0,-1.E0,0.E0));
#3807=VECTOR('',#3806,4.2418E0);
#3808=CARTESIAN_POINT('',(-1.65608E0,-5.207E0,-1.39954E1));
#3809=LINE('',#3808,#3807);
#3810=CARTESIAN_POINT('',(-1.33858E0,-9.4488E0,-1.39954E1));
#3811=DIRECTION('',(0.E0,-1.E0,0.E0));
#3812=DIRECTION('',(1.E0,0.E0,0.E0));
#3813=AXIS2_PLACEMENT_3D('',#3810,#3811,#3812);
#3815=CARTESIAN_POINT('',(-1.33858E0,-9.4488E0,-1.39954E1));
#3816=DIRECTION('',(0.E0,-1.E0,0.E0));
#3817=DIRECTION('',(-1.E0,0.E0,0.E0));
#3818=AXIS2_PLACEMENT_3D('',#3815,#3816,#3817);
#3820=DIRECTION('',(0.E0,-1.E0,0.E0));
#3821=VECTOR('',#3820,4.2418E0);
#3822=CARTESIAN_POINT('',(1.74752E0,-5.207E0,-1.39954E1));
#3823=LINE('',#3822,#3821);
#3824=DIRECTION('',(0.E0,-1.E0,0.E0));
#3825=VECTOR('',#3824,4.2418E0);
#3826=CARTESIAN_POINT('',(1.11252E0,-5.207E0,-1.39954E1));
#3827=LINE('',#3826,#3825);
#3828=CARTESIAN_POINT('',(1.43002E0,-9.4488E0,-1.39954E1));
#3829=DIRECTION('',(0.E0,-1.E0,0.E0));
#3830=DIRECTION('',(1.E0,0.E0,0.E0));
#3831=AXIS2_PLACEMENT_3D('',#3828,#3829,#3830);
#3833=CARTESIAN_POINT('',(1.43002E0,-9.4488E0,-1.39954E1));
#3834=DIRECTION('',(0.E0,-1.E0,0.E0));
#3835=DIRECTION('',(-1.E0,0.E0,0.E0));
#3836=AXIS2_PLACEMENT_3D('',#3833,#3834,#3835);
#3838=DIRECTION('',(0.E0,-1.E0,0.E0));
#3839=VECTOR('',#3838,4.2418E0);
#3840=CARTESIAN_POINT('',(4.51612E0,-5.207E0,-1.39954E1));
#3841=LINE('',#3840,#3839);
#3842=DIRECTION('',(0.E0,-1.E0,0.E0));
#3843=VECTOR('',#3842,4.2418E0);
#3844=CARTESIAN_POINT('',(3.88112E0,-5.207E0,-1.39954E1));
#3845=LINE('',#3844,#3843);
#3846=CARTESIAN_POINT('',(4.19862E0,-9.4488E0,-1.39954E1));
#3847=DIRECTION('',(0.E0,-1.E0,0.E0));
#3848=DIRECTION('',(1.E0,0.E0,0.E0));
#3849=AXIS2_PLACEMENT_3D('',#3846,#3847,#3848);
#3851=CARTESIAN_POINT('',(4.19862E0,-9.4488E0,-1.39954E1));
#3852=DIRECTION('',(0.E0,-1.E0,0.E0));
#3853=DIRECTION('',(-1.E0,0.E0,0.E0));
#3854=AXIS2_PLACEMENT_3D('',#3851,#3852,#3853);
#3856=DIRECTION('',(0.E0,-1.E0,0.E0));
#3857=VECTOR('',#3856,4.2418E0);
#3858=CARTESIAN_POINT('',(7.28472E0,-5.207E0,-1.39954E1));
#3859=LINE('',#3858,#3857);
#3860=DIRECTION('',(0.E0,-1.E0,0.E0));
#3861=VECTOR('',#3860,4.2418E0);
#3862=CARTESIAN_POINT('',(6.64972E0,-5.207E0,-1.39954E1));
#3863=LINE('',#3862,#3861);
#3864=CARTESIAN_POINT('',(6.96722E0,-9.4488E0,-1.39954E1));
#3865=DIRECTION('',(0.E0,-1.E0,0.E0));
#3866=DIRECTION('',(1.E0,0.E0,0.E0));
#3867=AXIS2_PLACEMENT_3D('',#3864,#3865,#3866);
#3869=CARTESIAN_POINT('',(6.96722E0,-9.4488E0,-1.39954E1));
#3870=DIRECTION('',(0.E0,-1.E0,0.E0));
#3871=DIRECTION('',(-1.E0,0.E0,0.E0));
#3872=AXIS2_PLACEMENT_3D('',#3869,#3870,#3871);
#3874=DIRECTION('',(0.E0,-1.E0,0.E0));
#3875=VECTOR('',#3874,4.2418E0);
#3876=CARTESIAN_POINT('',(1.005332E1,-5.207E0,-1.39954E1));
#3877=LINE('',#3876,#3875);
#3878=DIRECTION('',(0.E0,-1.E0,0.E0));
#3879=VECTOR('',#3878,4.2418E0);
#3880=CARTESIAN_POINT('',(9.41832E0,-5.207E0,-1.39954E1));
#3881=LINE('',#3880,#3879);
#3882=CARTESIAN_POINT('',(9.73582E0,-9.4488E0,-1.39954E1));
#3883=DIRECTION('',(0.E0,-1.E0,0.E0));
#3884=DIRECTION('',(1.E0,0.E0,0.E0));
#3885=AXIS2_PLACEMENT_3D('',#3882,#3883,#3884);
#3887=CARTESIAN_POINT('',(9.73582E0,-9.4488E0,-1.39954E1));
#3888=DIRECTION('',(0.E0,-1.E0,0.E0));
#3889=DIRECTION('',(-1.E0,0.E0,0.E0));
#3890=AXIS2_PLACEMENT_3D('',#3887,#3888,#3889);
#3892=DIRECTION('',(0.E0,-1.E0,0.E0));
#3893=VECTOR('',#3892,4.2418E0);
#3894=CARTESIAN_POINT('',(1.282192E1,-5.207E0,-1.39954E1));
#3895=LINE('',#3894,#3893);
#3896=DIRECTION('',(0.E0,-1.E0,0.E0));
#3897=VECTOR('',#3896,4.2418E0);
#3898=CARTESIAN_POINT('',(1.218692E1,-5.207E0,-1.39954E1));
#3899=LINE('',#3898,#3897);
#3900=CARTESIAN_POINT('',(1.250442E1,-9.4488E0,-1.39954E1));
#3901=DIRECTION('',(0.E0,-1.E0,0.E0));
#3902=DIRECTION('',(1.E0,0.E0,0.E0));
#3903=AXIS2_PLACEMENT_3D('',#3900,#3901,#3902);
#3905=CARTESIAN_POINT('',(1.250442E1,-9.4488E0,-1.39954E1));
#3906=DIRECTION('',(0.E0,-1.E0,0.E0));
#3907=DIRECTION('',(-1.E0,0.E0,0.E0));
#3908=AXIS2_PLACEMENT_3D('',#3905,#3906,#3907);
#3910=DIRECTION('',(0.E0,-1.E0,0.E0));
#3911=VECTOR('',#3910,4.2418E0);
#3912=CARTESIAN_POINT('',(1.559052E1,-5.207E0,-1.39954E1));
#3913=LINE('',#3912,#3911);
#3914=DIRECTION('',(0.E0,-1.E0,0.E0));
#3915=VECTOR('',#3914,4.2418E0);
#3916=CARTESIAN_POINT('',(1.495552E1,-5.207E0,-1.39954E1));
#3917=LINE('',#3916,#3915);
#3918=CARTESIAN_POINT('',(1.527302E1,-9.4488E0,-1.39954E1));
#3919=DIRECTION('',(0.E0,-1.E0,0.E0));
#3920=DIRECTION('',(1.E0,0.E0,0.E0));
#3921=AXIS2_PLACEMENT_3D('',#3918,#3919,#3920);
#3923=CARTESIAN_POINT('',(1.527302E1,-9.4488E0,-1.39954E1));
#3924=DIRECTION('',(0.E0,-1.E0,0.E0));
#3925=DIRECTION('',(-1.E0,0.E0,0.E0));
#3926=AXIS2_PLACEMENT_3D('',#3923,#3924,#3925);
#3928=CARTESIAN_POINT('',(2.35204E1,0.E0,-6.30936E0));
#3929=DIRECTION('',(0.E0,0.E0,1.E0));
#3930=DIRECTION('',(1.E0,0.E0,0.E0));
#3931=AXIS2_PLACEMENT_3D('',#3928,#3929,#3930);
#3933=DIRECTION('',(0.E0,0.E0,-1.E0));
#3934=VECTOR('',#3933,4.1656E-1);
#3935=CARTESIAN_POINT('',(2.54762E1,0.E0,-5.8928E0));
#3936=LINE('',#3935,#3934);
#3937=CARTESIAN_POINT('',(2.35204E1,0.E0,-6.30936E0));
#3938=DIRECTION('',(0.E0,0.E0,1.E0));
#3939=DIRECTION('',(1.E0,0.E0,0.E0));
#3940=AXIS2_PLACEMENT_3D('',#3937,#3938,#3939);
#3942=CARTESIAN_POINT('',(2.35204E1,0.E0,-6.30936E0));
#3943=DIRECTION('',(0.E0,0.E0,1.E0));
#3944=DIRECTION('',(-1.E0,0.E0,0.E0));
#3945=AXIS2_PLACEMENT_3D('',#3942,#3943,#3944);
#3947=CARTESIAN_POINT('',(-2.35204E1,0.E0,-6.30936E0));
#3948=DIRECTION('',(0.E0,0.E0,1.E0));
#3949=DIRECTION('',(1.E0,0.E0,0.E0));
#3950=AXIS2_PLACEMENT_3D('',#3947,#3948,#3949);
#3952=CARTESIAN_POINT('',(-2.35204E1,0.E0,-6.30936E0));
#3953=DIRECTION('',(0.E0,0.E0,1.E0));
#3954=DIRECTION('',(-1.E0,0.E0,0.E0));
#3955=AXIS2_PLACEMENT_3D('',#3952,#3953,#3954);
#3957=DIRECTION('',(0.E0,0.E0,-1.E0));
#3958=VECTOR('',#3957,9.99998E-1);
#3959=CARTESIAN_POINT('',(2.55143E1,0.E0,-6.30936E0));
#3960=LINE('',#3959,#3958);
#3961=DIRECTION('',(0.E0,0.E0,-1.E0));
#3962=VECTOR('',#3961,9.99998E-1);
#3963=CARTESIAN_POINT('',(2.15265E1,0.E0,-6.30936E0));
#3964=LINE('',#3963,#3962);
#3965=CARTESIAN_POINT('',(2.35204E1,0.E0,-7.309358E0));
#3966=DIRECTION('',(0.E0,0.E0,1.E0));
#3967=DIRECTION('',(1.E0,0.E0,0.E0));
#3968=AXIS2_PLACEMENT_3D('',#3965,#3966,#3967);
#3970=CARTESIAN_POINT('',(2.35204E1,0.E0,-7.309358E0));
#3971=DIRECTION('',(0.E0,0.E0,1.E0));
#3972=DIRECTION('',(-1.E0,0.E0,0.E0));
#3973=AXIS2_PLACEMENT_3D('',#3970,#3971,#3972);
#3975=CARTESIAN_POINT('',(-2.35204E1,0.E0,-7.309358E0));
#3976=DIRECTION('',(0.E0,0.E0,1.E0));
#3977=DIRECTION('',(1.E0,0.E0,0.E0));
#3978=AXIS2_PLACEMENT_3D('',#3975,#3976,#3977);
#3980=CARTESIAN_POINT('',(-2.35204E1,0.E0,-7.309358E0));
#3981=DIRECTION('',(0.E0,0.E0,1.E0));
#3982=DIRECTION('',(-1.E0,0.E0,0.E0));
#3983=AXIS2_PLACEMENT_3D('',#3980,#3981,#3982);
#3985=CARTESIAN_POINT('',(2.35204E1,0.E0,-7.309358E0));
#3986=DIRECTION('',(0.E0,0.E0,1.E0));
#3987=DIRECTION('',(0.E0,1.E0,0.E0));
#3988=AXIS2_PLACEMENT_3D('',#3985,#3986,#3987);
#3990=CARTESIAN_POINT('',(2.35204E1,0.E0,-7.309358E0));
#3991=DIRECTION('',(0.E0,0.E0,1.E0));
#3992=DIRECTION('',(0.E0,-1.E0,0.E0));
#3993=AXIS2_PLACEMENT_3D('',#3990,#3991,#3992);
#3995=CARTESIAN_POINT('',(-2.35204E1,0.E0,-7.309358E0));
#3996=DIRECTION('',(0.E0,0.E0,-1.E0));
#3997=DIRECTION('',(0.E0,1.E0,0.E0));
#3998=AXIS2_PLACEMENT_3D('',#3995,#3996,#3997);
#4000=CARTESIAN_POINT('',(-2.35204E1,0.E0,-7.309358E0));
#4001=DIRECTION('',(0.E0,0.E0,-1.E0));
#4002=DIRECTION('',(0.E0,-1.E0,0.E0));
#4003=AXIS2_PLACEMENT_3D('',#4000,#4001,#4002);
#4005=DIRECTION('',(0.E0,0.E0,-1.E0));
#4006=VECTOR('',#4005,9.99998E-1);
#4007=CARTESIAN_POINT('',(-2.15265E1,0.E0,-6.30936E0));
#4008=LINE('',#4007,#4006);
#4009=DIRECTION('',(0.E0,0.E0,-1.E0));
#4010=VECTOR('',#4009,9.99998E-1);
#4011=CARTESIAN_POINT('',(-2.55143E1,0.E0,-6.30936E0));
#4012=LINE('',#4011,#4010);
#4013=DIRECTION('',(0.E0,0.E0,1.E0));
#4014=VECTOR('',#4013,3.01498E-1);
#4015=CARTESIAN_POINT('',(2.35204E1,-1.94945E0,-7.309358E0));
#4016=LINE('',#4015,#4014);
#4017=DIRECTION('',(0.E0,0.E0,1.E0));
#4018=VECTOR('',#4017,3.01498E-1);
#4019=CARTESIAN_POINT('',(2.35204E1,1.94945E0,-7.309358E0));
#4020=LINE('',#4019,#4018);
#4021=DIRECTION('',(0.E0,-5.E-1,8.660254037844E-1));
#4022=VECTOR('',#4021,7.332348418708E-1);
#4023=CARTESIAN_POINT('',(2.35204E1,1.94945E0,-7.00786E0));
#4024=LINE('',#4023,#4022);
#4025=CARTESIAN_POINT('',(2.35204E1,0.E0,-7.00786E0));
#4026=DIRECTION('',(0.E0,0.E0,-1.E0));
#4027=DIRECTION('',(0.E0,1.E0,0.E0));
#4028=AXIS2_PLACEMENT_3D('',#4025,#4026,#4027);
#4030=DIRECTION('',(0.E0,5.E-1,8.660254037844E-1));
#4031=VECTOR('',#4030,7.332348418708E-1);
#4032=CARTESIAN_POINT('',(2.35204E1,-1.94945E0,-7.00786E0));
#4033=LINE('',#4032,#4031);
#4034=CARTESIAN_POINT('',(2.35204E1,0.E0,-7.00786E0));
#4035=DIRECTION('',(0.E0,0.E0,1.E0));
#4036=DIRECTION('',(0.E0,1.E0,0.E0));
#4037=AXIS2_PLACEMENT_3D('',#4034,#4035,#4036);
#4039=CARTESIAN_POINT('',(2.35204E1,0.E0,-6.37286E0));
#4040=DIRECTION('',(0.E0,0.E0,-1.E0));
#4041=DIRECTION('',(0.E0,1.E0,0.E0));
#4042=AXIS2_PLACEMENT_3D('',#4039,#4040,#4041);
#4044=CARTESIAN_POINT('',(2.35204E1,0.E0,-6.37286E0));
#4045=DIRECTION('',(0.E0,0.E0,1.E0));
#4046=DIRECTION('',(0.E0,1.E0,0.E0));
#4047=AXIS2_PLACEMENT_3D('',#4044,#4045,#4046);
#4049=DIRECTION('',(0.E0,0.E0,1.E0));
#4050=VECTOR('',#4049,3.01498E-1);
#4051=CARTESIAN_POINT('',(-2.35204E1,1.94945E0,-7.309358E0));
#4052=LINE('',#4051,#4050);
#4053=DIRECTION('',(0.E0,0.E0,1.E0));
#4054=VECTOR('',#4053,3.01498E-1);
#4055=CARTESIAN_POINT('',(-2.35204E1,-1.94945E0,-7.309358E0));
#4056=LINE('',#4055,#4054);
#4057=DIRECTION('',(0.E0,-5.E-1,8.660254037844E-1));
#4058=VECTOR('',#4057,7.332348418708E-1);
#4059=CARTESIAN_POINT('',(-2.35204E1,1.94945E0,-7.00786E0));
#4060=LINE('',#4059,#4058);
#4061=DIRECTION('',(0.E0,5.E-1,8.660254037844E-1));
#4062=VECTOR('',#4061,7.332348418708E-1);
#4063=CARTESIAN_POINT('',(-2.35204E1,-1.94945E0,-7.00786E0));
#4064=LINE('',#4063,#4062);
#4065=CARTESIAN_POINT('',(-2.35204E1,0.E0,-7.00786E0));
#4066=DIRECTION('',(0.E0,0.E0,1.E0));
#4067=DIRECTION('',(0.E0,1.E0,0.E0));
#4068=AXIS2_PLACEMENT_3D('',#4065,#4066,#4067);
#4070=CARTESIAN_POINT('',(-2.35204E1,0.E0,-7.00786E0));
#4071=DIRECTION('',(0.E0,0.E0,-1.E0));
#4072=DIRECTION('',(0.E0,1.E0,0.E0));
#4073=AXIS2_PLACEMENT_3D('',#4070,#4071,#4072);
#4075=CARTESIAN_POINT('',(-2.35204E1,0.E0,-6.37286E0));
#4076=DIRECTION('',(0.E0,0.E0,1.E0));
#4077=DIRECTION('',(0.E0,1.E0,0.E0));
#4078=AXIS2_PLACEMENT_3D('',#4075,#4076,#4077);
#4080=CARTESIAN_POINT('',(-2.35204E1,0.E0,-6.37286E0));
#4081=DIRECTION('',(0.E0,0.E0,-1.E0));
#4082=DIRECTION('',(0.E0,1.E0,0.E0));
#4083=AXIS2_PLACEMENT_3D('',#4080,#4081,#4082);
#4085=CARTESIAN_POINT('',(2.35204E1,0.E0,-6.30936E0));
#4086=DIRECTION('',(0.E0,0.E0,1.E0));
#4087=DIRECTION('',(-1.E0,0.E0,0.E0));
#4088=AXIS2_PLACEMENT_3D('',#4085,#4086,#4087);
#4090=DIRECTION('',(0.E0,0.E0,-1.E0));
#4091=VECTOR('',#4090,4.1656E-1);
#4092=CARTESIAN_POINT('',(2.15646E1,0.E0,-5.8928E0));
#4093=LINE('',#4092,#4091);
#4094=CARTESIAN_POINT('',(-2.35204E1,0.E0,-6.30936E0));
#4095=DIRECTION('',(0.E0,0.E0,1.E0));
#4096=DIRECTION('',(1.E0,0.E0,0.E0));
#4097=AXIS2_PLACEMENT_3D('',#4094,#4095,#4096);
#4099=DIRECTION('',(0.E0,0.E0,-1.E0));
#4100=VECTOR('',#4099,4.1656E-1);
#4101=CARTESIAN_POINT('',(-2.15646E1,0.E0,-5.8928E0));
#4102=LINE('',#4101,#4100);
#4103=CARTESIAN_POINT('',(-2.35204E1,0.E0,-6.30936E0));
#4104=DIRECTION('',(0.E0,0.E0,1.E0));
#4105=DIRECTION('',(-1.E0,0.E0,0.E0));
#4106=AXIS2_PLACEMENT_3D('',#4103,#4104,#4105);
#4108=DIRECTION('',(0.E0,0.E0,-1.E0));
#4109=VECTOR('',#4108,4.1656E-1);
#4110=CARTESIAN_POINT('',(-2.54762E1,0.E0,-5.8928E0));
#4111=LINE('',#4110,#4109);
#4112=DIRECTION('',(0.E0,0.E0,1.E0));
#4113=VECTOR('',#4112,4.953E0);
#4114=CARTESIAN_POINT('',(-1.60528E1,1.4224E0,-6.30936E0));
#4115=LINE('',#4114,#4113);
#4116=DIRECTION('',(0.E0,0.E0,1.E0));
#4117=VECTOR('',#4116,4.953E0);
#4118=CARTESIAN_POINT('',(-1.70688E1,1.4224E0,-6.30936E0));
#4119=LINE('',#4118,#4117);
#4120=CARTESIAN_POINT('',(-1.65608E1,1.4224E0,-1.35636E0));
#4121=DIRECTION('',(0.E0,0.E0,1.E0));
#4122=DIRECTION('',(1.E0,0.E0,0.E0));
#4123=AXIS2_PLACEMENT_3D('',#4120,#4121,#4122);
#4125=CARTESIAN_POINT('',(-1.65608E1,1.4224E0,-1.35636E0));
#4126=DIRECTION('',(0.E0,0.E0,1.E0));
#4127=DIRECTION('',(-1.E0,0.E0,0.E0));
#4128=AXIS2_PLACEMENT_3D('',#4125,#4126,#4127);
#4130=CARTESIAN_POINT('',(-2.7686E0,1.4224E0,-1.35636E0));
#4131=DIRECTION('',(0.E0,0.E0,1.E0));
#4132=DIRECTION('',(1.E0,0.E0,0.E0));
#4133=AXIS2_PLACEMENT_3D('',#4130,#4131,#4132);
#4135=CARTESIAN_POINT('',(-2.7686E0,1.4224E0,-1.35636E0));
#4136=DIRECTION('',(0.E0,0.E0,1.E0));
#4137=DIRECTION('',(-1.E0,0.E0,0.E0));
#4138=AXIS2_PLACEMENT_3D('',#4135,#4136,#4137);
#4140=CARTESIAN_POINT('',(-5.5372E0,1.4224E0,-1.35636E0));
#4141=DIRECTION('',(0.E0,0.E0,1.E0));
#4142=DIRECTION('',(1.E0,0.E0,0.E0));
#4143=AXIS2_PLACEMENT_3D('',#4140,#4141,#4142);
#4145=CARTESIAN_POINT('',(-5.5372E0,1.4224E0,-1.35636E0));
#4146=DIRECTION('',(0.E0,0.E0,1.E0));
#4147=DIRECTION('',(-1.E0,0.E0,0.E0));
#4148=AXIS2_PLACEMENT_3D('',#4145,#4146,#4147);
#4150=CARTESIAN_POINT('',(-8.2804E0,1.4224E0,-1.35636E0));
#4151=DIRECTION('',(0.E0,0.E0,1.E0));
#4152=DIRECTION('',(1.E0,0.E0,0.E0));
#4153=AXIS2_PLACEMENT_3D('',#4150,#4151,#4152);
#4155=CARTESIAN_POINT('',(-8.2804E0,1.4224E0,-1.35636E0));
#4156=DIRECTION('',(0.E0,0.E0,1.E0));
#4157=DIRECTION('',(-1.E0,0.E0,0.E0));
#4158=AXIS2_PLACEMENT_3D('',#4155,#4156,#4157);
#4160=CARTESIAN_POINT('',(-1.1049E1,1.4224E0,-1.35636E0));
#4161=DIRECTION('',(0.E0,0.E0,1.E0));
#4162=DIRECTION('',(1.E0,0.E0,0.E0));
#4163=AXIS2_PLACEMENT_3D('',#4160,#4161,#4162);
#4165=CARTESIAN_POINT('',(-1.1049E1,1.4224E0,-1.35636E0));
#4166=DIRECTION('',(0.E0,0.E0,1.E0));
#4167=DIRECTION('',(-1.E0,0.E0,0.E0));
#4168=AXIS2_PLACEMENT_3D('',#4165,#4166,#4167);
#4170=CARTESIAN_POINT('',(-1.38176E1,1.4224E0,-1.35636E0));
#4171=DIRECTION('',(0.E0,0.E0,1.E0));
#4172=DIRECTION('',(1.E0,0.E0,0.E0));
#4173=AXIS2_PLACEMENT_3D('',#4170,#4171,#4172);
#4175=CARTESIAN_POINT('',(-1.38176E1,1.4224E0,-1.35636E0));
#4176=DIRECTION('',(0.E0,0.E0,1.E0));
#4177=DIRECTION('',(-1.E0,0.E0,0.E0));
#4178=AXIS2_PLACEMENT_3D('',#4175,#4176,#4177);
#4180=CARTESIAN_POINT('',(1.65608E1,1.4224E0,-1.35636E0));
#4181=DIRECTION('',(0.E0,0.E0,1.E0));
#4182=DIRECTION('',(1.E0,0.E0,0.E0));
#4183=AXIS2_PLACEMENT_3D('',#4180,#4181,#4182);
#4185=CARTESIAN_POINT('',(1.65608E1,1.4224E0,-1.35636E0));
#4186=DIRECTION('',(0.E0,0.E0,1.E0));
#4187=DIRECTION('',(-1.E0,0.E0,0.E0));
#4188=AXIS2_PLACEMENT_3D('',#4185,#4186,#4187);
#4190=CARTESIAN_POINT('',(2.7686E0,1.4224E0,-1.35636E0));
#4191=DIRECTION('',(0.E0,0.E0,1.E0));
#4192=DIRECTION('',(1.E0,0.E0,0.E0));
#4193=AXIS2_PLACEMENT_3D('',#4190,#4191,#4192);
#4195=CARTESIAN_POINT('',(2.7686E0,1.4224E0,-1.35636E0));
#4196=DIRECTION('',(0.E0,0.E0,1.E0));
#4197=DIRECTION('',(-1.E0,0.E0,0.E0));
#4198=AXIS2_PLACEMENT_3D('',#4195,#4196,#4197);
#4200=CARTESIAN_POINT('',(5.5372E0,1.4224E0,-1.35636E0));
#4201=DIRECTION('',(0.E0,0.E0,1.E0));
#4202=DIRECTION('',(1.E0,0.E0,0.E0));
#4203=AXIS2_PLACEMENT_3D('',#4200,#4201,#4202);
#4205=CARTESIAN_POINT('',(5.5372E0,1.4224E0,-1.35636E0));
#4206=DIRECTION('',(0.E0,0.E0,1.E0));
#4207=DIRECTION('',(-1.E0,0.E0,0.E0));
#4208=AXIS2_PLACEMENT_3D('',#4205,#4206,#4207);
#4210=CARTESIAN_POINT('',(8.2804E0,1.4224E0,-1.35636E0));
#4211=DIRECTION('',(0.E0,0.E0,1.E0));
#4212=DIRECTION('',(1.E0,0.E0,0.E0));
#4213=AXIS2_PLACEMENT_3D('',#4210,#4211,#4212);
#4215=CARTESIAN_POINT('',(8.2804E0,1.4224E0,-1.35636E0));
#4216=DIRECTION('',(0.E0,0.E0,1.E0));
#4217=DIRECTION('',(-1.E0,0.E0,0.E0));
#4218=AXIS2_PLACEMENT_3D('',#4215,#4216,#4217);
#4220=CARTESIAN_POINT('',(1.1049E1,1.4224E0,-1.35636E0));
#4221=DIRECTION('',(0.E0,0.E0,1.E0));
#4222=DIRECTION('',(1.E0,0.E0,0.E0));
#4223=AXIS2_PLACEMENT_3D('',#4220,#4221,#4222);
#4225=CARTESIAN_POINT('',(1.1049E1,1.4224E0,-1.35636E0));
#4226=DIRECTION('',(0.E0,0.E0,1.E0));
#4227=DIRECTION('',(-1.E0,0.E0,0.E0));
#4228=AXIS2_PLACEMENT_3D('',#4225,#4226,#4227);
#4230=CARTESIAN_POINT('',(1.38176E1,1.4224E0,-1.35636E0));
#4231=DIRECTION('',(0.E0,0.E0,1.E0));
#4232=DIRECTION('',(1.E0,0.E0,0.E0));
#4233=AXIS2_PLACEMENT_3D('',#4230,#4231,#4232);
#4235=CARTESIAN_POINT('',(1.38176E1,1.4224E0,-1.35636E0));
#4236=DIRECTION('',(0.E0,0.E0,1.E0));
#4237=DIRECTION('',(-1.E0,0.E0,0.E0));
#4238=AXIS2_PLACEMENT_3D('',#4235,#4236,#4237);
#4240=CARTESIAN_POINT('',(-1.51892E1,-1.4224E0,-1.35636E0));
#4241=DIRECTION('',(0.E0,0.E0,1.E0));
#4242=DIRECTION('',(1.E0,0.E0,0.E0));
#4243=AXIS2_PLACEMENT_3D('',#4240,#4241,#4242);
#4245=CARTESIAN_POINT('',(-1.51892E1,-1.4224E0,-1.35636E0));
#4246=DIRECTION('',(0.E0,0.E0,1.E0));
#4247=DIRECTION('',(-1.E0,0.E0,0.E0));
#4248=AXIS2_PLACEMENT_3D('',#4245,#4246,#4247);
#4250=CARTESIAN_POINT('',(-1.24206E1,-1.4224E0,-1.35636E0));
#4251=DIRECTION('',(0.E0,0.E0,1.E0));
#4252=DIRECTION('',(1.E0,0.E0,0.E0));
#4253=AXIS2_PLACEMENT_3D('',#4250,#4251,#4252);
#4255=CARTESIAN_POINT('',(-1.24206E1,-1.4224E0,-1.35636E0));
#4256=DIRECTION('',(0.E0,0.E0,1.E0));
#4257=DIRECTION('',(-1.E0,0.E0,0.E0));
#4258=AXIS2_PLACEMENT_3D('',#4255,#4256,#4257);
#4260=CARTESIAN_POINT('',(-9.6774E0,-1.4224E0,-1.35636E0));
#4261=DIRECTION('',(0.E0,0.E0,1.E0));
#4262=DIRECTION('',(1.E0,0.E0,0.E0));
#4263=AXIS2_PLACEMENT_3D('',#4260,#4261,#4262);
#4265=CARTESIAN_POINT('',(-9.6774E0,-1.4224E0,-1.35636E0));
#4266=DIRECTION('',(0.E0,0.E0,1.E0));
#4267=DIRECTION('',(-1.E0,0.E0,0.E0));
#4268=AXIS2_PLACEMENT_3D('',#4265,#4266,#4267);
#4270=CARTESIAN_POINT('',(-6.9088E0,-1.4224E0,-1.35636E0));
#4271=DIRECTION('',(0.E0,0.E0,1.E0));
#4272=DIRECTION('',(1.E0,0.E0,0.E0));
#4273=AXIS2_PLACEMENT_3D('',#4270,#4271,#4272);
#4275=CARTESIAN_POINT('',(-6.9088E0,-1.4224E0,-1.35636E0));
#4276=DIRECTION('',(0.E0,0.E0,1.E0));
#4277=DIRECTION('',(-1.E0,0.E0,0.E0));
#4278=AXIS2_PLACEMENT_3D('',#4275,#4276,#4277);
#4280=CARTESIAN_POINT('',(-4.1402E0,-1.4224E0,-1.35636E0));
#4281=DIRECTION('',(0.E0,0.E0,1.E0));
#4282=DIRECTION('',(1.E0,0.E0,0.E0));
#4283=AXIS2_PLACEMENT_3D('',#4280,#4281,#4282);
#4285=CARTESIAN_POINT('',(-4.1402E0,-1.4224E0,-1.35636E0));
#4286=DIRECTION('',(0.E0,0.E0,1.E0));
#4287=DIRECTION('',(-1.E0,0.E0,0.E0));
#4288=AXIS2_PLACEMENT_3D('',#4285,#4286,#4287);
#4290=CARTESIAN_POINT('',(-1.397E0,-1.4224E0,-1.35636E0));
#4291=DIRECTION('',(0.E0,0.E0,1.E0));
#4292=DIRECTION('',(1.E0,0.E0,0.E0));
#4293=AXIS2_PLACEMENT_3D('',#4290,#4291,#4292);
#4295=CARTESIAN_POINT('',(-1.397E0,-1.4224E0,-1.35636E0));
#4296=DIRECTION('',(0.E0,0.E0,1.E0));
#4297=DIRECTION('',(-1.E0,0.E0,0.E0));
#4298=AXIS2_PLACEMENT_3D('',#4295,#4296,#4297);
#4300=CARTESIAN_POINT('',(1.51892E1,-1.4224E0,-1.35636E0));
#4301=DIRECTION('',(0.E0,0.E0,1.E0));
#4302=DIRECTION('',(1.E0,0.E0,0.E0));
#4303=AXIS2_PLACEMENT_3D('',#4300,#4301,#4302);
#4305=CARTESIAN_POINT('',(1.51892E1,-1.4224E0,-1.35636E0));
#4306=DIRECTION('',(0.E0,0.E0,1.E0));
#4307=DIRECTION('',(-1.E0,0.E0,0.E0));
#4308=AXIS2_PLACEMENT_3D('',#4305,#4306,#4307);
#4310=CARTESIAN_POINT('',(1.24206E1,-1.4224E0,-1.35636E0));
#4311=DIRECTION('',(0.E0,0.E0,1.E0));
#4312=DIRECTION('',(1.E0,0.E0,0.E0));
#4313=AXIS2_PLACEMENT_3D('',#4310,#4311,#4312);
#4315=CARTESIAN_POINT('',(1.24206E1,-1.4224E0,-1.35636E0));
#4316=DIRECTION('',(0.E0,0.E0,1.E0));
#4317=DIRECTION('',(-1.E0,0.E0,0.E0));
#4318=AXIS2_PLACEMENT_3D('',#4315,#4316,#4317);
#4320=CARTESIAN_POINT('',(9.6774E0,-1.4224E0,-1.35636E0));
#4321=DIRECTION('',(0.E0,0.E0,1.E0));
#4322=DIRECTION('',(1.E0,0.E0,0.E0));
#4323=AXIS2_PLACEMENT_3D('',#4320,#4321,#4322);
#4325=CARTESIAN_POINT('',(9.6774E0,-1.4224E0,-1.35636E0));
#4326=DIRECTION('',(0.E0,0.E0,1.E0));
#4327=DIRECTION('',(-1.E0,0.E0,0.E0));
#4328=AXIS2_PLACEMENT_3D('',#4325,#4326,#4327);
#4330=CARTESIAN_POINT('',(6.9088E0,-1.4224E0,-1.35636E0));
#4331=DIRECTION('',(0.E0,0.E0,1.E0));
#4332=DIRECTION('',(1.E0,0.E0,0.E0));
#4333=AXIS2_PLACEMENT_3D('',#4330,#4331,#4332);
#4335=CARTESIAN_POINT('',(6.9088E0,-1.4224E0,-1.35636E0));
#4336=DIRECTION('',(0.E0,0.E0,1.E0));
#4337=DIRECTION('',(-1.E0,0.E0,0.E0));
#4338=AXIS2_PLACEMENT_3D('',#4335,#4336,#4337);
#4340=CARTESIAN_POINT('',(4.1402E0,-1.4224E0,-1.35636E0));
#4341=DIRECTION('',(0.E0,0.E0,1.E0));
#4342=DIRECTION('',(1.E0,0.E0,0.E0));
#4343=AXIS2_PLACEMENT_3D('',#4340,#4341,#4342);
#4345=CARTESIAN_POINT('',(4.1402E0,-1.4224E0,-1.35636E0));
#4346=DIRECTION('',(0.E0,0.E0,1.E0));
#4347=DIRECTION('',(-1.E0,0.E0,0.E0));
#4348=AXIS2_PLACEMENT_3D('',#4345,#4346,#4347);
#4350=CARTESIAN_POINT('',(1.397E0,-1.4224E0,-1.35636E0));
#4351=DIRECTION('',(0.E0,0.E0,1.E0));
#4352=DIRECTION('',(1.E0,0.E0,0.E0));
#4353=AXIS2_PLACEMENT_3D('',#4350,#4351,#4352);
#4355=CARTESIAN_POINT('',(1.397E0,-1.4224E0,-1.35636E0));
#4356=DIRECTION('',(0.E0,0.E0,1.E0));
#4357=DIRECTION('',(-1.E0,0.E0,0.E0));
#4358=AXIS2_PLACEMENT_3D('',#4355,#4356,#4357);
#4360=CARTESIAN_POINT('',(0.E0,1.4224E0,-1.35636E0));
#4361=DIRECTION('',(0.E0,0.E0,1.E0));
#4362=DIRECTION('',(1.E0,0.E0,0.E0));
#4363=AXIS2_PLACEMENT_3D('',#4360,#4361,#4362);
#4365=CARTESIAN_POINT('',(0.E0,1.4224E0,-1.35636E0));
#4366=DIRECTION('',(0.E0,0.E0,1.E0));
#4367=DIRECTION('',(-1.E0,0.E0,0.E0));
#4368=AXIS2_PLACEMENT_3D('',#4365,#4366,#4367);
#4370=DIRECTION('',(0.E0,0.E0,1.E0));
#4371=VECTOR('',#4370,4.953E0);
#4372=CARTESIAN_POINT('',(-2.2606E0,1.4224E0,-6.30936E0));
#4373=LINE('',#4372,#4371);
#4374=DIRECTION('',(0.E0,0.E0,1.E0));
#4375=VECTOR('',#4374,4.953E0);
#4376=CARTESIAN_POINT('',(-3.2766E0,1.4224E0,-6.30936E0));
#4377=LINE('',#4376,#4375);
#4378=DIRECTION('',(0.E0,0.E0,1.E0));
#4379=VECTOR('',#4378,4.953E0);
#4380=CARTESIAN_POINT('',(-5.0292E0,1.4224E0,-6.30936E0));
#4381=LINE('',#4380,#4379);
#4382=DIRECTION('',(0.E0,0.E0,1.E0));
#4383=VECTOR('',#4382,4.953E0);
#4384=CARTESIAN_POINT('',(-6.0452E0,1.4224E0,-6.30936E0));
#4385=LINE('',#4384,#4383);
#4386=DIRECTION('',(0.E0,0.E0,1.E0));
#4387=VECTOR('',#4386,4.953E0);
#4388=CARTESIAN_POINT('',(-7.7724E0,1.4224E0,-6.30936E0));
#4389=LINE('',#4388,#4387);
#4390=DIRECTION('',(0.E0,0.E0,1.E0));
#4391=VECTOR('',#4390,4.953E0);
#4392=CARTESIAN_POINT('',(-8.7884E0,1.4224E0,-6.30936E0));
#4393=LINE('',#4392,#4391);
#4394=DIRECTION('',(0.E0,0.E0,1.E0));
#4395=VECTOR('',#4394,4.953E0);
#4396=CARTESIAN_POINT('',(-1.0541E1,1.4224E0,-6.30936E0));
#4397=LINE('',#4396,#4395);
#4398=DIRECTION('',(0.E0,0.E0,1.E0));
#4399=VECTOR('',#4398,4.953E0);
#4400=CARTESIAN_POINT('',(-1.1557E1,1.4224E0,-6.30936E0));
#4401=LINE('',#4400,#4399);
#4402=DIRECTION('',(0.E0,0.E0,1.E0));
#4403=VECTOR('',#4402,4.953E0);
#4404=CARTESIAN_POINT('',(-1.33096E1,1.4224E0,-6.30936E0));
#4405=LINE('',#4404,#4403);
#4406=DIRECTION('',(0.E0,0.E0,1.E0));
#4407=VECTOR('',#4406,4.953E0);
#4408=CARTESIAN_POINT('',(-1.43256E1,1.4224E0,-6.30936E0));
#4409=LINE('',#4408,#4407);
#4410=DIRECTION('',(0.E0,0.E0,1.E0));
#4411=VECTOR('',#4410,4.953E0);
#4412=CARTESIAN_POINT('',(1.70688E1,1.4224E0,-6.30936E0));
#4413=LINE('',#4412,#4411);
#4414=DIRECTION('',(0.E0,0.E0,1.E0));
#4415=VECTOR('',#4414,4.953E0);
#4416=CARTESIAN_POINT('',(1.60528E1,1.4224E0,-6.30936E0));
#4417=LINE('',#4416,#4415);
#4418=DIRECTION('',(0.E0,0.E0,1.E0));
#4419=VECTOR('',#4418,4.953E0);
#4420=CARTESIAN_POINT('',(3.2766E0,1.4224E0,-6.30936E0));
#4421=LINE('',#4420,#4419);
#4422=DIRECTION('',(0.E0,0.E0,1.E0));
#4423=VECTOR('',#4422,4.953E0);
#4424=CARTESIAN_POINT('',(2.2606E0,1.4224E0,-6.30936E0));
#4425=LINE('',#4424,#4423);
#4426=DIRECTION('',(0.E0,0.E0,1.E0));
#4427=VECTOR('',#4426,4.953E0);
#4428=CARTESIAN_POINT('',(6.0452E0,1.4224E0,-6.30936E0));
#4429=LINE('',#4428,#4427);
#4430=DIRECTION('',(0.E0,0.E0,1.E0));
#4431=VECTOR('',#4430,4.953E0);
#4432=CARTESIAN_POINT('',(5.0292E0,1.4224E0,-6.30936E0));
#4433=LINE('',#4432,#4431);
#4434=DIRECTION('',(0.E0,0.E0,1.E0));
#4435=VECTOR('',#4434,4.953E0);
#4436=CARTESIAN_POINT('',(8.7884E0,1.4224E0,-6.30936E0));
#4437=LINE('',#4436,#4435);
#4438=DIRECTION('',(0.E0,0.E0,1.E0));
#4439=VECTOR('',#4438,4.953E0);
#4440=CARTESIAN_POINT('',(7.7724E0,1.4224E0,-6.30936E0));
#4441=LINE('',#4440,#4439);
#4442=DIRECTION('',(0.E0,0.E0,1.E0));
#4443=VECTOR('',#4442,4.953E0);
#4444=CARTESIAN_POINT('',(1.1557E1,1.4224E0,-6.30936E0));
#4445=LINE('',#4444,#4443);
#4446=DIRECTION('',(0.E0,0.E0,1.E0));
#4447=VECTOR('',#4446,4.953E0);
#4448=CARTESIAN_POINT('',(1.0541E1,1.4224E0,-6.30936E0));
#4449=LINE('',#4448,#4447);
#4450=DIRECTION('',(0.E0,0.E0,1.E0));
#4451=VECTOR('',#4450,4.953E0);
#4452=CARTESIAN_POINT('',(1.43256E1,1.4224E0,-6.30936E0));
#4453=LINE('',#4452,#4451);
#4454=DIRECTION('',(0.E0,0.E0,1.E0));
#4455=VECTOR('',#4454,4.953E0);
#4456=CARTESIAN_POINT('',(1.33096E1,1.4224E0,-6.30936E0));
#4457=LINE('',#4456,#4455);
#4458=DIRECTION('',(0.E0,0.E0,1.E0));
#4459=VECTOR('',#4458,4.953E0);
#4460=CARTESIAN_POINT('',(-1.46812E1,-1.4224E0,-6.30936E0));
#4461=LINE('',#4460,#4459);
#4462=DIRECTION('',(0.E0,0.E0,1.E0));
#4463=VECTOR('',#4462,4.953E0);
#4464=CARTESIAN_POINT('',(-1.56972E1,-1.4224E0,-6.30936E0));
#4465=LINE('',#4464,#4463);
#4466=DIRECTION('',(0.E0,0.E0,1.E0));
#4467=VECTOR('',#4466,4.953E0);
#4468=CARTESIAN_POINT('',(-1.19126E1,-1.4224E0,-6.30936E0));
#4469=LINE('',#4468,#4467);
#4470=DIRECTION('',(0.E0,0.E0,1.E0));
#4471=VECTOR('',#4470,4.953E0);
#4472=CARTESIAN_POINT('',(-1.29286E1,-1.4224E0,-6.30936E0));
#4473=LINE('',#4472,#4471);
#4474=DIRECTION('',(0.E0,0.E0,1.E0));
#4475=VECTOR('',#4474,4.953E0);
#4476=CARTESIAN_POINT('',(-9.1694E0,-1.4224E0,-6.30936E0));
#4477=LINE('',#4476,#4475);
#4478=DIRECTION('',(0.E0,0.E0,1.E0));
#4479=VECTOR('',#4478,4.953E0);
#4480=CARTESIAN_POINT('',(-1.01854E1,-1.4224E0,-6.30936E0));
#4481=LINE('',#4480,#4479);
#4482=DIRECTION('',(0.E0,0.E0,1.E0));
#4483=VECTOR('',#4482,4.953E0);
#4484=CARTESIAN_POINT('',(-6.4008E0,-1.4224E0,-6.30936E0));
#4485=LINE('',#4484,#4483);
#4486=DIRECTION('',(0.E0,0.E0,1.E0));
#4487=VECTOR('',#4486,4.953E0);
#4488=CARTESIAN_POINT('',(-7.4168E0,-1.4224E0,-6.30936E0));
#4489=LINE('',#4488,#4487);
#4490=DIRECTION('',(0.E0,0.E0,1.E0));
#4491=VECTOR('',#4490,4.953E0);
#4492=CARTESIAN_POINT('',(-3.6322E0,-1.4224E0,-6.30936E0));
#4493=LINE('',#4492,#4491);
#4494=DIRECTION('',(0.E0,0.E0,1.E0));
#4495=VECTOR('',#4494,4.953E0);
#4496=CARTESIAN_POINT('',(-4.6482E0,-1.4224E0,-6.30936E0));
#4497=LINE('',#4496,#4495);
#4498=DIRECTION('',(0.E0,0.E0,1.E0));
#4499=VECTOR('',#4498,4.953E0);
#4500=CARTESIAN_POINT('',(-8.89E-1,-1.4224E0,-6.30936E0));
#4501=LINE('',#4500,#4499);
#4502=DIRECTION('',(0.E0,0.E0,1.E0));
#4503=VECTOR('',#4502,4.953E0);
#4504=CARTESIAN_POINT('',(-1.905E0,-1.4224E0,-6.30936E0));
#4505=LINE('',#4504,#4503);
#4506=DIRECTION('',(0.E0,0.E0,1.E0));
#4507=VECTOR('',#4506,4.953E0);
#4508=CARTESIAN_POINT('',(1.56972E1,-1.4224E0,-6.30936E0));
#4509=LINE('',#4508,#4507);
#4510=DIRECTION('',(0.E0,0.E0,1.E0));
#4511=VECTOR('',#4510,4.953E0);
#4512=CARTESIAN_POINT('',(1.46812E1,-1.4224E0,-6.30936E0));
#4513=LINE('',#4512,#4511);
#4514=DIRECTION('',(0.E0,0.E0,1.E0));
#4515=VECTOR('',#4514,4.953E0);
#4516=CARTESIAN_POINT('',(1.29286E1,-1.4224E0,-6.30936E0));
#4517=LINE('',#4516,#4515);
#4518=DIRECTION('',(0.E0,0.E0,1.E0));
#4519=VECTOR('',#4518,4.953E0);
#4520=CARTESIAN_POINT('',(1.19126E1,-1.4224E0,-6.30936E0));
#4521=LINE('',#4520,#4519);
#4522=DIRECTION('',(0.E0,0.E0,1.E0));
#4523=VECTOR('',#4522,4.953E0);
#4524=CARTESIAN_POINT('',(1.01854E1,-1.4224E0,-6.30936E0));
#4525=LINE('',#4524,#4523);
#4526=DIRECTION('',(0.E0,0.E0,1.E0));
#4527=VECTOR('',#4526,4.953E0);
#4528=CARTESIAN_POINT('',(9.1694E0,-1.4224E0,-6.30936E0));
#4529=LINE('',#4528,#4527);
#4530=DIRECTION('',(0.E0,0.E0,1.E0));
#4531=VECTOR('',#4530,4.953E0);
#4532=CARTESIAN_POINT('',(7.4168E0,-1.4224E0,-6.30936E0));
#4533=LINE('',#4532,#4531);
#4534=DIRECTION('',(0.E0,0.E0,1.E0));
#4535=VECTOR('',#4534,4.953E0);
#4536=CARTESIAN_POINT('',(6.4008E0,-1.4224E0,-6.30936E0));
#4537=LINE('',#4536,#4535);
#4538=DIRECTION('',(0.E0,0.E0,1.E0));
#4539=VECTOR('',#4538,4.953E0);
#4540=CARTESIAN_POINT('',(4.6482E0,-1.4224E0,-6.30936E0));
#4541=LINE('',#4540,#4539);
#4542=DIRECTION('',(0.E0,0.E0,1.E0));
#4543=VECTOR('',#4542,4.953E0);
#4544=CARTESIAN_POINT('',(3.6322E0,-1.4224E0,-6.30936E0));
#4545=LINE('',#4544,#4543);
#4546=DIRECTION('',(0.E0,0.E0,1.E0));
#4547=VECTOR('',#4546,4.953E0);
#4548=CARTESIAN_POINT('',(1.905E0,-1.4224E0,-6.30936E0));
#4549=LINE('',#4548,#4547);
#4550=DIRECTION('',(0.E0,0.E0,1.E0));
#4551=VECTOR('',#4550,4.953E0);
#4552=CARTESIAN_POINT('',(8.89E-1,-1.4224E0,-6.30936E0));
#4553=LINE('',#4552,#4551);
#4554=DIRECTION('',(0.E0,0.E0,1.E0));
#4555=VECTOR('',#4554,4.953E0);
#4556=CARTESIAN_POINT('',(5.08E-1,1.4224E0,-6.30936E0));
#4557=LINE('',#4556,#4555);
#4558=DIRECTION('',(0.E0,0.E0,1.E0));
#4559=VECTOR('',#4558,4.953E0);
#4560=CARTESIAN_POINT('',(-5.08E-1,1.4224E0,-6.30936E0));
#4561=LINE('',#4560,#4559);
#4562=DIRECTION('',(0.E0,0.E0,1.E0));
#4563=VECTOR('',#4562,1.524E-1);
#4564=CARTESIAN_POINT('',(-1.65735E1,2.286E0,-6.30936E0));
#4565=LINE('',#4564,#4563);
#4566=DIRECTION('',(0.E0,0.E0,1.E0));
#4567=VECTOR('',#4566,1.524E-1);
#4568=CARTESIAN_POINT('',(-1.673225E1,2.286E0,-6.30936E0));
#4569=LINE('',#4568,#4567);
#4570=DIRECTION('',(0.E0,0.E0,1.E0));
#4571=VECTOR('',#4570,1.524E-1);
#4572=CARTESIAN_POINT('',(-1.673225E1,3.339829813004E0,-6.30936E0));
#4573=LINE('',#4572,#4571);
#4574=DIRECTION('',(0.E0,1.456985596621E-14,1.E0));
#4575=VECTOR('',#4574,1.524E-1);
#4576=CARTESIAN_POINT('',(-1.6891E1,3.150680823684E0,-6.30936E0));
#4577=LINE('',#4576,#4575);
#4578=DIRECTION('',(0.E0,2.331176954594E-14,1.E0));
#4579=VECTOR('',#4578,1.524E-1);
#4580=CARTESIAN_POINT('',(-1.6891E1,3.366851086378E0,-6.30936E0));
#4581=LINE('',#4580,#4579);
#4582=DIRECTION('',(0.E0,0.E0,1.E0));
#4583=VECTOR('',#4582,1.524E-1);
#4584=CARTESIAN_POINT('',(-1.673225E1,3.556E0,-6.30936E0));
#4585=LINE('',#4584,#4583);
#4586=DIRECTION('',(0.E0,0.E0,1.E0));
#4587=VECTOR('',#4586,1.524E-1);
#4588=CARTESIAN_POINT('',(-1.65735E1,3.556E0,-6.30936E0));
#4589=LINE('',#4588,#4587);
#4590=DIRECTION('',(0.E0,1.E0,0.E0));
#4591=VECTOR('',#4590,1.27E0);
#4592=CARTESIAN_POINT('',(-1.65735E1,2.286E0,-6.15696E0));
#4593=LINE('',#4592,#4591);
#4594=DIRECTION('',(1.E0,0.E0,0.E0));
#4595=VECTOR('',#4594,1.5875E-1);
#4596=CARTESIAN_POINT('',(-1.673225E1,2.286E0,-6.15696E0));
#4597=LINE('',#4596,#4595);
#4598=DIRECTION('',(0.E0,-1.E0,0.E0));
#4599=VECTOR('',#4598,1.053829813004E0);
#4600=CARTESIAN_POINT('',(-1.673225E1,3.339829813004E0,-6.15696E0));
#4601=LINE('',#4600,#4599);
#4602=DIRECTION('',(6.428711427642E-1,7.659743427825E-1,0.E0));
#4603=VECTOR('',#4602,2.469390666960E-1);
#4604=CARTESIAN_POINT('',(-1.6891E1,3.150680823684E0,-6.15696E0));
#4605=LINE('',#4604,#4603);
#4606=DIRECTION('',(0.E0,-1.E0,0.E0));
#4607=VECTOR('',#4606,2.161702626944E-1);
#4608=CARTESIAN_POINT('',(-1.6891E1,3.366851086378E0,-6.15696E0));
#4609=LINE('',#4608,#4607);
#4610=DIRECTION('',(-6.428712937139E-1,-7.659742160926E-1,0.E0));
#4611=VECTOR('',#4610,2.469390087134E-1);
#4612=CARTESIAN_POINT('',(-1.673225E1,3.556E0,-6.15696E0));
#4613=LINE('',#4612,#4611);
#4614=DIRECTION('',(-1.E0,0.E0,0.E0));
#4615=VECTOR('',#4614,1.5875E-1);
#4616=CARTESIAN_POINT('',(-1.65735E1,3.556E0,-6.15696E0));
#4617=LINE('',#4616,#4615);
#4618=DIRECTION('',(0.E0,1.E0,0.E0));
#4619=VECTOR('',#4618,1.27E0);
#4620=CARTESIAN_POINT('',(-1.55575E1,-3.81E0,-6.15696E0));
#4621=LINE('',#4620,#4619);
#4622=DIRECTION('',(1.E0,0.E0,0.E0));
#4623=VECTOR('',#4622,1.5875E-1);
#4624=CARTESIAN_POINT('',(-1.571625E1,-3.81E0,-6.15696E0));
#4625=LINE('',#4624,#4623);
#4626=DIRECTION('',(0.E0,-1.E0,0.E0));
#4627=VECTOR('',#4626,1.053829813004E0);
#4628=CARTESIAN_POINT('',(-1.571625E1,-2.756170186996E0,-6.15696E0));
#4629=LINE('',#4628,#4627);
#4630=DIRECTION('',(6.428711427642E-1,7.659743427825E-1,0.E0));
#4631=VECTOR('',#4630,2.469390666960E-1);
#4632=CARTESIAN_POINT('',(-1.5875E1,-2.945319176316E0,-6.15696E0));
#4633=LINE('',#4632,#4631);
#4634=DIRECTION('',(0.E0,-1.E0,0.E0));
#4635=VECTOR('',#4634,2.161702626944E-1);
#4636=CARTESIAN_POINT('',(-1.5875E1,-2.729148913622E0,-6.15696E0));
#4637=LINE('',#4636,#4635);
#4638=DIRECTION('',(-6.428712937139E-1,-7.659742160925E-1,0.E0));
#4639=VECTOR('',#4638,2.469390087134E-1);
#4640=CARTESIAN_POINT('',(-1.571625E1,-2.54E0,-6.15696E0));
#4641=LINE('',#4640,#4639);
#4642=DIRECTION('',(-1.E0,0.E0,0.E0));
#4643=VECTOR('',#4642,1.5875E-1);
#4644=CARTESIAN_POINT('',(-1.55575E1,-2.54E0,-6.15696E0));
#4645=LINE('',#4644,#4643);
#4646=DIRECTION('',(-6.565245060609E-1,-7.543046950281E-1,0.E0));
#4647=VECTOR('',#4646,9.672145243425E-1);
#4648=CARTESIAN_POINT('',(-1.471083330810E1,-2.54E0,-6.15696E0));
#4649=LINE('',#4648,#4647);
#4650=DIRECTION('',(-1.E0,0.E0,0.E0));
#4651=VECTOR('',#4650,1.587499243021E-1);
#4652=CARTESIAN_POINT('',(-1.455208338380E1,-2.54E0,-6.15696E0));
#4653=LINE('',#4652,#4651);
#4654=DIRECTION('',(0.E0,1.E0,0.E0));
#4655=VECTOR('',#4654,7.295744568110E-1);
#4656=CARTESIAN_POINT('',(-1.455208338380E1,-3.269574456811E0,-6.15696E0));
#4657=LINE('',#4656,#4655);
#4658=DIRECTION('',(-1.E0,0.E0,0.E0));
#4659=VECTOR('',#4658,2.645833837986E-1);
#4660=CARTESIAN_POINT('',(-1.42875E1,-3.269574456811E0,-6.15696E0));
#4661=LINE('',#4660,#4659);
#4662=DIRECTION('',(0.E0,1.E0,0.E0));
#4663=VECTOR('',#4662,1.621276780963E-1);
#4664=CARTESIAN_POINT('',(-1.42875E1,-3.431702134907E0,-6.15696E0));
#4665=LINE('',#4664,#4663);
#4666=DIRECTION('',(1.E0,0.E0,0.E0));
#4667=VECTOR('',#4666,2.645833837986E-1);
#4668=CARTESIAN_POINT('',(-1.455208338380E1,-3.431702134907E0,-6.15696E0));
#4669=LINE('',#4668,#4667);
#4670=DIRECTION('',(0.E0,1.E0,0.E0));
#4671=VECTOR('',#4670,3.782978650928E-1);
#4672=CARTESIAN_POINT('',(-1.455208338380E1,-3.81E0,-6.15696E0));
#4673=LINE('',#4672,#4671);
#4674=DIRECTION('',(1.E0,0.E0,0.E0));
#4675=VECTOR('',#4674,1.587499243021E-1);
#4676=CARTESIAN_POINT('',(-1.471083330810E1,-3.81E0,-6.15696E0));
#4677=LINE('',#4676,#4675);
#4678=DIRECTION('',(0.E0,-1.E0,0.E0));
#4679=VECTOR('',#4678,3.782978650928E-1);
#4680=CARTESIAN_POINT('',(-1.471083330810E1,-3.431702134907E0,-6.15696E0));
#4681=LINE('',#4680,#4679);
#4682=DIRECTION('',(1.E0,0.E0,0.E0));
#4683=VECTOR('',#4682,6.350000378490E-1);
#4684=CARTESIAN_POINT('',(-1.534583334595E1,-3.431702134907E0,-6.15696E0));
#4685=LINE('',#4684,#4683);
#4686=DIRECTION('',(0.E0,-1.E0,0.E0));
#4687=VECTOR('',#4686,1.621276780963E-1);
#4688=CARTESIAN_POINT('',(-1.534583334595E1,-3.269574456811E0,-6.15696E0));
#4689=LINE('',#4688,#4687);
#4690=DIRECTION('',(6.589716038652E-1,7.521678172451E-1,0.E0));
#4691=VECTOR('',#4690,6.825661216068E-1);
#4692=CARTESIAN_POINT('',(-1.5160625E1,-3.269574456811E0,-6.15696E0));
#4693=LINE('',#4692,#4691);
#4694=DIRECTION('',(-1.E0,0.E0,0.E0));
#4695=VECTOR('',#4694,4.497916918993E-1);
#4696=CARTESIAN_POINT('',(-1.471083330810E1,-3.269574456811E0,-6.15696E0));
#4697=LINE('',#4696,#4695);
#4698=DIRECTION('',(0.E0,-1.E0,0.E0));
#4699=VECTOR('',#4698,5.134042698145E-1);
#4700=CARTESIAN_POINT('',(-1.471083330810E1,-2.756170186996E0,-6.15696E0));
#4701=LINE('',#4700,#4699);
#4702=DIRECTION('',(0.E0,0.E0,1.E0));
#4703=VECTOR('',#4702,1.524E-1);
#4704=CARTESIAN_POINT('',(-1.55575E1,-3.81E0,-6.30936E0));
#4705=LINE('',#4704,#4703);
#4706=DIRECTION('',(0.E0,0.E0,1.E0));
#4707=VECTOR('',#4706,1.524E-1);
#4708=CARTESIAN_POINT('',(-1.571625E1,-3.81E0,-6.30936E0));
#4709=LINE('',#4708,#4707);
#4710=DIRECTION('',(0.E0,0.E0,1.E0));
#4711=VECTOR('',#4710,1.524E-1);
#4712=CARTESIAN_POINT('',(-1.571625E1,-2.756170186996E0,-6.30936E0));
#4713=LINE('',#4712,#4711);
#4714=DIRECTION('',(0.E0,0.E0,1.E0));
#4715=VECTOR('',#4714,1.524E-1);
#4716=CARTESIAN_POINT('',(-1.5875E1,-2.945319176316E0,-6.30936E0));
#4717=LINE('',#4716,#4715);
#4718=DIRECTION('',(0.E0,0.E0,1.E0));
#4719=VECTOR('',#4718,1.524E-1);
#4720=CARTESIAN_POINT('',(-1.5875E1,-2.729148913622E0,-6.30936E0));
#4721=LINE('',#4720,#4719);
#4722=DIRECTION('',(0.E0,0.E0,1.E0));
#4723=VECTOR('',#4722,1.524E-1);
#4724=CARTESIAN_POINT('',(-1.571625E1,-2.54E0,-6.30936E0));
#4725=LINE('',#4724,#4723);
#4726=DIRECTION('',(0.E0,0.E0,1.E0));
#4727=VECTOR('',#4726,1.524E-1);
#4728=CARTESIAN_POINT('',(-1.55575E1,-2.54E0,-6.30936E0));
#4729=LINE('',#4728,#4727);
#4730=DIRECTION('',(0.E0,0.E0,1.E0));
#4731=VECTOR('',#4730,1.524E-1);
#4732=CARTESIAN_POINT('',(-1.471083330810E1,-2.54E0,-6.30936E0));
#4733=LINE('',#4732,#4731);
#4734=DIRECTION('',(0.E0,0.E0,1.E0));
#4735=VECTOR('',#4734,1.524E-1);
#4736=CARTESIAN_POINT('',(-1.455208338380E1,-2.54E0,-6.30936E0));
#4737=LINE('',#4736,#4735);
#4738=DIRECTION('',(0.E0,0.E0,1.E0));
#4739=VECTOR('',#4738,1.524E-1);
#4740=CARTESIAN_POINT('',(-1.455208338380E1,-3.269574456811E0,-6.30936E0));
#4741=LINE('',#4740,#4739);
#4742=DIRECTION('',(0.E0,0.E0,1.E0));
#4743=VECTOR('',#4742,1.524E-1);
#4744=CARTESIAN_POINT('',(-1.42875E1,-3.269574456811E0,-6.30936E0));
#4745=LINE('',#4744,#4743);
#4746=DIRECTION('',(0.E0,0.E0,1.E0));
#4747=VECTOR('',#4746,1.524E-1);
#4748=CARTESIAN_POINT('',(-1.42875E1,-3.431702134907E0,-6.30936E0));
#4749=LINE('',#4748,#4747);
#4750=DIRECTION('',(0.E0,0.E0,1.E0));
#4751=VECTOR('',#4750,1.524E-1);
#4752=CARTESIAN_POINT('',(-1.455208338380E1,-3.431702134907E0,-6.30936E0));
#4753=LINE('',#4752,#4751);
#4754=DIRECTION('',(0.E0,0.E0,1.E0));
#4755=VECTOR('',#4754,1.524E-1);
#4756=CARTESIAN_POINT('',(-1.455208338380E1,-3.81E0,-6.30936E0));
#4757=LINE('',#4756,#4755);
#4758=DIRECTION('',(0.E0,0.E0,1.E0));
#4759=VECTOR('',#4758,1.524E-1);
#4760=CARTESIAN_POINT('',(-1.471083330810E1,-3.81E0,-6.30936E0));
#4761=LINE('',#4760,#4759);
#4762=DIRECTION('',(0.E0,0.E0,1.E0));
#4763=VECTOR('',#4762,1.524E-1);
#4764=CARTESIAN_POINT('',(-1.471083330810E1,-3.431702134907E0,-6.30936E0));
#4765=LINE('',#4764,#4763);
#4766=DIRECTION('',(0.E0,0.E0,1.E0));
#4767=VECTOR('',#4766,1.524E-1);
#4768=CARTESIAN_POINT('',(-1.534583334595E1,-3.431702134907E0,-6.30936E0));
#4769=LINE('',#4768,#4767);
#4770=DIRECTION('',(0.E0,0.E0,1.E0));
#4771=VECTOR('',#4770,1.524E-1);
#4772=CARTESIAN_POINT('',(-1.534583334595E1,-3.269574456811E0,-6.30936E0));
#4773=LINE('',#4772,#4771);
#4774=DIRECTION('',(0.E0,0.E0,1.E0));
#4775=VECTOR('',#4774,1.524E-1);
#4776=CARTESIAN_POINT('',(-1.5160625E1,-3.269574456811E0,-6.30936E0));
#4777=LINE('',#4776,#4775);
#4778=DIRECTION('',(0.E0,0.E0,1.E0));
#4779=VECTOR('',#4778,1.524E-1);
#4780=CARTESIAN_POINT('',(-1.471083330810E1,-3.269574456811E0,-6.30936E0));
#4781=LINE('',#4780,#4779);
#4782=DIRECTION('',(0.E0,0.E0,1.E0));
#4783=VECTOR('',#4782,1.524E-1);
#4784=CARTESIAN_POINT('',(-1.471083330810E1,-2.756170186996E0,-6.30936E0));
#4785=LINE('',#4784,#4783);
#4786=DIRECTION('',(0.E0,-1.E0,0.E0));
#4787=VECTOR('',#4786,2.54E-1);
#4788=CARTESIAN_POINT('',(2.635885E1,-5.72516E0,-1.54178E1));
#4789=LINE('',#4788,#4787);
#4790=DIRECTION('',(0.E0,-1.E0,0.E0));
#4791=VECTOR('',#4790,2.54E-1);
#4792=CARTESIAN_POINT('',(2.068195E1,-5.72516E0,-1.54178E1));
#4793=LINE('',#4792,#4791);
#4794=CARTESIAN_POINT('',(2.35204E1,-5.97916E0,-1.54178E1));
#4795=DIRECTION('',(0.E0,-1.E0,0.E0));
#4796=DIRECTION('',(1.E0,0.E0,0.E0));
#4797=AXIS2_PLACEMENT_3D('',#4794,#4795,#4796);
#4799=CARTESIAN_POINT('',(2.35204E1,-5.97916E0,-1.54178E1));
#4800=DIRECTION('',(0.E0,-1.E0,0.E0));
#4801=DIRECTION('',(-1.E0,0.E0,0.E0));
#4802=AXIS2_PLACEMENT_3D('',#4799,#4800,#4801);
#4804=CARTESIAN_POINT('',(-2.35204E1,-5.97916E0,-1.54178E1));
#4805=DIRECTION('',(0.E0,-1.E0,0.E0));
#4806=DIRECTION('',(1.E0,0.E0,0.E0));
#4807=AXIS2_PLACEMENT_3D('',#4804,#4805,#4806);
#4809=CARTESIAN_POINT('',(-2.35204E1,-5.97916E0,-1.54178E1));
#4810=DIRECTION('',(0.E0,-1.E0,0.E0));
#4811=DIRECTION('',(-1.E0,0.E0,0.E0));
#4812=AXIS2_PLACEMENT_3D('',#4809,#4810,#4811);
#4814=CARTESIAN_POINT('',(2.35204E1,-5.97916E0,-1.54178E1));
#4815=DIRECTION('',(0.E0,1.E0,0.E0));
#4816=DIRECTION('',(1.E0,0.E0,0.E0));
#4817=AXIS2_PLACEMENT_3D('',#4814,#4815,#4816);
#4819=CARTESIAN_POINT('',(2.35204E1,-5.97916E0,-1.54178E1));
#4820=DIRECTION('',(0.E0,1.E0,0.E0));
#4821=DIRECTION('',(-1.E0,0.E0,0.E0));
#4822=AXIS2_PLACEMENT_3D('',#4819,#4820,#4821);
#4824=CARTESIAN_POINT('',(-2.35204E1,-5.97916E0,-1.54178E1));
#4825=DIRECTION('',(0.E0,1.E0,0.E0));
#4826=DIRECTION('',(1.E0,0.E0,0.E0));
#4827=AXIS2_PLACEMENT_3D('',#4824,#4825,#4826);
#4829=CARTESIAN_POINT('',(-2.35204E1,-5.97916E0,-1.54178E1));
#4830=DIRECTION('',(0.E0,1.E0,0.E0));
#4831=DIRECTION('',(-1.E0,0.E0,0.E0));
#4832=AXIS2_PLACEMENT_3D('',#4829,#4830,#4831);
#4834=DIRECTION('',(0.E0,-1.E0,0.E0));
#4835=VECTOR('',#4834,2.54E-1);
#4836=CARTESIAN_POINT('',(-2.068195E1,-5.72516E0,-1.54178E1));
#4837=LINE('',#4836,#4835);
#4838=DIRECTION('',(0.E0,-1.E0,0.E0));
#4839=VECTOR('',#4838,2.54E-1);
#4840=CARTESIAN_POINT('',(-2.635885E1,-5.72516E0,-1.54178E1));
#4841=LINE('',#4840,#4839);
#4842=DIRECTION('',(0.E0,-1.E0,0.E0));
#4843=VECTOR('',#4842,2.54E-1);
#4844=CARTESIAN_POINT('',(2.50698E1,-5.72516E0,-1.54178E1));
#4845=LINE('',#4844,#4843);
#4846=DIRECTION('',(0.E0,-1.E0,0.E0));
#4847=VECTOR('',#4846,2.54E-1);
#4848=CARTESIAN_POINT('',(2.1971E1,-5.72516E0,-1.54178E1));
#4849=LINE('',#4848,#4847);
#4850=DIRECTION('',(0.E0,-1.E0,0.E0));
#4851=VECTOR('',#4850,2.54E-1);
#4852=CARTESIAN_POINT('',(-2.1971E1,-5.72516E0,-1.54178E1));
#4853=LINE('',#4852,#4851);
#4854=DIRECTION('',(0.E0,-1.E0,0.E0));
#4855=VECTOR('',#4854,2.54E-1);
#4856=CARTESIAN_POINT('',(-2.50698E1,-5.72516E0,-1.54178E1));
#4857=LINE('',#4856,#4855);
#4858=DIRECTION('',(0.E0,0.E0,1.E0));
#4859=VECTOR('',#4858,1.4224E0);
#4860=CARTESIAN_POINT('',(-2.453386E1,-7.07136E0,-1.6129E1));
#4861=LINE('',#4860,#4859);
#4862=DIRECTION('',(0.E0,0.E0,1.E0));
#4863=VECTOR('',#4862,1.4224E0);
#4864=CARTESIAN_POINT('',(-2.472775783435E1,-7.452953783435E0,-1.6129E1));
#4865=LINE('',#4864,#4863);
#4866=DIRECTION('',(0.E0,0.E0,1.E0));
#4867=VECTOR('',#4866,1.4224E0);
#4868=CARTESIAN_POINT('',(-2.504091785085E1,-7.681543118418E0,-1.6129E1));
#4869=LINE('',#4868,#4867);
#4870=DIRECTION('',(0.E0,0.E0,1.E0));
#4871=VECTOR('',#4870,1.4224E0);
#4872=CARTESIAN_POINT('',(-2.509155010223E1,-7.929603576881E0,-1.6129E1));
#4873=LINE('',#4872,#4871);
#4874=DIRECTION('',(0.E0,0.E0,1.E0));
#4875=VECTOR('',#4874,1.4224E0);
#4876=CARTESIAN_POINT('',(-2.423213501291E1,-9.371285801527E0,-1.6129E1));
#4877=LINE('',#4876,#4875);
#4878=DIRECTION('',(0.E0,0.E0,1.E0));
#4879=VECTOR('',#4878,1.4224E0);
#4880=CARTESIAN_POINT('',(-2.450703653832E1,-9.53516E0,-1.6129E1));
#4881=LINE('',#4880,#4879);
#4882=DIRECTION('',(0.E0,0.E0,1.E0));
#4883=VECTOR('',#4882,1.4224E0);
#4884=CARTESIAN_POINT('',(-2.536645162764E1,-8.093477775354E0,-1.6129E1));
#4885=LINE('',#4884,#4883);
#4886=DIRECTION('',(0.E0,0.E0,1.E0));
#4887=VECTOR('',#4886,1.4224E0);
#4888=CARTESIAN_POINT('',(-2.522960770500E1,-7.423044103833E0,-1.6129E1));
#4889=LINE('',#4888,#4887);
#4890=DIRECTION('',(0.E0,0.E0,1.E0));
#4891=VECTOR('',#4890,1.4224E0);
#4892=CARTESIAN_POINT('',(-2.491644768850E1,-7.194454768850E0,-1.6129E1));
#4893=LINE('',#4892,#4891);
#4894=DIRECTION('',(0.E0,0.E0,1.E0));
#4895=VECTOR('',#4894,1.4224E0);
#4896=CARTESIAN_POINT('',(-2.48539E1,-7.07136E0,-1.6129E1));
#4897=LINE('',#4896,#4895);
#4898=DIRECTION('',(0.E0,-1.E0,0.E0));
#4899=VECTOR('',#4898,1.3462E0);
#4900=CARTESIAN_POINT('',(2.453386E1,-5.72516E0,-1.47066E1));
#4901=LINE('',#4900,#4899);
#4902=DIRECTION('',(0.E0,1.E0,0.E0));
#4903=VECTOR('',#4902,1.3462E0);
#4904=CARTESIAN_POINT('',(2.48539E1,-7.07136E0,-1.47066E1));
#4905=LINE('',#4904,#4903);
#4906=CARTESIAN_POINT('',(2.50063E1,-7.07136E0,-1.47066E1));
#4907=DIRECTION('',(0.E0,0.E0,-1.E0));
#4908=DIRECTION('',(-5.895820964513E-1,-8.077084570215E-1,0.E0));
#4909=AXIS2_PLACEMENT_3D('',#4906,#4907,#4908);
#4911=DIRECTION('',(-8.077084570215E-1,5.895820964513E-1,0.E0));
#4912=VECTOR('',#4911,3.877141730708E-1);
#4913=CARTESIAN_POINT('',(2.522960770500E1,-7.423044103833E0,-1.47066E1));
#4914=LINE('',#4913,#4912);
#4915=CARTESIAN_POINT('',(2.49301E1,-7.83336E0,-1.47066E1));
#4916=DIRECTION('',(0.E0,0.E0,1.E0));
#4917=DIRECTION('',(8.589598969307E-1,-5.120428648706E-1,0.E0));
#4918=AXIS2_PLACEMENT_3D('',#4915,#4916,#4917);
#4920=DIRECTION('',(5.120428648706E-1,8.589598969307E-1,0.E0));
#4921=VECTOR('',#4920,1.678404579535E0);
#4922=CARTESIAN_POINT('',(2.450703653832E1,-9.53516E0,-1.47066E1));
#4923=LINE('',#4922,#4921);
#4924=DIRECTION('',(8.589598969307E-1,-5.120428648706E-1,0.E0));
#4925=VECTOR('',#4924,3.2004E-1);
#4926=CARTESIAN_POINT('',(2.423213501291E1,-9.371285801527E0,-1.47066E1));
#4927=LINE('',#4926,#4925);
#4928=DIRECTION('',(-5.120428648706E-1,-8.589598969307E-1,0.E0));
#4929=VECTOR('',#4928,1.678404579535E0);
#4930=CARTESIAN_POINT('',(2.509155010223E1,-7.929603576881E0,-1.47066E1));
#4931=LINE('',#4930,#4929);
#4932=CARTESIAN_POINT('',(2.49301E1,-7.83336E0,-1.47066E1));
#4933=DIRECTION('',(0.E0,0.E0,-1.E0));
#4934=DIRECTION('',(5.895820964513E-1,8.077084570215E-1,0.E0));
#4935=AXIS2_PLACEMENT_3D('',#4932,#4933,#4934);
#4937=DIRECTION('',(8.077084570215E-1,-5.895820964513E-1,0.E0));
#4938=VECTOR('',#4937,3.877141730708E-1);
#4939=CARTESIAN_POINT('',(2.472775783435E1,-7.452953783435E0,-1.47066E1));
#4940=LINE('',#4939,#4938);
#4941=CARTESIAN_POINT('',(2.50063E1,-7.07136E0,-1.47066E1));
#4942=DIRECTION('',(0.E0,0.E0,1.E0));
#4943=DIRECTION('',(-1.E0,0.E0,0.E0));
#4944=AXIS2_PLACEMENT_3D('',#4941,#4942,#4943);
#4946=DIRECTION('',(0.E0,-1.E0,0.E0));
#4947=VECTOR('',#4946,1.3462E0);
#4948=CARTESIAN_POINT('',(2.21869E1,-5.72516E0,-1.47066E1));
#4949=LINE('',#4948,#4947);
#4950=DIRECTION('',(0.E0,1.E0,0.E0));
#4951=VECTOR('',#4950,1.3462E0);
#4952=CARTESIAN_POINT('',(2.250694E1,-7.07136E0,-1.47066E1));
#4953=LINE('',#4952,#4951);
#4954=CARTESIAN_POINT('',(2.20345E1,-7.07136E0,-1.47066E1));
#4955=DIRECTION('',(0.E0,0.E0,1.E0));
#4956=DIRECTION('',(5.895820964513E-1,-8.077084570215E-1,0.E0));
#4957=AXIS2_PLACEMENT_3D('',#4954,#4955,#4956);
#4959=DIRECTION('',(8.077084570215E-1,5.895820964513E-1,0.E0));
#4960=VECTOR('',#4959,3.877141730708E-1);
#4961=CARTESIAN_POINT('',(2.199988214915E1,-7.681543118418E0,-1.47066E1));
#4962=LINE('',#4961,#4960);
#4963=CARTESIAN_POINT('',(2.21107E1,-7.83336E0,-1.47066E1));
#4964=DIRECTION('',(0.E0,0.E0,-1.E0));
#4965=DIRECTION('',(-8.589598969307E-1,-5.120428648706E-1,0.E0));
#4966=AXIS2_PLACEMENT_3D('',#4963,#4964,#4965);
#4968=DIRECTION('',(-5.120428648706E-1,8.589598969307E-1,0.E0));
#4969=VECTOR('',#4968,1.678404579535E0);
#4970=CARTESIAN_POINT('',(2.280866498709E1,-9.371285801527E0,-1.47066E1));
#4971=LINE('',#4970,#4969);
#4972=DIRECTION('',(8.589598969307E-1,5.120428648706E-1,0.E0));
#4973=VECTOR('',#4972,3.2004E-1);
#4974=CARTESIAN_POINT('',(2.253376346168E1,-9.53516E0,-1.47066E1));
#4975=LINE('',#4974,#4973);
#4976=DIRECTION('',(5.120428648706E-1,-8.589598969307E-1,0.E0));
#4977=VECTOR('',#4976,1.678404579535E0);
#4978=CARTESIAN_POINT('',(2.167434837236E1,-8.093477775354E0,-1.47066E1));
#4979=LINE('',#4978,#4977);
#4980=CARTESIAN_POINT('',(2.21107E1,-7.83336E0,-1.47066E1));
#4981=DIRECTION('',(0.E0,0.E0,1.E0));
#4982=DIRECTION('',(-5.895820964513E-1,8.077084570215E-1,0.E0));
#4983=AXIS2_PLACEMENT_3D('',#4980,#4981,#4982);
#4985=DIRECTION('',(-8.077084570215E-1,-5.895820964513E-1,0.E0));
#4986=VECTOR('',#4985,3.877141730708E-1);
#4987=CARTESIAN_POINT('',(2.212435231150E1,-7.194454768850E0,-1.47066E1));
#4988=LINE('',#4987,#4986);
#4989=CARTESIAN_POINT('',(2.20345E1,-7.07136E0,-1.47066E1));
#4990=DIRECTION('',(0.E0,0.E0,-1.E0));
#4991=DIRECTION('',(1.E0,-1.165588477297E-14,0.E0));
#4992=AXIS2_PLACEMENT_3D('',#4989,#4990,#4991);
#4994=DIRECTION('',(0.E0,-1.E0,0.E0));
#4995=VECTOR('',#4994,1.3462E0);
#4996=CARTESIAN_POINT('',(-2.48539E1,-5.72516E0,-1.47066E1));
#4997=LINE('',#4996,#4995);
#4998=DIRECTION('',(0.E0,1.E0,0.E0));
#4999=VECTOR('',#4998,1.3462E0);
#5000=CARTESIAN_POINT('',(-2.453386E1,-7.07136E0,-1.47066E1));
#5001=LINE('',#5000,#4999);
#5002=CARTESIAN_POINT('',(-2.50063E1,-7.07136E0,-1.47066E1));
#5003=DIRECTION('',(0.E0,0.E0,1.E0));
#5004=DIRECTION('',(5.895820964513E-1,-8.077084570215E-1,0.E0));
#5005=AXIS2_PLACEMENT_3D('',#5002,#5003,#5004);
#5007=DIRECTION('',(8.077084570215E-1,5.895820964513E-1,0.E0));
#5008=VECTOR('',#5007,3.877141730708E-1);
#5009=CARTESIAN_POINT('',(-2.504091785085E1,-7.681543118418E0,-1.47066E1));
#5010=LINE('',#5009,#5008);
#5011=CARTESIAN_POINT('',(-2.49301E1,-7.83336E0,-1.47066E1));
#5012=DIRECTION('',(0.E0,0.E0,-1.E0));
#5013=DIRECTION('',(-8.589598969307E-1,-5.120428648706E-1,0.E0));
#5014=AXIS2_PLACEMENT_3D('',#5011,#5012,#5013);
#5016=DIRECTION('',(-5.120428648706E-1,8.589598969307E-1,0.E0));
#5017=VECTOR('',#5016,1.678404579535E0);
#5018=CARTESIAN_POINT('',(-2.423213501291E1,-9.371285801527E0,-1.47066E1));
#5019=LINE('',#5018,#5017);
#5020=DIRECTION('',(8.589598969307E-1,5.120428648706E-1,0.E0));
#5021=VECTOR('',#5020,3.2004E-1);
#5022=CARTESIAN_POINT('',(-2.450703653832E1,-9.53516E0,-1.47066E1));
#5023=LINE('',#5022,#5021);
#5024=DIRECTION('',(5.120428648706E-1,-8.589598969307E-1,0.E0));
#5025=VECTOR('',#5024,1.678404579535E0);
#5026=CARTESIAN_POINT('',(-2.536645162764E1,-8.093477775354E0,-1.47066E1));
#5027=LINE('',#5026,#5025);
#5028=CARTESIAN_POINT('',(-2.49301E1,-7.83336E0,-1.47066E1));
#5029=DIRECTION('',(0.E0,0.E0,1.E0));
#5030=DIRECTION('',(-5.895820964513E-1,8.077084570215E-1,0.E0));
#5031=AXIS2_PLACEMENT_3D('',#5028,#5029,#5030);
#5033=DIRECTION('',(-8.077084570215E-1,-5.895820964513E-1,0.E0));
#5034=VECTOR('',#5033,3.877141730708E-1);
#5035=CARTESIAN_POINT('',(-2.491644768850E1,-7.194454768850E0,-1.47066E1));
#5036=LINE('',#5035,#5034);
#5037=CARTESIAN_POINT('',(-2.50063E1,-7.07136E0,-1.47066E1));
#5038=DIRECTION('',(0.E0,0.E0,-1.E0));
#5039=DIRECTION('',(1.E0,-2.972250617107E-13,0.E0));
#5040=AXIS2_PLACEMENT_3D('',#5037,#5038,#5039);
#5042=DIRECTION('',(0.E0,-1.E0,0.E0));
#5043=VECTOR('',#5042,1.3462E0);
#5044=CARTESIAN_POINT('',(-2.250694E1,-5.72516E0,-1.47066E1));
#5045=LINE('',#5044,#5043);
#5046=DIRECTION('',(0.E0,1.E0,0.E0));
#5047=VECTOR('',#5046,1.3462E0);
#5048=CARTESIAN_POINT('',(-2.21869E1,-7.07136E0,-1.47066E1));
#5049=LINE('',#5048,#5047);
#5050=CARTESIAN_POINT('',(-2.20345E1,-7.07136E0,-1.47066E1));
#5051=DIRECTION('',(0.E0,0.E0,-1.E0));
#5052=DIRECTION('',(-5.895820964513E-1,-8.077084570215E-1,0.E0));
#5053=AXIS2_PLACEMENT_3D('',#5050,#5051,#5052);
#5055=DIRECTION('',(-8.077084570215E-1,5.895820964513E-1,0.E0));
#5056=VECTOR('',#5055,3.877141730708E-1);
#5057=CARTESIAN_POINT('',(-2.181119229500E1,-7.423044103833E0,-1.47066E1));
#5058=LINE('',#5057,#5056);
#5059=CARTESIAN_POINT('',(-2.21107E1,-7.83336E0,-1.47066E1));
#5060=DIRECTION('',(0.E0,0.E0,1.E0));
#5061=DIRECTION('',(8.589598969307E-1,-5.120428648706E-1,0.E0));
#5062=AXIS2_PLACEMENT_3D('',#5059,#5060,#5061);
#5064=DIRECTION('',(5.120428648706E-1,8.589598969307E-1,0.E0));
#5065=VECTOR('',#5064,1.678404579535E0);
#5066=CARTESIAN_POINT('',(-2.253376346168E1,-9.53516E0,-1.47066E1));
#5067=LINE('',#5066,#5065);
#5068=DIRECTION('',(8.589598969307E-1,-5.120428648706E-1,0.E0));
#5069=VECTOR('',#5068,3.2004E-1);
#5070=CARTESIAN_POINT('',(-2.280866498709E1,-9.371285801527E0,-1.47066E1));
#5071=LINE('',#5070,#5069);
#5072=DIRECTION('',(-5.120428648706E-1,-8.589598969307E-1,0.E0));
#5073=VECTOR('',#5072,1.678404579535E0);
#5074=CARTESIAN_POINT('',(-2.194924989777E1,-7.929603576881E0,-1.47066E1));
#5075=LINE('',#5074,#5073);
#5076=CARTESIAN_POINT('',(-2.21107E1,-7.83336E0,-1.47066E1));
#5077=DIRECTION('',(0.E0,0.E0,-1.E0));
#5078=DIRECTION('',(5.895820964513E-1,8.077084570215E-1,0.E0));
#5079=AXIS2_PLACEMENT_3D('',#5076,#5077,#5078);
#5081=DIRECTION('',(8.077084570215E-1,-5.895820964513E-1,0.E0));
#5082=VECTOR('',#5081,3.877141730708E-1);
#5083=CARTESIAN_POINT('',(-2.231304216565E1,-7.452953783435E0,-1.47066E1));
#5084=LINE('',#5083,#5082);
#5085=CARTESIAN_POINT('',(-2.20345E1,-7.07136E0,-1.47066E1));
#5086=DIRECTION('',(0.E0,0.E0,1.E0));
#5087=DIRECTION('',(-1.E0,0.E0,0.E0));
#5088=AXIS2_PLACEMENT_3D('',#5085,#5086,#5087);
#5090=DIRECTION('',(0.E0,0.E0,1.E0));
#5091=VECTOR('',#5090,1.4224E0);
#5092=CARTESIAN_POINT('',(2.48539E1,-7.07136E0,-1.6129E1));
#5093=LINE('',#5092,#5091);
#5094=DIRECTION('',(0.E0,0.E0,1.E0));
#5095=VECTOR('',#5094,1.4224E0);
#5096=CARTESIAN_POINT('',(2.491644768850E1,-7.194454768850E0,-1.6129E1));
#5097=LINE('',#5096,#5095);
#5098=DIRECTION('',(0.E0,0.E0,1.E0));
#5099=VECTOR('',#5098,1.4224E0);
#5100=CARTESIAN_POINT('',(2.522960770500E1,-7.423044103833E0,-1.6129E1));
#5101=LINE('',#5100,#5099);
#5102=DIRECTION('',(0.E0,0.E0,1.E0));
#5103=VECTOR('',#5102,1.4224E0);
#5104=CARTESIAN_POINT('',(2.536645162764E1,-8.093477775354E0,-1.6129E1));
#5105=LINE('',#5104,#5103);
#5106=DIRECTION('',(0.E0,0.E0,1.E0));
#5107=VECTOR('',#5106,1.4224E0);
#5108=CARTESIAN_POINT('',(2.450703653832E1,-9.53516E0,-1.6129E1));
#5109=LINE('',#5108,#5107);
#5110=DIRECTION('',(0.E0,0.E0,1.E0));
#5111=VECTOR('',#5110,1.4224E0);
#5112=CARTESIAN_POINT('',(2.423213501291E1,-9.371285801527E0,-1.6129E1));
#5113=LINE('',#5112,#5111);
#5114=DIRECTION('',(0.E0,0.E0,1.E0));
#5115=VECTOR('',#5114,1.4224E0);
#5116=CARTESIAN_POINT('',(2.509155010223E1,-7.929603576881E0,-1.6129E1));
#5117=LINE('',#5116,#5115);
#5118=DIRECTION('',(0.E0,0.E0,1.E0));
#5119=VECTOR('',#5118,1.4224E0);
#5120=CARTESIAN_POINT('',(2.504091785085E1,-7.681543118418E0,-1.6129E1));
#5121=LINE('',#5120,#5119);
#5122=DIRECTION('',(0.E0,0.E0,1.E0));
#5123=VECTOR('',#5122,1.4224E0);
#5124=CARTESIAN_POINT('',(2.472775783435E1,-7.452953783435E0,-1.6129E1));
#5125=LINE('',#5124,#5123);
#5126=DIRECTION('',(0.E0,0.E0,1.E0));
#5127=VECTOR('',#5126,1.4224E0);
#5128=CARTESIAN_POINT('',(2.453386E1,-7.07136E0,-1.6129E1));
#5129=LINE('',#5128,#5127);
#5130=DIRECTION('',(0.E0,0.E0,1.E0));
#5131=VECTOR('',#5130,1.4224E0);
#5132=CARTESIAN_POINT('',(2.21869E1,-7.07136E0,-1.6129E1));
#5133=LINE('',#5132,#5131);
#5134=DIRECTION('',(0.E0,0.E0,1.E0));
#5135=VECTOR('',#5134,1.4224E0);
#5136=CARTESIAN_POINT('',(2.212435231150E1,-7.194454768850E0,-1.6129E1));
#5137=LINE('',#5136,#5135);
#5138=DIRECTION('',(0.E0,0.E0,1.E0));
#5139=VECTOR('',#5138,1.4224E0);
#5140=CARTESIAN_POINT('',(2.181119229500E1,-7.423044103833E0,-1.6129E1));
#5141=LINE('',#5140,#5139);
#5142=DIRECTION('',(0.E0,0.E0,1.E0));
#5143=VECTOR('',#5142,1.4224E0);
#5144=CARTESIAN_POINT('',(2.250694E1,-7.07136E0,-1.6129E1));
#5145=LINE('',#5144,#5143);
#5146=DIRECTION('',(0.E0,0.E0,1.E0));
#5147=VECTOR('',#5146,1.4224E0);
#5148=CARTESIAN_POINT('',(2.231304216565E1,-7.452953783435E0,-1.6129E1));
#5149=LINE('',#5148,#5147);
#5150=DIRECTION('',(0.E0,0.E0,1.E0));
#5151=VECTOR('',#5150,1.4224E0);
#5152=CARTESIAN_POINT('',(2.199988214915E1,-7.681543118418E0,-1.6129E1));
#5153=LINE('',#5152,#5151);
#5154=DIRECTION('',(0.E0,0.E0,1.E0));
#5155=VECTOR('',#5154,1.4224E0);
#5156=CARTESIAN_POINT('',(2.194924989777E1,-7.929603576881E0,-1.6129E1));
#5157=LINE('',#5156,#5155);
#5158=DIRECTION('',(0.E0,0.E0,1.E0));
#5159=VECTOR('',#5158,1.4224E0);
#5160=CARTESIAN_POINT('',(2.280866498709E1,-9.371285801527E0,-1.6129E1));
#5161=LINE('',#5160,#5159);
#5162=DIRECTION('',(0.E0,0.E0,1.E0));
#5163=VECTOR('',#5162,1.4224E0);
#5164=CARTESIAN_POINT('',(2.253376346168E1,-9.53516E0,-1.6129E1));
#5165=LINE('',#5164,#5163);
#5166=DIRECTION('',(0.E0,0.E0,1.E0));
#5167=VECTOR('',#5166,1.4224E0);
#5168=CARTESIAN_POINT('',(-2.250694E1,-7.07136E0,-1.6129E1));
#5169=LINE('',#5168,#5167);
#5170=DIRECTION('',(0.E0,0.E0,1.E0));
#5171=VECTOR('',#5170,1.4224E0);
#5172=CARTESIAN_POINT('',(-2.231304216565E1,-7.452953783435E0,-1.6129E1));
#5173=LINE('',#5172,#5171);
#5174=DIRECTION('',(0.E0,0.E0,1.E0));
#5175=VECTOR('',#5174,1.4224E0);
#5176=CARTESIAN_POINT('',(-2.199988214915E1,-7.681543118418E0,-1.6129E1));
#5177=LINE('',#5176,#5175);
#5178=DIRECTION('',(0.E0,0.E0,1.E0));
#5179=VECTOR('',#5178,1.4224E0);
#5180=CARTESIAN_POINT('',(-2.194924989777E1,-7.929603576881E0,-1.6129E1));
#5181=LINE('',#5180,#5179);
#5182=DIRECTION('',(0.E0,0.E0,1.E0));
#5183=VECTOR('',#5182,1.4224E0);
#5184=CARTESIAN_POINT('',(-2.280866498709E1,-9.371285801527E0,-1.6129E1));
#5185=LINE('',#5184,#5183);
#5186=DIRECTION('',(0.E0,0.E0,1.E0));
#5187=VECTOR('',#5186,1.4224E0);
#5188=CARTESIAN_POINT('',(-2.253376346168E1,-9.53516E0,-1.6129E1));
#5189=LINE('',#5188,#5187);
#5190=DIRECTION('',(0.E0,0.E0,1.E0));
#5191=VECTOR('',#5190,1.4224E0);
#5192=CARTESIAN_POINT('',(-2.167434837236E1,-8.093477775354E0,-1.6129E1));
#5193=LINE('',#5192,#5191);
#5194=DIRECTION('',(0.E0,0.E0,1.E0));
#5195=VECTOR('',#5194,1.4224E0);
#5196=CARTESIAN_POINT('',(-2.181119229500E1,-7.423044103833E0,-1.6129E1));
#5197=LINE('',#5196,#5195);
#5198=DIRECTION('',(0.E0,0.E0,1.E0));
#5199=VECTOR('',#5198,1.4224E0);
#5200=CARTESIAN_POINT('',(-2.212435231150E1,-7.194454768850E0,-1.6129E1));
#5201=LINE('',#5200,#5199);
#5202=DIRECTION('',(0.E0,0.E0,1.E0));
#5203=VECTOR('',#5202,1.4224E0);
#5204=CARTESIAN_POINT('',(-2.21869E1,-7.07136E0,-1.6129E1));
#5205=LINE('',#5204,#5203);
#5206=DIRECTION('',(0.E0,1.E0,0.E0));
#5207=VECTOR('',#5206,1.5748E0);
#5208=CARTESIAN_POINT('',(2.28092E1,-7.29996E0,-1.67513E1));
#5209=LINE('',#5208,#5207);
#5210=DIRECTION('',(0.E0,-1.E0,0.E0));
#5211=VECTOR('',#5210,1.5748E0);
#5212=CARTESIAN_POINT('',(2.28092E1,-5.72516E0,-1.643126E1));
#5213=LINE('',#5212,#5211);
#5214=CARTESIAN_POINT('',(2.28092E1,-7.29996E0,-1.69037E1));
#5215=DIRECTION('',(1.E0,0.E0,0.E0));
#5216=DIRECTION('',(0.E0,0.E0,1.E0));
#5217=AXIS2_PLACEMENT_3D('',#5214,#5215,#5216);
#5219=DIRECTION('',(0.E0,-5.895820964513E-1,-8.077084570215E-1));
#5220=VECTOR('',#5219,3.877141730708E-1);
#5221=CARTESIAN_POINT('',(2.28092E1,-7.681553783435E0,-1.662515783435E1));
#5222=LINE('',#5221,#5220);
#5223=CARTESIAN_POINT('',(2.28092E1,-8.06196E0,-1.68275E1));
#5224=DIRECTION('',(-1.E0,0.E0,0.E0));
#5225=DIRECTION('',(0.E0,8.077084570216E-1,-5.895820964513E-1));
#5226=AXIS2_PLACEMENT_3D('',#5223,#5224,#5225);
#5228=DIRECTION('',(0.E0,-8.309844692743E-1,5.562956155003E-1));
#5229=VECTOR('',#5228,1.432760624715E0);
#5230=CARTESIAN_POINT('',(2.28092E1,-8.166521323889E0,-1.698369184084E1));
#5231=LINE('',#5230,#5229);
#5232=DIRECTION('',(0.E0,-5.562956155003E-1,-8.309844692743E-1));
#5233=VECTOR('',#5232,3.2004E-1);
#5234=CARTESIAN_POINT('',(2.28092E1,-9.357123151215E0,-1.618665338725E1));
#5235=LINE('',#5234,#5233);
#5236=DIRECTION('',(0.E0,8.309844692743E-1,-5.562956155003E-1));
#5237=VECTOR('',#5236,1.432760624715E0);
#5238=CARTESIAN_POINT('',(2.28092E1,-9.53516E0,-1.645260165680E1));
#5239=LINE('',#5238,#5237);
#5240=CARTESIAN_POINT('',(2.28092E1,-8.06196E0,-1.68275E1));
#5241=DIRECTION('',(1.E0,0.E0,0.E0));
#5242=DIRECTION('',(0.E0,-5.562956155003E-1,-8.309844692743E-1));
#5243=AXIS2_PLACEMENT_3D('',#5240,#5241,#5242);
#5245=DIRECTION('',(0.E0,5.895820964513E-1,8.077084570215E-1));
#5246=VECTOR('',#5245,3.877141730708E-1);
#5247=CARTESIAN_POINT('',(2.28092E1,-7.651644103833E0,-1.712700770500E1));
#5248=LINE('',#5247,#5246);
#5249=CARTESIAN_POINT('',(2.28092E1,-7.29996E0,-1.69037E1));
#5250=DIRECTION('',(-1.E0,0.E0,0.E0));
#5251=DIRECTION('',(0.E0,-8.077084570215E-1,5.895820964513E-1));
#5252=AXIS2_PLACEMENT_3D('',#5249,#5250,#5251);
#5254=DIRECTION('',(0.E0,-1.E0,0.E0));
#5255=VECTOR('',#5254,1.5748E0);
#5256=CARTESIAN_POINT('',(2.28092E1,-5.72516E0,-1.40843E1));
#5257=LINE('',#5256,#5255);
#5258=CARTESIAN_POINT('',(2.28092E1,-7.29996E0,-1.39319E1));
#5259=DIRECTION('',(-1.E0,0.E0,0.E0));
#5260=DIRECTION('',(0.E0,0.E0,-1.E0));
#5261=AXIS2_PLACEMENT_3D('',#5258,#5259,#5260);
#5263=DIRECTION('',(0.E0,-5.895820964513E-1,8.077084570215E-1));
#5264=VECTOR('',#5263,3.877141730708E-1);
#5265=CARTESIAN_POINT('',(2.28092E1,-7.423054768850E0,-1.402175231150E1));
#5266=LINE('',#5265,#5264);
#5267=CARTESIAN_POINT('',(2.28092E1,-8.06196E0,-1.40081E1));
#5268=DIRECTION('',(1.E0,0.E0,0.E0));
#5269=DIRECTION('',(0.E0,8.077084570216E-1,5.895820964513E-1));
#5270=AXIS2_PLACEMENT_3D('',#5267,#5268,#5269);
#5272=DIRECTION('',(0.E0,-8.309844692743E-1,-5.562956155003E-1));
#5273=VECTOR('',#5272,1.432760624715E0);
#5274=CARTESIAN_POINT('',(2.28092E1,-8.344558172674E0,-1.358595988961E1));
#5275=LINE('',#5274,#5273);
#5276=DIRECTION('',(0.E0,5.562956155003E-1,-8.309844692743E-1));
#5277=VECTOR('',#5276,3.2004E-1);
#5278=CARTESIAN_POINT('',(2.28092E1,-9.53516E0,-1.438299834320E1));
#5279=LINE('',#5278,#5277);
#5280=DIRECTION('',(0.E0,8.309844692743E-1,5.562956155003E-1));
#5281=VECTOR('',#5280,1.432760624715E0);
#5282=CARTESIAN_POINT('',(2.28092E1,-9.357123151215E0,-1.464894661275E1));
#5283=LINE('',#5282,#5281);
#5284=CARTESIAN_POINT('',(2.28092E1,-8.06196E0,-1.40081E1));
#5285=DIRECTION('',(-1.E0,0.E0,0.E0));
#5286=DIRECTION('',(0.E0,-5.562956155003E-1,8.309844692743E-1));
#5287=AXIS2_PLACEMENT_3D('',#5284,#5285,#5286);
#5289=DIRECTION('',(0.E0,5.895820964513E-1,-8.077084570215E-1));
#5290=VECTOR('',#5289,3.877141730708E-1);
#5291=CARTESIAN_POINT('',(2.28092E1,-7.910143118418E0,-1.389728214915E1));
#5292=LINE('',#5291,#5290);
#5293=CARTESIAN_POINT('',(2.28092E1,-7.29996E0,-1.39319E1));
#5294=DIRECTION('',(1.E0,0.E0,0.E0));
#5295=DIRECTION('',(0.E0,-8.077084570215E-1,-5.895820964513E-1));
#5296=AXIS2_PLACEMENT_3D('',#5293,#5294,#5295);
#5298=DIRECTION('',(0.E0,1.E0,0.E0));
#5299=VECTOR('',#5298,1.5748E0);
#5300=CARTESIAN_POINT('',(2.28092E1,-7.29996E0,-1.440434E1));
#5301=LINE('',#5300,#5299);
#5302=DIRECTION('',(1.E0,0.E0,0.E0));
#5303=VECTOR('',#5302,1.4224E0);
#5304=CARTESIAN_POINT('',(2.28092E1,-7.29996E0,-1.67513E1));
#5305=LINE('',#5304,#5303);
#5306=DIRECTION('',(1.E0,0.E0,0.E0));
#5307=VECTOR('',#5306,1.4224E0);
#5308=CARTESIAN_POINT('',(2.28092E1,-7.423054768850E0,-1.681384768850E1));
#5309=LINE('',#5308,#5307);
#5310=DIRECTION('',(1.E0,0.E0,0.E0));
#5311=VECTOR('',#5310,1.4224E0);
#5312=CARTESIAN_POINT('',(2.28092E1,-7.651644103833E0,-1.712700770500E1));
#5313=LINE('',#5312,#5311);
#5314=DIRECTION('',(1.E0,0.E0,0.E0));
#5315=VECTOR('',#5314,1.4224E0);
#5316=CARTESIAN_POINT('',(2.28092E1,-8.344558172674E0,-1.724964011039E1));
#5317=LINE('',#5316,#5315);
#5318=DIRECTION('',(1.E0,0.E0,0.E0));
#5319=VECTOR('',#5318,1.4224E0);
#5320=CARTESIAN_POINT('',(2.28092E1,-9.53516E0,-1.645260165680E1));
#5321=LINE('',#5320,#5319);
#5322=DIRECTION('',(1.E0,0.E0,0.E0));
#5323=VECTOR('',#5322,1.4224E0);
#5324=CARTESIAN_POINT('',(2.28092E1,-9.357123151215E0,-1.618665338725E1));
#5325=LINE('',#5324,#5323);
#5326=DIRECTION('',(1.E0,0.E0,0.E0));
#5327=VECTOR('',#5326,1.4224E0);
#5328=CARTESIAN_POINT('',(2.28092E1,-8.166521323889E0,-1.698369184084E1));
#5329=LINE('',#5328,#5327);
#5330=DIRECTION('',(1.E0,0.E0,0.E0));
#5331=VECTOR('',#5330,1.4224E0);
#5332=CARTESIAN_POINT('',(2.28092E1,-7.910143118418E0,-1.693831785085E1));
#5333=LINE('',#5332,#5331);
#5334=DIRECTION('',(1.E0,0.E0,0.E0));
#5335=VECTOR('',#5334,1.4224E0);
#5336=CARTESIAN_POINT('',(2.28092E1,-7.681553783435E0,-1.662515783435E1));
#5337=LINE('',#5336,#5335);
#5338=DIRECTION('',(1.E0,0.E0,0.E0));
#5339=VECTOR('',#5338,1.4224E0);
#5340=CARTESIAN_POINT('',(2.28092E1,-7.29996E0,-1.643126E1));
#5341=LINE('',#5340,#5339);
#5342=DIRECTION('',(0.E0,1.E0,0.E0));
#5343=VECTOR('',#5342,1.5748E0);
#5344=CARTESIAN_POINT('',(2.42316E1,-7.29996E0,-1.67513E1));
#5345=LINE('',#5344,#5343);
#5346=CARTESIAN_POINT('',(2.42316E1,-7.29996E0,-1.69037E1));
#5347=DIRECTION('',(-1.E0,0.E0,0.E0));
#5348=DIRECTION('',(0.E0,-8.077084570215E-1,5.895820964513E-1));
#5349=AXIS2_PLACEMENT_3D('',#5346,#5347,#5348);
#5351=DIRECTION('',(0.E0,5.895820964513E-1,8.077084570215E-1));
#5352=VECTOR('',#5351,3.877141730708E-1);
#5353=CARTESIAN_POINT('',(2.42316E1,-7.651644103833E0,-1.712700770500E1));
#5354=LINE('',#5353,#5352);
#5355=CARTESIAN_POINT('',(2.42316E1,-8.06196E0,-1.68275E1));
#5356=DIRECTION('',(1.E0,0.E0,0.E0));
#5357=DIRECTION('',(0.E0,-5.562956155003E-1,-8.309844692743E-1));
#5358=AXIS2_PLACEMENT_3D('',#5355,#5356,#5357);
#5360=DIRECTION('',(0.E0,8.309844692743E-1,-5.562956155003E-1));
#5361=VECTOR('',#5360,1.432760624715E0);
#5362=CARTESIAN_POINT('',(2.42316E1,-9.53516E0,-1.645260165680E1));
#5363=LINE('',#5362,#5361);
#5364=DIRECTION('',(0.E0,-5.562956155003E-1,-8.309844692743E-1));
#5365=VECTOR('',#5364,3.2004E-1);
#5366=CARTESIAN_POINT('',(2.42316E1,-9.357123151215E0,-1.618665338725E1));
#5367=LINE('',#5366,#5365);
#5368=DIRECTION('',(0.E0,-8.309844692743E-1,5.562956155003E-1));
#5369=VECTOR('',#5368,1.432760624715E0);
#5370=CARTESIAN_POINT('',(2.42316E1,-8.166521323889E0,-1.698369184084E1));
#5371=LINE('',#5370,#5369);
#5372=CARTESIAN_POINT('',(2.42316E1,-8.06196E0,-1.68275E1));
#5373=DIRECTION('',(-1.E0,0.E0,0.E0));
#5374=DIRECTION('',(0.E0,8.077084570216E-1,-5.895820964513E-1));
#5375=AXIS2_PLACEMENT_3D('',#5372,#5373,#5374);
#5377=DIRECTION('',(0.E0,-5.895820964513E-1,-8.077084570215E-1));
#5378=VECTOR('',#5377,3.877141730708E-1);
#5379=CARTESIAN_POINT('',(2.42316E1,-7.681553783435E0,-1.662515783435E1));
#5380=LINE('',#5379,#5378);
#5381=CARTESIAN_POINT('',(2.42316E1,-7.29996E0,-1.69037E1));
#5382=DIRECTION('',(1.E0,0.E0,0.E0));
#5383=DIRECTION('',(0.E0,0.E0,1.E0));
#5384=AXIS2_PLACEMENT_3D('',#5381,#5382,#5383);
#5386=DIRECTION('',(0.E0,-1.E0,0.E0));
#5387=VECTOR('',#5386,1.5748E0);
#5388=CARTESIAN_POINT('',(2.42316E1,-5.72516E0,-1.643126E1));
#5389=LINE('',#5388,#5387);
#5390=DIRECTION('',(0.E0,-1.E0,0.E0));
#5391=VECTOR('',#5390,1.5748E0);
#5392=CARTESIAN_POINT('',(2.42316E1,-5.72516E0,-1.40843E1));
#5393=LINE('',#5392,#5391);
#5394=DIRECTION('',(0.E0,1.E0,0.E0));
#5395=VECTOR('',#5394,1.5748E0);
#5396=CARTESIAN_POINT('',(2.42316E1,-7.29996E0,-1.440434E1));
#5397=LINE('',#5396,#5395);
#5398=CARTESIAN_POINT('',(2.42316E1,-7.29996E0,-1.39319E1));
#5399=DIRECTION('',(1.E0,0.E0,0.E0));
#5400=DIRECTION('',(0.E0,-8.077084570215E-1,-5.895820964513E-1));
#5401=AXIS2_PLACEMENT_3D('',#5398,#5399,#5400);
#5403=DIRECTION('',(0.E0,5.895820964513E-1,-8.077084570215E-1));
#5404=VECTOR('',#5403,3.877141730708E-1);
#5405=CARTESIAN_POINT('',(2.42316E1,-7.910143118418E0,-1.389728214915E1));
#5406=LINE('',#5405,#5404);
#5407=CARTESIAN_POINT('',(2.42316E1,-8.06196E0,-1.40081E1));
#5408=DIRECTION('',(-1.E0,0.E0,0.E0));
#5409=DIRECTION('',(0.E0,-5.562956155003E-1,8.309844692743E-1));
#5410=AXIS2_PLACEMENT_3D('',#5407,#5408,#5409);
#5412=DIRECTION('',(0.E0,8.309844692743E-1,5.562956155003E-1));
#5413=VECTOR('',#5412,1.432760624715E0);
#5414=CARTESIAN_POINT('',(2.42316E1,-9.357123151215E0,-1.464894661275E1));
#5415=LINE('',#5414,#5413);
#5416=DIRECTION('',(0.E0,5.562956155003E-1,-8.309844692743E-1));
#5417=VECTOR('',#5416,3.2004E-1);
#5418=CARTESIAN_POINT('',(2.42316E1,-9.53516E0,-1.438299834320E1));
#5419=LINE('',#5418,#5417);
#5420=DIRECTION('',(0.E0,-8.309844692743E-1,-5.562956155003E-1));
#5421=VECTOR('',#5420,1.432760624715E0);
#5422=CARTESIAN_POINT('',(2.42316E1,-8.344558172674E0,-1.358595988961E1));
#5423=LINE('',#5422,#5421);
#5424=CARTESIAN_POINT('',(2.42316E1,-8.06196E0,-1.40081E1));
#5425=DIRECTION('',(1.E0,0.E0,0.E0));
#5426=DIRECTION('',(0.E0,8.077084570216E-1,5.895820964513E-1));
#5427=AXIS2_PLACEMENT_3D('',#5424,#5425,#5426);
#5429=DIRECTION('',(0.E0,-5.895820964513E-1,8.077084570215E-1));
#5430=VECTOR('',#5429,3.877141730708E-1);
#5431=CARTESIAN_POINT('',(2.42316E1,-7.423054768850E0,-1.402175231150E1));
#5432=LINE('',#5431,#5430);
#5433=CARTESIAN_POINT('',(2.42316E1,-7.29996E0,-1.39319E1));
#5434=DIRECTION('',(-1.E0,0.E0,0.E0));
#5435=DIRECTION('',(0.E0,0.E0,-1.E0));
#5436=AXIS2_PLACEMENT_3D('',#5433,#5434,#5435);
#5438=DIRECTION('',(1.E0,0.E0,0.E0));
#5439=VECTOR('',#5438,1.4224E0);
#5440=CARTESIAN_POINT('',(2.28092E1,-7.29996E0,-1.40843E1));
#5441=LINE('',#5440,#5439);
#5442=DIRECTION('',(1.E0,0.E0,0.E0));
#5443=VECTOR('',#5442,1.4224E0);
#5444=CARTESIAN_POINT('',(2.28092E1,-7.423054768850E0,-1.402175231150E1));
#5445=LINE('',#5444,#5443);
#5446=DIRECTION('',(1.E0,0.E0,0.E0));
#5447=VECTOR('',#5446,1.4224E0);
#5448=CARTESIAN_POINT('',(2.28092E1,-7.651644103833E0,-1.370859229500E1));
#5449=LINE('',#5448,#5447);
#5450=DIRECTION('',(1.E0,0.E0,0.E0));
#5451=VECTOR('',#5450,1.4224E0);
#5452=CARTESIAN_POINT('',(2.28092E1,-8.344558172674E0,-1.358595988961E1));
#5453=LINE('',#5452,#5451);
#5454=DIRECTION('',(1.E0,0.E0,0.E0));
#5455=VECTOR('',#5454,1.4224E0);
#5456=CARTESIAN_POINT('',(2.28092E1,-9.53516E0,-1.438299834320E1));
#5457=LINE('',#5456,#5455);
#5458=DIRECTION('',(1.E0,0.E0,0.E0));
#5459=VECTOR('',#5458,1.4224E0);
#5460=CARTESIAN_POINT('',(2.28092E1,-9.357123151215E0,-1.464894661275E1));
#5461=LINE('',#5460,#5459);
#5462=DIRECTION('',(1.E0,0.E0,0.E0));
#5463=VECTOR('',#5462,1.4224E0);
#5464=CARTESIAN_POINT('',(2.28092E1,-8.166521323889E0,-1.385190815916E1));
#5465=LINE('',#5464,#5463);
#5466=DIRECTION('',(1.E0,0.E0,0.E0));
#5467=VECTOR('',#5466,1.4224E0);
#5468=CARTESIAN_POINT('',(2.28092E1,-7.910143118418E0,-1.389728214915E1));
#5469=LINE('',#5468,#5467);
#5470=DIRECTION('',(1.E0,0.E0,0.E0));
#5471=VECTOR('',#5470,1.4224E0);
#5472=CARTESIAN_POINT('',(2.28092E1,-7.681553783435E0,-1.421044216565E1));
#5473=LINE('',#5472,#5471);
#5474=DIRECTION('',(1.E0,0.E0,0.E0));
#5475=VECTOR('',#5474,1.4224E0);
#5476=CARTESIAN_POINT('',(2.28092E1,-7.29996E0,-1.440434E1));
#5477=LINE('',#5476,#5475);
#5478=DIRECTION('',(0.E0,-1.E0,0.E0));
#5479=VECTOR('',#5478,1.5748E0);
#5480=CARTESIAN_POINT('',(-2.28092E1,-5.72516E0,-1.67513E1));
#5481=LINE('',#5480,#5479);
#5482=CARTESIAN_POINT('',(-2.28092E1,-7.29996E0,-1.69037E1));
#5483=DIRECTION('',(1.E0,0.E0,0.E0));
#5484=DIRECTION('',(0.E0,0.E0,1.E0));
#5485=AXIS2_PLACEMENT_3D('',#5482,#5483,#5484);
#5487=DIRECTION('',(0.E0,-5.895820964513E-1,-8.077084570215E-1));
#5488=VECTOR('',#5487,3.877141730708E-1);
#5489=CARTESIAN_POINT('',(-2.28092E1,-7.423054768850E0,-1.681384768850E1));
#5490=LINE('',#5489,#5488);
#5491=CARTESIAN_POINT('',(-2.28092E1,-8.06196E0,-1.68275E1));
#5492=DIRECTION('',(-1.E0,0.E0,0.E0));
#5493=DIRECTION('',(0.E0,8.077084570215E-1,-5.895820964513E-1));
#5494=AXIS2_PLACEMENT_3D('',#5491,#5492,#5493);
#5496=DIRECTION('',(0.E0,-8.309844692743E-1,5.562956155003E-1));
#5497=VECTOR('',#5496,1.432760624715E0);
#5498=CARTESIAN_POINT('',(-2.28092E1,-8.344558172674E0,-1.724964011039E1));
#5499=LINE('',#5498,#5497);
#5500=DIRECTION('',(0.E0,5.562956155003E-1,8.309844692743E-1));
#5501=VECTOR('',#5500,3.2004E-1);
#5502=CARTESIAN_POINT('',(-2.28092E1,-9.53516E0,-1.645260165680E1));
#5503=LINE('',#5502,#5501);
#5504=DIRECTION('',(0.E0,8.309844692743E-1,-5.562956155003E-1));
#5505=VECTOR('',#5504,1.432760624715E0);
#5506=CARTESIAN_POINT('',(-2.28092E1,-9.357123151215E0,-1.618665338725E1));
#5507=LINE('',#5506,#5505);
#5508=CARTESIAN_POINT('',(-2.28092E1,-8.06196E0,-1.68275E1));
#5509=DIRECTION('',(1.E0,0.E0,0.E0));
#5510=DIRECTION('',(0.E0,-5.562956155003E-1,-8.309844692743E-1));
#5511=AXIS2_PLACEMENT_3D('',#5508,#5509,#5510);
#5513=DIRECTION('',(0.E0,5.895820964513E-1,8.077084570215E-1));
#5514=VECTOR('',#5513,3.877141730708E-1);
#5515=CARTESIAN_POINT('',(-2.28092E1,-7.910143118418E0,-1.693831785085E1));
#5516=LINE('',#5515,#5514);
#5517=CARTESIAN_POINT('',(-2.28092E1,-7.29996E0,-1.69037E1));
#5518=DIRECTION('',(-1.E0,0.E0,0.E0));
#5519=DIRECTION('',(0.E0,-8.077084570215E-1,5.895820964513E-1));
#5520=AXIS2_PLACEMENT_3D('',#5517,#5518,#5519);
#5522=DIRECTION('',(0.E0,1.E0,0.E0));
#5523=VECTOR('',#5522,1.5748E0);
#5524=CARTESIAN_POINT('',(-2.28092E1,-7.29996E0,-1.643126E1));
#5525=LINE('',#5524,#5523);
#5526=DIRECTION('',(0.E0,-1.E0,0.E0));
#5527=VECTOR('',#5526,1.5748E0);
#5528=CARTESIAN_POINT('',(-2.28092E1,-5.72516E0,-1.440434E1));
#5529=LINE('',#5528,#5527);
#5530=CARTESIAN_POINT('',(-2.28092E1,-7.29996E0,-1.39319E1));
#5531=DIRECTION('',(-1.E0,0.E0,0.E0));
#5532=DIRECTION('',(0.E0,0.E0,-1.E0));
#5533=AXIS2_PLACEMENT_3D('',#5530,#5531,#5532);
#5535=DIRECTION('',(0.E0,-5.895820964513E-1,8.077084570215E-1));
#5536=VECTOR('',#5535,3.877141730708E-1);
#5537=CARTESIAN_POINT('',(-2.28092E1,-7.681553783435E0,-1.421044216565E1));
#5538=LINE('',#5537,#5536);
#5539=CARTESIAN_POINT('',(-2.28092E1,-8.06196E0,-1.40081E1));
#5540=DIRECTION('',(1.E0,0.E0,0.E0));
#5541=DIRECTION('',(0.E0,8.077084570216E-1,5.895820964512E-1));
#5542=AXIS2_PLACEMENT_3D('',#5539,#5540,#5541);
#5544=DIRECTION('',(0.E0,-8.309844692743E-1,-5.562956155003E-1));
#5545=VECTOR('',#5544,1.432760624715E0);
#5546=CARTESIAN_POINT('',(-2.28092E1,-8.166521323889E0,-1.385190815916E1));
#5547=LINE('',#5546,#5545);
#5548=DIRECTION('',(0.E0,-5.562956155003E-1,8.309844692743E-1));
#5549=VECTOR('',#5548,3.2004E-1);
#5550=CARTESIAN_POINT('',(-2.28092E1,-9.357123151215E0,-1.464894661275E1));
#5551=LINE('',#5550,#5549);
#5552=DIRECTION('',(0.E0,8.309844692743E-1,5.562956155003E-1));
#5553=VECTOR('',#5552,1.432760624715E0);
#5554=CARTESIAN_POINT('',(-2.28092E1,-9.53516E0,-1.438299834320E1));
#5555=LINE('',#5554,#5553);
#5556=CARTESIAN_POINT('',(-2.28092E1,-8.06196E0,-1.40081E1));
#5557=DIRECTION('',(-1.E0,0.E0,0.E0));
#5558=DIRECTION('',(0.E0,-5.562956155003E-1,8.309844692743E-1));
#5559=AXIS2_PLACEMENT_3D('',#5556,#5557,#5558);
#5561=DIRECTION('',(0.E0,5.895820964513E-1,-8.077084570216E-1));
#5562=VECTOR('',#5561,3.877141730708E-1);
#5563=CARTESIAN_POINT('',(-2.28092E1,-7.651644103833E0,-1.370859229500E1));
#5564=LINE('',#5563,#5562);
#5565=CARTESIAN_POINT('',(-2.28092E1,-7.29996E0,-1.39319E1));
#5566=DIRECTION('',(1.E0,0.E0,0.E0));
#5567=DIRECTION('',(0.E0,-8.077084570216E-1,-5.895820964512E-1));
#5568=AXIS2_PLACEMENT_3D('',#5565,#5566,#5567);
#5570=DIRECTION('',(0.E0,1.E0,0.E0));
#5571=VECTOR('',#5570,1.5748E0);
#5572=CARTESIAN_POINT('',(-2.28092E1,-7.29996E0,-1.40843E1));
#5573=LINE('',#5572,#5571);
#5574=DIRECTION('',(0.E0,1.E0,0.E0));
#5575=VECTOR('',#5574,1.5748E0);
#5576=CARTESIAN_POINT('',(-2.42316E1,-7.29996E0,-1.643126E1));
#5577=LINE('',#5576,#5575);
#5578=CARTESIAN_POINT('',(-2.42316E1,-7.29996E0,-1.69037E1));
#5579=DIRECTION('',(-1.E0,0.E0,0.E0));
#5580=DIRECTION('',(0.E0,-8.077084570215E-1,5.895820964513E-1));
#5581=AXIS2_PLACEMENT_3D('',#5578,#5579,#5580);
#5583=DIRECTION('',(0.E0,5.895820964513E-1,8.077084570215E-1));
#5584=VECTOR('',#5583,3.877141730708E-1);
#5585=CARTESIAN_POINT('',(-2.42316E1,-7.910143118418E0,-1.693831785085E1));
#5586=LINE('',#5585,#5584);
#5587=CARTESIAN_POINT('',(-2.42316E1,-8.06196E0,-1.68275E1));
#5588=DIRECTION('',(1.E0,0.E0,0.E0));
#5589=DIRECTION('',(0.E0,-5.562956155003E-1,-8.309844692743E-1));
#5590=AXIS2_PLACEMENT_3D('',#5587,#5588,#5589);
#5592=DIRECTION('',(0.E0,8.309844692743E-1,-5.562956155003E-1));
#5593=VECTOR('',#5592,1.432760624715E0);
#5594=CARTESIAN_POINT('',(-2.42316E1,-9.357123151215E0,-1.618665338725E1));
#5595=LINE('',#5594,#5593);
#5596=DIRECTION('',(0.E0,5.562956155003E-1,8.309844692743E-1));
#5597=VECTOR('',#5596,3.2004E-1);
#5598=CARTESIAN_POINT('',(-2.42316E1,-9.53516E0,-1.645260165680E1));
#5599=LINE('',#5598,#5597);
#5600=DIRECTION('',(0.E0,-8.309844692743E-1,5.562956155003E-1));
#5601=VECTOR('',#5600,1.432760624715E0);
#5602=CARTESIAN_POINT('',(-2.42316E1,-8.344558172674E0,-1.724964011039E1));
#5603=LINE('',#5602,#5601);
#5604=CARTESIAN_POINT('',(-2.42316E1,-8.06196E0,-1.68275E1));
#5605=DIRECTION('',(-1.E0,0.E0,0.E0));
#5606=DIRECTION('',(0.E0,8.077084570215E-1,-5.895820964513E-1));
#5607=AXIS2_PLACEMENT_3D('',#5604,#5605,#5606);
#5609=DIRECTION('',(0.E0,-5.895820964513E-1,-8.077084570215E-1));
#5610=VECTOR('',#5609,3.877141730708E-1);
#5611=CARTESIAN_POINT('',(-2.42316E1,-7.423054768850E0,-1.681384768850E1));
#5612=LINE('',#5611,#5610);
#5613=CARTESIAN_POINT('',(-2.42316E1,-7.29996E0,-1.69037E1));
#5614=DIRECTION('',(1.E0,0.E0,0.E0));
#5615=DIRECTION('',(0.E0,0.E0,1.E0));
#5616=AXIS2_PLACEMENT_3D('',#5613,#5614,#5615);
#5618=DIRECTION('',(0.E0,-1.E0,0.E0));
#5619=VECTOR('',#5618,1.5748E0);
#5620=CARTESIAN_POINT('',(-2.42316E1,-5.72516E0,-1.67513E1));
#5621=LINE('',#5620,#5619);
#5622=DIRECTION('',(0.E0,1.E0,0.E0));
#5623=VECTOR('',#5622,1.5748E0);
#5624=CARTESIAN_POINT('',(-2.42316E1,-7.29996E0,-1.40843E1));
#5625=LINE('',#5624,#5623);
#5626=CARTESIAN_POINT('',(-2.42316E1,-7.29996E0,-1.39319E1));
#5627=DIRECTION('',(1.E0,0.E0,0.E0));
#5628=DIRECTION('',(0.E0,-8.077084570216E-1,-5.895820964512E-1));
#5629=AXIS2_PLACEMENT_3D('',#5626,#5627,#5628);
#5631=DIRECTION('',(0.E0,5.895820964513E-1,-8.077084570215E-1));
#5632=VECTOR('',#5631,3.877141730708E-1);
#5633=CARTESIAN_POINT('',(-2.42316E1,-7.651644103833E0,-1.370859229500E1));
#5634=LINE('',#5633,#5632);
#5635=CARTESIAN_POINT('',(-2.42316E1,-8.06196E0,-1.40081E1));
#5636=DIRECTION('',(-1.E0,0.E0,0.E0));
#5637=DIRECTION('',(0.E0,-5.562956155003E-1,8.309844692743E-1));
#5638=AXIS2_PLACEMENT_3D('',#5635,#5636,#5637);
#5640=DIRECTION('',(0.E0,8.309844692743E-1,5.562956155003E-1));
#5641=VECTOR('',#5640,1.432760624715E0);
#5642=CARTESIAN_POINT('',(-2.42316E1,-9.53516E0,-1.438299834320E1));
#5643=LINE('',#5642,#5641);
#5644=DIRECTION('',(0.E0,-5.562956155003E-1,8.309844692743E-1));
#5645=VECTOR('',#5644,3.2004E-1);
#5646=CARTESIAN_POINT('',(-2.42316E1,-9.357123151215E0,-1.464894661275E1));
#5647=LINE('',#5646,#5645);
#5648=DIRECTION('',(0.E0,-8.309844692743E-1,-5.562956155003E-1));
#5649=VECTOR('',#5648,1.432760624715E0);
#5650=CARTESIAN_POINT('',(-2.42316E1,-8.166521323889E0,-1.385190815916E1));
#5651=LINE('',#5650,#5649);
#5652=CARTESIAN_POINT('',(-2.42316E1,-8.06196E0,-1.40081E1));
#5653=DIRECTION('',(1.E0,0.E0,0.E0));
#5654=DIRECTION('',(0.E0,8.077084570216E-1,5.895820964512E-1));
#5655=AXIS2_PLACEMENT_3D('',#5652,#5653,#5654);
#5657=DIRECTION('',(0.E0,-5.895820964513E-1,8.077084570215E-1));
#5658=VECTOR('',#5657,3.877141730708E-1);
#5659=CARTESIAN_POINT('',(-2.42316E1,-7.681553783435E0,-1.421044216565E1));
#5660=LINE('',#5659,#5658);
#5661=CARTESIAN_POINT('',(-2.42316E1,-7.29996E0,-1.39319E1));
#5662=DIRECTION('',(-1.E0,0.E0,0.E0));
#5663=DIRECTION('',(0.E0,0.E0,-1.E0));
#5664=AXIS2_PLACEMENT_3D('',#5661,#5662,#5663);
#5666=DIRECTION('',(0.E0,-1.E0,0.E0));
#5667=VECTOR('',#5666,1.5748E0);
#5668=CARTESIAN_POINT('',(-2.42316E1,-5.72516E0,-1.440434E1));
#5669=LINE('',#5668,#5667);
#5670=DIRECTION('',(-1.E0,0.E0,0.E0));
#5671=VECTOR('',#5670,1.4224E0);
#5672=CARTESIAN_POINT('',(-2.28092E1,-7.29996E0,-1.643126E1));
#5673=LINE('',#5672,#5671);
#5674=DIRECTION('',(-1.E0,0.E0,0.E0));
#5675=VECTOR('',#5674,1.4224E0);
#5676=CARTESIAN_POINT('',(-2.28092E1,-7.681553783435E0,-1.662515783435E1));
#5677=LINE('',#5676,#5675);
#5678=DIRECTION('',(-1.E0,0.E0,0.E0));
#5679=VECTOR('',#5678,1.4224E0);
#5680=CARTESIAN_POINT('',(-2.28092E1,-7.910143118418E0,-1.693831785085E1));
#5681=LINE('',#5680,#5679);
#5682=DIRECTION('',(-1.E0,0.E0,0.E0));
#5683=VECTOR('',#5682,1.4224E0);
#5684=CARTESIAN_POINT('',(-2.28092E1,-8.166521323889E0,-1.698369184084E1));
#5685=LINE('',#5684,#5683);
#5686=DIRECTION('',(-1.E0,0.E0,0.E0));
#5687=VECTOR('',#5686,1.4224E0);
#5688=CARTESIAN_POINT('',(-2.28092E1,-9.357123151215E0,-1.618665338725E1));
#5689=LINE('',#5688,#5687);
#5690=DIRECTION('',(-1.E0,0.E0,0.E0));
#5691=VECTOR('',#5690,1.4224E0);
#5692=CARTESIAN_POINT('',(-2.28092E1,-9.53516E0,-1.645260165680E1));
#5693=LINE('',#5692,#5691);
#5694=DIRECTION('',(-1.E0,0.E0,0.E0));
#5695=VECTOR('',#5694,1.4224E0);
#5696=CARTESIAN_POINT('',(-2.28092E1,-8.344558172674E0,-1.724964011039E1));
#5697=LINE('',#5696,#5695);
#5698=DIRECTION('',(-1.E0,0.E0,0.E0));
#5699=VECTOR('',#5698,1.4224E0);
#5700=CARTESIAN_POINT('',(-2.28092E1,-7.651644103833E0,-1.712700770500E1));
#5701=LINE('',#5700,#5699);
#5702=DIRECTION('',(-1.E0,0.E0,0.E0));
#5703=VECTOR('',#5702,1.4224E0);
#5704=CARTESIAN_POINT('',(-2.28092E1,-7.423054768850E0,-1.681384768850E1));
#5705=LINE('',#5704,#5703);
#5706=DIRECTION('',(-1.E0,0.E0,0.E0));
#5707=VECTOR('',#5706,1.4224E0);
#5708=CARTESIAN_POINT('',(-2.28092E1,-7.29996E0,-1.67513E1));
#5709=LINE('',#5708,#5707);
#5710=DIRECTION('',(-1.E0,0.E0,0.E0));
#5711=VECTOR('',#5710,1.4224E0);
#5712=CARTESIAN_POINT('',(-2.28092E1,-7.29996E0,-1.40843E1));
#5713=LINE('',#5712,#5711);
#5714=DIRECTION('',(-1.E0,0.E0,0.E0));
#5715=VECTOR('',#5714,1.4224E0);
#5716=CARTESIAN_POINT('',(-2.28092E1,-7.423054768850E0,-1.402175231150E1));
#5717=LINE('',#5716,#5715);
#5718=DIRECTION('',(-1.E0,0.E0,0.E0));
#5719=VECTOR('',#5718,1.4224E0);
#5720=CARTESIAN_POINT('',(-2.28092E1,-7.651644103833E0,-1.370859229500E1));
#5721=LINE('',#5720,#5719);
#5722=DIRECTION('',(-1.E0,0.E0,0.E0));
#5723=VECTOR('',#5722,1.4224E0);
#5724=CARTESIAN_POINT('',(-2.28092E1,-8.344558172674E0,-1.358595988961E1));
#5725=LINE('',#5724,#5723);
#5726=DIRECTION('',(-1.E0,0.E0,0.E0));
#5727=VECTOR('',#5726,1.4224E0);
#5728=CARTESIAN_POINT('',(-2.28092E1,-9.53516E0,-1.438299834320E1));
#5729=LINE('',#5728,#5727);
#5730=DIRECTION('',(-1.E0,0.E0,0.E0));
#5731=VECTOR('',#5730,1.4224E0);
#5732=CARTESIAN_POINT('',(-2.28092E1,-9.357123151215E0,-1.464894661275E1));
#5733=LINE('',#5732,#5731);
#5734=DIRECTION('',(-1.E0,0.E0,0.E0));
#5735=VECTOR('',#5734,1.4224E0);
#5736=CARTESIAN_POINT('',(-2.28092E1,-8.166521323889E0,-1.385190815916E1));
#5737=LINE('',#5736,#5735);
#5738=DIRECTION('',(-1.E0,0.E0,0.E0));
#5739=VECTOR('',#5738,1.4224E0);
#5740=CARTESIAN_POINT('',(-2.28092E1,-7.910143118418E0,-1.389728214915E1));
#5741=LINE('',#5740,#5739);
#5742=DIRECTION('',(-1.E0,0.E0,0.E0));
#5743=VECTOR('',#5742,1.4224E0);
#5744=CARTESIAN_POINT('',(-2.28092E1,-7.681553783435E0,-1.421044216565E1));
#5745=LINE('',#5744,#5743);
#5746=DIRECTION('',(-1.E0,0.E0,0.E0));
#5747=VECTOR('',#5746,1.4224E0);
#5748=CARTESIAN_POINT('',(-2.28092E1,-7.29996E0,-1.440434E1));
#5749=LINE('',#5748,#5747);
#5750=CARTESIAN_POINT('',(-2.6543E1,-3.3528E0,-1.860296E1));
#5751=CARTESIAN_POINT('',(-2.6543E1,-3.3528E0,-9.73836E0));
#5752=VERTEX_POINT('',#5750);
#5753=VERTEX_POINT('',#5751);
#5754=CARTESIAN_POINT('',(2.6543E1,-3.3528E0,-1.860296E1));
#5755=CARTESIAN_POINT('',(2.6543E1,-3.3528E0,-9.73836E0));
#5756=VERTEX_POINT('',#5754);
#5757=VERTEX_POINT('',#5755);
#5758=CARTESIAN_POINT('',(1.89738E1,-5.207E0,-6.30936E0));
#5759=CARTESIAN_POINT('',(-1.89738E1,-5.207E0,-6.30936E0));
#5760=VERTEX_POINT('',#5758);
#5761=VERTEX_POINT('',#5759);
#5762=CARTESIAN_POINT('',(1.89738E1,-6.2738E0,-1.860296E1));
#5763=CARTESIAN_POINT('',(1.89738E1,-6.2738E0,-6.30936E0));
#5764=VERTEX_POINT('',#5762);
#5765=VERTEX_POINT('',#5763);
#5766=CARTESIAN_POINT('',(-1.89738E1,-6.2738E0,-6.30936E0));
#5767=VERTEX_POINT('',#5766);
#5768=CARTESIAN_POINT('',(-1.89738E1,-6.2738E0,-1.860296E1));
#5769=VERTEX_POINT('',#5768);
#5770=CARTESIAN_POINT('',(2.16789E1,-5.3086E0,-1.225296E1));
#5771=CARTESIAN_POINT('',(2.0447E1,-5.3086E0,-1.225296E1));
#5772=VERTEX_POINT('',#5770);
#5773=VERTEX_POINT('',#5771);
#5774=CARTESIAN_POINT('',(2.16789E1,-6.2738E0,-1.225296E1));
#5775=CARTESIAN_POINT('',(2.0447E1,-6.2738E0,-1.225296E1));
#5776=VERTEX_POINT('',#5774);
#5777=VERTEX_POINT('',#5775);
#5778=CARTESIAN_POINT('',(2.0447E1,-6.2738E0,-1.860296E1));
#5779=VERTEX_POINT('',#5778);
#5780=CARTESIAN_POINT('',(-2.6543E1,-5.3086E0,-1.860296E1));
#5781=CARTESIAN_POINT('',(-2.0447E1,-5.3086E0,-1.860296E1));
#5782=VERTEX_POINT('',#5780);
#5783=VERTEX_POINT('',#5781);
#5784=CARTESIAN_POINT('',(2.0447E1,-5.3086E0,-1.860296E1));
#5785=CARTESIAN_POINT('',(2.6543E1,-5.3086E0,-1.860296E1));
#5786=VERTEX_POINT('',#5784);
#5787=VERTEX_POINT('',#5785);
#5788=CARTESIAN_POINT('',(-2.0447E1,-6.2738E0,-1.860296E1));
#5789=VERTEX_POINT('',#5788);
#5790=CARTESIAN_POINT('',(-2.51079E1,3.302E0,-8.54456E0));
#5791=CARTESIAN_POINT('',(-2.51079E1,3.302E0,-7.57936E0));
#5792=VERTEX_POINT('',#5790);
#5793=VERTEX_POINT('',#5791);
#5794=CARTESIAN_POINT('',(-2.19329E1,3.302E0,-7.57936E0));
#5795=VERTEX_POINT('',#5794);
#5796=CARTESIAN_POINT('',(-2.19329E1,3.302E0,-8.54456E0));
#5797=VERTEX_POINT('',#5796);
#5798=CARTESIAN_POINT('',(2.19329E1,3.302E0,-8.54456E0));
#5799=VERTEX_POINT('',#5798);
#5800=CARTESIAN_POINT('',(2.19329E1,3.302E0,-7.57936E0));
#5801=VERTEX_POINT('',#5800);
#5802=CARTESIAN_POINT('',(2.51079E1,3.302E0,-7.57936E0));
#5803=VERTEX_POINT('',#5802);
#5804=CARTESIAN_POINT('',(2.51079E1,3.302E0,-8.54456E0));
#5805=VERTEX_POINT('',#5804);
#5806=CARTESIAN_POINT('',(-2.6543E1,4.699E0,-8.54456E0));
#5807=CARTESIAN_POINT('',(-2.6543E1,3.302E0,-8.54456E0));
#5808=VERTEX_POINT('',#5806);
#5809=VERTEX_POINT('',#5807);
#5810=CARTESIAN_POINT('',(2.6543E1,4.699E0,-8.54456E0));
#5811=CARTESIAN_POINT('',(2.6543E1,3.302E0,-8.54456E0));
#5812=VERTEX_POINT('',#5810);
#5813=VERTEX_POINT('',#5811);
#5814=CARTESIAN_POINT('',(-2.19329E1,6.2738E0,-7.57936E0));
#5815=CARTESIAN_POINT('',(-2.19329E1,6.2738E0,-8.54456E0));
#5816=VERTEX_POINT('',#5814);
#5817=VERTEX_POINT('',#5815);
#5818=CARTESIAN_POINT('',(2.19329E1,6.2738E0,-8.54456E0));
#5819=VERTEX_POINT('',#5818);
#5820=CARTESIAN_POINT('',(2.19329E1,6.2738E0,-7.57936E0));
#5821=VERTEX_POINT('',#5820);
#5822=CARTESIAN_POINT('',(-2.51079E1,6.267591390388E0,-8.54456E0));
#5823=VERTEX_POINT('',#5822);
#5824=CARTESIAN_POINT('',(-2.51079E1,6.267591390388E0,-7.57936E0));
#5825=VERTEX_POINT('',#5824);
#5826=CARTESIAN_POINT('',(2.51079E1,6.267591390388E0,-7.57936E0));
#5827=VERTEX_POINT('',#5826);
#5828=CARTESIAN_POINT('',(2.51079E1,6.267591390388E0,-8.54456E0));
#5829=VERTEX_POINT('',#5828);
#5830=CARTESIAN_POINT('',(-1.737106E1,4.60756E0,0.E0));
#5831=CARTESIAN_POINT('',(-1.987247169265E1,1.626493628726E0,0.E0));
#5832=VERTEX_POINT('',#5830);
#5833=VERTEX_POINT('',#5831);
#5834=CARTESIAN_POINT('',(-1.914333846818E1,-2.508626371274E0,0.E0));
#5835=VERTEX_POINT('',#5834);
#5836=CARTESIAN_POINT('',(-1.664192677553E1,-4.60756E0,0.E0));
#5837=VERTEX_POINT('',#5836);
#5838=CARTESIAN_POINT('',(1.664192677553E1,-4.60756E0,0.E0));
#5839=VERTEX_POINT('',#5838);
#5840=CARTESIAN_POINT('',(1.914333846818E1,-2.508626371274E0,0.E0));
#5841=VERTEX_POINT('',#5840);
#5842=CARTESIAN_POINT('',(1.987247169265E1,1.626493628726E0,0.E0));
#5843=VERTEX_POINT('',#5842);
#5844=CARTESIAN_POINT('',(1.737106E1,4.60756E0,0.E0));
#5845=VERTEX_POINT('',#5844);
#5846=CARTESIAN_POINT('',(-1.737106E1,4.60756E0,-5.8928E0));
#5847=CARTESIAN_POINT('',(-1.987247169265E1,1.626493628726E0,-5.8928E0));
#5848=VERTEX_POINT('',#5846);
#5849=VERTEX_POINT('',#5847);
#5850=CARTESIAN_POINT('',(-1.914333846818E1,-2.508626371274E0,-5.8928E0));
#5851=VERTEX_POINT('',#5850);
#5852=CARTESIAN_POINT('',(-1.664192677553E1,-4.60756E0,-5.8928E0));
#5853=VERTEX_POINT('',#5852);
#5854=CARTESIAN_POINT('',(1.664192677553E1,-4.60756E0,-5.8928E0));
#5855=VERTEX_POINT('',#5854);
#5856=CARTESIAN_POINT('',(1.914333846818E1,-2.508626371274E0,-5.8928E0));
#5857=VERTEX_POINT('',#5856);
#5858=CARTESIAN_POINT('',(1.987247169265E1,1.626493628726E0,-5.8928E0));
#5859=VERTEX_POINT('',#5858);
#5860=CARTESIAN_POINT('',(1.737106E1,4.60756E0,-5.8928E0));
#5861=VERTEX_POINT('',#5860);
#5862=CARTESIAN_POINT('',(-1.737106E1,4.191E0,0.E0));
#5863=CARTESIAN_POINT('',(1.737106E1,4.191E0,0.E0));
#5864=VERTEX_POINT('',#5862);
#5865=VERTEX_POINT('',#5863);
#5866=CARTESIAN_POINT('',(1.946224017506E1,1.698828513615E0,0.E0));
#5867=VERTEX_POINT('',#5866);
#5868=CARTESIAN_POINT('',(1.873310695059E1,-2.436291486385E0,0.E0));
#5869=VERTEX_POINT('',#5868);
#5870=CARTESIAN_POINT('',(1.664192677553E1,-4.191E0,0.E0));
#5871=VERTEX_POINT('',#5870);
#5872=CARTESIAN_POINT('',(-1.664192677553E1,-4.191E0,0.E0));
#5873=VERTEX_POINT('',#5872);
#5874=CARTESIAN_POINT('',(-1.873310695059E1,-2.436291486385E0,0.E0));
#5875=VERTEX_POINT('',#5874);
#5876=CARTESIAN_POINT('',(-1.946224017506E1,1.698828513615E0,0.E0));
#5877=VERTEX_POINT('',#5876);
#5878=CARTESIAN_POINT('',(-1.737106E1,4.191E0,-6.30936E0));
#5879=CARTESIAN_POINT('',(-1.946224017506E1,1.698828513615E0,-6.30936E0));
#5880=VERTEX_POINT('',#5878);
#5881=VERTEX_POINT('',#5879);
#5882=CARTESIAN_POINT('',(-1.873310695059E1,-2.436291486385E0,-6.30936E0));
#5883=VERTEX_POINT('',#5882);
#5884=CARTESIAN_POINT('',(-1.664192677553E1,-4.191E0,-6.30936E0));
#5885=VERTEX_POINT('',#5884);
#5886=CARTESIAN_POINT('',(1.664192677553E1,-4.191E0,-6.30936E0));
#5887=VERTEX_POINT('',#5886);
#5888=CARTESIAN_POINT('',(1.873310695059E1,-2.436291486385E0,-6.30936E0));
#5889=VERTEX_POINT('',#5888);
#5890=CARTESIAN_POINT('',(1.946224017506E1,1.698828513615E0,-6.30936E0));
#5891=VERTEX_POINT('',#5890);
#5892=CARTESIAN_POINT('',(1.737106E1,4.191E0,-6.30936E0));
#5893=VERTEX_POINT('',#5892);
#5894=CARTESIAN_POINT('',(-2.6543E1,-5.3086E0,-6.30936E0));
#5895=CARTESIAN_POINT('',(-2.6543E1,-3.734371628645E0,-6.30936E0));
#5896=VERTEX_POINT('',#5894);
#5897=VERTEX_POINT('',#5895);
#5898=CARTESIAN_POINT('',(2.6543E1,-5.3086E0,-6.30936E0));
#5899=CARTESIAN_POINT('',(2.6543E1,-3.734371628645E0,-6.30936E0));
#5900=VERTEX_POINT('',#5898);
#5901=VERTEX_POINT('',#5899);
#5902=CARTESIAN_POINT('',(2.16789E1,-6.2738E0,-5.8928E0));
#5903=CARTESIAN_POINT('',(2.16789E1,-5.3086E0,-5.8928E0));
#5904=VERTEX_POINT('',#5902);
#5905=VERTEX_POINT('',#5903);
#5906=CARTESIAN_POINT('',(-2.16789E1,-6.2738E0,-5.8928E0));
#5907=VERTEX_POINT('',#5906);
#5908=CARTESIAN_POINT('',(-2.24409E1,6.2738E0,-7.99592E0));
#5909=CARTESIAN_POINT('',(-2.24409E1,4.8768E0,-7.99592E0));
#5910=VERTEX_POINT('',#5908);
#5911=VERTEX_POINT('',#5909);
#5912=CARTESIAN_POINT('',(-2.45999E1,4.8768E0,-7.99592E0));
#5913=VERTEX_POINT('',#5912);
#5914=CARTESIAN_POINT('',(-2.45999E1,6.2738E0,-7.99592E0));
#5915=VERTEX_POINT('',#5914);
#5916=CARTESIAN_POINT('',(2.24409E1,6.2738E0,-7.99592E0));
#5917=CARTESIAN_POINT('',(2.45999E1,6.2738E0,-7.99592E0));
#5918=VERTEX_POINT('',#5916);
#5919=VERTEX_POINT('',#5917);
#5920=CARTESIAN_POINT('',(2.45999E1,4.8768E0,-7.99592E0));
#5921=VERTEX_POINT('',#5920);
#5922=CARTESIAN_POINT('',(2.24409E1,4.8768E0,-7.99592E0));
#5923=VERTEX_POINT('',#5922);
#5924=CARTESIAN_POINT('',(-2.24409E1,6.2738E0,-7.57936E0));
#5925=CARTESIAN_POINT('',(-2.24409E1,4.8768E0,-7.57936E0));
#5926=VERTEX_POINT('',#5924);
#5927=VERTEX_POINT('',#5925);
#5928=CARTESIAN_POINT('',(-2.45999E1,4.8768E0,-7.57936E0));
#5929=VERTEX_POINT('',#5928);
#5930=CARTESIAN_POINT('',(-2.45999E1,6.2738E0,-7.57936E0));
#5931=VERTEX_POINT('',#5930);
#5932=CARTESIAN_POINT('',(2.45999E1,6.2738E0,-7.57936E0));
#5933=CARTESIAN_POINT('',(2.45999E1,4.8768E0,-7.57936E0));
#5934=VERTEX_POINT('',#5932);
#5935=VERTEX_POINT('',#5933);
#5936=CARTESIAN_POINT('',(2.24409E1,4.8768E0,-7.57936E0));
#5937=VERTEX_POINT('',#5936);
#5938=CARTESIAN_POINT('',(2.24409E1,6.2738E0,-7.57936E0));
#5939=VERTEX_POINT('',#5938);
#5940=CARTESIAN_POINT('',(-2.49682E1,6.2738E0,-7.57936E0));
#5941=VERTEX_POINT('',#5940);
#5942=CARTESIAN_POINT('',(2.49682E1,6.2738E0,-7.57936E0));
#5943=VERTEX_POINT('',#5942);
#5944=CARTESIAN_POINT('',(2.05994E1,-5.72516E0,-1.26492E1));
#5945=CARTESIAN_POINT('',(2.05994E1,-5.72516E0,-1.69164E1));
#5946=VERTEX_POINT('',#5944);
#5947=VERTEX_POINT('',#5945);
#5948=CARTESIAN_POINT('',(2.21742E1,-5.72516E0,-1.84912E1));
#5949=CARTESIAN_POINT('',(2.48666E1,-5.72516E0,-1.84912E1));
#5950=VERTEX_POINT('',#5948);
#5951=VERTEX_POINT('',#5949);
#5952=CARTESIAN_POINT('',(2.64414E1,-5.72516E0,-1.69164E1));
#5953=CARTESIAN_POINT('',(2.64414E1,-5.72516E0,-1.26492E1));
#5954=VERTEX_POINT('',#5952);
#5955=VERTEX_POINT('',#5953);
#5956=CARTESIAN_POINT('',(2.05994E1,-5.3086E0,-1.26492E1));
#5957=CARTESIAN_POINT('',(2.05994E1,-5.3086E0,-1.69164E1));
#5958=VERTEX_POINT('',#5956);
#5959=VERTEX_POINT('',#5957);
#5960=CARTESIAN_POINT('',(2.21742E1,-5.3086E0,-1.84912E1));
#5961=CARTESIAN_POINT('',(2.48666E1,-5.3086E0,-1.84912E1));
#5962=VERTEX_POINT('',#5960);
#5963=VERTEX_POINT('',#5961);
#5964=CARTESIAN_POINT('',(2.64414E1,-5.3086E0,-1.26492E1));
#5965=CARTESIAN_POINT('',(2.64414E1,-5.3086E0,-1.69164E1));
#5966=VERTEX_POINT('',#5964);
#5967=VERTEX_POINT('',#5965);
#5968=CARTESIAN_POINT('',(-1.60528E1,1.4224E0,-1.35636E0));
#5969=CARTESIAN_POINT('',(-1.70688E1,1.4224E0,-1.35636E0));
#5970=VERTEX_POINT('',#5968);
#5971=VERTEX_POINT('',#5969);
#5972=CARTESIAN_POINT('',(-1.60528E1,1.4224E0,-6.30936E0));
#5973=CARTESIAN_POINT('',(-1.70688E1,1.4224E0,-6.30936E0));
#5974=VERTEX_POINT('',#5972);
#5975=VERTEX_POINT('',#5973);
#5976=CARTESIAN_POINT('',(-1.62306E1,-9.4488E0,-1.68402E1));
#5977=CARTESIAN_POINT('',(-1.6891E1,-9.4488E0,-1.68402E1));
#5978=VERTEX_POINT('',#5976);
#5979=VERTEX_POINT('',#5977);
#5980=CARTESIAN_POINT('',(-1.62306E1,-5.207E0,-1.68402E1));
#5981=CARTESIAN_POINT('',(-1.6891E1,-5.207E0,-1.68402E1));
#5982=VERTEX_POINT('',#5980);
#5983=VERTEX_POINT('',#5981);
#5984=CARTESIAN_POINT('',(-1.9177E1,3.302E0,-1.758696E1));
#5985=CARTESIAN_POINT('',(1.9177E1,3.302E0,-1.758696E1));
#5986=VERTEX_POINT('',#5984);
#5987=VERTEX_POINT('',#5985);
#5988=CARTESIAN_POINT('',(-1.9177E1,-3.3528E0,-9.73836E0));
#5989=CARTESIAN_POINT('',(-1.9177E1,-3.3528E0,-1.758696E1));
#5990=VERTEX_POINT('',#5988);
#5991=VERTEX_POINT('',#5989);
#5992=CARTESIAN_POINT('',(1.9177E1,-3.3528E0,-9.73836E0));
#5993=CARTESIAN_POINT('',(1.9177E1,-3.3528E0,-1.758696E1));
#5994=VERTEX_POINT('',#5992);
#5995=VERTEX_POINT('',#5993);
#5996=CARTESIAN_POINT('',(-1.9177E1,3.302E0,-9.73836E0));
#5997=VERTEX_POINT('',#5996);
#5998=CARTESIAN_POINT('',(1.9177E1,3.302E0,-9.73836E0));
#5999=VERTEX_POINT('',#5998);
#6000=CARTESIAN_POINT('',(-2.6543E1,3.302E0,-9.73836E0));
#6001=VERTEX_POINT('',#6000);
#6002=CARTESIAN_POINT('',(2.6543E1,3.302E0,-9.73836E0));
#6003=VERTEX_POINT('',#6002);
#6004=CARTESIAN_POINT('',(-2.6035E1,1.158418231901E0,-1.062736E1));
#6005=CARTESIAN_POINT('',(-2.578091961703E1,1.598498364406E0,-1.062736E1));
#6006=VERTEX_POINT('',#6004);
#6007=VERTEX_POINT('',#6005);
#6008=CARTESIAN_POINT('',(-2.377448038297E1,2.756916596307E0,-1.062736E1));
#6009=VERTEX_POINT('',#6008);
#6010=CARTESIAN_POINT('',(-2.326631961703E1,2.756916596307E0,-1.062736E1));
#6011=VERTEX_POINT('',#6010);
#6012=CARTESIAN_POINT('',(-2.125988038297E1,1.598498364406E0,-1.062736E1));
#6013=VERTEX_POINT('',#6012);
#6014=CARTESIAN_POINT('',(-2.10058E1,1.158418231901E0,-1.062736E1));
#6015=VERTEX_POINT('',#6014);
#6016=CARTESIAN_POINT('',(-2.10058E1,-1.158418231901E0,-1.062736E1));
#6017=VERTEX_POINT('',#6016);
#6018=CARTESIAN_POINT('',(-2.125988038297E1,-1.598498364406E0,-1.062736E1));
#6019=VERTEX_POINT('',#6018);
#6020=CARTESIAN_POINT('',(-2.326631961703E1,-2.756916596307E0,-1.062736E1));
#6021=VERTEX_POINT('',#6020);
#6022=CARTESIAN_POINT('',(-2.377448038297E1,-2.756916596307E0,-1.062736E1));
#6023=VERTEX_POINT('',#6022);
#6024=CARTESIAN_POINT('',(-2.578091961703E1,-1.598498364406E0,-1.062736E1));
#6025=VERTEX_POINT('',#6024);
#6026=CARTESIAN_POINT('',(-2.6035E1,-1.158418231901E0,-1.062736E1));
#6027=VERTEX_POINT('',#6026);
#6028=CARTESIAN_POINT('',(2.6035E1,1.158418231901E0,-1.062736E1));
#6029=CARTESIAN_POINT('',(2.6035E1,-1.158418231901E0,-1.062736E1));
#6030=VERTEX_POINT('',#6028);
#6031=VERTEX_POINT('',#6029);
#6032=CARTESIAN_POINT('',(2.578091961703E1,-1.598498364406E0,-1.062736E1));
#6033=VERTEX_POINT('',#6032);
#6034=CARTESIAN_POINT('',(2.377448038297E1,-2.756916596307E0,-1.062736E1));
#6035=VERTEX_POINT('',#6034);
#6036=CARTESIAN_POINT('',(2.326631961703E1,-2.756916596307E0,-1.062736E1));
#6037=VERTEX_POINT('',#6036);
#6038=CARTESIAN_POINT('',(2.125988038297E1,-1.598498364406E0,-1.062736E1));
#6039=VERTEX_POINT('',#6038);
#6040=CARTESIAN_POINT('',(2.10058E1,-1.158418231901E0,-1.062736E1));
#6041=VERTEX_POINT('',#6040);
#6042=CARTESIAN_POINT('',(2.10058E1,1.158418231901E0,-1.062736E1));
#6043=VERTEX_POINT('',#6042);
#6044=CARTESIAN_POINT('',(2.125988038297E1,1.598498364406E0,-1.062736E1));
#6045=VERTEX_POINT('',#6044);
#6046=CARTESIAN_POINT('',(2.326631961703E1,2.756916596307E0,-1.062736E1));
#6047=VERTEX_POINT('',#6046);
#6048=CARTESIAN_POINT('',(2.377448038297E1,2.756916596307E0,-1.062736E1));
#6049=VERTEX_POINT('',#6048);
#6050=CARTESIAN_POINT('',(2.578091961703E1,1.598498364406E0,-1.062736E1));
#6051=VERTEX_POINT('',#6050);
#6052=CARTESIAN_POINT('',(-2.6035E1,1.158418231901E0,-9.73836E0));
#6053=CARTESIAN_POINT('',(-2.578091961703E1,1.598498364406E0,-9.73836E0));
#6054=VERTEX_POINT('',#6052);
#6055=VERTEX_POINT('',#6053);
#6056=CARTESIAN_POINT('',(-2.377448038297E1,2.756916596307E0,-9.73836E0));
#6057=VERTEX_POINT('',#6056);
#6058=CARTESIAN_POINT('',(-2.326631961703E1,2.756916596307E0,-9.73836E0));
#6059=VERTEX_POINT('',#6058);
#6060=CARTESIAN_POINT('',(-2.125988038297E1,1.598498364406E0,-9.73836E0));
#6061=VERTEX_POINT('',#6060);
#6062=CARTESIAN_POINT('',(-2.10058E1,1.158418231901E0,-9.73836E0));
#6063=VERTEX_POINT('',#6062);
#6064=CARTESIAN_POINT('',(-2.10058E1,-1.158418231901E0,-9.73836E0));
#6065=VERTEX_POINT('',#6064);
#6066=CARTESIAN_POINT('',(-2.125988038297E1,-1.598498364406E0,-9.73836E0));
#6067=VERTEX_POINT('',#6066);
#6068=CARTESIAN_POINT('',(-2.326631961703E1,-2.756916596307E0,-9.73836E0));
#6069=VERTEX_POINT('',#6068);
#6070=CARTESIAN_POINT('',(-2.377448038297E1,-2.756916596307E0,-9.73836E0));
#6071=VERTEX_POINT('',#6070);
#6072=CARTESIAN_POINT('',(-2.578091961703E1,-1.598498364406E0,-9.73836E0));
#6073=VERTEX_POINT('',#6072);
#6074=CARTESIAN_POINT('',(-2.6035E1,-1.158418231901E0,-9.73836E0));
#6075=VERTEX_POINT('',#6074);
#6076=CARTESIAN_POINT('',(2.6035E1,1.158418231901E0,-9.73836E0));
#6077=CARTESIAN_POINT('',(2.6035E1,-1.158418231901E0,-9.73836E0));
#6078=VERTEX_POINT('',#6076);
#6079=VERTEX_POINT('',#6077);
#6080=CARTESIAN_POINT('',(2.578091961703E1,-1.598498364406E0,-9.73836E0));
#6081=VERTEX_POINT('',#6080);
#6082=CARTESIAN_POINT('',(2.377448038297E1,-2.756916596307E0,-9.73836E0));
#6083=VERTEX_POINT('',#6082);
#6084=CARTESIAN_POINT('',(2.326631961703E1,-2.756916596307E0,-9.73836E0));
#6085=VERTEX_POINT('',#6084);
#6086=CARTESIAN_POINT('',(2.125988038297E1,-1.598498364406E0,-9.73836E0));
#6087=VERTEX_POINT('',#6086);
#6088=CARTESIAN_POINT('',(2.10058E1,-1.158418231901E0,-9.73836E0));
#6089=VERTEX_POINT('',#6088);
#6090=CARTESIAN_POINT('',(2.10058E1,1.158418231901E0,-9.73836E0));
#6091=VERTEX_POINT('',#6090);
#6092=CARTESIAN_POINT('',(2.125988038297E1,1.598498364406E0,-9.73836E0));
#6093=VERTEX_POINT('',#6092);
#6094=CARTESIAN_POINT('',(2.326631961703E1,2.756916596307E0,-9.73836E0));
#6095=VERTEX_POINT('',#6094);
#6096=CARTESIAN_POINT('',(2.377448038297E1,2.756916596307E0,-9.73836E0));
#6097=VERTEX_POINT('',#6096);
#6098=CARTESIAN_POINT('',(2.578091961703E1,1.598498364406E0,-9.73836E0));
#6099=VERTEX_POINT('',#6098);
#6100=CARTESIAN_POINT('',(2.52349E1,-5.0038E0,-5.8928E0));
#6101=CARTESIAN_POINT('',(2.52349E1,-5.3086E0,-5.8928E0));
#6102=VERTEX_POINT('',#6100);
#6103=VERTEX_POINT('',#6101);
#6104=CARTESIAN_POINT('',(2.52349E1,-5.0038E0,-6.30936E0));
#6105=CARTESIAN_POINT('',(2.52349E1,-5.3086E0,-6.30936E0));
#6106=VERTEX_POINT('',#6104);
#6107=VERTEX_POINT('',#6105);
#6108=CARTESIAN_POINT('',(2.18059E1,-5.72516E0,-1.26492E1));
#6109=VERTEX_POINT('',#6108);
#6110=CARTESIAN_POINT('',(2.18059E1,-5.3086E0,-1.26492E1));
#6111=VERTEX_POINT('',#6110);
#6112=CARTESIAN_POINT('',(2.635885E1,-5.97916E0,-1.54178E1));
#6113=CARTESIAN_POINT('',(2.068195E1,-5.97916E0,-1.54178E1));
#6114=VERTEX_POINT('',#6112);
#6115=VERTEX_POINT('',#6113);
#6116=CARTESIAN_POINT('',(-2.068195E1,-5.97916E0,-1.54178E1));
#6117=CARTESIAN_POINT('',(-2.635885E1,-5.97916E0,-1.54178E1));
#6118=VERTEX_POINT('',#6116);
#6119=VERTEX_POINT('',#6117);
#6120=CARTESIAN_POINT('',(2.635885E1,-5.72516E0,-1.54178E1));
#6121=CARTESIAN_POINT('',(2.068195E1,-5.72516E0,-1.54178E1));
#6122=VERTEX_POINT('',#6120);
#6123=VERTEX_POINT('',#6121);
#6124=CARTESIAN_POINT('',(-2.068195E1,-5.72516E0,-1.54178E1));
#6125=CARTESIAN_POINT('',(-2.635885E1,-5.72516E0,-1.54178E1));
#6126=VERTEX_POINT('',#6124);
#6127=VERTEX_POINT('',#6125);
#6128=CARTESIAN_POINT('',(2.453386E1,-7.07136E0,-1.6129E1));
#6129=CARTESIAN_POINT('',(2.472775783435E1,-7.452953783435E0,-1.6129E1));
#6130=VERTEX_POINT('',#6128);
#6131=VERTEX_POINT('',#6129);
#6132=CARTESIAN_POINT('',(2.504091785085E1,-7.681543118418E0,-1.6129E1));
#6133=VERTEX_POINT('',#6132);
#6134=CARTESIAN_POINT('',(2.509155010223E1,-7.929603576881E0,-1.6129E1));
#6135=VERTEX_POINT('',#6134);
#6136=CARTESIAN_POINT('',(2.423213501291E1,-9.371285801527E0,-1.6129E1));
#6137=VERTEX_POINT('',#6136);
#6138=CARTESIAN_POINT('',(2.450703653832E1,-9.53516E0,-1.6129E1));
#6139=VERTEX_POINT('',#6138);
#6140=CARTESIAN_POINT('',(2.536645162764E1,-8.093477775354E0,-1.6129E1));
#6141=VERTEX_POINT('',#6140);
#6142=CARTESIAN_POINT('',(2.522960770500E1,-7.423044103833E0,-1.6129E1));
#6143=VERTEX_POINT('',#6142);
#6144=CARTESIAN_POINT('',(2.491644768850E1,-7.194454768850E0,-1.6129E1));
#6145=VERTEX_POINT('',#6144);
#6146=CARTESIAN_POINT('',(2.48539E1,-7.07136E0,-1.6129E1));
#6147=VERTEX_POINT('',#6146);
#6148=CARTESIAN_POINT('',(2.453386E1,-7.07136E0,-1.47066E1));
#6149=CARTESIAN_POINT('',(2.472775783435E1,-7.452953783435E0,-1.47066E1));
#6150=VERTEX_POINT('',#6148);
#6151=VERTEX_POINT('',#6149);
#6152=CARTESIAN_POINT('',(2.504091785085E1,-7.681543118418E0,-1.47066E1));
#6153=VERTEX_POINT('',#6152);
#6154=CARTESIAN_POINT('',(2.509155010223E1,-7.929603576881E0,-1.47066E1));
#6155=VERTEX_POINT('',#6154);
#6156=CARTESIAN_POINT('',(2.423213501291E1,-9.371285801527E0,-1.47066E1));
#6157=VERTEX_POINT('',#6156);
#6158=CARTESIAN_POINT('',(2.450703653832E1,-9.53516E0,-1.47066E1));
#6159=VERTEX_POINT('',#6158);
#6160=CARTESIAN_POINT('',(2.536645162764E1,-8.093477775354E0,-1.47066E1));
#6161=VERTEX_POINT('',#6160);
#6162=CARTESIAN_POINT('',(2.522960770500E1,-7.423044103833E0,-1.47066E1));
#6163=VERTEX_POINT('',#6162);
#6164=CARTESIAN_POINT('',(2.491644768850E1,-7.194454768850E0,-1.47066E1));
#6165=VERTEX_POINT('',#6164);
#6166=CARTESIAN_POINT('',(2.48539E1,-7.07136E0,-1.47066E1));
#6167=VERTEX_POINT('',#6166);
#6168=CARTESIAN_POINT('',(2.453386E1,-5.72516E0,-1.6129E1));
#6169=VERTEX_POINT('',#6168);
#6170=CARTESIAN_POINT('',(2.48539E1,-5.72516E0,-1.6129E1));
#6171=VERTEX_POINT('',#6170);
#6172=CARTESIAN_POINT('',(2.453386E1,-5.72516E0,-1.47066E1));
#6173=VERTEX_POINT('',#6172);
#6174=CARTESIAN_POINT('',(2.48539E1,-5.72516E0,-1.47066E1));
#6175=VERTEX_POINT('',#6174);
#6176=CARTESIAN_POINT('',(2.28092E1,-9.53516E0,-1.645260165680E1));
#6177=CARTESIAN_POINT('',(2.28092E1,-8.344558172674E0,-1.724964011039E1));
#6178=VERTEX_POINT('',#6176);
#6179=VERTEX_POINT('',#6177);
#6180=CARTESIAN_POINT('',(2.28092E1,-7.651644103833E0,-1.712700770500E1));
#6181=VERTEX_POINT('',#6180);
#6182=CARTESIAN_POINT('',(2.28092E1,-7.423054768850E0,-1.681384768850E1));
#6183=VERTEX_POINT('',#6182);
#6184=CARTESIAN_POINT('',(2.28092E1,-7.29996E0,-1.67513E1));
#6185=VERTEX_POINT('',#6184);
#6186=CARTESIAN_POINT('',(2.42316E1,-9.53516E0,-1.645260165680E1));
#6187=CARTESIAN_POINT('',(2.42316E1,-8.344558172674E0,-1.724964011039E1));
#6188=VERTEX_POINT('',#6186);
#6189=VERTEX_POINT('',#6187);
#6190=CARTESIAN_POINT('',(2.42316E1,-7.651644103833E0,-1.712700770500E1));
#6191=VERTEX_POINT('',#6190);
#6192=CARTESIAN_POINT('',(2.42316E1,-7.423054768850E0,-1.681384768850E1));
#6193=VERTEX_POINT('',#6192);
#6194=CARTESIAN_POINT('',(2.42316E1,-7.29996E0,-1.67513E1));
#6195=VERTEX_POINT('',#6194);
#6196=CARTESIAN_POINT('',(2.28092E1,-5.72516E0,-1.67513E1));
#6197=VERTEX_POINT('',#6196);
#6198=CARTESIAN_POINT('',(2.28092E1,-7.29996E0,-1.643126E1));
#6199=CARTESIAN_POINT('',(2.28092E1,-7.681553783435E0,-1.662515783435E1));
#6200=VERTEX_POINT('',#6198);
#6201=VERTEX_POINT('',#6199);
#6202=CARTESIAN_POINT('',(2.28092E1,-7.910143118418E0,-1.693831785085E1));
#6203=VERTEX_POINT('',#6202);
#6204=CARTESIAN_POINT('',(2.28092E1,-8.166521323889E0,-1.698369184084E1));
#6205=VERTEX_POINT('',#6204);
#6206=CARTESIAN_POINT('',(2.28092E1,-9.357123151215E0,-1.618665338725E1));
#6207=VERTEX_POINT('',#6206);
#6208=CARTESIAN_POINT('',(2.42316E1,-7.29996E0,-1.643126E1));
#6209=CARTESIAN_POINT('',(2.42316E1,-7.681553783435E0,-1.662515783435E1));
#6210=VERTEX_POINT('',#6208);
#6211=VERTEX_POINT('',#6209);
#6212=CARTESIAN_POINT('',(2.42316E1,-7.910143118418E0,-1.693831785085E1));
#6213=VERTEX_POINT('',#6212);
#6214=CARTESIAN_POINT('',(2.42316E1,-8.166521323889E0,-1.698369184084E1));
#6215=VERTEX_POINT('',#6214);
#6216=CARTESIAN_POINT('',(2.42316E1,-9.357123151215E0,-1.618665338725E1));
#6217=VERTEX_POINT('',#6216);
#6218=CARTESIAN_POINT('',(2.42316E1,-5.72516E0,-1.67513E1));
#6219=VERTEX_POINT('',#6218);
#6220=CARTESIAN_POINT('',(2.28092E1,-5.72516E0,-1.643126E1));
#6221=VERTEX_POINT('',#6220);
#6222=CARTESIAN_POINT('',(2.42316E1,-5.72516E0,-1.643126E1));
#6223=VERTEX_POINT('',#6222);
#6224=CARTESIAN_POINT('',(2.28092E1,-7.29996E0,-1.40843E1));
#6225=CARTESIAN_POINT('',(2.28092E1,-7.423054768850E0,-1.402175231150E1));
#6226=VERTEX_POINT('',#6224);
#6227=VERTEX_POINT('',#6225);
#6228=CARTESIAN_POINT('',(2.28092E1,-7.651644103833E0,-1.370859229500E1));
#6229=VERTEX_POINT('',#6228);
#6230=CARTESIAN_POINT('',(2.28092E1,-8.344558172674E0,-1.358595988961E1));
#6231=VERTEX_POINT('',#6230);
#6232=CARTESIAN_POINT('',(2.28092E1,-9.53516E0,-1.438299834320E1));
#6233=VERTEX_POINT('',#6232);
#6234=CARTESIAN_POINT('',(2.28092E1,-9.357123151215E0,-1.464894661275E1));
#6235=VERTEX_POINT('',#6234);
#6236=CARTESIAN_POINT('',(2.28092E1,-8.166521323889E0,-1.385190815916E1));
#6237=VERTEX_POINT('',#6236);
#6238=CARTESIAN_POINT('',(2.28092E1,-7.910143118418E0,-1.389728214915E1));
#6239=VERTEX_POINT('',#6238);
#6240=CARTESIAN_POINT('',(2.28092E1,-7.681553783435E0,-1.421044216565E1));
#6241=VERTEX_POINT('',#6240);
#6242=CARTESIAN_POINT('',(2.28092E1,-7.29996E0,-1.440434E1));
#6243=VERTEX_POINT('',#6242);
#6244=CARTESIAN_POINT('',(2.42316E1,-7.29996E0,-1.40843E1));
#6245=CARTESIAN_POINT('',(2.42316E1,-7.423054768850E0,-1.402175231150E1));
#6246=VERTEX_POINT('',#6244);
#6247=VERTEX_POINT('',#6245);
#6248=CARTESIAN_POINT('',(2.42316E1,-7.651644103833E0,-1.370859229500E1));
#6249=VERTEX_POINT('',#6248);
#6250=CARTESIAN_POINT('',(2.42316E1,-8.344558172674E0,-1.358595988961E1));
#6251=VERTEX_POINT('',#6250);
#6252=CARTESIAN_POINT('',(2.42316E1,-9.53516E0,-1.438299834320E1));
#6253=VERTEX_POINT('',#6252);
#6254=CARTESIAN_POINT('',(2.42316E1,-9.357123151215E0,-1.464894661275E1));
#6255=VERTEX_POINT('',#6254);
#6256=CARTESIAN_POINT('',(2.42316E1,-8.166521323889E0,-1.385190815916E1));
#6257=VERTEX_POINT('',#6256);
#6258=CARTESIAN_POINT('',(2.42316E1,-7.910143118418E0,-1.389728214915E1));
#6259=VERTEX_POINT('',#6258);
#6260=CARTESIAN_POINT('',(2.42316E1,-7.681553783435E0,-1.421044216565E1));
#6261=VERTEX_POINT('',#6260);
#6262=CARTESIAN_POINT('',(2.42316E1,-7.29996E0,-1.440434E1));
#6263=VERTEX_POINT('',#6262);
#6264=CARTESIAN_POINT('',(2.28092E1,-5.72516E0,-1.40843E1));
#6265=VERTEX_POINT('',#6264);
#6266=CARTESIAN_POINT('',(2.28092E1,-5.72516E0,-1.440434E1));
#6267=VERTEX_POINT('',#6266);
#6268=CARTESIAN_POINT('',(2.42316E1,-5.72516E0,-1.40843E1));
#6269=VERTEX_POINT('',#6268);
#6270=CARTESIAN_POINT('',(2.42316E1,-5.72516E0,-1.440434E1));
#6271=VERTEX_POINT('',#6270);
#6272=CARTESIAN_POINT('',(-2.28092E1,-9.53516E0,-1.438299834320E1));
#6273=CARTESIAN_POINT('',(-2.28092E1,-8.344558172674E0,-1.358595988961E1));
#6274=VERTEX_POINT('',#6272);
#6275=VERTEX_POINT('',#6273);
#6276=CARTESIAN_POINT('',(-2.28092E1,-7.651644103833E0,-1.370859229500E1));
#6277=VERTEX_POINT('',#6276);
#6278=CARTESIAN_POINT('',(-2.28092E1,-7.423054768850E0,-1.402175231150E1));
#6279=VERTEX_POINT('',#6278);
#6280=CARTESIAN_POINT('',(-2.28092E1,-7.29996E0,-1.40843E1));
#6281=VERTEX_POINT('',#6280);
#6282=CARTESIAN_POINT('',(-2.28092E1,-7.29996E0,-1.440434E1));
#6283=CARTESIAN_POINT('',(-2.28092E1,-7.681553783435E0,-1.421044216565E1));
#6284=VERTEX_POINT('',#6282);
#6285=VERTEX_POINT('',#6283);
#6286=CARTESIAN_POINT('',(-2.28092E1,-7.910143118418E0,-1.389728214915E1));
#6287=VERTEX_POINT('',#6286);
#6288=CARTESIAN_POINT('',(-2.28092E1,-8.166521323889E0,-1.385190815916E1));
#6289=VERTEX_POINT('',#6288);
#6290=CARTESIAN_POINT('',(-2.28092E1,-9.357123151215E0,-1.464894661275E1));
#6291=VERTEX_POINT('',#6290);
#6292=CARTESIAN_POINT('',(-2.28092E1,-9.357123151215E0,-1.618665338725E1));
#6293=CARTESIAN_POINT('',(-2.28092E1,-8.166521323889E0,-1.698369184084E1));
#6294=VERTEX_POINT('',#6292);
#6295=VERTEX_POINT('',#6293);
#6296=CARTESIAN_POINT('',(-2.28092E1,-7.910143118418E0,-1.693831785085E1));
#6297=VERTEX_POINT('',#6296);
#6298=CARTESIAN_POINT('',(-2.28092E1,-7.681553783435E0,-1.662515783435E1));
#6299=VERTEX_POINT('',#6298);
#6300=CARTESIAN_POINT('',(-2.28092E1,-7.29996E0,-1.643126E1));
#6301=VERTEX_POINT('',#6300);
#6302=CARTESIAN_POINT('',(-2.28092E1,-7.29996E0,-1.67513E1));
#6303=CARTESIAN_POINT('',(-2.28092E1,-7.423054768850E0,-1.681384768850E1));
#6304=VERTEX_POINT('',#6302);
#6305=VERTEX_POINT('',#6303);
#6306=CARTESIAN_POINT('',(-2.28092E1,-7.651644103833E0,-1.712700770500E1));
#6307=VERTEX_POINT('',#6306);
#6308=CARTESIAN_POINT('',(-2.28092E1,-8.344558172674E0,-1.724964011039E1));
#6309=VERTEX_POINT('',#6308);
#6310=CARTESIAN_POINT('',(-2.28092E1,-9.53516E0,-1.645260165680E1));
#6311=VERTEX_POINT('',#6310);
#6312=CARTESIAN_POINT('',(-2.42316E1,-9.53516E0,-1.438299834320E1));
#6313=CARTESIAN_POINT('',(-2.42316E1,-8.344558172674E0,-1.358595988961E1));
#6314=VERTEX_POINT('',#6312);
#6315=VERTEX_POINT('',#6313);
#6316=CARTESIAN_POINT('',(-2.42316E1,-7.651644103833E0,-1.370859229500E1));
#6317=VERTEX_POINT('',#6316);
#6318=CARTESIAN_POINT('',(-2.42316E1,-7.423054768850E0,-1.402175231150E1));
#6319=VERTEX_POINT('',#6318);
#6320=CARTESIAN_POINT('',(-2.42316E1,-7.29996E0,-1.40843E1));
#6321=VERTEX_POINT('',#6320);
#6322=CARTESIAN_POINT('',(-2.42316E1,-7.29996E0,-1.440434E1));
#6323=CARTESIAN_POINT('',(-2.42316E1,-7.681553783435E0,-1.421044216565E1));
#6324=VERTEX_POINT('',#6322);
#6325=VERTEX_POINT('',#6323);
#6326=CARTESIAN_POINT('',(-2.42316E1,-7.910143118418E0,-1.389728214915E1));
#6327=VERTEX_POINT('',#6326);
#6328=CARTESIAN_POINT('',(-2.42316E1,-8.166521323889E0,-1.385190815916E1));
#6329=VERTEX_POINT('',#6328);
#6330=CARTESIAN_POINT('',(-2.42316E1,-9.357123151215E0,-1.464894661275E1));
#6331=VERTEX_POINT('',#6330);
#6332=CARTESIAN_POINT('',(-2.42316E1,-9.357123151215E0,-1.618665338725E1));
#6333=CARTESIAN_POINT('',(-2.42316E1,-8.166521323889E0,-1.698369184084E1));
#6334=VERTEX_POINT('',#6332);
#6335=VERTEX_POINT('',#6333);
#6336=CARTESIAN_POINT('',(-2.42316E1,-7.910143118418E0,-1.693831785085E1));
#6337=VERTEX_POINT('',#6336);
#6338=CARTESIAN_POINT('',(-2.42316E1,-7.681553783435E0,-1.662515783435E1));
#6339=VERTEX_POINT('',#6338);
#6340=CARTESIAN_POINT('',(-2.42316E1,-7.29996E0,-1.643126E1));
#6341=VERTEX_POINT('',#6340);
#6342=CARTESIAN_POINT('',(-2.42316E1,-7.29996E0,-1.67513E1));
#6343=CARTESIAN_POINT('',(-2.42316E1,-7.423054768850E0,-1.681384768850E1));
#6344=VERTEX_POINT('',#6342);
#6345=VERTEX_POINT('',#6343);
#6346=CARTESIAN_POINT('',(-2.42316E1,-7.651644103833E0,-1.712700770500E1));
#6347=VERTEX_POINT('',#6346);
#6348=CARTESIAN_POINT('',(-2.42316E1,-8.344558172674E0,-1.724964011039E1));
#6349=VERTEX_POINT('',#6348);
#6350=CARTESIAN_POINT('',(-2.42316E1,-9.53516E0,-1.645260165680E1));
#6351=VERTEX_POINT('',#6350);
#6352=CARTESIAN_POINT('',(2.21869E1,-7.07136E0,-1.6129E1));
#6353=CARTESIAN_POINT('',(2.212435231150E1,-7.194454768850E0,-1.6129E1));
#6354=VERTEX_POINT('',#6352);
#6355=VERTEX_POINT('',#6353);
#6356=CARTESIAN_POINT('',(2.181119229500E1,-7.423044103833E0,-1.6129E1));
#6357=VERTEX_POINT('',#6356);
#6358=CARTESIAN_POINT('',(2.167434837236E1,-8.093477775354E0,-1.6129E1));
#6359=VERTEX_POINT('',#6358);
#6360=CARTESIAN_POINT('',(2.253376346168E1,-9.53516E0,-1.6129E1));
#6361=VERTEX_POINT('',#6360);
#6362=CARTESIAN_POINT('',(2.280866498709E1,-9.371285801527E0,-1.6129E1));
#6363=VERTEX_POINT('',#6362);
#6364=CARTESIAN_POINT('',(2.194924989777E1,-7.929603576881E0,-1.6129E1));
#6365=VERTEX_POINT('',#6364);
#6366=CARTESIAN_POINT('',(2.199988214915E1,-7.681543118418E0,-1.6129E1));
#6367=VERTEX_POINT('',#6366);
#6368=CARTESIAN_POINT('',(2.231304216565E1,-7.452953783435E0,-1.6129E1));
#6369=VERTEX_POINT('',#6368);
#6370=CARTESIAN_POINT('',(2.250694E1,-7.07136E0,-1.6129E1));
#6371=VERTEX_POINT('',#6370);
#6372=CARTESIAN_POINT('',(2.21869E1,-7.07136E0,-1.47066E1));
#6373=CARTESIAN_POINT('',(2.212435231150E1,-7.194454768850E0,-1.47066E1));
#6374=VERTEX_POINT('',#6372);
#6375=VERTEX_POINT('',#6373);
#6376=CARTESIAN_POINT('',(2.181119229500E1,-7.423044103833E0,-1.47066E1));
#6377=VERTEX_POINT('',#6376);
#6378=CARTESIAN_POINT('',(2.167434837236E1,-8.093477775354E0,-1.47066E1));
#6379=VERTEX_POINT('',#6378);
#6380=CARTESIAN_POINT('',(2.253376346168E1,-9.53516E0,-1.47066E1));
#6381=VERTEX_POINT('',#6380);
#6382=CARTESIAN_POINT('',(2.280866498709E1,-9.371285801527E0,-1.47066E1));
#6383=VERTEX_POINT('',#6382);
#6384=CARTESIAN_POINT('',(2.194924989777E1,-7.929603576881E0,-1.47066E1));
#6385=VERTEX_POINT('',#6384);
#6386=CARTESIAN_POINT('',(2.199988214915E1,-7.681543118418E0,-1.47066E1));
#6387=VERTEX_POINT('',#6386);
#6388=CARTESIAN_POINT('',(2.231304216565E1,-7.452953783435E0,-1.47066E1));
#6389=VERTEX_POINT('',#6388);
#6390=CARTESIAN_POINT('',(2.250694E1,-7.07136E0,-1.47066E1));
#6391=VERTEX_POINT('',#6390);
#6392=CARTESIAN_POINT('',(2.21869E1,-5.72516E0,-1.6129E1));
#6393=VERTEX_POINT('',#6392);
#6394=CARTESIAN_POINT('',(2.250694E1,-5.72516E0,-1.6129E1));
#6395=VERTEX_POINT('',#6394);
#6396=CARTESIAN_POINT('',(2.21869E1,-5.72516E0,-1.47066E1));
#6397=VERTEX_POINT('',#6396);
#6398=CARTESIAN_POINT('',(2.250694E1,-5.72516E0,-1.47066E1));
#6399=VERTEX_POINT('',#6398);
#6400=CARTESIAN_POINT('',(-2.48539E1,-7.07136E0,-1.6129E1));
#6401=CARTESIAN_POINT('',(-2.491644768850E1,-7.194454768850E0,-1.6129E1));
#6402=VERTEX_POINT('',#6400);
#6403=VERTEX_POINT('',#6401);
#6404=CARTESIAN_POINT('',(-2.522960770500E1,-7.423044103833E0,-1.6129E1));
#6405=VERTEX_POINT('',#6404);
#6406=CARTESIAN_POINT('',(-2.536645162764E1,-8.093477775354E0,-1.6129E1));
#6407=VERTEX_POINT('',#6406);
#6408=CARTESIAN_POINT('',(-2.450703653832E1,-9.53516E0,-1.6129E1));
#6409=VERTEX_POINT('',#6408);
#6410=CARTESIAN_POINT('',(-2.423213501291E1,-9.371285801527E0,-1.6129E1));
#6411=VERTEX_POINT('',#6410);
#6412=CARTESIAN_POINT('',(-2.509155010223E1,-7.929603576881E0,-1.6129E1));
#6413=VERTEX_POINT('',#6412);
#6414=CARTESIAN_POINT('',(-2.504091785085E1,-7.681543118418E0,-1.6129E1));
#6415=VERTEX_POINT('',#6414);
#6416=CARTESIAN_POINT('',(-2.472775783435E1,-7.452953783435E0,-1.6129E1));
#6417=VERTEX_POINT('',#6416);
#6418=CARTESIAN_POINT('',(-2.453386E1,-7.07136E0,-1.6129E1));
#6419=VERTEX_POINT('',#6418);
#6420=CARTESIAN_POINT('',(-2.250694E1,-7.07136E0,-1.6129E1));
#6421=CARTESIAN_POINT('',(-2.231304216565E1,-7.452953783435E0,-1.6129E1));
#6422=VERTEX_POINT('',#6420);
#6423=VERTEX_POINT('',#6421);
#6424=CARTESIAN_POINT('',(-2.199988214915E1,-7.681543118418E0,-1.6129E1));
#6425=VERTEX_POINT('',#6424);
#6426=CARTESIAN_POINT('',(-2.194924989777E1,-7.929603576881E0,-1.6129E1));
#6427=VERTEX_POINT('',#6426);
#6428=CARTESIAN_POINT('',(-2.280866498709E1,-9.371285801527E0,-1.6129E1));
#6429=VERTEX_POINT('',#6428);
#6430=CARTESIAN_POINT('',(-2.253376346168E1,-9.53516E0,-1.6129E1));
#6431=VERTEX_POINT('',#6430);
#6432=CARTESIAN_POINT('',(-2.167434837236E1,-8.093477775354E0,-1.6129E1));
#6433=VERTEX_POINT('',#6432);
#6434=CARTESIAN_POINT('',(-2.181119229500E1,-7.423044103833E0,-1.6129E1));
#6435=VERTEX_POINT('',#6434);
#6436=CARTESIAN_POINT('',(-2.212435231150E1,-7.194454768850E0,-1.6129E1));
#6437=VERTEX_POINT('',#6436);
#6438=CARTESIAN_POINT('',(-2.21869E1,-7.07136E0,-1.6129E1));
#6439=VERTEX_POINT('',#6438);
#6440=CARTESIAN_POINT('',(-2.48539E1,-7.07136E0,-1.47066E1));
#6441=CARTESIAN_POINT('',(-2.491644768850E1,-7.194454768850E0,-1.47066E1));
#6442=VERTEX_POINT('',#6440);
#6443=VERTEX_POINT('',#6441);
#6444=CARTESIAN_POINT('',(-2.522960770500E1,-7.423044103833E0,-1.47066E1));
#6445=VERTEX_POINT('',#6444);
#6446=CARTESIAN_POINT('',(-2.536645162764E1,-8.093477775354E0,-1.47066E1));
#6447=VERTEX_POINT('',#6446);
#6448=CARTESIAN_POINT('',(-2.450703653832E1,-9.53516E0,-1.47066E1));
#6449=VERTEX_POINT('',#6448);
#6450=CARTESIAN_POINT('',(-2.423213501291E1,-9.371285801527E0,-1.47066E1));
#6451=VERTEX_POINT('',#6450);
#6452=CARTESIAN_POINT('',(-2.509155010223E1,-7.929603576881E0,-1.47066E1));
#6453=VERTEX_POINT('',#6452);
#6454=CARTESIAN_POINT('',(-2.504091785085E1,-7.681543118418E0,-1.47066E1));
#6455=VERTEX_POINT('',#6454);
#6456=CARTESIAN_POINT('',(-2.472775783435E1,-7.452953783435E0,-1.47066E1));
#6457=VERTEX_POINT('',#6456);
#6458=CARTESIAN_POINT('',(-2.453386E1,-7.07136E0,-1.47066E1));
#6459=VERTEX_POINT('',#6458);
#6460=CARTESIAN_POINT('',(-2.250694E1,-7.07136E0,-1.47066E1));
#6461=CARTESIAN_POINT('',(-2.231304216565E1,-7.452953783435E0,-1.47066E1));
#6462=VERTEX_POINT('',#6460);
#6463=VERTEX_POINT('',#6461);
#6464=CARTESIAN_POINT('',(-2.199988214915E1,-7.681543118418E0,-1.47066E1));
#6465=VERTEX_POINT('',#6464);
#6466=CARTESIAN_POINT('',(-2.194924989777E1,-7.929603576881E0,-1.47066E1));
#6467=VERTEX_POINT('',#6466);
#6468=CARTESIAN_POINT('',(-2.280866498709E1,-9.371285801527E0,-1.47066E1));
#6469=VERTEX_POINT('',#6468);
#6470=CARTESIAN_POINT('',(-2.253376346168E1,-9.53516E0,-1.47066E1));
#6471=VERTEX_POINT('',#6470);
#6472=CARTESIAN_POINT('',(-2.167434837236E1,-8.093477775354E0,-1.47066E1));
#6473=VERTEX_POINT('',#6472);
#6474=CARTESIAN_POINT('',(-2.181119229500E1,-7.423044103833E0,-1.47066E1));
#6475=VERTEX_POINT('',#6474);
#6476=CARTESIAN_POINT('',(-2.212435231150E1,-7.194454768850E0,-1.47066E1));
#6477=VERTEX_POINT('',#6476);
#6478=CARTESIAN_POINT('',(-2.21869E1,-7.07136E0,-1.47066E1));
#6479=VERTEX_POINT('',#6478);
#6480=CARTESIAN_POINT('',(-2.48539E1,-5.72516E0,-1.6129E1));
#6481=VERTEX_POINT('',#6480);
#6482=CARTESIAN_POINT('',(-2.453386E1,-5.72516E0,-1.6129E1));
#6483=VERTEX_POINT('',#6482);
#6484=CARTESIAN_POINT('',(-2.250694E1,-5.72516E0,-1.6129E1));
#6485=VERTEX_POINT('',#6484);
#6486=CARTESIAN_POINT('',(-2.21869E1,-5.72516E0,-1.6129E1));
#6487=VERTEX_POINT('',#6486);
#6488=CARTESIAN_POINT('',(-2.48539E1,-5.72516E0,-1.47066E1));
#6489=VERTEX_POINT('',#6488);
#6490=CARTESIAN_POINT('',(-2.453386E1,-5.72516E0,-1.47066E1));
#6491=VERTEX_POINT('',#6490);
#6492=CARTESIAN_POINT('',(-2.250694E1,-5.72516E0,-1.47066E1));
#6493=VERTEX_POINT('',#6492);
#6494=CARTESIAN_POINT('',(-2.21869E1,-5.72516E0,-1.47066E1));
#6495=VERTEX_POINT('',#6494);
#6496=CARTESIAN_POINT('',(-1.89738E1,-3.3528E0,-1.860296E1));
#6497=CARTESIAN_POINT('',(-1.89738E1,-3.3528E0,-1.758696E1));
#6498=VERTEX_POINT('',#6496);
#6499=VERTEX_POINT('',#6497);
#6500=CARTESIAN_POINT('',(1.89738E1,-3.3528E0,-1.860296E1));
#6501=CARTESIAN_POINT('',(1.89738E1,-3.3528E0,-1.758696E1));
#6502=VERTEX_POINT('',#6500);
#6503=VERTEX_POINT('',#6501);
#6504=CARTESIAN_POINT('',(-1.89738E1,-5.207E0,-1.758696E1));
#6505=CARTESIAN_POINT('',(1.89738E1,-5.207E0,-1.758696E1));
#6506=VERTEX_POINT('',#6504);
#6507=VERTEX_POINT('',#6505);
#6508=CARTESIAN_POINT('',(-2.0447E1,-5.3086E0,-1.225296E1));
#6509=CARTESIAN_POINT('',(-2.16789E1,-5.3086E0,-1.225296E1));
#6510=VERTEX_POINT('',#6508);
#6511=VERTEX_POINT('',#6509);
#6512=CARTESIAN_POINT('',(-2.0447E1,-6.2738E0,-1.225296E1));
#6513=VERTEX_POINT('',#6512);
#6514=CARTESIAN_POINT('',(-2.16789E1,-6.2738E0,-1.225296E1));
#6515=VERTEX_POINT('',#6514);
#6516=CARTESIAN_POINT('',(-2.52349E1,-5.3086E0,-6.30936E0));
#6517=VERTEX_POINT('',#6516);
#6518=CARTESIAN_POINT('',(2.52349E1,-5.72516E0,-1.26492E1));
#6519=VERTEX_POINT('',#6518);
#6520=CARTESIAN_POINT('',(2.52349E1,-5.3086E0,-1.26492E1));
#6521=VERTEX_POINT('',#6520);
#6522=CARTESIAN_POINT('',(-2.05994E1,-5.72516E0,-1.26492E1));
#6523=CARTESIAN_POINT('',(-2.18059E1,-5.72516E0,-1.26492E1));
#6524=VERTEX_POINT('',#6522);
#6525=VERTEX_POINT('',#6523);
#6526=CARTESIAN_POINT('',(-2.52349E1,-5.72516E0,-1.26492E1));
#6527=CARTESIAN_POINT('',(-2.64414E1,-5.72516E0,-1.26492E1));
#6528=VERTEX_POINT('',#6526);
#6529=VERTEX_POINT('',#6527);
#6530=CARTESIAN_POINT('',(-2.64414E1,-5.72516E0,-1.69164E1));
#6531=VERTEX_POINT('',#6530);
#6532=CARTESIAN_POINT('',(-2.48666E1,-5.72516E0,-1.84912E1));
#6533=VERTEX_POINT('',#6532);
#6534=CARTESIAN_POINT('',(-2.21742E1,-5.72516E0,-1.84912E1));
#6535=VERTEX_POINT('',#6534);
#6536=CARTESIAN_POINT('',(-2.05994E1,-5.72516E0,-1.69164E1));
#6537=VERTEX_POINT('',#6536);
#6538=CARTESIAN_POINT('',(-2.05994E1,-5.3086E0,-1.26492E1));
#6539=CARTESIAN_POINT('',(-2.18059E1,-5.3086E0,-1.26492E1));
#6540=VERTEX_POINT('',#6538);
#6541=VERTEX_POINT('',#6539);
#6542=CARTESIAN_POINT('',(-2.52349E1,-5.3086E0,-1.26492E1));
#6543=CARTESIAN_POINT('',(-2.64414E1,-5.3086E0,-1.26492E1));
#6544=VERTEX_POINT('',#6542);
#6545=VERTEX_POINT('',#6543);
#6546=CARTESIAN_POINT('',(-2.64414E1,-5.3086E0,-1.69164E1));
#6547=VERTEX_POINT('',#6546);
#6548=CARTESIAN_POINT('',(-2.48666E1,-5.3086E0,-1.84912E1));
#6549=VERTEX_POINT('',#6548);
#6550=CARTESIAN_POINT('',(-2.21742E1,-5.3086E0,-1.84912E1));
#6551=VERTEX_POINT('',#6550);
#6552=CARTESIAN_POINT('',(-2.05994E1,-5.3086E0,-1.69164E1));
#6553=VERTEX_POINT('',#6552);
#6554=CARTESIAN_POINT('',(-2.21869E1,-2.57556E0,-1.61163E1));
#6555=CARTESIAN_POINT('',(-2.28219E1,-2.57556E0,-1.67513E1));
#6556=VERTEX_POINT('',#6554);
#6557=VERTEX_POINT('',#6555);
#6558=CARTESIAN_POINT('',(-2.42189E1,-2.57556E0,-1.67513E1));
#6559=CARTESIAN_POINT('',(-2.48539E1,-2.57556E0,-1.61163E1));
#6560=VERTEX_POINT('',#6558);
#6561=VERTEX_POINT('',#6559);
#6562=CARTESIAN_POINT('',(-2.48539E1,-2.57556E0,-1.47193E1));
#6563=VERTEX_POINT('',#6562);
#6564=CARTESIAN_POINT('',(-2.42189E1,-2.57556E0,-1.40843E1));
#6565=VERTEX_POINT('',#6564);
#6566=CARTESIAN_POINT('',(-2.28219E1,-2.57556E0,-1.40843E1));
#6567=VERTEX_POINT('',#6566);
#6568=CARTESIAN_POINT('',(-2.21869E1,-2.57556E0,-1.47193E1));
#6569=VERTEX_POINT('',#6568);
#6570=CARTESIAN_POINT('',(-2.250694E1,-2.57556E0,-1.61163E1));
#6571=CARTESIAN_POINT('',(-2.250694E1,-2.57556E0,-1.47193E1));
#6572=VERTEX_POINT('',#6570);
#6573=VERTEX_POINT('',#6571);
#6574=CARTESIAN_POINT('',(-2.28219E1,-2.57556E0,-1.440434E1));
#6575=VERTEX_POINT('',#6574);
#6576=CARTESIAN_POINT('',(-2.42189E1,-2.57556E0,-1.440434E1));
#6577=VERTEX_POINT('',#6576);
#6578=CARTESIAN_POINT('',(-2.453386E1,-2.57556E0,-1.47193E1));
#6579=VERTEX_POINT('',#6578);
#6580=CARTESIAN_POINT('',(-2.453386E1,-2.57556E0,-1.61163E1));
#6581=VERTEX_POINT('',#6580);
#6582=CARTESIAN_POINT('',(-2.42189E1,-2.57556E0,-1.643126E1));
#6583=VERTEX_POINT('',#6582);
#6584=CARTESIAN_POINT('',(-2.28219E1,-2.57556E0,-1.643126E1));
#6585=VERTEX_POINT('',#6584);
#6586=CARTESIAN_POINT('',(2.21869E1,-2.57556E0,-1.61163E1));
#6587=CARTESIAN_POINT('',(2.21869E1,-2.57556E0,-1.47193E1));
#6588=VERTEX_POINT('',#6586);
#6589=VERTEX_POINT('',#6587);
#6590=CARTESIAN_POINT('',(2.28219E1,-2.57556E0,-1.40843E1));
#6591=VERTEX_POINT('',#6590);
#6592=CARTESIAN_POINT('',(2.42189E1,-2.57556E0,-1.40843E1));
#6593=VERTEX_POINT('',#6592);
#6594=CARTESIAN_POINT('',(2.48539E1,-2.57556E0,-1.47193E1));
#6595=VERTEX_POINT('',#6594);
#6596=CARTESIAN_POINT('',(2.48539E1,-2.57556E0,-1.61163E1));
#6597=VERTEX_POINT('',#6596);
#6598=CARTESIAN_POINT('',(2.42189E1,-2.57556E0,-1.67513E1));
#6599=VERTEX_POINT('',#6598);
#6600=CARTESIAN_POINT('',(2.28219E1,-2.57556E0,-1.67513E1));
#6601=VERTEX_POINT('',#6600);
#6602=CARTESIAN_POINT('',(2.250694E1,-2.57556E0,-1.61163E1));
#6603=CARTESIAN_POINT('',(2.28219E1,-2.57556E0,-1.643126E1));
#6604=VERTEX_POINT('',#6602);
#6605=VERTEX_POINT('',#6603);
#6606=CARTESIAN_POINT('',(2.42189E1,-2.57556E0,-1.643126E1));
#6607=CARTESIAN_POINT('',(2.453386E1,-2.57556E0,-1.61163E1));
#6608=VERTEX_POINT('',#6606);
#6609=VERTEX_POINT('',#6607);
#6610=CARTESIAN_POINT('',(2.453386E1,-2.57556E0,-1.47193E1));
#6611=VERTEX_POINT('',#6610);
#6612=CARTESIAN_POINT('',(2.42189E1,-2.57556E0,-1.440434E1));
#6613=VERTEX_POINT('',#6612);
#6614=CARTESIAN_POINT('',(2.28219E1,-2.57556E0,-1.440434E1));
#6615=VERTEX_POINT('',#6614);
#6616=CARTESIAN_POINT('',(2.250694E1,-2.57556E0,-1.47193E1));
#6617=VERTEX_POINT('',#6616);
#6618=CARTESIAN_POINT('',(-2.21869E1,-3.3528E0,-1.61163E1));
#6619=CARTESIAN_POINT('',(-2.219564738410E1,-3.3528E0,-1.622133647501E1));
#6620=VERTEX_POINT('',#6618);
#6621=VERTEX_POINT('',#6619);
#6622=CARTESIAN_POINT('',(-2.271686352499E1,-3.3528E0,-1.674255261590E1));
#6623=CARTESIAN_POINT('',(-2.28219E1,-3.3528E0,-1.67513E1));
#6624=VERTEX_POINT('',#6622);
#6625=VERTEX_POINT('',#6623);
#6626=CARTESIAN_POINT('',(-2.42189E1,-3.3528E0,-1.67513E1));
#6627=VERTEX_POINT('',#6626);
#6628=CARTESIAN_POINT('',(-2.432393647501E1,-3.3528E0,-1.674255261590E1));
#6629=VERTEX_POINT('',#6628);
#6630=CARTESIAN_POINT('',(-2.484515261590E1,-3.3528E0,-1.622133647501E1));
#6631=CARTESIAN_POINT('',(-2.48539E1,-3.3528E0,-1.61163E1));
#6632=VERTEX_POINT('',#6630);
#6633=VERTEX_POINT('',#6631);
#6634=CARTESIAN_POINT('',(-2.48539E1,-3.3528E0,-1.47193E1));
#6635=VERTEX_POINT('',#6634);
#6636=CARTESIAN_POINT('',(-2.484515261590E1,-3.3528E0,-1.461426352499E1));
#6637=VERTEX_POINT('',#6636);
#6638=CARTESIAN_POINT('',(-2.432393647501E1,-3.3528E0,-1.409304738410E1));
#6639=CARTESIAN_POINT('',(-2.42189E1,-3.3528E0,-1.40843E1));
#6640=VERTEX_POINT('',#6638);
#6641=VERTEX_POINT('',#6639);
#6642=CARTESIAN_POINT('',(-2.28219E1,-3.3528E0,-1.40843E1));
#6643=VERTEX_POINT('',#6642);
#6644=CARTESIAN_POINT('',(-2.271686352499E1,-3.3528E0,-1.409304738410E1));
#6645=VERTEX_POINT('',#6644);
#6646=CARTESIAN_POINT('',(-2.219564738410E1,-3.3528E0,-1.461426352499E1));
#6647=CARTESIAN_POINT('',(-2.21869E1,-3.3528E0,-1.47193E1));
#6648=VERTEX_POINT('',#6646);
#6649=VERTEX_POINT('',#6647);
#6650=CARTESIAN_POINT('',(-2.250694E1,-3.3528E0,-1.61163E1));
#6651=CARTESIAN_POINT('',(-2.250694E1,-3.3528E0,-1.47193E1));
#6652=VERTEX_POINT('',#6650);
#6653=VERTEX_POINT('',#6651);
#6654=CARTESIAN_POINT('',(-2.28219E1,-3.3528E0,-1.440434E1));
#6655=VERTEX_POINT('',#6654);
#6656=CARTESIAN_POINT('',(-2.42189E1,-3.3528E0,-1.440434E1));
#6657=VERTEX_POINT('',#6656);
#6658=CARTESIAN_POINT('',(-2.453386E1,-3.3528E0,-1.47193E1));
#6659=VERTEX_POINT('',#6658);
#6660=CARTESIAN_POINT('',(-2.453386E1,-3.3528E0,-1.61163E1));
#6661=VERTEX_POINT('',#6660);
#6662=CARTESIAN_POINT('',(-2.42189E1,-3.3528E0,-1.643126E1));
#6663=VERTEX_POINT('',#6662);
#6664=CARTESIAN_POINT('',(-2.28219E1,-3.3528E0,-1.643126E1));
#6665=VERTEX_POINT('',#6664);
#6666=CARTESIAN_POINT('',(2.21869E1,-3.3528E0,-1.61163E1));
#6667=CARTESIAN_POINT('',(2.21869E1,-3.3528E0,-1.47193E1));
#6668=VERTEX_POINT('',#6666);
#6669=VERTEX_POINT('',#6667);
#6670=CARTESIAN_POINT('',(2.219564738410E1,-3.3528E0,-1.461426352499E1));
#6671=VERTEX_POINT('',#6670);
#6672=CARTESIAN_POINT('',(2.271686352499E1,-3.3528E0,-1.409304738410E1));
#6673=CARTESIAN_POINT('',(2.28219E1,-3.3528E0,-1.40843E1));
#6674=VERTEX_POINT('',#6672);
#6675=VERTEX_POINT('',#6673);
#6676=CARTESIAN_POINT('',(2.42189E1,-3.3528E0,-1.40843E1));
#6677=VERTEX_POINT('',#6676);
#6678=CARTESIAN_POINT('',(2.432393647501E1,-3.3528E0,-1.409304738410E1));
#6679=VERTEX_POINT('',#6678);
#6680=CARTESIAN_POINT('',(2.484515261590E1,-3.3528E0,-1.461426352499E1));
#6681=CARTESIAN_POINT('',(2.48539E1,-3.3528E0,-1.47193E1));
#6682=VERTEX_POINT('',#6680);
#6683=VERTEX_POINT('',#6681);
#6684=CARTESIAN_POINT('',(2.48539E1,-3.3528E0,-1.61163E1));
#6685=VERTEX_POINT('',#6684);
#6686=CARTESIAN_POINT('',(2.484515261590E1,-3.3528E0,-1.622133647501E1));
#6687=VERTEX_POINT('',#6686);
#6688=CARTESIAN_POINT('',(2.432393647501E1,-3.3528E0,-1.674255261590E1));
#6689=CARTESIAN_POINT('',(2.42189E1,-3.3528E0,-1.67513E1));
#6690=VERTEX_POINT('',#6688);
#6691=VERTEX_POINT('',#6689);
#6692=CARTESIAN_POINT('',(2.28219E1,-3.3528E0,-1.67513E1));
#6693=VERTEX_POINT('',#6692);
#6694=CARTESIAN_POINT('',(2.271686352499E1,-3.3528E0,-1.674255261590E1));
#6695=VERTEX_POINT('',#6694);
#6696=CARTESIAN_POINT('',(2.219564738410E1,-3.3528E0,-1.622133647501E1));
#6697=VERTEX_POINT('',#6696);
#6698=CARTESIAN_POINT('',(2.28219E1,-3.3528E0,-1.643126E1));
#6699=CARTESIAN_POINT('',(2.250694E1,-3.3528E0,-1.61163E1));
#6700=VERTEX_POINT('',#6698);
#6701=VERTEX_POINT('',#6699);
#6702=CARTESIAN_POINT('',(2.42189E1,-3.3528E0,-1.643126E1));
#6703=VERTEX_POINT('',#6702);
#6704=CARTESIAN_POINT('',(2.453386E1,-3.3528E0,-1.61163E1));
#6705=VERTEX_POINT('',#6704);
#6706=CARTESIAN_POINT('',(2.453386E1,-3.3528E0,-1.47193E1));
#6707=VERTEX_POINT('',#6706);
#6708=CARTESIAN_POINT('',(2.42189E1,-3.3528E0,-1.440434E1));
#6709=VERTEX_POINT('',#6708);
#6710=CARTESIAN_POINT('',(2.28219E1,-3.3528E0,-1.440434E1));
#6711=VERTEX_POINT('',#6710);
#6712=CARTESIAN_POINT('',(2.250694E1,-3.3528E0,-1.47193E1));
#6713=VERTEX_POINT('',#6712);
#6714=CARTESIAN_POINT('',(-1.486408E1,-9.4488E0,-1.39954E1));
#6715=CARTESIAN_POINT('',(-1.549908E1,-9.4488E0,-1.39954E1));
#6716=VERTEX_POINT('',#6714);
#6717=VERTEX_POINT('',#6715);
#6718=CARTESIAN_POINT('',(-1.486408E1,-5.207E0,-1.39954E1));
#6719=CARTESIAN_POINT('',(-1.549908E1,-5.207E0,-1.39954E1));
#6720=VERTEX_POINT('',#6718);
#6721=VERTEX_POINT('',#6719);
#6722=CARTESIAN_POINT('',(-1.65735E1,2.286E0,-6.15696E0));
#6723=CARTESIAN_POINT('',(-1.65735E1,3.556E0,-6.15696E0));
#6724=VERTEX_POINT('',#6722);
#6725=VERTEX_POINT('',#6723);
#6726=CARTESIAN_POINT('',(-1.673225E1,3.556E0,-6.15696E0));
#6727=VERTEX_POINT('',#6726);
#6728=CARTESIAN_POINT('',(-1.6891E1,3.366851086378E0,-6.15696E0));
#6729=VERTEX_POINT('',#6728);
#6730=CARTESIAN_POINT('',(-1.6891E1,3.150680823684E0,-6.15696E0));
#6731=VERTEX_POINT('',#6730);
#6732=CARTESIAN_POINT('',(-1.673225E1,3.339829813004E0,-6.15696E0));
#6733=VERTEX_POINT('',#6732);
#6734=CARTESIAN_POINT('',(-1.673225E1,2.286E0,-6.15696E0));
#6735=VERTEX_POINT('',#6734);
#6736=CARTESIAN_POINT('',(-1.55575E1,-3.81E0,-6.15696E0));
#6737=CARTESIAN_POINT('',(-1.55575E1,-2.54E0,-6.15696E0));
#6738=VERTEX_POINT('',#6736);
#6739=VERTEX_POINT('',#6737);
#6740=CARTESIAN_POINT('',(-1.571625E1,-2.54E0,-6.15696E0));
#6741=VERTEX_POINT('',#6740);
#6742=CARTESIAN_POINT('',(-1.5875E1,-2.729148913622E0,-6.15696E0));
#6743=VERTEX_POINT('',#6742);
#6744=CARTESIAN_POINT('',(-1.5875E1,-2.945319176316E0,-6.15696E0));
#6745=VERTEX_POINT('',#6744);
#6746=CARTESIAN_POINT('',(-1.571625E1,-2.756170186996E0,-6.15696E0));
#6747=VERTEX_POINT('',#6746);
#6748=CARTESIAN_POINT('',(-1.571625E1,-3.81E0,-6.15696E0));
#6749=VERTEX_POINT('',#6748);
#6750=CARTESIAN_POINT('',(-1.471083330810E1,-2.54E0,-6.15696E0));
#6751=CARTESIAN_POINT('',(-1.534583334595E1,-3.269574456811E0,-6.15696E0));
#6752=VERTEX_POINT('',#6750);
#6753=VERTEX_POINT('',#6751);
#6754=CARTESIAN_POINT('',(-1.534583334595E1,-3.431702134907E0,-6.15696E0));
#6755=VERTEX_POINT('',#6754);
#6756=CARTESIAN_POINT('',(-1.471083330810E1,-3.431702134907E0,-6.15696E0));
#6757=VERTEX_POINT('',#6756);
#6758=CARTESIAN_POINT('',(-1.471083330810E1,-3.81E0,-6.15696E0));
#6759=VERTEX_POINT('',#6758);
#6760=CARTESIAN_POINT('',(-1.455208338380E1,-3.81E0,-6.15696E0));
#6761=VERTEX_POINT('',#6760);
#6762=CARTESIAN_POINT('',(-1.455208338380E1,-3.431702134907E0,-6.15696E0));
#6763=VERTEX_POINT('',#6762);
#6764=CARTESIAN_POINT('',(-1.42875E1,-3.431702134907E0,-6.15696E0));
#6765=VERTEX_POINT('',#6764);
#6766=CARTESIAN_POINT('',(-1.42875E1,-3.269574456811E0,-6.15696E0));
#6767=VERTEX_POINT('',#6766);
#6768=CARTESIAN_POINT('',(-1.455208338380E1,-3.269574456811E0,-6.15696E0));
#6769=VERTEX_POINT('',#6768);
#6770=CARTESIAN_POINT('',(-1.455208338380E1,-2.54E0,-6.15696E0));
#6771=VERTEX_POINT('',#6770);
#6772=CARTESIAN_POINT('',(-1.5160625E1,-3.269574456811E0,-6.15696E0));
#6773=CARTESIAN_POINT('',(-1.471083330810E1,-2.756170186996E0,-6.15696E0));
#6774=VERTEX_POINT('',#6772);
#6775=VERTEX_POINT('',#6773);
#6776=CARTESIAN_POINT('',(-1.471083330810E1,-3.269574456811E0,-6.15696E0));
#6777=VERTEX_POINT('',#6776);
#6778=CARTESIAN_POINT('',(-1.65735E1,2.286E0,-6.30936E0));
#6779=CARTESIAN_POINT('',(-1.65735E1,3.556E0,-6.30936E0));
#6780=VERTEX_POINT('',#6778);
#6781=VERTEX_POINT('',#6779);
#6782=CARTESIAN_POINT('',(-1.673225E1,3.556E0,-6.30936E0));
#6783=VERTEX_POINT('',#6782);
#6784=CARTESIAN_POINT('',(-1.6891E1,3.366851086378E0,-6.30936E0));
#6785=VERTEX_POINT('',#6784);
#6786=CARTESIAN_POINT('',(-1.6891E1,3.150680823684E0,-6.30936E0));
#6787=VERTEX_POINT('',#6786);
#6788=CARTESIAN_POINT('',(-1.673225E1,3.339829813004E0,-6.30936E0));
#6789=VERTEX_POINT('',#6788);
#6790=CARTESIAN_POINT('',(-1.673225E1,2.286E0,-6.30936E0));
#6791=VERTEX_POINT('',#6790);
#6792=CARTESIAN_POINT('',(-1.55575E1,-3.81E0,-6.30936E0));
#6793=CARTESIAN_POINT('',(-1.55575E1,-2.54E0,-6.30936E0));
#6794=VERTEX_POINT('',#6792);
#6795=VERTEX_POINT('',#6793);
#6796=CARTESIAN_POINT('',(-1.571625E1,-2.54E0,-6.30936E0));
#6797=VERTEX_POINT('',#6796);
#6798=CARTESIAN_POINT('',(-1.5875E1,-2.729148913622E0,-6.30936E0));
#6799=VERTEX_POINT('',#6798);
#6800=CARTESIAN_POINT('',(-1.5875E1,-2.945319176316E0,-6.30936E0));
#6801=VERTEX_POINT('',#6800);
#6802=CARTESIAN_POINT('',(-1.571625E1,-2.756170186996E0,-6.30936E0));
#6803=VERTEX_POINT('',#6802);
#6804=CARTESIAN_POINT('',(-1.571625E1,-3.81E0,-6.30936E0));
#6805=VERTEX_POINT('',#6804);
#6806=CARTESIAN_POINT('',(-1.471083330810E1,-2.54E0,-6.30936E0));
#6807=CARTESIAN_POINT('',(-1.534583334595E1,-3.269574456811E0,-6.30936E0));
#6808=VERTEX_POINT('',#6806);
#6809=VERTEX_POINT('',#6807);
#6810=CARTESIAN_POINT('',(-1.534583334595E1,-3.431702134907E0,-6.30936E0));
#6811=VERTEX_POINT('',#6810);
#6812=CARTESIAN_POINT('',(-1.471083330810E1,-3.431702134907E0,-6.30936E0));
#6813=VERTEX_POINT('',#6812);
#6814=CARTESIAN_POINT('',(-1.471083330810E1,-3.81E0,-6.30936E0));
#6815=VERTEX_POINT('',#6814);
#6816=CARTESIAN_POINT('',(-1.455208338380E1,-3.81E0,-6.30936E0));
#6817=VERTEX_POINT('',#6816);
#6818=CARTESIAN_POINT('',(-1.455208338380E1,-3.431702134907E0,-6.30936E0));
#6819=VERTEX_POINT('',#6818);
#6820=CARTESIAN_POINT('',(-1.42875E1,-3.431702134907E0,-6.30936E0));
#6821=VERTEX_POINT('',#6820);
#6822=CARTESIAN_POINT('',(-1.42875E1,-3.269574456811E0,-6.30936E0));
#6823=VERTEX_POINT('',#6822);
#6824=CARTESIAN_POINT('',(-1.455208338380E1,-3.269574456811E0,-6.30936E0));
#6825=VERTEX_POINT('',#6824);
#6826=CARTESIAN_POINT('',(-1.455208338380E1,-2.54E0,-6.30936E0));
#6827=VERTEX_POINT('',#6826);
#6828=CARTESIAN_POINT('',(-1.5160625E1,-3.269574456811E0,-6.30936E0));
#6829=CARTESIAN_POINT('',(-1.471083330810E1,-2.756170186996E0,-6.30936E0));
#6830=VERTEX_POINT('',#6828);
#6831=VERTEX_POINT('',#6829);
#6832=CARTESIAN_POINT('',(-1.471083330810E1,-3.269574456811E0,-6.30936E0));
#6833=VERTEX_POINT('',#6832);
#6834=CARTESIAN_POINT('',(2.6543E1,-3.734371628645E0,-5.8928E0));
#6835=VERTEX_POINT('',#6834);
#6836=CARTESIAN_POINT('',(2.6543E1,4.699E0,-5.8928E0));
#6837=CARTESIAN_POINT('',(2.49682E1,6.2738E0,-5.8928E0));
#6838=VERTEX_POINT('',#6836);
#6839=VERTEX_POINT('',#6837);
#6840=CARTESIAN_POINT('',(-2.49682E1,6.2738E0,-5.8928E0));
#6841=CARTESIAN_POINT('',(-2.6543E1,4.699E0,-5.8928E0));
#6842=VERTEX_POINT('',#6840);
#6843=VERTEX_POINT('',#6841);
#6844=CARTESIAN_POINT('',(2.52349E1,-5.72516E0,-1.184240290465E1));
#6845=VERTEX_POINT('',#6844);
#6846=CARTESIAN_POINT('',(2.18059E1,-5.72516E0,-1.184240290465E1));
#6847=VERTEX_POINT('',#6846);
#6848=CARTESIAN_POINT('',(2.52349E1,-5.3086E0,-1.142584290465E1));
#6849=VERTEX_POINT('',#6848);
#6850=CARTESIAN_POINT('',(2.18059E1,-5.3086E0,-1.142584290465E1));
#6851=VERTEX_POINT('',#6850);
#6852=CARTESIAN_POINT('',(-2.18059E1,-5.72516E0,-1.184240290465E1));
#6853=VERTEX_POINT('',#6852);
#6854=CARTESIAN_POINT('',(-2.52349E1,-5.72516E0,-1.184240290465E1));
#6855=VERTEX_POINT('',#6854);
#6856=CARTESIAN_POINT('',(-2.18059E1,-5.3086E0,-1.142584290465E1));
#6857=VERTEX_POINT('',#6856);
#6858=CARTESIAN_POINT('',(-2.52349E1,-5.3086E0,-1.142584290465E1));
#6859=VERTEX_POINT('',#6858);
#6860=CARTESIAN_POINT('',(-2.6543E1,-3.734371628645E0,-5.8928E0));
#6861=VERTEX_POINT('',#6860);
#6862=CARTESIAN_POINT('',(-2.16789E1,-5.3086E0,-5.8928E0));
#6863=VERTEX_POINT('',#6862);
#6864=CARTESIAN_POINT('',(-2.52349E1,-5.3086E0,-5.8928E0));
#6865=VERTEX_POINT('',#6864);
#6866=CARTESIAN_POINT('',(-2.52349E1,-5.0038E0,-5.8928E0));
#6867=VERTEX_POINT('',#6866);
#6868=CARTESIAN_POINT('',(-2.52349E1,-5.0038E0,-6.30936E0));
#6869=VERTEX_POINT('',#6868);
#6870=CARTESIAN_POINT('',(-2.49428E1,0.E0,-1.062736E1));
#6871=CARTESIAN_POINT('',(-2.2098E1,0.E0,-1.062736E1));
#6872=VERTEX_POINT('',#6870);
#6873=VERTEX_POINT('',#6871);
#6874=CARTESIAN_POINT('',(2.2098E1,0.E0,-1.062736E1));
#6875=CARTESIAN_POINT('',(2.49428E1,0.E0,-1.062736E1));
#6876=VERTEX_POINT('',#6874);
#6877=VERTEX_POINT('',#6875);
#6878=CARTESIAN_POINT('',(-2.2098E1,0.E0,-9.73836E0));
#6879=CARTESIAN_POINT('',(-2.49428E1,0.E0,-9.73836E0));
#6880=VERTEX_POINT('',#6878);
#6881=VERTEX_POINT('',#6879);
#6882=CARTESIAN_POINT('',(2.49428E1,0.E0,-9.73836E0));
#6883=CARTESIAN_POINT('',(2.2098E1,0.E0,-9.73836E0));
#6884=VERTEX_POINT('',#6882);
#6885=VERTEX_POINT('',#6883);
#6886=CARTESIAN_POINT('',(2.50698E1,-5.97916E0,-1.54178E1));
#6887=CARTESIAN_POINT('',(2.1971E1,-5.97916E0,-1.54178E1));
#6888=VERTEX_POINT('',#6886);
#6889=VERTEX_POINT('',#6887);
#6890=CARTESIAN_POINT('',(-2.1971E1,-5.97916E0,-1.54178E1));
#6891=CARTESIAN_POINT('',(-2.50698E1,-5.97916E0,-1.54178E1));
#6892=VERTEX_POINT('',#6890);
#6893=VERTEX_POINT('',#6891);
#6894=CARTESIAN_POINT('',(2.1971E1,-5.72516E0,-1.54178E1));
#6895=CARTESIAN_POINT('',(2.50698E1,-5.72516E0,-1.54178E1));
#6896=VERTEX_POINT('',#6894);
#6897=VERTEX_POINT('',#6895);
#6898=CARTESIAN_POINT('',(-2.50698E1,-5.72516E0,-1.54178E1));
#6899=CARTESIAN_POINT('',(-2.1971E1,-5.72516E0,-1.54178E1));
#6900=VERTEX_POINT('',#6898);
#6901=VERTEX_POINT('',#6899);
#6902=CARTESIAN_POINT('',(-2.28092E1,-5.72516E0,-1.67513E1));
#6903=CARTESIAN_POINT('',(-2.28092E1,-5.72516E0,-1.643126E1));
#6904=VERTEX_POINT('',#6902);
#6905=VERTEX_POINT('',#6903);
#6906=CARTESIAN_POINT('',(-2.28092E1,-5.72516E0,-1.440434E1));
#6907=CARTESIAN_POINT('',(-2.28092E1,-5.72516E0,-1.40843E1));
#6908=VERTEX_POINT('',#6906);
#6909=VERTEX_POINT('',#6907);
#6910=CARTESIAN_POINT('',(-2.42316E1,-5.72516E0,-1.67513E1));
#6911=CARTESIAN_POINT('',(-2.42316E1,-5.72516E0,-1.643126E1));
#6912=VERTEX_POINT('',#6910);
#6913=VERTEX_POINT('',#6911);
#6914=CARTESIAN_POINT('',(-2.42316E1,-5.72516E0,-1.440434E1));
#6915=CARTESIAN_POINT('',(-2.42316E1,-5.72516E0,-1.40843E1));
#6916=VERTEX_POINT('',#6914);
#6917=VERTEX_POINT('',#6915);
#6918=CARTESIAN_POINT('',(2.54762E1,0.E0,-5.8928E0));
#6919=CARTESIAN_POINT('',(2.15646E1,0.E0,-5.8928E0));
#6920=VERTEX_POINT('',#6918);
#6921=VERTEX_POINT('',#6919);
#6922=CARTESIAN_POINT('',(-2.15646E1,0.E0,-5.8928E0));
#6923=CARTESIAN_POINT('',(-2.54762E1,0.E0,-5.8928E0));
#6924=VERTEX_POINT('',#6922);
#6925=VERTEX_POINT('',#6923);
#6926=CARTESIAN_POINT('',(-2.2606E0,1.4224E0,-1.35636E0));
#6927=CARTESIAN_POINT('',(-3.2766E0,1.4224E0,-1.35636E0));
#6928=VERTEX_POINT('',#6926);
#6929=VERTEX_POINT('',#6927);
#6930=CARTESIAN_POINT('',(-5.0292E0,1.4224E0,-1.35636E0));
#6931=CARTESIAN_POINT('',(-6.0452E0,1.4224E0,-1.35636E0));
#6932=VERTEX_POINT('',#6930);
#6933=VERTEX_POINT('',#6931);
#6934=CARTESIAN_POINT('',(-7.7724E0,1.4224E0,-1.35636E0));
#6935=CARTESIAN_POINT('',(-8.7884E0,1.4224E0,-1.35636E0));
#6936=VERTEX_POINT('',#6934);
#6937=VERTEX_POINT('',#6935);
#6938=CARTESIAN_POINT('',(-1.0541E1,1.4224E0,-1.35636E0));
#6939=CARTESIAN_POINT('',(-1.1557E1,1.4224E0,-1.35636E0));
#6940=VERTEX_POINT('',#6938);
#6941=VERTEX_POINT('',#6939);
#6942=CARTESIAN_POINT('',(-2.2606E0,1.4224E0,-6.30936E0));
#6943=CARTESIAN_POINT('',(-3.2766E0,1.4224E0,-6.30936E0));
#6944=VERTEX_POINT('',#6942);
#6945=VERTEX_POINT('',#6943);
#6946=CARTESIAN_POINT('',(-5.0292E0,1.4224E0,-6.30936E0));
#6947=CARTESIAN_POINT('',(-6.0452E0,1.4224E0,-6.30936E0));
#6948=VERTEX_POINT('',#6946);
#6949=VERTEX_POINT('',#6947);
#6950=CARTESIAN_POINT('',(-7.7724E0,1.4224E0,-6.30936E0));
#6951=CARTESIAN_POINT('',(-8.7884E0,1.4224E0,-6.30936E0));
#6952=VERTEX_POINT('',#6950);
#6953=VERTEX_POINT('',#6951);
#6954=CARTESIAN_POINT('',(-1.0541E1,1.4224E0,-6.30936E0));
#6955=CARTESIAN_POINT('',(-1.1557E1,1.4224E0,-6.30936E0));
#6956=VERTEX_POINT('',#6954);
#6957=VERTEX_POINT('',#6955);
#6958=CARTESIAN_POINT('',(-1.33096E1,1.4224E0,-1.35636E0));
#6959=CARTESIAN_POINT('',(-1.43256E1,1.4224E0,-1.35636E0));
#6960=VERTEX_POINT('',#6958);
#6961=VERTEX_POINT('',#6959);
#6962=CARTESIAN_POINT('',(1.70688E1,1.4224E0,-1.35636E0));
#6963=CARTESIAN_POINT('',(1.60528E1,1.4224E0,-1.35636E0));
#6964=VERTEX_POINT('',#6962);
#6965=VERTEX_POINT('',#6963);
#6966=CARTESIAN_POINT('',(3.2766E0,1.4224E0,-1.35636E0));
#6967=CARTESIAN_POINT('',(2.2606E0,1.4224E0,-1.35636E0));
#6968=VERTEX_POINT('',#6966);
#6969=VERTEX_POINT('',#6967);
#6970=CARTESIAN_POINT('',(6.0452E0,1.4224E0,-1.35636E0));
#6971=CARTESIAN_POINT('',(5.0292E0,1.4224E0,-1.35636E0));
#6972=VERTEX_POINT('',#6970);
#6973=VERTEX_POINT('',#6971);
#6974=CARTESIAN_POINT('',(8.7884E0,1.4224E0,-1.35636E0));
#6975=CARTESIAN_POINT('',(7.7724E0,1.4224E0,-1.35636E0));
#6976=VERTEX_POINT('',#6974);
#6977=VERTEX_POINT('',#6975);
#6978=CARTESIAN_POINT('',(1.1557E1,1.4224E0,-1.35636E0));
#6979=CARTESIAN_POINT('',(1.0541E1,1.4224E0,-1.35636E0));
#6980=VERTEX_POINT('',#6978);
#6981=VERTEX_POINT('',#6979);
#6982=CARTESIAN_POINT('',(1.43256E1,1.4224E0,-1.35636E0));
#6983=CARTESIAN_POINT('',(1.33096E1,1.4224E0,-1.35636E0));
#6984=VERTEX_POINT('',#6982);
#6985=VERTEX_POINT('',#6983);
#6986=CARTESIAN_POINT('',(-1.33096E1,1.4224E0,-6.30936E0));
#6987=CARTESIAN_POINT('',(-1.43256E1,1.4224E0,-6.30936E0));
#6988=VERTEX_POINT('',#6986);
#6989=VERTEX_POINT('',#6987);
#6990=CARTESIAN_POINT('',(1.70688E1,1.4224E0,-6.30936E0));
#6991=CARTESIAN_POINT('',(1.60528E1,1.4224E0,-6.30936E0));
#6992=VERTEX_POINT('',#6990);
#6993=VERTEX_POINT('',#6991);
#6994=CARTESIAN_POINT('',(3.2766E0,1.4224E0,-6.30936E0));
#6995=CARTESIAN_POINT('',(2.2606E0,1.4224E0,-6.30936E0));
#6996=VERTEX_POINT('',#6994);
#6997=VERTEX_POINT('',#6995);
#6998=CARTESIAN_POINT('',(6.0452E0,1.4224E0,-6.30936E0));
#6999=CARTESIAN_POINT('',(5.0292E0,1.4224E0,-6.30936E0));
#7000=VERTEX_POINT('',#6998);
#7001=VERTEX_POINT('',#6999);
#7002=CARTESIAN_POINT('',(8.7884E0,1.4224E0,-6.30936E0));
#7003=CARTESIAN_POINT('',(7.7724E0,1.4224E0,-6.30936E0));
#7004=VERTEX_POINT('',#7002);
#7005=VERTEX_POINT('',#7003);
#7006=CARTESIAN_POINT('',(1.1557E1,1.4224E0,-6.30936E0));
#7007=CARTESIAN_POINT('',(1.0541E1,1.4224E0,-6.30936E0));
#7008=VERTEX_POINT('',#7006);
#7009=VERTEX_POINT('',#7007);
#7010=CARTESIAN_POINT('',(1.43256E1,1.4224E0,-6.30936E0));
#7011=CARTESIAN_POINT('',(1.33096E1,1.4224E0,-6.30936E0));
#7012=VERTEX_POINT('',#7010);
#7013=VERTEX_POINT('',#7011);
#7014=CARTESIAN_POINT('',(-1.46812E1,-1.4224E0,-1.35636E0));
#7015=CARTESIAN_POINT('',(-1.56972E1,-1.4224E0,-1.35636E0));
#7016=VERTEX_POINT('',#7014);
#7017=VERTEX_POINT('',#7015);
#7018=CARTESIAN_POINT('',(-1.19126E1,-1.4224E0,-1.35636E0));
#7019=CARTESIAN_POINT('',(-1.29286E1,-1.4224E0,-1.35636E0));
#7020=VERTEX_POINT('',#7018);
#7021=VERTEX_POINT('',#7019);
#7022=CARTESIAN_POINT('',(-9.1694E0,-1.4224E0,-1.35636E0));
#7023=CARTESIAN_POINT('',(-1.01854E1,-1.4224E0,-1.35636E0));
#7024=VERTEX_POINT('',#7022);
#7025=VERTEX_POINT('',#7023);
#7026=CARTESIAN_POINT('',(-6.4008E0,-1.4224E0,-1.35636E0));
#7027=CARTESIAN_POINT('',(-7.4168E0,-1.4224E0,-1.35636E0));
#7028=VERTEX_POINT('',#7026);
#7029=VERTEX_POINT('',#7027);
#7030=CARTESIAN_POINT('',(-3.6322E0,-1.4224E0,-1.35636E0));
#7031=CARTESIAN_POINT('',(-4.6482E0,-1.4224E0,-1.35636E0));
#7032=VERTEX_POINT('',#7030);
#7033=VERTEX_POINT('',#7031);
#7034=CARTESIAN_POINT('',(-8.89E-1,-1.4224E0,-1.35636E0));
#7035=CARTESIAN_POINT('',(-1.905E0,-1.4224E0,-1.35636E0));
#7036=VERTEX_POINT('',#7034);
#7037=VERTEX_POINT('',#7035);
#7038=CARTESIAN_POINT('',(1.56972E1,-1.4224E0,-1.35636E0));
#7039=CARTESIAN_POINT('',(1.46812E1,-1.4224E0,-1.35636E0));
#7040=VERTEX_POINT('',#7038);
#7041=VERTEX_POINT('',#7039);
#7042=CARTESIAN_POINT('',(1.29286E1,-1.4224E0,-1.35636E0));
#7043=CARTESIAN_POINT('',(1.19126E1,-1.4224E0,-1.35636E0));
#7044=VERTEX_POINT('',#7042);
#7045=VERTEX_POINT('',#7043);
#7046=CARTESIAN_POINT('',(1.01854E1,-1.4224E0,-1.35636E0));
#7047=CARTESIAN_POINT('',(9.1694E0,-1.4224E0,-1.35636E0));
#7048=VERTEX_POINT('',#7046);
#7049=VERTEX_POINT('',#7047);
#7050=CARTESIAN_POINT('',(7.4168E0,-1.4224E0,-1.35636E0));
#7051=CARTESIAN_POINT('',(6.4008E0,-1.4224E0,-1.35636E0));
#7052=VERTEX_POINT('',#7050);
#7053=VERTEX_POINT('',#7051);
#7054=CARTESIAN_POINT('',(4.6482E0,-1.4224E0,-1.35636E0));
#7055=CARTESIAN_POINT('',(3.6322E0,-1.4224E0,-1.35636E0));
#7056=VERTEX_POINT('',#7054);
#7057=VERTEX_POINT('',#7055);
#7058=CARTESIAN_POINT('',(1.905E0,-1.4224E0,-1.35636E0));
#7059=CARTESIAN_POINT('',(8.89E-1,-1.4224E0,-1.35636E0));
#7060=VERTEX_POINT('',#7058);
#7061=VERTEX_POINT('',#7059);
#7062=CARTESIAN_POINT('',(-1.46812E1,-1.4224E0,-6.30936E0));
#7063=CARTESIAN_POINT('',(-1.56972E1,-1.4224E0,-6.30936E0));
#7064=VERTEX_POINT('',#7062);
#7065=VERTEX_POINT('',#7063);
#7066=CARTESIAN_POINT('',(-1.19126E1,-1.4224E0,-6.30936E0));
#7067=CARTESIAN_POINT('',(-1.29286E1,-1.4224E0,-6.30936E0));
#7068=VERTEX_POINT('',#7066);
#7069=VERTEX_POINT('',#7067);
#7070=CARTESIAN_POINT('',(-9.1694E0,-1.4224E0,-6.30936E0));
#7071=CARTESIAN_POINT('',(-1.01854E1,-1.4224E0,-6.30936E0));
#7072=VERTEX_POINT('',#7070);
#7073=VERTEX_POINT('',#7071);
#7074=CARTESIAN_POINT('',(-6.4008E0,-1.4224E0,-6.30936E0));
#7075=CARTESIAN_POINT('',(-7.4168E0,-1.4224E0,-6.30936E0));
#7076=VERTEX_POINT('',#7074);
#7077=VERTEX_POINT('',#7075);
#7078=CARTESIAN_POINT('',(-3.6322E0,-1.4224E0,-6.30936E0));
#7079=CARTESIAN_POINT('',(-4.6482E0,-1.4224E0,-6.30936E0));
#7080=VERTEX_POINT('',#7078);
#7081=VERTEX_POINT('',#7079);
#7082=CARTESIAN_POINT('',(-8.89E-1,-1.4224E0,-6.30936E0));
#7083=CARTESIAN_POINT('',(-1.905E0,-1.4224E0,-6.30936E0));
#7084=VERTEX_POINT('',#7082);
#7085=VERTEX_POINT('',#7083);
#7086=CARTESIAN_POINT('',(1.56972E1,-1.4224E0,-6.30936E0));
#7087=CARTESIAN_POINT('',(1.46812E1,-1.4224E0,-6.30936E0));
#7088=VERTEX_POINT('',#7086);
#7089=VERTEX_POINT('',#7087);
#7090=CARTESIAN_POINT('',(1.29286E1,-1.4224E0,-6.30936E0));
#7091=CARTESIAN_POINT('',(1.19126E1,-1.4224E0,-6.30936E0));
#7092=VERTEX_POINT('',#7090);
#7093=VERTEX_POINT('',#7091);
#7094=CARTESIAN_POINT('',(1.01854E1,-1.4224E0,-6.30936E0));
#7095=CARTESIAN_POINT('',(9.1694E0,-1.4224E0,-6.30936E0));
#7096=VERTEX_POINT('',#7094);
#7097=VERTEX_POINT('',#7095);
#7098=CARTESIAN_POINT('',(7.4168E0,-1.4224E0,-6.30936E0));
#7099=CARTESIAN_POINT('',(6.4008E0,-1.4224E0,-6.30936E0));
#7100=VERTEX_POINT('',#7098);
#7101=VERTEX_POINT('',#7099);
#7102=CARTESIAN_POINT('',(4.6482E0,-1.4224E0,-6.30936E0));
#7103=CARTESIAN_POINT('',(3.6322E0,-1.4224E0,-6.30936E0));
#7104=VERTEX_POINT('',#7102);
#7105=VERTEX_POINT('',#7103);
#7106=CARTESIAN_POINT('',(1.905E0,-1.4224E0,-6.30936E0));
#7107=CARTESIAN_POINT('',(8.89E-1,-1.4224E0,-6.30936E0));
#7108=VERTEX_POINT('',#7106);
#7109=VERTEX_POINT('',#7107);
#7110=CARTESIAN_POINT('',(5.08E-1,1.4224E0,-1.35636E0));
#7111=CARTESIAN_POINT('',(-5.08E-1,1.4224E0,-1.35636E0));
#7112=VERTEX_POINT('',#7110);
#7113=VERTEX_POINT('',#7111);
#7114=CARTESIAN_POINT('',(5.08E-1,1.4224E0,-6.30936E0));
#7115=CARTESIAN_POINT('',(-5.08E-1,1.4224E0,-6.30936E0));
#7116=VERTEX_POINT('',#7114);
#7117=VERTEX_POINT('',#7115);
#7118=CARTESIAN_POINT('',(-1.3462E1,-9.4488E0,-1.68402E1));
#7119=CARTESIAN_POINT('',(-1.41224E1,-9.4488E0,-1.68402E1));
#7120=VERTEX_POINT('',#7118);
#7121=VERTEX_POINT('',#7119);
#7122=CARTESIAN_POINT('',(-1.3462E1,-5.207E0,-1.68402E1));
#7123=CARTESIAN_POINT('',(-1.41224E1,-5.207E0,-1.68402E1));
#7124=VERTEX_POINT('',#7122);
#7125=VERTEX_POINT('',#7123);
#7126=CARTESIAN_POINT('',(-1.06934E1,-9.4488E0,-1.68402E1));
#7127=CARTESIAN_POINT('',(-1.13538E1,-9.4488E0,-1.68402E1));
#7128=VERTEX_POINT('',#7126);
#7129=VERTEX_POINT('',#7127);
#7130=CARTESIAN_POINT('',(-1.06934E1,-5.207E0,-1.68402E1));
#7131=CARTESIAN_POINT('',(-1.13538E1,-5.207E0,-1.68402E1));
#7132=VERTEX_POINT('',#7130);
#7133=VERTEX_POINT('',#7131);
#7134=CARTESIAN_POINT('',(-7.9248E0,-9.4488E0,-1.68402E1));
#7135=CARTESIAN_POINT('',(-8.5852E0,-9.4488E0,-1.68402E1));
#7136=VERTEX_POINT('',#7134);
#7137=VERTEX_POINT('',#7135);
#7138=CARTESIAN_POINT('',(-7.9248E0,-5.207E0,-1.68402E1));
#7139=CARTESIAN_POINT('',(-8.5852E0,-5.207E0,-1.68402E1));
#7140=VERTEX_POINT('',#7138);
#7141=VERTEX_POINT('',#7139);
#7142=CARTESIAN_POINT('',(-5.1562E0,-9.4488E0,-1.68402E1));
#7143=CARTESIAN_POINT('',(-5.8166E0,-9.4488E0,-1.68402E1));
#7144=VERTEX_POINT('',#7142);
#7145=VERTEX_POINT('',#7143);
#7146=CARTESIAN_POINT('',(-5.1562E0,-5.207E0,-1.68402E1));
#7147=CARTESIAN_POINT('',(-5.8166E0,-5.207E0,-1.68402E1));
#7148=VERTEX_POINT('',#7146);
#7149=VERTEX_POINT('',#7147);
#7150=CARTESIAN_POINT('',(-2.3876E0,-9.4488E0,-1.68402E1));
#7151=CARTESIAN_POINT('',(-3.048E0,-9.4488E0,-1.68402E1));
#7152=VERTEX_POINT('',#7150);
#7153=VERTEX_POINT('',#7151);
#7154=CARTESIAN_POINT('',(-2.3876E0,-5.207E0,-1.68402E1));
#7155=CARTESIAN_POINT('',(-3.048E0,-5.207E0,-1.68402E1));
#7156=VERTEX_POINT('',#7154);
#7157=VERTEX_POINT('',#7155);
#7158=CARTESIAN_POINT('',(3.81E-1,-9.4488E0,-1.68402E1));
#7159=CARTESIAN_POINT('',(-2.794E-1,-9.4488E0,-1.68402E1));
#7160=VERTEX_POINT('',#7158);
#7161=VERTEX_POINT('',#7159);
#7162=CARTESIAN_POINT('',(3.81E-1,-5.207E0,-1.68402E1));
#7163=CARTESIAN_POINT('',(-2.794E-1,-5.207E0,-1.68402E1));
#7164=VERTEX_POINT('',#7162);
#7165=VERTEX_POINT('',#7163);
#7166=CARTESIAN_POINT('',(3.1496E0,-9.4488E0,-1.68402E1));
#7167=CARTESIAN_POINT('',(2.4892E0,-9.4488E0,-1.68402E1));
#7168=VERTEX_POINT('',#7166);
#7169=VERTEX_POINT('',#7167);
#7170=CARTESIAN_POINT('',(3.1496E0,-5.207E0,-1.68402E1));
#7171=CARTESIAN_POINT('',(2.4892E0,-5.207E0,-1.68402E1));
#7172=VERTEX_POINT('',#7170);
#7173=VERTEX_POINT('',#7171);
#7174=CARTESIAN_POINT('',(5.9182E0,-9.4488E0,-1.68402E1));
#7175=CARTESIAN_POINT('',(5.2578E0,-9.4488E0,-1.68402E1));
#7176=VERTEX_POINT('',#7174);
#7177=VERTEX_POINT('',#7175);
#7178=CARTESIAN_POINT('',(5.9182E0,-5.207E0,-1.68402E1));
#7179=CARTESIAN_POINT('',(5.2578E0,-5.207E0,-1.68402E1));
#7180=VERTEX_POINT('',#7178);
#7181=VERTEX_POINT('',#7179);
#7182=CARTESIAN_POINT('',(8.6868E0,-9.4488E0,-1.68402E1));
#7183=CARTESIAN_POINT('',(8.0264E0,-9.4488E0,-1.68402E1));
#7184=VERTEX_POINT('',#7182);
#7185=VERTEX_POINT('',#7183);
#7186=CARTESIAN_POINT('',(8.6868E0,-5.207E0,-1.68402E1));
#7187=CARTESIAN_POINT('',(8.0264E0,-5.207E0,-1.68402E1));
#7188=VERTEX_POINT('',#7186);
#7189=VERTEX_POINT('',#7187);
#7190=CARTESIAN_POINT('',(1.14554E1,-9.4488E0,-1.68402E1));
#7191=CARTESIAN_POINT('',(1.0795E1,-9.4488E0,-1.68402E1));
#7192=VERTEX_POINT('',#7190);
#7193=VERTEX_POINT('',#7191);
#7194=CARTESIAN_POINT('',(1.14554E1,-5.207E0,-1.68402E1));
#7195=CARTESIAN_POINT('',(1.0795E1,-5.207E0,-1.68402E1));
#7196=VERTEX_POINT('',#7194);
#7197=VERTEX_POINT('',#7195);
#7198=CARTESIAN_POINT('',(1.4224E1,-9.4488E0,-1.68402E1));
#7199=CARTESIAN_POINT('',(1.35636E1,-9.4488E0,-1.68402E1));
#7200=VERTEX_POINT('',#7198);
#7201=VERTEX_POINT('',#7199);
#7202=CARTESIAN_POINT('',(1.4224E1,-5.207E0,-1.68402E1));
#7203=CARTESIAN_POINT('',(1.35636E1,-5.207E0,-1.68402E1));
#7204=VERTEX_POINT('',#7202);
#7205=VERTEX_POINT('',#7203);
#7206=CARTESIAN_POINT('',(1.69926E1,-9.4488E0,-1.68402E1));
#7207=CARTESIAN_POINT('',(1.63322E1,-9.4488E0,-1.68402E1));
#7208=VERTEX_POINT('',#7206);
#7209=VERTEX_POINT('',#7207);
#7210=CARTESIAN_POINT('',(1.69926E1,-5.207E0,-1.68402E1));
#7211=CARTESIAN_POINT('',(1.63322E1,-5.207E0,-1.68402E1));
#7212=VERTEX_POINT('',#7210);
#7213=VERTEX_POINT('',#7211);
#7214=CARTESIAN_POINT('',(-1.209548E1,-9.4488E0,-1.39954E1));
#7215=CARTESIAN_POINT('',(-1.273048E1,-9.4488E0,-1.39954E1));
#7216=VERTEX_POINT('',#7214);
#7217=VERTEX_POINT('',#7215);
#7218=CARTESIAN_POINT('',(-1.209548E1,-5.207E0,-1.39954E1));
#7219=CARTESIAN_POINT('',(-1.273048E1,-5.207E0,-1.39954E1));
#7220=VERTEX_POINT('',#7218);
#7221=VERTEX_POINT('',#7219);
#7222=CARTESIAN_POINT('',(-9.32688E0,-9.4488E0,-1.39954E1));
#7223=CARTESIAN_POINT('',(-9.96188E0,-9.4488E0,-1.39954E1));
#7224=VERTEX_POINT('',#7222);
#7225=VERTEX_POINT('',#7223);
#7226=CARTESIAN_POINT('',(-9.32688E0,-5.207E0,-1.39954E1));
#7227=CARTESIAN_POINT('',(-9.96188E0,-5.207E0,-1.39954E1));
#7228=VERTEX_POINT('',#7226);
#7229=VERTEX_POINT('',#7227);
#7230=CARTESIAN_POINT('',(-6.55828E0,-9.4488E0,-1.39954E1));
#7231=CARTESIAN_POINT('',(-7.19328E0,-9.4488E0,-1.39954E1));
#7232=VERTEX_POINT('',#7230);
#7233=VERTEX_POINT('',#7231);
#7234=CARTESIAN_POINT('',(-6.55828E0,-5.207E0,-1.39954E1));
#7235=CARTESIAN_POINT('',(-7.19328E0,-5.207E0,-1.39954E1));
#7236=VERTEX_POINT('',#7234);
#7237=VERTEX_POINT('',#7235);
#7238=CARTESIAN_POINT('',(-3.78968E0,-9.4488E0,-1.39954E1));
#7239=CARTESIAN_POINT('',(-4.42468E0,-9.4488E0,-1.39954E1));
#7240=VERTEX_POINT('',#7238);
#7241=VERTEX_POINT('',#7239);
#7242=CARTESIAN_POINT('',(-3.78968E0,-5.207E0,-1.39954E1));
#7243=CARTESIAN_POINT('',(-4.42468E0,-5.207E0,-1.39954E1));
#7244=VERTEX_POINT('',#7242);
#7245=VERTEX_POINT('',#7243);
#7246=CARTESIAN_POINT('',(-1.02108E0,-9.4488E0,-1.39954E1));
#7247=CARTESIAN_POINT('',(-1.65608E0,-9.4488E0,-1.39954E1));
#7248=VERTEX_POINT('',#7246);
#7249=VERTEX_POINT('',#7247);
#7250=CARTESIAN_POINT('',(-1.02108E0,-5.207E0,-1.39954E1));
#7251=CARTESIAN_POINT('',(-1.65608E0,-5.207E0,-1.39954E1));
#7252=VERTEX_POINT('',#7250);
#7253=VERTEX_POINT('',#7251);
#7254=CARTESIAN_POINT('',(1.74752E0,-9.4488E0,-1.39954E1));
#7255=CARTESIAN_POINT('',(1.11252E0,-9.4488E0,-1.39954E1));
#7256=VERTEX_POINT('',#7254);
#7257=VERTEX_POINT('',#7255);
#7258=CARTESIAN_POINT('',(1.74752E0,-5.207E0,-1.39954E1));
#7259=CARTESIAN_POINT('',(1.11252E0,-5.207E0,-1.39954E1));
#7260=VERTEX_POINT('',#7258);
#7261=VERTEX_POINT('',#7259);
#7262=CARTESIAN_POINT('',(4.51612E0,-9.4488E0,-1.39954E1));
#7263=CARTESIAN_POINT('',(3.88112E0,-9.4488E0,-1.39954E1));
#7264=VERTEX_POINT('',#7262);
#7265=VERTEX_POINT('',#7263);
#7266=CARTESIAN_POINT('',(4.51612E0,-5.207E0,-1.39954E1));
#7267=CARTESIAN_POINT('',(3.88112E0,-5.207E0,-1.39954E1));
#7268=VERTEX_POINT('',#7266);
#7269=VERTEX_POINT('',#7267);
#7270=CARTESIAN_POINT('',(7.28472E0,-9.4488E0,-1.39954E1));
#7271=CARTESIAN_POINT('',(6.64972E0,-9.4488E0,-1.39954E1));
#7272=VERTEX_POINT('',#7270);
#7273=VERTEX_POINT('',#7271);
#7274=CARTESIAN_POINT('',(7.28472E0,-5.207E0,-1.39954E1));
#7275=CARTESIAN_POINT('',(6.64972E0,-5.207E0,-1.39954E1));
#7276=VERTEX_POINT('',#7274);
#7277=VERTEX_POINT('',#7275);
#7278=CARTESIAN_POINT('',(1.005332E1,-9.4488E0,-1.39954E1));
#7279=CARTESIAN_POINT('',(9.41832E0,-9.4488E0,-1.39954E1));
#7280=VERTEX_POINT('',#7278);
#7281=VERTEX_POINT('',#7279);
#7282=CARTESIAN_POINT('',(1.005332E1,-5.207E0,-1.39954E1));
#7283=CARTESIAN_POINT('',(9.41832E0,-5.207E0,-1.39954E1));
#7284=VERTEX_POINT('',#7282);
#7285=VERTEX_POINT('',#7283);
#7286=CARTESIAN_POINT('',(1.282192E1,-9.4488E0,-1.39954E1));
#7287=CARTESIAN_POINT('',(1.218692E1,-9.4488E0,-1.39954E1));
#7288=VERTEX_POINT('',#7286);
#7289=VERTEX_POINT('',#7287);
#7290=CARTESIAN_POINT('',(1.282192E1,-5.207E0,-1.39954E1));
#7291=CARTESIAN_POINT('',(1.218692E1,-5.207E0,-1.39954E1));
#7292=VERTEX_POINT('',#7290);
#7293=VERTEX_POINT('',#7291);
#7294=CARTESIAN_POINT('',(1.559052E1,-9.4488E0,-1.39954E1));
#7295=CARTESIAN_POINT('',(1.495552E1,-9.4488E0,-1.39954E1));
#7296=VERTEX_POINT('',#7294);
#7297=VERTEX_POINT('',#7295);
#7298=CARTESIAN_POINT('',(1.559052E1,-5.207E0,-1.39954E1));
#7299=CARTESIAN_POINT('',(1.495552E1,-5.207E0,-1.39954E1));
#7300=VERTEX_POINT('',#7298);
#7301=VERTEX_POINT('',#7299);
#7302=CARTESIAN_POINT('',(2.55143E1,0.E0,-6.30936E0));
#7303=CARTESIAN_POINT('',(2.15265E1,0.E0,-6.30936E0));
#7304=VERTEX_POINT('',#7302);
#7305=VERTEX_POINT('',#7303);
#7306=CARTESIAN_POINT('',(-2.15265E1,0.E0,-6.30936E0));
#7307=CARTESIAN_POINT('',(-2.55143E1,0.E0,-6.30936E0));
#7308=VERTEX_POINT('',#7306);
#7309=VERTEX_POINT('',#7307);
#7310=CARTESIAN_POINT('',(2.55143E1,0.E0,-7.309358E0));
#7311=CARTESIAN_POINT('',(2.15265E1,0.E0,-7.309358E0));
#7312=VERTEX_POINT('',#7310);
#7313=VERTEX_POINT('',#7311);
#7314=CARTESIAN_POINT('',(-2.15265E1,0.E0,-7.309358E0));
#7315=CARTESIAN_POINT('',(-2.55143E1,0.E0,-7.309358E0));
#7316=VERTEX_POINT('',#7314);
#7317=VERTEX_POINT('',#7315);
#7318=CARTESIAN_POINT('',(2.54762E1,0.E0,-6.30936E0));
#7319=CARTESIAN_POINT('',(2.15646E1,0.E0,-6.30936E0));
#7320=VERTEX_POINT('',#7318);
#7321=VERTEX_POINT('',#7319);
#7322=CARTESIAN_POINT('',(-2.15646E1,0.E0,-6.30936E0));
#7323=CARTESIAN_POINT('',(-2.54762E1,0.E0,-6.30936E0));
#7324=VERTEX_POINT('',#7322);
#7325=VERTEX_POINT('',#7323);
#7326=CARTESIAN_POINT('',(2.35204E1,1.94945E0,-7.00786E0));
#7327=CARTESIAN_POINT('',(2.35204E1,1.582832579065E0,-6.37286E0));
#7328=VERTEX_POINT('',#7326);
#7329=VERTEX_POINT('',#7327);
#7330=CARTESIAN_POINT('',(2.35204E1,-1.94945E0,-7.00786E0));
#7331=CARTESIAN_POINT('',(2.35204E1,-1.582832579065E0,-6.37286E0));
#7332=VERTEX_POINT('',#7330);
#7333=VERTEX_POINT('',#7331);
#7334=CARTESIAN_POINT('',(-2.35204E1,1.94945E0,-7.00786E0));
#7335=CARTESIAN_POINT('',(-2.35204E1,1.582832579065E0,-6.37286E0));
#7336=VERTEX_POINT('',#7334);
#7337=VERTEX_POINT('',#7335);
#7338=CARTESIAN_POINT('',(-2.35204E1,-1.94945E0,-7.00786E0));
#7339=CARTESIAN_POINT('',(-2.35204E1,-1.582832579065E0,-6.37286E0));
#7340=VERTEX_POINT('',#7338);
#7341=VERTEX_POINT('',#7339);
#7342=CARTESIAN_POINT('',(2.35204E1,1.94945E0,-7.309358E0));
#7343=CARTESIAN_POINT('',(2.35204E1,-1.94945E0,-7.309358E0));
#7344=VERTEX_POINT('',#7342);
#7345=VERTEX_POINT('',#7343);
#7346=CARTESIAN_POINT('',(-2.35204E1,1.94945E0,-7.309358E0));
#7347=CARTESIAN_POINT('',(-2.35204E1,-1.94945E0,-7.309358E0));
#7348=VERTEX_POINT('',#7346);
#7349=VERTEX_POINT('',#7347);
#7350=CARTESIAN_POINT('',(-2.35204E1,-3.13436E0,-1.38684E1));
#7351=CARTESIAN_POINT('',(-2.35204E1,-3.13436E0,-1.27508E1));
#7352=VERTEX_POINT('',#7350);
#7353=VERTEX_POINT('',#7351);
#7354=CARTESIAN_POINT('',(-2.35204E1,-3.13436E0,-1.69672E1));
#7355=CARTESIAN_POINT('',(-2.35204E1,-3.13436E0,-1.80848E1));
#7356=VERTEX_POINT('',#7354);
#7357=VERTEX_POINT('',#7355);
#7358=CARTESIAN_POINT('',(-2.35204E1,-3.3528E0,-1.27508E1));
#7359=CARTESIAN_POINT('',(-2.35204E1,-3.3528E0,-1.80848E1));
#7360=VERTEX_POINT('',#7358);
#7361=VERTEX_POINT('',#7359);
#7362=CARTESIAN_POINT('',(2.35204E1,-3.13436E0,-1.38684E1));
#7363=CARTESIAN_POINT('',(2.35204E1,-3.13436E0,-1.27508E1));
#7364=VERTEX_POINT('',#7362);
#7365=VERTEX_POINT('',#7363);
#7366=CARTESIAN_POINT('',(2.35204E1,-3.13436E0,-1.69672E1));
#7367=CARTESIAN_POINT('',(2.35204E1,-3.13436E0,-1.80848E1));
#7368=VERTEX_POINT('',#7366);
#7369=VERTEX_POINT('',#7367);
#7370=CARTESIAN_POINT('',(2.35204E1,-3.3528E0,-1.27508E1));
#7371=CARTESIAN_POINT('',(2.35204E1,-3.3528E0,-1.80848E1));
#7372=VERTEX_POINT('',#7370);
#7373=VERTEX_POINT('',#7371);
#7374=CARTESIAN_POINT('',(-2.484515261590E1,-3.13436E0,-1.622133647501E1));
#7375=VERTEX_POINT('',#7374);
#7376=CARTESIAN_POINT('',(-2.432393647501E1,-3.13436E0,-1.674255261590E1));
#7377=VERTEX_POINT('',#7376);
#7378=CARTESIAN_POINT('',(-2.432393647501E1,-3.13436E0,-1.409304738410E1));
#7379=VERTEX_POINT('',#7378);
#7380=CARTESIAN_POINT('',(-2.484515261590E1,-3.13436E0,-1.461426352499E1));
#7381=VERTEX_POINT('',#7380);
#7382=CARTESIAN_POINT('',(-2.271686352499E1,-3.13436E0,-1.674255261590E1));
#7383=VERTEX_POINT('',#7382);
#7384=CARTESIAN_POINT('',(-2.219564738410E1,-3.13436E0,-1.622133647501E1));
#7385=VERTEX_POINT('',#7384);
#7386=CARTESIAN_POINT('',(-2.219564738410E1,-3.13436E0,-1.461426352499E1));
#7387=VERTEX_POINT('',#7386);
#7388=CARTESIAN_POINT('',(-2.271686352499E1,-3.13436E0,-1.409304738410E1));
#7389=VERTEX_POINT('',#7388);
#7390=CARTESIAN_POINT('',(2.271686352499E1,-3.13436E0,-1.409304738410E1));
#7391=VERTEX_POINT('',#7390);
#7392=CARTESIAN_POINT('',(2.219564738410E1,-3.13436E0,-1.461426352499E1));
#7393=VERTEX_POINT('',#7392);
#7394=CARTESIAN_POINT('',(2.219564738410E1,-3.13436E0,-1.622133647501E1));
#7395=VERTEX_POINT('',#7394);
#7396=CARTESIAN_POINT('',(2.271686352499E1,-3.13436E0,-1.674255261590E1));
#7397=VERTEX_POINT('',#7396);
#7398=CARTESIAN_POINT('',(2.484515261590E1,-3.13436E0,-1.461426352499E1));
#7399=VERTEX_POINT('',#7398);
#7400=CARTESIAN_POINT('',(2.432393647501E1,-3.13436E0,-1.409304738410E1));
#7401=VERTEX_POINT('',#7400);
#7402=CARTESIAN_POINT('',(2.432393647501E1,-3.13436E0,-1.674255261590E1));
#7403=VERTEX_POINT('',#7402);
#7404=CARTESIAN_POINT('',(2.484515261590E1,-3.13436E0,-1.622133647501E1));
#7405=VERTEX_POINT('',#7404);
#7406=CARTESIAN_POINT('',(-2.40284E1,-2.27076E0,-1.70561E1));
#7407=CARTESIAN_POINT('',(-2.40284E1,-2.27076E0,-1.711706E1));
#7408=VERTEX_POINT('',#7406);
#7409=VERTEX_POINT('',#7407);
#7410=CARTESIAN_POINT('',(-2.40284E1,-1.95072E0,-1.711706E1));
#7411=VERTEX_POINT('',#7410);
#7412=CARTESIAN_POINT('',(-2.40284E1,-1.95072E0,-1.70561E1));
#7413=VERTEX_POINT('',#7412);
#7414=CARTESIAN_POINT('',(-2.30124E1,-2.27076E0,-1.70561E1));
#7415=CARTESIAN_POINT('',(-2.30124E1,-2.27076E0,-1.711706E1));
#7416=VERTEX_POINT('',#7414);
#7417=VERTEX_POINT('',#7415);
#7418=CARTESIAN_POINT('',(-2.30124E1,-1.95072E0,-1.711706E1));
#7419=VERTEX_POINT('',#7418);
#7420=CARTESIAN_POINT('',(-2.30124E1,-1.95072E0,-1.70561E1));
#7421=VERTEX_POINT('',#7420);
#7422=CARTESIAN_POINT('',(-2.40284E1,-2.57556E0,-1.67513E1));
#7423=CARTESIAN_POINT('',(-2.40284E1,-2.57556E0,-1.643126E1));
#7424=VERTEX_POINT('',#7422);
#7425=VERTEX_POINT('',#7423);
#7426=CARTESIAN_POINT('',(-2.30124E1,-2.57556E0,-1.67513E1));
#7427=CARTESIAN_POINT('',(-2.30124E1,-2.57556E0,-1.643126E1));
#7428=VERTEX_POINT('',#7426);
#7429=VERTEX_POINT('',#7427);
#7430=CARTESIAN_POINT('',(2.30124E1,-2.27076E0,-1.70561E1));
#7431=CARTESIAN_POINT('',(2.30124E1,-2.27076E0,-1.711706E1));
#7432=VERTEX_POINT('',#7430);
#7433=VERTEX_POINT('',#7431);
#7434=CARTESIAN_POINT('',(2.30124E1,-1.95072E0,-1.711706E1));
#7435=VERTEX_POINT('',#7434);
#7436=CARTESIAN_POINT('',(2.30124E1,-1.95072E0,-1.70561E1));
#7437=VERTEX_POINT('',#7436);
#7438=CARTESIAN_POINT('',(2.40284E1,-2.27076E0,-1.70561E1));
#7439=CARTESIAN_POINT('',(2.40284E1,-2.27076E0,-1.711706E1));
#7440=VERTEX_POINT('',#7438);
#7441=VERTEX_POINT('',#7439);
#7442=CARTESIAN_POINT('',(2.40284E1,-1.95072E0,-1.711706E1));
#7443=VERTEX_POINT('',#7442);
#7444=CARTESIAN_POINT('',(2.40284E1,-1.95072E0,-1.70561E1));
#7445=VERTEX_POINT('',#7444);
#7446=CARTESIAN_POINT('',(2.30124E1,-2.57556E0,-1.67513E1));
#7447=CARTESIAN_POINT('',(2.30124E1,-2.57556E0,-1.643126E1));
#7448=VERTEX_POINT('',#7446);
#7449=VERTEX_POINT('',#7447);
#7450=CARTESIAN_POINT('',(2.40284E1,-2.57556E0,-1.67513E1));
#7451=CARTESIAN_POINT('',(2.40284E1,-2.57556E0,-1.643126E1));
#7452=VERTEX_POINT('',#7450);
#7453=VERTEX_POINT('',#7451);
#7454=CARTESIAN_POINT('',(2.167434837236E1,-8.093477775354E0,-1.6129E1));
#7455=DIRECTION('',(-8.589598969307E-1,-5.120428648706E-1,0.E0));
#7456=DIRECTION('',(5.120428648706E-1,-8.589598969307E-1,0.E0));
#7457=AXIS2_PLACEMENT_3D('',#7454,#7455,#7456);
#7458=PLANE('',#7457);
#7460=ORIENTED_EDGE('',*,*,#7459,.F.);
#7462=ORIENTED_EDGE('',*,*,#7461,.T.);
#7464=ORIENTED_EDGE('',*,*,#7463,.T.);
#7466=ORIENTED_EDGE('',*,*,#7465,.F.);
#7467=EDGE_LOOP('',(#7460,#7462,#7464,#7466));
#7468=FACE_OUTER_BOUND('',#7467,.F.);
#7469=ADVANCED_FACE('',(#7468),#7458,.T.);
#7470=CARTESIAN_POINT('',(2.35204E1,0.E0,-1.6129E1));
#7471=DIRECTION('',(0.E0,0.E0,1.E0));
#7472=DIRECTION('',(1.E0,0.E0,0.E0));
#7473=AXIS2_PLACEMENT_3D('',#7470,#7471,#7472);
#7474=PLANE('',#7473);
#7476=ORIENTED_EDGE('',*,*,#7475,.T.);
#7478=ORIENTED_EDGE('',*,*,#7477,.T.);
#7480=ORIENTED_EDGE('',*,*,#7479,.T.);
#7482=ORIENTED_EDGE('',*,*,#7481,.T.);
#7484=ORIENTED_EDGE('',*,*,#7483,.T.);
#7486=ORIENTED_EDGE('',*,*,#7485,.T.);
#7488=ORIENTED_EDGE('',*,*,#7487,.T.);
#7490=ORIENTED_EDGE('',*,*,#7489,.T.);
#7492=ORIENTED_EDGE('',*,*,#7491,.T.);
#7494=ORIENTED_EDGE('',*,*,#7493,.T.);
#7496=ORIENTED_EDGE('',*,*,#7495,.T.);
#7498=ORIENTED_EDGE('',*,*,#7497,.F.);
#7499=EDGE_LOOP('',(#7476,#7478,#7480,#7482,#7484,#7486,#7488,#7490,#7492,#7494,
#7496,#7498));
#7500=FACE_OUTER_BOUND('',#7499,.F.);
#7501=ADVANCED_FACE('',(#7500),#7474,.F.);
#7502=CARTESIAN_POINT('',(2.35204E1,0.E0,-1.6129E1));
#7503=DIRECTION('',(0.E0,0.E0,1.E0));
#7504=DIRECTION('',(1.E0,0.E0,0.E0));
#7505=AXIS2_PLACEMENT_3D('',#7502,#7503,#7504);
#7506=PLANE('',#7505);
#7508=ORIENTED_EDGE('',*,*,#7507,.T.);
#7510=ORIENTED_EDGE('',*,*,#7509,.T.);
#7512=ORIENTED_EDGE('',*,*,#7511,.T.);
#7514=ORIENTED_EDGE('',*,*,#7513,.T.);
#7515=ORIENTED_EDGE('',*,*,#7459,.T.);
#7517=ORIENTED_EDGE('',*,*,#7516,.T.);
#7519=ORIENTED_EDGE('',*,*,#7518,.T.);
#7521=ORIENTED_EDGE('',*,*,#7520,.T.);
#7523=ORIENTED_EDGE('',*,*,#7522,.T.);
#7525=ORIENTED_EDGE('',*,*,#7524,.T.);
#7527=ORIENTED_EDGE('',*,*,#7526,.T.);
#7529=ORIENTED_EDGE('',*,*,#7528,.F.);
#7530=EDGE_LOOP('',(#7508,#7510,#7512,#7514,#7515,#7517,#7519,#7521,#7523,#7525,
#7527,#7529));
#7531=FACE_OUTER_BOUND('',#7530,.F.);
#7532=ADVANCED_FACE('',(#7531),#7506,.F.);
#7533=CARTESIAN_POINT('',(2.35204E1,0.E0,-1.6129E1));
#7534=DIRECTION('',(0.E0,0.E0,1.E0));
#7535=DIRECTION('',(1.E0,0.E0,0.E0));
#7536=AXIS2_PLACEMENT_3D('',#7533,#7534,#7535);
#7537=PLANE('',#7536);
#7539=ORIENTED_EDGE('',*,*,#7538,.T.);
#7541=ORIENTED_EDGE('',*,*,#7540,.T.);
#7543=ORIENTED_EDGE('',*,*,#7542,.T.);
#7545=ORIENTED_EDGE('',*,*,#7544,.T.);
#7547=ORIENTED_EDGE('',*,*,#7546,.T.);
#7549=ORIENTED_EDGE('',*,*,#7548,.T.);
#7551=ORIENTED_EDGE('',*,*,#7550,.T.);
#7553=ORIENTED_EDGE('',*,*,#7552,.T.);
#7555=ORIENTED_EDGE('',*,*,#7554,.T.);
#7557=ORIENTED_EDGE('',*,*,#7556,.T.);
#7559=ORIENTED_EDGE('',*,*,#7558,.T.);
#7561=ORIENTED_EDGE('',*,*,#7560,.F.);
#7562=EDGE_LOOP('',(#7539,#7541,#7543,#7545,#7547,#7549,#7551,#7553,#7555,#7557,
#7559,#7561));
#7563=FACE_OUTER_BOUND('',#7562,.F.);
#7564=ADVANCED_FACE('',(#7563),#7537,.F.);
#7565=CARTESIAN_POINT('',(2.35204E1,0.E0,-1.6129E1));
#7566=DIRECTION('',(0.E0,0.E0,1.E0));
#7567=DIRECTION('',(1.E0,0.E0,0.E0));
#7568=AXIS2_PLACEMENT_3D('',#7565,#7566,#7567);
#7569=PLANE('',#7568);
#7571=ORIENTED_EDGE('',*,*,#7570,.T.);
#7573=ORIENTED_EDGE('',*,*,#7572,.T.);
#7575=ORIENTED_EDGE('',*,*,#7574,.T.);
#7577=ORIENTED_EDGE('',*,*,#7576,.T.);
#7579=ORIENTED_EDGE('',*,*,#7578,.T.);
#7581=ORIENTED_EDGE('',*,*,#7580,.T.);
#7583=ORIENTED_EDGE('',*,*,#7582,.T.);
#7585=ORIENTED_EDGE('',*,*,#7584,.T.);
#7587=ORIENTED_EDGE('',*,*,#7586,.T.);
#7589=ORIENTED_EDGE('',*,*,#7588,.T.);
#7591=ORIENTED_EDGE('',*,*,#7590,.T.);
#7593=ORIENTED_EDGE('',*,*,#7592,.F.);
#7594=EDGE_LOOP('',(#7571,#7573,#7575,#7577,#7579,#7581,#7583,#7585,#7587,#7589,
#7591,#7593));
#7595=FACE_OUTER_BOUND('',#7594,.F.);
#7596=ADVANCED_FACE('',(#7595),#7569,.F.);
#7597=CARTESIAN_POINT('',(2.453386E1,-5.72516E0,-1.6129E1));
#7598=DIRECTION('',(-1.E0,0.E0,0.E0));
#7599=DIRECTION('',(0.E0,-1.E0,0.E0));
#7600=AXIS2_PLACEMENT_3D('',#7597,#7598,#7599);
#7601=PLANE('',#7600);
#7602=ORIENTED_EDGE('',*,*,#7475,.F.);
#7604=ORIENTED_EDGE('',*,*,#7603,.T.);
#7606=ORIENTED_EDGE('',*,*,#7605,.T.);
#7608=ORIENTED_EDGE('',*,*,#7607,.F.);
#7609=EDGE_LOOP('',(#7602,#7604,#7606,#7608));
#7610=FACE_OUTER_BOUND('',#7609,.F.);
#7611=ADVANCED_FACE('',(#7610),#7601,.T.);
#7612=CARTESIAN_POINT('',(-2.6543E1,-5.72516E0,0.E0));
#7613=DIRECTION('',(0.E0,-1.E0,0.E0));
#7614=DIRECTION('',(1.E0,0.E0,0.E0));
#7615=AXIS2_PLACEMENT_3D('',#7612,#7613,#7614);
#7616=PLANE('',#7615);
#7618=ORIENTED_EDGE('',*,*,#7617,.F.);
#7620=ORIENTED_EDGE('',*,*,#7619,.F.);
#7622=ORIENTED_EDGE('',*,*,#7621,.F.);
#7624=ORIENTED_EDGE('',*,*,#7623,.F.);
#7626=ORIENTED_EDGE('',*,*,#7625,.F.);
#7628=ORIENTED_EDGE('',*,*,#7627,.F.);
#7630=ORIENTED_EDGE('',*,*,#7629,.F.);
#7632=ORIENTED_EDGE('',*,*,#7631,.F.);
#7634=ORIENTED_EDGE('',*,*,#7633,.F.);
#7636=ORIENTED_EDGE('',*,*,#7635,.T.);
#7637=EDGE_LOOP('',(#7618,#7620,#7622,#7624,#7626,#7628,#7630,#7632,#7634,
#7636));
#7638=FACE_OUTER_BOUND('',#7637,.F.);
#7640=ORIENTED_EDGE('',*,*,#7639,.T.);
#7642=ORIENTED_EDGE('',*,*,#7641,.T.);
#7643=EDGE_LOOP('',(#7640,#7642));
#7644=FACE_BOUND('',#7643,.F.);
#7645=ADVANCED_FACE('',(#7638,#7644),#7616,.T.);
#7646=CARTESIAN_POINT('',(-2.6543E1,-5.72516E0,0.E0));
#7647=DIRECTION('',(0.E0,-1.E0,0.E0));
#7648=DIRECTION('',(1.E0,0.E0,0.E0));
#7649=AXIS2_PLACEMENT_3D('',#7646,#7647,#7648);
#7650=PLANE('',#7649);
#7652=ORIENTED_EDGE('',*,*,#7651,.F.);
#7654=ORIENTED_EDGE('',*,*,#7653,.F.);
#7656=ORIENTED_EDGE('',*,*,#7655,.F.);
#7658=ORIENTED_EDGE('',*,*,#7657,.F.);
#7660=ORIENTED_EDGE('',*,*,#7659,.F.);
#7662=ORIENTED_EDGE('',*,*,#7661,.F.);
#7664=ORIENTED_EDGE('',*,*,#7663,.F.);
#7666=ORIENTED_EDGE('',*,*,#7665,.F.);
#7668=ORIENTED_EDGE('',*,*,#7667,.F.);
#7670=ORIENTED_EDGE('',*,*,#7669,.T.);
#7671=EDGE_LOOP('',(#7652,#7654,#7656,#7658,#7660,#7662,#7664,#7666,#7668,
#7670));
#7672=FACE_OUTER_BOUND('',#7671,.F.);
#7674=ORIENTED_EDGE('',*,*,#7673,.T.);
#7676=ORIENTED_EDGE('',*,*,#7675,.T.);
#7677=EDGE_LOOP('',(#7674,#7676));
#7678=FACE_BOUND('',#7677,.F.);
#7679=ADVANCED_FACE('',(#7672,#7678),#7650,.T.);
#7680=CARTESIAN_POINT('',(-2.6543E1,-5.72516E0,0.E0));
#7681=DIRECTION('',(0.E0,-1.E0,0.E0));
#7682=DIRECTION('',(1.E0,0.E0,0.E0));
#7683=AXIS2_PLACEMENT_3D('',#7680,#7681,#7682);
#7684=PLANE('',#7683);
#7686=ORIENTED_EDGE('',*,*,#7685,.F.);
#7688=ORIENTED_EDGE('',*,*,#7687,.F.);
#7689=EDGE_LOOP('',(#7686,#7688));
#7690=FACE_OUTER_BOUND('',#7689,.F.);
#7691=ORIENTED_EDGE('',*,*,#7528,.T.);
#7693=ORIENTED_EDGE('',*,*,#7692,.T.);
#7695=ORIENTED_EDGE('',*,*,#7694,.F.);
#7697=ORIENTED_EDGE('',*,*,#7696,.F.);
#7698=EDGE_LOOP('',(#7691,#7693,#7695,#7697));
#7699=FACE_BOUND('',#7698,.F.);
#7700=ORIENTED_EDGE('',*,*,#7497,.T.);
#7702=ORIENTED_EDGE('',*,*,#7701,.T.);
#7704=ORIENTED_EDGE('',*,*,#7703,.F.);
#7705=ORIENTED_EDGE('',*,*,#7603,.F.);
#7706=EDGE_LOOP('',(#7700,#7702,#7704,#7705));
#7707=FACE_BOUND('',#7706,.F.);
#7709=ORIENTED_EDGE('',*,*,#7708,.T.);
#7711=ORIENTED_EDGE('',*,*,#7710,.T.);
#7713=ORIENTED_EDGE('',*,*,#7712,.F.);
#7715=ORIENTED_EDGE('',*,*,#7714,.F.);
#7716=EDGE_LOOP('',(#7709,#7711,#7713,#7715));
#7717=FACE_BOUND('',#7716,.F.);
#7719=ORIENTED_EDGE('',*,*,#7718,.T.);
#7721=ORIENTED_EDGE('',*,*,#7720,.T.);
#7723=ORIENTED_EDGE('',*,*,#7722,.F.);
#7725=ORIENTED_EDGE('',*,*,#7724,.F.);
#7726=EDGE_LOOP('',(#7719,#7721,#7723,#7725));
#7727=FACE_BOUND('',#7726,.F.);
#7728=ADVANCED_FACE('',(#7690,#7699,#7707,#7717,#7727),#7684,.T.);
#7729=CARTESIAN_POINT('',(-2.6543E1,-5.72516E0,0.E0));
#7730=DIRECTION('',(0.E0,-1.E0,0.E0));
#7731=DIRECTION('',(1.E0,0.E0,0.E0));
#7732=AXIS2_PLACEMENT_3D('',#7729,#7730,#7731);
#7733=PLANE('',#7732);
#7735=ORIENTED_EDGE('',*,*,#7734,.F.);
#7737=ORIENTED_EDGE('',*,*,#7736,.F.);
#7738=EDGE_LOOP('',(#7735,#7737));
#7739=FACE_OUTER_BOUND('',#7738,.F.);
#7740=ORIENTED_EDGE('',*,*,#7560,.T.);
#7742=ORIENTED_EDGE('',*,*,#7741,.T.);
#7744=ORIENTED_EDGE('',*,*,#7743,.F.);
#7746=ORIENTED_EDGE('',*,*,#7745,.F.);
#7747=EDGE_LOOP('',(#7740,#7742,#7744,#7746));
#7748=FACE_BOUND('',#7747,.F.);
#7749=ORIENTED_EDGE('',*,*,#7592,.T.);
#7751=ORIENTED_EDGE('',*,*,#7750,.T.);
#7753=ORIENTED_EDGE('',*,*,#7752,.F.);
#7755=ORIENTED_EDGE('',*,*,#7754,.F.);
#7756=EDGE_LOOP('',(#7749,#7751,#7753,#7755));
#7757=FACE_BOUND('',#7756,.F.);
#7759=ORIENTED_EDGE('',*,*,#7758,.T.);
#7761=ORIENTED_EDGE('',*,*,#7760,.T.);
#7763=ORIENTED_EDGE('',*,*,#7762,.F.);
#7765=ORIENTED_EDGE('',*,*,#7764,.F.);
#7766=EDGE_LOOP('',(#7759,#7761,#7763,#7765));
#7767=FACE_BOUND('',#7766,.F.);
#7769=ORIENTED_EDGE('',*,*,#7768,.T.);
#7771=ORIENTED_EDGE('',*,*,#7770,.T.);
#7773=ORIENTED_EDGE('',*,*,#7772,.F.);
#7775=ORIENTED_EDGE('',*,*,#7774,.F.);
#7776=EDGE_LOOP('',(#7769,#7771,#7773,#7775));
#7777=FACE_BOUND('',#7776,.F.);
#7778=ADVANCED_FACE('',(#7739,#7748,#7757,#7767,#7777),#7733,.T.);
#7779=CARTESIAN_POINT('',(2.52349E1,-5.3086E0,-1.26492E1));
#7780=DIRECTION('',(1.E0,0.E0,0.E0));
#7781=DIRECTION('',(0.E0,0.E0,1.E0));
#7782=AXIS2_PLACEMENT_3D('',#7779,#7780,#7781);
#7783=PLANE('',#7782);
#7784=ORIENTED_EDGE('',*,*,#7617,.T.);
#7786=ORIENTED_EDGE('',*,*,#7785,.F.);
#7788=ORIENTED_EDGE('',*,*,#7787,.F.);
#7790=ORIENTED_EDGE('',*,*,#7789,.T.);
#7791=EDGE_LOOP('',(#7784,#7786,#7788,#7790));
#7792=FACE_OUTER_BOUND('',#7791,.F.);
#7793=ADVANCED_FACE('',(#7792),#7783,.T.);
#7794=CARTESIAN_POINT('',(2.16789E1,-5.513878547678E0,-1.163112145232E1));
#7795=DIRECTION('',(0.E0,7.071067811885E-1,-7.071067811846E-1));
#7796=DIRECTION('',(0.E0,7.071067811846E-1,7.071067811885E-1));
#7797=AXIS2_PLACEMENT_3D('',#7794,#7795,#7796);
#7798=PLANE('',#7797);
#7799=ORIENTED_EDGE('',*,*,#7785,.T.);
#7800=ORIENTED_EDGE('',*,*,#7635,.F.);
#7802=ORIENTED_EDGE('',*,*,#7801,.T.);
#7804=ORIENTED_EDGE('',*,*,#7803,.T.);
#7805=EDGE_LOOP('',(#7799,#7800,#7802,#7804));
#7806=FACE_OUTER_BOUND('',#7805,.F.);
#7807=ADVANCED_FACE('',(#7806),#7798,.F.);
#7808=CARTESIAN_POINT('',(2.18059E1,-5.3086E0,-1.1176E1));
#7809=DIRECTION('',(-1.E0,0.E0,0.E0));
#7810=DIRECTION('',(0.E0,0.E0,-1.E0));
#7811=AXIS2_PLACEMENT_3D('',#7808,#7809,#7810);
#7812=PLANE('',#7811);
#7813=ORIENTED_EDGE('',*,*,#7633,.T.);
#7815=ORIENTED_EDGE('',*,*,#7814,.F.);
#7817=ORIENTED_EDGE('',*,*,#7816,.F.);
#7818=ORIENTED_EDGE('',*,*,#7801,.F.);
#7819=EDGE_LOOP('',(#7813,#7815,#7817,#7818));
#7820=FACE_OUTER_BOUND('',#7819,.F.);
#7821=ADVANCED_FACE('',(#7820),#7812,.T.);
#7822=CARTESIAN_POINT('',(2.18059E1,-5.3086E0,-1.26492E1));
#7823=DIRECTION('',(0.E0,0.E0,1.E0));
#7824=DIRECTION('',(-1.E0,0.E0,0.E0));
#7825=AXIS2_PLACEMENT_3D('',#7822,#7823,#7824);
#7826=PLANE('',#7825);
#7828=ORIENTED_EDGE('',*,*,#7827,.F.);
#7829=ORIENTED_EDGE('',*,*,#7814,.T.);
#7830=ORIENTED_EDGE('',*,*,#7631,.T.);
#7832=ORIENTED_EDGE('',*,*,#7831,.F.);
#7833=EDGE_LOOP('',(#7828,#7829,#7830,#7832));
#7834=FACE_OUTER_BOUND('',#7833,.F.);
#7835=ADVANCED_FACE('',(#7834),#7826,.T.);
#7836=CARTESIAN_POINT('',(-2.6543E1,-5.3086E0,0.E0));
#7837=DIRECTION('',(0.E0,-1.E0,0.E0));
#7838=DIRECTION('',(1.E0,0.E0,0.E0));
#7839=AXIS2_PLACEMENT_3D('',#7836,#7837,#7838);
#7840=PLANE('',#7839);
#7842=ORIENTED_EDGE('',*,*,#7841,.T.);
#7844=ORIENTED_EDGE('',*,*,#7843,.F.);
#7846=ORIENTED_EDGE('',*,*,#7845,.F.);
#7848=ORIENTED_EDGE('',*,*,#7847,.F.);
#7850=ORIENTED_EDGE('',*,*,#7849,.F.);
#7852=ORIENTED_EDGE('',*,*,#7851,.F.);
#7854=ORIENTED_EDGE('',*,*,#7853,.F.);
#7856=ORIENTED_EDGE('',*,*,#7855,.T.);
#7857=EDGE_LOOP('',(#7842,#7844,#7846,#7848,#7850,#7852,#7854,#7856));
#7858=FACE_OUTER_BOUND('',#7857,.F.);
#7860=ORIENTED_EDGE('',*,*,#7859,.T.);
#7862=ORIENTED_EDGE('',*,*,#7861,.F.);
#7864=ORIENTED_EDGE('',*,*,#7863,.T.);
#7866=ORIENTED_EDGE('',*,*,#7865,.T.);
#7868=ORIENTED_EDGE('',*,*,#7867,.T.);
#7870=ORIENTED_EDGE('',*,*,#7869,.T.);
#7872=ORIENTED_EDGE('',*,*,#7871,.T.);
#7874=ORIENTED_EDGE('',*,*,#7873,.T.);
#7876=ORIENTED_EDGE('',*,*,#7875,.T.);
#7878=ORIENTED_EDGE('',*,*,#7877,.T.);
#7879=EDGE_LOOP('',(#7860,#7862,#7864,#7866,#7868,#7870,#7872,#7874,#7876,
#7878));
#7880=FACE_BOUND('',#7879,.F.);
#7881=ADVANCED_FACE('',(#7858,#7880),#7840,.T.);
#7882=CARTESIAN_POINT('',(-2.6543E1,-5.3086E0,0.E0));
#7883=DIRECTION('',(0.E0,-1.E0,0.E0));
#7884=DIRECTION('',(1.E0,0.E0,0.E0));
#7885=AXIS2_PLACEMENT_3D('',#7882,#7883,#7884);
#7886=PLANE('',#7885);
#7888=ORIENTED_EDGE('',*,*,#7887,.T.);
#7890=ORIENTED_EDGE('',*,*,#7889,.F.);
#7892=ORIENTED_EDGE('',*,*,#7891,.T.);
#7894=ORIENTED_EDGE('',*,*,#7893,.T.);
#7896=ORIENTED_EDGE('',*,*,#7895,.F.);
#7898=ORIENTED_EDGE('',*,*,#7897,.F.);
#7900=ORIENTED_EDGE('',*,*,#7899,.F.);
#7902=ORIENTED_EDGE('',*,*,#7901,.F.);
#7903=EDGE_LOOP('',(#7888,#7890,#7892,#7894,#7896,#7898,#7900,#7902));
#7904=FACE_OUTER_BOUND('',#7903,.F.);
#7905=ORIENTED_EDGE('',*,*,#7787,.T.);
#7906=ORIENTED_EDGE('',*,*,#7803,.F.);
#7907=ORIENTED_EDGE('',*,*,#7816,.T.);
#7908=ORIENTED_EDGE('',*,*,#7827,.T.);
#7910=ORIENTED_EDGE('',*,*,#7909,.T.);
#7912=ORIENTED_EDGE('',*,*,#7911,.T.);
#7914=ORIENTED_EDGE('',*,*,#7913,.T.);
#7916=ORIENTED_EDGE('',*,*,#7915,.T.);
#7918=ORIENTED_EDGE('',*,*,#7917,.F.);
#7920=ORIENTED_EDGE('',*,*,#7919,.T.);
#7921=EDGE_LOOP('',(#7905,#7906,#7907,#7908,#7910,#7912,#7914,#7916,#7918,
#7920));
#7922=FACE_BOUND('',#7921,.F.);
#7923=ADVANCED_FACE('',(#7904,#7922),#7886,.T.);
#7924=CARTESIAN_POINT('',(2.05994E1,-5.3086E0,-1.26492E1));
#7925=DIRECTION('',(-1.E0,0.E0,0.E0));
#7926=DIRECTION('',(0.E0,0.E0,-1.E0));
#7927=AXIS2_PLACEMENT_3D('',#7924,#7925,#7926);
#7928=PLANE('',#7927);
#7929=ORIENTED_EDGE('',*,*,#7909,.F.);
#7930=ORIENTED_EDGE('',*,*,#7831,.T.);
#7931=ORIENTED_EDGE('',*,*,#7629,.T.);
#7933=ORIENTED_EDGE('',*,*,#7932,.F.);
#7934=EDGE_LOOP('',(#7929,#7930,#7931,#7933));
#7935=FACE_OUTER_BOUND('',#7934,.F.);
#7936=ADVANCED_FACE('',(#7935),#7928,.T.);
#7937=CARTESIAN_POINT('',(2.21742E1,-5.3086E0,-1.69164E1));
#7938=DIRECTION('',(0.E0,-1.E0,0.E0));
#7939=DIRECTION('',(1.E0,0.E0,0.E0));
#7940=AXIS2_PLACEMENT_3D('',#7937,#7938,#7939);
#7941=CYLINDRICAL_SURFACE('',#7940,1.5748E0);
#7942=ORIENTED_EDGE('',*,*,#7911,.F.);
#7943=ORIENTED_EDGE('',*,*,#7932,.T.);
#7944=ORIENTED_EDGE('',*,*,#7627,.T.);
#7946=ORIENTED_EDGE('',*,*,#7945,.F.);
#7947=EDGE_LOOP('',(#7942,#7943,#7944,#7946));
#7948=FACE_OUTER_BOUND('',#7947,.F.);
#7949=ADVANCED_FACE('',(#7948),#7941,.T.);
#7950=CARTESIAN_POINT('',(2.21742E1,-5.3086E0,-1.84912E1));
#7951=DIRECTION('',(0.E0,0.E0,-1.E0));
#7952=DIRECTION('',(1.E0,0.E0,0.E0));
#7953=AXIS2_PLACEMENT_3D('',#7950,#7951,#7952);
#7954=PLANE('',#7953);
#7955=ORIENTED_EDGE('',*,*,#7913,.F.);
#7956=ORIENTED_EDGE('',*,*,#7945,.T.);
#7957=ORIENTED_EDGE('',*,*,#7625,.T.);
#7959=ORIENTED_EDGE('',*,*,#7958,.F.);
#7960=EDGE_LOOP('',(#7955,#7956,#7957,#7959));
#7961=FACE_OUTER_BOUND('',#7960,.F.);
#7962=ADVANCED_FACE('',(#7961),#7954,.T.);
#7963=CARTESIAN_POINT('',(2.48666E1,-5.3086E0,-1.69164E1));
#7964=DIRECTION('',(0.E0,-1.E0,0.E0));
#7965=DIRECTION('',(1.E0,0.E0,0.E0));
#7966=AXIS2_PLACEMENT_3D('',#7963,#7964,#7965);
#7967=CYLINDRICAL_SURFACE('',#7966,1.5748E0);
#7968=ORIENTED_EDGE('',*,*,#7915,.F.);
#7969=ORIENTED_EDGE('',*,*,#7958,.T.);
#7970=ORIENTED_EDGE('',*,*,#7623,.T.);
#7972=ORIENTED_EDGE('',*,*,#7971,.F.);
#7973=EDGE_LOOP('',(#7968,#7969,#7970,#7972));
#7974=FACE_OUTER_BOUND('',#7973,.F.);
#7975=ADVANCED_FACE('',(#7974),#7967,.T.);
#7976=CARTESIAN_POINT('',(2.64414E1,-5.3086E0,-1.69164E1));
#7977=DIRECTION('',(1.E0,0.E0,0.E0));
#7978=DIRECTION('',(0.E0,0.E0,1.E0));
#7979=AXIS2_PLACEMENT_3D('',#7976,#7977,#7978);
#7980=PLANE('',#7979);
#7981=ORIENTED_EDGE('',*,*,#7917,.T.);
#7982=ORIENTED_EDGE('',*,*,#7971,.T.);
#7983=ORIENTED_EDGE('',*,*,#7621,.T.);
#7985=ORIENTED_EDGE('',*,*,#7984,.F.);
#7986=EDGE_LOOP('',(#7981,#7982,#7983,#7985));
#7987=FACE_OUTER_BOUND('',#7986,.F.);
#7988=ADVANCED_FACE('',(#7987),#7980,.T.);
#7989=CARTESIAN_POINT('',(2.64414E1,-5.3086E0,-1.26492E1));
#7990=DIRECTION('',(0.E0,0.E0,1.E0));
#7991=DIRECTION('',(-1.E0,0.E0,0.E0));
#7992=AXIS2_PLACEMENT_3D('',#7989,#7990,#7991);
#7993=PLANE('',#7992);
#7994=ORIENTED_EDGE('',*,*,#7919,.F.);
#7995=ORIENTED_EDGE('',*,*,#7984,.T.);
#7996=ORIENTED_EDGE('',*,*,#7619,.T.);
#7997=ORIENTED_EDGE('',*,*,#7789,.F.);
#7998=EDGE_LOOP('',(#7994,#7995,#7996,#7997));
#7999=FACE_OUTER_BOUND('',#7998,.F.);
#8000=ADVANCED_FACE('',(#7999),#7993,.T.);
#8001=CARTESIAN_POINT('',(-2.18059E1,-5.3086E0,-1.26492E1));
#8002=DIRECTION('',(1.E0,0.E0,0.E0));
#8003=DIRECTION('',(0.E0,0.E0,1.E0));
#8004=AXIS2_PLACEMENT_3D('',#8001,#8002,#8003);
#8005=PLANE('',#8004);
#8006=ORIENTED_EDGE('',*,*,#7651,.T.);
#8008=ORIENTED_EDGE('',*,*,#8007,.T.);
#8009=ORIENTED_EDGE('',*,*,#7859,.F.);
#8011=ORIENTED_EDGE('',*,*,#8010,.T.);
#8012=EDGE_LOOP('',(#8006,#8008,#8009,#8011));
#8013=FACE_OUTER_BOUND('',#8012,.F.);
#8014=ADVANCED_FACE('',(#8013),#8005,.T.);
#8015=CARTESIAN_POINT('',(-2.53619E1,-5.72516E0,-1.184240290465E1));
#8016=DIRECTION('',(0.E0,7.071067811885E-1,-7.071067811846E-1));
#8017=DIRECTION('',(0.E0,7.071067811846E-1,7.071067811885E-1));
#8018=AXIS2_PLACEMENT_3D('',#8015,#8016,#8017);
#8019=PLANE('',#8018);
#8020=ORIENTED_EDGE('',*,*,#7669,.F.);
#8022=ORIENTED_EDGE('',*,*,#8021,.T.);
#8023=ORIENTED_EDGE('',*,*,#7861,.T.);
#8024=ORIENTED_EDGE('',*,*,#8007,.F.);
#8025=EDGE_LOOP('',(#8020,#8022,#8023,#8024));
#8026=FACE_OUTER_BOUND('',#8025,.F.);
#8027=ADVANCED_FACE('',(#8026),#8019,.F.);
#8028=CARTESIAN_POINT('',(-2.52349E1,-5.3086E0,-1.1176E1));
#8029=DIRECTION('',(-1.E0,0.E0,0.E0));
#8030=DIRECTION('',(0.E0,0.E0,-1.E0));
#8031=AXIS2_PLACEMENT_3D('',#8028,#8029,#8030);
#8032=PLANE('',#8031);
#8033=ORIENTED_EDGE('',*,*,#7667,.T.);
#8035=ORIENTED_EDGE('',*,*,#8034,.F.);
#8036=ORIENTED_EDGE('',*,*,#7863,.F.);
#8037=ORIENTED_EDGE('',*,*,#8021,.F.);
#8038=EDGE_LOOP('',(#8033,#8035,#8036,#8037));
#8039=FACE_OUTER_BOUND('',#8038,.F.);
#8040=ADVANCED_FACE('',(#8039),#8032,.T.);
#8041=CARTESIAN_POINT('',(-2.52349E1,-5.3086E0,-1.26492E1));
#8042=DIRECTION('',(0.E0,0.E0,1.E0));
#8043=DIRECTION('',(-1.E0,0.E0,0.E0));
#8044=AXIS2_PLACEMENT_3D('',#8041,#8042,#8043);
#8045=PLANE('',#8044);
#8046=ORIENTED_EDGE('',*,*,#7865,.F.);
#8047=ORIENTED_EDGE('',*,*,#8034,.T.);
#8048=ORIENTED_EDGE('',*,*,#7665,.T.);
#8050=ORIENTED_EDGE('',*,*,#8049,.F.);
#8051=EDGE_LOOP('',(#8046,#8047,#8048,#8050));
#8052=FACE_OUTER_BOUND('',#8051,.F.);
#8053=ADVANCED_FACE('',(#8052),#8045,.T.);
#8054=CARTESIAN_POINT('',(-2.64414E1,-5.3086E0,-1.26492E1));
#8055=DIRECTION('',(-1.E0,0.E0,0.E0));
#8056=DIRECTION('',(0.E0,0.E0,-1.E0));
#8057=AXIS2_PLACEMENT_3D('',#8054,#8055,#8056);
#8058=PLANE('',#8057);
#8059=ORIENTED_EDGE('',*,*,#7867,.F.);
#8060=ORIENTED_EDGE('',*,*,#8049,.T.);
#8061=ORIENTED_EDGE('',*,*,#7663,.T.);
#8063=ORIENTED_EDGE('',*,*,#8062,.F.);
#8064=EDGE_LOOP('',(#8059,#8060,#8061,#8063));
#8065=FACE_OUTER_BOUND('',#8064,.F.);
#8066=ADVANCED_FACE('',(#8065),#8058,.T.);
#8067=CARTESIAN_POINT('',(-2.48666E1,-5.3086E0,-1.69164E1));
#8068=DIRECTION('',(0.E0,-1.E0,0.E0));
#8069=DIRECTION('',(1.E0,0.E0,0.E0));
#8070=AXIS2_PLACEMENT_3D('',#8067,#8068,#8069);
#8071=CYLINDRICAL_SURFACE('',#8070,1.5748E0);
#8072=ORIENTED_EDGE('',*,*,#7869,.F.);
#8073=ORIENTED_EDGE('',*,*,#8062,.T.);
#8074=ORIENTED_EDGE('',*,*,#7661,.T.);
#8076=ORIENTED_EDGE('',*,*,#8075,.F.);
#8077=EDGE_LOOP('',(#8072,#8073,#8074,#8076));
#8078=FACE_OUTER_BOUND('',#8077,.F.);
#8079=ADVANCED_FACE('',(#8078),#8071,.T.);
#8080=CARTESIAN_POINT('',(-2.48666E1,-5.3086E0,-1.84912E1));
#8081=DIRECTION('',(0.E0,0.E0,-1.E0));
#8082=DIRECTION('',(1.E0,0.E0,0.E0));
#8083=AXIS2_PLACEMENT_3D('',#8080,#8081,#8082);
#8084=PLANE('',#8083);
#8085=ORIENTED_EDGE('',*,*,#7871,.F.);
#8086=ORIENTED_EDGE('',*,*,#8075,.T.);
#8087=ORIENTED_EDGE('',*,*,#7659,.T.);
#8089=ORIENTED_EDGE('',*,*,#8088,.F.);
#8090=EDGE_LOOP('',(#8085,#8086,#8087,#8089));
#8091=FACE_OUTER_BOUND('',#8090,.F.);
#8092=ADVANCED_FACE('',(#8091),#8084,.T.);
#8093=CARTESIAN_POINT('',(-2.21742E1,-5.3086E0,-1.69164E1));
#8094=DIRECTION('',(0.E0,-1.E0,0.E0));
#8095=DIRECTION('',(1.E0,0.E0,0.E0));
#8096=AXIS2_PLACEMENT_3D('',#8093,#8094,#8095);
#8097=CYLINDRICAL_SURFACE('',#8096,1.5748E0);
#8098=ORIENTED_EDGE('',*,*,#7873,.F.);
#8099=ORIENTED_EDGE('',*,*,#8088,.T.);
#8100=ORIENTED_EDGE('',*,*,#7657,.T.);
#8102=ORIENTED_EDGE('',*,*,#8101,.F.);
#8103=EDGE_LOOP('',(#8098,#8099,#8100,#8102));
#8104=FACE_OUTER_BOUND('',#8103,.F.);
#8105=ADVANCED_FACE('',(#8104),#8097,.T.);
#8106=CARTESIAN_POINT('',(-2.05994E1,-5.3086E0,-1.69164E1));
#8107=DIRECTION('',(1.E0,0.E0,0.E0));
#8108=DIRECTION('',(0.E0,0.E0,1.E0));
#8109=AXIS2_PLACEMENT_3D('',#8106,#8107,#8108);
#8110=PLANE('',#8109);
#8111=ORIENTED_EDGE('',*,*,#7875,.F.);
#8112=ORIENTED_EDGE('',*,*,#8101,.T.);
#8113=ORIENTED_EDGE('',*,*,#7655,.T.);
#8115=ORIENTED_EDGE('',*,*,#8114,.F.);
#8116=EDGE_LOOP('',(#8111,#8112,#8113,#8115));
#8117=FACE_OUTER_BOUND('',#8116,.F.);
#8118=ADVANCED_FACE('',(#8117),#8110,.T.);
#8119=CARTESIAN_POINT('',(-2.05994E1,-5.3086E0,-1.26492E1));
#8120=DIRECTION('',(0.E0,0.E0,1.E0));
#8121=DIRECTION('',(-1.E0,0.E0,0.E0));
#8122=AXIS2_PLACEMENT_3D('',#8119,#8120,#8121);
#8123=PLANE('',#8122);
#8124=ORIENTED_EDGE('',*,*,#7877,.F.);
#8125=ORIENTED_EDGE('',*,*,#8114,.T.);
#8126=ORIENTED_EDGE('',*,*,#7653,.T.);
#8127=ORIENTED_EDGE('',*,*,#8010,.F.);
#8128=EDGE_LOOP('',(#8124,#8125,#8126,#8127));
#8129=FACE_OUTER_BOUND('',#8128,.F.);
#8130=ADVANCED_FACE('',(#8129),#8123,.T.);
#8131=CARTESIAN_POINT('',(-2.6543E1,0.E0,-6.30936E0));
#8132=DIRECTION('',(0.E0,0.E0,1.E0));
#8133=DIRECTION('',(1.E0,0.E0,0.E0));
#8134=AXIS2_PLACEMENT_3D('',#8131,#8132,#8133);
#8135=PLANE('',#8134);
#8137=ORIENTED_EDGE('',*,*,#8136,.F.);
#8139=ORIENTED_EDGE('',*,*,#8138,.F.);
#8141=ORIENTED_EDGE('',*,*,#8140,.F.);
#8143=ORIENTED_EDGE('',*,*,#8142,.F.);
#8145=ORIENTED_EDGE('',*,*,#8144,.F.);
#8147=ORIENTED_EDGE('',*,*,#8146,.F.);
#8149=ORIENTED_EDGE('',*,*,#8148,.F.);
#8151=ORIENTED_EDGE('',*,*,#8150,.F.);
#8152=EDGE_LOOP('',(#8137,#8139,#8141,#8143,#8145,#8147,#8149,#8151));
#8153=FACE_OUTER_BOUND('',#8152,.F.);
#8155=ORIENTED_EDGE('',*,*,#8154,.T.);
#8157=ORIENTED_EDGE('',*,*,#8156,.T.);
#8158=EDGE_LOOP('',(#8155,#8157));
#8159=FACE_BOUND('',#8158,.F.);
#8161=ORIENTED_EDGE('',*,*,#8160,.T.);
#8163=ORIENTED_EDGE('',*,*,#8162,.T.);
#8164=EDGE_LOOP('',(#8161,#8163));
#8165=FACE_BOUND('',#8164,.F.);
#8167=ORIENTED_EDGE('',*,*,#8166,.T.);
#8169=ORIENTED_EDGE('',*,*,#8168,.T.);
#8170=EDGE_LOOP('',(#8167,#8169));
#8171=FACE_BOUND('',#8170,.F.);
#8173=ORIENTED_EDGE('',*,*,#8172,.T.);
#8175=ORIENTED_EDGE('',*,*,#8174,.T.);
#8176=EDGE_LOOP('',(#8173,#8175));
#8177=FACE_BOUND('',#8176,.F.);
#8179=ORIENTED_EDGE('',*,*,#8178,.T.);
#8181=ORIENTED_EDGE('',*,*,#8180,.T.);
#8182=EDGE_LOOP('',(#8179,#8181));
#8183=FACE_BOUND('',#8182,.F.);
#8185=ORIENTED_EDGE('',*,*,#8184,.T.);
#8187=ORIENTED_EDGE('',*,*,#8186,.T.);
#8188=EDGE_LOOP('',(#8185,#8187));
#8189=FACE_BOUND('',#8188,.F.);
#8191=ORIENTED_EDGE('',*,*,#8190,.T.);
#8193=ORIENTED_EDGE('',*,*,#8192,.T.);
#8194=EDGE_LOOP('',(#8191,#8193));
#8195=FACE_BOUND('',#8194,.F.);
#8197=ORIENTED_EDGE('',*,*,#8196,.T.);
#8199=ORIENTED_EDGE('',*,*,#8198,.T.);
#8200=EDGE_LOOP('',(#8197,#8199));
#8201=FACE_BOUND('',#8200,.F.);
#8203=ORIENTED_EDGE('',*,*,#8202,.T.);
#8205=ORIENTED_EDGE('',*,*,#8204,.T.);
#8206=EDGE_LOOP('',(#8203,#8205));
#8207=FACE_BOUND('',#8206,.F.);
#8209=ORIENTED_EDGE('',*,*,#8208,.T.);
#8211=ORIENTED_EDGE('',*,*,#8210,.T.);
#8212=EDGE_LOOP('',(#8209,#8211));
#8213=FACE_BOUND('',#8212,.F.);
#8215=ORIENTED_EDGE('',*,*,#8214,.T.);
#8217=ORIENTED_EDGE('',*,*,#8216,.T.);
#8218=EDGE_LOOP('',(#8215,#8217));
#8219=FACE_BOUND('',#8218,.F.);
#8221=ORIENTED_EDGE('',*,*,#8220,.T.);
#8223=ORIENTED_EDGE('',*,*,#8222,.T.);
#8224=EDGE_LOOP('',(#8221,#8223));
#8225=FACE_BOUND('',#8224,.F.);
#8227=ORIENTED_EDGE('',*,*,#8226,.T.);
#8229=ORIENTED_EDGE('',*,*,#8228,.T.);
#8230=EDGE_LOOP('',(#8227,#8229));
#8231=FACE_BOUND('',#8230,.F.);
#8233=ORIENTED_EDGE('',*,*,#8232,.T.);
#8235=ORIENTED_EDGE('',*,*,#8234,.T.);
#8236=EDGE_LOOP('',(#8233,#8235));
#8237=FACE_BOUND('',#8236,.F.);
#8239=ORIENTED_EDGE('',*,*,#8238,.T.);
#8241=ORIENTED_EDGE('',*,*,#8240,.T.);
#8242=EDGE_LOOP('',(#8239,#8241));
#8243=FACE_BOUND('',#8242,.F.);
#8245=ORIENTED_EDGE('',*,*,#8244,.T.);
#8247=ORIENTED_EDGE('',*,*,#8246,.T.);
#8248=EDGE_LOOP('',(#8245,#8247));
#8249=FACE_BOUND('',#8248,.F.);
#8251=ORIENTED_EDGE('',*,*,#8250,.T.);
#8253=ORIENTED_EDGE('',*,*,#8252,.T.);
#8254=EDGE_LOOP('',(#8251,#8253));
#8255=FACE_BOUND('',#8254,.F.);
#8257=ORIENTED_EDGE('',*,*,#8256,.T.);
#8259=ORIENTED_EDGE('',*,*,#8258,.T.);
#8260=EDGE_LOOP('',(#8257,#8259));
#8261=FACE_BOUND('',#8260,.F.);
#8263=ORIENTED_EDGE('',*,*,#8262,.T.);
#8265=ORIENTED_EDGE('',*,*,#8264,.T.);
#8266=EDGE_LOOP('',(#8263,#8265));
#8267=FACE_BOUND('',#8266,.F.);
#8269=ORIENTED_EDGE('',*,*,#8268,.T.);
#8271=ORIENTED_EDGE('',*,*,#8270,.T.);
#8272=EDGE_LOOP('',(#8269,#8271));
#8273=FACE_BOUND('',#8272,.F.);
#8275=ORIENTED_EDGE('',*,*,#8274,.T.);
#8277=ORIENTED_EDGE('',*,*,#8276,.T.);
#8278=EDGE_LOOP('',(#8275,#8277));
#8279=FACE_BOUND('',#8278,.F.);
#8281=ORIENTED_EDGE('',*,*,#8280,.T.);
#8283=ORIENTED_EDGE('',*,*,#8282,.T.);
#8284=EDGE_LOOP('',(#8281,#8283));
#8285=FACE_BOUND('',#8284,.F.);
#8287=ORIENTED_EDGE('',*,*,#8286,.T.);
#8289=ORIENTED_EDGE('',*,*,#8288,.T.);
#8290=EDGE_LOOP('',(#8287,#8289));
#8291=FACE_BOUND('',#8290,.F.);
#8293=ORIENTED_EDGE('',*,*,#8292,.T.);
#8295=ORIENTED_EDGE('',*,*,#8294,.T.);
#8296=EDGE_LOOP('',(#8293,#8295));
#8297=FACE_BOUND('',#8296,.F.);
#8299=ORIENTED_EDGE('',*,*,#8298,.T.);
#8301=ORIENTED_EDGE('',*,*,#8300,.T.);
#8302=EDGE_LOOP('',(#8299,#8301));
#8303=FACE_BOUND('',#8302,.F.);
#8305=ORIENTED_EDGE('',*,*,#8304,.T.);
#8307=ORIENTED_EDGE('',*,*,#8306,.T.);
#8309=ORIENTED_EDGE('',*,*,#8308,.T.);
#8311=ORIENTED_EDGE('',*,*,#8310,.T.);
#8313=ORIENTED_EDGE('',*,*,#8312,.T.);
#8315=ORIENTED_EDGE('',*,*,#8314,.T.);
#8317=ORIENTED_EDGE('',*,*,#8316,.T.);
#8318=EDGE_LOOP('',(#8305,#8307,#8309,#8311,#8313,#8315,#8317));
#8319=FACE_BOUND('',#8318,.F.);
#8321=ORIENTED_EDGE('',*,*,#8320,.T.);
#8323=ORIENTED_EDGE('',*,*,#8322,.T.);
#8325=ORIENTED_EDGE('',*,*,#8324,.T.);
#8327=ORIENTED_EDGE('',*,*,#8326,.T.);
#8329=ORIENTED_EDGE('',*,*,#8328,.T.);
#8331=ORIENTED_EDGE('',*,*,#8330,.T.);
#8333=ORIENTED_EDGE('',*,*,#8332,.T.);
#8334=EDGE_LOOP('',(#8321,#8323,#8325,#8327,#8329,#8331,#8333));
#8335=FACE_BOUND('',#8334,.F.);
#8337=ORIENTED_EDGE('',*,*,#8336,.T.);
#8339=ORIENTED_EDGE('',*,*,#8338,.T.);
#8341=ORIENTED_EDGE('',*,*,#8340,.T.);
#8343=ORIENTED_EDGE('',*,*,#8342,.T.);
#8345=ORIENTED_EDGE('',*,*,#8344,.T.);
#8347=ORIENTED_EDGE('',*,*,#8346,.T.);
#8349=ORIENTED_EDGE('',*,*,#8348,.T.);
#8351=ORIENTED_EDGE('',*,*,#8350,.T.);
#8353=ORIENTED_EDGE('',*,*,#8352,.T.);
#8355=ORIENTED_EDGE('',*,*,#8354,.T.);
#8357=ORIENTED_EDGE('',*,*,#8356,.T.);
#8358=EDGE_LOOP('',(#8337,#8339,#8341,#8343,#8345,#8347,#8349,#8351,#8353,#8355,
#8357));
#8359=FACE_BOUND('',#8358,.F.);
#8360=ADVANCED_FACE('',(#8153,#8159,#8165,#8171,#8177,#8183,#8189,#8195,#8201,
#8207,#8213,#8219,#8225,#8231,#8237,#8243,#8249,#8255,#8261,#8267,#8273,#8279,
#8285,#8291,#8297,#8303,#8319,#8335,#8359),#8135,.T.);
#8361=CARTESIAN_POINT('',(-2.6543E1,0.E0,-6.30936E0));
#8362=DIRECTION('',(0.E0,0.E0,1.E0));
#8363=DIRECTION('',(1.E0,0.E0,0.E0));
#8364=AXIS2_PLACEMENT_3D('',#8361,#8362,#8363);
#8365=PLANE('',#8364);
#8367=ORIENTED_EDGE('',*,*,#8366,.F.);
#8369=ORIENTED_EDGE('',*,*,#8368,.F.);
#8370=ORIENTED_EDGE('',*,*,#7841,.F.);
#8372=ORIENTED_EDGE('',*,*,#8371,.T.);
#8373=EDGE_LOOP('',(#8367,#8369,#8370,#8372));
#8374=FACE_OUTER_BOUND('',#8373,.F.);
#8375=ADVANCED_FACE('',(#8374),#8365,.T.);
#8376=CARTESIAN_POINT('',(-2.6543E1,0.E0,-6.30936E0));
#8377=DIRECTION('',(0.E0,0.E0,1.E0));
#8378=DIRECTION('',(1.E0,0.E0,0.E0));
#8379=AXIS2_PLACEMENT_3D('',#8376,#8377,#8378);
#8380=PLANE('',#8379);
#8381=ORIENTED_EDGE('',*,*,#7893,.F.);
#8383=ORIENTED_EDGE('',*,*,#8382,.F.);
#8385=ORIENTED_EDGE('',*,*,#8384,.F.);
#8387=ORIENTED_EDGE('',*,*,#8386,.F.);
#8388=EDGE_LOOP('',(#8381,#8383,#8385,#8387));
#8389=FACE_OUTER_BOUND('',#8388,.F.);
#8390=ADVANCED_FACE('',(#8389),#8380,.T.);
#8391=CARTESIAN_POINT('',(-2.6543E1,0.E0,-6.30936E0));
#8392=DIRECTION('',(0.E0,0.E0,1.E0));
#8393=DIRECTION('',(1.E0,0.E0,0.E0));
#8394=AXIS2_PLACEMENT_3D('',#8391,#8392,#8393);
#8395=PLANE('',#8394);
#8397=ORIENTED_EDGE('',*,*,#8396,.T.);
#8399=ORIENTED_EDGE('',*,*,#8398,.T.);
#8401=ORIENTED_EDGE('',*,*,#8400,.T.);
#8402=EDGE_LOOP('',(#8397,#8399,#8401));
#8403=FACE_OUTER_BOUND('',#8402,.F.);
#8404=ADVANCED_FACE('',(#8403),#8395,.T.);
#8405=CARTESIAN_POINT('',(-1.737106E1,2.06756E0,-5.8928E0));
#8406=DIRECTION('',(0.E0,0.E0,1.E0));
#8407=DIRECTION('',(1.E0,0.E0,0.E0));
#8408=AXIS2_PLACEMENT_3D('',#8405,#8406,#8407);
#8409=CYLINDRICAL_SURFACE('',#8408,2.12344E0);
#8411=ORIENTED_EDGE('',*,*,#8410,.F.);
#8412=ORIENTED_EDGE('',*,*,#8136,.T.);
#8414=ORIENTED_EDGE('',*,*,#8413,.F.);
#8416=ORIENTED_EDGE('',*,*,#8415,.T.);
#8417=EDGE_LOOP('',(#8411,#8412,#8414,#8416));
#8418=FACE_OUTER_BOUND('',#8417,.F.);
#8419=ADVANCED_FACE('',(#8418),#8409,.F.);
#8420=CARTESIAN_POINT('',(-1.737106E1,4.191E0,-5.8928E0));
#8421=DIRECTION('',(0.E0,-1.E0,0.E0));
#8422=DIRECTION('',(1.E0,0.E0,0.E0));
#8423=AXIS2_PLACEMENT_3D('',#8420,#8421,#8422);
#8424=PLANE('',#8423);
#8426=ORIENTED_EDGE('',*,*,#8425,.T.);
#8427=ORIENTED_EDGE('',*,*,#8138,.T.);
#8428=ORIENTED_EDGE('',*,*,#8410,.T.);
#8430=ORIENTED_EDGE('',*,*,#8429,.T.);
#8431=EDGE_LOOP('',(#8426,#8427,#8428,#8430));
#8432=FACE_OUTER_BOUND('',#8431,.F.);
#8433=ADVANCED_FACE('',(#8432),#8424,.T.);
#8434=CARTESIAN_POINT('',(1.737106E1,2.06756E0,-5.8928E0));
#8435=DIRECTION('',(0.E0,0.E0,1.E0));
#8436=DIRECTION('',(1.E0,0.E0,0.E0));
#8437=AXIS2_PLACEMENT_3D('',#8434,#8435,#8436);
#8438=CYLINDRICAL_SURFACE('',#8437,2.12344E0);
#8440=ORIENTED_EDGE('',*,*,#8439,.T.);
#8441=ORIENTED_EDGE('',*,*,#8140,.T.);
#8442=ORIENTED_EDGE('',*,*,#8425,.F.);
#8444=ORIENTED_EDGE('',*,*,#8443,.T.);
#8445=EDGE_LOOP('',(#8440,#8441,#8442,#8444));
#8446=FACE_OUTER_BOUND('',#8445,.F.);
#8447=ADVANCED_FACE('',(#8446),#8438,.F.);
#8448=CARTESIAN_POINT('',(1.946224017506E1,1.698828513615E0,-5.8928E0));
#8449=DIRECTION('',(-9.848077530122E-1,1.736481776669E-1,0.E0));
#8450=DIRECTION('',(-1.736481776669E-1,-9.848077530122E-1,0.E0));
#8451=AXIS2_PLACEMENT_3D('',#8448,#8449,#8450);
#8452=PLANE('',#8451);
#8454=ORIENTED_EDGE('',*,*,#8453,.T.);
#8455=ORIENTED_EDGE('',*,*,#8142,.T.);
#8456=ORIENTED_EDGE('',*,*,#8439,.F.);
#8458=ORIENTED_EDGE('',*,*,#8457,.T.);
#8459=EDGE_LOOP('',(#8454,#8455,#8456,#8458));
#8460=FACE_OUTER_BOUND('',#8459,.F.);
#8461=ADVANCED_FACE('',(#8460),#8452,.T.);
#8462=CARTESIAN_POINT('',(1.664192677553E1,-2.06756E0,-5.8928E0));
#8463=DIRECTION('',(0.E0,0.E0,1.E0));
#8464=DIRECTION('',(1.E0,0.E0,0.E0));
#8465=AXIS2_PLACEMENT_3D('',#8462,#8463,#8464);
#8466=CYLINDRICAL_SURFACE('',#8465,2.12344E0);
#8468=ORIENTED_EDGE('',*,*,#8467,.T.);
#8469=ORIENTED_EDGE('',*,*,#8144,.T.);
#8470=ORIENTED_EDGE('',*,*,#8453,.F.);
#8472=ORIENTED_EDGE('',*,*,#8471,.T.);
#8473=EDGE_LOOP('',(#8468,#8469,#8470,#8472));
#8474=FACE_OUTER_BOUND('',#8473,.F.);
#8475=ADVANCED_FACE('',(#8474),#8466,.F.);
#8476=CARTESIAN_POINT('',(1.664192677553E1,-4.191E0,-5.8928E0));
#8477=DIRECTION('',(0.E0,1.E0,0.E0));
#8478=DIRECTION('',(-1.E0,0.E0,0.E0));
#8479=AXIS2_PLACEMENT_3D('',#8476,#8477,#8478);
#8480=PLANE('',#8479);
#8482=ORIENTED_EDGE('',*,*,#8481,.T.);
#8483=ORIENTED_EDGE('',*,*,#8146,.T.);
#8484=ORIENTED_EDGE('',*,*,#8467,.F.);
#8486=ORIENTED_EDGE('',*,*,#8485,.T.);
#8487=EDGE_LOOP('',(#8482,#8483,#8484,#8486));
#8488=FACE_OUTER_BOUND('',#8487,.F.);
#8489=ADVANCED_FACE('',(#8488),#8480,.T.);
#8490=CARTESIAN_POINT('',(-1.664192677553E1,-2.06756E0,-5.8928E0));
#8491=DIRECTION('',(0.E0,0.E0,1.E0));
#8492=DIRECTION('',(1.E0,0.E0,0.E0));
#8493=AXIS2_PLACEMENT_3D('',#8490,#8491,#8492);
#8494=CYLINDRICAL_SURFACE('',#8493,2.12344E0);
#8496=ORIENTED_EDGE('',*,*,#8495,.T.);
#8497=ORIENTED_EDGE('',*,*,#8148,.T.);
#8498=ORIENTED_EDGE('',*,*,#8481,.F.);
#8500=ORIENTED_EDGE('',*,*,#8499,.T.);
#8501=EDGE_LOOP('',(#8496,#8497,#8498,#8500));
#8502=FACE_OUTER_BOUND('',#8501,.F.);
#8503=ADVANCED_FACE('',(#8502),#8494,.F.);
#8504=CARTESIAN_POINT('',(-1.873310695059E1,-2.436291486385E0,-5.8928E0));
#8505=DIRECTION('',(9.848077530122E-1,1.736481776669E-1,0.E0));
#8506=DIRECTION('',(-1.736481776669E-1,9.848077530122E-1,0.E0));
#8507=AXIS2_PLACEMENT_3D('',#8504,#8505,#8506);
#8508=PLANE('',#8507);
#8509=ORIENTED_EDGE('',*,*,#8413,.T.);
#8510=ORIENTED_EDGE('',*,*,#8150,.T.);
#8511=ORIENTED_EDGE('',*,*,#8495,.F.);
#8513=ORIENTED_EDGE('',*,*,#8512,.T.);
#8514=EDGE_LOOP('',(#8509,#8510,#8511,#8513));
#8515=FACE_OUTER_BOUND('',#8514,.F.);
#8516=ADVANCED_FACE('',(#8515),#8508,.T.);
#8517=CARTESIAN_POINT('',(0.E0,0.E0,0.E0));
#8518=DIRECTION('',(0.E0,0.E0,1.E0));
#8519=DIRECTION('',(1.E0,0.E0,0.E0));
#8520=AXIS2_PLACEMENT_3D('',#8517,#8518,#8519);
#8521=PLANE('',#8520);
#8523=ORIENTED_EDGE('',*,*,#8522,.F.);
#8525=ORIENTED_EDGE('',*,*,#8524,.F.);
#8527=ORIENTED_EDGE('',*,*,#8526,.F.);
#8529=ORIENTED_EDGE('',*,*,#8528,.F.);
#8531=ORIENTED_EDGE('',*,*,#8530,.F.);
#8533=ORIENTED_EDGE('',*,*,#8532,.F.);
#8535=ORIENTED_EDGE('',*,*,#8534,.F.);
#8537=ORIENTED_EDGE('',*,*,#8536,.F.);
#8538=EDGE_LOOP('',(#8523,#8525,#8527,#8529,#8531,#8533,#8535,#8537));
#8539=FACE_OUTER_BOUND('',#8538,.F.);
#8540=ORIENTED_EDGE('',*,*,#8429,.F.);
#8541=ORIENTED_EDGE('',*,*,#8415,.F.);
#8542=ORIENTED_EDGE('',*,*,#8512,.F.);
#8543=ORIENTED_EDGE('',*,*,#8499,.F.);
#8544=ORIENTED_EDGE('',*,*,#8485,.F.);
#8545=ORIENTED_EDGE('',*,*,#8471,.F.);
#8546=ORIENTED_EDGE('',*,*,#8457,.F.);
#8547=ORIENTED_EDGE('',*,*,#8443,.F.);
#8548=EDGE_LOOP('',(#8540,#8541,#8542,#8543,#8544,#8545,#8546,#8547));
#8549=FACE_BOUND('',#8548,.F.);
#8550=ADVANCED_FACE('',(#8539,#8549),#8521,.T.);
#8551=CARTESIAN_POINT('',(-1.737106E1,2.06756E0,-5.8928E0));
#8552=DIRECTION('',(0.E0,0.E0,1.E0));
#8553=DIRECTION('',(1.E0,0.E0,0.E0));
#8554=AXIS2_PLACEMENT_3D('',#8551,#8552,#8553);
#8555=CYLINDRICAL_SURFACE('',#8554,2.54E0);
#8557=ORIENTED_EDGE('',*,*,#8556,.F.);
#8559=ORIENTED_EDGE('',*,*,#8558,.T.);
#8560=ORIENTED_EDGE('',*,*,#8522,.T.);
#8562=ORIENTED_EDGE('',*,*,#8561,.F.);
#8563=EDGE_LOOP('',(#8557,#8559,#8560,#8562));
#8564=FACE_OUTER_BOUND('',#8563,.F.);
#8565=ADVANCED_FACE('',(#8564),#8555,.T.);
#8566=CARTESIAN_POINT('',(-2.6543E1,6.2738E0,-5.8928E0));
#8567=DIRECTION('',(0.E0,0.E0,1.E0));
#8568=DIRECTION('',(0.E0,-1.E0,0.E0));
#8569=AXIS2_PLACEMENT_3D('',#8566,#8567,#8568);
#8570=PLANE('',#8569);
#8572=ORIENTED_EDGE('',*,*,#8571,.F.);
#8574=ORIENTED_EDGE('',*,*,#8573,.F.);
#8576=ORIENTED_EDGE('',*,*,#8575,.T.);
#8577=ORIENTED_EDGE('',*,*,#7845,.T.);
#8579=ORIENTED_EDGE('',*,*,#8578,.T.);
#8581=ORIENTED_EDGE('',*,*,#8580,.F.);
#8583=ORIENTED_EDGE('',*,*,#8582,.F.);
#8585=ORIENTED_EDGE('',*,*,#8584,.F.);
#8587=ORIENTED_EDGE('',*,*,#8586,.T.);
#8589=ORIENTED_EDGE('',*,*,#8588,.F.);
#8591=ORIENTED_EDGE('',*,*,#8590,.T.);
#8593=ORIENTED_EDGE('',*,*,#8592,.F.);
#8595=ORIENTED_EDGE('',*,*,#8594,.T.);
#8596=ORIENTED_EDGE('',*,*,#7889,.T.);
#8597=EDGE_LOOP('',(#8572,#8574,#8576,#8577,#8579,#8581,#8583,#8585,#8587,#8589,
#8591,#8593,#8595,#8596));
#8598=FACE_OUTER_BOUND('',#8597,.F.);
#8599=ORIENTED_EDGE('',*,*,#8556,.T.);
#8601=ORIENTED_EDGE('',*,*,#8600,.T.);
#8603=ORIENTED_EDGE('',*,*,#8602,.T.);
#8605=ORIENTED_EDGE('',*,*,#8604,.T.);
#8607=ORIENTED_EDGE('',*,*,#8606,.T.);
#8609=ORIENTED_EDGE('',*,*,#8608,.T.);
#8611=ORIENTED_EDGE('',*,*,#8610,.T.);
#8613=ORIENTED_EDGE('',*,*,#8612,.T.);
#8614=EDGE_LOOP('',(#8599,#8601,#8603,#8605,#8607,#8609,#8611,#8613));
#8615=FACE_BOUND('',#8614,.F.);
#8617=ORIENTED_EDGE('',*,*,#8616,.T.);
#8619=ORIENTED_EDGE('',*,*,#8618,.T.);
#8620=EDGE_LOOP('',(#8617,#8619));
#8621=FACE_BOUND('',#8620,.F.);
#8623=ORIENTED_EDGE('',*,*,#8622,.T.);
#8625=ORIENTED_EDGE('',*,*,#8624,.T.);
#8626=EDGE_LOOP('',(#8623,#8625));
#8627=FACE_BOUND('',#8626,.F.);
#8628=ADVANCED_FACE('',(#8598,#8615,#8621,#8627),#8570,.T.);
#8629=CARTESIAN_POINT('',(-1.987247169265E1,1.626493628726E0,-5.8928E0));
#8630=DIRECTION('',(-9.848077530122E-1,-1.736481776669E-1,0.E0));
#8631=DIRECTION('',(1.736481776669E-1,-9.848077530122E-1,0.E0));
#8632=AXIS2_PLACEMENT_3D('',#8629,#8630,#8631);
#8633=PLANE('',#8632);
#8634=ORIENTED_EDGE('',*,*,#8600,.F.);
#8635=ORIENTED_EDGE('',*,*,#8561,.T.);
#8636=ORIENTED_EDGE('',*,*,#8536,.T.);
#8638=ORIENTED_EDGE('',*,*,#8637,.F.);
#8639=EDGE_LOOP('',(#8634,#8635,#8636,#8638));
#8640=FACE_OUTER_BOUND('',#8639,.F.);
#8641=ADVANCED_FACE('',(#8640),#8633,.T.);
#8642=CARTESIAN_POINT('',(-1.664192677553E1,-2.06756E0,-5.8928E0));
#8643=DIRECTION('',(0.E0,0.E0,1.E0));
#8644=DIRECTION('',(1.E0,0.E0,0.E0));
#8645=AXIS2_PLACEMENT_3D('',#8642,#8643,#8644);
#8646=CYLINDRICAL_SURFACE('',#8645,2.54E0);
#8647=ORIENTED_EDGE('',*,*,#8602,.F.);
#8648=ORIENTED_EDGE('',*,*,#8637,.T.);
#8649=ORIENTED_EDGE('',*,*,#8534,.T.);
#8651=ORIENTED_EDGE('',*,*,#8650,.F.);
#8652=EDGE_LOOP('',(#8647,#8648,#8649,#8651));
#8653=FACE_OUTER_BOUND('',#8652,.F.);
#8654=ADVANCED_FACE('',(#8653),#8646,.T.);
#8655=CARTESIAN_POINT('',(-1.664192677553E1,-4.60756E0,-5.8928E0));
#8656=DIRECTION('',(0.E0,-1.E0,0.E0));
#8657=DIRECTION('',(1.E0,0.E0,0.E0));
#8658=AXIS2_PLACEMENT_3D('',#8655,#8656,#8657);
#8659=PLANE('',#8658);
#8660=ORIENTED_EDGE('',*,*,#8604,.F.);
#8661=ORIENTED_EDGE('',*,*,#8650,.T.);
#8662=ORIENTED_EDGE('',*,*,#8532,.T.);
#8664=ORIENTED_EDGE('',*,*,#8663,.F.);
#8665=EDGE_LOOP('',(#8660,#8661,#8662,#8664));
#8666=FACE_OUTER_BOUND('',#8665,.F.);
#8667=ADVANCED_FACE('',(#8666),#8659,.T.);
#8668=CARTESIAN_POINT('',(1.664192677553E1,-2.06756E0,-5.8928E0));
#8669=DIRECTION('',(0.E0,0.E0,1.E0));
#8670=DIRECTION('',(1.E0,0.E0,0.E0));
#8671=AXIS2_PLACEMENT_3D('',#8668,#8669,#8670);
#8672=CYLINDRICAL_SURFACE('',#8671,2.54E0);
#8673=ORIENTED_EDGE('',*,*,#8606,.F.);
#8674=ORIENTED_EDGE('',*,*,#8663,.T.);
#8675=ORIENTED_EDGE('',*,*,#8530,.T.);
#8677=ORIENTED_EDGE('',*,*,#8676,.F.);
#8678=EDGE_LOOP('',(#8673,#8674,#8675,#8677));
#8679=FACE_OUTER_BOUND('',#8678,.F.);
#8680=ADVANCED_FACE('',(#8679),#8672,.T.);
#8681=CARTESIAN_POINT('',(1.914333846818E1,-2.508626371274E0,-5.8928E0));
#8682=DIRECTION('',(9.848077530122E-1,-1.736481776669E-1,0.E0));
#8683=DIRECTION('',(1.736481776669E-1,9.848077530122E-1,0.E0));
#8684=AXIS2_PLACEMENT_3D('',#8681,#8682,#8683);
#8685=PLANE('',#8684);
#8686=ORIENTED_EDGE('',*,*,#8608,.F.);
#8687=ORIENTED_EDGE('',*,*,#8676,.T.);
#8688=ORIENTED_EDGE('',*,*,#8528,.T.);
#8690=ORIENTED_EDGE('',*,*,#8689,.F.);
#8691=EDGE_LOOP('',(#8686,#8687,#8688,#8690));
#8692=FACE_OUTER_BOUND('',#8691,.F.);
#8693=ADVANCED_FACE('',(#8692),#8685,.T.);
#8694=CARTESIAN_POINT('',(1.737106E1,2.06756E0,-5.8928E0));
#8695=DIRECTION('',(0.E0,0.E0,1.E0));
#8696=DIRECTION('',(1.E0,0.E0,0.E0));
#8697=AXIS2_PLACEMENT_3D('',#8694,#8695,#8696);
#8698=CYLINDRICAL_SURFACE('',#8697,2.54E0);
#8699=ORIENTED_EDGE('',*,*,#8610,.F.);
#8700=ORIENTED_EDGE('',*,*,#8689,.T.);
#8701=ORIENTED_EDGE('',*,*,#8526,.T.);
#8703=ORIENTED_EDGE('',*,*,#8702,.F.);
#8704=EDGE_LOOP('',(#8699,#8700,#8701,#8703));
#8705=FACE_OUTER_BOUND('',#8704,.F.);
#8706=ADVANCED_FACE('',(#8705),#8698,.T.);
#8707=CARTESIAN_POINT('',(1.737106E1,4.60756E0,-5.8928E0));
#8708=DIRECTION('',(0.E0,1.E0,0.E0));
#8709=DIRECTION('',(-1.E0,0.E0,0.E0));
#8710=AXIS2_PLACEMENT_3D('',#8707,#8708,#8709);
#8711=PLANE('',#8710);
#8712=ORIENTED_EDGE('',*,*,#8612,.F.);
#8713=ORIENTED_EDGE('',*,*,#8702,.T.);
#8714=ORIENTED_EDGE('',*,*,#8524,.T.);
#8715=ORIENTED_EDGE('',*,*,#8558,.F.);
#8716=EDGE_LOOP('',(#8712,#8713,#8714,#8715));
#8717=FACE_OUTER_BOUND('',#8716,.F.);
#8718=ADVANCED_FACE('',(#8717),#8711,.T.);
#8719=CARTESIAN_POINT('',(2.16789E1,-6.2738E0,-6.30936E0));
#8720=DIRECTION('',(-1.E0,0.E0,0.E0));
#8721=DIRECTION('',(0.E0,0.E0,-1.E0));
#8722=AXIS2_PLACEMENT_3D('',#8719,#8720,#8721);
#8723=PLANE('',#8722);
#8725=ORIENTED_EDGE('',*,*,#8724,.T.);
#8726=ORIENTED_EDGE('',*,*,#8571,.T.);
#8727=ORIENTED_EDGE('',*,*,#7887,.F.);
#8729=ORIENTED_EDGE('',*,*,#8728,.F.);
#8730=EDGE_LOOP('',(#8725,#8726,#8727,#8729));
#8731=FACE_OUTER_BOUND('',#8730,.F.);
#8732=ADVANCED_FACE('',(#8731),#8723,.F.);
#8733=CARTESIAN_POINT('',(-2.6543E1,-6.2738E0,-5.8928E0));
#8734=DIRECTION('',(0.E0,-1.E0,0.E0));
#8735=DIRECTION('',(0.E0,0.E0,-1.E0));
#8736=AXIS2_PLACEMENT_3D('',#8733,#8734,#8735);
#8737=PLANE('',#8736);
#8738=ORIENTED_EDGE('',*,*,#8724,.F.);
#8740=ORIENTED_EDGE('',*,*,#8739,.T.);
#8742=ORIENTED_EDGE('',*,*,#8741,.F.);
#8744=ORIENTED_EDGE('',*,*,#8743,.F.);
#8746=ORIENTED_EDGE('',*,*,#8745,.T.);
#8748=ORIENTED_EDGE('',*,*,#8747,.T.);
#8750=ORIENTED_EDGE('',*,*,#8749,.F.);
#8752=ORIENTED_EDGE('',*,*,#8751,.F.);
#8754=ORIENTED_EDGE('',*,*,#8753,.T.);
#8756=ORIENTED_EDGE('',*,*,#8755,.T.);
#8758=ORIENTED_EDGE('',*,*,#8757,.F.);
#8759=ORIENTED_EDGE('',*,*,#8573,.T.);
#8760=EDGE_LOOP('',(#8738,#8740,#8742,#8744,#8746,#8748,#8750,#8752,#8754,#8756,
#8758,#8759));
#8761=FACE_OUTER_BOUND('',#8760,.F.);
#8762=ADVANCED_FACE('',(#8761),#8737,.T.);
#8763=CARTESIAN_POINT('',(2.16789E1,-6.2738E0,-1.225296E1));
#8764=DIRECTION('',(0.E0,0.E0,1.E0));
#8765=DIRECTION('',(-1.E0,0.E0,0.E0));
#8766=AXIS2_PLACEMENT_3D('',#8763,#8764,#8765);
#8767=PLANE('',#8766);
#8768=ORIENTED_EDGE('',*,*,#8739,.F.);
#8769=ORIENTED_EDGE('',*,*,#8728,.T.);
#8770=ORIENTED_EDGE('',*,*,#7901,.T.);
#8772=ORIENTED_EDGE('',*,*,#8771,.F.);
#8773=EDGE_LOOP('',(#8768,#8769,#8770,#8772));
#8774=FACE_OUTER_BOUND('',#8773,.F.);
#8775=ADVANCED_FACE('',(#8774),#8767,.F.);
#8776=CARTESIAN_POINT('',(2.0447E1,-6.2738E0,-1.225296E1));
#8777=DIRECTION('',(-1.E0,0.E0,0.E0));
#8778=DIRECTION('',(0.E0,0.E0,-1.E0));
#8779=AXIS2_PLACEMENT_3D('',#8776,#8777,#8778);
#8780=PLANE('',#8779);
#8781=ORIENTED_EDGE('',*,*,#8741,.T.);
#8782=ORIENTED_EDGE('',*,*,#8771,.T.);
#8783=ORIENTED_EDGE('',*,*,#7899,.T.);
#8785=ORIENTED_EDGE('',*,*,#8784,.F.);
#8786=EDGE_LOOP('',(#8781,#8782,#8783,#8785));
#8787=FACE_OUTER_BOUND('',#8786,.F.);
#8788=ADVANCED_FACE('',(#8787),#8780,.F.);
#8789=CARTESIAN_POINT('',(-2.6543E1,-6.2738E0,-1.860296E1));
#8790=DIRECTION('',(0.E0,0.E0,-1.E0));
#8791=DIRECTION('',(0.E0,1.E0,0.E0));
#8792=AXIS2_PLACEMENT_3D('',#8789,#8790,#8791);
#8793=PLANE('',#8792);
#8794=ORIENTED_EDGE('',*,*,#7853,.T.);
#8796=ORIENTED_EDGE('',*,*,#8795,.F.);
#8797=ORIENTED_EDGE('',*,*,#8751,.T.);
#8799=ORIENTED_EDGE('',*,*,#8798,.F.);
#8801=ORIENTED_EDGE('',*,*,#8800,.F.);
#8803=ORIENTED_EDGE('',*,*,#8802,.F.);
#8804=EDGE_LOOP('',(#8794,#8796,#8797,#8799,#8801,#8803));
#8805=FACE_OUTER_BOUND('',#8804,.F.);
#8806=ADVANCED_FACE('',(#8805),#8793,.T.);
#8807=CARTESIAN_POINT('',(-2.6543E1,-6.2738E0,-1.860296E1));
#8808=DIRECTION('',(0.E0,0.E0,-1.E0));
#8809=DIRECTION('',(0.E0,1.E0,0.E0));
#8810=AXIS2_PLACEMENT_3D('',#8807,#8808,#8809);
#8811=PLANE('',#8810);
#8812=ORIENTED_EDGE('',*,*,#7897,.T.);
#8814=ORIENTED_EDGE('',*,*,#8813,.T.);
#8816=ORIENTED_EDGE('',*,*,#8815,.F.);
#8818=ORIENTED_EDGE('',*,*,#8817,.F.);
#8819=ORIENTED_EDGE('',*,*,#8743,.T.);
#8820=ORIENTED_EDGE('',*,*,#8784,.T.);
#8821=EDGE_LOOP('',(#8812,#8814,#8816,#8818,#8819,#8820));
#8822=FACE_OUTER_BOUND('',#8821,.F.);
#8823=ADVANCED_FACE('',(#8822),#8811,.T.);
#8824=CARTESIAN_POINT('',(-2.0447E1,-6.2738E0,-1.860296E1));
#8825=DIRECTION('',(1.E0,0.E0,0.E0));
#8826=DIRECTION('',(0.E0,0.E0,1.E0));
#8827=AXIS2_PLACEMENT_3D('',#8824,#8825,#8826);
#8828=PLANE('',#8827);
#8829=ORIENTED_EDGE('',*,*,#8753,.F.);
#8830=ORIENTED_EDGE('',*,*,#8795,.T.);
#8831=ORIENTED_EDGE('',*,*,#7851,.T.);
#8833=ORIENTED_EDGE('',*,*,#8832,.F.);
#8834=EDGE_LOOP('',(#8829,#8830,#8831,#8833));
#8835=FACE_OUTER_BOUND('',#8834,.F.);
#8836=ADVANCED_FACE('',(#8835),#8828,.F.);
#8837=CARTESIAN_POINT('',(-2.0447E1,-6.2738E0,-1.225296E1));
#8838=DIRECTION('',(0.E0,0.E0,1.E0));
#8839=DIRECTION('',(-1.E0,0.E0,0.E0));
#8840=AXIS2_PLACEMENT_3D('',#8837,#8838,#8839);
#8841=PLANE('',#8840);
#8842=ORIENTED_EDGE('',*,*,#8755,.F.);
#8843=ORIENTED_EDGE('',*,*,#8832,.T.);
#8844=ORIENTED_EDGE('',*,*,#7849,.T.);
#8846=ORIENTED_EDGE('',*,*,#8845,.F.);
#8847=EDGE_LOOP('',(#8842,#8843,#8844,#8846));
#8848=FACE_OUTER_BOUND('',#8847,.F.);
#8849=ADVANCED_FACE('',(#8848),#8841,.F.);
#8850=CARTESIAN_POINT('',(-2.16789E1,-6.2738E0,-1.225296E1));
#8851=DIRECTION('',(1.E0,0.E0,0.E0));
#8852=DIRECTION('',(0.E0,0.E0,1.E0));
#8853=AXIS2_PLACEMENT_3D('',#8850,#8851,#8852);
#8854=PLANE('',#8853);
#8855=ORIENTED_EDGE('',*,*,#7847,.T.);
#8856=ORIENTED_EDGE('',*,*,#8575,.F.);
#8857=ORIENTED_EDGE('',*,*,#8757,.T.);
#8858=ORIENTED_EDGE('',*,*,#8845,.T.);
#8859=EDGE_LOOP('',(#8855,#8856,#8857,#8858));
#8860=FACE_OUTER_BOUND('',#8859,.F.);
#8861=ADVANCED_FACE('',(#8860),#8854,.F.);
#8862=CARTESIAN_POINT('',(-1.89738E1,-6.2738E0,-6.30936E0));
#8863=DIRECTION('',(-1.E0,0.E0,0.E0));
#8864=DIRECTION('',(0.E0,0.E0,-1.E0));
#8865=AXIS2_PLACEMENT_3D('',#8862,#8863,#8864);
#8866=PLANE('',#8865);
#8868=ORIENTED_EDGE('',*,*,#8867,.T.);
#8870=ORIENTED_EDGE('',*,*,#8869,.T.);
#8872=ORIENTED_EDGE('',*,*,#8871,.F.);
#8873=ORIENTED_EDGE('',*,*,#8798,.T.);
#8874=ORIENTED_EDGE('',*,*,#8749,.T.);
#8876=ORIENTED_EDGE('',*,*,#8875,.T.);
#8877=EDGE_LOOP('',(#8868,#8870,#8872,#8873,#8874,#8876));
#8878=FACE_OUTER_BOUND('',#8877,.F.);
#8879=ADVANCED_FACE('',(#8878),#8866,.F.);
#8880=CARTESIAN_POINT('',(-2.6543E1,-5.207E0,0.E0));
#8881=DIRECTION('',(0.E0,-1.E0,0.E0));
#8882=DIRECTION('',(0.E0,0.E0,-1.E0));
#8883=AXIS2_PLACEMENT_3D('',#8880,#8881,#8882);
#8884=PLANE('',#8883);
#8886=ORIENTED_EDGE('',*,*,#8885,.F.);
#8887=ORIENTED_EDGE('',*,*,#8867,.F.);
#8889=ORIENTED_EDGE('',*,*,#8888,.F.);
#8891=ORIENTED_EDGE('',*,*,#8890,.F.);
#8892=EDGE_LOOP('',(#8886,#8887,#8889,#8891));
#8893=FACE_OUTER_BOUND('',#8892,.F.);
#8895=ORIENTED_EDGE('',*,*,#8894,.T.);
#8897=ORIENTED_EDGE('',*,*,#8896,.T.);
#8898=EDGE_LOOP('',(#8895,#8897));
#8899=FACE_BOUND('',#8898,.F.);
#8901=ORIENTED_EDGE('',*,*,#8900,.T.);
#8903=ORIENTED_EDGE('',*,*,#8902,.T.);
#8904=EDGE_LOOP('',(#8901,#8903));
#8905=FACE_BOUND('',#8904,.F.);
#8907=ORIENTED_EDGE('',*,*,#8906,.T.);
#8909=ORIENTED_EDGE('',*,*,#8908,.T.);
#8910=EDGE_LOOP('',(#8907,#8909));
#8911=FACE_BOUND('',#8910,.F.);
#8913=ORIENTED_EDGE('',*,*,#8912,.T.);
#8915=ORIENTED_EDGE('',*,*,#8914,.T.);
#8916=EDGE_LOOP('',(#8913,#8915));
#8917=FACE_BOUND('',#8916,.F.);
#8919=ORIENTED_EDGE('',*,*,#8918,.T.);
#8921=ORIENTED_EDGE('',*,*,#8920,.T.);
#8922=EDGE_LOOP('',(#8919,#8921));
#8923=FACE_BOUND('',#8922,.F.);
#8925=ORIENTED_EDGE('',*,*,#8924,.T.);
#8927=ORIENTED_EDGE('',*,*,#8926,.T.);
#8928=EDGE_LOOP('',(#8925,#8927));
#8929=FACE_BOUND('',#8928,.F.);
#8931=ORIENTED_EDGE('',*,*,#8930,.T.);
#8933=ORIENTED_EDGE('',*,*,#8932,.T.);
#8934=EDGE_LOOP('',(#8931,#8933));
#8935=FACE_BOUND('',#8934,.F.);
#8937=ORIENTED_EDGE('',*,*,#8936,.T.);
#8939=ORIENTED_EDGE('',*,*,#8938,.T.);
#8940=EDGE_LOOP('',(#8937,#8939));
#8941=FACE_BOUND('',#8940,.F.);
#8943=ORIENTED_EDGE('',*,*,#8942,.T.);
#8945=ORIENTED_EDGE('',*,*,#8944,.T.);
#8946=EDGE_LOOP('',(#8943,#8945));
#8947=FACE_BOUND('',#8946,.F.);
#8949=ORIENTED_EDGE('',*,*,#8948,.T.);
#8951=ORIENTED_EDGE('',*,*,#8950,.T.);
#8952=EDGE_LOOP('',(#8949,#8951));
#8953=FACE_BOUND('',#8952,.F.);
#8955=ORIENTED_EDGE('',*,*,#8954,.T.);
#8957=ORIENTED_EDGE('',*,*,#8956,.T.);
#8958=EDGE_LOOP('',(#8955,#8957));
#8959=FACE_BOUND('',#8958,.F.);
#8961=ORIENTED_EDGE('',*,*,#8960,.T.);
#8963=ORIENTED_EDGE('',*,*,#8962,.T.);
#8964=EDGE_LOOP('',(#8961,#8963));
#8965=FACE_BOUND('',#8964,.F.);
#8967=ORIENTED_EDGE('',*,*,#8966,.T.);
#8969=ORIENTED_EDGE('',*,*,#8968,.T.);
#8970=EDGE_LOOP('',(#8967,#8969));
#8971=FACE_BOUND('',#8970,.F.);
#8973=ORIENTED_EDGE('',*,*,#8972,.T.);
#8975=ORIENTED_EDGE('',*,*,#8974,.T.);
#8976=EDGE_LOOP('',(#8973,#8975));
#8977=FACE_BOUND('',#8976,.F.);
#8979=ORIENTED_EDGE('',*,*,#8978,.T.);
#8981=ORIENTED_EDGE('',*,*,#8980,.T.);
#8982=EDGE_LOOP('',(#8979,#8981));
#8983=FACE_BOUND('',#8982,.F.);
#8985=ORIENTED_EDGE('',*,*,#8984,.T.);
#8987=ORIENTED_EDGE('',*,*,#8986,.T.);
#8988=EDGE_LOOP('',(#8985,#8987));
#8989=FACE_BOUND('',#8988,.F.);
#8991=ORIENTED_EDGE('',*,*,#8990,.T.);
#8993=ORIENTED_EDGE('',*,*,#8992,.T.);
#8994=EDGE_LOOP('',(#8991,#8993));
#8995=FACE_BOUND('',#8994,.F.);
#8997=ORIENTED_EDGE('',*,*,#8996,.T.);
#8999=ORIENTED_EDGE('',*,*,#8998,.T.);
#9000=EDGE_LOOP('',(#8997,#8999));
#9001=FACE_BOUND('',#9000,.F.);
#9003=ORIENTED_EDGE('',*,*,#9002,.T.);
#9005=ORIENTED_EDGE('',*,*,#9004,.T.);
#9006=EDGE_LOOP('',(#9003,#9005));
#9007=FACE_BOUND('',#9006,.F.);
#9009=ORIENTED_EDGE('',*,*,#9008,.T.);
#9011=ORIENTED_EDGE('',*,*,#9010,.T.);
#9012=EDGE_LOOP('',(#9009,#9011));
#9013=FACE_BOUND('',#9012,.F.);
#9015=ORIENTED_EDGE('',*,*,#9014,.T.);
#9017=ORIENTED_EDGE('',*,*,#9016,.T.);
#9018=EDGE_LOOP('',(#9015,#9017));
#9019=FACE_BOUND('',#9018,.F.);
#9021=ORIENTED_EDGE('',*,*,#9020,.T.);
#9023=ORIENTED_EDGE('',*,*,#9022,.T.);
#9024=EDGE_LOOP('',(#9021,#9023));
#9025=FACE_BOUND('',#9024,.F.);
#9027=ORIENTED_EDGE('',*,*,#9026,.T.);
#9029=ORIENTED_EDGE('',*,*,#9028,.T.);
#9030=EDGE_LOOP('',(#9027,#9029));
#9031=FACE_BOUND('',#9030,.F.);
#9033=ORIENTED_EDGE('',*,*,#9032,.T.);
#9035=ORIENTED_EDGE('',*,*,#9034,.T.);
#9036=EDGE_LOOP('',(#9033,#9035));
#9037=FACE_BOUND('',#9036,.F.);
#9039=ORIENTED_EDGE('',*,*,#9038,.T.);
#9041=ORIENTED_EDGE('',*,*,#9040,.T.);
#9042=EDGE_LOOP('',(#9039,#9041));
#9043=FACE_BOUND('',#9042,.F.);
#9044=ADVANCED_FACE('',(#8893,#8899,#8905,#8911,#8917,#8923,#8929,#8935,#8941,
#8947,#8953,#8959,#8965,#8971,#8977,#8983,#8989,#8995,#9001,#9007,#9013,#9019,
#9025,#9031,#9037,#9043),#8884,.T.);
#9045=CARTESIAN_POINT('',(-1.9177E1,-3.3528E0,-1.758696E1));
#9046=DIRECTION('',(0.E0,0.E0,-1.E0));
#9047=DIRECTION('',(0.E0,1.E0,0.E0));
#9048=AXIS2_PLACEMENT_3D('',#9045,#9046,#9047);
#9049=PLANE('',#9048);
#9051=ORIENTED_EDGE('',*,*,#9050,.T.);
#9052=ORIENTED_EDGE('',*,*,#8869,.F.);
#9053=ORIENTED_EDGE('',*,*,#8885,.T.);
#9055=ORIENTED_EDGE('',*,*,#9054,.T.);
#9057=ORIENTED_EDGE('',*,*,#9056,.T.);
#9059=ORIENTED_EDGE('',*,*,#9058,.T.);
#9061=ORIENTED_EDGE('',*,*,#9060,.F.);
#9063=ORIENTED_EDGE('',*,*,#9062,.F.);
#9064=EDGE_LOOP('',(#9051,#9052,#9053,#9055,#9057,#9059,#9061,#9063));
#9065=FACE_OUTER_BOUND('',#9064,.F.);
#9066=ADVANCED_FACE('',(#9065),#9049,.T.);
#9067=CARTESIAN_POINT('',(-2.6543E1,-3.3528E0,-1.860296E1));
#9068=DIRECTION('',(0.E0,1.E0,0.E0));
#9069=DIRECTION('',(0.E0,0.E0,1.E0));
#9070=AXIS2_PLACEMENT_3D('',#9067,#9068,#9069);
#9071=PLANE('',#9070);
#9072=ORIENTED_EDGE('',*,*,#8871,.T.);
#9073=ORIENTED_EDGE('',*,*,#9050,.F.);
#9075=ORIENTED_EDGE('',*,*,#9074,.F.);
#9077=ORIENTED_EDGE('',*,*,#9076,.F.);
#9079=ORIENTED_EDGE('',*,*,#9078,.F.);
#9080=ORIENTED_EDGE('',*,*,#8800,.T.);
#9081=EDGE_LOOP('',(#9072,#9073,#9075,#9077,#9079,#9080));
#9082=FACE_OUTER_BOUND('',#9081,.F.);
#9084=ORIENTED_EDGE('',*,*,#9083,.F.);
#9086=ORIENTED_EDGE('',*,*,#9085,.F.);
#9087=EDGE_LOOP('',(#9084,#9086));
#9088=FACE_BOUND('',#9087,.F.);
#9089=ADVANCED_FACE('',(#9082,#9088),#9071,.T.);
#9090=CARTESIAN_POINT('',(-2.6543E1,-3.3528E0,-1.860296E1));
#9091=DIRECTION('',(0.E0,1.E0,0.E0));
#9092=DIRECTION('',(0.E0,0.E0,1.E0));
#9093=AXIS2_PLACEMENT_3D('',#9090,#9091,#9092);
#9094=PLANE('',#9093);
#9096=ORIENTED_EDGE('',*,*,#9095,.F.);
#9097=ORIENTED_EDGE('',*,*,#8815,.T.);
#9099=ORIENTED_EDGE('',*,*,#9098,.T.);
#9101=ORIENTED_EDGE('',*,*,#9100,.F.);
#9103=ORIENTED_EDGE('',*,*,#9102,.T.);
#9104=ORIENTED_EDGE('',*,*,#9056,.F.);
#9105=EDGE_LOOP('',(#9096,#9097,#9099,#9101,#9103,#9104));
#9106=FACE_OUTER_BOUND('',#9105,.F.);
#9108=ORIENTED_EDGE('',*,*,#9107,.F.);
#9110=ORIENTED_EDGE('',*,*,#9109,.F.);
#9111=EDGE_LOOP('',(#9108,#9110));
#9112=FACE_BOUND('',#9111,.F.);
#9113=ADVANCED_FACE('',(#9106,#9112),#9094,.T.);
#9114=CARTESIAN_POINT('',(-2.6543E1,-3.3528E0,-1.860296E1));
#9115=DIRECTION('',(0.E0,1.E0,0.E0));
#9116=DIRECTION('',(0.E0,0.E0,1.E0));
#9117=AXIS2_PLACEMENT_3D('',#9114,#9115,#9116);
#9118=PLANE('',#9117);
#9120=ORIENTED_EDGE('',*,*,#9119,.T.);
#9122=ORIENTED_EDGE('',*,*,#9121,.T.);
#9124=ORIENTED_EDGE('',*,*,#9123,.T.);
#9126=ORIENTED_EDGE('',*,*,#9125,.T.);
#9127=EDGE_LOOP('',(#9120,#9122,#9124,#9126));
#9128=FACE_OUTER_BOUND('',#9127,.F.);
#9129=ADVANCED_FACE('',(#9128),#9118,.T.);
#9130=CARTESIAN_POINT('',(-2.6543E1,-3.3528E0,-1.860296E1));
#9131=DIRECTION('',(0.E0,1.E0,0.E0));
#9132=DIRECTION('',(0.E0,0.E0,1.E0));
#9133=AXIS2_PLACEMENT_3D('',#9130,#9131,#9132);
#9134=PLANE('',#9133);
#9136=ORIENTED_EDGE('',*,*,#9135,.T.);
#9138=ORIENTED_EDGE('',*,*,#9137,.T.);
#9140=ORIENTED_EDGE('',*,*,#9139,.T.);
#9142=ORIENTED_EDGE('',*,*,#9141,.F.);
#9143=EDGE_LOOP('',(#9136,#9138,#9140,#9142));
#9144=FACE_OUTER_BOUND('',#9143,.F.);
#9145=ADVANCED_FACE('',(#9144),#9134,.T.);
#9146=CARTESIAN_POINT('',(-2.6543E1,-3.3528E0,-1.860296E1));
#9147=DIRECTION('',(0.E0,1.E0,0.E0));
#9148=DIRECTION('',(0.E0,0.E0,1.E0));
#9149=AXIS2_PLACEMENT_3D('',#9146,#9147,#9148);
#9150=PLANE('',#9149);
#9152=ORIENTED_EDGE('',*,*,#9151,.T.);
#9154=ORIENTED_EDGE('',*,*,#9153,.T.);
#9156=ORIENTED_EDGE('',*,*,#9155,.T.);
#9158=ORIENTED_EDGE('',*,*,#9157,.T.);
#9159=EDGE_LOOP('',(#9152,#9154,#9156,#9158));
#9160=FACE_OUTER_BOUND('',#9159,.F.);
#9161=ADVANCED_FACE('',(#9160),#9150,.T.);
#9162=CARTESIAN_POINT('',(-2.6543E1,-3.3528E0,-1.860296E1));
#9163=DIRECTION('',(0.E0,1.E0,0.E0));
#9164=DIRECTION('',(0.E0,0.E0,1.E0));
#9165=AXIS2_PLACEMENT_3D('',#9162,#9163,#9164);
#9166=PLANE('',#9165);
#9168=ORIENTED_EDGE('',*,*,#9167,.T.);
#9170=ORIENTED_EDGE('',*,*,#9169,.T.);
#9172=ORIENTED_EDGE('',*,*,#9171,.T.);
#9174=ORIENTED_EDGE('',*,*,#9173,.F.);
#9175=EDGE_LOOP('',(#9168,#9170,#9172,#9174));
#9176=FACE_OUTER_BOUND('',#9175,.F.);
#9177=ADVANCED_FACE('',(#9176),#9166,.T.);
#9178=CARTESIAN_POINT('',(-2.6543E1,-3.3528E0,-1.860296E1));
#9179=DIRECTION('',(0.E0,1.E0,0.E0));
#9180=DIRECTION('',(0.E0,0.E0,1.E0));
#9181=AXIS2_PLACEMENT_3D('',#9178,#9179,#9180);
#9182=PLANE('',#9181);
#9184=ORIENTED_EDGE('',*,*,#9183,.T.);
#9186=ORIENTED_EDGE('',*,*,#9185,.F.);
#9188=ORIENTED_EDGE('',*,*,#9187,.T.);
#9190=ORIENTED_EDGE('',*,*,#9189,.F.);
#9192=ORIENTED_EDGE('',*,*,#9191,.T.);
#9194=ORIENTED_EDGE('',*,*,#9193,.F.);
#9196=ORIENTED_EDGE('',*,*,#9195,.T.);
#9198=ORIENTED_EDGE('',*,*,#9197,.F.);
#9199=EDGE_LOOP('',(#9184,#9186,#9188,#9190,#9192,#9194,#9196,#9198));
#9200=FACE_OUTER_BOUND('',#9199,.F.);
#9201=ADVANCED_FACE('',(#9200),#9182,.T.);
#9202=CARTESIAN_POINT('',(-2.6543E1,-3.3528E0,-1.860296E1));
#9203=DIRECTION('',(0.E0,1.E0,0.E0));
#9204=DIRECTION('',(0.E0,0.E0,1.E0));
#9205=AXIS2_PLACEMENT_3D('',#9202,#9203,#9204);
#9206=PLANE('',#9205);
#9208=ORIENTED_EDGE('',*,*,#9207,.T.);
#9210=ORIENTED_EDGE('',*,*,#9209,.T.);
#9212=ORIENTED_EDGE('',*,*,#9211,.T.);
#9214=ORIENTED_EDGE('',*,*,#9213,.T.);
#9215=EDGE_LOOP('',(#9208,#9210,#9212,#9214));
#9216=FACE_OUTER_BOUND('',#9215,.F.);
#9217=ADVANCED_FACE('',(#9216),#9206,.T.);
#9218=CARTESIAN_POINT('',(-2.6543E1,-3.3528E0,-1.860296E1));
#9219=DIRECTION('',(0.E0,1.E0,0.E0));
#9220=DIRECTION('',(0.E0,0.E0,1.E0));
#9221=AXIS2_PLACEMENT_3D('',#9218,#9219,#9220);
#9222=PLANE('',#9221);
#9224=ORIENTED_EDGE('',*,*,#9223,.T.);
#9226=ORIENTED_EDGE('',*,*,#9225,.T.);
#9228=ORIENTED_EDGE('',*,*,#9227,.T.);
#9230=ORIENTED_EDGE('',*,*,#9229,.F.);
#9231=EDGE_LOOP('',(#9224,#9226,#9228,#9230));
#9232=FACE_OUTER_BOUND('',#9231,.F.);
#9233=ADVANCED_FACE('',(#9232),#9222,.T.);
#9234=CARTESIAN_POINT('',(-2.6543E1,-3.3528E0,-1.860296E1));
#9235=DIRECTION('',(0.E0,1.E0,0.E0));
#9236=DIRECTION('',(0.E0,0.E0,1.E0));
#9237=AXIS2_PLACEMENT_3D('',#9234,#9235,#9236);
#9238=PLANE('',#9237);
#9240=ORIENTED_EDGE('',*,*,#9239,.T.);
#9242=ORIENTED_EDGE('',*,*,#9241,.T.);
#9244=ORIENTED_EDGE('',*,*,#9243,.T.);
#9246=ORIENTED_EDGE('',*,*,#9245,.T.);
#9247=EDGE_LOOP('',(#9240,#9242,#9244,#9246));
#9248=FACE_OUTER_BOUND('',#9247,.F.);
#9249=ADVANCED_FACE('',(#9248),#9238,.T.);
#9250=CARTESIAN_POINT('',(-2.6543E1,-3.3528E0,-1.860296E1));
#9251=DIRECTION('',(0.E0,1.E0,0.E0));
#9252=DIRECTION('',(0.E0,0.E0,1.E0));
#9253=AXIS2_PLACEMENT_3D('',#9250,#9251,#9252);
#9254=PLANE('',#9253);
#9256=ORIENTED_EDGE('',*,*,#9255,.T.);
#9258=ORIENTED_EDGE('',*,*,#9257,.T.);
#9260=ORIENTED_EDGE('',*,*,#9259,.T.);
#9262=ORIENTED_EDGE('',*,*,#9261,.F.);
#9263=EDGE_LOOP('',(#9256,#9258,#9260,#9262));
#9264=FACE_OUTER_BOUND('',#9263,.F.);
#9265=ADVANCED_FACE('',(#9264),#9254,.T.);
#9266=CARTESIAN_POINT('',(-2.6543E1,-3.3528E0,-1.860296E1));
#9267=DIRECTION('',(0.E0,1.E0,0.E0));
#9268=DIRECTION('',(0.E0,0.E0,1.E0));
#9269=AXIS2_PLACEMENT_3D('',#9266,#9267,#9268);
#9270=PLANE('',#9269);
#9272=ORIENTED_EDGE('',*,*,#9271,.F.);
#9274=ORIENTED_EDGE('',*,*,#9273,.T.);
#9276=ORIENTED_EDGE('',*,*,#9275,.F.);
#9278=ORIENTED_EDGE('',*,*,#9277,.T.);
#9280=ORIENTED_EDGE('',*,*,#9279,.F.);
#9282=ORIENTED_EDGE('',*,*,#9281,.T.);
#9284=ORIENTED_EDGE('',*,*,#9283,.F.);
#9286=ORIENTED_EDGE('',*,*,#9285,.T.);
#9287=EDGE_LOOP('',(#9272,#9274,#9276,#9278,#9280,#9282,#9284,#9286));
#9288=FACE_OUTER_BOUND('',#9287,.F.);
#9289=ADVANCED_FACE('',(#9288),#9270,.T.);
#9290=CARTESIAN_POINT('',(-1.9177E1,0.E0,0.E0));
#9291=DIRECTION('',(1.E0,0.E0,0.E0));
#9292=DIRECTION('',(0.E0,0.E0,-1.E0));
#9293=AXIS2_PLACEMENT_3D('',#9290,#9291,#9292);
#9294=PLANE('',#9293);
#9296=ORIENTED_EDGE('',*,*,#9295,.F.);
#9297=ORIENTED_EDGE('',*,*,#9074,.T.);
#9298=ORIENTED_EDGE('',*,*,#9062,.T.);
#9300=ORIENTED_EDGE('',*,*,#9299,.T.);
#9301=EDGE_LOOP('',(#9296,#9297,#9298,#9300));
#9302=FACE_OUTER_BOUND('',#9301,.F.);
#9303=ADVANCED_FACE('',(#9302),#9294,.F.);
#9304=CARTESIAN_POINT('',(-2.6543E1,-3.3528E0,-9.73836E0));
#9305=DIRECTION('',(0.E0,0.E0,-1.E0));
#9306=DIRECTION('',(0.E0,1.E0,0.E0));
#9307=AXIS2_PLACEMENT_3D('',#9304,#9305,#9306);
#9308=PLANE('',#9307);
#9309=ORIENTED_EDGE('',*,*,#9295,.T.);
#9311=ORIENTED_EDGE('',*,*,#9310,.F.);
#9313=ORIENTED_EDGE('',*,*,#9312,.F.);
#9314=ORIENTED_EDGE('',*,*,#9076,.T.);
#9315=EDGE_LOOP('',(#9309,#9311,#9313,#9314));
#9316=FACE_OUTER_BOUND('',#9315,.F.);
#9318=ORIENTED_EDGE('',*,*,#9317,.T.);
#9320=ORIENTED_EDGE('',*,*,#9319,.T.);
#9322=ORIENTED_EDGE('',*,*,#9321,.T.);
#9324=ORIENTED_EDGE('',*,*,#9323,.T.);
#9326=ORIENTED_EDGE('',*,*,#9325,.T.);
#9328=ORIENTED_EDGE('',*,*,#9327,.T.);
#9330=ORIENTED_EDGE('',*,*,#9329,.T.);
#9332=ORIENTED_EDGE('',*,*,#9331,.T.);
#9334=ORIENTED_EDGE('',*,*,#9333,.T.);
#9336=ORIENTED_EDGE('',*,*,#9335,.T.);
#9338=ORIENTED_EDGE('',*,*,#9337,.T.);
#9340=ORIENTED_EDGE('',*,*,#9339,.T.);
#9341=EDGE_LOOP('',(#9318,#9320,#9322,#9324,#9326,#9328,#9330,#9332,#9334,#9336,
#9338,#9340));
#9342=FACE_BOUND('',#9341,.F.);
#9343=ADVANCED_FACE('',(#9316,#9342),#9308,.T.);
#9344=CARTESIAN_POINT('',(-2.6543E1,-3.3528E0,-9.73836E0));
#9345=DIRECTION('',(0.E0,0.E0,-1.E0));
#9346=DIRECTION('',(0.E0,1.E0,0.E0));
#9347=AXIS2_PLACEMENT_3D('',#9344,#9345,#9346);
#9348=PLANE('',#9347);
#9350=ORIENTED_EDGE('',*,*,#9349,.F.);
#9351=ORIENTED_EDGE('',*,*,#9100,.T.);
#9353=ORIENTED_EDGE('',*,*,#9352,.T.);
#9355=ORIENTED_EDGE('',*,*,#9354,.F.);
#9356=EDGE_LOOP('',(#9350,#9351,#9353,#9355));
#9357=FACE_OUTER_BOUND('',#9356,.F.);
#9359=ORIENTED_EDGE('',*,*,#9358,.T.);
#9361=ORIENTED_EDGE('',*,*,#9360,.T.);
#9363=ORIENTED_EDGE('',*,*,#9362,.T.);
#9365=ORIENTED_EDGE('',*,*,#9364,.T.);
#9367=ORIENTED_EDGE('',*,*,#9366,.T.);
#9369=ORIENTED_EDGE('',*,*,#9368,.T.);
#9371=ORIENTED_EDGE('',*,*,#9370,.T.);
#9373=ORIENTED_EDGE('',*,*,#9372,.T.);
#9375=ORIENTED_EDGE('',*,*,#9374,.T.);
#9377=ORIENTED_EDGE('',*,*,#9376,.T.);
#9379=ORIENTED_EDGE('',*,*,#9378,.T.);
#9381=ORIENTED_EDGE('',*,*,#9380,.T.);
#9382=EDGE_LOOP('',(#9359,#9361,#9363,#9365,#9367,#9369,#9371,#9373,#9375,#9377,
#9379,#9381));
#9383=FACE_BOUND('',#9382,.F.);
#9384=ADVANCED_FACE('',(#9357,#9383),#9348,.T.);
#9385=CARTESIAN_POINT('',(-2.6543E1,-3.3528E0,-9.73836E0));
#9386=DIRECTION('',(0.E0,0.E0,-1.E0));
#9387=DIRECTION('',(0.E0,1.E0,0.E0));
#9388=AXIS2_PLACEMENT_3D('',#9385,#9386,#9387);
#9389=PLANE('',#9388);
#9391=ORIENTED_EDGE('',*,*,#9390,.F.);
#9393=ORIENTED_EDGE('',*,*,#9392,.F.);
#9394=EDGE_LOOP('',(#9391,#9393));
#9395=FACE_OUTER_BOUND('',#9394,.F.);
#9396=ADVANCED_FACE('',(#9395),#9389,.T.);
#9397=CARTESIAN_POINT('',(-2.6543E1,-3.3528E0,-9.73836E0));
#9398=DIRECTION('',(0.E0,0.E0,-1.E0));
#9399=DIRECTION('',(0.E0,1.E0,0.E0));
#9400=AXIS2_PLACEMENT_3D('',#9397,#9398,#9399);
#9401=PLANE('',#9400);
#9403=ORIENTED_EDGE('',*,*,#9402,.F.);
#9405=ORIENTED_EDGE('',*,*,#9404,.F.);
#9406=EDGE_LOOP('',(#9403,#9405));
#9407=FACE_OUTER_BOUND('',#9406,.F.);
#9408=ADVANCED_FACE('',(#9407),#9401,.T.);
#9409=CARTESIAN_POINT('',(-1.9177E1,3.302E0,-1.758696E1));
#9410=DIRECTION('',(0.E0,1.E0,0.E0));
#9411=DIRECTION('',(0.E0,0.E0,1.E0));
#9412=AXIS2_PLACEMENT_3D('',#9409,#9410,#9411);
#9413=PLANE('',#9412);
#9414=ORIENTED_EDGE('',*,*,#9310,.T.);
#9415=ORIENTED_EDGE('',*,*,#9299,.F.);
#9416=ORIENTED_EDGE('',*,*,#9060,.T.);
#9418=ORIENTED_EDGE('',*,*,#9417,.T.);
#9419=ORIENTED_EDGE('',*,*,#9354,.T.);
#9421=ORIENTED_EDGE('',*,*,#9420,.T.);
#9423=ORIENTED_EDGE('',*,*,#9422,.F.);
#9425=ORIENTED_EDGE('',*,*,#9424,.F.);
#9427=ORIENTED_EDGE('',*,*,#9426,.F.);
#9429=ORIENTED_EDGE('',*,*,#9428,.F.);
#9431=ORIENTED_EDGE('',*,*,#9430,.F.);
#9433=ORIENTED_EDGE('',*,*,#9432,.F.);
#9435=ORIENTED_EDGE('',*,*,#9434,.F.);
#9437=ORIENTED_EDGE('',*,*,#9436,.F.);
#9439=ORIENTED_EDGE('',*,*,#9438,.F.);
#9441=ORIENTED_EDGE('',*,*,#9440,.F.);
#9442=EDGE_LOOP('',(#9414,#9415,#9416,#9418,#9419,#9421,#9423,#9425,#9427,#9429,
#9431,#9433,#9435,#9437,#9439,#9441));
#9443=FACE_OUTER_BOUND('',#9442,.F.);
#9444=ADVANCED_FACE('',(#9443),#9413,.T.);
#9445=CARTESIAN_POINT('',(1.9177E1,0.E0,0.E0));
#9446=DIRECTION('',(1.E0,0.E0,0.E0));
#9447=DIRECTION('',(0.E0,0.E0,-1.E0));
#9448=AXIS2_PLACEMENT_3D('',#9445,#9446,#9447);
#9449=PLANE('',#9448);
#9450=ORIENTED_EDGE('',*,*,#9349,.T.);
#9451=ORIENTED_EDGE('',*,*,#9417,.F.);
#9452=ORIENTED_EDGE('',*,*,#9058,.F.);
#9453=ORIENTED_EDGE('',*,*,#9102,.F.);
#9454=EDGE_LOOP('',(#9450,#9451,#9452,#9453));
#9455=FACE_OUTER_BOUND('',#9454,.F.);
#9456=ADVANCED_FACE('',(#9455),#9449,.T.);
#9457=CARTESIAN_POINT('',(2.6543E1,0.E0,0.E0));
#9458=DIRECTION('',(1.E0,0.E0,0.E0));
#9459=DIRECTION('',(0.E0,0.E0,-1.E0));
#9460=AXIS2_PLACEMENT_3D('',#9457,#9458,#9459);
#9461=PLANE('',#9460);
#9462=ORIENTED_EDGE('',*,*,#8386,.T.);
#9464=ORIENTED_EDGE('',*,*,#9463,.T.);
#9465=ORIENTED_EDGE('',*,*,#8590,.F.);
#9467=ORIENTED_EDGE('',*,*,#9466,.F.);
#9469=ORIENTED_EDGE('',*,*,#9468,.T.);
#9470=ORIENTED_EDGE('',*,*,#9420,.F.);
#9471=ORIENTED_EDGE('',*,*,#9352,.F.);
#9472=ORIENTED_EDGE('',*,*,#9098,.F.);
#9473=ORIENTED_EDGE('',*,*,#8813,.F.);
#9474=ORIENTED_EDGE('',*,*,#7895,.T.);
#9475=EDGE_LOOP('',(#9462,#9464,#9465,#9467,#9469,#9470,#9471,#9472,#9473,
#9474));
#9476=FACE_OUTER_BOUND('',#9475,.F.);
#9477=ADVANCED_FACE('',(#9476),#9461,.T.);
#9478=CARTESIAN_POINT('',(2.5273E1,-3.734371628645E0,-5.8928E0));
#9479=DIRECTION('',(0.E0,0.E0,1.E0));
#9480=DIRECTION('',(1.E0,0.E0,0.E0));
#9481=AXIS2_PLACEMENT_3D('',#9478,#9479,#9480);
#9482=CYLINDRICAL_SURFACE('',#9481,1.27E0);
#9483=ORIENTED_EDGE('',*,*,#9463,.F.);
#9484=ORIENTED_EDGE('',*,*,#8384,.T.);
#9486=ORIENTED_EDGE('',*,*,#9485,.F.);
#9487=ORIENTED_EDGE('',*,*,#8592,.T.);
#9488=EDGE_LOOP('',(#9483,#9484,#9486,#9487));
#9489=FACE_OUTER_BOUND('',#9488,.F.);
#9490=ADVANCED_FACE('',(#9489),#9482,.T.);
#9491=CARTESIAN_POINT('',(2.52349E1,-5.0038E0,-5.8928E0));
#9492=DIRECTION('',(-1.E0,0.E0,0.E0));
#9493=DIRECTION('',(0.E0,-1.E0,0.E0));
#9494=AXIS2_PLACEMENT_3D('',#9491,#9492,#9493);
#9495=PLANE('',#9494);
#9496=ORIENTED_EDGE('',*,*,#8594,.F.);
#9497=ORIENTED_EDGE('',*,*,#9485,.T.);
#9498=ORIENTED_EDGE('',*,*,#8382,.T.);
#9499=ORIENTED_EDGE('',*,*,#7891,.F.);
#9500=EDGE_LOOP('',(#9496,#9497,#9498,#9499));
#9501=FACE_OUTER_BOUND('',#9500,.F.);
#9502=ADVANCED_FACE('',(#9501),#9495,.F.);
#9503=CARTESIAN_POINT('',(2.49682E1,4.699E0,-9.824481925704E0));
#9504=DIRECTION('',(0.E0,0.E0,1.E0));
#9505=DIRECTION('',(1.E0,0.E0,0.E0));
#9506=AXIS2_PLACEMENT_3D('',#9503,#9504,#9505);
#9507=CYLINDRICAL_SURFACE('',#9506,1.5748E0);
#9509=ORIENTED_EDGE('',*,*,#9508,.F.);
#9511=ORIENTED_EDGE('',*,*,#9510,.F.);
#9513=ORIENTED_EDGE('',*,*,#9512,.F.);
#9514=ORIENTED_EDGE('',*,*,#9466,.T.);
#9515=ORIENTED_EDGE('',*,*,#8588,.T.);
#9517=ORIENTED_EDGE('',*,*,#9516,.F.);
#9518=EDGE_LOOP('',(#9509,#9511,#9513,#9514,#9515,#9517));
#9519=FACE_OUTER_BOUND('',#9518,.F.);
#9520=ADVANCED_FACE('',(#9519),#9507,.T.);
#9521=CARTESIAN_POINT('',(2.19329E1,6.2738E0,-7.57936E0));
#9522=DIRECTION('',(0.E0,0.E0,1.E0));
#9523=DIRECTION('',(1.E0,0.E0,0.E0));
#9524=AXIS2_PLACEMENT_3D('',#9521,#9522,#9523);
#9525=PLANE('',#9524);
#9527=ORIENTED_EDGE('',*,*,#9526,.T.);
#9529=ORIENTED_EDGE('',*,*,#9528,.T.);
#9531=ORIENTED_EDGE('',*,*,#9530,.F.);
#9533=ORIENTED_EDGE('',*,*,#9532,.F.);
#9535=ORIENTED_EDGE('',*,*,#9534,.T.);
#9536=ORIENTED_EDGE('',*,*,#9426,.T.);
#9538=ORIENTED_EDGE('',*,*,#9537,.F.);
#9539=ORIENTED_EDGE('',*,*,#9508,.T.);
#9541=ORIENTED_EDGE('',*,*,#9540,.F.);
#9542=EDGE_LOOP('',(#9527,#9529,#9531,#9533,#9535,#9536,#9538,#9539,#9541));
#9543=FACE_OUTER_BOUND('',#9542,.F.);
#9544=ADVANCED_FACE('',(#9543),#9525,.F.);
#9545=CARTESIAN_POINT('',(2.45999E1,6.2738E0,-7.57936E0));
#9546=DIRECTION('',(1.E0,0.E0,0.E0));
#9547=DIRECTION('',(0.E0,-1.E0,0.E0));
#9548=AXIS2_PLACEMENT_3D('',#9545,#9546,#9547);
#9549=PLANE('',#9548);
#9550=ORIENTED_EDGE('',*,*,#9526,.F.);
#9552=ORIENTED_EDGE('',*,*,#9551,.T.);
#9554=ORIENTED_EDGE('',*,*,#9553,.T.);
#9556=ORIENTED_EDGE('',*,*,#9555,.F.);
#9557=EDGE_LOOP('',(#9550,#9552,#9554,#9556));
#9558=FACE_OUTER_BOUND('',#9557,.F.);
#9559=ADVANCED_FACE('',(#9558),#9549,.T.);
#9560=CARTESIAN_POINT('',(-2.6543E1,6.2738E0,-9.73836E0));
#9561=DIRECTION('',(0.E0,1.E0,0.E0));
#9562=DIRECTION('',(0.E0,0.E0,1.E0));
#9563=AXIS2_PLACEMENT_3D('',#9560,#9561,#9562);
#9564=PLANE('',#9563);
#9565=ORIENTED_EDGE('',*,*,#9532,.T.);
#9567=ORIENTED_EDGE('',*,*,#9566,.T.);
#9569=ORIENTED_EDGE('',*,*,#9568,.T.);
#9570=ORIENTED_EDGE('',*,*,#9551,.F.);
#9571=ORIENTED_EDGE('',*,*,#9540,.T.);
#9572=ORIENTED_EDGE('',*,*,#9516,.T.);
#9573=ORIENTED_EDGE('',*,*,#8586,.F.);
#9575=ORIENTED_EDGE('',*,*,#9574,.T.);
#9577=ORIENTED_EDGE('',*,*,#9576,.T.);
#9579=ORIENTED_EDGE('',*,*,#9578,.T.);
#9581=ORIENTED_EDGE('',*,*,#9580,.T.);
#9583=ORIENTED_EDGE('',*,*,#9582,.F.);
#9585=ORIENTED_EDGE('',*,*,#9584,.T.);
#9587=ORIENTED_EDGE('',*,*,#9586,.T.);
#9589=ORIENTED_EDGE('',*,*,#9588,.T.);
#9591=ORIENTED_EDGE('',*,*,#9590,.T.);
#9592=EDGE_LOOP('',(#9565,#9567,#9569,#9570,#9571,#9572,#9573,#9575,#9577,#9579,
#9581,#9583,#9585,#9587,#9589,#9591));
#9593=FACE_OUTER_BOUND('',#9592,.F.);
#9594=ADVANCED_FACE('',(#9593),#9564,.T.);
#9595=CARTESIAN_POINT('',(2.24409E1,4.8768E0,-7.57936E0));
#9596=DIRECTION('',(-1.E0,0.E0,0.E0));
#9597=DIRECTION('',(0.E0,1.E0,0.E0));
#9598=AXIS2_PLACEMENT_3D('',#9595,#9596,#9597);
#9599=PLANE('',#9598);
#9600=ORIENTED_EDGE('',*,*,#9530,.T.);
#9602=ORIENTED_EDGE('',*,*,#9601,.T.);
#9604=ORIENTED_EDGE('',*,*,#9603,.T.);
#9605=ORIENTED_EDGE('',*,*,#9566,.F.);
#9606=EDGE_LOOP('',(#9600,#9602,#9604,#9605));
#9607=FACE_OUTER_BOUND('',#9606,.F.);
#9608=ADVANCED_FACE('',(#9607),#9599,.T.);
#9609=CARTESIAN_POINT('',(2.45999E1,4.8768E0,-7.57936E0));
#9610=DIRECTION('',(0.E0,-1.E0,0.E0));
#9611=DIRECTION('',(-1.E0,0.E0,0.E0));
#9612=AXIS2_PLACEMENT_3D('',#9609,#9610,#9611);
#9613=PLANE('',#9612);
#9614=ORIENTED_EDGE('',*,*,#9528,.F.);
#9615=ORIENTED_EDGE('',*,*,#9555,.T.);
#9617=ORIENTED_EDGE('',*,*,#9616,.T.);
#9618=ORIENTED_EDGE('',*,*,#9601,.F.);
#9619=EDGE_LOOP('',(#9614,#9615,#9617,#9618));
#9620=FACE_OUTER_BOUND('',#9619,.F.);
#9621=ADVANCED_FACE('',(#9620),#9613,.T.);
#9622=CARTESIAN_POINT('',(-2.6543E1,3.302E0,-7.99592E0));
#9623=DIRECTION('',(0.E0,0.E0,-1.E0));
#9624=DIRECTION('',(-1.E0,0.E0,0.E0));
#9625=AXIS2_PLACEMENT_3D('',#9622,#9623,#9624);
#9626=PLANE('',#9625);
#9628=ORIENTED_EDGE('',*,*,#9627,.F.);
#9629=ORIENTED_EDGE('',*,*,#9580,.F.);
#9631=ORIENTED_EDGE('',*,*,#9630,.F.);
#9633=ORIENTED_EDGE('',*,*,#9632,.F.);
#9634=EDGE_LOOP('',(#9628,#9629,#9631,#9633));
#9635=FACE_OUTER_BOUND('',#9634,.F.);
#9636=ADVANCED_FACE('',(#9635),#9626,.T.);
#9637=CARTESIAN_POINT('',(-2.6543E1,3.302E0,-7.99592E0));
#9638=DIRECTION('',(0.E0,0.E0,-1.E0));
#9639=DIRECTION('',(-1.E0,0.E0,0.E0));
#9640=AXIS2_PLACEMENT_3D('',#9637,#9638,#9639);
#9641=PLANE('',#9640);
#9642=ORIENTED_EDGE('',*,*,#9568,.F.);
#9643=ORIENTED_EDGE('',*,*,#9603,.F.);
#9644=ORIENTED_EDGE('',*,*,#9616,.F.);
#9645=ORIENTED_EDGE('',*,*,#9553,.F.);
#9646=EDGE_LOOP('',(#9642,#9643,#9644,#9645));
#9647=FACE_OUTER_BOUND('',#9646,.F.);
#9648=ADVANCED_FACE('',(#9647),#9641,.T.);
#9649=CARTESIAN_POINT('',(-2.24409E1,6.2738E0,-7.57936E0));
#9650=DIRECTION('',(1.E0,0.E0,0.E0));
#9651=DIRECTION('',(0.E0,-1.E0,0.E0));
#9652=AXIS2_PLACEMENT_3D('',#9649,#9650,#9651);
#9653=PLANE('',#9652);
#9655=ORIENTED_EDGE('',*,*,#9654,.F.);
#9656=ORIENTED_EDGE('',*,*,#9582,.T.);
#9657=ORIENTED_EDGE('',*,*,#9627,.T.);
#9659=ORIENTED_EDGE('',*,*,#9658,.F.);
#9660=EDGE_LOOP('',(#9655,#9656,#9657,#9659));
#9661=FACE_OUTER_BOUND('',#9660,.F.);
#9662=ADVANCED_FACE('',(#9661),#9653,.T.);
#9663=CARTESIAN_POINT('',(-2.51079E1,6.2738E0,-7.57936E0));
#9664=DIRECTION('',(0.E0,0.E0,1.E0));
#9665=DIRECTION('',(1.E0,0.E0,0.E0));
#9666=AXIS2_PLACEMENT_3D('',#9663,#9664,#9665);
#9667=PLANE('',#9666);
#9668=ORIENTED_EDGE('',*,*,#9654,.T.);
#9670=ORIENTED_EDGE('',*,*,#9669,.T.);
#9672=ORIENTED_EDGE('',*,*,#9671,.F.);
#9673=ORIENTED_EDGE('',*,*,#9576,.F.);
#9675=ORIENTED_EDGE('',*,*,#9674,.F.);
#9677=ORIENTED_EDGE('',*,*,#9676,.T.);
#9678=ORIENTED_EDGE('',*,*,#9434,.T.);
#9680=ORIENTED_EDGE('',*,*,#9679,.F.);
#9681=ORIENTED_EDGE('',*,*,#9584,.F.);
#9682=EDGE_LOOP('',(#9668,#9670,#9672,#9673,#9675,#9677,#9678,#9680,#9681));
#9683=FACE_OUTER_BOUND('',#9682,.F.);
#9684=ADVANCED_FACE('',(#9683),#9667,.F.);
#9685=CARTESIAN_POINT('',(-2.24409E1,4.8768E0,-7.57936E0));
#9686=DIRECTION('',(0.E0,-1.E0,0.E0));
#9687=DIRECTION('',(-1.E0,0.E0,0.E0));
#9688=AXIS2_PLACEMENT_3D('',#9685,#9686,#9687);
#9689=PLANE('',#9688);
#9690=ORIENTED_EDGE('',*,*,#9669,.F.);
#9691=ORIENTED_EDGE('',*,*,#9658,.T.);
#9692=ORIENTED_EDGE('',*,*,#9632,.T.);
#9694=ORIENTED_EDGE('',*,*,#9693,.F.);
#9695=EDGE_LOOP('',(#9690,#9691,#9692,#9694));
#9696=FACE_OUTER_BOUND('',#9695,.F.);
#9697=ADVANCED_FACE('',(#9696),#9689,.T.);
#9698=CARTESIAN_POINT('',(-2.45999E1,4.8768E0,-7.57936E0));
#9699=DIRECTION('',(-1.E0,0.E0,0.E0));
#9700=DIRECTION('',(0.E0,1.E0,0.E0));
#9701=AXIS2_PLACEMENT_3D('',#9698,#9699,#9700);
#9702=PLANE('',#9701);
#9703=ORIENTED_EDGE('',*,*,#9671,.T.);
#9704=ORIENTED_EDGE('',*,*,#9693,.T.);
#9705=ORIENTED_EDGE('',*,*,#9630,.T.);
#9706=ORIENTED_EDGE('',*,*,#9578,.F.);
#9707=EDGE_LOOP('',(#9703,#9704,#9705,#9706));
#9708=FACE_OUTER_BOUND('',#9707,.F.);
#9709=ADVANCED_FACE('',(#9708),#9702,.T.);
#9710=CARTESIAN_POINT('',(-2.49682E1,4.699E0,-5.802524542996E0));
#9711=DIRECTION('',(0.E0,0.E0,-1.E0));
#9712=DIRECTION('',(-1.E0,0.E0,0.E0));
#9713=AXIS2_PLACEMENT_3D('',#9710,#9711,#9712);
#9714=CYLINDRICAL_SURFACE('',#9713,1.5748E0);
#9716=ORIENTED_EDGE('',*,*,#9715,.T.);
#9718=ORIENTED_EDGE('',*,*,#9717,.F.);
#9719=ORIENTED_EDGE('',*,*,#9674,.T.);
#9720=ORIENTED_EDGE('',*,*,#9574,.F.);
#9721=ORIENTED_EDGE('',*,*,#8584,.T.);
#9723=ORIENTED_EDGE('',*,*,#9722,.T.);
#9724=EDGE_LOOP('',(#9716,#9718,#9719,#9720,#9721,#9723));
#9725=FACE_OUTER_BOUND('',#9724,.F.);
#9726=ADVANCED_FACE('',(#9725),#9714,.T.);
#9727=CARTESIAN_POINT('',(-2.6543E1,6.2738E0,-8.54456E0));
#9728=DIRECTION('',(0.E0,0.E0,1.E0));
#9729=DIRECTION('',(1.E0,0.E0,0.E0));
#9730=AXIS2_PLACEMENT_3D('',#9727,#9728,#9729);
#9731=PLANE('',#9730);
#9733=ORIENTED_EDGE('',*,*,#9732,.T.);
#9734=ORIENTED_EDGE('',*,*,#9438,.T.);
#9736=ORIENTED_EDGE('',*,*,#9735,.F.);
#9737=ORIENTED_EDGE('',*,*,#9715,.F.);
#9738=EDGE_LOOP('',(#9733,#9734,#9736,#9737));
#9739=FACE_OUTER_BOUND('',#9738,.F.);
#9740=ADVANCED_FACE('',(#9739),#9731,.F.);
#9741=CARTESIAN_POINT('',(-2.6543E1,0.E0,0.E0));
#9742=DIRECTION('',(1.E0,0.E0,0.E0));
#9743=DIRECTION('',(0.E0,0.E0,-1.E0));
#9744=AXIS2_PLACEMENT_3D('',#9741,#9742,#9743);
#9745=PLANE('',#9744);
#9746=ORIENTED_EDGE('',*,*,#8371,.F.);
#9747=ORIENTED_EDGE('',*,*,#7855,.F.);
#9748=ORIENTED_EDGE('',*,*,#8802,.T.);
#9749=ORIENTED_EDGE('',*,*,#9078,.T.);
#9750=ORIENTED_EDGE('',*,*,#9312,.T.);
#9751=ORIENTED_EDGE('',*,*,#9440,.T.);
#9752=ORIENTED_EDGE('',*,*,#9732,.F.);
#9753=ORIENTED_EDGE('',*,*,#9722,.F.);
#9754=ORIENTED_EDGE('',*,*,#8582,.T.);
#9756=ORIENTED_EDGE('',*,*,#9755,.F.);
#9757=EDGE_LOOP('',(#9746,#9747,#9748,#9749,#9750,#9751,#9752,#9753,#9754,
#9756));
#9758=FACE_OUTER_BOUND('',#9757,.F.);
#9759=ADVANCED_FACE('',(#9758),#9745,.F.);
#9760=CARTESIAN_POINT('',(-2.5273E1,-3.734371628645E0,-5.8928E0));
#9761=DIRECTION('',(0.E0,0.E0,1.E0));
#9762=DIRECTION('',(1.E0,0.E0,0.E0));
#9763=AXIS2_PLACEMENT_3D('',#9760,#9761,#9762);
#9764=CYLINDRICAL_SURFACE('',#9763,1.27E0);
#9765=ORIENTED_EDGE('',*,*,#9755,.T.);
#9766=ORIENTED_EDGE('',*,*,#8580,.T.);
#9768=ORIENTED_EDGE('',*,*,#9767,.T.);
#9769=ORIENTED_EDGE('',*,*,#8366,.T.);
#9770=EDGE_LOOP('',(#9765,#9766,#9768,#9769));
#9771=FACE_OUTER_BOUND('',#9770,.F.);
#9772=ADVANCED_FACE('',(#9771),#9764,.T.);
#9773=CARTESIAN_POINT('',(-2.52349E1,-5.3086E0,-5.8928E0));
#9774=DIRECTION('',(1.E0,0.E0,0.E0));
#9775=DIRECTION('',(0.E0,1.E0,0.E0));
#9776=AXIS2_PLACEMENT_3D('',#9773,#9774,#9775);
#9777=PLANE('',#9776);
#9778=ORIENTED_EDGE('',*,*,#8578,.F.);
#9779=ORIENTED_EDGE('',*,*,#7843,.T.);
#9780=ORIENTED_EDGE('',*,*,#8368,.T.);
#9781=ORIENTED_EDGE('',*,*,#9767,.F.);
#9782=EDGE_LOOP('',(#9778,#9779,#9780,#9781));
#9783=FACE_OUTER_BOUND('',#9782,.F.);
#9784=ADVANCED_FACE('',(#9783),#9777,.F.);
#9785=CARTESIAN_POINT('',(-2.51079E1,6.2738E0,-8.54456E0));
#9786=DIRECTION('',(-1.E0,0.E0,0.E0));
#9787=DIRECTION('',(0.E0,0.E0,1.E0));
#9788=AXIS2_PLACEMENT_3D('',#9785,#9786,#9787);
#9789=PLANE('',#9788);
#9790=ORIENTED_EDGE('',*,*,#9735,.T.);
#9791=ORIENTED_EDGE('',*,*,#9436,.T.);
#9792=ORIENTED_EDGE('',*,*,#9676,.F.);
#9793=ORIENTED_EDGE('',*,*,#9717,.T.);
#9794=EDGE_LOOP('',(#9790,#9791,#9792,#9793));
#9795=FACE_OUTER_BOUND('',#9794,.F.);
#9796=ADVANCED_FACE('',(#9795),#9789,.F.);
#9797=CARTESIAN_POINT('',(-2.19329E1,6.2738E0,-7.57936E0));
#9798=DIRECTION('',(1.E0,0.E0,0.E0));
#9799=DIRECTION('',(0.E0,0.E0,-1.E0));
#9800=AXIS2_PLACEMENT_3D('',#9797,#9798,#9799);
#9801=PLANE('',#9800);
#9802=ORIENTED_EDGE('',*,*,#9586,.F.);
#9803=ORIENTED_EDGE('',*,*,#9679,.T.);
#9804=ORIENTED_EDGE('',*,*,#9432,.T.);
#9806=ORIENTED_EDGE('',*,*,#9805,.F.);
#9807=EDGE_LOOP('',(#9802,#9803,#9804,#9806));
#9808=FACE_OUTER_BOUND('',#9807,.F.);
#9809=ADVANCED_FACE('',(#9808),#9801,.F.);
#9810=CARTESIAN_POINT('',(-2.19329E1,6.2738E0,-8.54456E0));
#9811=DIRECTION('',(0.E0,0.E0,1.E0));
#9812=DIRECTION('',(1.E0,0.E0,0.E0));
#9813=AXIS2_PLACEMENT_3D('',#9810,#9811,#9812);
#9814=PLANE('',#9813);
#9815=ORIENTED_EDGE('',*,*,#9588,.F.);
#9816=ORIENTED_EDGE('',*,*,#9805,.T.);
#9817=ORIENTED_EDGE('',*,*,#9430,.T.);
#9819=ORIENTED_EDGE('',*,*,#9818,.F.);
#9820=EDGE_LOOP('',(#9815,#9816,#9817,#9819));
#9821=FACE_OUTER_BOUND('',#9820,.F.);
#9822=ADVANCED_FACE('',(#9821),#9814,.F.);
#9823=CARTESIAN_POINT('',(2.19329E1,6.2738E0,-8.54456E0));
#9824=DIRECTION('',(-1.E0,0.E0,0.E0));
#9825=DIRECTION('',(0.E0,0.E0,1.E0));
#9826=AXIS2_PLACEMENT_3D('',#9823,#9824,#9825);
#9827=PLANE('',#9826);
#9828=ORIENTED_EDGE('',*,*,#9590,.F.);
#9829=ORIENTED_EDGE('',*,*,#9818,.T.);
#9830=ORIENTED_EDGE('',*,*,#9428,.T.);
#9831=ORIENTED_EDGE('',*,*,#9534,.F.);
#9832=EDGE_LOOP('',(#9828,#9829,#9830,#9831));
#9833=FACE_OUTER_BOUND('',#9832,.F.);
#9834=ADVANCED_FACE('',(#9833),#9827,.F.);
#9835=CARTESIAN_POINT('',(2.51079E1,6.2738E0,-7.57936E0));
#9836=DIRECTION('',(1.E0,0.E0,0.E0));
#9837=DIRECTION('',(0.E0,0.E0,-1.E0));
#9838=AXIS2_PLACEMENT_3D('',#9835,#9836,#9837);
#9839=PLANE('',#9838);
#9840=ORIENTED_EDGE('',*,*,#9537,.T.);
#9841=ORIENTED_EDGE('',*,*,#9424,.T.);
#9843=ORIENTED_EDGE('',*,*,#9842,.F.);
#9844=ORIENTED_EDGE('',*,*,#9510,.T.);
#9845=EDGE_LOOP('',(#9840,#9841,#9843,#9844));
#9846=FACE_OUTER_BOUND('',#9845,.F.);
#9847=ADVANCED_FACE('',(#9846),#9839,.F.);
#9848=CARTESIAN_POINT('',(2.51079E1,6.2738E0,-8.54456E0));
#9849=DIRECTION('',(0.E0,0.E0,1.E0));
#9850=DIRECTION('',(1.E0,0.E0,0.E0));
#9851=AXIS2_PLACEMENT_3D('',#9848,#9849,#9850);
#9852=PLANE('',#9851);
#9853=ORIENTED_EDGE('',*,*,#9468,.F.);
#9854=ORIENTED_EDGE('',*,*,#9512,.T.);
#9855=ORIENTED_EDGE('',*,*,#9842,.T.);
#9856=ORIENTED_EDGE('',*,*,#9422,.T.);
#9857=EDGE_LOOP('',(#9853,#9854,#9855,#9856));
#9858=FACE_OUTER_BOUND('',#9857,.F.);
#9859=ADVANCED_FACE('',(#9858),#9852,.F.);
#9860=CARTESIAN_POINT('',(-2.35204E1,0.E0,-9.73836E0));
#9861=DIRECTION('',(0.E0,0.E0,-1.E0));
#9862=DIRECTION('',(-1.E0,0.E0,0.E0));
#9863=AXIS2_PLACEMENT_3D('',#9860,#9861,#9862);
#9864=CYLINDRICAL_SURFACE('',#9863,2.7686E0);
#9865=ORIENTED_EDGE('',*,*,#9317,.F.);
#9867=ORIENTED_EDGE('',*,*,#9866,.T.);
#9869=ORIENTED_EDGE('',*,*,#9868,.T.);
#9871=ORIENTED_EDGE('',*,*,#9870,.F.);
#9872=EDGE_LOOP('',(#9865,#9867,#9869,#9871));
#9873=FACE_OUTER_BOUND('',#9872,.F.);
#9874=ADVANCED_FACE('',(#9873),#9864,.T.);
#9875=CARTESIAN_POINT('',(-2.6035E1,-1.158418231901E0,-9.73836E0));
#9876=DIRECTION('',(-1.E0,0.E0,0.E0));
#9877=DIRECTION('',(0.E0,1.E0,0.E0));
#9878=AXIS2_PLACEMENT_3D('',#9875,#9876,#9877);
#9879=PLANE('',#9878);
#9880=ORIENTED_EDGE('',*,*,#9339,.F.);
#9882=ORIENTED_EDGE('',*,*,#9881,.T.);
#9884=ORIENTED_EDGE('',*,*,#9883,.T.);
#9885=ORIENTED_EDGE('',*,*,#9866,.F.);
#9886=EDGE_LOOP('',(#9880,#9882,#9884,#9885));
#9887=FACE_OUTER_BOUND('',#9886,.F.);
#9888=ADVANCED_FACE('',(#9887),#9879,.T.);
#9889=CARTESIAN_POINT('',(-2.35204E1,0.E0,-9.73836E0));
#9890=DIRECTION('',(0.E0,0.E0,-1.E0));
#9891=DIRECTION('',(-1.E0,0.E0,0.E0));
#9892=AXIS2_PLACEMENT_3D('',#9889,#9890,#9891);
#9893=CYLINDRICAL_SURFACE('',#9892,2.7686E0);
#9894=ORIENTED_EDGE('',*,*,#9337,.F.);
#9896=ORIENTED_EDGE('',*,*,#9895,.T.);
#9898=ORIENTED_EDGE('',*,*,#9897,.T.);
#9899=ORIENTED_EDGE('',*,*,#9881,.F.);
#9900=EDGE_LOOP('',(#9894,#9896,#9898,#9899));
#9901=FACE_OUTER_BOUND('',#9900,.F.);
#9902=ADVANCED_FACE('',(#9901),#9893,.T.);
#9903=CARTESIAN_POINT('',(-2.377448038297E1,-2.756916596307E0,-9.73836E0));
#9904=DIRECTION('',(-5.E-1,-8.660254037844E-1,0.E0));
#9905=DIRECTION('',(-8.660254037844E-1,5.E-1,0.E0));
#9906=AXIS2_PLACEMENT_3D('',#9903,#9904,#9905);
#9907=PLANE('',#9906);
#9908=ORIENTED_EDGE('',*,*,#9335,.F.);
#9910=ORIENTED_EDGE('',*,*,#9909,.T.);
#9912=ORIENTED_EDGE('',*,*,#9911,.T.);
#9913=ORIENTED_EDGE('',*,*,#9895,.F.);
#9914=EDGE_LOOP('',(#9908,#9910,#9912,#9913));
#9915=FACE_OUTER_BOUND('',#9914,.F.);
#9916=ADVANCED_FACE('',(#9915),#9907,.T.);
#9917=CARTESIAN_POINT('',(-2.35204E1,0.E0,-9.73836E0));
#9918=DIRECTION('',(0.E0,0.E0,-1.E0));
#9919=DIRECTION('',(-1.E0,0.E0,0.E0));
#9920=AXIS2_PLACEMENT_3D('',#9917,#9918,#9919);
#9921=CYLINDRICAL_SURFACE('',#9920,2.7686E0);
#9922=ORIENTED_EDGE('',*,*,#9333,.F.);
#9924=ORIENTED_EDGE('',*,*,#9923,.T.);
#9926=ORIENTED_EDGE('',*,*,#9925,.T.);
#9927=ORIENTED_EDGE('',*,*,#9909,.F.);
#9928=EDGE_LOOP('',(#9922,#9924,#9926,#9927));
#9929=FACE_OUTER_BOUND('',#9928,.F.);
#9930=ADVANCED_FACE('',(#9929),#9921,.T.);
#9931=CARTESIAN_POINT('',(-2.125988038297E1,-1.598498364406E0,-9.73836E0));
#9932=DIRECTION('',(5.E-1,-8.660254037844E-1,0.E0));
#9933=DIRECTION('',(-8.660254037844E-1,-5.E-1,0.E0));
#9934=AXIS2_PLACEMENT_3D('',#9931,#9932,#9933);
#9935=PLANE('',#9934);
#9936=ORIENTED_EDGE('',*,*,#9331,.F.);
#9938=ORIENTED_EDGE('',*,*,#9937,.T.);
#9940=ORIENTED_EDGE('',*,*,#9939,.T.);
#9941=ORIENTED_EDGE('',*,*,#9923,.F.);
#9942=EDGE_LOOP('',(#9936,#9938,#9940,#9941));
#9943=FACE_OUTER_BOUND('',#9942,.F.);
#9944=ADVANCED_FACE('',(#9943),#9935,.T.);
#9945=CARTESIAN_POINT('',(-2.35204E1,0.E0,-9.73836E0));
#9946=DIRECTION('',(0.E0,0.E0,-1.E0));
#9947=DIRECTION('',(-1.E0,0.E0,0.E0));
#9948=AXIS2_PLACEMENT_3D('',#9945,#9946,#9947);
#9949=CYLINDRICAL_SURFACE('',#9948,2.7686E0);
#9950=ORIENTED_EDGE('',*,*,#9329,.F.);
#9952=ORIENTED_EDGE('',*,*,#9951,.T.);
#9954=ORIENTED_EDGE('',*,*,#9953,.T.);
#9955=ORIENTED_EDGE('',*,*,#9937,.F.);
#9956=EDGE_LOOP('',(#9950,#9952,#9954,#9955));
#9957=FACE_OUTER_BOUND('',#9956,.F.);
#9958=ADVANCED_FACE('',(#9957),#9949,.T.);
#9959=CARTESIAN_POINT('',(-2.10058E1,1.158418231901E0,-9.73836E0));
#9960=DIRECTION('',(1.E0,0.E0,0.E0));
#9961=DIRECTION('',(0.E0,-1.E0,0.E0));
#9962=AXIS2_PLACEMENT_3D('',#9959,#9960,#9961);
#9963=PLANE('',#9962);
#9964=ORIENTED_EDGE('',*,*,#9327,.F.);
#9966=ORIENTED_EDGE('',*,*,#9965,.T.);
#9968=ORIENTED_EDGE('',*,*,#9967,.T.);
#9969=ORIENTED_EDGE('',*,*,#9951,.F.);
#9970=EDGE_LOOP('',(#9964,#9966,#9968,#9969));
#9971=FACE_OUTER_BOUND('',#9970,.F.);
#9972=ADVANCED_FACE('',(#9971),#9963,.T.);
#9973=CARTESIAN_POINT('',(-2.35204E1,0.E0,-9.73836E0));
#9974=DIRECTION('',(0.E0,0.E0,-1.E0));
#9975=DIRECTION('',(-1.E0,0.E0,0.E0));
#9976=AXIS2_PLACEMENT_3D('',#9973,#9974,#9975);
#9977=CYLINDRICAL_SURFACE('',#9976,2.7686E0);
#9978=ORIENTED_EDGE('',*,*,#9325,.F.);
#9980=ORIENTED_EDGE('',*,*,#9979,.T.);
#9982=ORIENTED_EDGE('',*,*,#9981,.T.);
#9983=ORIENTED_EDGE('',*,*,#9965,.F.);
#9984=EDGE_LOOP('',(#9978,#9980,#9982,#9983));
#9985=FACE_OUTER_BOUND('',#9984,.F.);
#9986=ADVANCED_FACE('',(#9985),#9977,.T.);
#9987=CARTESIAN_POINT('',(-2.326631961703E1,2.756916596307E0,-9.73836E0));
#9988=DIRECTION('',(5.E-1,8.660254037844E-1,0.E0));
#9989=DIRECTION('',(8.660254037844E-1,-5.E-1,0.E0));
#9990=AXIS2_PLACEMENT_3D('',#9987,#9988,#9989);
#9991=PLANE('',#9990);
#9992=ORIENTED_EDGE('',*,*,#9323,.F.);
#9994=ORIENTED_EDGE('',*,*,#9993,.T.);
#9996=ORIENTED_EDGE('',*,*,#9995,.T.);
#9997=ORIENTED_EDGE('',*,*,#9979,.F.);
#9998=EDGE_LOOP('',(#9992,#9994,#9996,#9997));
#9999=FACE_OUTER_BOUND('',#9998,.F.);
#10000=ADVANCED_FACE('',(#9999),#9991,.T.);
#10001=CARTESIAN_POINT('',(-2.35204E1,0.E0,-9.73836E0));
#10002=DIRECTION('',(0.E0,0.E0,-1.E0));
#10003=DIRECTION('',(-1.E0,0.E0,0.E0));
#10004=AXIS2_PLACEMENT_3D('',#10001,#10002,#10003);
#10005=CYLINDRICAL_SURFACE('',#10004,2.7686E0);
#10006=ORIENTED_EDGE('',*,*,#9321,.F.);
#10008=ORIENTED_EDGE('',*,*,#10007,.T.);
#10010=ORIENTED_EDGE('',*,*,#10009,.T.);
#10011=ORIENTED_EDGE('',*,*,#9993,.F.);
#10012=EDGE_LOOP('',(#10006,#10008,#10010,#10011));
#10013=FACE_OUTER_BOUND('',#10012,.F.);
#10014=ADVANCED_FACE('',(#10013),#10005,.T.);
#10015=CARTESIAN_POINT('',(-2.578091961703E1,1.598498364406E0,-9.73836E0));
#10016=DIRECTION('',(-5.E-1,8.660254037844E-1,0.E0));
#10017=DIRECTION('',(8.660254037844E-1,5.E-1,0.E0));
#10018=AXIS2_PLACEMENT_3D('',#10015,#10016,#10017);
#10019=PLANE('',#10018);
#10020=ORIENTED_EDGE('',*,*,#9319,.F.);
#10021=ORIENTED_EDGE('',*,*,#9870,.T.);
#10023=ORIENTED_EDGE('',*,*,#10022,.T.);
#10024=ORIENTED_EDGE('',*,*,#10007,.F.);
#10025=EDGE_LOOP('',(#10020,#10021,#10023,#10024));
#10026=FACE_OUTER_BOUND('',#10025,.F.);
#10027=ADVANCED_FACE('',(#10026),#10019,.T.);
#10028=CARTESIAN_POINT('',(-2.6543E1,0.E0,-1.062736E1));
#10029=DIRECTION('',(0.E0,0.E0,-1.E0));
#10030=DIRECTION('',(-1.E0,0.E0,0.E0));
#10031=AXIS2_PLACEMENT_3D('',#10028,#10029,#10030);
#10032=PLANE('',#10031);
#10033=ORIENTED_EDGE('',*,*,#9868,.F.);
#10034=ORIENTED_EDGE('',*,*,#9883,.F.);
#10035=ORIENTED_EDGE('',*,*,#9897,.F.);
#10036=ORIENTED_EDGE('',*,*,#9911,.F.);
#10037=ORIENTED_EDGE('',*,*,#9925,.F.);
#10038=ORIENTED_EDGE('',*,*,#9939,.F.);
#10039=ORIENTED_EDGE('',*,*,#9953,.F.);
#10040=ORIENTED_EDGE('',*,*,#9967,.F.);
#10041=ORIENTED_EDGE('',*,*,#9981,.F.);
#10042=ORIENTED_EDGE('',*,*,#9995,.F.);
#10043=ORIENTED_EDGE('',*,*,#10009,.F.);
#10044=ORIENTED_EDGE('',*,*,#10022,.F.);
#10045=EDGE_LOOP('',(#10033,#10034,#10035,#10036,#10037,#10038,#10039,#10040,
#10041,#10042,#10043,#10044));
#10046=FACE_OUTER_BOUND('',#10045,.F.);
#10048=ORIENTED_EDGE('',*,*,#10047,.F.);
#10050=ORIENTED_EDGE('',*,*,#10049,.F.);
#10051=EDGE_LOOP('',(#10048,#10050));
#10052=FACE_BOUND('',#10051,.F.);
#10053=ADVANCED_FACE('',(#10046,#10052),#10032,.T.);
#10054=CARTESIAN_POINT('',(-2.6543E1,0.E0,-1.062736E1));
#10055=DIRECTION('',(0.E0,0.E0,-1.E0));
#10056=DIRECTION('',(-1.E0,0.E0,0.E0));
#10057=AXIS2_PLACEMENT_3D('',#10054,#10055,#10056);
#10058=PLANE('',#10057);
#10060=ORIENTED_EDGE('',*,*,#10059,.F.);
#10062=ORIENTED_EDGE('',*,*,#10061,.F.);
#10064=ORIENTED_EDGE('',*,*,#10063,.F.);
#10066=ORIENTED_EDGE('',*,*,#10065,.F.);
#10068=ORIENTED_EDGE('',*,*,#10067,.F.);
#10070=ORIENTED_EDGE('',*,*,#10069,.F.);
#10072=ORIENTED_EDGE('',*,*,#10071,.F.);
#10074=ORIENTED_EDGE('',*,*,#10073,.F.);
#10076=ORIENTED_EDGE('',*,*,#10075,.F.);
#10078=ORIENTED_EDGE('',*,*,#10077,.F.);
#10080=ORIENTED_EDGE('',*,*,#10079,.F.);
#10082=ORIENTED_EDGE('',*,*,#10081,.F.);
#10083=EDGE_LOOP('',(#10060,#10062,#10064,#10066,#10068,#10070,#10072,#10074,
#10076,#10078,#10080,#10082));
#10084=FACE_OUTER_BOUND('',#10083,.F.);
#10086=ORIENTED_EDGE('',*,*,#10085,.F.);
#10088=ORIENTED_EDGE('',*,*,#10087,.F.);
#10089=EDGE_LOOP('',(#10086,#10088));
#10090=FACE_BOUND('',#10089,.F.);
#10091=ADVANCED_FACE('',(#10084,#10090),#10058,.T.);
#10092=CARTESIAN_POINT('',(-2.35204E1,0.E0,-9.73836E0));
#10093=DIRECTION('',(0.E0,0.E0,-1.E0));
#10094=DIRECTION('',(-1.E0,0.E0,0.E0));
#10095=AXIS2_PLACEMENT_3D('',#10092,#10093,#10094);
#10096=CYLINDRICAL_SURFACE('',#10095,1.4224E0);
#10097=ORIENTED_EDGE('',*,*,#9390,.T.);
#10099=ORIENTED_EDGE('',*,*,#10098,.T.);
#10100=ORIENTED_EDGE('',*,*,#10047,.T.);
#10102=ORIENTED_EDGE('',*,*,#10101,.F.);
#10103=EDGE_LOOP('',(#10097,#10099,#10100,#10102));
#10104=FACE_OUTER_BOUND('',#10103,.F.);
#10105=ADVANCED_FACE('',(#10104),#10096,.F.);
#10106=CARTESIAN_POINT('',(-2.35204E1,0.E0,-9.73836E0));
#10107=DIRECTION('',(0.E0,0.E0,-1.E0));
#10108=DIRECTION('',(-1.E0,0.E0,0.E0));
#10109=AXIS2_PLACEMENT_3D('',#10106,#10107,#10108);
#10110=CYLINDRICAL_SURFACE('',#10109,1.4224E0);
#10111=ORIENTED_EDGE('',*,*,#9392,.T.);
#10112=ORIENTED_EDGE('',*,*,#10101,.T.);
#10113=ORIENTED_EDGE('',*,*,#10049,.T.);
#10114=ORIENTED_EDGE('',*,*,#10098,.F.);
#10115=EDGE_LOOP('',(#10111,#10112,#10113,#10114));
#10116=FACE_OUTER_BOUND('',#10115,.F.);
#10117=ADVANCED_FACE('',(#10116),#10110,.F.);
#10118=CARTESIAN_POINT('',(2.35204E1,0.E0,-9.73836E0));
#10119=DIRECTION('',(0.E0,0.E0,-1.E0));
#10120=DIRECTION('',(-1.E0,0.E0,0.E0));
#10121=AXIS2_PLACEMENT_3D('',#10118,#10119,#10120);
#10122=CYLINDRICAL_SURFACE('',#10121,1.4224E0);
#10123=ORIENTED_EDGE('',*,*,#9402,.T.);
#10125=ORIENTED_EDGE('',*,*,#10124,.T.);
#10126=ORIENTED_EDGE('',*,*,#10085,.T.);
#10128=ORIENTED_EDGE('',*,*,#10127,.F.);
#10129=EDGE_LOOP('',(#10123,#10125,#10126,#10128));
#10130=FACE_OUTER_BOUND('',#10129,.F.);
#10131=ADVANCED_FACE('',(#10130),#10122,.F.);
#10132=CARTESIAN_POINT('',(2.35204E1,0.E0,-9.73836E0));
#10133=DIRECTION('',(0.E0,0.E0,-1.E0));
#10134=DIRECTION('',(-1.E0,0.E0,0.E0));
#10135=AXIS2_PLACEMENT_3D('',#10132,#10133,#10134);
#10136=CYLINDRICAL_SURFACE('',#10135,1.4224E0);
#10137=ORIENTED_EDGE('',*,*,#9404,.T.);
#10138=ORIENTED_EDGE('',*,*,#10127,.T.);
#10139=ORIENTED_EDGE('',*,*,#10087,.T.);
#10140=ORIENTED_EDGE('',*,*,#10124,.F.);
#10141=EDGE_LOOP('',(#10137,#10138,#10139,#10140));
#10142=FACE_OUTER_BOUND('',#10141,.F.);
#10143=ADVANCED_FACE('',(#10142),#10136,.F.);
#10144=CARTESIAN_POINT('',(2.6035E1,1.158418231901E0,-9.73836E0));
#10145=DIRECTION('',(1.E0,0.E0,0.E0));
#10146=DIRECTION('',(0.E0,-1.E0,0.E0));
#10147=AXIS2_PLACEMENT_3D('',#10144,#10145,#10146);
#10148=PLANE('',#10147);
#10149=ORIENTED_EDGE('',*,*,#9358,.F.);
#10151=ORIENTED_EDGE('',*,*,#10150,.T.);
#10152=ORIENTED_EDGE('',*,*,#10059,.T.);
#10154=ORIENTED_EDGE('',*,*,#10153,.F.);
#10155=EDGE_LOOP('',(#10149,#10151,#10152,#10154));
#10156=FACE_OUTER_BOUND('',#10155,.F.);
#10157=ADVANCED_FACE('',(#10156),#10148,.T.);
#10158=CARTESIAN_POINT('',(2.35204E1,0.E0,-9.73836E0));
#10159=DIRECTION('',(0.E0,0.E0,-1.E0));
#10160=DIRECTION('',(-1.E0,0.E0,0.E0));
#10161=AXIS2_PLACEMENT_3D('',#10158,#10159,#10160);
#10162=CYLINDRICAL_SURFACE('',#10161,2.7686E0);
#10163=ORIENTED_EDGE('',*,*,#9380,.F.);
#10165=ORIENTED_EDGE('',*,*,#10164,.T.);
#10166=ORIENTED_EDGE('',*,*,#10061,.T.);
#10167=ORIENTED_EDGE('',*,*,#10150,.F.);
#10168=EDGE_LOOP('',(#10163,#10165,#10166,#10167));
#10169=FACE_OUTER_BOUND('',#10168,.F.);
#10170=ADVANCED_FACE('',(#10169),#10162,.T.);
#10171=CARTESIAN_POINT('',(2.377448038297E1,2.756916596307E0,-9.73836E0));
#10172=DIRECTION('',(5.E-1,8.660254037844E-1,0.E0));
#10173=DIRECTION('',(8.660254037844E-1,-5.E-1,0.E0));
#10174=AXIS2_PLACEMENT_3D('',#10171,#10172,#10173);
#10175=PLANE('',#10174);
#10176=ORIENTED_EDGE('',*,*,#9378,.F.);
#10178=ORIENTED_EDGE('',*,*,#10177,.T.);
#10179=ORIENTED_EDGE('',*,*,#10063,.T.);
#10180=ORIENTED_EDGE('',*,*,#10164,.F.);
#10181=EDGE_LOOP('',(#10176,#10178,#10179,#10180));
#10182=FACE_OUTER_BOUND('',#10181,.F.);
#10183=ADVANCED_FACE('',(#10182),#10175,.T.);
#10184=CARTESIAN_POINT('',(2.35204E1,0.E0,-9.73836E0));
#10185=DIRECTION('',(0.E0,0.E0,-1.E0));
#10186=DIRECTION('',(-1.E0,0.E0,0.E0));
#10187=AXIS2_PLACEMENT_3D('',#10184,#10185,#10186);
#10188=CYLINDRICAL_SURFACE('',#10187,2.7686E0);
#10189=ORIENTED_EDGE('',*,*,#9376,.F.);
#10191=ORIENTED_EDGE('',*,*,#10190,.T.);
#10192=ORIENTED_EDGE('',*,*,#10065,.T.);
#10193=ORIENTED_EDGE('',*,*,#10177,.F.);
#10194=EDGE_LOOP('',(#10189,#10191,#10192,#10193));
#10195=FACE_OUTER_BOUND('',#10194,.F.);
#10196=ADVANCED_FACE('',(#10195),#10188,.T.);
#10197=CARTESIAN_POINT('',(2.125988038297E1,1.598498364406E0,-9.73836E0));
#10198=DIRECTION('',(-5.E-1,8.660254037844E-1,0.E0));
#10199=DIRECTION('',(8.660254037844E-1,5.E-1,0.E0));
#10200=AXIS2_PLACEMENT_3D('',#10197,#10198,#10199);
#10201=PLANE('',#10200);
#10202=ORIENTED_EDGE('',*,*,#9374,.F.);
#10204=ORIENTED_EDGE('',*,*,#10203,.T.);
#10205=ORIENTED_EDGE('',*,*,#10067,.T.);
#10206=ORIENTED_EDGE('',*,*,#10190,.F.);
#10207=EDGE_LOOP('',(#10202,#10204,#10205,#10206));
#10208=FACE_OUTER_BOUND('',#10207,.F.);
#10209=ADVANCED_FACE('',(#10208),#10201,.T.);
#10210=CARTESIAN_POINT('',(2.35204E1,0.E0,-9.73836E0));
#10211=DIRECTION('',(0.E0,0.E0,-1.E0));
#10212=DIRECTION('',(-1.E0,0.E0,0.E0));
#10213=AXIS2_PLACEMENT_3D('',#10210,#10211,#10212);
#10214=CYLINDRICAL_SURFACE('',#10213,2.7686E0);
#10215=ORIENTED_EDGE('',*,*,#9372,.F.);
#10217=ORIENTED_EDGE('',*,*,#10216,.T.);
#10218=ORIENTED_EDGE('',*,*,#10069,.T.);
#10219=ORIENTED_EDGE('',*,*,#10203,.F.);
#10220=EDGE_LOOP('',(#10215,#10217,#10218,#10219));
#10221=FACE_OUTER_BOUND('',#10220,.F.);
#10222=ADVANCED_FACE('',(#10221),#10214,.T.);
#10223=CARTESIAN_POINT('',(2.10058E1,-1.158418231901E0,-9.73836E0));
#10224=DIRECTION('',(-1.E0,0.E0,0.E0));
#10225=DIRECTION('',(0.E0,1.E0,0.E0));
#10226=AXIS2_PLACEMENT_3D('',#10223,#10224,#10225);
#10227=PLANE('',#10226);
#10228=ORIENTED_EDGE('',*,*,#9370,.F.);
#10230=ORIENTED_EDGE('',*,*,#10229,.T.);
#10231=ORIENTED_EDGE('',*,*,#10071,.T.);
#10232=ORIENTED_EDGE('',*,*,#10216,.F.);
#10233=EDGE_LOOP('',(#10228,#10230,#10231,#10232));
#10234=FACE_OUTER_BOUND('',#10233,.F.);
#10235=ADVANCED_FACE('',(#10234),#10227,.T.);
#10236=CARTESIAN_POINT('',(2.35204E1,0.E0,-9.73836E0));
#10237=DIRECTION('',(0.E0,0.E0,-1.E0));
#10238=DIRECTION('',(-1.E0,0.E0,0.E0));
#10239=AXIS2_PLACEMENT_3D('',#10236,#10237,#10238);
#10240=CYLINDRICAL_SURFACE('',#10239,2.7686E0);
#10241=ORIENTED_EDGE('',*,*,#9368,.F.);
#10243=ORIENTED_EDGE('',*,*,#10242,.T.);
#10244=ORIENTED_EDGE('',*,*,#10073,.T.);
#10245=ORIENTED_EDGE('',*,*,#10229,.F.);
#10246=EDGE_LOOP('',(#10241,#10243,#10244,#10245));
#10247=FACE_OUTER_BOUND('',#10246,.F.);
#10248=ADVANCED_FACE('',(#10247),#10240,.T.);
#10249=CARTESIAN_POINT('',(2.326631961703E1,-2.756916596307E0,-9.73836E0));
#10250=DIRECTION('',(-5.E-1,-8.660254037844E-1,0.E0));
#10251=DIRECTION('',(-8.660254037844E-1,5.E-1,0.E0));
#10252=AXIS2_PLACEMENT_3D('',#10249,#10250,#10251);
#10253=PLANE('',#10252);
#10254=ORIENTED_EDGE('',*,*,#9366,.F.);
#10256=ORIENTED_EDGE('',*,*,#10255,.T.);
#10257=ORIENTED_EDGE('',*,*,#10075,.T.);
#10258=ORIENTED_EDGE('',*,*,#10242,.F.);
#10259=EDGE_LOOP('',(#10254,#10256,#10257,#10258));
#10260=FACE_OUTER_BOUND('',#10259,.F.);
#10261=ADVANCED_FACE('',(#10260),#10253,.T.);
#10262=CARTESIAN_POINT('',(2.35204E1,0.E0,-9.73836E0));
#10263=DIRECTION('',(0.E0,0.E0,-1.E0));
#10264=DIRECTION('',(-1.E0,0.E0,0.E0));
#10265=AXIS2_PLACEMENT_3D('',#10262,#10263,#10264);
#10266=CYLINDRICAL_SURFACE('',#10265,2.7686E0);
#10267=ORIENTED_EDGE('',*,*,#9364,.F.);
#10269=ORIENTED_EDGE('',*,*,#10268,.T.);
#10270=ORIENTED_EDGE('',*,*,#10077,.T.);
#10271=ORIENTED_EDGE('',*,*,#10255,.F.);
#10272=EDGE_LOOP('',(#10267,#10269,#10270,#10271));
#10273=FACE_OUTER_BOUND('',#10272,.F.);
#10274=ADVANCED_FACE('',(#10273),#10266,.T.);
#10275=CARTESIAN_POINT('',(2.578091961703E1,-1.598498364406E0,-9.73836E0));
#10276=DIRECTION('',(5.E-1,-8.660254037844E-1,0.E0));
#10277=DIRECTION('',(-8.660254037844E-1,-5.E-1,0.E0));
#10278=AXIS2_PLACEMENT_3D('',#10275,#10276,#10277);
#10279=PLANE('',#10278);
#10280=ORIENTED_EDGE('',*,*,#9362,.F.);
#10282=ORIENTED_EDGE('',*,*,#10281,.T.);
#10283=ORIENTED_EDGE('',*,*,#10079,.T.);
#10284=ORIENTED_EDGE('',*,*,#10268,.F.);
#10285=EDGE_LOOP('',(#10280,#10282,#10283,#10284));
#10286=FACE_OUTER_BOUND('',#10285,.F.);
#10287=ADVANCED_FACE('',(#10286),#10279,.T.);
#10288=CARTESIAN_POINT('',(2.35204E1,0.E0,-9.73836E0));
#10289=DIRECTION('',(0.E0,0.E0,-1.E0));
#10290=DIRECTION('',(-1.E0,0.E0,0.E0));
#10291=AXIS2_PLACEMENT_3D('',#10288,#10289,#10290);
#10292=CYLINDRICAL_SURFACE('',#10291,2.7686E0);
#10293=ORIENTED_EDGE('',*,*,#9360,.F.);
#10294=ORIENTED_EDGE('',*,*,#10153,.T.);
#10295=ORIENTED_EDGE('',*,*,#10081,.T.);
#10296=ORIENTED_EDGE('',*,*,#10281,.F.);
#10297=EDGE_LOOP('',(#10293,#10294,#10295,#10296));
#10298=FACE_OUTER_BOUND('',#10297,.F.);
#10299=ADVANCED_FACE('',(#10298),#10292,.T.);
#10300=CARTESIAN_POINT('',(1.89738E1,-6.2738E0,-1.860296E1));
#10301=DIRECTION('',(1.E0,0.E0,0.E0));
#10302=DIRECTION('',(0.E0,0.E0,1.E0));
#10303=AXIS2_PLACEMENT_3D('',#10300,#10301,#10302);
#10304=PLANE('',#10303);
#10305=ORIENTED_EDGE('',*,*,#8817,.T.);
#10306=ORIENTED_EDGE('',*,*,#9095,.T.);
#10307=ORIENTED_EDGE('',*,*,#9054,.F.);
#10308=ORIENTED_EDGE('',*,*,#8890,.T.);
#10310=ORIENTED_EDGE('',*,*,#10309,.F.);
#10311=ORIENTED_EDGE('',*,*,#8745,.F.);
#10312=EDGE_LOOP('',(#10305,#10306,#10307,#10308,#10310,#10311));
#10313=FACE_OUTER_BOUND('',#10312,.F.);
#10314=ADVANCED_FACE('',(#10313),#10304,.F.);
#10315=CARTESIAN_POINT('',(1.89738E1,-6.2738E0,-6.30936E0));
#10316=DIRECTION('',(0.E0,0.E0,1.E0));
#10317=DIRECTION('',(-1.E0,0.E0,0.E0));
#10318=AXIS2_PLACEMENT_3D('',#10315,#10316,#10317);
#10319=PLANE('',#10318);
#10320=ORIENTED_EDGE('',*,*,#8747,.F.);
#10321=ORIENTED_EDGE('',*,*,#10309,.T.);
#10322=ORIENTED_EDGE('',*,*,#8888,.T.);
#10323=ORIENTED_EDGE('',*,*,#8875,.F.);
#10324=EDGE_LOOP('',(#10320,#10321,#10322,#10323));
#10325=FACE_OUTER_BOUND('',#10324,.F.);
#10326=ADVANCED_FACE('',(#10325),#10319,.F.);
#10327=CARTESIAN_POINT('',(-2.35204E1,-2.40538E0,-1.54178E1));
#10328=DIRECTION('',(0.E0,-1.E0,0.E0));
#10329=DIRECTION('',(0.E0,0.E0,1.E0));
#10330=AXIS2_PLACEMENT_3D('',#10327,#10328,#10329);
#10331=CYLINDRICAL_SURFACE('',#10330,2.667E0);
#10332=ORIENTED_EDGE('',*,*,#9083,.T.);
#10334=ORIENTED_EDGE('',*,*,#10333,.F.);
#10336=ORIENTED_EDGE('',*,*,#10335,.F.);
#10338=ORIENTED_EDGE('',*,*,#10337,.T.);
#10339=EDGE_LOOP('',(#10332,#10334,#10336,#10338));
#10340=FACE_OUTER_BOUND('',#10339,.F.);
#10341=ADVANCED_FACE('',(#10340),#10331,.T.);
#10342=CARTESIAN_POINT('',(-2.35204E1,-2.40538E0,-1.54178E1));
#10343=DIRECTION('',(0.E0,-1.E0,0.E0));
#10344=DIRECTION('',(0.E0,0.E0,1.E0));
#10345=AXIS2_PLACEMENT_3D('',#10342,#10343,#10344);
#10346=CYLINDRICAL_SURFACE('',#10345,2.667E0);
#10347=ORIENTED_EDGE('',*,*,#9085,.T.);
#10348=ORIENTED_EDGE('',*,*,#10337,.F.);
#10350=ORIENTED_EDGE('',*,*,#10349,.T.);
#10351=ORIENTED_EDGE('',*,*,#10333,.T.);
#10352=EDGE_LOOP('',(#10347,#10348,#10350,#10351));
#10353=FACE_OUTER_BOUND('',#10352,.F.);
#10354=ADVANCED_FACE('',(#10353),#10346,.T.);
#10355=CARTESIAN_POINT('',(-2.35204E1,-3.13436E0,-1.54178E1));
#10356=DIRECTION('',(0.E0,-1.E0,0.E0));
#10357=DIRECTION('',(0.E0,0.E0,1.E0));
#10358=AXIS2_PLACEMENT_3D('',#10355,#10356,#10357);
#10359=TOROIDAL_SURFACE('',#10358,2.1082E0,5.588E-1);
#10361=ORIENTED_EDGE('',*,*,#10360,.T.);
#10363=ORIENTED_EDGE('',*,*,#10362,.T.);
#10365=ORIENTED_EDGE('',*,*,#10364,.T.);
#10366=ORIENTED_EDGE('',*,*,#10349,.F.);
#10368=ORIENTED_EDGE('',*,*,#10367,.F.);
#10370=ORIENTED_EDGE('',*,*,#10369,.T.);
#10372=ORIENTED_EDGE('',*,*,#10371,.T.);
#10374=ORIENTED_EDGE('',*,*,#10373,.T.);
#10375=EDGE_LOOP('',(#10361,#10363,#10365,#10366,#10368,#10370,#10372,#10374));
#10376=FACE_OUTER_BOUND('',#10375,.F.);
#10377=ADVANCED_FACE('',(#10376),#10359,.T.);
#10378=CARTESIAN_POINT('',(-2.28219E1,-2.57556E0,-1.61163E1));
#10379=DIRECTION('',(0.E0,1.E0,0.E0));
#10380=DIRECTION('',(0.E0,0.E0,1.E0));
#10381=AXIS2_PLACEMENT_3D('',#10378,#10379,#10380);
#10382=CYLINDRICAL_SURFACE('',#10381,6.35E-1);
#10383=ORIENTED_EDGE('',*,*,#9119,.F.);
#10385=ORIENTED_EDGE('',*,*,#10384,.F.);
#10387=ORIENTED_EDGE('',*,*,#10386,.T.);
#10389=ORIENTED_EDGE('',*,*,#10388,.T.);
#10390=ORIENTED_EDGE('',*,*,#9135,.F.);
#10392=ORIENTED_EDGE('',*,*,#10391,.F.);
#10393=ORIENTED_EDGE('',*,*,#10360,.F.);
#10395=ORIENTED_EDGE('',*,*,#10394,.T.);
#10396=EDGE_LOOP('',(#10383,#10385,#10387,#10389,#10390,#10392,#10393,#10395));
#10397=FACE_OUTER_BOUND('',#10396,.F.);
#10398=ADVANCED_FACE('',(#10397),#10382,.T.);
#10399=CARTESIAN_POINT('',(-2.21869E1,-2.57556E0,-1.47193E1));
#10400=DIRECTION('',(1.E0,0.E0,0.E0));
#10401=DIRECTION('',(0.E0,0.E0,-1.E0));
#10402=AXIS2_PLACEMENT_3D('',#10399,#10400,#10401);
#10403=PLANE('',#10402);
#10404=ORIENTED_EDGE('',*,*,#9125,.F.);
#10406=ORIENTED_EDGE('',*,*,#10405,.F.);
#10408=ORIENTED_EDGE('',*,*,#10407,.T.);
#10409=ORIENTED_EDGE('',*,*,#10384,.T.);
#10410=EDGE_LOOP('',(#10404,#10406,#10408,#10409));
#10411=FACE_OUTER_BOUND('',#10410,.F.);
#10412=ADVANCED_FACE('',(#10411),#10403,.T.);
#10413=CARTESIAN_POINT('',(-2.28219E1,-2.57556E0,-1.47193E1));
#10414=DIRECTION('',(0.E0,1.E0,0.E0));
#10415=DIRECTION('',(0.E0,0.E0,1.E0));
#10416=AXIS2_PLACEMENT_3D('',#10413,#10414,#10415);
#10417=CYLINDRICAL_SURFACE('',#10416,6.35E-1);
#10418=ORIENTED_EDGE('',*,*,#9171,.F.);
#10420=ORIENTED_EDGE('',*,*,#10419,.F.);
#10422=ORIENTED_EDGE('',*,*,#10421,.T.);
#10423=ORIENTED_EDGE('',*,*,#10405,.T.);
#10424=ORIENTED_EDGE('',*,*,#9123,.F.);
#10426=ORIENTED_EDGE('',*,*,#10425,.F.);
#10427=ORIENTED_EDGE('',*,*,#10371,.F.);
#10429=ORIENTED_EDGE('',*,*,#10428,.T.);
#10430=EDGE_LOOP('',(#10418,#10420,#10422,#10423,#10424,#10426,#10427,#10429));
#10431=FACE_OUTER_BOUND('',#10430,.F.);
#10432=ADVANCED_FACE('',(#10431),#10417,.T.);
#10433=CARTESIAN_POINT('',(-2.42189E1,-2.57556E0,-1.40843E1));
#10434=DIRECTION('',(0.E0,0.E0,1.E0));
#10435=DIRECTION('',(1.E0,0.E0,0.E0));
#10436=AXIS2_PLACEMENT_3D('',#10433,#10434,#10435);
#10437=PLANE('',#10436);
#10438=ORIENTED_EDGE('',*,*,#9169,.F.);
#10440=ORIENTED_EDGE('',*,*,#10439,.F.);
#10442=ORIENTED_EDGE('',*,*,#10441,.T.);
#10443=ORIENTED_EDGE('',*,*,#10419,.T.);
#10444=EDGE_LOOP('',(#10438,#10440,#10442,#10443));
#10445=FACE_OUTER_BOUND('',#10444,.F.);
#10446=ADVANCED_FACE('',(#10445),#10437,.T.);
#10447=CARTESIAN_POINT('',(-2.42189E1,-2.57556E0,-1.47193E1));
#10448=DIRECTION('',(0.E0,1.E0,0.E0));
#10449=DIRECTION('',(0.E0,0.E0,1.E0));
#10450=AXIS2_PLACEMENT_3D('',#10447,#10448,#10449);
#10451=CYLINDRICAL_SURFACE('',#10450,6.35E-1);
#10452=ORIENTED_EDGE('',*,*,#9155,.F.);
#10454=ORIENTED_EDGE('',*,*,#10453,.F.);
#10456=ORIENTED_EDGE('',*,*,#10455,.T.);
#10457=ORIENTED_EDGE('',*,*,#10439,.T.);
#10458=ORIENTED_EDGE('',*,*,#9167,.F.);
#10460=ORIENTED_EDGE('',*,*,#10459,.F.);
#10462=ORIENTED_EDGE('',*,*,#10461,.F.);
#10464=ORIENTED_EDGE('',*,*,#10463,.T.);
#10465=EDGE_LOOP('',(#10452,#10454,#10456,#10457,#10458,#10460,#10462,#10464));
#10466=FACE_OUTER_BOUND('',#10465,.F.);
#10467=ADVANCED_FACE('',(#10466),#10451,.T.);
#10468=CARTESIAN_POINT('',(-2.48539E1,-2.57556E0,-1.61163E1));
#10469=DIRECTION('',(-1.E0,0.E0,0.E0));
#10470=DIRECTION('',(0.E0,0.E0,1.E0));
#10471=AXIS2_PLACEMENT_3D('',#10468,#10469,#10470);
#10472=PLANE('',#10471);
#10473=ORIENTED_EDGE('',*,*,#9153,.F.);
#10475=ORIENTED_EDGE('',*,*,#10474,.F.);
#10477=ORIENTED_EDGE('',*,*,#10476,.T.);
#10478=ORIENTED_EDGE('',*,*,#10453,.T.);
#10479=EDGE_LOOP('',(#10473,#10475,#10477,#10478));
#10480=FACE_OUTER_BOUND('',#10479,.F.);
#10481=ADVANCED_FACE('',(#10480),#10472,.T.);
#10482=CARTESIAN_POINT('',(-2.42189E1,-2.57556E0,-1.61163E1));
#10483=DIRECTION('',(0.E0,1.E0,0.E0));
#10484=DIRECTION('',(0.E0,0.E0,1.E0));
#10485=AXIS2_PLACEMENT_3D('',#10482,#10483,#10484);
#10486=CYLINDRICAL_SURFACE('',#10485,6.35E-1);
#10487=ORIENTED_EDGE('',*,*,#9139,.F.);
#10489=ORIENTED_EDGE('',*,*,#10488,.F.);
#10491=ORIENTED_EDGE('',*,*,#10490,.T.);
#10492=ORIENTED_EDGE('',*,*,#10474,.T.);
#10493=ORIENTED_EDGE('',*,*,#9151,.F.);
#10495=ORIENTED_EDGE('',*,*,#10494,.F.);
#10497=ORIENTED_EDGE('',*,*,#10496,.F.);
#10499=ORIENTED_EDGE('',*,*,#10498,.T.);
#10500=EDGE_LOOP('',(#10487,#10489,#10491,#10492,#10493,#10495,#10497,#10499));
#10501=FACE_OUTER_BOUND('',#10500,.F.);
#10502=ADVANCED_FACE('',(#10501),#10486,.T.);
#10503=CARTESIAN_POINT('',(-2.28219E1,-2.57556E0,-1.67513E1));
#10504=DIRECTION('',(0.E0,0.E0,-1.E0));
#10505=DIRECTION('',(-1.E0,0.E0,0.E0));
#10506=AXIS2_PLACEMENT_3D('',#10503,#10504,#10505);
#10507=PLANE('',#10506);
#10509=ORIENTED_EDGE('',*,*,#10508,.F.);
#10511=ORIENTED_EDGE('',*,*,#10510,.T.);
#10512=ORIENTED_EDGE('',*,*,#10488,.T.);
#10513=ORIENTED_EDGE('',*,*,#9137,.F.);
#10514=ORIENTED_EDGE('',*,*,#10388,.F.);
#10516=ORIENTED_EDGE('',*,*,#10515,.T.);
#10517=EDGE_LOOP('',(#10509,#10511,#10512,#10513,#10514,#10516));
#10518=FACE_OUTER_BOUND('',#10517,.F.);
#10519=ADVANCED_FACE('',(#10518),#10507,.T.);
#10520=CARTESIAN_POINT('',(-2.40284E1,-2.57556E0,-1.70561E1));
#10521=DIRECTION('',(1.E0,0.E0,0.E0));
#10522=DIRECTION('',(0.E0,0.E0,-1.E0));
#10523=AXIS2_PLACEMENT_3D('',#10520,#10521,#10522);
#10524=CYLINDRICAL_SURFACE('',#10523,3.048E-1);
#10525=ORIENTED_EDGE('',*,*,#10508,.T.);
#10527=ORIENTED_EDGE('',*,*,#10526,.T.);
#10529=ORIENTED_EDGE('',*,*,#10528,.F.);
#10531=ORIENTED_EDGE('',*,*,#10530,.F.);
#10532=EDGE_LOOP('',(#10525,#10527,#10529,#10531));
#10533=FACE_OUTER_BOUND('',#10532,.F.);
#10534=ADVANCED_FACE('',(#10533),#10524,.F.);
#10535=CARTESIAN_POINT('',(-2.30124E1,0.E0,-1.54178E1));
#10536=DIRECTION('',(1.E0,0.E0,0.E0));
#10537=DIRECTION('',(0.E0,0.E0,-1.E0));
#10538=AXIS2_PLACEMENT_3D('',#10535,#10536,#10537);
#10539=PLANE('',#10538);
#10541=ORIENTED_EDGE('',*,*,#10540,.T.);
#10543=ORIENTED_EDGE('',*,*,#10542,.F.);
#10545=ORIENTED_EDGE('',*,*,#10544,.F.);
#10547=ORIENTED_EDGE('',*,*,#10546,.F.);
#10549=ORIENTED_EDGE('',*,*,#10548,.F.);
#10550=ORIENTED_EDGE('',*,*,#10526,.F.);
#10551=EDGE_LOOP('',(#10541,#10543,#10545,#10547,#10549,#10550));
#10552=FACE_OUTER_BOUND('',#10551,.F.);
#10553=ADVANCED_FACE('',(#10552),#10539,.T.);
#10554=CARTESIAN_POINT('',(-2.6543E1,-2.57556E0,0.E0));
#10555=DIRECTION('',(0.E0,1.E0,0.E0));
#10556=DIRECTION('',(0.E0,0.E0,1.E0));
#10557=AXIS2_PLACEMENT_3D('',#10554,#10555,#10556);
#10558=PLANE('',#10557);
#10560=ORIENTED_EDGE('',*,*,#10559,.T.);
#10562=ORIENTED_EDGE('',*,*,#10561,.F.);
#10564=ORIENTED_EDGE('',*,*,#10563,.F.);
#10566=ORIENTED_EDGE('',*,*,#10565,.F.);
#10568=ORIENTED_EDGE('',*,*,#10567,.F.);
#10570=ORIENTED_EDGE('',*,*,#10569,.F.);
#10572=ORIENTED_EDGE('',*,*,#10571,.F.);
#10574=ORIENTED_EDGE('',*,*,#10573,.F.);
#10576=ORIENTED_EDGE('',*,*,#10575,.F.);
#10578=ORIENTED_EDGE('',*,*,#10577,.F.);
#10579=ORIENTED_EDGE('',*,*,#10540,.F.);
#10580=ORIENTED_EDGE('',*,*,#10515,.F.);
#10581=ORIENTED_EDGE('',*,*,#10386,.F.);
#10582=ORIENTED_EDGE('',*,*,#10407,.F.);
#10583=ORIENTED_EDGE('',*,*,#10421,.F.);
#10584=ORIENTED_EDGE('',*,*,#10441,.F.);
#10585=ORIENTED_EDGE('',*,*,#10455,.F.);
#10586=ORIENTED_EDGE('',*,*,#10476,.F.);
#10587=ORIENTED_EDGE('',*,*,#10490,.F.);
#10588=ORIENTED_EDGE('',*,*,#10510,.F.);
#10589=EDGE_LOOP('',(#10560,#10562,#10564,#10566,#10568,#10570,#10572,#10574,
#10576,#10578,#10579,#10580,#10581,#10582,#10583,#10584,#10585,#10586,#10587,
#10588));
#10590=FACE_OUTER_BOUND('',#10589,.F.);
#10591=ADVANCED_FACE('',(#10590),#10558,.T.);
#10592=CARTESIAN_POINT('',(-2.6543E1,-2.57556E0,0.E0));
#10593=DIRECTION('',(0.E0,1.E0,0.E0));
#10594=DIRECTION('',(0.E0,0.E0,1.E0));
#10595=AXIS2_PLACEMENT_3D('',#10592,#10593,#10594);
#10596=PLANE('',#10595);
#10598=ORIENTED_EDGE('',*,*,#10597,.T.);
#10600=ORIENTED_EDGE('',*,*,#10599,.F.);
#10602=ORIENTED_EDGE('',*,*,#10601,.F.);
#10604=ORIENTED_EDGE('',*,*,#10603,.F.);
#10606=ORIENTED_EDGE('',*,*,#10605,.F.);
#10608=ORIENTED_EDGE('',*,*,#10607,.F.);
#10610=ORIENTED_EDGE('',*,*,#10609,.F.);
#10612=ORIENTED_EDGE('',*,*,#10611,.F.);
#10614=ORIENTED_EDGE('',*,*,#10613,.F.);
#10616=ORIENTED_EDGE('',*,*,#10615,.F.);
#10618=ORIENTED_EDGE('',*,*,#10617,.F.);
#10620=ORIENTED_EDGE('',*,*,#10619,.F.);
#10622=ORIENTED_EDGE('',*,*,#10621,.F.);
#10624=ORIENTED_EDGE('',*,*,#10623,.F.);
#10626=ORIENTED_EDGE('',*,*,#10625,.F.);
#10628=ORIENTED_EDGE('',*,*,#10627,.F.);
#10630=ORIENTED_EDGE('',*,*,#10629,.F.);
#10632=ORIENTED_EDGE('',*,*,#10631,.F.);
#10634=ORIENTED_EDGE('',*,*,#10633,.F.);
#10636=ORIENTED_EDGE('',*,*,#10635,.F.);
#10637=EDGE_LOOP('',(#10598,#10600,#10602,#10604,#10606,#10608,#10610,#10612,
#10614,#10616,#10618,#10620,#10622,#10624,#10626,#10628,#10630,#10632,#10634,
#10636));
#10638=FACE_OUTER_BOUND('',#10637,.F.);
#10639=ADVANCED_FACE('',(#10638),#10596,.T.);
#10640=CARTESIAN_POINT('',(-2.40284E1,0.E0,-1.54178E1));
#10641=DIRECTION('',(1.E0,0.E0,0.E0));
#10642=DIRECTION('',(0.E0,0.E0,-1.E0));
#10643=AXIS2_PLACEMENT_3D('',#10640,#10641,#10642);
#10644=PLANE('',#10643);
#10645=ORIENTED_EDGE('',*,*,#10559,.F.);
#10646=ORIENTED_EDGE('',*,*,#10530,.T.);
#10648=ORIENTED_EDGE('',*,*,#10647,.T.);
#10650=ORIENTED_EDGE('',*,*,#10649,.T.);
#10652=ORIENTED_EDGE('',*,*,#10651,.T.);
#10654=ORIENTED_EDGE('',*,*,#10653,.T.);
#10655=EDGE_LOOP('',(#10645,#10646,#10648,#10650,#10652,#10654));
#10656=FACE_OUTER_BOUND('',#10655,.F.);
#10657=ADVANCED_FACE('',(#10656),#10644,.F.);
#10658=CARTESIAN_POINT('',(-2.40284E1,-2.27076E0,-1.70561E1));
#10659=DIRECTION('',(0.E0,-1.E0,0.E0));
#10660=DIRECTION('',(0.E0,0.E0,-1.E0));
#10661=AXIS2_PLACEMENT_3D('',#10658,#10659,#10660);
#10662=PLANE('',#10661);
#10663=ORIENTED_EDGE('',*,*,#10647,.F.);
#10664=ORIENTED_EDGE('',*,*,#10528,.T.);
#10665=ORIENTED_EDGE('',*,*,#10548,.T.);
#10667=ORIENTED_EDGE('',*,*,#10666,.F.);
#10668=EDGE_LOOP('',(#10663,#10664,#10665,#10667));
#10669=FACE_OUTER_BOUND('',#10668,.F.);
#10670=ADVANCED_FACE('',(#10669),#10662,.T.);
#10671=CARTESIAN_POINT('',(-2.40284E1,-2.27076E0,-1.711706E1));
#10672=DIRECTION('',(0.E0,0.E0,-1.E0));
#10673=DIRECTION('',(0.E0,1.E0,0.E0));
#10674=AXIS2_PLACEMENT_3D('',#10671,#10672,#10673);
#10675=PLANE('',#10674);
#10676=ORIENTED_EDGE('',*,*,#10649,.F.);
#10677=ORIENTED_EDGE('',*,*,#10666,.T.);
#10678=ORIENTED_EDGE('',*,*,#10546,.T.);
#10680=ORIENTED_EDGE('',*,*,#10679,.F.);
#10681=EDGE_LOOP('',(#10676,#10677,#10678,#10680));
#10682=FACE_OUTER_BOUND('',#10681,.F.);
#10683=ADVANCED_FACE('',(#10682),#10675,.T.);
#10684=CARTESIAN_POINT('',(-2.40284E1,-1.95072E0,-1.711706E1));
#10685=DIRECTION('',(0.E0,1.E0,0.E0));
#10686=DIRECTION('',(0.E0,0.E0,1.E0));
#10687=AXIS2_PLACEMENT_3D('',#10684,#10685,#10686);
#10688=PLANE('',#10687);
#10689=ORIENTED_EDGE('',*,*,#10651,.F.);
#10690=ORIENTED_EDGE('',*,*,#10679,.T.);
#10691=ORIENTED_EDGE('',*,*,#10544,.T.);
#10693=ORIENTED_EDGE('',*,*,#10692,.F.);
#10694=EDGE_LOOP('',(#10689,#10690,#10691,#10693));
#10695=FACE_OUTER_BOUND('',#10694,.F.);
#10696=ADVANCED_FACE('',(#10695),#10688,.T.);
#10697=CARTESIAN_POINT('',(-2.40284E1,-2.57556E0,-1.70561E1));
#10698=DIRECTION('',(1.E0,0.E0,0.E0));
#10699=DIRECTION('',(0.E0,0.E0,-1.E0));
#10700=AXIS2_PLACEMENT_3D('',#10697,#10698,#10699);
#10701=CYLINDRICAL_SURFACE('',#10700,6.2484E-1);
#10703=ORIENTED_EDGE('',*,*,#10702,.F.);
#10704=ORIENTED_EDGE('',*,*,#10653,.F.);
#10705=ORIENTED_EDGE('',*,*,#10692,.T.);
#10706=ORIENTED_EDGE('',*,*,#10542,.T.);
#10707=EDGE_LOOP('',(#10703,#10704,#10705,#10706));
#10708=FACE_OUTER_BOUND('',#10707,.F.);
#10709=ADVANCED_FACE('',(#10708),#10701,.T.);
#10710=CARTESIAN_POINT('',(-2.42189E1,-2.57556E0,-1.643126E1));
#10711=DIRECTION('',(0.E0,0.E0,1.E0));
#10712=DIRECTION('',(1.E0,0.E0,0.E0));
#10713=AXIS2_PLACEMENT_3D('',#10710,#10711,#10712);
#10714=PLANE('',#10713);
#10715=ORIENTED_EDGE('',*,*,#10702,.T.);
#10716=ORIENTED_EDGE('',*,*,#10577,.T.);
#10718=ORIENTED_EDGE('',*,*,#10717,.T.);
#10719=ORIENTED_EDGE('',*,*,#9195,.F.);
#10721=ORIENTED_EDGE('',*,*,#10720,.F.);
#10722=ORIENTED_EDGE('',*,*,#10561,.T.);
#10723=EDGE_LOOP('',(#10715,#10716,#10718,#10719,#10721,#10722));
#10724=FACE_OUTER_BOUND('',#10723,.F.);
#10725=ADVANCED_FACE('',(#10724),#10714,.T.);
#10726=CARTESIAN_POINT('',(-2.28219E1,-2.57556E0,-1.61163E1));
#10727=DIRECTION('',(0.E0,1.E0,0.E0));
#10728=DIRECTION('',(0.E0,0.E0,1.E0));
#10729=AXIS2_PLACEMENT_3D('',#10726,#10727,#10728);
#10730=CYLINDRICAL_SURFACE('',#10729,3.1496E-1);
#10731=ORIENTED_EDGE('',*,*,#9197,.T.);
#10732=ORIENTED_EDGE('',*,*,#10717,.F.);
#10733=ORIENTED_EDGE('',*,*,#10575,.T.);
#10735=ORIENTED_EDGE('',*,*,#10734,.T.);
#10736=EDGE_LOOP('',(#10731,#10732,#10733,#10735));
#10737=FACE_OUTER_BOUND('',#10736,.F.);
#10738=ADVANCED_FACE('',(#10737),#10730,.F.);
#10739=CARTESIAN_POINT('',(-2.250694E1,-2.57556E0,-1.61163E1));
#10740=DIRECTION('',(-1.E0,0.E0,0.E0));
#10741=DIRECTION('',(0.E0,0.E0,1.E0));
#10742=AXIS2_PLACEMENT_3D('',#10739,#10740,#10741);
#10743=PLANE('',#10742);
#10744=ORIENTED_EDGE('',*,*,#9183,.F.);
#10745=ORIENTED_EDGE('',*,*,#10734,.F.);
#10746=ORIENTED_EDGE('',*,*,#10573,.T.);
#10748=ORIENTED_EDGE('',*,*,#10747,.T.);
#10749=EDGE_LOOP('',(#10744,#10745,#10746,#10748));
#10750=FACE_OUTER_BOUND('',#10749,.F.);
#10751=ADVANCED_FACE('',(#10750),#10743,.T.);
#10752=CARTESIAN_POINT('',(-2.28219E1,-2.57556E0,-1.47193E1));
#10753=DIRECTION('',(0.E0,1.E0,0.E0));
#10754=DIRECTION('',(0.E0,0.E0,1.E0));
#10755=AXIS2_PLACEMENT_3D('',#10752,#10753,#10754);
#10756=CYLINDRICAL_SURFACE('',#10755,3.1496E-1);
#10757=ORIENTED_EDGE('',*,*,#9185,.T.);
#10758=ORIENTED_EDGE('',*,*,#10747,.F.);
#10759=ORIENTED_EDGE('',*,*,#10571,.T.);
#10761=ORIENTED_EDGE('',*,*,#10760,.T.);
#10762=EDGE_LOOP('',(#10757,#10758,#10759,#10761));
#10763=FACE_OUTER_BOUND('',#10762,.F.);
#10764=ADVANCED_FACE('',(#10763),#10756,.F.);
#10765=CARTESIAN_POINT('',(-2.28219E1,-2.57556E0,-1.440434E1));
#10766=DIRECTION('',(0.E0,0.E0,-1.E0));
#10767=DIRECTION('',(-1.E0,0.E0,0.E0));
#10768=AXIS2_PLACEMENT_3D('',#10765,#10766,#10767);
#10769=PLANE('',#10768);
#10770=ORIENTED_EDGE('',*,*,#9187,.F.);
#10771=ORIENTED_EDGE('',*,*,#10760,.F.);
#10772=ORIENTED_EDGE('',*,*,#10569,.T.);
#10774=ORIENTED_EDGE('',*,*,#10773,.T.);
#10775=EDGE_LOOP('',(#10770,#10771,#10772,#10774));
#10776=FACE_OUTER_BOUND('',#10775,.F.);
#10777=ADVANCED_FACE('',(#10776),#10769,.T.);
#10778=CARTESIAN_POINT('',(-2.42189E1,-2.57556E0,-1.47193E1));
#10779=DIRECTION('',(0.E0,1.E0,0.E0));
#10780=DIRECTION('',(0.E0,0.E0,1.E0));
#10781=AXIS2_PLACEMENT_3D('',#10778,#10779,#10780);
#10782=CYLINDRICAL_SURFACE('',#10781,3.1496E-1);
#10783=ORIENTED_EDGE('',*,*,#9189,.T.);
#10784=ORIENTED_EDGE('',*,*,#10773,.F.);
#10785=ORIENTED_EDGE('',*,*,#10567,.T.);
#10787=ORIENTED_EDGE('',*,*,#10786,.T.);
#10788=EDGE_LOOP('',(#10783,#10784,#10785,#10787));
#10789=FACE_OUTER_BOUND('',#10788,.F.);
#10790=ADVANCED_FACE('',(#10789),#10782,.F.);
#10791=CARTESIAN_POINT('',(-2.453386E1,-2.57556E0,-1.47193E1));
#10792=DIRECTION('',(1.E0,0.E0,0.E0));
#10793=DIRECTION('',(0.E0,0.E0,-1.E0));
#10794=AXIS2_PLACEMENT_3D('',#10791,#10792,#10793);
#10795=PLANE('',#10794);
#10796=ORIENTED_EDGE('',*,*,#9191,.F.);
#10797=ORIENTED_EDGE('',*,*,#10786,.F.);
#10798=ORIENTED_EDGE('',*,*,#10565,.T.);
#10800=ORIENTED_EDGE('',*,*,#10799,.T.);
#10801=EDGE_LOOP('',(#10796,#10797,#10798,#10800));
#10802=FACE_OUTER_BOUND('',#10801,.F.);
#10803=ADVANCED_FACE('',(#10802),#10795,.T.);
#10804=CARTESIAN_POINT('',(-2.42189E1,-2.57556E0,-1.61163E1));
#10805=DIRECTION('',(0.E0,1.E0,0.E0));
#10806=DIRECTION('',(0.E0,0.E0,1.E0));
#10807=AXIS2_PLACEMENT_3D('',#10804,#10805,#10806);
#10808=CYLINDRICAL_SURFACE('',#10807,3.1496E-1);
#10809=ORIENTED_EDGE('',*,*,#9193,.T.);
#10810=ORIENTED_EDGE('',*,*,#10799,.F.);
#10811=ORIENTED_EDGE('',*,*,#10563,.T.);
#10812=ORIENTED_EDGE('',*,*,#10720,.T.);
#10813=EDGE_LOOP('',(#10809,#10810,#10811,#10812));
#10814=FACE_OUTER_BOUND('',#10813,.F.);
#10815=ADVANCED_FACE('',(#10814),#10808,.F.);
#10816=CARTESIAN_POINT('',(2.30124E1,0.E0,-1.54178E1));
#10817=DIRECTION('',(1.E0,0.E0,0.E0));
#10818=DIRECTION('',(0.E0,0.E0,-1.E0));
#10819=AXIS2_PLACEMENT_3D('',#10816,#10817,#10818);
#10820=PLANE('',#10819);
#10821=ORIENTED_EDGE('',*,*,#10597,.F.);
#10823=ORIENTED_EDGE('',*,*,#10822,.T.);
#10825=ORIENTED_EDGE('',*,*,#10824,.T.);
#10827=ORIENTED_EDGE('',*,*,#10826,.T.);
#10829=ORIENTED_EDGE('',*,*,#10828,.T.);
#10831=ORIENTED_EDGE('',*,*,#10830,.T.);
#10832=EDGE_LOOP('',(#10821,#10823,#10825,#10827,#10829,#10831));
#10833=FACE_OUTER_BOUND('',#10832,.F.);
#10834=ADVANCED_FACE('',(#10833),#10820,.F.);
#10835=CARTESIAN_POINT('',(2.30124E1,-2.57556E0,-1.70561E1));
#10836=DIRECTION('',(1.E0,0.E0,0.E0));
#10837=DIRECTION('',(0.E0,0.E0,-1.E0));
#10838=AXIS2_PLACEMENT_3D('',#10835,#10836,#10837);
#10839=CYLINDRICAL_SURFACE('',#10838,3.048E-1);
#10841=ORIENTED_EDGE('',*,*,#10840,.T.);
#10843=ORIENTED_EDGE('',*,*,#10842,.T.);
#10845=ORIENTED_EDGE('',*,*,#10844,.F.);
#10846=ORIENTED_EDGE('',*,*,#10822,.F.);
#10847=EDGE_LOOP('',(#10841,#10843,#10845,#10846));
#10848=FACE_OUTER_BOUND('',#10847,.F.);
#10849=ADVANCED_FACE('',(#10848),#10839,.F.);
#10850=CARTESIAN_POINT('',(2.42189E1,-2.57556E0,-1.67513E1));
#10851=DIRECTION('',(0.E0,0.E0,-1.E0));
#10852=DIRECTION('',(-1.E0,0.E0,0.E0));
#10853=AXIS2_PLACEMENT_3D('',#10850,#10851,#10852);
#10854=PLANE('',#10853);
#10855=ORIENTED_EDGE('',*,*,#10840,.F.);
#10856=ORIENTED_EDGE('',*,*,#10635,.T.);
#10858=ORIENTED_EDGE('',*,*,#10857,.T.);
#10859=ORIENTED_EDGE('',*,*,#9257,.F.);
#10861=ORIENTED_EDGE('',*,*,#10860,.F.);
#10862=ORIENTED_EDGE('',*,*,#10619,.T.);
#10863=EDGE_LOOP('',(#10855,#10856,#10858,#10859,#10861,#10862));
#10864=FACE_OUTER_BOUND('',#10863,.F.);
#10865=ADVANCED_FACE('',(#10864),#10854,.T.);
#10866=CARTESIAN_POINT('',(2.28219E1,-2.57556E0,-1.61163E1));
#10867=DIRECTION('',(0.E0,1.E0,0.E0));
#10868=DIRECTION('',(0.E0,0.E0,1.E0));
#10869=AXIS2_PLACEMENT_3D('',#10866,#10867,#10868);
#10870=CYLINDRICAL_SURFACE('',#10869,6.35E-1);
#10871=ORIENTED_EDGE('',*,*,#9259,.F.);
#10872=ORIENTED_EDGE('',*,*,#10857,.F.);
#10873=ORIENTED_EDGE('',*,*,#10633,.T.);
#10875=ORIENTED_EDGE('',*,*,#10874,.T.);
#10876=ORIENTED_EDGE('',*,*,#9213,.F.);
#10878=ORIENTED_EDGE('',*,*,#10877,.F.);
#10880=ORIENTED_EDGE('',*,*,#10879,.F.);
#10882=ORIENTED_EDGE('',*,*,#10881,.T.);
#10883=EDGE_LOOP('',(#10871,#10872,#10873,#10875,#10876,#10878,#10880,#10882));
#10884=FACE_OUTER_BOUND('',#10883,.F.);
#10885=ADVANCED_FACE('',(#10884),#10870,.T.);
#10886=CARTESIAN_POINT('',(2.21869E1,-2.57556E0,-1.61163E1));
#10887=DIRECTION('',(-1.E0,0.E0,0.E0));
#10888=DIRECTION('',(0.E0,0.E0,1.E0));
#10889=AXIS2_PLACEMENT_3D('',#10886,#10887,#10888);
#10890=PLANE('',#10889);
#10891=ORIENTED_EDGE('',*,*,#9207,.F.);
#10892=ORIENTED_EDGE('',*,*,#10874,.F.);
#10893=ORIENTED_EDGE('',*,*,#10631,.T.);
#10895=ORIENTED_EDGE('',*,*,#10894,.T.);
#10896=EDGE_LOOP('',(#10891,#10892,#10893,#10895));
#10897=FACE_OUTER_BOUND('',#10896,.F.);
#10898=ADVANCED_FACE('',(#10897),#10890,.T.);
#10899=CARTESIAN_POINT('',(2.28219E1,-2.57556E0,-1.47193E1));
#10900=DIRECTION('',(0.E0,1.E0,0.E0));
#10901=DIRECTION('',(0.E0,0.E0,1.E0));
#10902=AXIS2_PLACEMENT_3D('',#10899,#10900,#10901);
#10903=CYLINDRICAL_SURFACE('',#10902,6.35E-1);
#10904=ORIENTED_EDGE('',*,*,#9209,.F.);
#10905=ORIENTED_EDGE('',*,*,#10894,.F.);
#10906=ORIENTED_EDGE('',*,*,#10629,.T.);
#10908=ORIENTED_EDGE('',*,*,#10907,.T.);
#10909=ORIENTED_EDGE('',*,*,#9223,.F.);
#10911=ORIENTED_EDGE('',*,*,#10910,.F.);
#10913=ORIENTED_EDGE('',*,*,#10912,.F.);
#10915=ORIENTED_EDGE('',*,*,#10914,.T.);
#10916=EDGE_LOOP('',(#10904,#10905,#10906,#10908,#10909,#10911,#10913,#10915));
#10917=FACE_OUTER_BOUND('',#10916,.F.);
#10918=ADVANCED_FACE('',(#10917),#10903,.T.);
#10919=CARTESIAN_POINT('',(2.28219E1,-2.57556E0,-1.40843E1));
#10920=DIRECTION('',(0.E0,0.E0,1.E0));
#10921=DIRECTION('',(1.E0,0.E0,0.E0));
#10922=AXIS2_PLACEMENT_3D('',#10919,#10920,#10921);
#10923=PLANE('',#10922);
#10924=ORIENTED_EDGE('',*,*,#9225,.F.);
#10925=ORIENTED_EDGE('',*,*,#10907,.F.);
#10926=ORIENTED_EDGE('',*,*,#10627,.T.);
#10928=ORIENTED_EDGE('',*,*,#10927,.T.);
#10929=EDGE_LOOP('',(#10924,#10925,#10926,#10928));
#10930=FACE_OUTER_BOUND('',#10929,.F.);
#10931=ADVANCED_FACE('',(#10930),#10923,.T.);
#10932=CARTESIAN_POINT('',(2.42189E1,-2.57556E0,-1.47193E1));
#10933=DIRECTION('',(0.E0,1.E0,0.E0));
#10934=DIRECTION('',(0.E0,0.E0,1.E0));
#10935=AXIS2_PLACEMENT_3D('',#10932,#10933,#10934);
#10936=CYLINDRICAL_SURFACE('',#10935,6.35E-1);
#10937=ORIENTED_EDGE('',*,*,#9227,.F.);
#10938=ORIENTED_EDGE('',*,*,#10927,.F.);
#10939=ORIENTED_EDGE('',*,*,#10625,.T.);
#10941=ORIENTED_EDGE('',*,*,#10940,.T.);
#10942=ORIENTED_EDGE('',*,*,#9239,.F.);
#10944=ORIENTED_EDGE('',*,*,#10943,.F.);
#10946=ORIENTED_EDGE('',*,*,#10945,.F.);
#10948=ORIENTED_EDGE('',*,*,#10947,.T.);
#10949=EDGE_LOOP('',(#10937,#10938,#10939,#10941,#10942,#10944,#10946,#10948));
#10950=FACE_OUTER_BOUND('',#10949,.F.);
#10951=ADVANCED_FACE('',(#10950),#10936,.T.);
#10952=CARTESIAN_POINT('',(2.48539E1,-2.57556E0,-1.47193E1));
#10953=DIRECTION('',(1.E0,0.E0,0.E0));
#10954=DIRECTION('',(0.E0,0.E0,-1.E0));
#10955=AXIS2_PLACEMENT_3D('',#10952,#10953,#10954);
#10956=PLANE('',#10955);
#10957=ORIENTED_EDGE('',*,*,#9241,.F.);
#10958=ORIENTED_EDGE('',*,*,#10940,.F.);
#10959=ORIENTED_EDGE('',*,*,#10623,.T.);
#10961=ORIENTED_EDGE('',*,*,#10960,.T.);
#10962=EDGE_LOOP('',(#10957,#10958,#10959,#10961));
#10963=FACE_OUTER_BOUND('',#10962,.F.);
#10964=ADVANCED_FACE('',(#10963),#10956,.T.);
#10965=CARTESIAN_POINT('',(2.42189E1,-2.57556E0,-1.61163E1));
#10966=DIRECTION('',(0.E0,1.E0,0.E0));
#10967=DIRECTION('',(0.E0,0.E0,1.E0));
#10968=AXIS2_PLACEMENT_3D('',#10965,#10966,#10967);
#10969=CYLINDRICAL_SURFACE('',#10968,6.35E-1);
#10970=ORIENTED_EDGE('',*,*,#9243,.F.);
#10971=ORIENTED_EDGE('',*,*,#10960,.F.);
#10972=ORIENTED_EDGE('',*,*,#10621,.T.);
#10973=ORIENTED_EDGE('',*,*,#10860,.T.);
#10974=ORIENTED_EDGE('',*,*,#9255,.F.);
#10976=ORIENTED_EDGE('',*,*,#10975,.F.);
#10978=ORIENTED_EDGE('',*,*,#10977,.F.);
#10980=ORIENTED_EDGE('',*,*,#10979,.T.);
#10981=EDGE_LOOP('',(#10970,#10971,#10972,#10973,#10974,#10976,#10978,#10980));
#10982=FACE_OUTER_BOUND('',#10981,.F.);
#10983=ADVANCED_FACE('',(#10982),#10969,.T.);
#10984=CARTESIAN_POINT('',(2.35204E1,-2.40538E0,-1.54178E1));
#10985=DIRECTION('',(0.E0,-1.E0,0.E0));
#10986=DIRECTION('',(0.E0,0.E0,1.E0));
#10987=AXIS2_PLACEMENT_3D('',#10984,#10985,#10986);
#10988=CYLINDRICAL_SURFACE('',#10987,1.5494E0);
#10989=ORIENTED_EDGE('',*,*,#10943,.T.);
#10990=ORIENTED_EDGE('',*,*,#9245,.F.);
#10991=ORIENTED_EDGE('',*,*,#10979,.F.);
#10993=ORIENTED_EDGE('',*,*,#10992,.F.);
#10994=EDGE_LOOP('',(#10989,#10990,#10991,#10993));
#10995=FACE_OUTER_BOUND('',#10994,.F.);
#10996=ADVANCED_FACE('',(#10995),#10988,.F.);
#10997=CARTESIAN_POINT('',(2.35204E1,-2.40538E0,-1.54178E1));
#10998=DIRECTION('',(0.E0,-1.E0,0.E0));
#10999=DIRECTION('',(0.E0,0.E0,1.E0));
#11000=AXIS2_PLACEMENT_3D('',#10997,#10998,#10999);
#11001=CYLINDRICAL_SURFACE('',#11000,1.5494E0);
#11002=ORIENTED_EDGE('',*,*,#9229,.T.);
#11003=ORIENTED_EDGE('',*,*,#10947,.F.);
#11005=ORIENTED_EDGE('',*,*,#11004,.F.);
#11007=ORIENTED_EDGE('',*,*,#11006,.T.);
#11008=ORIENTED_EDGE('',*,*,#10910,.T.);
#11009=EDGE_LOOP('',(#11002,#11003,#11005,#11007,#11008));
#11010=FACE_OUTER_BOUND('',#11009,.F.);
#11011=ADVANCED_FACE('',(#11010),#11001,.F.);
#11012=CARTESIAN_POINT('',(2.35204E1,-2.40538E0,-1.54178E1));
#11013=DIRECTION('',(0.E0,-1.E0,0.E0));
#11014=DIRECTION('',(0.E0,0.E0,1.E0));
#11015=AXIS2_PLACEMENT_3D('',#11012,#11013,#11014);
#11016=CYLINDRICAL_SURFACE('',#11015,1.5494E0);
#11017=ORIENTED_EDGE('',*,*,#10914,.F.);
#11019=ORIENTED_EDGE('',*,*,#11018,.T.);
#11020=ORIENTED_EDGE('',*,*,#10877,.T.);
#11021=ORIENTED_EDGE('',*,*,#9211,.F.);
#11022=EDGE_LOOP('',(#11017,#11019,#11020,#11021));
#11023=FACE_OUTER_BOUND('',#11022,.F.);
#11024=ADVANCED_FACE('',(#11023),#11016,.F.);
#11025=CARTESIAN_POINT('',(2.35204E1,-2.40538E0,-1.54178E1));
#11026=DIRECTION('',(0.E0,-1.E0,0.E0));
#11027=DIRECTION('',(0.E0,0.E0,1.E0));
#11028=AXIS2_PLACEMENT_3D('',#11025,#11026,#11027);
#11029=CYLINDRICAL_SURFACE('',#11028,1.5494E0);
#11031=ORIENTED_EDGE('',*,*,#11030,.T.);
#11033=ORIENTED_EDGE('',*,*,#11032,.F.);
#11034=ORIENTED_EDGE('',*,*,#10975,.T.);
#11035=ORIENTED_EDGE('',*,*,#9261,.T.);
#11036=ORIENTED_EDGE('',*,*,#10881,.F.);
#11037=EDGE_LOOP('',(#11031,#11033,#11034,#11035,#11036));
#11038=FACE_OUTER_BOUND('',#11037,.F.);
#11039=ADVANCED_FACE('',(#11038),#11029,.F.);
#11040=CARTESIAN_POINT('',(2.35204E1,-3.13436E0,-1.54178E1));
#11041=DIRECTION('',(0.E0,-1.E0,0.E0));
#11042=DIRECTION('',(0.E0,0.E0,1.E0));
#11043=AXIS2_PLACEMENT_3D('',#11040,#11041,#11042);
#11044=TOROIDAL_SURFACE('',#11043,2.1082E0,5.588E-1);
#11045=ORIENTED_EDGE('',*,*,#10945,.T.);
#11046=ORIENTED_EDGE('',*,*,#10992,.T.);
#11047=ORIENTED_EDGE('',*,*,#10977,.T.);
#11048=ORIENTED_EDGE('',*,*,#11032,.T.);
#11050=ORIENTED_EDGE('',*,*,#11049,.T.);
#11052=ORIENTED_EDGE('',*,*,#11051,.F.);
#11054=ORIENTED_EDGE('',*,*,#11053,.F.);
#11055=ORIENTED_EDGE('',*,*,#11004,.T.);
#11056=EDGE_LOOP('',(#11045,#11046,#11047,#11048,#11050,#11052,#11054,#11055));
#11057=FACE_OUTER_BOUND('',#11056,.F.);
#11058=ADVANCED_FACE('',(#11057),#11044,.T.);
#11059=CARTESIAN_POINT('',(2.35204E1,-3.13436E0,-1.54178E1));
#11060=DIRECTION('',(0.E0,-1.E0,0.E0));
#11061=DIRECTION('',(0.E0,0.E0,1.E0));
#11062=AXIS2_PLACEMENT_3D('',#11059,#11060,#11061);
#11063=TOROIDAL_SURFACE('',#11062,2.1082E0,5.588E-1);
#11064=ORIENTED_EDGE('',*,*,#10912,.T.);
#11065=ORIENTED_EDGE('',*,*,#11006,.F.);
#11066=ORIENTED_EDGE('',*,*,#11053,.T.);
#11068=ORIENTED_EDGE('',*,*,#11067,.T.);
#11069=ORIENTED_EDGE('',*,*,#11049,.F.);
#11070=ORIENTED_EDGE('',*,*,#11030,.F.);
#11071=ORIENTED_EDGE('',*,*,#10879,.T.);
#11072=ORIENTED_EDGE('',*,*,#11018,.F.);
#11073=EDGE_LOOP('',(#11064,#11065,#11066,#11068,#11069,#11070,#11071,#11072));
#11074=FACE_OUTER_BOUND('',#11073,.F.);
#11075=ADVANCED_FACE('',(#11074),#11063,.T.);
#11076=CARTESIAN_POINT('',(2.35204E1,-2.40538E0,-1.54178E1));
#11077=DIRECTION('',(0.E0,-1.E0,0.E0));
#11078=DIRECTION('',(0.E0,0.E0,1.E0));
#11079=AXIS2_PLACEMENT_3D('',#11076,#11077,#11078);
#11080=CYLINDRICAL_SURFACE('',#11079,2.667E0);
#11081=ORIENTED_EDGE('',*,*,#9107,.T.);
#11083=ORIENTED_EDGE('',*,*,#11082,.F.);
#11084=ORIENTED_EDGE('',*,*,#11067,.F.);
#11086=ORIENTED_EDGE('',*,*,#11085,.T.);
#11087=EDGE_LOOP('',(#11081,#11083,#11084,#11086));
#11088=FACE_OUTER_BOUND('',#11087,.F.);
#11089=ADVANCED_FACE('',(#11088),#11080,.T.);
#11090=CARTESIAN_POINT('',(2.35204E1,-2.40538E0,-1.54178E1));
#11091=DIRECTION('',(0.E0,-1.E0,0.E0));
#11092=DIRECTION('',(0.E0,0.E0,1.E0));
#11093=AXIS2_PLACEMENT_3D('',#11090,#11091,#11092);
#11094=CYLINDRICAL_SURFACE('',#11093,2.667E0);
#11095=ORIENTED_EDGE('',*,*,#9109,.T.);
#11096=ORIENTED_EDGE('',*,*,#11085,.F.);
#11097=ORIENTED_EDGE('',*,*,#11051,.T.);
#11098=ORIENTED_EDGE('',*,*,#11082,.T.);
#11099=EDGE_LOOP('',(#11095,#11096,#11097,#11098));
#11100=FACE_OUTER_BOUND('',#11099,.F.);
#11101=ADVANCED_FACE('',(#11100),#11094,.T.);
#11102=CARTESIAN_POINT('',(2.40284E1,0.E0,-1.54178E1));
#11103=DIRECTION('',(1.E0,0.E0,0.E0));
#11104=DIRECTION('',(0.E0,0.E0,-1.E0));
#11105=AXIS2_PLACEMENT_3D('',#11102,#11103,#11104);
#11106=PLANE('',#11105);
#11107=ORIENTED_EDGE('',*,*,#10617,.T.);
#11109=ORIENTED_EDGE('',*,*,#11108,.F.);
#11111=ORIENTED_EDGE('',*,*,#11110,.F.);
#11113=ORIENTED_EDGE('',*,*,#11112,.F.);
#11115=ORIENTED_EDGE('',*,*,#11114,.F.);
#11116=ORIENTED_EDGE('',*,*,#10842,.F.);
#11117=EDGE_LOOP('',(#11107,#11109,#11111,#11113,#11115,#11116));
#11118=FACE_OUTER_BOUND('',#11117,.F.);
#11119=ADVANCED_FACE('',(#11118),#11106,.T.);
#11120=CARTESIAN_POINT('',(2.30124E1,-2.57556E0,-1.70561E1));
#11121=DIRECTION('',(1.E0,0.E0,0.E0));
#11122=DIRECTION('',(0.E0,0.E0,-1.E0));
#11123=AXIS2_PLACEMENT_3D('',#11120,#11121,#11122);
#11124=CYLINDRICAL_SURFACE('',#11123,6.2484E-1);
#11126=ORIENTED_EDGE('',*,*,#11125,.F.);
#11127=ORIENTED_EDGE('',*,*,#10830,.F.);
#11129=ORIENTED_EDGE('',*,*,#11128,.T.);
#11130=ORIENTED_EDGE('',*,*,#11108,.T.);
#11131=EDGE_LOOP('',(#11126,#11127,#11129,#11130));
#11132=FACE_OUTER_BOUND('',#11131,.F.);
#11133=ADVANCED_FACE('',(#11132),#11124,.T.);
#11134=CARTESIAN_POINT('',(2.28219E1,-2.57556E0,-1.643126E1));
#11135=DIRECTION('',(0.E0,0.E0,1.E0));
#11136=DIRECTION('',(1.E0,0.E0,0.E0));
#11137=AXIS2_PLACEMENT_3D('',#11134,#11135,#11136);
#11138=PLANE('',#11137);
#11139=ORIENTED_EDGE('',*,*,#11125,.T.);
#11140=ORIENTED_EDGE('',*,*,#10615,.T.);
#11142=ORIENTED_EDGE('',*,*,#11141,.T.);
#11143=ORIENTED_EDGE('',*,*,#9273,.F.);
#11145=ORIENTED_EDGE('',*,*,#11144,.F.);
#11146=ORIENTED_EDGE('',*,*,#10599,.T.);
#11147=EDGE_LOOP('',(#11139,#11140,#11142,#11143,#11145,#11146));
#11148=FACE_OUTER_BOUND('',#11147,.F.);
#11149=ADVANCED_FACE('',(#11148),#11138,.T.);
#11150=CARTESIAN_POINT('',(2.42189E1,-2.57556E0,-1.61163E1));
#11151=DIRECTION('',(0.E0,1.E0,0.E0));
#11152=DIRECTION('',(0.E0,0.E0,1.E0));
#11153=AXIS2_PLACEMENT_3D('',#11150,#11151,#11152);
#11154=CYLINDRICAL_SURFACE('',#11153,3.1496E-1);
#11155=ORIENTED_EDGE('',*,*,#9275,.T.);
#11156=ORIENTED_EDGE('',*,*,#11141,.F.);
#11157=ORIENTED_EDGE('',*,*,#10613,.T.);
#11159=ORIENTED_EDGE('',*,*,#11158,.T.);
#11160=EDGE_LOOP('',(#11155,#11156,#11157,#11159));
#11161=FACE_OUTER_BOUND('',#11160,.F.);
#11162=ADVANCED_FACE('',(#11161),#11154,.F.);
#11163=CARTESIAN_POINT('',(2.453386E1,-2.57556E0,-1.61163E1));
#11164=DIRECTION('',(-1.E0,0.E0,0.E0));
#11165=DIRECTION('',(0.E0,0.E0,1.E0));
#11166=AXIS2_PLACEMENT_3D('',#11163,#11164,#11165);
#11167=PLANE('',#11166);
#11168=ORIENTED_EDGE('',*,*,#9277,.F.);
#11169=ORIENTED_EDGE('',*,*,#11158,.F.);
#11170=ORIENTED_EDGE('',*,*,#10611,.T.);
#11172=ORIENTED_EDGE('',*,*,#11171,.T.);
#11173=EDGE_LOOP('',(#11168,#11169,#11170,#11172));
#11174=FACE_OUTER_BOUND('',#11173,.F.);
#11175=ADVANCED_FACE('',(#11174),#11167,.T.);
#11176=CARTESIAN_POINT('',(2.42189E1,-2.57556E0,-1.47193E1));
#11177=DIRECTION('',(0.E0,1.E0,0.E0));
#11178=DIRECTION('',(0.E0,0.E0,1.E0));
#11179=AXIS2_PLACEMENT_3D('',#11176,#11177,#11178);
#11180=CYLINDRICAL_SURFACE('',#11179,3.1496E-1);
#11181=ORIENTED_EDGE('',*,*,#9279,.T.);
#11182=ORIENTED_EDGE('',*,*,#11171,.F.);
#11183=ORIENTED_EDGE('',*,*,#10609,.T.);
#11185=ORIENTED_EDGE('',*,*,#11184,.T.);
#11186=EDGE_LOOP('',(#11181,#11182,#11183,#11185));
#11187=FACE_OUTER_BOUND('',#11186,.F.);
#11188=ADVANCED_FACE('',(#11187),#11180,.F.);
#11189=CARTESIAN_POINT('',(2.42189E1,-2.57556E0,-1.440434E1));
#11190=DIRECTION('',(0.E0,0.E0,-1.E0));
#11191=DIRECTION('',(-1.E0,0.E0,0.E0));
#11192=AXIS2_PLACEMENT_3D('',#11189,#11190,#11191);
#11193=PLANE('',#11192);
#11194=ORIENTED_EDGE('',*,*,#9281,.F.);
#11195=ORIENTED_EDGE('',*,*,#11184,.F.);
#11196=ORIENTED_EDGE('',*,*,#10607,.T.);
#11198=ORIENTED_EDGE('',*,*,#11197,.T.);
#11199=EDGE_LOOP('',(#11194,#11195,#11196,#11198));
#11200=FACE_OUTER_BOUND('',#11199,.F.);
#11201=ADVANCED_FACE('',(#11200),#11193,.T.);
#11202=CARTESIAN_POINT('',(2.28219E1,-2.57556E0,-1.47193E1));
#11203=DIRECTION('',(0.E0,1.E0,0.E0));
#11204=DIRECTION('',(0.E0,0.E0,1.E0));
#11205=AXIS2_PLACEMENT_3D('',#11202,#11203,#11204);
#11206=CYLINDRICAL_SURFACE('',#11205,3.1496E-1);
#11207=ORIENTED_EDGE('',*,*,#9283,.T.);
#11208=ORIENTED_EDGE('',*,*,#11197,.F.);
#11209=ORIENTED_EDGE('',*,*,#10605,.T.);
#11211=ORIENTED_EDGE('',*,*,#11210,.T.);
#11212=EDGE_LOOP('',(#11207,#11208,#11209,#11211));
#11213=FACE_OUTER_BOUND('',#11212,.F.);
#11214=ADVANCED_FACE('',(#11213),#11206,.F.);
#11215=CARTESIAN_POINT('',(2.250694E1,-2.57556E0,-1.47193E1));
#11216=DIRECTION('',(1.E0,0.E0,0.E0));
#11217=DIRECTION('',(0.E0,0.E0,-1.E0));
#11218=AXIS2_PLACEMENT_3D('',#11215,#11216,#11217);
#11219=PLANE('',#11218);
#11220=ORIENTED_EDGE('',*,*,#9285,.F.);
#11221=ORIENTED_EDGE('',*,*,#11210,.F.);
#11222=ORIENTED_EDGE('',*,*,#10603,.T.);
#11224=ORIENTED_EDGE('',*,*,#11223,.T.);
#11225=EDGE_LOOP('',(#11220,#11221,#11222,#11224));
#11226=FACE_OUTER_BOUND('',#11225,.F.);
#11227=ADVANCED_FACE('',(#11226),#11219,.T.);
#11228=CARTESIAN_POINT('',(2.28219E1,-2.57556E0,-1.61163E1));
#11229=DIRECTION('',(0.E0,1.E0,0.E0));
#11230=DIRECTION('',(0.E0,0.E0,1.E0));
#11231=AXIS2_PLACEMENT_3D('',#11228,#11229,#11230);
#11232=CYLINDRICAL_SURFACE('',#11231,3.1496E-1);
#11233=ORIENTED_EDGE('',*,*,#9271,.T.);
#11234=ORIENTED_EDGE('',*,*,#11223,.F.);
#11235=ORIENTED_EDGE('',*,*,#10601,.T.);
#11236=ORIENTED_EDGE('',*,*,#11144,.T.);
#11237=EDGE_LOOP('',(#11233,#11234,#11235,#11236));
#11238=FACE_OUTER_BOUND('',#11237,.F.);
#11239=ADVANCED_FACE('',(#11238),#11232,.F.);
#11240=CARTESIAN_POINT('',(2.30124E1,-1.95072E0,-1.711706E1));
#11241=DIRECTION('',(0.E0,1.E0,0.E0));
#11242=DIRECTION('',(0.E0,0.E0,1.E0));
#11243=AXIS2_PLACEMENT_3D('',#11240,#11241,#11242);
#11244=PLANE('',#11243);
#11245=ORIENTED_EDGE('',*,*,#10828,.F.);
#11247=ORIENTED_EDGE('',*,*,#11246,.T.);
#11248=ORIENTED_EDGE('',*,*,#11110,.T.);
#11249=ORIENTED_EDGE('',*,*,#11128,.F.);
#11250=EDGE_LOOP('',(#11245,#11247,#11248,#11249));
#11251=FACE_OUTER_BOUND('',#11250,.F.);
#11252=ADVANCED_FACE('',(#11251),#11244,.T.);
#11253=CARTESIAN_POINT('',(2.30124E1,-2.27076E0,-1.711706E1));
#11254=DIRECTION('',(0.E0,0.E0,-1.E0));
#11255=DIRECTION('',(0.E0,1.E0,0.E0));
#11256=AXIS2_PLACEMENT_3D('',#11253,#11254,#11255);
#11257=PLANE('',#11256);
#11258=ORIENTED_EDGE('',*,*,#10826,.F.);
#11260=ORIENTED_EDGE('',*,*,#11259,.T.);
#11261=ORIENTED_EDGE('',*,*,#11112,.T.);
#11262=ORIENTED_EDGE('',*,*,#11246,.F.);
#11263=EDGE_LOOP('',(#11258,#11260,#11261,#11262));
#11264=FACE_OUTER_BOUND('',#11263,.F.);
#11265=ADVANCED_FACE('',(#11264),#11257,.T.);
#11266=CARTESIAN_POINT('',(2.30124E1,-2.27076E0,-1.70561E1));
#11267=DIRECTION('',(0.E0,-1.E0,0.E0));
#11268=DIRECTION('',(0.E0,0.E0,-1.E0));
#11269=AXIS2_PLACEMENT_3D('',#11266,#11267,#11268);
#11270=PLANE('',#11269);
#11271=ORIENTED_EDGE('',*,*,#10824,.F.);
#11272=ORIENTED_EDGE('',*,*,#10844,.T.);
#11273=ORIENTED_EDGE('',*,*,#11114,.T.);
#11274=ORIENTED_EDGE('',*,*,#11259,.F.);
#11275=EDGE_LOOP('',(#11271,#11272,#11273,#11274));
#11276=FACE_OUTER_BOUND('',#11275,.F.);
#11277=ADVANCED_FACE('',(#11276),#11270,.T.);
#11278=CARTESIAN_POINT('',(-2.35204E1,-2.40538E0,-1.54178E1));
#11279=DIRECTION('',(0.E0,-1.E0,0.E0));
#11280=DIRECTION('',(0.E0,0.E0,1.E0));
#11281=AXIS2_PLACEMENT_3D('',#11278,#11279,#11280);
#11282=CYLINDRICAL_SURFACE('',#11281,1.5494E0);
#11283=ORIENTED_EDGE('',*,*,#10394,.F.);
#11284=ORIENTED_EDGE('',*,*,#10373,.F.);
#11285=ORIENTED_EDGE('',*,*,#10425,.T.);
#11286=ORIENTED_EDGE('',*,*,#9121,.F.);
#11287=EDGE_LOOP('',(#11283,#11284,#11285,#11286));
#11288=FACE_OUTER_BOUND('',#11287,.F.);
#11289=ADVANCED_FACE('',(#11288),#11282,.F.);
#11290=CARTESIAN_POINT('',(-2.35204E1,-2.40538E0,-1.54178E1));
#11291=DIRECTION('',(0.E0,-1.E0,0.E0));
#11292=DIRECTION('',(0.E0,0.E0,1.E0));
#11293=AXIS2_PLACEMENT_3D('',#11290,#11291,#11292);
#11294=CYLINDRICAL_SURFACE('',#11293,1.5494E0);
#11295=ORIENTED_EDGE('',*,*,#10494,.T.);
#11296=ORIENTED_EDGE('',*,*,#9157,.F.);
#11297=ORIENTED_EDGE('',*,*,#10463,.F.);
#11299=ORIENTED_EDGE('',*,*,#11298,.T.);
#11300=EDGE_LOOP('',(#11295,#11296,#11297,#11299));
#11301=FACE_OUTER_BOUND('',#11300,.F.);
#11302=ADVANCED_FACE('',(#11301),#11294,.F.);
#11303=CARTESIAN_POINT('',(-2.35204E1,-2.40538E0,-1.54178E1));
#11304=DIRECTION('',(0.E0,-1.E0,0.E0));
#11305=DIRECTION('',(0.E0,0.E0,1.E0));
#11306=AXIS2_PLACEMENT_3D('',#11303,#11304,#11305);
#11307=CYLINDRICAL_SURFACE('',#11306,1.5494E0);
#11309=ORIENTED_EDGE('',*,*,#11308,.T.);
#11310=ORIENTED_EDGE('',*,*,#10362,.F.);
#11311=ORIENTED_EDGE('',*,*,#10391,.T.);
#11312=ORIENTED_EDGE('',*,*,#9141,.T.);
#11313=ORIENTED_EDGE('',*,*,#10498,.F.);
#11314=EDGE_LOOP('',(#11309,#11310,#11311,#11312,#11313));
#11315=FACE_OUTER_BOUND('',#11314,.F.);
#11316=ADVANCED_FACE('',(#11315),#11307,.F.);
#11317=CARTESIAN_POINT('',(-2.35204E1,-2.40538E0,-1.54178E1));
#11318=DIRECTION('',(0.E0,-1.E0,0.E0));
#11319=DIRECTION('',(0.E0,0.E0,1.E0));
#11320=AXIS2_PLACEMENT_3D('',#11317,#11318,#11319);
#11321=CYLINDRICAL_SURFACE('',#11320,1.5494E0);
#11322=ORIENTED_EDGE('',*,*,#9173,.T.);
#11323=ORIENTED_EDGE('',*,*,#10428,.F.);
#11324=ORIENTED_EDGE('',*,*,#10369,.F.);
#11326=ORIENTED_EDGE('',*,*,#11325,.T.);
#11327=ORIENTED_EDGE('',*,*,#10459,.T.);
#11328=EDGE_LOOP('',(#11322,#11323,#11324,#11326,#11327));
#11329=FACE_OUTER_BOUND('',#11328,.F.);
#11330=ADVANCED_FACE('',(#11329),#11321,.F.);
#11331=CARTESIAN_POINT('',(-2.35204E1,-3.13436E0,-1.54178E1));
#11332=DIRECTION('',(0.E0,-1.E0,0.E0));
#11333=DIRECTION('',(0.E0,0.E0,1.E0));
#11334=AXIS2_PLACEMENT_3D('',#11331,#11332,#11333);
#11335=TOROIDAL_SURFACE('',#11334,2.1082E0,5.588E-1);
#11336=ORIENTED_EDGE('',*,*,#10496,.T.);
#11337=ORIENTED_EDGE('',*,*,#11298,.F.);
#11338=ORIENTED_EDGE('',*,*,#10461,.T.);
#11339=ORIENTED_EDGE('',*,*,#11325,.F.);
#11340=ORIENTED_EDGE('',*,*,#10367,.T.);
#11341=ORIENTED_EDGE('',*,*,#10335,.T.);
#11342=ORIENTED_EDGE('',*,*,#10364,.F.);
#11343=ORIENTED_EDGE('',*,*,#11308,.F.);
#11344=EDGE_LOOP('',(#11336,#11337,#11338,#11339,#11340,#11341,#11342,#11343));
#11345=FACE_OUTER_BOUND('',#11344,.F.);
#11346=ADVANCED_FACE('',(#11345),#11335,.T.);
#11347=CARTESIAN_POINT('',(-1.65608E1,-5.207E0,-1.68402E1));
#11348=DIRECTION('',(0.E0,-1.E0,0.E0));
#11349=DIRECTION('',(1.E0,0.E0,0.E0));
#11350=AXIS2_PLACEMENT_3D('',#11347,#11348,#11349);
#11351=CYLINDRICAL_SURFACE('',#11350,3.302E-1);
#11352=ORIENTED_EDGE('',*,*,#8894,.F.);
#11354=ORIENTED_EDGE('',*,*,#11353,.T.);
#11356=ORIENTED_EDGE('',*,*,#11355,.T.);
#11358=ORIENTED_EDGE('',*,*,#11357,.F.);
#11359=EDGE_LOOP('',(#11352,#11354,#11356,#11358));
#11360=FACE_OUTER_BOUND('',#11359,.F.);
#11361=ADVANCED_FACE('',(#11360),#11351,.T.);
#11362=CARTESIAN_POINT('',(-1.65608E1,-5.207E0,-1.68402E1));
#11363=DIRECTION('',(0.E0,-1.E0,0.E0));
#11364=DIRECTION('',(1.E0,0.E0,0.E0));
#11365=AXIS2_PLACEMENT_3D('',#11362,#11363,#11364);
#11366=CYLINDRICAL_SURFACE('',#11365,3.302E-1);
#11367=ORIENTED_EDGE('',*,*,#8896,.F.);
#11368=ORIENTED_EDGE('',*,*,#11357,.T.);
#11370=ORIENTED_EDGE('',*,*,#11369,.T.);
#11371=ORIENTED_EDGE('',*,*,#11353,.F.);
#11372=EDGE_LOOP('',(#11367,#11368,#11370,#11371));
#11373=FACE_OUTER_BOUND('',#11372,.F.);
#11374=ADVANCED_FACE('',(#11373),#11366,.T.);
#11375=CARTESIAN_POINT('',(-2.6543E1,-9.4488E0,0.E0));
#11376=DIRECTION('',(0.E0,-1.E0,0.E0));
#11377=DIRECTION('',(1.E0,0.E0,0.E0));
#11378=AXIS2_PLACEMENT_3D('',#11375,#11376,#11377);
#11379=PLANE('',#11378);
#11380=ORIENTED_EDGE('',*,*,#11355,.F.);
#11381=ORIENTED_EDGE('',*,*,#11369,.F.);
#11382=EDGE_LOOP('',(#11380,#11381));
#11383=FACE_OUTER_BOUND('',#11382,.F.);
#11384=ADVANCED_FACE('',(#11383),#11379,.T.);
#11385=CARTESIAN_POINT('',(-1.37922E1,-5.207E0,-1.68402E1));
#11386=DIRECTION('',(0.E0,-1.E0,0.E0));
#11387=DIRECTION('',(1.E0,0.E0,0.E0));
#11388=AXIS2_PLACEMENT_3D('',#11385,#11386,#11387);
#11389=CYLINDRICAL_SURFACE('',#11388,3.302E-1);
#11390=ORIENTED_EDGE('',*,*,#8900,.F.);
#11392=ORIENTED_EDGE('',*,*,#11391,.T.);
#11394=ORIENTED_EDGE('',*,*,#11393,.T.);
#11396=ORIENTED_EDGE('',*,*,#11395,.F.);
#11397=EDGE_LOOP('',(#11390,#11392,#11394,#11396));
#11398=FACE_OUTER_BOUND('',#11397,.F.);
#11399=ADVANCED_FACE('',(#11398),#11389,.T.);
#11400=CARTESIAN_POINT('',(-1.37922E1,-5.207E0,-1.68402E1));
#11401=DIRECTION('',(0.E0,-1.E0,0.E0));
#11402=DIRECTION('',(1.E0,0.E0,0.E0));
#11403=AXIS2_PLACEMENT_3D('',#11400,#11401,#11402);
#11404=CYLINDRICAL_SURFACE('',#11403,3.302E-1);
#11405=ORIENTED_EDGE('',*,*,#8902,.F.);
#11406=ORIENTED_EDGE('',*,*,#11395,.T.);
#11408=ORIENTED_EDGE('',*,*,#11407,.T.);
#11409=ORIENTED_EDGE('',*,*,#11391,.F.);
#11410=EDGE_LOOP('',(#11405,#11406,#11408,#11409));
#11411=FACE_OUTER_BOUND('',#11410,.F.);
#11412=ADVANCED_FACE('',(#11411),#11404,.T.);
#11413=CARTESIAN_POINT('',(-2.37744E1,-9.4488E0,0.E0));
#11414=DIRECTION('',(0.E0,-1.E0,0.E0));
#11415=DIRECTION('',(1.E0,0.E0,0.E0));
#11416=AXIS2_PLACEMENT_3D('',#11413,#11414,#11415);
#11417=PLANE('',#11416);
#11418=ORIENTED_EDGE('',*,*,#11393,.F.);
#11419=ORIENTED_EDGE('',*,*,#11407,.F.);
#11420=EDGE_LOOP('',(#11418,#11419));
#11421=FACE_OUTER_BOUND('',#11420,.F.);
#11422=ADVANCED_FACE('',(#11421),#11417,.T.);
#11423=CARTESIAN_POINT('',(-1.10236E1,-5.207E0,-1.68402E1));
#11424=DIRECTION('',(0.E0,-1.E0,0.E0));
#11425=DIRECTION('',(1.E0,0.E0,0.E0));
#11426=AXIS2_PLACEMENT_3D('',#11423,#11424,#11425);
#11427=CYLINDRICAL_SURFACE('',#11426,3.302E-1);
#11428=ORIENTED_EDGE('',*,*,#8906,.F.);
#11430=ORIENTED_EDGE('',*,*,#11429,.T.);
#11432=ORIENTED_EDGE('',*,*,#11431,.T.);
#11434=ORIENTED_EDGE('',*,*,#11433,.F.);
#11435=EDGE_LOOP('',(#11428,#11430,#11432,#11434));
#11436=FACE_OUTER_BOUND('',#11435,.F.);
#11437=ADVANCED_FACE('',(#11436),#11427,.T.);
#11438=CARTESIAN_POINT('',(-1.10236E1,-5.207E0,-1.68402E1));
#11439=DIRECTION('',(0.E0,-1.E0,0.E0));
#11440=DIRECTION('',(1.E0,0.E0,0.E0));
#11441=AXIS2_PLACEMENT_3D('',#11438,#11439,#11440);
#11442=CYLINDRICAL_SURFACE('',#11441,3.302E-1);
#11443=ORIENTED_EDGE('',*,*,#8908,.F.);
#11444=ORIENTED_EDGE('',*,*,#11433,.T.);
#11446=ORIENTED_EDGE('',*,*,#11445,.T.);
#11447=ORIENTED_EDGE('',*,*,#11429,.F.);
#11448=EDGE_LOOP('',(#11443,#11444,#11446,#11447));
#11449=FACE_OUTER_BOUND('',#11448,.F.);
#11450=ADVANCED_FACE('',(#11449),#11442,.T.);
#11451=CARTESIAN_POINT('',(-2.10058E1,-9.4488E0,0.E0));
#11452=DIRECTION('',(0.E0,-1.E0,0.E0));
#11453=DIRECTION('',(1.E0,0.E0,0.E0));
#11454=AXIS2_PLACEMENT_3D('',#11451,#11452,#11453);
#11455=PLANE('',#11454);
#11456=ORIENTED_EDGE('',*,*,#11431,.F.);
#11457=ORIENTED_EDGE('',*,*,#11445,.F.);
#11458=EDGE_LOOP('',(#11456,#11457));
#11459=FACE_OUTER_BOUND('',#11458,.F.);
#11460=ADVANCED_FACE('',(#11459),#11455,.T.);
#11461=CARTESIAN_POINT('',(-8.255E0,-5.207E0,-1.68402E1));
#11462=DIRECTION('',(0.E0,-1.E0,0.E0));
#11463=DIRECTION('',(1.E0,0.E0,0.E0));
#11464=AXIS2_PLACEMENT_3D('',#11461,#11462,#11463);
#11465=CYLINDRICAL_SURFACE('',#11464,3.302E-1);
#11466=ORIENTED_EDGE('',*,*,#8912,.F.);
#11468=ORIENTED_EDGE('',*,*,#11467,.T.);
#11470=ORIENTED_EDGE('',*,*,#11469,.T.);
#11472=ORIENTED_EDGE('',*,*,#11471,.F.);
#11473=EDGE_LOOP('',(#11466,#11468,#11470,#11472));
#11474=FACE_OUTER_BOUND('',#11473,.F.);
#11475=ADVANCED_FACE('',(#11474),#11465,.T.);
#11476=CARTESIAN_POINT('',(-8.255E0,-5.207E0,-1.68402E1));
#11477=DIRECTION('',(0.E0,-1.E0,0.E0));
#11478=DIRECTION('',(1.E0,0.E0,0.E0));
#11479=AXIS2_PLACEMENT_3D('',#11476,#11477,#11478);
#11480=CYLINDRICAL_SURFACE('',#11479,3.302E-1);
#11481=ORIENTED_EDGE('',*,*,#8914,.F.);
#11482=ORIENTED_EDGE('',*,*,#11471,.T.);
#11484=ORIENTED_EDGE('',*,*,#11483,.T.);
#11485=ORIENTED_EDGE('',*,*,#11467,.F.);
#11486=EDGE_LOOP('',(#11481,#11482,#11484,#11485));
#11487=FACE_OUTER_BOUND('',#11486,.F.);
#11488=ADVANCED_FACE('',(#11487),#11480,.T.);
#11489=CARTESIAN_POINT('',(-1.82372E1,-9.4488E0,0.E0));
#11490=DIRECTION('',(0.E0,-1.E0,0.E0));
#11491=DIRECTION('',(1.E0,0.E0,0.E0));
#11492=AXIS2_PLACEMENT_3D('',#11489,#11490,#11491);
#11493=PLANE('',#11492);
#11494=ORIENTED_EDGE('',*,*,#11469,.F.);
#11495=ORIENTED_EDGE('',*,*,#11483,.F.);
#11496=EDGE_LOOP('',(#11494,#11495));
#11497=FACE_OUTER_BOUND('',#11496,.F.);
#11498=ADVANCED_FACE('',(#11497),#11493,.T.);
#11499=CARTESIAN_POINT('',(-5.4864E0,-5.207E0,-1.68402E1));
#11500=DIRECTION('',(0.E0,-1.E0,0.E0));
#11501=DIRECTION('',(1.E0,0.E0,0.E0));
#11502=AXIS2_PLACEMENT_3D('',#11499,#11500,#11501);
#11503=CYLINDRICAL_SURFACE('',#11502,3.302E-1);
#11504=ORIENTED_EDGE('',*,*,#8918,.F.);
#11506=ORIENTED_EDGE('',*,*,#11505,.T.);
#11508=ORIENTED_EDGE('',*,*,#11507,.T.);
#11510=ORIENTED_EDGE('',*,*,#11509,.F.);
#11511=EDGE_LOOP('',(#11504,#11506,#11508,#11510));
#11512=FACE_OUTER_BOUND('',#11511,.F.);
#11513=ADVANCED_FACE('',(#11512),#11503,.T.);
#11514=CARTESIAN_POINT('',(-5.4864E0,-5.207E0,-1.68402E1));
#11515=DIRECTION('',(0.E0,-1.E0,0.E0));
#11516=DIRECTION('',(1.E0,0.E0,0.E0));
#11517=AXIS2_PLACEMENT_3D('',#11514,#11515,#11516);
#11518=CYLINDRICAL_SURFACE('',#11517,3.302E-1);
#11519=ORIENTED_EDGE('',*,*,#8920,.F.);
#11520=ORIENTED_EDGE('',*,*,#11509,.T.);
#11522=ORIENTED_EDGE('',*,*,#11521,.T.);
#11523=ORIENTED_EDGE('',*,*,#11505,.F.);
#11524=EDGE_LOOP('',(#11519,#11520,#11522,#11523));
#11525=FACE_OUTER_BOUND('',#11524,.F.);
#11526=ADVANCED_FACE('',(#11525),#11518,.T.);
#11527=CARTESIAN_POINT('',(-1.54686E1,-9.4488E0,0.E0));
#11528=DIRECTION('',(0.E0,-1.E0,0.E0));
#11529=DIRECTION('',(1.E0,0.E0,0.E0));
#11530=AXIS2_PLACEMENT_3D('',#11527,#11528,#11529);
#11531=PLANE('',#11530);
#11532=ORIENTED_EDGE('',*,*,#11507,.F.);
#11533=ORIENTED_EDGE('',*,*,#11521,.F.);
#11534=EDGE_LOOP('',(#11532,#11533));
#11535=FACE_OUTER_BOUND('',#11534,.F.);
#11536=ADVANCED_FACE('',(#11535),#11531,.T.);
#11537=CARTESIAN_POINT('',(-2.7178E0,-5.207E0,-1.68402E1));
#11538=DIRECTION('',(0.E0,-1.E0,0.E0));
#11539=DIRECTION('',(1.E0,0.E0,0.E0));
#11540=AXIS2_PLACEMENT_3D('',#11537,#11538,#11539);
#11541=CYLINDRICAL_SURFACE('',#11540,3.302E-1);
#11542=ORIENTED_EDGE('',*,*,#8924,.F.);
#11544=ORIENTED_EDGE('',*,*,#11543,.T.);
#11546=ORIENTED_EDGE('',*,*,#11545,.T.);
#11548=ORIENTED_EDGE('',*,*,#11547,.F.);
#11549=EDGE_LOOP('',(#11542,#11544,#11546,#11548));
#11550=FACE_OUTER_BOUND('',#11549,.F.);
#11551=ADVANCED_FACE('',(#11550),#11541,.T.);
#11552=CARTESIAN_POINT('',(-2.7178E0,-5.207E0,-1.68402E1));
#11553=DIRECTION('',(0.E0,-1.E0,0.E0));
#11554=DIRECTION('',(1.E0,0.E0,0.E0));
#11555=AXIS2_PLACEMENT_3D('',#11552,#11553,#11554);
#11556=CYLINDRICAL_SURFACE('',#11555,3.302E-1);
#11557=ORIENTED_EDGE('',*,*,#8926,.F.);
#11558=ORIENTED_EDGE('',*,*,#11547,.T.);
#11560=ORIENTED_EDGE('',*,*,#11559,.T.);
#11561=ORIENTED_EDGE('',*,*,#11543,.F.);
#11562=EDGE_LOOP('',(#11557,#11558,#11560,#11561));
#11563=FACE_OUTER_BOUND('',#11562,.F.);
#11564=ADVANCED_FACE('',(#11563),#11556,.T.);
#11565=CARTESIAN_POINT('',(-1.27E1,-9.4488E0,0.E0));
#11566=DIRECTION('',(0.E0,-1.E0,0.E0));
#11567=DIRECTION('',(1.E0,0.E0,0.E0));
#11568=AXIS2_PLACEMENT_3D('',#11565,#11566,#11567);
#11569=PLANE('',#11568);
#11570=ORIENTED_EDGE('',*,*,#11545,.F.);
#11571=ORIENTED_EDGE('',*,*,#11559,.F.);
#11572=EDGE_LOOP('',(#11570,#11571));
#11573=FACE_OUTER_BOUND('',#11572,.F.);
#11574=ADVANCED_FACE('',(#11573),#11569,.T.);
#11575=CARTESIAN_POINT('',(5.08E-2,-5.207E0,-1.68402E1));
#11576=DIRECTION('',(0.E0,-1.E0,0.E0));
#11577=DIRECTION('',(1.E0,0.E0,0.E0));
#11578=AXIS2_PLACEMENT_3D('',#11575,#11576,#11577);
#11579=CYLINDRICAL_SURFACE('',#11578,3.302E-1);
#11580=ORIENTED_EDGE('',*,*,#8930,.F.);
#11582=ORIENTED_EDGE('',*,*,#11581,.T.);
#11584=ORIENTED_EDGE('',*,*,#11583,.T.);
#11586=ORIENTED_EDGE('',*,*,#11585,.F.);
#11587=EDGE_LOOP('',(#11580,#11582,#11584,#11586));
#11588=FACE_OUTER_BOUND('',#11587,.F.);
#11589=ADVANCED_FACE('',(#11588),#11579,.T.);
#11590=CARTESIAN_POINT('',(5.08E-2,-5.207E0,-1.68402E1));
#11591=DIRECTION('',(0.E0,-1.E0,0.E0));
#11592=DIRECTION('',(1.E0,0.E0,0.E0));
#11593=AXIS2_PLACEMENT_3D('',#11590,#11591,#11592);
#11594=CYLINDRICAL_SURFACE('',#11593,3.302E-1);
#11595=ORIENTED_EDGE('',*,*,#8932,.F.);
#11596=ORIENTED_EDGE('',*,*,#11585,.T.);
#11598=ORIENTED_EDGE('',*,*,#11597,.T.);
#11599=ORIENTED_EDGE('',*,*,#11581,.F.);
#11600=EDGE_LOOP('',(#11595,#11596,#11598,#11599));
#11601=FACE_OUTER_BOUND('',#11600,.F.);
#11602=ADVANCED_FACE('',(#11601),#11594,.T.);
#11603=CARTESIAN_POINT('',(-9.9314E0,-9.4488E0,0.E0));
#11604=DIRECTION('',(0.E0,-1.E0,0.E0));
#11605=DIRECTION('',(1.E0,0.E0,0.E0));
#11606=AXIS2_PLACEMENT_3D('',#11603,#11604,#11605);
#11607=PLANE('',#11606);
#11608=ORIENTED_EDGE('',*,*,#11583,.F.);
#11609=ORIENTED_EDGE('',*,*,#11597,.F.);
#11610=EDGE_LOOP('',(#11608,#11609));
#11611=FACE_OUTER_BOUND('',#11610,.F.);
#11612=ADVANCED_FACE('',(#11611),#11607,.T.);
#11613=CARTESIAN_POINT('',(2.8194E0,-5.207E0,-1.68402E1));
#11614=DIRECTION('',(0.E0,-1.E0,0.E0));
#11615=DIRECTION('',(1.E0,0.E0,0.E0));
#11616=AXIS2_PLACEMENT_3D('',#11613,#11614,#11615);
#11617=CYLINDRICAL_SURFACE('',#11616,3.302E-1);
#11618=ORIENTED_EDGE('',*,*,#8936,.F.);
#11620=ORIENTED_EDGE('',*,*,#11619,.T.);
#11622=ORIENTED_EDGE('',*,*,#11621,.T.);
#11624=ORIENTED_EDGE('',*,*,#11623,.F.);
#11625=EDGE_LOOP('',(#11618,#11620,#11622,#11624));
#11626=FACE_OUTER_BOUND('',#11625,.F.);
#11627=ADVANCED_FACE('',(#11626),#11617,.T.);
#11628=CARTESIAN_POINT('',(2.8194E0,-5.207E0,-1.68402E1));
#11629=DIRECTION('',(0.E0,-1.E0,0.E0));
#11630=DIRECTION('',(1.E0,0.E0,0.E0));
#11631=AXIS2_PLACEMENT_3D('',#11628,#11629,#11630);
#11632=CYLINDRICAL_SURFACE('',#11631,3.302E-1);
#11633=ORIENTED_EDGE('',*,*,#8938,.F.);
#11634=ORIENTED_EDGE('',*,*,#11623,.T.);
#11636=ORIENTED_EDGE('',*,*,#11635,.T.);
#11637=ORIENTED_EDGE('',*,*,#11619,.F.);
#11638=EDGE_LOOP('',(#11633,#11634,#11636,#11637));
#11639=FACE_OUTER_BOUND('',#11638,.F.);
#11640=ADVANCED_FACE('',(#11639),#11632,.T.);
#11641=CARTESIAN_POINT('',(-7.1628E0,-9.4488E0,0.E0));
#11642=DIRECTION('',(0.E0,-1.E0,0.E0));
#11643=DIRECTION('',(1.E0,0.E0,0.E0));
#11644=AXIS2_PLACEMENT_3D('',#11641,#11642,#11643);
#11645=PLANE('',#11644);
#11646=ORIENTED_EDGE('',*,*,#11621,.F.);
#11647=ORIENTED_EDGE('',*,*,#11635,.F.);
#11648=EDGE_LOOP('',(#11646,#11647));
#11649=FACE_OUTER_BOUND('',#11648,.F.);
#11650=ADVANCED_FACE('',(#11649),#11645,.T.);
#11651=CARTESIAN_POINT('',(5.588E0,-5.207E0,-1.68402E1));
#11652=DIRECTION('',(0.E0,-1.E0,0.E0));
#11653=DIRECTION('',(1.E0,0.E0,0.E0));
#11654=AXIS2_PLACEMENT_3D('',#11651,#11652,#11653);
#11655=CYLINDRICAL_SURFACE('',#11654,3.302E-1);
#11656=ORIENTED_EDGE('',*,*,#8942,.F.);
#11658=ORIENTED_EDGE('',*,*,#11657,.T.);
#11660=ORIENTED_EDGE('',*,*,#11659,.T.);
#11662=ORIENTED_EDGE('',*,*,#11661,.F.);
#11663=EDGE_LOOP('',(#11656,#11658,#11660,#11662));
#11664=FACE_OUTER_BOUND('',#11663,.F.);
#11665=ADVANCED_FACE('',(#11664),#11655,.T.);
#11666=CARTESIAN_POINT('',(5.588E0,-5.207E0,-1.68402E1));
#11667=DIRECTION('',(0.E0,-1.E0,0.E0));
#11668=DIRECTION('',(1.E0,0.E0,0.E0));
#11669=AXIS2_PLACEMENT_3D('',#11666,#11667,#11668);
#11670=CYLINDRICAL_SURFACE('',#11669,3.302E-1);
#11671=ORIENTED_EDGE('',*,*,#8944,.F.);
#11672=ORIENTED_EDGE('',*,*,#11661,.T.);
#11674=ORIENTED_EDGE('',*,*,#11673,.T.);
#11675=ORIENTED_EDGE('',*,*,#11657,.F.);
#11676=EDGE_LOOP('',(#11671,#11672,#11674,#11675));
#11677=FACE_OUTER_BOUND('',#11676,.F.);
#11678=ADVANCED_FACE('',(#11677),#11670,.T.);
#11679=CARTESIAN_POINT('',(-4.3942E0,-9.4488E0,0.E0));
#11680=DIRECTION('',(0.E0,-1.E0,0.E0));
#11681=DIRECTION('',(1.E0,0.E0,0.E0));
#11682=AXIS2_PLACEMENT_3D('',#11679,#11680,#11681);
#11683=PLANE('',#11682);
#11684=ORIENTED_EDGE('',*,*,#11659,.F.);
#11685=ORIENTED_EDGE('',*,*,#11673,.F.);
#11686=EDGE_LOOP('',(#11684,#11685));
#11687=FACE_OUTER_BOUND('',#11686,.F.);
#11688=ADVANCED_FACE('',(#11687),#11683,.T.);
#11689=CARTESIAN_POINT('',(8.3566E0,-5.207E0,-1.68402E1));
#11690=DIRECTION('',(0.E0,-1.E0,0.E0));
#11691=DIRECTION('',(1.E0,0.E0,0.E0));
#11692=AXIS2_PLACEMENT_3D('',#11689,#11690,#11691);
#11693=CYLINDRICAL_SURFACE('',#11692,3.302E-1);
#11694=ORIENTED_EDGE('',*,*,#8948,.F.);
#11696=ORIENTED_EDGE('',*,*,#11695,.T.);
#11698=ORIENTED_EDGE('',*,*,#11697,.T.);
#11700=ORIENTED_EDGE('',*,*,#11699,.F.);
#11701=EDGE_LOOP('',(#11694,#11696,#11698,#11700));
#11702=FACE_OUTER_BOUND('',#11701,.F.);
#11703=ADVANCED_FACE('',(#11702),#11693,.T.);
#11704=CARTESIAN_POINT('',(8.3566E0,-5.207E0,-1.68402E1));
#11705=DIRECTION('',(0.E0,-1.E0,0.E0));
#11706=DIRECTION('',(1.E0,0.E0,0.E0));
#11707=AXIS2_PLACEMENT_3D('',#11704,#11705,#11706);
#11708=CYLINDRICAL_SURFACE('',#11707,3.302E-1);
#11709=ORIENTED_EDGE('',*,*,#8950,.F.);
#11710=ORIENTED_EDGE('',*,*,#11699,.T.);
#11712=ORIENTED_EDGE('',*,*,#11711,.T.);
#11713=ORIENTED_EDGE('',*,*,#11695,.F.);
#11714=EDGE_LOOP('',(#11709,#11710,#11712,#11713));
#11715=FACE_OUTER_BOUND('',#11714,.F.);
#11716=ADVANCED_FACE('',(#11715),#11708,.T.);
#11717=CARTESIAN_POINT('',(-1.6256E0,-9.4488E0,0.E0));
#11718=DIRECTION('',(0.E0,-1.E0,0.E0));
#11719=DIRECTION('',(1.E0,0.E0,0.E0));
#11720=AXIS2_PLACEMENT_3D('',#11717,#11718,#11719);
#11721=PLANE('',#11720);
#11722=ORIENTED_EDGE('',*,*,#11697,.F.);
#11723=ORIENTED_EDGE('',*,*,#11711,.F.);
#11724=EDGE_LOOP('',(#11722,#11723));
#11725=FACE_OUTER_BOUND('',#11724,.F.);
#11726=ADVANCED_FACE('',(#11725),#11721,.T.);
#11727=CARTESIAN_POINT('',(1.11252E1,-5.207E0,-1.68402E1));
#11728=DIRECTION('',(0.E0,-1.E0,0.E0));
#11729=DIRECTION('',(1.E0,0.E0,0.E0));
#11730=AXIS2_PLACEMENT_3D('',#11727,#11728,#11729);
#11731=CYLINDRICAL_SURFACE('',#11730,3.302E-1);
#11732=ORIENTED_EDGE('',*,*,#8954,.F.);
#11734=ORIENTED_EDGE('',*,*,#11733,.T.);
#11736=ORIENTED_EDGE('',*,*,#11735,.T.);
#11738=ORIENTED_EDGE('',*,*,#11737,.F.);
#11739=EDGE_LOOP('',(#11732,#11734,#11736,#11738));
#11740=FACE_OUTER_BOUND('',#11739,.F.);
#11741=ADVANCED_FACE('',(#11740),#11731,.T.);
#11742=CARTESIAN_POINT('',(1.11252E1,-5.207E0,-1.68402E1));
#11743=DIRECTION('',(0.E0,-1.E0,0.E0));
#11744=DIRECTION('',(1.E0,0.E0,0.E0));
#11745=AXIS2_PLACEMENT_3D('',#11742,#11743,#11744);
#11746=CYLINDRICAL_SURFACE('',#11745,3.302E-1);
#11747=ORIENTED_EDGE('',*,*,#8956,.F.);
#11748=ORIENTED_EDGE('',*,*,#11737,.T.);
#11750=ORIENTED_EDGE('',*,*,#11749,.T.);
#11751=ORIENTED_EDGE('',*,*,#11733,.F.);
#11752=EDGE_LOOP('',(#11747,#11748,#11750,#11751));
#11753=FACE_OUTER_BOUND('',#11752,.F.);
#11754=ADVANCED_FACE('',(#11753),#11746,.T.);
#11755=CARTESIAN_POINT('',(1.143E0,-9.4488E0,0.E0));
#11756=DIRECTION('',(0.E0,-1.E0,0.E0));
#11757=DIRECTION('',(1.E0,0.E0,0.E0));
#11758=AXIS2_PLACEMENT_3D('',#11755,#11756,#11757);
#11759=PLANE('',#11758);
#11760=ORIENTED_EDGE('',*,*,#11735,.F.);
#11761=ORIENTED_EDGE('',*,*,#11749,.F.);
#11762=EDGE_LOOP('',(#11760,#11761));
#11763=FACE_OUTER_BOUND('',#11762,.F.);
#11764=ADVANCED_FACE('',(#11763),#11759,.T.);
#11765=CARTESIAN_POINT('',(1.38938E1,-5.207E0,-1.68402E1));
#11766=DIRECTION('',(0.E0,-1.E0,0.E0));
#11767=DIRECTION('',(1.E0,0.E0,0.E0));
#11768=AXIS2_PLACEMENT_3D('',#11765,#11766,#11767);
#11769=CYLINDRICAL_SURFACE('',#11768,3.302E-1);
#11770=ORIENTED_EDGE('',*,*,#8960,.F.);
#11772=ORIENTED_EDGE('',*,*,#11771,.T.);
#11774=ORIENTED_EDGE('',*,*,#11773,.T.);
#11776=ORIENTED_EDGE('',*,*,#11775,.F.);
#11777=EDGE_LOOP('',(#11770,#11772,#11774,#11776));
#11778=FACE_OUTER_BOUND('',#11777,.F.);
#11779=ADVANCED_FACE('',(#11778),#11769,.T.);
#11780=CARTESIAN_POINT('',(1.38938E1,-5.207E0,-1.68402E1));
#11781=DIRECTION('',(0.E0,-1.E0,0.E0));
#11782=DIRECTION('',(1.E0,0.E0,0.E0));
#11783=AXIS2_PLACEMENT_3D('',#11780,#11781,#11782);
#11784=CYLINDRICAL_SURFACE('',#11783,3.302E-1);
#11785=ORIENTED_EDGE('',*,*,#8962,.F.);
#11786=ORIENTED_EDGE('',*,*,#11775,.T.);
#11788=ORIENTED_EDGE('',*,*,#11787,.T.);
#11789=ORIENTED_EDGE('',*,*,#11771,.F.);
#11790=EDGE_LOOP('',(#11785,#11786,#11788,#11789));
#11791=FACE_OUTER_BOUND('',#11790,.F.);
#11792=ADVANCED_FACE('',(#11791),#11784,.T.);
#11793=CARTESIAN_POINT('',(3.9116E0,-9.4488E0,0.E0));
#11794=DIRECTION('',(0.E0,-1.E0,0.E0));
#11795=DIRECTION('',(1.E0,0.E0,0.E0));
#11796=AXIS2_PLACEMENT_3D('',#11793,#11794,#11795);
#11797=PLANE('',#11796);
#11798=ORIENTED_EDGE('',*,*,#11773,.F.);
#11799=ORIENTED_EDGE('',*,*,#11787,.F.);
#11800=EDGE_LOOP('',(#11798,#11799));
#11801=FACE_OUTER_BOUND('',#11800,.F.);
#11802=ADVANCED_FACE('',(#11801),#11797,.T.);
#11803=CARTESIAN_POINT('',(1.66624E1,-5.207E0,-1.68402E1));
#11804=DIRECTION('',(0.E0,-1.E0,0.E0));
#11805=DIRECTION('',(1.E0,0.E0,0.E0));
#11806=AXIS2_PLACEMENT_3D('',#11803,#11804,#11805);
#11807=CYLINDRICAL_SURFACE('',#11806,3.302E-1);
#11808=ORIENTED_EDGE('',*,*,#8966,.F.);
#11810=ORIENTED_EDGE('',*,*,#11809,.T.);
#11812=ORIENTED_EDGE('',*,*,#11811,.T.);
#11814=ORIENTED_EDGE('',*,*,#11813,.F.);
#11815=EDGE_LOOP('',(#11808,#11810,#11812,#11814));
#11816=FACE_OUTER_BOUND('',#11815,.F.);
#11817=ADVANCED_FACE('',(#11816),#11807,.T.);
#11818=CARTESIAN_POINT('',(1.66624E1,-5.207E0,-1.68402E1));
#11819=DIRECTION('',(0.E0,-1.E0,0.E0));
#11820=DIRECTION('',(1.E0,0.E0,0.E0));
#11821=AXIS2_PLACEMENT_3D('',#11818,#11819,#11820);
#11822=CYLINDRICAL_SURFACE('',#11821,3.302E-1);
#11823=ORIENTED_EDGE('',*,*,#8968,.F.);
#11824=ORIENTED_EDGE('',*,*,#11813,.T.);
#11826=ORIENTED_EDGE('',*,*,#11825,.T.);
#11827=ORIENTED_EDGE('',*,*,#11809,.F.);
#11828=EDGE_LOOP('',(#11823,#11824,#11826,#11827));
#11829=FACE_OUTER_BOUND('',#11828,.F.);
#11830=ADVANCED_FACE('',(#11829),#11822,.T.);
#11831=CARTESIAN_POINT('',(6.6802E0,-9.4488E0,0.E0));
#11832=DIRECTION('',(0.E0,-1.E0,0.E0));
#11833=DIRECTION('',(1.E0,0.E0,0.E0));
#11834=AXIS2_PLACEMENT_3D('',#11831,#11832,#11833);
#11835=PLANE('',#11834);
#11836=ORIENTED_EDGE('',*,*,#11811,.F.);
#11837=ORIENTED_EDGE('',*,*,#11825,.F.);
#11838=EDGE_LOOP('',(#11836,#11837));
#11839=FACE_OUTER_BOUND('',#11838,.F.);
#11840=ADVANCED_FACE('',(#11839),#11835,.T.);
#11841=CARTESIAN_POINT('',(-1.518158E1,-5.207E0,-1.39954E1));
#11842=DIRECTION('',(0.E0,-1.E0,0.E0));
#11843=DIRECTION('',(1.E0,0.E0,0.E0));
#11844=AXIS2_PLACEMENT_3D('',#11841,#11842,#11843);
#11845=CYLINDRICAL_SURFACE('',#11844,3.175E-1);
#11846=ORIENTED_EDGE('',*,*,#8972,.F.);
#11848=ORIENTED_EDGE('',*,*,#11847,.T.);
#11850=ORIENTED_EDGE('',*,*,#11849,.T.);
#11852=ORIENTED_EDGE('',*,*,#11851,.F.);
#11853=EDGE_LOOP('',(#11846,#11848,#11850,#11852));
#11854=FACE_OUTER_BOUND('',#11853,.F.);
#11855=ADVANCED_FACE('',(#11854),#11845,.T.);
#11856=CARTESIAN_POINT('',(-1.518158E1,-5.207E0,-1.39954E1));
#11857=DIRECTION('',(0.E0,-1.E0,0.E0));
#11858=DIRECTION('',(1.E0,0.E0,0.E0));
#11859=AXIS2_PLACEMENT_3D('',#11856,#11857,#11858);
#11860=CYLINDRICAL_SURFACE('',#11859,3.175E-1);
#11861=ORIENTED_EDGE('',*,*,#8974,.F.);
#11862=ORIENTED_EDGE('',*,*,#11851,.T.);
#11864=ORIENTED_EDGE('',*,*,#11863,.T.);
#11865=ORIENTED_EDGE('',*,*,#11847,.F.);
#11866=EDGE_LOOP('',(#11861,#11862,#11864,#11865));
#11867=FACE_OUTER_BOUND('',#11866,.F.);
#11868=ADVANCED_FACE('',(#11867),#11860,.T.);
#11869=CARTESIAN_POINT('',(-2.6543E1,-9.4488E0,0.E0));
#11870=DIRECTION('',(0.E0,-1.E0,0.E0));
#11871=DIRECTION('',(1.E0,0.E0,0.E0));
#11872=AXIS2_PLACEMENT_3D('',#11869,#11870,#11871);
#11873=PLANE('',#11872);
#11874=ORIENTED_EDGE('',*,*,#11849,.F.);
#11875=ORIENTED_EDGE('',*,*,#11863,.F.);
#11876=EDGE_LOOP('',(#11874,#11875));
#11877=FACE_OUTER_BOUND('',#11876,.F.);
#11878=ADVANCED_FACE('',(#11877),#11873,.T.);
#11879=CARTESIAN_POINT('',(-1.241298E1,-5.207E0,-1.39954E1));
#11880=DIRECTION('',(0.E0,-1.E0,0.E0));
#11881=DIRECTION('',(1.E0,0.E0,0.E0));
#11882=AXIS2_PLACEMENT_3D('',#11879,#11880,#11881);
#11883=CYLINDRICAL_SURFACE('',#11882,3.175E-1);
#11884=ORIENTED_EDGE('',*,*,#8978,.F.);
#11886=ORIENTED_EDGE('',*,*,#11885,.T.);
#11888=ORIENTED_EDGE('',*,*,#11887,.T.);
#11890=ORIENTED_EDGE('',*,*,#11889,.F.);
#11891=EDGE_LOOP('',(#11884,#11886,#11888,#11890));
#11892=FACE_OUTER_BOUND('',#11891,.F.);
#11893=ADVANCED_FACE('',(#11892),#11883,.T.);
#11894=CARTESIAN_POINT('',(-1.241298E1,-5.207E0,-1.39954E1));
#11895=DIRECTION('',(0.E0,-1.E0,0.E0));
#11896=DIRECTION('',(1.E0,0.E0,0.E0));
#11897=AXIS2_PLACEMENT_3D('',#11894,#11895,#11896);
#11898=CYLINDRICAL_SURFACE('',#11897,3.175E-1);
#11899=ORIENTED_EDGE('',*,*,#8980,.F.);
#11900=ORIENTED_EDGE('',*,*,#11889,.T.);
#11902=ORIENTED_EDGE('',*,*,#11901,.T.);
#11903=ORIENTED_EDGE('',*,*,#11885,.F.);
#11904=EDGE_LOOP('',(#11899,#11900,#11902,#11903));
#11905=FACE_OUTER_BOUND('',#11904,.F.);
#11906=ADVANCED_FACE('',(#11905),#11898,.T.);
#11907=CARTESIAN_POINT('',(-2.6543E1,-9.4488E0,0.E0));
#11908=DIRECTION('',(0.E0,-1.E0,0.E0));
#11909=DIRECTION('',(1.E0,0.E0,0.E0));
#11910=AXIS2_PLACEMENT_3D('',#11907,#11908,#11909);
#11911=PLANE('',#11910);
#11912=ORIENTED_EDGE('',*,*,#11887,.F.);
#11913=ORIENTED_EDGE('',*,*,#11901,.F.);
#11914=EDGE_LOOP('',(#11912,#11913));
#11915=FACE_OUTER_BOUND('',#11914,.F.);
#11916=ADVANCED_FACE('',(#11915),#11911,.T.);
#11917=CARTESIAN_POINT('',(-9.64438E0,-5.207E0,-1.39954E1));
#11918=DIRECTION('',(0.E0,-1.E0,0.E0));
#11919=DIRECTION('',(1.E0,0.E0,0.E0));
#11920=AXIS2_PLACEMENT_3D('',#11917,#11918,#11919);
#11921=CYLINDRICAL_SURFACE('',#11920,3.175E-1);
#11922=ORIENTED_EDGE('',*,*,#8984,.F.);
#11924=ORIENTED_EDGE('',*,*,#11923,.T.);
#11926=ORIENTED_EDGE('',*,*,#11925,.T.);
#11928=ORIENTED_EDGE('',*,*,#11927,.F.);
#11929=EDGE_LOOP('',(#11922,#11924,#11926,#11928));
#11930=FACE_OUTER_BOUND('',#11929,.F.);
#11931=ADVANCED_FACE('',(#11930),#11921,.T.);
#11932=CARTESIAN_POINT('',(-9.64438E0,-5.207E0,-1.39954E1));
#11933=DIRECTION('',(0.E0,-1.E0,0.E0));
#11934=DIRECTION('',(1.E0,0.E0,0.E0));
#11935=AXIS2_PLACEMENT_3D('',#11932,#11933,#11934);
#11936=CYLINDRICAL_SURFACE('',#11935,3.175E-1);
#11937=ORIENTED_EDGE('',*,*,#8986,.F.);
#11938=ORIENTED_EDGE('',*,*,#11927,.T.);
#11940=ORIENTED_EDGE('',*,*,#11939,.T.);
#11941=ORIENTED_EDGE('',*,*,#11923,.F.);
#11942=EDGE_LOOP('',(#11937,#11938,#11940,#11941));
#11943=FACE_OUTER_BOUND('',#11942,.F.);
#11944=ADVANCED_FACE('',(#11943),#11936,.T.);
#11945=CARTESIAN_POINT('',(-2.6543E1,-9.4488E0,0.E0));
#11946=DIRECTION('',(0.E0,-1.E0,0.E0));
#11947=DIRECTION('',(1.E0,0.E0,0.E0));
#11948=AXIS2_PLACEMENT_3D('',#11945,#11946,#11947);
#11949=PLANE('',#11948);
#11950=ORIENTED_EDGE('',*,*,#11925,.F.);
#11951=ORIENTED_EDGE('',*,*,#11939,.F.);
#11952=EDGE_LOOP('',(#11950,#11951));
#11953=FACE_OUTER_BOUND('',#11952,.F.);
#11954=ADVANCED_FACE('',(#11953),#11949,.T.);
#11955=CARTESIAN_POINT('',(-6.87578E0,-5.207E0,-1.39954E1));
#11956=DIRECTION('',(0.E0,-1.E0,0.E0));
#11957=DIRECTION('',(1.E0,0.E0,0.E0));
#11958=AXIS2_PLACEMENT_3D('',#11955,#11956,#11957);
#11959=CYLINDRICAL_SURFACE('',#11958,3.175E-1);
#11960=ORIENTED_EDGE('',*,*,#8990,.F.);
#11962=ORIENTED_EDGE('',*,*,#11961,.T.);
#11964=ORIENTED_EDGE('',*,*,#11963,.T.);
#11966=ORIENTED_EDGE('',*,*,#11965,.F.);
#11967=EDGE_LOOP('',(#11960,#11962,#11964,#11966));
#11968=FACE_OUTER_BOUND('',#11967,.F.);
#11969=ADVANCED_FACE('',(#11968),#11959,.T.);
#11970=CARTESIAN_POINT('',(-6.87578E0,-5.207E0,-1.39954E1));
#11971=DIRECTION('',(0.E0,-1.E0,0.E0));
#11972=DIRECTION('',(1.E0,0.E0,0.E0));
#11973=AXIS2_PLACEMENT_3D('',#11970,#11971,#11972);
#11974=CYLINDRICAL_SURFACE('',#11973,3.175E-1);
#11975=ORIENTED_EDGE('',*,*,#8992,.F.);
#11976=ORIENTED_EDGE('',*,*,#11965,.T.);
#11978=ORIENTED_EDGE('',*,*,#11977,.T.);
#11979=ORIENTED_EDGE('',*,*,#11961,.F.);
#11980=EDGE_LOOP('',(#11975,#11976,#11978,#11979));
#11981=FACE_OUTER_BOUND('',#11980,.F.);
#11982=ADVANCED_FACE('',(#11981),#11974,.T.);
#11983=CARTESIAN_POINT('',(-2.6543E1,-9.4488E0,0.E0));
#11984=DIRECTION('',(0.E0,-1.E0,0.E0));
#11985=DIRECTION('',(1.E0,0.E0,0.E0));
#11986=AXIS2_PLACEMENT_3D('',#11983,#11984,#11985);
#11987=PLANE('',#11986);
#11988=ORIENTED_EDGE('',*,*,#11963,.F.);
#11989=ORIENTED_EDGE('',*,*,#11977,.F.);
#11990=EDGE_LOOP('',(#11988,#11989));
#11991=FACE_OUTER_BOUND('',#11990,.F.);
#11992=ADVANCED_FACE('',(#11991),#11987,.T.);
#11993=CARTESIAN_POINT('',(-4.10718E0,-5.207E0,-1.39954E1));
#11994=DIRECTION('',(0.E0,-1.E0,0.E0));
#11995=DIRECTION('',(1.E0,0.E0,0.E0));
#11996=AXIS2_PLACEMENT_3D('',#11993,#11994,#11995);
#11997=CYLINDRICAL_SURFACE('',#11996,3.175E-1);
#11998=ORIENTED_EDGE('',*,*,#8996,.F.);
#12000=ORIENTED_EDGE('',*,*,#11999,.T.);
#12002=ORIENTED_EDGE('',*,*,#12001,.T.);
#12004=ORIENTED_EDGE('',*,*,#12003,.F.);
#12005=EDGE_LOOP('',(#11998,#12000,#12002,#12004));
#12006=FACE_OUTER_BOUND('',#12005,.F.);
#12007=ADVANCED_FACE('',(#12006),#11997,.T.);
#12008=CARTESIAN_POINT('',(-4.10718E0,-5.207E0,-1.39954E1));
#12009=DIRECTION('',(0.E0,-1.E0,0.E0));
#12010=DIRECTION('',(1.E0,0.E0,0.E0));
#12011=AXIS2_PLACEMENT_3D('',#12008,#12009,#12010);
#12012=CYLINDRICAL_SURFACE('',#12011,3.175E-1);
#12013=ORIENTED_EDGE('',*,*,#8998,.F.);
#12014=ORIENTED_EDGE('',*,*,#12003,.T.);
#12016=ORIENTED_EDGE('',*,*,#12015,.T.);
#12017=ORIENTED_EDGE('',*,*,#11999,.F.);
#12018=EDGE_LOOP('',(#12013,#12014,#12016,#12017));
#12019=FACE_OUTER_BOUND('',#12018,.F.);
#12020=ADVANCED_FACE('',(#12019),#12012,.T.);
#12021=CARTESIAN_POINT('',(-2.6543E1,-9.4488E0,0.E0));
#12022=DIRECTION('',(0.E0,-1.E0,0.E0));
#12023=DIRECTION('',(1.E0,0.E0,0.E0));
#12024=AXIS2_PLACEMENT_3D('',#12021,#12022,#12023);
#12025=PLANE('',#12024);
#12026=ORIENTED_EDGE('',*,*,#12001,.F.);
#12027=ORIENTED_EDGE('',*,*,#12015,.F.);
#12028=EDGE_LOOP('',(#12026,#12027));
#12029=FACE_OUTER_BOUND('',#12028,.F.);
#12030=ADVANCED_FACE('',(#12029),#12025,.T.);
#12031=CARTESIAN_POINT('',(-1.33858E0,-5.207E0,-1.39954E1));
#12032=DIRECTION('',(0.E0,-1.E0,0.E0));
#12033=DIRECTION('',(1.E0,0.E0,0.E0));
#12034=AXIS2_PLACEMENT_3D('',#12031,#12032,#12033);
#12035=CYLINDRICAL_SURFACE('',#12034,3.175E-1);
#12036=ORIENTED_EDGE('',*,*,#9002,.F.);
#12038=ORIENTED_EDGE('',*,*,#12037,.T.);
#12040=ORIENTED_EDGE('',*,*,#12039,.T.);
#12042=ORIENTED_EDGE('',*,*,#12041,.F.);
#12043=EDGE_LOOP('',(#12036,#12038,#12040,#12042));
#12044=FACE_OUTER_BOUND('',#12043,.F.);
#12045=ADVANCED_FACE('',(#12044),#12035,.T.);
#12046=CARTESIAN_POINT('',(-1.33858E0,-5.207E0,-1.39954E1));
#12047=DIRECTION('',(0.E0,-1.E0,0.E0));
#12048=DIRECTION('',(1.E0,0.E0,0.E0));
#12049=AXIS2_PLACEMENT_3D('',#12046,#12047,#12048);
#12050=CYLINDRICAL_SURFACE('',#12049,3.175E-1);
#12051=ORIENTED_EDGE('',*,*,#9004,.F.);
#12052=ORIENTED_EDGE('',*,*,#12041,.T.);
#12054=ORIENTED_EDGE('',*,*,#12053,.T.);
#12055=ORIENTED_EDGE('',*,*,#12037,.F.);
#12056=EDGE_LOOP('',(#12051,#12052,#12054,#12055));
#12057=FACE_OUTER_BOUND('',#12056,.F.);
#12058=ADVANCED_FACE('',(#12057),#12050,.T.);
#12059=CARTESIAN_POINT('',(-2.6543E1,-9.4488E0,0.E0));
#12060=DIRECTION('',(0.E0,-1.E0,0.E0));
#12061=DIRECTION('',(1.E0,0.E0,0.E0));
#12062=AXIS2_PLACEMENT_3D('',#12059,#12060,#12061);
#12063=PLANE('',#12062);
#12064=ORIENTED_EDGE('',*,*,#12039,.F.);
#12065=ORIENTED_EDGE('',*,*,#12053,.F.);
#12066=EDGE_LOOP('',(#12064,#12065));
#12067=FACE_OUTER_BOUND('',#12066,.F.);
#12068=ADVANCED_FACE('',(#12067),#12063,.T.);
#12069=CARTESIAN_POINT('',(1.43002E0,-5.207E0,-1.39954E1));
#12070=DIRECTION('',(0.E0,-1.E0,0.E0));
#12071=DIRECTION('',(1.E0,0.E0,0.E0));
#12072=AXIS2_PLACEMENT_3D('',#12069,#12070,#12071);
#12073=CYLINDRICAL_SURFACE('',#12072,3.175E-1);
#12074=ORIENTED_EDGE('',*,*,#9008,.F.);
#12076=ORIENTED_EDGE('',*,*,#12075,.T.);
#12078=ORIENTED_EDGE('',*,*,#12077,.T.);
#12080=ORIENTED_EDGE('',*,*,#12079,.F.);
#12081=EDGE_LOOP('',(#12074,#12076,#12078,#12080));
#12082=FACE_OUTER_BOUND('',#12081,.F.);
#12083=ADVANCED_FACE('',(#12082),#12073,.T.);
#12084=CARTESIAN_POINT('',(1.43002E0,-5.207E0,-1.39954E1));
#12085=DIRECTION('',(0.E0,-1.E0,0.E0));
#12086=DIRECTION('',(1.E0,0.E0,0.E0));
#12087=AXIS2_PLACEMENT_3D('',#12084,#12085,#12086);
#12088=CYLINDRICAL_SURFACE('',#12087,3.175E-1);
#12089=ORIENTED_EDGE('',*,*,#9010,.F.);
#12090=ORIENTED_EDGE('',*,*,#12079,.T.);
#12092=ORIENTED_EDGE('',*,*,#12091,.T.);
#12093=ORIENTED_EDGE('',*,*,#12075,.F.);
#12094=EDGE_LOOP('',(#12089,#12090,#12092,#12093));
#12095=FACE_OUTER_BOUND('',#12094,.F.);
#12096=ADVANCED_FACE('',(#12095),#12088,.T.);
#12097=CARTESIAN_POINT('',(-2.6543E1,-9.4488E0,0.E0));
#12098=DIRECTION('',(0.E0,-1.E0,0.E0));
#12099=DIRECTION('',(1.E0,0.E0,0.E0));
#12100=AXIS2_PLACEMENT_3D('',#12097,#12098,#12099);
#12101=PLANE('',#12100);
#12102=ORIENTED_EDGE('',*,*,#12077,.F.);
#12103=ORIENTED_EDGE('',*,*,#12091,.F.);
#12104=EDGE_LOOP('',(#12102,#12103));
#12105=FACE_OUTER_BOUND('',#12104,.F.);
#12106=ADVANCED_FACE('',(#12105),#12101,.T.);
#12107=CARTESIAN_POINT('',(4.19862E0,-5.207E0,-1.39954E1));
#12108=DIRECTION('',(0.E0,-1.E0,0.E0));
#12109=DIRECTION('',(1.E0,0.E0,0.E0));
#12110=AXIS2_PLACEMENT_3D('',#12107,#12108,#12109);
#12111=CYLINDRICAL_SURFACE('',#12110,3.175E-1);
#12112=ORIENTED_EDGE('',*,*,#9014,.F.);
#12114=ORIENTED_EDGE('',*,*,#12113,.T.);
#12116=ORIENTED_EDGE('',*,*,#12115,.T.);
#12118=ORIENTED_EDGE('',*,*,#12117,.F.);
#12119=EDGE_LOOP('',(#12112,#12114,#12116,#12118));
#12120=FACE_OUTER_BOUND('',#12119,.F.);
#12121=ADVANCED_FACE('',(#12120),#12111,.T.);
#12122=CARTESIAN_POINT('',(4.19862E0,-5.207E0,-1.39954E1));
#12123=DIRECTION('',(0.E0,-1.E0,0.E0));
#12124=DIRECTION('',(1.E0,0.E0,0.E0));
#12125=AXIS2_PLACEMENT_3D('',#12122,#12123,#12124);
#12126=CYLINDRICAL_SURFACE('',#12125,3.175E-1);
#12127=ORIENTED_EDGE('',*,*,#9016,.F.);
#12128=ORIENTED_EDGE('',*,*,#12117,.T.);
#12130=ORIENTED_EDGE('',*,*,#12129,.T.);
#12131=ORIENTED_EDGE('',*,*,#12113,.F.);
#12132=EDGE_LOOP('',(#12127,#12128,#12130,#12131));
#12133=FACE_OUTER_BOUND('',#12132,.F.);
#12134=ADVANCED_FACE('',(#12133),#12126,.T.);
#12135=CARTESIAN_POINT('',(-2.6543E1,-9.4488E0,0.E0));
#12136=DIRECTION('',(0.E0,-1.E0,0.E0));
#12137=DIRECTION('',(1.E0,0.E0,0.E0));
#12138=AXIS2_PLACEMENT_3D('',#12135,#12136,#12137);
#12139=PLANE('',#12138);
#12140=ORIENTED_EDGE('',*,*,#12115,.F.);
#12141=ORIENTED_EDGE('',*,*,#12129,.F.);
#12142=EDGE_LOOP('',(#12140,#12141));
#12143=FACE_OUTER_BOUND('',#12142,.F.);
#12144=ADVANCED_FACE('',(#12143),#12139,.T.);
#12145=CARTESIAN_POINT('',(6.96722E0,-5.207E0,-1.39954E1));
#12146=DIRECTION('',(0.E0,-1.E0,0.E0));
#12147=DIRECTION('',(1.E0,0.E0,0.E0));
#12148=AXIS2_PLACEMENT_3D('',#12145,#12146,#12147);
#12149=CYLINDRICAL_SURFACE('',#12148,3.175E-1);
#12150=ORIENTED_EDGE('',*,*,#9020,.F.);
#12152=ORIENTED_EDGE('',*,*,#12151,.T.);
#12154=ORIENTED_EDGE('',*,*,#12153,.T.);
#12156=ORIENTED_EDGE('',*,*,#12155,.F.);
#12157=EDGE_LOOP('',(#12150,#12152,#12154,#12156));
#12158=FACE_OUTER_BOUND('',#12157,.F.);
#12159=ADVANCED_FACE('',(#12158),#12149,.T.);
#12160=CARTESIAN_POINT('',(6.96722E0,-5.207E0,-1.39954E1));
#12161=DIRECTION('',(0.E0,-1.E0,0.E0));
#12162=DIRECTION('',(1.E0,0.E0,0.E0));
#12163=AXIS2_PLACEMENT_3D('',#12160,#12161,#12162);
#12164=CYLINDRICAL_SURFACE('',#12163,3.175E-1);
#12165=ORIENTED_EDGE('',*,*,#9022,.F.);
#12166=ORIENTED_EDGE('',*,*,#12155,.T.);
#12168=ORIENTED_EDGE('',*,*,#12167,.T.);
#12169=ORIENTED_EDGE('',*,*,#12151,.F.);
#12170=EDGE_LOOP('',(#12165,#12166,#12168,#12169));
#12171=FACE_OUTER_BOUND('',#12170,.F.);
#12172=ADVANCED_FACE('',(#12171),#12164,.T.);
#12173=CARTESIAN_POINT('',(-2.6543E1,-9.4488E0,0.E0));
#12174=DIRECTION('',(0.E0,-1.E0,0.E0));
#12175=DIRECTION('',(1.E0,0.E0,0.E0));
#12176=AXIS2_PLACEMENT_3D('',#12173,#12174,#12175);
#12177=PLANE('',#12176);
#12178=ORIENTED_EDGE('',*,*,#12153,.F.);
#12179=ORIENTED_EDGE('',*,*,#12167,.F.);
#12180=EDGE_LOOP('',(#12178,#12179));
#12181=FACE_OUTER_BOUND('',#12180,.F.);
#12182=ADVANCED_FACE('',(#12181),#12177,.T.);
#12183=CARTESIAN_POINT('',(9.73582E0,-5.207E0,-1.39954E1));
#12184=DIRECTION('',(0.E0,-1.E0,0.E0));
#12185=DIRECTION('',(1.E0,0.E0,0.E0));
#12186=AXIS2_PLACEMENT_3D('',#12183,#12184,#12185);
#12187=CYLINDRICAL_SURFACE('',#12186,3.175E-1);
#12188=ORIENTED_EDGE('',*,*,#9026,.F.);
#12190=ORIENTED_EDGE('',*,*,#12189,.T.);
#12192=ORIENTED_EDGE('',*,*,#12191,.T.);
#12194=ORIENTED_EDGE('',*,*,#12193,.F.);
#12195=EDGE_LOOP('',(#12188,#12190,#12192,#12194));
#12196=FACE_OUTER_BOUND('',#12195,.F.);
#12197=ADVANCED_FACE('',(#12196),#12187,.T.);
#12198=CARTESIAN_POINT('',(9.73582E0,-5.207E0,-1.39954E1));
#12199=DIRECTION('',(0.E0,-1.E0,0.E0));
#12200=DIRECTION('',(1.E0,0.E0,0.E0));
#12201=AXIS2_PLACEMENT_3D('',#12198,#12199,#12200);
#12202=CYLINDRICAL_SURFACE('',#12201,3.175E-1);
#12203=ORIENTED_EDGE('',*,*,#9028,.F.);
#12204=ORIENTED_EDGE('',*,*,#12193,.T.);
#12206=ORIENTED_EDGE('',*,*,#12205,.T.);
#12207=ORIENTED_EDGE('',*,*,#12189,.F.);
#12208=EDGE_LOOP('',(#12203,#12204,#12206,#12207));
#12209=FACE_OUTER_BOUND('',#12208,.F.);
#12210=ADVANCED_FACE('',(#12209),#12202,.T.);
#12211=CARTESIAN_POINT('',(-2.6543E1,-9.4488E0,0.E0));
#12212=DIRECTION('',(0.E0,-1.E0,0.E0));
#12213=DIRECTION('',(1.E0,0.E0,0.E0));
#12214=AXIS2_PLACEMENT_3D('',#12211,#12212,#12213);
#12215=PLANE('',#12214);
#12216=ORIENTED_EDGE('',*,*,#12191,.F.);
#12217=ORIENTED_EDGE('',*,*,#12205,.F.);
#12218=EDGE_LOOP('',(#12216,#12217));
#12219=FACE_OUTER_BOUND('',#12218,.F.);
#12220=ADVANCED_FACE('',(#12219),#12215,.T.);
#12221=CARTESIAN_POINT('',(1.250442E1,-5.207E0,-1.39954E1));
#12222=DIRECTION('',(0.E0,-1.E0,0.E0));
#12223=DIRECTION('',(1.E0,0.E0,0.E0));
#12224=AXIS2_PLACEMENT_3D('',#12221,#12222,#12223);
#12225=CYLINDRICAL_SURFACE('',#12224,3.175E-1);
#12226=ORIENTED_EDGE('',*,*,#9032,.F.);
#12228=ORIENTED_EDGE('',*,*,#12227,.T.);
#12230=ORIENTED_EDGE('',*,*,#12229,.T.);
#12232=ORIENTED_EDGE('',*,*,#12231,.F.);
#12233=EDGE_LOOP('',(#12226,#12228,#12230,#12232));
#12234=FACE_OUTER_BOUND('',#12233,.F.);
#12235=ADVANCED_FACE('',(#12234),#12225,.T.);
#12236=CARTESIAN_POINT('',(1.250442E1,-5.207E0,-1.39954E1));
#12237=DIRECTION('',(0.E0,-1.E0,0.E0));
#12238=DIRECTION('',(1.E0,0.E0,0.E0));
#12239=AXIS2_PLACEMENT_3D('',#12236,#12237,#12238);
#12240=CYLINDRICAL_SURFACE('',#12239,3.175E-1);
#12241=ORIENTED_EDGE('',*,*,#9034,.F.);
#12242=ORIENTED_EDGE('',*,*,#12231,.T.);
#12244=ORIENTED_EDGE('',*,*,#12243,.T.);
#12245=ORIENTED_EDGE('',*,*,#12227,.F.);
#12246=EDGE_LOOP('',(#12241,#12242,#12244,#12245));
#12247=FACE_OUTER_BOUND('',#12246,.F.);
#12248=ADVANCED_FACE('',(#12247),#12240,.T.);
#12249=CARTESIAN_POINT('',(-2.6543E1,-9.4488E0,0.E0));
#12250=DIRECTION('',(0.E0,-1.E0,0.E0));
#12251=DIRECTION('',(1.E0,0.E0,0.E0));
#12252=AXIS2_PLACEMENT_3D('',#12249,#12250,#12251);
#12253=PLANE('',#12252);
#12254=ORIENTED_EDGE('',*,*,#12229,.F.);
#12255=ORIENTED_EDGE('',*,*,#12243,.F.);
#12256=EDGE_LOOP('',(#12254,#12255));
#12257=FACE_OUTER_BOUND('',#12256,.F.);
#12258=ADVANCED_FACE('',(#12257),#12253,.T.);
#12259=CARTESIAN_POINT('',(1.527302E1,-5.207E0,-1.39954E1));
#12260=DIRECTION('',(0.E0,-1.E0,0.E0));
#12261=DIRECTION('',(1.E0,0.E0,0.E0));
#12262=AXIS2_PLACEMENT_3D('',#12259,#12260,#12261);
#12263=CYLINDRICAL_SURFACE('',#12262,3.175E-1);
#12264=ORIENTED_EDGE('',*,*,#9038,.F.);
#12266=ORIENTED_EDGE('',*,*,#12265,.T.);
#12268=ORIENTED_EDGE('',*,*,#12267,.T.);
#12270=ORIENTED_EDGE('',*,*,#12269,.F.);
#12271=EDGE_LOOP('',(#12264,#12266,#12268,#12270));
#12272=FACE_OUTER_BOUND('',#12271,.F.);
#12273=ADVANCED_FACE('',(#12272),#12263,.T.);
#12274=CARTESIAN_POINT('',(1.527302E1,-5.207E0,-1.39954E1));
#12275=DIRECTION('',(0.E0,-1.E0,0.E0));
#12276=DIRECTION('',(1.E0,0.E0,0.E0));
#12277=AXIS2_PLACEMENT_3D('',#12274,#12275,#12276);
#12278=CYLINDRICAL_SURFACE('',#12277,3.175E-1);
#12279=ORIENTED_EDGE('',*,*,#9040,.F.);
#12280=ORIENTED_EDGE('',*,*,#12269,.T.);
#12282=ORIENTED_EDGE('',*,*,#12281,.T.);
#12283=ORIENTED_EDGE('',*,*,#12265,.F.);
#12284=EDGE_LOOP('',(#12279,#12280,#12282,#12283));
#12285=FACE_OUTER_BOUND('',#12284,.F.);
#12286=ADVANCED_FACE('',(#12285),#12278,.T.);
#12287=CARTESIAN_POINT('',(-2.6543E1,-9.4488E0,0.E0));
#12288=DIRECTION('',(0.E0,-1.E0,0.E0));
#12289=DIRECTION('',(1.E0,0.E0,0.E0));
#12290=AXIS2_PLACEMENT_3D('',#12287,#12288,#12289);
#12291=PLANE('',#12290);
#12292=ORIENTED_EDGE('',*,*,#12267,.F.);
#12293=ORIENTED_EDGE('',*,*,#12281,.F.);
#12294=EDGE_LOOP('',(#12292,#12293));
#12295=FACE_OUTER_BOUND('',#12294,.F.);
#12296=ADVANCED_FACE('',(#12295),#12291,.T.);
#12297=CARTESIAN_POINT('',(2.35204E1,0.E0,-5.8928E0));
#12298=DIRECTION('',(0.E0,0.E0,1.E0));
#12299=DIRECTION('',(1.E0,0.E0,0.E0));
#12300=AXIS2_PLACEMENT_3D('',#12297,#12298,#12299);
#12301=CYLINDRICAL_SURFACE('',#12300,1.9558E0);
#12303=ORIENTED_EDGE('',*,*,#12302,.T.);
#12305=ORIENTED_EDGE('',*,*,#12304,.F.);
#12306=ORIENTED_EDGE('',*,*,#8616,.F.);
#12308=ORIENTED_EDGE('',*,*,#12307,.T.);
#12309=EDGE_LOOP('',(#12303,#12305,#12306,#12308));
#12310=FACE_OUTER_BOUND('',#12309,.F.);
#12311=ADVANCED_FACE('',(#12310),#12301,.F.);
#12312=CARTESIAN_POINT('',(-2.6543E1,0.E0,-6.30936E0));
#12313=DIRECTION('',(0.E0,0.E0,1.E0));
#12314=DIRECTION('',(1.E0,0.E0,0.E0));
#12315=AXIS2_PLACEMENT_3D('',#12312,#12313,#12314);
#12316=PLANE('',#12315);
#12318=ORIENTED_EDGE('',*,*,#12317,.T.);
#12320=ORIENTED_EDGE('',*,*,#12319,.T.);
#12321=EDGE_LOOP('',(#12318,#12320));
#12322=FACE_OUTER_BOUND('',#12321,.F.);
#12323=ORIENTED_EDGE('',*,*,#12302,.F.);
#12325=ORIENTED_EDGE('',*,*,#12324,.F.);
#12326=EDGE_LOOP('',(#12323,#12325));
#12327=FACE_BOUND('',#12326,.F.);
#12328=ADVANCED_FACE('',(#12322,#12327),#12316,.F.);
#12329=CARTESIAN_POINT('',(-2.6543E1,0.E0,-6.30936E0));
#12330=DIRECTION('',(0.E0,0.E0,1.E0));
#12331=DIRECTION('',(1.E0,0.E0,0.E0));
#12332=AXIS2_PLACEMENT_3D('',#12329,#12330,#12331);
#12333=PLANE('',#12332);
#12335=ORIENTED_EDGE('',*,*,#12334,.T.);
#12337=ORIENTED_EDGE('',*,*,#12336,.T.);
#12338=EDGE_LOOP('',(#12335,#12337));
#12339=FACE_OUTER_BOUND('',#12338,.F.);
#12341=ORIENTED_EDGE('',*,*,#12340,.F.);
#12343=ORIENTED_EDGE('',*,*,#12342,.F.);
#12344=EDGE_LOOP('',(#12341,#12343));
#12345=FACE_BOUND('',#12344,.F.);
#12346=ADVANCED_FACE('',(#12339,#12345),#12333,.F.);
#12347=CARTESIAN_POINT('',(2.35204E1,0.E0,-6.30936E0));
#12348=DIRECTION('',(0.E0,0.E0,1.E0));
#12349=DIRECTION('',(1.E0,0.E0,0.E0));
#12350=AXIS2_PLACEMENT_3D('',#12347,#12348,#12349);
#12351=CYLINDRICAL_SURFACE('',#12350,1.9939E0);
#12352=ORIENTED_EDGE('',*,*,#12317,.F.);
#12354=ORIENTED_EDGE('',*,*,#12353,.T.);
#12356=ORIENTED_EDGE('',*,*,#12355,.T.);
#12358=ORIENTED_EDGE('',*,*,#12357,.F.);
#12359=EDGE_LOOP('',(#12352,#12354,#12356,#12358));
#12360=FACE_OUTER_BOUND('',#12359,.F.);
#12361=ADVANCED_FACE('',(#12360),#12351,.F.);
#12362=CARTESIAN_POINT('',(2.35204E1,0.E0,-6.30936E0));
#12363=DIRECTION('',(0.E0,0.E0,1.E0));
#12364=DIRECTION('',(1.E0,0.E0,0.E0));
#12365=AXIS2_PLACEMENT_3D('',#12362,#12363,#12364);
#12366=CYLINDRICAL_SURFACE('',#12365,1.9939E0);
#12367=ORIENTED_EDGE('',*,*,#12319,.F.);
#12368=ORIENTED_EDGE('',*,*,#12357,.T.);
#12370=ORIENTED_EDGE('',*,*,#12369,.T.);
#12371=ORIENTED_EDGE('',*,*,#12353,.F.);
#12372=EDGE_LOOP('',(#12367,#12368,#12370,#12371));
#12373=FACE_OUTER_BOUND('',#12372,.F.);
#12374=ADVANCED_FACE('',(#12373),#12366,.F.);
#12375=CARTESIAN_POINT('',(-2.6543E1,0.E0,-7.309358E0));
#12376=DIRECTION('',(0.E0,0.E0,1.E0));
#12377=DIRECTION('',(1.E0,0.E0,0.E0));
#12378=AXIS2_PLACEMENT_3D('',#12375,#12376,#12377);
#12379=PLANE('',#12378);
#12380=ORIENTED_EDGE('',*,*,#12355,.F.);
#12381=ORIENTED_EDGE('',*,*,#12369,.F.);
#12382=EDGE_LOOP('',(#12380,#12381));
#12383=FACE_OUTER_BOUND('',#12382,.F.);
#12385=ORIENTED_EDGE('',*,*,#12384,.T.);
#12387=ORIENTED_EDGE('',*,*,#12386,.T.);
#12388=EDGE_LOOP('',(#12385,#12387));
#12389=FACE_BOUND('',#12388,.F.);
#12390=ADVANCED_FACE('',(#12383,#12389),#12379,.T.);
#12391=CARTESIAN_POINT('',(-2.6543E1,0.E0,-7.309358E0));
#12392=DIRECTION('',(0.E0,0.E0,1.E0));
#12393=DIRECTION('',(1.E0,0.E0,0.E0));
#12394=AXIS2_PLACEMENT_3D('',#12391,#12392,#12393);
#12395=PLANE('',#12394);
#12397=ORIENTED_EDGE('',*,*,#12396,.F.);
#12399=ORIENTED_EDGE('',*,*,#12398,.F.);
#12400=EDGE_LOOP('',(#12397,#12399));
#12401=FACE_OUTER_BOUND('',#12400,.F.);
#12403=ORIENTED_EDGE('',*,*,#12402,.F.);
#12405=ORIENTED_EDGE('',*,*,#12404,.F.);
#12406=EDGE_LOOP('',(#12403,#12405));
#12407=FACE_BOUND('',#12406,.F.);
#12408=ADVANCED_FACE('',(#12401,#12407),#12395,.T.);
#12409=CARTESIAN_POINT('',(-2.35204E1,0.E0,-6.30936E0));
#12410=DIRECTION('',(0.E0,0.E0,1.E0));
#12411=DIRECTION('',(1.E0,0.E0,0.E0));
#12412=AXIS2_PLACEMENT_3D('',#12409,#12410,#12411);
#12413=CYLINDRICAL_SURFACE('',#12412,1.9939E0);
#12414=ORIENTED_EDGE('',*,*,#12334,.F.);
#12416=ORIENTED_EDGE('',*,*,#12415,.T.);
#12417=ORIENTED_EDGE('',*,*,#12396,.T.);
#12419=ORIENTED_EDGE('',*,*,#12418,.F.);
#12420=EDGE_LOOP('',(#12414,#12416,#12417,#12419));
#12421=FACE_OUTER_BOUND('',#12420,.F.);
#12422=ADVANCED_FACE('',(#12421),#12413,.F.);
#12423=CARTESIAN_POINT('',(-2.35204E1,0.E0,-6.30936E0));
#12424=DIRECTION('',(0.E0,0.E0,1.E0));
#12425=DIRECTION('',(1.E0,0.E0,0.E0));
#12426=AXIS2_PLACEMENT_3D('',#12423,#12424,#12425);
#12427=CYLINDRICAL_SURFACE('',#12426,1.9939E0);
#12428=ORIENTED_EDGE('',*,*,#12336,.F.);
#12429=ORIENTED_EDGE('',*,*,#12418,.T.);
#12430=ORIENTED_EDGE('',*,*,#12398,.T.);
#12431=ORIENTED_EDGE('',*,*,#12415,.F.);
#12432=EDGE_LOOP('',(#12428,#12429,#12430,#12431));
#12433=FACE_OUTER_BOUND('',#12432,.F.);
#12434=ADVANCED_FACE('',(#12433),#12427,.F.);
#12435=CARTESIAN_POINT('',(2.35204E1,0.E0,-7.3561829E0));
#12436=DIRECTION('',(0.E0,0.E0,1.E0));
#12437=DIRECTION('',(0.E0,1.E0,0.E0));
#12438=AXIS2_PLACEMENT_3D('',#12435,#12436,#12437);
#12439=CYLINDRICAL_SURFACE('',#12438,1.94945E0);
#12440=ORIENTED_EDGE('',*,*,#12384,.F.);
#12442=ORIENTED_EDGE('',*,*,#12441,.T.);
#12444=ORIENTED_EDGE('',*,*,#12443,.T.);
#12446=ORIENTED_EDGE('',*,*,#12445,.F.);
#12447=EDGE_LOOP('',(#12440,#12442,#12444,#12446));
#12448=FACE_OUTER_BOUND('',#12447,.F.);
#12449=ADVANCED_FACE('',(#12448),#12439,.T.);
#12450=CARTESIAN_POINT('',(2.35204E1,0.E0,-7.3561829E0));
#12451=DIRECTION('',(0.E0,0.E0,1.E0));
#12452=DIRECTION('',(0.E0,1.E0,0.E0));
#12453=AXIS2_PLACEMENT_3D('',#12450,#12451,#12452);
#12454=CYLINDRICAL_SURFACE('',#12453,1.94945E0);
#12455=ORIENTED_EDGE('',*,*,#12386,.F.);
#12456=ORIENTED_EDGE('',*,*,#12445,.T.);
#12458=ORIENTED_EDGE('',*,*,#12457,.F.);
#12459=ORIENTED_EDGE('',*,*,#12441,.F.);
#12460=EDGE_LOOP('',(#12455,#12456,#12458,#12459));
#12461=FACE_OUTER_BOUND('',#12460,.F.);
#12462=ADVANCED_FACE('',(#12461),#12454,.T.);
#12463=CARTESIAN_POINT('',(2.35204E1,0.E0,-6.69036E0));
#12464=DIRECTION('',(0.E0,0.E0,-1.E0));
#12465=DIRECTION('',(0.E0,-1.E0,0.E0));
#12466=AXIS2_PLACEMENT_3D('',#12463,#12464,#12465);
#12467=CONICAL_SURFACE('',#12466,1.766141289532E0,3.E1);
#12469=ORIENTED_EDGE('',*,*,#12468,.F.);
#12470=ORIENTED_EDGE('',*,*,#12457,.T.);
#12472=ORIENTED_EDGE('',*,*,#12471,.T.);
#12474=ORIENTED_EDGE('',*,*,#12473,.F.);
#12475=EDGE_LOOP('',(#12469,#12470,#12472,#12474));
#12476=FACE_OUTER_BOUND('',#12475,.F.);
#12477=ADVANCED_FACE('',(#12476),#12467,.T.);
#12478=CARTESIAN_POINT('',(2.35204E1,0.E0,-6.69036E0));
#12479=DIRECTION('',(0.E0,0.E0,-1.E0));
#12480=DIRECTION('',(0.E0,-1.E0,0.E0));
#12481=AXIS2_PLACEMENT_3D('',#12478,#12479,#12480);
#12482=CONICAL_SURFACE('',#12481,1.766141289532E0,3.E1);
#12483=ORIENTED_EDGE('',*,*,#12468,.T.);
#12485=ORIENTED_EDGE('',*,*,#12484,.T.);
#12486=ORIENTED_EDGE('',*,*,#12471,.F.);
#12487=ORIENTED_EDGE('',*,*,#12443,.F.);
#12488=EDGE_LOOP('',(#12483,#12485,#12486,#12487));
#12489=FACE_OUTER_BOUND('',#12488,.F.);
#12490=ADVANCED_FACE('',(#12489),#12482,.T.);
#12491=CARTESIAN_POINT('',(2.35204E1,0.E0,-6.37286E0));
#12492=DIRECTION('',(0.E0,0.E0,1.E0));
#12493=DIRECTION('',(0.E0,1.E0,0.E0));
#12494=AXIS2_PLACEMENT_3D('',#12491,#12492,#12493);
#12495=PLANE('',#12494);
#12496=ORIENTED_EDGE('',*,*,#12473,.T.);
#12497=ORIENTED_EDGE('',*,*,#12484,.F.);
#12498=EDGE_LOOP('',(#12496,#12497));
#12499=FACE_OUTER_BOUND('',#12498,.F.);
#12500=ADVANCED_FACE('',(#12499),#12495,.T.);
#12501=CARTESIAN_POINT('',(-2.35204E1,0.E0,-7.3561829E0));
#12502=DIRECTION('',(0.E0,0.E0,-1.E0));
#12503=DIRECTION('',(0.E0,1.E0,0.E0));
#12504=AXIS2_PLACEMENT_3D('',#12501,#12502,#12503);
#12505=CYLINDRICAL_SURFACE('',#12504,1.94945E0);
#12506=ORIENTED_EDGE('',*,*,#12402,.T.);
#12508=ORIENTED_EDGE('',*,*,#12507,.T.);
#12510=ORIENTED_EDGE('',*,*,#12509,.F.);
#12512=ORIENTED_EDGE('',*,*,#12511,.F.);
#12513=EDGE_LOOP('',(#12506,#12508,#12510,#12512));
#12514=FACE_OUTER_BOUND('',#12513,.F.);
#12515=ADVANCED_FACE('',(#12514),#12505,.T.);
#12516=CARTESIAN_POINT('',(-2.35204E1,0.E0,-7.3561829E0));
#12517=DIRECTION('',(0.E0,0.E0,-1.E0));
#12518=DIRECTION('',(0.E0,1.E0,0.E0));
#12519=AXIS2_PLACEMENT_3D('',#12516,#12517,#12518);
#12520=CYLINDRICAL_SURFACE('',#12519,1.94945E0);
#12521=ORIENTED_EDGE('',*,*,#12404,.T.);
#12522=ORIENTED_EDGE('',*,*,#12511,.T.);
#12524=ORIENTED_EDGE('',*,*,#12523,.T.);
#12525=ORIENTED_EDGE('',*,*,#12507,.F.);
#12526=EDGE_LOOP('',(#12521,#12522,#12524,#12525));
#12527=FACE_OUTER_BOUND('',#12526,.F.);
#12528=ADVANCED_FACE('',(#12527),#12520,.T.);
#12529=CARTESIAN_POINT('',(-2.35204E1,0.E0,-6.69036E0));
#12530=DIRECTION('',(0.E0,0.E0,-1.E0));
#12531=DIRECTION('',(0.E0,1.E0,0.E0));
#12532=AXIS2_PLACEMENT_3D('',#12529,#12530,#12531);
#12533=CONICAL_SURFACE('',#12532,1.766141289532E0,3.E1);
#12535=ORIENTED_EDGE('',*,*,#12534,.T.);
#12537=ORIENTED_EDGE('',*,*,#12536,.T.);
#12539=ORIENTED_EDGE('',*,*,#12538,.F.);
#12540=ORIENTED_EDGE('',*,*,#12523,.F.);
#12541=EDGE_LOOP('',(#12535,#12537,#12539,#12540));
#12542=FACE_OUTER_BOUND('',#12541,.F.);
#12543=ADVANCED_FACE('',(#12542),#12533,.T.);
#12544=CARTESIAN_POINT('',(-2.35204E1,0.E0,-6.69036E0));
#12545=DIRECTION('',(0.E0,0.E0,-1.E0));
#12546=DIRECTION('',(0.E0,1.E0,0.E0));
#12547=AXIS2_PLACEMENT_3D('',#12544,#12545,#12546);
#12548=CONICAL_SURFACE('',#12547,1.766141289532E0,3.E1);
#12549=ORIENTED_EDGE('',*,*,#12534,.F.);
#12550=ORIENTED_EDGE('',*,*,#12509,.T.);
#12551=ORIENTED_EDGE('',*,*,#12538,.T.);
#12553=ORIENTED_EDGE('',*,*,#12552,.F.);
#12554=EDGE_LOOP('',(#12549,#12550,#12551,#12553));
#12555=FACE_OUTER_BOUND('',#12554,.F.);
#12556=ADVANCED_FACE('',(#12555),#12548,.T.);
#12557=CARTESIAN_POINT('',(-2.35204E1,0.E0,-6.37286E0));
#12558=DIRECTION('',(0.E0,0.E0,-1.E0));
#12559=DIRECTION('',(0.E0,1.E0,0.E0));
#12560=AXIS2_PLACEMENT_3D('',#12557,#12558,#12559);
#12561=PLANE('',#12560);
#12562=ORIENTED_EDGE('',*,*,#12536,.F.);
#12563=ORIENTED_EDGE('',*,*,#12552,.T.);
#12564=EDGE_LOOP('',(#12562,#12563));
#12565=FACE_OUTER_BOUND('',#12564,.F.);
#12566=ADVANCED_FACE('',(#12565),#12561,.F.);
#12567=CARTESIAN_POINT('',(2.35204E1,0.E0,-5.8928E0));
#12568=DIRECTION('',(0.E0,0.E0,1.E0));
#12569=DIRECTION('',(1.E0,0.E0,0.E0));
#12570=AXIS2_PLACEMENT_3D('',#12567,#12568,#12569);
#12571=CYLINDRICAL_SURFACE('',#12570,1.9558E0);
#12572=ORIENTED_EDGE('',*,*,#12324,.T.);
#12573=ORIENTED_EDGE('',*,*,#12307,.F.);
#12574=ORIENTED_EDGE('',*,*,#8618,.F.);
#12575=ORIENTED_EDGE('',*,*,#12304,.T.);
#12576=EDGE_LOOP('',(#12572,#12573,#12574,#12575));
#12577=FACE_OUTER_BOUND('',#12576,.F.);
#12578=ADVANCED_FACE('',(#12577),#12571,.F.);
#12579=CARTESIAN_POINT('',(-2.35204E1,0.E0,-5.8928E0));
#12580=DIRECTION('',(0.E0,0.E0,1.E0));
#12581=DIRECTION('',(1.E0,0.E0,0.E0));
#12582=AXIS2_PLACEMENT_3D('',#12579,#12580,#12581);
#12583=CYLINDRICAL_SURFACE('',#12582,1.9558E0);
#12584=ORIENTED_EDGE('',*,*,#12340,.T.);
#12586=ORIENTED_EDGE('',*,*,#12585,.F.);
#12587=ORIENTED_EDGE('',*,*,#8622,.F.);
#12589=ORIENTED_EDGE('',*,*,#12588,.T.);
#12590=EDGE_LOOP('',(#12584,#12586,#12587,#12589));
#12591=FACE_OUTER_BOUND('',#12590,.F.);
#12592=ADVANCED_FACE('',(#12591),#12583,.F.);
#12593=CARTESIAN_POINT('',(-2.35204E1,0.E0,-5.8928E0));
#12594=DIRECTION('',(0.E0,0.E0,1.E0));
#12595=DIRECTION('',(1.E0,0.E0,0.E0));
#12596=AXIS2_PLACEMENT_3D('',#12593,#12594,#12595);
#12597=CYLINDRICAL_SURFACE('',#12596,1.9558E0);
#12598=ORIENTED_EDGE('',*,*,#12342,.T.);
#12599=ORIENTED_EDGE('',*,*,#12588,.F.);
#12600=ORIENTED_EDGE('',*,*,#8624,.F.);
#12601=ORIENTED_EDGE('',*,*,#12585,.T.);
#12602=EDGE_LOOP('',(#12598,#12599,#12600,#12601));
#12603=FACE_OUTER_BOUND('',#12602,.F.);
#12604=ADVANCED_FACE('',(#12603),#12597,.F.);
#12605=CARTESIAN_POINT('',(-1.65608E1,1.4224E0,-6.30936E0));
#12606=DIRECTION('',(0.E0,0.E0,1.E0));
#12607=DIRECTION('',(1.E0,0.E0,0.E0));
#12608=AXIS2_PLACEMENT_3D('',#12605,#12606,#12607);
#12609=CYLINDRICAL_SURFACE('',#12608,5.08E-1);
#12610=ORIENTED_EDGE('',*,*,#8154,.F.);
#12612=ORIENTED_EDGE('',*,*,#12611,.T.);
#12614=ORIENTED_EDGE('',*,*,#12613,.T.);
#12616=ORIENTED_EDGE('',*,*,#12615,.F.);
#12617=EDGE_LOOP('',(#12610,#12612,#12614,#12616));
#12618=FACE_OUTER_BOUND('',#12617,.F.);
#12619=ADVANCED_FACE('',(#12618),#12609,.T.);
#12620=CARTESIAN_POINT('',(-1.65608E1,1.4224E0,-6.30936E0));
#12621=DIRECTION('',(0.E0,0.E0,1.E0));
#12622=DIRECTION('',(1.E0,0.E0,0.E0));
#12623=AXIS2_PLACEMENT_3D('',#12620,#12621,#12622);
#12624=CYLINDRICAL_SURFACE('',#12623,5.08E-1);
#12625=ORIENTED_EDGE('',*,*,#8156,.F.);
#12626=ORIENTED_EDGE('',*,*,#12615,.T.);
#12628=ORIENTED_EDGE('',*,*,#12627,.T.);
#12629=ORIENTED_EDGE('',*,*,#12611,.F.);
#12630=EDGE_LOOP('',(#12625,#12626,#12628,#12629));
#12631=FACE_OUTER_BOUND('',#12630,.F.);
#12632=ADVANCED_FACE('',(#12631),#12624,.T.);
#12633=CARTESIAN_POINT('',(-2.6543E1,0.E0,-1.35636E0));
#12634=DIRECTION('',(0.E0,0.E0,1.E0));
#12635=DIRECTION('',(1.E0,0.E0,0.E0));
#12636=AXIS2_PLACEMENT_3D('',#12633,#12634,#12635);
#12637=PLANE('',#12636);
#12638=ORIENTED_EDGE('',*,*,#12613,.F.);
#12639=ORIENTED_EDGE('',*,*,#12627,.F.);
#12640=EDGE_LOOP('',(#12638,#12639));
#12641=FACE_OUTER_BOUND('',#12640,.F.);
#12642=ADVANCED_FACE('',(#12641),#12637,.T.);
#12643=CARTESIAN_POINT('',(-2.6543E1,0.E0,-1.35636E0));
#12644=DIRECTION('',(0.E0,0.E0,1.E0));
#12645=DIRECTION('',(1.E0,0.E0,0.E0));
#12646=AXIS2_PLACEMENT_3D('',#12643,#12644,#12645);
#12647=PLANE('',#12646);
#12649=ORIENTED_EDGE('',*,*,#12648,.F.);
#12651=ORIENTED_EDGE('',*,*,#12650,.F.);
#12652=EDGE_LOOP('',(#12649,#12651));
#12653=FACE_OUTER_BOUND('',#12652,.F.);
#12654=ADVANCED_FACE('',(#12653),#12647,.T.);
#12655=CARTESIAN_POINT('',(-2.6543E1,0.E0,-1.35636E0));
#12656=DIRECTION('',(0.E0,0.E0,1.E0));
#12657=DIRECTION('',(1.E0,0.E0,0.E0));
#12658=AXIS2_PLACEMENT_3D('',#12655,#12656,#12657);
#12659=PLANE('',#12658);
#12661=ORIENTED_EDGE('',*,*,#12660,.F.);
#12663=ORIENTED_EDGE('',*,*,#12662,.F.);
#12664=EDGE_LOOP('',(#12661,#12663));
#12665=FACE_OUTER_BOUND('',#12664,.F.);
#12666=ADVANCED_FACE('',(#12665),#12659,.T.);
#12667=CARTESIAN_POINT('',(-2.6543E1,0.E0,-1.35636E0));
#12668=DIRECTION('',(0.E0,0.E0,1.E0));
#12669=DIRECTION('',(1.E0,0.E0,0.E0));
#12670=AXIS2_PLACEMENT_3D('',#12667,#12668,#12669);
#12671=PLANE('',#12670);
#12673=ORIENTED_EDGE('',*,*,#12672,.F.);
#12675=ORIENTED_EDGE('',*,*,#12674,.F.);
#12676=EDGE_LOOP('',(#12673,#12675));
#12677=FACE_OUTER_BOUND('',#12676,.F.);
#12678=ADVANCED_FACE('',(#12677),#12671,.T.);
#12679=CARTESIAN_POINT('',(-2.6543E1,0.E0,-1.35636E0));
#12680=DIRECTION('',(0.E0,0.E0,1.E0));
#12681=DIRECTION('',(1.E0,0.E0,0.E0));
#12682=AXIS2_PLACEMENT_3D('',#12679,#12680,#12681);
#12683=PLANE('',#12682);
#12685=ORIENTED_EDGE('',*,*,#12684,.F.);
#12687=ORIENTED_EDGE('',*,*,#12686,.F.);
#12688=EDGE_LOOP('',(#12685,#12687));
#12689=FACE_OUTER_BOUND('',#12688,.F.);
#12690=ADVANCED_FACE('',(#12689),#12683,.T.);
#12691=CARTESIAN_POINT('',(-2.6543E1,0.E0,-1.35636E0));
#12692=DIRECTION('',(0.E0,0.E0,1.E0));
#12693=DIRECTION('',(1.E0,0.E0,0.E0));
#12694=AXIS2_PLACEMENT_3D('',#12691,#12692,#12693);
#12695=PLANE('',#12694);
#12697=ORIENTED_EDGE('',*,*,#12696,.F.);
#12699=ORIENTED_EDGE('',*,*,#12698,.F.);
#12700=EDGE_LOOP('',(#12697,#12699));
#12701=FACE_OUTER_BOUND('',#12700,.F.);
#12702=ADVANCED_FACE('',(#12701),#12695,.T.);
#12703=CARTESIAN_POINT('',(-2.6543E1,0.E0,-1.35636E0));
#12704=DIRECTION('',(0.E0,0.E0,1.E0));
#12705=DIRECTION('',(1.E0,0.E0,0.E0));
#12706=AXIS2_PLACEMENT_3D('',#12703,#12704,#12705);
#12707=PLANE('',#12706);
#12709=ORIENTED_EDGE('',*,*,#12708,.F.);
#12711=ORIENTED_EDGE('',*,*,#12710,.F.);
#12712=EDGE_LOOP('',(#12709,#12711));
#12713=FACE_OUTER_BOUND('',#12712,.F.);
#12714=ADVANCED_FACE('',(#12713),#12707,.T.);
#12715=CARTESIAN_POINT('',(-2.6543E1,0.E0,-1.35636E0));
#12716=DIRECTION('',(0.E0,0.E0,1.E0));
#12717=DIRECTION('',(1.E0,0.E0,0.E0));
#12718=AXIS2_PLACEMENT_3D('',#12715,#12716,#12717);
#12719=PLANE('',#12718);
#12721=ORIENTED_EDGE('',*,*,#12720,.F.);
#12723=ORIENTED_EDGE('',*,*,#12722,.F.);
#12724=EDGE_LOOP('',(#12721,#12723));
#12725=FACE_OUTER_BOUND('',#12724,.F.);
#12726=ADVANCED_FACE('',(#12725),#12719,.T.);
#12727=CARTESIAN_POINT('',(-2.6543E1,0.E0,-1.35636E0));
#12728=DIRECTION('',(0.E0,0.E0,1.E0));
#12729=DIRECTION('',(1.E0,0.E0,0.E0));
#12730=AXIS2_PLACEMENT_3D('',#12727,#12728,#12729);
#12731=PLANE('',#12730);
#12733=ORIENTED_EDGE('',*,*,#12732,.F.);
#12735=ORIENTED_EDGE('',*,*,#12734,.F.);
#12736=EDGE_LOOP('',(#12733,#12735));
#12737=FACE_OUTER_BOUND('',#12736,.F.);
#12738=ADVANCED_FACE('',(#12737),#12731,.T.);
#12739=CARTESIAN_POINT('',(-2.6543E1,0.E0,-1.35636E0));
#12740=DIRECTION('',(0.E0,0.E0,1.E0));
#12741=DIRECTION('',(1.E0,0.E0,0.E0));
#12742=AXIS2_PLACEMENT_3D('',#12739,#12740,#12741);
#12743=PLANE('',#12742);
#12745=ORIENTED_EDGE('',*,*,#12744,.F.);
#12747=ORIENTED_EDGE('',*,*,#12746,.F.);
#12748=EDGE_LOOP('',(#12745,#12747));
#12749=FACE_OUTER_BOUND('',#12748,.F.);
#12750=ADVANCED_FACE('',(#12749),#12743,.T.);
#12751=CARTESIAN_POINT('',(-2.6543E1,0.E0,-1.35636E0));
#12752=DIRECTION('',(0.E0,0.E0,1.E0));
#12753=DIRECTION('',(1.E0,0.E0,0.E0));
#12754=AXIS2_PLACEMENT_3D('',#12751,#12752,#12753);
#12755=PLANE('',#12754);
#12757=ORIENTED_EDGE('',*,*,#12756,.F.);
#12759=ORIENTED_EDGE('',*,*,#12758,.F.);
#12760=EDGE_LOOP('',(#12757,#12759));
#12761=FACE_OUTER_BOUND('',#12760,.F.);
#12762=ADVANCED_FACE('',(#12761),#12755,.T.);
#12763=CARTESIAN_POINT('',(-2.6543E1,0.E0,-1.35636E0));
#12764=DIRECTION('',(0.E0,0.E0,1.E0));
#12765=DIRECTION('',(1.E0,0.E0,0.E0));
#12766=AXIS2_PLACEMENT_3D('',#12763,#12764,#12765);
#12767=PLANE('',#12766);
#12769=ORIENTED_EDGE('',*,*,#12768,.F.);
#12771=ORIENTED_EDGE('',*,*,#12770,.F.);
#12772=EDGE_LOOP('',(#12769,#12771));
#12773=FACE_OUTER_BOUND('',#12772,.F.);
#12774=ADVANCED_FACE('',(#12773),#12767,.T.);
#12775=CARTESIAN_POINT('',(-2.6543E1,0.E0,-1.35636E0));
#12776=DIRECTION('',(0.E0,0.E0,1.E0));
#12777=DIRECTION('',(1.E0,0.E0,0.E0));
#12778=AXIS2_PLACEMENT_3D('',#12775,#12776,#12777);
#12779=PLANE('',#12778);
#12781=ORIENTED_EDGE('',*,*,#12780,.F.);
#12783=ORIENTED_EDGE('',*,*,#12782,.F.);
#12784=EDGE_LOOP('',(#12781,#12783));
#12785=FACE_OUTER_BOUND('',#12784,.F.);
#12786=ADVANCED_FACE('',(#12785),#12779,.T.);
#12787=CARTESIAN_POINT('',(-2.6543E1,0.E0,-1.35636E0));
#12788=DIRECTION('',(0.E0,0.E0,1.E0));
#12789=DIRECTION('',(1.E0,0.E0,0.E0));
#12790=AXIS2_PLACEMENT_3D('',#12787,#12788,#12789);
#12791=PLANE('',#12790);
#12793=ORIENTED_EDGE('',*,*,#12792,.F.);
#12795=ORIENTED_EDGE('',*,*,#12794,.F.);
#12796=EDGE_LOOP('',(#12793,#12795));
#12797=FACE_OUTER_BOUND('',#12796,.F.);
#12798=ADVANCED_FACE('',(#12797),#12791,.T.);
#12799=CARTESIAN_POINT('',(-2.6543E1,0.E0,-1.35636E0));
#12800=DIRECTION('',(0.E0,0.E0,1.E0));
#12801=DIRECTION('',(1.E0,0.E0,0.E0));
#12802=AXIS2_PLACEMENT_3D('',#12799,#12800,#12801);
#12803=PLANE('',#12802);
#12805=ORIENTED_EDGE('',*,*,#12804,.F.);
#12807=ORIENTED_EDGE('',*,*,#12806,.F.);
#12808=EDGE_LOOP('',(#12805,#12807));
#12809=FACE_OUTER_BOUND('',#12808,.F.);
#12810=ADVANCED_FACE('',(#12809),#12803,.T.);
#12811=CARTESIAN_POINT('',(-2.6543E1,0.E0,-1.35636E0));
#12812=DIRECTION('',(0.E0,0.E0,1.E0));
#12813=DIRECTION('',(1.E0,0.E0,0.E0));
#12814=AXIS2_PLACEMENT_3D('',#12811,#12812,#12813);
#12815=PLANE('',#12814);
#12817=ORIENTED_EDGE('',*,*,#12816,.F.);
#12819=ORIENTED_EDGE('',*,*,#12818,.F.);
#12820=EDGE_LOOP('',(#12817,#12819));
#12821=FACE_OUTER_BOUND('',#12820,.F.);
#12822=ADVANCED_FACE('',(#12821),#12815,.T.);
#12823=CARTESIAN_POINT('',(-2.6543E1,0.E0,-1.35636E0));
#12824=DIRECTION('',(0.E0,0.E0,1.E0));
#12825=DIRECTION('',(1.E0,0.E0,0.E0));
#12826=AXIS2_PLACEMENT_3D('',#12823,#12824,#12825);
#12827=PLANE('',#12826);
#12829=ORIENTED_EDGE('',*,*,#12828,.F.);
#12831=ORIENTED_EDGE('',*,*,#12830,.F.);
#12832=EDGE_LOOP('',(#12829,#12831));
#12833=FACE_OUTER_BOUND('',#12832,.F.);
#12834=ADVANCED_FACE('',(#12833),#12827,.T.);
#12835=CARTESIAN_POINT('',(-2.6543E1,0.E0,-1.35636E0));
#12836=DIRECTION('',(0.E0,0.E0,1.E0));
#12837=DIRECTION('',(1.E0,0.E0,0.E0));
#12838=AXIS2_PLACEMENT_3D('',#12835,#12836,#12837);
#12839=PLANE('',#12838);
#12841=ORIENTED_EDGE('',*,*,#12840,.F.);
#12843=ORIENTED_EDGE('',*,*,#12842,.F.);
#12844=EDGE_LOOP('',(#12841,#12843));
#12845=FACE_OUTER_BOUND('',#12844,.F.);
#12846=ADVANCED_FACE('',(#12845),#12839,.T.);
#12847=CARTESIAN_POINT('',(-2.6543E1,0.E0,-1.35636E0));
#12848=DIRECTION('',(0.E0,0.E0,1.E0));
#12849=DIRECTION('',(1.E0,0.E0,0.E0));
#12850=AXIS2_PLACEMENT_3D('',#12847,#12848,#12849);
#12851=PLANE('',#12850);
#12853=ORIENTED_EDGE('',*,*,#12852,.F.);
#12855=ORIENTED_EDGE('',*,*,#12854,.F.);
#12856=EDGE_LOOP('',(#12853,#12855));
#12857=FACE_OUTER_BOUND('',#12856,.F.);
#12858=ADVANCED_FACE('',(#12857),#12851,.T.);
#12859=CARTESIAN_POINT('',(-2.6543E1,0.E0,-1.35636E0));
#12860=DIRECTION('',(0.E0,0.E0,1.E0));
#12861=DIRECTION('',(1.E0,0.E0,0.E0));
#12862=AXIS2_PLACEMENT_3D('',#12859,#12860,#12861);
#12863=PLANE('',#12862);
#12865=ORIENTED_EDGE('',*,*,#12864,.F.);
#12867=ORIENTED_EDGE('',*,*,#12866,.F.);
#12868=EDGE_LOOP('',(#12865,#12867));
#12869=FACE_OUTER_BOUND('',#12868,.F.);
#12870=ADVANCED_FACE('',(#12869),#12863,.T.);
#12871=CARTESIAN_POINT('',(-2.6543E1,0.E0,-1.35636E0));
#12872=DIRECTION('',(0.E0,0.E0,1.E0));
#12873=DIRECTION('',(1.E0,0.E0,0.E0));
#12874=AXIS2_PLACEMENT_3D('',#12871,#12872,#12873);
#12875=PLANE('',#12874);
#12877=ORIENTED_EDGE('',*,*,#12876,.F.);
#12879=ORIENTED_EDGE('',*,*,#12878,.F.);
#12880=EDGE_LOOP('',(#12877,#12879));
#12881=FACE_OUTER_BOUND('',#12880,.F.);
#12882=ADVANCED_FACE('',(#12881),#12875,.T.);
#12883=CARTESIAN_POINT('',(-2.6543E1,0.E0,-1.35636E0));
#12884=DIRECTION('',(0.E0,0.E0,1.E0));
#12885=DIRECTION('',(1.E0,0.E0,0.E0));
#12886=AXIS2_PLACEMENT_3D('',#12883,#12884,#12885);
#12887=PLANE('',#12886);
#12889=ORIENTED_EDGE('',*,*,#12888,.F.);
#12891=ORIENTED_EDGE('',*,*,#12890,.F.);
#12892=EDGE_LOOP('',(#12889,#12891));
#12893=FACE_OUTER_BOUND('',#12892,.F.);
#12894=ADVANCED_FACE('',(#12893),#12887,.T.);
#12895=CARTESIAN_POINT('',(-2.6543E1,0.E0,-1.35636E0));
#12896=DIRECTION('',(0.E0,0.E0,1.E0));
#12897=DIRECTION('',(1.E0,0.E0,0.E0));
#12898=AXIS2_PLACEMENT_3D('',#12895,#12896,#12897);
#12899=PLANE('',#12898);
#12901=ORIENTED_EDGE('',*,*,#12900,.F.);
#12903=ORIENTED_EDGE('',*,*,#12902,.F.);
#12904=EDGE_LOOP('',(#12901,#12903));
#12905=FACE_OUTER_BOUND('',#12904,.F.);
#12906=ADVANCED_FACE('',(#12905),#12899,.T.);
#12907=CARTESIAN_POINT('',(-2.6543E1,0.E0,-1.35636E0));
#12908=DIRECTION('',(0.E0,0.E0,1.E0));
#12909=DIRECTION('',(1.E0,0.E0,0.E0));
#12910=AXIS2_PLACEMENT_3D('',#12907,#12908,#12909);
#12911=PLANE('',#12910);
#12913=ORIENTED_EDGE('',*,*,#12912,.F.);
#12915=ORIENTED_EDGE('',*,*,#12914,.F.);
#12916=EDGE_LOOP('',(#12913,#12915));
#12917=FACE_OUTER_BOUND('',#12916,.F.);
#12918=ADVANCED_FACE('',(#12917),#12911,.T.);
#12919=CARTESIAN_POINT('',(-2.6543E1,0.E0,-1.35636E0));
#12920=DIRECTION('',(0.E0,0.E0,1.E0));
#12921=DIRECTION('',(1.E0,0.E0,0.E0));
#12922=AXIS2_PLACEMENT_3D('',#12919,#12920,#12921);
#12923=PLANE('',#12922);
#12925=ORIENTED_EDGE('',*,*,#12924,.F.);
#12927=ORIENTED_EDGE('',*,*,#12926,.F.);
#12928=EDGE_LOOP('',(#12925,#12927));
#12929=FACE_OUTER_BOUND('',#12928,.F.);
#12930=ADVANCED_FACE('',(#12929),#12923,.T.);
#12931=CARTESIAN_POINT('',(-2.7686E0,1.4224E0,-6.30936E0));
#12932=DIRECTION('',(0.E0,0.E0,1.E0));
#12933=DIRECTION('',(1.E0,0.E0,0.E0));
#12934=AXIS2_PLACEMENT_3D('',#12931,#12932,#12933);
#12935=CYLINDRICAL_SURFACE('',#12934,5.08E-1);
#12936=ORIENTED_EDGE('',*,*,#8160,.F.);
#12938=ORIENTED_EDGE('',*,*,#12937,.T.);
#12939=ORIENTED_EDGE('',*,*,#12648,.T.);
#12941=ORIENTED_EDGE('',*,*,#12940,.F.);
#12942=EDGE_LOOP('',(#12936,#12938,#12939,#12941));
#12943=FACE_OUTER_BOUND('',#12942,.F.);
#12944=ADVANCED_FACE('',(#12943),#12935,.T.);
#12945=CARTESIAN_POINT('',(-2.7686E0,1.4224E0,-6.30936E0));
#12946=DIRECTION('',(0.E0,0.E0,1.E0));
#12947=DIRECTION('',(1.E0,0.E0,0.E0));
#12948=AXIS2_PLACEMENT_3D('',#12945,#12946,#12947);
#12949=CYLINDRICAL_SURFACE('',#12948,5.08E-1);
#12950=ORIENTED_EDGE('',*,*,#8162,.F.);
#12951=ORIENTED_EDGE('',*,*,#12940,.T.);
#12952=ORIENTED_EDGE('',*,*,#12650,.T.);
#12953=ORIENTED_EDGE('',*,*,#12937,.F.);
#12954=EDGE_LOOP('',(#12950,#12951,#12952,#12953));
#12955=FACE_OUTER_BOUND('',#12954,.F.);
#12956=ADVANCED_FACE('',(#12955),#12949,.T.);
#12957=CARTESIAN_POINT('',(-5.5372E0,1.4224E0,-6.30936E0));
#12958=DIRECTION('',(0.E0,0.E0,1.E0));
#12959=DIRECTION('',(1.E0,0.E0,0.E0));
#12960=AXIS2_PLACEMENT_3D('',#12957,#12958,#12959);
#12961=CYLINDRICAL_SURFACE('',#12960,5.08E-1);
#12962=ORIENTED_EDGE('',*,*,#8166,.F.);
#12964=ORIENTED_EDGE('',*,*,#12963,.T.);
#12965=ORIENTED_EDGE('',*,*,#12660,.T.);
#12967=ORIENTED_EDGE('',*,*,#12966,.F.);
#12968=EDGE_LOOP('',(#12962,#12964,#12965,#12967));
#12969=FACE_OUTER_BOUND('',#12968,.F.);
#12970=ADVANCED_FACE('',(#12969),#12961,.T.);
#12971=CARTESIAN_POINT('',(-5.5372E0,1.4224E0,-6.30936E0));
#12972=DIRECTION('',(0.E0,0.E0,1.E0));
#12973=DIRECTION('',(1.E0,0.E0,0.E0));
#12974=AXIS2_PLACEMENT_3D('',#12971,#12972,#12973);
#12975=CYLINDRICAL_SURFACE('',#12974,5.08E-1);
#12976=ORIENTED_EDGE('',*,*,#8168,.F.);
#12977=ORIENTED_EDGE('',*,*,#12966,.T.);
#12978=ORIENTED_EDGE('',*,*,#12662,.T.);
#12979=ORIENTED_EDGE('',*,*,#12963,.F.);
#12980=EDGE_LOOP('',(#12976,#12977,#12978,#12979));
#12981=FACE_OUTER_BOUND('',#12980,.F.);
#12982=ADVANCED_FACE('',(#12981),#12975,.T.);
#12983=CARTESIAN_POINT('',(-8.2804E0,1.4224E0,-6.30936E0));
#12984=DIRECTION('',(0.E0,0.E0,1.E0));
#12985=DIRECTION('',(1.E0,0.E0,0.E0));
#12986=AXIS2_PLACEMENT_3D('',#12983,#12984,#12985);
#12987=CYLINDRICAL_SURFACE('',#12986,5.08E-1);
#12988=ORIENTED_EDGE('',*,*,#8172,.F.);
#12990=ORIENTED_EDGE('',*,*,#12989,.T.);
#12991=ORIENTED_EDGE('',*,*,#12672,.T.);
#12993=ORIENTED_EDGE('',*,*,#12992,.F.);
#12994=EDGE_LOOP('',(#12988,#12990,#12991,#12993));
#12995=FACE_OUTER_BOUND('',#12994,.F.);
#12996=ADVANCED_FACE('',(#12995),#12987,.T.);
#12997=CARTESIAN_POINT('',(-8.2804E0,1.4224E0,-6.30936E0));
#12998=DIRECTION('',(0.E0,0.E0,1.E0));
#12999=DIRECTION('',(1.E0,0.E0,0.E0));
#13000=AXIS2_PLACEMENT_3D('',#12997,#12998,#12999);
#13001=CYLINDRICAL_SURFACE('',#13000,5.08E-1);
#13002=ORIENTED_EDGE('',*,*,#8174,.F.);
#13003=ORIENTED_EDGE('',*,*,#12992,.T.);
#13004=ORIENTED_EDGE('',*,*,#12674,.T.);
#13005=ORIENTED_EDGE('',*,*,#12989,.F.);
#13006=EDGE_LOOP('',(#13002,#13003,#13004,#13005));
#13007=FACE_OUTER_BOUND('',#13006,.F.);
#13008=ADVANCED_FACE('',(#13007),#13001,.T.);
#13009=CARTESIAN_POINT('',(-1.1049E1,1.4224E0,-6.30936E0));
#13010=DIRECTION('',(0.E0,0.E0,1.E0));
#13011=DIRECTION('',(1.E0,0.E0,0.E0));
#13012=AXIS2_PLACEMENT_3D('',#13009,#13010,#13011);
#13013=CYLINDRICAL_SURFACE('',#13012,5.08E-1);
#13014=ORIENTED_EDGE('',*,*,#8178,.F.);
#13016=ORIENTED_EDGE('',*,*,#13015,.T.);
#13017=ORIENTED_EDGE('',*,*,#12684,.T.);
#13019=ORIENTED_EDGE('',*,*,#13018,.F.);
#13020=EDGE_LOOP('',(#13014,#13016,#13017,#13019));
#13021=FACE_OUTER_BOUND('',#13020,.F.);
#13022=ADVANCED_FACE('',(#13021),#13013,.T.);
#13023=CARTESIAN_POINT('',(-1.1049E1,1.4224E0,-6.30936E0));
#13024=DIRECTION('',(0.E0,0.E0,1.E0));
#13025=DIRECTION('',(1.E0,0.E0,0.E0));
#13026=AXIS2_PLACEMENT_3D('',#13023,#13024,#13025);
#13027=CYLINDRICAL_SURFACE('',#13026,5.08E-1);
#13028=ORIENTED_EDGE('',*,*,#8180,.F.);
#13029=ORIENTED_EDGE('',*,*,#13018,.T.);
#13030=ORIENTED_EDGE('',*,*,#12686,.T.);
#13031=ORIENTED_EDGE('',*,*,#13015,.F.);
#13032=EDGE_LOOP('',(#13028,#13029,#13030,#13031));
#13033=FACE_OUTER_BOUND('',#13032,.F.);
#13034=ADVANCED_FACE('',(#13033),#13027,.T.);
#13035=CARTESIAN_POINT('',(-1.38176E1,1.4224E0,-6.30936E0));
#13036=DIRECTION('',(0.E0,0.E0,1.E0));
#13037=DIRECTION('',(1.E0,0.E0,0.E0));
#13038=AXIS2_PLACEMENT_3D('',#13035,#13036,#13037);
#13039=CYLINDRICAL_SURFACE('',#13038,5.08E-1);
#13040=ORIENTED_EDGE('',*,*,#8184,.F.);
#13042=ORIENTED_EDGE('',*,*,#13041,.T.);
#13043=ORIENTED_EDGE('',*,*,#12696,.T.);
#13045=ORIENTED_EDGE('',*,*,#13044,.F.);
#13046=EDGE_LOOP('',(#13040,#13042,#13043,#13045));
#13047=FACE_OUTER_BOUND('',#13046,.F.);
#13048=ADVANCED_FACE('',(#13047),#13039,.T.);
#13049=CARTESIAN_POINT('',(-1.38176E1,1.4224E0,-6.30936E0));
#13050=DIRECTION('',(0.E0,0.E0,1.E0));
#13051=DIRECTION('',(1.E0,0.E0,0.E0));
#13052=AXIS2_PLACEMENT_3D('',#13049,#13050,#13051);
#13053=CYLINDRICAL_SURFACE('',#13052,5.08E-1);
#13054=ORIENTED_EDGE('',*,*,#8186,.F.);
#13055=ORIENTED_EDGE('',*,*,#13044,.T.);
#13056=ORIENTED_EDGE('',*,*,#12698,.T.);
#13057=ORIENTED_EDGE('',*,*,#13041,.F.);
#13058=EDGE_LOOP('',(#13054,#13055,#13056,#13057));
#13059=FACE_OUTER_BOUND('',#13058,.F.);
#13060=ADVANCED_FACE('',(#13059),#13053,.T.);
#13061=CARTESIAN_POINT('',(1.65608E1,1.4224E0,-6.30936E0));
#13062=DIRECTION('',(0.E0,0.E0,1.E0));
#13063=DIRECTION('',(1.E0,0.E0,0.E0));
#13064=AXIS2_PLACEMENT_3D('',#13061,#13062,#13063);
#13065=CYLINDRICAL_SURFACE('',#13064,5.08E-1);
#13066=ORIENTED_EDGE('',*,*,#8190,.F.);
#13068=ORIENTED_EDGE('',*,*,#13067,.T.);
#13069=ORIENTED_EDGE('',*,*,#12708,.T.);
#13071=ORIENTED_EDGE('',*,*,#13070,.F.);
#13072=EDGE_LOOP('',(#13066,#13068,#13069,#13071));
#13073=FACE_OUTER_BOUND('',#13072,.F.);
#13074=ADVANCED_FACE('',(#13073),#13065,.T.);
#13075=CARTESIAN_POINT('',(1.65608E1,1.4224E0,-6.30936E0));
#13076=DIRECTION('',(0.E0,0.E0,1.E0));
#13077=DIRECTION('',(1.E0,0.E0,0.E0));
#13078=AXIS2_PLACEMENT_3D('',#13075,#13076,#13077);
#13079=CYLINDRICAL_SURFACE('',#13078,5.08E-1);
#13080=ORIENTED_EDGE('',*,*,#8192,.F.);
#13081=ORIENTED_EDGE('',*,*,#13070,.T.);
#13082=ORIENTED_EDGE('',*,*,#12710,.T.);
#13083=ORIENTED_EDGE('',*,*,#13067,.F.);
#13084=EDGE_LOOP('',(#13080,#13081,#13082,#13083));
#13085=FACE_OUTER_BOUND('',#13084,.F.);
#13086=ADVANCED_FACE('',(#13085),#13079,.T.);
#13087=CARTESIAN_POINT('',(2.7686E0,1.4224E0,-6.30936E0));
#13088=DIRECTION('',(0.E0,0.E0,1.E0));
#13089=DIRECTION('',(1.E0,0.E0,0.E0));
#13090=AXIS2_PLACEMENT_3D('',#13087,#13088,#13089);
#13091=CYLINDRICAL_SURFACE('',#13090,5.08E-1);
#13092=ORIENTED_EDGE('',*,*,#8196,.F.);
#13094=ORIENTED_EDGE('',*,*,#13093,.T.);
#13095=ORIENTED_EDGE('',*,*,#12720,.T.);
#13097=ORIENTED_EDGE('',*,*,#13096,.F.);
#13098=EDGE_LOOP('',(#13092,#13094,#13095,#13097));
#13099=FACE_OUTER_BOUND('',#13098,.F.);
#13100=ADVANCED_FACE('',(#13099),#13091,.T.);
#13101=CARTESIAN_POINT('',(2.7686E0,1.4224E0,-6.30936E0));
#13102=DIRECTION('',(0.E0,0.E0,1.E0));
#13103=DIRECTION('',(1.E0,0.E0,0.E0));
#13104=AXIS2_PLACEMENT_3D('',#13101,#13102,#13103);
#13105=CYLINDRICAL_SURFACE('',#13104,5.08E-1);
#13106=ORIENTED_EDGE('',*,*,#8198,.F.);
#13107=ORIENTED_EDGE('',*,*,#13096,.T.);
#13108=ORIENTED_EDGE('',*,*,#12722,.T.);
#13109=ORIENTED_EDGE('',*,*,#13093,.F.);
#13110=EDGE_LOOP('',(#13106,#13107,#13108,#13109));
#13111=FACE_OUTER_BOUND('',#13110,.F.);
#13112=ADVANCED_FACE('',(#13111),#13105,.T.);
#13113=CARTESIAN_POINT('',(5.5372E0,1.4224E0,-6.30936E0));
#13114=DIRECTION('',(0.E0,0.E0,1.E0));
#13115=DIRECTION('',(1.E0,0.E0,0.E0));
#13116=AXIS2_PLACEMENT_3D('',#13113,#13114,#13115);
#13117=CYLINDRICAL_SURFACE('',#13116,5.08E-1);
#13118=ORIENTED_EDGE('',*,*,#8202,.F.);
#13120=ORIENTED_EDGE('',*,*,#13119,.T.);
#13121=ORIENTED_EDGE('',*,*,#12732,.T.);
#13123=ORIENTED_EDGE('',*,*,#13122,.F.);
#13124=EDGE_LOOP('',(#13118,#13120,#13121,#13123));
#13125=FACE_OUTER_BOUND('',#13124,.F.);
#13126=ADVANCED_FACE('',(#13125),#13117,.T.);
#13127=CARTESIAN_POINT('',(5.5372E0,1.4224E0,-6.30936E0));
#13128=DIRECTION('',(0.E0,0.E0,1.E0));
#13129=DIRECTION('',(1.E0,0.E0,0.E0));
#13130=AXIS2_PLACEMENT_3D('',#13127,#13128,#13129);
#13131=CYLINDRICAL_SURFACE('',#13130,5.08E-1);
#13132=ORIENTED_EDGE('',*,*,#8204,.F.);
#13133=ORIENTED_EDGE('',*,*,#13122,.T.);
#13134=ORIENTED_EDGE('',*,*,#12734,.T.);
#13135=ORIENTED_EDGE('',*,*,#13119,.F.);
#13136=EDGE_LOOP('',(#13132,#13133,#13134,#13135));
#13137=FACE_OUTER_BOUND('',#13136,.F.);
#13138=ADVANCED_FACE('',(#13137),#13131,.T.);
#13139=CARTESIAN_POINT('',(8.2804E0,1.4224E0,-6.30936E0));
#13140=DIRECTION('',(0.E0,0.E0,1.E0));
#13141=DIRECTION('',(1.E0,0.E0,0.E0));
#13142=AXIS2_PLACEMENT_3D('',#13139,#13140,#13141);
#13143=CYLINDRICAL_SURFACE('',#13142,5.08E-1);
#13144=ORIENTED_EDGE('',*,*,#8208,.F.);
#13146=ORIENTED_EDGE('',*,*,#13145,.T.);
#13147=ORIENTED_EDGE('',*,*,#12744,.T.);
#13149=ORIENTED_EDGE('',*,*,#13148,.F.);
#13150=EDGE_LOOP('',(#13144,#13146,#13147,#13149));
#13151=FACE_OUTER_BOUND('',#13150,.F.);
#13152=ADVANCED_FACE('',(#13151),#13143,.T.);
#13153=CARTESIAN_POINT('',(8.2804E0,1.4224E0,-6.30936E0));
#13154=DIRECTION('',(0.E0,0.E0,1.E0));
#13155=DIRECTION('',(1.E0,0.E0,0.E0));
#13156=AXIS2_PLACEMENT_3D('',#13153,#13154,#13155);
#13157=CYLINDRICAL_SURFACE('',#13156,5.08E-1);
#13158=ORIENTED_EDGE('',*,*,#8210,.F.);
#13159=ORIENTED_EDGE('',*,*,#13148,.T.);
#13160=ORIENTED_EDGE('',*,*,#12746,.T.);
#13161=ORIENTED_EDGE('',*,*,#13145,.F.);
#13162=EDGE_LOOP('',(#13158,#13159,#13160,#13161));
#13163=FACE_OUTER_BOUND('',#13162,.F.);
#13164=ADVANCED_FACE('',(#13163),#13157,.T.);
#13165=CARTESIAN_POINT('',(1.1049E1,1.4224E0,-6.30936E0));
#13166=DIRECTION('',(0.E0,0.E0,1.E0));
#13167=DIRECTION('',(1.E0,0.E0,0.E0));
#13168=AXIS2_PLACEMENT_3D('',#13165,#13166,#13167);
#13169=CYLINDRICAL_SURFACE('',#13168,5.08E-1);
#13170=ORIENTED_EDGE('',*,*,#8214,.F.);
#13172=ORIENTED_EDGE('',*,*,#13171,.T.);
#13173=ORIENTED_EDGE('',*,*,#12756,.T.);
#13175=ORIENTED_EDGE('',*,*,#13174,.F.);
#13176=EDGE_LOOP('',(#13170,#13172,#13173,#13175));
#13177=FACE_OUTER_BOUND('',#13176,.F.);
#13178=ADVANCED_FACE('',(#13177),#13169,.T.);
#13179=CARTESIAN_POINT('',(1.1049E1,1.4224E0,-6.30936E0));
#13180=DIRECTION('',(0.E0,0.E0,1.E0));
#13181=DIRECTION('',(1.E0,0.E0,0.E0));
#13182=AXIS2_PLACEMENT_3D('',#13179,#13180,#13181);
#13183=CYLINDRICAL_SURFACE('',#13182,5.08E-1);
#13184=ORIENTED_EDGE('',*,*,#8216,.F.);
#13185=ORIENTED_EDGE('',*,*,#13174,.T.);
#13186=ORIENTED_EDGE('',*,*,#12758,.T.);
#13187=ORIENTED_EDGE('',*,*,#13171,.F.);
#13188=EDGE_LOOP('',(#13184,#13185,#13186,#13187));
#13189=FACE_OUTER_BOUND('',#13188,.F.);
#13190=ADVANCED_FACE('',(#13189),#13183,.T.);
#13191=CARTESIAN_POINT('',(1.38176E1,1.4224E0,-6.30936E0));
#13192=DIRECTION('',(0.E0,0.E0,1.E0));
#13193=DIRECTION('',(1.E0,0.E0,0.E0));
#13194=AXIS2_PLACEMENT_3D('',#13191,#13192,#13193);
#13195=CYLINDRICAL_SURFACE('',#13194,5.08E-1);
#13196=ORIENTED_EDGE('',*,*,#8220,.F.);
#13198=ORIENTED_EDGE('',*,*,#13197,.T.);
#13199=ORIENTED_EDGE('',*,*,#12768,.T.);
#13201=ORIENTED_EDGE('',*,*,#13200,.F.);
#13202=EDGE_LOOP('',(#13196,#13198,#13199,#13201));
#13203=FACE_OUTER_BOUND('',#13202,.F.);
#13204=ADVANCED_FACE('',(#13203),#13195,.T.);
#13205=CARTESIAN_POINT('',(1.38176E1,1.4224E0,-6.30936E0));
#13206=DIRECTION('',(0.E0,0.E0,1.E0));
#13207=DIRECTION('',(1.E0,0.E0,0.E0));
#13208=AXIS2_PLACEMENT_3D('',#13205,#13206,#13207);
#13209=CYLINDRICAL_SURFACE('',#13208,5.08E-1);
#13210=ORIENTED_EDGE('',*,*,#8222,.F.);
#13211=ORIENTED_EDGE('',*,*,#13200,.T.);
#13212=ORIENTED_EDGE('',*,*,#12770,.T.);
#13213=ORIENTED_EDGE('',*,*,#13197,.F.);
#13214=EDGE_LOOP('',(#13210,#13211,#13212,#13213));
#13215=FACE_OUTER_BOUND('',#13214,.F.);
#13216=ADVANCED_FACE('',(#13215),#13209,.T.);
#13217=CARTESIAN_POINT('',(-1.51892E1,-1.4224E0,-6.30936E0));
#13218=DIRECTION('',(0.E0,0.E0,1.E0));
#13219=DIRECTION('',(1.E0,0.E0,0.E0));
#13220=AXIS2_PLACEMENT_3D('',#13217,#13218,#13219);
#13221=CYLINDRICAL_SURFACE('',#13220,5.08E-1);
#13222=ORIENTED_EDGE('',*,*,#8226,.F.);
#13224=ORIENTED_EDGE('',*,*,#13223,.T.);
#13225=ORIENTED_EDGE('',*,*,#12780,.T.);
#13227=ORIENTED_EDGE('',*,*,#13226,.F.);
#13228=EDGE_LOOP('',(#13222,#13224,#13225,#13227));
#13229=FACE_OUTER_BOUND('',#13228,.F.);
#13230=ADVANCED_FACE('',(#13229),#13221,.T.);
#13231=CARTESIAN_POINT('',(-1.51892E1,-1.4224E0,-6.30936E0));
#13232=DIRECTION('',(0.E0,0.E0,1.E0));
#13233=DIRECTION('',(1.E0,0.E0,0.E0));
#13234=AXIS2_PLACEMENT_3D('',#13231,#13232,#13233);
#13235=CYLINDRICAL_SURFACE('',#13234,5.08E-1);
#13236=ORIENTED_EDGE('',*,*,#8228,.F.);
#13237=ORIENTED_EDGE('',*,*,#13226,.T.);
#13238=ORIENTED_EDGE('',*,*,#12782,.T.);
#13239=ORIENTED_EDGE('',*,*,#13223,.F.);
#13240=EDGE_LOOP('',(#13236,#13237,#13238,#13239));
#13241=FACE_OUTER_BOUND('',#13240,.F.);
#13242=ADVANCED_FACE('',(#13241),#13235,.T.);
#13243=CARTESIAN_POINT('',(-1.24206E1,-1.4224E0,-6.30936E0));
#13244=DIRECTION('',(0.E0,0.E0,1.E0));
#13245=DIRECTION('',(1.E0,0.E0,0.E0));
#13246=AXIS2_PLACEMENT_3D('',#13243,#13244,#13245);
#13247=CYLINDRICAL_SURFACE('',#13246,5.08E-1);
#13248=ORIENTED_EDGE('',*,*,#8232,.F.);
#13250=ORIENTED_EDGE('',*,*,#13249,.T.);
#13251=ORIENTED_EDGE('',*,*,#12792,.T.);
#13253=ORIENTED_EDGE('',*,*,#13252,.F.);
#13254=EDGE_LOOP('',(#13248,#13250,#13251,#13253));
#13255=FACE_OUTER_BOUND('',#13254,.F.);
#13256=ADVANCED_FACE('',(#13255),#13247,.T.);
#13257=CARTESIAN_POINT('',(-1.24206E1,-1.4224E0,-6.30936E0));
#13258=DIRECTION('',(0.E0,0.E0,1.E0));
#13259=DIRECTION('',(1.E0,0.E0,0.E0));
#13260=AXIS2_PLACEMENT_3D('',#13257,#13258,#13259);
#13261=CYLINDRICAL_SURFACE('',#13260,5.08E-1);
#13262=ORIENTED_EDGE('',*,*,#8234,.F.);
#13263=ORIENTED_EDGE('',*,*,#13252,.T.);
#13264=ORIENTED_EDGE('',*,*,#12794,.T.);
#13265=ORIENTED_EDGE('',*,*,#13249,.F.);
#13266=EDGE_LOOP('',(#13262,#13263,#13264,#13265));
#13267=FACE_OUTER_BOUND('',#13266,.F.);
#13268=ADVANCED_FACE('',(#13267),#13261,.T.);
#13269=CARTESIAN_POINT('',(-9.6774E0,-1.4224E0,-6.30936E0));
#13270=DIRECTION('',(0.E0,0.E0,1.E0));
#13271=DIRECTION('',(1.E0,0.E0,0.E0));
#13272=AXIS2_PLACEMENT_3D('',#13269,#13270,#13271);
#13273=CYLINDRICAL_SURFACE('',#13272,5.08E-1);
#13274=ORIENTED_EDGE('',*,*,#8238,.F.);
#13276=ORIENTED_EDGE('',*,*,#13275,.T.);
#13277=ORIENTED_EDGE('',*,*,#12804,.T.);
#13279=ORIENTED_EDGE('',*,*,#13278,.F.);
#13280=EDGE_LOOP('',(#13274,#13276,#13277,#13279));
#13281=FACE_OUTER_BOUND('',#13280,.F.);
#13282=ADVANCED_FACE('',(#13281),#13273,.T.);
#13283=CARTESIAN_POINT('',(-9.6774E0,-1.4224E0,-6.30936E0));
#13284=DIRECTION('',(0.E0,0.E0,1.E0));
#13285=DIRECTION('',(1.E0,0.E0,0.E0));
#13286=AXIS2_PLACEMENT_3D('',#13283,#13284,#13285);
#13287=CYLINDRICAL_SURFACE('',#13286,5.08E-1);
#13288=ORIENTED_EDGE('',*,*,#8240,.F.);
#13289=ORIENTED_EDGE('',*,*,#13278,.T.);
#13290=ORIENTED_EDGE('',*,*,#12806,.T.);
#13291=ORIENTED_EDGE('',*,*,#13275,.F.);
#13292=EDGE_LOOP('',(#13288,#13289,#13290,#13291));
#13293=FACE_OUTER_BOUND('',#13292,.F.);
#13294=ADVANCED_FACE('',(#13293),#13287,.T.);
#13295=CARTESIAN_POINT('',(-6.9088E0,-1.4224E0,-6.30936E0));
#13296=DIRECTION('',(0.E0,0.E0,1.E0));
#13297=DIRECTION('',(1.E0,0.E0,0.E0));
#13298=AXIS2_PLACEMENT_3D('',#13295,#13296,#13297);
#13299=CYLINDRICAL_SURFACE('',#13298,5.08E-1);
#13300=ORIENTED_EDGE('',*,*,#8244,.F.);
#13302=ORIENTED_EDGE('',*,*,#13301,.T.);
#13303=ORIENTED_EDGE('',*,*,#12816,.T.);
#13305=ORIENTED_EDGE('',*,*,#13304,.F.);
#13306=EDGE_LOOP('',(#13300,#13302,#13303,#13305));
#13307=FACE_OUTER_BOUND('',#13306,.F.);
#13308=ADVANCED_FACE('',(#13307),#13299,.T.);
#13309=CARTESIAN_POINT('',(-6.9088E0,-1.4224E0,-6.30936E0));
#13310=DIRECTION('',(0.E0,0.E0,1.E0));
#13311=DIRECTION('',(1.E0,0.E0,0.E0));
#13312=AXIS2_PLACEMENT_3D('',#13309,#13310,#13311);
#13313=CYLINDRICAL_SURFACE('',#13312,5.08E-1);
#13314=ORIENTED_EDGE('',*,*,#8246,.F.);
#13315=ORIENTED_EDGE('',*,*,#13304,.T.);
#13316=ORIENTED_EDGE('',*,*,#12818,.T.);
#13317=ORIENTED_EDGE('',*,*,#13301,.F.);
#13318=EDGE_LOOP('',(#13314,#13315,#13316,#13317));
#13319=FACE_OUTER_BOUND('',#13318,.F.);
#13320=ADVANCED_FACE('',(#13319),#13313,.T.);
#13321=CARTESIAN_POINT('',(-4.1402E0,-1.4224E0,-6.30936E0));
#13322=DIRECTION('',(0.E0,0.E0,1.E0));
#13323=DIRECTION('',(1.E0,0.E0,0.E0));
#13324=AXIS2_PLACEMENT_3D('',#13321,#13322,#13323);
#13325=CYLINDRICAL_SURFACE('',#13324,5.08E-1);
#13326=ORIENTED_EDGE('',*,*,#8250,.F.);
#13328=ORIENTED_EDGE('',*,*,#13327,.T.);
#13329=ORIENTED_EDGE('',*,*,#12828,.T.);
#13331=ORIENTED_EDGE('',*,*,#13330,.F.);
#13332=EDGE_LOOP('',(#13326,#13328,#13329,#13331));
#13333=FACE_OUTER_BOUND('',#13332,.F.);
#13334=ADVANCED_FACE('',(#13333),#13325,.T.);
#13335=CARTESIAN_POINT('',(-4.1402E0,-1.4224E0,-6.30936E0));
#13336=DIRECTION('',(0.E0,0.E0,1.E0));
#13337=DIRECTION('',(1.E0,0.E0,0.E0));
#13338=AXIS2_PLACEMENT_3D('',#13335,#13336,#13337);
#13339=CYLINDRICAL_SURFACE('',#13338,5.08E-1);
#13340=ORIENTED_EDGE('',*,*,#8252,.F.);
#13341=ORIENTED_EDGE('',*,*,#13330,.T.);
#13342=ORIENTED_EDGE('',*,*,#12830,.T.);
#13343=ORIENTED_EDGE('',*,*,#13327,.F.);
#13344=EDGE_LOOP('',(#13340,#13341,#13342,#13343));
#13345=FACE_OUTER_BOUND('',#13344,.F.);
#13346=ADVANCED_FACE('',(#13345),#13339,.T.);
#13347=CARTESIAN_POINT('',(-1.397E0,-1.4224E0,-6.30936E0));
#13348=DIRECTION('',(0.E0,0.E0,1.E0));
#13349=DIRECTION('',(1.E0,0.E0,0.E0));
#13350=AXIS2_PLACEMENT_3D('',#13347,#13348,#13349);
#13351=CYLINDRICAL_SURFACE('',#13350,5.08E-1);
#13352=ORIENTED_EDGE('',*,*,#8256,.F.);
#13354=ORIENTED_EDGE('',*,*,#13353,.T.);
#13355=ORIENTED_EDGE('',*,*,#12840,.T.);
#13357=ORIENTED_EDGE('',*,*,#13356,.F.);
#13358=EDGE_LOOP('',(#13352,#13354,#13355,#13357));
#13359=FACE_OUTER_BOUND('',#13358,.F.);
#13360=ADVANCED_FACE('',(#13359),#13351,.T.);
#13361=CARTESIAN_POINT('',(-1.397E0,-1.4224E0,-6.30936E0));
#13362=DIRECTION('',(0.E0,0.E0,1.E0));
#13363=DIRECTION('',(1.E0,0.E0,0.E0));
#13364=AXIS2_PLACEMENT_3D('',#13361,#13362,#13363);
#13365=CYLINDRICAL_SURFACE('',#13364,5.08E-1);
#13366=ORIENTED_EDGE('',*,*,#8258,.F.);
#13367=ORIENTED_EDGE('',*,*,#13356,.T.);
#13368=ORIENTED_EDGE('',*,*,#12842,.T.);
#13369=ORIENTED_EDGE('',*,*,#13353,.F.);
#13370=EDGE_LOOP('',(#13366,#13367,#13368,#13369));
#13371=FACE_OUTER_BOUND('',#13370,.F.);
#13372=ADVANCED_FACE('',(#13371),#13365,.T.);
#13373=CARTESIAN_POINT('',(1.51892E1,-1.4224E0,-6.30936E0));
#13374=DIRECTION('',(0.E0,0.E0,1.E0));
#13375=DIRECTION('',(1.E0,0.E0,0.E0));
#13376=AXIS2_PLACEMENT_3D('',#13373,#13374,#13375);
#13377=CYLINDRICAL_SURFACE('',#13376,5.08E-1);
#13378=ORIENTED_EDGE('',*,*,#8262,.F.);
#13380=ORIENTED_EDGE('',*,*,#13379,.T.);
#13381=ORIENTED_EDGE('',*,*,#12852,.T.);
#13383=ORIENTED_EDGE('',*,*,#13382,.F.);
#13384=EDGE_LOOP('',(#13378,#13380,#13381,#13383));
#13385=FACE_OUTER_BOUND('',#13384,.F.);
#13386=ADVANCED_FACE('',(#13385),#13377,.T.);
#13387=CARTESIAN_POINT('',(1.51892E1,-1.4224E0,-6.30936E0));
#13388=DIRECTION('',(0.E0,0.E0,1.E0));
#13389=DIRECTION('',(1.E0,0.E0,0.E0));
#13390=AXIS2_PLACEMENT_3D('',#13387,#13388,#13389);
#13391=CYLINDRICAL_SURFACE('',#13390,5.08E-1);
#13392=ORIENTED_EDGE('',*,*,#8264,.F.);
#13393=ORIENTED_EDGE('',*,*,#13382,.T.);
#13394=ORIENTED_EDGE('',*,*,#12854,.T.);
#13395=ORIENTED_EDGE('',*,*,#13379,.F.);
#13396=EDGE_LOOP('',(#13392,#13393,#13394,#13395));
#13397=FACE_OUTER_BOUND('',#13396,.F.);
#13398=ADVANCED_FACE('',(#13397),#13391,.T.);
#13399=CARTESIAN_POINT('',(1.24206E1,-1.4224E0,-6.30936E0));
#13400=DIRECTION('',(0.E0,0.E0,1.E0));
#13401=DIRECTION('',(1.E0,0.E0,0.E0));
#13402=AXIS2_PLACEMENT_3D('',#13399,#13400,#13401);
#13403=CYLINDRICAL_SURFACE('',#13402,5.08E-1);
#13404=ORIENTED_EDGE('',*,*,#8268,.F.);
#13406=ORIENTED_EDGE('',*,*,#13405,.T.);
#13407=ORIENTED_EDGE('',*,*,#12864,.T.);
#13409=ORIENTED_EDGE('',*,*,#13408,.F.);
#13410=EDGE_LOOP('',(#13404,#13406,#13407,#13409));
#13411=FACE_OUTER_BOUND('',#13410,.F.);
#13412=ADVANCED_FACE('',(#13411),#13403,.T.);
#13413=CARTESIAN_POINT('',(1.24206E1,-1.4224E0,-6.30936E0));
#13414=DIRECTION('',(0.E0,0.E0,1.E0));
#13415=DIRECTION('',(1.E0,0.E0,0.E0));
#13416=AXIS2_PLACEMENT_3D('',#13413,#13414,#13415);
#13417=CYLINDRICAL_SURFACE('',#13416,5.08E-1);
#13418=ORIENTED_EDGE('',*,*,#8270,.F.);
#13419=ORIENTED_EDGE('',*,*,#13408,.T.);
#13420=ORIENTED_EDGE('',*,*,#12866,.T.);
#13421=ORIENTED_EDGE('',*,*,#13405,.F.);
#13422=EDGE_LOOP('',(#13418,#13419,#13420,#13421));
#13423=FACE_OUTER_BOUND('',#13422,.F.);
#13424=ADVANCED_FACE('',(#13423),#13417,.T.);
#13425=CARTESIAN_POINT('',(9.6774E0,-1.4224E0,-6.30936E0));
#13426=DIRECTION('',(0.E0,0.E0,1.E0));
#13427=DIRECTION('',(1.E0,0.E0,0.E0));
#13428=AXIS2_PLACEMENT_3D('',#13425,#13426,#13427);
#13429=CYLINDRICAL_SURFACE('',#13428,5.08E-1);
#13430=ORIENTED_EDGE('',*,*,#8274,.F.);
#13432=ORIENTED_EDGE('',*,*,#13431,.T.);
#13433=ORIENTED_EDGE('',*,*,#12876,.T.);
#13435=ORIENTED_EDGE('',*,*,#13434,.F.);
#13436=EDGE_LOOP('',(#13430,#13432,#13433,#13435));
#13437=FACE_OUTER_BOUND('',#13436,.F.);
#13438=ADVANCED_FACE('',(#13437),#13429,.T.);
#13439=CARTESIAN_POINT('',(9.6774E0,-1.4224E0,-6.30936E0));
#13440=DIRECTION('',(0.E0,0.E0,1.E0));
#13441=DIRECTION('',(1.E0,0.E0,0.E0));
#13442=AXIS2_PLACEMENT_3D('',#13439,#13440,#13441);
#13443=CYLINDRICAL_SURFACE('',#13442,5.08E-1);
#13444=ORIENTED_EDGE('',*,*,#8276,.F.);
#13445=ORIENTED_EDGE('',*,*,#13434,.T.);
#13446=ORIENTED_EDGE('',*,*,#12878,.T.);
#13447=ORIENTED_EDGE('',*,*,#13431,.F.);
#13448=EDGE_LOOP('',(#13444,#13445,#13446,#13447));
#13449=FACE_OUTER_BOUND('',#13448,.F.);
#13450=ADVANCED_FACE('',(#13449),#13443,.T.);
#13451=CARTESIAN_POINT('',(6.9088E0,-1.4224E0,-6.30936E0));
#13452=DIRECTION('',(0.E0,0.E0,1.E0));
#13453=DIRECTION('',(1.E0,0.E0,0.E0));
#13454=AXIS2_PLACEMENT_3D('',#13451,#13452,#13453);
#13455=CYLINDRICAL_SURFACE('',#13454,5.08E-1);
#13456=ORIENTED_EDGE('',*,*,#8280,.F.);
#13458=ORIENTED_EDGE('',*,*,#13457,.T.);
#13459=ORIENTED_EDGE('',*,*,#12888,.T.);
#13461=ORIENTED_EDGE('',*,*,#13460,.F.);
#13462=EDGE_LOOP('',(#13456,#13458,#13459,#13461));
#13463=FACE_OUTER_BOUND('',#13462,.F.);
#13464=ADVANCED_FACE('',(#13463),#13455,.T.);
#13465=CARTESIAN_POINT('',(6.9088E0,-1.4224E0,-6.30936E0));
#13466=DIRECTION('',(0.E0,0.E0,1.E0));
#13467=DIRECTION('',(1.E0,0.E0,0.E0));
#13468=AXIS2_PLACEMENT_3D('',#13465,#13466,#13467);
#13469=CYLINDRICAL_SURFACE('',#13468,5.08E-1);
#13470=ORIENTED_EDGE('',*,*,#8282,.F.);
#13471=ORIENTED_EDGE('',*,*,#13460,.T.);
#13472=ORIENTED_EDGE('',*,*,#12890,.T.);
#13473=ORIENTED_EDGE('',*,*,#13457,.F.);
#13474=EDGE_LOOP('',(#13470,#13471,#13472,#13473));
#13475=FACE_OUTER_BOUND('',#13474,.F.);
#13476=ADVANCED_FACE('',(#13475),#13469,.T.);
#13477=CARTESIAN_POINT('',(4.1402E0,-1.4224E0,-6.30936E0));
#13478=DIRECTION('',(0.E0,0.E0,1.E0));
#13479=DIRECTION('',(1.E0,0.E0,0.E0));
#13480=AXIS2_PLACEMENT_3D('',#13477,#13478,#13479);
#13481=CYLINDRICAL_SURFACE('',#13480,5.08E-1);
#13482=ORIENTED_EDGE('',*,*,#8286,.F.);
#13484=ORIENTED_EDGE('',*,*,#13483,.T.);
#13485=ORIENTED_EDGE('',*,*,#12900,.T.);
#13487=ORIENTED_EDGE('',*,*,#13486,.F.);
#13488=EDGE_LOOP('',(#13482,#13484,#13485,#13487));
#13489=FACE_OUTER_BOUND('',#13488,.F.);
#13490=ADVANCED_FACE('',(#13489),#13481,.T.);
#13491=CARTESIAN_POINT('',(4.1402E0,-1.4224E0,-6.30936E0));
#13492=DIRECTION('',(0.E0,0.E0,1.E0));
#13493=DIRECTION('',(1.E0,0.E0,0.E0));
#13494=AXIS2_PLACEMENT_3D('',#13491,#13492,#13493);
#13495=CYLINDRICAL_SURFACE('',#13494,5.08E-1);
#13496=ORIENTED_EDGE('',*,*,#8288,.F.);
#13497=ORIENTED_EDGE('',*,*,#13486,.T.);
#13498=ORIENTED_EDGE('',*,*,#12902,.T.);
#13499=ORIENTED_EDGE('',*,*,#13483,.F.);
#13500=EDGE_LOOP('',(#13496,#13497,#13498,#13499));
#13501=FACE_OUTER_BOUND('',#13500,.F.);
#13502=ADVANCED_FACE('',(#13501),#13495,.T.);
#13503=CARTESIAN_POINT('',(1.397E0,-1.4224E0,-6.30936E0));
#13504=DIRECTION('',(0.E0,0.E0,1.E0));
#13505=DIRECTION('',(1.E0,0.E0,0.E0));
#13506=AXIS2_PLACEMENT_3D('',#13503,#13504,#13505);
#13507=CYLINDRICAL_SURFACE('',#13506,5.08E-1);
#13508=ORIENTED_EDGE('',*,*,#8292,.F.);
#13510=ORIENTED_EDGE('',*,*,#13509,.T.);
#13511=ORIENTED_EDGE('',*,*,#12912,.T.);
#13513=ORIENTED_EDGE('',*,*,#13512,.F.);
#13514=EDGE_LOOP('',(#13508,#13510,#13511,#13513));
#13515=FACE_OUTER_BOUND('',#13514,.F.);
#13516=ADVANCED_FACE('',(#13515),#13507,.T.);
#13517=CARTESIAN_POINT('',(1.397E0,-1.4224E0,-6.30936E0));
#13518=DIRECTION('',(0.E0,0.E0,1.E0));
#13519=DIRECTION('',(1.E0,0.E0,0.E0));
#13520=AXIS2_PLACEMENT_3D('',#13517,#13518,#13519);
#13521=CYLINDRICAL_SURFACE('',#13520,5.08E-1);
#13522=ORIENTED_EDGE('',*,*,#8294,.F.);
#13523=ORIENTED_EDGE('',*,*,#13512,.T.);
#13524=ORIENTED_EDGE('',*,*,#12914,.T.);
#13525=ORIENTED_EDGE('',*,*,#13509,.F.);
#13526=EDGE_LOOP('',(#13522,#13523,#13524,#13525));
#13527=FACE_OUTER_BOUND('',#13526,.F.);
#13528=ADVANCED_FACE('',(#13527),#13521,.T.);
#13529=CARTESIAN_POINT('',(0.E0,1.4224E0,-6.30936E0));
#13530=DIRECTION('',(0.E0,0.E0,1.E0));
#13531=DIRECTION('',(1.E0,0.E0,0.E0));
#13532=AXIS2_PLACEMENT_3D('',#13529,#13530,#13531);
#13533=CYLINDRICAL_SURFACE('',#13532,5.08E-1);
#13534=ORIENTED_EDGE('',*,*,#8298,.F.);
#13536=ORIENTED_EDGE('',*,*,#13535,.T.);
#13537=ORIENTED_EDGE('',*,*,#12924,.T.);
#13539=ORIENTED_EDGE('',*,*,#13538,.F.);
#13540=EDGE_LOOP('',(#13534,#13536,#13537,#13539));
#13541=FACE_OUTER_BOUND('',#13540,.F.);
#13542=ADVANCED_FACE('',(#13541),#13533,.T.);
#13543=CARTESIAN_POINT('',(0.E0,1.4224E0,-6.30936E0));
#13544=DIRECTION('',(0.E0,0.E0,1.E0));
#13545=DIRECTION('',(1.E0,0.E0,0.E0));
#13546=AXIS2_PLACEMENT_3D('',#13543,#13544,#13545);
#13547=CYLINDRICAL_SURFACE('',#13546,5.08E-1);
#13548=ORIENTED_EDGE('',*,*,#8300,.F.);
#13549=ORIENTED_EDGE('',*,*,#13538,.T.);
#13550=ORIENTED_EDGE('',*,*,#12926,.T.);
#13551=ORIENTED_EDGE('',*,*,#13535,.F.);
#13552=EDGE_LOOP('',(#13548,#13549,#13550,#13551));
#13553=FACE_OUTER_BOUND('',#13552,.F.);
#13554=ADVANCED_FACE('',(#13553),#13547,.T.);
#13555=CARTESIAN_POINT('',(-1.65735E1,2.286E0,-6.30936E0));
#13556=DIRECTION('',(1.E0,0.E0,0.E0));
#13557=DIRECTION('',(0.E0,1.E0,0.E0));
#13558=AXIS2_PLACEMENT_3D('',#13555,#13556,#13557);
#13559=PLANE('',#13558);
#13560=ORIENTED_EDGE('',*,*,#8304,.F.);
#13562=ORIENTED_EDGE('',*,*,#13561,.T.);
#13564=ORIENTED_EDGE('',*,*,#13563,.T.);
#13566=ORIENTED_EDGE('',*,*,#13565,.F.);
#13567=EDGE_LOOP('',(#13560,#13562,#13564,#13566));
#13568=FACE_OUTER_BOUND('',#13567,.F.);
#13569=ADVANCED_FACE('',(#13568),#13559,.T.);
#13570=CARTESIAN_POINT('',(-1.673225E1,2.286E0,-6.30936E0));
#13571=DIRECTION('',(0.E0,-1.E0,0.E0));
#13572=DIRECTION('',(1.E0,0.E0,0.E0));
#13573=AXIS2_PLACEMENT_3D('',#13570,#13571,#13572);
#13574=PLANE('',#13573);
#13575=ORIENTED_EDGE('',*,*,#8316,.F.);
#13577=ORIENTED_EDGE('',*,*,#13576,.T.);
#13579=ORIENTED_EDGE('',*,*,#13578,.T.);
#13580=ORIENTED_EDGE('',*,*,#13561,.F.);
#13581=EDGE_LOOP('',(#13575,#13577,#13579,#13580));
#13582=FACE_OUTER_BOUND('',#13581,.F.);
#13583=ADVANCED_FACE('',(#13582),#13574,.T.);
#13584=CARTESIAN_POINT('',(-1.673225E1,3.339829813004E0,-6.30936E0));
#13585=DIRECTION('',(-1.E0,0.E0,0.E0));
#13586=DIRECTION('',(0.E0,-1.E0,0.E0));
#13587=AXIS2_PLACEMENT_3D('',#13584,#13585,#13586);
#13588=PLANE('',#13587);
#13589=ORIENTED_EDGE('',*,*,#8314,.F.);
#13591=ORIENTED_EDGE('',*,*,#13590,.T.);
#13593=ORIENTED_EDGE('',*,*,#13592,.T.);
#13594=ORIENTED_EDGE('',*,*,#13576,.F.);
#13595=EDGE_LOOP('',(#13589,#13591,#13593,#13594));
#13596=FACE_OUTER_BOUND('',#13595,.F.);
#13597=ADVANCED_FACE('',(#13596),#13588,.T.);
#13598=CARTESIAN_POINT('',(-1.6891E1,3.150680823684E0,-6.30936E0));
#13599=DIRECTION('',(7.659743427825E-1,-6.428711427642E-1,0.E0));
#13600=DIRECTION('',(6.428711427642E-1,7.659743427825E-1,0.E0));
#13601=AXIS2_PLACEMENT_3D('',#13598,#13599,#13600);
#13602=PLANE('',#13601);
#13603=ORIENTED_EDGE('',*,*,#8312,.F.);
#13605=ORIENTED_EDGE('',*,*,#13604,.T.);
#13607=ORIENTED_EDGE('',*,*,#13606,.T.);
#13608=ORIENTED_EDGE('',*,*,#13590,.F.);
#13609=EDGE_LOOP('',(#13603,#13605,#13607,#13608));
#13610=FACE_OUTER_BOUND('',#13609,.F.);
#13611=ADVANCED_FACE('',(#13610),#13602,.T.);
#13612=CARTESIAN_POINT('',(-1.6891E1,3.366851086378E0,-6.30936E0));
#13613=DIRECTION('',(-1.E0,0.E0,0.E0));
#13614=DIRECTION('',(0.E0,-1.E0,0.E0));
#13615=AXIS2_PLACEMENT_3D('',#13612,#13613,#13614);
#13616=PLANE('',#13615);
#13617=ORIENTED_EDGE('',*,*,#8310,.F.);
#13619=ORIENTED_EDGE('',*,*,#13618,.T.);
#13621=ORIENTED_EDGE('',*,*,#13620,.T.);
#13622=ORIENTED_EDGE('',*,*,#13604,.F.);
#13623=EDGE_LOOP('',(#13617,#13619,#13621,#13622));
#13624=FACE_OUTER_BOUND('',#13623,.F.);
#13625=ADVANCED_FACE('',(#13624),#13616,.T.);
#13626=CARTESIAN_POINT('',(-1.673225E1,3.556E0,-6.30936E0));
#13627=DIRECTION('',(-7.659742160926E-1,6.428712937139E-1,0.E0));
#13628=DIRECTION('',(-6.428712937139E-1,-7.659742160926E-1,0.E0));
#13629=AXIS2_PLACEMENT_3D('',#13626,#13627,#13628);
#13630=PLANE('',#13629);
#13631=ORIENTED_EDGE('',*,*,#8308,.F.);
#13633=ORIENTED_EDGE('',*,*,#13632,.T.);
#13635=ORIENTED_EDGE('',*,*,#13634,.T.);
#13636=ORIENTED_EDGE('',*,*,#13618,.F.);
#13637=EDGE_LOOP('',(#13631,#13633,#13635,#13636));
#13638=FACE_OUTER_BOUND('',#13637,.F.);
#13639=ADVANCED_FACE('',(#13638),#13630,.T.);
#13640=CARTESIAN_POINT('',(-1.65735E1,3.556E0,-6.30936E0));
#13641=DIRECTION('',(0.E0,1.E0,0.E0));
#13642=DIRECTION('',(-1.E0,0.E0,0.E0));
#13643=AXIS2_PLACEMENT_3D('',#13640,#13641,#13642);
#13644=PLANE('',#13643);
#13645=ORIENTED_EDGE('',*,*,#8306,.F.);
#13646=ORIENTED_EDGE('',*,*,#13565,.T.);
#13648=ORIENTED_EDGE('',*,*,#13647,.T.);
#13649=ORIENTED_EDGE('',*,*,#13632,.F.);
#13650=EDGE_LOOP('',(#13645,#13646,#13648,#13649));
#13651=FACE_OUTER_BOUND('',#13650,.F.);
#13652=ADVANCED_FACE('',(#13651),#13644,.T.);
#13653=CARTESIAN_POINT('',(-2.6543E1,0.E0,-6.15696E0));
#13654=DIRECTION('',(0.E0,0.E0,1.E0));
#13655=DIRECTION('',(1.E0,0.E0,0.E0));
#13656=AXIS2_PLACEMENT_3D('',#13653,#13654,#13655);
#13657=PLANE('',#13656);
#13658=ORIENTED_EDGE('',*,*,#13563,.F.);
#13659=ORIENTED_EDGE('',*,*,#13578,.F.);
#13660=ORIENTED_EDGE('',*,*,#13592,.F.);
#13661=ORIENTED_EDGE('',*,*,#13606,.F.);
#13662=ORIENTED_EDGE('',*,*,#13620,.F.);
#13663=ORIENTED_EDGE('',*,*,#13634,.F.);
#13664=ORIENTED_EDGE('',*,*,#13647,.F.);
#13665=EDGE_LOOP('',(#13658,#13659,#13660,#13661,#13662,#13663,#13664));
#13666=FACE_OUTER_BOUND('',#13665,.F.);
#13667=ADVANCED_FACE('',(#13666),#13657,.T.);
#13668=CARTESIAN_POINT('',(-2.6543E1,0.E0,-6.15696E0));
#13669=DIRECTION('',(0.E0,0.E0,1.E0));
#13670=DIRECTION('',(1.E0,0.E0,0.E0));
#13671=AXIS2_PLACEMENT_3D('',#13668,#13669,#13670);
#13672=PLANE('',#13671);
#13674=ORIENTED_EDGE('',*,*,#13673,.F.);
#13676=ORIENTED_EDGE('',*,*,#13675,.F.);
#13678=ORIENTED_EDGE('',*,*,#13677,.F.);
#13680=ORIENTED_EDGE('',*,*,#13679,.F.);
#13682=ORIENTED_EDGE('',*,*,#13681,.F.);
#13684=ORIENTED_EDGE('',*,*,#13683,.F.);
#13686=ORIENTED_EDGE('',*,*,#13685,.F.);
#13687=EDGE_LOOP('',(#13674,#13676,#13678,#13680,#13682,#13684,#13686));
#13688=FACE_OUTER_BOUND('',#13687,.F.);
#13689=ADVANCED_FACE('',(#13688),#13672,.T.);
#13690=CARTESIAN_POINT('',(-2.6543E1,0.E0,-6.15696E0));
#13691=DIRECTION('',(0.E0,0.E0,1.E0));
#13692=DIRECTION('',(1.E0,0.E0,0.E0));
#13693=AXIS2_PLACEMENT_3D('',#13690,#13691,#13692);
#13694=PLANE('',#13693);
#13696=ORIENTED_EDGE('',*,*,#13695,.F.);
#13698=ORIENTED_EDGE('',*,*,#13697,.F.);
#13700=ORIENTED_EDGE('',*,*,#13699,.F.);
#13702=ORIENTED_EDGE('',*,*,#13701,.F.);
#13704=ORIENTED_EDGE('',*,*,#13703,.F.);
#13706=ORIENTED_EDGE('',*,*,#13705,.F.);
#13708=ORIENTED_EDGE('',*,*,#13707,.F.);
#13710=ORIENTED_EDGE('',*,*,#13709,.F.);
#13712=ORIENTED_EDGE('',*,*,#13711,.F.);
#13714=ORIENTED_EDGE('',*,*,#13713,.F.);
#13716=ORIENTED_EDGE('',*,*,#13715,.F.);
#13717=EDGE_LOOP('',(#13696,#13698,#13700,#13702,#13704,#13706,#13708,#13710,
#13712,#13714,#13716));
#13718=FACE_OUTER_BOUND('',#13717,.F.);
#13720=ORIENTED_EDGE('',*,*,#13719,.F.);
#13722=ORIENTED_EDGE('',*,*,#13721,.F.);
#13724=ORIENTED_EDGE('',*,*,#13723,.F.);
#13725=EDGE_LOOP('',(#13720,#13722,#13724));
#13726=FACE_BOUND('',#13725,.F.);
#13727=ADVANCED_FACE('',(#13718,#13726),#13694,.T.);
#13728=CARTESIAN_POINT('',(-1.55575E1,-3.81E0,-6.30936E0));
#13729=DIRECTION('',(1.E0,0.E0,0.E0));
#13730=DIRECTION('',(0.E0,1.E0,0.E0));
#13731=AXIS2_PLACEMENT_3D('',#13728,#13729,#13730);
#13732=PLANE('',#13731);
#13733=ORIENTED_EDGE('',*,*,#8320,.F.);
#13735=ORIENTED_EDGE('',*,*,#13734,.T.);
#13736=ORIENTED_EDGE('',*,*,#13673,.T.);
#13738=ORIENTED_EDGE('',*,*,#13737,.F.);
#13739=EDGE_LOOP('',(#13733,#13735,#13736,#13738));
#13740=FACE_OUTER_BOUND('',#13739,.F.);
#13741=ADVANCED_FACE('',(#13740),#13732,.T.);
#13742=CARTESIAN_POINT('',(-1.571625E1,-3.81E0,-6.30936E0));
#13743=DIRECTION('',(0.E0,-1.E0,0.E0));
#13744=DIRECTION('',(1.E0,0.E0,0.E0));
#13745=AXIS2_PLACEMENT_3D('',#13742,#13743,#13744);
#13746=PLANE('',#13745);
#13747=ORIENTED_EDGE('',*,*,#8332,.F.);
#13749=ORIENTED_EDGE('',*,*,#13748,.T.);
#13750=ORIENTED_EDGE('',*,*,#13675,.T.);
#13751=ORIENTED_EDGE('',*,*,#13734,.F.);
#13752=EDGE_LOOP('',(#13747,#13749,#13750,#13751));
#13753=FACE_OUTER_BOUND('',#13752,.F.);
#13754=ADVANCED_FACE('',(#13753),#13746,.T.);
#13755=CARTESIAN_POINT('',(-1.571625E1,-2.756170186996E0,-6.30936E0));
#13756=DIRECTION('',(-1.E0,0.E0,0.E0));
#13757=DIRECTION('',(0.E0,-1.E0,0.E0));
#13758=AXIS2_PLACEMENT_3D('',#13755,#13756,#13757);
#13759=PLANE('',#13758);
#13760=ORIENTED_EDGE('',*,*,#8330,.F.);
#13762=ORIENTED_EDGE('',*,*,#13761,.T.);
#13763=ORIENTED_EDGE('',*,*,#13677,.T.);
#13764=ORIENTED_EDGE('',*,*,#13748,.F.);
#13765=EDGE_LOOP('',(#13760,#13762,#13763,#13764));
#13766=FACE_OUTER_BOUND('',#13765,.F.);
#13767=ADVANCED_FACE('',(#13766),#13759,.T.);
#13768=CARTESIAN_POINT('',(-1.5875E1,-2.945319176316E0,-6.30936E0));
#13769=DIRECTION('',(7.659743427825E-1,-6.428711427642E-1,0.E0));
#13770=DIRECTION('',(6.428711427642E-1,7.659743427825E-1,0.E0));
#13771=AXIS2_PLACEMENT_3D('',#13768,#13769,#13770);
#13772=PLANE('',#13771);
#13773=ORIENTED_EDGE('',*,*,#8328,.F.);
#13775=ORIENTED_EDGE('',*,*,#13774,.T.);
#13776=ORIENTED_EDGE('',*,*,#13679,.T.);
#13777=ORIENTED_EDGE('',*,*,#13761,.F.);
#13778=EDGE_LOOP('',(#13773,#13775,#13776,#13777));
#13779=FACE_OUTER_BOUND('',#13778,.F.);
#13780=ADVANCED_FACE('',(#13779),#13772,.T.);
#13781=CARTESIAN_POINT('',(-1.5875E1,-2.729148913622E0,-6.30936E0));
#13782=DIRECTION('',(-1.E0,0.E0,0.E0));
#13783=DIRECTION('',(0.E0,-1.E0,0.E0));
#13784=AXIS2_PLACEMENT_3D('',#13781,#13782,#13783);
#13785=PLANE('',#13784);
#13786=ORIENTED_EDGE('',*,*,#8326,.F.);
#13788=ORIENTED_EDGE('',*,*,#13787,.T.);
#13789=ORIENTED_EDGE('',*,*,#13681,.T.);
#13790=ORIENTED_EDGE('',*,*,#13774,.F.);
#13791=EDGE_LOOP('',(#13786,#13788,#13789,#13790));
#13792=FACE_OUTER_BOUND('',#13791,.F.);
#13793=ADVANCED_FACE('',(#13792),#13785,.T.);
#13794=CARTESIAN_POINT('',(-1.571625E1,-2.54E0,-6.30936E0));
#13795=DIRECTION('',(-7.659742160926E-1,6.428712937139E-1,0.E0));
#13796=DIRECTION('',(-6.428712937139E-1,-7.659742160926E-1,0.E0));
#13797=AXIS2_PLACEMENT_3D('',#13794,#13795,#13796);
#13798=PLANE('',#13797);
#13799=ORIENTED_EDGE('',*,*,#8324,.F.);
#13801=ORIENTED_EDGE('',*,*,#13800,.T.);
#13802=ORIENTED_EDGE('',*,*,#13683,.T.);
#13803=ORIENTED_EDGE('',*,*,#13787,.F.);
#13804=EDGE_LOOP('',(#13799,#13801,#13802,#13803));
#13805=FACE_OUTER_BOUND('',#13804,.F.);
#13806=ADVANCED_FACE('',(#13805),#13798,.T.);
#13807=CARTESIAN_POINT('',(-1.55575E1,-2.54E0,-6.30936E0));
#13808=DIRECTION('',(0.E0,1.E0,0.E0));
#13809=DIRECTION('',(-1.E0,0.E0,0.E0));
#13810=AXIS2_PLACEMENT_3D('',#13807,#13808,#13809);
#13811=PLANE('',#13810);
#13812=ORIENTED_EDGE('',*,*,#8322,.F.);
#13813=ORIENTED_EDGE('',*,*,#13737,.T.);
#13814=ORIENTED_EDGE('',*,*,#13685,.T.);
#13815=ORIENTED_EDGE('',*,*,#13800,.F.);
#13816=EDGE_LOOP('',(#13812,#13813,#13814,#13815));
#13817=FACE_OUTER_BOUND('',#13816,.F.);
#13818=ADVANCED_FACE('',(#13817),#13811,.T.);
#13819=CARTESIAN_POINT('',(-1.471083330810E1,-2.54E0,-6.30936E0));
#13820=DIRECTION('',(-7.543046950281E-1,6.565245060609E-1,0.E0));
#13821=DIRECTION('',(-6.565245060609E-1,-7.543046950281E-1,0.E0));
#13822=AXIS2_PLACEMENT_3D('',#13819,#13820,#13821);
#13823=PLANE('',#13822);
#13824=ORIENTED_EDGE('',*,*,#8336,.F.);
#13826=ORIENTED_EDGE('',*,*,#13825,.T.);
#13827=ORIENTED_EDGE('',*,*,#13695,.T.);
#13829=ORIENTED_EDGE('',*,*,#13828,.F.);
#13830=EDGE_LOOP('',(#13824,#13826,#13827,#13829));
#13831=FACE_OUTER_BOUND('',#13830,.F.);
#13832=ADVANCED_FACE('',(#13831),#13823,.T.);
#13833=CARTESIAN_POINT('',(-1.455208338380E1,-2.54E0,-6.30936E0));
#13834=DIRECTION('',(0.E0,1.E0,0.E0));
#13835=DIRECTION('',(-1.E0,0.E0,0.E0));
#13836=AXIS2_PLACEMENT_3D('',#13833,#13834,#13835);
#13837=PLANE('',#13836);
#13838=ORIENTED_EDGE('',*,*,#8356,.F.);
#13840=ORIENTED_EDGE('',*,*,#13839,.T.);
#13841=ORIENTED_EDGE('',*,*,#13697,.T.);
#13842=ORIENTED_EDGE('',*,*,#13825,.F.);
#13843=EDGE_LOOP('',(#13838,#13840,#13841,#13842));
#13844=FACE_OUTER_BOUND('',#13843,.F.);
#13845=ADVANCED_FACE('',(#13844),#13837,.T.);
#13846=CARTESIAN_POINT('',(-1.455208338380E1,-3.269574456811E0,-6.30936E0));
#13847=DIRECTION('',(1.E0,0.E0,0.E0));
#13848=DIRECTION('',(0.E0,1.E0,0.E0));
#13849=AXIS2_PLACEMENT_3D('',#13846,#13847,#13848);
#13850=PLANE('',#13849);
#13851=ORIENTED_EDGE('',*,*,#8354,.F.);
#13853=ORIENTED_EDGE('',*,*,#13852,.T.);
#13854=ORIENTED_EDGE('',*,*,#13699,.T.);
#13855=ORIENTED_EDGE('',*,*,#13839,.F.);
#13856=EDGE_LOOP('',(#13851,#13853,#13854,#13855));
#13857=FACE_OUTER_BOUND('',#13856,.F.);
#13858=ADVANCED_FACE('',(#13857),#13850,.T.);
#13859=CARTESIAN_POINT('',(-1.42875E1,-3.269574456811E0,-6.30936E0));
#13860=DIRECTION('',(0.E0,1.E0,0.E0));
#13861=DIRECTION('',(-1.E0,0.E0,0.E0));
#13862=AXIS2_PLACEMENT_3D('',#13859,#13860,#13861);
#13863=PLANE('',#13862);
#13864=ORIENTED_EDGE('',*,*,#8352,.F.);
#13866=ORIENTED_EDGE('',*,*,#13865,.T.);
#13867=ORIENTED_EDGE('',*,*,#13701,.T.);
#13868=ORIENTED_EDGE('',*,*,#13852,.F.);
#13869=EDGE_LOOP('',(#13864,#13866,#13867,#13868));
#13870=FACE_OUTER_BOUND('',#13869,.F.);
#13871=ADVANCED_FACE('',(#13870),#13863,.T.);
#13872=CARTESIAN_POINT('',(-1.42875E1,-3.431702134907E0,-6.30936E0));
#13873=DIRECTION('',(1.E0,0.E0,0.E0));
#13874=DIRECTION('',(0.E0,1.E0,0.E0));
#13875=AXIS2_PLACEMENT_3D('',#13872,#13873,#13874);
#13876=PLANE('',#13875);
#13877=ORIENTED_EDGE('',*,*,#8350,.F.);
#13879=ORIENTED_EDGE('',*,*,#13878,.T.);
#13880=ORIENTED_EDGE('',*,*,#13703,.T.);
#13881=ORIENTED_EDGE('',*,*,#13865,.F.);
#13882=EDGE_LOOP('',(#13877,#13879,#13880,#13881));
#13883=FACE_OUTER_BOUND('',#13882,.F.);
#13884=ADVANCED_FACE('',(#13883),#13876,.T.);
#13885=CARTESIAN_POINT('',(-1.455208338380E1,-3.431702134907E0,-6.30936E0));
#13886=DIRECTION('',(0.E0,-1.E0,0.E0));
#13887=DIRECTION('',(1.E0,0.E0,0.E0));
#13888=AXIS2_PLACEMENT_3D('',#13885,#13886,#13887);
#13889=PLANE('',#13888);
#13890=ORIENTED_EDGE('',*,*,#8348,.F.);
#13892=ORIENTED_EDGE('',*,*,#13891,.T.);
#13893=ORIENTED_EDGE('',*,*,#13705,.T.);
#13894=ORIENTED_EDGE('',*,*,#13878,.F.);
#13895=EDGE_LOOP('',(#13890,#13892,#13893,#13894));
#13896=FACE_OUTER_BOUND('',#13895,.F.);
#13897=ADVANCED_FACE('',(#13896),#13889,.T.);
#13898=CARTESIAN_POINT('',(-1.455208338380E1,-3.81E0,-6.30936E0));
#13899=DIRECTION('',(1.E0,0.E0,0.E0));
#13900=DIRECTION('',(0.E0,1.E0,0.E0));
#13901=AXIS2_PLACEMENT_3D('',#13898,#13899,#13900);
#13902=PLANE('',#13901);
#13903=ORIENTED_EDGE('',*,*,#8346,.F.);
#13905=ORIENTED_EDGE('',*,*,#13904,.T.);
#13906=ORIENTED_EDGE('',*,*,#13707,.T.);
#13907=ORIENTED_EDGE('',*,*,#13891,.F.);
#13908=EDGE_LOOP('',(#13903,#13905,#13906,#13907));
#13909=FACE_OUTER_BOUND('',#13908,.F.);
#13910=ADVANCED_FACE('',(#13909),#13902,.T.);
#13911=CARTESIAN_POINT('',(-1.471083330810E1,-3.81E0,-6.30936E0));
#13912=DIRECTION('',(0.E0,-1.E0,0.E0));
#13913=DIRECTION('',(1.E0,0.E0,0.E0));
#13914=AXIS2_PLACEMENT_3D('',#13911,#13912,#13913);
#13915=PLANE('',#13914);
#13916=ORIENTED_EDGE('',*,*,#8344,.F.);
#13918=ORIENTED_EDGE('',*,*,#13917,.T.);
#13919=ORIENTED_EDGE('',*,*,#13709,.T.);
#13920=ORIENTED_EDGE('',*,*,#13904,.F.);
#13921=EDGE_LOOP('',(#13916,#13918,#13919,#13920));
#13922=FACE_OUTER_BOUND('',#13921,.F.);
#13923=ADVANCED_FACE('',(#13922),#13915,.T.);
#13924=CARTESIAN_POINT('',(-1.471083330810E1,-3.431702134907E0,-6.30936E0));
#13925=DIRECTION('',(-1.E0,0.E0,0.E0));
#13926=DIRECTION('',(0.E0,-1.E0,0.E0));
#13927=AXIS2_PLACEMENT_3D('',#13924,#13925,#13926);
#13928=PLANE('',#13927);
#13929=ORIENTED_EDGE('',*,*,#8342,.F.);
#13931=ORIENTED_EDGE('',*,*,#13930,.T.);
#13932=ORIENTED_EDGE('',*,*,#13711,.T.);
#13933=ORIENTED_EDGE('',*,*,#13917,.F.);
#13934=EDGE_LOOP('',(#13929,#13931,#13932,#13933));
#13935=FACE_OUTER_BOUND('',#13934,.F.);
#13936=ADVANCED_FACE('',(#13935),#13928,.T.);
#13937=CARTESIAN_POINT('',(-1.534583334595E1,-3.431702134907E0,-6.30936E0));
#13938=DIRECTION('',(0.E0,-1.E0,0.E0));
#13939=DIRECTION('',(1.E0,0.E0,0.E0));
#13940=AXIS2_PLACEMENT_3D('',#13937,#13938,#13939);
#13941=PLANE('',#13940);
#13942=ORIENTED_EDGE('',*,*,#8340,.F.);
#13944=ORIENTED_EDGE('',*,*,#13943,.T.);
#13945=ORIENTED_EDGE('',*,*,#13713,.T.);
#13946=ORIENTED_EDGE('',*,*,#13930,.F.);
#13947=EDGE_LOOP('',(#13942,#13944,#13945,#13946));
#13948=FACE_OUTER_BOUND('',#13947,.F.);
#13949=ADVANCED_FACE('',(#13948),#13941,.T.);
#13950=CARTESIAN_POINT('',(-1.534583334595E1,-3.269574456811E0,-6.30936E0));
#13951=DIRECTION('',(-1.E0,0.E0,0.E0));
#13952=DIRECTION('',(0.E0,-1.E0,0.E0));
#13953=AXIS2_PLACEMENT_3D('',#13950,#13951,#13952);
#13954=PLANE('',#13953);
#13955=ORIENTED_EDGE('',*,*,#8338,.F.);
#13956=ORIENTED_EDGE('',*,*,#13828,.T.);
#13957=ORIENTED_EDGE('',*,*,#13715,.T.);
#13958=ORIENTED_EDGE('',*,*,#13943,.F.);
#13959=EDGE_LOOP('',(#13955,#13956,#13957,#13958));
#13960=FACE_OUTER_BOUND('',#13959,.F.);
#13961=ADVANCED_FACE('',(#13960),#13954,.T.);
#13962=CARTESIAN_POINT('',(-1.5160625E1,-3.269574456811E0,-6.30936E0));
#13963=DIRECTION('',(7.521678172451E-1,-6.589716038652E-1,0.E0));
#13964=DIRECTION('',(6.589716038652E-1,7.521678172451E-1,0.E0));
#13965=AXIS2_PLACEMENT_3D('',#13962,#13963,#13964);
#13966=PLANE('',#13965);
#13967=ORIENTED_EDGE('',*,*,#8396,.F.);
#13969=ORIENTED_EDGE('',*,*,#13968,.T.);
#13970=ORIENTED_EDGE('',*,*,#13719,.T.);
#13972=ORIENTED_EDGE('',*,*,#13971,.F.);
#13973=EDGE_LOOP('',(#13967,#13969,#13970,#13972));
#13974=FACE_OUTER_BOUND('',#13973,.F.);
#13975=ADVANCED_FACE('',(#13974),#13966,.T.);
#13976=CARTESIAN_POINT('',(-1.471083330810E1,-3.269574456811E0,-6.30936E0));
#13977=DIRECTION('',(0.E0,1.E0,0.E0));
#13978=DIRECTION('',(-1.E0,0.E0,0.E0));
#13979=AXIS2_PLACEMENT_3D('',#13976,#13977,#13978);
#13980=PLANE('',#13979);
#13981=ORIENTED_EDGE('',*,*,#8400,.F.);
#13983=ORIENTED_EDGE('',*,*,#13982,.T.);
#13984=ORIENTED_EDGE('',*,*,#13721,.T.);
#13985=ORIENTED_EDGE('',*,*,#13968,.F.);
#13986=EDGE_LOOP('',(#13981,#13983,#13984,#13985));
#13987=FACE_OUTER_BOUND('',#13986,.F.);
#13988=ADVANCED_FACE('',(#13987),#13980,.T.);
#13989=CARTESIAN_POINT('',(-1.471083330810E1,-2.756170186996E0,-6.30936E0));
#13990=DIRECTION('',(-1.E0,0.E0,0.E0));
#13991=DIRECTION('',(0.E0,-1.E0,0.E0));
#13992=AXIS2_PLACEMENT_3D('',#13989,#13990,#13991);
#13993=PLANE('',#13992);
#13994=ORIENTED_EDGE('',*,*,#8398,.F.);
#13995=ORIENTED_EDGE('',*,*,#13971,.T.);
#13996=ORIENTED_EDGE('',*,*,#13723,.T.);
#13997=ORIENTED_EDGE('',*,*,#13982,.F.);
#13998=EDGE_LOOP('',(#13994,#13995,#13996,#13997));
#13999=FACE_OUTER_BOUND('',#13998,.F.);
#14000=ADVANCED_FACE('',(#13999),#13993,.T.);
#14001=CARTESIAN_POINT('',(2.35204E1,-5.72516E0,-1.54178E1));
#14002=DIRECTION('',(0.E0,-1.E0,0.E0));
#14003=DIRECTION('',(1.E0,0.E0,0.E0));
#14004=AXIS2_PLACEMENT_3D('',#14001,#14002,#14003);
#14005=CYLINDRICAL_SURFACE('',#14004,2.83845E0);
#14006=ORIENTED_EDGE('',*,*,#7639,.F.);
#14008=ORIENTED_EDGE('',*,*,#14007,.T.);
#14010=ORIENTED_EDGE('',*,*,#14009,.T.);
#14012=ORIENTED_EDGE('',*,*,#14011,.F.);
#14013=EDGE_LOOP('',(#14006,#14008,#14010,#14012));
#14014=FACE_OUTER_BOUND('',#14013,.F.);
#14015=ADVANCED_FACE('',(#14014),#14005,.T.);
#14016=CARTESIAN_POINT('',(2.35204E1,-5.72516E0,-1.54178E1));
#14017=DIRECTION('',(0.E0,-1.E0,0.E0));
#14018=DIRECTION('',(1.E0,0.E0,0.E0));
#14019=AXIS2_PLACEMENT_3D('',#14016,#14017,#14018);
#14020=CYLINDRICAL_SURFACE('',#14019,2.83845E0);
#14021=ORIENTED_EDGE('',*,*,#7641,.F.);
#14022=ORIENTED_EDGE('',*,*,#14011,.T.);
#14024=ORIENTED_EDGE('',*,*,#14023,.T.);
#14025=ORIENTED_EDGE('',*,*,#14007,.F.);
#14026=EDGE_LOOP('',(#14021,#14022,#14024,#14025));
#14027=FACE_OUTER_BOUND('',#14026,.F.);
#14028=ADVANCED_FACE('',(#14027),#14020,.T.);
#14029=CARTESIAN_POINT('',(-2.6543E1,-5.97916E0,0.E0));
#14030=DIRECTION('',(0.E0,-1.E0,0.E0));
#14031=DIRECTION('',(1.E0,0.E0,0.E0));
#14032=AXIS2_PLACEMENT_3D('',#14029,#14030,#14031);
#14033=PLANE('',#14032);
#14034=ORIENTED_EDGE('',*,*,#14009,.F.);
#14035=ORIENTED_EDGE('',*,*,#14023,.F.);
#14036=EDGE_LOOP('',(#14034,#14035));
#14037=FACE_OUTER_BOUND('',#14036,.F.);
#14039=ORIENTED_EDGE('',*,*,#14038,.F.);
#14041=ORIENTED_EDGE('',*,*,#14040,.F.);
#14042=EDGE_LOOP('',(#14039,#14041));
#14043=FACE_BOUND('',#14042,.F.);
#14044=ADVANCED_FACE('',(#14037,#14043),#14033,.T.);
#14045=CARTESIAN_POINT('',(-2.6543E1,-5.97916E0,0.E0));
#14046=DIRECTION('',(0.E0,-1.E0,0.E0));
#14047=DIRECTION('',(1.E0,0.E0,0.E0));
#14048=AXIS2_PLACEMENT_3D('',#14045,#14046,#14047);
#14049=PLANE('',#14048);
#14051=ORIENTED_EDGE('',*,*,#14050,.F.);
#14053=ORIENTED_EDGE('',*,*,#14052,.F.);
#14054=EDGE_LOOP('',(#14051,#14053));
#14055=FACE_OUTER_BOUND('',#14054,.F.);
#14057=ORIENTED_EDGE('',*,*,#14056,.F.);
#14059=ORIENTED_EDGE('',*,*,#14058,.F.);
#14060=EDGE_LOOP('',(#14057,#14059));
#14061=FACE_BOUND('',#14060,.F.);
#14062=ADVANCED_FACE('',(#14055,#14061),#14049,.T.);
#14063=CARTESIAN_POINT('',(-2.35204E1,-5.72516E0,-1.54178E1));
#14064=DIRECTION('',(0.E0,-1.E0,0.E0));
#14065=DIRECTION('',(1.E0,0.E0,0.E0));
#14066=AXIS2_PLACEMENT_3D('',#14063,#14064,#14065);
#14067=CYLINDRICAL_SURFACE('',#14066,2.83845E0);
#14068=ORIENTED_EDGE('',*,*,#7673,.F.);
#14070=ORIENTED_EDGE('',*,*,#14069,.T.);
#14071=ORIENTED_EDGE('',*,*,#14050,.T.);
#14073=ORIENTED_EDGE('',*,*,#14072,.F.);
#14074=EDGE_LOOP('',(#14068,#14070,#14071,#14073));
#14075=FACE_OUTER_BOUND('',#14074,.F.);
#14076=ADVANCED_FACE('',(#14075),#14067,.T.);
#14077=CARTESIAN_POINT('',(-2.35204E1,-5.72516E0,-1.54178E1));
#14078=DIRECTION('',(0.E0,-1.E0,0.E0));
#14079=DIRECTION('',(1.E0,0.E0,0.E0));
#14080=AXIS2_PLACEMENT_3D('',#14077,#14078,#14079);
#14081=CYLINDRICAL_SURFACE('',#14080,2.83845E0);
#14082=ORIENTED_EDGE('',*,*,#7675,.F.);
#14083=ORIENTED_EDGE('',*,*,#14072,.T.);
#14084=ORIENTED_EDGE('',*,*,#14052,.T.);
#14085=ORIENTED_EDGE('',*,*,#14069,.F.);
#14086=EDGE_LOOP('',(#14082,#14083,#14084,#14085));
#14087=FACE_OUTER_BOUND('',#14086,.F.);
#14088=ADVANCED_FACE('',(#14087),#14081,.T.);
#14089=CARTESIAN_POINT('',(2.35204E1,-5.72516E0,-1.54178E1));
#14090=DIRECTION('',(0.E0,-1.E0,0.E0));
#14091=DIRECTION('',(1.E0,0.E0,0.E0));
#14092=AXIS2_PLACEMENT_3D('',#14089,#14090,#14091);
#14093=CYLINDRICAL_SURFACE('',#14092,1.5494E0);
#14094=ORIENTED_EDGE('',*,*,#7685,.T.);
#14096=ORIENTED_EDGE('',*,*,#14095,.T.);
#14097=ORIENTED_EDGE('',*,*,#14038,.T.);
#14099=ORIENTED_EDGE('',*,*,#14098,.F.);
#14100=EDGE_LOOP('',(#14094,#14096,#14097,#14099));
#14101=FACE_OUTER_BOUND('',#14100,.F.);
#14102=ADVANCED_FACE('',(#14101),#14093,.F.);
#14103=CARTESIAN_POINT('',(2.35204E1,-5.72516E0,-1.54178E1));
#14104=DIRECTION('',(0.E0,-1.E0,0.E0));
#14105=DIRECTION('',(1.E0,0.E0,0.E0));
#14106=AXIS2_PLACEMENT_3D('',#14103,#14104,#14105);
#14107=CYLINDRICAL_SURFACE('',#14106,1.5494E0);
#14108=ORIENTED_EDGE('',*,*,#7687,.T.);
#14109=ORIENTED_EDGE('',*,*,#14098,.T.);
#14110=ORIENTED_EDGE('',*,*,#14040,.T.);
#14111=ORIENTED_EDGE('',*,*,#14095,.F.);
#14112=EDGE_LOOP('',(#14108,#14109,#14110,#14111));
#14113=FACE_OUTER_BOUND('',#14112,.F.);
#14114=ADVANCED_FACE('',(#14113),#14107,.F.);
#14115=CARTESIAN_POINT('',(-2.35204E1,-5.72516E0,-1.54178E1));
#14116=DIRECTION('',(0.E0,-1.E0,0.E0));
#14117=DIRECTION('',(1.E0,0.E0,0.E0));
#14118=AXIS2_PLACEMENT_3D('',#14115,#14116,#14117);
#14119=CYLINDRICAL_SURFACE('',#14118,1.5494E0);
#14120=ORIENTED_EDGE('',*,*,#7734,.T.);
#14122=ORIENTED_EDGE('',*,*,#14121,.T.);
#14123=ORIENTED_EDGE('',*,*,#14056,.T.);
#14125=ORIENTED_EDGE('',*,*,#14124,.F.);
#14126=EDGE_LOOP('',(#14120,#14122,#14123,#14125));
#14127=FACE_OUTER_BOUND('',#14126,.F.);
#14128=ADVANCED_FACE('',(#14127),#14119,.F.);
#14129=CARTESIAN_POINT('',(-2.35204E1,-5.72516E0,-1.54178E1));
#14130=DIRECTION('',(0.E0,-1.E0,0.E0));
#14131=DIRECTION('',(1.E0,0.E0,0.E0));
#14132=AXIS2_PLACEMENT_3D('',#14129,#14130,#14131);
#14133=CYLINDRICAL_SURFACE('',#14132,1.5494E0);
#14134=ORIENTED_EDGE('',*,*,#7736,.T.);
#14135=ORIENTED_EDGE('',*,*,#14124,.T.);
#14136=ORIENTED_EDGE('',*,*,#14058,.T.);
#14137=ORIENTED_EDGE('',*,*,#14121,.F.);
#14138=EDGE_LOOP('',(#14134,#14135,#14136,#14137));
#14139=FACE_OUTER_BOUND('',#14138,.F.);
#14140=ADVANCED_FACE('',(#14139),#14133,.F.);
#14141=CARTESIAN_POINT('',(-2.453386E1,-7.07136E0,-1.6129E1));
#14142=DIRECTION('',(1.E0,0.E0,0.E0));
#14143=DIRECTION('',(0.E0,1.E0,0.E0));
#14144=AXIS2_PLACEMENT_3D('',#14141,#14142,#14143);
#14145=PLANE('',#14144);
#14146=ORIENTED_EDGE('',*,*,#7558,.F.);
#14148=ORIENTED_EDGE('',*,*,#14147,.T.);
#14150=ORIENTED_EDGE('',*,*,#14149,.T.);
#14151=ORIENTED_EDGE('',*,*,#7741,.F.);
#14152=EDGE_LOOP('',(#14146,#14148,#14150,#14151));
#14153=FACE_OUTER_BOUND('',#14152,.F.);
#14154=ADVANCED_FACE('',(#14153),#14145,.T.);
#14155=CARTESIAN_POINT('',(-2.50063E1,-7.07136E0,-1.6129E1));
#14156=DIRECTION('',(0.E0,0.E0,1.E0));
#14157=DIRECTION('',(1.E0,0.E0,0.E0));
#14158=AXIS2_PLACEMENT_3D('',#14155,#14156,#14157);
#14159=CYLINDRICAL_SURFACE('',#14158,4.7244E-1);
#14160=ORIENTED_EDGE('',*,*,#7556,.F.);
#14162=ORIENTED_EDGE('',*,*,#14161,.T.);
#14164=ORIENTED_EDGE('',*,*,#14163,.T.);
#14165=ORIENTED_EDGE('',*,*,#14147,.F.);
#14166=EDGE_LOOP('',(#14160,#14162,#14164,#14165));
#14167=FACE_OUTER_BOUND('',#14166,.F.);
#14168=ADVANCED_FACE('',(#14167),#14159,.T.);
#14169=CARTESIAN_POINT('',(-2.504091785085E1,-7.681543118418E0,-1.6129E1));
#14170=DIRECTION('',(5.895820964513E-1,-8.077084570215E-1,0.E0));
#14171=DIRECTION('',(8.077084570215E-1,5.895820964513E-1,0.E0));
#14172=AXIS2_PLACEMENT_3D('',#14169,#14170,#14171);
#14173=PLANE('',#14172);
#14174=ORIENTED_EDGE('',*,*,#7554,.F.);
#14176=ORIENTED_EDGE('',*,*,#14175,.T.);
#14178=ORIENTED_EDGE('',*,*,#14177,.T.);
#14179=ORIENTED_EDGE('',*,*,#14161,.F.);
#14180=EDGE_LOOP('',(#14174,#14176,#14178,#14179));
#14181=FACE_OUTER_BOUND('',#14180,.F.);
#14182=ADVANCED_FACE('',(#14181),#14173,.T.);
#14183=CARTESIAN_POINT('',(-2.49301E1,-7.83336E0,-1.6129E1));
#14184=DIRECTION('',(0.E0,0.E0,1.E0));
#14185=DIRECTION('',(1.E0,0.E0,0.E0));
#14186=AXIS2_PLACEMENT_3D('',#14183,#14184,#14185);
#14187=CYLINDRICAL_SURFACE('',#14186,1.8796E-1);
#14188=ORIENTED_EDGE('',*,*,#7552,.F.);
#14190=ORIENTED_EDGE('',*,*,#14189,.T.);
#14192=ORIENTED_EDGE('',*,*,#14191,.T.);
#14193=ORIENTED_EDGE('',*,*,#14175,.F.);
#14194=EDGE_LOOP('',(#14188,#14190,#14192,#14193));
#14195=FACE_OUTER_BOUND('',#14194,.F.);
#14196=ADVANCED_FACE('',(#14195),#14187,.F.);
#14197=CARTESIAN_POINT('',(-2.423213501291E1,-9.371285801527E0,-1.6129E1));
#14198=DIRECTION('',(8.589598969307E-1,5.120428648706E-1,0.E0));
#14199=DIRECTION('',(-5.120428648706E-1,8.589598969307E-1,0.E0));
#14200=AXIS2_PLACEMENT_3D('',#14197,#14198,#14199);
#14201=PLANE('',#14200);
#14202=ORIENTED_EDGE('',*,*,#7550,.F.);
#14204=ORIENTED_EDGE('',*,*,#14203,.T.);
#14206=ORIENTED_EDGE('',*,*,#14205,.T.);
#14207=ORIENTED_EDGE('',*,*,#14189,.F.);
#14208=EDGE_LOOP('',(#14202,#14204,#14206,#14207));
#14209=FACE_OUTER_BOUND('',#14208,.F.);
#14210=ADVANCED_FACE('',(#14209),#14201,.T.);
#14211=CARTESIAN_POINT('',(-2.450703653832E1,-9.53516E0,-1.6129E1));
#14212=DIRECTION('',(5.120428648706E-1,-8.589598969307E-1,0.E0));
#14213=DIRECTION('',(8.589598969307E-1,5.120428648706E-1,0.E0));
#14214=AXIS2_PLACEMENT_3D('',#14211,#14212,#14213);
#14215=PLANE('',#14214);
#14216=ORIENTED_EDGE('',*,*,#7548,.F.);
#14218=ORIENTED_EDGE('',*,*,#14217,.T.);
#14220=ORIENTED_EDGE('',*,*,#14219,.T.);
#14221=ORIENTED_EDGE('',*,*,#14203,.F.);
#14222=EDGE_LOOP('',(#14216,#14218,#14220,#14221));
#14223=FACE_OUTER_BOUND('',#14222,.F.);
#14224=ADVANCED_FACE('',(#14223),#14215,.T.);
#14225=CARTESIAN_POINT('',(-2.536645162764E1,-8.093477775354E0,-1.6129E1));
#14226=DIRECTION('',(-8.589598969307E-1,-5.120428648706E-1,0.E0));
#14227=DIRECTION('',(5.120428648706E-1,-8.589598969307E-1,0.E0));
#14228=AXIS2_PLACEMENT_3D('',#14225,#14226,#14227);
#14229=PLANE('',#14228);
#14230=ORIENTED_EDGE('',*,*,#7546,.F.);
#14232=ORIENTED_EDGE('',*,*,#14231,.T.);
#14234=ORIENTED_EDGE('',*,*,#14233,.T.);
#14235=ORIENTED_EDGE('',*,*,#14217,.F.);
#14236=EDGE_LOOP('',(#14230,#14232,#14234,#14235));
#14237=FACE_OUTER_BOUND('',#14236,.F.);
#14238=ADVANCED_FACE('',(#14237),#14229,.T.);
#14239=CARTESIAN_POINT('',(-2.49301E1,-7.83336E0,-1.6129E1));
#14240=DIRECTION('',(0.E0,0.E0,1.E0));
#14241=DIRECTION('',(1.E0,0.E0,0.E0));
#14242=AXIS2_PLACEMENT_3D('',#14239,#14240,#14241);
#14243=CYLINDRICAL_SURFACE('',#14242,5.08E-1);
#14244=ORIENTED_EDGE('',*,*,#7544,.F.);
#14246=ORIENTED_EDGE('',*,*,#14245,.T.);
#14248=ORIENTED_EDGE('',*,*,#14247,.T.);
#14249=ORIENTED_EDGE('',*,*,#14231,.F.);
#14250=EDGE_LOOP('',(#14244,#14246,#14248,#14249));
#14251=FACE_OUTER_BOUND('',#14250,.F.);
#14252=ADVANCED_FACE('',(#14251),#14243,.T.);
#14253=CARTESIAN_POINT('',(-2.491644768850E1,-7.194454768850E0,-1.6129E1));
#14254=DIRECTION('',(-5.895820964513E-1,8.077084570215E-1,0.E0));
#14255=DIRECTION('',(-8.077084570215E-1,-5.895820964513E-1,0.E0));
#14256=AXIS2_PLACEMENT_3D('',#14253,#14254,#14255);
#14257=PLANE('',#14256);
#14258=ORIENTED_EDGE('',*,*,#7542,.F.);
#14260=ORIENTED_EDGE('',*,*,#14259,.T.);
#14262=ORIENTED_EDGE('',*,*,#14261,.T.);
#14263=ORIENTED_EDGE('',*,*,#14245,.F.);
#14264=EDGE_LOOP('',(#14258,#14260,#14262,#14263));
#14265=FACE_OUTER_BOUND('',#14264,.F.);
#14266=ADVANCED_FACE('',(#14265),#14257,.T.);
#14267=CARTESIAN_POINT('',(-2.50063E1,-7.07136E0,-1.6129E1));
#14268=DIRECTION('',(0.E0,0.E0,1.E0));
#14269=DIRECTION('',(1.E0,0.E0,0.E0));
#14270=AXIS2_PLACEMENT_3D('',#14267,#14268,#14269);
#14271=CYLINDRICAL_SURFACE('',#14270,1.524E-1);
#14272=ORIENTED_EDGE('',*,*,#7540,.F.);
#14274=ORIENTED_EDGE('',*,*,#14273,.T.);
#14276=ORIENTED_EDGE('',*,*,#14275,.T.);
#14277=ORIENTED_EDGE('',*,*,#14259,.F.);
#14278=EDGE_LOOP('',(#14272,#14274,#14276,#14277));
#14279=FACE_OUTER_BOUND('',#14278,.F.);
#14280=ADVANCED_FACE('',(#14279),#14271,.F.);
#14281=CARTESIAN_POINT('',(-2.48539E1,-5.72516E0,-1.6129E1));
#14282=DIRECTION('',(-1.E0,1.055627300193E-14,0.E0));
#14283=DIRECTION('',(-1.055627300193E-14,-1.E0,0.E0));
#14284=AXIS2_PLACEMENT_3D('',#14281,#14282,#14283);
#14285=PLANE('',#14284);
#14286=ORIENTED_EDGE('',*,*,#7538,.F.);
#14287=ORIENTED_EDGE('',*,*,#7745,.T.);
#14289=ORIENTED_EDGE('',*,*,#14288,.T.);
#14290=ORIENTED_EDGE('',*,*,#14273,.F.);
#14291=EDGE_LOOP('',(#14286,#14287,#14289,#14290));
#14292=FACE_OUTER_BOUND('',#14291,.F.);
#14293=ADVANCED_FACE('',(#14292),#14285,.T.);
#14294=CARTESIAN_POINT('',(2.35204E1,0.E0,-1.47066E1));
#14295=DIRECTION('',(0.E0,0.E0,1.E0));
#14296=DIRECTION('',(1.E0,0.E0,0.E0));
#14297=AXIS2_PLACEMENT_3D('',#14294,#14295,#14296);
#14298=PLANE('',#14297);
#14299=ORIENTED_EDGE('',*,*,#7605,.F.);
#14300=ORIENTED_EDGE('',*,*,#7703,.T.);
#14302=ORIENTED_EDGE('',*,*,#14301,.F.);
#14304=ORIENTED_EDGE('',*,*,#14303,.F.);
#14306=ORIENTED_EDGE('',*,*,#14305,.F.);
#14308=ORIENTED_EDGE('',*,*,#14307,.F.);
#14310=ORIENTED_EDGE('',*,*,#14309,.F.);
#14312=ORIENTED_EDGE('',*,*,#14311,.F.);
#14314=ORIENTED_EDGE('',*,*,#14313,.F.);
#14316=ORIENTED_EDGE('',*,*,#14315,.F.);
#14318=ORIENTED_EDGE('',*,*,#14317,.F.);
#14320=ORIENTED_EDGE('',*,*,#14319,.F.);
#14321=EDGE_LOOP('',(#14299,#14300,#14302,#14304,#14306,#14308,#14310,#14312,
#14314,#14316,#14318,#14320));
#14322=FACE_OUTER_BOUND('',#14321,.F.);
#14323=ADVANCED_FACE('',(#14322),#14298,.T.);
#14324=CARTESIAN_POINT('',(2.35204E1,0.E0,-1.47066E1));
#14325=DIRECTION('',(0.E0,0.E0,1.E0));
#14326=DIRECTION('',(1.E0,0.E0,0.E0));
#14327=AXIS2_PLACEMENT_3D('',#14324,#14325,#14326);
#14328=PLANE('',#14327);
#14330=ORIENTED_EDGE('',*,*,#14329,.F.);
#14331=ORIENTED_EDGE('',*,*,#7694,.T.);
#14333=ORIENTED_EDGE('',*,*,#14332,.F.);
#14335=ORIENTED_EDGE('',*,*,#14334,.F.);
#14337=ORIENTED_EDGE('',*,*,#14336,.F.);
#14339=ORIENTED_EDGE('',*,*,#14338,.F.);
#14341=ORIENTED_EDGE('',*,*,#14340,.F.);
#14343=ORIENTED_EDGE('',*,*,#14342,.F.);
#14344=ORIENTED_EDGE('',*,*,#7463,.F.);
#14346=ORIENTED_EDGE('',*,*,#14345,.F.);
#14348=ORIENTED_EDGE('',*,*,#14347,.F.);
#14350=ORIENTED_EDGE('',*,*,#14349,.F.);
#14351=EDGE_LOOP('',(#14330,#14331,#14333,#14335,#14337,#14339,#14341,#14343,
#14344,#14346,#14348,#14350));
#14352=FACE_OUTER_BOUND('',#14351,.F.);
#14353=ADVANCED_FACE('',(#14352),#14328,.T.);
#14354=CARTESIAN_POINT('',(2.35204E1,0.E0,-1.47066E1));
#14355=DIRECTION('',(0.E0,0.E0,1.E0));
#14356=DIRECTION('',(1.E0,0.E0,0.E0));
#14357=AXIS2_PLACEMENT_3D('',#14354,#14355,#14356);
#14358=PLANE('',#14357);
#14359=ORIENTED_EDGE('',*,*,#14288,.F.);
#14360=ORIENTED_EDGE('',*,*,#7743,.T.);
#14361=ORIENTED_EDGE('',*,*,#14149,.F.);
#14362=ORIENTED_EDGE('',*,*,#14163,.F.);
#14363=ORIENTED_EDGE('',*,*,#14177,.F.);
#14364=ORIENTED_EDGE('',*,*,#14191,.F.);
#14365=ORIENTED_EDGE('',*,*,#14205,.F.);
#14366=ORIENTED_EDGE('',*,*,#14219,.F.);
#14367=ORIENTED_EDGE('',*,*,#14233,.F.);
#14368=ORIENTED_EDGE('',*,*,#14247,.F.);
#14369=ORIENTED_EDGE('',*,*,#14261,.F.);
#14370=ORIENTED_EDGE('',*,*,#14275,.F.);
#14371=EDGE_LOOP('',(#14359,#14360,#14361,#14362,#14363,#14364,#14365,#14366,
#14367,#14368,#14369,#14370));
#14372=FACE_OUTER_BOUND('',#14371,.F.);
#14373=ADVANCED_FACE('',(#14372),#14358,.T.);
#14374=CARTESIAN_POINT('',(2.35204E1,0.E0,-1.47066E1));
#14375=DIRECTION('',(0.E0,0.E0,1.E0));
#14376=DIRECTION('',(1.E0,0.E0,0.E0));
#14377=AXIS2_PLACEMENT_3D('',#14374,#14375,#14376);
#14378=PLANE('',#14377);
#14380=ORIENTED_EDGE('',*,*,#14379,.F.);
#14381=ORIENTED_EDGE('',*,*,#7752,.T.);
#14383=ORIENTED_EDGE('',*,*,#14382,.F.);
#14385=ORIENTED_EDGE('',*,*,#14384,.F.);
#14387=ORIENTED_EDGE('',*,*,#14386,.F.);
#14389=ORIENTED_EDGE('',*,*,#14388,.F.);
#14391=ORIENTED_EDGE('',*,*,#14390,.F.);
#14393=ORIENTED_EDGE('',*,*,#14392,.F.);
#14395=ORIENTED_EDGE('',*,*,#14394,.F.);
#14397=ORIENTED_EDGE('',*,*,#14396,.F.);
#14399=ORIENTED_EDGE('',*,*,#14398,.F.);
#14401=ORIENTED_EDGE('',*,*,#14400,.F.);
#14402=EDGE_LOOP('',(#14380,#14381,#14383,#14385,#14387,#14389,#14391,#14393,
#14395,#14397,#14399,#14401));
#14403=FACE_OUTER_BOUND('',#14402,.F.);
#14404=ADVANCED_FACE('',(#14403),#14378,.T.);
#14405=CARTESIAN_POINT('',(2.48539E1,-7.07136E0,-1.6129E1));
#14406=DIRECTION('',(1.E0,0.E0,0.E0));
#14407=DIRECTION('',(0.E0,1.E0,0.E0));
#14408=AXIS2_PLACEMENT_3D('',#14405,#14406,#14407);
#14409=PLANE('',#14408);
#14410=ORIENTED_EDGE('',*,*,#7495,.F.);
#14412=ORIENTED_EDGE('',*,*,#14411,.T.);
#14413=ORIENTED_EDGE('',*,*,#14301,.T.);
#14414=ORIENTED_EDGE('',*,*,#7701,.F.);
#14415=EDGE_LOOP('',(#14410,#14412,#14413,#14414));
#14416=FACE_OUTER_BOUND('',#14415,.F.);
#14417=ADVANCED_FACE('',(#14416),#14409,.T.);
#14418=CARTESIAN_POINT('',(2.50063E1,-7.07136E0,-1.6129E1));
#14419=DIRECTION('',(0.E0,0.E0,1.E0));
#14420=DIRECTION('',(1.E0,0.E0,0.E0));
#14421=AXIS2_PLACEMENT_3D('',#14418,#14419,#14420);
#14422=CYLINDRICAL_SURFACE('',#14421,1.524E-1);
#14423=ORIENTED_EDGE('',*,*,#7493,.F.);
#14425=ORIENTED_EDGE('',*,*,#14424,.T.);
#14426=ORIENTED_EDGE('',*,*,#14303,.T.);
#14427=ORIENTED_EDGE('',*,*,#14411,.F.);
#14428=EDGE_LOOP('',(#14423,#14425,#14426,#14427));
#14429=FACE_OUTER_BOUND('',#14428,.F.);
#14430=ADVANCED_FACE('',(#14429),#14422,.F.);
#14431=CARTESIAN_POINT('',(2.522960770500E1,-7.423044103833E0,-1.6129E1));
#14432=DIRECTION('',(5.895820964513E-1,8.077084570215E-1,0.E0));
#14433=DIRECTION('',(-8.077084570215E-1,5.895820964513E-1,0.E0));
#14434=AXIS2_PLACEMENT_3D('',#14431,#14432,#14433);
#14435=PLANE('',#14434);
#14436=ORIENTED_EDGE('',*,*,#7491,.F.);
#14438=ORIENTED_EDGE('',*,*,#14437,.T.);
#14439=ORIENTED_EDGE('',*,*,#14305,.T.);
#14440=ORIENTED_EDGE('',*,*,#14424,.F.);
#14441=EDGE_LOOP('',(#14436,#14438,#14439,#14440));
#14442=FACE_OUTER_BOUND('',#14441,.F.);
#14443=ADVANCED_FACE('',(#14442),#14435,.T.);
#14444=CARTESIAN_POINT('',(2.49301E1,-7.83336E0,-1.6129E1));
#14445=DIRECTION('',(0.E0,0.E0,1.E0));
#14446=DIRECTION('',(1.E0,0.E0,0.E0));
#14447=AXIS2_PLACEMENT_3D('',#14444,#14445,#14446);
#14448=CYLINDRICAL_SURFACE('',#14447,5.08E-1);
#14449=ORIENTED_EDGE('',*,*,#7489,.F.);
#14451=ORIENTED_EDGE('',*,*,#14450,.T.);
#14452=ORIENTED_EDGE('',*,*,#14307,.T.);
#14453=ORIENTED_EDGE('',*,*,#14437,.F.);
#14454=EDGE_LOOP('',(#14449,#14451,#14452,#14453));
#14455=FACE_OUTER_BOUND('',#14454,.F.);
#14456=ADVANCED_FACE('',(#14455),#14448,.T.);
#14457=CARTESIAN_POINT('',(2.450703653832E1,-9.53516E0,-1.6129E1));
#14458=DIRECTION('',(8.589598969307E-1,-5.120428648706E-1,0.E0));
#14459=DIRECTION('',(5.120428648706E-1,8.589598969307E-1,0.E0));
#14460=AXIS2_PLACEMENT_3D('',#14457,#14458,#14459);
#14461=PLANE('',#14460);
#14462=ORIENTED_EDGE('',*,*,#7487,.F.);
#14464=ORIENTED_EDGE('',*,*,#14463,.T.);
#14465=ORIENTED_EDGE('',*,*,#14309,.T.);
#14466=ORIENTED_EDGE('',*,*,#14450,.F.);
#14467=EDGE_LOOP('',(#14462,#14464,#14465,#14466));
#14468=FACE_OUTER_BOUND('',#14467,.F.);
#14469=ADVANCED_FACE('',(#14468),#14461,.T.);
#14470=CARTESIAN_POINT('',(2.423213501291E1,-9.371285801527E0,-1.6129E1));
#14471=DIRECTION('',(-5.120428648706E-1,-8.589598969307E-1,0.E0));
#14472=DIRECTION('',(8.589598969307E-1,-5.120428648706E-1,0.E0));
#14473=AXIS2_PLACEMENT_3D('',#14470,#14471,#14472);
#14474=PLANE('',#14473);
#14475=ORIENTED_EDGE('',*,*,#7485,.F.);
#14477=ORIENTED_EDGE('',*,*,#14476,.T.);
#14478=ORIENTED_EDGE('',*,*,#14311,.T.);
#14479=ORIENTED_EDGE('',*,*,#14463,.F.);
#14480=EDGE_LOOP('',(#14475,#14477,#14478,#14479));
#14481=FACE_OUTER_BOUND('',#14480,.F.);
#14482=ADVANCED_FACE('',(#14481),#14474,.T.);
#14483=CARTESIAN_POINT('',(2.509155010223E1,-7.929603576881E0,-1.6129E1));
#14484=DIRECTION('',(-8.589598969307E-1,5.120428648706E-1,0.E0));
#14485=DIRECTION('',(-5.120428648706E-1,-8.589598969307E-1,0.E0));
#14486=AXIS2_PLACEMENT_3D('',#14483,#14484,#14485);
#14487=PLANE('',#14486);
#14488=ORIENTED_EDGE('',*,*,#7483,.F.);
#14490=ORIENTED_EDGE('',*,*,#14489,.T.);
#14491=ORIENTED_EDGE('',*,*,#14313,.T.);
#14492=ORIENTED_EDGE('',*,*,#14476,.F.);
#14493=EDGE_LOOP('',(#14488,#14490,#14491,#14492));
#14494=FACE_OUTER_BOUND('',#14493,.F.);
#14495=ADVANCED_FACE('',(#14494),#14487,.T.);
#14496=CARTESIAN_POINT('',(2.49301E1,-7.83336E0,-1.6129E1));
#14497=DIRECTION('',(0.E0,0.E0,1.E0));
#14498=DIRECTION('',(1.E0,0.E0,0.E0));
#14499=AXIS2_PLACEMENT_3D('',#14496,#14497,#14498);
#14500=CYLINDRICAL_SURFACE('',#14499,1.8796E-1);
#14501=ORIENTED_EDGE('',*,*,#7481,.F.);
#14503=ORIENTED_EDGE('',*,*,#14502,.T.);
#14504=ORIENTED_EDGE('',*,*,#14315,.T.);
#14505=ORIENTED_EDGE('',*,*,#14489,.F.);
#14506=EDGE_LOOP('',(#14501,#14503,#14504,#14505));
#14507=FACE_OUTER_BOUND('',#14506,.F.);
#14508=ADVANCED_FACE('',(#14507),#14500,.F.);
#14509=CARTESIAN_POINT('',(2.472775783435E1,-7.452953783435E0,-1.6129E1));
#14510=DIRECTION('',(-5.895820964513E-1,-8.077084570215E-1,0.E0));
#14511=DIRECTION('',(8.077084570215E-1,-5.895820964513E-1,0.E0));
#14512=AXIS2_PLACEMENT_3D('',#14509,#14510,#14511);
#14513=PLANE('',#14512);
#14514=ORIENTED_EDGE('',*,*,#7479,.F.);
#14516=ORIENTED_EDGE('',*,*,#14515,.T.);
#14517=ORIENTED_EDGE('',*,*,#14317,.T.);
#14518=ORIENTED_EDGE('',*,*,#14502,.F.);
#14519=EDGE_LOOP('',(#14514,#14516,#14517,#14518));
#14520=FACE_OUTER_BOUND('',#14519,.F.);
#14521=ADVANCED_FACE('',(#14520),#14513,.T.);
#14522=CARTESIAN_POINT('',(2.50063E1,-7.07136E0,-1.6129E1));
#14523=DIRECTION('',(0.E0,0.E0,1.E0));
#14524=DIRECTION('',(1.E0,0.E0,0.E0));
#14525=AXIS2_PLACEMENT_3D('',#14522,#14523,#14524);
#14526=CYLINDRICAL_SURFACE('',#14525,4.7244E-1);
#14527=ORIENTED_EDGE('',*,*,#7477,.F.);
#14528=ORIENTED_EDGE('',*,*,#7607,.T.);
#14529=ORIENTED_EDGE('',*,*,#14319,.T.);
#14530=ORIENTED_EDGE('',*,*,#14515,.F.);
#14531=EDGE_LOOP('',(#14527,#14528,#14529,#14530));
#14532=FACE_OUTER_BOUND('',#14531,.F.);
#14533=ADVANCED_FACE('',(#14532),#14526,.T.);
#14534=CARTESIAN_POINT('',(2.21869E1,-5.72516E0,-1.6129E1));
#14535=DIRECTION('',(-1.E0,0.E0,0.E0));
#14536=DIRECTION('',(0.E0,-1.E0,0.E0));
#14537=AXIS2_PLACEMENT_3D('',#14534,#14535,#14536);
#14538=PLANE('',#14537);
#14539=ORIENTED_EDGE('',*,*,#7507,.F.);
#14540=ORIENTED_EDGE('',*,*,#7696,.T.);
#14541=ORIENTED_EDGE('',*,*,#14329,.T.);
#14543=ORIENTED_EDGE('',*,*,#14542,.F.);
#14544=EDGE_LOOP('',(#14539,#14540,#14541,#14543));
#14545=FACE_OUTER_BOUND('',#14544,.F.);
#14546=ADVANCED_FACE('',(#14545),#14538,.T.);
#14547=CARTESIAN_POINT('',(2.20345E1,-7.07136E0,-1.6129E1));
#14548=DIRECTION('',(0.E0,0.E0,1.E0));
#14549=DIRECTION('',(1.E0,0.E0,0.E0));
#14550=AXIS2_PLACEMENT_3D('',#14547,#14548,#14549);
#14551=CYLINDRICAL_SURFACE('',#14550,1.524E-1);
#14552=ORIENTED_EDGE('',*,*,#7509,.F.);
#14553=ORIENTED_EDGE('',*,*,#14542,.T.);
#14554=ORIENTED_EDGE('',*,*,#14349,.T.);
#14556=ORIENTED_EDGE('',*,*,#14555,.F.);
#14557=EDGE_LOOP('',(#14552,#14553,#14554,#14556));
#14558=FACE_OUTER_BOUND('',#14557,.F.);
#14559=ADVANCED_FACE('',(#14558),#14551,.F.);
#14560=CARTESIAN_POINT('',(2.212435231150E1,-7.194454768850E0,-1.6129E1));
#14561=DIRECTION('',(-5.895820964513E-1,8.077084570215E-1,0.E0));
#14562=DIRECTION('',(-8.077084570215E-1,-5.895820964513E-1,0.E0));
#14563=AXIS2_PLACEMENT_3D('',#14560,#14561,#14562);
#14564=PLANE('',#14563);
#14565=ORIENTED_EDGE('',*,*,#7511,.F.);
#14566=ORIENTED_EDGE('',*,*,#14555,.T.);
#14567=ORIENTED_EDGE('',*,*,#14347,.T.);
#14569=ORIENTED_EDGE('',*,*,#14568,.F.);
#14570=EDGE_LOOP('',(#14565,#14566,#14567,#14569));
#14571=FACE_OUTER_BOUND('',#14570,.F.);
#14572=ADVANCED_FACE('',(#14571),#14564,.T.);
#14573=CARTESIAN_POINT('',(2.21107E1,-7.83336E0,-1.6129E1));
#14574=DIRECTION('',(0.E0,0.E0,1.E0));
#14575=DIRECTION('',(1.E0,0.E0,0.E0));
#14576=AXIS2_PLACEMENT_3D('',#14573,#14574,#14575);
#14577=CYLINDRICAL_SURFACE('',#14576,5.08E-1);
#14578=ORIENTED_EDGE('',*,*,#7513,.F.);
#14579=ORIENTED_EDGE('',*,*,#14568,.T.);
#14580=ORIENTED_EDGE('',*,*,#14345,.T.);
#14581=ORIENTED_EDGE('',*,*,#7461,.F.);
#14582=EDGE_LOOP('',(#14578,#14579,#14580,#14581));
#14583=FACE_OUTER_BOUND('',#14582,.F.);
#14584=ADVANCED_FACE('',(#14583),#14577,.T.);
#14585=CARTESIAN_POINT('',(2.250694E1,-7.07136E0,-1.6129E1));
#14586=DIRECTION('',(1.E0,0.E0,0.E0));
#14587=DIRECTION('',(0.E0,1.E0,0.E0));
#14588=AXIS2_PLACEMENT_3D('',#14585,#14586,#14587);
#14589=PLANE('',#14588);
#14590=ORIENTED_EDGE('',*,*,#7526,.F.);
#14592=ORIENTED_EDGE('',*,*,#14591,.T.);
#14593=ORIENTED_EDGE('',*,*,#14332,.T.);
#14594=ORIENTED_EDGE('',*,*,#7692,.F.);
#14595=EDGE_LOOP('',(#14590,#14592,#14593,#14594));
#14596=FACE_OUTER_BOUND('',#14595,.F.);
#14597=ADVANCED_FACE('',(#14596),#14589,.T.);
#14598=CARTESIAN_POINT('',(2.20345E1,-7.07136E0,-1.6129E1));
#14599=DIRECTION('',(0.E0,0.E0,1.E0));
#14600=DIRECTION('',(1.E0,0.E0,0.E0));
#14601=AXIS2_PLACEMENT_3D('',#14598,#14599,#14600);
#14602=CYLINDRICAL_SURFACE('',#14601,4.7244E-1);
#14603=ORIENTED_EDGE('',*,*,#7524,.F.);
#14605=ORIENTED_EDGE('',*,*,#14604,.T.);
#14606=ORIENTED_EDGE('',*,*,#14334,.T.);
#14607=ORIENTED_EDGE('',*,*,#14591,.F.);
#14608=EDGE_LOOP('',(#14603,#14605,#14606,#14607));
#14609=FACE_OUTER_BOUND('',#14608,.F.);
#14610=ADVANCED_FACE('',(#14609),#14602,.T.);
#14611=CARTESIAN_POINT('',(2.199988214915E1,-7.681543118418E0,-1.6129E1));
#14612=DIRECTION('',(5.895820964513E-1,-8.077084570215E-1,0.E0));
#14613=DIRECTION('',(8.077084570215E-1,5.895820964513E-1,0.E0));
#14614=AXIS2_PLACEMENT_3D('',#14611,#14612,#14613);
#14615=PLANE('',#14614);
#14616=ORIENTED_EDGE('',*,*,#7522,.F.);
#14618=ORIENTED_EDGE('',*,*,#14617,.T.);
#14619=ORIENTED_EDGE('',*,*,#14336,.T.);
#14620=ORIENTED_EDGE('',*,*,#14604,.F.);
#14621=EDGE_LOOP('',(#14616,#14618,#14619,#14620));
#14622=FACE_OUTER_BOUND('',#14621,.F.);
#14623=ADVANCED_FACE('',(#14622),#14615,.T.);
#14624=CARTESIAN_POINT('',(2.21107E1,-7.83336E0,-1.6129E1));
#14625=DIRECTION('',(0.E0,0.E0,1.E0));
#14626=DIRECTION('',(1.E0,0.E0,0.E0));
#14627=AXIS2_PLACEMENT_3D('',#14624,#14625,#14626);
#14628=CYLINDRICAL_SURFACE('',#14627,1.8796E-1);
#14629=ORIENTED_EDGE('',*,*,#7520,.F.);
#14631=ORIENTED_EDGE('',*,*,#14630,.T.);
#14632=ORIENTED_EDGE('',*,*,#14338,.T.);
#14633=ORIENTED_EDGE('',*,*,#14617,.F.);
#14634=EDGE_LOOP('',(#14629,#14631,#14632,#14633));
#14635=FACE_OUTER_BOUND('',#14634,.F.);
#14636=ADVANCED_FACE('',(#14635),#14628,.F.);
#14637=CARTESIAN_POINT('',(2.280866498709E1,-9.371285801527E0,-1.6129E1));
#14638=DIRECTION('',(8.589598969307E-1,5.120428648706E-1,0.E0));
#14639=DIRECTION('',(-5.120428648706E-1,8.589598969307E-1,0.E0));
#14640=AXIS2_PLACEMENT_3D('',#14637,#14638,#14639);
#14641=PLANE('',#14640);
#14642=ORIENTED_EDGE('',*,*,#7518,.F.);
#14644=ORIENTED_EDGE('',*,*,#14643,.T.);
#14645=ORIENTED_EDGE('',*,*,#14340,.T.);
#14646=ORIENTED_EDGE('',*,*,#14630,.F.);
#14647=EDGE_LOOP('',(#14642,#14644,#14645,#14646));
#14648=FACE_OUTER_BOUND('',#14647,.F.);
#14649=ADVANCED_FACE('',(#14648),#14641,.T.);
#14650=CARTESIAN_POINT('',(2.253376346168E1,-9.53516E0,-1.6129E1));
#14651=DIRECTION('',(5.120428648706E-1,-8.589598969307E-1,0.E0));
#14652=DIRECTION('',(8.589598969307E-1,5.120428648706E-1,0.E0));
#14653=AXIS2_PLACEMENT_3D('',#14650,#14651,#14652);
#14654=PLANE('',#14653);
#14655=ORIENTED_EDGE('',*,*,#7516,.F.);
#14656=ORIENTED_EDGE('',*,*,#7465,.T.);
#14657=ORIENTED_EDGE('',*,*,#14342,.T.);
#14658=ORIENTED_EDGE('',*,*,#14643,.F.);
#14659=EDGE_LOOP('',(#14655,#14656,#14657,#14658));
#14660=FACE_OUTER_BOUND('',#14659,.F.);
#14661=ADVANCED_FACE('',(#14660),#14654,.T.);
#14662=CARTESIAN_POINT('',(-2.250694E1,-5.72516E0,-1.6129E1));
#14663=DIRECTION('',(-1.E0,0.E0,0.E0));
#14664=DIRECTION('',(0.E0,-1.E0,0.E0));
#14665=AXIS2_PLACEMENT_3D('',#14662,#14663,#14664);
#14666=PLANE('',#14665);
#14667=ORIENTED_EDGE('',*,*,#7570,.F.);
#14668=ORIENTED_EDGE('',*,*,#7754,.T.);
#14669=ORIENTED_EDGE('',*,*,#14379,.T.);
#14671=ORIENTED_EDGE('',*,*,#14670,.F.);
#14672=EDGE_LOOP('',(#14667,#14668,#14669,#14671));
#14673=FACE_OUTER_BOUND('',#14672,.F.);
#14674=ADVANCED_FACE('',(#14673),#14666,.T.);
#14675=CARTESIAN_POINT('',(-2.20345E1,-7.07136E0,-1.6129E1));
#14676=DIRECTION('',(0.E0,0.E0,1.E0));
#14677=DIRECTION('',(1.E0,0.E0,0.E0));
#14678=AXIS2_PLACEMENT_3D('',#14675,#14676,#14677);
#14679=CYLINDRICAL_SURFACE('',#14678,4.7244E-1);
#14680=ORIENTED_EDGE('',*,*,#7572,.F.);
#14681=ORIENTED_EDGE('',*,*,#14670,.T.);
#14682=ORIENTED_EDGE('',*,*,#14400,.T.);
#14684=ORIENTED_EDGE('',*,*,#14683,.F.);
#14685=EDGE_LOOP('',(#14680,#14681,#14682,#14684));
#14686=FACE_OUTER_BOUND('',#14685,.F.);
#14687=ADVANCED_FACE('',(#14686),#14679,.T.);
#14688=CARTESIAN_POINT('',(-2.231304216565E1,-7.452953783435E0,-1.6129E1));
#14689=DIRECTION('',(-5.895820964513E-1,-8.077084570215E-1,0.E0));
#14690=DIRECTION('',(8.077084570215E-1,-5.895820964513E-1,0.E0));
#14691=AXIS2_PLACEMENT_3D('',#14688,#14689,#14690);
#14692=PLANE('',#14691);
#14693=ORIENTED_EDGE('',*,*,#7574,.F.);
#14694=ORIENTED_EDGE('',*,*,#14683,.T.);
#14695=ORIENTED_EDGE('',*,*,#14398,.T.);
#14697=ORIENTED_EDGE('',*,*,#14696,.F.);
#14698=EDGE_LOOP('',(#14693,#14694,#14695,#14697));
#14699=FACE_OUTER_BOUND('',#14698,.F.);
#14700=ADVANCED_FACE('',(#14699),#14692,.T.);
#14701=CARTESIAN_POINT('',(-2.21107E1,-7.83336E0,-1.6129E1));
#14702=DIRECTION('',(0.E0,0.E0,1.E0));
#14703=DIRECTION('',(1.E0,0.E0,0.E0));
#14704=AXIS2_PLACEMENT_3D('',#14701,#14702,#14703);
#14705=CYLINDRICAL_SURFACE('',#14704,1.8796E-1);
#14706=ORIENTED_EDGE('',*,*,#7576,.F.);
#14707=ORIENTED_EDGE('',*,*,#14696,.T.);
#14708=ORIENTED_EDGE('',*,*,#14396,.T.);
#14710=ORIENTED_EDGE('',*,*,#14709,.F.);
#14711=EDGE_LOOP('',(#14706,#14707,#14708,#14710));
#14712=FACE_OUTER_BOUND('',#14711,.F.);
#14713=ADVANCED_FACE('',(#14712),#14705,.F.);
#14714=CARTESIAN_POINT('',(-2.194924989777E1,-7.929603576881E0,-1.6129E1));
#14715=DIRECTION('',(-8.589598969307E-1,5.120428648706E-1,0.E0));
#14716=DIRECTION('',(-5.120428648706E-1,-8.589598969307E-1,0.E0));
#14717=AXIS2_PLACEMENT_3D('',#14714,#14715,#14716);
#14718=PLANE('',#14717);
#14719=ORIENTED_EDGE('',*,*,#7578,.F.);
#14720=ORIENTED_EDGE('',*,*,#14709,.T.);
#14721=ORIENTED_EDGE('',*,*,#14394,.T.);
#14723=ORIENTED_EDGE('',*,*,#14722,.F.);
#14724=EDGE_LOOP('',(#14719,#14720,#14721,#14723));
#14725=FACE_OUTER_BOUND('',#14724,.F.);
#14726=ADVANCED_FACE('',(#14725),#14718,.T.);
#14727=CARTESIAN_POINT('',(-2.280866498709E1,-9.371285801527E0,-1.6129E1));
#14728=DIRECTION('',(-5.120428648706E-1,-8.589598969307E-1,0.E0));
#14729=DIRECTION('',(8.589598969307E-1,-5.120428648706E-1,0.E0));
#14730=AXIS2_PLACEMENT_3D('',#14727,#14728,#14729);
#14731=PLANE('',#14730);
#14732=ORIENTED_EDGE('',*,*,#7580,.F.);
#14733=ORIENTED_EDGE('',*,*,#14722,.T.);
#14734=ORIENTED_EDGE('',*,*,#14392,.T.);
#14736=ORIENTED_EDGE('',*,*,#14735,.F.);
#14737=EDGE_LOOP('',(#14732,#14733,#14734,#14736));
#14738=FACE_OUTER_BOUND('',#14737,.F.);
#14739=ADVANCED_FACE('',(#14738),#14731,.T.);
#14740=CARTESIAN_POINT('',(-2.253376346168E1,-9.53516E0,-1.6129E1));
#14741=DIRECTION('',(8.589598969307E-1,-5.120428648706E-1,0.E0));
#14742=DIRECTION('',(5.120428648706E-1,8.589598969307E-1,0.E0));
#14743=AXIS2_PLACEMENT_3D('',#14740,#14741,#14742);
#14744=PLANE('',#14743);
#14745=ORIENTED_EDGE('',*,*,#7582,.F.);
#14746=ORIENTED_EDGE('',*,*,#14735,.T.);
#14747=ORIENTED_EDGE('',*,*,#14390,.T.);
#14749=ORIENTED_EDGE('',*,*,#14748,.F.);
#14750=EDGE_LOOP('',(#14745,#14746,#14747,#14749));
#14751=FACE_OUTER_BOUND('',#14750,.F.);
#14752=ADVANCED_FACE('',(#14751),#14744,.T.);
#14753=CARTESIAN_POINT('',(-2.21107E1,-7.83336E0,-1.6129E1));
#14754=DIRECTION('',(0.E0,0.E0,1.E0));
#14755=DIRECTION('',(1.E0,0.E0,0.E0));
#14756=AXIS2_PLACEMENT_3D('',#14753,#14754,#14755);
#14757=CYLINDRICAL_SURFACE('',#14756,5.08E-1);
#14758=ORIENTED_EDGE('',*,*,#7584,.F.);
#14759=ORIENTED_EDGE('',*,*,#14748,.T.);
#14760=ORIENTED_EDGE('',*,*,#14388,.T.);
#14762=ORIENTED_EDGE('',*,*,#14761,.F.);
#14763=EDGE_LOOP('',(#14758,#14759,#14760,#14762));
#14764=FACE_OUTER_BOUND('',#14763,.F.);
#14765=ADVANCED_FACE('',(#14764),#14757,.T.);
#14766=CARTESIAN_POINT('',(-2.181119229500E1,-7.423044103833E0,-1.6129E1));
#14767=DIRECTION('',(5.895820964513E-1,8.077084570215E-1,0.E0));
#14768=DIRECTION('',(-8.077084570215E-1,5.895820964513E-1,0.E0));
#14769=AXIS2_PLACEMENT_3D('',#14766,#14767,#14768);
#14770=PLANE('',#14769);
#14771=ORIENTED_EDGE('',*,*,#7586,.F.);
#14772=ORIENTED_EDGE('',*,*,#14761,.T.);
#14773=ORIENTED_EDGE('',*,*,#14386,.T.);
#14775=ORIENTED_EDGE('',*,*,#14774,.F.);
#14776=EDGE_LOOP('',(#14771,#14772,#14773,#14775));
#14777=FACE_OUTER_BOUND('',#14776,.F.);
#14778=ADVANCED_FACE('',(#14777),#14770,.T.);
#14779=CARTESIAN_POINT('',(-2.20345E1,-7.07136E0,-1.6129E1));
#14780=DIRECTION('',(0.E0,0.E0,1.E0));
#14781=DIRECTION('',(1.E0,0.E0,0.E0));
#14782=AXIS2_PLACEMENT_3D('',#14779,#14780,#14781);
#14783=CYLINDRICAL_SURFACE('',#14782,1.524E-1);
#14784=ORIENTED_EDGE('',*,*,#7588,.F.);
#14785=ORIENTED_EDGE('',*,*,#14774,.T.);
#14786=ORIENTED_EDGE('',*,*,#14384,.T.);
#14788=ORIENTED_EDGE('',*,*,#14787,.F.);
#14789=EDGE_LOOP('',(#14784,#14785,#14786,#14788));
#14790=FACE_OUTER_BOUND('',#14789,.F.);
#14791=ADVANCED_FACE('',(#14790),#14783,.F.);
#14792=CARTESIAN_POINT('',(-2.21869E1,-7.07136E0,-1.6129E1));
#14793=DIRECTION('',(1.E0,0.E0,0.E0));
#14794=DIRECTION('',(0.E0,1.E0,0.E0));
#14795=AXIS2_PLACEMENT_3D('',#14792,#14793,#14794);
#14796=PLANE('',#14795);
#14797=ORIENTED_EDGE('',*,*,#7590,.F.);
#14798=ORIENTED_EDGE('',*,*,#14787,.T.);
#14799=ORIENTED_EDGE('',*,*,#14382,.T.);
#14800=ORIENTED_EDGE('',*,*,#7750,.F.);
#14801=EDGE_LOOP('',(#14797,#14798,#14799,#14800));
#14802=FACE_OUTER_BOUND('',#14801,.F.);
#14803=ADVANCED_FACE('',(#14802),#14796,.T.);
#14804=CARTESIAN_POINT('',(2.28092E1,0.E0,-1.860296E1));
#14805=DIRECTION('',(1.E0,0.E0,0.E0));
#14806=DIRECTION('',(0.E0,0.E0,-1.E0));
#14807=AXIS2_PLACEMENT_3D('',#14804,#14805,#14806);
#14808=PLANE('',#14807);
#14810=ORIENTED_EDGE('',*,*,#14809,.T.);
#14811=ORIENTED_EDGE('',*,*,#7718,.F.);
#14813=ORIENTED_EDGE('',*,*,#14812,.T.);
#14815=ORIENTED_EDGE('',*,*,#14814,.T.);
#14817=ORIENTED_EDGE('',*,*,#14816,.T.);
#14819=ORIENTED_EDGE('',*,*,#14818,.T.);
#14821=ORIENTED_EDGE('',*,*,#14820,.T.);
#14823=ORIENTED_EDGE('',*,*,#14822,.T.);
#14825=ORIENTED_EDGE('',*,*,#14824,.T.);
#14827=ORIENTED_EDGE('',*,*,#14826,.T.);
#14829=ORIENTED_EDGE('',*,*,#14828,.T.);
#14831=ORIENTED_EDGE('',*,*,#14830,.T.);
#14832=EDGE_LOOP('',(#14810,#14811,#14813,#14815,#14817,#14819,#14821,#14823,
#14825,#14827,#14829,#14831));
#14833=FACE_OUTER_BOUND('',#14832,.F.);
#14834=ADVANCED_FACE('',(#14833),#14808,.F.);
#14835=CARTESIAN_POINT('',(2.28092E1,0.E0,-1.860296E1));
#14836=DIRECTION('',(1.E0,0.E0,0.E0));
#14837=DIRECTION('',(0.E0,0.E0,-1.E0));
#14838=AXIS2_PLACEMENT_3D('',#14835,#14836,#14837);
#14839=PLANE('',#14838);
#14841=ORIENTED_EDGE('',*,*,#14840,.T.);
#14843=ORIENTED_EDGE('',*,*,#14842,.T.);
#14845=ORIENTED_EDGE('',*,*,#14844,.T.);
#14847=ORIENTED_EDGE('',*,*,#14846,.T.);
#14849=ORIENTED_EDGE('',*,*,#14848,.T.);
#14851=ORIENTED_EDGE('',*,*,#14850,.T.);
#14853=ORIENTED_EDGE('',*,*,#14852,.T.);
#14855=ORIENTED_EDGE('',*,*,#14854,.T.);
#14857=ORIENTED_EDGE('',*,*,#14856,.T.);
#14859=ORIENTED_EDGE('',*,*,#14858,.T.);
#14861=ORIENTED_EDGE('',*,*,#14860,.T.);
#14862=ORIENTED_EDGE('',*,*,#7708,.F.);
#14863=EDGE_LOOP('',(#14841,#14843,#14845,#14847,#14849,#14851,#14853,#14855,
#14857,#14859,#14861,#14862));
#14864=FACE_OUTER_BOUND('',#14863,.F.);
#14865=ADVANCED_FACE('',(#14864),#14839,.F.);
#14866=CARTESIAN_POINT('',(2.28092E1,-7.29996E0,-1.67513E1));
#14867=DIRECTION('',(0.E0,0.E0,-1.E0));
#14868=DIRECTION('',(0.E0,1.E0,0.E0));
#14869=AXIS2_PLACEMENT_3D('',#14866,#14867,#14868);
#14870=PLANE('',#14869);
#14871=ORIENTED_EDGE('',*,*,#14809,.F.);
#14873=ORIENTED_EDGE('',*,*,#14872,.T.);
#14875=ORIENTED_EDGE('',*,*,#14874,.T.);
#14876=ORIENTED_EDGE('',*,*,#7720,.F.);
#14877=EDGE_LOOP('',(#14871,#14873,#14875,#14876));
#14878=FACE_OUTER_BOUND('',#14877,.F.);
#14879=ADVANCED_FACE('',(#14878),#14870,.T.);
#14880=CARTESIAN_POINT('',(2.28092E1,-7.29996E0,-1.69037E1));
#14881=DIRECTION('',(1.E0,0.E0,0.E0));
#14882=DIRECTION('',(0.E0,0.E0,-1.E0));
#14883=AXIS2_PLACEMENT_3D('',#14880,#14881,#14882);
#14884=CYLINDRICAL_SURFACE('',#14883,1.524E-1);
#14885=ORIENTED_EDGE('',*,*,#14830,.F.);
#14887=ORIENTED_EDGE('',*,*,#14886,.T.);
#14889=ORIENTED_EDGE('',*,*,#14888,.T.);
#14890=ORIENTED_EDGE('',*,*,#14872,.F.);
#14891=EDGE_LOOP('',(#14885,#14887,#14889,#14890));
#14892=FACE_OUTER_BOUND('',#14891,.F.);
#14893=ADVANCED_FACE('',(#14892),#14884,.F.);
#14894=CARTESIAN_POINT('',(2.28092E1,-7.651644103833E0,-1.712700770500E1));
#14895=DIRECTION('',(0.E0,8.077084570215E-1,-5.895820964513E-1));
#14896=DIRECTION('',(0.E0,5.895820964513E-1,8.077084570215E-1));
#14897=AXIS2_PLACEMENT_3D('',#14894,#14895,#14896);
#14898=PLANE('',#14897);
#14899=ORIENTED_EDGE('',*,*,#14828,.F.);
#14901=ORIENTED_EDGE('',*,*,#14900,.T.);
#14903=ORIENTED_EDGE('',*,*,#14902,.T.);
#14904=ORIENTED_EDGE('',*,*,#14886,.F.);
#14905=EDGE_LOOP('',(#14899,#14901,#14903,#14904));
#14906=FACE_OUTER_BOUND('',#14905,.F.);
#14907=ADVANCED_FACE('',(#14906),#14898,.T.);
#14908=CARTESIAN_POINT('',(2.28092E1,-8.06196E0,-1.68275E1));
#14909=DIRECTION('',(1.E0,0.E0,0.E0));
#14910=DIRECTION('',(0.E0,0.E0,-1.E0));
#14911=AXIS2_PLACEMENT_3D('',#14908,#14909,#14910);
#14912=CYLINDRICAL_SURFACE('',#14911,5.08E-1);
#14913=ORIENTED_EDGE('',*,*,#14826,.F.);
#14915=ORIENTED_EDGE('',*,*,#14914,.T.);
#14917=ORIENTED_EDGE('',*,*,#14916,.T.);
#14918=ORIENTED_EDGE('',*,*,#14900,.F.);
#14919=EDGE_LOOP('',(#14913,#14915,#14917,#14918));
#14920=FACE_OUTER_BOUND('',#14919,.F.);
#14921=ADVANCED_FACE('',(#14920),#14912,.T.);
#14922=CARTESIAN_POINT('',(2.28092E1,-9.53516E0,-1.645260165680E1));
#14923=DIRECTION('',(0.E0,-5.562956155003E-1,-8.309844692743E-1));
#14924=DIRECTION('',(0.E0,8.309844692743E-1,-5.562956155003E-1));
#14925=AXIS2_PLACEMENT_3D('',#14922,#14923,#14924);
#14926=PLANE('',#14925);
#14927=ORIENTED_EDGE('',*,*,#14824,.F.);
#14929=ORIENTED_EDGE('',*,*,#14928,.T.);
#14931=ORIENTED_EDGE('',*,*,#14930,.T.);
#14932=ORIENTED_EDGE('',*,*,#14914,.F.);
#14933=EDGE_LOOP('',(#14927,#14929,#14931,#14932));
#14934=FACE_OUTER_BOUND('',#14933,.F.);
#14935=ADVANCED_FACE('',(#14934),#14926,.T.);
#14936=CARTESIAN_POINT('',(2.28092E1,-9.357123151215E0,-1.618665338725E1));
#14937=DIRECTION('',(0.E0,-8.309844692743E-1,5.562956155003E-1));
#14938=DIRECTION('',(0.E0,-5.562956155003E-1,-8.309844692743E-1));
#14939=AXIS2_PLACEMENT_3D('',#14936,#14937,#14938);
#14940=PLANE('',#14939);
#14941=ORIENTED_EDGE('',*,*,#14822,.F.);
#14943=ORIENTED_EDGE('',*,*,#14942,.T.);
#14945=ORIENTED_EDGE('',*,*,#14944,.T.);
#14946=ORIENTED_EDGE('',*,*,#14928,.F.);
#14947=EDGE_LOOP('',(#14941,#14943,#14945,#14946));
#14948=FACE_OUTER_BOUND('',#14947,.F.);
#14949=ADVANCED_FACE('',(#14948),#14940,.T.);
#14950=CARTESIAN_POINT('',(2.28092E1,-8.166521323889E0,-1.698369184084E1));
#14951=DIRECTION('',(0.E0,5.562956155003E-1,8.309844692743E-1));
#14952=DIRECTION('',(0.E0,-8.309844692743E-1,5.562956155003E-1));
#14953=AXIS2_PLACEMENT_3D('',#14950,#14951,#14952);
#14954=PLANE('',#14953);
#14955=ORIENTED_EDGE('',*,*,#14820,.F.);
#14957=ORIENTED_EDGE('',*,*,#14956,.T.);
#14959=ORIENTED_EDGE('',*,*,#14958,.T.);
#14960=ORIENTED_EDGE('',*,*,#14942,.F.);
#14961=EDGE_LOOP('',(#14955,#14957,#14959,#14960));
#14962=FACE_OUTER_BOUND('',#14961,.F.);
#14963=ADVANCED_FACE('',(#14962),#14954,.T.);
#14964=CARTESIAN_POINT('',(2.28092E1,-8.06196E0,-1.68275E1));
#14965=DIRECTION('',(1.E0,0.E0,0.E0));
#14966=DIRECTION('',(0.E0,0.E0,-1.E0));
#14967=AXIS2_PLACEMENT_3D('',#14964,#14965,#14966);
#14968=CYLINDRICAL_SURFACE('',#14967,1.8796E-1);
#14969=ORIENTED_EDGE('',*,*,#14818,.F.);
#14971=ORIENTED_EDGE('',*,*,#14970,.T.);
#14973=ORIENTED_EDGE('',*,*,#14972,.T.);
#14974=ORIENTED_EDGE('',*,*,#14956,.F.);
#14975=EDGE_LOOP('',(#14969,#14971,#14973,#14974));
#14976=FACE_OUTER_BOUND('',#14975,.F.);
#14977=ADVANCED_FACE('',(#14976),#14968,.F.);
#14978=CARTESIAN_POINT('',(2.28092E1,-7.681553783435E0,-1.662515783435E1));
#14979=DIRECTION('',(0.E0,-8.077084570215E-1,5.895820964513E-1));
#14980=DIRECTION('',(0.E0,-5.895820964513E-1,-8.077084570215E-1));
#14981=AXIS2_PLACEMENT_3D('',#14978,#14979,#14980);
#14982=PLANE('',#14981);
#14983=ORIENTED_EDGE('',*,*,#14816,.F.);
#14985=ORIENTED_EDGE('',*,*,#14984,.T.);
#14987=ORIENTED_EDGE('',*,*,#14986,.T.);
#14988=ORIENTED_EDGE('',*,*,#14970,.F.);
#14989=EDGE_LOOP('',(#14983,#14985,#14987,#14988));
#14990=FACE_OUTER_BOUND('',#14989,.F.);
#14991=ADVANCED_FACE('',(#14990),#14982,.T.);
#14992=CARTESIAN_POINT('',(2.28092E1,-7.29996E0,-1.69037E1));
#14993=DIRECTION('',(1.E0,0.E0,0.E0));
#14994=DIRECTION('',(0.E0,0.E0,-1.E0));
#14995=AXIS2_PLACEMENT_3D('',#14992,#14993,#14994);
#14996=CYLINDRICAL_SURFACE('',#14995,4.7244E-1);
#14997=ORIENTED_EDGE('',*,*,#14814,.F.);
#14999=ORIENTED_EDGE('',*,*,#14998,.T.);
#15001=ORIENTED_EDGE('',*,*,#15000,.T.);
#15002=ORIENTED_EDGE('',*,*,#14984,.F.);
#15003=EDGE_LOOP('',(#14997,#14999,#15001,#15002));
#15004=FACE_OUTER_BOUND('',#15003,.F.);
#15005=ADVANCED_FACE('',(#15004),#14996,.T.);
#15006=CARTESIAN_POINT('',(2.28092E1,-5.72516E0,-1.643126E1));
#15007=DIRECTION('',(0.E0,0.E0,1.E0));
#15008=DIRECTION('',(0.E0,-1.E0,0.E0));
#15009=AXIS2_PLACEMENT_3D('',#15006,#15007,#15008);
#15010=PLANE('',#15009);
#15011=ORIENTED_EDGE('',*,*,#14812,.F.);
#15012=ORIENTED_EDGE('',*,*,#7724,.T.);
#15014=ORIENTED_EDGE('',*,*,#15013,.T.);
#15015=ORIENTED_EDGE('',*,*,#14998,.F.);
#15016=EDGE_LOOP('',(#15011,#15012,#15014,#15015));
#15017=FACE_OUTER_BOUND('',#15016,.F.);
#15018=ADVANCED_FACE('',(#15017),#15010,.T.);
#15019=CARTESIAN_POINT('',(2.42316E1,0.E0,-1.860296E1));
#15020=DIRECTION('',(1.E0,0.E0,0.E0));
#15021=DIRECTION('',(0.E0,0.E0,-1.E0));
#15022=AXIS2_PLACEMENT_3D('',#15019,#15020,#15021);
#15023=PLANE('',#15022);
#15024=ORIENTED_EDGE('',*,*,#14874,.F.);
#15025=ORIENTED_EDGE('',*,*,#14888,.F.);
#15026=ORIENTED_EDGE('',*,*,#14902,.F.);
#15027=ORIENTED_EDGE('',*,*,#14916,.F.);
#15028=ORIENTED_EDGE('',*,*,#14930,.F.);
#15029=ORIENTED_EDGE('',*,*,#14944,.F.);
#15030=ORIENTED_EDGE('',*,*,#14958,.F.);
#15031=ORIENTED_EDGE('',*,*,#14972,.F.);
#15032=ORIENTED_EDGE('',*,*,#14986,.F.);
#15033=ORIENTED_EDGE('',*,*,#15000,.F.);
#15034=ORIENTED_EDGE('',*,*,#15013,.F.);
#15035=ORIENTED_EDGE('',*,*,#7722,.T.);
#15036=EDGE_LOOP('',(#15024,#15025,#15026,#15027,#15028,#15029,#15030,#15031,
#15032,#15033,#15034,#15035));
#15037=FACE_OUTER_BOUND('',#15036,.F.);
#15038=ADVANCED_FACE('',(#15037),#15023,.T.);
#15039=CARTESIAN_POINT('',(2.42316E1,0.E0,-1.860296E1));
#15040=DIRECTION('',(1.E0,0.E0,0.E0));
#15041=DIRECTION('',(0.E0,0.E0,-1.E0));
#15042=AXIS2_PLACEMENT_3D('',#15039,#15040,#15041);
#15043=PLANE('',#15042);
#15045=ORIENTED_EDGE('',*,*,#15044,.F.);
#15046=ORIENTED_EDGE('',*,*,#7712,.T.);
#15048=ORIENTED_EDGE('',*,*,#15047,.F.);
#15050=ORIENTED_EDGE('',*,*,#15049,.F.);
#15052=ORIENTED_EDGE('',*,*,#15051,.F.);
#15054=ORIENTED_EDGE('',*,*,#15053,.F.);
#15056=ORIENTED_EDGE('',*,*,#15055,.F.);
#15058=ORIENTED_EDGE('',*,*,#15057,.F.);
#15060=ORIENTED_EDGE('',*,*,#15059,.F.);
#15062=ORIENTED_EDGE('',*,*,#15061,.F.);
#15064=ORIENTED_EDGE('',*,*,#15063,.F.);
#15066=ORIENTED_EDGE('',*,*,#15065,.F.);
#15067=EDGE_LOOP('',(#15045,#15046,#15048,#15050,#15052,#15054,#15056,#15058,
#15060,#15062,#15064,#15066));
#15068=FACE_OUTER_BOUND('',#15067,.F.);
#15069=ADVANCED_FACE('',(#15068),#15043,.T.);
#15070=CARTESIAN_POINT('',(2.28092E1,-5.72516E0,-1.40843E1));
#15071=DIRECTION('',(0.E0,0.E0,1.E0));
#15072=DIRECTION('',(0.E0,-1.E0,0.E0));
#15073=AXIS2_PLACEMENT_3D('',#15070,#15071,#15072);
#15074=PLANE('',#15073);
#15075=ORIENTED_EDGE('',*,*,#14840,.F.);
#15076=ORIENTED_EDGE('',*,*,#7714,.T.);
#15077=ORIENTED_EDGE('',*,*,#15044,.T.);
#15079=ORIENTED_EDGE('',*,*,#15078,.F.);
#15080=EDGE_LOOP('',(#15075,#15076,#15077,#15079));
#15081=FACE_OUTER_BOUND('',#15080,.F.);
#15082=ADVANCED_FACE('',(#15081),#15074,.T.);
#15083=CARTESIAN_POINT('',(2.28092E1,-7.29996E0,-1.39319E1));
#15084=DIRECTION('',(1.E0,0.E0,0.E0));
#15085=DIRECTION('',(0.E0,0.E0,-1.E0));
#15086=AXIS2_PLACEMENT_3D('',#15083,#15084,#15085);
#15087=CYLINDRICAL_SURFACE('',#15086,1.524E-1);
#15088=ORIENTED_EDGE('',*,*,#14842,.F.);
#15089=ORIENTED_EDGE('',*,*,#15078,.T.);
#15090=ORIENTED_EDGE('',*,*,#15065,.T.);
#15092=ORIENTED_EDGE('',*,*,#15091,.F.);
#15093=EDGE_LOOP('',(#15088,#15089,#15090,#15092));
#15094=FACE_OUTER_BOUND('',#15093,.F.);
#15095=ADVANCED_FACE('',(#15094),#15087,.F.);
#15096=CARTESIAN_POINT('',(2.28092E1,-7.423054768850E0,-1.402175231150E1));
#15097=DIRECTION('',(0.E0,8.077084570215E-1,5.895820964513E-1));
#15098=DIRECTION('',(0.E0,-5.895820964513E-1,8.077084570215E-1));
#15099=AXIS2_PLACEMENT_3D('',#15096,#15097,#15098);
#15100=PLANE('',#15099);
#15101=ORIENTED_EDGE('',*,*,#14844,.F.);
#15102=ORIENTED_EDGE('',*,*,#15091,.T.);
#15103=ORIENTED_EDGE('',*,*,#15063,.T.);
#15105=ORIENTED_EDGE('',*,*,#15104,.F.);
#15106=EDGE_LOOP('',(#15101,#15102,#15103,#15105));
#15107=FACE_OUTER_BOUND('',#15106,.F.);
#15108=ADVANCED_FACE('',(#15107),#15100,.T.);
#15109=CARTESIAN_POINT('',(2.28092E1,-8.06196E0,-1.40081E1));
#15110=DIRECTION('',(1.E0,0.E0,0.E0));
#15111=DIRECTION('',(0.E0,0.E0,-1.E0));
#15112=AXIS2_PLACEMENT_3D('',#15109,#15110,#15111);
#15113=CYLINDRICAL_SURFACE('',#15112,5.08E-1);
#15114=ORIENTED_EDGE('',*,*,#14846,.F.);
#15115=ORIENTED_EDGE('',*,*,#15104,.T.);
#15116=ORIENTED_EDGE('',*,*,#15061,.T.);
#15118=ORIENTED_EDGE('',*,*,#15117,.F.);
#15119=EDGE_LOOP('',(#15114,#15115,#15116,#15118));
#15120=FACE_OUTER_BOUND('',#15119,.F.);
#15121=ADVANCED_FACE('',(#15120),#15113,.T.);
#15122=CARTESIAN_POINT('',(2.28092E1,-8.344558172674E0,-1.358595988961E1));
#15123=DIRECTION('',(0.E0,-5.562956155003E-1,8.309844692743E-1));
#15124=DIRECTION('',(0.E0,-8.309844692743E-1,-5.562956155003E-1));
#15125=AXIS2_PLACEMENT_3D('',#15122,#15123,#15124);
#15126=PLANE('',#15125);
#15127=ORIENTED_EDGE('',*,*,#14848,.F.);
#15128=ORIENTED_EDGE('',*,*,#15117,.T.);
#15129=ORIENTED_EDGE('',*,*,#15059,.T.);
#15131=ORIENTED_EDGE('',*,*,#15130,.F.);
#15132=EDGE_LOOP('',(#15127,#15128,#15129,#15131));
#15133=FACE_OUTER_BOUND('',#15132,.F.);
#15134=ADVANCED_FACE('',(#15133),#15126,.T.);
#15135=CARTESIAN_POINT('',(2.28092E1,-9.53516E0,-1.438299834320E1));
#15136=DIRECTION('',(0.E0,-8.309844692743E-1,-5.562956155003E-1));
#15137=DIRECTION('',(0.E0,5.562956155003E-1,-8.309844692743E-1));
#15138=AXIS2_PLACEMENT_3D('',#15135,#15136,#15137);
#15139=PLANE('',#15138);
#15140=ORIENTED_EDGE('',*,*,#14850,.F.);
#15141=ORIENTED_EDGE('',*,*,#15130,.T.);
#15142=ORIENTED_EDGE('',*,*,#15057,.T.);
#15144=ORIENTED_EDGE('',*,*,#15143,.F.);
#15145=EDGE_LOOP('',(#15140,#15141,#15142,#15144));
#15146=FACE_OUTER_BOUND('',#15145,.F.);
#15147=ADVANCED_FACE('',(#15146),#15139,.T.);
#15148=CARTESIAN_POINT('',(2.28092E1,-9.357123151215E0,-1.464894661275E1));
#15149=DIRECTION('',(0.E0,5.562956155003E-1,-8.309844692743E-1));
#15150=DIRECTION('',(0.E0,8.309844692743E-1,5.562956155003E-1));
#15151=AXIS2_PLACEMENT_3D('',#15148,#15149,#15150);
#15152=PLANE('',#15151);
#15153=ORIENTED_EDGE('',*,*,#14852,.F.);
#15154=ORIENTED_EDGE('',*,*,#15143,.T.);
#15155=ORIENTED_EDGE('',*,*,#15055,.T.);
#15157=ORIENTED_EDGE('',*,*,#15156,.F.);
#15158=EDGE_LOOP('',(#15153,#15154,#15155,#15157));
#15159=FACE_OUTER_BOUND('',#15158,.F.);
#15160=ADVANCED_FACE('',(#15159),#15152,.T.);
#15161=CARTESIAN_POINT('',(2.28092E1,-8.06196E0,-1.40081E1));
#15162=DIRECTION('',(1.E0,0.E0,0.E0));
#15163=DIRECTION('',(0.E0,0.E0,-1.E0));
#15164=AXIS2_PLACEMENT_3D('',#15161,#15162,#15163);
#15165=CYLINDRICAL_SURFACE('',#15164,1.8796E-1);
#15166=ORIENTED_EDGE('',*,*,#14854,.F.);
#15167=ORIENTED_EDGE('',*,*,#15156,.T.);
#15168=ORIENTED_EDGE('',*,*,#15053,.T.);
#15170=ORIENTED_EDGE('',*,*,#15169,.F.);
#15171=EDGE_LOOP('',(#15166,#15167,#15168,#15170));
#15172=FACE_OUTER_BOUND('',#15171,.F.);
#15173=ADVANCED_FACE('',(#15172),#15165,.F.);
#15174=CARTESIAN_POINT('',(2.28092E1,-7.910143118418E0,-1.389728214915E1));
#15175=DIRECTION('',(0.E0,-8.077084570215E-1,-5.895820964513E-1));
#15176=DIRECTION('',(0.E0,5.895820964513E-1,-8.077084570215E-1));
#15177=AXIS2_PLACEMENT_3D('',#15174,#15175,#15176);
#15178=PLANE('',#15177);
#15179=ORIENTED_EDGE('',*,*,#14856,.F.);
#15180=ORIENTED_EDGE('',*,*,#15169,.T.);
#15181=ORIENTED_EDGE('',*,*,#15051,.T.);
#15183=ORIENTED_EDGE('',*,*,#15182,.F.);
#15184=EDGE_LOOP('',(#15179,#15180,#15181,#15183));
#15185=FACE_OUTER_BOUND('',#15184,.F.);
#15186=ADVANCED_FACE('',(#15185),#15178,.T.);
#15187=CARTESIAN_POINT('',(2.28092E1,-7.29996E0,-1.39319E1));
#15188=DIRECTION('',(1.E0,0.E0,0.E0));
#15189=DIRECTION('',(0.E0,0.E0,-1.E0));
#15190=AXIS2_PLACEMENT_3D('',#15187,#15188,#15189);
#15191=CYLINDRICAL_SURFACE('',#15190,4.7244E-1);
#15192=ORIENTED_EDGE('',*,*,#14858,.F.);
#15193=ORIENTED_EDGE('',*,*,#15182,.T.);
#15194=ORIENTED_EDGE('',*,*,#15049,.T.);
#15196=ORIENTED_EDGE('',*,*,#15195,.F.);
#15197=EDGE_LOOP('',(#15192,#15193,#15194,#15196));
#15198=FACE_OUTER_BOUND('',#15197,.F.);
#15199=ADVANCED_FACE('',(#15198),#15191,.T.);
#15200=CARTESIAN_POINT('',(2.28092E1,-7.29996E0,-1.440434E1));
#15201=DIRECTION('',(0.E0,0.E0,-1.E0));
#15202=DIRECTION('',(0.E0,1.E0,0.E0));
#15203=AXIS2_PLACEMENT_3D('',#15200,#15201,#15202);
#15204=PLANE('',#15203);
#15205=ORIENTED_EDGE('',*,*,#14860,.F.);
#15206=ORIENTED_EDGE('',*,*,#15195,.T.);
#15207=ORIENTED_EDGE('',*,*,#15047,.T.);
#15208=ORIENTED_EDGE('',*,*,#7710,.F.);
#15209=EDGE_LOOP('',(#15205,#15206,#15207,#15208));
#15210=FACE_OUTER_BOUND('',#15209,.F.);
#15211=ADVANCED_FACE('',(#15210),#15204,.T.);
#15212=CARTESIAN_POINT('',(-2.28092E1,0.E0,-1.860296E1));
#15213=DIRECTION('',(-1.E0,0.E0,0.E0));
#15214=DIRECTION('',(0.E0,0.E0,1.E0));
#15215=AXIS2_PLACEMENT_3D('',#15212,#15213,#15214);
#15216=PLANE('',#15215);
#15217=ORIENTED_EDGE('',*,*,#7758,.F.);
#15219=ORIENTED_EDGE('',*,*,#15218,.T.);
#15221=ORIENTED_EDGE('',*,*,#15220,.T.);
#15223=ORIENTED_EDGE('',*,*,#15222,.T.);
#15225=ORIENTED_EDGE('',*,*,#15224,.T.);
#15227=ORIENTED_EDGE('',*,*,#15226,.T.);
#15229=ORIENTED_EDGE('',*,*,#15228,.T.);
#15231=ORIENTED_EDGE('',*,*,#15230,.T.);
#15233=ORIENTED_EDGE('',*,*,#15232,.T.);
#15235=ORIENTED_EDGE('',*,*,#15234,.T.);
#15237=ORIENTED_EDGE('',*,*,#15236,.T.);
#15239=ORIENTED_EDGE('',*,*,#15238,.T.);
#15240=EDGE_LOOP('',(#15217,#15219,#15221,#15223,#15225,#15227,#15229,#15231,
#15233,#15235,#15237,#15239));
#15241=FACE_OUTER_BOUND('',#15240,.F.);
#15242=ADVANCED_FACE('',(#15241),#15216,.F.);
#15243=CARTESIAN_POINT('',(-2.28092E1,0.E0,-1.860296E1));
#15244=DIRECTION('',(-1.E0,0.E0,0.E0));
#15245=DIRECTION('',(0.E0,0.E0,1.E0));
#15246=AXIS2_PLACEMENT_3D('',#15243,#15244,#15245);
#15247=PLANE('',#15246);
#15248=ORIENTED_EDGE('',*,*,#7768,.F.);
#15250=ORIENTED_EDGE('',*,*,#15249,.T.);
#15252=ORIENTED_EDGE('',*,*,#15251,.T.);
#15254=ORIENTED_EDGE('',*,*,#15253,.T.);
#15256=ORIENTED_EDGE('',*,*,#15255,.T.);
#15258=ORIENTED_EDGE('',*,*,#15257,.T.);
#15260=ORIENTED_EDGE('',*,*,#15259,.T.);
#15262=ORIENTED_EDGE('',*,*,#15261,.T.);
#15264=ORIENTED_EDGE('',*,*,#15263,.T.);
#15266=ORIENTED_EDGE('',*,*,#15265,.T.);
#15268=ORIENTED_EDGE('',*,*,#15267,.T.);
#15270=ORIENTED_EDGE('',*,*,#15269,.T.);
#15271=EDGE_LOOP('',(#15248,#15250,#15252,#15254,#15256,#15258,#15260,#15262,
#15264,#15266,#15268,#15270));
#15272=FACE_OUTER_BOUND('',#15271,.F.);
#15273=ADVANCED_FACE('',(#15272),#15247,.F.);
#15274=CARTESIAN_POINT('',(-2.28092E1,-5.72516E0,-1.67513E1));
#15275=DIRECTION('',(0.E0,0.E0,-1.E0));
#15276=DIRECTION('',(0.E0,-1.E0,0.E0));
#15277=AXIS2_PLACEMENT_3D('',#15274,#15275,#15276);
#15278=PLANE('',#15277);
#15279=ORIENTED_EDGE('',*,*,#7764,.T.);
#15281=ORIENTED_EDGE('',*,*,#15280,.T.);
#15283=ORIENTED_EDGE('',*,*,#15282,.F.);
#15284=ORIENTED_EDGE('',*,*,#15218,.F.);
#15285=EDGE_LOOP('',(#15279,#15281,#15283,#15284));
#15286=FACE_OUTER_BOUND('',#15285,.F.);
#15287=ADVANCED_FACE('',(#15286),#15278,.T.);
#15288=CARTESIAN_POINT('',(-2.42316E1,0.E0,-1.860296E1));
#15289=DIRECTION('',(-1.E0,0.E0,0.E0));
#15290=DIRECTION('',(0.E0,0.E0,1.E0));
#15291=AXIS2_PLACEMENT_3D('',#15288,#15289,#15290);
#15292=PLANE('',#15291);
#15293=ORIENTED_EDGE('',*,*,#7762,.T.);
#15295=ORIENTED_EDGE('',*,*,#15294,.F.);
#15297=ORIENTED_EDGE('',*,*,#15296,.F.);
#15299=ORIENTED_EDGE('',*,*,#15298,.F.);
#15301=ORIENTED_EDGE('',*,*,#15300,.F.);
#15303=ORIENTED_EDGE('',*,*,#15302,.F.);
#15305=ORIENTED_EDGE('',*,*,#15304,.F.);
#15307=ORIENTED_EDGE('',*,*,#15306,.F.);
#15309=ORIENTED_EDGE('',*,*,#15308,.F.);
#15311=ORIENTED_EDGE('',*,*,#15310,.F.);
#15313=ORIENTED_EDGE('',*,*,#15312,.F.);
#15314=ORIENTED_EDGE('',*,*,#15280,.F.);
#15315=EDGE_LOOP('',(#15293,#15295,#15297,#15299,#15301,#15303,#15305,#15307,
#15309,#15311,#15313,#15314));
#15316=FACE_OUTER_BOUND('',#15315,.F.);
#15317=ADVANCED_FACE('',(#15316),#15292,.T.);
#15318=CARTESIAN_POINT('',(-2.42316E1,0.E0,-1.860296E1));
#15319=DIRECTION('',(-1.E0,0.E0,0.E0));
#15320=DIRECTION('',(0.E0,0.E0,1.E0));
#15321=AXIS2_PLACEMENT_3D('',#15318,#15319,#15320);
#15322=PLANE('',#15321);
#15323=ORIENTED_EDGE('',*,*,#7772,.T.);
#15325=ORIENTED_EDGE('',*,*,#15324,.F.);
#15327=ORIENTED_EDGE('',*,*,#15326,.F.);
#15329=ORIENTED_EDGE('',*,*,#15328,.F.);
#15331=ORIENTED_EDGE('',*,*,#15330,.F.);
#15333=ORIENTED_EDGE('',*,*,#15332,.F.);
#15335=ORIENTED_EDGE('',*,*,#15334,.F.);
#15337=ORIENTED_EDGE('',*,*,#15336,.F.);
#15339=ORIENTED_EDGE('',*,*,#15338,.F.);
#15341=ORIENTED_EDGE('',*,*,#15340,.F.);
#15343=ORIENTED_EDGE('',*,*,#15342,.F.);
#15345=ORIENTED_EDGE('',*,*,#15344,.F.);
#15346=EDGE_LOOP('',(#15323,#15325,#15327,#15329,#15331,#15333,#15335,#15337,
#15339,#15341,#15343,#15345));
#15347=FACE_OUTER_BOUND('',#15346,.F.);
#15348=ADVANCED_FACE('',(#15347),#15322,.T.);
#15349=CARTESIAN_POINT('',(-2.28092E1,-7.29996E0,-1.643126E1));
#15350=DIRECTION('',(0.E0,0.E0,1.E0));
#15351=DIRECTION('',(0.E0,1.E0,0.E0));
#15352=AXIS2_PLACEMENT_3D('',#15349,#15350,#15351);
#15353=PLANE('',#15352);
#15354=ORIENTED_EDGE('',*,*,#7760,.F.);
#15355=ORIENTED_EDGE('',*,*,#15238,.F.);
#15357=ORIENTED_EDGE('',*,*,#15356,.T.);
#15358=ORIENTED_EDGE('',*,*,#15294,.T.);
#15359=EDGE_LOOP('',(#15354,#15355,#15357,#15358));
#15360=FACE_OUTER_BOUND('',#15359,.F.);
#15361=ADVANCED_FACE('',(#15360),#15353,.T.);
#15362=CARTESIAN_POINT('',(-2.28092E1,-7.29996E0,-1.69037E1));
#15363=DIRECTION('',(-1.E0,0.E0,0.E0));
#15364=DIRECTION('',(0.E0,0.E0,1.E0));
#15365=AXIS2_PLACEMENT_3D('',#15362,#15363,#15364);
#15366=CYLINDRICAL_SURFACE('',#15365,4.7244E-1);
#15367=ORIENTED_EDGE('',*,*,#15236,.F.);
#15369=ORIENTED_EDGE('',*,*,#15368,.T.);
#15370=ORIENTED_EDGE('',*,*,#15296,.T.);
#15371=ORIENTED_EDGE('',*,*,#15356,.F.);
#15372=EDGE_LOOP('',(#15367,#15369,#15370,#15371));
#15373=FACE_OUTER_BOUND('',#15372,.F.);
#15374=ADVANCED_FACE('',(#15373),#15366,.T.);
#15375=CARTESIAN_POINT('',(-2.28092E1,-7.910143118418E0,-1.693831785085E1));
#15376=DIRECTION('',(0.E0,-8.077084570215E-1,5.895820964513E-1));
#15377=DIRECTION('',(0.E0,5.895820964513E-1,8.077084570215E-1));
#15378=AXIS2_PLACEMENT_3D('',#15375,#15376,#15377);
#15379=PLANE('',#15378);
#15380=ORIENTED_EDGE('',*,*,#15234,.F.);
#15382=ORIENTED_EDGE('',*,*,#15381,.T.);
#15383=ORIENTED_EDGE('',*,*,#15298,.T.);
#15384=ORIENTED_EDGE('',*,*,#15368,.F.);
#15385=EDGE_LOOP('',(#15380,#15382,#15383,#15384));
#15386=FACE_OUTER_BOUND('',#15385,.F.);
#15387=ADVANCED_FACE('',(#15386),#15379,.T.);
#15388=CARTESIAN_POINT('',(-2.28092E1,-8.06196E0,-1.68275E1));
#15389=DIRECTION('',(-1.E0,0.E0,0.E0));
#15390=DIRECTION('',(0.E0,0.E0,1.E0));
#15391=AXIS2_PLACEMENT_3D('',#15388,#15389,#15390);
#15392=CYLINDRICAL_SURFACE('',#15391,1.8796E-1);
#15393=ORIENTED_EDGE('',*,*,#15232,.F.);
#15395=ORIENTED_EDGE('',*,*,#15394,.T.);
#15396=ORIENTED_EDGE('',*,*,#15300,.T.);
#15397=ORIENTED_EDGE('',*,*,#15381,.F.);
#15398=EDGE_LOOP('',(#15393,#15395,#15396,#15397));
#15399=FACE_OUTER_BOUND('',#15398,.F.);
#15400=ADVANCED_FACE('',(#15399),#15392,.F.);
#15401=CARTESIAN_POINT('',(-2.28092E1,-9.357123151215E0,-1.618665338725E1));
#15402=DIRECTION('',(0.E0,5.562956155003E-1,8.309844692743E-1));
#15403=DIRECTION('',(0.E0,8.309844692743E-1,-5.562956155003E-1));
#15404=AXIS2_PLACEMENT_3D('',#15401,#15402,#15403);
#15405=PLANE('',#15404);
#15406=ORIENTED_EDGE('',*,*,#15230,.F.);
#15408=ORIENTED_EDGE('',*,*,#15407,.T.);
#15409=ORIENTED_EDGE('',*,*,#15302,.T.);
#15410=ORIENTED_EDGE('',*,*,#15394,.F.);
#15411=EDGE_LOOP('',(#15406,#15408,#15409,#15410));
#15412=FACE_OUTER_BOUND('',#15411,.F.);
#15413=ADVANCED_FACE('',(#15412),#15405,.T.);
#15414=CARTESIAN_POINT('',(-2.28092E1,-9.53516E0,-1.645260165680E1));
#15415=DIRECTION('',(0.E0,-8.309844692743E-1,5.562956155003E-1));
#15416=DIRECTION('',(0.E0,5.562956155003E-1,8.309844692743E-1));
#15417=AXIS2_PLACEMENT_3D('',#15414,#15415,#15416);
#15418=PLANE('',#15417);
#15419=ORIENTED_EDGE('',*,*,#15228,.F.);
#15421=ORIENTED_EDGE('',*,*,#15420,.T.);
#15422=ORIENTED_EDGE('',*,*,#15304,.T.);
#15423=ORIENTED_EDGE('',*,*,#15407,.F.);
#15424=EDGE_LOOP('',(#15419,#15421,#15422,#15423));
#15425=FACE_OUTER_BOUND('',#15424,.F.);
#15426=ADVANCED_FACE('',(#15425),#15418,.T.);
#15427=CARTESIAN_POINT('',(-2.28092E1,-8.344558172674E0,-1.724964011039E1));
#15428=DIRECTION('',(0.E0,-5.562956155003E-1,-8.309844692743E-1));
#15429=DIRECTION('',(0.E0,-8.309844692743E-1,5.562956155003E-1));
#15430=AXIS2_PLACEMENT_3D('',#15427,#15428,#15429);
#15431=PLANE('',#15430);
#15432=ORIENTED_EDGE('',*,*,#15226,.F.);
#15434=ORIENTED_EDGE('',*,*,#15433,.T.);
#15435=ORIENTED_EDGE('',*,*,#15306,.T.);
#15436=ORIENTED_EDGE('',*,*,#15420,.F.);
#15437=EDGE_LOOP('',(#15432,#15434,#15435,#15436));
#15438=FACE_OUTER_BOUND('',#15437,.F.);
#15439=ADVANCED_FACE('',(#15438),#15431,.T.);
#15440=CARTESIAN_POINT('',(-2.28092E1,-8.06196E0,-1.68275E1));
#15441=DIRECTION('',(-1.E0,0.E0,0.E0));
#15442=DIRECTION('',(0.E0,0.E0,1.E0));
#15443=AXIS2_PLACEMENT_3D('',#15440,#15441,#15442);
#15444=CYLINDRICAL_SURFACE('',#15443,5.08E-1);
#15445=ORIENTED_EDGE('',*,*,#15224,.F.);
#15447=ORIENTED_EDGE('',*,*,#15446,.T.);
#15448=ORIENTED_EDGE('',*,*,#15308,.T.);
#15449=ORIENTED_EDGE('',*,*,#15433,.F.);
#15450=EDGE_LOOP('',(#15445,#15447,#15448,#15449));
#15451=FACE_OUTER_BOUND('',#15450,.F.);
#15452=ADVANCED_FACE('',(#15451),#15444,.T.);
#15453=CARTESIAN_POINT('',(-2.28092E1,-7.423054768850E0,-1.681384768850E1));
#15454=DIRECTION('',(0.E0,8.077084570215E-1,-5.895820964513E-1));
#15455=DIRECTION('',(0.E0,-5.895820964513E-1,-8.077084570215E-1));
#15456=AXIS2_PLACEMENT_3D('',#15453,#15454,#15455);
#15457=PLANE('',#15456);
#15458=ORIENTED_EDGE('',*,*,#15222,.F.);
#15460=ORIENTED_EDGE('',*,*,#15459,.T.);
#15461=ORIENTED_EDGE('',*,*,#15310,.T.);
#15462=ORIENTED_EDGE('',*,*,#15446,.F.);
#15463=EDGE_LOOP('',(#15458,#15460,#15461,#15462));
#15464=FACE_OUTER_BOUND('',#15463,.F.);
#15465=ADVANCED_FACE('',(#15464),#15457,.T.);
#15466=CARTESIAN_POINT('',(-2.28092E1,-7.29996E0,-1.69037E1));
#15467=DIRECTION('',(-1.E0,0.E0,0.E0));
#15468=DIRECTION('',(0.E0,0.E0,1.E0));
#15469=AXIS2_PLACEMENT_3D('',#15466,#15467,#15468);
#15470=CYLINDRICAL_SURFACE('',#15469,1.524E-1);
#15471=ORIENTED_EDGE('',*,*,#15220,.F.);
#15472=ORIENTED_EDGE('',*,*,#15282,.T.);
#15473=ORIENTED_EDGE('',*,*,#15312,.T.);
#15474=ORIENTED_EDGE('',*,*,#15459,.F.);
#15475=EDGE_LOOP('',(#15471,#15472,#15473,#15474));
#15476=FACE_OUTER_BOUND('',#15475,.F.);
#15477=ADVANCED_FACE('',(#15476),#15470,.F.);
#15478=CARTESIAN_POINT('',(-2.28092E1,-7.29996E0,-1.40843E1));
#15479=DIRECTION('',(0.E0,0.E0,1.E0));
#15480=DIRECTION('',(0.E0,1.E0,0.E0));
#15481=AXIS2_PLACEMENT_3D('',#15478,#15479,#15480);
#15482=PLANE('',#15481);
#15483=ORIENTED_EDGE('',*,*,#7770,.F.);
#15484=ORIENTED_EDGE('',*,*,#15269,.F.);
#15486=ORIENTED_EDGE('',*,*,#15485,.T.);
#15487=ORIENTED_EDGE('',*,*,#15324,.T.);
#15488=EDGE_LOOP('',(#15483,#15484,#15486,#15487));
#15489=FACE_OUTER_BOUND('',#15488,.F.);
#15490=ADVANCED_FACE('',(#15489),#15482,.T.);
#15491=CARTESIAN_POINT('',(-2.28092E1,-7.29996E0,-1.39319E1));
#15492=DIRECTION('',(-1.E0,0.E0,0.E0));
#15493=DIRECTION('',(0.E0,0.E0,1.E0));
#15494=AXIS2_PLACEMENT_3D('',#15491,#15492,#15493);
#15495=CYLINDRICAL_SURFACE('',#15494,1.524E-1);
#15496=ORIENTED_EDGE('',*,*,#15267,.F.);
#15498=ORIENTED_EDGE('',*,*,#15497,.T.);
#15499=ORIENTED_EDGE('',*,*,#15326,.T.);
#15500=ORIENTED_EDGE('',*,*,#15485,.F.);
#15501=EDGE_LOOP('',(#15496,#15498,#15499,#15500));
#15502=FACE_OUTER_BOUND('',#15501,.F.);
#15503=ADVANCED_FACE('',(#15502),#15495,.F.);
#15504=CARTESIAN_POINT('',(-2.28092E1,-7.651644103833E0,-1.370859229500E1));
#15505=DIRECTION('',(0.E0,8.077084570215E-1,5.895820964513E-1));
#15506=DIRECTION('',(0.E0,5.895820964513E-1,-8.077084570215E-1));
#15507=AXIS2_PLACEMENT_3D('',#15504,#15505,#15506);
#15508=PLANE('',#15507);
#15509=ORIENTED_EDGE('',*,*,#15265,.F.);
#15511=ORIENTED_EDGE('',*,*,#15510,.T.);
#15512=ORIENTED_EDGE('',*,*,#15328,.T.);
#15513=ORIENTED_EDGE('',*,*,#15497,.F.);
#15514=EDGE_LOOP('',(#15509,#15511,#15512,#15513));
#15515=FACE_OUTER_BOUND('',#15514,.F.);
#15516=ADVANCED_FACE('',(#15515),#15508,.T.);
#15517=CARTESIAN_POINT('',(-2.28092E1,-8.06196E0,-1.40081E1));
#15518=DIRECTION('',(-1.E0,0.E0,0.E0));
#15519=DIRECTION('',(0.E0,0.E0,1.E0));
#15520=AXIS2_PLACEMENT_3D('',#15517,#15518,#15519);
#15521=CYLINDRICAL_SURFACE('',#15520,5.08E-1);
#15522=ORIENTED_EDGE('',*,*,#15263,.F.);
#15524=ORIENTED_EDGE('',*,*,#15523,.T.);
#15525=ORIENTED_EDGE('',*,*,#15330,.T.);
#15526=ORIENTED_EDGE('',*,*,#15510,.F.);
#15527=EDGE_LOOP('',(#15522,#15524,#15525,#15526));
#15528=FACE_OUTER_BOUND('',#15527,.F.);
#15529=ADVANCED_FACE('',(#15528),#15521,.T.);
#15530=CARTESIAN_POINT('',(-2.28092E1,-9.53516E0,-1.438299834320E1));
#15531=DIRECTION('',(0.E0,-5.562956155003E-1,8.309844692743E-1));
#15532=DIRECTION('',(0.E0,8.309844692743E-1,5.562956155003E-1));
#15533=AXIS2_PLACEMENT_3D('',#15530,#15531,#15532);
#15534=PLANE('',#15533);
#15535=ORIENTED_EDGE('',*,*,#15261,.F.);
#15537=ORIENTED_EDGE('',*,*,#15536,.T.);
#15538=ORIENTED_EDGE('',*,*,#15332,.T.);
#15539=ORIENTED_EDGE('',*,*,#15523,.F.);
#15540=EDGE_LOOP('',(#15535,#15537,#15538,#15539));
#15541=FACE_OUTER_BOUND('',#15540,.F.);
#15542=ADVANCED_FACE('',(#15541),#15534,.T.);
#15543=CARTESIAN_POINT('',(-2.28092E1,-9.357123151215E0,-1.464894661275E1));
#15544=DIRECTION('',(0.E0,-8.309844692743E-1,-5.562956155003E-1));
#15545=DIRECTION('',(0.E0,-5.562956155003E-1,8.309844692743E-1));
#15546=AXIS2_PLACEMENT_3D('',#15543,#15544,#15545);
#15547=PLANE('',#15546);
#15548=ORIENTED_EDGE('',*,*,#15259,.F.);
#15550=ORIENTED_EDGE('',*,*,#15549,.T.);
#15551=ORIENTED_EDGE('',*,*,#15334,.T.);
#15552=ORIENTED_EDGE('',*,*,#15536,.F.);
#15553=EDGE_LOOP('',(#15548,#15550,#15551,#15552));
#15554=FACE_OUTER_BOUND('',#15553,.F.);
#15555=ADVANCED_FACE('',(#15554),#15547,.T.);
#15556=CARTESIAN_POINT('',(-2.28092E1,-8.166521323889E0,-1.385190815916E1));
#15557=DIRECTION('',(0.E0,5.562956155003E-1,-8.309844692743E-1));
#15558=DIRECTION('',(0.E0,-8.309844692743E-1,-5.562956155003E-1));
#15559=AXIS2_PLACEMENT_3D('',#15556,#15557,#15558);
#15560=PLANE('',#15559);
#15561=ORIENTED_EDGE('',*,*,#15257,.F.);
#15563=ORIENTED_EDGE('',*,*,#15562,.T.);
#15564=ORIENTED_EDGE('',*,*,#15336,.T.);
#15565=ORIENTED_EDGE('',*,*,#15549,.F.);
#15566=EDGE_LOOP('',(#15561,#15563,#15564,#15565));
#15567=FACE_OUTER_BOUND('',#15566,.F.);
#15568=ADVANCED_FACE('',(#15567),#15560,.T.);
#15569=CARTESIAN_POINT('',(-2.28092E1,-8.06196E0,-1.40081E1));
#15570=DIRECTION('',(-1.E0,0.E0,0.E0));
#15571=DIRECTION('',(0.E0,0.E0,1.E0));
#15572=AXIS2_PLACEMENT_3D('',#15569,#15570,#15571);
#15573=CYLINDRICAL_SURFACE('',#15572,1.8796E-1);
#15574=ORIENTED_EDGE('',*,*,#15255,.F.);
#15576=ORIENTED_EDGE('',*,*,#15575,.T.);
#15577=ORIENTED_EDGE('',*,*,#15338,.T.);
#15578=ORIENTED_EDGE('',*,*,#15562,.F.);
#15579=EDGE_LOOP('',(#15574,#15576,#15577,#15578));
#15580=FACE_OUTER_BOUND('',#15579,.F.);
#15581=ADVANCED_FACE('',(#15580),#15573,.F.);
#15582=CARTESIAN_POINT('',(-2.28092E1,-7.681553783435E0,-1.421044216565E1));
#15583=DIRECTION('',(0.E0,-8.077084570215E-1,-5.895820964513E-1));
#15584=DIRECTION('',(0.E0,-5.895820964513E-1,8.077084570215E-1));
#15585=AXIS2_PLACEMENT_3D('',#15582,#15583,#15584);
#15586=PLANE('',#15585);
#15587=ORIENTED_EDGE('',*,*,#15253,.F.);
#15589=ORIENTED_EDGE('',*,*,#15588,.T.);
#15590=ORIENTED_EDGE('',*,*,#15340,.T.);
#15591=ORIENTED_EDGE('',*,*,#15575,.F.);
#15592=EDGE_LOOP('',(#15587,#15589,#15590,#15591));
#15593=FACE_OUTER_BOUND('',#15592,.F.);
#15594=ADVANCED_FACE('',(#15593),#15586,.T.);
#15595=CARTESIAN_POINT('',(-2.28092E1,-7.29996E0,-1.39319E1));
#15596=DIRECTION('',(-1.E0,0.E0,0.E0));
#15597=DIRECTION('',(0.E0,0.E0,1.E0));
#15598=AXIS2_PLACEMENT_3D('',#15595,#15596,#15597);
#15599=CYLINDRICAL_SURFACE('',#15598,4.7244E-1);
#15600=ORIENTED_EDGE('',*,*,#15251,.F.);
#15602=ORIENTED_EDGE('',*,*,#15601,.T.);
#15603=ORIENTED_EDGE('',*,*,#15342,.T.);
#15604=ORIENTED_EDGE('',*,*,#15588,.F.);
#15605=EDGE_LOOP('',(#15600,#15602,#15603,#15604));
#15606=FACE_OUTER_BOUND('',#15605,.F.);
#15607=ADVANCED_FACE('',(#15606),#15599,.T.);
#15608=CARTESIAN_POINT('',(-2.28092E1,-5.72516E0,-1.440434E1));
#15609=DIRECTION('',(0.E0,0.E0,-1.E0));
#15610=DIRECTION('',(0.E0,-1.E0,0.E0));
#15611=AXIS2_PLACEMENT_3D('',#15608,#15609,#15610);
#15612=PLANE('',#15611);
#15613=ORIENTED_EDGE('',*,*,#7774,.T.);
#15614=ORIENTED_EDGE('',*,*,#15344,.T.);
#15615=ORIENTED_EDGE('',*,*,#15601,.F.);
#15616=ORIENTED_EDGE('',*,*,#15249,.F.);
#15617=EDGE_LOOP('',(#15613,#15614,#15615,#15616));
#15618=FACE_OUTER_BOUND('',#15617,.F.);
#15619=ADVANCED_FACE('',(#15618),#15612,.T.);
#15620=CLOSED_SHELL('',(#7469,#7501,#7532,#7564,#7596,#7611,#7645,#7679,#7728,
#7778,#7793,#7807,#7821,#7835,#7881,#7923,#7936,#7949,#7962,#7975,#7988,#8000,
#8014,#8027,#8040,#8053,#8066,#8079,#8092,#8105,#8118,#8130,#8360,#8375,#8390,
#8404,#8419,#8433,#8447,#8461,#8475,#8489,#8503,#8516,#8550,#8565,#8628,#8641,
#8654,#8667,#8680,#8693,#8706,#8718,#8732,#8762,#8775,#8788,#8806,#8823,#8836,
#8849,#8861,#8879,#9044,#9066,#9089,#9113,#9129,#9145,#9161,#9177,#9201,#9217,
#9233,#9249,#9265,#9289,#9303,#9343,#9384,#9396,#9408,#9444,#9456,#9477,#9490,
#9502,#9520,#9544,#9559,#9594,#9608,#9621,#9636,#9648,#9662,#9684,#9697,#9709,
#9726,#9740,#9759,#9772,#9784,#9796,#9809,#9822,#9834,#9847,#9859,#9874,#9888,
#9902,#9916,#9930,#9944,#9958,#9972,#9986,#10000,#10014,#10027,#10053,#10091,
#10105,#10117,#10131,#10143,#10157,#10170,#10183,#10196,#10209,#10222,#10235,
#10248,#10261,#10274,#10287,#10299,#10314,#10326,#10341,#10354,#10377,#10398,
#10412,#10432,#10446,#10467,#10481,#10502,#10519,#10534,#10553,#10591,#10639,
#10657,#10670,#10683,#10696,#10709,#10725,#10738,#10751,#10764,#10777,#10790,
#10803,#10815,#10834,#10849,#10865,#10885,#10898,#10918,#10931,#10951,#10964,
#10983,#10996,#11011,#11024,#11039,#11058,#11075,#11089,#11101,#11119,#11133,
#11149,#11162,#11175,#11188,#11201,#11214,#11227,#11239,#11252,#11265,#11277,
#11289,#11302,#11316,#11330,#11346,#11361,#11374,#11384,#11399,#11412,#11422,
#11437,#11450,#11460,#11475,#11488,#11498,#11513,#11526,#11536,#11551,#11564,
#11574,#11589,#11602,#11612,#11627,#11640,#11650,#11665,#11678,#11688,#11703,
#11716,#11726,#11741,#11754,#11764,#11779,#11792,#11802,#11817,#11830,#11840,
#11855,#11868,#11878,#11893,#11906,#11916,#11931,#11944,#11954,#11969,#11982,
#11992,#12007,#12020,#12030,#12045,#12058,#12068,#12083,#12096,#12106,#12121,
#12134,#12144,#12159,#12172,#12182,#12197,#12210,#12220,#12235,#12248,#12258,
#12273,#12286,#12296,#12311,#12328,#12346,#12361,#12374,#12390,#12408,#12422,
#12434,#12449,#12462,#12477,#12490,#12500,#12515,#12528,#12543,#12556,#12566,
#12578,#12592,#12604,#12619,#12632,#12642,#12654,#12666,#12678,#12690,#12702,
#12714,#12726,#12738,#12750,#12762,#12774,#12786,#12798,#12810,#12822,#12834,
#12846,#12858,#12870,#12882,#12894,#12906,#12918,#12930,#12944,#12956,#12970,
#12982,#12996,#13008,#13022,#13034,#13048,#13060,#13074,#13086,#13100,#13112,
#13126,#13138,#13152,#13164,#13178,#13190,#13204,#13216,#13230,#13242,#13256,
#13268,#13282,#13294,#13308,#13320,#13334,#13346,#13360,#13372,#13386,#13398,
#13412,#13424,#13438,#13450,#13464,#13476,#13490,#13502,#13516,#13528,#13542,
#13554,#13569,#13583,#13597,#13611,#13625,#13639,#13652,#13667,#13689,#13727,
#13741,#13754,#13767,#13780,#13793,#13806,#13818,#13832,#13845,#13858,#13871,
#13884,#13897,#13910,#13923,#13936,#13949,#13961,#13975,#13988,#14000,#14015,
#14028,#14044,#14062,#14076,#14088,#14102,#14114,#14128,#14140,#14154,#14168,
#14182,#14196,#14210,#14224,#14238,#14252,#14266,#14280,#14293,#14323,#14353,
#14373,#14404,#14417,#14430,#14443,#14456,#14469,#14482,#14495,#14508,#14521,
#14533,#14546,#14559,#14572,#14584,#14597,#14610,#14623,#14636,#14649,#14661,
#14674,#14687,#14700,#14713,#14726,#14739,#14752,#14765,#14778,#14791,#14803,
#14834,#14865,#14879,#14893,#14907,#14921,#14935,#14949,#14963,#14977,#14991,
#15005,#15018,#15038,#15069,#15082,#15095,#15108,#15121,#15134,#15147,#15160,
#15173,#15186,#15199,#15211,#15242,#15273,#15287,#15317,#15348,#15361,#15374,
#15387,#15400,#15413,#15426,#15439,#15452,#15465,#15477,#15490,#15503,#15516,
#15529,#15542,#15555,#15568,#15581,#15594,#15607,#15619));
#15621=DIRECTION('',(0.E0,-1.E0,0.E0));
#15622=VECTOR('',#15621,2.1844E-1);
#15623=CARTESIAN_POINT('',(-2.35204E1,-3.13436E0,-1.7272E1));
#15624=LINE('',#15623,#15622);
#15625=CARTESIAN_POINT('',(-2.35204E1,-3.13436E0,-1.54178E1));
#15626=DIRECTION('',(0.E0,1.E0,0.E0));
#15627=DIRECTION('',(0.E0,0.E0,1.E0));
#15628=AXIS2_PLACEMENT_3D('',#15625,#15626,#15627);
#15630=DIRECTION('',(0.E0,-1.E0,0.E0));
#15631=VECTOR('',#15630,2.1844E-1);
#15632=CARTESIAN_POINT('',(-2.35204E1,-3.13436E0,-1.35636E1));
#15633=LINE('',#15632,#15631);
#15634=CARTESIAN_POINT('',(-2.35204E1,-3.3528E0,-1.54178E1));
#15635=DIRECTION('',(0.E0,-1.E0,0.E0));
#15636=DIRECTION('',(0.E0,0.E0,1.E0));
#15637=AXIS2_PLACEMENT_3D('',#15634,#15635,#15636);
#15639=CARTESIAN_POINT('',(-2.35204E1,-3.3528E0,-1.54178E1));
#15640=DIRECTION('',(0.E0,-1.E0,0.E0));
#15641=DIRECTION('',(0.E0,0.E0,-1.E0));
#15642=AXIS2_PLACEMENT_3D('',#15639,#15640,#15641);
#15644=CARTESIAN_POINT('',(-2.35204E1,-3.3528E0,-1.54178E1));
#15645=DIRECTION('',(0.E0,-1.E0,0.E0));
#15646=DIRECTION('',(0.E0,0.E0,1.E0));
#15647=AXIS2_PLACEMENT_3D('',#15644,#15645,#15646);
#15649=CARTESIAN_POINT('',(-2.35204E1,-3.3528E0,-1.54178E1));
#15650=DIRECTION('',(0.E0,-1.E0,0.E0));
#15651=DIRECTION('',(0.E0,0.E0,-1.E0));
#15652=AXIS2_PLACEMENT_3D('',#15649,#15650,#15651);
#15654=DIRECTION('',(0.E0,1.E0,0.E0));
#15655=VECTOR('',#15654,2.1844E-1);
#15656=CARTESIAN_POINT('',(-2.35204E1,-3.3528E0,-1.30556E1));
#15657=LINE('',#15656,#15655);
#15658=DIRECTION('',(0.E0,1.E0,0.E0));
#15659=VECTOR('',#15658,2.1844E-1);
#15660=CARTESIAN_POINT('',(-2.35204E1,-3.3528E0,-1.778E1));
#15661=LINE('',#15660,#15659);
#15662=CARTESIAN_POINT('',(-2.35204E1,-3.13436E0,-1.33096E1));
#15663=DIRECTION('',(-1.E0,0.E0,0.E0));
#15664=DIRECTION('',(0.E0,0.E0,1.E0));
#15665=AXIS2_PLACEMENT_3D('',#15662,#15663,#15664);
#15667=CARTESIAN_POINT('',(-2.35204E1,-3.13436E0,-1.7526E1));
#15668=DIRECTION('',(1.E0,0.E0,0.E0));
#15669=DIRECTION('',(0.E0,0.E0,-1.E0));
#15670=AXIS2_PLACEMENT_3D('',#15667,#15668,#15669);
#15672=CARTESIAN_POINT('',(-2.35204E1,-3.13436E0,-1.54178E1));
#15673=DIRECTION('',(0.E0,1.E0,0.E0));
#15674=DIRECTION('',(0.E0,0.E0,1.E0));
#15675=AXIS2_PLACEMENT_3D('',#15672,#15673,#15674);
#15677=CARTESIAN_POINT('',(-2.35204E1,-3.13436E0,-1.54178E1));
#15678=DIRECTION('',(0.E0,-1.E0,0.E0));
#15679=DIRECTION('',(0.E0,0.E0,1.E0));
#15680=AXIS2_PLACEMENT_3D('',#15677,#15678,#15679);
#15682=CARTESIAN_POINT('',(-2.35204E1,-3.13436E0,-1.54178E1));
#15683=DIRECTION('',(0.E0,-1.E0,0.E0));
#15684=DIRECTION('',(0.E0,0.E0,1.E0));
#15685=AXIS2_PLACEMENT_3D('',#15682,#15683,#15684);
#15687=CARTESIAN_POINT('',(-2.35204E1,-3.13436E0,-1.30556E1));
#15688=CARTESIAN_POINT('',(-2.35204E1,-3.13436E0,-1.35636E1));
#15689=VERTEX_POINT('',#15687);
#15690=VERTEX_POINT('',#15688);
#15691=CARTESIAN_POINT('',(-2.35204E1,-3.13436E0,-1.778E1));
#15692=CARTESIAN_POINT('',(-2.35204E1,-3.13436E0,-1.7272E1));
#15693=VERTEX_POINT('',#15691);
#15694=VERTEX_POINT('',#15692);
#15695=CARTESIAN_POINT('',(-2.35204E1,-3.3528E0,-1.30556E1));
#15696=CARTESIAN_POINT('',(-2.35204E1,-3.3528E0,-1.778E1));
#15697=VERTEX_POINT('',#15695);
#15698=VERTEX_POINT('',#15696);
#15699=CARTESIAN_POINT('',(-2.35204E1,-3.3528E0,-1.35636E1));
#15700=CARTESIAN_POINT('',(-2.35204E1,-3.3528E0,-1.7272E1));
#15701=VERTEX_POINT('',#15699);
#15702=VERTEX_POINT('',#15700);
#15703=CARTESIAN_POINT('',(-2.35204E1,-2.40538E0,-1.54178E1));
#15704=DIRECTION('',(0.E0,-1.E0,0.E0));
#15705=DIRECTION('',(0.E0,0.E0,1.E0));
#15706=AXIS2_PLACEMENT_3D('',#15703,#15704,#15705);
#15707=CYLINDRICAL_SURFACE('',#15706,1.8542E0);
#15709=ORIENTED_EDGE('',*,*,#15708,.F.);
#15711=ORIENTED_EDGE('',*,*,#15710,.F.);
#15713=ORIENTED_EDGE('',*,*,#15712,.F.);
#15715=ORIENTED_EDGE('',*,*,#15714,.T.);
#15716=EDGE_LOOP('',(#15709,#15711,#15713,#15715));
#15717=FACE_OUTER_BOUND('',#15716,.F.);
#15718=ADVANCED_FACE('',(#15717),#15707,.F.);
#15719=CARTESIAN_POINT('',(-2.6543E1,-3.3528E0,-1.860296E1));
#15720=DIRECTION('',(0.E0,1.E0,0.E0));
#15721=DIRECTION('',(0.E0,0.E0,1.E0));
#15722=AXIS2_PLACEMENT_3D('',#15719,#15720,#15721);
#15723=PLANE('',#15722);
#15725=ORIENTED_EDGE('',*,*,#15724,.F.);
#15727=ORIENTED_EDGE('',*,*,#15726,.F.);
#15728=EDGE_LOOP('',(#15725,#15727));
#15729=FACE_OUTER_BOUND('',#15728,.F.);
#15731=ORIENTED_EDGE('',*,*,#15730,.T.);
#15732=ORIENTED_EDGE('',*,*,#15708,.T.);
#15733=EDGE_LOOP('',(#15731,#15732));
#15734=FACE_BOUND('',#15733,.F.);
#15735=ADVANCED_FACE('',(#15729,#15734),#15723,.F.);
#15736=CARTESIAN_POINT('',(-2.35204E1,-2.40538E0,-1.54178E1));
#15737=DIRECTION('',(0.E0,-1.E0,0.E0));
#15738=DIRECTION('',(0.E0,0.E0,1.E0));
#15739=AXIS2_PLACEMENT_3D('',#15736,#15737,#15738);
#15740=CYLINDRICAL_SURFACE('',#15739,2.3622E0);
#15741=ORIENTED_EDGE('',*,*,#15724,.T.);
#15743=ORIENTED_EDGE('',*,*,#15742,.T.);
#15745=ORIENTED_EDGE('',*,*,#15744,.F.);
#15747=ORIENTED_EDGE('',*,*,#15746,.F.);
#15748=EDGE_LOOP('',(#15741,#15743,#15745,#15747));
#15749=FACE_OUTER_BOUND('',#15748,.F.);
#15750=ADVANCED_FACE('',(#15749),#15740,.T.);
#15751=CARTESIAN_POINT('',(-2.35204E1,-2.40538E0,-1.54178E1));
#15752=DIRECTION('',(0.E0,-1.E0,0.E0));
#15753=DIRECTION('',(0.E0,0.E0,1.E0));
#15754=AXIS2_PLACEMENT_3D('',#15751,#15752,#15753);
#15755=CYLINDRICAL_SURFACE('',#15754,2.3622E0);
#15756=ORIENTED_EDGE('',*,*,#15726,.T.);
#15757=ORIENTED_EDGE('',*,*,#15746,.T.);
#15759=ORIENTED_EDGE('',*,*,#15758,.T.);
#15760=ORIENTED_EDGE('',*,*,#15742,.F.);
#15761=EDGE_LOOP('',(#15756,#15757,#15759,#15760));
#15762=FACE_OUTER_BOUND('',#15761,.F.);
#15763=ADVANCED_FACE('',(#15762),#15755,.T.);
#15764=CARTESIAN_POINT('',(-2.35204E1,-3.13436E0,-1.54178E1));
#15765=DIRECTION('',(0.E0,-1.E0,0.E0));
#15766=DIRECTION('',(0.E0,0.E0,1.E0));
#15767=AXIS2_PLACEMENT_3D('',#15764,#15765,#15766);
#15768=TOROIDAL_SURFACE('',#15767,2.1082E0,2.54E-1);
#15770=ORIENTED_EDGE('',*,*,#15769,.T.);
#15771=ORIENTED_EDGE('',*,*,#15712,.T.);
#15773=ORIENTED_EDGE('',*,*,#15772,.F.);
#15774=ORIENTED_EDGE('',*,*,#15758,.F.);
#15775=EDGE_LOOP('',(#15770,#15771,#15773,#15774));
#15776=FACE_OUTER_BOUND('',#15775,.F.);
#15777=ADVANCED_FACE('',(#15776),#15768,.T.);
#15778=CARTESIAN_POINT('',(-2.35204E1,-3.13436E0,-1.54178E1));
#15779=DIRECTION('',(0.E0,-1.E0,0.E0));
#15780=DIRECTION('',(0.E0,0.E0,1.E0));
#15781=AXIS2_PLACEMENT_3D('',#15778,#15779,#15780);
#15782=TOROIDAL_SURFACE('',#15781,2.1082E0,2.54E-1);
#15783=ORIENTED_EDGE('',*,*,#15769,.F.);
#15784=ORIENTED_EDGE('',*,*,#15744,.T.);
#15785=ORIENTED_EDGE('',*,*,#15772,.T.);
#15787=ORIENTED_EDGE('',*,*,#15786,.F.);
#15788=EDGE_LOOP('',(#15783,#15784,#15785,#15787));
#15789=FACE_OUTER_BOUND('',#15788,.F.);
#15790=ADVANCED_FACE('',(#15789),#15782,.T.);
#15791=CARTESIAN_POINT('',(-2.35204E1,-2.40538E0,-1.54178E1));
#15792=DIRECTION('',(0.E0,-1.E0,0.E0));
#15793=DIRECTION('',(0.E0,0.E0,1.E0));
#15794=AXIS2_PLACEMENT_3D('',#15791,#15792,#15793);
#15795=CYLINDRICAL_SURFACE('',#15794,1.8542E0);
#15796=ORIENTED_EDGE('',*,*,#15730,.F.);
#15797=ORIENTED_EDGE('',*,*,#15714,.F.);
#15798=ORIENTED_EDGE('',*,*,#15786,.T.);
#15799=ORIENTED_EDGE('',*,*,#15710,.T.);
#15800=EDGE_LOOP('',(#15796,#15797,#15798,#15799));
#15801=FACE_OUTER_BOUND('',#15800,.F.);
#15802=ADVANCED_FACE('',(#15801),#15795,.F.);
#15803=CLOSED_SHELL('',(#15718,#15735,#15750,#15763,#15777,#15790,#15802));
#15804=CARTESIAN_POINT('',(2.35204E1,-3.3528E0,-1.54178E1));
#15805=DIRECTION('',(0.E0,-1.E0,0.E0));
#15806=DIRECTION('',(0.E0,0.E0,1.E0));
#15807=AXIS2_PLACEMENT_3D('',#15804,#15805,#15806);
#15809=CARTESIAN_POINT('',(2.35204E1,-3.3528E0,-1.54178E1));
#15810=DIRECTION('',(0.E0,-1.E0,0.E0));
#15811=DIRECTION('',(0.E0,0.E0,-1.E0));
#15812=AXIS2_PLACEMENT_3D('',#15809,#15810,#15811);
#15814=CARTESIAN_POINT('',(2.35204E1,-3.3528E0,-1.54178E1));
#15815=DIRECTION('',(0.E0,-1.E0,0.E0));
#15816=DIRECTION('',(0.E0,0.E0,1.E0));
#15817=AXIS2_PLACEMENT_3D('',#15814,#15815,#15816);
#15819=CARTESIAN_POINT('',(2.35204E1,-3.3528E0,-1.54178E1));
#15820=DIRECTION('',(0.E0,-1.E0,0.E0));
#15821=DIRECTION('',(0.E0,0.E0,-1.E0));
#15822=AXIS2_PLACEMENT_3D('',#15819,#15820,#15821);
#15824=DIRECTION('',(0.E0,1.E0,0.E0));
#15825=VECTOR('',#15824,2.1844E-1);
#15826=CARTESIAN_POINT('',(2.35204E1,-3.3528E0,-1.30556E1));
#15827=LINE('',#15826,#15825);
#15828=DIRECTION('',(0.E0,1.E0,0.E0));
#15829=VECTOR('',#15828,2.1844E-1);
#15830=CARTESIAN_POINT('',(2.35204E1,-3.3528E0,-1.778E1));
#15831=LINE('',#15830,#15829);
#15832=CARTESIAN_POINT('',(2.35204E1,-3.13436E0,-1.33096E1));
#15833=DIRECTION('',(-1.E0,0.E0,0.E0));
#15834=DIRECTION('',(0.E0,0.E0,1.E0));
#15835=AXIS2_PLACEMENT_3D('',#15832,#15833,#15834);
#15837=CARTESIAN_POINT('',(2.35204E1,-3.13436E0,-1.7526E1));
#15838=DIRECTION('',(1.E0,0.E0,0.E0));
#15839=DIRECTION('',(0.E0,0.E0,-1.E0));
#15840=AXIS2_PLACEMENT_3D('',#15837,#15838,#15839);
#15842=CARTESIAN_POINT('',(2.35204E1,-3.13436E0,-1.54178E1));
#15843=DIRECTION('',(0.E0,1.E0,0.E0));
#15844=DIRECTION('',(0.E0,0.E0,1.E0));
#15845=AXIS2_PLACEMENT_3D('',#15842,#15843,#15844);
#15847=CARTESIAN_POINT('',(2.35204E1,-3.13436E0,-1.54178E1));
#15848=DIRECTION('',(0.E0,-1.E0,0.E0));
#15849=DIRECTION('',(0.E0,0.E0,1.E0));
#15850=AXIS2_PLACEMENT_3D('',#15847,#15848,#15849);
#15852=CARTESIAN_POINT('',(2.35204E1,-3.13436E0,-1.54178E1));
#15853=DIRECTION('',(0.E0,-1.E0,0.E0));
#15854=DIRECTION('',(0.E0,0.E0,1.E0));
#15855=AXIS2_PLACEMENT_3D('',#15852,#15853,#15854);
#15857=DIRECTION('',(0.E0,-1.E0,0.E0));
#15858=VECTOR('',#15857,2.1844E-1);
#15859=CARTESIAN_POINT('',(2.35204E1,-3.13436E0,-1.7272E1));
#15860=LINE('',#15859,#15858);
#15861=CARTESIAN_POINT('',(2.35204E1,-3.13436E0,-1.54178E1));
#15862=DIRECTION('',(0.E0,1.E0,0.E0));
#15863=DIRECTION('',(0.E0,0.E0,1.E0));
#15864=AXIS2_PLACEMENT_3D('',#15861,#15862,#15863);
#15866=DIRECTION('',(0.E0,-1.E0,0.E0));
#15867=VECTOR('',#15866,2.1844E-1);
#15868=CARTESIAN_POINT('',(2.35204E1,-3.13436E0,-1.35636E1));
#15869=LINE('',#15868,#15867);
#15870=CARTESIAN_POINT('',(2.35204E1,-3.13436E0,-1.30556E1));
#15871=CARTESIAN_POINT('',(2.35204E1,-3.13436E0,-1.35636E1));
#15872=VERTEX_POINT('',#15870);
#15873=VERTEX_POINT('',#15871);
#15874=CARTESIAN_POINT('',(2.35204E1,-3.13436E0,-1.778E1));
#15875=CARTESIAN_POINT('',(2.35204E1,-3.13436E0,-1.7272E1));
#15876=VERTEX_POINT('',#15874);
#15877=VERTEX_POINT('',#15875);
#15878=CARTESIAN_POINT('',(2.35204E1,-3.3528E0,-1.30556E1));
#15879=CARTESIAN_POINT('',(2.35204E1,-3.3528E0,-1.778E1));
#15880=VERTEX_POINT('',#15878);
#15881=VERTEX_POINT('',#15879);
#15882=CARTESIAN_POINT('',(2.35204E1,-3.3528E0,-1.35636E1));
#15883=CARTESIAN_POINT('',(2.35204E1,-3.3528E0,-1.7272E1));
#15884=VERTEX_POINT('',#15882);
#15885=VERTEX_POINT('',#15883);
#15886=CARTESIAN_POINT('',(-2.6543E1,-3.3528E0,-1.860296E1));
#15887=DIRECTION('',(0.E0,1.E0,0.E0));
#15888=DIRECTION('',(0.E0,0.E0,1.E0));
#15889=AXIS2_PLACEMENT_3D('',#15886,#15887,#15888);
#15890=PLANE('',#15889);
#15892=ORIENTED_EDGE('',*,*,#15891,.F.);
#15894=ORIENTED_EDGE('',*,*,#15893,.F.);
#15895=EDGE_LOOP('',(#15892,#15894));
#15896=FACE_OUTER_BOUND('',#15895,.F.);
#15898=ORIENTED_EDGE('',*,*,#15897,.T.);
#15900=ORIENTED_EDGE('',*,*,#15899,.T.);
#15901=EDGE_LOOP('',(#15898,#15900));
#15902=FACE_BOUND('',#15901,.F.);
#15903=ADVANCED_FACE('',(#15896,#15902),#15890,.F.);
#15904=CARTESIAN_POINT('',(2.35204E1,-2.40538E0,-1.54178E1));
#15905=DIRECTION('',(0.E0,-1.E0,0.E0));
#15906=DIRECTION('',(0.E0,0.E0,1.E0));
#15907=AXIS2_PLACEMENT_3D('',#15904,#15905,#15906);
#15908=CYLINDRICAL_SURFACE('',#15907,2.3622E0);
#15909=ORIENTED_EDGE('',*,*,#15891,.T.);
#15911=ORIENTED_EDGE('',*,*,#15910,.T.);
#15913=ORIENTED_EDGE('',*,*,#15912,.F.);
#15915=ORIENTED_EDGE('',*,*,#15914,.F.);
#15916=EDGE_LOOP('',(#15909,#15911,#15913,#15915));
#15917=FACE_OUTER_BOUND('',#15916,.F.);
#15918=ADVANCED_FACE('',(#15917),#15908,.T.);
#15919=CARTESIAN_POINT('',(2.35204E1,-2.40538E0,-1.54178E1));
#15920=DIRECTION('',(0.E0,-1.E0,0.E0));
#15921=DIRECTION('',(0.E0,0.E0,1.E0));
#15922=AXIS2_PLACEMENT_3D('',#15919,#15920,#15921);
#15923=CYLINDRICAL_SURFACE('',#15922,2.3622E0);
#15924=ORIENTED_EDGE('',*,*,#15893,.T.);
#15925=ORIENTED_EDGE('',*,*,#15914,.T.);
#15927=ORIENTED_EDGE('',*,*,#15926,.T.);
#15928=ORIENTED_EDGE('',*,*,#15910,.F.);
#15929=EDGE_LOOP('',(#15924,#15925,#15927,#15928));
#15930=FACE_OUTER_BOUND('',#15929,.F.);
#15931=ADVANCED_FACE('',(#15930),#15923,.T.);
#15932=CARTESIAN_POINT('',(2.35204E1,-3.13436E0,-1.54178E1));
#15933=DIRECTION('',(0.E0,-1.E0,0.E0));
#15934=DIRECTION('',(0.E0,0.E0,1.E0));
#15935=AXIS2_PLACEMENT_3D('',#15932,#15933,#15934);
#15936=TOROIDAL_SURFACE('',#15935,2.1082E0,2.54E-1);
#15938=ORIENTED_EDGE('',*,*,#15937,.T.);
#15940=ORIENTED_EDGE('',*,*,#15939,.T.);
#15942=ORIENTED_EDGE('',*,*,#15941,.F.);
#15943=ORIENTED_EDGE('',*,*,#15926,.F.);
#15944=EDGE_LOOP('',(#15938,#15940,#15942,#15943));
#15945=FACE_OUTER_BOUND('',#15944,.F.);
#15946=ADVANCED_FACE('',(#15945),#15936,.T.);
#15947=CARTESIAN_POINT('',(2.35204E1,-3.13436E0,-1.54178E1));
#15948=DIRECTION('',(0.E0,-1.E0,0.E0));
#15949=DIRECTION('',(0.E0,0.E0,1.E0));
#15950=AXIS2_PLACEMENT_3D('',#15947,#15948,#15949);
#15951=TOROIDAL_SURFACE('',#15950,2.1082E0,2.54E-1);
#15952=ORIENTED_EDGE('',*,*,#15937,.F.);
#15953=ORIENTED_EDGE('',*,*,#15912,.T.);
#15954=ORIENTED_EDGE('',*,*,#15941,.T.);
#15956=ORIENTED_EDGE('',*,*,#15955,.F.);
#15957=EDGE_LOOP('',(#15952,#15953,#15954,#15956));
#15958=FACE_OUTER_BOUND('',#15957,.F.);
#15959=ADVANCED_FACE('',(#15958),#15951,.T.);
#15960=CARTESIAN_POINT('',(2.35204E1,-2.40538E0,-1.54178E1));
#15961=DIRECTION('',(0.E0,-1.E0,0.E0));
#15962=DIRECTION('',(0.E0,0.E0,1.E0));
#15963=AXIS2_PLACEMENT_3D('',#15960,#15961,#15962);
#15964=CYLINDRICAL_SURFACE('',#15963,1.8542E0);
#15965=ORIENTED_EDGE('',*,*,#15897,.F.);
#15967=ORIENTED_EDGE('',*,*,#15966,.F.);
#15968=ORIENTED_EDGE('',*,*,#15955,.T.);
#15970=ORIENTED_EDGE('',*,*,#15969,.T.);
#15971=EDGE_LOOP('',(#15965,#15967,#15968,#15970));
#15972=FACE_OUTER_BOUND('',#15971,.F.);
#15973=ADVANCED_FACE('',(#15972),#15964,.F.);
#15974=CARTESIAN_POINT('',(2.35204E1,-2.40538E0,-1.54178E1));
#15975=DIRECTION('',(0.E0,-1.E0,0.E0));
#15976=DIRECTION('',(0.E0,0.E0,1.E0));
#15977=AXIS2_PLACEMENT_3D('',#15974,#15975,#15976);
#15978=CYLINDRICAL_SURFACE('',#15977,1.8542E0);
#15979=ORIENTED_EDGE('',*,*,#15899,.F.);
#15980=ORIENTED_EDGE('',*,*,#15969,.F.);
#15981=ORIENTED_EDGE('',*,*,#15939,.F.);
#15982=ORIENTED_EDGE('',*,*,#15966,.T.);
#15983=EDGE_LOOP('',(#15979,#15980,#15981,#15982));
#15984=FACE_OUTER_BOUND('',#15983,.F.);
#15985=ADVANCED_FACE('',(#15984),#15978,.F.);
#15986=CLOSED_SHELL('',(#15903,#15918,#15931,#15946,#15959,#15973,#15985));
#15987=ORIENTED_CLOSED_SHELL('',*,#15803,.F.);
#15988=ORIENTED_CLOSED_SHELL('',*,#15986,.F.);
#15989=BREP_WITH_VOIDS('',#15620,(#15987,#15988));
#15991=DIMENSIONAL_EXPONENTS(0.E0,0.E0,0.E0,0.E0,0.E0,0.E0,0.E0);
#15993=PLANE_ANGLE_MEASURE_WITH_UNIT(PLANE_ANGLE_MEASURE(1.745329251994E-2),
#15992);
#15994=(CONVERSION_BASED_UNIT('DEGREE',#15993)NAMED_UNIT(#15991)PLANE_ANGLE_UNIT());
#15996=UNCERTAINTY_MEASURE_WITH_UNIT(LENGTH_MEASURE(5.842810632878E-3),#15990,
'distance_accuracy_value',
'Maximum model space distance between geometric entities at asserted connectivities');
#15997=(GEOMETRIC_REPRESENTATION_CONTEXT(3)GLOBAL_UNCERTAINTY_ASSIGNED_CONTEXT((
#15996))GLOBAL_UNIT_ASSIGNED_CONTEXT((#15990,#15994,#15995))REPRESENTATION_CONTEXT('ID1','3'));
#15999=APPLICATION_CONTEXT('automotive_design');
#16000=APPLICATION_PROTOCOL_DEFINITION('international standard',
'automotive_design',2001,#15999);
#16001=PRODUCT_DEFINITION_CONTEXT('part definition',#15999,'design');
#16002=PRODUCT_CONTEXT('',#15999,'mechanical');
#16003=PRODUCT('C-5747842-4','C-5747842-4','NOT SPECIFIED',(#16002));
#16004=PRODUCT_DEFINITION_FORMATION('1','LAST_VERSION',#16003);
#16012=DERIVED_UNIT_ELEMENT(#16011,2.E0);
#16013=DERIVED_UNIT((#16012));
#16014=MEASURE_REPRESENTATION_ITEM('surface area measure',AREA_MEASURE(
4.945700939291E3),#16013);
#16019=DERIVED_UNIT_ELEMENT(#16018,3.E0);
#16020=DERIVED_UNIT((#16019));
#16021=MEASURE_REPRESENTATION_ITEM('volume measure',VOLUME_MEASURE(
5.340638499845E3),#16020);
#16025=CARTESIAN_POINT('centre point',(-9.537471079281E-5,-8.140275699623E-1,
-1.084069698785E1));
#16030=DERIVED_UNIT_ELEMENT(#16029,2.E0);
#16031=DERIVED_UNIT((#16030));
#16032=MEASURE_REPRESENTATION_ITEM('surface area measure',AREA_MEASURE(
4.945700939291E3),#16031);
#16037=DERIVED_UNIT_ELEMENT(#16036,3.E0);
#16038=DERIVED_UNIT((#16037));
#16039=MEASURE_REPRESENTATION_ITEM('volume measure',VOLUME_MEASURE(
5.340638499845E3),#16038);
#16043=CARTESIAN_POINT('centre point',(-9.537471079281E-5,-8.140275699623E-1,
-1.084069698785E1));
#16048=PRODUCT_RELATED_PRODUCT_CATEGORY('part','',(#16003));
#16050=GENERAL_PROPERTY('user defined attribute','','');
#16051=GENERAL_PROPERTY_ASSOCIATION('user defined attribute','',#16050,#16049);
#16052=DESCRIPTIVE_REPRESENTATION_ITEM('PART_NO','5747842');
#16056=GENERAL_PROPERTY('user defined attribute','','');
#16057=GENERAL_PROPERTY_ASSOCIATION('user defined attribute','',#16056,#16055);
#16058=DESCRIPTIVE_REPRESENTATION_ITEM('DWG_TITLE',
'PLUG ASSEMBLY, SIZE 3, 25 POSITION, RIGHT ANGLE,');
#16062=GENERAL_PROPERTY('user defined attribute','','');
#16063=GENERAL_PROPERTY_ASSOCIATION('user defined attribute','',#16062,#16061);
#16064=DESCRIPTIVE_REPRESENTATION_ITEM('DWG_TITLE_2',
'FRONT METAL SHELL, .318 SERIES, BOARDLOCKS, AMPLIMITE HD-20');
#16068=GENERAL_PROPERTY('user defined attribute','','');
#16069=GENERAL_PROPERTY_ASSOCIATION('user defined attribute','',#16068,#16067);
#16070=DESCRIPTIVE_REPRESENTATION_ITEM('DESC',
'PLUG ASSEMBLY, SIZE 3, 25 POSITION, RIGHT ANGLE, FRONT METAL SHELL, .318 SERIES,');
#16074=GENERAL_PROPERTY('user defined attribute','','');
#16075=GENERAL_PROPERTY_ASSOCIATION('user defined attribute','',#16074,#16073);
#16076=DESCRIPTIVE_REPRESENTATION_ITEM('TIR','A');
#16080=GENERAL_PROPERTY('user defined attribute','','');
#16081=GENERAL_PROPERTY_ASSOCIATION('user defined attribute','',#16080,#16079);
#16082=DESCRIPTIVE_REPRESENTATION_ITEM('DOC_STATUS','Active');
#16086=GENERAL_PROPERTY('user defined attribute','','');
#16087=GENERAL_PROPERTY_ASSOCIATION('user defined attribute','',#16086,#16085);
#16088=DESCRIPTIVE_REPRESENTATION_ITEM('MOD_NUM','MOD39274');
#16092=GENERAL_PROPERTY('user defined attribute','','');
#16093=GENERAL_PROPERTY_ASSOCIATION('user defined attribute','',#16092,#16091);
#16094=DESCRIPTIVE_REPRESENTATION_ITEM('PROI_CREATED_BY','FR0T0626');
#16098=GENERAL_PROPERTY('user defined attribute','','');
#16099=GENERAL_PROPERTY_ASSOCIATION('user defined attribute','',#16098,#16097);
#16100=DESCRIPTIVE_REPRESENTATION_ITEM('PROI_CREATED_ON','12/05/11 01:29:55');
#16104=GENERAL_PROPERTY('user defined attribute','','');
#16105=GENERAL_PROPERTY_ASSOCIATION('user defined attribute','',#16104,#16103);
#16106=DESCRIPTIVE_REPRESENTATION_ITEM('PROI_LOCATION',
'Root Folder/EMCS MOD SVCS/GPL-023');
#16110=GENERAL_PROPERTY('user defined attribute','','');
#16111=GENERAL_PROPERTY_ASSOCIATION('user defined attribute','',#16110,#16109);
#16112=DESCRIPTIVE_REPRESENTATION_ITEM('PTC_COMMON_NAME','');
#16116=GENERAL_PROPERTY('user defined attribute','','');
#16117=GENERAL_PROPERTY_ASSOCIATION('user defined attribute','',#16116,#16115);
#16118=DESCRIPTIVE_REPRESENTATION_ITEM('PART_REV','C');
#16122=GENERAL_PROPERTY('user defined attribute','','');
#16123=GENERAL_PROPERTY_ASSOCIATION('user defined attribute','',#16122,#16121);
#16124=DESCRIPTIVE_REPRESENTATION_ITEM('PDMREV','1.0+');
#16128=GENERAL_PROPERTY('user defined attribute','','');
#16129=GENERAL_PROPERTY_ASSOCIATION('user defined attribute','',#16128,#16127);
#16130=DESCRIPTIVE_REPRESENTATION_ITEM('PDMDB','');
#16134=GENERAL_PROPERTY('user defined attribute','','');
#16135=GENERAL_PROPERTY_ASSOCIATION('user defined attribute','',#16134,#16133);
#16136=DESCRIPTIVE_REPRESENTATION_ITEM('PDMRL','Complete');
#16140=GENERAL_PROPERTY('user defined attribute','','');
#16141=GENERAL_PROPERTY_ASSOCIATION('user defined attribute','',#16140,#16139);
#16142=DESCRIPTIVE_REPRESENTATION_ITEM('PROI_REVISION','1');
#16146=GENERAL_PROPERTY('user defined attribute','','');
#16147=GENERAL_PROPERTY_ASSOCIATION('user defined attribute','',#16146,#16145);
#16148=DESCRIPTIVE_REPRESENTATION_ITEM('PROI_VERSION','0+');
#16152=GENERAL_PROPERTY('user defined attribute','','');
#16153=GENERAL_PROPERTY_ASSOCIATION('user defined attribute','',#16152,#16151);
#16154=DESCRIPTIVE_REPRESENTATION_ITEM('PROI_BRANCH','main');
#16158=GENERAL_PROPERTY('user defined attribute','','');
#16159=GENERAL_PROPERTY_ASSOCIATION('user defined attribute','',#16158,#16157);
#16160=DESCRIPTIVE_REPRESENTATION_ITEM('PROI_RELEASE','Complete');
#16164=GENERAL_PROPERTY('user defined attribute','','');
#16165=GENERAL_PROPERTY_ASSOCIATION('user defined attribute','',#16164,#16163);
#16166=DESCRIPTIVE_REPRESENTATION_ITEM('PTC_MODIFIED','YES');
#16170=GENERAL_PROPERTY('user defined attribute','','');
#16171=GENERAL_PROPERTY_ASSOCIATION('user defined attribute','',#16170,#16169);
#16172=DESCRIPTIVE_REPRESENTATION_ITEM('DOC_LANGUAGE','English');
#16176=GENERAL_PROPERTY('user defined attribute','','');
#16177=GENERAL_PROPERTY_ASSOCIATION('user defined attribute','',#16176,#16175);
#16178=DESCRIPTIVE_REPRESENTATION_ITEM('REASON_DOC_CHANGE','Not Specified');
#16182=GENERAL_PROPERTY('user defined attribute','','');
#16183=GENERAL_PROPERTY_ASSOCIATION('user defined attribute','',#16182,#16181);
#16184=DESCRIPTIVE_REPRESENTATION_ITEM('SEND_WEIGHT','NO');
#84=CIRCLE('',#83,4.7244E-1);
#93=CIRCLE('',#92,1.8796E-1);
#110=CIRCLE('',#109,5.08E-1);
#119=CIRCLE('',#118,1.524E-1);
#132=CIRCLE('',#131,1.524E-1);
#141=CIRCLE('',#140,5.08E-1);
#158=CIRCLE('',#157,1.8796E-1);
#167=CIRCLE('',#166,4.7244E-1);
#180=CIRCLE('',#179,1.524E-1);
#189=CIRCLE('',#188,5.08E-1);
#206=CIRCLE('',#205,1.8796E-1);
#215=CIRCLE('',#214,4.7244E-1);
#228=CIRCLE('',#227,4.7244E-1);
#237=CIRCLE('',#236,1.8796E-1);
#254=CIRCLE('',#253,5.08E-1);
#263=CIRCLE('',#262,1.524E-1);
#284=CIRCLE('',#283,1.5748E0);
#293=CIRCLE('',#292,1.5748E0);
#326=CIRCLE('',#325,1.5748E0);
#335=CIRCLE('',#334,1.5748E0);
#356=CIRCLE('',#355,2.83845E0);
#361=CIRCLE('',#360,2.83845E0);
#366=CIRCLE('',#365,2.83845E0);
#371=CIRCLE('',#370,2.83845E0);
#376=CIRCLE('',#375,1.5494E0);
#381=CIRCLE('',#380,1.5494E0);
#386=CIRCLE('',#385,1.5494E0);
#391=CIRCLE('',#390,1.5494E0);
#560=CIRCLE('',#559,1.5748E0);
#569=CIRCLE('',#568,1.5748E0);
#602=CIRCLE('',#601,1.5748E0);
#611=CIRCLE('',#610,1.5748E0);
#720=CIRCLE('',#719,2.12344E0);
#729=CIRCLE('',#728,2.12344E0);
#738=CIRCLE('',#737,2.12344E0);
#747=CIRCLE('',#746,2.12344E0);
#756=CIRCLE('',#755,1.27E0);
#769=CIRCLE('',#768,1.27E0);
#774=CIRCLE('',#773,5.08E-1);
#779=CIRCLE('',#778,5.08E-1);
#784=CIRCLE('',#783,5.08E-1);
#789=CIRCLE('',#788,5.08E-1);
#794=CIRCLE('',#793,5.08E-1);
#799=CIRCLE('',#798,5.08E-1);
#804=CIRCLE('',#803,5.08E-1);
#809=CIRCLE('',#808,5.08E-1);
#814=CIRCLE('',#813,5.08E-1);
#819=CIRCLE('',#818,5.08E-1);
#824=CIRCLE('',#823,5.08E-1);
#829=CIRCLE('',#828,5.08E-1);
#834=CIRCLE('',#833,5.08E-1);
#839=CIRCLE('',#838,5.08E-1);
#844=CIRCLE('',#843,5.08E-1);
#849=CIRCLE('',#848,5.08E-1);
#854=CIRCLE('',#853,5.08E-1);
#859=CIRCLE('',#858,5.08E-1);
#864=CIRCLE('',#863,5.08E-1);
#869=CIRCLE('',#868,5.08E-1);
#874=CIRCLE('',#873,5.08E-1);
#879=CIRCLE('',#878,5.08E-1);
#884=CIRCLE('',#883,5.08E-1);
#889=CIRCLE('',#888,5.08E-1);
#894=CIRCLE('',#893,5.08E-1);
#899=CIRCLE('',#898,5.08E-1);
#904=CIRCLE('',#903,5.08E-1);
#909=CIRCLE('',#908,5.08E-1);
#914=CIRCLE('',#913,5.08E-1);
#919=CIRCLE('',#918,5.08E-1);
#924=CIRCLE('',#923,5.08E-1);
#929=CIRCLE('',#928,5.08E-1);
#934=CIRCLE('',#933,5.08E-1);
#939=CIRCLE('',#938,5.08E-1);
#944=CIRCLE('',#943,5.08E-1);
#949=CIRCLE('',#948,5.08E-1);
#954=CIRCLE('',#953,5.08E-1);
#959=CIRCLE('',#958,5.08E-1);
#964=CIRCLE('',#963,5.08E-1);
#969=CIRCLE('',#968,5.08E-1);
#974=CIRCLE('',#973,5.08E-1);
#979=CIRCLE('',#978,5.08E-1);
#984=CIRCLE('',#983,5.08E-1);
#989=CIRCLE('',#988,5.08E-1);
#994=CIRCLE('',#993,5.08E-1);
#999=CIRCLE('',#998,5.08E-1);
#1004=CIRCLE('',#1003,5.08E-1);
#1009=CIRCLE('',#1008,5.08E-1);
#1014=CIRCLE('',#1013,5.08E-1);
#1019=CIRCLE('',#1018,5.08E-1);
#1172=CIRCLE('',#1171,2.12344E0);
#1181=CIRCLE('',#1180,2.12344E0);
#1190=CIRCLE('',#1189,2.12344E0);
#1199=CIRCLE('',#1198,2.12344E0);
#1204=CIRCLE('',#1203,2.54E0);
#1213=CIRCLE('',#1212,2.54E0);
#1222=CIRCLE('',#1221,2.54E0);
#1231=CIRCLE('',#1230,2.54E0);
#1244=CIRCLE('',#1243,2.54E0);
#1253=CIRCLE('',#1252,2.54E0);
#1262=CIRCLE('',#1261,2.54E0);
#1271=CIRCLE('',#1270,2.54E0);
#1296=CIRCLE('',#1295,1.27E0);
#1301=CIRCLE('',#1300,1.5748E0);
#1310=CIRCLE('',#1309,1.5748E0);
#1315=CIRCLE('',#1314,1.27E0);
#1328=CIRCLE('',#1327,1.9558E0);
#1333=CIRCLE('',#1332,1.9558E0);
#1338=CIRCLE('',#1337,1.9558E0);
#1343=CIRCLE('',#1342,1.9558E0);
#1488=CIRCLE('',#1487,3.302E-1);
#1493=CIRCLE('',#1492,3.302E-1);
#1498=CIRCLE('',#1497,3.302E-1);
#1503=CIRCLE('',#1502,3.302E-1);
#1508=CIRCLE('',#1507,3.302E-1);
#1513=CIRCLE('',#1512,3.302E-1);
#1518=CIRCLE('',#1517,3.302E-1);
#1523=CIRCLE('',#1522,3.302E-1);
#1528=CIRCLE('',#1527,3.302E-1);
#1533=CIRCLE('',#1532,3.302E-1);
#1538=CIRCLE('',#1537,3.302E-1);
#1543=CIRCLE('',#1542,3.302E-1);
#1548=CIRCLE('',#1547,3.302E-1);
#1553=CIRCLE('',#1552,3.302E-1);
#1558=CIRCLE('',#1557,3.302E-1);
#1563=CIRCLE('',#1562,3.302E-1);
#1568=CIRCLE('',#1567,3.302E-1);
#1573=CIRCLE('',#1572,3.302E-1);
#1578=CIRCLE('',#1577,3.302E-1);
#1583=CIRCLE('',#1582,3.302E-1);
#1588=CIRCLE('',#1587,3.302E-1);
#1593=CIRCLE('',#1592,3.302E-1);
#1598=CIRCLE('',#1597,3.302E-1);
#1603=CIRCLE('',#1602,3.302E-1);
#1608=CIRCLE('',#1607,3.302E-1);
#1613=CIRCLE('',#1612,3.302E-1);
#1618=CIRCLE('',#1617,3.175E-1);
#1623=CIRCLE('',#1622,3.175E-1);
#1628=CIRCLE('',#1627,3.175E-1);
#1633=CIRCLE('',#1632,3.175E-1);
#1638=CIRCLE('',#1637,3.175E-1);
#1643=CIRCLE('',#1642,3.175E-1);
#1648=CIRCLE('',#1647,3.175E-1);
#1653=CIRCLE('',#1652,3.175E-1);
#1658=CIRCLE('',#1657,3.175E-1);
#1663=CIRCLE('',#1662,3.175E-1);
#1668=CIRCLE('',#1667,3.175E-1);
#1673=CIRCLE('',#1672,3.175E-1);
#1678=CIRCLE('',#1677,3.175E-1);
#1683=CIRCLE('',#1682,3.175E-1);
#1688=CIRCLE('',#1687,3.175E-1);
#1693=CIRCLE('',#1692,3.175E-1);
#1698=CIRCLE('',#1697,3.175E-1);
#1703=CIRCLE('',#1702,3.175E-1);
#1708=CIRCLE('',#1707,3.175E-1);
#1713=CIRCLE('',#1712,3.175E-1);
#1718=CIRCLE('',#1717,3.175E-1);
#1723=CIRCLE('',#1722,3.175E-1);
#1728=CIRCLE('',#1727,3.175E-1);
#1733=CIRCLE('',#1732,3.175E-1);
#1774=CIRCLE('',#1773,2.667E0);
#1779=CIRCLE('',#1778,2.667E0);
#1784=CIRCLE('',#1783,2.667E0);
#1789=CIRCLE('',#1788,2.667E0);
#1794=CIRCLE('',#1793,6.35E-1);
#1799=CIRCLE('',#1798,1.5494E0);
#1804=CIRCLE('',#1803,6.35E-1);
#1813=CIRCLE('',#1812,6.35E-1);
#1822=CIRCLE('',#1821,6.35E-1);
#1827=CIRCLE('',#1826,6.35E-1);
#1836=CIRCLE('',#1835,6.35E-1);
#1841=CIRCLE('',#1840,1.5494E0);
#1846=CIRCLE('',#1845,6.35E-1);
#1855=CIRCLE('',#1854,6.35E-1);
#1864=CIRCLE('',#1863,3.1496E-1);
#1873=CIRCLE('',#1872,3.1496E-1);
#1882=CIRCLE('',#1881,3.1496E-1);
#1891=CIRCLE('',#1890,3.1496E-1);
#1900=CIRCLE('',#1899,6.35E-1);
#1905=CIRCLE('',#1904,1.5494E0);
#1910=CIRCLE('',#1909,6.35E-1);
#1915=CIRCLE('',#1914,6.35E-1);
#1924=CIRCLE('',#1923,6.35E-1);
#1929=CIRCLE('',#1928,6.35E-1);
#1938=CIRCLE('',#1937,6.35E-1);
#1943=CIRCLE('',#1942,1.5494E0);
#1948=CIRCLE('',#1947,6.35E-1);
#1957=CIRCLE('',#1956,6.35E-1);
#1962=CIRCLE('',#1961,3.1496E-1);
#1971=CIRCLE('',#1970,3.1496E-1);
#1980=CIRCLE('',#1979,3.1496E-1);
#1989=CIRCLE('',#1988,3.1496E-1);
#2030=CIRCLE('',#2029,2.7686E0);
#2039=CIRCLE('',#2038,2.7686E0);
#2048=CIRCLE('',#2047,2.7686E0);
#2057=CIRCLE('',#2056,2.7686E0);
#2066=CIRCLE('',#2065,2.7686E0);
#2075=CIRCLE('',#2074,2.7686E0);
#2088=CIRCLE('',#2087,2.7686E0);
#2097=CIRCLE('',#2096,2.7686E0);
#2106=CIRCLE('',#2105,2.7686E0);
#2115=CIRCLE('',#2114,2.7686E0);
#2124=CIRCLE('',#2123,2.7686E0);
#2133=CIRCLE('',#2132,2.7686E0);
#2138=CIRCLE('',#2137,1.4224E0);
#2143=CIRCLE('',#2142,1.4224E0);
#2148=CIRCLE('',#2147,1.4224E0);
#2153=CIRCLE('',#2152,1.4224E0);
#2250=CIRCLE('',#2249,1.5748E0);
#2259=CIRCLE('',#2258,1.5748E0);
#2396=CIRCLE('',#2395,1.5748E0);
#2405=CIRCLE('',#2404,1.5748E0);
#2530=CIRCLE('',#2529,1.4224E0);
#2535=CIRCLE('',#2534,1.4224E0);
#2540=CIRCLE('',#2539,1.4224E0);
#2545=CIRCLE('',#2544,1.4224E0);
#2550=CIRCLE('',#2549,2.7686E0);
#2559=CIRCLE('',#2558,2.7686E0);
#2568=CIRCLE('',#2567,2.7686E0);
#2577=CIRCLE('',#2576,2.7686E0);
#2586=CIRCLE('',#2585,2.7686E0);
#2595=CIRCLE('',#2594,2.7686E0);
#2608=CIRCLE('',#2607,2.7686E0);
#2617=CIRCLE('',#2616,2.7686E0);
#2626=CIRCLE('',#2625,2.7686E0);
#2635=CIRCLE('',#2634,2.7686E0);
#2644=CIRCLE('',#2643,2.7686E0);
#2653=CIRCLE('',#2652,2.7686E0);
#2730=CIRCLE('',#2729,2.667E0);
#2739=CIRCLE('',#2738,2.667E0);
#2757=B_SPLINE_CURVE_WITH_KNOTS('',3,(#2744,#2745,#2746,#2747,#2748,#2749,#2750,
#2751,#2752,#2753,#2754,#2755,#2756),.UNSPECIFIED.,.F.,.F.,(4,1,1,1,1,1,1,1,1,1,
4),(0.E0,1.E-1,2.E-1,3.E-1,4.E-1,5.E-1,6.E-1,7.E-1,8.E-1,9.E-1,1.E0),
.UNSPECIFIED.);
#2762=CIRCLE('',#2761,1.5494E0);
#2767=CIRCLE('',#2766,5.588E-1);
#2772=CIRCLE('',#2771,5.588E-1);
#2777=CIRCLE('',#2776,1.5494E0);
#2791=B_SPLINE_CURVE_WITH_KNOTS('',3,(#2778,#2779,#2780,#2781,#2782,#2783,#2784,
#2785,#2786,#2787,#2788,#2789,#2790),.UNSPECIFIED.,.F.,.F.,(4,1,1,1,1,1,1,1,1,1,
4),(0.E0,1.E-1,2.E-1,3.E-1,4.E-1,5.E-1,6.E-1,7.E-1,8.E-1,9.E-1,1.E0),
.UNSPECIFIED.);
#2796=CIRCLE('',#2795,1.5494E0);
#2837=CIRCLE('',#2836,6.2484E-1);
#2854=CIRCLE('',#2853,3.048E-1);
#2867=CIRCLE('',#2866,3.1496E-1);
#2876=CIRCLE('',#2875,3.1496E-1);
#2885=CIRCLE('',#2884,3.1496E-1);
#2894=CIRCLE('',#2893,3.1496E-1);
#2911=CIRCLE('',#2910,6.35E-1);
#2920=CIRCLE('',#2919,6.35E-1);
#2929=CIRCLE('',#2928,6.35E-1);
#2938=CIRCLE('',#2937,6.35E-1);
#2955=CIRCLE('',#2954,3.1496E-1);
#2964=CIRCLE('',#2963,3.1496E-1);
#2973=CIRCLE('',#2972,3.1496E-1);
#2982=CIRCLE('',#2981,3.1496E-1);
#2999=CIRCLE('',#2998,6.35E-1);
#3008=CIRCLE('',#3007,6.35E-1);
#3017=CIRCLE('',#3016,6.35E-1);
#3026=CIRCLE('',#3025,6.35E-1);
#3035=CIRCLE('',#3034,3.048E-1);
#3052=CIRCLE('',#3051,6.2484E-1);
#3109=CIRCLE('',#3108,3.048E-1);
#3126=CIRCLE('',#3125,6.2484E-1);
#3175=CIRCLE('',#3174,1.5494E0);
#3200=CIRCLE('',#3199,1.5494E0);
#3218=B_SPLINE_CURVE_WITH_KNOTS('',3,(#3205,#3206,#3207,#3208,#3209,#3210,#3211,
#3212,#3213,#3214,#3215,#3216,#3217),.UNSPECIFIED.,.F.,.F.,(4,1,1,1,1,1,1,1,1,1,
4),(0.E0,1.E-1,2.E-1,3.E-1,4.E-1,5.E-1,6.E-1,7.E-1,8.E-1,9.E-1,1.E0),
.UNSPECIFIED.);
#3223=CIRCLE('',#3222,1.5494E0);
#3237=B_SPLINE_CURVE_WITH_KNOTS('',3,(#3224,#3225,#3226,#3227,#3228,#3229,#3230,
#3231,#3232,#3233,#3234,#3235,#3236),.UNSPECIFIED.,.F.,.F.,(4,1,1,1,1,1,1,1,1,1,
4),(0.E0,1.E-1,2.E-1,3.E-1,4.E-1,5.E-1,6.E-1,7.E-1,8.E-1,9.E-1,1.E0),
.UNSPECIFIED.);
#3242=CIRCLE('',#3241,1.5494E0);
#3247=CIRCLE('',#3246,5.588E-1);
#3252=CIRCLE('',#3251,5.588E-1);
#3257=CIRCLE('',#3256,1.5494E0);
#3271=B_SPLINE_CURVE_WITH_KNOTS('',3,(#3258,#3259,#3260,#3261,#3262,#3263,#3264,
#3265,#3266,#3267,#3268,#3269,#3270),.UNSPECIFIED.,.F.,.F.,(4,1,1,1,1,1,1,1,1,1,
4),(0.E0,1.E-1,2.E-1,3.E-1,4.E-1,5.E-1,6.E-1,7.E-1,8.E-1,9.E-1,1.E0),
.UNSPECIFIED.);
#3276=CIRCLE('',#3275,1.5494E0);
#3281=CIRCLE('',#3280,1.5494E0);
#3295=B_SPLINE_CURVE_WITH_KNOTS('',3,(#3282,#3283,#3284,#3285,#3286,#3287,#3288,
#3289,#3290,#3291,#3292,#3293,#3294),.UNSPECIFIED.,.F.,.F.,(4,1,1,1,1,1,1,1,1,1,
4),(0.E0,1.E-1,2.E-1,3.E-1,4.E-1,5.E-1,6.E-1,7.E-1,8.E-1,9.E-1,1.E0),
.UNSPECIFIED.);
#3300=CIRCLE('',#3299,1.5494E0);
#3305=CIRCLE('',#3304,2.667E0);
#3314=CIRCLE('',#3313,2.667E0);
#3323=CIRCLE('',#3322,6.2484E-1);
#3340=CIRCLE('',#3339,3.048E-1);
#3417=CIRCLE('',#3416,1.5494E0);
#3426=CIRCLE('',#3425,1.5494E0);
#3448=B_SPLINE_CURVE_WITH_KNOTS('',3,(#3435,#3436,#3437,#3438,#3439,#3440,#3441,
#3442,#3443,#3444,#3445,#3446,#3447),.UNSPECIFIED.,.F.,.F.,(4,1,1,1,1,1,1,1,1,1,
4),(0.E0,1.E-1,2.E-1,3.E-1,4.E-1,5.E-1,6.E-1,7.E-1,8.E-1,9.E-1,1.E0),
.UNSPECIFIED.);
#3453=CIRCLE('',#3452,1.5494E0);
#3467=B_SPLINE_CURVE_WITH_KNOTS('',3,(#3454,#3455,#3456,#3457,#3458,#3459,#3460,
#3461,#3462,#3463,#3464,#3465,#3466),.UNSPECIFIED.,.F.,.F.,(4,1,1,1,1,1,1,1,1,1,
4),(0.E0,1.E-1,2.E-1,3.E-1,4.E-1,5.E-1,6.E-1,7.E-1,8.E-1,9.E-1,1.E0),
.UNSPECIFIED.);
#3472=CIRCLE('',#3471,1.5494E0);
#3477=CIRCLE('',#3476,1.5494E0);
#3490=CIRCLE('',#3489,3.302E-1);
#3495=CIRCLE('',#3494,3.302E-1);
#3508=CIRCLE('',#3507,3.302E-1);
#3513=CIRCLE('',#3512,3.302E-1);
#3526=CIRCLE('',#3525,3.302E-1);
#3531=CIRCLE('',#3530,3.302E-1);
#3544=CIRCLE('',#3543,3.302E-1);
#3549=CIRCLE('',#3548,3.302E-1);
#3562=CIRCLE('',#3561,3.302E-1);
#3567=CIRCLE('',#3566,3.302E-1);
#3580=CIRCLE('',#3579,3.302E-1);
#3585=CIRCLE('',#3584,3.302E-1);
#3598=CIRCLE('',#3597,3.302E-1);
#3603=CIRCLE('',#3602,3.302E-1);
#3616=CIRCLE('',#3615,3.302E-1);
#3621=CIRCLE('',#3620,3.302E-1);
#3634=CIRCLE('',#3633,3.302E-1);
#3639=CIRCLE('',#3638,3.302E-1);
#3652=CIRCLE('',#3651,3.302E-1);
#3657=CIRCLE('',#3656,3.302E-1);
#3670=CIRCLE('',#3669,3.302E-1);
#3675=CIRCLE('',#3674,3.302E-1);
#3688=CIRCLE('',#3687,3.302E-1);
#3693=CIRCLE('',#3692,3.302E-1);
#3706=CIRCLE('',#3705,3.302E-1);
#3711=CIRCLE('',#3710,3.302E-1);
#3724=CIRCLE('',#3723,3.175E-1);
#3729=CIRCLE('',#3728,3.175E-1);
#3742=CIRCLE('',#3741,3.175E-1);
#3747=CIRCLE('',#3746,3.175E-1);
#3760=CIRCLE('',#3759,3.175E-1);
#3765=CIRCLE('',#3764,3.175E-1);
#3778=CIRCLE('',#3777,3.175E-1);
#3783=CIRCLE('',#3782,3.175E-1);
#3796=CIRCLE('',#3795,3.175E-1);
#3801=CIRCLE('',#3800,3.175E-1);
#3814=CIRCLE('',#3813,3.175E-1);
#3819=CIRCLE('',#3818,3.175E-1);
#3832=CIRCLE('',#3831,3.175E-1);
#3837=CIRCLE('',#3836,3.175E-1);
#3850=CIRCLE('',#3849,3.175E-1);
#3855=CIRCLE('',#3854,3.175E-1);
#3868=CIRCLE('',#3867,3.175E-1);
#3873=CIRCLE('',#3872,3.175E-1);
#3886=CIRCLE('',#3885,3.175E-1);
#3891=CIRCLE('',#3890,3.175E-1);
#3904=CIRCLE('',#3903,3.175E-1);
#3909=CIRCLE('',#3908,3.175E-1);
#3922=CIRCLE('',#3921,3.175E-1);
#3927=CIRCLE('',#3926,3.175E-1);
#3932=CIRCLE('',#3931,1.9558E0);
#3941=CIRCLE('',#3940,1.9939E0);
#3946=CIRCLE('',#3945,1.9939E0);
#3951=CIRCLE('',#3950,1.9939E0);
#3956=CIRCLE('',#3955,1.9939E0);
#3969=CIRCLE('',#3968,1.9939E0);
#3974=CIRCLE('',#3973,1.9939E0);
#3979=CIRCLE('',#3978,1.9939E0);
#3984=CIRCLE('',#3983,1.9939E0);
#3989=CIRCLE('',#3988,1.94945E0);
#3994=CIRCLE('',#3993,1.94945E0);
#3999=CIRCLE('',#3998,1.94945E0);
#4004=CIRCLE('',#4003,1.94945E0);
#4029=CIRCLE('',#4028,1.94945E0);
#4038=CIRCLE('',#4037,1.94945E0);
#4043=CIRCLE('',#4042,1.582832579065E0);
#4048=CIRCLE('',#4047,1.582832579065E0);
#4069=CIRCLE('',#4068,1.94945E0);
#4074=CIRCLE('',#4073,1.94945E0);
#4079=CIRCLE('',#4078,1.582832579065E0);
#4084=CIRCLE('',#4083,1.582832579065E0);
#4089=CIRCLE('',#4088,1.9558E0);
#4098=CIRCLE('',#4097,1.9558E0);
#4107=CIRCLE('',#4106,1.9558E0);
#4124=CIRCLE('',#4123,5.08E-1);
#4129=CIRCLE('',#4128,5.08E-1);
#4134=CIRCLE('',#4133,5.08E-1);
#4139=CIRCLE('',#4138,5.08E-1);
#4144=CIRCLE('',#4143,5.08E-1);
#4149=CIRCLE('',#4148,5.08E-1);
#4154=CIRCLE('',#4153,5.08E-1);
#4159=CIRCLE('',#4158,5.08E-1);
#4164=CIRCLE('',#4163,5.08E-1);
#4169=CIRCLE('',#4168,5.08E-1);
#4174=CIRCLE('',#4173,5.08E-1);
#4179=CIRCLE('',#4178,5.08E-1);
#4184=CIRCLE('',#4183,5.08E-1);
#4189=CIRCLE('',#4188,5.08E-1);
#4194=CIRCLE('',#4193,5.08E-1);
#4199=CIRCLE('',#4198,5.08E-1);
#4204=CIRCLE('',#4203,5.08E-1);
#4209=CIRCLE('',#4208,5.08E-1);
#4214=CIRCLE('',#4213,5.08E-1);
#4219=CIRCLE('',#4218,5.08E-1);
#4224=CIRCLE('',#4223,5.08E-1);
#4229=CIRCLE('',#4228,5.08E-1);
#4234=CIRCLE('',#4233,5.08E-1);
#4239=CIRCLE('',#4238,5.08E-1);
#4244=CIRCLE('',#4243,5.08E-1);
#4249=CIRCLE('',#4248,5.08E-1);
#4254=CIRCLE('',#4253,5.08E-1);
#4259=CIRCLE('',#4258,5.08E-1);
#4264=CIRCLE('',#4263,5.08E-1);
#4269=CIRCLE('',#4268,5.08E-1);
#4274=CIRCLE('',#4273,5.08E-1);
#4279=CIRCLE('',#4278,5.08E-1);
#4284=CIRCLE('',#4283,5.08E-1);
#4289=CIRCLE('',#4288,5.08E-1);
#4294=CIRCLE('',#4293,5.08E-1);
#4299=CIRCLE('',#4298,5.08E-1);
#4304=CIRCLE('',#4303,5.08E-1);
#4309=CIRCLE('',#4308,5.08E-1);
#4314=CIRCLE('',#4313,5.08E-1);
#4319=CIRCLE('',#4318,5.08E-1);
#4324=CIRCLE('',#4323,5.08E-1);
#4329=CIRCLE('',#4328,5.08E-1);
#4334=CIRCLE('',#4333,5.08E-1);
#4339=CIRCLE('',#4338,5.08E-1);
#4344=CIRCLE('',#4343,5.08E-1);
#4349=CIRCLE('',#4348,5.08E-1);
#4354=CIRCLE('',#4353,5.08E-1);
#4359=CIRCLE('',#4358,5.08E-1);
#4364=CIRCLE('',#4363,5.08E-1);
#4369=CIRCLE('',#4368,5.08E-1);
#4798=CIRCLE('',#4797,2.83845E0);
#4803=CIRCLE('',#4802,2.83845E0);
#4808=CIRCLE('',#4807,2.83845E0);
#4813=CIRCLE('',#4812,2.83845E0);
#4818=CIRCLE('',#4817,1.5494E0);
#4823=CIRCLE('',#4822,1.5494E0);
#4828=CIRCLE('',#4827,1.5494E0);
#4833=CIRCLE('',#4832,1.5494E0);
#4910=CIRCLE('',#4909,1.524E-1);
#4919=CIRCLE('',#4918,5.08E-1);
#4936=CIRCLE('',#4935,1.8796E-1);
#4945=CIRCLE('',#4944,4.7244E-1);
#4958=CIRCLE('',#4957,4.7244E-1);
#4967=CIRCLE('',#4966,1.8796E-1);
#4984=CIRCLE('',#4983,5.08E-1);
#4993=CIRCLE('',#4992,1.524E-1);
#5006=CIRCLE('',#5005,4.7244E-1);
#5015=CIRCLE('',#5014,1.8796E-1);
#5032=CIRCLE('',#5031,5.08E-1);
#5041=CIRCLE('',#5040,1.524E-1);
#5054=CIRCLE('',#5053,1.524E-1);
#5063=CIRCLE('',#5062,5.08E-1);
#5080=CIRCLE('',#5079,1.8796E-1);
#5089=CIRCLE('',#5088,4.7244E-1);
#5218=CIRCLE('',#5217,4.7244E-1);
#5227=CIRCLE('',#5226,1.8796E-1);
#5244=CIRCLE('',#5243,5.08E-1);
#5253=CIRCLE('',#5252,1.524E-1);
#5262=CIRCLE('',#5261,1.524E-1);
#5271=CIRCLE('',#5270,5.08E-1);
#5288=CIRCLE('',#5287,1.8796E-1);
#5297=CIRCLE('',#5296,4.7244E-1);
#5350=CIRCLE('',#5349,1.524E-1);
#5359=CIRCLE('',#5358,5.08E-1);
#5376=CIRCLE('',#5375,1.8796E-1);
#5385=CIRCLE('',#5384,4.7244E-1);
#5402=CIRCLE('',#5401,4.7244E-1);
#5411=CIRCLE('',#5410,1.8796E-1);
#5428=CIRCLE('',#5427,5.08E-1);
#5437=CIRCLE('',#5436,1.524E-1);
#5486=CIRCLE('',#5485,1.524E-1);
#5495=CIRCLE('',#5494,5.08E-1);
#5512=CIRCLE('',#5511,1.8796E-1);
#5521=CIRCLE('',#5520,4.7244E-1);
#5534=CIRCLE('',#5533,4.7244E-1);
#5543=CIRCLE('',#5542,1.8796E-1);
#5560=CIRCLE('',#5559,5.08E-1);
#5569=CIRCLE('',#5568,1.524E-1);
#5582=CIRCLE('',#5581,4.7244E-1);
#5591=CIRCLE('',#5590,1.8796E-1);
#5608=CIRCLE('',#5607,5.08E-1);
#5617=CIRCLE('',#5616,1.524E-1);
#5630=CIRCLE('',#5629,1.524E-1);
#5639=CIRCLE('',#5638,5.08E-1);
#5656=CIRCLE('',#5655,1.8796E-1);
#5665=CIRCLE('',#5664,4.7244E-1);
#7459=EDGE_CURVE('',#6359,#6361,#145,.T.);
#7461=EDGE_CURVE('',#6359,#6379,#75,.T.);
#7463=EDGE_CURVE('',#6379,#6381,#4979,.T.);
#7465=EDGE_CURVE('',#6361,#6381,#5165,.T.);
#7475=EDGE_CURVE('',#6169,#6130,#79,.T.);
#7477=EDGE_CURVE('',#6130,#6131,#84,.T.);
#7479=EDGE_CURVE('',#6131,#6133,#88,.T.);
#7481=EDGE_CURVE('',#6133,#6135,#93,.T.);
#7483=EDGE_CURVE('',#6135,#6137,#97,.T.);
#7485=EDGE_CURVE('',#6137,#6139,#101,.T.);
#7487=EDGE_CURVE('',#6139,#6141,#105,.T.);
#7489=EDGE_CURVE('',#6141,#6143,#110,.T.);
#7491=EDGE_CURVE('',#6143,#6145,#114,.T.);
#7493=EDGE_CURVE('',#6145,#6147,#119,.T.);
#7495=EDGE_CURVE('',#6147,#6171,#123,.T.);
#7497=EDGE_CURVE('',#6169,#6171,#443,.T.);
#7507=EDGE_CURVE('',#6393,#6354,#127,.T.);
#7509=EDGE_CURVE('',#6354,#6355,#132,.T.);
#7511=EDGE_CURVE('',#6355,#6357,#136,.T.);
#7513=EDGE_CURVE('',#6357,#6359,#141,.T.);
#7516=EDGE_CURVE('',#6361,#6363,#149,.T.);
#7518=EDGE_CURVE('',#6363,#6365,#153,.T.);
#7520=EDGE_CURVE('',#6365,#6367,#158,.T.);
#7522=EDGE_CURVE('',#6367,#6369,#162,.T.);
#7524=EDGE_CURVE('',#6369,#6371,#167,.T.);
#7526=EDGE_CURVE('',#6371,#6395,#171,.T.);
#7528=EDGE_CURVE('',#6393,#6395,#427,.T.);
#7538=EDGE_CURVE('',#6481,#6402,#175,.T.);
#7540=EDGE_CURVE('',#6402,#6403,#180,.T.);
#7542=EDGE_CURVE('',#6403,#6405,#184,.T.);
#7544=EDGE_CURVE('',#6405,#6407,#189,.T.);
#7546=EDGE_CURVE('',#6407,#6409,#193,.T.);
#7548=EDGE_CURVE('',#6409,#6411,#197,.T.);
#7550=EDGE_CURVE('',#6411,#6413,#201,.T.);
#7552=EDGE_CURVE('',#6413,#6415,#206,.T.);
#7554=EDGE_CURVE('',#6415,#6417,#210,.T.);
#7556=EDGE_CURVE('',#6417,#6419,#215,.T.);
#7558=EDGE_CURVE('',#6419,#6483,#219,.T.);
#7560=EDGE_CURVE('',#6481,#6483,#395,.T.);
#7570=EDGE_CURVE('',#6485,#6422,#223,.T.);
#7572=EDGE_CURVE('',#6422,#6423,#228,.T.);
#7574=EDGE_CURVE('',#6423,#6425,#232,.T.);
#7576=EDGE_CURVE('',#6425,#6427,#237,.T.);
#7578=EDGE_CURVE('',#6427,#6429,#241,.T.);
#7580=EDGE_CURVE('',#6429,#6431,#245,.T.);
#7582=EDGE_CURVE('',#6431,#6433,#249,.T.);
#7584=EDGE_CURVE('',#6433,#6435,#254,.T.);
#7586=EDGE_CURVE('',#6435,#6437,#258,.T.);
#7588=EDGE_CURVE('',#6437,#6439,#263,.T.);
#7590=EDGE_CURVE('',#6439,#6487,#267,.T.);
#7592=EDGE_CURVE('',#6485,#6487,#411,.T.);
#7603=EDGE_CURVE('',#6169,#6173,#455,.T.);
#7605=EDGE_CURVE('',#6173,#6150,#4901,.T.);
#7607=EDGE_CURVE('',#6130,#6150,#5129,.T.);
#7617=EDGE_CURVE('',#6519,#6845,#271,.T.);
#7619=EDGE_CURVE('',#5955,#6519,#275,.T.);
#7621=EDGE_CURVE('',#5954,#5955,#279,.T.);
#7623=EDGE_CURVE('',#5951,#5954,#284,.T.);
#7625=EDGE_CURVE('',#5950,#5951,#288,.T.);
#7627=EDGE_CURVE('',#5947,#5950,#293,.T.);
#7629=EDGE_CURVE('',#5946,#5947,#297,.T.);
#7631=EDGE_CURVE('',#6109,#5946,#301,.T.);
#7633=EDGE_CURVE('',#6847,#6109,#305,.T.);
#7635=EDGE_CURVE('',#6847,#6845,#309,.T.);
#7639=EDGE_CURVE('',#6122,#6123,#356,.T.);
#7641=EDGE_CURVE('',#6123,#6122,#361,.T.);
#7651=EDGE_CURVE('',#6525,#6853,#313,.T.);
#7653=EDGE_CURVE('',#6524,#6525,#317,.T.);
#7655=EDGE_CURVE('',#6537,#6524,#321,.T.);
#7657=EDGE_CURVE('',#6535,#6537,#326,.T.);
#7659=EDGE_CURVE('',#6533,#6535,#330,.T.);
#7661=EDGE_CURVE('',#6531,#6533,#335,.T.);
#7663=EDGE_CURVE('',#6529,#6531,#339,.T.);
#7665=EDGE_CURVE('',#6528,#6529,#343,.T.);
#7667=EDGE_CURVE('',#6855,#6528,#347,.T.);
#7669=EDGE_CURVE('',#6855,#6853,#351,.T.);
#7673=EDGE_CURVE('',#6126,#6127,#366,.T.);
#7675=EDGE_CURVE('',#6127,#6126,#371,.T.);
#7685=EDGE_CURVE('',#6896,#6897,#376,.T.);
#7687=EDGE_CURVE('',#6897,#6896,#381,.T.);
#7692=EDGE_CURVE('',#6395,#6399,#431,.T.);
#7694=EDGE_CURVE('',#6397,#6399,#435,.T.);
#7696=EDGE_CURVE('',#6393,#6397,#439,.T.);
#7701=EDGE_CURVE('',#6171,#6175,#447,.T.);
#7703=EDGE_CURVE('',#6173,#6175,#451,.T.);
#7708=EDGE_CURVE('',#6265,#6267,#459,.T.);
#7710=EDGE_CURVE('',#6267,#6271,#463,.T.);
#7712=EDGE_CURVE('',#6269,#6271,#467,.T.);
#7714=EDGE_CURVE('',#6265,#6269,#471,.T.);
#7718=EDGE_CURVE('',#6221,#6197,#475,.T.);
#7720=EDGE_CURVE('',#6197,#6219,#479,.T.);
#7722=EDGE_CURVE('',#6223,#6219,#483,.T.);
#7724=EDGE_CURVE('',#6221,#6223,#487,.T.);
#7734=EDGE_CURVE('',#6900,#6901,#386,.T.);
#7736=EDGE_CURVE('',#6901,#6900,#391,.T.);
#7741=EDGE_CURVE('',#6483,#6491,#399,.T.);
#7743=EDGE_CURVE('',#6489,#6491,#403,.T.);
#7745=EDGE_CURVE('',#6481,#6489,#407,.T.);
#7750=EDGE_CURVE('',#6487,#6495,#415,.T.);
#7752=EDGE_CURVE('',#6493,#6495,#419,.T.);
#7754=EDGE_CURVE('',#6485,#6493,#423,.T.);
#7758=EDGE_CURVE('',#6904,#6905,#491,.T.);
#7760=EDGE_CURVE('',#6905,#6913,#495,.T.);
#7762=EDGE_CURVE('',#6912,#6913,#499,.T.);
#7764=EDGE_CURVE('',#6904,#6912,#503,.T.);
#7768=EDGE_CURVE('',#6908,#6909,#507,.T.);
#7770=EDGE_CURVE('',#6909,#6917,#511,.T.);
#7772=EDGE_CURVE('',#6916,#6917,#515,.T.);
#7774=EDGE_CURVE('',#6908,#6916,#519,.T.);
#7785=EDGE_CURVE('',#6849,#6845,#527,.T.);
#7787=EDGE_CURVE('',#6521,#6849,#539,.T.);
#7789=EDGE_CURVE('',#6521,#6519,#523,.T.);
#7801=EDGE_CURVE('',#6847,#6851,#531,.T.);
#7803=EDGE_CURVE('',#6851,#6849,#543,.T.);
#7814=EDGE_CURVE('',#6111,#6109,#535,.T.);
#7816=EDGE_CURVE('',#6851,#6111,#547,.T.);
#7827=EDGE_CURVE('',#6111,#5958,#551,.T.);
#7831=EDGE_CURVE('',#5958,#5946,#655,.T.);
#7841=EDGE_CURVE('',#5896,#6517,#623,.T.);
#7843=EDGE_CURVE('',#6865,#6517,#2453,.T.);
#7845=EDGE_CURVE('',#6863,#6865,#1287,.T.);
#7847=EDGE_CURVE('',#6511,#6863,#1447,.T.);
#7849=EDGE_CURVE('',#6510,#6511,#627,.T.);
#7851=EDGE_CURVE('',#5783,#6510,#631,.T.);
#7853=EDGE_CURVE('',#5782,#5783,#1419,.T.);
#7855=EDGE_CURVE('',#5782,#5896,#2413,.T.);
#7859=EDGE_CURVE('',#6541,#6857,#581,.T.);
#7861=EDGE_CURVE('',#6859,#6857,#585,.T.);
#7863=EDGE_CURVE('',#6859,#6544,#589,.T.);
#7865=EDGE_CURVE('',#6544,#6545,#593,.T.);
#7867=EDGE_CURVE('',#6545,#6547,#597,.T.);
#7869=EDGE_CURVE('',#6547,#6549,#602,.T.);
#7871=EDGE_CURVE('',#6549,#6551,#606,.T.);
#7873=EDGE_CURVE('',#6551,#6553,#611,.T.);
#7875=EDGE_CURVE('',#6553,#6540,#615,.T.);
#7877=EDGE_CURVE('',#6540,#6541,#619,.T.);
#7887=EDGE_CURVE('',#5772,#5905,#635,.T.);
#7889=EDGE_CURVE('',#6103,#5905,#1323,.T.);
#7891=EDGE_CURVE('',#6103,#6107,#639,.T.);
#7893=EDGE_CURVE('',#6107,#5900,#643,.T.);
#7895=EDGE_CURVE('',#5787,#5900,#2241,.T.);
#7897=EDGE_CURVE('',#5786,#5787,#1431,.T.);
#7899=EDGE_CURVE('',#5773,#5786,#647,.T.);
#7901=EDGE_CURVE('',#5772,#5773,#651,.T.);
#7909=EDGE_CURVE('',#5958,#5959,#555,.T.);
#7911=EDGE_CURVE('',#5959,#5962,#560,.T.);
#7913=EDGE_CURVE('',#5962,#5963,#564,.T.);
#7915=EDGE_CURVE('',#5963,#5967,#569,.T.);
#7917=EDGE_CURVE('',#5966,#5967,#573,.T.);
#7919=EDGE_CURVE('',#5966,#6521,#577,.T.);
#7932=EDGE_CURVE('',#5959,#5947,#659,.T.);
#7945=EDGE_CURVE('',#5962,#5950,#663,.T.);
#7958=EDGE_CURVE('',#5963,#5951,#667,.T.);
#7971=EDGE_CURVE('',#5967,#5954,#671,.T.);
#7984=EDGE_CURVE('',#5966,#5955,#675,.T.);
#8007=EDGE_CURVE('',#6853,#6857,#679,.T.);
#8010=EDGE_CURVE('',#6541,#6525,#683,.T.);
#8021=EDGE_CURVE('',#6855,#6859,#687,.T.);
#8034=EDGE_CURVE('',#6544,#6528,#691,.T.);
#8049=EDGE_CURVE('',#6545,#6529,#695,.T.);
#8062=EDGE_CURVE('',#6547,#6531,#699,.T.);
#8075=EDGE_CURVE('',#6549,#6533,#703,.T.);
#8088=EDGE_CURVE('',#6551,#6535,#707,.T.);
#8101=EDGE_CURVE('',#6553,#6537,#711,.T.);
#8114=EDGE_CURVE('',#6540,#6524,#715,.T.);
#8136=EDGE_CURVE('',#5880,#5881,#720,.T.);
#8138=EDGE_CURVE('',#5893,#5880,#724,.T.);
#8140=EDGE_CURVE('',#5891,#5893,#729,.T.);
#8142=EDGE_CURVE('',#5889,#5891,#733,.T.);
#8144=EDGE_CURVE('',#5887,#5889,#738,.T.);
#8146=EDGE_CURVE('',#5885,#5887,#742,.T.);
#8148=EDGE_CURVE('',#5883,#5885,#747,.T.);
#8150=EDGE_CURVE('',#5881,#5883,#751,.T.);
#8154=EDGE_CURVE('',#5974,#5975,#774,.T.);
#8156=EDGE_CURVE('',#5975,#5974,#779,.T.);
#8160=EDGE_CURVE('',#6944,#6945,#784,.T.);
#8162=EDGE_CURVE('',#6945,#6944,#789,.T.);
#8166=EDGE_CURVE('',#6948,#6949,#794,.T.);
#8168=EDGE_CURVE('',#6949,#6948,#799,.T.);
#8172=EDGE_CURVE('',#6952,#6953,#804,.T.);
#8174=EDGE_CURVE('',#6953,#6952,#809,.T.);
#8178=EDGE_CURVE('',#6956,#6957,#814,.T.);
#8180=EDGE_CURVE('',#6957,#6956,#819,.T.);
#8184=EDGE_CURVE('',#6988,#6989,#824,.T.);
#8186=EDGE_CURVE('',#6989,#6988,#829,.T.);
#8190=EDGE_CURVE('',#6992,#6993,#834,.T.);
#8192=EDGE_CURVE('',#6993,#6992,#839,.T.);
#8196=EDGE_CURVE('',#6996,#6997,#844,.T.);
#8198=EDGE_CURVE('',#6997,#6996,#849,.T.);
#8202=EDGE_CURVE('',#7000,#7001,#854,.T.);
#8204=EDGE_CURVE('',#7001,#7000,#859,.T.);
#8208=EDGE_CURVE('',#7004,#7005,#864,.T.);
#8210=EDGE_CURVE('',#7005,#7004,#869,.T.);
#8214=EDGE_CURVE('',#7008,#7009,#874,.T.);
#8216=EDGE_CURVE('',#7009,#7008,#879,.T.);
#8220=EDGE_CURVE('',#7012,#7013,#884,.T.);
#8222=EDGE_CURVE('',#7013,#7012,#889,.T.);
#8226=EDGE_CURVE('',#7064,#7065,#894,.T.);
#8228=EDGE_CURVE('',#7065,#7064,#899,.T.);
#8232=EDGE_CURVE('',#7068,#7069,#904,.T.);
#8234=EDGE_CURVE('',#7069,#7068,#909,.T.);
#8238=EDGE_CURVE('',#7072,#7073,#914,.T.);
#8240=EDGE_CURVE('',#7073,#7072,#919,.T.);
#8244=EDGE_CURVE('',#7076,#7077,#924,.T.);
#8246=EDGE_CURVE('',#7077,#7076,#929,.T.);
#8250=EDGE_CURVE('',#7080,#7081,#934,.T.);
#8252=EDGE_CURVE('',#7081,#7080,#939,.T.);
#8256=EDGE_CURVE('',#7084,#7085,#944,.T.);
#8258=EDGE_CURVE('',#7085,#7084,#949,.T.);
#8262=EDGE_CURVE('',#7088,#7089,#954,.T.);
#8264=EDGE_CURVE('',#7089,#7088,#959,.T.);
#8268=EDGE_CURVE('',#7092,#7093,#964,.T.);
#8270=EDGE_CURVE('',#7093,#7092,#969,.T.);
#8274=EDGE_CURVE('',#7096,#7097,#974,.T.);
#8276=EDGE_CURVE('',#7097,#7096,#979,.T.);
#8280=EDGE_CURVE('',#7100,#7101,#984,.T.);
#8282=EDGE_CURVE('',#7101,#7100,#989,.T.);
#8286=EDGE_CURVE('',#7104,#7105,#994,.T.);
#8288=EDGE_CURVE('',#7105,#7104,#999,.T.);
#8292=EDGE_CURVE('',#7108,#7109,#1004,.T.);
#8294=EDGE_CURVE('',#7109,#7108,#1009,.T.);
#8298=EDGE_CURVE('',#7116,#7117,#1014,.T.);
#8300=EDGE_CURVE('',#7117,#7116,#1019,.T.);
#8304=EDGE_CURVE('',#6780,#6781,#1023,.T.);
#8306=EDGE_CURVE('',#6781,#6783,#1027,.T.);
#8308=EDGE_CURVE('',#6783,#6785,#1031,.T.);
#8310=EDGE_CURVE('',#6785,#6787,#1035,.T.);
#8312=EDGE_CURVE('',#6787,#6789,#1039,.T.);
#8314=EDGE_CURVE('',#6789,#6791,#1043,.T.);
#8316=EDGE_CURVE('',#6791,#6780,#1047,.T.);
#8320=EDGE_CURVE('',#6794,#6795,#1051,.T.);
#8322=EDGE_CURVE('',#6795,#6797,#1055,.T.);
#8324=EDGE_CURVE('',#6797,#6799,#1059,.T.);
#8326=EDGE_CURVE('',#6799,#6801,#1063,.T.);
#8328=EDGE_CURVE('',#6801,#6803,#1067,.T.);
#8330=EDGE_CURVE('',#6803,#6805,#1071,.T.);
#8332=EDGE_CURVE('',#6805,#6794,#1075,.T.);
#8336=EDGE_CURVE('',#6808,#6809,#1079,.T.);
#8338=EDGE_CURVE('',#6809,#6811,#1083,.T.);
#8340=EDGE_CURVE('',#6811,#6813,#1087,.T.);
#8342=EDGE_CURVE('',#6813,#6815,#1091,.T.);
#8344=EDGE_CURVE('',#6815,#6817,#1095,.T.);
#8346=EDGE_CURVE('',#6817,#6819,#1099,.T.);
#8348=EDGE_CURVE('',#6819,#6821,#1103,.T.);
#8350=EDGE_CURVE('',#6821,#6823,#1107,.T.);
#8352=EDGE_CURVE('',#6823,#6825,#1111,.T.);
#8354=EDGE_CURVE('',#6825,#6827,#1115,.T.);
#8356=EDGE_CURVE('',#6827,#6808,#1119,.T.);
#8366=EDGE_CURVE('',#6869,#5897,#756,.T.);
#8368=EDGE_CURVE('',#6517,#6869,#760,.T.);
#8371=EDGE_CURVE('',#5896,#5897,#2409,.T.);
#8382=EDGE_CURVE('',#6106,#6107,#764,.T.);
#8384=EDGE_CURVE('',#5901,#6106,#769,.T.);
#8386=EDGE_CURVE('',#5900,#5901,#2205,.T.);
#8396=EDGE_CURVE('',#6830,#6831,#1123,.T.);
#8398=EDGE_CURVE('',#6831,#6833,#1127,.T.);
#8400=EDGE_CURVE('',#6833,#6830,#1131,.T.);
#8410=EDGE_CURVE('',#5880,#5864,#1139,.T.);
#8413=EDGE_CURVE('',#5877,#5881,#1163,.T.);
#8415=EDGE_CURVE('',#5877,#5864,#1172,.T.);
#8425=EDGE_CURVE('',#5865,#5893,#1135,.T.);
#8429=EDGE_CURVE('',#5864,#5865,#1167,.T.);
#8439=EDGE_CURVE('',#5867,#5891,#1143,.T.);
#8443=EDGE_CURVE('',#5865,#5867,#1199,.T.);
#8453=EDGE_CURVE('',#5869,#5889,#1147,.T.);
#8457=EDGE_CURVE('',#5867,#5869,#1194,.T.);
#8467=EDGE_CURVE('',#5871,#5887,#1151,.T.);
#8471=EDGE_CURVE('',#5869,#5871,#1190,.T.);
#8481=EDGE_CURVE('',#5873,#5885,#1155,.T.);
#8485=EDGE_CURVE('',#5871,#5873,#1185,.T.);
#8495=EDGE_CURVE('',#5875,#5883,#1159,.T.);
#8499=EDGE_CURVE('',#5873,#5875,#1181,.T.);
#8512=EDGE_CURVE('',#5875,#5877,#1176,.T.);
#8522=EDGE_CURVE('',#5832,#5833,#1204,.T.);
#8524=EDGE_CURVE('',#5845,#5832,#1208,.T.);
#8526=EDGE_CURVE('',#5843,#5845,#1213,.T.);
#8528=EDGE_CURVE('',#5841,#5843,#1217,.T.);
#8530=EDGE_CURVE('',#5839,#5841,#1222,.T.);
#8532=EDGE_CURVE('',#5837,#5839,#1226,.T.);
#8534=EDGE_CURVE('',#5835,#5837,#1231,.T.);
#8536=EDGE_CURVE('',#5833,#5835,#1235,.T.);
#8556=EDGE_CURVE('',#5848,#5849,#1244,.T.);
#8558=EDGE_CURVE('',#5848,#5832,#1239,.T.);
#8561=EDGE_CURVE('',#5849,#5833,#1347,.T.);
#8571=EDGE_CURVE('',#5904,#5905,#1279,.T.);
#8573=EDGE_CURVE('',#5907,#5904,#1407,.T.);
#8575=EDGE_CURVE('',#5907,#6863,#1283,.T.);
#8578=EDGE_CURVE('',#6865,#6867,#1291,.T.);
#8580=EDGE_CURVE('',#6861,#6867,#1296,.T.);
#8582=EDGE_CURVE('',#6843,#6861,#2441,.T.);
#8584=EDGE_CURVE('',#6842,#6843,#1301,.T.);
#8586=EDGE_CURVE('',#6842,#6839,#1305,.T.);
#8588=EDGE_CURVE('',#6838,#6839,#1310,.T.);
#8590=EDGE_CURVE('',#6838,#6835,#2213,.T.);
#8592=EDGE_CURVE('',#6102,#6835,#1315,.T.);
#8594=EDGE_CURVE('',#6102,#6103,#1319,.T.);
#8600=EDGE_CURVE('',#5849,#5851,#1248,.T.);
#8602=EDGE_CURVE('',#5851,#5853,#1253,.T.);
#8604=EDGE_CURVE('',#5853,#5855,#1257,.T.);
#8606=EDGE_CURVE('',#5855,#5857,#1262,.T.);
#8608=EDGE_CURVE('',#5857,#5859,#1266,.T.);
#8610=EDGE_CURVE('',#5859,#5861,#1271,.T.);
#8612=EDGE_CURVE('',#5861,#5848,#1275,.T.);
#8616=EDGE_CURVE('',#6920,#6921,#1328,.T.);
#8618=EDGE_CURVE('',#6921,#6920,#1333,.T.);
#8622=EDGE_CURVE('',#6924,#6925,#1338,.T.);
#8624=EDGE_CURVE('',#6925,#6924,#1343,.T.);
#8637=EDGE_CURVE('',#5851,#5835,#1351,.T.);
#8650=EDGE_CURVE('',#5853,#5837,#1355,.T.);
#8663=EDGE_CURVE('',#5855,#5839,#1359,.T.);
#8676=EDGE_CURVE('',#5857,#5841,#1363,.T.);
#8689=EDGE_CURVE('',#5859,#5843,#1367,.T.);
#8702=EDGE_CURVE('',#5861,#5845,#1371,.T.);
#8724=EDGE_CURVE('',#5776,#5904,#1375,.T.);
#8728=EDGE_CURVE('',#5776,#5772,#1411,.T.);
#8739=EDGE_CURVE('',#5776,#5777,#1379,.T.);
#8741=EDGE_CURVE('',#5779,#5777,#1383,.T.);
#8743=EDGE_CURVE('',#5764,#5779,#1435,.T.);
#8745=EDGE_CURVE('',#5764,#5765,#1387,.T.);
#8747=EDGE_CURVE('',#5765,#5767,#1391,.T.);
#8749=EDGE_CURVE('',#5769,#5767,#1395,.T.);
#8751=EDGE_CURVE('',#5789,#5769,#1427,.T.);
#8753=EDGE_CURVE('',#5789,#6513,#1399,.T.);
#8755=EDGE_CURVE('',#6513,#6515,#1403,.T.);
#8757=EDGE_CURVE('',#5907,#6515,#1451,.T.);
#8771=EDGE_CURVE('',#5777,#5773,#1415,.T.);
#8784=EDGE_CURVE('',#5779,#5786,#1439,.T.);
#8795=EDGE_CURVE('',#5789,#5783,#1423,.T.);
#8798=EDGE_CURVE('',#6498,#5769,#1463,.T.);
#8800=EDGE_CURVE('',#5752,#6498,#1753,.T.);
#8802=EDGE_CURVE('',#5782,#5752,#2417,.T.);
#8813=EDGE_CURVE('',#5787,#5756,#2237,.T.);
#8815=EDGE_CURVE('',#6502,#5756,#1761,.T.);
#8817=EDGE_CURVE('',#5764,#6502,#2721,.T.);
#8832=EDGE_CURVE('',#6513,#6510,#1443,.T.);
#8845=EDGE_CURVE('',#6515,#6511,#1455,.T.);
#8867=EDGE_CURVE('',#5761,#6506,#1475,.T.);
#8869=EDGE_CURVE('',#6506,#6499,#1459,.T.);
#8871=EDGE_CURVE('',#6498,#6499,#1741,.T.);
#8875=EDGE_CURVE('',#5767,#5761,#1467,.T.);
#8885=EDGE_CURVE('',#6506,#6507,#1471,.T.);
#8888=EDGE_CURVE('',#5760,#5761,#1479,.T.);
#8890=EDGE_CURVE('',#6507,#5760,#1483,.T.);
#8894=EDGE_CURVE('',#5982,#5983,#1488,.T.);
#8896=EDGE_CURVE('',#5983,#5982,#1493,.T.);
#8900=EDGE_CURVE('',#7124,#7125,#1498,.T.);
#8902=EDGE_CURVE('',#7125,#7124,#1503,.T.);
#8906=EDGE_CURVE('',#7132,#7133,#1508,.T.);
#8908=EDGE_CURVE('',#7133,#7132,#1513,.T.);
#8912=EDGE_CURVE('',#7140,#7141,#1518,.T.);
#8914=EDGE_CURVE('',#7141,#7140,#1523,.T.);
#8918=EDGE_CURVE('',#7148,#7149,#1528,.T.);
#8920=EDGE_CURVE('',#7149,#7148,#1533,.T.);
#8924=EDGE_CURVE('',#7156,#7157,#1538,.T.);
#8926=EDGE_CURVE('',#7157,#7156,#1543,.T.);
#8930=EDGE_CURVE('',#7164,#7165,#1548,.T.);
#8932=EDGE_CURVE('',#7165,#7164,#1553,.T.);
#8936=EDGE_CURVE('',#7172,#7173,#1558,.T.);
#8938=EDGE_CURVE('',#7173,#7172,#1563,.T.);
#8942=EDGE_CURVE('',#7180,#7181,#1568,.T.);
#8944=EDGE_CURVE('',#7181,#7180,#1573,.T.);
#8948=EDGE_CURVE('',#7188,#7189,#1578,.T.);
#8950=EDGE_CURVE('',#7189,#7188,#1583,.T.);
#8954=EDGE_CURVE('',#7196,#7197,#1588,.T.);
#8956=EDGE_CURVE('',#7197,#7196,#1593,.T.);
#8960=EDGE_CURVE('',#7204,#7205,#1598,.T.);
#8962=EDGE_CURVE('',#7205,#7204,#1603,.T.);
#8966=EDGE_CURVE('',#7212,#7213,#1608,.T.);
#8968=EDGE_CURVE('',#7213,#7212,#1613,.T.);
#8972=EDGE_CURVE('',#6720,#6721,#1618,.T.);
#8974=EDGE_CURVE('',#6721,#6720,#1623,.T.);
#8978=EDGE_CURVE('',#7220,#7221,#1628,.T.);
#8980=EDGE_CURVE('',#7221,#7220,#1633,.T.);
#8984=EDGE_CURVE('',#7228,#7229,#1638,.T.);
#8986=EDGE_CURVE('',#7229,#7228,#1643,.T.);
#8990=EDGE_CURVE('',#7236,#7237,#1648,.T.);
#8992=EDGE_CURVE('',#7237,#7236,#1653,.T.);
#8996=EDGE_CURVE('',#7244,#7245,#1658,.T.);
#8998=EDGE_CURVE('',#7245,#7244,#1663,.T.);
#9002=EDGE_CURVE('',#7252,#7253,#1668,.T.);
#9004=EDGE_CURVE('',#7253,#7252,#1673,.T.);
#9008=EDGE_CURVE('',#7260,#7261,#1678,.T.);
#9010=EDGE_CURVE('',#7261,#7260,#1683,.T.);
#9014=EDGE_CURVE('',#7268,#7269,#1688,.T.);
#9016=EDGE_CURVE('',#7269,#7268,#1693,.T.);
#9020=EDGE_CURVE('',#7276,#7277,#1698,.T.);
#9022=EDGE_CURVE('',#7277,#7276,#1703,.T.);
#9026=EDGE_CURVE('',#7284,#7285,#1708,.T.);
#9028=EDGE_CURVE('',#7285,#7284,#1713,.T.);
#9032=EDGE_CURVE('',#7292,#7293,#1718,.T.);
#9034=EDGE_CURVE('',#7293,#7292,#1723,.T.);
#9038=EDGE_CURVE('',#7300,#7301,#1728,.T.);
#9040=EDGE_CURVE('',#7301,#7300,#1733,.T.);
#9050=EDGE_CURVE('',#5991,#6499,#1745,.T.);
#9054=EDGE_CURVE('',#6507,#6503,#1737,.T.);
#9056=EDGE_CURVE('',#6503,#5995,#1769,.T.);
#9058=EDGE_CURVE('',#5995,#5987,#2201,.T.);
#9060=EDGE_CURVE('',#5986,#5987,#2157,.T.);
#9062=EDGE_CURVE('',#5991,#5986,#1997,.T.);
#9074=EDGE_CURVE('',#5990,#5991,#1749,.T.);
#9076=EDGE_CURVE('',#5753,#5990,#2013,.T.);
#9078=EDGE_CURVE('',#5752,#5753,#2421,.T.);
#9083=EDGE_CURVE('',#7360,#7361,#1774,.T.);
#9085=EDGE_CURVE('',#7361,#7360,#1779,.T.);
#9095=EDGE_CURVE('',#6502,#6503,#1757,.T.);
#9098=EDGE_CURVE('',#5756,#5757,#2233,.T.);
#9100=EDGE_CURVE('',#5994,#5757,#2021,.T.);
#9102=EDGE_CURVE('',#5994,#5995,#1765,.T.);
#9107=EDGE_CURVE('',#7372,#7373,#1784,.T.);
#9109=EDGE_CURVE('',#7373,#7372,#1789,.T.);
#9119=EDGE_CURVE('',#6620,#6621,#1794,.T.);
#9121=EDGE_CURVE('',#6621,#6648,#1799,.T.);
#9123=EDGE_CURVE('',#6648,#6649,#1804,.T.);
#9125=EDGE_CURVE('',#6649,#6620,#1808,.T.);
#9135=EDGE_CURVE('',#6624,#6625,#1813,.T.);
#9137=EDGE_CURVE('',#6625,#6627,#1817,.T.);
#9139=EDGE_CURVE('',#6627,#6629,#1822,.T.);
#9141=EDGE_CURVE('',#6624,#6629,#3417,.T.);
#9151=EDGE_CURVE('',#6632,#6633,#1827,.T.);
#9153=EDGE_CURVE('',#6633,#6635,#1831,.T.);
#9155=EDGE_CURVE('',#6635,#6637,#1836,.T.);
#9157=EDGE_CURVE('',#6637,#6632,#1841,.T.);
#9167=EDGE_CURVE('',#6640,#6641,#1846,.T.);
#9169=EDGE_CURVE('',#6641,#6643,#1850,.T.);
#9171=EDGE_CURVE('',#6643,#6645,#1855,.T.);
#9173=EDGE_CURVE('',#6640,#6645,#3426,.T.);
#9183=EDGE_CURVE('',#6652,#6653,#1859,.T.);
#9185=EDGE_CURVE('',#6655,#6653,#1864,.T.);
#9187=EDGE_CURVE('',#6655,#6657,#1868,.T.);
#9189=EDGE_CURVE('',#6659,#6657,#1873,.T.);
#9191=EDGE_CURVE('',#6659,#6661,#1877,.T.);
#9193=EDGE_CURVE('',#6663,#6661,#1882,.T.);
#9195=EDGE_CURVE('',#6663,#6665,#1886,.T.);
#9197=EDGE_CURVE('',#6652,#6665,#1891,.T.);
#9207=EDGE_CURVE('',#6668,#6669,#1895,.T.);
#9209=EDGE_CURVE('',#6669,#6671,#1900,.T.);
#9211=EDGE_CURVE('',#6671,#6697,#1905,.T.);
#9213=EDGE_CURVE('',#6697,#6668,#1910,.T.);
#9223=EDGE_CURVE('',#6674,#6675,#1915,.T.);
#9225=EDGE_CURVE('',#6675,#6677,#1919,.T.);
#9227=EDGE_CURVE('',#6677,#6679,#1924,.T.);
#9229=EDGE_CURVE('',#6674,#6679,#3175,.T.);
#9239=EDGE_CURVE('',#6682,#6683,#1929,.T.);
#9241=EDGE_CURVE('',#6683,#6685,#1933,.T.);
#9243=EDGE_CURVE('',#6685,#6687,#1938,.T.);
#9245=EDGE_CURVE('',#6687,#6682,#1943,.T.);
#9255=EDGE_CURVE('',#6690,#6691,#1948,.T.);
#9257=EDGE_CURVE('',#6691,#6693,#1952,.T.);
#9259=EDGE_CURVE('',#6693,#6695,#1957,.T.);
#9261=EDGE_CURVE('',#6690,#6695,#3200,.T.);
#9271=EDGE_CURVE('',#6700,#6701,#1962,.T.);
#9273=EDGE_CURVE('',#6700,#6703,#1966,.T.);
#9275=EDGE_CURVE('',#6705,#6703,#1971,.T.);
#9277=EDGE_CURVE('',#6705,#6707,#1975,.T.);
#9279=EDGE_CURVE('',#6709,#6707,#1980,.T.);
#9281=EDGE_CURVE('',#6709,#6711,#1984,.T.);
#9283=EDGE_CURVE('',#6713,#6711,#1989,.T.);
#9285=EDGE_CURVE('',#6713,#6701,#1993,.T.);
#9295=EDGE_CURVE('',#5990,#5997,#2005,.T.);
#9299=EDGE_CURVE('',#5986,#5997,#2001,.T.);
#9310=EDGE_CURVE('',#6001,#5997,#2009,.T.);
#9312=EDGE_CURVE('',#5753,#6001,#2425,.T.);
#9317=EDGE_CURVE('',#6054,#6055,#2030,.T.);
#9319=EDGE_CURVE('',#6055,#6057,#2034,.T.);
#9321=EDGE_CURVE('',#6057,#6059,#2039,.T.);
#9323=EDGE_CURVE('',#6059,#6061,#2043,.T.);
#9325=EDGE_CURVE('',#6061,#6063,#2048,.T.);
#9327=EDGE_CURVE('',#6063,#6065,#2052,.T.);
#9329=EDGE_CURVE('',#6065,#6067,#2057,.T.);
#9331=EDGE_CURVE('',#6067,#6069,#2061,.T.);
#9333=EDGE_CURVE('',#6069,#6071,#2066,.T.);
#9335=EDGE_CURVE('',#6071,#6073,#2070,.T.);
#9337=EDGE_CURVE('',#6073,#6075,#2075,.T.);
#9339=EDGE_CURVE('',#6075,#6054,#2079,.T.);
#9349=EDGE_CURVE('',#5994,#5999,#2017,.T.);
#9352=EDGE_CURVE('',#5757,#6003,#2229,.T.);
#9354=EDGE_CURVE('',#5999,#6003,#2025,.T.);
#9358=EDGE_CURVE('',#6078,#6079,#2083,.T.);
#9360=EDGE_CURVE('',#6079,#6081,#2088,.T.);
#9362=EDGE_CURVE('',#6081,#6083,#2092,.T.);
#9364=EDGE_CURVE('',#6083,#6085,#2097,.T.);
#9366=EDGE_CURVE('',#6085,#6087,#2101,.T.);
#9368=EDGE_CURVE('',#6087,#6089,#2106,.T.);
#9370=EDGE_CURVE('',#6089,#6091,#2110,.T.);
#9372=EDGE_CURVE('',#6091,#6093,#2115,.T.);
#9374=EDGE_CURVE('',#6093,#6095,#2119,.T.);
#9376=EDGE_CURVE('',#6095,#6097,#2124,.T.);
#9378=EDGE_CURVE('',#6097,#6099,#2128,.T.);
#9380=EDGE_CURVE('',#6099,#6078,#2133,.T.);
#9390=EDGE_CURVE('',#6880,#6881,#2138,.T.);
#9392=EDGE_CURVE('',#6881,#6880,#2143,.T.);
#9402=EDGE_CURVE('',#6884,#6885,#2148,.T.);
#9404=EDGE_CURVE('',#6885,#6884,#2153,.T.);
#9417=EDGE_CURVE('',#5987,#5999,#2197,.T.);
#9420=EDGE_CURVE('',#6003,#5813,#2225,.T.);
#9422=EDGE_CURVE('',#5805,#5813,#2161,.T.);
#9424=EDGE_CURVE('',#5803,#5805,#2165,.T.);
#9426=EDGE_CURVE('',#5801,#5803,#2169,.T.);
#9428=EDGE_CURVE('',#5799,#5801,#2173,.T.);
#9430=EDGE_CURVE('',#5797,#5799,#2177,.T.);
#9432=EDGE_CURVE('',#5795,#5797,#2181,.T.);
#9434=EDGE_CURVE('',#5793,#5795,#2185,.T.);
#9436=EDGE_CURVE('',#5792,#5793,#2189,.T.);
#9438=EDGE_CURVE('',#5809,#5792,#2193,.T.);
#9440=EDGE_CURVE('',#6001,#5809,#2429,.T.);
#9463=EDGE_CURVE('',#5901,#6835,#2209,.T.);
#9466=EDGE_CURVE('',#5812,#6838,#2217,.T.);
#9468=EDGE_CURVE('',#5812,#5813,#2221,.T.);
#9485=EDGE_CURVE('',#6102,#6106,#2245,.T.);
#9508=EDGE_CURVE('',#5827,#5943,#2250,.T.);
#9510=EDGE_CURVE('',#5829,#5827,#2254,.T.);
#9512=EDGE_CURVE('',#5812,#5829,#2259,.T.);
#9516=EDGE_CURVE('',#5943,#6839,#2295,.T.);
#9526=EDGE_CURVE('',#5934,#5935,#2263,.T.);
#9528=EDGE_CURVE('',#5935,#5937,#2267,.T.);
#9530=EDGE_CURVE('',#5939,#5937,#2271,.T.);
#9532=EDGE_CURVE('',#5821,#5939,#2283,.T.);
#9534=EDGE_CURVE('',#5821,#5801,#2275,.T.);
#9537=EDGE_CURVE('',#5827,#5803,#2473,.T.);
#9540=EDGE_CURVE('',#5934,#5943,#2291,.T.);
#9551=EDGE_CURVE('',#5934,#5919,#2279,.T.);
#9553=EDGE_CURVE('',#5919,#5921,#2363,.T.);
#9555=EDGE_CURVE('',#5935,#5921,#2331,.T.);
#9566=EDGE_CURVE('',#5939,#5918,#2287,.T.);
#9568=EDGE_CURVE('',#5918,#5919,#2351,.T.);
#9574=EDGE_CURVE('',#6842,#5941,#2299,.T.);
#9576=EDGE_CURVE('',#5941,#5931,#2303,.T.);
#9578=EDGE_CURVE('',#5931,#5915,#2307,.T.);
#9580=EDGE_CURVE('',#5915,#5910,#2339,.T.);
#9582=EDGE_CURVE('',#5926,#5910,#2367,.T.);
#9584=EDGE_CURVE('',#5926,#5816,#2311,.T.);
#9586=EDGE_CURVE('',#5816,#5817,#2315,.T.);
#9588=EDGE_CURVE('',#5817,#5819,#2319,.T.);
#9590=EDGE_CURVE('',#5819,#5821,#2323,.T.);
#9601=EDGE_CURVE('',#5937,#5923,#2327,.T.);
#9603=EDGE_CURVE('',#5923,#5918,#2355,.T.);
#9616=EDGE_CURVE('',#5921,#5923,#2359,.T.);
#9627=EDGE_CURVE('',#5910,#5911,#2335,.T.);
#9630=EDGE_CURVE('',#5913,#5915,#2343,.T.);
#9632=EDGE_CURVE('',#5911,#5913,#2347,.T.);
#9654=EDGE_CURVE('',#5926,#5927,#2371,.T.);
#9658=EDGE_CURVE('',#5927,#5911,#2387,.T.);
#9669=EDGE_CURVE('',#5927,#5929,#2375,.T.);
#9671=EDGE_CURVE('',#5931,#5929,#2379,.T.);
#9674=EDGE_CURVE('',#5825,#5941,#2405,.T.);
#9676=EDGE_CURVE('',#5825,#5793,#2383,.T.);
#9679=EDGE_CURVE('',#5816,#5795,#2461,.T.);
#9693=EDGE_CURVE('',#5929,#5913,#2391,.T.);
#9715=EDGE_CURVE('',#5808,#5823,#2396,.T.);
#9717=EDGE_CURVE('',#5825,#5823,#2400,.T.);
#9722=EDGE_CURVE('',#6843,#5808,#2437,.T.);
#9732=EDGE_CURVE('',#5808,#5809,#2433,.T.);
#9735=EDGE_CURVE('',#5823,#5792,#2457,.T.);
#9755=EDGE_CURVE('',#5897,#6861,#2445,.T.);
#9767=EDGE_CURVE('',#6867,#6869,#2449,.T.);
#9805=EDGE_CURVE('',#5817,#5797,#2465,.T.);
#9818=EDGE_CURVE('',#5819,#5799,#2469,.T.);
#9842=EDGE_CURVE('',#5829,#5805,#2477,.T.);
#9866=EDGE_CURVE('',#6054,#6006,#2481,.T.);
#9868=EDGE_CURVE('',#6006,#6007,#2550,.T.);
#9870=EDGE_CURVE('',#6055,#6007,#2525,.T.);
#9881=EDGE_CURVE('',#6075,#6027,#2485,.T.);
#9883=EDGE_CURVE('',#6027,#6006,#2554,.T.);
#9895=EDGE_CURVE('',#6073,#6025,#2489,.T.);
#9897=EDGE_CURVE('',#6025,#6027,#2559,.T.);
#9909=EDGE_CURVE('',#6071,#6023,#2493,.T.);
#9911=EDGE_CURVE('',#6023,#6025,#2563,.T.);
#9923=EDGE_CURVE('',#6069,#6021,#2497,.T.);
#9925=EDGE_CURVE('',#6021,#6023,#2568,.T.);
#9937=EDGE_CURVE('',#6067,#6019,#2501,.T.);
#9939=EDGE_CURVE('',#6019,#6021,#2572,.T.);
#9951=EDGE_CURVE('',#6065,#6017,#2505,.T.);
#9953=EDGE_CURVE('',#6017,#6019,#2577,.T.);
#9965=EDGE_CURVE('',#6063,#6015,#2509,.T.);
#9967=EDGE_CURVE('',#6015,#6017,#2581,.T.);
#9979=EDGE_CURVE('',#6061,#6013,#2513,.T.);
#9981=EDGE_CURVE('',#6013,#6015,#2586,.T.);
#9993=EDGE_CURVE('',#6059,#6011,#2517,.T.);
#9995=EDGE_CURVE('',#6011,#6013,#2590,.T.);
#10007=EDGE_CURVE('',#6057,#6009,#2521,.T.);
#10009=EDGE_CURVE('',#6009,#6011,#2595,.T.);
#10022=EDGE_CURVE('',#6007,#6009,#2599,.T.);
#10047=EDGE_CURVE('',#6872,#6873,#2530,.T.);
#10049=EDGE_CURVE('',#6873,#6872,#2535,.T.);
#10059=EDGE_CURVE('',#6030,#6031,#2603,.T.);
#10061=EDGE_CURVE('',#6051,#6030,#2608,.T.);
#10063=EDGE_CURVE('',#6049,#6051,#2612,.T.);
#10065=EDGE_CURVE('',#6047,#6049,#2617,.T.);
#10067=EDGE_CURVE('',#6045,#6047,#2621,.T.);
#10069=EDGE_CURVE('',#6043,#6045,#2626,.T.);
#10071=EDGE_CURVE('',#6041,#6043,#2630,.T.);
#10073=EDGE_CURVE('',#6039,#6041,#2635,.T.);
#10075=EDGE_CURVE('',#6037,#6039,#2639,.T.);
#10077=EDGE_CURVE('',#6035,#6037,#2644,.T.);
#10079=EDGE_CURVE('',#6033,#6035,#2648,.T.);
#10081=EDGE_CURVE('',#6031,#6033,#2653,.T.);
#10085=EDGE_CURVE('',#6876,#6877,#2540,.T.);
#10087=EDGE_CURVE('',#6877,#6876,#2545,.T.);
#10098=EDGE_CURVE('',#6881,#6872,#2657,.T.);
#10101=EDGE_CURVE('',#6880,#6873,#2661,.T.);
#10124=EDGE_CURVE('',#6885,#6876,#2665,.T.);
#10127=EDGE_CURVE('',#6884,#6877,#2669,.T.);
#10150=EDGE_CURVE('',#6078,#6030,#2673,.T.);
#10153=EDGE_CURVE('',#6079,#6031,#2717,.T.);
#10164=EDGE_CURVE('',#6099,#6051,#2677,.T.);
#10177=EDGE_CURVE('',#6097,#6049,#2681,.T.);
#10190=EDGE_CURVE('',#6095,#6047,#2685,.T.);
#10203=EDGE_CURVE('',#6093,#6045,#2689,.T.);
#10216=EDGE_CURVE('',#6091,#6043,#2693,.T.);
#10229=EDGE_CURVE('',#6089,#6041,#2697,.T.);
#10242=EDGE_CURVE('',#6087,#6039,#2701,.T.);
#10255=EDGE_CURVE('',#6085,#6037,#2705,.T.);
#10268=EDGE_CURVE('',#6083,#6035,#2709,.T.);
#10281=EDGE_CURVE('',#6081,#6033,#2713,.T.);
#10309=EDGE_CURVE('',#5765,#5760,#2725,.T.);
#10333=EDGE_CURVE('',#7357,#7361,#2743,.T.);
#10335=EDGE_CURVE('',#7353,#7357,#2730,.T.);
#10337=EDGE_CURVE('',#7353,#7360,#2734,.T.);
#10349=EDGE_CURVE('',#7353,#7357,#2739,.T.);
#10360=EDGE_CURVE('',#7385,#7383,#2757,.T.);
#10362=EDGE_CURVE('',#7383,#7356,#2762,.T.);
#10364=EDGE_CURVE('',#7356,#7357,#2767,.T.);
#10367=EDGE_CURVE('',#7352,#7353,#2772,.T.);
#10369=EDGE_CURVE('',#7352,#7389,#2777,.T.);
#10371=EDGE_CURVE('',#7389,#7387,#2791,.T.);
#10373=EDGE_CURVE('',#7387,#7385,#2796,.T.);
#10384=EDGE_CURVE('',#6556,#6620,#2800,.T.);
#10386=EDGE_CURVE('',#6556,#6557,#2911,.T.);
#10388=EDGE_CURVE('',#6557,#6625,#2832,.T.);
#10391=EDGE_CURVE('',#7383,#6624,#3412,.T.);
#10394=EDGE_CURVE('',#7385,#6621,#3396,.T.);
#10405=EDGE_CURVE('',#6569,#6649,#2804,.T.);
#10407=EDGE_CURVE('',#6569,#6556,#2915,.T.);
#10419=EDGE_CURVE('',#6567,#6643,#2808,.T.);
#10421=EDGE_CURVE('',#6567,#6569,#2920,.T.);
#10425=EDGE_CURVE('',#7387,#6648,#3400,.T.);
#10428=EDGE_CURVE('',#7389,#6645,#3430,.T.);
#10439=EDGE_CURVE('',#6565,#6641,#2812,.T.);
#10441=EDGE_CURVE('',#6565,#6567,#2924,.T.);
#10453=EDGE_CURVE('',#6563,#6635,#2816,.T.);
#10455=EDGE_CURVE('',#6563,#6565,#2929,.T.);
#10459=EDGE_CURVE('',#7379,#6640,#3434,.T.);
#10461=EDGE_CURVE('',#7381,#7379,#3467,.T.);
#10463=EDGE_CURVE('',#7381,#6637,#3408,.T.);
#10474=EDGE_CURVE('',#6561,#6633,#2820,.T.);
#10476=EDGE_CURVE('',#6561,#6563,#2933,.T.);
#10488=EDGE_CURVE('',#6560,#6627,#2824,.T.);
#10490=EDGE_CURVE('',#6560,#6561,#2938,.T.);
#10494=EDGE_CURVE('',#7375,#6632,#3404,.T.);
#10496=EDGE_CURVE('',#7377,#7375,#3448,.T.);
#10498=EDGE_CURVE('',#7377,#6629,#3421,.T.);
#10508=EDGE_CURVE('',#7424,#7428,#2828,.T.);
#10510=EDGE_CURVE('',#7424,#6560,#2942,.T.);
#10515=EDGE_CURVE('',#6557,#7428,#2906,.T.);
#10526=EDGE_CURVE('',#7428,#7416,#2854,.T.);
#10528=EDGE_CURVE('',#7408,#7416,#3056,.T.);
#10530=EDGE_CURVE('',#7424,#7408,#3035,.T.);
#10540=EDGE_CURVE('',#7428,#7429,#2902,.T.);
#10542=EDGE_CURVE('',#7421,#7429,#2837,.T.);
#10544=EDGE_CURVE('',#7419,#7421,#2841,.T.);
#10546=EDGE_CURVE('',#7417,#7419,#2845,.T.);
#10548=EDGE_CURVE('',#7416,#7417,#2849,.T.);
#10559=EDGE_CURVE('',#7424,#7425,#2858,.T.);
#10561=EDGE_CURVE('',#6583,#7425,#2862,.T.);
#10563=EDGE_CURVE('',#6581,#6583,#2867,.T.);
#10565=EDGE_CURVE('',#6579,#6581,#2871,.T.);
#10567=EDGE_CURVE('',#6577,#6579,#2876,.T.);
#10569=EDGE_CURVE('',#6575,#6577,#2880,.T.);
#10571=EDGE_CURVE('',#6573,#6575,#2885,.T.);
#10573=EDGE_CURVE('',#6572,#6573,#2889,.T.);
#10575=EDGE_CURVE('',#6585,#6572,#2894,.T.);
#10577=EDGE_CURVE('',#7429,#6585,#2898,.T.);
#10597=EDGE_CURVE('',#7448,#7449,#2946,.T.);
#10599=EDGE_CURVE('',#6605,#7449,#2950,.T.);
#10601=EDGE_CURVE('',#6604,#6605,#2955,.T.);
#10603=EDGE_CURVE('',#6617,#6604,#2959,.T.);
#10605=EDGE_CURVE('',#6615,#6617,#2964,.T.);
#10607=EDGE_CURVE('',#6613,#6615,#2968,.T.);
#10609=EDGE_CURVE('',#6611,#6613,#2973,.T.);
#10611=EDGE_CURVE('',#6609,#6611,#2977,.T.);
#10613=EDGE_CURVE('',#6608,#6609,#2982,.T.);
#10615=EDGE_CURVE('',#7453,#6608,#2986,.T.);
#10617=EDGE_CURVE('',#7452,#7453,#2990,.T.);
#10619=EDGE_CURVE('',#6599,#7452,#2994,.T.);
#10621=EDGE_CURVE('',#6597,#6599,#2999,.T.);
#10623=EDGE_CURVE('',#6595,#6597,#3003,.T.);
#10625=EDGE_CURVE('',#6593,#6595,#3008,.T.);
#10627=EDGE_CURVE('',#6591,#6593,#3012,.T.);
#10629=EDGE_CURVE('',#6589,#6591,#3017,.T.);
#10631=EDGE_CURVE('',#6588,#6589,#3021,.T.);
#10633=EDGE_CURVE('',#6601,#6588,#3026,.T.);
#10635=EDGE_CURVE('',#7448,#6601,#3030,.T.);
#10647=EDGE_CURVE('',#7408,#7409,#3039,.T.);
#10649=EDGE_CURVE('',#7409,#7411,#3043,.T.);
#10651=EDGE_CURVE('',#7411,#7413,#3047,.T.);
#10653=EDGE_CURVE('',#7413,#7425,#3052,.T.);
#10666=EDGE_CURVE('',#7409,#7417,#3060,.T.);
#10679=EDGE_CURVE('',#7411,#7419,#3064,.T.);
#10692=EDGE_CURVE('',#7413,#7421,#3068,.T.);
#10702=EDGE_CURVE('',#7425,#7429,#3072,.T.);
#10717=EDGE_CURVE('',#6585,#6665,#3080,.T.);
#10720=EDGE_CURVE('',#6583,#6663,#3076,.T.);
#10734=EDGE_CURVE('',#6572,#6652,#3084,.T.);
#10747=EDGE_CURVE('',#6573,#6653,#3088,.T.);
#10760=EDGE_CURVE('',#6575,#6655,#3092,.T.);
#10773=EDGE_CURVE('',#6577,#6657,#3096,.T.);
#10786=EDGE_CURVE('',#6579,#6659,#3100,.T.);
#10799=EDGE_CURVE('',#6581,#6661,#3104,.T.);
#10822=EDGE_CURVE('',#7448,#7432,#3109,.T.);
#10824=EDGE_CURVE('',#7432,#7433,#3113,.T.);
#10826=EDGE_CURVE('',#7433,#7435,#3117,.T.);
#10828=EDGE_CURVE('',#7435,#7437,#3121,.T.);
#10830=EDGE_CURVE('',#7437,#7449,#3126,.T.);
#10840=EDGE_CURVE('',#7448,#7452,#3130,.T.);
#10842=EDGE_CURVE('',#7452,#7440,#3340,.T.);
#10844=EDGE_CURVE('',#7432,#7440,#3392,.T.);
#10857=EDGE_CURVE('',#6601,#6693,#3138,.T.);
#10860=EDGE_CURVE('',#6599,#6691,#3134,.T.);
#10874=EDGE_CURVE('',#6588,#6668,#3142,.T.);
#10877=EDGE_CURVE('',#7395,#6697,#3191,.T.);
#10879=EDGE_CURVE('',#7397,#7395,#3295,.T.);
#10881=EDGE_CURVE('',#7397,#6695,#3204,.T.);
#10894=EDGE_CURVE('',#6589,#6669,#3146,.T.);
#10907=EDGE_CURVE('',#6591,#6675,#3150,.T.);
#10910=EDGE_CURVE('',#7391,#6674,#3183,.T.);
#10912=EDGE_CURVE('',#7393,#7391,#3271,.T.);
#10914=EDGE_CURVE('',#7393,#6671,#3187,.T.);
#10927=EDGE_CURVE('',#6593,#6677,#3154,.T.);
#10940=EDGE_CURVE('',#6595,#6683,#3158,.T.);
#10943=EDGE_CURVE('',#7399,#6682,#3166,.T.);
#10945=EDGE_CURVE('',#7401,#7399,#3218,.T.);
#10947=EDGE_CURVE('',#7401,#6679,#3179,.T.);
#10960=EDGE_CURVE('',#6597,#6685,#3162,.T.);
#10975=EDGE_CURVE('',#7403,#6690,#3195,.T.);
#10977=EDGE_CURVE('',#7405,#7403,#3237,.T.);
#10979=EDGE_CURVE('',#7405,#6687,#3170,.T.);
#10992=EDGE_CURVE('',#7399,#7405,#3223,.T.);
#11004=EDGE_CURVE('',#7364,#7401,#3257,.T.);
#11006=EDGE_CURVE('',#7364,#7391,#3276,.T.);
#11018=EDGE_CURVE('',#7393,#7395,#3300,.T.);
#11030=EDGE_CURVE('',#7397,#7368,#3281,.T.);
#11032=EDGE_CURVE('',#7403,#7368,#3242,.T.);
#11049=EDGE_CURVE('',#7368,#7369,#3247,.T.);
#11051=EDGE_CURVE('',#7365,#7369,#3314,.T.);
#11053=EDGE_CURVE('',#7364,#7365,#3252,.T.);
#11067=EDGE_CURVE('',#7365,#7369,#3305,.T.);
#11082=EDGE_CURVE('',#7369,#7373,#3318,.T.);
#11085=EDGE_CURVE('',#7365,#7372,#3309,.T.);
#11108=EDGE_CURVE('',#7445,#7453,#3323,.T.);
#11110=EDGE_CURVE('',#7443,#7445,#3327,.T.);
#11112=EDGE_CURVE('',#7441,#7443,#3331,.T.);
#11114=EDGE_CURVE('',#7440,#7441,#3335,.T.);
#11125=EDGE_CURVE('',#7449,#7453,#3348,.T.);
#11128=EDGE_CURVE('',#7437,#7445,#3344,.T.);
#11141=EDGE_CURVE('',#6608,#6703,#3356,.T.);
#11144=EDGE_CURVE('',#6605,#6700,#3352,.T.);
#11158=EDGE_CURVE('',#6609,#6705,#3360,.T.);
#11171=EDGE_CURVE('',#6611,#6707,#3364,.T.);
#11184=EDGE_CURVE('',#6613,#6709,#3368,.T.);
#11197=EDGE_CURVE('',#6615,#6711,#3372,.T.);
#11210=EDGE_CURVE('',#6617,#6713,#3376,.T.);
#11223=EDGE_CURVE('',#6604,#6701,#3380,.T.);
#11246=EDGE_CURVE('',#7435,#7443,#3384,.T.);
#11259=EDGE_CURVE('',#7433,#7441,#3388,.T.);
#11298=EDGE_CURVE('',#7381,#7375,#3453,.T.);
#11308=EDGE_CURVE('',#7377,#7356,#3477,.T.);
#11325=EDGE_CURVE('',#7352,#7379,#3472,.T.);
#11353=EDGE_CURVE('',#5982,#5978,#3481,.T.);
#11355=EDGE_CURVE('',#5978,#5979,#3490,.T.);
#11357=EDGE_CURVE('',#5983,#5979,#3485,.T.);
#11369=EDGE_CURVE('',#5979,#5978,#3495,.T.);
#11391=EDGE_CURVE('',#7124,#7120,#3499,.T.);
#11393=EDGE_CURVE('',#7120,#7121,#3508,.T.);
#11395=EDGE_CURVE('',#7125,#7121,#3503,.T.);
#11407=EDGE_CURVE('',#7121,#7120,#3513,.T.);
#11429=EDGE_CURVE('',#7132,#7128,#3517,.T.);
#11431=EDGE_CURVE('',#7128,#7129,#3526,.T.);
#11433=EDGE_CURVE('',#7133,#7129,#3521,.T.);
#11445=EDGE_CURVE('',#7129,#7128,#3531,.T.);
#11467=EDGE_CURVE('',#7140,#7136,#3535,.T.);
#11469=EDGE_CURVE('',#7136,#7137,#3544,.T.);
#11471=EDGE_CURVE('',#7141,#7137,#3539,.T.);
#11483=EDGE_CURVE('',#7137,#7136,#3549,.T.);
#11505=EDGE_CURVE('',#7148,#7144,#3553,.T.);
#11507=EDGE_CURVE('',#7144,#7145,#3562,.T.);
#11509=EDGE_CURVE('',#7149,#7145,#3557,.T.);
#11521=EDGE_CURVE('',#7145,#7144,#3567,.T.);
#11543=EDGE_CURVE('',#7156,#7152,#3571,.T.);
#11545=EDGE_CURVE('',#7152,#7153,#3580,.T.);
#11547=EDGE_CURVE('',#7157,#7153,#3575,.T.);
#11559=EDGE_CURVE('',#7153,#7152,#3585,.T.);
#11581=EDGE_CURVE('',#7164,#7160,#3589,.T.);
#11583=EDGE_CURVE('',#7160,#7161,#3598,.T.);
#11585=EDGE_CURVE('',#7165,#7161,#3593,.T.);
#11597=EDGE_CURVE('',#7161,#7160,#3603,.T.);
#11619=EDGE_CURVE('',#7172,#7168,#3607,.T.);
#11621=EDGE_CURVE('',#7168,#7169,#3616,.T.);
#11623=EDGE_CURVE('',#7173,#7169,#3611,.T.);
#11635=EDGE_CURVE('',#7169,#7168,#3621,.T.);
#11657=EDGE_CURVE('',#7180,#7176,#3625,.T.);
#11659=EDGE_CURVE('',#7176,#7177,#3634,.T.);
#11661=EDGE_CURVE('',#7181,#7177,#3629,.T.);
#11673=EDGE_CURVE('',#7177,#7176,#3639,.T.);
#11695=EDGE_CURVE('',#7188,#7184,#3643,.T.);
#11697=EDGE_CURVE('',#7184,#7185,#3652,.T.);
#11699=EDGE_CURVE('',#7189,#7185,#3647,.T.);
#11711=EDGE_CURVE('',#7185,#7184,#3657,.T.);
#11733=EDGE_CURVE('',#7196,#7192,#3661,.T.);
#11735=EDGE_CURVE('',#7192,#7193,#3670,.T.);
#11737=EDGE_CURVE('',#7197,#7193,#3665,.T.);
#11749=EDGE_CURVE('',#7193,#7192,#3675,.T.);
#11771=EDGE_CURVE('',#7204,#7200,#3679,.T.);
#11773=EDGE_CURVE('',#7200,#7201,#3688,.T.);
#11775=EDGE_CURVE('',#7205,#7201,#3683,.T.);
#11787=EDGE_CURVE('',#7201,#7200,#3693,.T.);
#11809=EDGE_CURVE('',#7212,#7208,#3697,.T.);
#11811=EDGE_CURVE('',#7208,#7209,#3706,.T.);
#11813=EDGE_CURVE('',#7213,#7209,#3701,.T.);
#11825=EDGE_CURVE('',#7209,#7208,#3711,.T.);
#11847=EDGE_CURVE('',#6720,#6716,#3715,.T.);
#11849=EDGE_CURVE('',#6716,#6717,#3724,.T.);
#11851=EDGE_CURVE('',#6721,#6717,#3719,.T.);
#11863=EDGE_CURVE('',#6717,#6716,#3729,.T.);
#11885=EDGE_CURVE('',#7220,#7216,#3733,.T.);
#11887=EDGE_CURVE('',#7216,#7217,#3742,.T.);
#11889=EDGE_CURVE('',#7221,#7217,#3737,.T.);
#11901=EDGE_CURVE('',#7217,#7216,#3747,.T.);
#11923=EDGE_CURVE('',#7228,#7224,#3751,.T.);
#11925=EDGE_CURVE('',#7224,#7225,#3760,.T.);
#11927=EDGE_CURVE('',#7229,#7225,#3755,.T.);
#11939=EDGE_CURVE('',#7225,#7224,#3765,.T.);
#11961=EDGE_CURVE('',#7236,#7232,#3769,.T.);
#11963=EDGE_CURVE('',#7232,#7233,#3778,.T.);
#11965=EDGE_CURVE('',#7237,#7233,#3773,.T.);
#11977=EDGE_CURVE('',#7233,#7232,#3783,.T.);
#11999=EDGE_CURVE('',#7244,#7240,#3787,.T.);
#12001=EDGE_CURVE('',#7240,#7241,#3796,.T.);
#12003=EDGE_CURVE('',#7245,#7241,#3791,.T.);
#12015=EDGE_CURVE('',#7241,#7240,#3801,.T.);
#12037=EDGE_CURVE('',#7252,#7248,#3805,.T.);
#12039=EDGE_CURVE('',#7248,#7249,#3814,.T.);
#12041=EDGE_CURVE('',#7253,#7249,#3809,.T.);
#12053=EDGE_CURVE('',#7249,#7248,#3819,.T.);
#12075=EDGE_CURVE('',#7260,#7256,#3823,.T.);
#12077=EDGE_CURVE('',#7256,#7257,#3832,.T.);
#12079=EDGE_CURVE('',#7261,#7257,#3827,.T.);
#12091=EDGE_CURVE('',#7257,#7256,#3837,.T.);
#12113=EDGE_CURVE('',#7268,#7264,#3841,.T.);
#12115=EDGE_CURVE('',#7264,#7265,#3850,.T.);
#12117=EDGE_CURVE('',#7269,#7265,#3845,.T.);
#12129=EDGE_CURVE('',#7265,#7264,#3855,.T.);
#12151=EDGE_CURVE('',#7276,#7272,#3859,.T.);
#12153=EDGE_CURVE('',#7272,#7273,#3868,.T.);
#12155=EDGE_CURVE('',#7277,#7273,#3863,.T.);
#12167=EDGE_CURVE('',#7273,#7272,#3873,.T.);
#12189=EDGE_CURVE('',#7284,#7280,#3877,.T.);
#12191=EDGE_CURVE('',#7280,#7281,#3886,.T.);
#12193=EDGE_CURVE('',#7285,#7281,#3881,.T.);
#12205=EDGE_CURVE('',#7281,#7280,#3891,.T.);
#12227=EDGE_CURVE('',#7292,#7288,#3895,.T.);
#12229=EDGE_CURVE('',#7288,#7289,#3904,.T.);
#12231=EDGE_CURVE('',#7293,#7289,#3899,.T.);
#12243=EDGE_CURVE('',#7289,#7288,#3909,.T.);
#12265=EDGE_CURVE('',#7300,#7296,#3913,.T.);
#12267=EDGE_CURVE('',#7296,#7297,#3922,.T.);
#12269=EDGE_CURVE('',#7301,#7297,#3917,.T.);
#12281=EDGE_CURVE('',#7297,#7296,#3927,.T.);
#12302=EDGE_CURVE('',#7320,#7321,#3932,.T.);
#12304=EDGE_CURVE('',#6921,#7321,#4093,.T.);
#12307=EDGE_CURVE('',#6920,#7320,#3936,.T.);
#12317=EDGE_CURVE('',#7304,#7305,#3941,.T.);
#12319=EDGE_CURVE('',#7305,#7304,#3946,.T.);
#12324=EDGE_CURVE('',#7321,#7320,#4089,.T.);
#12334=EDGE_CURVE('',#7308,#7309,#3951,.T.);
#12336=EDGE_CURVE('',#7309,#7308,#3956,.T.);
#12340=EDGE_CURVE('',#7324,#7325,#4098,.T.);
#12342=EDGE_CURVE('',#7325,#7324,#4107,.T.);
#12353=EDGE_CURVE('',#7304,#7312,#3960,.T.);
#12355=EDGE_CURVE('',#7312,#7313,#3969,.T.);
#12357=EDGE_CURVE('',#7305,#7313,#3964,.T.);
#12369=EDGE_CURVE('',#7313,#7312,#3974,.T.);
#12384=EDGE_CURVE('',#7344,#7345,#3989,.T.);
#12386=EDGE_CURVE('',#7345,#7344,#3994,.T.);
#12396=EDGE_CURVE('',#7316,#7317,#3979,.T.);
#12398=EDGE_CURVE('',#7317,#7316,#3984,.T.);
#12402=EDGE_CURVE('',#7348,#7349,#3999,.T.);
#12404=EDGE_CURVE('',#7349,#7348,#4004,.T.);
#12415=EDGE_CURVE('',#7308,#7316,#4008,.T.);
#12418=EDGE_CURVE('',#7309,#7317,#4012,.T.);
#12441=EDGE_CURVE('',#7344,#7328,#4020,.T.);
#12443=EDGE_CURVE('',#7328,#7332,#4038,.T.);
#12445=EDGE_CURVE('',#7345,#7332,#4016,.T.);
#12457=EDGE_CURVE('',#7328,#7332,#4029,.T.);
#12468=EDGE_CURVE('',#7328,#7329,#4024,.T.);
#12471=EDGE_CURVE('',#7332,#7333,#4033,.T.);
#12473=EDGE_CURVE('',#7329,#7333,#4043,.T.);
#12484=EDGE_CURVE('',#7329,#7333,#4048,.T.);
#12507=EDGE_CURVE('',#7349,#7340,#4056,.T.);
#12509=EDGE_CURVE('',#7336,#7340,#4074,.T.);
#12511=EDGE_CURVE('',#7348,#7336,#4052,.T.);
#12523=EDGE_CURVE('',#7336,#7340,#4069,.T.);
#12534=EDGE_CURVE('',#7336,#7337,#4060,.T.);
#12536=EDGE_CURVE('',#7337,#7341,#4079,.T.);
#12538=EDGE_CURVE('',#7340,#7341,#4064,.T.);
#12552=EDGE_CURVE('',#7337,#7341,#4084,.T.);
#12585=EDGE_CURVE('',#6925,#7325,#4111,.T.);
#12588=EDGE_CURVE('',#6924,#7324,#4102,.T.);
#12611=EDGE_CURVE('',#5974,#5970,#4115,.T.);
#12613=EDGE_CURVE('',#5970,#5971,#4124,.T.);
#12615=EDGE_CURVE('',#5975,#5971,#4119,.T.);
#12627=EDGE_CURVE('',#5971,#5970,#4129,.T.);
#12648=EDGE_CURVE('',#6928,#6929,#4134,.T.);
#12650=EDGE_CURVE('',#6929,#6928,#4139,.T.);
#12660=EDGE_CURVE('',#6932,#6933,#4144,.T.);
#12662=EDGE_CURVE('',#6933,#6932,#4149,.T.);
#12672=EDGE_CURVE('',#6936,#6937,#4154,.T.);
#12674=EDGE_CURVE('',#6937,#6936,#4159,.T.);
#12684=EDGE_CURVE('',#6940,#6941,#4164,.T.);
#12686=EDGE_CURVE('',#6941,#6940,#4169,.T.);
#12696=EDGE_CURVE('',#6960,#6961,#4174,.T.);
#12698=EDGE_CURVE('',#6961,#6960,#4179,.T.);
#12708=EDGE_CURVE('',#6964,#6965,#4184,.T.);
#12710=EDGE_CURVE('',#6965,#6964,#4189,.T.);
#12720=EDGE_CURVE('',#6968,#6969,#4194,.T.);
#12722=EDGE_CURVE('',#6969,#6968,#4199,.T.);
#12732=EDGE_CURVE('',#6972,#6973,#4204,.T.);
#12734=EDGE_CURVE('',#6973,#6972,#4209,.T.);
#12744=EDGE_CURVE('',#6976,#6977,#4214,.T.);
#12746=EDGE_CURVE('',#6977,#6976,#4219,.T.);
#12756=EDGE_CURVE('',#6980,#6981,#4224,.T.);
#12758=EDGE_CURVE('',#6981,#6980,#4229,.T.);
#12768=EDGE_CURVE('',#6984,#6985,#4234,.T.);
#12770=EDGE_CURVE('',#6985,#6984,#4239,.T.);
#12780=EDGE_CURVE('',#7016,#7017,#4244,.T.);
#12782=EDGE_CURVE('',#7017,#7016,#4249,.T.);
#12792=EDGE_CURVE('',#7020,#7021,#4254,.T.);
#12794=EDGE_CURVE('',#7021,#7020,#4259,.T.);
#12804=EDGE_CURVE('',#7024,#7025,#4264,.T.);
#12806=EDGE_CURVE('',#7025,#7024,#4269,.T.);
#12816=EDGE_CURVE('',#7028,#7029,#4274,.T.);
#12818=EDGE_CURVE('',#7029,#7028,#4279,.T.);
#12828=EDGE_CURVE('',#7032,#7033,#4284,.T.);
#12830=EDGE_CURVE('',#7033,#7032,#4289,.T.);
#12840=EDGE_CURVE('',#7036,#7037,#4294,.T.);
#12842=EDGE_CURVE('',#7037,#7036,#4299,.T.);
#12852=EDGE_CURVE('',#7040,#7041,#4304,.T.);
#12854=EDGE_CURVE('',#7041,#7040,#4309,.T.);
#12864=EDGE_CURVE('',#7044,#7045,#4314,.T.);
#12866=EDGE_CURVE('',#7045,#7044,#4319,.T.);
#12876=EDGE_CURVE('',#7048,#7049,#4324,.T.);
#12878=EDGE_CURVE('',#7049,#7048,#4329,.T.);
#12888=EDGE_CURVE('',#7052,#7053,#4334,.T.);
#12890=EDGE_CURVE('',#7053,#7052,#4339,.T.);
#12900=EDGE_CURVE('',#7056,#7057,#4344,.T.);
#12902=EDGE_CURVE('',#7057,#7056,#4349,.T.);
#12912=EDGE_CURVE('',#7060,#7061,#4354,.T.);
#12914=EDGE_CURVE('',#7061,#7060,#4359,.T.);
#12924=EDGE_CURVE('',#7112,#7113,#4364,.T.);
#12926=EDGE_CURVE('',#7113,#7112,#4369,.T.);
#12937=EDGE_CURVE('',#6944,#6928,#4373,.T.);
#12940=EDGE_CURVE('',#6945,#6929,#4377,.T.);
#12963=EDGE_CURVE('',#6948,#6932,#4381,.T.);
#12966=EDGE_CURVE('',#6949,#6933,#4385,.T.);
#12989=EDGE_CURVE('',#6952,#6936,#4389,.T.);
#12992=EDGE_CURVE('',#6953,#6937,#4393,.T.);
#13015=EDGE_CURVE('',#6956,#6940,#4397,.T.);
#13018=EDGE_CURVE('',#6957,#6941,#4401,.T.);
#13041=EDGE_CURVE('',#6988,#6960,#4405,.T.);
#13044=EDGE_CURVE('',#6989,#6961,#4409,.T.);
#13067=EDGE_CURVE('',#6992,#6964,#4413,.T.);
#13070=EDGE_CURVE('',#6993,#6965,#4417,.T.);
#13093=EDGE_CURVE('',#6996,#6968,#4421,.T.);
#13096=EDGE_CURVE('',#6997,#6969,#4425,.T.);
#13119=EDGE_CURVE('',#7000,#6972,#4429,.T.);
#13122=EDGE_CURVE('',#7001,#6973,#4433,.T.);
#13145=EDGE_CURVE('',#7004,#6976,#4437,.T.);
#13148=EDGE_CURVE('',#7005,#6977,#4441,.T.);
#13171=EDGE_CURVE('',#7008,#6980,#4445,.T.);
#13174=EDGE_CURVE('',#7009,#6981,#4449,.T.);
#13197=EDGE_CURVE('',#7012,#6984,#4453,.T.);
#13200=EDGE_CURVE('',#7013,#6985,#4457,.T.);
#13223=EDGE_CURVE('',#7064,#7016,#4461,.T.);
#13226=EDGE_CURVE('',#7065,#7017,#4465,.T.);
#13249=EDGE_CURVE('',#7068,#7020,#4469,.T.);
#13252=EDGE_CURVE('',#7069,#7021,#4473,.T.);
#13275=EDGE_CURVE('',#7072,#7024,#4477,.T.);
#13278=EDGE_CURVE('',#7073,#7025,#4481,.T.);
#13301=EDGE_CURVE('',#7076,#7028,#4485,.T.);
#13304=EDGE_CURVE('',#7077,#7029,#4489,.T.);
#13327=EDGE_CURVE('',#7080,#7032,#4493,.T.);
#13330=EDGE_CURVE('',#7081,#7033,#4497,.T.);
#13353=EDGE_CURVE('',#7084,#7036,#4501,.T.);
#13356=EDGE_CURVE('',#7085,#7037,#4505,.T.);
#13379=EDGE_CURVE('',#7088,#7040,#4509,.T.);
#13382=EDGE_CURVE('',#7089,#7041,#4513,.T.);
#13405=EDGE_CURVE('',#7092,#7044,#4517,.T.);
#13408=EDGE_CURVE('',#7093,#7045,#4521,.T.);
#13431=EDGE_CURVE('',#7096,#7048,#4525,.T.);
#13434=EDGE_CURVE('',#7097,#7049,#4529,.T.);
#13457=EDGE_CURVE('',#7100,#7052,#4533,.T.);
#13460=EDGE_CURVE('',#7101,#7053,#4537,.T.);
#13483=EDGE_CURVE('',#7104,#7056,#4541,.T.);
#13486=EDGE_CURVE('',#7105,#7057,#4545,.T.);
#13509=EDGE_CURVE('',#7108,#7060,#4549,.T.);
#13512=EDGE_CURVE('',#7109,#7061,#4553,.T.);
#13535=EDGE_CURVE('',#7116,#7112,#4557,.T.);
#13538=EDGE_CURVE('',#7117,#7113,#4561,.T.);
#13561=EDGE_CURVE('',#6780,#6724,#4565,.T.);
#13563=EDGE_CURVE('',#6724,#6725,#4593,.T.);
#13565=EDGE_CURVE('',#6781,#6725,#4589,.T.);
#13576=EDGE_CURVE('',#6791,#6735,#4569,.T.);
#13578=EDGE_CURVE('',#6735,#6724,#4597,.T.);
#13590=EDGE_CURVE('',#6789,#6733,#4573,.T.);
#13592=EDGE_CURVE('',#6733,#6735,#4601,.T.);
#13604=EDGE_CURVE('',#6787,#6731,#4577,.T.);
#13606=EDGE_CURVE('',#6731,#6733,#4605,.T.);
#13618=EDGE_CURVE('',#6785,#6729,#4581,.T.);
#13620=EDGE_CURVE('',#6729,#6731,#4609,.T.);
#13632=EDGE_CURVE('',#6783,#6727,#4585,.T.);
#13634=EDGE_CURVE('',#6727,#6729,#4613,.T.);
#13647=EDGE_CURVE('',#6725,#6727,#4617,.T.);
#13673=EDGE_CURVE('',#6738,#6739,#4621,.T.);
#13675=EDGE_CURVE('',#6749,#6738,#4625,.T.);
#13677=EDGE_CURVE('',#6747,#6749,#4629,.T.);
#13679=EDGE_CURVE('',#6745,#6747,#4633,.T.);
#13681=EDGE_CURVE('',#6743,#6745,#4637,.T.);
#13683=EDGE_CURVE('',#6741,#6743,#4641,.T.);
#13685=EDGE_CURVE('',#6739,#6741,#4645,.T.);
#13695=EDGE_CURVE('',#6752,#6753,#4649,.T.);
#13697=EDGE_CURVE('',#6771,#6752,#4653,.T.);
#13699=EDGE_CURVE('',#6769,#6771,#4657,.T.);
#13701=EDGE_CURVE('',#6767,#6769,#4661,.T.);
#13703=EDGE_CURVE('',#6765,#6767,#4665,.T.);
#13705=EDGE_CURVE('',#6763,#6765,#4669,.T.);
#13707=EDGE_CURVE('',#6761,#6763,#4673,.T.);
#13709=EDGE_CURVE('',#6759,#6761,#4677,.T.);
#13711=EDGE_CURVE('',#6757,#6759,#4681,.T.);
#13713=EDGE_CURVE('',#6755,#6757,#4685,.T.);
#13715=EDGE_CURVE('',#6753,#6755,#4689,.T.);
#13719=EDGE_CURVE('',#6774,#6775,#4693,.T.);
#13721=EDGE_CURVE('',#6777,#6774,#4697,.T.);
#13723=EDGE_CURVE('',#6775,#6777,#4701,.T.);
#13734=EDGE_CURVE('',#6794,#6738,#4705,.T.);
#13737=EDGE_CURVE('',#6795,#6739,#4729,.T.);
#13748=EDGE_CURVE('',#6805,#6749,#4709,.T.);
#13761=EDGE_CURVE('',#6803,#6747,#4713,.T.);
#13774=EDGE_CURVE('',#6801,#6745,#4717,.T.);
#13787=EDGE_CURVE('',#6799,#6743,#4721,.T.);
#13800=EDGE_CURVE('',#6797,#6741,#4725,.T.);
#13825=EDGE_CURVE('',#6808,#6752,#4733,.T.);
#13828=EDGE_CURVE('',#6809,#6753,#4773,.T.);
#13839=EDGE_CURVE('',#6827,#6771,#4737,.T.);
#13852=EDGE_CURVE('',#6825,#6769,#4741,.T.);
#13865=EDGE_CURVE('',#6823,#6767,#4745,.T.);
#13878=EDGE_CURVE('',#6821,#6765,#4749,.T.);
#13891=EDGE_CURVE('',#6819,#6763,#4753,.T.);
#13904=EDGE_CURVE('',#6817,#6761,#4757,.T.);
#13917=EDGE_CURVE('',#6815,#6759,#4761,.T.);
#13930=EDGE_CURVE('',#6813,#6757,#4765,.T.);
#13943=EDGE_CURVE('',#6811,#6755,#4769,.T.);
#13968=EDGE_CURVE('',#6830,#6774,#4777,.T.);
#13971=EDGE_CURVE('',#6831,#6775,#4785,.T.);
#13982=EDGE_CURVE('',#6833,#6777,#4781,.T.);
#14007=EDGE_CURVE('',#6122,#6114,#4789,.T.);
#14009=EDGE_CURVE('',#6114,#6115,#4798,.T.);
#14011=EDGE_CURVE('',#6123,#6115,#4793,.T.);
#14023=EDGE_CURVE('',#6115,#6114,#4803,.T.);
#14038=EDGE_CURVE('',#6888,#6889,#4818,.T.);
#14040=EDGE_CURVE('',#6889,#6888,#4823,.T.);
#14050=EDGE_CURVE('',#6118,#6119,#4808,.T.);
#14052=EDGE_CURVE('',#6119,#6118,#4813,.T.);
#14056=EDGE_CURVE('',#6892,#6893,#4828,.T.);
#14058=EDGE_CURVE('',#6893,#6892,#4833,.T.);
#14069=EDGE_CURVE('',#6126,#6118,#4837,.T.);
#14072=EDGE_CURVE('',#6127,#6119,#4841,.T.);
#14095=EDGE_CURVE('',#6897,#6888,#4845,.T.);
#14098=EDGE_CURVE('',#6896,#6889,#4849,.T.);
#14121=EDGE_CURVE('',#6901,#6892,#4853,.T.);
#14124=EDGE_CURVE('',#6900,#6893,#4857,.T.);
#14147=EDGE_CURVE('',#6419,#6459,#4861,.T.);
#14149=EDGE_CURVE('',#6459,#6491,#5001,.T.);
#14161=EDGE_CURVE('',#6417,#6457,#4865,.T.);
#14163=EDGE_CURVE('',#6457,#6459,#5006,.T.);
#14175=EDGE_CURVE('',#6415,#6455,#4869,.T.);
#14177=EDGE_CURVE('',#6455,#6457,#5010,.T.);
#14189=EDGE_CURVE('',#6413,#6453,#4873,.T.);
#14191=EDGE_CURVE('',#6453,#6455,#5015,.T.);
#14203=EDGE_CURVE('',#6411,#6451,#4877,.T.);
#14205=EDGE_CURVE('',#6451,#6453,#5019,.T.);
#14217=EDGE_CURVE('',#6409,#6449,#4881,.T.);
#14219=EDGE_CURVE('',#6449,#6451,#5023,.T.);
#14231=EDGE_CURVE('',#6407,#6447,#4885,.T.);
#14233=EDGE_CURVE('',#6447,#6449,#5027,.T.);
#14245=EDGE_CURVE('',#6405,#6445,#4889,.T.);
#14247=EDGE_CURVE('',#6445,#6447,#5032,.T.);
#14259=EDGE_CURVE('',#6403,#6443,#4893,.T.);
#14261=EDGE_CURVE('',#6443,#6445,#5036,.T.);
#14273=EDGE_CURVE('',#6402,#6442,#4897,.T.);
#14275=EDGE_CURVE('',#6442,#6443,#5041,.T.);
#14288=EDGE_CURVE('',#6489,#6442,#4997,.T.);
#14301=EDGE_CURVE('',#6167,#6175,#4905,.T.);
#14303=EDGE_CURVE('',#6165,#6167,#4910,.T.);
#14305=EDGE_CURVE('',#6163,#6165,#4914,.T.);
#14307=EDGE_CURVE('',#6161,#6163,#4919,.T.);
#14309=EDGE_CURVE('',#6159,#6161,#4923,.T.);
#14311=EDGE_CURVE('',#6157,#6159,#4927,.T.);
#14313=EDGE_CURVE('',#6155,#6157,#4931,.T.);
#14315=EDGE_CURVE('',#6153,#6155,#4936,.T.);
#14317=EDGE_CURVE('',#6151,#6153,#4940,.T.);
#14319=EDGE_CURVE('',#6150,#6151,#4945,.T.);
#14329=EDGE_CURVE('',#6397,#6374,#4949,.T.);
#14332=EDGE_CURVE('',#6391,#6399,#4953,.T.);
#14334=EDGE_CURVE('',#6389,#6391,#4958,.T.);
#14336=EDGE_CURVE('',#6387,#6389,#4962,.T.);
#14338=EDGE_CURVE('',#6385,#6387,#4967,.T.);
#14340=EDGE_CURVE('',#6383,#6385,#4971,.T.);
#14342=EDGE_CURVE('',#6381,#6383,#4975,.T.);
#14345=EDGE_CURVE('',#6377,#6379,#4984,.T.);
#14347=EDGE_CURVE('',#6375,#6377,#4988,.T.);
#14349=EDGE_CURVE('',#6374,#6375,#4993,.T.);
#14379=EDGE_CURVE('',#6493,#6462,#5045,.T.);
#14382=EDGE_CURVE('',#6479,#6495,#5049,.T.);
#14384=EDGE_CURVE('',#6477,#6479,#5054,.T.);
#14386=EDGE_CURVE('',#6475,#6477,#5058,.T.);
#14388=EDGE_CURVE('',#6473,#6475,#5063,.T.);
#14390=EDGE_CURVE('',#6471,#6473,#5067,.T.);
#14392=EDGE_CURVE('',#6469,#6471,#5071,.T.);
#14394=EDGE_CURVE('',#6467,#6469,#5075,.T.);
#14396=EDGE_CURVE('',#6465,#6467,#5080,.T.);
#14398=EDGE_CURVE('',#6463,#6465,#5084,.T.);
#14400=EDGE_CURVE('',#6462,#6463,#5089,.T.);
#14411=EDGE_CURVE('',#6147,#6167,#5093,.T.);
#14424=EDGE_CURVE('',#6145,#6165,#5097,.T.);
#14437=EDGE_CURVE('',#6143,#6163,#5101,.T.);
#14450=EDGE_CURVE('',#6141,#6161,#5105,.T.);
#14463=EDGE_CURVE('',#6139,#6159,#5109,.T.);
#14476=EDGE_CURVE('',#6137,#6157,#5113,.T.);
#14489=EDGE_CURVE('',#6135,#6155,#5117,.T.);
#14502=EDGE_CURVE('',#6133,#6153,#5121,.T.);
#14515=EDGE_CURVE('',#6131,#6151,#5125,.T.);
#14542=EDGE_CURVE('',#6354,#6374,#5133,.T.);
#14555=EDGE_CURVE('',#6355,#6375,#5137,.T.);
#14568=EDGE_CURVE('',#6357,#6377,#5141,.T.);
#14591=EDGE_CURVE('',#6371,#6391,#5145,.T.);
#14604=EDGE_CURVE('',#6369,#6389,#5149,.T.);
#14617=EDGE_CURVE('',#6367,#6387,#5153,.T.);
#14630=EDGE_CURVE('',#6365,#6385,#5157,.T.);
#14643=EDGE_CURVE('',#6363,#6383,#5161,.T.);
#14670=EDGE_CURVE('',#6422,#6462,#5169,.T.);
#14683=EDGE_CURVE('',#6423,#6463,#5173,.T.);
#14696=EDGE_CURVE('',#6425,#6465,#5177,.T.);
#14709=EDGE_CURVE('',#6427,#6467,#5181,.T.);
#14722=EDGE_CURVE('',#6429,#6469,#5185,.T.);
#14735=EDGE_CURVE('',#6431,#6471,#5189,.T.);
#14748=EDGE_CURVE('',#6433,#6473,#5193,.T.);
#14761=EDGE_CURVE('',#6435,#6475,#5197,.T.);
#14774=EDGE_CURVE('',#6437,#6477,#5201,.T.);
#14787=EDGE_CURVE('',#6439,#6479,#5205,.T.);
#14809=EDGE_CURVE('',#6185,#6197,#5209,.T.);
#14812=EDGE_CURVE('',#6221,#6200,#5213,.T.);
#14814=EDGE_CURVE('',#6200,#6201,#5218,.T.);
#14816=EDGE_CURVE('',#6201,#6203,#5222,.T.);
#14818=EDGE_CURVE('',#6203,#6205,#5227,.T.);
#14820=EDGE_CURVE('',#6205,#6207,#5231,.T.);
#14822=EDGE_CURVE('',#6207,#6178,#5235,.T.);
#14824=EDGE_CURVE('',#6178,#6179,#5239,.T.);
#14826=EDGE_CURVE('',#6179,#6181,#5244,.T.);
#14828=EDGE_CURVE('',#6181,#6183,#5248,.T.);
#14830=EDGE_CURVE('',#6183,#6185,#5253,.T.);
#14840=EDGE_CURVE('',#6265,#6226,#5257,.T.);
#14842=EDGE_CURVE('',#6226,#6227,#5262,.T.);
#14844=EDGE_CURVE('',#6227,#6229,#5266,.T.);
#14846=EDGE_CURVE('',#6229,#6231,#5271,.T.);
#14848=EDGE_CURVE('',#6231,#6233,#5275,.T.);
#14850=EDGE_CURVE('',#6233,#6235,#5279,.T.);
#14852=EDGE_CURVE('',#6235,#6237,#5283,.T.);
#14854=EDGE_CURVE('',#6237,#6239,#5288,.T.);
#14856=EDGE_CURVE('',#6239,#6241,#5292,.T.);
#14858=EDGE_CURVE('',#6241,#6243,#5297,.T.);
#14860=EDGE_CURVE('',#6243,#6267,#5301,.T.);
#14872=EDGE_CURVE('',#6185,#6195,#5305,.T.);
#14874=EDGE_CURVE('',#6195,#6219,#5345,.T.);
#14886=EDGE_CURVE('',#6183,#6193,#5309,.T.);
#14888=EDGE_CURVE('',#6193,#6195,#5350,.T.);
#14900=EDGE_CURVE('',#6181,#6191,#5313,.T.);
#14902=EDGE_CURVE('',#6191,#6193,#5354,.T.);
#14914=EDGE_CURVE('',#6179,#6189,#5317,.T.);
#14916=EDGE_CURVE('',#6189,#6191,#5359,.T.);
#14928=EDGE_CURVE('',#6178,#6188,#5321,.T.);
#14930=EDGE_CURVE('',#6188,#6189,#5363,.T.);
#14942=EDGE_CURVE('',#6207,#6217,#5325,.T.);
#14944=EDGE_CURVE('',#6217,#6188,#5367,.T.);
#14956=EDGE_CURVE('',#6205,#6215,#5329,.T.);
#14958=EDGE_CURVE('',#6215,#6217,#5371,.T.);
#14970=EDGE_CURVE('',#6203,#6213,#5333,.T.);
#14972=EDGE_CURVE('',#6213,#6215,#5376,.T.);
#14984=EDGE_CURVE('',#6201,#6211,#5337,.T.);
#14986=EDGE_CURVE('',#6211,#6213,#5380,.T.);
#14998=EDGE_CURVE('',#6200,#6210,#5341,.T.);
#15000=EDGE_CURVE('',#6210,#6211,#5385,.T.);
#15013=EDGE_CURVE('',#6223,#6210,#5389,.T.);
#15044=EDGE_CURVE('',#6269,#6246,#5393,.T.);
#15047=EDGE_CURVE('',#6263,#6271,#5397,.T.);
#15049=EDGE_CURVE('',#6261,#6263,#5402,.T.);
#15051=EDGE_CURVE('',#6259,#6261,#5406,.T.);
#15053=EDGE_CURVE('',#6257,#6259,#5411,.T.);
#15055=EDGE_CURVE('',#6255,#6257,#5415,.T.);
#15057=EDGE_CURVE('',#6253,#6255,#5419,.T.);
#15059=EDGE_CURVE('',#6251,#6253,#5423,.T.);
#15061=EDGE_CURVE('',#6249,#6251,#5428,.T.);
#15063=EDGE_CURVE('',#6247,#6249,#5432,.T.);
#15065=EDGE_CURVE('',#6246,#6247,#5437,.T.);
#15078=EDGE_CURVE('',#6226,#6246,#5441,.T.);
#15091=EDGE_CURVE('',#6227,#6247,#5445,.T.);
#15104=EDGE_CURVE('',#6229,#6249,#5449,.T.);
#15117=EDGE_CURVE('',#6231,#6251,#5453,.T.);
#15130=EDGE_CURVE('',#6233,#6253,#5457,.T.);
#15143=EDGE_CURVE('',#6235,#6255,#5461,.T.);
#15156=EDGE_CURVE('',#6237,#6257,#5465,.T.);
#15169=EDGE_CURVE('',#6239,#6259,#5469,.T.);
#15182=EDGE_CURVE('',#6241,#6261,#5473,.T.);
#15195=EDGE_CURVE('',#6243,#6263,#5477,.T.);
#15218=EDGE_CURVE('',#6904,#6304,#5481,.T.);
#15220=EDGE_CURVE('',#6304,#6305,#5486,.T.);
#15222=EDGE_CURVE('',#6305,#6307,#5490,.T.);
#15224=EDGE_CURVE('',#6307,#6309,#5495,.T.);
#15226=EDGE_CURVE('',#6309,#6311,#5499,.T.);
#15228=EDGE_CURVE('',#6311,#6294,#5503,.T.);
#15230=EDGE_CURVE('',#6294,#6295,#5507,.T.);
#15232=EDGE_CURVE('',#6295,#6297,#5512,.T.);
#15234=EDGE_CURVE('',#6297,#6299,#5516,.T.);
#15236=EDGE_CURVE('',#6299,#6301,#5521,.T.);
#15238=EDGE_CURVE('',#6301,#6905,#5525,.T.);
#15249=EDGE_CURVE('',#6908,#6284,#5529,.T.);
#15251=EDGE_CURVE('',#6284,#6285,#5534,.T.);
#15253=EDGE_CURVE('',#6285,#6287,#5538,.T.);
#15255=EDGE_CURVE('',#6287,#6289,#5543,.T.);
#15257=EDGE_CURVE('',#6289,#6291,#5547,.T.);
#15259=EDGE_CURVE('',#6291,#6274,#5551,.T.);
#15261=EDGE_CURVE('',#6274,#6275,#5555,.T.);
#15263=EDGE_CURVE('',#6275,#6277,#5560,.T.);
#15265=EDGE_CURVE('',#6277,#6279,#5564,.T.);
#15267=EDGE_CURVE('',#6279,#6281,#5569,.T.);
#15269=EDGE_CURVE('',#6281,#6909,#5573,.T.);
#15280=EDGE_CURVE('',#6912,#6344,#5621,.T.);
#15282=EDGE_CURVE('',#6304,#6344,#5709,.T.);
#15294=EDGE_CURVE('',#6341,#6913,#5577,.T.);
#15296=EDGE_CURVE('',#6339,#6341,#5582,.T.);
#15298=EDGE_CURVE('',#6337,#6339,#5586,.T.);
#15300=EDGE_CURVE('',#6335,#6337,#5591,.T.);
#15302=EDGE_CURVE('',#6334,#6335,#5595,.T.);
#15304=EDGE_CURVE('',#6351,#6334,#5599,.T.);
#15306=EDGE_CURVE('',#6349,#6351,#5603,.T.);
#15308=EDGE_CURVE('',#6347,#6349,#5608,.T.);
#15310=EDGE_CURVE('',#6345,#6347,#5612,.T.);
#15312=EDGE_CURVE('',#6344,#6345,#5617,.T.);
#15324=EDGE_CURVE('',#6321,#6917,#5625,.T.);
#15326=EDGE_CURVE('',#6319,#6321,#5630,.T.);
#15328=EDGE_CURVE('',#6317,#6319,#5634,.T.);
#15330=EDGE_CURVE('',#6315,#6317,#5639,.T.);
#15332=EDGE_CURVE('',#6314,#6315,#5643,.T.);
#15334=EDGE_CURVE('',#6331,#6314,#5647,.T.);
#15336=EDGE_CURVE('',#6329,#6331,#5651,.T.);
#15338=EDGE_CURVE('',#6327,#6329,#5656,.T.);
#15340=EDGE_CURVE('',#6325,#6327,#5660,.T.);
#15342=EDGE_CURVE('',#6324,#6325,#5665,.T.);
#15344=EDGE_CURVE('',#6916,#6324,#5669,.T.);
#15356=EDGE_CURVE('',#6301,#6341,#5673,.T.);
#15368=EDGE_CURVE('',#6299,#6339,#5677,.T.);
#15381=EDGE_CURVE('',#6297,#6337,#5681,.T.);
#15394=EDGE_CURVE('',#6295,#6335,#5685,.T.);
#15407=EDGE_CURVE('',#6294,#6334,#5689,.T.);
#15420=EDGE_CURVE('',#6311,#6351,#5693,.T.);
#15433=EDGE_CURVE('',#6309,#6349,#5697,.T.);
#15446=EDGE_CURVE('',#6307,#6347,#5701,.T.);
#15459=EDGE_CURVE('',#6305,#6345,#5705,.T.);
#15485=EDGE_CURVE('',#6281,#6321,#5713,.T.);
#15497=EDGE_CURVE('',#6279,#6319,#5717,.T.);
#15510=EDGE_CURVE('',#6277,#6317,#5721,.T.);
#15523=EDGE_CURVE('',#6275,#6315,#5725,.T.);
#15536=EDGE_CURVE('',#6274,#6314,#5729,.T.);
#15549=EDGE_CURVE('',#6291,#6331,#5733,.T.);
#15562=EDGE_CURVE('',#6289,#6329,#5737,.T.);
#15575=EDGE_CURVE('',#6287,#6327,#5741,.T.);
#15588=EDGE_CURVE('',#6285,#6325,#5745,.T.);
#15601=EDGE_CURVE('',#6284,#6324,#5749,.T.);
#15629=CIRCLE('',#15628,1.8542E0);
#15638=CIRCLE('',#15637,2.3622E0);
#15643=CIRCLE('',#15642,2.3622E0);
#15648=CIRCLE('',#15647,1.8542E0);
#15653=CIRCLE('',#15652,1.8542E0);
#15666=CIRCLE('',#15665,2.54E-1);
#15671=CIRCLE('',#15670,2.54E-1);
#15676=CIRCLE('',#15675,2.3622E0);
#15681=CIRCLE('',#15680,2.3622E0);
#15686=CIRCLE('',#15685,1.8542E0);
#15708=EDGE_CURVE('',#15702,#15701,#15653,.T.);
#15710=EDGE_CURVE('',#15694,#15702,#15624,.T.);
#15712=EDGE_CURVE('',#15690,#15694,#15629,.T.);
#15714=EDGE_CURVE('',#15690,#15701,#15633,.T.);
#15724=EDGE_CURVE('',#15697,#15698,#15638,.T.);
#15726=EDGE_CURVE('',#15698,#15697,#15643,.T.);
#15730=EDGE_CURVE('',#15701,#15702,#15648,.T.);
#15742=EDGE_CURVE('',#15698,#15693,#15661,.T.);
#15744=EDGE_CURVE('',#15689,#15693,#15681,.T.);
#15746=EDGE_CURVE('',#15697,#15689,#15657,.T.);
#15758=EDGE_CURVE('',#15689,#15693,#15676,.T.);
#15769=EDGE_CURVE('',#15689,#15690,#15666,.T.);
#15772=EDGE_CURVE('',#15693,#15694,#15671,.T.);
#15786=EDGE_CURVE('',#15690,#15694,#15686,.T.);
#15808=CIRCLE('',#15807,2.3622E0);
#15813=CIRCLE('',#15812,2.3622E0);
#15818=CIRCLE('',#15817,1.8542E0);
#15823=CIRCLE('',#15822,1.8542E0);
#15836=CIRCLE('',#15835,2.54E-1);
#15841=CIRCLE('',#15840,2.54E-1);
#15846=CIRCLE('',#15845,2.3622E0);
#15851=CIRCLE('',#15850,2.3622E0);
#15856=CIRCLE('',#15855,1.8542E0);
#15865=CIRCLE('',#15864,1.8542E0);
#15891=EDGE_CURVE('',#15880,#15881,#15808,.T.);
#15893=EDGE_CURVE('',#15881,#15880,#15813,.T.);
#15897=EDGE_CURVE('',#15884,#15885,#15818,.T.);
#15899=EDGE_CURVE('',#15885,#15884,#15823,.T.);
#15910=EDGE_CURVE('',#15881,#15876,#15831,.T.);
#15912=EDGE_CURVE('',#15872,#15876,#15851,.T.);
#15914=EDGE_CURVE('',#15880,#15872,#15827,.T.);
#15926=EDGE_CURVE('',#15872,#15876,#15846,.T.);
#15937=EDGE_CURVE('',#15872,#15873,#15836,.T.);
#15939=EDGE_CURVE('',#15873,#15877,#15865,.T.);
#15941=EDGE_CURVE('',#15876,#15877,#15841,.T.);
#15955=EDGE_CURVE('',#15873,#15877,#15856,.T.);
#15966=EDGE_CURVE('',#15873,#15884,#15869,.T.);
#15969=EDGE_CURVE('',#15877,#15885,#15860,.T.);
#15990=(LENGTH_UNIT()NAMED_UNIT(*)SI_UNIT(.MILLI.,.METRE.));
#15992=(NAMED_UNIT(*)PLANE_ANGLE_UNIT()SI_UNIT($,.RADIAN.));
#15995=(NAMED_UNIT(*)SI_UNIT($,.STERADIAN.)SOLID_ANGLE_UNIT());
#15998=ADVANCED_BREP_SHAPE_REPRESENTATION('',(#15989),#15997);
#16005=PRODUCT_DEFINITION('part definition','',#16004,#16001);
#16006=PRODUCT_DEFINITION_SHAPE('','SHAPE FOR C-5747842-4.',#16005);
#16007=SHAPE_ASPECT('','solid data associated with C-5747842-4',#16006,.F.);
#16008=PROPERTY_DEFINITION('',
'shape for solid data with which properties are associated',#16007);
#16009=SHAPE_REPRESENTATION('',(#15989),#15997);
#16010=SHAPE_DEFINITION_REPRESENTATION(#16008,#16009);
#16011=(LENGTH_UNIT()NAMED_UNIT(*)SI_UNIT(.MILLI.,.METRE.));
#16015=PROPERTY_DEFINITION('geometric validation property',
'area of C-5747842-4',#16007);
#16016=REPRESENTATION('surface area',(#16014),#15997);
#16017=PROPERTY_DEFINITION_REPRESENTATION(#16015,#16016);
#16018=(LENGTH_UNIT()NAMED_UNIT(*)SI_UNIT(.MILLI.,.METRE.));
#16022=PROPERTY_DEFINITION('geometric validation property',
'volume of C-5747842-4',#16007);
#16023=REPRESENTATION('volume',(#16021),#15997);
#16024=PROPERTY_DEFINITION_REPRESENTATION(#16022,#16023);
#16026=PROPERTY_DEFINITION('geometric validation property',
'centroid of C-5747842-4',#16007);
#16027=REPRESENTATION('centroid',(#16025),#15997);
#16028=PROPERTY_DEFINITION_REPRESENTATION(#16026,#16027);
#16029=(LENGTH_UNIT()NAMED_UNIT(*)SI_UNIT(.MILLI.,.METRE.));
#16033=PROPERTY_DEFINITION('geometric validation property',
'area of C-5747842-4',#16006);
#16034=REPRESENTATION('surface area',(#16032),#15997);
#16035=PROPERTY_DEFINITION_REPRESENTATION(#16033,#16034);
#16036=(LENGTH_UNIT()NAMED_UNIT(*)SI_UNIT(.MILLI.,.METRE.));
#16040=PROPERTY_DEFINITION('geometric validation property',
'volume of C-5747842-4',#16006);
#16041=REPRESENTATION('volume',(#16039),#15997);
#16042=PROPERTY_DEFINITION_REPRESENTATION(#16040,#16041);
#16044=PROPERTY_DEFINITION('geometric validation property',
'centroid of C-5747842-4',#16006);
#16045=REPRESENTATION('centroid',(#16043),#15997);
#16046=PROPERTY_DEFINITION_REPRESENTATION(#16044,#16045);
#16047=SHAPE_DEFINITION_REPRESENTATION(#16006,#15998);
#16049=PROPERTY_DEFINITION('user defined attribute','',#16005);
#16053=REPRESENTATION('',(#16052),#15997);
#16054=PROPERTY_DEFINITION_REPRESENTATION(#16049,#16053);
#16055=PROPERTY_DEFINITION('user defined attribute','',#16005);
#16059=REPRESENTATION('',(#16058),#15997);
#16060=PROPERTY_DEFINITION_REPRESENTATION(#16055,#16059);
#16061=PROPERTY_DEFINITION('user defined attribute','',#16005);
#16065=REPRESENTATION('',(#16064),#15997);
#16066=PROPERTY_DEFINITION_REPRESENTATION(#16061,#16065);
#16067=PROPERTY_DEFINITION('user defined attribute','',#16005);
#16071=REPRESENTATION('',(#16070),#15997);
#16072=PROPERTY_DEFINITION_REPRESENTATION(#16067,#16071);
#16073=PROPERTY_DEFINITION('user defined attribute','',#16005);
#16077=REPRESENTATION('',(#16076),#15997);
#16078=PROPERTY_DEFINITION_REPRESENTATION(#16073,#16077);
#16079=PROPERTY_DEFINITION('user defined attribute','',#16005);
#16083=REPRESENTATION('',(#16082),#15997);
#16084=PROPERTY_DEFINITION_REPRESENTATION(#16079,#16083);
#16085=PROPERTY_DEFINITION('user defined attribute','',#16005);
#16089=REPRESENTATION('',(#16088),#15997);
#16090=PROPERTY_DEFINITION_REPRESENTATION(#16085,#16089);
#16091=PROPERTY_DEFINITION('user defined attribute','',#16005);
#16095=REPRESENTATION('',(#16094),#15997);
#16096=PROPERTY_DEFINITION_REPRESENTATION(#16091,#16095);
#16097=PROPERTY_DEFINITION('user defined attribute','',#16005);
#16101=REPRESENTATION('',(#16100),#15997);
#16102=PROPERTY_DEFINITION_REPRESENTATION(#16097,#16101);
#16103=PROPERTY_DEFINITION('user defined attribute','',#16005);
#16107=REPRESENTATION('',(#16106),#15997);
#16108=PROPERTY_DEFINITION_REPRESENTATION(#16103,#16107);
#16109=PROPERTY_DEFINITION('user defined attribute','',#16005);
#16113=REPRESENTATION('',(#16112),#15997);
#16114=PROPERTY_DEFINITION_REPRESENTATION(#16109,#16113);
#16115=PROPERTY_DEFINITION('user defined attribute','',#16005);
#16119=REPRESENTATION('',(#16118),#15997);
#16120=PROPERTY_DEFINITION_REPRESENTATION(#16115,#16119);
#16121=PROPERTY_DEFINITION('user defined attribute','',#16005);
#16125=REPRESENTATION('',(#16124),#15997);
#16126=PROPERTY_DEFINITION_REPRESENTATION(#16121,#16125);
#16127=PROPERTY_DEFINITION('user defined attribute','',#16005);
#16131=REPRESENTATION('',(#16130),#15997);
#16132=PROPERTY_DEFINITION_REPRESENTATION(#16127,#16131);
#16133=PROPERTY_DEFINITION('user defined attribute','',#16005);
#16137=REPRESENTATION('',(#16136),#15997);
#16138=PROPERTY_DEFINITION_REPRESENTATION(#16133,#16137);
#16139=PROPERTY_DEFINITION('user defined attribute','',#16005);
#16143=REPRESENTATION('',(#16142),#15997);
#16144=PROPERTY_DEFINITION_REPRESENTATION(#16139,#16143);
#16145=PROPERTY_DEFINITION('user defined attribute','',#16005);
#16149=REPRESENTATION('',(#16148),#15997);
#16150=PROPERTY_DEFINITION_REPRESENTATION(#16145,#16149);
#16151=PROPERTY_DEFINITION('user defined attribute','',#16005);
#16155=REPRESENTATION('',(#16154),#15997);
#16156=PROPERTY_DEFINITION_REPRESENTATION(#16151,#16155);
#16157=PROPERTY_DEFINITION('user defined attribute','',#16005);
#16161=REPRESENTATION('',(#16160),#15997);
#16162=PROPERTY_DEFINITION_REPRESENTATION(#16157,#16161);
#16163=PROPERTY_DEFINITION('user defined attribute','',#16005);
#16167=REPRESENTATION('',(#16166),#15997);
#16168=PROPERTY_DEFINITION_REPRESENTATION(#16163,#16167);
#16169=PROPERTY_DEFINITION('user defined attribute','',#16005);
#16173=REPRESENTATION('',(#16172),#15997);
#16174=PROPERTY_DEFINITION_REPRESENTATION(#16169,#16173);
#16175=PROPERTY_DEFINITION('user defined attribute','',#16005);
#16179=REPRESENTATION('',(#16178),#15997);
#16180=PROPERTY_DEFINITION_REPRESENTATION(#16175,#16179);
#16181=PROPERTY_DEFINITION('user defined attribute','',#16005);
#16185=REPRESENTATION('',(#16184),#15997);
#16186=PROPERTY_DEFINITION_REPRESENTATION(#16181,#16185);
ENDSEC;
END-ISO-10303-21;
