ISO-10303-21;
HEADER;
FILE_DESCRIPTION(('STEP AP203'),'1');
FILE_NAME('5747840-6.stp','2022-11-17T07:32:01',('TraceParts'),('TraceParts S.A.'),'Spatial InterOp 3D',' ',' ');
FILE_SCHEMA(('CONFIG_CONTROL_DESIGN'));
ENDSEC;
DATA;
#1=DESIGN_CONTEXT('',#27,'design');
#2=APPLICATION_PROTOCOL_DEFINITION('INTERNATIONAL STANDARD','config_control_design',1994,#27);
#3=PRODUCT_CATEGORY_RELATIONSHIP('NONE','NONE',#28,#29);
#4=DATE_AND_TIME(#30,#31);
#5=DATE_TIME_ROLE('creation_date');
#6=DATE_TIME_ROLE('classification_date');
#7=PERSON_AND_ORGANIZATION_ROLE('creator');
#8=PERSON_AND_ORGANIZATION_ROLE('design_supplier');
#9=PERSON_AND_ORGANIZATION_ROLE('classification_officer');
#10=PERSON_AND_ORGANIZATION_ROLE('design_owner');
#11=APPROVAL_PERSON_ORGANIZATION(#32,#33,#34);
#12=APPROVAL_DATE_TIME(#4,#33);
#13=CC_DESIGN_APPROVAL(#33,(#35,#36,#37));
#14=CC_DESIGN_DATE_AND_TIME_ASSIGNMENT(#4,#5,(#37));
#15=CC_DESIGN_DATE_AND_TIME_ASSIGNMENT(#4,#6,(#35));
#16=CC_DESIGN_PERSON_AND_ORGANIZATION_ASSIGNMENT(#32,#10,(#38));
#17=CC_DESIGN_PERSON_AND_ORGANIZATION_ASSIGNMENT(#32,#7,(#37));
#18=CC_DESIGN_PERSON_AND_ORGANIZATION_ASSIGNMENT(#32,#7,(#36));
#19=CC_DESIGN_PERSON_AND_ORGANIZATION_ASSIGNMENT(#32,#8,(#36));
#20=CC_DESIGN_SECURITY_CLASSIFICATION(#35,(#36));
#21=CC_DESIGN_PERSON_AND_ORGANIZATION_ASSIGNMENT(#32,#9,(#35));
#22=SHAPE_DEFINITION_REPRESENTATION(#39,#40);
#23= (GEOMETRIC_REPRESENTATION_CONTEXT(3)GLOBAL_UNCERTAINTY_ASSIGNED_CONTEXT((#43))GLOBAL_UNIT_ASSIGNED_CONTEXT((#45,#46,#47))REPRESENTATION_CONTEXT('NONE','WORKSPACE'));
#27=APPLICATION_CONTEXT('CONFIGURATION CONTROLLED 3D DESIGNS OF MECHANICAL PARTS AND ASSEMBLIES');
#28=PRODUCT_CATEGORY('part','NONE');
#29=PRODUCT_RELATED_PRODUCT_CATEGORY('detail',' ',(#38));
#30=CALENDAR_DATE(2022,17,10);
#31=LOCAL_TIME(8,32,1.0,#49);
#32=PERSON_AND_ORGANIZATION(#50,#51);
#33=APPROVAL(#52,'SOLID MODEL');
#34=APPROVAL_ROLE('APPROVED');
#35=SECURITY_CLASSIFICATION('','',#53);
#36=PRODUCT_DEFINITION_FORMATION_WITH_SPECIFIED_SOURCE(' ','NONE',#38,.NOT_KNOWN.);
#37=PRODUCT_DEFINITION('','NONE',#36,#1);
#38=PRODUCT('1','','PART--DESC',(#54));
#39=PRODUCT_DEFINITION_SHAPE('NONE','NONE',#37);
#40=ADVANCED_BREP_SHAPE_REPRESENTATION('1',(#55,#56),#23);
#43=UNCERTAINTY_MEASURE_WITH_UNIT(LENGTH_MEASURE(1.0E-06),#45,'','');
#45= (CONVERSION_BASED_UNIT('MILLIMETRE',#59)LENGTH_UNIT()NAMED_UNIT(#62));
#46= (NAMED_UNIT(#64)PLANE_ANGLE_UNIT()SI_UNIT($,.RADIAN.));
#47= (NAMED_UNIT(#64)SOLID_ANGLE_UNIT()SI_UNIT($,.STERADIAN.));
#49=COORDINATED_UNIVERSAL_TIME_OFFSET(1,0,.AHEAD.);
#50=PERSON('','UNSPECIFIED',$,$,$,$);
#51=ORGANIZATION('UNSPECIFIED','UNSPECIFIED','UNSPECIFIED');
#52=APPROVAL_STATUS('approved');
#53=SECURITY_CLASSIFICATION_LEVEL('unclassified');
#54=MECHANICAL_CONTEXT('',#27,'mechanical');
#55=BREP_WITH_VOIDS('1',#70,(#71,#72));
#56=AXIS2_PLACEMENT_3D('',#73,#74,#75);
#59=LENGTH_MEASURE_WITH_UNIT(LENGTH_MEASURE(1.0),#76);
#62=DIMENSIONAL_EXPONENTS(1.0,0.0,0.0,0.0,0.0,0.0,0.0);
#64=DIMENSIONAL_EXPONENTS(0.0,0.0,0.0,0.0,0.0,0.0,0.0);
#70=CLOSED_SHELL('',(#77,#78,#79,#80,#81,#82,#83,#84,#85,#86,#87,#88,#89,#90,#91,#92,#93,#94,#95,#96,#97,#98,#99,#100,#101,#102,#103,#104,#105,#106,#107,#108,#109,#110,#111,#112,#113,#114,#115,#116,#117,#118,#119,#120,#121,#122,#123,#124,#125,#126,#127,#128,#129,#130,#131,#132,#133,#134,#135,#136,#137,#138,#139,#140,#141,#142,#143,#144,#145,#146,#147,#148,#149,#150,#151,#152,#153,#154,#155,#156,#157,#158,#159,#160,#161,#162,#163,#164,#165,#166,#167,#168,#169,#170,#171,#172,#173,#174,#175,#176,#177,#178,#179,#180,#181,#182,#183,#184,#185,#186,#187,#188,#189,#190,#191,#192,#193,#194,#195,#196,#197,#198,#199,#200,#201,#202,#203,#204,#205,#206,#207,#208,#209,#210,#211,#212,#213,#214,#215,#216,#217,#218,#219,#220,#221,#222,#223,#224,#225,#226,#227,#228,#229,#230,#231,#232,#233,#234,#235,#236,#237,#238,#239,#240,#241,#242,#243,#244,#245,#246,#247,#248,#249,#250,#251,#252,#253,#254,#255,#256,#257,#258,#259,#260,#261,#262,#263,#264,#265,#266,#267,#268,#269,#270,#271,#272,#273,#274,#275,#276,#277,#278,#279,#280,#281,#282,#283,#284,#285,#286,#287,#288,#289,#290,#291,#292,#293,#294,#295,#296,#297,#298,#299,#300,#301,#302,#303,#304,#305,#306,#307,#308,#309,#310,#311,#312,#313,#314,#315,#316,#317,#318,#319,#320,#321,#322,#323,#324,#325,#326,#327,#328,#329,#330,#331,#332,#333,#334,#335,#336,#337,#338,#339,#340,#341,#342,#343,#344,#345,#346,#347,#348,#349,#350,#351,#352,#353,#354,#355,#356,#357,#358,#359,#360,#361,#362,#363,#364,#365,#366,#367,#368,#369,#370,#371,#372,#373,#374,#375,#376,#377,#378,#379,#380,#381,#382,#383,#384,#385,#386,#387,#388,#389,#390,#391,#392,#393,#394,#395,#396,#397,#398,#399,#400,#401,#402,#403,#404,#405,#406,#407,#408,#409,#410,#411,#412,#413,#414,#415,#416,#417,#418,#419,#420,#421,#422,#423,#424,#425,#426,#427,#428,#429,#430,#431,#432,#433,#434,#435,#436,#437,#438,#439,#440,#441,#442,#443,#444,#445,#446,#447,#448,#449,#450,#451,#452,#453,#454,#455,#456,#457,#458,#459,#460,#461,#462,#463,#464,#465,#466,#467,#468,#469,#470,#471,#472,#473,#474,#475,#476,#477,#478,#479,#480,#481,#482,#483,#484,#485,#486,#487,#488,#489,#490,#491,#492,#493,#494,#495,#496,#497,#498,#499,#500,#501,#502,#503,#504,#505,#506,#507,#508,#509,#510,#511,#512,#513,#514,#515,#516,#517,#518,#519,#520,#521,#522,#523,#524,#525,#526,#527,#528,#529,#530,#531,#532,#533,#534,#535,#536,#537,#538,#539,#540,#541,#542,#543,#544,#545,#546,#547,#548,#549,#550,#551,#552,#553,#554,#555,#556,#557,#558,#559,#560,#561,#562,#563,#564,#565,#566,#567,#568,#569,#570,#571,#572,#573,#574,#575,#576,#577,#578,#579,#580,#581,#582,#583,#584,#585,#586,#587,#588,#589,#590,#591,#592,#593,#594,#595,#596,#597,#598,#599,#600,#601,#602,#603,#604,#605,#606,#607));
#71=ORIENTED_CLOSED_SHELL('',*,#608,.T.);
#72=ORIENTED_CLOSED_SHELL('',*,#609,.T.);
#73=CARTESIAN_POINT('',(0.0,0.0,0.0));
#74=DIRECTION('',(0.0,0.0,1.0));
#75=DIRECTION('',(1.0,0.0,0.0));
#76= (NAMED_UNIT(#62)LENGTH_UNIT()SI_UNIT(.MILLI.,.METRE.));
#77=ADVANCED_FACE('',(#611),#612,.T.);
#78=ADVANCED_FACE('',(#613),#614,.T.);
#79=ADVANCED_FACE('',(#615),#616,.F.);
#80=ADVANCED_FACE('',(#617),#618,.F.);
#81=ADVANCED_FACE('',(#619),#620,.F.);
#82=ADVANCED_FACE('',(#621),#622,.T.);
#83=ADVANCED_FACE('',(#623),#624,.T.);
#84=ADVANCED_FACE('',(#625),#626,.F.);
#85=ADVANCED_FACE('',(#627),#628,.F.);
#86=ADVANCED_FACE('',(#629),#630,.T.);
#87=ADVANCED_FACE('',(#631),#632,.F.);
#88=ADVANCED_FACE('',(#633),#634,.T.);
#89=ADVANCED_FACE('',(#635),#636,.T.);
#90=ADVANCED_FACE('',(#637),#638,.F.);
#91=ADVANCED_FACE('',(#639),#640,.F.);
#92=ADVANCED_FACE('',(#641),#642,.T.);
#93=ADVANCED_FACE('',(#643),#644,.F.);
#94=ADVANCED_FACE('',(#645),#646,.T.);
#95=ADVANCED_FACE('',(#647),#648,.F.);
#96=ADVANCED_FACE('',(#649),#650,.T.);
#97=ADVANCED_FACE('',(#651),#652,.F.);
#98=ADVANCED_FACE('',(#653),#654,.F.);
#99=ADVANCED_FACE('',(#655),#656,.F.);
#100=ADVANCED_FACE('',(#657),#658,.F.);
#101=ADVANCED_FACE('',(#659),#660,.T.);
#102=ADVANCED_FACE('',(#661),#662,.T.);
#103=ADVANCED_FACE('',(#663),#664,.T.);
#104=ADVANCED_FACE('',(#665),#666,.T.);
#105=ADVANCED_FACE('',(#667),#668,.T.);
#106=ADVANCED_FACE('',(#669),#670,.T.);
#107=ADVANCED_FACE('',(#671),#672,.T.);
#108=ADVANCED_FACE('',(#673),#674,.T.);
#109=ADVANCED_FACE('',(#675),#676,.T.);
#110=ADVANCED_FACE('',(#677),#678,.T.);
#111=ADVANCED_FACE('',(#679),#680,.T.);
#112=ADVANCED_FACE('',(#681),#682,.T.);
#113=ADVANCED_FACE('',(#683),#684,.T.);
#114=ADVANCED_FACE('',(#685),#686,.T.);
#115=ADVANCED_FACE('',(#687),#688,.F.);
#116=ADVANCED_FACE('',(#689),#690,.T.);
#117=ADVANCED_FACE('',(#691),#692,.F.);
#118=ADVANCED_FACE('',(#693),#694,.T.);
#119=ADVANCED_FACE('',(#695),#696,.T.);
#120=ADVANCED_FACE('',(#697),#698,.T.);
#121=ADVANCED_FACE('',(#699),#700,.T.);
#122=ADVANCED_FACE('',(#701),#702,.T.);
#123=ADVANCED_FACE('',(#703),#704,.T.);
#124=ADVANCED_FACE('',(#705),#706,.T.);
#125=ADVANCED_FACE('',(#707),#708,.T.);
#126=ADVANCED_FACE('',(#709),#710,.F.);
#127=ADVANCED_FACE('',(#711),#712,.F.);
#128=ADVANCED_FACE('',(#713,#714),#715,.T.);
#129=ADVANCED_FACE('',(#716,#717),#718,.T.);
#130=ADVANCED_FACE('',(#719),#720,.F.);
#131=ADVANCED_FACE('',(#721),#722,.F.);
#132=ADVANCED_FACE('',(#723),#724,.T.);
#133=ADVANCED_FACE('',(#725),#726,.T.);
#134=ADVANCED_FACE('',(#727),#728,.T.);
#135=ADVANCED_FACE('',(#729),#730,.T.);
#136=ADVANCED_FACE('',(#731),#732,.T.);
#137=ADVANCED_FACE('',(#733),#734,.T.);
#138=ADVANCED_FACE('',(#735),#736,.T.);
#139=ADVANCED_FACE('',(#737),#738,.T.);
#140=ADVANCED_FACE('',(#739),#740,.T.);
#141=ADVANCED_FACE('',(#741),#742,.T.);
#142=ADVANCED_FACE('',(#743),#744,.F.);
#143=ADVANCED_FACE('',(#745),#746,.T.);
#144=ADVANCED_FACE('',(#747),#748,.T.);
#145=ADVANCED_FACE('',(#749),#750,.T.);
#146=ADVANCED_FACE('',(#751),#752,.T.);
#147=ADVANCED_FACE('',(#753),#754,.F.);
#148=ADVANCED_FACE('',(#755),#756,.T.);
#149=ADVANCED_FACE('',(#757),#758,.T.);
#150=ADVANCED_FACE('',(#759),#760,.T.);
#151=ADVANCED_FACE('',(#761),#762,.F.);
#152=ADVANCED_FACE('',(#763),#764,.T.);
#153=ADVANCED_FACE('',(#765),#766,.T.);
#154=ADVANCED_FACE('',(#767),#768,.T.);
#155=ADVANCED_FACE('',(#769),#770,.T.);
#156=ADVANCED_FACE('',(#771),#772,.T.);
#157=ADVANCED_FACE('',(#773),#774,.T.);
#158=ADVANCED_FACE('',(#775),#776,.F.);
#159=ADVANCED_FACE('',(#777),#778,.F.);
#160=ADVANCED_FACE('',(#779),#780,.T.);
#161=ADVANCED_FACE('',(#781),#782,.T.);
#162=ADVANCED_FACE('',(#783),#784,.F.);
#163=ADVANCED_FACE('',(#785),#786,.F.);
#164=ADVANCED_FACE('',(#787),#788,.F.);
#165=ADVANCED_FACE('',(#789),#790,.F.);
#166=ADVANCED_FACE('',(#791),#792,.T.);
#167=ADVANCED_FACE('',(#793),#794,.T.);
#168=ADVANCED_FACE('',(#795),#796,.T.);
#169=ADVANCED_FACE('',(#797),#798,.T.);
#170=ADVANCED_FACE('',(#799),#800,.T.);
#171=ADVANCED_FACE('',(#801),#802,.T.);
#172=ADVANCED_FACE('',(#803),#804,.T.);
#173=ADVANCED_FACE('',(#805),#806,.T.);
#174=ADVANCED_FACE('',(#807),#808,.F.);
#175=ADVANCED_FACE('',(#809),#810,.T.);
#176=ADVANCED_FACE('',(#811),#812,.F.);
#177=ADVANCED_FACE('',(#813),#814,.T.);
#178=ADVANCED_FACE('',(#815),#816,.F.);
#179=ADVANCED_FACE('',(#817),#818,.T.);
#180=ADVANCED_FACE('',(#819),#820,.F.);
#181=ADVANCED_FACE('',(#821),#822,.T.);
#182=ADVANCED_FACE('',(#823),#824,.T.);
#183=ADVANCED_FACE('',(#825),#826,.T.);
#184=ADVANCED_FACE('',(#827),#828,.F.);
#185=ADVANCED_FACE('',(#829),#830,.F.);
#186=ADVANCED_FACE('',(#831),#832,.T.);
#187=ADVANCED_FACE('',(#833),#834,.T.);
#188=ADVANCED_FACE('',(#835),#836,.T.);
#189=ADVANCED_FACE('',(#837),#838,.T.);
#190=ADVANCED_FACE('',(#839),#840,.T.);
#191=ADVANCED_FACE('',(#841),#842,.T.);
#192=ADVANCED_FACE('',(#843),#844,.T.);
#193=ADVANCED_FACE('',(#845),#846,.T.);
#194=ADVANCED_FACE('',(#847),#848,.F.);
#195=ADVANCED_FACE('',(#849),#850,.F.);
#196=ADVANCED_FACE('',(#851),#852,.F.);
#197=ADVANCED_FACE('',(#853),#854,.F.);
#198=ADVANCED_FACE('',(#855),#856,.T.);
#199=ADVANCED_FACE('',(#857),#858,.T.);
#200=ADVANCED_FACE('',(#859),#860,.T.);
#201=ADVANCED_FACE('',(#861),#862,.T.);
#202=ADVANCED_FACE('',(#863),#864,.T.);
#203=ADVANCED_FACE('',(#865),#866,.T.);
#204=ADVANCED_FACE('',(#867),#868,.F.);
#205=ADVANCED_FACE('',(#869),#870,.T.);
#206=ADVANCED_FACE('',(#871),#872,.F.);
#207=ADVANCED_FACE('',(#873),#874,.T.);
#208=ADVANCED_FACE('',(#875),#876,.F.);
#209=ADVANCED_FACE('',(#877),#878,.T.);
#210=ADVANCED_FACE('',(#879),#880,.F.);
#211=ADVANCED_FACE('',(#881),#882,.T.);
#212=ADVANCED_FACE('',(#883),#884,.T.);
#213=ADVANCED_FACE('',(#885),#886,.T.);
#214=ADVANCED_FACE('',(#887),#888,.F.);
#215=ADVANCED_FACE('',(#889,#890,#891,#892,#893,#894,#895,#896,#897,#898),#899,.T.);
#216=ADVANCED_FACE('',(#900),#901,.F.);
#217=ADVANCED_FACE('',(#902),#903,.T.);
#218=ADVANCED_FACE('',(#904),#905,.F.);
#219=ADVANCED_FACE('',(#906,#907),#908,.T.);
#220=ADVANCED_FACE('',(#909,#910),#911,.T.);
#221=ADVANCED_FACE('',(#912),#913,.T.);
#222=ADVANCED_FACE('',(#914,#915),#916,.T.);
#223=ADVANCED_FACE('',(#917,#918),#919,.T.);
#224=ADVANCED_FACE('',(#920,#921,#922,#923,#924),#925,.T.);
#225=ADVANCED_FACE('',(#926,#927,#928,#929,#930),#931,.T.);
#226=ADVANCED_FACE('',(#932),#933,.T.);
#227=ADVANCED_FACE('',(#934),#935,.T.);
#228=ADVANCED_FACE('',(#936),#937,.T.);
#229=ADVANCED_FACE('',(#938),#939,.T.);
#230=ADVANCED_FACE('',(#940),#941,.T.);
#231=ADVANCED_FACE('',(#942),#943,.T.);
#232=ADVANCED_FACE('',(#944),#945,.T.);
#233=ADVANCED_FACE('',(#946),#947,.T.);
#234=ADVANCED_FACE('',(#948),#949,.F.);
#235=ADVANCED_FACE('',(#950),#951,.T.);
#236=ADVANCED_FACE('',(#952),#953,.F.);
#237=ADVANCED_FACE('',(#954),#955,.T.);
#238=ADVANCED_FACE('',(#956),#957,.T.);
#239=ADVANCED_FACE('',(#958),#959,.T.);
#240=ADVANCED_FACE('',(#960),#961,.T.);
#241=ADVANCED_FACE('',(#962),#963,.T.);
#242=ADVANCED_FACE('',(#964),#965,.T.);
#243=ADVANCED_FACE('',(#966),#967,.T.);
#244=ADVANCED_FACE('',(#968),#969,.T.);
#245=ADVANCED_FACE('',(#970),#971,.T.);
#246=ADVANCED_FACE('',(#972),#973,.T.);
#247=ADVANCED_FACE('',(#974,#975),#976,.T.);
#248=ADVANCED_FACE('',(#977,#978),#979,.T.);
#249=ADVANCED_FACE('',(#980),#981,.T.);
#250=ADVANCED_FACE('',(#982),#983,.T.);
#251=ADVANCED_FACE('',(#984),#985,.F.);
#252=ADVANCED_FACE('',(#986),#987,.F.);
#253=ADVANCED_FACE('',(#988),#989,.F.);
#254=ADVANCED_FACE('',(#990),#991,.F.);
#255=ADVANCED_FACE('',(#992),#993,.F.);
#256=ADVANCED_FACE('',(#994),#995,.F.);
#257=ADVANCED_FACE('',(#996),#997,.F.);
#258=ADVANCED_FACE('',(#998),#999,.F.);
#259=ADVANCED_FACE('',(#1000),#1001,.T.);
#260=ADVANCED_FACE('',(#1002),#1003,.T.);
#261=ADVANCED_FACE('',(#1004),#1005,.T.);
#262=ADVANCED_FACE('',(#1006),#1007,.T.);
#263=ADVANCED_FACE('',(#1008),#1009,.T.);
#264=ADVANCED_FACE('',(#1010),#1011,.T.);
#265=ADVANCED_FACE('',(#1012),#1013,.F.);
#266=ADVANCED_FACE('',(#1014),#1015,.T.);
#267=ADVANCED_FACE('',(#1016),#1017,.T.);
#268=ADVANCED_FACE('',(#1018),#1019,.T.);
#269=ADVANCED_FACE('',(#1020),#1021,.T.);
#270=ADVANCED_FACE('',(#1022),#1023,.T.);
#271=ADVANCED_FACE('',(#1024),#1025,.T.);
#272=ADVANCED_FACE('',(#1026),#1027,.F.);
#273=ADVANCED_FACE('',(#1028),#1029,.T.);
#274=ADVANCED_FACE('',(#1030),#1031,.T.);
#275=ADVANCED_FACE('',(#1032),#1033,.T.);
#276=ADVANCED_FACE('',(#1034),#1035,.F.);
#277=ADVANCED_FACE('',(#1036),#1037,.T.);
#278=ADVANCED_FACE('',(#1038),#1039,.T.);
#279=ADVANCED_FACE('',(#1040),#1041,.T.);
#280=ADVANCED_FACE('',(#1042),#1043,.T.);
#281=ADVANCED_FACE('',(#1044),#1045,.T.);
#282=ADVANCED_FACE('',(#1046),#1047,.T.);
#283=ADVANCED_FACE('',(#1048),#1049,.F.);
#284=ADVANCED_FACE('',(#1050),#1051,.T.);
#285=ADVANCED_FACE('',(#1052),#1053,.T.);
#286=ADVANCED_FACE('',(#1054),#1055,.T.);
#287=ADVANCED_FACE('',(#1056),#1057,.T.);
#288=ADVANCED_FACE('',(#1058),#1059,.F.);
#289=ADVANCED_FACE('',(#1060),#1061,.T.);
#290=ADVANCED_FACE('',(#1062),#1063,.T.);
#291=ADVANCED_FACE('',(#1064),#1065,.T.);
#292=ADVANCED_FACE('',(#1066),#1067,.T.);
#293=ADVANCED_FACE('',(#1068),#1069,.T.);
#294=ADVANCED_FACE('',(#1070),#1071,.T.);
#295=ADVANCED_FACE('',(#1072),#1073,.F.);
#296=ADVANCED_FACE('',(#1074),#1075,.T.);
#297=ADVANCED_FACE('',(#1076),#1077,.T.);
#298=ADVANCED_FACE('',(#1078),#1079,.T.);
#299=ADVANCED_FACE('',(#1080),#1081,.T.);
#300=ADVANCED_FACE('',(#1082),#1083,.T.);
#301=ADVANCED_FACE('',(#1084),#1085,.T.);
#302=ADVANCED_FACE('',(#1086),#1087,.F.);
#303=ADVANCED_FACE('',(#1088),#1089,.T.);
#304=ADVANCED_FACE('',(#1090),#1091,.T.);
#305=ADVANCED_FACE('',(#1092),#1093,.T.);
#306=ADVANCED_FACE('',(#1094),#1095,.T.);
#307=ADVANCED_FACE('',(#1096),#1097,.T.);
#308=ADVANCED_FACE('',(#1098),#1099,.T.);
#309=ADVANCED_FACE('',(#1100),#1101,.F.);
#310=ADVANCED_FACE('',(#1102),#1103,.T.);
#311=ADVANCED_FACE('',(#1104),#1105,.F.);
#312=ADVANCED_FACE('',(#1106),#1107,.F.);
#313=ADVANCED_FACE('',(#1108),#1109,.T.);
#314=ADVANCED_FACE('',(#1110),#1111,.F.);
#315=ADVANCED_FACE('',(#1112),#1113,.T.);
#316=ADVANCED_FACE('',(#1114),#1115,.T.);
#317=ADVANCED_FACE('',(#1116),#1117,.T.);
#318=ADVANCED_FACE('',(#1118),#1119,.T.);
#319=ADVANCED_FACE('',(#1120),#1121,.T.);
#320=ADVANCED_FACE('',(#1122),#1123,.T.);
#321=ADVANCED_FACE('',(#1124),#1125,.F.);
#322=ADVANCED_FACE('',(#1126),#1127,.T.);
#323=ADVANCED_FACE('',(#1128),#1129,.T.);
#324=ADVANCED_FACE('',(#1130),#1131,.T.);
#325=ADVANCED_FACE('',(#1132),#1133,.T.);
#326=ADVANCED_FACE('',(#1134),#1135,.T.);
#327=ADVANCED_FACE('',(#1136),#1137,.T.);
#328=ADVANCED_FACE('',(#1138),#1139,.F.);
#329=ADVANCED_FACE('',(#1140),#1141,.T.);
#330=ADVANCED_FACE('',(#1142),#1143,.T.);
#331=ADVANCED_FACE('',(#1144),#1145,.T.);
#332=ADVANCED_FACE('',(#1146),#1147,.T.);
#333=ADVANCED_FACE('',(#1148),#1149,.T.);
#334=ADVANCED_FACE('',(#1150),#1151,.T.);
#335=ADVANCED_FACE('',(#1152),#1153,.F.);
#336=ADVANCED_FACE('',(#1154),#1155,.T.);
#337=ADVANCED_FACE('',(#1156),#1157,.T.);
#338=ADVANCED_FACE('',(#1158),#1159,.T.);
#339=ADVANCED_FACE('',(#1160),#1161,.F.);
#340=ADVANCED_FACE('',(#1162),#1163,.F.);
#341=ADVANCED_FACE('',(#1164),#1165,.T.);
#342=ADVANCED_FACE('',(#1166),#1167,.T.);
#343=ADVANCED_FACE('',(#1168),#1169,.T.);
#344=ADVANCED_FACE('',(#1170),#1171,.T.);
#345=ADVANCED_FACE('',(#1172),#1173,.T.);
#346=ADVANCED_FACE('',(#1174),#1175,.T.);
#347=ADVANCED_FACE('',(#1176),#1177,.F.);
#348=ADVANCED_FACE('',(#1178),#1179,.T.);
#349=ADVANCED_FACE('',(#1180),#1181,.T.);
#350=ADVANCED_FACE('',(#1182),#1183,.T.);
#351=ADVANCED_FACE('',(#1184),#1185,.T.);
#352=ADVANCED_FACE('',(#1186),#1187,.T.);
#353=ADVANCED_FACE('',(#1188),#1189,.T.);
#354=ADVANCED_FACE('',(#1190),#1191,.F.);
#355=ADVANCED_FACE('',(#1192),#1193,.T.);
#356=ADVANCED_FACE('',(#1194),#1195,.F.);
#357=ADVANCED_FACE('',(#1196),#1197,.T.);
#358=ADVANCED_FACE('',(#1198),#1199,.T.);
#359=ADVANCED_FACE('',(#1200),#1201,.T.);
#360=ADVANCED_FACE('',(#1202),#1203,.T.);
#361=ADVANCED_FACE('',(#1204),#1205,.T.);
#362=ADVANCED_FACE('',(#1206),#1207,.T.);
#363=ADVANCED_FACE('',(#1208),#1209,.F.);
#364=ADVANCED_FACE('',(#1210),#1211,.T.);
#365=ADVANCED_FACE('',(#1212),#1213,.T.);
#366=ADVANCED_FACE('',(#1214),#1215,.T.);
#367=ADVANCED_FACE('',(#1216,#1217,#1218,#1219,#1220,#1221,#1222,#1223,#1224,#1225,#1226,#1227),#1228,.T.);
#368=ADVANCED_FACE('',(#1229),#1230,.T.);
#369=ADVANCED_FACE('',(#1231),#1232,.T.);
#370=ADVANCED_FACE('',(#1233),#1234,.T.);
#371=ADVANCED_FACE('',(#1235),#1236,.F.);
#372=ADVANCED_FACE('',(#1237),#1238,.T.);
#373=ADVANCED_FACE('',(#1239),#1240,.T.);
#374=ADVANCED_FACE('',(#1241),#1242,.T.);
#375=ADVANCED_FACE('',(#1243),#1244,.F.);
#376=ADVANCED_FACE('',(#1245),#1246,.T.);
#377=ADVANCED_FACE('',(#1247),#1248,.T.);
#378=ADVANCED_FACE('',(#1249),#1250,.T.);
#379=ADVANCED_FACE('',(#1251),#1252,.F.);
#380=ADVANCED_FACE('',(#1253),#1254,.T.);
#381=ADVANCED_FACE('',(#1255),#1256,.T.);
#382=ADVANCED_FACE('',(#1257),#1258,.T.);
#383=ADVANCED_FACE('',(#1259),#1260,.F.);
#384=ADVANCED_FACE('',(#1261),#1262,.T.);
#385=ADVANCED_FACE('',(#1263),#1264,.T.);
#386=ADVANCED_FACE('',(#1265),#1266,.T.);
#387=ADVANCED_FACE('',(#1267),#1268,.T.);
#388=ADVANCED_FACE('',(#1269),#1270,.T.);
#389=ADVANCED_FACE('',(#1271),#1272,.T.);
#390=ADVANCED_FACE('',(#1273),#1274,.T.);
#391=ADVANCED_FACE('',(#1275),#1276,.T.);
#392=ADVANCED_FACE('',(#1277),#1278,.T.);
#393=ADVANCED_FACE('',(#1279),#1280,.T.);
#394=ADVANCED_FACE('',(#1281),#1282,.T.);
#395=ADVANCED_FACE('',(#1283),#1284,.F.);
#396=ADVANCED_FACE('',(#1285,#1286,#1287,#1288),#1289,.T.);
#397=ADVANCED_FACE('',(#1290),#1291,.F.);
#398=ADVANCED_FACE('',(#1292),#1293,.T.);
#399=ADVANCED_FACE('',(#1294),#1295,.T.);
#400=ADVANCED_FACE('',(#1296),#1297,.F.);
#401=ADVANCED_FACE('',(#1298),#1299,.F.);
#402=ADVANCED_FACE('',(#1300),#1301,.F.);
#403=ADVANCED_FACE('',(#1302),#1303,.T.);
#404=ADVANCED_FACE('',(#1304),#1305,.T.);
#405=ADVANCED_FACE('',(#1306),#1307,.F.);
#406=ADVANCED_FACE('',(#1308),#1309,.T.);
#407=ADVANCED_FACE('',(#1310),#1311,.T.);
#408=ADVANCED_FACE('',(#1312),#1313,.T.);
#409=ADVANCED_FACE('',(#1314),#1315,.T.);
#410=ADVANCED_FACE('',(#1316),#1317,.T.);
#411=ADVANCED_FACE('',(#1318),#1319,.T.);
#412=ADVANCED_FACE('',(#1320),#1321,.T.);
#413=ADVANCED_FACE('',(#1322),#1323,.F.);
#414=ADVANCED_FACE('',(#1324),#1325,.F.);
#415=ADVANCED_FACE('',(#1326),#1327,.F.);
#416=ADVANCED_FACE('',(#1328),#1329,.F.);
#417=ADVANCED_FACE('',(#1330),#1331,.F.);
#418=ADVANCED_FACE('',(#1332),#1333,.T.);
#419=ADVANCED_FACE('',(#1334),#1335,.T.);
#420=ADVANCED_FACE('',(#1336),#1337,.F.);
#421=ADVANCED_FACE('',(#1338),#1339,.F.);
#422=ADVANCED_FACE('',(#1340),#1341,.F.);
#423=ADVANCED_FACE('',(#1342),#1343,.F.);
#424=ADVANCED_FACE('',(#1344),#1345,.F.);
#425=ADVANCED_FACE('',(#1346),#1347,.F.);
#426=ADVANCED_FACE('',(#1348),#1349,.F.);
#427=ADVANCED_FACE('',(#1350),#1351,.F.);
#428=ADVANCED_FACE('',(#1352),#1353,.F.);
#429=ADVANCED_FACE('',(#1354),#1355,.F.);
#430=ADVANCED_FACE('',(#1356),#1357,.F.);
#431=ADVANCED_FACE('',(#1358),#1359,.F.);
#432=ADVANCED_FACE('',(#1360),#1361,.F.);
#433=ADVANCED_FACE('',(#1362,#1363),#1364,.T.);
#434=ADVANCED_FACE('',(#1365,#1366),#1367,.T.);
#435=ADVANCED_FACE('',(#1368),#1369,.F.);
#436=ADVANCED_FACE('',(#1370),#1371,.F.);
#437=ADVANCED_FACE('',(#1372),#1373,.F.);
#438=ADVANCED_FACE('',(#1374),#1375,.F.);
#439=ADVANCED_FACE('',(#1376,#1377),#1378,.T.);
#440=ADVANCED_FACE('',(#1379,#1380),#1381,.T.);
#441=ADVANCED_FACE('',(#1382),#1383,.F.);
#442=ADVANCED_FACE('',(#1384),#1385,.F.);
#443=ADVANCED_FACE('',(#1386),#1387,.T.);
#444=ADVANCED_FACE('',(#1388),#1389,.T.);
#445=ADVANCED_FACE('',(#1390),#1391,.T.);
#446=ADVANCED_FACE('',(#1392),#1393,.T.);
#447=ADVANCED_FACE('',(#1394),#1395,.T.);
#448=ADVANCED_FACE('',(#1396),#1397,.T.);
#449=ADVANCED_FACE('',(#1398,#1399),#1400,.F.);
#450=ADVANCED_FACE('',(#1401),#1402,.T.);
#451=ADVANCED_FACE('',(#1403),#1404,.T.);
#452=ADVANCED_FACE('',(#1405,#1406),#1407,.T.);
#453=ADVANCED_FACE('',(#1408),#1409,.F.);
#454=ADVANCED_FACE('',(#1410),#1411,.F.);
#455=ADVANCED_FACE('',(#1412),#1413,.T.);
#456=ADVANCED_FACE('',(#1414),#1415,.T.);
#457=ADVANCED_FACE('',(#1416),#1417,.T.);
#458=ADVANCED_FACE('',(#1418),#1419,.T.);
#459=ADVANCED_FACE('',(#1420),#1421,.T.);
#460=ADVANCED_FACE('',(#1422),#1423,.T.);
#461=ADVANCED_FACE('',(#1424),#1425,.T.);
#462=ADVANCED_FACE('',(#1426,#1427),#1428,.F.);
#463=ADVANCED_FACE('',(#1429),#1430,.T.);
#464=ADVANCED_FACE('',(#1431),#1432,.T.);
#465=ADVANCED_FACE('',(#1433,#1434),#1435,.T.);
#466=ADVANCED_FACE('',(#1436),#1437,.F.);
#467=ADVANCED_FACE('',(#1438),#1439,.F.);
#468=ADVANCED_FACE('',(#1440),#1441,.T.);
#469=ADVANCED_FACE('',(#1442),#1443,.T.);
#470=ADVANCED_FACE('',(#1444),#1445,.T.);
#471=ADVANCED_FACE('',(#1446),#1447,.T.);
#472=ADVANCED_FACE('',(#1448),#1449,.T.);
#473=ADVANCED_FACE('',(#1450),#1451,.T.);
#474=ADVANCED_FACE('',(#1452),#1453,.T.);
#475=ADVANCED_FACE('',(#1454),#1455,.T.);
#476=ADVANCED_FACE('',(#1456),#1457,.T.);
#477=ADVANCED_FACE('',(#1458),#1459,.T.);
#478=ADVANCED_FACE('',(#1460),#1461,.T.);
#479=ADVANCED_FACE('',(#1462),#1463,.T.);
#480=ADVANCED_FACE('',(#1464),#1465,.T.);
#481=ADVANCED_FACE('',(#1466),#1467,.T.);
#482=ADVANCED_FACE('',(#1468),#1469,.T.);
#483=ADVANCED_FACE('',(#1470),#1471,.T.);
#484=ADVANCED_FACE('',(#1472),#1473,.T.);
#485=ADVANCED_FACE('',(#1474),#1475,.T.);
#486=ADVANCED_FACE('',(#1476),#1477,.T.);
#487=ADVANCED_FACE('',(#1478),#1479,.T.);
#488=ADVANCED_FACE('',(#1480),#1481,.T.);
#489=ADVANCED_FACE('',(#1482),#1483,.T.);
#490=ADVANCED_FACE('',(#1484),#1485,.T.);
#491=ADVANCED_FACE('',(#1486),#1487,.T.);
#492=ADVANCED_FACE('',(#1488),#1489,.T.);
#493=ADVANCED_FACE('',(#1490),#1491,.T.);
#494=ADVANCED_FACE('',(#1492),#1493,.T.);
#495=ADVANCED_FACE('',(#1494),#1495,.T.);
#496=ADVANCED_FACE('',(#1496),#1497,.T.);
#497=ADVANCED_FACE('',(#1498),#1499,.T.);
#498=ADVANCED_FACE('',(#1500),#1501,.T.);
#499=ADVANCED_FACE('',(#1502),#1503,.T.);
#500=ADVANCED_FACE('',(#1504),#1505,.T.);
#501=ADVANCED_FACE('',(#1506),#1507,.T.);
#502=ADVANCED_FACE('',(#1508),#1509,.T.);
#503=ADVANCED_FACE('',(#1510),#1511,.T.);
#504=ADVANCED_FACE('',(#1512,#1513),#1514,.T.);
#505=ADVANCED_FACE('',(#1515),#1516,.T.);
#506=ADVANCED_FACE('',(#1517),#1518,.T.);
#507=ADVANCED_FACE('',(#1519),#1520,.T.);
#508=ADVANCED_FACE('',(#1521),#1522,.T.);
#509=ADVANCED_FACE('',(#1523),#1524,.T.);
#510=ADVANCED_FACE('',(#1525),#1526,.T.);
#511=ADVANCED_FACE('',(#1527),#1528,.T.);
#512=ADVANCED_FACE('',(#1529),#1530,.T.);
#513=ADVANCED_FACE('',(#1531),#1532,.T.);
#514=ADVANCED_FACE('',(#1533),#1534,.T.);
#515=ADVANCED_FACE('',(#1535),#1536,.T.);
#516=ADVANCED_FACE('',(#1537),#1538,.T.);
#517=ADVANCED_FACE('',(#1539),#1540,.T.);
#518=ADVANCED_FACE('',(#1541),#1542,.T.);
#519=ADVANCED_FACE('',(#1543),#1544,.T.);
#520=ADVANCED_FACE('',(#1545),#1546,.T.);
#521=ADVANCED_FACE('',(#1547),#1548,.T.);
#522=ADVANCED_FACE('',(#1549),#1550,.T.);
#523=ADVANCED_FACE('',(#1551),#1552,.T.);
#524=ADVANCED_FACE('',(#1553),#1554,.T.);
#525=ADVANCED_FACE('',(#1555),#1556,.T.);
#526=ADVANCED_FACE('',(#1557),#1558,.T.);
#527=ADVANCED_FACE('',(#1559),#1560,.T.);
#528=ADVANCED_FACE('',(#1561),#1562,.T.);
#529=ADVANCED_FACE('',(#1563),#1564,.T.);
#530=ADVANCED_FACE('',(#1565),#1566,.T.);
#531=ADVANCED_FACE('',(#1567),#1568,.T.);
#532=ADVANCED_FACE('',(#1569),#1570,.T.);
#533=ADVANCED_FACE('',(#1571),#1572,.T.);
#534=ADVANCED_FACE('',(#1573),#1574,.T.);
#535=ADVANCED_FACE('',(#1575),#1576,.T.);
#536=ADVANCED_FACE('',(#1577),#1578,.T.);
#537=ADVANCED_FACE('',(#1579),#1580,.T.);
#538=ADVANCED_FACE('',(#1581),#1582,.T.);
#539=ADVANCED_FACE('',(#1583),#1584,.T.);
#540=ADVANCED_FACE('',(#1585),#1586,.T.);
#541=ADVANCED_FACE('',(#1587),#1588,.T.);
#542=ADVANCED_FACE('',(#1589),#1590,.T.);
#543=ADVANCED_FACE('',(#1591),#1592,.T.);
#544=ADVANCED_FACE('',(#1593),#1594,.T.);
#545=ADVANCED_FACE('',(#1595),#1596,.T.);
#546=ADVANCED_FACE('',(#1597),#1598,.T.);
#547=ADVANCED_FACE('',(#1599),#1600,.T.);
#548=ADVANCED_FACE('',(#1601),#1602,.T.);
#549=ADVANCED_FACE('',(#1603),#1604,.T.);
#550=ADVANCED_FACE('',(#1605),#1606,.T.);
#551=ADVANCED_FACE('',(#1607),#1608,.T.);
#552=ADVANCED_FACE('',(#1609),#1610,.T.);
#553=ADVANCED_FACE('',(#1611),#1612,.T.);
#554=ADVANCED_FACE('',(#1613),#1614,.T.);
#555=ADVANCED_FACE('',(#1615),#1616,.T.);
#556=ADVANCED_FACE('',(#1617),#1618,.T.);
#557=ADVANCED_FACE('',(#1619),#1620,.T.);
#558=ADVANCED_FACE('',(#1621),#1622,.T.);
#559=ADVANCED_FACE('',(#1623),#1624,.T.);
#560=ADVANCED_FACE('',(#1625),#1626,.T.);
#561=ADVANCED_FACE('',(#1627),#1628,.T.);
#562=ADVANCED_FACE('',(#1629),#1630,.T.);
#563=ADVANCED_FACE('',(#1631),#1632,.T.);
#564=ADVANCED_FACE('',(#1633),#1634,.T.);
#565=ADVANCED_FACE('',(#1635),#1636,.F.);
#566=ADVANCED_FACE('',(#1637),#1638,.F.);
#567=ADVANCED_FACE('',(#1639),#1640,.T.);
#568=ADVANCED_FACE('',(#1641),#1642,.T.);
#569=ADVANCED_FACE('',(#1643),#1644,.T.);
#570=ADVANCED_FACE('',(#1645),#1646,.T.);
#571=ADVANCED_FACE('',(#1647),#1648,.T.);
#572=ADVANCED_FACE('',(#1649),#1650,.T.);
#573=ADVANCED_FACE('',(#1651),#1652,.T.);
#574=ADVANCED_FACE('',(#1653),#1654,.T.);
#575=ADVANCED_FACE('',(#1655),#1656,.T.);
#576=ADVANCED_FACE('',(#1657),#1658,.T.);
#577=ADVANCED_FACE('',(#1659),#1660,.T.);
#578=ADVANCED_FACE('',(#1661),#1662,.T.);
#579=ADVANCED_FACE('',(#1663),#1664,.T.);
#580=ADVANCED_FACE('',(#1665),#1666,.T.);
#581=ADVANCED_FACE('',(#1667),#1668,.T.);
#582=ADVANCED_FACE('',(#1669),#1670,.T.);
#583=ADVANCED_FACE('',(#1671),#1672,.T.);
#584=ADVANCED_FACE('',(#1673),#1674,.T.);
#585=ADVANCED_FACE('',(#1675),#1676,.T.);
#586=ADVANCED_FACE('',(#1677),#1678,.T.);
#587=ADVANCED_FACE('',(#1679),#1680,.T.);
#588=ADVANCED_FACE('',(#1681),#1682,.T.);
#589=ADVANCED_FACE('',(#1683),#1684,.T.);
#590=ADVANCED_FACE('',(#1685),#1686,.T.);
#591=ADVANCED_FACE('',(#1687),#1688,.T.);
#592=ADVANCED_FACE('',(#1689),#1690,.T.);
#593=ADVANCED_FACE('',(#1691),#1692,.T.);
#594=ADVANCED_FACE('',(#1693),#1694,.F.);
#595=ADVANCED_FACE('',(#1695),#1696,.F.);
#596=ADVANCED_FACE('',(#1697),#1698,.T.);
#597=ADVANCED_FACE('',(#1699),#1700,.T.);
#598=ADVANCED_FACE('',(#1701),#1702,.T.);
#599=ADVANCED_FACE('',(#1703),#1704,.T.);
#600=ADVANCED_FACE('',(#1705),#1706,.T.);
#601=ADVANCED_FACE('',(#1707),#1708,.T.);
#602=ADVANCED_FACE('',(#1709),#1710,.T.);
#603=ADVANCED_FACE('',(#1711),#1712,.T.);
#604=ADVANCED_FACE('',(#1713),#1714,.T.);
#605=ADVANCED_FACE('',(#1715),#1716,.T.);
#606=ADVANCED_FACE('',(#1717),#1718,.T.);
#607=ADVANCED_FACE('',(#1719),#1720,.T.);
#608=CLOSED_SHELL('',(#1721,#1722,#1723,#1724,#1725,#1726,#1727));
#609=CLOSED_SHELL('',(#1728,#1729,#1730,#1731,#1732,#1733,#1734));
#611=FACE_OUTER_BOUND('',#1735,.T.);
#612=CYLINDRICAL_SURFACE('',#1736,2.54);
#613=FACE_OUTER_BOUND('',#1737,.T.);
#614=CYLINDRICAL_SURFACE('',#1738,2.54);
#615=FACE_OUTER_BOUND('',#1739,.T.);
#616=CYLINDRICAL_SURFACE('',#1740,2.12344);
#617=FACE_OUTER_BOUND('',#1741,.T.);
#618=CYLINDRICAL_SURFACE('',#1742,2.12344);
#619=FACE_OUTER_BOUND('',#1743,.T.);
#620=CYLINDRICAL_SURFACE('',#1744,0.18796);
#621=FACE_OUTER_BOUND('',#1745,.T.);
#622=CYLINDRICAL_SURFACE('',#1746,0.508);
#623=FACE_OUTER_BOUND('',#1747,.T.);
#624=CYLINDRICAL_SURFACE('',#1748,0.508);
#625=FACE_OUTER_BOUND('',#1749,.T.);
#626=CYLINDRICAL_SURFACE('',#1750,0.18796);
#627=FACE_OUTER_BOUND('',#1751,.T.);
#628=CYLINDRICAL_SURFACE('',#1752,0.18796);
#629=FACE_OUTER_BOUND('',#1753,.T.);
#630=CYLINDRICAL_SURFACE('',#1754,0.508);
#631=FACE_OUTER_BOUND('',#1755,.T.);
#632=CYLINDRICAL_SURFACE('',#1756,0.18796);
#633=FACE_OUTER_BOUND('',#1757,.T.);
#634=CYLINDRICAL_SURFACE('',#1758,0.508);
#635=FACE_OUTER_BOUND('',#1759,.T.);
#636=CYLINDRICAL_SURFACE('',#1760,0.508);
#637=FACE_OUTER_BOUND('',#1761,.T.);
#638=CYLINDRICAL_SURFACE('',#1762,0.18796);
#639=FACE_OUTER_BOUND('',#1763,.T.);
#640=CYLINDRICAL_SURFACE('',#1764,0.18796);
#641=FACE_OUTER_BOUND('',#1765,.T.);
#642=CYLINDRICAL_SURFACE('',#1766,0.508);
#643=FACE_OUTER_BOUND('',#1767,.T.);
#644=CYLINDRICAL_SURFACE('',#1768,0.18796);
#645=FACE_OUTER_BOUND('',#1769,.T.);
#646=CYLINDRICAL_SURFACE('',#1770,0.508);
#647=FACE_OUTER_BOUND('',#1771,.T.);
#648=CYLINDRICAL_SURFACE('',#1772,0.18796);
#649=FACE_OUTER_BOUND('',#1773,.T.);
#650=CYLINDRICAL_SURFACE('',#1774,0.508);
#651=FACE_OUTER_BOUND('',#1775,.T.);
#652=CYLINDRICAL_SURFACE('',#1776,1.5494);
#653=FACE_OUTER_BOUND('',#1777,.T.);
#654=CYLINDRICAL_SURFACE('',#1778,1.5494);
#655=FACE_OUTER_BOUND('',#1779,.T.);
#656=CYLINDRICAL_SURFACE('',#1780,1.5494);
#657=FACE_OUTER_BOUND('',#1781,.T.);
#658=CYLINDRICAL_SURFACE('',#1782,1.5494);
#659=FACE_OUTER_BOUND('',#1783,.T.);
#660=PLANE('',#1784);
#661=FACE_OUTER_BOUND('',#1785,.T.);
#662=PLANE('',#1786);
#663=FACE_OUTER_BOUND('',#1787,.T.);
#664=PLANE('',#1788);
#665=FACE_OUTER_BOUND('',#1789,.T.);
#666=PLANE('',#1790);
#667=FACE_OUTER_BOUND('',#1791,.T.);
#668=PLANE('',#1792);
#669=FACE_OUTER_BOUND('',#1793,.T.);
#670=PLANE('',#1794);
#671=FACE_OUTER_BOUND('',#1795,.T.);
#672=PLANE('',#1796);
#673=FACE_OUTER_BOUND('',#1797,.T.);
#674=PLANE('',#1798);
#675=FACE_OUTER_BOUND('',#1799,.T.);
#676=PLANE('',#1800);
#677=FACE_OUTER_BOUND('',#1801,.T.);
#678=PLANE('',#1802);
#679=FACE_OUTER_BOUND('',#1803,.T.);
#680=PLANE('',#1804);
#681=FACE_OUTER_BOUND('',#1805,.T.);
#682=PLANE('',#1806);
#683=FACE_OUTER_BOUND('',#1807,.T.);
#684=PLANE('',#1808);
#685=FACE_OUTER_BOUND('',#1809,.T.);
#686=CYLINDRICAL_SURFACE('',#1810,2.667);
#687=FACE_OUTER_BOUND('',#1811,.T.);
#688=PLANE('',#1812);
#689=FACE_OUTER_BOUND('',#1813,.T.);
#690=CYLINDRICAL_SURFACE('',#1814,0.7874);
#691=FACE_OUTER_BOUND('',#1815,.T.);
#692=PLANE('',#1816);
#693=FACE_OUTER_BOUND('',#1817,.T.);
#694=CYLINDRICAL_SURFACE('',#1818,0.381);
#695=FACE_OUTER_BOUND('',#1819,.T.);
#696=PLANE('',#1820);
#697=FACE_OUTER_BOUND('',#1821,.T.);
#698=CYLINDRICAL_SURFACE('',#1822,0.381);
#699=FACE_OUTER_BOUND('',#1823,.T.);
#700=PLANE('',#1824);
#701=FACE_OUTER_BOUND('',#1825,.T.);
#702=PLANE('',#1826);
#703=FACE_OUTER_BOUND('',#1827,.T.);
#704=PLANE('',#1828);
#705=FACE_OUTER_BOUND('',#1829,.T.);
#706=PLANE('',#1830);
#707=FACE_OUTER_BOUND('',#1831,.T.);
#708=PLANE('',#1832);
#709=FACE_OUTER_BOUND('',#1833,.T.);
#710=CYLINDRICAL_SURFACE('',#1834,1.4224);
#711=FACE_OUTER_BOUND('',#1835,.T.);
#712=CYLINDRICAL_SURFACE('',#1836,1.4224);
#713=FACE_OUTER_BOUND('',#1837,.T.);
#714=FACE_BOUND('',#1838,.T.);
#715=PLANE('',#1839);
#716=FACE_OUTER_BOUND('',#1840,.T.);
#717=FACE_BOUND('',#1841,.T.);
#718=PLANE('',#1842);
#719=FACE_OUTER_BOUND('',#1843,.T.);
#720=CYLINDRICAL_SURFACE('',#1844,1.4224);
#721=FACE_OUTER_BOUND('',#1845,.T.);
#722=CYLINDRICAL_SURFACE('',#1846,1.4224);
#723=FACE_OUTER_BOUND('',#1847,.T.);
#724=CYLINDRICAL_SURFACE('',#1848,2.7686);
#725=FACE_OUTER_BOUND('',#1849,.T.);
#726=PLANE('',#1850);
#727=FACE_OUTER_BOUND('',#1851,.T.);
#728=CYLINDRICAL_SURFACE('',#1852,2.7686);
#729=FACE_OUTER_BOUND('',#1853,.T.);
#730=PLANE('',#1854);
#731=FACE_OUTER_BOUND('',#1855,.T.);
#732=CYLINDRICAL_SURFACE('',#1856,2.7686);
#733=FACE_OUTER_BOUND('',#1857,.T.);
#734=PLANE('',#1858);
#735=FACE_OUTER_BOUND('',#1859,.T.);
#736=CYLINDRICAL_SURFACE('',#1860,2.7686);
#737=FACE_OUTER_BOUND('',#1861,.T.);
#738=PLANE('',#1862);
#739=FACE_OUTER_BOUND('',#1863,.T.);
#740=CYLINDRICAL_SURFACE('',#1864,2.7686);
#741=FACE_OUTER_BOUND('',#1865,.T.);
#742=PLANE('',#1866);
#743=FACE_OUTER_BOUND('',#1867,.T.);
#744=CYLINDRICAL_SURFACE('',#1868,0.7874);
#745=FACE_OUTER_BOUND('',#1869,.T.);
#746=PLANE('',#1870);
#747=FACE_OUTER_BOUND('',#1871,.T.);
#748=CYLINDRICAL_SURFACE('',#1872,2.7686);
#749=FACE_OUTER_BOUND('',#1873,.T.);
#750=PLANE('',#1874);
#751=FACE_OUTER_BOUND('',#1875,.T.);
#752=PLANE('',#1876);
#753=FACE_OUTER_BOUND('',#1877,.T.);
#754=PLANE('',#1878);
#755=FACE_OUTER_BOUND('',#1879,.T.);
#756=PLANE('',#1880);
#757=FACE_OUTER_BOUND('',#1881,.T.);
#758=PLANE('',#1882);
#759=FACE_OUTER_BOUND('',#1883,.T.);
#760=CYLINDRICAL_SURFACE('',#1884,0.7874);
#761=FACE_OUTER_BOUND('',#1885,.T.);
#762=PLANE('',#1886);
#763=FACE_OUTER_BOUND('',#1887,.T.);
#764=CYLINDRICAL_SURFACE('',#1888,2.667);
#765=FACE_OUTER_BOUND('',#1889,.T.);
#766=CYLINDRICAL_SURFACE('',#1890,2.667);
#767=FACE_OUTER_BOUND('',#1891,.T.);
#768=TOROIDAL_SURFACE('',#1892,2.1082,0.5588);
#769=FACE_OUTER_BOUND('',#1893,.T.);
#770=CYLINDRICAL_SURFACE('',#1894,0.635);
#771=FACE_OUTER_BOUND('',#1895,.T.);
#772=PLANE('',#1896);
#773=FACE_OUTER_BOUND('',#1897,.T.);
#774=PLANE('',#1898);
#775=FACE_OUTER_BOUND('',#1899,.T.);
#776=PLANE('',#1900);
#777=FACE_OUTER_BOUND('',#1901,.T.);
#778=CYLINDRICAL_SURFACE('',#1902,0.3048);
#779=FACE_OUTER_BOUND('',#1903,.T.);
#780=PLANE('',#1904);
#781=FACE_OUTER_BOUND('',#1905,.T.);
#782=CYLINDRICAL_SURFACE('',#1906,0.635);
#783=FACE_OUTER_BOUND('',#1907,.T.);
#784=CYLINDRICAL_SURFACE('',#1908,1.5494);
#785=FACE_OUTER_BOUND('',#1909,.T.);
#786=CYLINDRICAL_SURFACE('',#1910,1.5494);
#787=FACE_OUTER_BOUND('',#1911,.T.);
#788=CYLINDRICAL_SURFACE('',#1912,1.5494);
#789=FACE_OUTER_BOUND('',#1913,.T.);
#790=CYLINDRICAL_SURFACE('',#1914,1.5494);
#791=FACE_OUTER_BOUND('',#1915,.T.);
#792=CYLINDRICAL_SURFACE('',#1916,0.635);
#793=FACE_OUTER_BOUND('',#1917,.T.);
#794=PLANE('',#1918);
#795=FACE_OUTER_BOUND('',#1919,.T.);
#796=PLANE('',#1920);
#797=FACE_OUTER_BOUND('',#1921,.T.);
#798=CYLINDRICAL_SURFACE('',#1922,0.635);
#799=FACE_OUTER_BOUND('',#1923,.T.);
#800=TOROIDAL_SURFACE('',#1924,2.1082,0.5588);
#801=FACE_OUTER_BOUND('',#1925,.T.);
#802=PLANE('',#1926);
#803=FACE_OUTER_BOUND('',#1927,.T.);
#804=CYLINDRICAL_SURFACE('',#1928,0.62484);
#805=FACE_OUTER_BOUND('',#1929,.T.);
#806=PLANE('',#1930);
#807=FACE_OUTER_BOUND('',#1931,.T.);
#808=CYLINDRICAL_SURFACE('',#1932,0.31496);
#809=FACE_OUTER_BOUND('',#1933,.T.);
#810=PLANE('',#1934);
#811=FACE_OUTER_BOUND('',#1935,.T.);
#812=CYLINDRICAL_SURFACE('',#1936,0.31496);
#813=FACE_OUTER_BOUND('',#1937,.T.);
#814=PLANE('',#1938);
#815=FACE_OUTER_BOUND('',#1939,.T.);
#816=CYLINDRICAL_SURFACE('',#1940,0.31496);
#817=FACE_OUTER_BOUND('',#1941,.T.);
#818=PLANE('',#1942);
#819=FACE_OUTER_BOUND('',#1943,.T.);
#820=CYLINDRICAL_SURFACE('',#1944,0.31496);
#821=FACE_OUTER_BOUND('',#1945,.T.);
#822=PLANE('',#1946);
#823=FACE_OUTER_BOUND('',#1947,.T.);
#824=PLANE('',#1948);
#825=FACE_OUTER_BOUND('',#1949,.T.);
#826=PLANE('',#1950);
#827=FACE_OUTER_BOUND('',#1951,.T.);
#828=PLANE('',#1952);
#829=FACE_OUTER_BOUND('',#1953,.T.);
#830=CYLINDRICAL_SURFACE('',#1954,0.3048);
#831=FACE_OUTER_BOUND('',#1955,.T.);
#832=PLANE('',#1956);
#833=FACE_OUTER_BOUND('',#1957,.T.);
#834=CYLINDRICAL_SURFACE('',#1958,0.635);
#835=FACE_OUTER_BOUND('',#1959,.T.);
#836=PLANE('',#1960);
#837=FACE_OUTER_BOUND('',#1961,.T.);
#838=CYLINDRICAL_SURFACE('',#1962,0.635);
#839=FACE_OUTER_BOUND('',#1963,.T.);
#840=PLANE('',#1964);
#841=FACE_OUTER_BOUND('',#1965,.T.);
#842=CYLINDRICAL_SURFACE('',#1966,0.635);
#843=FACE_OUTER_BOUND('',#1967,.T.);
#844=PLANE('',#1968);
#845=FACE_OUTER_BOUND('',#1969,.T.);
#846=CYLINDRICAL_SURFACE('',#1970,0.635);
#847=FACE_OUTER_BOUND('',#1971,.T.);
#848=CYLINDRICAL_SURFACE('',#1972,1.5494);
#849=FACE_OUTER_BOUND('',#1973,.T.);
#850=CYLINDRICAL_SURFACE('',#1974,1.5494);
#851=FACE_OUTER_BOUND('',#1975,.T.);
#852=CYLINDRICAL_SURFACE('',#1976,1.5494);
#853=FACE_OUTER_BOUND('',#1977,.T.);
#854=CYLINDRICAL_SURFACE('',#1978,1.5494);
#855=FACE_OUTER_BOUND('',#1979,.T.);
#856=TOROIDAL_SURFACE('',#1980,2.1082,0.5588);
#857=FACE_OUTER_BOUND('',#1981,.T.);
#858=TOROIDAL_SURFACE('',#1982,2.1082,0.5588);
#859=FACE_OUTER_BOUND('',#1983,.T.);
#860=CYLINDRICAL_SURFACE('',#1984,2.667);
#861=FACE_OUTER_BOUND('',#1985,.T.);
#862=PLANE('',#1986);
#863=FACE_OUTER_BOUND('',#1987,.T.);
#864=CYLINDRICAL_SURFACE('',#1988,0.62484);
#865=FACE_OUTER_BOUND('',#1989,.T.);
#866=PLANE('',#1990);
#867=FACE_OUTER_BOUND('',#1991,.T.);
#868=CYLINDRICAL_SURFACE('',#1992,0.31496);
#869=FACE_OUTER_BOUND('',#1993,.T.);
#870=PLANE('',#1994);
#871=FACE_OUTER_BOUND('',#1995,.T.);
#872=CYLINDRICAL_SURFACE('',#1996,0.31496);
#873=FACE_OUTER_BOUND('',#1997,.T.);
#874=PLANE('',#1998);
#875=FACE_OUTER_BOUND('',#1999,.T.);
#876=CYLINDRICAL_SURFACE('',#2000,0.31496);
#877=FACE_OUTER_BOUND('',#2001,.T.);
#878=PLANE('',#2002);
#879=FACE_OUTER_BOUND('',#2003,.T.);
#880=CYLINDRICAL_SURFACE('',#2004,0.31496);
#881=FACE_OUTER_BOUND('',#2005,.T.);
#882=PLANE('',#2006);
#883=FACE_OUTER_BOUND('',#2007,.T.);
#884=PLANE('',#2008);
#885=FACE_OUTER_BOUND('',#2009,.T.);
#886=PLANE('',#2010);
#887=FACE_OUTER_BOUND('',#2011,.T.);
#888=PLANE('',#2012);
#889=FACE_OUTER_BOUND('',#2013,.T.);
#890=FACE_BOUND('',#2014,.T.);
#891=FACE_BOUND('',#2015,.T.);
#892=FACE_BOUND('',#2016,.T.);
#893=FACE_BOUND('',#2017,.T.);
#894=FACE_BOUND('',#2018,.T.);
#895=FACE_BOUND('',#2019,.T.);
#896=FACE_BOUND('',#2020,.T.);
#897=FACE_BOUND('',#2021,.T.);
#898=FACE_BOUND('',#2022,.T.);
#899=PLANE('',#2023);
#900=FACE_OUTER_BOUND('',#2024,.T.);
#901=PLANE('',#2025);
#902=FACE_OUTER_BOUND('',#2026,.T.);
#903=PLANE('',#2027);
#904=FACE_OUTER_BOUND('',#2028,.T.);
#905=PLANE('',#2029);
#906=FACE_OUTER_BOUND('',#2030,.T.);
#907=FACE_BOUND('',#2031,.T.);
#908=PLANE('',#2032);
#909=FACE_OUTER_BOUND('',#2033,.T.);
#910=FACE_BOUND('',#2034,.T.);
#911=PLANE('',#2035);
#912=FACE_OUTER_BOUND('',#2036,.T.);
#913=PLANE('',#2037);
#914=FACE_OUTER_BOUND('',#2038,.T.);
#915=FACE_BOUND('',#2039,.T.);
#916=PLANE('',#2040);
#917=FACE_OUTER_BOUND('',#2041,.T.);
#918=FACE_BOUND('',#2042,.T.);
#919=PLANE('',#2043);
#920=FACE_OUTER_BOUND('',#2044,.T.);
#921=FACE_BOUND('',#2045,.T.);
#922=FACE_BOUND('',#2046,.T.);
#923=FACE_BOUND('',#2047,.T.);
#924=FACE_BOUND('',#2048,.T.);
#925=PLANE('',#2049);
#926=FACE_OUTER_BOUND('',#2050,.T.);
#927=FACE_BOUND('',#2051,.T.);
#928=FACE_BOUND('',#2052,.T.);
#929=FACE_BOUND('',#2053,.T.);
#930=FACE_BOUND('',#2054,.T.);
#931=PLANE('',#2055);
#932=FACE_OUTER_BOUND('',#2056,.T.);
#933=PLANE('',#2057);
#934=FACE_OUTER_BOUND('',#2058,.T.);
#935=PLANE('',#2059);
#936=FACE_OUTER_BOUND('',#2060,.T.);
#937=CYLINDRICAL_SURFACE('',#2061,1.5748);
#938=FACE_OUTER_BOUND('',#2062,.T.);
#939=PLANE('',#2063);
#940=FACE_OUTER_BOUND('',#2064,.T.);
#941=CYLINDRICAL_SURFACE('',#2065,1.5748);
#942=FACE_OUTER_BOUND('',#2066,.T.);
#943=PLANE('',#2067);
#944=FACE_OUTER_BOUND('',#2068,.T.);
#945=PLANE('',#2069);
#946=FACE_OUTER_BOUND('',#2070,.T.);
#947=PLANE('',#2071);
#948=FACE_OUTER_BOUND('',#2072,.T.);
#949=PLANE('',#2073);
#950=FACE_OUTER_BOUND('',#2074,.T.);
#951=PLANE('',#2075);
#952=FACE_OUTER_BOUND('',#2076,.T.);
#953=PLANE('',#2077);
#954=FACE_OUTER_BOUND('',#2078,.T.);
#955=PLANE('',#2079);
#956=FACE_OUTER_BOUND('',#2080,.T.);
#957=PLANE('',#2081);
#958=FACE_OUTER_BOUND('',#2082,.T.);
#959=PLANE('',#2083);
#960=FACE_OUTER_BOUND('',#2084,.T.);
#961=CYLINDRICAL_SURFACE('',#2085,1.5748);
#962=FACE_OUTER_BOUND('',#2086,.T.);
#963=PLANE('',#2087);
#964=FACE_OUTER_BOUND('',#2088,.T.);
#965=CYLINDRICAL_SURFACE('',#2089,1.5748);
#966=FACE_OUTER_BOUND('',#2090,.T.);
#967=PLANE('',#2091);
#968=FACE_OUTER_BOUND('',#2092,.T.);
#969=PLANE('',#2093);
#970=FACE_OUTER_BOUND('',#2094,.T.);
#971=CYLINDRICAL_SURFACE('',#2095,2.83845);
#972=FACE_OUTER_BOUND('',#2096,.T.);
#973=CYLINDRICAL_SURFACE('',#2097,2.83845);
#974=FACE_OUTER_BOUND('',#2098,.T.);
#975=FACE_BOUND('',#2099,.T.);
#976=PLANE('',#2100);
#977=FACE_OUTER_BOUND('',#2101,.T.);
#978=FACE_BOUND('',#2102,.T.);
#979=PLANE('',#2103);
#980=FACE_OUTER_BOUND('',#2104,.T.);
#981=CYLINDRICAL_SURFACE('',#2105,2.83845);
#982=FACE_OUTER_BOUND('',#2106,.T.);
#983=CYLINDRICAL_SURFACE('',#2107,2.83845);
#984=FACE_OUTER_BOUND('',#2108,.T.);
#985=CYLINDRICAL_SURFACE('',#2109,1.5494);
#986=FACE_OUTER_BOUND('',#2110,.T.);
#987=CYLINDRICAL_SURFACE('',#2111,1.5494);
#988=FACE_OUTER_BOUND('',#2112,.T.);
#989=CYLINDRICAL_SURFACE('',#2113,1.5494);
#990=FACE_OUTER_BOUND('',#2114,.T.);
#991=CYLINDRICAL_SURFACE('',#2115,1.5494);
#992=FACE_OUTER_BOUND('',#2116,.T.);
#993=PLANE('',#2117);
#994=FACE_OUTER_BOUND('',#2118,.T.);
#995=PLANE('',#2119);
#996=FACE_OUTER_BOUND('',#2120,.T.);
#997=PLANE('',#2121);
#998=FACE_OUTER_BOUND('',#2122,.T.);
#999=PLANE('',#2123);
#1000=FACE_OUTER_BOUND('',#2124,.T.);
#1001=PLANE('',#2125);
#1002=FACE_OUTER_BOUND('',#2126,.T.);
#1003=PLANE('',#2127);
#1004=FACE_OUTER_BOUND('',#2128,.T.);
#1005=PLANE('',#2129);
#1006=FACE_OUTER_BOUND('',#2130,.T.);
#1007=PLANE('',#2131);
#1008=FACE_OUTER_BOUND('',#2132,.T.);
#1009=PLANE('',#2133);
#1010=FACE_OUTER_BOUND('',#2134,.T.);
#1011=PLANE('',#2135);
#1012=FACE_OUTER_BOUND('',#2136,.T.);
#1013=CYLINDRICAL_SURFACE('',#2137,0.1524);
#1014=FACE_OUTER_BOUND('',#2138,.T.);
#1015=PLANE('',#2139);
#1016=FACE_OUTER_BOUND('',#2140,.T.);
#1017=CYLINDRICAL_SURFACE('',#2141,0.508);
#1018=FACE_OUTER_BOUND('',#2142,.T.);
#1019=PLANE('',#2143);
#1020=FACE_OUTER_BOUND('',#2144,.T.);
#1021=PLANE('',#2145);
#1022=FACE_OUTER_BOUND('',#2146,.T.);
#1023=PLANE('',#2147);
#1024=FACE_OUTER_BOUND('',#2148,.T.);
#1025=PLANE('',#2149);
#1026=FACE_OUTER_BOUND('',#2150,.T.);
#1027=CYLINDRICAL_SURFACE('',#2151,0.18796);
#1028=FACE_OUTER_BOUND('',#2152,.T.);
#1029=PLANE('',#2153);
#1030=FACE_OUTER_BOUND('',#2154,.T.);
#1031=CYLINDRICAL_SURFACE('',#2155,0.47244);
#1032=FACE_OUTER_BOUND('',#2156,.T.);
#1033=PLANE('',#2157);
#1034=FACE_OUTER_BOUND('',#2158,.T.);
#1035=CYLINDRICAL_SURFACE('',#2159,0.1524);
#1036=FACE_OUTER_BOUND('',#2160,.T.);
#1037=PLANE('',#2161);
#1038=FACE_OUTER_BOUND('',#2162,.T.);
#1039=CYLINDRICAL_SURFACE('',#2163,0.508);
#1040=FACE_OUTER_BOUND('',#2164,.T.);
#1041=PLANE('',#2165);
#1042=FACE_OUTER_BOUND('',#2166,.T.);
#1043=PLANE('',#2167);
#1044=FACE_OUTER_BOUND('',#2168,.T.);
#1045=PLANE('',#2169);
#1046=FACE_OUTER_BOUND('',#2170,.T.);
#1047=PLANE('',#2171);
#1048=FACE_OUTER_BOUND('',#2172,.T.);
#1049=CYLINDRICAL_SURFACE('',#2173,0.18796);
#1050=FACE_OUTER_BOUND('',#2174,.T.);
#1051=PLANE('',#2175);
#1052=FACE_OUTER_BOUND('',#2176,.T.);
#1053=CYLINDRICAL_SURFACE('',#2177,0.47244);
#1054=FACE_OUTER_BOUND('',#2178,.T.);
#1055=PLANE('',#2179);
#1056=FACE_OUTER_BOUND('',#2180,.T.);
#1057=PLANE('',#2181);
#1058=FACE_OUTER_BOUND('',#2182,.T.);
#1059=CYLINDRICAL_SURFACE('',#2183,0.1524);
#1060=FACE_OUTER_BOUND('',#2184,.T.);
#1061=PLANE('',#2185);
#1062=FACE_OUTER_BOUND('',#2186,.T.);
#1063=CYLINDRICAL_SURFACE('',#2187,0.508);
#1064=FACE_OUTER_BOUND('',#2188,.T.);
#1065=PLANE('',#2189);
#1066=FACE_OUTER_BOUND('',#2190,.T.);
#1067=PLANE('',#2191);
#1068=FACE_OUTER_BOUND('',#2192,.T.);
#1069=PLANE('',#2193);
#1070=FACE_OUTER_BOUND('',#2194,.T.);
#1071=PLANE('',#2195);
#1072=FACE_OUTER_BOUND('',#2196,.T.);
#1073=CYLINDRICAL_SURFACE('',#2197,0.18796);
#1074=FACE_OUTER_BOUND('',#2198,.T.);
#1075=PLANE('',#2199);
#1076=FACE_OUTER_BOUND('',#2200,.T.);
#1077=CYLINDRICAL_SURFACE('',#2201,0.47244);
#1078=FACE_OUTER_BOUND('',#2202,.T.);
#1079=PLANE('',#2203);
#1080=FACE_OUTER_BOUND('',#2204,.T.);
#1081=PLANE('',#2205);
#1082=FACE_OUTER_BOUND('',#2206,.T.);
#1083=CYLINDRICAL_SURFACE('',#2207,0.47244);
#1084=FACE_OUTER_BOUND('',#2208,.T.);
#1085=PLANE('',#2209);
#1086=FACE_OUTER_BOUND('',#2210,.T.);
#1087=CYLINDRICAL_SURFACE('',#2211,0.18796);
#1088=FACE_OUTER_BOUND('',#2212,.T.);
#1089=PLANE('',#2213);
#1090=FACE_OUTER_BOUND('',#2214,.T.);
#1091=PLANE('',#2215);
#1092=FACE_OUTER_BOUND('',#2216,.T.);
#1093=PLANE('',#2217);
#1094=FACE_OUTER_BOUND('',#2218,.T.);
#1095=PLANE('',#2219);
#1096=FACE_OUTER_BOUND('',#2220,.T.);
#1097=CYLINDRICAL_SURFACE('',#2221,0.508);
#1098=FACE_OUTER_BOUND('',#2222,.T.);
#1099=PLANE('',#2223);
#1100=FACE_OUTER_BOUND('',#2224,.T.);
#1101=CYLINDRICAL_SURFACE('',#2225,0.1524);
#1102=FACE_OUTER_BOUND('',#2226,.T.);
#1103=PLANE('',#2227);
#1104=FACE_OUTER_BOUND('',#2228,.T.);
#1105=PLANE('',#2229);
#1106=FACE_OUTER_BOUND('',#2230,.T.);
#1107=PLANE('',#2231);
#1108=FACE_OUTER_BOUND('',#2232,.T.);
#1109=PLANE('',#2233);
#1110=FACE_OUTER_BOUND('',#2234,.T.);
#1111=CYLINDRICAL_SURFACE('',#2235,0.1524);
#1112=FACE_OUTER_BOUND('',#2236,.T.);
#1113=PLANE('',#2237);
#1114=FACE_OUTER_BOUND('',#2238,.T.);
#1115=CYLINDRICAL_SURFACE('',#2239,0.508);
#1116=FACE_OUTER_BOUND('',#2240,.T.);
#1117=PLANE('',#2241);
#1118=FACE_OUTER_BOUND('',#2242,.T.);
#1119=PLANE('',#2243);
#1120=FACE_OUTER_BOUND('',#2244,.T.);
#1121=PLANE('',#2245);
#1122=FACE_OUTER_BOUND('',#2246,.T.);
#1123=PLANE('',#2247);
#1124=FACE_OUTER_BOUND('',#2248,.T.);
#1125=CYLINDRICAL_SURFACE('',#2249,0.18796);
#1126=FACE_OUTER_BOUND('',#2250,.T.);
#1127=PLANE('',#2251);
#1128=FACE_OUTER_BOUND('',#2252,.T.);
#1129=CYLINDRICAL_SURFACE('',#2253,0.47244);
#1130=FACE_OUTER_BOUND('',#2254,.T.);
#1131=PLANE('',#2255);
#1132=FACE_OUTER_BOUND('',#2256,.T.);
#1133=PLANE('',#2257);
#1134=FACE_OUTER_BOUND('',#2258,.T.);
#1135=PLANE('',#2259);
#1136=FACE_OUTER_BOUND('',#2260,.T.);
#1137=PLANE('',#2261);
#1138=FACE_OUTER_BOUND('',#2262,.T.);
#1139=CYLINDRICAL_SURFACE('',#2263,0.1524);
#1140=FACE_OUTER_BOUND('',#2264,.T.);
#1141=PLANE('',#2265);
#1142=FACE_OUTER_BOUND('',#2266,.T.);
#1143=CYLINDRICAL_SURFACE('',#2267,0.508);
#1144=FACE_OUTER_BOUND('',#2268,.T.);
#1145=PLANE('',#2269);
#1146=FACE_OUTER_BOUND('',#2270,.T.);
#1147=PLANE('',#2271);
#1148=FACE_OUTER_BOUND('',#2272,.T.);
#1149=PLANE('',#2273);
#1150=FACE_OUTER_BOUND('',#2274,.T.);
#1151=PLANE('',#2275);
#1152=FACE_OUTER_BOUND('',#2276,.T.);
#1153=CYLINDRICAL_SURFACE('',#2277,0.18796);
#1154=FACE_OUTER_BOUND('',#2278,.T.);
#1155=PLANE('',#2279);
#1156=FACE_OUTER_BOUND('',#2280,.T.);
#1157=CYLINDRICAL_SURFACE('',#2281,0.47244);
#1158=FACE_OUTER_BOUND('',#2282,.T.);
#1159=PLANE('',#2283);
#1160=FACE_OUTER_BOUND('',#2284,.T.);
#1161=PLANE('',#2285);
#1162=FACE_OUTER_BOUND('',#2286,.T.);
#1163=PLANE('',#2287);
#1164=FACE_OUTER_BOUND('',#2288,.T.);
#1165=PLANE('',#2289);
#1166=FACE_OUTER_BOUND('',#2290,.T.);
#1167=PLANE('',#2291);
#1168=FACE_OUTER_BOUND('',#2292,.T.);
#1169=PLANE('',#2293);
#1170=FACE_OUTER_BOUND('',#2294,.T.);
#1171=PLANE('',#2295);
#1172=FACE_OUTER_BOUND('',#2296,.T.);
#1173=CYLINDRICAL_SURFACE('',#2297,0.47244);
#1174=FACE_OUTER_BOUND('',#2298,.T.);
#1175=PLANE('',#2299);
#1176=FACE_OUTER_BOUND('',#2300,.T.);
#1177=CYLINDRICAL_SURFACE('',#2301,0.18796);
#1178=FACE_OUTER_BOUND('',#2302,.T.);
#1179=PLANE('',#2303);
#1180=FACE_OUTER_BOUND('',#2304,.T.);
#1181=PLANE('',#2305);
#1182=FACE_OUTER_BOUND('',#2306,.T.);
#1183=PLANE('',#2307);
#1184=FACE_OUTER_BOUND('',#2308,.T.);
#1185=PLANE('',#2309);
#1186=FACE_OUTER_BOUND('',#2310,.T.);
#1187=CYLINDRICAL_SURFACE('',#2311,0.508);
#1188=FACE_OUTER_BOUND('',#2312,.T.);
#1189=PLANE('',#2313);
#1190=FACE_OUTER_BOUND('',#2314,.T.);
#1191=CYLINDRICAL_SURFACE('',#2315,0.1524);
#1192=FACE_OUTER_BOUND('',#2316,.T.);
#1193=PLANE('',#2317);
#1194=FACE_OUTER_BOUND('',#2318,.T.);
#1195=CYLINDRICAL_SURFACE('',#2319,0.1524);
#1196=FACE_OUTER_BOUND('',#2320,.T.);
#1197=PLANE('',#2321);
#1198=FACE_OUTER_BOUND('',#2322,.T.);
#1199=CYLINDRICAL_SURFACE('',#2323,0.508);
#1200=FACE_OUTER_BOUND('',#2324,.T.);
#1201=PLANE('',#2325);
#1202=FACE_OUTER_BOUND('',#2326,.T.);
#1203=PLANE('',#2327);
#1204=FACE_OUTER_BOUND('',#2328,.T.);
#1205=PLANE('',#2329);
#1206=FACE_OUTER_BOUND('',#2330,.T.);
#1207=PLANE('',#2331);
#1208=FACE_OUTER_BOUND('',#2332,.T.);
#1209=CYLINDRICAL_SURFACE('',#2333,0.18796);
#1210=FACE_OUTER_BOUND('',#2334,.T.);
#1211=PLANE('',#2335);
#1212=FACE_OUTER_BOUND('',#2336,.T.);
#1213=CYLINDRICAL_SURFACE('',#2337,0.47244);
#1214=FACE_OUTER_BOUND('',#2338,.T.);
#1215=PLANE('',#2339);
#1216=FACE_OUTER_BOUND('',#2340,.T.);
#1217=FACE_BOUND('',#2341,.T.);
#1218=FACE_BOUND('',#2342,.T.);
#1219=FACE_BOUND('',#2343,.T.);
#1220=FACE_BOUND('',#2344,.T.);
#1221=FACE_BOUND('',#2345,.T.);
#1222=FACE_BOUND('',#2346,.T.);
#1223=FACE_BOUND('',#2347,.T.);
#1224=FACE_BOUND('',#2348,.T.);
#1225=FACE_BOUND('',#2349,.T.);
#1226=FACE_BOUND('',#2350,.T.);
#1227=FACE_BOUND('',#2351,.T.);
#1228=PLANE('',#2352);
#1229=FACE_OUTER_BOUND('',#2353,.T.);
#1230=PLANE('',#2354);
#1231=FACE_OUTER_BOUND('',#2355,.T.);
#1232=PLANE('',#2356);
#1233=FACE_OUTER_BOUND('',#2357,.T.);
#1234=PLANE('',#2358);
#1235=FACE_OUTER_BOUND('',#2359,.T.);
#1236=CYLINDRICAL_SURFACE('',#2360,2.12344);
#1237=FACE_OUTER_BOUND('',#2361,.T.);
#1238=(B_SPLINE_SURFACE(3,3,((#2363,#2364,#2365,#2366),(#2367,#2368,#2369,#2370),(#2371,#2372,#2373,#2374),(#2375,#2376,#2377,#2378)),.UNSPECIFIED.,.F.,.F.,.F.)B_SPLINE_SURFACE_WITH_KNOTS((4,4),(4,4),(0.0219619871114534,0.978038012888611),(0.0413904672679914,0.958609530940431),.UNSPECIFIED.)RATIONAL_B_SPLINE_SURFACE(((1.2691030541634,1.20022496753827,1.20022496740373,1.26910305375979),(0.966874938695098,0.914399692051361,0.914399691948863,0.966874938387603),(0.966874938695119,0.91439969205138,0.914399691948882,0.966874938387624),(1.26910305416346,1.20022496753833,1.20022496740379,1.26910305375985)))BOUNDED_SURFACE()REPRESENTATION_ITEM('')GEOMETRIC_REPRESENTATION_ITEM()SURFACE());
#1239=FACE_OUTER_BOUND('',#2385,.T.);
#1240=CYLINDRICAL_SURFACE('',#2386,1.3335);
#1241=FACE_OUTER_BOUND('',#2387,.T.);
#1242=PLANE('',#2388);
#1243=FACE_OUTER_BOUND('',#2389,.T.);
#1244=CYLINDRICAL_SURFACE('',#2390,2.12344);
#1245=FACE_OUTER_BOUND('',#2391,.T.);
#1246=(B_SPLINE_SURFACE(3,3,((#2393,#2394,#2395,#2396),(#2397,#2398,#2399,#2400),(#2401,#2402,#2403,#2404),(#2405,#2406,#2407,#2408)),.UNSPECIFIED.,.F.,.F.,.F.)B_SPLINE_SURFACE_WITH_KNOTS((4,4),(4,4),(0.0209203550101194,0.979079644989777),(0.041391845853842,0.958608152442392),.UNSPECIFIED.)RATIONAL_B_SPLINE_SURFACE(((1.18052741193976,1.11645696461318,1.11645696449417,1.18052741158272),(0.996399812624276,0.942322473067757,0.942322472967306,0.996399812322923),(0.996399812624256,0.942322473067738,0.942322472967287,0.996399812322903),(1.1805274119397,1.11645696461312,1.11645696449411,1.18052741158266)))BOUNDED_SURFACE()REPRESENTATION_ITEM('')GEOMETRIC_REPRESENTATION_ITEM()SURFACE());
#1247=FACE_OUTER_BOUND('',#2415,.T.);
#1248=CYLINDRICAL_SURFACE('',#2416,1.3335);
#1249=FACE_OUTER_BOUND('',#2417,.T.);
#1250=PLANE('',#2418);
#1251=FACE_OUTER_BOUND('',#2419,.T.);
#1252=CYLINDRICAL_SURFACE('',#2420,2.12344);
#1253=FACE_OUTER_BOUND('',#2421,.T.);
#1254=(B_SPLINE_SURFACE(3,3,((#2423,#2424,#2425,#2426),(#2427,#2428,#2429,#2430),(#2431,#2432,#2433,#2434),(#2435,#2436,#2437,#2438)),.UNSPECIFIED.,.F.,.F.,.F.)B_SPLINE_SURFACE_WITH_KNOTS((4,4),(4,4),(0.0209203550102226,0.979079644989881),(0.0413918458538422,0.958608152442398),.UNSPECIFIED.)RATIONAL_B_SPLINE_SURFACE(((1.1805274119397,1.11645696461312,1.11645696449411,1.18052741158266),(0.996399812624256,0.942322473067737,0.942322472967287,0.996399812322905),(0.996399812624275,0.942322473067756,0.942322472967305,0.996399812322924),(1.18052741193976,1.11645696461318,1.11645696449416,1.18052741158272)))BOUNDED_SURFACE()REPRESENTATION_ITEM('')GEOMETRIC_REPRESENTATION_ITEM()SURFACE());
#1255=FACE_OUTER_BOUND('',#2445,.T.);
#1256=CYLINDRICAL_SURFACE('',#2446,1.3335);
#1257=FACE_OUTER_BOUND('',#2447,.T.);
#1258=PLANE('',#2448);
#1259=FACE_OUTER_BOUND('',#2449,.T.);
#1260=CYLINDRICAL_SURFACE('',#2450,2.12344);
#1261=FACE_OUTER_BOUND('',#2451,.T.);
#1262=(B_SPLINE_SURFACE(3,3,((#2453,#2454,#2455,#2456),(#2457,#2458,#2459,#2460),(#2461,#2462,#2463,#2464),(#2465,#2466,#2467,#2468)),.UNSPECIFIED.,.F.,.F.,.F.)B_SPLINE_SURFACE_WITH_KNOTS((4,4),(4,4),(0.0219619871113887,0.978038012888522),(0.0413904672685316,0.958609530940436),.UNSPECIFIED.)RATIONAL_B_SPLINE_SURFACE(((1.26910305416334,1.20022496753833,1.20022496740383,1.26910305375985),(0.966874938695034,0.914399692051387,0.91439969194892,0.966874938387632),(0.966874938695006,0.914399692051361,0.914399691948894,0.966874938387604),(1.26910305416326,1.20022496753825,1.20022496740375,1.26910305375977)))BOUNDED_SURFACE()REPRESENTATION_ITEM('')GEOMETRIC_REPRESENTATION_ITEM()SURFACE());
#1263=FACE_OUTER_BOUND('',#2475,.T.);
#1264=CYLINDRICAL_SURFACE('',#2476,1.3335);
#1265=FACE_OUTER_BOUND('',#2477,.T.);
#1266=PLANE('',#2478);
#1267=FACE_OUTER_BOUND('',#2479,.T.);
#1268=PLANE('',#2480);
#1269=FACE_OUTER_BOUND('',#2481,.T.);
#1270=CYLINDRICAL_SURFACE('',#2482,2.54);
#1271=FACE_OUTER_BOUND('',#2483,.T.);
#1272=PLANE('',#2484);
#1273=FACE_OUTER_BOUND('',#2485,.T.);
#1274=CYLINDRICAL_SURFACE('',#2486,2.54);
#1275=FACE_OUTER_BOUND('',#2487,.T.);
#1276=PLANE('',#2488);
#1277=FACE_OUTER_BOUND('',#2489,.T.);
#1278=CYLINDRICAL_SURFACE('',#2490,2.54);
#1279=FACE_OUTER_BOUND('',#2491,.T.);
#1280=PLANE('',#2492);
#1281=FACE_OUTER_BOUND('',#2493,.T.);
#1282=CYLINDRICAL_SURFACE('',#2494,2.54);
#1283=FACE_OUTER_BOUND('',#2495,.T.);
#1284=TOROIDAL_SURFACE('',#2496,3.048,0.508);
#1285=FACE_OUTER_BOUND('',#2497,.T.);
#1286=FACE_BOUND('',#2498,.T.);
#1287=FACE_BOUND('',#2499,.T.);
#1288=FACE_BOUND('',#2500,.T.);
#1289=PLANE('',#2501);
#1290=FACE_OUTER_BOUND('',#2502,.T.);
#1291=PLANE('',#2503);
#1292=FACE_OUTER_BOUND('',#2504,.T.);
#1293=CYLINDRICAL_SURFACE('',#2505,1.27);
#1294=FACE_OUTER_BOUND('',#2506,.T.);
#1295=CYLINDRICAL_SURFACE('',#2507,1.5748);
#1296=FACE_OUTER_BOUND('',#2508,.T.);
#1297=PLANE('',#2509);
#1298=FACE_OUTER_BOUND('',#2510,.T.);
#1299=PLANE('',#2511);
#1300=FACE_OUTER_BOUND('',#2512,.T.);
#1301=PLANE('',#2513);
#1302=FACE_OUTER_BOUND('',#2514,.T.);
#1303=PLANE('',#2515);
#1304=FACE_OUTER_BOUND('',#2516,.T.);
#1305=PLANE('',#2517);
#1306=FACE_OUTER_BOUND('',#2518,.T.);
#1307=PLANE('',#2519);
#1308=FACE_OUTER_BOUND('',#2520,.T.);
#1309=PLANE('',#2521);
#1310=FACE_OUTER_BOUND('',#2522,.T.);
#1311=PLANE('',#2523);
#1312=FACE_OUTER_BOUND('',#2524,.T.);
#1313=PLANE('',#2525);
#1314=FACE_OUTER_BOUND('',#2526,.T.);
#1315=PLANE('',#2527);
#1316=FACE_OUTER_BOUND('',#2528,.T.);
#1317=PLANE('',#2529);
#1318=FACE_OUTER_BOUND('',#2530,.T.);
#1319=PLANE('',#2531);
#1320=FACE_OUTER_BOUND('',#2532,.T.);
#1321=PLANE('',#2533);
#1322=FACE_OUTER_BOUND('',#2534,.T.);
#1323=PLANE('',#2535);
#1324=FACE_OUTER_BOUND('',#2536,.T.);
#1325=PLANE('',#2537);
#1326=FACE_OUTER_BOUND('',#2538,.T.);
#1327=PLANE('',#2539);
#1328=FACE_OUTER_BOUND('',#2540,.T.);
#1329=PLANE('',#2541);
#1330=FACE_OUTER_BOUND('',#2542,.T.);
#1331=PLANE('',#2543);
#1332=FACE_OUTER_BOUND('',#2544,.T.);
#1333=CYLINDRICAL_SURFACE('',#2545,1.5748);
#1334=FACE_OUTER_BOUND('',#2546,.T.);
#1335=CYLINDRICAL_SURFACE('',#2547,1.27);
#1336=FACE_OUTER_BOUND('',#2548,.T.);
#1337=PLANE('',#2549);
#1338=FACE_OUTER_BOUND('',#2550,.T.);
#1339=PLANE('',#2551);
#1340=FACE_OUTER_BOUND('',#2552,.T.);
#1341=PLANE('',#2553);
#1342=FACE_OUTER_BOUND('',#2554,.T.);
#1343=PLANE('',#2555);
#1344=FACE_OUTER_BOUND('',#2556,.T.);
#1345=TOROIDAL_SURFACE('',#2557,3.048,0.508);
#1346=FACE_OUTER_BOUND('',#2558,.T.);
#1347=CYLINDRICAL_SURFACE('',#2559,0.508);
#1348=FACE_OUTER_BOUND('',#2560,.T.);
#1349=CYLINDRICAL_SURFACE('',#2561,0.508);
#1350=FACE_OUTER_BOUND('',#2562,.T.);
#1351=TOROIDAL_SURFACE('',#2563,3.048,0.508);
#1352=FACE_OUTER_BOUND('',#2564,.T.);
#1353=CYLINDRICAL_SURFACE('',#2565,0.508);
#1354=FACE_OUTER_BOUND('',#2566,.T.);
#1355=TOROIDAL_SURFACE('',#2567,3.048,0.508);
#1356=FACE_OUTER_BOUND('',#2568,.T.);
#1357=CYLINDRICAL_SURFACE('',#2569,0.508);
#1358=FACE_OUTER_BOUND('',#2570,.T.);
#1359=CYLINDRICAL_SURFACE('',#2571,2.3876);
#1360=FACE_OUTER_BOUND('',#2572,.T.);
#1361=CYLINDRICAL_SURFACE('',#2573,2.3876);
#1362=FACE_OUTER_BOUND('',#2574,.T.);
#1363=FACE_BOUND('',#2575,.T.);
#1364=PLANE('',#2576);
#1365=FACE_OUTER_BOUND('',#2577,.T.);
#1366=FACE_BOUND('',#2578,.T.);
#1367=PLANE('',#2579);
#1368=FACE_OUTER_BOUND('',#2580,.T.);
#1369=CYLINDRICAL_SURFACE('',#2581,2.3876);
#1370=FACE_OUTER_BOUND('',#2582,.T.);
#1371=CYLINDRICAL_SURFACE('',#2583,2.3876);
#1372=FACE_OUTER_BOUND('',#2584,.T.);
#1373=CYLINDRICAL_SURFACE('',#2585,1.9939);
#1374=FACE_OUTER_BOUND('',#2586,.T.);
#1375=CYLINDRICAL_SURFACE('',#2587,1.9939);
#1376=FACE_OUTER_BOUND('',#2588,.T.);
#1377=FACE_BOUND('',#2589,.T.);
#1378=PLANE('',#2590);
#1379=FACE_OUTER_BOUND('',#2591,.T.);
#1380=FACE_BOUND('',#2592,.T.);
#1381=PLANE('',#2593);
#1382=FACE_OUTER_BOUND('',#2594,.T.);
#1383=CYLINDRICAL_SURFACE('',#2595,1.9939);
#1384=FACE_OUTER_BOUND('',#2596,.T.);
#1385=CYLINDRICAL_SURFACE('',#2597,1.9939);
#1386=FACE_OUTER_BOUND('',#2598,.T.);
#1387=CYLINDRICAL_SURFACE('',#2599,1.9177);
#1388=FACE_OUTER_BOUND('',#2600,.T.);
#1389=CYLINDRICAL_SURFACE('',#2601,1.9177);
#1390=FACE_OUTER_BOUND('',#2602,.T.);
#1391=CONICAL_SURFACE('',#2603,1.8669,0.288055447050658);
#1392=FACE_OUTER_BOUND('',#2604,.T.);
#1393=CONICAL_SURFACE('',#2605,1.8669,0.288055447050658);
#1394=FACE_OUTER_BOUND('',#2606,.T.);
#1395=CYLINDRICAL_SURFACE('',#2607,1.8161);
#1396=FACE_OUTER_BOUND('',#2608,.T.);
#1397=CYLINDRICAL_SURFACE('',#2609,1.8161);
#1398=FACE_OUTER_BOUND('',#2610,.T.);
#1399=FACE_BOUND('',#2611,.T.);
#1400=PLANE('',#2612);
#1401=FACE_OUTER_BOUND('',#2613,.T.);
#1402=CYLINDRICAL_SURFACE('',#2614,1.9177);
#1403=FACE_OUTER_BOUND('',#2615,.T.);
#1404=CYLINDRICAL_SURFACE('',#2616,1.9177);
#1405=FACE_OUTER_BOUND('',#2617,.T.);
#1406=FACE_BOUND('',#2618,.T.);
#1407=PLANE('',#2619);
#1408=FACE_OUTER_BOUND('',#2620,.T.);
#1409=CYLINDRICAL_SURFACE('',#2621,1.4224);
#1410=FACE_OUTER_BOUND('',#2622,.T.);
#1411=CYLINDRICAL_SURFACE('',#2623,1.4224);
#1412=FACE_OUTER_BOUND('',#2624,.T.);
#1413=PLANE('',#2625);
#1414=FACE_OUTER_BOUND('',#2626,.T.);
#1415=CYLINDRICAL_SURFACE('',#2627,1.9177);
#1416=FACE_OUTER_BOUND('',#2628,.T.);
#1417=CYLINDRICAL_SURFACE('',#2629,1.9177);
#1418=FACE_OUTER_BOUND('',#2630,.T.);
#1419=CONICAL_SURFACE('',#2631,1.8669,0.288055447050484);
#1420=FACE_OUTER_BOUND('',#2632,.T.);
#1421=CONICAL_SURFACE('',#2633,1.8669,0.288055447050484);
#1422=FACE_OUTER_BOUND('',#2634,.T.);
#1423=CYLINDRICAL_SURFACE('',#2635,1.8161);
#1424=FACE_OUTER_BOUND('',#2636,.T.);
#1425=CYLINDRICAL_SURFACE('',#2637,1.8161);
#1426=FACE_OUTER_BOUND('',#2638,.T.);
#1427=FACE_BOUND('',#2639,.T.);
#1428=PLANE('',#2640);
#1429=FACE_OUTER_BOUND('',#2641,.T.);
#1430=CYLINDRICAL_SURFACE('',#2642,1.9177);
#1431=FACE_OUTER_BOUND('',#2643,.T.);
#1432=CYLINDRICAL_SURFACE('',#2644,1.9177);
#1433=FACE_OUTER_BOUND('',#2645,.T.);
#1434=FACE_BOUND('',#2646,.T.);
#1435=PLANE('',#2647);
#1436=FACE_OUTER_BOUND('',#2648,.T.);
#1437=CYLINDRICAL_SURFACE('',#2649,1.4224);
#1438=FACE_OUTER_BOUND('',#2650,.T.);
#1439=CYLINDRICAL_SURFACE('',#2651,1.4224);
#1440=FACE_OUTER_BOUND('',#2652,.T.);
#1441=PLANE('',#2653);
#1442=FACE_OUTER_BOUND('',#2654,.T.);
#1443=CYLINDRICAL_SURFACE('',#2655,0.508);
#1444=FACE_OUTER_BOUND('',#2656,.T.);
#1445=CYLINDRICAL_SURFACE('',#2657,0.508);
#1446=FACE_OUTER_BOUND('',#2658,.T.);
#1447=PLANE('',#2659);
#1448=FACE_OUTER_BOUND('',#2660,.T.);
#1449=CYLINDRICAL_SURFACE('',#2661,0.508);
#1450=FACE_OUTER_BOUND('',#2662,.T.);
#1451=CYLINDRICAL_SURFACE('',#2663,0.508);
#1452=FACE_OUTER_BOUND('',#2664,.T.);
#1453=PLANE('',#2665);
#1454=FACE_OUTER_BOUND('',#2666,.T.);
#1455=CYLINDRICAL_SURFACE('',#2667,0.508);
#1456=FACE_OUTER_BOUND('',#2668,.T.);
#1457=CYLINDRICAL_SURFACE('',#2669,0.508);
#1458=FACE_OUTER_BOUND('',#2670,.T.);
#1459=PLANE('',#2671);
#1460=FACE_OUTER_BOUND('',#2672,.T.);
#1461=CYLINDRICAL_SURFACE('',#2673,0.508);
#1462=FACE_OUTER_BOUND('',#2674,.T.);
#1463=CYLINDRICAL_SURFACE('',#2675,0.508);
#1464=FACE_OUTER_BOUND('',#2676,.T.);
#1465=PLANE('',#2677);
#1466=FACE_OUTER_BOUND('',#2678,.T.);
#1467=CYLINDRICAL_SURFACE('',#2679,0.508);
#1468=FACE_OUTER_BOUND('',#2680,.T.);
#1469=CYLINDRICAL_SURFACE('',#2681,0.508);
#1470=FACE_OUTER_BOUND('',#2682,.T.);
#1471=PLANE('',#2683);
#1472=FACE_OUTER_BOUND('',#2684,.T.);
#1473=CYLINDRICAL_SURFACE('',#2685,0.508);
#1474=FACE_OUTER_BOUND('',#2686,.T.);
#1475=CYLINDRICAL_SURFACE('',#2687,0.508);
#1476=FACE_OUTER_BOUND('',#2688,.T.);
#1477=PLANE('',#2689);
#1478=FACE_OUTER_BOUND('',#2690,.T.);
#1479=CYLINDRICAL_SURFACE('',#2691,0.508);
#1480=FACE_OUTER_BOUND('',#2692,.T.);
#1481=CYLINDRICAL_SURFACE('',#2693,0.508);
#1482=FACE_OUTER_BOUND('',#2694,.T.);
#1483=PLANE('',#2695);
#1484=FACE_OUTER_BOUND('',#2696,.T.);
#1485=CYLINDRICAL_SURFACE('',#2697,0.508);
#1486=FACE_OUTER_BOUND('',#2698,.T.);
#1487=CYLINDRICAL_SURFACE('',#2699,0.508);
#1488=FACE_OUTER_BOUND('',#2700,.T.);
#1489=PLANE('',#2701);
#1490=FACE_OUTER_BOUND('',#2702,.T.);
#1491=CYLINDRICAL_SURFACE('',#2703,0.508);
#1492=FACE_OUTER_BOUND('',#2704,.T.);
#1493=CYLINDRICAL_SURFACE('',#2705,0.508);
#1494=FACE_OUTER_BOUND('',#2706,.T.);
#1495=PLANE('',#2707);
#1496=FACE_OUTER_BOUND('',#2708,.T.);
#1497=PLANE('',#2709);
#1498=FACE_OUTER_BOUND('',#2710,.T.);
#1499=PLANE('',#2711);
#1500=FACE_OUTER_BOUND('',#2712,.T.);
#1501=PLANE('',#2713);
#1502=FACE_OUTER_BOUND('',#2714,.T.);
#1503=PLANE('',#2715);
#1504=FACE_OUTER_BOUND('',#2716,.T.);
#1505=PLANE('',#2717);
#1506=FACE_OUTER_BOUND('',#2718,.T.);
#1507=PLANE('',#2719);
#1508=FACE_OUTER_BOUND('',#2720,.T.);
#1509=PLANE('',#2721);
#1510=FACE_OUTER_BOUND('',#2722,.T.);
#1511=PLANE('',#2723);
#1512=FACE_OUTER_BOUND('',#2724,.T.);
#1513=FACE_BOUND('',#2725,.T.);
#1514=PLANE('',#2726);
#1515=FACE_OUTER_BOUND('',#2727,.T.);
#1516=PLANE('',#2728);
#1517=FACE_OUTER_BOUND('',#2729,.T.);
#1518=PLANE('',#2730);
#1519=FACE_OUTER_BOUND('',#2731,.T.);
#1520=PLANE('',#2732);
#1521=FACE_OUTER_BOUND('',#2733,.T.);
#1522=PLANE('',#2734);
#1523=FACE_OUTER_BOUND('',#2735,.T.);
#1524=PLANE('',#2736);
#1525=FACE_OUTER_BOUND('',#2737,.T.);
#1526=PLANE('',#2738);
#1527=FACE_OUTER_BOUND('',#2739,.T.);
#1528=PLANE('',#2740);
#1529=FACE_OUTER_BOUND('',#2741,.T.);
#1530=PLANE('',#2742);
#1531=FACE_OUTER_BOUND('',#2743,.T.);
#1532=PLANE('',#2744);
#1533=FACE_OUTER_BOUND('',#2745,.T.);
#1534=PLANE('',#2746);
#1535=FACE_OUTER_BOUND('',#2747,.T.);
#1536=PLANE('',#2748);
#1537=FACE_OUTER_BOUND('',#2749,.T.);
#1538=PLANE('',#2750);
#1539=FACE_OUTER_BOUND('',#2751,.T.);
#1540=PLANE('',#2752);
#1541=FACE_OUTER_BOUND('',#2753,.T.);
#1542=PLANE('',#2754);
#1543=FACE_OUTER_BOUND('',#2755,.T.);
#1544=PLANE('',#2756);
#1545=FACE_OUTER_BOUND('',#2757,.T.);
#1546=PLANE('',#2758);
#1547=FACE_OUTER_BOUND('',#2759,.T.);
#1548=PLANE('',#2760);
#1549=FACE_OUTER_BOUND('',#2761,.T.);
#1550=PLANE('',#2762);
#1551=FACE_OUTER_BOUND('',#2763,.T.);
#1552=PLANE('',#2764);
#1553=FACE_OUTER_BOUND('',#2765,.T.);
#1554=PLANE('',#2766);
#1555=FACE_OUTER_BOUND('',#2767,.T.);
#1556=PLANE('',#2768);
#1557=FACE_OUTER_BOUND('',#2769,.T.);
#1558=PLANE('',#2770);
#1559=FACE_OUTER_BOUND('',#2771,.T.);
#1560=PLANE('',#2772);
#1561=FACE_OUTER_BOUND('',#2773,.T.);
#1562=PLANE('',#2774);
#1563=FACE_OUTER_BOUND('',#2775,.T.);
#1564=PLANE('',#2776);
#1565=FACE_OUTER_BOUND('',#2777,.T.);
#1566=PLANE('',#2778);
#1567=FACE_OUTER_BOUND('',#2779,.T.);
#1568=PLANE('',#2780);
#1569=FACE_OUTER_BOUND('',#2781,.T.);
#1570=PLANE('',#2782);
#1571=FACE_OUTER_BOUND('',#2783,.T.);
#1572=PLANE('',#2784);
#1573=FACE_OUTER_BOUND('',#2785,.T.);
#1574=PLANE('',#2786);
#1575=FACE_OUTER_BOUND('',#2787,.T.);
#1576=PLANE('',#2788);
#1577=FACE_OUTER_BOUND('',#2789,.T.);
#1578=PLANE('',#2790);
#1579=FACE_OUTER_BOUND('',#2791,.T.);
#1580=PLANE('',#2792);
#1581=FACE_OUTER_BOUND('',#2793,.T.);
#1582=PLANE('',#2794);
#1583=FACE_OUTER_BOUND('',#2795,.T.);
#1584=PLANE('',#2796);
#1585=FACE_OUTER_BOUND('',#2797,.T.);
#1586=PLANE('',#2798);
#1587=FACE_OUTER_BOUND('',#2799,.T.);
#1588=PLANE('',#2800);
#1589=FACE_OUTER_BOUND('',#2801,.T.);
#1590=PLANE('',#2802);
#1591=FACE_OUTER_BOUND('',#2803,.T.);
#1592=PLANE('',#2804);
#1593=FACE_OUTER_BOUND('',#2805,.T.);
#1594=PLANE('',#2806);
#1595=FACE_OUTER_BOUND('',#2807,.T.);
#1596=PLANE('',#2808);
#1597=FACE_OUTER_BOUND('',#2809,.T.);
#1598=PLANE('',#2810);
#1599=FACE_OUTER_BOUND('',#2811,.T.);
#1600=PLANE('',#2812);
#1601=FACE_OUTER_BOUND('',#2813,.T.);
#1602=PLANE('',#2814);
#1603=FACE_OUTER_BOUND('',#2815,.T.);
#1604=PLANE('',#2816);
#1605=FACE_OUTER_BOUND('',#2817,.T.);
#1606=PLANE('',#2818);
#1607=FACE_OUTER_BOUND('',#2819,.T.);
#1608=PLANE('',#2820);
#1609=FACE_OUTER_BOUND('',#2821,.T.);
#1610=PLANE('',#2822);
#1611=FACE_OUTER_BOUND('',#2823,.T.);
#1612=PLANE('',#2824);
#1613=FACE_OUTER_BOUND('',#2825,.T.);
#1614=PLANE('',#2826);
#1615=FACE_OUTER_BOUND('',#2827,.T.);
#1616=PLANE('',#2828);
#1617=FACE_OUTER_BOUND('',#2829,.T.);
#1618=PLANE('',#2830);
#1619=FACE_OUTER_BOUND('',#2831,.T.);
#1620=PLANE('',#2832);
#1621=FACE_OUTER_BOUND('',#2833,.T.);
#1622=PLANE('',#2834);
#1623=FACE_OUTER_BOUND('',#2835,.T.);
#1624=PLANE('',#2836);
#1625=FACE_OUTER_BOUND('',#2837,.T.);
#1626=PLANE('',#2838);
#1627=FACE_OUTER_BOUND('',#2839,.T.);
#1628=PLANE('',#2840);
#1629=FACE_OUTER_BOUND('',#2841,.T.);
#1630=PLANE('',#2842);
#1631=FACE_OUTER_BOUND('',#2843,.T.);
#1632=PLANE('',#2844);
#1633=FACE_OUTER_BOUND('',#2845,.T.);
#1634=PLANE('',#2846);
#1635=FACE_OUTER_BOUND('',#2847,.T.);
#1636=PLANE('',#2848);
#1637=FACE_OUTER_BOUND('',#2849,.T.);
#1638=PLANE('',#2850);
#1639=FACE_OUTER_BOUND('',#2851,.T.);
#1640=CYLINDRICAL_SURFACE('',#2852,0.3175);
#1641=FACE_OUTER_BOUND('',#2853,.T.);
#1642=CYLINDRICAL_SURFACE('',#2854,0.3175);
#1643=FACE_OUTER_BOUND('',#2855,.T.);
#1644=PLANE('',#2856);
#1645=FACE_OUTER_BOUND('',#2857,.T.);
#1646=CYLINDRICAL_SURFACE('',#2858,0.3175);
#1647=FACE_OUTER_BOUND('',#2859,.T.);
#1648=CYLINDRICAL_SURFACE('',#2860,0.3175);
#1649=FACE_OUTER_BOUND('',#2861,.T.);
#1650=PLANE('',#2862);
#1651=FACE_OUTER_BOUND('',#2863,.T.);
#1652=CYLINDRICAL_SURFACE('',#2864,0.3175);
#1653=FACE_OUTER_BOUND('',#2865,.T.);
#1654=CYLINDRICAL_SURFACE('',#2866,0.3175);
#1655=FACE_OUTER_BOUND('',#2867,.T.);
#1656=PLANE('',#2868);
#1657=FACE_OUTER_BOUND('',#2869,.T.);
#1658=CYLINDRICAL_SURFACE('',#2870,0.3175);
#1659=FACE_OUTER_BOUND('',#2871,.T.);
#1660=CYLINDRICAL_SURFACE('',#2872,0.3175);
#1661=FACE_OUTER_BOUND('',#2873,.T.);
#1662=PLANE('',#2874);
#1663=FACE_OUTER_BOUND('',#2875,.T.);
#1664=CYLINDRICAL_SURFACE('',#2876,0.3175);
#1665=FACE_OUTER_BOUND('',#2877,.T.);
#1666=CYLINDRICAL_SURFACE('',#2878,0.3175);
#1667=FACE_OUTER_BOUND('',#2879,.T.);
#1668=PLANE('',#2880);
#1669=FACE_OUTER_BOUND('',#2881,.T.);
#1670=CYLINDRICAL_SURFACE('',#2882,0.3175);
#1671=FACE_OUTER_BOUND('',#2883,.T.);
#1672=CYLINDRICAL_SURFACE('',#2884,0.3175);
#1673=FACE_OUTER_BOUND('',#2885,.T.);
#1674=PLANE('',#2886);
#1675=FACE_OUTER_BOUND('',#2887,.T.);
#1676=CYLINDRICAL_SURFACE('',#2888,0.3175);
#1677=FACE_OUTER_BOUND('',#2889,.T.);
#1678=CYLINDRICAL_SURFACE('',#2890,0.3175);
#1679=FACE_OUTER_BOUND('',#2891,.T.);
#1680=PLANE('',#2892);
#1681=FACE_OUTER_BOUND('',#2893,.T.);
#1682=CYLINDRICAL_SURFACE('',#2894,0.3175);
#1683=FACE_OUTER_BOUND('',#2895,.T.);
#1684=CYLINDRICAL_SURFACE('',#2896,0.3175);
#1685=FACE_OUTER_BOUND('',#2897,.T.);
#1686=PLANE('',#2898);
#1687=FACE_OUTER_BOUND('',#2899,.T.);
#1688=CYLINDRICAL_SURFACE('',#2900,0.3175);
#1689=FACE_OUTER_BOUND('',#2901,.T.);
#1690=CYLINDRICAL_SURFACE('',#2902,0.3175);
#1691=FACE_OUTER_BOUND('',#2903,.T.);
#1692=PLANE('',#2904);
#1693=FACE_OUTER_BOUND('',#2905,.T.);
#1694=PLANE('',#2906);
#1695=FACE_OUTER_BOUND('',#2907,.T.);
#1696=CYLINDRICAL_SURFACE('',#2908,0.7874);
#1697=FACE_OUTER_BOUND('',#2909,.T.);
#1698=PLANE('',#2910);
#1699=FACE_OUTER_BOUND('',#2911,.T.);
#1700=CYLINDRICAL_SURFACE('',#2912,2.7686);
#1701=FACE_OUTER_BOUND('',#2913,.T.);
#1702=PLANE('',#2914);
#1703=FACE_OUTER_BOUND('',#2915,.T.);
#1704=CYLINDRICAL_SURFACE('',#2916,2.7686);
#1705=FACE_OUTER_BOUND('',#2917,.T.);
#1706=PLANE('',#2918);
#1707=FACE_OUTER_BOUND('',#2919,.T.);
#1708=CYLINDRICAL_SURFACE('',#2920,2.7686);
#1709=FACE_OUTER_BOUND('',#2921,.T.);
#1710=PLANE('',#2922);
#1711=FACE_OUTER_BOUND('',#2923,.T.);
#1712=CYLINDRICAL_SURFACE('',#2924,2.7686);
#1713=FACE_OUTER_BOUND('',#2925,.T.);
#1714=PLANE('',#2926);
#1715=FACE_OUTER_BOUND('',#2927,.T.);
#1716=CYLINDRICAL_SURFACE('',#2928,2.7686);
#1717=FACE_OUTER_BOUND('',#2929,.T.);
#1718=PLANE('',#2930);
#1719=FACE_OUTER_BOUND('',#2931,.T.);
#1720=CYLINDRICAL_SURFACE('',#2932,2.7686);
#1721=ADVANCED_FACE('',(#2933),#2934,.F.);
#1722=ADVANCED_FACE('',(#2935,#2936),#2937,.T.);
#1723=ADVANCED_FACE('',(#2938),#2939,.T.);
#1724=ADVANCED_FACE('',(#2940),#2941,.T.);
#1725=ADVANCED_FACE('',(#2942),#2943,.F.);
#1726=ADVANCED_FACE('',(#2944),#2945,.F.);
#1727=ADVANCED_FACE('',(#2946),#2947,.F.);
#1728=ADVANCED_FACE('',(#2948,#2949),#2950,.T.);
#1729=ADVANCED_FACE('',(#2951),#2952,.T.);
#1730=ADVANCED_FACE('',(#2953),#2954,.T.);
#1731=ADVANCED_FACE('',(#2955),#2956,.F.);
#1732=ADVANCED_FACE('',(#2957),#2958,.F.);
#1733=ADVANCED_FACE('',(#2959),#2960,.F.);
#1734=ADVANCED_FACE('',(#2961),#2962,.F.);
#1735=EDGE_LOOP('',(#2963,#2964,#2965,#2966));
#1736=AXIS2_PLACEMENT_3D('',#2967,#2968,#2969);
#1737=EDGE_LOOP('',(#2970,#2971,#2972,#2973));
#1738=AXIS2_PLACEMENT_3D('',#2974,#2975,#2976);
#1739=EDGE_LOOP('',(#2977,#2978,#2979,#2980));
#1740=AXIS2_PLACEMENT_3D('',#2981,#2982,#2983);
#1741=EDGE_LOOP('',(#2984,#2985,#2986,#2987));
#1742=AXIS2_PLACEMENT_3D('',#2988,#2989,#2990);
#1743=EDGE_LOOP('',(#2991,#2992,#2993,#2994));
#1744=AXIS2_PLACEMENT_3D('',#2995,#2996,#2997);
#1745=EDGE_LOOP('',(#2998,#2999,#3000,#3001));
#1746=AXIS2_PLACEMENT_3D('',#3002,#3003,#3004);
#1747=EDGE_LOOP('',(#3005,#3006,#3007,#3008));
#1748=AXIS2_PLACEMENT_3D('',#3009,#3010,#3011);
#1749=EDGE_LOOP('',(#3012,#3013,#3014,#3015));
#1750=AXIS2_PLACEMENT_3D('',#3016,#3017,#3018);
#1751=EDGE_LOOP('',(#3019,#3020,#3021,#3022));
#1752=AXIS2_PLACEMENT_3D('',#3023,#3024,#3025);
#1753=EDGE_LOOP('',(#3026,#3027,#3028,#3029));
#1754=AXIS2_PLACEMENT_3D('',#3030,#3031,#3032);
#1755=EDGE_LOOP('',(#3033,#3034,#3035,#3036));
#1756=AXIS2_PLACEMENT_3D('',#3037,#3038,#3039);
#1757=EDGE_LOOP('',(#3040,#3041,#3042,#3043));
#1758=AXIS2_PLACEMENT_3D('',#3044,#3045,#3046);
#1759=EDGE_LOOP('',(#3047,#3048,#3049,#3050));
#1760=AXIS2_PLACEMENT_3D('',#3051,#3052,#3053);
#1761=EDGE_LOOP('',(#3054,#3055,#3056,#3057));
#1762=AXIS2_PLACEMENT_3D('',#3058,#3059,#3060);
#1763=EDGE_LOOP('',(#3061,#3062,#3063,#3064));
#1764=AXIS2_PLACEMENT_3D('',#3065,#3066,#3067);
#1765=EDGE_LOOP('',(#3068,#3069,#3070,#3071));
#1766=AXIS2_PLACEMENT_3D('',#3072,#3073,#3074);
#1767=EDGE_LOOP('',(#3075,#3076,#3077,#3078));
#1768=AXIS2_PLACEMENT_3D('',#3079,#3080,#3081);
#1769=EDGE_LOOP('',(#3082,#3083,#3084,#3085));
#1770=AXIS2_PLACEMENT_3D('',#3086,#3087,#3088);
#1771=EDGE_LOOP('',(#3089,#3090,#3091,#3092));
#1772=AXIS2_PLACEMENT_3D('',#3093,#3094,#3095);
#1773=EDGE_LOOP('',(#3096,#3097,#3098,#3099));
#1774=AXIS2_PLACEMENT_3D('',#3100,#3101,#3102);
#1775=EDGE_LOOP('',(#3103,#3104,#3105,#3106));
#1776=AXIS2_PLACEMENT_3D('',#3107,#3108,#3109);
#1777=EDGE_LOOP('',(#3110,#3111,#3112,#3113));
#1778=AXIS2_PLACEMENT_3D('',#3114,#3115,#3116);
#1779=EDGE_LOOP('',(#3117,#3118,#3119,#3120));
#1780=AXIS2_PLACEMENT_3D('',#3121,#3122,#3123);
#1781=EDGE_LOOP('',(#3124,#3125,#3126,#3127));
#1782=AXIS2_PLACEMENT_3D('',#3128,#3129,#3130);
#1783=EDGE_LOOP('',(#3131,#3132,#3133,#3134));
#1784=AXIS2_PLACEMENT_3D('',#3135,#3136,#3137);
#1785=EDGE_LOOP('',(#3138,#3139,#3140,#3141,#3142,#3143,#3144,#3145,#3146));
#1786=AXIS2_PLACEMENT_3D('',#3147,#3148,#3149);
#1787=EDGE_LOOP('',(#3150,#3151,#3152,#3153,#3154,#3155,#3156,#3157,#3158));
#1788=AXIS2_PLACEMENT_3D('',#3159,#3160,#3161);
#1789=EDGE_LOOP('',(#3162,#3163,#3164,#3165));
#1790=AXIS2_PLACEMENT_3D('',#3166,#3167,#3168);
#1791=EDGE_LOOP('',(#3169,#3170,#3171,#3172,#3173));
#1792=AXIS2_PLACEMENT_3D('',#3174,#3175,#3176);
#1793=EDGE_LOOP('',(#3177,#3178,#3179,#3180));
#1794=AXIS2_PLACEMENT_3D('',#3181,#3182,#3183);
#1795=EDGE_LOOP('',(#3184,#3185,#3186,#3187,#3188));
#1796=AXIS2_PLACEMENT_3D('',#3189,#3190,#3191);
#1797=EDGE_LOOP('',(#3192,#3193,#3194,#3195,#3196,#3197,#3198,#3199));
#1798=AXIS2_PLACEMENT_3D('',#3200,#3201,#3202);
#1799=EDGE_LOOP('',(#3203,#3204,#3205,#3206));
#1800=AXIS2_PLACEMENT_3D('',#3207,#3208,#3209);
#1801=EDGE_LOOP('',(#3210,#3211,#3212,#3213,#3214));
#1802=AXIS2_PLACEMENT_3D('',#3215,#3216,#3217);
#1803=EDGE_LOOP('',(#3218,#3219,#3220,#3221));
#1804=AXIS2_PLACEMENT_3D('',#3222,#3223,#3224);
#1805=EDGE_LOOP('',(#3225,#3226,#3227,#3228,#3229));
#1806=AXIS2_PLACEMENT_3D('',#3230,#3231,#3232);
#1807=EDGE_LOOP('',(#3233,#3234,#3235,#3236,#3237,#3238,#3239,#3240));
#1808=AXIS2_PLACEMENT_3D('',#3241,#3242,#3243);
#1809=EDGE_LOOP('',(#3244,#3245,#3246,#3247,#3248));
#1810=AXIS2_PLACEMENT_3D('',#3249,#3250,#3251);
#1811=EDGE_LOOP('',(#3252,#3253,#3254));
#1812=AXIS2_PLACEMENT_3D('',#3255,#3256,#3257);
#1813=EDGE_LOOP('',(#3258,#3259,#3260,#3261,#3262,#3263));
#1814=AXIS2_PLACEMENT_3D('',#3264,#3265,#3266);
#1815=EDGE_LOOP('',(#3267,#3268,#3269,#3270,#3271,#3272,#3273,#3274,#3275,#3276,#3277,#3278,#3279));
#1816=AXIS2_PLACEMENT_3D('',#3280,#3281,#3282);
#1817=EDGE_LOOP('',(#3283,#3284,#3285,#3286));
#1818=AXIS2_PLACEMENT_3D('',#3287,#3288,#3289);
#1819=EDGE_LOOP('',(#3290,#3291,#3292,#3293,#3294,#3295,#3296,#3297,#3298,#3299,#3300,#3301,#3302,#3303,#3304,#3305));
#1820=AXIS2_PLACEMENT_3D('',#3306,#3307,#3308);
#1821=EDGE_LOOP('',(#3309,#3310,#3311,#3312));
#1822=AXIS2_PLACEMENT_3D('',#3313,#3314,#3315);
#1823=EDGE_LOOP('',(#3316,#3317,#3318,#3319,#3320,#3321,#3322,#3323,#3324,#3325,#3326,#3327,#3328));
#1824=AXIS2_PLACEMENT_3D('',#3329,#3330,#3331);
#1825=EDGE_LOOP('',(#3332,#3333));
#1826=AXIS2_PLACEMENT_3D('',#3334,#3335,#3336);
#1827=EDGE_LOOP('',(#3337,#3338));
#1828=AXIS2_PLACEMENT_3D('',#3339,#3340,#3341);
#1829=EDGE_LOOP('',(#3342,#3343,#3344,#3345,#3346,#3347,#3348,#3349,#3350,#3351,#3352,#3353,#3354,#3355,#3356,#3357));
#1830=AXIS2_PLACEMENT_3D('',#3358,#3359,#3360);
#1831=EDGE_LOOP('',(#3361,#3362,#3363,#3364,#3365,#3366,#3367,#3368,#3369,#3370,#3371,#3372,#3373,#3374,#3375,#3376));
#1832=AXIS2_PLACEMENT_3D('',#3377,#3378,#3379);
#1833=EDGE_LOOP('',(#3380,#3381,#3382,#3383));
#1834=AXIS2_PLACEMENT_3D('',#3384,#3385,#3386);
#1835=EDGE_LOOP('',(#3387,#3388,#3389,#3390));
#1836=AXIS2_PLACEMENT_3D('',#3391,#3392,#3393);
#1837=EDGE_LOOP('',(#3394,#3395,#3396,#3397,#3398,#3399,#3400,#3401,#3402,#3403,#3404,#3405));
#1838=EDGE_LOOP('',(#3406,#3407));
#1839=AXIS2_PLACEMENT_3D('',#3408,#3409,#3410);
#1840=EDGE_LOOP('',(#3411,#3412,#3413,#3414,#3415,#3416,#3417,#3418,#3419,#3420,#3421,#3422));
#1841=EDGE_LOOP('',(#3423,#3424));
#1842=AXIS2_PLACEMENT_3D('',#3425,#3426,#3427);
#1843=EDGE_LOOP('',(#3428,#3429,#3430,#3431));
#1844=AXIS2_PLACEMENT_3D('',#3432,#3433,#3434);
#1845=EDGE_LOOP('',(#3435,#3436,#3437,#3438));
#1846=AXIS2_PLACEMENT_3D('',#3439,#3440,#3441);
#1847=EDGE_LOOP('',(#3442,#3443,#3444,#3445));
#1848=AXIS2_PLACEMENT_3D('',#3446,#3447,#3448);
#1849=EDGE_LOOP('',(#3449,#3450,#3451,#3452));
#1850=AXIS2_PLACEMENT_3D('',#3453,#3454,#3455);
#1851=EDGE_LOOP('',(#3456,#3457,#3458,#3459));
#1852=AXIS2_PLACEMENT_3D('',#3460,#3461,#3462);
#1853=EDGE_LOOP('',(#3463,#3464,#3465,#3466));
#1854=AXIS2_PLACEMENT_3D('',#3467,#3468,#3469);
#1855=EDGE_LOOP('',(#3470,#3471,#3472,#3473));
#1856=AXIS2_PLACEMENT_3D('',#3474,#3475,#3476);
#1857=EDGE_LOOP('',(#3477,#3478,#3479,#3480));
#1858=AXIS2_PLACEMENT_3D('',#3481,#3482,#3483);
#1859=EDGE_LOOP('',(#3484,#3485,#3486,#3487));
#1860=AXIS2_PLACEMENT_3D('',#3488,#3489,#3490);
#1861=EDGE_LOOP('',(#3491,#3492,#3493,#3494));
#1862=AXIS2_PLACEMENT_3D('',#3495,#3496,#3497);
#1863=EDGE_LOOP('',(#3498,#3499,#3500,#3501));
#1864=AXIS2_PLACEMENT_3D('',#3502,#3503,#3504);
#1865=EDGE_LOOP('',(#3505,#3506,#3507,#3508,#3509));
#1866=AXIS2_PLACEMENT_3D('',#3510,#3511,#3512);
#1867=EDGE_LOOP('',(#3513,#3514,#3515,#3516,#3517,#3518,#3519,#3520));
#1868=AXIS2_PLACEMENT_3D('',#3521,#3522,#3523);
#1869=EDGE_LOOP('',(#3524,#3525,#3526,#3527,#3528));
#1870=AXIS2_PLACEMENT_3D('',#3529,#3530,#3531);
#1871=EDGE_LOOP('',(#3532,#3533,#3534,#3535));
#1872=AXIS2_PLACEMENT_3D('',#3536,#3537,#3538);
#1873=EDGE_LOOP('',(#3539,#3540,#3541,#3542,#3543,#3544));
#1874=AXIS2_PLACEMENT_3D('',#3545,#3546,#3547);
#1875=EDGE_LOOP('',(#3548,#3549,#3550,#3551,#3552,#3553,#3554,#3555));
#1876=AXIS2_PLACEMENT_3D('',#3556,#3557,#3558);
#1877=EDGE_LOOP('',(#3559,#3560,#3561,#3562,#3563,#3564,#3565));
#1878=AXIS2_PLACEMENT_3D('',#3566,#3567,#3568);
#1879=EDGE_LOOP('',(#3569,#3570,#3571,#3572,#3573,#3574));
#1880=AXIS2_PLACEMENT_3D('',#3575,#3576,#3577);
#1881=EDGE_LOOP('',(#3578,#3579,#3580,#3581,#3582,#3583));
#1882=AXIS2_PLACEMENT_3D('',#3584,#3585,#3586);
#1883=EDGE_LOOP('',(#3587,#3588,#3589,#3590,#3591,#3592));
#1884=AXIS2_PLACEMENT_3D('',#3593,#3594,#3595);
#1885=EDGE_LOOP('',(#3596,#3597,#3598));
#1886=AXIS2_PLACEMENT_3D('',#3599,#3600,#3601);
#1887=EDGE_LOOP('',(#3602,#3603,#3604,#3605,#3606));
#1888=AXIS2_PLACEMENT_3D('',#3607,#3608,#3609);
#1889=EDGE_LOOP('',(#3610,#3611,#3612,#3613,#3614));
#1890=AXIS2_PLACEMENT_3D('',#3615,#3616,#3617);
#1891=EDGE_LOOP('',(#3618,#3619,#3620,#3621,#3622,#3623,#3624,#3625));
#1892=AXIS2_PLACEMENT_3D('',#3626,#3627,#3628);
#1893=EDGE_LOOP('',(#3629,#3630,#3631,#3632,#3633,#3634,#3635,#3636));
#1894=AXIS2_PLACEMENT_3D('',#3637,#3638,#3639);
#1895=EDGE_LOOP('',(#3640,#3641,#3642,#3643,#3644,#3645,#3646,#3647,#3648,#3649,#3650,#3651,#3652,#3653,#3654,#3655,#3656,#3657,#3658,#3659));
#1896=AXIS2_PLACEMENT_3D('',#3660,#3661,#3662);
#1897=EDGE_LOOP('',(#3663,#3664,#3665,#3666,#3667,#3668,#3669,#3670,#3671,#3672,#3673,#3674,#3675,#3676,#3677,#3678,#3679,#3680,#3681,#3682));
#1898=AXIS2_PLACEMENT_3D('',#3683,#3684,#3685);
#1899=EDGE_LOOP('',(#3686,#3687,#3688,#3689,#3690,#3691));
#1900=AXIS2_PLACEMENT_3D('',#3692,#3693,#3694);
#1901=EDGE_LOOP('',(#3695,#3696,#3697,#3698));
#1902=AXIS2_PLACEMENT_3D('',#3699,#3700,#3701);
#1903=EDGE_LOOP('',(#3702,#3703,#3704,#3705,#3706,#3707));
#1904=AXIS2_PLACEMENT_3D('',#3708,#3709,#3710);
#1905=EDGE_LOOP('',(#3711,#3712,#3713,#3714,#3715,#3716,#3717,#3718));
#1906=AXIS2_PLACEMENT_3D('',#3719,#3720,#3721);
#1907=EDGE_LOOP('',(#3722,#3723,#3724,#3725));
#1908=AXIS2_PLACEMENT_3D('',#3726,#3727,#3728);
#1909=EDGE_LOOP('',(#3729,#3730,#3731,#3732));
#1910=AXIS2_PLACEMENT_3D('',#3733,#3734,#3735);
#1911=EDGE_LOOP('',(#3736,#3737,#3738,#3739));
#1912=AXIS2_PLACEMENT_3D('',#3740,#3741,#3742);
#1913=EDGE_LOOP('',(#3743,#3744,#3745,#3746));
#1914=AXIS2_PLACEMENT_3D('',#3747,#3748,#3749);
#1915=EDGE_LOOP('',(#3750,#3751,#3752,#3753,#3754,#3755,#3756,#3757));
#1916=AXIS2_PLACEMENT_3D('',#3758,#3759,#3760);
#1917=EDGE_LOOP('',(#3761,#3762,#3763,#3764));
#1918=AXIS2_PLACEMENT_3D('',#3765,#3766,#3767);
#1919=EDGE_LOOP('',(#3768,#3769,#3770,#3771));
#1920=AXIS2_PLACEMENT_3D('',#3772,#3773,#3774);
#1921=EDGE_LOOP('',(#3775,#3776,#3777,#3778,#3779,#3780,#3781,#3782));
#1922=AXIS2_PLACEMENT_3D('',#3783,#3784,#3785);
#1923=EDGE_LOOP('',(#3786,#3787,#3788,#3789,#3790,#3791,#3792,#3793));
#1924=AXIS2_PLACEMENT_3D('',#3794,#3795,#3796);
#1925=EDGE_LOOP('',(#3797,#3798,#3799,#3800,#3801,#3802));
#1926=AXIS2_PLACEMENT_3D('',#3803,#3804,#3805);
#1927=EDGE_LOOP('',(#3806,#3807,#3808,#3809));
#1928=AXIS2_PLACEMENT_3D('',#3810,#3811,#3812);
#1929=EDGE_LOOP('',(#3813,#3814,#3815,#3816,#3817,#3818));
#1930=AXIS2_PLACEMENT_3D('',#3819,#3820,#3821);
#1931=EDGE_LOOP('',(#3822,#3823,#3824,#3825));
#1932=AXIS2_PLACEMENT_3D('',#3826,#3827,#3828);
#1933=EDGE_LOOP('',(#3829,#3830,#3831,#3832));
#1934=AXIS2_PLACEMENT_3D('',#3833,#3834,#3835);
#1935=EDGE_LOOP('',(#3836,#3837,#3838,#3839));
#1936=AXIS2_PLACEMENT_3D('',#3840,#3841,#3842);
#1937=EDGE_LOOP('',(#3843,#3844,#3845,#3846));
#1938=AXIS2_PLACEMENT_3D('',#3847,#3848,#3849);
#1939=EDGE_LOOP('',(#3850,#3851,#3852,#3853));
#1940=AXIS2_PLACEMENT_3D('',#3854,#3855,#3856);
#1941=EDGE_LOOP('',(#3857,#3858,#3859,#3860));
#1942=AXIS2_PLACEMENT_3D('',#3861,#3862,#3863);
#1943=EDGE_LOOP('',(#3864,#3865,#3866,#3867));
#1944=AXIS2_PLACEMENT_3D('',#3868,#3869,#3870);
#1945=EDGE_LOOP('',(#3871,#3872,#3873,#3874));
#1946=AXIS2_PLACEMENT_3D('',#3875,#3876,#3877);
#1947=EDGE_LOOP('',(#3878,#3879,#3880,#3881));
#1948=AXIS2_PLACEMENT_3D('',#3882,#3883,#3884);
#1949=EDGE_LOOP('',(#3885,#3886,#3887,#3888));
#1950=AXIS2_PLACEMENT_3D('',#3889,#3890,#3891);
#1951=EDGE_LOOP('',(#3892,#3893,#3894,#3895,#3896,#3897));
#1952=AXIS2_PLACEMENT_3D('',#3898,#3899,#3900);
#1953=EDGE_LOOP('',(#3901,#3902,#3903,#3904));
#1954=AXIS2_PLACEMENT_3D('',#3905,#3906,#3907);
#1955=EDGE_LOOP('',(#3908,#3909,#3910,#3911,#3912,#3913));
#1956=AXIS2_PLACEMENT_3D('',#3914,#3915,#3916);
#1957=EDGE_LOOP('',(#3917,#3918,#3919,#3920,#3921,#3922,#3923,#3924));
#1958=AXIS2_PLACEMENT_3D('',#3925,#3926,#3927);
#1959=EDGE_LOOP('',(#3928,#3929,#3930,#3931));
#1960=AXIS2_PLACEMENT_3D('',#3932,#3933,#3934);
#1961=EDGE_LOOP('',(#3935,#3936,#3937,#3938,#3939,#3940,#3941,#3942));
#1962=AXIS2_PLACEMENT_3D('',#3943,#3944,#3945);
#1963=EDGE_LOOP('',(#3946,#3947,#3948,#3949));
#1964=AXIS2_PLACEMENT_3D('',#3950,#3951,#3952);
#1965=EDGE_LOOP('',(#3953,#3954,#3955,#3956,#3957,#3958,#3959,#3960));
#1966=AXIS2_PLACEMENT_3D('',#3961,#3962,#3963);
#1967=EDGE_LOOP('',(#3964,#3965,#3966,#3967));
#1968=AXIS2_PLACEMENT_3D('',#3968,#3969,#3970);
#1969=EDGE_LOOP('',(#3971,#3972,#3973,#3974,#3975,#3976,#3977,#3978));
#1970=AXIS2_PLACEMENT_3D('',#3979,#3980,#3981);
#1971=EDGE_LOOP('',(#3982,#3983,#3984,#3985));
#1972=AXIS2_PLACEMENT_3D('',#3986,#3987,#3988);
#1973=EDGE_LOOP('',(#3989,#3990,#3991,#3992));
#1974=AXIS2_PLACEMENT_3D('',#3993,#3994,#3995);
#1975=EDGE_LOOP('',(#3996,#3997,#3998,#3999));
#1976=AXIS2_PLACEMENT_3D('',#4000,#4001,#4002);
#1977=EDGE_LOOP('',(#4003,#4004,#4005,#4006));
#1978=AXIS2_PLACEMENT_3D('',#4007,#4008,#4009);
#1979=EDGE_LOOP('',(#4010,#4011,#4012,#4013,#4014,#4015,#4016,#4017));
#1980=AXIS2_PLACEMENT_3D('',#4018,#4019,#4020);
#1981=EDGE_LOOP('',(#4021,#4022,#4023,#4024,#4025,#4026,#4027,#4028));
#1982=AXIS2_PLACEMENT_3D('',#4029,#4030,#4031);
#1983=EDGE_LOOP('',(#4032,#4033,#4034,#4035,#4036));
#1984=AXIS2_PLACEMENT_3D('',#4037,#4038,#4039);
#1985=EDGE_LOOP('',(#4040,#4041,#4042,#4043,#4044,#4045));
#1986=AXIS2_PLACEMENT_3D('',#4046,#4047,#4048);
#1987=EDGE_LOOP('',(#4049,#4050,#4051,#4052));
#1988=AXIS2_PLACEMENT_3D('',#4053,#4054,#4055);
#1989=EDGE_LOOP('',(#4056,#4057,#4058,#4059,#4060,#4061));
#1990=AXIS2_PLACEMENT_3D('',#4062,#4063,#4064);
#1991=EDGE_LOOP('',(#4065,#4066,#4067,#4068));
#1992=AXIS2_PLACEMENT_3D('',#4069,#4070,#4071);
#1993=EDGE_LOOP('',(#4072,#4073,#4074,#4075));
#1994=AXIS2_PLACEMENT_3D('',#4076,#4077,#4078);
#1995=EDGE_LOOP('',(#4079,#4080,#4081,#4082));
#1996=AXIS2_PLACEMENT_3D('',#4083,#4084,#4085);
#1997=EDGE_LOOP('',(#4086,#4087,#4088,#4089));
#1998=AXIS2_PLACEMENT_3D('',#4090,#4091,#4092);
#1999=EDGE_LOOP('',(#4093,#4094,#4095,#4096));
#2000=AXIS2_PLACEMENT_3D('',#4097,#4098,#4099);
#2001=EDGE_LOOP('',(#4100,#4101,#4102,#4103));
#2002=AXIS2_PLACEMENT_3D('',#4104,#4105,#4106);
#2003=EDGE_LOOP('',(#4107,#4108,#4109,#4110));
#2004=AXIS2_PLACEMENT_3D('',#4111,#4112,#4113);
#2005=EDGE_LOOP('',(#4114,#4115,#4116,#4117));
#2006=AXIS2_PLACEMENT_3D('',#4118,#4119,#4120);
#2007=EDGE_LOOP('',(#4121,#4122,#4123,#4124));
#2008=AXIS2_PLACEMENT_3D('',#4125,#4126,#4127);
#2009=EDGE_LOOP('',(#4128,#4129,#4130,#4131));
#2010=AXIS2_PLACEMENT_3D('',#4132,#4133,#4134);
#2011=EDGE_LOOP('',(#4135,#4136,#4137,#4138,#4139,#4140,#4141));
#2012=AXIS2_PLACEMENT_3D('',#4142,#4143,#4144);
#2013=EDGE_LOOP('',(#4145,#4146,#4147,#4148));
#2014=EDGE_LOOP('',(#4149,#4150));
#2015=EDGE_LOOP('',(#4151,#4152));
#2016=EDGE_LOOP('',(#4153,#4154));
#2017=EDGE_LOOP('',(#4155,#4156));
#2018=EDGE_LOOP('',(#4157,#4158));
#2019=EDGE_LOOP('',(#4159,#4160));
#2020=EDGE_LOOP('',(#4161,#4162));
#2021=EDGE_LOOP('',(#4163,#4164));
#2022=EDGE_LOOP('',(#4165,#4166));
#2023=AXIS2_PLACEMENT_3D('',#4167,#4168,#4169);
#2024=EDGE_LOOP('',(#4170,#4171,#4172,#4173));
#2025=AXIS2_PLACEMENT_3D('',#4174,#4175,#4176);
#2026=EDGE_LOOP('',(#4177,#4178,#4179,#4180,#4181,#4182,#4183,#4184,#4185,#4186,#4187,#4188));
#2027=AXIS2_PLACEMENT_3D('',#4189,#4190,#4191);
#2028=EDGE_LOOP('',(#4192,#4193,#4194,#4195));
#2029=AXIS2_PLACEMENT_3D('',#4196,#4197,#4198);
#2030=EDGE_LOOP('',(#4199,#4200,#4201,#4202,#4203,#4204,#4205,#4206));
#2031=EDGE_LOOP('',(#4207,#4208,#4209,#4210,#4211,#4212,#4213,#4214,#4215,#4216));
#2032=AXIS2_PLACEMENT_3D('',#4217,#4218,#4219);
#2033=EDGE_LOOP('',(#4220,#4221,#4222,#4223,#4224,#4225,#4226,#4227));
#2034=EDGE_LOOP('',(#4228,#4229,#4230,#4231,#4232,#4233,#4234,#4235,#4236,#4237));
#2035=AXIS2_PLACEMENT_3D('',#4238,#4239,#4240);
#2036=EDGE_LOOP('',(#4241,#4242,#4243,#4244));
#2037=AXIS2_PLACEMENT_3D('',#4245,#4246,#4247);
#2038=EDGE_LOOP('',(#4248,#4249,#4250,#4251,#4252,#4253,#4254,#4255,#4256,#4257));
#2039=EDGE_LOOP('',(#4258,#4259));
#2040=AXIS2_PLACEMENT_3D('',#4260,#4261,#4262);
#2041=EDGE_LOOP('',(#4263,#4264,#4265,#4266,#4267,#4268,#4269,#4270,#4271,#4272));
#2042=EDGE_LOOP('',(#4273,#4274));
#2043=AXIS2_PLACEMENT_3D('',#4275,#4276,#4277);
#2044=EDGE_LOOP('',(#4278,#4279));
#2045=EDGE_LOOP('',(#4280,#4281,#4282,#4283));
#2046=EDGE_LOOP('',(#4284,#4285,#4286,#4287));
#2047=EDGE_LOOP('',(#4288,#4289,#4290,#4291));
#2048=EDGE_LOOP('',(#4292,#4293,#4294,#4295));
#2049=AXIS2_PLACEMENT_3D('',#4296,#4297,#4298);
#2050=EDGE_LOOP('',(#4299,#4300));
#2051=EDGE_LOOP('',(#4301,#4302,#4303,#4304));
#2052=EDGE_LOOP('',(#4305,#4306,#4307,#4308));
#2053=EDGE_LOOP('',(#4309,#4310,#4311,#4312));
#2054=EDGE_LOOP('',(#4313,#4314,#4315,#4316));
#2055=AXIS2_PLACEMENT_3D('',#4317,#4318,#4319);
#2056=EDGE_LOOP('',(#4320,#4321,#4322,#4323));
#2057=AXIS2_PLACEMENT_3D('',#4324,#4325,#4326);
#2058=EDGE_LOOP('',(#4327,#4328,#4329,#4330));
#2059=AXIS2_PLACEMENT_3D('',#4331,#4332,#4333);
#2060=EDGE_LOOP('',(#4334,#4335,#4336,#4337));
#2061=AXIS2_PLACEMENT_3D('',#4338,#4339,#4340);
#2062=EDGE_LOOP('',(#4341,#4342,#4343,#4344));
#2063=AXIS2_PLACEMENT_3D('',#4345,#4346,#4347);
#2064=EDGE_LOOP('',(#4348,#4349,#4350,#4351));
#2065=AXIS2_PLACEMENT_3D('',#4352,#4353,#4354);
#2066=EDGE_LOOP('',(#4355,#4356,#4357,#4358));
#2067=AXIS2_PLACEMENT_3D('',#4359,#4360,#4361);
#2068=EDGE_LOOP('',(#4362,#4363,#4364,#4365));
#2069=AXIS2_PLACEMENT_3D('',#4366,#4367,#4368);
#2070=EDGE_LOOP('',(#4369,#4370,#4371,#4372));
#2071=AXIS2_PLACEMENT_3D('',#4373,#4374,#4375);
#2072=EDGE_LOOP('',(#4376,#4377,#4378,#4379));
#2073=AXIS2_PLACEMENT_3D('',#4380,#4381,#4382);
#2074=EDGE_LOOP('',(#4383,#4384,#4385,#4386));
#2075=AXIS2_PLACEMENT_3D('',#4387,#4388,#4389);
#2076=EDGE_LOOP('',(#4390,#4391,#4392,#4393));
#2077=AXIS2_PLACEMENT_3D('',#4394,#4395,#4396);
#2078=EDGE_LOOP('',(#4397,#4398,#4399,#4400));
#2079=AXIS2_PLACEMENT_3D('',#4401,#4402,#4403);
#2080=EDGE_LOOP('',(#4404,#4405,#4406,#4407));
#2081=AXIS2_PLACEMENT_3D('',#4408,#4409,#4410);
#2082=EDGE_LOOP('',(#4411,#4412,#4413,#4414));
#2083=AXIS2_PLACEMENT_3D('',#4415,#4416,#4417);
#2084=EDGE_LOOP('',(#4418,#4419,#4420,#4421));
#2085=AXIS2_PLACEMENT_3D('',#4422,#4423,#4424);
#2086=EDGE_LOOP('',(#4425,#4426,#4427,#4428));
#2087=AXIS2_PLACEMENT_3D('',#4429,#4430,#4431);
#2088=EDGE_LOOP('',(#4432,#4433,#4434,#4435));
#2089=AXIS2_PLACEMENT_3D('',#4436,#4437,#4438);
#2090=EDGE_LOOP('',(#4439,#4440,#4441,#4442));
#2091=AXIS2_PLACEMENT_3D('',#4443,#4444,#4445);
#2092=EDGE_LOOP('',(#4446,#4447,#4448,#4449));
#2093=AXIS2_PLACEMENT_3D('',#4450,#4451,#4452);
#2094=EDGE_LOOP('',(#4453,#4454,#4455,#4456));
#2095=AXIS2_PLACEMENT_3D('',#4457,#4458,#4459);
#2096=EDGE_LOOP('',(#4460,#4461,#4462,#4463));
#2097=AXIS2_PLACEMENT_3D('',#4464,#4465,#4466);
#2098=EDGE_LOOP('',(#4467,#4468));
#2099=EDGE_LOOP('',(#4469,#4470));
#2100=AXIS2_PLACEMENT_3D('',#4471,#4472,#4473);
#2101=EDGE_LOOP('',(#4474,#4475));
#2102=EDGE_LOOP('',(#4476,#4477));
#2103=AXIS2_PLACEMENT_3D('',#4478,#4479,#4480);
#2104=EDGE_LOOP('',(#4481,#4482,#4483,#4484));
#2105=AXIS2_PLACEMENT_3D('',#4485,#4486,#4487);
#2106=EDGE_LOOP('',(#4488,#4489,#4490,#4491));
#2107=AXIS2_PLACEMENT_3D('',#4492,#4493,#4494);
#2108=EDGE_LOOP('',(#4495,#4496,#4497,#4498));
#2109=AXIS2_PLACEMENT_3D('',#4499,#4500,#4501);
#2110=EDGE_LOOP('',(#4502,#4503,#4504,#4505));
#2111=AXIS2_PLACEMENT_3D('',#4506,#4507,#4508);
#2112=EDGE_LOOP('',(#4509,#4510,#4511,#4512));
#2113=AXIS2_PLACEMENT_3D('',#4513,#4514,#4515);
#2114=EDGE_LOOP('',(#4516,#4517,#4518,#4519));
#2115=AXIS2_PLACEMENT_3D('',#4520,#4521,#4522);
#2116=EDGE_LOOP('',(#4523,#4524,#4525,#4526,#4527,#4528,#4529,#4530,#4531,#4532,#4533,#4534,#4535,#4536,#4537));
#2117=AXIS2_PLACEMENT_3D('',#4538,#4539,#4540);
#2118=EDGE_LOOP('',(#4541,#4542,#4543,#4544,#4545,#4546,#4547,#4548,#4549,#4550,#4551,#4552,#4553,#4554,#4555));
#2119=AXIS2_PLACEMENT_3D('',#4556,#4557,#4558);
#2120=EDGE_LOOP('',(#4559,#4560,#4561,#4562,#4563,#4564,#4565,#4566,#4567,#4568,#4569,#4570,#4571,#4572,#4573));
#2121=AXIS2_PLACEMENT_3D('',#4574,#4575,#4576);
#2122=EDGE_LOOP('',(#4577,#4578,#4579,#4580,#4581,#4582,#4583,#4584,#4585,#4586,#4587,#4588,#4589,#4590,#4591));
#2123=AXIS2_PLACEMENT_3D('',#4592,#4593,#4594);
#2124=EDGE_LOOP('',(#4595,#4596,#4597,#4598));
#2125=AXIS2_PLACEMENT_3D('',#4599,#4600,#4601);
#2126=EDGE_LOOP('',(#4602,#4603,#4604,#4605,#4606,#4607,#4608,#4609,#4610,#4611,#4612,#4613,#4614,#4615,#4616));
#2127=AXIS2_PLACEMENT_3D('',#4617,#4618,#4619);
#2128=EDGE_LOOP('',(#4620,#4621,#4622,#4623,#4624,#4625,#4626,#4627,#4628,#4629,#4630,#4631,#4632,#4633,#4634));
#2129=AXIS2_PLACEMENT_3D('',#4635,#4636,#4637);
#2130=EDGE_LOOP('',(#4638,#4639,#4640,#4641,#4642,#4643,#4644,#4645,#4646,#4647,#4648,#4649,#4650,#4651,#4652));
#2131=AXIS2_PLACEMENT_3D('',#4653,#4654,#4655);
#2132=EDGE_LOOP('',(#4656,#4657,#4658,#4659,#4660,#4661,#4662,#4663,#4664,#4665,#4666,#4667,#4668,#4669,#4670));
#2133=AXIS2_PLACEMENT_3D('',#4671,#4672,#4673);
#2134=EDGE_LOOP('',(#4674,#4675,#4676,#4677));
#2135=AXIS2_PLACEMENT_3D('',#4678,#4679,#4680);
#2136=EDGE_LOOP('',(#4681,#4682,#4683,#4684));
#2137=AXIS2_PLACEMENT_3D('',#4685,#4686,#4687);
#2138=EDGE_LOOP('',(#4688,#4689,#4690,#4691));
#2139=AXIS2_PLACEMENT_3D('',#4692,#4693,#4694);
#2140=EDGE_LOOP('',(#4695,#4696,#4697,#4698));
#2141=AXIS2_PLACEMENT_3D('',#4699,#4700,#4701);
#2142=EDGE_LOOP('',(#4702,#4703,#4704,#4705));
#2143=AXIS2_PLACEMENT_3D('',#4706,#4707,#4708);
#2144=EDGE_LOOP('',(#4709,#4710,#4711,#4712));
#2145=AXIS2_PLACEMENT_3D('',#4713,#4714,#4715);
#2146=EDGE_LOOP('',(#4716,#4717,#4718,#4719));
#2147=AXIS2_PLACEMENT_3D('',#4720,#4721,#4722);
#2148=EDGE_LOOP('',(#4723,#4724,#4725,#4726));
#2149=AXIS2_PLACEMENT_3D('',#4727,#4728,#4729);
#2150=EDGE_LOOP('',(#4730,#4731,#4732,#4733));
#2151=AXIS2_PLACEMENT_3D('',#4734,#4735,#4736);
#2152=EDGE_LOOP('',(#4737,#4738,#4739,#4740));
#2153=AXIS2_PLACEMENT_3D('',#4741,#4742,#4743);
#2154=EDGE_LOOP('',(#4744,#4745,#4746,#4747));
#2155=AXIS2_PLACEMENT_3D('',#4748,#4749,#4750);
#2156=EDGE_LOOP('',(#4751,#4752,#4753,#4754));
#2157=AXIS2_PLACEMENT_3D('',#4755,#4756,#4757);
#2158=EDGE_LOOP('',(#4758,#4759,#4760,#4761));
#2159=AXIS2_PLACEMENT_3D('',#4762,#4763,#4764);
#2160=EDGE_LOOP('',(#4765,#4766,#4767,#4768));
#2161=AXIS2_PLACEMENT_3D('',#4769,#4770,#4771);
#2162=EDGE_LOOP('',(#4772,#4773,#4774,#4775));
#2163=AXIS2_PLACEMENT_3D('',#4776,#4777,#4778);
#2164=EDGE_LOOP('',(#4779,#4780,#4781,#4782));
#2165=AXIS2_PLACEMENT_3D('',#4783,#4784,#4785);
#2166=EDGE_LOOP('',(#4786,#4787,#4788,#4789));
#2167=AXIS2_PLACEMENT_3D('',#4790,#4791,#4792);
#2168=EDGE_LOOP('',(#4793,#4794,#4795,#4796));
#2169=AXIS2_PLACEMENT_3D('',#4797,#4798,#4799);
#2170=EDGE_LOOP('',(#4800,#4801,#4802,#4803));
#2171=AXIS2_PLACEMENT_3D('',#4804,#4805,#4806);
#2172=EDGE_LOOP('',(#4807,#4808,#4809,#4810));
#2173=AXIS2_PLACEMENT_3D('',#4811,#4812,#4813);
#2174=EDGE_LOOP('',(#4814,#4815,#4816,#4817));
#2175=AXIS2_PLACEMENT_3D('',#4818,#4819,#4820);
#2176=EDGE_LOOP('',(#4821,#4822,#4823,#4824));
#2177=AXIS2_PLACEMENT_3D('',#4825,#4826,#4827);
#2178=EDGE_LOOP('',(#4828,#4829,#4830,#4831));
#2179=AXIS2_PLACEMENT_3D('',#4832,#4833,#4834);
#2180=EDGE_LOOP('',(#4835,#4836,#4837,#4838));
#2181=AXIS2_PLACEMENT_3D('',#4839,#4840,#4841);
#2182=EDGE_LOOP('',(#4842,#4843,#4844,#4845));
#2183=AXIS2_PLACEMENT_3D('',#4846,#4847,#4848);
#2184=EDGE_LOOP('',(#4849,#4850,#4851,#4852));
#2185=AXIS2_PLACEMENT_3D('',#4853,#4854,#4855);
#2186=EDGE_LOOP('',(#4856,#4857,#4858,#4859));
#2187=AXIS2_PLACEMENT_3D('',#4860,#4861,#4862);
#2188=EDGE_LOOP('',(#4863,#4864,#4865,#4866));
#2189=AXIS2_PLACEMENT_3D('',#4867,#4868,#4869);
#2190=EDGE_LOOP('',(#4870,#4871,#4872,#4873));
#2191=AXIS2_PLACEMENT_3D('',#4874,#4875,#4876);
#2192=EDGE_LOOP('',(#4877,#4878,#4879,#4880));
#2193=AXIS2_PLACEMENT_3D('',#4881,#4882,#4883);
#2194=EDGE_LOOP('',(#4884,#4885,#4886,#4887));
#2195=AXIS2_PLACEMENT_3D('',#4888,#4889,#4890);
#2196=EDGE_LOOP('',(#4891,#4892,#4893,#4894));
#2197=AXIS2_PLACEMENT_3D('',#4895,#4896,#4897);
#2198=EDGE_LOOP('',(#4898,#4899,#4900,#4901));
#2199=AXIS2_PLACEMENT_3D('',#4902,#4903,#4904);
#2200=EDGE_LOOP('',(#4905,#4906,#4907,#4908));
#2201=AXIS2_PLACEMENT_3D('',#4909,#4910,#4911);
#2202=EDGE_LOOP('',(#4912,#4913,#4914,#4915));
#2203=AXIS2_PLACEMENT_3D('',#4916,#4917,#4918);
#2204=EDGE_LOOP('',(#4919,#4920,#4921,#4922));
#2205=AXIS2_PLACEMENT_3D('',#4923,#4924,#4925);
#2206=EDGE_LOOP('',(#4926,#4927,#4928,#4929));
#2207=AXIS2_PLACEMENT_3D('',#4930,#4931,#4932);
#2208=EDGE_LOOP('',(#4933,#4934,#4935,#4936));
#2209=AXIS2_PLACEMENT_3D('',#4937,#4938,#4939);
#2210=EDGE_LOOP('',(#4940,#4941,#4942,#4943));
#2211=AXIS2_PLACEMENT_3D('',#4944,#4945,#4946);
#2212=EDGE_LOOP('',(#4947,#4948,#4949,#4950));
#2213=AXIS2_PLACEMENT_3D('',#4951,#4952,#4953);
#2214=EDGE_LOOP('',(#4954,#4955,#4956,#4957));
#2215=AXIS2_PLACEMENT_3D('',#4958,#4959,#4960);
#2216=EDGE_LOOP('',(#4961,#4962,#4963,#4964));
#2217=AXIS2_PLACEMENT_3D('',#4965,#4966,#4967);
#2218=EDGE_LOOP('',(#4968,#4969,#4970,#4971));
#2219=AXIS2_PLACEMENT_3D('',#4972,#4973,#4974);
#2220=EDGE_LOOP('',(#4975,#4976,#4977,#4978));
#2221=AXIS2_PLACEMENT_3D('',#4979,#4980,#4981);
#2222=EDGE_LOOP('',(#4982,#4983,#4984,#4985));
#2223=AXIS2_PLACEMENT_3D('',#4986,#4987,#4988);
#2224=EDGE_LOOP('',(#4989,#4990,#4991,#4992));
#2225=AXIS2_PLACEMENT_3D('',#4993,#4994,#4995);
#2226=EDGE_LOOP('',(#4996,#4997,#4998,#4999));
#2227=AXIS2_PLACEMENT_3D('',#5000,#5001,#5002);
#2228=EDGE_LOOP('',(#5003,#5004,#5005,#5006,#5007,#5008,#5009,#5010,#5011,#5012,#5013,#5014,#5015,#5016,#5017));
#2229=AXIS2_PLACEMENT_3D('',#5018,#5019,#5020);
#2230=EDGE_LOOP('',(#5021,#5022,#5023,#5024,#5025,#5026,#5027,#5028,#5029,#5030,#5031,#5032,#5033,#5034,#5035));
#2231=AXIS2_PLACEMENT_3D('',#5036,#5037,#5038);
#2232=EDGE_LOOP('',(#5039,#5040,#5041,#5042));
#2233=AXIS2_PLACEMENT_3D('',#5043,#5044,#5045);
#2234=EDGE_LOOP('',(#5046,#5047,#5048,#5049));
#2235=AXIS2_PLACEMENT_3D('',#5050,#5051,#5052);
#2236=EDGE_LOOP('',(#5053,#5054,#5055,#5056));
#2237=AXIS2_PLACEMENT_3D('',#5057,#5058,#5059);
#2238=EDGE_LOOP('',(#5060,#5061,#5062,#5063));
#2239=AXIS2_PLACEMENT_3D('',#5064,#5065,#5066);
#2240=EDGE_LOOP('',(#5067,#5068,#5069,#5070));
#2241=AXIS2_PLACEMENT_3D('',#5071,#5072,#5073);
#2242=EDGE_LOOP('',(#5074,#5075,#5076,#5077));
#2243=AXIS2_PLACEMENT_3D('',#5078,#5079,#5080);
#2244=EDGE_LOOP('',(#5081,#5082,#5083,#5084));
#2245=AXIS2_PLACEMENT_3D('',#5085,#5086,#5087);
#2246=EDGE_LOOP('',(#5088,#5089,#5090,#5091));
#2247=AXIS2_PLACEMENT_3D('',#5092,#5093,#5094);
#2248=EDGE_LOOP('',(#5095,#5096,#5097,#5098));
#2249=AXIS2_PLACEMENT_3D('',#5099,#5100,#5101);
#2250=EDGE_LOOP('',(#5102,#5103,#5104,#5105));
#2251=AXIS2_PLACEMENT_3D('',#5106,#5107,#5108);
#2252=EDGE_LOOP('',(#5109,#5110,#5111,#5112));
#2253=AXIS2_PLACEMENT_3D('',#5113,#5114,#5115);
#2254=EDGE_LOOP('',(#5116,#5117,#5118,#5119));
#2255=AXIS2_PLACEMENT_3D('',#5120,#5121,#5122);
#2256=EDGE_LOOP('',(#5123,#5124,#5125,#5126,#5127,#5128,#5129,#5130,#5131,#5132,#5133,#5134,#5135,#5136,#5137));
#2257=AXIS2_PLACEMENT_3D('',#5138,#5139,#5140);
#2258=EDGE_LOOP('',(#5141,#5142,#5143,#5144,#5145,#5146,#5147,#5148,#5149,#5150,#5151,#5152,#5153,#5154,#5155));
#2259=AXIS2_PLACEMENT_3D('',#5156,#5157,#5158);
#2260=EDGE_LOOP('',(#5159,#5160,#5161,#5162));
#2261=AXIS2_PLACEMENT_3D('',#5163,#5164,#5165);
#2262=EDGE_LOOP('',(#5166,#5167,#5168,#5169));
#2263=AXIS2_PLACEMENT_3D('',#5170,#5171,#5172);
#2264=EDGE_LOOP('',(#5173,#5174,#5175,#5176));
#2265=AXIS2_PLACEMENT_3D('',#5177,#5178,#5179);
#2266=EDGE_LOOP('',(#5180,#5181,#5182,#5183));
#2267=AXIS2_PLACEMENT_3D('',#5184,#5185,#5186);
#2268=EDGE_LOOP('',(#5187,#5188,#5189,#5190));
#2269=AXIS2_PLACEMENT_3D('',#5191,#5192,#5193);
#2270=EDGE_LOOP('',(#5194,#5195,#5196,#5197));
#2271=AXIS2_PLACEMENT_3D('',#5198,#5199,#5200);
#2272=EDGE_LOOP('',(#5201,#5202,#5203,#5204));
#2273=AXIS2_PLACEMENT_3D('',#5205,#5206,#5207);
#2274=EDGE_LOOP('',(#5208,#5209,#5210,#5211));
#2275=AXIS2_PLACEMENT_3D('',#5212,#5213,#5214);
#2276=EDGE_LOOP('',(#5215,#5216,#5217,#5218));
#2277=AXIS2_PLACEMENT_3D('',#5219,#5220,#5221);
#2278=EDGE_LOOP('',(#5222,#5223,#5224,#5225));
#2279=AXIS2_PLACEMENT_3D('',#5226,#5227,#5228);
#2280=EDGE_LOOP('',(#5229,#5230,#5231,#5232));
#2281=AXIS2_PLACEMENT_3D('',#5233,#5234,#5235);
#2282=EDGE_LOOP('',(#5236,#5237,#5238,#5239));
#2283=AXIS2_PLACEMENT_3D('',#5240,#5241,#5242);
#2284=EDGE_LOOP('',(#5243,#5244,#5245,#5246,#5247,#5248,#5249,#5250,#5251,#5252,#5253,#5254,#5255,#5256,#5257));
#2285=AXIS2_PLACEMENT_3D('',#5258,#5259,#5260);
#2286=EDGE_LOOP('',(#5261,#5262,#5263,#5264,#5265,#5266,#5267,#5268,#5269,#5270,#5271,#5272,#5273,#5274,#5275));
#2287=AXIS2_PLACEMENT_3D('',#5276,#5277,#5278);
#2288=EDGE_LOOP('',(#5279,#5280,#5281,#5282));
#2289=AXIS2_PLACEMENT_3D('',#5283,#5284,#5285);
#2290=EDGE_LOOP('',(#5286,#5287,#5288,#5289,#5290,#5291,#5292,#5293,#5294,#5295,#5296,#5297,#5298,#5299,#5300));
#2291=AXIS2_PLACEMENT_3D('',#5301,#5302,#5303);
#2292=EDGE_LOOP('',(#5304,#5305,#5306,#5307,#5308,#5309,#5310,#5311,#5312,#5313,#5314,#5315,#5316,#5317,#5318));
#2293=AXIS2_PLACEMENT_3D('',#5319,#5320,#5321);
#2294=EDGE_LOOP('',(#5322,#5323,#5324,#5325));
#2295=AXIS2_PLACEMENT_3D('',#5326,#5327,#5328);
#2296=EDGE_LOOP('',(#5329,#5330,#5331,#5332));
#2297=AXIS2_PLACEMENT_3D('',#5333,#5334,#5335);
#2298=EDGE_LOOP('',(#5336,#5337,#5338,#5339));
#2299=AXIS2_PLACEMENT_3D('',#5340,#5341,#5342);
#2300=EDGE_LOOP('',(#5343,#5344,#5345,#5346));
#2301=AXIS2_PLACEMENT_3D('',#5347,#5348,#5349);
#2302=EDGE_LOOP('',(#5350,#5351,#5352,#5353));
#2303=AXIS2_PLACEMENT_3D('',#5354,#5355,#5356);
#2304=EDGE_LOOP('',(#5357,#5358,#5359,#5360));
#2305=AXIS2_PLACEMENT_3D('',#5361,#5362,#5363);
#2306=EDGE_LOOP('',(#5364,#5365,#5366,#5367));
#2307=AXIS2_PLACEMENT_3D('',#5368,#5369,#5370);
#2308=EDGE_LOOP('',(#5371,#5372,#5373,#5374));
#2309=AXIS2_PLACEMENT_3D('',#5375,#5376,#5377);
#2310=EDGE_LOOP('',(#5378,#5379,#5380,#5381));
#2311=AXIS2_PLACEMENT_3D('',#5382,#5383,#5384);
#2312=EDGE_LOOP('',(#5385,#5386,#5387,#5388));
#2313=AXIS2_PLACEMENT_3D('',#5389,#5390,#5391);
#2314=EDGE_LOOP('',(#5392,#5393,#5394,#5395));
#2315=AXIS2_PLACEMENT_3D('',#5396,#5397,#5398);
#2316=EDGE_LOOP('',(#5399,#5400,#5401,#5402));
#2317=AXIS2_PLACEMENT_3D('',#5403,#5404,#5405);
#2318=EDGE_LOOP('',(#5406,#5407,#5408,#5409));
#2319=AXIS2_PLACEMENT_3D('',#5410,#5411,#5412);
#2320=EDGE_LOOP('',(#5413,#5414,#5415,#5416));
#2321=AXIS2_PLACEMENT_3D('',#5417,#5418,#5419);
#2322=EDGE_LOOP('',(#5420,#5421,#5422,#5423));
#2323=AXIS2_PLACEMENT_3D('',#5424,#5425,#5426);
#2324=EDGE_LOOP('',(#5427,#5428,#5429,#5430));
#2325=AXIS2_PLACEMENT_3D('',#5431,#5432,#5433);
#2326=EDGE_LOOP('',(#5434,#5435,#5436,#5437));
#2327=AXIS2_PLACEMENT_3D('',#5438,#5439,#5440);
#2328=EDGE_LOOP('',(#5441,#5442,#5443,#5444));
#2329=AXIS2_PLACEMENT_3D('',#5445,#5446,#5447);
#2330=EDGE_LOOP('',(#5448,#5449,#5450,#5451));
#2331=AXIS2_PLACEMENT_3D('',#5452,#5453,#5454);
#2332=EDGE_LOOP('',(#5455,#5456,#5457,#5458));
#2333=AXIS2_PLACEMENT_3D('',#5459,#5460,#5461);
#2334=EDGE_LOOP('',(#5462,#5463,#5464,#5465));
#2335=AXIS2_PLACEMENT_3D('',#5466,#5467,#5468);
#2336=EDGE_LOOP('',(#5469,#5470,#5471,#5472));
#2337=AXIS2_PLACEMENT_3D('',#5473,#5474,#5475);
#2338=EDGE_LOOP('',(#5476,#5477,#5478,#5479));
#2339=AXIS2_PLACEMENT_3D('',#5480,#5481,#5482);
#2340=EDGE_LOOP('',(#5483,#5484,#5485,#5486,#5487,#5488,#5489,#5490,#5491,#5492));
#2341=EDGE_LOOP('',(#5493,#5494));
#2342=EDGE_LOOP('',(#5495,#5496));
#2343=EDGE_LOOP('',(#5497,#5498));
#2344=EDGE_LOOP('',(#5499,#5500));
#2345=EDGE_LOOP('',(#5501,#5502));
#2346=EDGE_LOOP('',(#5503,#5504));
#2347=EDGE_LOOP('',(#5505,#5506));
#2348=EDGE_LOOP('',(#5507,#5508));
#2349=EDGE_LOOP('',(#5509,#5510));
#2350=EDGE_LOOP('',(#5511,#5512,#5513,#5514,#5515,#5516,#5517));
#2351=EDGE_LOOP('',(#5518,#5519,#5520,#5521,#5522,#5523,#5524,#5525,#5526,#5527,#5528,#5529,#5530,#5531,#5532,#5533,#5534,#5535,#5536,#5537,#5538,#5539,#5540,#5541,#5542,#5543,#5544,#5545,#5546,#5547,#5548,#5549,#5550,#5551,#5552,#5553,#5554,#5555,#5556,#5557));
#2352=AXIS2_PLACEMENT_3D('',#5558,#5559,#5560);
#2353=EDGE_LOOP('',(#5561,#5562,#5563,#5564));
#2354=AXIS2_PLACEMENT_3D('',#5565,#5566,#5567);
#2355=EDGE_LOOP('',(#5568,#5569,#5570,#5571));
#2356=AXIS2_PLACEMENT_3D('',#5572,#5573,#5574);
#2357=EDGE_LOOP('',(#5575,#5576,#5577,#5578,#5579,#5580,#5581,#5582,#5583,#5584,#5585,#5586,#5587,#5588,#5589,#5590,#5591,#5592,#5593,#5594));
#2358=AXIS2_PLACEMENT_3D('',#5595,#5596,#5597);
#2359=EDGE_LOOP('',(#5598,#5599,#5600,#5601));
#2360=AXIS2_PLACEMENT_3D('',#5602,#5603,#5604);
#2361=EDGE_LOOP('',(#5605,#5606,#5607,#5608,#5609,#5610));
#2363=CARTESIAN_POINT('',(-6.3474525861402,4.60755999998772,-0.968218611372468));
#2364=CARTESIAN_POINT('',(-6.34745258613873,4.60756058312216,-0.596713449674942));
#2365=CARTESIAN_POINT('',(-6.34745301468936,4.46073824809689,-0.255452131735916));
#2366=CARTESIAN_POINT('',(-6.34745380201713,4.19099848022575,1.47036772909365E-06));
#2367=CARTESIAN_POINT('',(-8.05009745348478,4.60756496973959,-0.968218611372487));
#2368=CARTESIAN_POINT('',(-8.0500978443768,4.60756555287545,-0.596713449674949));
#2369=CARTESIAN_POINT('',(-7.95167847169014,4.4607429305783,-0.255452131735911));
#2370=CARTESIAN_POINT('',(-7.77086389236989,4.19100263493582,1.47036774165825E-06));
#2371=CARTESIAN_POINT('',(-9.14453647791457,3.30326333049954,-0.968218611372487));
#2372=CARTESIAN_POINT('',(-9.14453712006833,3.30326361419283,-0.596713449674949));
#2373=CARTESIAN_POINT('',(-8.98285471859893,3.23183493372733,-0.255452131735911));
#2374=CARTESIAN_POINT('',(-8.6858142619557,3.10060724493673,1.47036774163223E-06));
#2375=CARTESIAN_POINT('',(-8.84887040523521,1.62648632750088,-0.968218611372469));
#2376=CARTESIAN_POINT('',(-8.84887097951037,1.62648622623911,-0.596713449674942));
#2377=CARTESIAN_POINT('',(-8.70427928007906,1.65198207919752,-0.255452131735916));
#2378=CARTESIAN_POINT('',(-8.43863760210268,1.69882267369986,1.47036772912314E-06));
#2385=EDGE_LOOP('',(#5611,#5612,#5613,#5614));
#2386=AXIS2_PLACEMENT_3D('',#5615,#5616,#5617);
#2387=EDGE_LOOP('',(#5618,#5619,#5620,#5621));
#2388=AXIS2_PLACEMENT_3D('',#5622,#5623,#5624);
#2389=EDGE_LOOP('',(#5625,#5626,#5627,#5628));
#2390=AXIS2_PLACEMENT_3D('',#5629,#5630,#5631);
#2391=EDGE_LOOP('',(#5632,#5633,#5634,#5635));
#2393=CARTESIAN_POINT('',(-8.11973873026674,-2.50862488492381,-0.96821702869059));
#2394=CARTESIAN_POINT('',(-8.11973886989658,-2.50862490954347,-0.596713015781592));
#2395=CARTESIAN_POINT('',(-7.97514752801283,-2.48312964338065,-0.255452753111065));
#2396=CARTESIAN_POINT('',(-7.70950680578768,-2.4362901796304,3.79514601375405E-07));
#2397=CARTESIAN_POINT('',(-7.8958039932715,-3.77862630047216,-0.968217028690603));
#2398=CARTESIAN_POINT('',(-7.89580412040071,-3.7786263959846,-0.596713015781597));
#2399=CARTESIAN_POINT('',(-7.76415707745757,-3.67972010749078,-0.255452753111062));
#2400=CARTESIAN_POINT('',(-7.52229739823652,-3.49801117827056,3.79514609983103E-07));
#2401=CARTESIAN_POINT('',(-6.90791836561806,-4.6075607662814,-0.968217028690603));
#2402=CARTESIAN_POINT('',(-6.90791843760364,-4.60756090806502,-0.596713015781597));
#2403=CARTESIAN_POINT('',(-6.83337502697552,-4.4607389827574,-0.255452753111062));
#2404=CARTESIAN_POINT('',(-6.69642515723591,-4.19100027109442,3.79514609983103E-07));
#2405=CARTESIAN_POINT('',(-5.61832526625362,-4.60755999999935,-0.96821702869059));
#2406=CARTESIAN_POINT('',(-5.61832526625358,-4.60756014178268,-0.596713015781592));
#2407=CARTESIAN_POINT('',(-5.61832535349572,-4.46073826076896,-0.255452753111065));
#2408=CARTESIAN_POINT('',(-5.61832551377525,-4.19099963048287,3.79514601373671E-07));
#2415=EDGE_LOOP('',(#5636,#5637,#5638,#5639));
#2416=AXIS2_PLACEMENT_3D('',#5640,#5641,#5642);
#2417=EDGE_LOOP('',(#5643,#5644,#5645,#5646));
#2418=AXIS2_PLACEMENT_3D('',#5647,#5648,#5649);
#2419=EDGE_LOOP('',(#5650,#5651,#5652,#5653));
#2420=AXIS2_PLACEMENT_3D('',#5654,#5655,#5656);
#2421=EDGE_LOOP('',(#5657,#5658,#5659,#5660));
#2423=CARTESIAN_POINT('',(5.61832526625362,-4.60755999999936,-0.96821702869059));
#2424=CARTESIAN_POINT('',(5.61832526625358,-4.60756014178268,-0.596713015781589));
#2425=CARTESIAN_POINT('',(5.61832535349572,-4.46073826076896,-0.255452753111061));
#2426=CARTESIAN_POINT('',(5.61832551377525,-4.19099963048287,3.79514597420236E-07));
#2427=CARTESIAN_POINT('',(6.90791836561806,-4.60756076628141,-0.968217028690603));
#2428=CARTESIAN_POINT('',(6.90791843760364,-4.60756090806502,-0.596713015781593));
#2429=CARTESIAN_POINT('',(6.83337502697552,-4.46073898275739,-0.255452753111057));
#2430=CARTESIAN_POINT('',(6.6964251572359,-4.19100027109442,3.79514606031403E-07));
#2431=CARTESIAN_POINT('',(7.89580399327149,-3.77862630047216,-0.968217028690603));
#2432=CARTESIAN_POINT('',(7.89580412040071,-3.7786263959846,-0.596713015781593));
#2433=CARTESIAN_POINT('',(7.76415707745757,-3.67972010749077,-0.255452753111057));
#2434=CARTESIAN_POINT('',(7.52229739823652,-3.49801117827056,3.79514606057424E-07));
#2435=CARTESIAN_POINT('',(8.11973873026674,-2.50862488492381,-0.96821702869059));
#2436=CARTESIAN_POINT('',(8.11973886989658,-2.50862490954347,-0.596713015781589));
#2437=CARTESIAN_POINT('',(7.97514752801284,-2.48312964338065,-0.255452753111061));
#2438=CARTESIAN_POINT('',(7.70950680578767,-2.4362901796304,3.79514597390745E-07));
#2445=EDGE_LOOP('',(#5661,#5662,#5663,#5664));
#2446=AXIS2_PLACEMENT_3D('',#5665,#5666,#5667);
#2447=EDGE_LOOP('',(#5668,#5669,#5670,#5671));
#2448=AXIS2_PLACEMENT_3D('',#5672,#5673,#5674);
#2449=EDGE_LOOP('',(#5675,#5676,#5677,#5678));
#2450=AXIS2_PLACEMENT_3D('',#5679,#5680,#5681);
#2451=EDGE_LOOP('',(#5682,#5683,#5684,#5685,#5686,#5687));
#2453=CARTESIAN_POINT('',(8.84887040523521,1.62648632750088,-0.968218611372769));
#2454=CARTESIAN_POINT('',(8.8488709795102,1.62648622623914,-0.596713449674867));
#2455=CARTESIAN_POINT('',(8.7042792800789,1.65198207919755,-0.255452131736056));
#2456=CARTESIAN_POINT('',(8.43863760210267,1.69882267369986,1.47036740615232E-06));
#2457=CARTESIAN_POINT('',(9.14453647791456,3.30326333049948,-0.968218611372788));
#2458=CARTESIAN_POINT('',(9.14453712006813,3.30326361419269,-0.596713449674874));
#2459=CARTESIAN_POINT('',(8.98285471859874,3.2318349337272,-0.255452131736051));
#2460=CARTESIAN_POINT('',(8.68581426195568,3.10060724493668,1.47036741868049E-06));
#2461=CARTESIAN_POINT('',(8.05009745348483,4.60756496973953,-0.968218611372788));
#2462=CARTESIAN_POINT('',(8.05009784437672,4.60756555287521,-0.596713449674874));
#2463=CARTESIAN_POINT('',(7.95167847169007,4.46074293057807,-0.255452131736051));
#2464=CARTESIAN_POINT('',(7.77086389236994,4.19100263493576,1.47036741867529E-06));
#2465=CARTESIAN_POINT('',(6.34745258614019,4.60755999998772,-0.968218611372769));
#2466=CARTESIAN_POINT('',(6.347452586138,4.60756058312198,-0.596713449674867));
#2467=CARTESIAN_POINT('',(6.34745301468938,4.46073824809672,-0.255452131736056));
#2468=CARTESIAN_POINT('',(6.34745380201721,4.19099848022575,1.47036740613497E-06));
#2475=EDGE_LOOP('',(#5688,#5689,#5690,#5691));
#2476=AXIS2_PLACEMENT_3D('',#5692,#5693,#5694);
#2477=EDGE_LOOP('',(#5695,#5696,#5697,#5698));
#2478=AXIS2_PLACEMENT_3D('',#5699,#5700,#5701);
#2479=EDGE_LOOP('',(#5702,#5703,#5704,#5705));
#2480=AXIS2_PLACEMENT_3D('',#5706,#5707,#5708);
#2481=EDGE_LOOP('',(#5709,#5710,#5711,#5712));
#2482=AXIS2_PLACEMENT_3D('',#5713,#5714,#5715);
#2483=EDGE_LOOP('',(#5716,#5717,#5718,#5719));
#2484=AXIS2_PLACEMENT_3D('',#5720,#5721,#5722);
#2485=EDGE_LOOP('',(#5723,#5724,#5725,#5726));
#2486=AXIS2_PLACEMENT_3D('',#5727,#5728,#5729);
#2487=EDGE_LOOP('',(#5730,#5731,#5732,#5733));
#2488=AXIS2_PLACEMENT_3D('',#5734,#5735,#5736);
#2489=EDGE_LOOP('',(#5737,#5738,#5739,#5740));
#2490=AXIS2_PLACEMENT_3D('',#5741,#5742,#5743);
#2491=EDGE_LOOP('',(#5744,#5745,#5746,#5747));
#2492=AXIS2_PLACEMENT_3D('',#5748,#5749,#5750);
#2493=EDGE_LOOP('',(#5751,#5752,#5753,#5754));
#2494=AXIS2_PLACEMENT_3D('',#5755,#5756,#5757);
#2495=EDGE_LOOP('',(#5758,#5759,#5760,#5761,#5762));
#2496=AXIS2_PLACEMENT_3D('',#5763,#5764,#5765);
#2497=EDGE_LOOP('',(#5766,#5767,#5768,#5769,#5770,#5771,#5772,#5773,#5774,#5775,#5776,#5777,#5778,#5779));
#2498=EDGE_LOOP('',(#5780,#5781,#5782,#5783,#5784,#5785,#5786,#5787));
#2499=EDGE_LOOP('',(#5788,#5789));
#2500=EDGE_LOOP('',(#5790,#5791));
#2501=AXIS2_PLACEMENT_3D('',#5792,#5793,#5794);
#2502=EDGE_LOOP('',(#5795,#5796,#5797,#5798));
#2503=AXIS2_PLACEMENT_3D('',#5799,#5800,#5801);
#2504=EDGE_LOOP('',(#5802,#5803,#5804,#5805));
#2505=AXIS2_PLACEMENT_3D('',#5806,#5807,#5808);
#2506=EDGE_LOOP('',(#5809,#5810,#5811,#5812,#5813,#5814));
#2507=AXIS2_PLACEMENT_3D('',#5815,#5816,#5817);
#2508=EDGE_LOOP('',(#5818,#5819,#5820,#5821));
#2509=AXIS2_PLACEMENT_3D('',#5822,#5823,#5824);
#2510=EDGE_LOOP('',(#5825,#5826,#5827,#5828));
#2511=AXIS2_PLACEMENT_3D('',#5829,#5830,#5831);
#2512=EDGE_LOOP('',(#5832,#5833,#5834,#5835,#5836,#5837,#5838,#5839,#5840));
#2513=AXIS2_PLACEMENT_3D('',#5841,#5842,#5843);
#2514=EDGE_LOOP('',(#5844,#5845,#5846,#5847));
#2515=AXIS2_PLACEMENT_3D('',#5848,#5849,#5850);
#2516=EDGE_LOOP('',(#5851,#5852,#5853,#5854,#5855,#5856,#5857,#5858,#5859,#5860,#5861,#5862,#5863,#5864,#5865,#5866));
#2517=AXIS2_PLACEMENT_3D('',#5867,#5868,#5869);
#2518=EDGE_LOOP('',(#5870,#5871,#5872,#5873,#5874,#5875,#5876,#5877,#5878));
#2519=AXIS2_PLACEMENT_3D('',#5879,#5880,#5881);
#2520=EDGE_LOOP('',(#5882,#5883,#5884,#5885));
#2521=AXIS2_PLACEMENT_3D('',#5886,#5887,#5888);
#2522=EDGE_LOOP('',(#5889,#5890,#5891,#5892));
#2523=AXIS2_PLACEMENT_3D('',#5893,#5894,#5895);
#2524=EDGE_LOOP('',(#5896,#5897,#5898,#5899));
#2525=AXIS2_PLACEMENT_3D('',#5900,#5901,#5902);
#2526=EDGE_LOOP('',(#5903,#5904,#5905,#5906));
#2527=AXIS2_PLACEMENT_3D('',#5907,#5908,#5909);
#2528=EDGE_LOOP('',(#5910,#5911,#5912,#5913));
#2529=AXIS2_PLACEMENT_3D('',#5914,#5915,#5916);
#2530=EDGE_LOOP('',(#5917,#5918,#5919,#5920));
#2531=AXIS2_PLACEMENT_3D('',#5921,#5922,#5923);
#2532=EDGE_LOOP('',(#5924,#5925,#5926,#5927));
#2533=AXIS2_PLACEMENT_3D('',#5928,#5929,#5930);
#2534=EDGE_LOOP('',(#5931,#5932,#5933,#5934));
#2535=AXIS2_PLACEMENT_3D('',#5935,#5936,#5937);
#2536=EDGE_LOOP('',(#5938,#5939,#5940,#5941));
#2537=AXIS2_PLACEMENT_3D('',#5942,#5943,#5944);
#2538=EDGE_LOOP('',(#5945,#5946,#5947,#5948));
#2539=AXIS2_PLACEMENT_3D('',#5949,#5950,#5951);
#2540=EDGE_LOOP('',(#5952,#5953,#5954,#5955));
#2541=AXIS2_PLACEMENT_3D('',#5956,#5957,#5958);
#2542=EDGE_LOOP('',(#5959,#5960,#5961,#5962));
#2543=AXIS2_PLACEMENT_3D('',#5963,#5964,#5965);
#2544=EDGE_LOOP('',(#5966,#5967,#5968,#5969,#5970,#5971));
#2545=AXIS2_PLACEMENT_3D('',#5972,#5973,#5974);
#2546=EDGE_LOOP('',(#5975,#5976,#5977,#5978));
#2547=AXIS2_PLACEMENT_3D('',#5979,#5980,#5981);
#2548=EDGE_LOOP('',(#5982,#5983,#5984,#5985));
#2549=AXIS2_PLACEMENT_3D('',#5986,#5987,#5988);
#2550=EDGE_LOOP('',(#5989,#5990,#5991,#5992));
#2551=AXIS2_PLACEMENT_3D('',#5993,#5994,#5995);
#2552=EDGE_LOOP('',(#5996,#5997,#5998,#5999));
#2553=AXIS2_PLACEMENT_3D('',#6000,#6001,#6002);
#2554=EDGE_LOOP('',(#6003,#6004,#6005,#6006));
#2555=AXIS2_PLACEMENT_3D('',#6007,#6008,#6009);
#2556=EDGE_LOOP('',(#6010,#6011,#6012,#6013,#6014));
#2557=AXIS2_PLACEMENT_3D('',#6015,#6016,#6017);
#2558=EDGE_LOOP('',(#6018,#6019,#6020,#6021));
#2559=AXIS2_PLACEMENT_3D('',#6022,#6023,#6024);
#2560=EDGE_LOOP('',(#6025,#6026,#6027,#6028));
#2561=AXIS2_PLACEMENT_3D('',#6029,#6030,#6031);
#2562=EDGE_LOOP('',(#6032,#6033,#6034,#6035));
#2563=AXIS2_PLACEMENT_3D('',#6036,#6037,#6038);
#2564=EDGE_LOOP('',(#6039,#6040,#6041,#6042));
#2565=AXIS2_PLACEMENT_3D('',#6043,#6044,#6045);
#2566=EDGE_LOOP('',(#6046,#6047,#6048,#6049));
#2567=AXIS2_PLACEMENT_3D('',#6050,#6051,#6052);
#2568=EDGE_LOOP('',(#6053,#6054,#6055,#6056));
#2569=AXIS2_PLACEMENT_3D('',#6057,#6058,#6059);
#2570=EDGE_LOOP('',(#6060,#6061,#6062,#6063));
#2571=AXIS2_PLACEMENT_3D('',#6064,#6065,#6066);
#2572=EDGE_LOOP('',(#6067,#6068,#6069,#6070));
#2573=AXIS2_PLACEMENT_3D('',#6071,#6072,#6073);
#2574=EDGE_LOOP('',(#6074,#6075));
#2575=EDGE_LOOP('',(#6076,#6077));
#2576=AXIS2_PLACEMENT_3D('',#6078,#6079,#6080);
#2577=EDGE_LOOP('',(#6081,#6082));
#2578=EDGE_LOOP('',(#6083,#6084));
#2579=AXIS2_PLACEMENT_3D('',#6085,#6086,#6087);
#2580=EDGE_LOOP('',(#6088,#6089,#6090,#6091));
#2581=AXIS2_PLACEMENT_3D('',#6092,#6093,#6094);
#2582=EDGE_LOOP('',(#6095,#6096,#6097,#6098));
#2583=AXIS2_PLACEMENT_3D('',#6099,#6100,#6101);
#2584=EDGE_LOOP('',(#6102,#6103,#6104,#6105));
#2585=AXIS2_PLACEMENT_3D('',#6106,#6107,#6108);
#2586=EDGE_LOOP('',(#6109,#6110,#6111,#6112));
#2587=AXIS2_PLACEMENT_3D('',#6113,#6114,#6115);
#2588=EDGE_LOOP('',(#6116,#6117));
#2589=EDGE_LOOP('',(#6118,#6119));
#2590=AXIS2_PLACEMENT_3D('',#6120,#6121,#6122);
#2591=EDGE_LOOP('',(#6123,#6124));
#2592=EDGE_LOOP('',(#6125,#6126));
#2593=AXIS2_PLACEMENT_3D('',#6127,#6128,#6129);
#2594=EDGE_LOOP('',(#6130,#6131,#6132,#6133));
#2595=AXIS2_PLACEMENT_3D('',#6134,#6135,#6136);
#2596=EDGE_LOOP('',(#6137,#6138,#6139,#6140));
#2597=AXIS2_PLACEMENT_3D('',#6141,#6142,#6143);
#2598=EDGE_LOOP('',(#6144,#6145,#6146,#6147));
#2599=AXIS2_PLACEMENT_3D('',#6148,#6149,#6150);
#2600=EDGE_LOOP('',(#6151,#6152,#6153,#6154));
#2601=AXIS2_PLACEMENT_3D('',#6155,#6156,#6157);
#2602=EDGE_LOOP('',(#6158,#6159,#6160,#6161));
#2603=AXIS2_PLACEMENT_3D('',#6162,#6163,#6164);
#2604=EDGE_LOOP('',(#6165,#6166,#6167,#6168));
#2605=AXIS2_PLACEMENT_3D('',#6169,#6170,#6171);
#2606=EDGE_LOOP('',(#6172,#6173,#6174,#6175));
#2607=AXIS2_PLACEMENT_3D('',#6176,#6177,#6178);
#2608=EDGE_LOOP('',(#6179,#6180,#6181,#6182));
#2609=AXIS2_PLACEMENT_3D('',#6183,#6184,#6185);
#2610=EDGE_LOOP('',(#6186,#6187));
#2611=EDGE_LOOP('',(#6188,#6189));
#2612=AXIS2_PLACEMENT_3D('',#6190,#6191,#6192);
#2613=EDGE_LOOP('',(#6193,#6194,#6195,#6196));
#2614=AXIS2_PLACEMENT_3D('',#6197,#6198,#6199);
#2615=EDGE_LOOP('',(#6200,#6201,#6202,#6203));
#2616=AXIS2_PLACEMENT_3D('',#6204,#6205,#6206);
#2617=EDGE_LOOP('',(#6207,#6208));
#2618=EDGE_LOOP('',(#6209,#6210));
#2619=AXIS2_PLACEMENT_3D('',#6211,#6212,#6213);
#2620=EDGE_LOOP('',(#6214,#6215,#6216,#6217));
#2621=AXIS2_PLACEMENT_3D('',#6218,#6219,#6220);
#2622=EDGE_LOOP('',(#6221,#6222,#6223,#6224));
#2623=AXIS2_PLACEMENT_3D('',#6225,#6226,#6227);
#2624=EDGE_LOOP('',(#6228,#6229));
#2625=AXIS2_PLACEMENT_3D('',#6230,#6231,#6232);
#2626=EDGE_LOOP('',(#6233,#6234,#6235,#6236));
#2627=AXIS2_PLACEMENT_3D('',#6237,#6238,#6239);
#2628=EDGE_LOOP('',(#6240,#6241,#6242,#6243));
#2629=AXIS2_PLACEMENT_3D('',#6244,#6245,#6246);
#2630=EDGE_LOOP('',(#6247,#6248,#6249,#6250));
#2631=AXIS2_PLACEMENT_3D('',#6251,#6252,#6253);
#2632=EDGE_LOOP('',(#6254,#6255,#6256,#6257));
#2633=AXIS2_PLACEMENT_3D('',#6258,#6259,#6260);
#2634=EDGE_LOOP('',(#6261,#6262,#6263,#6264));
#2635=AXIS2_PLACEMENT_3D('',#6265,#6266,#6267);
#2636=EDGE_LOOP('',(#6268,#6269,#6270,#6271));
#2637=AXIS2_PLACEMENT_3D('',#6272,#6273,#6274);
#2638=EDGE_LOOP('',(#6275,#6276));
#2639=EDGE_LOOP('',(#6277,#6278));
#2640=AXIS2_PLACEMENT_3D('',#6279,#6280,#6281);
#2641=EDGE_LOOP('',(#6282,#6283,#6284,#6285));
#2642=AXIS2_PLACEMENT_3D('',#6286,#6287,#6288);
#2643=EDGE_LOOP('',(#6289,#6290,#6291,#6292));
#2644=AXIS2_PLACEMENT_3D('',#6293,#6294,#6295);
#2645=EDGE_LOOP('',(#6296,#6297));
#2646=EDGE_LOOP('',(#6298,#6299));
#2647=AXIS2_PLACEMENT_3D('',#6300,#6301,#6302);
#2648=EDGE_LOOP('',(#6303,#6304,#6305,#6306));
#2649=AXIS2_PLACEMENT_3D('',#6307,#6308,#6309);
#2650=EDGE_LOOP('',(#6310,#6311,#6312,#6313));
#2651=AXIS2_PLACEMENT_3D('',#6314,#6315,#6316);
#2652=EDGE_LOOP('',(#6317,#6318));
#2653=AXIS2_PLACEMENT_3D('',#6319,#6320,#6321);
#2654=EDGE_LOOP('',(#6322,#6323,#6324,#6325));
#2655=AXIS2_PLACEMENT_3D('',#6326,#6327,#6328);
#2656=EDGE_LOOP('',(#6329,#6330,#6331,#6332));
#2657=AXIS2_PLACEMENT_3D('',#6333,#6334,#6335);
#2658=EDGE_LOOP('',(#6336,#6337));
#2659=AXIS2_PLACEMENT_3D('',#6338,#6339,#6340);
#2660=EDGE_LOOP('',(#6341,#6342,#6343,#6344));
#2661=AXIS2_PLACEMENT_3D('',#6345,#6346,#6347);
#2662=EDGE_LOOP('',(#6348,#6349,#6350,#6351));
#2663=AXIS2_PLACEMENT_3D('',#6352,#6353,#6354);
#2664=EDGE_LOOP('',(#6355,#6356));
#2665=AXIS2_PLACEMENT_3D('',#6357,#6358,#6359);
#2666=EDGE_LOOP('',(#6360,#6361,#6362,#6363));
#2667=AXIS2_PLACEMENT_3D('',#6364,#6365,#6366);
#2668=EDGE_LOOP('',(#6367,#6368,#6369,#6370));
#2669=AXIS2_PLACEMENT_3D('',#6371,#6372,#6373);
#2670=EDGE_LOOP('',(#6374,#6375));
#2671=AXIS2_PLACEMENT_3D('',#6376,#6377,#6378);
#2672=EDGE_LOOP('',(#6379,#6380,#6381,#6382));
#2673=AXIS2_PLACEMENT_3D('',#6383,#6384,#6385);
#2674=EDGE_LOOP('',(#6386,#6387,#6388,#6389));
#2675=AXIS2_PLACEMENT_3D('',#6390,#6391,#6392);
#2676=EDGE_LOOP('',(#6393,#6394));
#2677=AXIS2_PLACEMENT_3D('',#6395,#6396,#6397);
#2678=EDGE_LOOP('',(#6398,#6399,#6400,#6401));
#2679=AXIS2_PLACEMENT_3D('',#6402,#6403,#6404);
#2680=EDGE_LOOP('',(#6405,#6406,#6407,#6408));
#2681=AXIS2_PLACEMENT_3D('',#6409,#6410,#6411);
#2682=EDGE_LOOP('',(#6412,#6413));
#2683=AXIS2_PLACEMENT_3D('',#6414,#6415,#6416);
#2684=EDGE_LOOP('',(#6417,#6418,#6419,#6420));
#2685=AXIS2_PLACEMENT_3D('',#6421,#6422,#6423);
#2686=EDGE_LOOP('',(#6424,#6425,#6426,#6427));
#2687=AXIS2_PLACEMENT_3D('',#6428,#6429,#6430);
#2688=EDGE_LOOP('',(#6431,#6432));
#2689=AXIS2_PLACEMENT_3D('',#6433,#6434,#6435);
#2690=EDGE_LOOP('',(#6436,#6437,#6438,#6439));
#2691=AXIS2_PLACEMENT_3D('',#6440,#6441,#6442);
#2692=EDGE_LOOP('',(#6443,#6444,#6445,#6446));
#2693=AXIS2_PLACEMENT_3D('',#6447,#6448,#6449);
#2694=EDGE_LOOP('',(#6450,#6451));
#2695=AXIS2_PLACEMENT_3D('',#6452,#6453,#6454);
#2696=EDGE_LOOP('',(#6455,#6456,#6457,#6458));
#2697=AXIS2_PLACEMENT_3D('',#6459,#6460,#6461);
#2698=EDGE_LOOP('',(#6462,#6463,#6464,#6465));
#2699=AXIS2_PLACEMENT_3D('',#6466,#6467,#6468);
#2700=EDGE_LOOP('',(#6469,#6470));
#2701=AXIS2_PLACEMENT_3D('',#6471,#6472,#6473);
#2702=EDGE_LOOP('',(#6474,#6475,#6476,#6477));
#2703=AXIS2_PLACEMENT_3D('',#6478,#6479,#6480);
#2704=EDGE_LOOP('',(#6481,#6482,#6483,#6484));
#2705=AXIS2_PLACEMENT_3D('',#6485,#6486,#6487);
#2706=EDGE_LOOP('',(#6488,#6489));
#2707=AXIS2_PLACEMENT_3D('',#6490,#6491,#6492);
#2708=EDGE_LOOP('',(#6493,#6494,#6495,#6496));
#2709=AXIS2_PLACEMENT_3D('',#6497,#6498,#6499);
#2710=EDGE_LOOP('',(#6500,#6501,#6502,#6503));
#2711=AXIS2_PLACEMENT_3D('',#6504,#6505,#6506);
#2712=EDGE_LOOP('',(#6507,#6508,#6509,#6510));
#2713=AXIS2_PLACEMENT_3D('',#6511,#6512,#6513);
#2714=EDGE_LOOP('',(#6514,#6515,#6516,#6517));
#2715=AXIS2_PLACEMENT_3D('',#6518,#6519,#6520);
#2716=EDGE_LOOP('',(#6521,#6522,#6523,#6524));
#2717=AXIS2_PLACEMENT_3D('',#6525,#6526,#6527);
#2718=EDGE_LOOP('',(#6528,#6529,#6530,#6531));
#2719=AXIS2_PLACEMENT_3D('',#6532,#6533,#6534);
#2720=EDGE_LOOP('',(#6535,#6536,#6537,#6538));
#2721=AXIS2_PLACEMENT_3D('',#6539,#6540,#6541);
#2722=EDGE_LOOP('',(#6542,#6543,#6544,#6545,#6546,#6547,#6548));
#2723=AXIS2_PLACEMENT_3D('',#6549,#6550,#6551);
#2724=EDGE_LOOP('',(#6552,#6553,#6554,#6555,#6556,#6557,#6558,#6559,#6560,#6561,#6562,#6563,#6564,#6565,#6566,#6567,#6568,#6569,#6570,#6571,#6572,#6573,#6574,#6575,#6576,#6577,#6578,#6579,#6580,#6581,#6582,#6583,#6584,#6585,#6586,#6587,#6588,#6589,#6590,#6591));
#2725=EDGE_LOOP('',(#6592,#6593,#6594,#6595,#6596,#6597,#6598,#6599,#6600,#6601,#6602,#6603,#6604,#6605,#6606,#6607,#6608,#6609,#6610,#6611));
#2726=AXIS2_PLACEMENT_3D('',#6612,#6613,#6614);
#2727=EDGE_LOOP('',(#6615,#6616,#6617,#6618));
#2728=AXIS2_PLACEMENT_3D('',#6619,#6620,#6621);
#2729=EDGE_LOOP('',(#6622,#6623,#6624,#6625));
#2730=AXIS2_PLACEMENT_3D('',#6626,#6627,#6628);
#2731=EDGE_LOOP('',(#6629,#6630,#6631,#6632));
#2732=AXIS2_PLACEMENT_3D('',#6633,#6634,#6635);
#2733=EDGE_LOOP('',(#6636,#6637,#6638,#6639));
#2734=AXIS2_PLACEMENT_3D('',#6640,#6641,#6642);
#2735=EDGE_LOOP('',(#6643,#6644,#6645,#6646));
#2736=AXIS2_PLACEMENT_3D('',#6647,#6648,#6649);
#2737=EDGE_LOOP('',(#6650,#6651,#6652,#6653));
#2738=AXIS2_PLACEMENT_3D('',#6654,#6655,#6656);
#2739=EDGE_LOOP('',(#6657,#6658,#6659,#6660));
#2740=AXIS2_PLACEMENT_3D('',#6661,#6662,#6663);
#2741=EDGE_LOOP('',(#6664,#6665,#6666,#6667));
#2742=AXIS2_PLACEMENT_3D('',#6668,#6669,#6670);
#2743=EDGE_LOOP('',(#6671,#6672,#6673,#6674));
#2744=AXIS2_PLACEMENT_3D('',#6675,#6676,#6677);
#2745=EDGE_LOOP('',(#6678,#6679,#6680,#6681));
#2746=AXIS2_PLACEMENT_3D('',#6682,#6683,#6684);
#2747=EDGE_LOOP('',(#6685,#6686,#6687,#6688));
#2748=AXIS2_PLACEMENT_3D('',#6689,#6690,#6691);
#2749=EDGE_LOOP('',(#6692,#6693,#6694,#6695));
#2750=AXIS2_PLACEMENT_3D('',#6696,#6697,#6698);
#2751=EDGE_LOOP('',(#6699,#6700,#6701,#6702));
#2752=AXIS2_PLACEMENT_3D('',#6703,#6704,#6705);
#2753=EDGE_LOOP('',(#6706,#6707,#6708,#6709));
#2754=AXIS2_PLACEMENT_3D('',#6710,#6711,#6712);
#2755=EDGE_LOOP('',(#6713,#6714,#6715,#6716));
#2756=AXIS2_PLACEMENT_3D('',#6717,#6718,#6719);
#2757=EDGE_LOOP('',(#6720,#6721,#6722,#6723));
#2758=AXIS2_PLACEMENT_3D('',#6724,#6725,#6726);
#2759=EDGE_LOOP('',(#6727,#6728,#6729,#6730));
#2760=AXIS2_PLACEMENT_3D('',#6731,#6732,#6733);
#2761=EDGE_LOOP('',(#6734,#6735,#6736,#6737));
#2762=AXIS2_PLACEMENT_3D('',#6738,#6739,#6740);
#2763=EDGE_LOOP('',(#6741,#6742,#6743,#6744));
#2764=AXIS2_PLACEMENT_3D('',#6745,#6746,#6747);
#2765=EDGE_LOOP('',(#6748,#6749,#6750,#6751));
#2766=AXIS2_PLACEMENT_3D('',#6752,#6753,#6754);
#2767=EDGE_LOOP('',(#6755,#6756,#6757,#6758));
#2768=AXIS2_PLACEMENT_3D('',#6759,#6760,#6761);
#2769=EDGE_LOOP('',(#6762,#6763,#6764,#6765));
#2770=AXIS2_PLACEMENT_3D('',#6766,#6767,#6768);
#2771=EDGE_LOOP('',(#6769,#6770,#6771,#6772));
#2772=AXIS2_PLACEMENT_3D('',#6773,#6774,#6775);
#2773=EDGE_LOOP('',(#6776,#6777,#6778,#6779));
#2774=AXIS2_PLACEMENT_3D('',#6780,#6781,#6782);
#2775=EDGE_LOOP('',(#6783,#6784,#6785,#6786));
#2776=AXIS2_PLACEMENT_3D('',#6787,#6788,#6789);
#2777=EDGE_LOOP('',(#6790,#6791,#6792,#6793));
#2778=AXIS2_PLACEMENT_3D('',#6794,#6795,#6796);
#2779=EDGE_LOOP('',(#6797,#6798,#6799,#6800));
#2780=AXIS2_PLACEMENT_3D('',#6801,#6802,#6803);
#2781=EDGE_LOOP('',(#6804,#6805,#6806,#6807));
#2782=AXIS2_PLACEMENT_3D('',#6808,#6809,#6810);
#2783=EDGE_LOOP('',(#6811,#6812,#6813,#6814));
#2784=AXIS2_PLACEMENT_3D('',#6815,#6816,#6817);
#2785=EDGE_LOOP('',(#6818,#6819,#6820,#6821));
#2786=AXIS2_PLACEMENT_3D('',#6822,#6823,#6824);
#2787=EDGE_LOOP('',(#6825,#6826,#6827,#6828));
#2788=AXIS2_PLACEMENT_3D('',#6829,#6830,#6831);
#2789=EDGE_LOOP('',(#6832,#6833,#6834,#6835));
#2790=AXIS2_PLACEMENT_3D('',#6836,#6837,#6838);
#2791=EDGE_LOOP('',(#6839,#6840,#6841,#6842));
#2792=AXIS2_PLACEMENT_3D('',#6843,#6844,#6845);
#2793=EDGE_LOOP('',(#6846,#6847,#6848,#6849));
#2794=AXIS2_PLACEMENT_3D('',#6850,#6851,#6852);
#2795=EDGE_LOOP('',(#6853,#6854,#6855,#6856));
#2796=AXIS2_PLACEMENT_3D('',#6857,#6858,#6859);
#2797=EDGE_LOOP('',(#6860,#6861,#6862,#6863));
#2798=AXIS2_PLACEMENT_3D('',#6864,#6865,#6866);
#2799=EDGE_LOOP('',(#6867,#6868,#6869,#6870));
#2800=AXIS2_PLACEMENT_3D('',#6871,#6872,#6873);
#2801=EDGE_LOOP('',(#6874,#6875,#6876,#6877));
#2802=AXIS2_PLACEMENT_3D('',#6878,#6879,#6880);
#2803=EDGE_LOOP('',(#6881,#6882,#6883,#6884));
#2804=AXIS2_PLACEMENT_3D('',#6885,#6886,#6887);
#2805=EDGE_LOOP('',(#6888,#6889,#6890,#6891));
#2806=AXIS2_PLACEMENT_3D('',#6892,#6893,#6894);
#2807=EDGE_LOOP('',(#6895,#6896,#6897,#6898));
#2808=AXIS2_PLACEMENT_3D('',#6899,#6900,#6901);
#2809=EDGE_LOOP('',(#6902,#6903,#6904,#6905));
#2810=AXIS2_PLACEMENT_3D('',#6906,#6907,#6908);
#2811=EDGE_LOOP('',(#6909,#6910,#6911,#6912));
#2812=AXIS2_PLACEMENT_3D('',#6913,#6914,#6915);
#2813=EDGE_LOOP('',(#6916,#6917,#6918,#6919));
#2814=AXIS2_PLACEMENT_3D('',#6920,#6921,#6922);
#2815=EDGE_LOOP('',(#6923,#6924,#6925,#6926));
#2816=AXIS2_PLACEMENT_3D('',#6927,#6928,#6929);
#2817=EDGE_LOOP('',(#6930,#6931,#6932,#6933));
#2818=AXIS2_PLACEMENT_3D('',#6934,#6935,#6936);
#2819=EDGE_LOOP('',(#6937,#6938,#6939,#6940));
#2820=AXIS2_PLACEMENT_3D('',#6941,#6942,#6943);
#2821=EDGE_LOOP('',(#6944,#6945,#6946,#6947));
#2822=AXIS2_PLACEMENT_3D('',#6948,#6949,#6950);
#2823=EDGE_LOOP('',(#6951,#6952,#6953,#6954));
#2824=AXIS2_PLACEMENT_3D('',#6955,#6956,#6957);
#2825=EDGE_LOOP('',(#6958,#6959,#6960,#6961));
#2826=AXIS2_PLACEMENT_3D('',#6962,#6963,#6964);
#2827=EDGE_LOOP('',(#6965,#6966,#6967,#6968));
#2828=AXIS2_PLACEMENT_3D('',#6969,#6970,#6971);
#2829=EDGE_LOOP('',(#6972,#6973,#6974,#6975));
#2830=AXIS2_PLACEMENT_3D('',#6976,#6977,#6978);
#2831=EDGE_LOOP('',(#6979,#6980,#6981,#6982));
#2832=AXIS2_PLACEMENT_3D('',#6983,#6984,#6985);
#2833=EDGE_LOOP('',(#6986,#6987,#6988,#6989));
#2834=AXIS2_PLACEMENT_3D('',#6990,#6991,#6992);
#2835=EDGE_LOOP('',(#6993,#6994,#6995,#6996));
#2836=AXIS2_PLACEMENT_3D('',#6997,#6998,#6999);
#2837=EDGE_LOOP('',(#7000,#7001,#7002,#7003));
#2838=AXIS2_PLACEMENT_3D('',#7004,#7005,#7006);
#2839=EDGE_LOOP('',(#7007,#7008,#7009,#7010));
#2840=AXIS2_PLACEMENT_3D('',#7011,#7012,#7013);
#2841=EDGE_LOOP('',(#7014,#7015,#7016,#7017));
#2842=AXIS2_PLACEMENT_3D('',#7018,#7019,#7020);
#2843=EDGE_LOOP('',(#7021,#7022,#7023,#7024));
#2844=AXIS2_PLACEMENT_3D('',#7025,#7026,#7027);
#2845=EDGE_LOOP('',(#7028,#7029,#7030,#7031));
#2846=AXIS2_PLACEMENT_3D('',#7032,#7033,#7034);
#2847=EDGE_LOOP('',(#7035,#7036,#7037,#7038));
#2848=AXIS2_PLACEMENT_3D('',#7039,#7040,#7041);
#2849=EDGE_LOOP('',(#7042,#7043,#7044,#7045));
#2850=AXIS2_PLACEMENT_3D('',#7046,#7047,#7048);
#2851=EDGE_LOOP('',(#7049,#7050,#7051,#7052));
#2852=AXIS2_PLACEMENT_3D('',#7053,#7054,#7055);
#2853=EDGE_LOOP('',(#7056,#7057,#7058,#7059));
#2854=AXIS2_PLACEMENT_3D('',#7060,#7061,#7062);
#2855=EDGE_LOOP('',(#7063,#7064));
#2856=AXIS2_PLACEMENT_3D('',#7065,#7066,#7067);
#2857=EDGE_LOOP('',(#7068,#7069,#7070,#7071));
#2858=AXIS2_PLACEMENT_3D('',#7072,#7073,#7074);
#2859=EDGE_LOOP('',(#7075,#7076,#7077,#7078));
#2860=AXIS2_PLACEMENT_3D('',#7079,#7080,#7081);
#2861=EDGE_LOOP('',(#7082,#7083));
#2862=AXIS2_PLACEMENT_3D('',#7084,#7085,#7086);
#2863=EDGE_LOOP('',(#7087,#7088,#7089,#7090));
#2864=AXIS2_PLACEMENT_3D('',#7091,#7092,#7093);
#2865=EDGE_LOOP('',(#7094,#7095,#7096,#7097));
#2866=AXIS2_PLACEMENT_3D('',#7098,#7099,#7100);
#2867=EDGE_LOOP('',(#7101,#7102));
#2868=AXIS2_PLACEMENT_3D('',#7103,#7104,#7105);
#2869=EDGE_LOOP('',(#7106,#7107,#7108,#7109));
#2870=AXIS2_PLACEMENT_3D('',#7110,#7111,#7112);
#2871=EDGE_LOOP('',(#7113,#7114,#7115,#7116));
#2872=AXIS2_PLACEMENT_3D('',#7117,#7118,#7119);
#2873=EDGE_LOOP('',(#7120,#7121));
#2874=AXIS2_PLACEMENT_3D('',#7122,#7123,#7124);
#2875=EDGE_LOOP('',(#7125,#7126,#7127,#7128));
#2876=AXIS2_PLACEMENT_3D('',#7129,#7130,#7131);
#2877=EDGE_LOOP('',(#7132,#7133,#7134,#7135));
#2878=AXIS2_PLACEMENT_3D('',#7136,#7137,#7138);
#2879=EDGE_LOOP('',(#7139,#7140));
#2880=AXIS2_PLACEMENT_3D('',#7141,#7142,#7143);
#2881=EDGE_LOOP('',(#7144,#7145,#7146,#7147));
#2882=AXIS2_PLACEMENT_3D('',#7148,#7149,#7150);
#2883=EDGE_LOOP('',(#7151,#7152,#7153,#7154));
#2884=AXIS2_PLACEMENT_3D('',#7155,#7156,#7157);
#2885=EDGE_LOOP('',(#7158,#7159));
#2886=AXIS2_PLACEMENT_3D('',#7160,#7161,#7162);
#2887=EDGE_LOOP('',(#7163,#7164,#7165,#7166));
#2888=AXIS2_PLACEMENT_3D('',#7167,#7168,#7169);
#2889=EDGE_LOOP('',(#7170,#7171,#7172,#7173));
#2890=AXIS2_PLACEMENT_3D('',#7174,#7175,#7176);
#2891=EDGE_LOOP('',(#7177,#7178));
#2892=AXIS2_PLACEMENT_3D('',#7179,#7180,#7181);
#2893=EDGE_LOOP('',(#7182,#7183,#7184,#7185));
#2894=AXIS2_PLACEMENT_3D('',#7186,#7187,#7188);
#2895=EDGE_LOOP('',(#7189,#7190,#7191,#7192));
#2896=AXIS2_PLACEMENT_3D('',#7193,#7194,#7195);
#2897=EDGE_LOOP('',(#7196,#7197));
#2898=AXIS2_PLACEMENT_3D('',#7198,#7199,#7200);
#2899=EDGE_LOOP('',(#7201,#7202,#7203,#7204));
#2900=AXIS2_PLACEMENT_3D('',#7205,#7206,#7207);
#2901=EDGE_LOOP('',(#7208,#7209,#7210,#7211));
#2902=AXIS2_PLACEMENT_3D('',#7212,#7213,#7214);
#2903=EDGE_LOOP('',(#7215,#7216));
#2904=AXIS2_PLACEMENT_3D('',#7217,#7218,#7219);
#2905=EDGE_LOOP('',(#7220,#7221,#7222,#7223,#7224,#7225));
#2906=AXIS2_PLACEMENT_3D('',#7226,#7227,#7228);
#2907=EDGE_LOOP('',(#7229,#7230,#7231,#7232,#7233,#7234,#7235,#7236));
#2908=AXIS2_PLACEMENT_3D('',#7237,#7238,#7239);
#2909=EDGE_LOOP('',(#7240,#7241,#7242,#7243,#7244));
#2910=AXIS2_PLACEMENT_3D('',#7245,#7246,#7247);
#2911=EDGE_LOOP('',(#7248,#7249,#7250,#7251));
#2912=AXIS2_PLACEMENT_3D('',#7252,#7253,#7254);
#2913=EDGE_LOOP('',(#7255,#7256,#7257,#7258));
#2914=AXIS2_PLACEMENT_3D('',#7259,#7260,#7261);
#2915=EDGE_LOOP('',(#7262,#7263,#7264,#7265));
#2916=AXIS2_PLACEMENT_3D('',#7266,#7267,#7268);
#2917=EDGE_LOOP('',(#7269,#7270,#7271,#7272));
#2918=AXIS2_PLACEMENT_3D('',#7273,#7274,#7275);
#2919=EDGE_LOOP('',(#7276,#7277,#7278,#7279));
#2920=AXIS2_PLACEMENT_3D('',#7280,#7281,#7282);
#2921=EDGE_LOOP('',(#7283,#7284,#7285,#7286));
#2922=AXIS2_PLACEMENT_3D('',#7287,#7288,#7289);
#2923=EDGE_LOOP('',(#7290,#7291,#7292,#7293));
#2924=AXIS2_PLACEMENT_3D('',#7294,#7295,#7296);
#2925=EDGE_LOOP('',(#7297,#7298,#7299,#7300));
#2926=AXIS2_PLACEMENT_3D('',#7301,#7302,#7303);
#2927=EDGE_LOOP('',(#7304,#7305,#7306,#7307));
#2928=AXIS2_PLACEMENT_3D('',#7308,#7309,#7310);
#2929=EDGE_LOOP('',(#7311,#7312,#7313,#7314,#7315));
#2930=AXIS2_PLACEMENT_3D('',#7316,#7317,#7318);
#2931=EDGE_LOOP('',(#7319,#7320,#7321,#7322));
#2932=AXIS2_PLACEMENT_3D('',#7323,#7324,#7325);
#2933=FACE_OUTER_BOUND('',#7326,.T.);
#2934=CYLINDRICAL_SURFACE('',#7327,2.3622);
#2935=FACE_OUTER_BOUND('',#7328,.T.);
#2936=FACE_BOUND('',#7329,.T.);
#2937=PLANE('',#7330);
#2938=FACE_OUTER_BOUND('',#7331,.T.);
#2939=CYLINDRICAL_SURFACE('',#7332,1.8542);
#2940=FACE_OUTER_BOUND('',#7333,.T.);
#2941=CYLINDRICAL_SURFACE('',#7334,1.8542);
#2942=FACE_OUTER_BOUND('',#7335,.T.);
#2943=TOROIDAL_SURFACE('',#7336,2.1082,0.254);
#2944=FACE_OUTER_BOUND('',#7337,.T.);
#2945=TOROIDAL_SURFACE('',#7338,2.1082,0.254);
#2946=FACE_OUTER_BOUND('',#7339,.T.);
#2947=CYLINDRICAL_SURFACE('',#7340,2.3622);
#2948=FACE_OUTER_BOUND('',#7341,.T.);
#2949=FACE_BOUND('',#7342,.T.);
#2950=PLANE('',#7343);
#2951=FACE_OUTER_BOUND('',#7344,.T.);
#2952=CYLINDRICAL_SURFACE('',#7345,1.8542);
#2953=FACE_OUTER_BOUND('',#7346,.T.);
#2954=CYLINDRICAL_SURFACE('',#7347,1.8542);
#2955=FACE_OUTER_BOUND('',#7348,.T.);
#2956=TOROIDAL_SURFACE('',#7349,2.1082,0.254);
#2957=FACE_OUTER_BOUND('',#7350,.T.);
#2958=TOROIDAL_SURFACE('',#7351,2.1082,0.254);
#2959=FACE_OUTER_BOUND('',#7352,.T.);
#2960=CYLINDRICAL_SURFACE('',#7353,2.3622);
#2961=FACE_OUTER_BOUND('',#7354,.T.);
#2962=CYLINDRICAL_SURFACE('',#7355,2.3622);
#2963=ORIENTED_EDGE('',*,*,#7356,.F.);
#2964=ORIENTED_EDGE('',*,*,#7357,.T.);
#2965=ORIENTED_EDGE('',*,*,#7358,.T.);
#2966=ORIENTED_EDGE('',*,*,#7359,.F.);
#2967=CARTESIAN_POINT('',(6.34746,2.06756,-5.8928));
#2968=DIRECTION('',(0.0,0.0,-1.0));
#2969=DIRECTION('',(1.0,0.0,0.0));
#2970=ORIENTED_EDGE('',*,*,#7360,.F.);
#2971=ORIENTED_EDGE('',*,*,#7361,.F.);
#2972=ORIENTED_EDGE('',*,*,#7362,.F.);
#2973=ORIENTED_EDGE('',*,*,#7363,.T.);
#2974=CARTESIAN_POINT('',(-6.34746,2.06756,-5.8928));
#2975=DIRECTION('',(0.0,0.0,-1.0));
#2976=DIRECTION('',(1.0,0.0,0.0));
#2977=ORIENTED_EDGE('',*,*,#7364,.F.);
#2978=ORIENTED_EDGE('',*,*,#7365,.T.);
#2979=ORIENTED_EDGE('',*,*,#7366,.T.);
#2980=ORIENTED_EDGE('',*,*,#7367,.F.);
#2981=CARTESIAN_POINT('',(6.34746,2.06756,-5.8928));
#2982=DIRECTION('',(0.0,0.0,-1.0));
#2983=DIRECTION('',(1.0,0.0,0.0));
#2984=ORIENTED_EDGE('',*,*,#7368,.F.);
#2985=ORIENTED_EDGE('',*,*,#7369,.F.);
#2986=ORIENTED_EDGE('',*,*,#7370,.T.);
#2987=ORIENTED_EDGE('',*,*,#7371,.T.);
#2988=CARTESIAN_POINT('',(-6.34746,2.06756,-5.8928));
#2989=DIRECTION('',(0.0,0.0,-1.0));
#2990=DIRECTION('',(1.0,0.0,0.0));
#2991=ORIENTED_EDGE('',*,*,#7372,.F.);
#2992=ORIENTED_EDGE('',*,*,#7373,.F.);
#2993=ORIENTED_EDGE('',*,*,#7374,.F.);
#2994=ORIENTED_EDGE('',*,*,#7375,.T.);
#2995=CARTESIAN_POINT('',(-11.7856,-8.06196,-14.0081));
#2996=DIRECTION('',(1.0,-0.0,0.0));
#2997=DIRECTION('',(0.0,0.0,1.0));
#2998=ORIENTED_EDGE('',*,*,#7376,.F.);
#2999=ORIENTED_EDGE('',*,*,#7377,.T.);
#3000=ORIENTED_EDGE('',*,*,#7378,.T.);
#3001=ORIENTED_EDGE('',*,*,#7379,.F.);
#3002=CARTESIAN_POINT('',(-11.7856,-8.06196,-14.0081));
#3003=DIRECTION('',(1.0,-0.0,0.0));
#3004=DIRECTION('',(0.0,0.0,1.0));
#3005=ORIENTED_EDGE('',*,*,#7380,.F.);
#3006=ORIENTED_EDGE('',*,*,#7381,.F.);
#3007=ORIENTED_EDGE('',*,*,#7382,.F.);
#3008=ORIENTED_EDGE('',*,*,#7383,.T.);
#3009=CARTESIAN_POINT('',(-11.7856,-8.06196,-16.8275));
#3010=DIRECTION('',(1.0,-0.0,0.0));
#3011=DIRECTION('',(0.0,0.0,1.0));
#3012=ORIENTED_EDGE('',*,*,#7384,.F.);
#3013=ORIENTED_EDGE('',*,*,#7385,.T.);
#3014=ORIENTED_EDGE('',*,*,#7386,.T.);
#3015=ORIENTED_EDGE('',*,*,#7387,.F.);
#3016=CARTESIAN_POINT('',(-11.7856,-8.06196,-16.8275));
#3017=DIRECTION('',(1.0,-0.0,0.0));
#3018=DIRECTION('',(0.0,0.0,1.0));
#3019=ORIENTED_EDGE('',*,*,#7388,.F.);
#3020=ORIENTED_EDGE('',*,*,#7389,.T.);
#3021=ORIENTED_EDGE('',*,*,#7390,.T.);
#3022=ORIENTED_EDGE('',*,*,#7391,.F.);
#3023=CARTESIAN_POINT('',(11.7856,-8.06196,-14.0081));
#3024=DIRECTION('',(-1.0,0.0,-0.0));
#3025=DIRECTION('',(0.0,0.0,-1.0));
#3026=ORIENTED_EDGE('',*,*,#7392,.F.);
#3027=ORIENTED_EDGE('',*,*,#7393,.F.);
#3028=ORIENTED_EDGE('',*,*,#7394,.F.);
#3029=ORIENTED_EDGE('',*,*,#7395,.T.);
#3030=CARTESIAN_POINT('',(11.7856,-8.06196,-14.0081));
#3031=DIRECTION('',(-1.0,0.0,-0.0));
#3032=DIRECTION('',(0.0,0.0,-1.0));
#3033=ORIENTED_EDGE('',*,*,#7396,.F.);
#3034=ORIENTED_EDGE('',*,*,#7397,.F.);
#3035=ORIENTED_EDGE('',*,*,#7398,.F.);
#3036=ORIENTED_EDGE('',*,*,#7399,.T.);
#3037=CARTESIAN_POINT('',(11.7856,-8.06196,-16.8275));
#3038=DIRECTION('',(-1.0,0.0,-0.0));
#3039=DIRECTION('',(0.0,0.0,-1.0));
#3040=ORIENTED_EDGE('',*,*,#7400,.F.);
#3041=ORIENTED_EDGE('',*,*,#7401,.T.);
#3042=ORIENTED_EDGE('',*,*,#7402,.T.);
#3043=ORIENTED_EDGE('',*,*,#7403,.F.);
#3044=CARTESIAN_POINT('',(11.7856,-8.06196,-16.8275));
#3045=DIRECTION('',(-1.0,0.0,-0.0));
#3046=DIRECTION('',(0.0,0.0,-1.0));
#3047=ORIENTED_EDGE('',*,*,#7404,.F.);
#3048=ORIENTED_EDGE('',*,*,#7405,.T.);
#3049=ORIENTED_EDGE('',*,*,#7406,.T.);
#3050=ORIENTED_EDGE('',*,*,#7407,.F.);
#3051=CARTESIAN_POINT('',(-11.0871,-7.83336,-16.129));
#3052=DIRECTION('',(0.0,0.0,-1.0));
#3053=DIRECTION('',(1.0,0.0,0.0));
#3054=ORIENTED_EDGE('',*,*,#7408,.F.);
#3055=ORIENTED_EDGE('',*,*,#7409,.F.);
#3056=ORIENTED_EDGE('',*,*,#7410,.F.);
#3057=ORIENTED_EDGE('',*,*,#7411,.T.);
#3058=CARTESIAN_POINT('',(-11.0871,-7.83336,-16.129));
#3059=DIRECTION('',(0.0,0.0,-1.0));
#3060=DIRECTION('',(1.0,0.0,0.0));
#3061=ORIENTED_EDGE('',*,*,#7412,.F.);
#3062=ORIENTED_EDGE('',*,*,#7413,.T.);
#3063=ORIENTED_EDGE('',*,*,#7414,.T.);
#3064=ORIENTED_EDGE('',*,*,#7415,.F.);
#3065=CARTESIAN_POINT('',(-13.9065,-7.83336,-16.129));
#3066=DIRECTION('',(0.0,0.0,-1.0));
#3067=DIRECTION('',(1.0,0.0,0.0));
#3068=ORIENTED_EDGE('',*,*,#7416,.F.);
#3069=ORIENTED_EDGE('',*,*,#7417,.F.);
#3070=ORIENTED_EDGE('',*,*,#7418,.F.);
#3071=ORIENTED_EDGE('',*,*,#7419,.T.);
#3072=CARTESIAN_POINT('',(-13.9065,-7.83336,-16.129));
#3073=DIRECTION('',(0.0,0.0,-1.0));
#3074=DIRECTION('',(1.0,0.0,0.0));
#3075=ORIENTED_EDGE('',*,*,#7420,.F.);
#3076=ORIENTED_EDGE('',*,*,#7421,.T.);
#3077=ORIENTED_EDGE('',*,*,#7422,.T.);
#3078=ORIENTED_EDGE('',*,*,#7423,.F.);
#3079=CARTESIAN_POINT('',(11.0871,-7.83336,-16.129));
#3080=DIRECTION('',(0.0,0.0,-1.0));
#3081=DIRECTION('',(1.0,0.0,0.0));
#3082=ORIENTED_EDGE('',*,*,#7424,.F.);
#3083=ORIENTED_EDGE('',*,*,#7425,.F.);
#3084=ORIENTED_EDGE('',*,*,#7426,.F.);
#3085=ORIENTED_EDGE('',*,*,#7427,.T.);
#3086=CARTESIAN_POINT('',(11.0871,-7.83336,-16.129));
#3087=DIRECTION('',(0.0,0.0,-1.0));
#3088=DIRECTION('',(1.0,0.0,0.0));
#3089=ORIENTED_EDGE('',*,*,#7428,.F.);
#3090=ORIENTED_EDGE('',*,*,#7429,.F.);
#3091=ORIENTED_EDGE('',*,*,#7430,.F.);
#3092=ORIENTED_EDGE('',*,*,#7431,.T.);
#3093=CARTESIAN_POINT('',(13.9065,-7.83336,-16.129));
#3094=DIRECTION('',(0.0,0.0,-1.0));
#3095=DIRECTION('',(1.0,0.0,0.0));
#3096=ORIENTED_EDGE('',*,*,#7432,.F.);
#3097=ORIENTED_EDGE('',*,*,#7433,.T.);
#3098=ORIENTED_EDGE('',*,*,#7434,.T.);
#3099=ORIENTED_EDGE('',*,*,#7435,.F.);
#3100=CARTESIAN_POINT('',(13.9065,-7.83336,-16.129));
#3101=DIRECTION('',(0.0,0.0,-1.0));
#3102=DIRECTION('',(1.0,0.0,0.0));
#3103=ORIENTED_EDGE('',*,*,#7436,.F.);
#3104=ORIENTED_EDGE('',*,*,#7437,.F.);
#3105=ORIENTED_EDGE('',*,*,#7438,.T.);
#3106=ORIENTED_EDGE('',*,*,#7439,.T.);
#3107=CARTESIAN_POINT('',(-12.4968,-6.14934,-15.4178));
#3108=DIRECTION('',(0.0,-1.0,-0.0));
#3109=DIRECTION('',(0.0,0.0,-1.0));
#3110=ORIENTED_EDGE('',*,*,#7440,.F.);
#3111=ORIENTED_EDGE('',*,*,#7441,.T.);
#3112=ORIENTED_EDGE('',*,*,#7442,.F.);
#3113=ORIENTED_EDGE('',*,*,#7443,.F.);
#3114=CARTESIAN_POINT('',(-12.4968,-6.14934,-15.4178));
#3115=DIRECTION('',(0.0,-1.0,-0.0));
#3116=DIRECTION('',(0.0,0.0,-1.0));
#3117=ORIENTED_EDGE('',*,*,#7444,.F.);
#3118=ORIENTED_EDGE('',*,*,#7445,.T.);
#3119=ORIENTED_EDGE('',*,*,#7446,.F.);
#3120=ORIENTED_EDGE('',*,*,#7447,.F.);
#3121=CARTESIAN_POINT('',(12.4968,-6.14934,-15.4178));
#3122=DIRECTION('',(0.0,-1.0,-0.0));
#3123=DIRECTION('',(0.0,0.0,-1.0));
#3124=ORIENTED_EDGE('',*,*,#7448,.F.);
#3125=ORIENTED_EDGE('',*,*,#7449,.F.);
#3126=ORIENTED_EDGE('',*,*,#7450,.T.);
#3127=ORIENTED_EDGE('',*,*,#7451,.T.);
#3128=CARTESIAN_POINT('',(12.4968,-6.14934,-15.4178));
#3129=DIRECTION('',(0.0,-1.0,-0.0));
#3130=DIRECTION('',(0.0,0.0,-1.0));
#3131=ORIENTED_EDGE('',*,*,#7452,.F.);
#3132=ORIENTED_EDGE('',*,*,#7453,.F.);
#3133=ORIENTED_EDGE('',*,*,#7454,.T.);
#3134=ORIENTED_EDGE('',*,*,#7455,.T.);
#3135=CARTESIAN_POINT('',(11.1633,-2.57556,-16.1163));
#3136=DIRECTION('',(-1.0,0.0,0.0));
#3137=DIRECTION('',(0.0,0.0,1.0));
#3138=ORIENTED_EDGE('',*,*,#7456,.T.);
#3139=ORIENTED_EDGE('',*,*,#7457,.T.);
#3140=ORIENTED_EDGE('',*,*,#7458,.T.);
#3141=ORIENTED_EDGE('',*,*,#7459,.T.);
#3142=ORIENTED_EDGE('',*,*,#7460,.T.);
#3143=ORIENTED_EDGE('',*,*,#7461,.F.);
#3144=ORIENTED_EDGE('',*,*,#7462,.T.);
#3145=ORIENTED_EDGE('',*,*,#7463,.F.);
#3146=ORIENTED_EDGE('',*,*,#7464,.F.);
#3147=CARTESIAN_POINT('',(-15.5194,-3.3528,-18.60296));
#3148=DIRECTION('',(-0.0,1.0,0.0));
#3149=DIRECTION('',(1.0,0.0,0.0));
#3150=ORIENTED_EDGE('',*,*,#7465,.T.);
#3151=ORIENTED_EDGE('',*,*,#7466,.T.);
#3152=ORIENTED_EDGE('',*,*,#7467,.T.);
#3153=ORIENTED_EDGE('',*,*,#7468,.F.);
#3154=ORIENTED_EDGE('',*,*,#7469,.T.);
#3155=ORIENTED_EDGE('',*,*,#7470,.F.);
#3156=ORIENTED_EDGE('',*,*,#7471,.T.);
#3157=ORIENTED_EDGE('',*,*,#7472,.F.);
#3158=ORIENTED_EDGE('',*,*,#7473,.F.);
#3159=CARTESIAN_POINT('',(-15.5194,-3.3528,-18.60296));
#3160=DIRECTION('',(-0.0,1.0,0.0));
#3161=DIRECTION('',(1.0,0.0,0.0));
#3162=ORIENTED_EDGE('',*,*,#7474,.F.);
#3163=ORIENTED_EDGE('',*,*,#7475,.F.);
#3164=ORIENTED_EDGE('',*,*,#7476,.T.);
#3165=ORIENTED_EDGE('',*,*,#7477,.F.);
#3166=CARTESIAN_POINT('',(-15.5194,-3.3528,-18.60296));
#3167=DIRECTION('',(-0.0,1.0,0.0));
#3168=DIRECTION('',(1.0,0.0,0.0));
#3169=ORIENTED_EDGE('',*,*,#7478,.T.);
#3170=ORIENTED_EDGE('',*,*,#7443,.T.);
#3171=ORIENTED_EDGE('',*,*,#7479,.F.);
#3172=ORIENTED_EDGE('',*,*,#7480,.F.);
#3173=ORIENTED_EDGE('',*,*,#7481,.F.);
#3174=CARTESIAN_POINT('',(-15.5194,-3.3528,-18.60296));
#3175=DIRECTION('',(-0.0,1.0,0.0));
#3176=DIRECTION('',(1.0,0.0,0.0));
#3177=ORIENTED_EDGE('',*,*,#7482,.T.);
#3178=ORIENTED_EDGE('',*,*,#7483,.F.);
#3179=ORIENTED_EDGE('',*,*,#7484,.F.);
#3180=ORIENTED_EDGE('',*,*,#7485,.F.);
#3181=CARTESIAN_POINT('',(-15.5194,-3.3528,-18.60296));
#3182=DIRECTION('',(-0.0,1.0,0.0));
#3183=DIRECTION('',(1.0,0.0,0.0));
#3184=ORIENTED_EDGE('',*,*,#7437,.T.);
#3185=ORIENTED_EDGE('',*,*,#7486,.T.);
#3186=ORIENTED_EDGE('',*,*,#7487,.F.);
#3187=ORIENTED_EDGE('',*,*,#7488,.F.);
#3188=ORIENTED_EDGE('',*,*,#7489,.F.);
#3189=CARTESIAN_POINT('',(-15.5194,-3.3528,-18.60296));
#3190=DIRECTION('',(-0.0,1.0,0.0));
#3191=DIRECTION('',(1.0,0.0,0.0));
#3192=ORIENTED_EDGE('',*,*,#7490,.T.);
#3193=ORIENTED_EDGE('',*,*,#7491,.F.);
#3194=ORIENTED_EDGE('',*,*,#7492,.T.);
#3195=ORIENTED_EDGE('',*,*,#7493,.F.);
#3196=ORIENTED_EDGE('',*,*,#7494,.T.);
#3197=ORIENTED_EDGE('',*,*,#7495,.F.);
#3198=ORIENTED_EDGE('',*,*,#7496,.T.);
#3199=ORIENTED_EDGE('',*,*,#7497,.F.);
#3200=CARTESIAN_POINT('',(-15.5194,-3.3528,-18.60296));
#3201=DIRECTION('',(-0.0,1.0,0.0));
#3202=DIRECTION('',(1.0,0.0,0.0));
#3203=ORIENTED_EDGE('',*,*,#7498,.F.);
#3204=ORIENTED_EDGE('',*,*,#7499,.T.);
#3205=ORIENTED_EDGE('',*,*,#7500,.F.);
#3206=ORIENTED_EDGE('',*,*,#7455,.F.);
#3207=CARTESIAN_POINT('',(-15.5194,-3.3528,-18.60296));
#3208=DIRECTION('',(-0.0,1.0,0.0));
#3209=DIRECTION('',(1.0,0.0,0.0));
#3210=ORIENTED_EDGE('',*,*,#7449,.T.);
#3211=ORIENTED_EDGE('',*,*,#7501,.T.);
#3212=ORIENTED_EDGE('',*,*,#7502,.F.);
#3213=ORIENTED_EDGE('',*,*,#7503,.F.);
#3214=ORIENTED_EDGE('',*,*,#7504,.F.);
#3215=CARTESIAN_POINT('',(-15.5194,-3.3528,-18.60296));
#3216=DIRECTION('',(-0.0,1.0,0.0));
#3217=DIRECTION('',(1.0,0.0,0.0));
#3218=ORIENTED_EDGE('',*,*,#7505,.T.);
#3219=ORIENTED_EDGE('',*,*,#7506,.F.);
#3220=ORIENTED_EDGE('',*,*,#7507,.F.);
#3221=ORIENTED_EDGE('',*,*,#7508,.F.);
#3222=CARTESIAN_POINT('',(-15.5194,-3.3528,-18.60296));
#3223=DIRECTION('',(-0.0,1.0,0.0));
#3224=DIRECTION('',(1.0,0.0,0.0));
#3225=ORIENTED_EDGE('',*,*,#7509,.T.);
#3226=ORIENTED_EDGE('',*,*,#7447,.T.);
#3227=ORIENTED_EDGE('',*,*,#7510,.F.);
#3228=ORIENTED_EDGE('',*,*,#7511,.F.);
#3229=ORIENTED_EDGE('',*,*,#7512,.F.);
#3230=CARTESIAN_POINT('',(-15.5194,-3.3528,-18.60296));
#3231=DIRECTION('',(-0.0,1.0,0.0));
#3232=DIRECTION('',(1.0,0.0,0.0));
#3233=ORIENTED_EDGE('',*,*,#7513,.F.);
#3234=ORIENTED_EDGE('',*,*,#7514,.T.);
#3235=ORIENTED_EDGE('',*,*,#7515,.F.);
#3236=ORIENTED_EDGE('',*,*,#7516,.T.);
#3237=ORIENTED_EDGE('',*,*,#7517,.F.);
#3238=ORIENTED_EDGE('',*,*,#7518,.T.);
#3239=ORIENTED_EDGE('',*,*,#7519,.F.);
#3240=ORIENTED_EDGE('',*,*,#7520,.T.);
#3241=CARTESIAN_POINT('',(-15.5194,-3.3528,-18.60296));
#3242=DIRECTION('',(-0.0,1.0,0.0));
#3243=DIRECTION('',(1.0,0.0,0.0));
#3244=ORIENTED_EDGE('',*,*,#7521,.T.);
#3245=ORIENTED_EDGE('',*,*,#7522,.F.);
#3246=ORIENTED_EDGE('',*,*,#7523,.F.);
#3247=ORIENTED_EDGE('',*,*,#7524,.T.);
#3248=ORIENTED_EDGE('',*,*,#7464,.T.);
#3249=CARTESIAN_POINT('',(-12.4968,-6.14934,-15.4178));
#3250=DIRECTION('',(0.0,-1.0,-0.0));
#3251=DIRECTION('',(0.0,0.0,-1.0));
#3252=ORIENTED_EDGE('',*,*,#7524,.F.);
#3253=ORIENTED_EDGE('',*,*,#7525,.T.);
#3254=ORIENTED_EDGE('',*,*,#7526,.T.);
#3255=CARTESIAN_POINT('',(-12.4968,-3.3528,-15.4178));
#3256=DIRECTION('',(-0.0,1.0,0.0));
#3257=DIRECTION('',(1.0,0.0,0.0));
#3258=ORIENTED_EDGE('',*,*,#7462,.F.);
#3259=ORIENTED_EDGE('',*,*,#7527,.F.);
#3260=ORIENTED_EDGE('',*,*,#7528,.T.);
#3261=ORIENTED_EDGE('',*,*,#7529,.F.);
#3262=ORIENTED_EDGE('',*,*,#7456,.F.);
#3263=ORIENTED_EDGE('',*,*,#7526,.F.);
#3264=CARTESIAN_POINT('',(15.57543415191,-4.1402,-17.81556));
#3265=DIRECTION('',(1.0,-0.0,0.0));
#3266=DIRECTION('',(0.0,1.0,0.0));
#3267=ORIENTED_EDGE('',*,*,#7530,.F.);
#3268=ORIENTED_EDGE('',*,*,#7531,.T.);
#3269=ORIENTED_EDGE('',*,*,#7457,.F.);
#3270=ORIENTED_EDGE('',*,*,#7529,.T.);
#3271=ORIENTED_EDGE('',*,*,#7532,.F.);
#3272=ORIENTED_EDGE('',*,*,#7533,.T.);
#3273=ORIENTED_EDGE('',*,*,#7534,.T.);
#3274=ORIENTED_EDGE('',*,*,#7535,.T.);
#3275=ORIENTED_EDGE('',*,*,#7536,.F.);
#3276=ORIENTED_EDGE('',*,*,#7537,.T.);
#3277=ORIENTED_EDGE('',*,*,#7538,.T.);
#3278=ORIENTED_EDGE('',*,*,#7539,.F.);
#3279=ORIENTED_EDGE('',*,*,#7540,.T.);
#3280=CARTESIAN_POINT('',(-15.5194,0.0,0.0));
#3281=DIRECTION('',(1.0,0.0,0.0));
#3282=DIRECTION('',(0.0,1.0,0.0));
#3283=ORIENTED_EDGE('',*,*,#7541,.F.);
#3284=ORIENTED_EDGE('',*,*,#7542,.F.);
#3285=ORIENTED_EDGE('',*,*,#7540,.F.);
#3286=ORIENTED_EDGE('',*,*,#7543,.T.);
#3287=CARTESIAN_POINT('',(-55.98157968,2.921,-9.35736));
#3288=DIRECTION('',(-1.0,0.0,-0.0));
#3289=DIRECTION('',(0.0,0.0,-1.0));
#3290=ORIENTED_EDGE('',*,*,#7544,.T.);
#3291=ORIENTED_EDGE('',*,*,#7545,.F.);
#3292=ORIENTED_EDGE('',*,*,#7546,.T.);
#3293=ORIENTED_EDGE('',*,*,#7543,.F.);
#3294=ORIENTED_EDGE('',*,*,#7539,.T.);
#3295=ORIENTED_EDGE('',*,*,#7547,.T.);
#3296=ORIENTED_EDGE('',*,*,#7548,.T.);
#3297=ORIENTED_EDGE('',*,*,#7549,.T.);
#3298=ORIENTED_EDGE('',*,*,#7550,.T.);
#3299=ORIENTED_EDGE('',*,*,#7551,.T.);
#3300=ORIENTED_EDGE('',*,*,#7552,.T.);
#3301=ORIENTED_EDGE('',*,*,#7553,.T.);
#3302=ORIENTED_EDGE('',*,*,#7554,.T.);
#3303=ORIENTED_EDGE('',*,*,#7555,.T.);
#3304=ORIENTED_EDGE('',*,*,#7556,.F.);
#3305=ORIENTED_EDGE('',*,*,#7557,.F.);
#3306=CARTESIAN_POINT('',(-8.1534,3.302,-17.58696));
#3307=DIRECTION('',(-0.0,1.0,0.0));
#3308=DIRECTION('',(1.0,0.0,0.0));
#3309=ORIENTED_EDGE('',*,*,#7558,.F.);
#3310=ORIENTED_EDGE('',*,*,#7559,.F.);
#3311=ORIENTED_EDGE('',*,*,#7557,.T.);
#3312=ORIENTED_EDGE('',*,*,#7560,.F.);
#3313=CARTESIAN_POINT('',(-55.98157968,2.921,-9.35736));
#3314=DIRECTION('',(-1.0,0.0,-0.0));
#3315=DIRECTION('',(0.0,0.0,-1.0));
#3316=ORIENTED_EDGE('',*,*,#7556,.T.);
#3317=ORIENTED_EDGE('',*,*,#7561,.F.);
#3318=ORIENTED_EDGE('',*,*,#7562,.T.);
#3319=ORIENTED_EDGE('',*,*,#7563,.T.);
#3320=ORIENTED_EDGE('',*,*,#7564,.F.);
#3321=ORIENTED_EDGE('',*,*,#7565,.F.);
#3322=ORIENTED_EDGE('',*,*,#7566,.F.);
#3323=ORIENTED_EDGE('',*,*,#7567,.T.);
#3324=ORIENTED_EDGE('',*,*,#7568,.T.);
#3325=ORIENTED_EDGE('',*,*,#7470,.T.);
#3326=ORIENTED_EDGE('',*,*,#7569,.T.);
#3327=ORIENTED_EDGE('',*,*,#7570,.T.);
#3328=ORIENTED_EDGE('',*,*,#7560,.T.);
#3329=CARTESIAN_POINT('',(15.5194,0.0,0.0));
#3330=DIRECTION('',(1.0,0.0,0.0));
#3331=DIRECTION('',(0.0,1.0,0.0));
#3332=ORIENTED_EDGE('',*,*,#7571,.T.);
#3333=ORIENTED_EDGE('',*,*,#7572,.T.);
#3334=CARTESIAN_POINT('',(-15.5194,-3.3528,-9.73836));
#3335=DIRECTION('',(0.0,0.0,-1.0));
#3336=DIRECTION('',(0.0,-1.0,0.0));
#3337=ORIENTED_EDGE('',*,*,#7573,.T.);
#3338=ORIENTED_EDGE('',*,*,#7574,.T.);
#3339=CARTESIAN_POINT('',(-15.5194,-3.3528,-9.73836));
#3340=DIRECTION('',(0.0,0.0,-1.0));
#3341=DIRECTION('',(0.0,-1.0,0.0));
#3342=ORIENTED_EDGE('',*,*,#7575,.F.);
#3343=ORIENTED_EDGE('',*,*,#7576,.F.);
#3344=ORIENTED_EDGE('',*,*,#7577,.F.);
#3345=ORIENTED_EDGE('',*,*,#7578,.F.);
#3346=ORIENTED_EDGE('',*,*,#7579,.F.);
#3347=ORIENTED_EDGE('',*,*,#7580,.F.);
#3348=ORIENTED_EDGE('',*,*,#7581,.F.);
#3349=ORIENTED_EDGE('',*,*,#7582,.F.);
#3350=ORIENTED_EDGE('',*,*,#7583,.F.);
#3351=ORIENTED_EDGE('',*,*,#7584,.F.);
#3352=ORIENTED_EDGE('',*,*,#7585,.T.);
#3353=ORIENTED_EDGE('',*,*,#7558,.T.);
#3354=ORIENTED_EDGE('',*,*,#7570,.F.);
#3355=ORIENTED_EDGE('',*,*,#7586,.F.);
#3356=ORIENTED_EDGE('',*,*,#7587,.F.);
#3357=ORIENTED_EDGE('',*,*,#7588,.F.);
#3358=CARTESIAN_POINT('',(-15.5194,-3.3528,-9.73836));
#3359=DIRECTION('',(0.0,0.0,-1.0));
#3360=DIRECTION('',(0.0,-1.0,0.0));
#3361=ORIENTED_EDGE('',*,*,#7589,.F.);
#3362=ORIENTED_EDGE('',*,*,#7590,.F.);
#3363=ORIENTED_EDGE('',*,*,#7591,.F.);
#3364=ORIENTED_EDGE('',*,*,#7530,.T.);
#3365=ORIENTED_EDGE('',*,*,#7542,.T.);
#3366=ORIENTED_EDGE('',*,*,#7592,.F.);
#3367=ORIENTED_EDGE('',*,*,#7593,.F.);
#3368=ORIENTED_EDGE('',*,*,#7594,.F.);
#3369=ORIENTED_EDGE('',*,*,#7595,.F.);
#3370=ORIENTED_EDGE('',*,*,#7596,.F.);
#3371=ORIENTED_EDGE('',*,*,#7597,.F.);
#3372=ORIENTED_EDGE('',*,*,#7598,.F.);
#3373=ORIENTED_EDGE('',*,*,#7599,.F.);
#3374=ORIENTED_EDGE('',*,*,#7600,.F.);
#3375=ORIENTED_EDGE('',*,*,#7601,.F.);
#3376=ORIENTED_EDGE('',*,*,#7602,.F.);
#3377=CARTESIAN_POINT('',(-15.5194,-3.3528,-9.73836));
#3378=DIRECTION('',(0.0,0.0,-1.0));
#3379=DIRECTION('',(0.0,-1.0,0.0));
#3380=ORIENTED_EDGE('',*,*,#7603,.T.);
#3381=ORIENTED_EDGE('',*,*,#7604,.F.);
#3382=ORIENTED_EDGE('',*,*,#7605,.F.);
#3383=ORIENTED_EDGE('',*,*,#7572,.F.);
#3384=CARTESIAN_POINT('',(12.4968,0.0,-9.73836));
#3385=DIRECTION('',(-0.0,0.0,1.0));
#3386=DIRECTION('',(1.0,0.0,0.0));
#3387=ORIENTED_EDGE('',*,*,#7605,.T.);
#3388=ORIENTED_EDGE('',*,*,#7606,.F.);
#3389=ORIENTED_EDGE('',*,*,#7603,.F.);
#3390=ORIENTED_EDGE('',*,*,#7571,.F.);
#3391=CARTESIAN_POINT('',(12.4968,0.0,-9.73836));
#3392=DIRECTION('',(-0.0,0.0,1.0));
#3393=DIRECTION('',(1.0,0.0,0.0));
#3394=ORIENTED_EDGE('',*,*,#7607,.T.);
#3395=ORIENTED_EDGE('',*,*,#7608,.T.);
#3396=ORIENTED_EDGE('',*,*,#7609,.T.);
#3397=ORIENTED_EDGE('',*,*,#7610,.T.);
#3398=ORIENTED_EDGE('',*,*,#7611,.T.);
#3399=ORIENTED_EDGE('',*,*,#7612,.T.);
#3400=ORIENTED_EDGE('',*,*,#7613,.T.);
#3401=ORIENTED_EDGE('',*,*,#7614,.T.);
#3402=ORIENTED_EDGE('',*,*,#7615,.T.);
#3403=ORIENTED_EDGE('',*,*,#7616,.T.);
#3404=ORIENTED_EDGE('',*,*,#7617,.T.);
#3405=ORIENTED_EDGE('',*,*,#7618,.T.);
#3406=ORIENTED_EDGE('',*,*,#7606,.T.);
#3407=ORIENTED_EDGE('',*,*,#7604,.T.);
#3408=CARTESIAN_POINT('',(-15.5194,0.0,-10.62736));
#3409=DIRECTION('',(0.0,0.0,-1.0));
#3410=DIRECTION('',(0.0,-1.0,0.0));
#3411=ORIENTED_EDGE('',*,*,#7619,.T.);
#3412=ORIENTED_EDGE('',*,*,#7620,.T.);
#3413=ORIENTED_EDGE('',*,*,#7621,.T.);
#3414=ORIENTED_EDGE('',*,*,#7622,.T.);
#3415=ORIENTED_EDGE('',*,*,#7623,.T.);
#3416=ORIENTED_EDGE('',*,*,#7624,.T.);
#3417=ORIENTED_EDGE('',*,*,#7625,.T.);
#3418=ORIENTED_EDGE('',*,*,#7626,.T.);
#3419=ORIENTED_EDGE('',*,*,#7627,.T.);
#3420=ORIENTED_EDGE('',*,*,#7628,.T.);
#3421=ORIENTED_EDGE('',*,*,#7629,.T.);
#3422=ORIENTED_EDGE('',*,*,#7630,.T.);
#3423=ORIENTED_EDGE('',*,*,#7631,.T.);
#3424=ORIENTED_EDGE('',*,*,#7632,.T.);
#3425=CARTESIAN_POINT('',(-15.5194,0.0,-10.62736));
#3426=DIRECTION('',(0.0,0.0,-1.0));
#3427=DIRECTION('',(0.0,-1.0,0.0));
#3428=ORIENTED_EDGE('',*,*,#7633,.T.);
#3429=ORIENTED_EDGE('',*,*,#7632,.F.);
#3430=ORIENTED_EDGE('',*,*,#7634,.F.);
#3431=ORIENTED_EDGE('',*,*,#7574,.F.);
#3432=CARTESIAN_POINT('',(-12.4968,0.0,-9.73836));
#3433=DIRECTION('',(-0.0,0.0,1.0));
#3434=DIRECTION('',(1.0,0.0,0.0));
#3435=ORIENTED_EDGE('',*,*,#7634,.T.);
#3436=ORIENTED_EDGE('',*,*,#7631,.F.);
#3437=ORIENTED_EDGE('',*,*,#7633,.F.);
#3438=ORIENTED_EDGE('',*,*,#7573,.F.);
#3439=CARTESIAN_POINT('',(-12.4968,0.0,-9.73836));
#3440=DIRECTION('',(-0.0,0.0,1.0));
#3441=DIRECTION('',(1.0,0.0,0.0));
#3442=ORIENTED_EDGE('',*,*,#7635,.T.);
#3443=ORIENTED_EDGE('',*,*,#7618,.F.);
#3444=ORIENTED_EDGE('',*,*,#7636,.F.);
#3445=ORIENTED_EDGE('',*,*,#7588,.T.);
#3446=CARTESIAN_POINT('',(12.4968,0.0,-9.73836));
#3447=DIRECTION('',(-0.0,0.0,1.0));
#3448=DIRECTION('',(1.0,0.0,0.0));
#3449=ORIENTED_EDGE('',*,*,#7636,.T.);
#3450=ORIENTED_EDGE('',*,*,#7617,.F.);
#3451=ORIENTED_EDGE('',*,*,#7637,.F.);
#3452=ORIENTED_EDGE('',*,*,#7575,.T.);
#3453=CARTESIAN_POINT('',(15.0114,1.158418231901,-9.73836));
#3454=DIRECTION('',(1.0,0.0,0.0));
#3455=DIRECTION('',(0.0,1.0,0.0));
#3456=ORIENTED_EDGE('',*,*,#7637,.T.);
#3457=ORIENTED_EDGE('',*,*,#7616,.F.);
#3458=ORIENTED_EDGE('',*,*,#7638,.F.);
#3459=ORIENTED_EDGE('',*,*,#7576,.T.);
#3460=CARTESIAN_POINT('',(12.4968,0.0,-9.73836));
#3461=DIRECTION('',(-0.0,0.0,1.0));
#3462=DIRECTION('',(1.0,0.0,0.0));
#3463=ORIENTED_EDGE('',*,*,#7638,.T.);
#3464=ORIENTED_EDGE('',*,*,#7615,.F.);
#3465=ORIENTED_EDGE('',*,*,#7639,.F.);
#3466=ORIENTED_EDGE('',*,*,#7577,.T.);
#3467=CARTESIAN_POINT('',(12.75088038297,2.756916596307,-9.73836));
#3468=DIRECTION('',(0.500000000000017,0.866025403784429,0.0));
#3469=DIRECTION('',(0.0,0.0,-1.0));
#3470=ORIENTED_EDGE('',*,*,#7639,.T.);
#3471=ORIENTED_EDGE('',*,*,#7614,.F.);
#3472=ORIENTED_EDGE('',*,*,#7640,.F.);
#3473=ORIENTED_EDGE('',*,*,#7578,.T.);
#3474=CARTESIAN_POINT('',(12.4968,0.0,-9.73836));
#3475=DIRECTION('',(-0.0,0.0,1.0));
#3476=DIRECTION('',(1.0,0.0,0.0));
#3477=ORIENTED_EDGE('',*,*,#7640,.T.);
#3478=ORIENTED_EDGE('',*,*,#7613,.F.);
#3479=ORIENTED_EDGE('',*,*,#7641,.F.);
#3480=ORIENTED_EDGE('',*,*,#7579,.T.);
#3481=CARTESIAN_POINT('',(10.23628038297,1.598498364406,-9.73836));
#3482=DIRECTION('',(-0.500000000000017,0.866025403784429,0.0));
#3483=DIRECTION('',(0.0,0.0,1.0));
#3484=ORIENTED_EDGE('',*,*,#7641,.T.);
#3485=ORIENTED_EDGE('',*,*,#7612,.F.);
#3486=ORIENTED_EDGE('',*,*,#7642,.F.);
#3487=ORIENTED_EDGE('',*,*,#7580,.T.);
#3488=CARTESIAN_POINT('',(12.4968,0.0,-9.73836));
#3489=DIRECTION('',(-0.0,0.0,1.0));
#3490=DIRECTION('',(1.0,0.0,0.0));
#3491=ORIENTED_EDGE('',*,*,#7642,.T.);
#3492=ORIENTED_EDGE('',*,*,#7611,.F.);
#3493=ORIENTED_EDGE('',*,*,#7643,.F.);
#3494=ORIENTED_EDGE('',*,*,#7581,.T.);
#3495=CARTESIAN_POINT('',(9.9822,-1.158418231901,-9.73836));
#3496=DIRECTION('',(-1.0,0.0,0.0));
#3497=DIRECTION('',(0.0,0.0,1.0));
#3498=ORIENTED_EDGE('',*,*,#7643,.T.);
#3499=ORIENTED_EDGE('',*,*,#7610,.F.);
#3500=ORIENTED_EDGE('',*,*,#7644,.F.);
#3501=ORIENTED_EDGE('',*,*,#7582,.T.);
#3502=CARTESIAN_POINT('',(12.4968,0.0,-9.73836));
#3503=DIRECTION('',(-0.0,0.0,1.0));
#3504=DIRECTION('',(1.0,0.0,0.0));
#3505=ORIENTED_EDGE('',*,*,#7644,.T.);
#3506=ORIENTED_EDGE('',*,*,#7609,.F.);
#3507=ORIENTED_EDGE('',*,*,#7645,.F.);
#3508=ORIENTED_EDGE('',*,*,#7646,.F.);
#3509=ORIENTED_EDGE('',*,*,#7583,.T.);
#3510=CARTESIAN_POINT('',(12.24271961703,-2.756916596307,-9.73836));
#3511=DIRECTION('',(-0.500000000000017,-0.866025403784429,0.0));
#3512=DIRECTION('',(-0.866025403784429,0.500000000000017,0.0));
#3513=ORIENTED_EDGE('',*,*,#7586,.T.);
#3514=ORIENTED_EDGE('',*,*,#7569,.F.);
#3515=ORIENTED_EDGE('',*,*,#7469,.F.);
#3516=ORIENTED_EDGE('',*,*,#7647,.F.);
#3517=ORIENTED_EDGE('',*,*,#7584,.T.);
#3518=ORIENTED_EDGE('',*,*,#7646,.T.);
#3519=ORIENTED_EDGE('',*,*,#7648,.F.);
#3520=ORIENTED_EDGE('',*,*,#7649,.F.);
#3521=CARTESIAN_POINT('',(-15.56727826078,-2.5654,-10.52576));
#3522=DIRECTION('',(-1.0,0.0,0.0));
#3523=DIRECTION('',(0.0,0.0,1.0));
#3524=ORIENTED_EDGE('',*,*,#7649,.T.);
#3525=ORIENTED_EDGE('',*,*,#7650,.T.);
#3526=ORIENTED_EDGE('',*,*,#7607,.F.);
#3527=ORIENTED_EDGE('',*,*,#7635,.F.);
#3528=ORIENTED_EDGE('',*,*,#7587,.T.);
#3529=CARTESIAN_POINT('',(14.75731961703,-1.598498364406,-9.73836));
#3530=DIRECTION('',(0.500000000000017,-0.866025403784429,0.0));
#3531=DIRECTION('',(0.0,0.0,-1.0));
#3532=ORIENTED_EDGE('',*,*,#7648,.T.);
#3533=ORIENTED_EDGE('',*,*,#7645,.T.);
#3534=ORIENTED_EDGE('',*,*,#7608,.F.);
#3535=ORIENTED_EDGE('',*,*,#7650,.F.);
#3536=CARTESIAN_POINT('',(12.4968,0.0,-9.73836));
#3537=DIRECTION('',(-0.0,0.0,1.0));
#3538=DIRECTION('',(1.0,0.0,0.0));
#3539=ORIENTED_EDGE('',*,*,#7647,.T.);
#3540=ORIENTED_EDGE('',*,*,#7468,.T.);
#3541=ORIENTED_EDGE('',*,*,#7651,.T.);
#3542=ORIENTED_EDGE('',*,*,#7544,.F.);
#3543=ORIENTED_EDGE('',*,*,#7559,.T.);
#3544=ORIENTED_EDGE('',*,*,#7585,.F.);
#3545=CARTESIAN_POINT('',(8.1534,0.0,0.0));
#3546=DIRECTION('',(1.0,0.0,0.0));
#3547=DIRECTION('',(0.0,1.0,0.0));
#3548=ORIENTED_EDGE('',*,*,#7652,.T.);
#3549=ORIENTED_EDGE('',*,*,#7545,.T.);
#3550=ORIENTED_EDGE('',*,*,#7651,.F.);
#3551=ORIENTED_EDGE('',*,*,#7467,.F.);
#3552=ORIENTED_EDGE('',*,*,#7653,.F.);
#3553=ORIENTED_EDGE('',*,*,#7654,.F.);
#3554=ORIENTED_EDGE('',*,*,#7655,.T.);
#3555=ORIENTED_EDGE('',*,*,#7460,.F.);
#3556=CARTESIAN_POINT('',(-8.1534,-3.3528,-17.58696));
#3557=DIRECTION('',(0.0,0.0,-1.0));
#3558=DIRECTION('',(0.0,-1.0,0.0));
#3559=ORIENTED_EDGE('',*,*,#7461,.T.);
#3560=ORIENTED_EDGE('',*,*,#7655,.F.);
#3561=ORIENTED_EDGE('',*,*,#7656,.F.);
#3562=ORIENTED_EDGE('',*,*,#7657,.F.);
#3563=ORIENTED_EDGE('',*,*,#7658,.F.);
#3564=ORIENTED_EDGE('',*,*,#7659,.F.);
#3565=ORIENTED_EDGE('',*,*,#7527,.T.);
#3566=CARTESIAN_POINT('',(-7.8994,-6.2738,-6.30936));
#3567=DIRECTION('',(-1.0,0.0,0.0));
#3568=DIRECTION('',(0.0,0.0,1.0));
#3569=ORIENTED_EDGE('',*,*,#7567,.F.);
#3570=ORIENTED_EDGE('',*,*,#7660,.F.);
#3571=ORIENTED_EDGE('',*,*,#7661,.F.);
#3572=ORIENTED_EDGE('',*,*,#7662,.F.);
#3573=ORIENTED_EDGE('',*,*,#7663,.T.);
#3574=ORIENTED_EDGE('',*,*,#7664,.F.);
#3575=CARTESIAN_POINT('',(-15.5194,-6.2738,-18.60296));
#3576=DIRECTION('',(0.0,0.0,-1.0));
#3577=DIRECTION('',(0.0,-1.0,0.0));
#3578=ORIENTED_EDGE('',*,*,#7659,.T.);
#3579=ORIENTED_EDGE('',*,*,#7665,.F.);
#3580=ORIENTED_EDGE('',*,*,#7666,.T.);
#3581=ORIENTED_EDGE('',*,*,#7667,.F.);
#3582=ORIENTED_EDGE('',*,*,#7532,.T.);
#3583=ORIENTED_EDGE('',*,*,#7528,.F.);
#3584=CARTESIAN_POINT('',(-15.5194,-6.2738,-18.60296));
#3585=DIRECTION('',(0.0,0.0,-1.0));
#3586=DIRECTION('',(0.0,-1.0,0.0));
#3587=ORIENTED_EDGE('',*,*,#7471,.F.);
#3588=ORIENTED_EDGE('',*,*,#7568,.F.);
#3589=ORIENTED_EDGE('',*,*,#7664,.T.);
#3590=ORIENTED_EDGE('',*,*,#7668,.F.);
#3591=ORIENTED_EDGE('',*,*,#7465,.F.);
#3592=ORIENTED_EDGE('',*,*,#7669,.F.);
#3593=CARTESIAN_POINT('',(15.57543415191,-4.1402,-17.81556));
#3594=DIRECTION('',(1.0,-0.0,0.0));
#3595=DIRECTION('',(0.0,1.0,0.0));
#3596=ORIENTED_EDGE('',*,*,#7670,.F.);
#3597=ORIENTED_EDGE('',*,*,#7671,.T.);
#3598=ORIENTED_EDGE('',*,*,#7669,.T.);
#3599=CARTESIAN_POINT('',(12.4968,-3.3528,-15.4178));
#3600=DIRECTION('',(-0.0,1.0,0.0));
#3601=DIRECTION('',(1.0,0.0,0.0));
#3602=ORIENTED_EDGE('',*,*,#7671,.F.);
#3603=ORIENTED_EDGE('',*,*,#7672,.T.);
#3604=ORIENTED_EDGE('',*,*,#7673,.T.);
#3605=ORIENTED_EDGE('',*,*,#7674,.F.);
#3606=ORIENTED_EDGE('',*,*,#7472,.T.);
#3607=CARTESIAN_POINT('',(12.4968,-6.14934,-15.4178));
#3608=DIRECTION('',(0.0,-1.0,-0.0));
#3609=DIRECTION('',(0.0,0.0,-1.0));
#3610=ORIENTED_EDGE('',*,*,#7674,.T.);
#3611=ORIENTED_EDGE('',*,*,#7675,.F.);
#3612=ORIENTED_EDGE('',*,*,#7672,.F.);
#3613=ORIENTED_EDGE('',*,*,#7670,.T.);
#3614=ORIENTED_EDGE('',*,*,#7473,.T.);
#3615=CARTESIAN_POINT('',(12.4968,-6.14934,-15.4178));
#3616=DIRECTION('',(0.0,-1.0,-0.0));
#3617=DIRECTION('',(0.0,0.0,-1.0));
#3618=ORIENTED_EDGE('',*,*,#7676,.F.);
#3619=ORIENTED_EDGE('',*,*,#7677,.F.);
#3620=ORIENTED_EDGE('',*,*,#7445,.F.);
#3621=ORIENTED_EDGE('',*,*,#7678,.F.);
#3622=ORIENTED_EDGE('',*,*,#7675,.T.);
#3623=ORIENTED_EDGE('',*,*,#7679,.T.);
#3624=ORIENTED_EDGE('',*,*,#7451,.F.);
#3625=ORIENTED_EDGE('',*,*,#7680,.F.);
#3626=CARTESIAN_POINT('',(12.4968,-3.13436,-15.4178));
#3627=DIRECTION('',(0.0,1.0,0.0));
#3628=DIRECTION('',(0.0,0.0,-1.0));
#3629=ORIENTED_EDGE('',*,*,#7681,.T.);
#3630=ORIENTED_EDGE('',*,*,#7680,.T.);
#3631=ORIENTED_EDGE('',*,*,#7450,.F.);
#3632=ORIENTED_EDGE('',*,*,#7504,.T.);
#3633=ORIENTED_EDGE('',*,*,#7682,.F.);
#3634=ORIENTED_EDGE('',*,*,#7683,.F.);
#3635=ORIENTED_EDGE('',*,*,#7452,.T.);
#3636=ORIENTED_EDGE('',*,*,#7500,.T.);
#3637=CARTESIAN_POINT('',(11.7983,-2.57556,-14.7193));
#3638=DIRECTION('',(0.0,-1.0,0.0));
#3639=DIRECTION('',(0.0,0.0,1.0));
#3640=ORIENTED_EDGE('',*,*,#7684,.T.);
#3641=ORIENTED_EDGE('',*,*,#7685,.T.);
#3642=ORIENTED_EDGE('',*,*,#7453,.T.);
#3643=ORIENTED_EDGE('',*,*,#7683,.T.);
#3644=ORIENTED_EDGE('',*,*,#7686,.T.);
#3645=ORIENTED_EDGE('',*,*,#7687,.T.);
#3646=ORIENTED_EDGE('',*,*,#7688,.T.);
#3647=ORIENTED_EDGE('',*,*,#7689,.T.);
#3648=ORIENTED_EDGE('',*,*,#7690,.T.);
#3649=ORIENTED_EDGE('',*,*,#7691,.T.);
#3650=ORIENTED_EDGE('',*,*,#7692,.T.);
#3651=ORIENTED_EDGE('',*,*,#7693,.T.);
#3652=ORIENTED_EDGE('',*,*,#7694,.T.);
#3653=ORIENTED_EDGE('',*,*,#7695,.T.);
#3654=ORIENTED_EDGE('',*,*,#7696,.T.);
#3655=ORIENTED_EDGE('',*,*,#7697,.T.);
#3656=ORIENTED_EDGE('',*,*,#7698,.T.);
#3657=ORIENTED_EDGE('',*,*,#7699,.T.);
#3658=ORIENTED_EDGE('',*,*,#7700,.T.);
#3659=ORIENTED_EDGE('',*,*,#7701,.F.);
#3660=CARTESIAN_POINT('',(-15.5194,-2.57556,0.0));
#3661=DIRECTION('',(-0.0,1.0,0.0));
#3662=DIRECTION('',(1.0,0.0,0.0));
#3663=ORIENTED_EDGE('',*,*,#7702,.T.);
#3664=ORIENTED_EDGE('',*,*,#7703,.T.);
#3665=ORIENTED_EDGE('',*,*,#7704,.T.);
#3666=ORIENTED_EDGE('',*,*,#7705,.T.);
#3667=ORIENTED_EDGE('',*,*,#7706,.T.);
#3668=ORIENTED_EDGE('',*,*,#7707,.T.);
#3669=ORIENTED_EDGE('',*,*,#7708,.T.);
#3670=ORIENTED_EDGE('',*,*,#7709,.T.);
#3671=ORIENTED_EDGE('',*,*,#7710,.T.);
#3672=ORIENTED_EDGE('',*,*,#7711,.T.);
#3673=ORIENTED_EDGE('',*,*,#7712,.T.);
#3674=ORIENTED_EDGE('',*,*,#7713,.T.);
#3675=ORIENTED_EDGE('',*,*,#7714,.T.);
#3676=ORIENTED_EDGE('',*,*,#7715,.T.);
#3677=ORIENTED_EDGE('',*,*,#7716,.T.);
#3678=ORIENTED_EDGE('',*,*,#7717,.T.);
#3679=ORIENTED_EDGE('',*,*,#7718,.T.);
#3680=ORIENTED_EDGE('',*,*,#7719,.T.);
#3681=ORIENTED_EDGE('',*,*,#7720,.T.);
#3682=ORIENTED_EDGE('',*,*,#7721,.F.);
#3683=CARTESIAN_POINT('',(-15.5194,-2.57556,0.0));
#3684=DIRECTION('',(-0.0,1.0,0.0));
#3685=DIRECTION('',(1.0,0.0,0.0));
#3686=ORIENTED_EDGE('',*,*,#7722,.F.);
#3687=ORIENTED_EDGE('',*,*,#7723,.F.);
#3688=ORIENTED_EDGE('',*,*,#7724,.F.);
#3689=ORIENTED_EDGE('',*,*,#7725,.F.);
#3690=ORIENTED_EDGE('',*,*,#7726,.F.);
#3691=ORIENTED_EDGE('',*,*,#7701,.T.);
#3692=CARTESIAN_POINT('',(11.9888,0.0,0.0));
#3693=DIRECTION('',(1.0,0.0,0.0));
#3694=DIRECTION('',(0.0,1.0,0.0));
#3695=ORIENTED_EDGE('',*,*,#7726,.T.);
#3696=ORIENTED_EDGE('',*,*,#7727,.T.);
#3697=ORIENTED_EDGE('',*,*,#7728,.F.);
#3698=ORIENTED_EDGE('',*,*,#7729,.F.);
#3699=CARTESIAN_POINT('',(11.9888,-2.57556,-17.0561));
#3700=DIRECTION('',(-1.0,0.0,-0.0));
#3701=DIRECTION('',(0.0,0.0,-1.0));
#3702=ORIENTED_EDGE('',*,*,#7690,.F.);
#3703=ORIENTED_EDGE('',*,*,#7730,.T.);
#3704=ORIENTED_EDGE('',*,*,#7511,.T.);
#3705=ORIENTED_EDGE('',*,*,#7731,.F.);
#3706=ORIENTED_EDGE('',*,*,#7684,.F.);
#3707=ORIENTED_EDGE('',*,*,#7729,.T.);
#3708=CARTESIAN_POINT('',(13.1953,-2.57556,-16.7513));
#3709=DIRECTION('',(0.0,0.0,-1.0));
#3710=DIRECTION('',(0.0,-1.0,0.0));
#3711=ORIENTED_EDGE('',*,*,#7446,.T.);
#3712=ORIENTED_EDGE('',*,*,#7677,.T.);
#3713=ORIENTED_EDGE('',*,*,#7732,.F.);
#3714=ORIENTED_EDGE('',*,*,#7498,.T.);
#3715=ORIENTED_EDGE('',*,*,#7454,.F.);
#3716=ORIENTED_EDGE('',*,*,#7685,.F.);
#3717=ORIENTED_EDGE('',*,*,#7731,.T.);
#3718=ORIENTED_EDGE('',*,*,#7510,.T.);
#3719=CARTESIAN_POINT('',(11.7983,-2.57556,-16.1163));
#3720=DIRECTION('',(0.0,-1.0,0.0));
#3721=DIRECTION('',(0.0,0.0,1.0));
#3722=ORIENTED_EDGE('',*,*,#7733,.F.);
#3723=ORIENTED_EDGE('',*,*,#7734,.F.);
#3724=ORIENTED_EDGE('',*,*,#7505,.F.);
#3725=ORIENTED_EDGE('',*,*,#7735,.T.);
#3726=CARTESIAN_POINT('',(12.4968,-6.14934,-15.4178));
#3727=DIRECTION('',(0.0,-1.0,-0.0));
#3728=DIRECTION('',(0.0,0.0,-1.0));
#3729=ORIENTED_EDGE('',*,*,#7499,.F.);
#3730=ORIENTED_EDGE('',*,*,#7732,.T.);
#3731=ORIENTED_EDGE('',*,*,#7676,.T.);
#3732=ORIENTED_EDGE('',*,*,#7681,.F.);
#3733=CARTESIAN_POINT('',(12.4968,-6.14934,-15.4178));
#3734=DIRECTION('',(0.0,-1.0,-0.0));
#3735=DIRECTION('',(0.0,0.0,-1.0));
#3736=ORIENTED_EDGE('',*,*,#7448,.T.);
#3737=ORIENTED_EDGE('',*,*,#7736,.F.);
#3738=ORIENTED_EDGE('',*,*,#7737,.F.);
#3739=ORIENTED_EDGE('',*,*,#7501,.F.);
#3740=CARTESIAN_POINT('',(12.4968,-6.14934,-15.4178));
#3741=DIRECTION('',(0.0,-1.0,-0.0));
#3742=DIRECTION('',(0.0,0.0,-1.0));
#3743=ORIENTED_EDGE('',*,*,#7444,.T.);
#3744=ORIENTED_EDGE('',*,*,#7509,.F.);
#3745=ORIENTED_EDGE('',*,*,#7738,.T.);
#3746=ORIENTED_EDGE('',*,*,#7739,.F.);
#3747=CARTESIAN_POINT('',(12.4968,-6.14934,-15.4178));
#3748=DIRECTION('',(0.0,-1.0,-0.0));
#3749=DIRECTION('',(0.0,0.0,-1.0));
#3750=ORIENTED_EDGE('',*,*,#7737,.T.);
#3751=ORIENTED_EDGE('',*,*,#7740,.T.);
#3752=ORIENTED_EDGE('',*,*,#7735,.F.);
#3753=ORIENTED_EDGE('',*,*,#7508,.T.);
#3754=ORIENTED_EDGE('',*,*,#7741,.F.);
#3755=ORIENTED_EDGE('',*,*,#7687,.F.);
#3756=ORIENTED_EDGE('',*,*,#7742,.T.);
#3757=ORIENTED_EDGE('',*,*,#7502,.T.);
#3758=CARTESIAN_POINT('',(13.1953,-2.57556,-14.7193));
#3759=DIRECTION('',(0.0,-1.0,0.0));
#3760=DIRECTION('',(0.0,0.0,1.0));
#3761=ORIENTED_EDGE('',*,*,#7742,.F.);
#3762=ORIENTED_EDGE('',*,*,#7686,.F.);
#3763=ORIENTED_EDGE('',*,*,#7682,.T.);
#3764=ORIENTED_EDGE('',*,*,#7503,.T.);
#3765=CARTESIAN_POINT('',(11.7983,-2.57556,-14.0843));
#3766=DIRECTION('',(0.0,0.0,1.0));
#3767=DIRECTION('',(1.0,0.0,0.0));
#3768=ORIENTED_EDGE('',*,*,#7743,.F.);
#3769=ORIENTED_EDGE('',*,*,#7688,.F.);
#3770=ORIENTED_EDGE('',*,*,#7741,.T.);
#3771=ORIENTED_EDGE('',*,*,#7507,.T.);
#3772=CARTESIAN_POINT('',(13.8303,-2.57556,-14.7193));
#3773=DIRECTION('',(1.0,0.0,0.0));
#3774=DIRECTION('',(0.0,1.0,0.0));
#3775=ORIENTED_EDGE('',*,*,#7734,.T.);
#3776=ORIENTED_EDGE('',*,*,#7744,.T.);
#3777=ORIENTED_EDGE('',*,*,#7738,.F.);
#3778=ORIENTED_EDGE('',*,*,#7512,.T.);
#3779=ORIENTED_EDGE('',*,*,#7730,.F.);
#3780=ORIENTED_EDGE('',*,*,#7689,.F.);
#3781=ORIENTED_EDGE('',*,*,#7743,.T.);
#3782=ORIENTED_EDGE('',*,*,#7506,.T.);
#3783=CARTESIAN_POINT('',(13.1953,-2.57556,-16.1163));
#3784=DIRECTION('',(0.0,-1.0,0.0));
#3785=DIRECTION('',(0.0,0.0,1.0));
#3786=ORIENTED_EDGE('',*,*,#7736,.T.);
#3787=ORIENTED_EDGE('',*,*,#7679,.F.);
#3788=ORIENTED_EDGE('',*,*,#7673,.F.);
#3789=ORIENTED_EDGE('',*,*,#7678,.T.);
#3790=ORIENTED_EDGE('',*,*,#7739,.T.);
#3791=ORIENTED_EDGE('',*,*,#7744,.F.);
#3792=ORIENTED_EDGE('',*,*,#7733,.T.);
#3793=ORIENTED_EDGE('',*,*,#7740,.F.);
#3794=CARTESIAN_POINT('',(12.4968,-3.13436,-15.4178));
#3795=DIRECTION('',(0.0,1.0,0.0));
#3796=DIRECTION('',(0.0,0.0,-1.0));
#3797=ORIENTED_EDGE('',*,*,#7728,.T.);
#3798=ORIENTED_EDGE('',*,*,#7745,.T.);
#3799=ORIENTED_EDGE('',*,*,#7746,.T.);
#3800=ORIENTED_EDGE('',*,*,#7747,.T.);
#3801=ORIENTED_EDGE('',*,*,#7748,.T.);
#3802=ORIENTED_EDGE('',*,*,#7691,.F.);
#3803=CARTESIAN_POINT('',(13.0048,0.0,0.0));
#3804=DIRECTION('',(1.0,0.0,0.0));
#3805=DIRECTION('',(0.0,1.0,0.0));
#3806=ORIENTED_EDGE('',*,*,#7748,.F.);
#3807=ORIENTED_EDGE('',*,*,#7749,.F.);
#3808=ORIENTED_EDGE('',*,*,#7722,.T.);
#3809=ORIENTED_EDGE('',*,*,#7750,.T.);
#3810=CARTESIAN_POINT('',(11.9888,-2.57556,-17.0561));
#3811=DIRECTION('',(-1.0,0.0,-0.0));
#3812=DIRECTION('',(0.0,0.0,-1.0));
#3813=ORIENTED_EDGE('',*,*,#7700,.F.);
#3814=ORIENTED_EDGE('',*,*,#7751,.T.);
#3815=ORIENTED_EDGE('',*,*,#7519,.T.);
#3816=ORIENTED_EDGE('',*,*,#7752,.F.);
#3817=ORIENTED_EDGE('',*,*,#7692,.F.);
#3818=ORIENTED_EDGE('',*,*,#7750,.F.);
#3819=CARTESIAN_POINT('',(11.7983,-2.57556,-16.43126));
#3820=DIRECTION('',(0.0,0.0,1.0));
#3821=DIRECTION('',(1.0,0.0,0.0));
#3822=ORIENTED_EDGE('',*,*,#7753,.F.);
#3823=ORIENTED_EDGE('',*,*,#7693,.F.);
#3824=ORIENTED_EDGE('',*,*,#7752,.T.);
#3825=ORIENTED_EDGE('',*,*,#7518,.F.);
#3826=CARTESIAN_POINT('',(13.1953,-2.57556,-16.1163));
#3827=DIRECTION('',(0.0,-1.0,0.0));
#3828=DIRECTION('',(0.0,0.0,1.0));
#3829=ORIENTED_EDGE('',*,*,#7754,.F.);
#3830=ORIENTED_EDGE('',*,*,#7694,.F.);
#3831=ORIENTED_EDGE('',*,*,#7753,.T.);
#3832=ORIENTED_EDGE('',*,*,#7517,.T.);
#3833=CARTESIAN_POINT('',(13.51026,-2.57556,-16.1163));
#3834=DIRECTION('',(-1.0,0.0,0.0));
#3835=DIRECTION('',(0.0,0.0,1.0));
#3836=ORIENTED_EDGE('',*,*,#7755,.F.);
#3837=ORIENTED_EDGE('',*,*,#7695,.F.);
#3838=ORIENTED_EDGE('',*,*,#7754,.T.);
#3839=ORIENTED_EDGE('',*,*,#7516,.F.);
#3840=CARTESIAN_POINT('',(13.1953,-2.57556,-14.7193));
#3841=DIRECTION('',(0.0,-1.0,0.0));
#3842=DIRECTION('',(0.0,0.0,1.0));
#3843=ORIENTED_EDGE('',*,*,#7756,.F.);
#3844=ORIENTED_EDGE('',*,*,#7696,.F.);
#3845=ORIENTED_EDGE('',*,*,#7755,.T.);
#3846=ORIENTED_EDGE('',*,*,#7515,.T.);
#3847=CARTESIAN_POINT('',(13.1953,-2.57556,-14.40434));
#3848=DIRECTION('',(0.0,0.0,-1.0));
#3849=DIRECTION('',(0.0,-1.0,0.0));
#3850=ORIENTED_EDGE('',*,*,#7757,.F.);
#3851=ORIENTED_EDGE('',*,*,#7697,.F.);
#3852=ORIENTED_EDGE('',*,*,#7756,.T.);
#3853=ORIENTED_EDGE('',*,*,#7514,.F.);
#3854=CARTESIAN_POINT('',(11.7983,-2.57556,-14.7193));
#3855=DIRECTION('',(0.0,-1.0,0.0));
#3856=DIRECTION('',(0.0,0.0,1.0));
#3857=ORIENTED_EDGE('',*,*,#7758,.F.);
#3858=ORIENTED_EDGE('',*,*,#7698,.F.);
#3859=ORIENTED_EDGE('',*,*,#7757,.T.);
#3860=ORIENTED_EDGE('',*,*,#7513,.T.);
#3861=CARTESIAN_POINT('',(11.48334,-2.57556,-14.7193));
#3862=DIRECTION('',(1.0,0.0,0.0));
#3863=DIRECTION('',(0.0,1.0,0.0));
#3864=ORIENTED_EDGE('',*,*,#7751,.F.);
#3865=ORIENTED_EDGE('',*,*,#7699,.F.);
#3866=ORIENTED_EDGE('',*,*,#7758,.T.);
#3867=ORIENTED_EDGE('',*,*,#7520,.F.);
#3868=CARTESIAN_POINT('',(11.7983,-2.57556,-16.1163));
#3869=DIRECTION('',(0.0,-1.0,0.0));
#3870=DIRECTION('',(0.0,0.0,1.0));
#3871=ORIENTED_EDGE('',*,*,#7749,.T.);
#3872=ORIENTED_EDGE('',*,*,#7747,.F.);
#3873=ORIENTED_EDGE('',*,*,#7759,.F.);
#3874=ORIENTED_EDGE('',*,*,#7723,.T.);
#3875=CARTESIAN_POINT('',(11.9888,-1.95072,-17.11706));
#3876=DIRECTION('',(-0.0,1.0,0.0));
#3877=DIRECTION('',(1.0,0.0,0.0));
#3878=ORIENTED_EDGE('',*,*,#7759,.T.);
#3879=ORIENTED_EDGE('',*,*,#7746,.F.);
#3880=ORIENTED_EDGE('',*,*,#7760,.F.);
#3881=ORIENTED_EDGE('',*,*,#7724,.T.);
#3882=CARTESIAN_POINT('',(11.9888,-2.27076,-17.11706));
#3883=DIRECTION('',(0.0,0.0,-1.0));
#3884=DIRECTION('',(0.0,-1.0,0.0));
#3885=ORIENTED_EDGE('',*,*,#7760,.T.);
#3886=ORIENTED_EDGE('',*,*,#7745,.F.);
#3887=ORIENTED_EDGE('',*,*,#7727,.F.);
#3888=ORIENTED_EDGE('',*,*,#7725,.T.);
#3889=CARTESIAN_POINT('',(11.9888,-2.27076,-17.0561));
#3890=DIRECTION('',(0.0,-1.0,0.0));
#3891=DIRECTION('',(0.0,0.0,-1.0));
#3892=ORIENTED_EDGE('',*,*,#7761,.F.);
#3893=ORIENTED_EDGE('',*,*,#7762,.F.);
#3894=ORIENTED_EDGE('',*,*,#7763,.F.);
#3895=ORIENTED_EDGE('',*,*,#7764,.F.);
#3896=ORIENTED_EDGE('',*,*,#7765,.F.);
#3897=ORIENTED_EDGE('',*,*,#7721,.T.);
#3898=CARTESIAN_POINT('',(-13.0048,0.0,0.0));
#3899=DIRECTION('',(1.0,0.0,0.0));
#3900=DIRECTION('',(0.0,1.0,0.0));
#3901=ORIENTED_EDGE('',*,*,#7765,.T.);
#3902=ORIENTED_EDGE('',*,*,#7766,.T.);
#3903=ORIENTED_EDGE('',*,*,#7767,.F.);
#3904=ORIENTED_EDGE('',*,*,#7768,.F.);
#3905=CARTESIAN_POINT('',(-13.0048,-2.57556,-17.0561));
#3906=DIRECTION('',(-1.0,0.0,-0.0));
#3907=DIRECTION('',(0.0,0.0,-1.0));
#3908=ORIENTED_EDGE('',*,*,#7710,.F.);
#3909=ORIENTED_EDGE('',*,*,#7769,.T.);
#3910=ORIENTED_EDGE('',*,*,#7480,.T.);
#3911=ORIENTED_EDGE('',*,*,#7770,.F.);
#3912=ORIENTED_EDGE('',*,*,#7702,.F.);
#3913=ORIENTED_EDGE('',*,*,#7768,.T.);
#3914=CARTESIAN_POINT('',(-11.7983,-2.57556,-16.7513));
#3915=DIRECTION('',(0.0,0.0,-1.0));
#3916=DIRECTION('',(0.0,-1.0,0.0));
#3917=ORIENTED_EDGE('',*,*,#7442,.T.);
#3918=ORIENTED_EDGE('',*,*,#7771,.T.);
#3919=ORIENTED_EDGE('',*,*,#7772,.F.);
#3920=ORIENTED_EDGE('',*,*,#7485,.T.);
#3921=ORIENTED_EDGE('',*,*,#7773,.F.);
#3922=ORIENTED_EDGE('',*,*,#7703,.F.);
#3923=ORIENTED_EDGE('',*,*,#7770,.T.);
#3924=ORIENTED_EDGE('',*,*,#7479,.T.);
#3925=CARTESIAN_POINT('',(-13.1953,-2.57556,-16.1163));
#3926=DIRECTION('',(0.0,-1.0,0.0));
#3927=DIRECTION('',(0.0,0.0,1.0));
#3928=ORIENTED_EDGE('',*,*,#7774,.F.);
#3929=ORIENTED_EDGE('',*,*,#7704,.F.);
#3930=ORIENTED_EDGE('',*,*,#7773,.T.);
#3931=ORIENTED_EDGE('',*,*,#7484,.T.);
#3932=CARTESIAN_POINT('',(-13.8303,-2.57556,-16.1163));
#3933=DIRECTION('',(-1.0,0.0,0.0));
#3934=DIRECTION('',(0.0,0.0,1.0));
#3935=ORIENTED_EDGE('',*,*,#7775,.T.);
#3936=ORIENTED_EDGE('',*,*,#7776,.T.);
#3937=ORIENTED_EDGE('',*,*,#7438,.F.);
#3938=ORIENTED_EDGE('',*,*,#7489,.T.);
#3939=ORIENTED_EDGE('',*,*,#7777,.F.);
#3940=ORIENTED_EDGE('',*,*,#7705,.F.);
#3941=ORIENTED_EDGE('',*,*,#7774,.T.);
#3942=ORIENTED_EDGE('',*,*,#7483,.T.);
#3943=CARTESIAN_POINT('',(-13.1953,-2.57556,-14.7193));
#3944=DIRECTION('',(0.0,-1.0,0.0));
#3945=DIRECTION('',(0.0,0.0,1.0));
#3946=ORIENTED_EDGE('',*,*,#7778,.F.);
#3947=ORIENTED_EDGE('',*,*,#7706,.F.);
#3948=ORIENTED_EDGE('',*,*,#7777,.T.);
#3949=ORIENTED_EDGE('',*,*,#7488,.T.);
#3950=CARTESIAN_POINT('',(-13.1953,-2.57556,-14.0843));
#3951=DIRECTION('',(0.0,0.0,1.0));
#3952=DIRECTION('',(1.0,0.0,0.0));
#3953=ORIENTED_EDGE('',*,*,#7779,.T.);
#3954=ORIENTED_EDGE('',*,*,#7780,.T.);
#3955=ORIENTED_EDGE('',*,*,#7781,.F.);
#3956=ORIENTED_EDGE('',*,*,#7475,.T.);
#3957=ORIENTED_EDGE('',*,*,#7782,.F.);
#3958=ORIENTED_EDGE('',*,*,#7707,.F.);
#3959=ORIENTED_EDGE('',*,*,#7778,.T.);
#3960=ORIENTED_EDGE('',*,*,#7487,.T.);
#3961=CARTESIAN_POINT('',(-11.7983,-2.57556,-14.7193));
#3962=DIRECTION('',(0.0,-1.0,0.0));
#3963=DIRECTION('',(0.0,0.0,1.0));
#3964=ORIENTED_EDGE('',*,*,#7783,.F.);
#3965=ORIENTED_EDGE('',*,*,#7708,.F.);
#3966=ORIENTED_EDGE('',*,*,#7782,.T.);
#3967=ORIENTED_EDGE('',*,*,#7474,.T.);
#3968=CARTESIAN_POINT('',(-11.1633,-2.57556,-14.7193));
#3969=DIRECTION('',(1.0,0.0,0.0));
#3970=DIRECTION('',(0.0,1.0,0.0));
#3971=ORIENTED_EDGE('',*,*,#7784,.T.);
#3972=ORIENTED_EDGE('',*,*,#7785,.T.);
#3973=ORIENTED_EDGE('',*,*,#7786,.F.);
#3974=ORIENTED_EDGE('',*,*,#7481,.T.);
#3975=ORIENTED_EDGE('',*,*,#7769,.F.);
#3976=ORIENTED_EDGE('',*,*,#7709,.F.);
#3977=ORIENTED_EDGE('',*,*,#7783,.T.);
#3978=ORIENTED_EDGE('',*,*,#7477,.T.);
#3979=CARTESIAN_POINT('',(-11.7983,-2.57556,-16.1163));
#3980=DIRECTION('',(0.0,-1.0,0.0));
#3981=DIRECTION('',(0.0,0.0,1.0));
#3982=ORIENTED_EDGE('',*,*,#7476,.F.);
#3983=ORIENTED_EDGE('',*,*,#7781,.T.);
#3984=ORIENTED_EDGE('',*,*,#7787,.F.);
#3985=ORIENTED_EDGE('',*,*,#7784,.F.);
#3986=CARTESIAN_POINT('',(-12.4968,-6.14934,-15.4178));
#3987=DIRECTION('',(0.0,-1.0,-0.0));
#3988=DIRECTION('',(0.0,0.0,-1.0));
#3989=ORIENTED_EDGE('',*,*,#7440,.T.);
#3990=ORIENTED_EDGE('',*,*,#7478,.F.);
#3991=ORIENTED_EDGE('',*,*,#7786,.T.);
#3992=ORIENTED_EDGE('',*,*,#7788,.F.);
#3993=CARTESIAN_POINT('',(-12.4968,-6.14934,-15.4178));
#3994=DIRECTION('',(0.0,-1.0,-0.0));
#3995=DIRECTION('',(0.0,0.0,-1.0));
#3996=ORIENTED_EDGE('',*,*,#7789,.T.);
#3997=ORIENTED_EDGE('',*,*,#7775,.F.);
#3998=ORIENTED_EDGE('',*,*,#7482,.F.);
#3999=ORIENTED_EDGE('',*,*,#7772,.T.);
#4000=CARTESIAN_POINT('',(-12.4968,-6.14934,-15.4178));
#4001=DIRECTION('',(0.0,-1.0,-0.0));
#4002=DIRECTION('',(0.0,0.0,-1.0));
#4003=ORIENTED_EDGE('',*,*,#7436,.T.);
#4004=ORIENTED_EDGE('',*,*,#7790,.F.);
#4005=ORIENTED_EDGE('',*,*,#7779,.F.);
#4006=ORIENTED_EDGE('',*,*,#7486,.F.);
#4007=CARTESIAN_POINT('',(-12.4968,-6.14934,-15.4178));
#4008=DIRECTION('',(0.0,-1.0,-0.0));
#4009=DIRECTION('',(0.0,0.0,-1.0));
#4010=ORIENTED_EDGE('',*,*,#7787,.T.);
#4011=ORIENTED_EDGE('',*,*,#7780,.F.);
#4012=ORIENTED_EDGE('',*,*,#7790,.T.);
#4013=ORIENTED_EDGE('',*,*,#7791,.F.);
#4014=ORIENTED_EDGE('',*,*,#7792,.F.);
#4015=ORIENTED_EDGE('',*,*,#7793,.T.);
#4016=ORIENTED_EDGE('',*,*,#7788,.T.);
#4017=ORIENTED_EDGE('',*,*,#7785,.F.);
#4018=CARTESIAN_POINT('',(-12.4968,-3.13436,-15.4178));
#4019=DIRECTION('',(0.0,1.0,0.0));
#4020=DIRECTION('',(0.0,0.0,-1.0));
#4021=ORIENTED_EDGE('',*,*,#7441,.F.);
#4022=ORIENTED_EDGE('',*,*,#7793,.F.);
#4023=ORIENTED_EDGE('',*,*,#7522,.T.);
#4024=ORIENTED_EDGE('',*,*,#7791,.T.);
#4025=ORIENTED_EDGE('',*,*,#7439,.F.);
#4026=ORIENTED_EDGE('',*,*,#7776,.F.);
#4027=ORIENTED_EDGE('',*,*,#7789,.F.);
#4028=ORIENTED_EDGE('',*,*,#7771,.F.);
#4029=CARTESIAN_POINT('',(-12.4968,-3.13436,-15.4178));
#4030=DIRECTION('',(0.0,1.0,0.0));
#4031=DIRECTION('',(0.0,0.0,-1.0));
#4032=ORIENTED_EDGE('',*,*,#7525,.F.);
#4033=ORIENTED_EDGE('',*,*,#7523,.T.);
#4034=ORIENTED_EDGE('',*,*,#7792,.T.);
#4035=ORIENTED_EDGE('',*,*,#7521,.F.);
#4036=ORIENTED_EDGE('',*,*,#7463,.T.);
#4037=CARTESIAN_POINT('',(-12.4968,-6.14934,-15.4178));
#4038=DIRECTION('',(0.0,-1.0,-0.0));
#4039=DIRECTION('',(0.0,0.0,-1.0));
#4040=ORIENTED_EDGE('',*,*,#7767,.T.);
#4041=ORIENTED_EDGE('',*,*,#7794,.T.);
#4042=ORIENTED_EDGE('',*,*,#7795,.T.);
#4043=ORIENTED_EDGE('',*,*,#7796,.T.);
#4044=ORIENTED_EDGE('',*,*,#7797,.T.);
#4045=ORIENTED_EDGE('',*,*,#7711,.F.);
#4046=CARTESIAN_POINT('',(-11.9888,0.0,0.0));
#4047=DIRECTION('',(1.0,0.0,0.0));
#4048=DIRECTION('',(0.0,1.0,0.0));
#4049=ORIENTED_EDGE('',*,*,#7797,.F.);
#4050=ORIENTED_EDGE('',*,*,#7798,.F.);
#4051=ORIENTED_EDGE('',*,*,#7761,.T.);
#4052=ORIENTED_EDGE('',*,*,#7799,.T.);
#4053=CARTESIAN_POINT('',(-13.0048,-2.57556,-17.0561));
#4054=DIRECTION('',(-1.0,0.0,-0.0));
#4055=DIRECTION('',(0.0,0.0,-1.0));
#4056=ORIENTED_EDGE('',*,*,#7720,.F.);
#4057=ORIENTED_EDGE('',*,*,#7800,.T.);
#4058=ORIENTED_EDGE('',*,*,#7491,.T.);
#4059=ORIENTED_EDGE('',*,*,#7801,.F.);
#4060=ORIENTED_EDGE('',*,*,#7712,.F.);
#4061=ORIENTED_EDGE('',*,*,#7799,.F.);
#4062=CARTESIAN_POINT('',(-13.1953,-2.57556,-16.43126));
#4063=DIRECTION('',(0.0,0.0,1.0));
#4064=DIRECTION('',(1.0,0.0,0.0));
#4065=ORIENTED_EDGE('',*,*,#7802,.F.);
#4066=ORIENTED_EDGE('',*,*,#7713,.F.);
#4067=ORIENTED_EDGE('',*,*,#7801,.T.);
#4068=ORIENTED_EDGE('',*,*,#7490,.F.);
#4069=CARTESIAN_POINT('',(-11.7983,-2.57556,-16.1163));
#4070=DIRECTION('',(0.0,-1.0,0.0));
#4071=DIRECTION('',(0.0,0.0,1.0));
#4072=ORIENTED_EDGE('',*,*,#7803,.F.);
#4073=ORIENTED_EDGE('',*,*,#7714,.F.);
#4074=ORIENTED_EDGE('',*,*,#7802,.T.);
#4075=ORIENTED_EDGE('',*,*,#7497,.T.);
#4076=CARTESIAN_POINT('',(-11.48334,-2.57556,-16.1163));
#4077=DIRECTION('',(-1.0,0.0,0.0));
#4078=DIRECTION('',(0.0,0.0,1.0));
#4079=ORIENTED_EDGE('',*,*,#7804,.F.);
#4080=ORIENTED_EDGE('',*,*,#7715,.F.);
#4081=ORIENTED_EDGE('',*,*,#7803,.T.);
#4082=ORIENTED_EDGE('',*,*,#7496,.F.);
#4083=CARTESIAN_POINT('',(-11.7983,-2.57556,-14.7193));
#4084=DIRECTION('',(0.0,-1.0,0.0));
#4085=DIRECTION('',(0.0,0.0,1.0));
#4086=ORIENTED_EDGE('',*,*,#7805,.F.);
#4087=ORIENTED_EDGE('',*,*,#7716,.F.);
#4088=ORIENTED_EDGE('',*,*,#7804,.T.);
#4089=ORIENTED_EDGE('',*,*,#7495,.T.);
#4090=CARTESIAN_POINT('',(-11.7983,-2.57556,-14.40434));
#4091=DIRECTION('',(0.0,0.0,-1.0));
#4092=DIRECTION('',(0.0,-1.0,0.0));
#4093=ORIENTED_EDGE('',*,*,#7806,.F.);
#4094=ORIENTED_EDGE('',*,*,#7717,.F.);
#4095=ORIENTED_EDGE('',*,*,#7805,.T.);
#4096=ORIENTED_EDGE('',*,*,#7494,.F.);
#4097=CARTESIAN_POINT('',(-13.1953,-2.57556,-14.7193));
#4098=DIRECTION('',(0.0,-1.0,0.0));
#4099=DIRECTION('',(0.0,0.0,1.0));
#4100=ORIENTED_EDGE('',*,*,#7807,.F.);
#4101=ORIENTED_EDGE('',*,*,#7718,.F.);
#4102=ORIENTED_EDGE('',*,*,#7806,.T.);
#4103=ORIENTED_EDGE('',*,*,#7493,.T.);
#4104=CARTESIAN_POINT('',(-13.51026,-2.57556,-14.7193));
#4105=DIRECTION('',(1.0,0.0,0.0));
#4106=DIRECTION('',(0.0,1.0,0.0));
#4107=ORIENTED_EDGE('',*,*,#7800,.F.);
#4108=ORIENTED_EDGE('',*,*,#7719,.F.);
#4109=ORIENTED_EDGE('',*,*,#7807,.T.);
#4110=ORIENTED_EDGE('',*,*,#7492,.F.);
#4111=CARTESIAN_POINT('',(-13.1953,-2.57556,-16.1163));
#4112=DIRECTION('',(0.0,-1.0,0.0));
#4113=DIRECTION('',(0.0,0.0,1.0));
#4114=ORIENTED_EDGE('',*,*,#7798,.T.);
#4115=ORIENTED_EDGE('',*,*,#7796,.F.);
#4116=ORIENTED_EDGE('',*,*,#7808,.F.);
#4117=ORIENTED_EDGE('',*,*,#7762,.T.);
#4118=CARTESIAN_POINT('',(-13.0048,-1.95072,-17.11706));
#4119=DIRECTION('',(-0.0,1.0,0.0));
#4120=DIRECTION('',(1.0,0.0,0.0));
#4121=ORIENTED_EDGE('',*,*,#7808,.T.);
#4122=ORIENTED_EDGE('',*,*,#7795,.F.);
#4123=ORIENTED_EDGE('',*,*,#7809,.F.);
#4124=ORIENTED_EDGE('',*,*,#7763,.T.);
#4125=CARTESIAN_POINT('',(-13.0048,-2.27076,-17.11706));
#4126=DIRECTION('',(0.0,0.0,-1.0));
#4127=DIRECTION('',(0.0,-1.0,0.0));
#4128=ORIENTED_EDGE('',*,*,#7809,.T.);
#4129=ORIENTED_EDGE('',*,*,#7794,.F.);
#4130=ORIENTED_EDGE('',*,*,#7766,.F.);
#4131=ORIENTED_EDGE('',*,*,#7764,.T.);
#4132=CARTESIAN_POINT('',(-13.0048,-2.27076,-17.0561));
#4133=DIRECTION('',(0.0,-1.0,0.0));
#4134=DIRECTION('',(0.0,0.0,-1.0));
#4135=ORIENTED_EDGE('',*,*,#7663,.F.);
#4136=ORIENTED_EDGE('',*,*,#7810,.T.);
#4137=ORIENTED_EDGE('',*,*,#7811,.T.);
#4138=ORIENTED_EDGE('',*,*,#7812,.F.);
#4139=ORIENTED_EDGE('',*,*,#7653,.T.);
#4140=ORIENTED_EDGE('',*,*,#7466,.F.);
#4141=ORIENTED_EDGE('',*,*,#7668,.T.);
#4142=CARTESIAN_POINT('',(7.8994,-6.2738,-18.60296));
#4143=DIRECTION('',(1.0,0.0,0.0));
#4144=DIRECTION('',(0.0,1.0,0.0));
#4145=ORIENTED_EDGE('',*,*,#7812,.T.);
#4146=ORIENTED_EDGE('',*,*,#7813,.T.);
#4147=ORIENTED_EDGE('',*,*,#7656,.T.);
#4148=ORIENTED_EDGE('',*,*,#7654,.T.);
#4149=ORIENTED_EDGE('',*,*,#7814,.F.);
#4150=ORIENTED_EDGE('',*,*,#7815,.F.);
#4151=ORIENTED_EDGE('',*,*,#7816,.F.);
#4152=ORIENTED_EDGE('',*,*,#7817,.F.);
#4153=ORIENTED_EDGE('',*,*,#7818,.F.);
#4154=ORIENTED_EDGE('',*,*,#7819,.F.);
#4155=ORIENTED_EDGE('',*,*,#7820,.F.);
#4156=ORIENTED_EDGE('',*,*,#7821,.F.);
#4157=ORIENTED_EDGE('',*,*,#7822,.F.);
#4158=ORIENTED_EDGE('',*,*,#7823,.F.);
#4159=ORIENTED_EDGE('',*,*,#7824,.F.);
#4160=ORIENTED_EDGE('',*,*,#7825,.F.);
#4161=ORIENTED_EDGE('',*,*,#7826,.F.);
#4162=ORIENTED_EDGE('',*,*,#7827,.F.);
#4163=ORIENTED_EDGE('',*,*,#7828,.F.);
#4164=ORIENTED_EDGE('',*,*,#7829,.F.);
#4165=ORIENTED_EDGE('',*,*,#7830,.F.);
#4166=ORIENTED_EDGE('',*,*,#7831,.F.);
#4167=CARTESIAN_POINT('',(-15.5194,-5.207,0.0));
#4168=DIRECTION('',(0.0,-1.0,0.0));
#4169=DIRECTION('',(0.0,0.0,-1.0));
#4170=ORIENTED_EDGE('',*,*,#7657,.T.);
#4171=ORIENTED_EDGE('',*,*,#7813,.F.);
#4172=ORIENTED_EDGE('',*,*,#7811,.F.);
#4173=ORIENTED_EDGE('',*,*,#7832,.T.);
#4174=CARTESIAN_POINT('',(7.8994,-6.2738,-6.30936));
#4175=DIRECTION('',(0.0,0.0,1.0));
#4176=DIRECTION('',(1.0,0.0,0.0));
#4177=ORIENTED_EDGE('',*,*,#7833,.F.);
#4178=ORIENTED_EDGE('',*,*,#7834,.F.);
#4179=ORIENTED_EDGE('',*,*,#7665,.T.);
#4180=ORIENTED_EDGE('',*,*,#7658,.T.);
#4181=ORIENTED_EDGE('',*,*,#7832,.F.);
#4182=ORIENTED_EDGE('',*,*,#7810,.F.);
#4183=ORIENTED_EDGE('',*,*,#7662,.T.);
#4184=ORIENTED_EDGE('',*,*,#7835,.T.);
#4185=ORIENTED_EDGE('',*,*,#7836,.F.);
#4186=ORIENTED_EDGE('',*,*,#7837,.T.);
#4187=ORIENTED_EDGE('',*,*,#7838,.F.);
#4188=ORIENTED_EDGE('',*,*,#7839,.T.);
#4189=CARTESIAN_POINT('',(-15.5194,-6.2738,-5.8928));
#4190=DIRECTION('',(0.0,-1.0,0.0));
#4191=DIRECTION('',(0.0,0.0,-1.0));
#4192=ORIENTED_EDGE('',*,*,#7840,.F.);
#4193=ORIENTED_EDGE('',*,*,#7839,.F.);
#4194=ORIENTED_EDGE('',*,*,#7841,.T.);
#4195=ORIENTED_EDGE('',*,*,#7842,.T.);
#4196=CARTESIAN_POINT('',(-10.6553,-6.2738,-12.25296));
#4197=DIRECTION('',(1.0,0.0,0.0));
#4198=DIRECTION('',(0.0,1.0,0.0));
#4199=ORIENTED_EDGE('',*,*,#7533,.F.);
#4200=ORIENTED_EDGE('',*,*,#7667,.T.);
#4201=ORIENTED_EDGE('',*,*,#7843,.T.);
#4202=ORIENTED_EDGE('',*,*,#7844,.T.);
#4203=ORIENTED_EDGE('',*,*,#7842,.F.);
#4204=ORIENTED_EDGE('',*,*,#7845,.T.);
#4205=ORIENTED_EDGE('',*,*,#7846,.T.);
#4206=ORIENTED_EDGE('',*,*,#7847,.F.);
#4207=ORIENTED_EDGE('',*,*,#7848,.F.);
#4208=ORIENTED_EDGE('',*,*,#7849,.F.);
#4209=ORIENTED_EDGE('',*,*,#7850,.F.);
#4210=ORIENTED_EDGE('',*,*,#7851,.F.);
#4211=ORIENTED_EDGE('',*,*,#7852,.F.);
#4212=ORIENTED_EDGE('',*,*,#7853,.F.);
#4213=ORIENTED_EDGE('',*,*,#7854,.F.);
#4214=ORIENTED_EDGE('',*,*,#7855,.F.);
#4215=ORIENTED_EDGE('',*,*,#7856,.T.);
#4216=ORIENTED_EDGE('',*,*,#7857,.F.);
#4217=CARTESIAN_POINT('',(-15.5194,-5.3086,0.0));
#4218=DIRECTION('',(0.0,-1.0,0.0));
#4219=DIRECTION('',(0.0,0.0,-1.0));
#4220=ORIENTED_EDGE('',*,*,#7858,.T.);
#4221=ORIENTED_EDGE('',*,*,#7859,.T.);
#4222=ORIENTED_EDGE('',*,*,#7660,.T.);
#4223=ORIENTED_EDGE('',*,*,#7566,.T.);
#4224=ORIENTED_EDGE('',*,*,#7860,.F.);
#4225=ORIENTED_EDGE('',*,*,#7861,.F.);
#4226=ORIENTED_EDGE('',*,*,#7862,.T.);
#4227=ORIENTED_EDGE('',*,*,#7863,.T.);
#4228=ORIENTED_EDGE('',*,*,#7864,.F.);
#4229=ORIENTED_EDGE('',*,*,#7865,.T.);
#4230=ORIENTED_EDGE('',*,*,#7866,.F.);
#4231=ORIENTED_EDGE('',*,*,#7867,.F.);
#4232=ORIENTED_EDGE('',*,*,#7868,.F.);
#4233=ORIENTED_EDGE('',*,*,#7869,.F.);
#4234=ORIENTED_EDGE('',*,*,#7870,.F.);
#4235=ORIENTED_EDGE('',*,*,#7871,.F.);
#4236=ORIENTED_EDGE('',*,*,#7872,.T.);
#4237=ORIENTED_EDGE('',*,*,#7873,.F.);
#4238=CARTESIAN_POINT('',(-15.5194,-5.3086,0.0));
#4239=DIRECTION('',(0.0,-1.0,0.0));
#4240=DIRECTION('',(0.0,0.0,-1.0));
#4241=ORIENTED_EDGE('',*,*,#7874,.F.);
#4242=ORIENTED_EDGE('',*,*,#7873,.T.);
#4243=ORIENTED_EDGE('',*,*,#7875,.T.);
#4244=ORIENTED_EDGE('',*,*,#7876,.F.);
#4245=CARTESIAN_POINT('',(14.2113,-5.3086,-12.6492));
#4246=DIRECTION('',(1.0,0.0,0.0));
#4247=DIRECTION('',(0.0,1.0,0.0));
#4248=ORIENTED_EDGE('',*,*,#7877,.F.);
#4249=ORIENTED_EDGE('',*,*,#7878,.T.);
#4250=ORIENTED_EDGE('',*,*,#7879,.T.);
#4251=ORIENTED_EDGE('',*,*,#7880,.T.);
#4252=ORIENTED_EDGE('',*,*,#7881,.T.);
#4253=ORIENTED_EDGE('',*,*,#7882,.T.);
#4254=ORIENTED_EDGE('',*,*,#7883,.T.);
#4255=ORIENTED_EDGE('',*,*,#7884,.T.);
#4256=ORIENTED_EDGE('',*,*,#7885,.T.);
#4257=ORIENTED_EDGE('',*,*,#7876,.T.);
#4258=ORIENTED_EDGE('',*,*,#7886,.F.);
#4259=ORIENTED_EDGE('',*,*,#7887,.F.);
#4260=CARTESIAN_POINT('',(-15.5194,-5.72516,0.0));
#4261=DIRECTION('',(0.0,-1.0,0.0));
#4262=DIRECTION('',(0.0,0.0,-1.0));
#4263=ORIENTED_EDGE('',*,*,#7888,.F.);
#4264=ORIENTED_EDGE('',*,*,#7889,.T.);
#4265=ORIENTED_EDGE('',*,*,#7890,.T.);
#4266=ORIENTED_EDGE('',*,*,#7891,.T.);
#4267=ORIENTED_EDGE('',*,*,#7892,.T.);
#4268=ORIENTED_EDGE('',*,*,#7893,.T.);
#4269=ORIENTED_EDGE('',*,*,#7894,.T.);
#4270=ORIENTED_EDGE('',*,*,#7895,.T.);
#4271=ORIENTED_EDGE('',*,*,#7896,.T.);
#4272=ORIENTED_EDGE('',*,*,#7897,.T.);
#4273=ORIENTED_EDGE('',*,*,#7898,.F.);
#4274=ORIENTED_EDGE('',*,*,#7899,.F.);
#4275=CARTESIAN_POINT('',(-15.5194,-5.72516,0.0));
#4276=DIRECTION('',(0.0,-1.0,0.0));
#4277=DIRECTION('',(0.0,0.0,-1.0));
#4278=ORIENTED_EDGE('',*,*,#7900,.T.);
#4279=ORIENTED_EDGE('',*,*,#7901,.T.);
#4280=ORIENTED_EDGE('',*,*,#7902,.T.);
#4281=ORIENTED_EDGE('',*,*,#7903,.T.);
#4282=ORIENTED_EDGE('',*,*,#7904,.F.);
#4283=ORIENTED_EDGE('',*,*,#7905,.F.);
#4284=ORIENTED_EDGE('',*,*,#7906,.T.);
#4285=ORIENTED_EDGE('',*,*,#7907,.T.);
#4286=ORIENTED_EDGE('',*,*,#7908,.F.);
#4287=ORIENTED_EDGE('',*,*,#7909,.F.);
#4288=ORIENTED_EDGE('',*,*,#7910,.T.);
#4289=ORIENTED_EDGE('',*,*,#7911,.T.);
#4290=ORIENTED_EDGE('',*,*,#7912,.F.);
#4291=ORIENTED_EDGE('',*,*,#7913,.F.);
#4292=ORIENTED_EDGE('',*,*,#7914,.T.);
#4293=ORIENTED_EDGE('',*,*,#7915,.T.);
#4294=ORIENTED_EDGE('',*,*,#7916,.F.);
#4295=ORIENTED_EDGE('',*,*,#7917,.F.);
#4296=CARTESIAN_POINT('',(-15.5194,-5.72516,0.0));
#4297=DIRECTION('',(0.0,-1.0,0.0));
#4298=DIRECTION('',(0.0,0.0,-1.0));
#4299=ORIENTED_EDGE('',*,*,#7918,.T.);
#4300=ORIENTED_EDGE('',*,*,#7919,.T.);
#4301=ORIENTED_EDGE('',*,*,#7920,.T.);
#4302=ORIENTED_EDGE('',*,*,#7921,.T.);
#4303=ORIENTED_EDGE('',*,*,#7922,.F.);
#4304=ORIENTED_EDGE('',*,*,#7923,.F.);
#4305=ORIENTED_EDGE('',*,*,#7924,.T.);
#4306=ORIENTED_EDGE('',*,*,#7925,.T.);
#4307=ORIENTED_EDGE('',*,*,#7926,.F.);
#4308=ORIENTED_EDGE('',*,*,#7927,.F.);
#4309=ORIENTED_EDGE('',*,*,#7928,.T.);
#4310=ORIENTED_EDGE('',*,*,#7929,.T.);
#4311=ORIENTED_EDGE('',*,*,#7930,.F.);
#4312=ORIENTED_EDGE('',*,*,#7931,.F.);
#4313=ORIENTED_EDGE('',*,*,#7932,.T.);
#4314=ORIENTED_EDGE('',*,*,#7933,.T.);
#4315=ORIENTED_EDGE('',*,*,#7934,.F.);
#4316=ORIENTED_EDGE('',*,*,#7935,.F.);
#4317=CARTESIAN_POINT('',(-15.5194,-5.72516,0.0));
#4318=DIRECTION('',(0.0,-1.0,0.0));
#4319=DIRECTION('',(0.0,0.0,-1.0));
#4320=ORIENTED_EDGE('',*,*,#7874,.T.);
#4321=ORIENTED_EDGE('',*,*,#7885,.F.);
#4322=ORIENTED_EDGE('',*,*,#7936,.F.);
#4323=ORIENTED_EDGE('',*,*,#7864,.T.);
#4324=CARTESIAN_POINT('',(15.4178,-5.3086,-12.6492));
#4325=DIRECTION('',(0.0,0.0,1.0));
#4326=DIRECTION('',(1.0,0.0,0.0));
#4327=ORIENTED_EDGE('',*,*,#7936,.T.);
#4328=ORIENTED_EDGE('',*,*,#7884,.F.);
#4329=ORIENTED_EDGE('',*,*,#7937,.F.);
#4330=ORIENTED_EDGE('',*,*,#7865,.F.);
#4331=CARTESIAN_POINT('',(15.4178,-5.3086,-16.9164));
#4332=DIRECTION('',(1.0,0.0,0.0));
#4333=DIRECTION('',(0.0,1.0,0.0));
#4334=ORIENTED_EDGE('',*,*,#7937,.T.);
#4335=ORIENTED_EDGE('',*,*,#7883,.F.);
#4336=ORIENTED_EDGE('',*,*,#7938,.F.);
#4337=ORIENTED_EDGE('',*,*,#7866,.T.);
#4338=CARTESIAN_POINT('',(13.843,-5.3086,-16.9164));
#4339=DIRECTION('',(0.0,1.0,-0.0));
#4340=DIRECTION('',(1.0,0.0,0.0));
#4341=ORIENTED_EDGE('',*,*,#7938,.T.);
#4342=ORIENTED_EDGE('',*,*,#7882,.F.);
#4343=ORIENTED_EDGE('',*,*,#7939,.F.);
#4344=ORIENTED_EDGE('',*,*,#7867,.T.);
#4345=CARTESIAN_POINT('',(11.1506,-5.3086,-18.4912));
#4346=DIRECTION('',(0.0,0.0,-1.0));
#4347=DIRECTION('',(0.0,-1.0,0.0));
#4348=ORIENTED_EDGE('',*,*,#7939,.T.);
#4349=ORIENTED_EDGE('',*,*,#7881,.F.);
#4350=ORIENTED_EDGE('',*,*,#7940,.F.);
#4351=ORIENTED_EDGE('',*,*,#7868,.T.);
#4352=CARTESIAN_POINT('',(11.1506,-5.3086,-16.9164));
#4353=DIRECTION('',(0.0,1.0,-0.0));
#4354=DIRECTION('',(1.0,0.0,0.0));
#4355=ORIENTED_EDGE('',*,*,#7940,.T.);
#4356=ORIENTED_EDGE('',*,*,#7880,.F.);
#4357=ORIENTED_EDGE('',*,*,#7941,.F.);
#4358=ORIENTED_EDGE('',*,*,#7869,.T.);
#4359=CARTESIAN_POINT('',(9.5758,-5.3086,-12.6492));
#4360=DIRECTION('',(-1.0,0.0,0.0));
#4361=DIRECTION('',(0.0,0.0,1.0));
#4362=ORIENTED_EDGE('',*,*,#7941,.T.);
#4363=ORIENTED_EDGE('',*,*,#7879,.F.);
#4364=ORIENTED_EDGE('',*,*,#7942,.F.);
#4365=ORIENTED_EDGE('',*,*,#7870,.T.);
#4366=CARTESIAN_POINT('',(10.7823,-5.3086,-12.6492));
#4367=DIRECTION('',(0.0,0.0,1.0));
#4368=DIRECTION('',(1.0,0.0,0.0));
#4369=ORIENTED_EDGE('',*,*,#7943,.T.);
#4370=ORIENTED_EDGE('',*,*,#7871,.T.);
#4371=ORIENTED_EDGE('',*,*,#7942,.T.);
#4372=ORIENTED_EDGE('',*,*,#7878,.F.);
#4373=CARTESIAN_POINT('',(10.7823,-5.3086,-11.176));
#4374=DIRECTION('',(-1.0,0.0,0.0));
#4375=DIRECTION('',(0.0,0.0,1.0));
#4376=ORIENTED_EDGE('',*,*,#7872,.F.);
#4377=ORIENTED_EDGE('',*,*,#7943,.F.);
#4378=ORIENTED_EDGE('',*,*,#7877,.T.);
#4379=ORIENTED_EDGE('',*,*,#7875,.F.);
#4380=CARTESIAN_POINT('',(10.7823,-5.513878547677,-11.63112145232));
#4381=DIRECTION('',(0.0,0.707106781186548,-0.707106781186548));
#4382=DIRECTION('',(-1.0,0.0,0.0));
#4383=ORIENTED_EDGE('',*,*,#7944,.F.);
#4384=ORIENTED_EDGE('',*,*,#7857,.T.);
#4385=ORIENTED_EDGE('',*,*,#7945,.F.);
#4386=ORIENTED_EDGE('',*,*,#7897,.F.);
#4387=CARTESIAN_POINT('',(-10.7823,-5.3086,-12.6492));
#4388=DIRECTION('',(1.0,0.0,0.0));
#4389=DIRECTION('',(0.0,1.0,0.0));
#4390=ORIENTED_EDGE('',*,*,#7945,.T.);
#4391=ORIENTED_EDGE('',*,*,#7856,.F.);
#4392=ORIENTED_EDGE('',*,*,#7946,.F.);
#4393=ORIENTED_EDGE('',*,*,#7888,.T.);
#4394=CARTESIAN_POINT('',(-14.2113,-5.72516,-11.84240290465));
#4395=DIRECTION('',(0.0,0.707106781186548,-0.707106781186548));
#4396=DIRECTION('',(-1.0,0.0,0.0));
#4397=ORIENTED_EDGE('',*,*,#7946,.T.);
#4398=ORIENTED_EDGE('',*,*,#7855,.T.);
#4399=ORIENTED_EDGE('',*,*,#7947,.T.);
#4400=ORIENTED_EDGE('',*,*,#7889,.F.);
#4401=CARTESIAN_POINT('',(-14.2113,-5.3086,-11.176));
#4402=DIRECTION('',(-1.0,0.0,0.0));
#4403=DIRECTION('',(0.0,0.0,1.0));
#4404=ORIENTED_EDGE('',*,*,#7948,.T.);
#4405=ORIENTED_EDGE('',*,*,#7890,.F.);
#4406=ORIENTED_EDGE('',*,*,#7947,.F.);
#4407=ORIENTED_EDGE('',*,*,#7854,.T.);
#4408=CARTESIAN_POINT('',(-14.2113,-5.3086,-12.6492));
#4409=DIRECTION('',(0.0,0.0,1.0));
#4410=DIRECTION('',(1.0,0.0,0.0));
#4411=ORIENTED_EDGE('',*,*,#7949,.T.);
#4412=ORIENTED_EDGE('',*,*,#7891,.F.);
#4413=ORIENTED_EDGE('',*,*,#7948,.F.);
#4414=ORIENTED_EDGE('',*,*,#7853,.T.);
#4415=CARTESIAN_POINT('',(-15.4178,-5.3086,-12.6492));
#4416=DIRECTION('',(-1.0,0.0,0.0));
#4417=DIRECTION('',(0.0,0.0,1.0));
#4418=ORIENTED_EDGE('',*,*,#7950,.T.);
#4419=ORIENTED_EDGE('',*,*,#7892,.F.);
#4420=ORIENTED_EDGE('',*,*,#7949,.F.);
#4421=ORIENTED_EDGE('',*,*,#7852,.T.);
#4422=CARTESIAN_POINT('',(-13.843,-5.3086,-16.9164));
#4423=DIRECTION('',(0.0,1.0,-0.0));
#4424=DIRECTION('',(1.0,0.0,0.0));
#4425=ORIENTED_EDGE('',*,*,#7951,.T.);
#4426=ORIENTED_EDGE('',*,*,#7893,.F.);
#4427=ORIENTED_EDGE('',*,*,#7950,.F.);
#4428=ORIENTED_EDGE('',*,*,#7851,.T.);
#4429=CARTESIAN_POINT('',(-13.843,-5.3086,-18.4912));
#4430=DIRECTION('',(0.0,0.0,-1.0));
#4431=DIRECTION('',(0.0,-1.0,0.0));
#4432=ORIENTED_EDGE('',*,*,#7952,.T.);
#4433=ORIENTED_EDGE('',*,*,#7894,.F.);
#4434=ORIENTED_EDGE('',*,*,#7951,.F.);
#4435=ORIENTED_EDGE('',*,*,#7850,.T.);
#4436=CARTESIAN_POINT('',(-11.1506,-5.3086,-16.9164));
#4437=DIRECTION('',(0.0,1.0,-0.0));
#4438=DIRECTION('',(1.0,0.0,0.0));
#4439=ORIENTED_EDGE('',*,*,#7953,.T.);
#4440=ORIENTED_EDGE('',*,*,#7895,.F.);
#4441=ORIENTED_EDGE('',*,*,#7952,.F.);
#4442=ORIENTED_EDGE('',*,*,#7849,.T.);
#4443=CARTESIAN_POINT('',(-9.5758,-5.3086,-16.9164));
#4444=DIRECTION('',(1.0,0.0,0.0));
#4445=DIRECTION('',(0.0,1.0,0.0));
#4446=ORIENTED_EDGE('',*,*,#7944,.T.);
#4447=ORIENTED_EDGE('',*,*,#7896,.F.);
#4448=ORIENTED_EDGE('',*,*,#7953,.F.);
#4449=ORIENTED_EDGE('',*,*,#7848,.T.);
#4450=CARTESIAN_POINT('',(-9.5758,-5.3086,-12.6492));
#4451=DIRECTION('',(0.0,0.0,1.0));
#4452=DIRECTION('',(1.0,0.0,0.0));
#4453=ORIENTED_EDGE('',*,*,#7954,.T.);
#4454=ORIENTED_EDGE('',*,*,#7955,.F.);
#4455=ORIENTED_EDGE('',*,*,#7956,.F.);
#4456=ORIENTED_EDGE('',*,*,#7887,.T.);
#4457=CARTESIAN_POINT('',(12.4968,-5.72516,-15.4178));
#4458=DIRECTION('',(0.0,1.0,-0.0));
#4459=DIRECTION('',(1.0,0.0,0.0));
#4460=ORIENTED_EDGE('',*,*,#7956,.T.);
#4461=ORIENTED_EDGE('',*,*,#7957,.F.);
#4462=ORIENTED_EDGE('',*,*,#7954,.F.);
#4463=ORIENTED_EDGE('',*,*,#7886,.T.);
#4464=CARTESIAN_POINT('',(12.4968,-5.72516,-15.4178));
#4465=DIRECTION('',(0.0,1.0,-0.0));
#4466=DIRECTION('',(1.0,0.0,0.0));
#4467=ORIENTED_EDGE('',*,*,#7957,.T.);
#4468=ORIENTED_EDGE('',*,*,#7955,.T.);
#4469=ORIENTED_EDGE('',*,*,#7958,.T.);
#4470=ORIENTED_EDGE('',*,*,#7959,.T.);
#4471=CARTESIAN_POINT('',(-15.5194,-5.97916,0.0));
#4472=DIRECTION('',(0.0,-1.0,0.0));
#4473=DIRECTION('',(0.0,0.0,-1.0));
#4474=ORIENTED_EDGE('',*,*,#7960,.T.);
#4475=ORIENTED_EDGE('',*,*,#7961,.T.);
#4476=ORIENTED_EDGE('',*,*,#7962,.T.);
#4477=ORIENTED_EDGE('',*,*,#7963,.T.);
#4478=CARTESIAN_POINT('',(-15.5194,-5.97916,0.0));
#4479=DIRECTION('',(0.0,-1.0,0.0));
#4480=DIRECTION('',(0.0,0.0,-1.0));
#4481=ORIENTED_EDGE('',*,*,#7964,.T.);
#4482=ORIENTED_EDGE('',*,*,#7961,.F.);
#4483=ORIENTED_EDGE('',*,*,#7965,.F.);
#4484=ORIENTED_EDGE('',*,*,#7899,.T.);
#4485=CARTESIAN_POINT('',(-12.4968,-5.72516,-15.4178));
#4486=DIRECTION('',(0.0,1.0,-0.0));
#4487=DIRECTION('',(1.0,0.0,0.0));
#4488=ORIENTED_EDGE('',*,*,#7965,.T.);
#4489=ORIENTED_EDGE('',*,*,#7960,.F.);
#4490=ORIENTED_EDGE('',*,*,#7964,.F.);
#4491=ORIENTED_EDGE('',*,*,#7898,.T.);
#4492=CARTESIAN_POINT('',(-12.4968,-5.72516,-15.4178));
#4493=DIRECTION('',(0.0,1.0,-0.0));
#4494=DIRECTION('',(1.0,0.0,0.0));
#4495=ORIENTED_EDGE('',*,*,#7966,.T.);
#4496=ORIENTED_EDGE('',*,*,#7959,.F.);
#4497=ORIENTED_EDGE('',*,*,#7967,.F.);
#4498=ORIENTED_EDGE('',*,*,#7901,.F.);
#4499=CARTESIAN_POINT('',(12.4968,-5.72516,-15.4178));
#4500=DIRECTION('',(0.0,1.0,-0.0));
#4501=DIRECTION('',(1.0,0.0,0.0));
#4502=ORIENTED_EDGE('',*,*,#7967,.T.);
#4503=ORIENTED_EDGE('',*,*,#7958,.F.);
#4504=ORIENTED_EDGE('',*,*,#7966,.F.);
#4505=ORIENTED_EDGE('',*,*,#7900,.F.);
#4506=CARTESIAN_POINT('',(12.4968,-5.72516,-15.4178));
#4507=DIRECTION('',(0.0,1.0,-0.0));
#4508=DIRECTION('',(1.0,0.0,0.0));
#4509=ORIENTED_EDGE('',*,*,#7968,.T.);
#4510=ORIENTED_EDGE('',*,*,#7963,.F.);
#4511=ORIENTED_EDGE('',*,*,#7969,.F.);
#4512=ORIENTED_EDGE('',*,*,#7919,.F.);
#4513=CARTESIAN_POINT('',(-12.4968,-5.72516,-15.4178));
#4514=DIRECTION('',(0.0,1.0,-0.0));
#4515=DIRECTION('',(1.0,0.0,0.0));
#4516=ORIENTED_EDGE('',*,*,#7969,.T.);
#4517=ORIENTED_EDGE('',*,*,#7962,.F.);
#4518=ORIENTED_EDGE('',*,*,#7968,.F.);
#4519=ORIENTED_EDGE('',*,*,#7918,.F.);
#4520=CARTESIAN_POINT('',(-12.4968,-5.72516,-15.4178));
#4521=DIRECTION('',(0.0,1.0,-0.0));
#4522=DIRECTION('',(1.0,0.0,0.0));
#4523=ORIENTED_EDGE('',*,*,#7909,.T.);
#4524=ORIENTED_EDGE('',*,*,#7970,.F.);
#4525=ORIENTED_EDGE('',*,*,#7971,.F.);
#4526=ORIENTED_EDGE('',*,*,#7972,.F.);
#4527=ORIENTED_EDGE('',*,*,#7433,.F.);
#4528=ORIENTED_EDGE('',*,*,#7973,.F.);
#4529=ORIENTED_EDGE('',*,*,#7974,.F.);
#4530=ORIENTED_EDGE('',*,*,#7975,.F.);
#4531=ORIENTED_EDGE('',*,*,#7976,.F.);
#4532=ORIENTED_EDGE('',*,*,#7977,.F.);
#4533=ORIENTED_EDGE('',*,*,#7978,.F.);
#4534=ORIENTED_EDGE('',*,*,#7431,.F.);
#4535=ORIENTED_EDGE('',*,*,#7979,.F.);
#4536=ORIENTED_EDGE('',*,*,#7980,.F.);
#4537=ORIENTED_EDGE('',*,*,#7981,.F.);
#4538=CARTESIAN_POINT('',(12.4968,0.0,-16.129));
#4539=DIRECTION('',(0.0,0.0,1.0));
#4540=DIRECTION('',(1.0,0.0,0.0));
#4541=ORIENTED_EDGE('',*,*,#7905,.T.);
#4542=ORIENTED_EDGE('',*,*,#7982,.F.);
#4543=ORIENTED_EDGE('',*,*,#7983,.F.);
#4544=ORIENTED_EDGE('',*,*,#7984,.F.);
#4545=ORIENTED_EDGE('',*,*,#7421,.F.);
#4546=ORIENTED_EDGE('',*,*,#7985,.F.);
#4547=ORIENTED_EDGE('',*,*,#7986,.F.);
#4548=ORIENTED_EDGE('',*,*,#7987,.F.);
#4549=ORIENTED_EDGE('',*,*,#7988,.F.);
#4550=ORIENTED_EDGE('',*,*,#7989,.F.);
#4551=ORIENTED_EDGE('',*,*,#7990,.F.);
#4552=ORIENTED_EDGE('',*,*,#7427,.F.);
#4553=ORIENTED_EDGE('',*,*,#7991,.F.);
#4554=ORIENTED_EDGE('',*,*,#7992,.F.);
#4555=ORIENTED_EDGE('',*,*,#7993,.F.);
#4556=CARTESIAN_POINT('',(12.4968,0.0,-16.129));
#4557=DIRECTION('',(0.0,0.0,1.0));
#4558=DIRECTION('',(1.0,0.0,0.0));
#4559=ORIENTED_EDGE('',*,*,#7923,.T.);
#4560=ORIENTED_EDGE('',*,*,#7994,.F.);
#4561=ORIENTED_EDGE('',*,*,#7995,.F.);
#4562=ORIENTED_EDGE('',*,*,#7996,.F.);
#4563=ORIENTED_EDGE('',*,*,#7413,.F.);
#4564=ORIENTED_EDGE('',*,*,#7997,.F.);
#4565=ORIENTED_EDGE('',*,*,#7998,.F.);
#4566=ORIENTED_EDGE('',*,*,#7999,.F.);
#4567=ORIENTED_EDGE('',*,*,#8000,.F.);
#4568=ORIENTED_EDGE('',*,*,#8001,.F.);
#4569=ORIENTED_EDGE('',*,*,#8002,.F.);
#4570=ORIENTED_EDGE('',*,*,#7419,.F.);
#4571=ORIENTED_EDGE('',*,*,#8003,.F.);
#4572=ORIENTED_EDGE('',*,*,#8004,.F.);
#4573=ORIENTED_EDGE('',*,*,#8005,.F.);
#4574=CARTESIAN_POINT('',(12.4968,0.0,-16.129));
#4575=DIRECTION('',(0.0,0.0,1.0));
#4576=DIRECTION('',(1.0,0.0,0.0));
#4577=ORIENTED_EDGE('',*,*,#7927,.T.);
#4578=ORIENTED_EDGE('',*,*,#8006,.F.);
#4579=ORIENTED_EDGE('',*,*,#8007,.F.);
#4580=ORIENTED_EDGE('',*,*,#8008,.F.);
#4581=ORIENTED_EDGE('',*,*,#7405,.F.);
#4582=ORIENTED_EDGE('',*,*,#8009,.F.);
#4583=ORIENTED_EDGE('',*,*,#8010,.F.);
#4584=ORIENTED_EDGE('',*,*,#8011,.F.);
#4585=ORIENTED_EDGE('',*,*,#8012,.F.);
#4586=ORIENTED_EDGE('',*,*,#8013,.F.);
#4587=ORIENTED_EDGE('',*,*,#8014,.F.);
#4588=ORIENTED_EDGE('',*,*,#7411,.F.);
#4589=ORIENTED_EDGE('',*,*,#8015,.F.);
#4590=ORIENTED_EDGE('',*,*,#8016,.F.);
#4591=ORIENTED_EDGE('',*,*,#8017,.F.);
#4592=CARTESIAN_POINT('',(12.4968,0.0,-16.129));
#4593=DIRECTION('',(0.0,0.0,1.0));
#4594=DIRECTION('',(1.0,0.0,0.0));
#4595=ORIENTED_EDGE('',*,*,#8018,.T.);
#4596=ORIENTED_EDGE('',*,*,#8019,.F.);
#4597=ORIENTED_EDGE('',*,*,#7906,.F.);
#4598=ORIENTED_EDGE('',*,*,#7981,.T.);
#4599=CARTESIAN_POINT('',(13.51026,-5.72516,-16.129));
#4600=DIRECTION('',(-1.0,0.0,0.0));
#4601=DIRECTION('',(0.0,0.0,1.0));
#4602=ORIENTED_EDGE('',*,*,#8020,.T.);
#4603=ORIENTED_EDGE('',*,*,#8021,.T.);
#4604=ORIENTED_EDGE('',*,*,#7429,.T.);
#4605=ORIENTED_EDGE('',*,*,#8022,.T.);
#4606=ORIENTED_EDGE('',*,*,#8023,.T.);
#4607=ORIENTED_EDGE('',*,*,#8024,.T.);
#4608=ORIENTED_EDGE('',*,*,#8025,.T.);
#4609=ORIENTED_EDGE('',*,*,#8026,.T.);
#4610=ORIENTED_EDGE('',*,*,#8027,.T.);
#4611=ORIENTED_EDGE('',*,*,#7435,.T.);
#4612=ORIENTED_EDGE('',*,*,#8028,.T.);
#4613=ORIENTED_EDGE('',*,*,#8029,.T.);
#4614=ORIENTED_EDGE('',*,*,#8030,.T.);
#4615=ORIENTED_EDGE('',*,*,#7907,.F.);
#4616=ORIENTED_EDGE('',*,*,#8019,.T.);
#4617=CARTESIAN_POINT('',(12.4968,0.0,-14.7066));
#4618=DIRECTION('',(0.0,0.0,1.0));
#4619=DIRECTION('',(1.0,0.0,0.0));
#4620=ORIENTED_EDGE('',*,*,#8031,.T.);
#4621=ORIENTED_EDGE('',*,*,#8032,.T.);
#4622=ORIENTED_EDGE('',*,*,#7425,.T.);
#4623=ORIENTED_EDGE('',*,*,#8033,.T.);
#4624=ORIENTED_EDGE('',*,*,#8034,.T.);
#4625=ORIENTED_EDGE('',*,*,#8035,.T.);
#4626=ORIENTED_EDGE('',*,*,#8036,.T.);
#4627=ORIENTED_EDGE('',*,*,#8037,.T.);
#4628=ORIENTED_EDGE('',*,*,#8038,.T.);
#4629=ORIENTED_EDGE('',*,*,#7423,.T.);
#4630=ORIENTED_EDGE('',*,*,#8039,.T.);
#4631=ORIENTED_EDGE('',*,*,#8040,.T.);
#4632=ORIENTED_EDGE('',*,*,#8041,.T.);
#4633=ORIENTED_EDGE('',*,*,#7903,.F.);
#4634=ORIENTED_EDGE('',*,*,#8042,.T.);
#4635=CARTESIAN_POINT('',(12.4968,0.0,-14.7066));
#4636=DIRECTION('',(0.0,0.0,1.0));
#4637=DIRECTION('',(1.0,0.0,0.0));
#4638=ORIENTED_EDGE('',*,*,#8043,.T.);
#4639=ORIENTED_EDGE('',*,*,#8044,.T.);
#4640=ORIENTED_EDGE('',*,*,#7417,.T.);
#4641=ORIENTED_EDGE('',*,*,#8045,.T.);
#4642=ORIENTED_EDGE('',*,*,#8046,.T.);
#4643=ORIENTED_EDGE('',*,*,#8047,.T.);
#4644=ORIENTED_EDGE('',*,*,#8048,.T.);
#4645=ORIENTED_EDGE('',*,*,#8049,.T.);
#4646=ORIENTED_EDGE('',*,*,#8050,.T.);
#4647=ORIENTED_EDGE('',*,*,#7415,.T.);
#4648=ORIENTED_EDGE('',*,*,#8051,.T.);
#4649=ORIENTED_EDGE('',*,*,#8052,.T.);
#4650=ORIENTED_EDGE('',*,*,#8053,.T.);
#4651=ORIENTED_EDGE('',*,*,#7921,.F.);
#4652=ORIENTED_EDGE('',*,*,#8054,.T.);
#4653=CARTESIAN_POINT('',(12.4968,0.0,-14.7066));
#4654=DIRECTION('',(0.0,0.0,1.0));
#4655=DIRECTION('',(1.0,0.0,0.0));
#4656=ORIENTED_EDGE('',*,*,#8055,.T.);
#4657=ORIENTED_EDGE('',*,*,#8056,.T.);
#4658=ORIENTED_EDGE('',*,*,#7409,.T.);
#4659=ORIENTED_EDGE('',*,*,#8057,.T.);
#4660=ORIENTED_EDGE('',*,*,#8058,.T.);
#4661=ORIENTED_EDGE('',*,*,#8059,.T.);
#4662=ORIENTED_EDGE('',*,*,#8060,.T.);
#4663=ORIENTED_EDGE('',*,*,#8061,.T.);
#4664=ORIENTED_EDGE('',*,*,#8062,.T.);
#4665=ORIENTED_EDGE('',*,*,#7407,.T.);
#4666=ORIENTED_EDGE('',*,*,#8063,.T.);
#4667=ORIENTED_EDGE('',*,*,#8064,.T.);
#4668=ORIENTED_EDGE('',*,*,#8065,.T.);
#4669=ORIENTED_EDGE('',*,*,#7925,.F.);
#4670=ORIENTED_EDGE('',*,*,#8066,.T.);
#4671=CARTESIAN_POINT('',(12.4968,0.0,-14.7066));
#4672=DIRECTION('',(0.0,0.0,1.0));
#4673=DIRECTION('',(1.0,0.0,0.0));
#4674=ORIENTED_EDGE('',*,*,#7908,.T.);
#4675=ORIENTED_EDGE('',*,*,#8030,.F.);
#4676=ORIENTED_EDGE('',*,*,#8067,.F.);
#4677=ORIENTED_EDGE('',*,*,#7970,.T.);
#4678=CARTESIAN_POINT('',(13.8303,-7.07136,-16.129));
#4679=DIRECTION('',(1.0,0.0,0.0));
#4680=DIRECTION('',(0.0,1.0,0.0));
#4681=ORIENTED_EDGE('',*,*,#8067,.T.);
#4682=ORIENTED_EDGE('',*,*,#8029,.F.);
#4683=ORIENTED_EDGE('',*,*,#8068,.F.);
#4684=ORIENTED_EDGE('',*,*,#7971,.T.);
#4685=CARTESIAN_POINT('',(13.9827,-7.07136,-16.129));
#4686=DIRECTION('',(0.0,0.0,-1.0));
#4687=DIRECTION('',(1.0,0.0,0.0));
#4688=ORIENTED_EDGE('',*,*,#8068,.T.);
#4689=ORIENTED_EDGE('',*,*,#8028,.F.);
#4690=ORIENTED_EDGE('',*,*,#7434,.F.);
#4691=ORIENTED_EDGE('',*,*,#7972,.T.);
#4692=CARTESIAN_POINT('',(14.206007705,-7.423044103833,-16.129));
#4693=DIRECTION('',(0.589582096451311,0.807708457021515,0.0));
#4694=DIRECTION('',(0.0,0.0,-1.0));
#4695=ORIENTED_EDGE('',*,*,#7432,.T.);
#4696=ORIENTED_EDGE('',*,*,#8027,.F.);
#4697=ORIENTED_EDGE('',*,*,#8069,.F.);
#4698=ORIENTED_EDGE('',*,*,#7973,.T.);
#4699=CARTESIAN_POINT('',(13.9065,-7.83336,-16.129));
#4700=DIRECTION('',(0.0,0.0,-1.0));
#4701=DIRECTION('',(1.0,0.0,0.0));
#4702=ORIENTED_EDGE('',*,*,#8069,.T.);
#4703=ORIENTED_EDGE('',*,*,#8026,.F.);
#4704=ORIENTED_EDGE('',*,*,#8070,.F.);
#4705=ORIENTED_EDGE('',*,*,#7974,.T.);
#4706=CARTESIAN_POINT('',(13.48343653832,-9.53516,-16.129));
#4707=DIRECTION('',(0.858959896930661,-0.512042864870577,0.0));
#4708=DIRECTION('',(0.0,0.0,-1.0));
#4709=ORIENTED_EDGE('',*,*,#8070,.T.);
#4710=ORIENTED_EDGE('',*,*,#8025,.F.);
#4711=ORIENTED_EDGE('',*,*,#8071,.F.);
#4712=ORIENTED_EDGE('',*,*,#7975,.T.);
#4713=CARTESIAN_POINT('',(13.37434863141,-9.470130556161,-16.129));
#4714=DIRECTION('',(-0.512042864870577,-0.858959896930661,0.0));
#4715=DIRECTION('',(-0.858959896930661,0.512042864870577,0.0));
#4716=ORIENTED_EDGE('',*,*,#8071,.T.);
#4717=ORIENTED_EDGE('',*,*,#8024,.F.);
#4718=ORIENTED_EDGE('',*,*,#8072,.F.);
#4719=ORIENTED_EDGE('',*,*,#7976,.T.);
#4720=CARTESIAN_POINT('',(13.37973915,-9.084088189692,-16.129));
#4721=DIRECTION('',(-0.999902524009304,0.0139621803391501,0.0));
#4722=DIRECTION('',(0.0,0.0,1.0));
#4723=ORIENTED_EDGE('',*,*,#8072,.T.);
#4724=ORIENTED_EDGE('',*,*,#8023,.F.);
#4725=ORIENTED_EDGE('',*,*,#8073,.F.);
#4726=ORIENTED_EDGE('',*,*,#7977,.T.);
#4727=CARTESIAN_POINT('',(14.06795010223,-7.929603576881,-16.129));
#4728=DIRECTION('',(-0.858959896930661,0.512042864870577,0.0));
#4729=DIRECTION('',(0.0,0.0,1.0));
#4730=ORIENTED_EDGE('',*,*,#7428,.T.);
#4731=ORIENTED_EDGE('',*,*,#7978,.T.);
#4732=ORIENTED_EDGE('',*,*,#8073,.T.);
#4733=ORIENTED_EDGE('',*,*,#8022,.F.);
#4734=CARTESIAN_POINT('',(13.9065,-7.83336,-16.129));
#4735=DIRECTION('',(0.0,0.0,-1.0));
#4736=DIRECTION('',(1.0,0.0,0.0));
#4737=ORIENTED_EDGE('',*,*,#7430,.T.);
#4738=ORIENTED_EDGE('',*,*,#8021,.F.);
#4739=ORIENTED_EDGE('',*,*,#8074,.F.);
#4740=ORIENTED_EDGE('',*,*,#7979,.T.);
#4741=CARTESIAN_POINT('',(13.70415783435,-7.452953783435,-16.129));
#4742=DIRECTION('',(-0.589582096451311,-0.807708457021515,0.0));
#4743=DIRECTION('',(-0.807708457021515,0.589582096451311,0.0));
#4744=ORIENTED_EDGE('',*,*,#8074,.T.);
#4745=ORIENTED_EDGE('',*,*,#8020,.F.);
#4746=ORIENTED_EDGE('',*,*,#8018,.F.);
#4747=ORIENTED_EDGE('',*,*,#7980,.T.);
#4748=CARTESIAN_POINT('',(13.9827,-7.07136,-16.129));
#4749=DIRECTION('',(0.0,0.0,-1.0));
#4750=DIRECTION('',(1.0,0.0,0.0));
#4751=ORIENTED_EDGE('',*,*,#8075,.T.);
#4752=ORIENTED_EDGE('',*,*,#8042,.F.);
#4753=ORIENTED_EDGE('',*,*,#7902,.F.);
#4754=ORIENTED_EDGE('',*,*,#7993,.T.);
#4755=CARTESIAN_POINT('',(11.1633,-5.72516,-16.129));
#4756=DIRECTION('',(-1.0,0.0,0.0));
#4757=DIRECTION('',(0.0,0.0,1.0));
#4758=ORIENTED_EDGE('',*,*,#8076,.T.);
#4759=ORIENTED_EDGE('',*,*,#8031,.F.);
#4760=ORIENTED_EDGE('',*,*,#8075,.F.);
#4761=ORIENTED_EDGE('',*,*,#7992,.T.);
#4762=CARTESIAN_POINT('',(11.0109,-7.07136,-16.129));
#4763=DIRECTION('',(0.0,0.0,-1.0));
#4764=DIRECTION('',(1.0,0.0,0.0));
#4765=ORIENTED_EDGE('',*,*,#7426,.T.);
#4766=ORIENTED_EDGE('',*,*,#8032,.F.);
#4767=ORIENTED_EDGE('',*,*,#8076,.F.);
#4768=ORIENTED_EDGE('',*,*,#7991,.T.);
#4769=CARTESIAN_POINT('',(11.1007523115,-7.19445476885,-16.129));
#4770=DIRECTION('',(-0.589582096451311,0.807708457021515,0.0));
#4771=DIRECTION('',(0.0,0.0,1.0));
#4772=ORIENTED_EDGE('',*,*,#7424,.T.);
#4773=ORIENTED_EDGE('',*,*,#7990,.T.);
#4774=ORIENTED_EDGE('',*,*,#8077,.T.);
#4775=ORIENTED_EDGE('',*,*,#8033,.F.);
#4776=CARTESIAN_POINT('',(11.0871,-7.83336,-16.129));
#4777=DIRECTION('',(0.0,0.0,-1.0));
#4778=DIRECTION('',(1.0,0.0,0.0));
#4779=ORIENTED_EDGE('',*,*,#8078,.T.);
#4780=ORIENTED_EDGE('',*,*,#8034,.F.);
#4781=ORIENTED_EDGE('',*,*,#8077,.F.);
#4782=ORIENTED_EDGE('',*,*,#7989,.T.);
#4783=CARTESIAN_POINT('',(10.65074837236,-8.093477775354,-16.129));
#4784=DIRECTION('',(-0.858959896930661,-0.512042864870577,0.0));
#4785=DIRECTION('',(-0.512042864870577,0.858959896930661,0.0));
#4786=ORIENTED_EDGE('',*,*,#8079,.T.);
#4787=ORIENTED_EDGE('',*,*,#8035,.F.);
#4788=ORIENTED_EDGE('',*,*,#8078,.F.);
#4789=ORIENTED_EDGE('',*,*,#7988,.T.);
#4790=CARTESIAN_POINT('',(11.51016346168,-9.53516,-16.129));
#4791=DIRECTION('',(0.512042864870577,-0.858959896930661,0.0));
#4792=DIRECTION('',(0.0,0.0,-1.0));
#4793=ORIENTED_EDGE('',*,*,#8080,.T.);
#4794=ORIENTED_EDGE('',*,*,#8036,.F.);
#4795=ORIENTED_EDGE('',*,*,#8079,.F.);
#4796=ORIENTED_EDGE('',*,*,#7987,.T.);
#4797=CARTESIAN_POINT('',(11.61925136859,-9.470130556161,-16.129));
#4798=DIRECTION('',(0.999902524009304,0.0139621803391501,0.0));
#4799=DIRECTION('',(0.0,0.0,-1.0));
#4800=ORIENTED_EDGE('',*,*,#8081,.T.);
#4801=ORIENTED_EDGE('',*,*,#8037,.F.);
#4802=ORIENTED_EDGE('',*,*,#8080,.F.);
#4803=ORIENTED_EDGE('',*,*,#7986,.T.);
#4804=CARTESIAN_POINT('',(11.61386085,-9.084088189692,-16.129));
#4805=DIRECTION('',(0.858959896930661,0.512042864870577,0.0));
#4806=DIRECTION('',(0.0,0.0,-1.0));
#4807=ORIENTED_EDGE('',*,*,#7420,.T.);
#4808=ORIENTED_EDGE('',*,*,#8038,.F.);
#4809=ORIENTED_EDGE('',*,*,#8081,.F.);
#4810=ORIENTED_EDGE('',*,*,#7985,.T.);
#4811=CARTESIAN_POINT('',(11.0871,-7.83336,-16.129));
#4812=DIRECTION('',(0.0,0.0,-1.0));
#4813=DIRECTION('',(1.0,0.0,0.0));
#4814=ORIENTED_EDGE('',*,*,#8082,.T.);
#4815=ORIENTED_EDGE('',*,*,#8039,.F.);
#4816=ORIENTED_EDGE('',*,*,#7422,.F.);
#4817=ORIENTED_EDGE('',*,*,#7984,.T.);
#4818=CARTESIAN_POINT('',(10.97628214915,-7.681543118418,-16.129));
#4819=DIRECTION('',(0.589582096451311,-0.807708457021515,0.0));
#4820=DIRECTION('',(0.0,0.0,-1.0));
#4821=ORIENTED_EDGE('',*,*,#8083,.T.);
#4822=ORIENTED_EDGE('',*,*,#8040,.F.);
#4823=ORIENTED_EDGE('',*,*,#8082,.F.);
#4824=ORIENTED_EDGE('',*,*,#7983,.T.);
#4825=CARTESIAN_POINT('',(11.0109,-7.07136,-16.129));
#4826=DIRECTION('',(0.0,0.0,-1.0));
#4827=DIRECTION('',(1.0,0.0,0.0));
#4828=ORIENTED_EDGE('',*,*,#7904,.T.);
#4829=ORIENTED_EDGE('',*,*,#8041,.F.);
#4830=ORIENTED_EDGE('',*,*,#8083,.F.);
#4831=ORIENTED_EDGE('',*,*,#7982,.T.);
#4832=CARTESIAN_POINT('',(11.48334,-7.07136,-16.129));
#4833=DIRECTION('',(1.0,0.0,0.0));
#4834=DIRECTION('',(0.0,1.0,0.0));
#4835=ORIENTED_EDGE('',*,*,#8084,.T.);
#4836=ORIENTED_EDGE('',*,*,#8054,.F.);
#4837=ORIENTED_EDGE('',*,*,#7920,.F.);
#4838=ORIENTED_EDGE('',*,*,#8005,.T.);
#4839=CARTESIAN_POINT('',(-13.8303,-5.72516,-16.129));
#4840=DIRECTION('',(-1.0,0.0,0.0));
#4841=DIRECTION('',(0.0,0.0,1.0));
#4842=ORIENTED_EDGE('',*,*,#8085,.T.);
#4843=ORIENTED_EDGE('',*,*,#8043,.F.);
#4844=ORIENTED_EDGE('',*,*,#8084,.F.);
#4845=ORIENTED_EDGE('',*,*,#8004,.T.);
#4846=CARTESIAN_POINT('',(-13.9827,-7.07136,-16.129));
#4847=DIRECTION('',(0.0,0.0,-1.0));
#4848=DIRECTION('',(1.0,0.0,0.0));
#4849=ORIENTED_EDGE('',*,*,#7418,.T.);
#4850=ORIENTED_EDGE('',*,*,#8044,.F.);
#4851=ORIENTED_EDGE('',*,*,#8085,.F.);
#4852=ORIENTED_EDGE('',*,*,#8003,.T.);
#4853=CARTESIAN_POINT('',(-13.8928476885,-7.19445476885,-16.129));
#4854=DIRECTION('',(-0.589582096451311,0.807708457021515,0.0));
#4855=DIRECTION('',(0.0,0.0,1.0));
#4856=ORIENTED_EDGE('',*,*,#7416,.T.);
#4857=ORIENTED_EDGE('',*,*,#8002,.T.);
#4858=ORIENTED_EDGE('',*,*,#8086,.T.);
#4859=ORIENTED_EDGE('',*,*,#8045,.F.);
#4860=CARTESIAN_POINT('',(-13.9065,-7.83336,-16.129));
#4861=DIRECTION('',(0.0,0.0,-1.0));
#4862=DIRECTION('',(1.0,0.0,0.0));
#4863=ORIENTED_EDGE('',*,*,#8087,.T.);
#4864=ORIENTED_EDGE('',*,*,#8046,.F.);
#4865=ORIENTED_EDGE('',*,*,#8086,.F.);
#4866=ORIENTED_EDGE('',*,*,#8001,.T.);
#4867=CARTESIAN_POINT('',(-14.34285162764,-8.093477775354,-16.129));
#4868=DIRECTION('',(-0.858959896930661,-0.512042864870577,0.0));
#4869=DIRECTION('',(-0.512042864870577,0.858959896930661,0.0));
#4870=ORIENTED_EDGE('',*,*,#8088,.T.);
#4871=ORIENTED_EDGE('',*,*,#8047,.F.);
#4872=ORIENTED_EDGE('',*,*,#8087,.F.);
#4873=ORIENTED_EDGE('',*,*,#8000,.T.);
#4874=CARTESIAN_POINT('',(-13.48343653832,-9.53516,-16.129));
#4875=DIRECTION('',(0.512042864870577,-0.858959896930661,0.0));
#4876=DIRECTION('',(0.0,0.0,-1.0));
#4877=ORIENTED_EDGE('',*,*,#8089,.T.);
#4878=ORIENTED_EDGE('',*,*,#8048,.F.);
#4879=ORIENTED_EDGE('',*,*,#8088,.F.);
#4880=ORIENTED_EDGE('',*,*,#7999,.T.);
#4881=CARTESIAN_POINT('',(-13.37434863141,-9.470130556161,-16.129));
#4882=DIRECTION('',(0.999902524009304,0.0139621803391301,0.0));
#4883=DIRECTION('',(0.0,0.0,-1.0));
#4884=ORIENTED_EDGE('',*,*,#8090,.T.);
#4885=ORIENTED_EDGE('',*,*,#8049,.F.);
#4886=ORIENTED_EDGE('',*,*,#8089,.F.);
#4887=ORIENTED_EDGE('',*,*,#7998,.T.);
#4888=CARTESIAN_POINT('',(-13.37973915,-9.084088189692,-16.129));
#4889=DIRECTION('',(0.858959896930661,0.512042864870577,0.0));
#4890=DIRECTION('',(0.0,0.0,-1.0));
#4891=ORIENTED_EDGE('',*,*,#7412,.T.);
#4892=ORIENTED_EDGE('',*,*,#8050,.F.);
#4893=ORIENTED_EDGE('',*,*,#8090,.F.);
#4894=ORIENTED_EDGE('',*,*,#7997,.T.);
#4895=CARTESIAN_POINT('',(-13.9065,-7.83336,-16.129));
#4896=DIRECTION('',(0.0,0.0,-1.0));
#4897=DIRECTION('',(1.0,0.0,0.0));
#4898=ORIENTED_EDGE('',*,*,#8091,.T.);
#4899=ORIENTED_EDGE('',*,*,#8051,.F.);
#4900=ORIENTED_EDGE('',*,*,#7414,.F.);
#4901=ORIENTED_EDGE('',*,*,#7996,.T.);
#4902=CARTESIAN_POINT('',(-14.01731785085,-7.681543118418,-16.129));
#4903=DIRECTION('',(0.589582096451311,-0.807708457021515,0.0));
#4904=DIRECTION('',(0.0,0.0,-1.0));
#4905=ORIENTED_EDGE('',*,*,#8092,.T.);
#4906=ORIENTED_EDGE('',*,*,#8052,.F.);
#4907=ORIENTED_EDGE('',*,*,#8091,.F.);
#4908=ORIENTED_EDGE('',*,*,#7995,.T.);
#4909=CARTESIAN_POINT('',(-13.9827,-7.07136,-16.129));
#4910=DIRECTION('',(0.0,0.0,-1.0));
#4911=DIRECTION('',(1.0,0.0,0.0));
#4912=ORIENTED_EDGE('',*,*,#7922,.T.);
#4913=ORIENTED_EDGE('',*,*,#8053,.F.);
#4914=ORIENTED_EDGE('',*,*,#8092,.F.);
#4915=ORIENTED_EDGE('',*,*,#7994,.T.);
#4916=CARTESIAN_POINT('',(-13.51026,-7.07136,-16.129));
#4917=DIRECTION('',(1.0,0.0,0.0));
#4918=DIRECTION('',(0.0,1.0,0.0));
#4919=ORIENTED_EDGE('',*,*,#8093,.T.);
#4920=ORIENTED_EDGE('',*,*,#8066,.F.);
#4921=ORIENTED_EDGE('',*,*,#7924,.F.);
#4922=ORIENTED_EDGE('',*,*,#8017,.T.);
#4923=CARTESIAN_POINT('',(-11.48334,-5.72516,-16.129));
#4924=DIRECTION('',(-1.0,0.0,0.0));
#4925=DIRECTION('',(0.0,0.0,1.0));
#4926=ORIENTED_EDGE('',*,*,#8094,.T.);
#4927=ORIENTED_EDGE('',*,*,#8055,.F.);
#4928=ORIENTED_EDGE('',*,*,#8093,.F.);
#4929=ORIENTED_EDGE('',*,*,#8016,.T.);
#4930=CARTESIAN_POINT('',(-11.0109,-7.07136,-16.129));
#4931=DIRECTION('',(0.0,0.0,-1.0));
#4932=DIRECTION('',(1.0,0.0,0.0));
#4933=ORIENTED_EDGE('',*,*,#7410,.T.);
#4934=ORIENTED_EDGE('',*,*,#8056,.F.);
#4935=ORIENTED_EDGE('',*,*,#8094,.F.);
#4936=ORIENTED_EDGE('',*,*,#8015,.T.);
#4937=CARTESIAN_POINT('',(-11.28944216565,-7.452953783435,-16.129));
#4938=DIRECTION('',(-0.589582096451311,-0.807708457021515,0.0));
#4939=DIRECTION('',(-0.807708457021515,0.589582096451311,0.0));
#4940=ORIENTED_EDGE('',*,*,#7408,.T.);
#4941=ORIENTED_EDGE('',*,*,#8014,.T.);
#4942=ORIENTED_EDGE('',*,*,#8095,.T.);
#4943=ORIENTED_EDGE('',*,*,#8057,.F.);
#4944=CARTESIAN_POINT('',(-11.0871,-7.83336,-16.129));
#4945=DIRECTION('',(0.0,0.0,-1.0));
#4946=DIRECTION('',(1.0,0.0,0.0));
#4947=ORIENTED_EDGE('',*,*,#8096,.T.);
#4948=ORIENTED_EDGE('',*,*,#8058,.F.);
#4949=ORIENTED_EDGE('',*,*,#8095,.F.);
#4950=ORIENTED_EDGE('',*,*,#8013,.T.);
#4951=CARTESIAN_POINT('',(-10.92564989777,-7.929603576881,-16.129));
#4952=DIRECTION('',(-0.858959896930661,0.512042864870577,0.0));
#4953=DIRECTION('',(0.0,0.0,1.0));
#4954=ORIENTED_EDGE('',*,*,#8097,.T.);
#4955=ORIENTED_EDGE('',*,*,#8059,.F.);
#4956=ORIENTED_EDGE('',*,*,#8096,.F.);
#4957=ORIENTED_EDGE('',*,*,#8012,.T.);
#4958=CARTESIAN_POINT('',(-11.61386085,-9.084088189692,-16.129));
#4959=DIRECTION('',(-0.999902524009304,0.0139621803391401,0.0));
#4960=DIRECTION('',(0.0,0.0,1.0));
#4961=ORIENTED_EDGE('',*,*,#8098,.T.);
#4962=ORIENTED_EDGE('',*,*,#8060,.F.);
#4963=ORIENTED_EDGE('',*,*,#8097,.F.);
#4964=ORIENTED_EDGE('',*,*,#8011,.T.);
#4965=CARTESIAN_POINT('',(-11.61925136859,-9.470130556161,-16.129));
#4966=DIRECTION('',(-0.512042864870577,-0.858959896930661,0.0));
#4967=DIRECTION('',(-0.858959896930661,0.512042864870577,0.0));
#4968=ORIENTED_EDGE('',*,*,#8099,.T.);
#4969=ORIENTED_EDGE('',*,*,#8061,.F.);
#4970=ORIENTED_EDGE('',*,*,#8098,.F.);
#4971=ORIENTED_EDGE('',*,*,#8010,.T.);
#4972=CARTESIAN_POINT('',(-11.51016346168,-9.53516,-16.129));
#4973=DIRECTION('',(0.858959896930661,-0.512042864870577,0.0));
#4974=DIRECTION('',(0.0,0.0,-1.0));
#4975=ORIENTED_EDGE('',*,*,#7404,.T.);
#4976=ORIENTED_EDGE('',*,*,#8062,.F.);
#4977=ORIENTED_EDGE('',*,*,#8099,.F.);
#4978=ORIENTED_EDGE('',*,*,#8009,.T.);
#4979=CARTESIAN_POINT('',(-11.0871,-7.83336,-16.129));
#4980=DIRECTION('',(0.0,0.0,-1.0));
#4981=DIRECTION('',(1.0,0.0,0.0));
#4982=ORIENTED_EDGE('',*,*,#8100,.T.);
#4983=ORIENTED_EDGE('',*,*,#8063,.F.);
#4984=ORIENTED_EDGE('',*,*,#7406,.F.);
#4985=ORIENTED_EDGE('',*,*,#8008,.T.);
#4986=CARTESIAN_POINT('',(-10.787592295,-7.423044103833,-16.129));
#4987=DIRECTION('',(0.589582096451311,0.807708457021515,0.0));
#4988=DIRECTION('',(0.0,0.0,-1.0));
#4989=ORIENTED_EDGE('',*,*,#8101,.T.);
#4990=ORIENTED_EDGE('',*,*,#8064,.F.);
#4991=ORIENTED_EDGE('',*,*,#8100,.F.);
#4992=ORIENTED_EDGE('',*,*,#8007,.T.);
#4993=CARTESIAN_POINT('',(-11.0109,-7.07136,-16.129));
#4994=DIRECTION('',(0.0,0.0,-1.0));
#4995=DIRECTION('',(1.0,0.0,0.0));
#4996=ORIENTED_EDGE('',*,*,#7926,.T.);
#4997=ORIENTED_EDGE('',*,*,#8065,.F.);
#4998=ORIENTED_EDGE('',*,*,#8101,.F.);
#4999=ORIENTED_EDGE('',*,*,#8006,.T.);
#5000=CARTESIAN_POINT('',(-11.1633,-7.07136,-16.129));
#5001=DIRECTION('',(1.0,0.0,0.0));
#5002=DIRECTION('',(0.0,1.0,0.0));
#5003=ORIENTED_EDGE('',*,*,#8102,.F.);
#5004=ORIENTED_EDGE('',*,*,#8103,.F.);
#5005=ORIENTED_EDGE('',*,*,#7401,.F.);
#5006=ORIENTED_EDGE('',*,*,#8104,.F.);
#5007=ORIENTED_EDGE('',*,*,#8105,.F.);
#5008=ORIENTED_EDGE('',*,*,#8106,.F.);
#5009=ORIENTED_EDGE('',*,*,#8107,.F.);
#5010=ORIENTED_EDGE('',*,*,#8108,.F.);
#5011=ORIENTED_EDGE('',*,*,#8109,.F.);
#5012=ORIENTED_EDGE('',*,*,#7399,.F.);
#5013=ORIENTED_EDGE('',*,*,#8110,.F.);
#5014=ORIENTED_EDGE('',*,*,#8111,.F.);
#5015=ORIENTED_EDGE('',*,*,#8112,.F.);
#5016=ORIENTED_EDGE('',*,*,#7917,.T.);
#5017=ORIENTED_EDGE('',*,*,#8113,.F.);
#5018=CARTESIAN_POINT('',(11.7856,0.0,0.0));
#5019=DIRECTION('',(1.0,0.0,0.0));
#5020=DIRECTION('',(0.0,1.0,0.0));
#5021=ORIENTED_EDGE('',*,*,#7913,.T.);
#5022=ORIENTED_EDGE('',*,*,#8114,.F.);
#5023=ORIENTED_EDGE('',*,*,#8115,.F.);
#5024=ORIENTED_EDGE('',*,*,#8116,.F.);
#5025=ORIENTED_EDGE('',*,*,#7389,.F.);
#5026=ORIENTED_EDGE('',*,*,#8117,.F.);
#5027=ORIENTED_EDGE('',*,*,#8118,.F.);
#5028=ORIENTED_EDGE('',*,*,#8119,.F.);
#5029=ORIENTED_EDGE('',*,*,#8120,.F.);
#5030=ORIENTED_EDGE('',*,*,#8121,.F.);
#5031=ORIENTED_EDGE('',*,*,#8122,.F.);
#5032=ORIENTED_EDGE('',*,*,#7395,.F.);
#5033=ORIENTED_EDGE('',*,*,#8123,.F.);
#5034=ORIENTED_EDGE('',*,*,#8124,.F.);
#5035=ORIENTED_EDGE('',*,*,#8125,.F.);
#5036=CARTESIAN_POINT('',(11.7856,0.0,0.0));
#5037=DIRECTION('',(1.0,0.0,0.0));
#5038=DIRECTION('',(0.0,1.0,0.0));
#5039=ORIENTED_EDGE('',*,*,#7916,.T.);
#5040=ORIENTED_EDGE('',*,*,#8126,.F.);
#5041=ORIENTED_EDGE('',*,*,#8127,.F.);
#5042=ORIENTED_EDGE('',*,*,#8113,.T.);
#5043=CARTESIAN_POINT('',(11.7856,-7.29996,-16.7513));
#5044=DIRECTION('',(0.0,0.0,-1.0));
#5045=DIRECTION('',(0.0,-1.0,0.0));
#5046=ORIENTED_EDGE('',*,*,#8127,.T.);
#5047=ORIENTED_EDGE('',*,*,#8128,.F.);
#5048=ORIENTED_EDGE('',*,*,#8129,.F.);
#5049=ORIENTED_EDGE('',*,*,#8102,.T.);
#5050=CARTESIAN_POINT('',(11.7856,-7.29996,-16.9037));
#5051=DIRECTION('',(-1.0,0.0,-0.0));
#5052=DIRECTION('',(0.0,0.0,-1.0));
#5053=ORIENTED_EDGE('',*,*,#8129,.T.);
#5054=ORIENTED_EDGE('',*,*,#8130,.F.);
#5055=ORIENTED_EDGE('',*,*,#7402,.F.);
#5056=ORIENTED_EDGE('',*,*,#8103,.T.);
#5057=CARTESIAN_POINT('',(11.7856,-7.651644103833,-17.127007705));
#5058=DIRECTION('',(0.0,0.807708457021515,-0.589582096451311));
#5059=DIRECTION('',(-1.0,0.0,0.0));
#5060=ORIENTED_EDGE('',*,*,#7400,.T.);
#5061=ORIENTED_EDGE('',*,*,#8131,.F.);
#5062=ORIENTED_EDGE('',*,*,#8132,.F.);
#5063=ORIENTED_EDGE('',*,*,#8104,.T.);
#5064=CARTESIAN_POINT('',(11.7856,-8.06196,-16.8275));
#5065=DIRECTION('',(-1.0,0.0,-0.0));
#5066=DIRECTION('',(0.0,0.0,-1.0));
#5067=ORIENTED_EDGE('',*,*,#8132,.T.);
#5068=ORIENTED_EDGE('',*,*,#8133,.F.);
#5069=ORIENTED_EDGE('',*,*,#8134,.F.);
#5070=ORIENTED_EDGE('',*,*,#8105,.T.);
#5071=CARTESIAN_POINT('',(11.7856,-9.53516,-16.44657277083));
#5072=DIRECTION('',(0.0,-0.559192903470734,-0.82903757255505));
#5073=DIRECTION('',(0.0,-0.82903757255505,0.559192903470734));
#5074=ORIENTED_EDGE('',*,*,#8134,.T.);
#5075=ORIENTED_EDGE('',*,*,#8135,.F.);
#5076=ORIENTED_EDGE('',*,*,#8136,.F.);
#5077=ORIENTED_EDGE('',*,*,#8106,.T.);
#5078=CARTESIAN_POINT('',(11.7856,-9.464142501259,-16.34128499911));
#5079=DIRECTION('',(0.0,-0.829037572555082,0.559192903470688));
#5080=DIRECTION('',(-1.0,0.0,0.0));
#5081=ORIENTED_EDGE('',*,*,#8136,.T.);
#5082=ORIENTED_EDGE('',*,*,#8137,.F.);
#5083=ORIENTED_EDGE('',*,*,#8138,.F.);
#5084=ORIENTED_EDGE('',*,*,#8107,.T.);
#5085=CARTESIAN_POINT('',(11.7856,-9.079002972735,-16.3682165785));
#5086=DIRECTION('',(0.0,0.0697564737441516,0.997564050259823));
#5087=DIRECTION('',(1.0,-0.0,0.0));
#5088=ORIENTED_EDGE('',*,*,#8138,.T.);
#5089=ORIENTED_EDGE('',*,*,#8139,.F.);
#5090=ORIENTED_EDGE('',*,*,#8140,.F.);
#5091=ORIENTED_EDGE('',*,*,#8108,.T.);
#5092=CARTESIAN_POINT('',(11.7856,-8.167065898136,-16.98332590214));
#5093=DIRECTION('',(0.0,0.559192903470734,0.82903757255505));
#5094=DIRECTION('',(1.0,-0.0,0.0));
#5095=ORIENTED_EDGE('',*,*,#7396,.T.);
#5096=ORIENTED_EDGE('',*,*,#8109,.T.);
#5097=ORIENTED_EDGE('',*,*,#8140,.T.);
#5098=ORIENTED_EDGE('',*,*,#8141,.F.);
#5099=CARTESIAN_POINT('',(11.7856,-8.06196,-16.8275));
#5100=DIRECTION('',(-1.0,0.0,-0.0));
#5101=DIRECTION('',(0.0,0.0,-1.0));
#5102=ORIENTED_EDGE('',*,*,#7398,.T.);
#5103=ORIENTED_EDGE('',*,*,#8142,.F.);
#5104=ORIENTED_EDGE('',*,*,#8143,.F.);
#5105=ORIENTED_EDGE('',*,*,#8110,.T.);
#5106=CARTESIAN_POINT('',(11.7856,-7.681553783435,-16.62515783435));
#5107=DIRECTION('',(0.0,-0.807708457021515,0.589582096451311));
#5108=DIRECTION('',(-1.0,0.0,0.0));
#5109=ORIENTED_EDGE('',*,*,#8143,.T.);
#5110=ORIENTED_EDGE('',*,*,#8144,.F.);
#5111=ORIENTED_EDGE('',*,*,#8145,.F.);
#5112=ORIENTED_EDGE('',*,*,#8111,.T.);
#5113=CARTESIAN_POINT('',(11.7856,-7.29996,-16.9037));
#5114=DIRECTION('',(-1.0,0.0,-0.0));
#5115=DIRECTION('',(0.0,0.0,-1.0));
#5116=ORIENTED_EDGE('',*,*,#8145,.T.);
#5117=ORIENTED_EDGE('',*,*,#8146,.F.);
#5118=ORIENTED_EDGE('',*,*,#7914,.F.);
#5119=ORIENTED_EDGE('',*,*,#8112,.T.);
#5120=CARTESIAN_POINT('',(11.7856,-5.72516,-16.43126));
#5121=DIRECTION('',(0.0,0.0,1.0));
#5122=DIRECTION('',(1.0,0.0,0.0));
#5123=ORIENTED_EDGE('',*,*,#7915,.F.);
#5124=ORIENTED_EDGE('',*,*,#8146,.T.);
#5125=ORIENTED_EDGE('',*,*,#8144,.T.);
#5126=ORIENTED_EDGE('',*,*,#8142,.T.);
#5127=ORIENTED_EDGE('',*,*,#7397,.T.);
#5128=ORIENTED_EDGE('',*,*,#8141,.T.);
#5129=ORIENTED_EDGE('',*,*,#8139,.T.);
#5130=ORIENTED_EDGE('',*,*,#8137,.T.);
#5131=ORIENTED_EDGE('',*,*,#8135,.T.);
#5132=ORIENTED_EDGE('',*,*,#8133,.T.);
#5133=ORIENTED_EDGE('',*,*,#8131,.T.);
#5134=ORIENTED_EDGE('',*,*,#7403,.T.);
#5135=ORIENTED_EDGE('',*,*,#8130,.T.);
#5136=ORIENTED_EDGE('',*,*,#8128,.T.);
#5137=ORIENTED_EDGE('',*,*,#8126,.T.);
#5138=CARTESIAN_POINT('',(13.208,0.0,0.0));
#5139=DIRECTION('',(1.0,0.0,0.0));
#5140=DIRECTION('',(0.0,1.0,0.0));
#5141=ORIENTED_EDGE('',*,*,#8147,.T.);
#5142=ORIENTED_EDGE('',*,*,#8148,.T.);
#5143=ORIENTED_EDGE('',*,*,#7393,.T.);
#5144=ORIENTED_EDGE('',*,*,#8149,.T.);
#5145=ORIENTED_EDGE('',*,*,#8150,.T.);
#5146=ORIENTED_EDGE('',*,*,#8151,.T.);
#5147=ORIENTED_EDGE('',*,*,#8152,.T.);
#5148=ORIENTED_EDGE('',*,*,#8153,.T.);
#5149=ORIENTED_EDGE('',*,*,#8154,.T.);
#5150=ORIENTED_EDGE('',*,*,#7391,.T.);
#5151=ORIENTED_EDGE('',*,*,#8155,.T.);
#5152=ORIENTED_EDGE('',*,*,#8156,.T.);
#5153=ORIENTED_EDGE('',*,*,#8157,.T.);
#5154=ORIENTED_EDGE('',*,*,#7911,.F.);
#5155=ORIENTED_EDGE('',*,*,#8158,.T.);
#5156=CARTESIAN_POINT('',(13.208,0.0,0.0));
#5157=DIRECTION('',(1.0,0.0,0.0));
#5158=DIRECTION('',(0.0,1.0,0.0));
#5159=ORIENTED_EDGE('',*,*,#8159,.T.);
#5160=ORIENTED_EDGE('',*,*,#8158,.F.);
#5161=ORIENTED_EDGE('',*,*,#7910,.F.);
#5162=ORIENTED_EDGE('',*,*,#8125,.T.);
#5163=CARTESIAN_POINT('',(11.7856,-5.72516,-14.0843));
#5164=DIRECTION('',(0.0,0.0,1.0));
#5165=DIRECTION('',(1.0,0.0,0.0));
#5166=ORIENTED_EDGE('',*,*,#8160,.T.);
#5167=ORIENTED_EDGE('',*,*,#8147,.F.);
#5168=ORIENTED_EDGE('',*,*,#8159,.F.);
#5169=ORIENTED_EDGE('',*,*,#8124,.T.);
#5170=CARTESIAN_POINT('',(11.7856,-7.29996,-13.9319));
#5171=DIRECTION('',(-1.0,0.0,-0.0));
#5172=DIRECTION('',(0.0,0.0,-1.0));
#5173=ORIENTED_EDGE('',*,*,#7394,.T.);
#5174=ORIENTED_EDGE('',*,*,#8148,.F.);
#5175=ORIENTED_EDGE('',*,*,#8160,.F.);
#5176=ORIENTED_EDGE('',*,*,#8123,.T.);
#5177=CARTESIAN_POINT('',(11.7856,-7.42305476885,-14.0217523115));
#5178=DIRECTION('',(0.0,0.807708457021515,0.589582096451311));
#5179=DIRECTION('',(1.0,0.0,-0.0));
#5180=ORIENTED_EDGE('',*,*,#7392,.T.);
#5181=ORIENTED_EDGE('',*,*,#8122,.T.);
#5182=ORIENTED_EDGE('',*,*,#8161,.T.);
#5183=ORIENTED_EDGE('',*,*,#8149,.F.);
#5184=CARTESIAN_POINT('',(11.7856,-8.06196,-14.0081));
#5185=DIRECTION('',(-1.0,0.0,-0.0));
#5186=DIRECTION('',(0.0,0.0,-1.0));
#5187=ORIENTED_EDGE('',*,*,#8162,.T.);
#5188=ORIENTED_EDGE('',*,*,#8150,.F.);
#5189=ORIENTED_EDGE('',*,*,#8161,.F.);
#5190=ORIENTED_EDGE('',*,*,#8121,.T.);
#5191=CARTESIAN_POINT('',(11.7856,-8.346029994963,-13.58694891314));
#5192=DIRECTION('',(0.0,-0.559192903470734,0.82903757255505));
#5193=DIRECTION('',(-1.0,0.0,0.0));
#5194=ORIENTED_EDGE('',*,*,#8163,.T.);
#5195=ORIENTED_EDGE('',*,*,#8151,.F.);
#5196=ORIENTED_EDGE('',*,*,#8162,.F.);
#5197=ORIENTED_EDGE('',*,*,#8120,.T.);
#5198=CARTESIAN_POINT('',(11.7856,-9.53516,-14.38902722917));
#5199=DIRECTION('',(0.0,-0.82903757255505,-0.559192903470734));
#5200=DIRECTION('',(0.0,0.559192903470734,-0.82903757255505));
#5201=ORIENTED_EDGE('',*,*,#8164,.T.);
#5202=ORIENTED_EDGE('',*,*,#8152,.F.);
#5203=ORIENTED_EDGE('',*,*,#8163,.F.);
#5204=ORIENTED_EDGE('',*,*,#8119,.T.);
#5205=CARTESIAN_POINT('',(11.7856,-9.464142501259,-14.49431500089));
#5206=DIRECTION('',(0.0,0.0697564737441516,-0.997564050259823));
#5207=DIRECTION('',(-1.0,0.0,0.0));
#5208=ORIENTED_EDGE('',*,*,#8165,.T.);
#5209=ORIENTED_EDGE('',*,*,#8153,.F.);
#5210=ORIENTED_EDGE('',*,*,#8164,.F.);
#5211=ORIENTED_EDGE('',*,*,#8118,.T.);
#5212=CARTESIAN_POINT('',(11.7856,-9.079002972735,-14.4673834215));
#5213=DIRECTION('',(0.0,0.559192903470734,-0.82903757255505));
#5214=DIRECTION('',(-1.0,0.0,0.0));
#5215=ORIENTED_EDGE('',*,*,#7388,.T.);
#5216=ORIENTED_EDGE('',*,*,#8154,.F.);
#5217=ORIENTED_EDGE('',*,*,#8165,.F.);
#5218=ORIENTED_EDGE('',*,*,#8117,.T.);
#5219=CARTESIAN_POINT('',(11.7856,-8.06196,-14.0081));
#5220=DIRECTION('',(-1.0,0.0,-0.0));
#5221=DIRECTION('',(0.0,0.0,-1.0));
#5222=ORIENTED_EDGE('',*,*,#8166,.T.);
#5223=ORIENTED_EDGE('',*,*,#8155,.F.);
#5224=ORIENTED_EDGE('',*,*,#7390,.F.);
#5225=ORIENTED_EDGE('',*,*,#8116,.T.);
#5226=CARTESIAN_POINT('',(11.7856,-7.910143118418,-13.89728214915));
#5227=DIRECTION('',(0.0,-0.807708457021515,-0.589582096451311));
#5228=DIRECTION('',(0.0,0.589582096451311,-0.807708457021515));
#5229=ORIENTED_EDGE('',*,*,#8167,.T.);
#5230=ORIENTED_EDGE('',*,*,#8156,.F.);
#5231=ORIENTED_EDGE('',*,*,#8166,.F.);
#5232=ORIENTED_EDGE('',*,*,#8115,.T.);
#5233=CARTESIAN_POINT('',(11.7856,-7.29996,-13.9319));
#5234=DIRECTION('',(-1.0,0.0,-0.0));
#5235=DIRECTION('',(0.0,0.0,-1.0));
#5236=ORIENTED_EDGE('',*,*,#7912,.T.);
#5237=ORIENTED_EDGE('',*,*,#8157,.F.);
#5238=ORIENTED_EDGE('',*,*,#8167,.F.);
#5239=ORIENTED_EDGE('',*,*,#8114,.T.);
#5240=CARTESIAN_POINT('',(11.7856,-7.29996,-14.40434));
#5241=DIRECTION('',(0.0,0.0,-1.0));
#5242=DIRECTION('',(0.0,-1.0,0.0));
#5243=ORIENTED_EDGE('',*,*,#8168,.F.);
#5244=ORIENTED_EDGE('',*,*,#8169,.F.);
#5245=ORIENTED_EDGE('',*,*,#8170,.F.);
#5246=ORIENTED_EDGE('',*,*,#7385,.F.);
#5247=ORIENTED_EDGE('',*,*,#8171,.F.);
#5248=ORIENTED_EDGE('',*,*,#8172,.F.);
#5249=ORIENTED_EDGE('',*,*,#8173,.F.);
#5250=ORIENTED_EDGE('',*,*,#8174,.F.);
#5251=ORIENTED_EDGE('',*,*,#8175,.F.);
#5252=ORIENTED_EDGE('',*,*,#8176,.F.);
#5253=ORIENTED_EDGE('',*,*,#7383,.F.);
#5254=ORIENTED_EDGE('',*,*,#8177,.F.);
#5255=ORIENTED_EDGE('',*,*,#8178,.F.);
#5256=ORIENTED_EDGE('',*,*,#8179,.F.);
#5257=ORIENTED_EDGE('',*,*,#7931,.T.);
#5258=CARTESIAN_POINT('',(-11.7856,0.0,0.0));
#5259=DIRECTION('',(-1.0,0.0,0.0));
#5260=DIRECTION('',(0.0,0.0,1.0));
#5261=ORIENTED_EDGE('',*,*,#8180,.F.);
#5262=ORIENTED_EDGE('',*,*,#8181,.F.);
#5263=ORIENTED_EDGE('',*,*,#8182,.F.);
#5264=ORIENTED_EDGE('',*,*,#7377,.F.);
#5265=ORIENTED_EDGE('',*,*,#8183,.F.);
#5266=ORIENTED_EDGE('',*,*,#8184,.F.);
#5267=ORIENTED_EDGE('',*,*,#8185,.F.);
#5268=ORIENTED_EDGE('',*,*,#8186,.F.);
#5269=ORIENTED_EDGE('',*,*,#8187,.F.);
#5270=ORIENTED_EDGE('',*,*,#8188,.F.);
#5271=ORIENTED_EDGE('',*,*,#7375,.F.);
#5272=ORIENTED_EDGE('',*,*,#8189,.F.);
#5273=ORIENTED_EDGE('',*,*,#8190,.F.);
#5274=ORIENTED_EDGE('',*,*,#8191,.F.);
#5275=ORIENTED_EDGE('',*,*,#7935,.T.);
#5276=CARTESIAN_POINT('',(-11.7856,0.0,0.0));
#5277=DIRECTION('',(-1.0,0.0,0.0));
#5278=DIRECTION('',(0.0,0.0,1.0));
#5279=ORIENTED_EDGE('',*,*,#8179,.T.);
#5280=ORIENTED_EDGE('',*,*,#8192,.T.);
#5281=ORIENTED_EDGE('',*,*,#8193,.F.);
#5282=ORIENTED_EDGE('',*,*,#7928,.F.);
#5283=CARTESIAN_POINT('',(-11.7856,-5.72516,-16.7513));
#5284=DIRECTION('',(0.0,0.0,-1.0));
#5285=DIRECTION('',(0.0,-1.0,0.0));
#5286=ORIENTED_EDGE('',*,*,#8193,.T.);
#5287=ORIENTED_EDGE('',*,*,#8194,.T.);
#5288=ORIENTED_EDGE('',*,*,#8195,.T.);
#5289=ORIENTED_EDGE('',*,*,#7381,.T.);
#5290=ORIENTED_EDGE('',*,*,#8196,.T.);
#5291=ORIENTED_EDGE('',*,*,#8197,.T.);
#5292=ORIENTED_EDGE('',*,*,#8198,.T.);
#5293=ORIENTED_EDGE('',*,*,#8199,.T.);
#5294=ORIENTED_EDGE('',*,*,#8200,.T.);
#5295=ORIENTED_EDGE('',*,*,#8201,.T.);
#5296=ORIENTED_EDGE('',*,*,#7387,.T.);
#5297=ORIENTED_EDGE('',*,*,#8202,.T.);
#5298=ORIENTED_EDGE('',*,*,#8203,.T.);
#5299=ORIENTED_EDGE('',*,*,#8204,.T.);
#5300=ORIENTED_EDGE('',*,*,#7929,.F.);
#5301=CARTESIAN_POINT('',(-13.208,0.0,0.0));
#5302=DIRECTION('',(-1.0,0.0,0.0));
#5303=DIRECTION('',(0.0,0.0,1.0));
#5304=ORIENTED_EDGE('',*,*,#8205,.T.);
#5305=ORIENTED_EDGE('',*,*,#8206,.T.);
#5306=ORIENTED_EDGE('',*,*,#8207,.T.);
#5307=ORIENTED_EDGE('',*,*,#7373,.T.);
#5308=ORIENTED_EDGE('',*,*,#8208,.T.);
#5309=ORIENTED_EDGE('',*,*,#8209,.T.);
#5310=ORIENTED_EDGE('',*,*,#8210,.T.);
#5311=ORIENTED_EDGE('',*,*,#8211,.T.);
#5312=ORIENTED_EDGE('',*,*,#8212,.T.);
#5313=ORIENTED_EDGE('',*,*,#8213,.T.);
#5314=ORIENTED_EDGE('',*,*,#7379,.T.);
#5315=ORIENTED_EDGE('',*,*,#8214,.T.);
#5316=ORIENTED_EDGE('',*,*,#8215,.T.);
#5317=ORIENTED_EDGE('',*,*,#8216,.T.);
#5318=ORIENTED_EDGE('',*,*,#7933,.F.);
#5319=CARTESIAN_POINT('',(-13.208,0.0,0.0));
#5320=DIRECTION('',(-1.0,0.0,0.0));
#5321=DIRECTION('',(0.0,0.0,1.0));
#5322=ORIENTED_EDGE('',*,*,#8204,.F.);
#5323=ORIENTED_EDGE('',*,*,#8217,.F.);
#5324=ORIENTED_EDGE('',*,*,#8168,.T.);
#5325=ORIENTED_EDGE('',*,*,#7930,.T.);
#5326=CARTESIAN_POINT('',(-11.7856,-7.29996,-16.43126));
#5327=DIRECTION('',(0.0,0.0,1.0));
#5328=DIRECTION('',(1.0,0.0,0.0));
#5329=ORIENTED_EDGE('',*,*,#8217,.T.);
#5330=ORIENTED_EDGE('',*,*,#8203,.F.);
#5331=ORIENTED_EDGE('',*,*,#8218,.F.);
#5332=ORIENTED_EDGE('',*,*,#8169,.T.);
#5333=CARTESIAN_POINT('',(-11.7856,-7.29996,-16.9037));
#5334=DIRECTION('',(1.0,-0.0,0.0));
#5335=DIRECTION('',(0.0,0.0,1.0));
#5336=ORIENTED_EDGE('',*,*,#8218,.T.);
#5337=ORIENTED_EDGE('',*,*,#8202,.F.);
#5338=ORIENTED_EDGE('',*,*,#7386,.F.);
#5339=ORIENTED_EDGE('',*,*,#8170,.T.);
#5340=CARTESIAN_POINT('',(-11.7856,-7.910143118418,-16.93831785085));
#5341=DIRECTION('',(0.0,-0.807708457021515,0.589582096451311));
#5342=DIRECTION('',(-1.0,0.0,0.0));
#5343=ORIENTED_EDGE('',*,*,#7384,.T.);
#5344=ORIENTED_EDGE('',*,*,#8201,.F.);
#5345=ORIENTED_EDGE('',*,*,#8219,.F.);
#5346=ORIENTED_EDGE('',*,*,#8171,.T.);
#5347=CARTESIAN_POINT('',(-11.7856,-8.06196,-16.8275));
#5348=DIRECTION('',(1.0,-0.0,0.0));
#5349=DIRECTION('',(0.0,0.0,1.0));
#5350=ORIENTED_EDGE('',*,*,#8219,.T.);
#5351=ORIENTED_EDGE('',*,*,#8200,.F.);
#5352=ORIENTED_EDGE('',*,*,#8220,.F.);
#5353=ORIENTED_EDGE('',*,*,#8172,.T.);
#5354=CARTESIAN_POINT('',(-11.7856,-9.079002972735,-16.3682165785));
#5355=DIRECTION('',(0.0,0.559192903470688,0.829037572555082));
#5356=DIRECTION('',(1.0,-0.0,0.0));
#5357=ORIENTED_EDGE('',*,*,#8220,.T.);
#5358=ORIENTED_EDGE('',*,*,#8199,.F.);
#5359=ORIENTED_EDGE('',*,*,#8221,.F.);
#5360=ORIENTED_EDGE('',*,*,#8173,.T.);
#5361=CARTESIAN_POINT('',(-11.7856,-9.464142501259,-16.34128499911));
#5362=DIRECTION('',(0.0,0.0697564737441516,0.997564050259823));
#5363=DIRECTION('',(1.0,-0.0,0.0));
#5364=ORIENTED_EDGE('',*,*,#8221,.T.);
#5365=ORIENTED_EDGE('',*,*,#8198,.F.);
#5366=ORIENTED_EDGE('',*,*,#8222,.F.);
#5367=ORIENTED_EDGE('',*,*,#8174,.T.);
#5368=CARTESIAN_POINT('',(-11.7856,-9.53516,-16.44657277083));
#5369=DIRECTION('',(0.0,-0.829037572555082,0.559192903470688));
#5370=DIRECTION('',(-1.0,0.0,0.0));
#5371=ORIENTED_EDGE('',*,*,#8222,.T.);
#5372=ORIENTED_EDGE('',*,*,#8197,.F.);
#5373=ORIENTED_EDGE('',*,*,#8223,.F.);
#5374=ORIENTED_EDGE('',*,*,#8175,.T.);
#5375=CARTESIAN_POINT('',(-11.7856,-8.346029994963,-17.24865108686));
#5376=DIRECTION('',(0.0,-0.559192903470734,-0.82903757255505));
#5377=DIRECTION('',(0.0,-0.82903757255505,0.559192903470734));
#5378=ORIENTED_EDGE('',*,*,#7380,.T.);
#5379=ORIENTED_EDGE('',*,*,#8176,.T.);
#5380=ORIENTED_EDGE('',*,*,#8223,.T.);
#5381=ORIENTED_EDGE('',*,*,#8196,.F.);
#5382=CARTESIAN_POINT('',(-11.7856,-8.06196,-16.8275));
#5383=DIRECTION('',(1.0,-0.0,0.0));
#5384=DIRECTION('',(0.0,0.0,1.0));
#5385=ORIENTED_EDGE('',*,*,#7382,.T.);
#5386=ORIENTED_EDGE('',*,*,#8195,.F.);
#5387=ORIENTED_EDGE('',*,*,#8224,.F.);
#5388=ORIENTED_EDGE('',*,*,#8177,.T.);
#5389=CARTESIAN_POINT('',(-11.7856,-7.42305476885,-16.8138476885));
#5390=DIRECTION('',(0.0,0.807708457021515,-0.589582096451311));
#5391=DIRECTION('',(-1.0,0.0,0.0));
#5392=ORIENTED_EDGE('',*,*,#8224,.T.);
#5393=ORIENTED_EDGE('',*,*,#8194,.F.);
#5394=ORIENTED_EDGE('',*,*,#8192,.F.);
#5395=ORIENTED_EDGE('',*,*,#8178,.T.);
#5396=CARTESIAN_POINT('',(-11.7856,-7.29996,-16.9037));
#5397=DIRECTION('',(1.0,-0.0,0.0));
#5398=DIRECTION('',(0.0,0.0,1.0));
#5399=ORIENTED_EDGE('',*,*,#8216,.F.);
#5400=ORIENTED_EDGE('',*,*,#8225,.F.);
#5401=ORIENTED_EDGE('',*,*,#8180,.T.);
#5402=ORIENTED_EDGE('',*,*,#7934,.T.);
#5403=CARTESIAN_POINT('',(-11.7856,-7.29996,-14.0843));
#5404=DIRECTION('',(0.0,0.0,1.0));
#5405=DIRECTION('',(1.0,0.0,0.0));
#5406=ORIENTED_EDGE('',*,*,#8225,.T.);
#5407=ORIENTED_EDGE('',*,*,#8215,.F.);
#5408=ORIENTED_EDGE('',*,*,#8226,.F.);
#5409=ORIENTED_EDGE('',*,*,#8181,.T.);
#5410=CARTESIAN_POINT('',(-11.7856,-7.29996,-13.9319));
#5411=DIRECTION('',(1.0,-0.0,0.0));
#5412=DIRECTION('',(0.0,0.0,1.0));
#5413=ORIENTED_EDGE('',*,*,#8226,.T.);
#5414=ORIENTED_EDGE('',*,*,#8214,.F.);
#5415=ORIENTED_EDGE('',*,*,#7378,.F.);
#5416=ORIENTED_EDGE('',*,*,#8182,.T.);
#5417=CARTESIAN_POINT('',(-11.7856,-7.651644103833,-13.708592295));
#5418=DIRECTION('',(0.0,0.807708457021515,0.589582096451311));
#5419=DIRECTION('',(1.0,0.0,-0.0));
#5420=ORIENTED_EDGE('',*,*,#7376,.T.);
#5421=ORIENTED_EDGE('',*,*,#8213,.F.);
#5422=ORIENTED_EDGE('',*,*,#8227,.F.);
#5423=ORIENTED_EDGE('',*,*,#8183,.T.);
#5424=CARTESIAN_POINT('',(-11.7856,-8.06196,-14.0081));
#5425=DIRECTION('',(1.0,-0.0,0.0));
#5426=DIRECTION('',(0.0,0.0,1.0));
#5427=ORIENTED_EDGE('',*,*,#8227,.T.);
#5428=ORIENTED_EDGE('',*,*,#8212,.F.);
#5429=ORIENTED_EDGE('',*,*,#8228,.F.);
#5430=ORIENTED_EDGE('',*,*,#8184,.T.);
#5431=CARTESIAN_POINT('',(-11.7856,-9.53516,-14.38902722917));
#5432=DIRECTION('',(0.0,-0.559192903470734,0.82903757255505));
#5433=DIRECTION('',(-1.0,0.0,0.0));
#5434=ORIENTED_EDGE('',*,*,#8228,.T.);
#5435=ORIENTED_EDGE('',*,*,#8211,.F.);
#5436=ORIENTED_EDGE('',*,*,#8229,.F.);
#5437=ORIENTED_EDGE('',*,*,#8185,.T.);
#5438=CARTESIAN_POINT('',(-11.7856,-9.464142501259,-14.49431500089));
#5439=DIRECTION('',(0.0,-0.82903757255505,-0.559192903470734));
#5440=DIRECTION('',(0.0,0.559192903470734,-0.82903757255505));
#5441=ORIENTED_EDGE('',*,*,#8229,.T.);
#5442=ORIENTED_EDGE('',*,*,#8210,.F.);
#5443=ORIENTED_EDGE('',*,*,#8230,.F.);
#5444=ORIENTED_EDGE('',*,*,#8186,.T.);
#5445=CARTESIAN_POINT('',(-11.7856,-9.079002972735,-14.4673834215));
#5446=DIRECTION('',(0.0,0.0697564737441516,-0.997564050259823));
#5447=DIRECTION('',(-1.0,0.0,0.0));
#5448=ORIENTED_EDGE('',*,*,#8230,.T.);
#5449=ORIENTED_EDGE('',*,*,#8209,.F.);
#5450=ORIENTED_EDGE('',*,*,#8231,.F.);
#5451=ORIENTED_EDGE('',*,*,#8187,.T.);
#5452=CARTESIAN_POINT('',(-11.7856,-8.167065898136,-13.85227409786));
#5453=DIRECTION('',(0.0,0.559192903470734,-0.82903757255505));
#5454=DIRECTION('',(-1.0,0.0,0.0));
#5455=ORIENTED_EDGE('',*,*,#7372,.T.);
#5456=ORIENTED_EDGE('',*,*,#8188,.T.);
#5457=ORIENTED_EDGE('',*,*,#8231,.T.);
#5458=ORIENTED_EDGE('',*,*,#8208,.F.);
#5459=CARTESIAN_POINT('',(-11.7856,-8.06196,-14.0081));
#5460=DIRECTION('',(1.0,-0.0,0.0));
#5461=DIRECTION('',(0.0,0.0,1.0));
#5462=ORIENTED_EDGE('',*,*,#7374,.T.);
#5463=ORIENTED_EDGE('',*,*,#8207,.F.);
#5464=ORIENTED_EDGE('',*,*,#8232,.F.);
#5465=ORIENTED_EDGE('',*,*,#8189,.T.);
#5466=CARTESIAN_POINT('',(-11.7856,-7.681553783435,-14.21044216565));
#5467=DIRECTION('',(0.0,-0.807708457021515,-0.589582096451311));
#5468=DIRECTION('',(0.0,0.589582096451311,-0.807708457021515));
#5469=ORIENTED_EDGE('',*,*,#8232,.T.);
#5470=ORIENTED_EDGE('',*,*,#8206,.F.);
#5471=ORIENTED_EDGE('',*,*,#8233,.F.);
#5472=ORIENTED_EDGE('',*,*,#8190,.T.);
#5473=CARTESIAN_POINT('',(-11.7856,-7.29996,-13.9319));
#5474=DIRECTION('',(1.0,-0.0,0.0));
#5475=DIRECTION('',(0.0,0.0,1.0));
#5476=ORIENTED_EDGE('',*,*,#8191,.T.);
#5477=ORIENTED_EDGE('',*,*,#8233,.T.);
#5478=ORIENTED_EDGE('',*,*,#8205,.F.);
#5479=ORIENTED_EDGE('',*,*,#7932,.F.);
#5480=CARTESIAN_POINT('',(-11.7856,-5.72516,-14.40434));
#5481=DIRECTION('',(0.0,0.0,-1.0));
#5482=DIRECTION('',(0.0,-1.0,0.0));
#5483=ORIENTED_EDGE('',*,*,#8234,.T.);
#5484=ORIENTED_EDGE('',*,*,#8235,.T.);
#5485=ORIENTED_EDGE('',*,*,#8236,.T.);
#5486=ORIENTED_EDGE('',*,*,#8237,.T.);
#5487=ORIENTED_EDGE('',*,*,#8238,.T.);
#5488=ORIENTED_EDGE('',*,*,#8239,.T.);
#5489=ORIENTED_EDGE('',*,*,#7367,.T.);
#5490=ORIENTED_EDGE('',*,*,#8240,.T.);
#5491=ORIENTED_EDGE('',*,*,#7369,.T.);
#5492=ORIENTED_EDGE('',*,*,#8241,.T.);
#5493=ORIENTED_EDGE('',*,*,#8242,.F.);
#5494=ORIENTED_EDGE('',*,*,#8243,.F.);
#5495=ORIENTED_EDGE('',*,*,#8244,.F.);
#5496=ORIENTED_EDGE('',*,*,#8245,.F.);
#5497=ORIENTED_EDGE('',*,*,#8246,.F.);
#5498=ORIENTED_EDGE('',*,*,#8247,.F.);
#5499=ORIENTED_EDGE('',*,*,#8248,.F.);
#5500=ORIENTED_EDGE('',*,*,#8249,.F.);
#5501=ORIENTED_EDGE('',*,*,#8250,.F.);
#5502=ORIENTED_EDGE('',*,*,#8251,.F.);
#5503=ORIENTED_EDGE('',*,*,#8252,.F.);
#5504=ORIENTED_EDGE('',*,*,#8253,.F.);
#5505=ORIENTED_EDGE('',*,*,#8254,.F.);
#5506=ORIENTED_EDGE('',*,*,#8255,.F.);
#5507=ORIENTED_EDGE('',*,*,#8256,.F.);
#5508=ORIENTED_EDGE('',*,*,#8257,.F.);
#5509=ORIENTED_EDGE('',*,*,#8258,.F.);
#5510=ORIENTED_EDGE('',*,*,#8259,.F.);
#5511=ORIENTED_EDGE('',*,*,#8260,.F.);
#5512=ORIENTED_EDGE('',*,*,#8261,.F.);
#5513=ORIENTED_EDGE('',*,*,#8262,.F.);
#5514=ORIENTED_EDGE('',*,*,#8263,.F.);
#5515=ORIENTED_EDGE('',*,*,#8264,.F.);
#5516=ORIENTED_EDGE('',*,*,#8265,.F.);
#5517=ORIENTED_EDGE('',*,*,#8266,.F.);
#5518=ORIENTED_EDGE('',*,*,#8267,.F.);
#5519=ORIENTED_EDGE('',*,*,#8268,.F.);
#5520=ORIENTED_EDGE('',*,*,#8269,.F.);
#5521=ORIENTED_EDGE('',*,*,#8270,.F.);
#5522=ORIENTED_EDGE('',*,*,#8271,.F.);
#5523=ORIENTED_EDGE('',*,*,#8272,.F.);
#5524=ORIENTED_EDGE('',*,*,#8273,.F.);
#5525=ORIENTED_EDGE('',*,*,#8274,.F.);
#5526=ORIENTED_EDGE('',*,*,#8275,.F.);
#5527=ORIENTED_EDGE('',*,*,#8276,.F.);
#5528=ORIENTED_EDGE('',*,*,#8277,.F.);
#5529=ORIENTED_EDGE('',*,*,#8278,.F.);
#5530=ORIENTED_EDGE('',*,*,#8279,.F.);
#5531=ORIENTED_EDGE('',*,*,#8280,.F.);
#5532=ORIENTED_EDGE('',*,*,#8281,.F.);
#5533=ORIENTED_EDGE('',*,*,#8282,.F.);
#5534=ORIENTED_EDGE('',*,*,#8283,.F.);
#5535=ORIENTED_EDGE('',*,*,#8284,.F.);
#5536=ORIENTED_EDGE('',*,*,#8285,.F.);
#5537=ORIENTED_EDGE('',*,*,#8286,.F.);
#5538=ORIENTED_EDGE('',*,*,#8287,.F.);
#5539=ORIENTED_EDGE('',*,*,#8288,.F.);
#5540=ORIENTED_EDGE('',*,*,#8289,.F.);
#5541=ORIENTED_EDGE('',*,*,#8290,.F.);
#5542=ORIENTED_EDGE('',*,*,#8291,.F.);
#5543=ORIENTED_EDGE('',*,*,#8292,.F.);
#5544=ORIENTED_EDGE('',*,*,#8293,.F.);
#5545=ORIENTED_EDGE('',*,*,#8294,.F.);
#5546=ORIENTED_EDGE('',*,*,#8295,.F.);
#5547=ORIENTED_EDGE('',*,*,#8296,.F.);
#5548=ORIENTED_EDGE('',*,*,#8297,.F.);
#5549=ORIENTED_EDGE('',*,*,#8298,.F.);
#5550=ORIENTED_EDGE('',*,*,#8299,.F.);
#5551=ORIENTED_EDGE('',*,*,#8300,.F.);
#5552=ORIENTED_EDGE('',*,*,#8301,.F.);
#5553=ORIENTED_EDGE('',*,*,#8302,.F.);
#5554=ORIENTED_EDGE('',*,*,#8303,.F.);
#5555=ORIENTED_EDGE('',*,*,#8304,.F.);
#5556=ORIENTED_EDGE('',*,*,#8305,.F.);
#5557=ORIENTED_EDGE('',*,*,#8306,.F.);
#5558=CARTESIAN_POINT('',(-15.5194,0.0,-6.30936));
#5559=DIRECTION('',(0.0,0.0,1.0));
#5560=DIRECTION('',(1.0,0.0,0.0));
#5561=ORIENTED_EDGE('',*,*,#7534,.F.);
#5562=ORIENTED_EDGE('',*,*,#7847,.T.);
#5563=ORIENTED_EDGE('',*,*,#8307,.T.);
#5564=ORIENTED_EDGE('',*,*,#8308,.T.);
#5565=CARTESIAN_POINT('',(-15.5194,0.0,-6.30936));
#5566=DIRECTION('',(0.0,0.0,1.0));
#5567=DIRECTION('',(1.0,0.0,0.0));
#5568=ORIENTED_EDGE('',*,*,#7565,.T.);
#5569=ORIENTED_EDGE('',*,*,#8309,.T.);
#5570=ORIENTED_EDGE('',*,*,#8310,.T.);
#5571=ORIENTED_EDGE('',*,*,#7860,.T.);
#5572=CARTESIAN_POINT('',(-15.5194,0.0,-6.30936));
#5573=DIRECTION('',(0.0,0.0,1.0));
#5574=DIRECTION('',(1.0,0.0,0.0));
#5575=ORIENTED_EDGE('',*,*,#8311,.F.);
#5576=ORIENTED_EDGE('',*,*,#8312,.F.);
#5577=ORIENTED_EDGE('',*,*,#8313,.F.);
#5578=ORIENTED_EDGE('',*,*,#8314,.F.);
#5579=ORIENTED_EDGE('',*,*,#8315,.F.);
#5580=ORIENTED_EDGE('',*,*,#8316,.F.);
#5581=ORIENTED_EDGE('',*,*,#8317,.F.);
#5582=ORIENTED_EDGE('',*,*,#8318,.F.);
#5583=ORIENTED_EDGE('',*,*,#8319,.F.);
#5584=ORIENTED_EDGE('',*,*,#8320,.F.);
#5585=ORIENTED_EDGE('',*,*,#8321,.F.);
#5586=ORIENTED_EDGE('',*,*,#8322,.F.);
#5587=ORIENTED_EDGE('',*,*,#8323,.F.);
#5588=ORIENTED_EDGE('',*,*,#8324,.F.);
#5589=ORIENTED_EDGE('',*,*,#8325,.F.);
#5590=ORIENTED_EDGE('',*,*,#8326,.F.);
#5591=ORIENTED_EDGE('',*,*,#8327,.F.);
#5592=ORIENTED_EDGE('',*,*,#8328,.F.);
#5593=ORIENTED_EDGE('',*,*,#8329,.F.);
#5594=ORIENTED_EDGE('',*,*,#8330,.F.);
#5595=CARTESIAN_POINT('',(-15.5194,0.0,-6.30936));
#5596=DIRECTION('',(0.0,0.0,1.0));
#5597=DIRECTION('',(1.0,0.0,0.0));
#5598=ORIENTED_EDGE('',*,*,#7368,.T.);
#5599=ORIENTED_EDGE('',*,*,#8331,.T.);
#5600=ORIENTED_EDGE('',*,*,#8332,.T.);
#5601=ORIENTED_EDGE('',*,*,#8241,.F.);
#5602=CARTESIAN_POINT('',(-6.34746,2.06756,-5.8928));
#5603=DIRECTION('',(0.0,0.0,-1.0));
#5604=DIRECTION('',(1.0,0.0,0.0));
#5605=ORIENTED_EDGE('',*,*,#8333,.T.);
#5606=ORIENTED_EDGE('',*,*,#7361,.T.);
#5607=ORIENTED_EDGE('',*,*,#8334,.T.);
#5608=ORIENTED_EDGE('',*,*,#8335,.F.);
#5609=ORIENTED_EDGE('',*,*,#8331,.F.);
#5610=ORIENTED_EDGE('',*,*,#7371,.F.);
#5611=ORIENTED_EDGE('',*,*,#8335,.T.);
#5612=ORIENTED_EDGE('',*,*,#8336,.T.);
#5613=ORIENTED_EDGE('',*,*,#8337,.F.);
#5614=ORIENTED_EDGE('',*,*,#8338,.F.);
#5615=CARTESIAN_POINT('',(-7.535762693311,1.858802872864,-0.9682165493318));
#5616=DIRECTION('',(-0.173648177666905,0.984807753012213,2.54420324869263E-15));
#5617=DIRECTION('',(-0.677172569214119,-0.119403794548103,0.726071653042221));
#5618=ORIENTED_EDGE('',*,*,#8339,.T.);
#5619=ORIENTED_EDGE('',*,*,#8234,.F.);
#5620=ORIENTED_EDGE('',*,*,#8332,.F.);
#5621=ORIENTED_EDGE('',*,*,#8338,.T.);
#5622=CARTESIAN_POINT('',(-7.709506950589,-2.436291486385,-5.8928));
#5623=DIRECTION('',(0.984807753012213,0.173648177666902,0.0));
#5624=DIRECTION('',(0.0,0.0,-1.0));
#5625=ORIENTED_EDGE('',*,*,#8340,.T.);
#5626=ORIENTED_EDGE('',*,*,#8235,.F.);
#5627=ORIENTED_EDGE('',*,*,#8339,.F.);
#5628=ORIENTED_EDGE('',*,*,#8341,.T.);
#5629=CARTESIAN_POINT('',(-5.618326775533,-2.06756,-5.8928));
#5630=DIRECTION('',(0.0,0.0,-1.0));
#5631=DIRECTION('',(1.0,0.0,0.0));
#5632=ORIENTED_EDGE('',*,*,#8337,.T.);
#5633=ORIENTED_EDGE('',*,*,#8342,.T.);
#5634=ORIENTED_EDGE('',*,*,#8343,.F.);
#5635=ORIENTED_EDGE('',*,*,#8341,.F.);
#5636=ORIENTED_EDGE('',*,*,#8343,.T.);
#5637=ORIENTED_EDGE('',*,*,#8344,.T.);
#5638=ORIENTED_EDGE('',*,*,#8345,.F.);
#5639=ORIENTED_EDGE('',*,*,#8346,.F.);
#5640=CARTESIAN_POINT('',(-5.619087735443,-3.27406,-0.9682165493318));
#5641=DIRECTION('',(-1.0,0.0,0.0));
#5642=DIRECTION('',(0.0,-0.687619047619037,0.726071653042239));
#5643=ORIENTED_EDGE('',*,*,#8347,.T.);
#5644=ORIENTED_EDGE('',*,*,#8236,.F.);
#5645=ORIENTED_EDGE('',*,*,#8340,.F.);
#5646=ORIENTED_EDGE('',*,*,#8346,.T.);
#5647=CARTESIAN_POINT('',(5.618326775533,-4.191,-5.8928));
#5648=DIRECTION('',(-0.0,1.0,0.0));
#5649=DIRECTION('',(1.0,0.0,0.0));
#5650=ORIENTED_EDGE('',*,*,#8348,.T.);
#5651=ORIENTED_EDGE('',*,*,#8237,.F.);
#5652=ORIENTED_EDGE('',*,*,#8347,.F.);
#5653=ORIENTED_EDGE('',*,*,#8349,.T.);
#5654=CARTESIAN_POINT('',(5.618326775533,-2.06756,-5.8928));
#5655=DIRECTION('',(0.0,0.0,-1.0));
#5656=DIRECTION('',(1.0,0.0,0.0));
#5657=ORIENTED_EDGE('',*,*,#8345,.T.);
#5658=ORIENTED_EDGE('',*,*,#8350,.T.);
#5659=ORIENTED_EDGE('',*,*,#8351,.F.);
#5660=ORIENTED_EDGE('',*,*,#8349,.F.);
#5661=ORIENTED_EDGE('',*,*,#8351,.T.);
#5662=ORIENTED_EDGE('',*,*,#8352,.T.);
#5663=ORIENTED_EDGE('',*,*,#8353,.F.);
#5664=ORIENTED_EDGE('',*,*,#8354,.F.);
#5665=CARTESIAN_POINT('',(6.80636519024,-2.277815925574,-0.9682165493318));
#5666=DIRECTION('',(-0.173648177666905,-0.984807753012213,-2.54420324869263E-15));
#5667=DIRECTION('',(0.677172569214119,-0.119403794548103,0.726071653042221));
#5668=ORIENTED_EDGE('',*,*,#8355,.T.);
#5669=ORIENTED_EDGE('',*,*,#8238,.F.);
#5670=ORIENTED_EDGE('',*,*,#8348,.F.);
#5671=ORIENTED_EDGE('',*,*,#8354,.T.);
#5672=CARTESIAN_POINT('',(8.438640175056,1.698828513615,-5.8928));
#5673=DIRECTION('',(-0.984807753012213,0.173648177666902,0.0));
#5674=DIRECTION('',(0.0,0.0,1.0));
#5675=ORIENTED_EDGE('',*,*,#7364,.T.);
#5676=ORIENTED_EDGE('',*,*,#8239,.F.);
#5677=ORIENTED_EDGE('',*,*,#8355,.F.);
#5678=ORIENTED_EDGE('',*,*,#8356,.T.);
#5679=CARTESIAN_POINT('',(6.34746,2.06756,-5.8928));
#5680=DIRECTION('',(0.0,0.0,-1.0));
#5681=DIRECTION('',(1.0,0.0,0.0));
#5682=ORIENTED_EDGE('',*,*,#8353,.T.);
#5683=ORIENTED_EDGE('',*,*,#8357,.T.);
#5684=ORIENTED_EDGE('',*,*,#7359,.T.);
#5685=ORIENTED_EDGE('',*,*,#8358,.F.);
#5686=ORIENTED_EDGE('',*,*,#7365,.F.);
#5687=ORIENTED_EDGE('',*,*,#8356,.F.);
#5688=ORIENTED_EDGE('',*,*,#8358,.T.);
#5689=ORIENTED_EDGE('',*,*,#8359,.T.);
#5690=ORIENTED_EDGE('',*,*,#8333,.F.);
#5691=ORIENTED_EDGE('',*,*,#8360,.F.);
#5692=CARTESIAN_POINT('',(6.34822095991,3.27406,-0.9682165493318));
#5693=DIRECTION('',(1.0,-0.0,0.0));
#5694=DIRECTION('',(0.0,0.687619047619037,0.726071653042239));
#5695=ORIENTED_EDGE('',*,*,#7370,.F.);
#5696=ORIENTED_EDGE('',*,*,#8240,.F.);
#5697=ORIENTED_EDGE('',*,*,#7366,.F.);
#5698=ORIENTED_EDGE('',*,*,#8360,.T.);
#5699=CARTESIAN_POINT('',(-6.34746,4.191,-5.8928));
#5700=DIRECTION('',(0.0,-1.0,0.0));
#5701=DIRECTION('',(0.0,0.0,-1.0));
#5702=ORIENTED_EDGE('',*,*,#7358,.F.);
#5703=ORIENTED_EDGE('',*,*,#8361,.T.);
#5704=ORIENTED_EDGE('',*,*,#7362,.T.);
#5705=ORIENTED_EDGE('',*,*,#8359,.F.);
#5706=CARTESIAN_POINT('',(6.34746,4.60756,-5.8928));
#5707=DIRECTION('',(-0.0,1.0,0.0));
#5708=DIRECTION('',(1.0,0.0,0.0));
#5709=ORIENTED_EDGE('',*,*,#7360,.T.);
#5710=ORIENTED_EDGE('',*,*,#8362,.T.);
#5711=ORIENTED_EDGE('',*,*,#8363,.T.);
#5712=ORIENTED_EDGE('',*,*,#8334,.F.);
#5713=CARTESIAN_POINT('',(-6.34746,2.06756,-5.8928));
#5714=DIRECTION('',(0.0,0.0,-1.0));
#5715=DIRECTION('',(1.0,0.0,0.0));
#5716=ORIENTED_EDGE('',*,*,#8363,.F.);
#5717=ORIENTED_EDGE('',*,*,#8364,.T.);
#5718=ORIENTED_EDGE('',*,*,#8365,.T.);
#5719=ORIENTED_EDGE('',*,*,#8336,.F.);
#5720=CARTESIAN_POINT('',(-8.848871692651,1.626493628726,-5.8928));
#5721=DIRECTION('',(-0.984807753012213,-0.173648177666902,0.0));
#5722=DIRECTION('',(-0.173648177666902,0.984807753012213,0.0));
#5723=ORIENTED_EDGE('',*,*,#8365,.F.);
#5724=ORIENTED_EDGE('',*,*,#8366,.T.);
#5725=ORIENTED_EDGE('',*,*,#8367,.T.);
#5726=ORIENTED_EDGE('',*,*,#8342,.F.);
#5727=CARTESIAN_POINT('',(-5.618326775533,-2.06756,-5.8928));
#5728=DIRECTION('',(0.0,0.0,-1.0));
#5729=DIRECTION('',(1.0,0.0,0.0));
#5730=ORIENTED_EDGE('',*,*,#8367,.F.);
#5731=ORIENTED_EDGE('',*,*,#8368,.T.);
#5732=ORIENTED_EDGE('',*,*,#8369,.T.);
#5733=ORIENTED_EDGE('',*,*,#8344,.F.);
#5734=CARTESIAN_POINT('',(-5.618326775533,-4.60756,-5.8928));
#5735=DIRECTION('',(0.0,-1.0,0.0));
#5736=DIRECTION('',(0.0,0.0,-1.0));
#5737=ORIENTED_EDGE('',*,*,#8369,.F.);
#5738=ORIENTED_EDGE('',*,*,#8370,.T.);
#5739=ORIENTED_EDGE('',*,*,#8371,.T.);
#5740=ORIENTED_EDGE('',*,*,#8350,.F.);
#5741=CARTESIAN_POINT('',(5.618326775533,-2.06756,-5.8928));
#5742=DIRECTION('',(0.0,0.0,-1.0));
#5743=DIRECTION('',(1.0,0.0,0.0));
#5744=ORIENTED_EDGE('',*,*,#8371,.F.);
#5745=ORIENTED_EDGE('',*,*,#8372,.T.);
#5746=ORIENTED_EDGE('',*,*,#8373,.T.);
#5747=ORIENTED_EDGE('',*,*,#8352,.F.);
#5748=CARTESIAN_POINT('',(8.119738468184,-2.508626371274,-5.8928));
#5749=DIRECTION('',(0.984807753012213,-0.173648177666902,0.0));
#5750=DIRECTION('',(0.0,0.0,-1.0));
#5751=ORIENTED_EDGE('',*,*,#7356,.T.);
#5752=ORIENTED_EDGE('',*,*,#8357,.F.);
#5753=ORIENTED_EDGE('',*,*,#8373,.F.);
#5754=ORIENTED_EDGE('',*,*,#8374,.T.);
#5755=CARTESIAN_POINT('',(6.34746,2.06756,-5.8928));
#5756=DIRECTION('',(0.0,0.0,-1.0));
#5757=DIRECTION('',(1.0,0.0,0.0));
#5758=ORIENTED_EDGE('',*,*,#8375,.T.);
#5759=ORIENTED_EDGE('',*,*,#7357,.F.);
#5760=ORIENTED_EDGE('',*,*,#8374,.F.);
#5761=ORIENTED_EDGE('',*,*,#8376,.F.);
#5762=ORIENTED_EDGE('',*,*,#8377,.T.);
#5763=CARTESIAN_POINT('',(6.34746,2.06756,-5.3848));
#5764=DIRECTION('',(0.0,0.0,1.0));
#5765=DIRECTION('',(0.980517289216961,-0.196432801605592,0.0));
#5766=ORIENTED_EDGE('',*,*,#7838,.T.);
#5767=ORIENTED_EDGE('',*,*,#8378,.T.);
#5768=ORIENTED_EDGE('',*,*,#7862,.F.);
#5769=ORIENTED_EDGE('',*,*,#8379,.F.);
#5770=ORIENTED_EDGE('',*,*,#8380,.T.);
#5771=ORIENTED_EDGE('',*,*,#7563,.F.);
#5772=ORIENTED_EDGE('',*,*,#8381,.T.);
#5773=ORIENTED_EDGE('',*,*,#8382,.F.);
#5774=ORIENTED_EDGE('',*,*,#8383,.T.);
#5775=ORIENTED_EDGE('',*,*,#7536,.T.);
#5776=ORIENTED_EDGE('',*,*,#8384,.T.);
#5777=ORIENTED_EDGE('',*,*,#8385,.F.);
#5778=ORIENTED_EDGE('',*,*,#7845,.F.);
#5779=ORIENTED_EDGE('',*,*,#7841,.F.);
#5780=ORIENTED_EDGE('',*,*,#8386,.F.);
#5781=ORIENTED_EDGE('',*,*,#8377,.F.);
#5782=ORIENTED_EDGE('',*,*,#8387,.F.);
#5783=ORIENTED_EDGE('',*,*,#8388,.F.);
#5784=ORIENTED_EDGE('',*,*,#8389,.F.);
#5785=ORIENTED_EDGE('',*,*,#8390,.F.);
#5786=ORIENTED_EDGE('',*,*,#8391,.F.);
#5787=ORIENTED_EDGE('',*,*,#8392,.F.);
#5788=ORIENTED_EDGE('',*,*,#8393,.F.);
#5789=ORIENTED_EDGE('',*,*,#8394,.F.);
#5790=ORIENTED_EDGE('',*,*,#8395,.F.);
#5791=ORIENTED_EDGE('',*,*,#8396,.F.);
#5792=CARTESIAN_POINT('',(-15.5194,6.2738,-5.8928));
#5793=DIRECTION('',(0.0,0.0,1.0));
#5794=DIRECTION('',(1.0,0.0,0.0));
#5795=ORIENTED_EDGE('',*,*,#8397,.T.);
#5796=ORIENTED_EDGE('',*,*,#8307,.F.);
#5797=ORIENTED_EDGE('',*,*,#7846,.F.);
#5798=ORIENTED_EDGE('',*,*,#8385,.T.);
#5799=CARTESIAN_POINT('',(-14.2494,-5.3086,-5.8928));
#5800=DIRECTION('',(1.0,0.0,0.0));
#5801=DIRECTION('',(0.0,1.0,0.0));
#5802=ORIENTED_EDGE('',*,*,#8308,.F.);
#5803=ORIENTED_EDGE('',*,*,#8397,.F.);
#5804=ORIENTED_EDGE('',*,*,#8384,.F.);
#5805=ORIENTED_EDGE('',*,*,#7535,.F.);
#5806=CARTESIAN_POINT('',(-14.2494,-3.7338,-5.8928));
#5807=DIRECTION('',(0.0,0.0,-1.0));
#5808=DIRECTION('',(1.0,0.0,0.0));
#5809=ORIENTED_EDGE('',*,*,#7537,.F.);
#5810=ORIENTED_EDGE('',*,*,#8383,.F.);
#5811=ORIENTED_EDGE('',*,*,#8398,.T.);
#5812=ORIENTED_EDGE('',*,*,#8399,.F.);
#5813=ORIENTED_EDGE('',*,*,#8400,.T.);
#5814=ORIENTED_EDGE('',*,*,#8401,.F.);
#5815=CARTESIAN_POINT('',(-13.9446,4.699,-5.835081385854));
#5816=DIRECTION('',(0.0,0.0,1.0));
#5817=DIRECTION('',(-1.0,0.0,0.0));
#5818=ORIENTED_EDGE('',*,*,#8401,.T.);
#5819=ORIENTED_EDGE('',*,*,#8402,.T.);
#5820=ORIENTED_EDGE('',*,*,#7547,.F.);
#5821=ORIENTED_EDGE('',*,*,#7538,.F.);
#5822=CARTESIAN_POINT('',(-15.5194,6.2738,-8.54456));
#5823=DIRECTION('',(0.0,0.0,1.0));
#5824=DIRECTION('',(1.0,0.0,0.0));
#5825=ORIENTED_EDGE('',*,*,#8400,.F.);
#5826=ORIENTED_EDGE('',*,*,#8403,.T.);
#5827=ORIENTED_EDGE('',*,*,#7548,.F.);
#5828=ORIENTED_EDGE('',*,*,#8402,.F.);
#5829=CARTESIAN_POINT('',(-14.0843,6.2738,-8.54456));
#5830=DIRECTION('',(-1.0,0.0,0.0));
#5831=DIRECTION('',(0.0,0.0,1.0));
#5832=ORIENTED_EDGE('',*,*,#8404,.T.);
#5833=ORIENTED_EDGE('',*,*,#8405,.T.);
#5834=ORIENTED_EDGE('',*,*,#7549,.F.);
#5835=ORIENTED_EDGE('',*,*,#8403,.F.);
#5836=ORIENTED_EDGE('',*,*,#8399,.T.);
#5837=ORIENTED_EDGE('',*,*,#8406,.T.);
#5838=ORIENTED_EDGE('',*,*,#8407,.T.);
#5839=ORIENTED_EDGE('',*,*,#8408,.F.);
#5840=ORIENTED_EDGE('',*,*,#8409,.F.);
#5841=CARTESIAN_POINT('',(-14.0843,6.2738,-7.57936));
#5842=DIRECTION('',(0.0,0.0,1.0));
#5843=DIRECTION('',(1.0,0.0,0.0));
#5844=ORIENTED_EDGE('',*,*,#8410,.T.);
#5845=ORIENTED_EDGE('',*,*,#8411,.F.);
#5846=ORIENTED_EDGE('',*,*,#8412,.F.);
#5847=ORIENTED_EDGE('',*,*,#8409,.T.);
#5848=CARTESIAN_POINT('',(-11.4173,6.2738,-7.57936));
#5849=DIRECTION('',(1.0,0.0,0.0));
#5850=DIRECTION('',(0.0,1.0,0.0));
#5851=ORIENTED_EDGE('',*,*,#8413,.F.);
#5852=ORIENTED_EDGE('',*,*,#8414,.F.);
#5853=ORIENTED_EDGE('',*,*,#8415,.F.);
#5854=ORIENTED_EDGE('',*,*,#8404,.F.);
#5855=ORIENTED_EDGE('',*,*,#8412,.T.);
#5856=ORIENTED_EDGE('',*,*,#8416,.F.);
#5857=ORIENTED_EDGE('',*,*,#8417,.F.);
#5858=ORIENTED_EDGE('',*,*,#8406,.F.);
#5859=ORIENTED_EDGE('',*,*,#8398,.F.);
#5860=ORIENTED_EDGE('',*,*,#8382,.T.);
#5861=ORIENTED_EDGE('',*,*,#8418,.F.);
#5862=ORIENTED_EDGE('',*,*,#8419,.F.);
#5863=ORIENTED_EDGE('',*,*,#8420,.T.);
#5864=ORIENTED_EDGE('',*,*,#8421,.F.);
#5865=ORIENTED_EDGE('',*,*,#8422,.F.);
#5866=ORIENTED_EDGE('',*,*,#8423,.F.);
#5867=CARTESIAN_POINT('',(-15.5194,6.2738,-9.73836));
#5868=DIRECTION('',(-0.0,1.0,0.0));
#5869=DIRECTION('',(1.0,0.0,0.0));
#5870=ORIENTED_EDGE('',*,*,#8419,.T.);
#5871=ORIENTED_EDGE('',*,*,#8424,.F.);
#5872=ORIENTED_EDGE('',*,*,#8425,.T.);
#5873=ORIENTED_EDGE('',*,*,#7553,.F.);
#5874=ORIENTED_EDGE('',*,*,#8426,.F.);
#5875=ORIENTED_EDGE('',*,*,#8423,.T.);
#5876=ORIENTED_EDGE('',*,*,#8427,.T.);
#5877=ORIENTED_EDGE('',*,*,#8428,.F.);
#5878=ORIENTED_EDGE('',*,*,#8429,.F.);
#5879=CARTESIAN_POINT('',(10.9093,6.2738,-7.57936));
#5880=DIRECTION('',(0.0,0.0,1.0));
#5881=DIRECTION('',(1.0,0.0,0.0));
#5882=ORIENTED_EDGE('',*,*,#8430,.T.);
#5883=ORIENTED_EDGE('',*,*,#8431,.F.);
#5884=ORIENTED_EDGE('',*,*,#8420,.F.);
#5885=ORIENTED_EDGE('',*,*,#8429,.T.);
#5886=CARTESIAN_POINT('',(13.5763,6.2738,-7.57936));
#5887=DIRECTION('',(1.0,0.0,0.0));
#5888=DIRECTION('',(0.0,1.0,0.0));
#5889=ORIENTED_EDGE('',*,*,#8432,.T.);
#5890=ORIENTED_EDGE('',*,*,#8433,.T.);
#5891=ORIENTED_EDGE('',*,*,#8416,.T.);
#5892=ORIENTED_EDGE('',*,*,#8411,.T.);
#5893=CARTESIAN_POINT('',(-15.5194,3.302,-7.99592));
#5894=DIRECTION('',(0.0,0.0,-1.0));
#5895=DIRECTION('',(0.0,-1.0,0.0));
#5896=ORIENTED_EDGE('',*,*,#8431,.T.);
#5897=ORIENTED_EDGE('',*,*,#8434,.T.);
#5898=ORIENTED_EDGE('',*,*,#8435,.T.);
#5899=ORIENTED_EDGE('',*,*,#8421,.T.);
#5900=CARTESIAN_POINT('',(-15.5194,3.302,-7.99592));
#5901=DIRECTION('',(0.0,0.0,-1.0));
#5902=DIRECTION('',(0.0,-1.0,0.0));
#5903=ORIENTED_EDGE('',*,*,#8417,.T.);
#5904=ORIENTED_EDGE('',*,*,#8433,.F.);
#5905=ORIENTED_EDGE('',*,*,#8436,.F.);
#5906=ORIENTED_EDGE('',*,*,#8407,.F.);
#5907=CARTESIAN_POINT('',(-13.5763,4.8768,-7.57936));
#5908=DIRECTION('',(-1.0,0.0,0.0));
#5909=DIRECTION('',(0.0,0.0,1.0));
#5910=ORIENTED_EDGE('',*,*,#8436,.T.);
#5911=ORIENTED_EDGE('',*,*,#8432,.F.);
#5912=ORIENTED_EDGE('',*,*,#8410,.F.);
#5913=ORIENTED_EDGE('',*,*,#8408,.T.);
#5914=CARTESIAN_POINT('',(-11.4173,4.8768,-7.57936));
#5915=DIRECTION('',(0.0,-1.0,0.0));
#5916=DIRECTION('',(0.0,0.0,-1.0));
#5917=ORIENTED_EDGE('',*,*,#8422,.T.);
#5918=ORIENTED_EDGE('',*,*,#8435,.F.);
#5919=ORIENTED_EDGE('',*,*,#8437,.F.);
#5920=ORIENTED_EDGE('',*,*,#8427,.F.);
#5921=CARTESIAN_POINT('',(11.4173,4.8768,-7.57936));
#5922=DIRECTION('',(-1.0,0.0,0.0));
#5923=DIRECTION('',(0.0,0.0,1.0));
#5924=ORIENTED_EDGE('',*,*,#8437,.T.);
#5925=ORIENTED_EDGE('',*,*,#8434,.F.);
#5926=ORIENTED_EDGE('',*,*,#8430,.F.);
#5927=ORIENTED_EDGE('',*,*,#8428,.T.);
#5928=CARTESIAN_POINT('',(13.5763,4.8768,-7.57936));
#5929=DIRECTION('',(0.0,-1.0,0.0));
#5930=DIRECTION('',(0.0,0.0,-1.0));
#5931=ORIENTED_EDGE('',*,*,#8426,.T.);
#5932=ORIENTED_EDGE('',*,*,#7552,.F.);
#5933=ORIENTED_EDGE('',*,*,#8438,.F.);
#5934=ORIENTED_EDGE('',*,*,#8413,.T.);
#5935=CARTESIAN_POINT('',(10.9093,6.2738,-8.54456));
#5936=DIRECTION('',(-1.0,0.0,0.0));
#5937=DIRECTION('',(0.0,0.0,1.0));
#5938=ORIENTED_EDGE('',*,*,#8438,.T.);
#5939=ORIENTED_EDGE('',*,*,#7551,.F.);
#5940=ORIENTED_EDGE('',*,*,#8439,.F.);
#5941=ORIENTED_EDGE('',*,*,#8414,.T.);
#5942=CARTESIAN_POINT('',(-10.9093,6.2738,-8.54456));
#5943=DIRECTION('',(0.0,0.0,1.0));
#5944=DIRECTION('',(1.0,0.0,0.0));
#5945=ORIENTED_EDGE('',*,*,#8439,.T.);
#5946=ORIENTED_EDGE('',*,*,#7550,.F.);
#5947=ORIENTED_EDGE('',*,*,#8405,.F.);
#5948=ORIENTED_EDGE('',*,*,#8415,.T.);
#5949=CARTESIAN_POINT('',(-10.9093,6.2738,-7.57936));
#5950=DIRECTION('',(1.0,0.0,0.0));
#5951=DIRECTION('',(0.0,1.0,0.0));
#5952=ORIENTED_EDGE('',*,*,#8440,.F.);
#5953=ORIENTED_EDGE('',*,*,#8441,.T.);
#5954=ORIENTED_EDGE('',*,*,#7554,.F.);
#5955=ORIENTED_EDGE('',*,*,#8425,.F.);
#5956=CARTESIAN_POINT('',(14.0843,6.2738,-7.57936));
#5957=DIRECTION('',(1.0,0.0,0.0));
#5958=DIRECTION('',(0.0,1.0,0.0));
#5959=ORIENTED_EDGE('',*,*,#7555,.F.);
#5960=ORIENTED_EDGE('',*,*,#8441,.F.);
#5961=ORIENTED_EDGE('',*,*,#8442,.F.);
#5962=ORIENTED_EDGE('',*,*,#7561,.T.);
#5963=CARTESIAN_POINT('',(14.0843,6.2738,-8.54456));
#5964=DIRECTION('',(0.0,0.0,1.0));
#5965=DIRECTION('',(1.0,0.0,0.0));
#5966=ORIENTED_EDGE('',*,*,#8418,.T.);
#5967=ORIENTED_EDGE('',*,*,#8381,.F.);
#5968=ORIENTED_EDGE('',*,*,#7562,.F.);
#5969=ORIENTED_EDGE('',*,*,#8442,.T.);
#5970=ORIENTED_EDGE('',*,*,#8440,.T.);
#5971=ORIENTED_EDGE('',*,*,#8424,.T.);
#5972=CARTESIAN_POINT('',(13.9446,4.699,-9.793423007867));
#5973=DIRECTION('',(0.0,0.0,-1.0));
#5974=DIRECTION('',(1.0,0.0,0.0));
#5975=ORIENTED_EDGE('',*,*,#8380,.F.);
#5976=ORIENTED_EDGE('',*,*,#8443,.T.);
#5977=ORIENTED_EDGE('',*,*,#8309,.F.);
#5978=ORIENTED_EDGE('',*,*,#7564,.T.);
#5979=CARTESIAN_POINT('',(14.2494,-3.7338,-5.8928));
#5980=DIRECTION('',(0.0,0.0,-1.0));
#5981=DIRECTION('',(1.0,0.0,0.0));
#5982=ORIENTED_EDGE('',*,*,#7861,.T.);
#5983=ORIENTED_EDGE('',*,*,#8310,.F.);
#5984=ORIENTED_EDGE('',*,*,#8443,.F.);
#5985=ORIENTED_EDGE('',*,*,#8379,.T.);
#5986=CARTESIAN_POINT('',(14.2494,-5.0038,-5.8928));
#5987=DIRECTION('',(-1.0,0.0,0.0));
#5988=DIRECTION('',(0.0,0.0,1.0));
#5989=ORIENTED_EDGE('',*,*,#8444,.T.);
#5990=ORIENTED_EDGE('',*,*,#7863,.F.);
#5991=ORIENTED_EDGE('',*,*,#8378,.F.);
#5992=ORIENTED_EDGE('',*,*,#7837,.F.);
#5993=CARTESIAN_POINT('',(10.6553,-6.2738,-6.30936));
#5994=DIRECTION('',(-1.0,0.0,0.0));
#5995=DIRECTION('',(0.0,0.0,1.0));
#5996=ORIENTED_EDGE('',*,*,#8445,.T.);
#5997=ORIENTED_EDGE('',*,*,#7858,.F.);
#5998=ORIENTED_EDGE('',*,*,#8444,.F.);
#5999=ORIENTED_EDGE('',*,*,#7836,.T.);
#6000=CARTESIAN_POINT('',(10.6553,-6.2738,-12.25296));
#6001=DIRECTION('',(0.0,0.0,1.0));
#6002=DIRECTION('',(1.0,0.0,0.0));
#6003=ORIENTED_EDGE('',*,*,#7661,.T.);
#6004=ORIENTED_EDGE('',*,*,#7859,.F.);
#6005=ORIENTED_EDGE('',*,*,#8445,.F.);
#6006=ORIENTED_EDGE('',*,*,#7835,.F.);
#6007=CARTESIAN_POINT('',(9.4234,-6.2738,-12.25296));
#6008=DIRECTION('',(-1.0,0.0,0.0));
#6009=DIRECTION('',(0.0,0.0,1.0));
#6010=ORIENTED_EDGE('',*,*,#8446,.T.);
#6011=ORIENTED_EDGE('',*,*,#8362,.F.);
#6012=ORIENTED_EDGE('',*,*,#7363,.F.);
#6013=ORIENTED_EDGE('',*,*,#8447,.F.);
#6014=ORIENTED_EDGE('',*,*,#8392,.T.);
#6015=CARTESIAN_POINT('',(-6.34746,2.06756,-5.3848));
#6016=DIRECTION('',(0.0,-0.0,1.0));
#6017=DIRECTION('',(0.02318350552364,0.999731226416198,0.0));
#6018=ORIENTED_EDGE('',*,*,#8447,.T.);
#6019=ORIENTED_EDGE('',*,*,#8361,.F.);
#6020=ORIENTED_EDGE('',*,*,#8375,.F.);
#6021=ORIENTED_EDGE('',*,*,#8386,.T.);
#6022=CARTESIAN_POINT('',(6.406351380274,5.11556,-5.3848));
#6023=DIRECTION('',(1.0,-0.0,0.0));
#6024=DIRECTION('',(0.0,0.0,-1.0));
#6025=ORIENTED_EDGE('',*,*,#8448,.T.);
#6026=ORIENTED_EDGE('',*,*,#8364,.F.);
#6027=ORIENTED_EDGE('',*,*,#8446,.F.);
#6028=ORIENTED_EDGE('',*,*,#8391,.T.);
#6029=CARTESIAN_POINT('',(-9.359380412046,1.59627704235,-5.3848));
#6030=DIRECTION('',(-0.173648177666902,0.984807753012213,0.0));
#6031=DIRECTION('',(0.0,0.0,-1.0));
#6032=ORIENTED_EDGE('',*,*,#8449,.T.);
#6033=ORIENTED_EDGE('',*,*,#8366,.F.);
#6034=ORIENTED_EDGE('',*,*,#8448,.F.);
#6035=ORIENTED_EDGE('',*,*,#8390,.T.);
#6036=CARTESIAN_POINT('',(-5.618326775533,-2.06756,-5.3848));
#6037=DIRECTION('',(0.0,0.0,1.0));
#6038=DIRECTION('',(-0.988568836189189,-0.150770209642198,0.0));
#6039=ORIENTED_EDGE('',*,*,#8450,.T.);
#6040=ORIENTED_EDGE('',*,*,#8368,.F.);
#6041=ORIENTED_EDGE('',*,*,#8449,.F.);
#6042=ORIENTED_EDGE('',*,*,#8389,.T.);
#6043=CARTESIAN_POINT('',(-5.677218155807,-5.11556,-5.3848));
#6044=DIRECTION('',(-1.0,0.0,-0.0));
#6045=DIRECTION('',(0.0,0.0,-1.0));
#6046=ORIENTED_EDGE('',*,*,#8451,.T.);
#6047=ORIENTED_EDGE('',*,*,#8370,.F.);
#6048=ORIENTED_EDGE('',*,*,#8450,.F.);
#6049=ORIENTED_EDGE('',*,*,#8388,.T.);
#6050=CARTESIAN_POINT('',(5.618326775533,-2.06756,-5.3848));
#6051=DIRECTION('',(0.0,0.0,1.0));
#6052=DIRECTION('',(-0.02318350552363,-0.999731226416198,0.0));
#6053=ORIENTED_EDGE('',*,*,#8376,.T.);
#6054=ORIENTED_EDGE('',*,*,#8372,.F.);
#6055=ORIENTED_EDGE('',*,*,#8451,.F.);
#6056=ORIENTED_EDGE('',*,*,#8387,.T.);
#6057=CARTESIAN_POINT('',(8.609794425849,-2.654836333408,-5.3848));
#6058=DIRECTION('',(-0.173648177666902,-0.984807753012213,-0.0));
#6059=DIRECTION('',(0.0,0.0,-1.0));
#6060=ORIENTED_EDGE('',*,*,#8452,.T.);
#6061=ORIENTED_EDGE('',*,*,#8453,.F.);
#6062=ORIENTED_EDGE('',*,*,#8454,.F.);
#6063=ORIENTED_EDGE('',*,*,#8394,.T.);
#6064=CARTESIAN_POINT('',(12.4968,0.0,-5.8928));
#6065=DIRECTION('',(0.0,0.0,-1.0));
#6066=DIRECTION('',(1.0,0.0,0.0));
#6067=ORIENTED_EDGE('',*,*,#8454,.T.);
#6068=ORIENTED_EDGE('',*,*,#8455,.F.);
#6069=ORIENTED_EDGE('',*,*,#8452,.F.);
#6070=ORIENTED_EDGE('',*,*,#8393,.T.);
#6071=CARTESIAN_POINT('',(12.4968,0.0,-5.8928));
#6072=DIRECTION('',(0.0,0.0,-1.0));
#6073=DIRECTION('',(1.0,0.0,0.0));
#6074=ORIENTED_EDGE('',*,*,#8455,.T.);
#6075=ORIENTED_EDGE('',*,*,#8453,.T.);
#6076=ORIENTED_EDGE('',*,*,#8456,.F.);
#6077=ORIENTED_EDGE('',*,*,#8457,.F.);
#6078=CARTESIAN_POINT('',(-15.5194,0.0,-6.30936));
#6079=DIRECTION('',(0.0,0.0,1.0));
#6080=DIRECTION('',(1.0,0.0,0.0));
#6081=ORIENTED_EDGE('',*,*,#8458,.T.);
#6082=ORIENTED_EDGE('',*,*,#8459,.T.);
#6083=ORIENTED_EDGE('',*,*,#8460,.F.);
#6084=ORIENTED_EDGE('',*,*,#8461,.F.);
#6085=CARTESIAN_POINT('',(-15.5194,0.0,-6.30936));
#6086=DIRECTION('',(0.0,0.0,1.0));
#6087=DIRECTION('',(1.0,0.0,0.0));
#6088=ORIENTED_EDGE('',*,*,#8462,.T.);
#6089=ORIENTED_EDGE('',*,*,#8459,.F.);
#6090=ORIENTED_EDGE('',*,*,#8463,.F.);
#6091=ORIENTED_EDGE('',*,*,#8396,.T.);
#6092=CARTESIAN_POINT('',(-12.4968,0.0,-5.8928));
#6093=DIRECTION('',(0.0,0.0,-1.0));
#6094=DIRECTION('',(1.0,0.0,0.0));
#6095=ORIENTED_EDGE('',*,*,#8463,.T.);
#6096=ORIENTED_EDGE('',*,*,#8458,.F.);
#6097=ORIENTED_EDGE('',*,*,#8462,.F.);
#6098=ORIENTED_EDGE('',*,*,#8395,.T.);
#6099=CARTESIAN_POINT('',(-12.4968,0.0,-5.8928));
#6100=DIRECTION('',(0.0,0.0,-1.0));
#6101=DIRECTION('',(1.0,0.0,0.0));
#6102=ORIENTED_EDGE('',*,*,#8464,.T.);
#6103=ORIENTED_EDGE('',*,*,#8465,.F.);
#6104=ORIENTED_EDGE('',*,*,#8466,.F.);
#6105=ORIENTED_EDGE('',*,*,#8457,.T.);
#6106=CARTESIAN_POINT('',(12.4968,0.0,-6.30936));
#6107=DIRECTION('',(0.0,0.0,-1.0));
#6108=DIRECTION('',(1.0,0.0,0.0));
#6109=ORIENTED_EDGE('',*,*,#8466,.T.);
#6110=ORIENTED_EDGE('',*,*,#8467,.F.);
#6111=ORIENTED_EDGE('',*,*,#8464,.F.);
#6112=ORIENTED_EDGE('',*,*,#8456,.T.);
#6113=CARTESIAN_POINT('',(12.4968,0.0,-6.30936));
#6114=DIRECTION('',(0.0,0.0,-1.0));
#6115=DIRECTION('',(1.0,0.0,0.0));
#6116=ORIENTED_EDGE('',*,*,#8467,.T.);
#6117=ORIENTED_EDGE('',*,*,#8465,.T.);
#6118=ORIENTED_EDGE('',*,*,#8468,.F.);
#6119=ORIENTED_EDGE('',*,*,#8469,.F.);
#6120=CARTESIAN_POINT('',(-15.5194,0.0,-7.309358));
#6121=DIRECTION('',(0.0,0.0,1.0));
#6122=DIRECTION('',(1.0,0.0,0.0));
#6123=ORIENTED_EDGE('',*,*,#8470,.T.);
#6124=ORIENTED_EDGE('',*,*,#8471,.T.);
#6125=ORIENTED_EDGE('',*,*,#8472,.F.);
#6126=ORIENTED_EDGE('',*,*,#8473,.F.);
#6127=CARTESIAN_POINT('',(-15.5194,0.0,-7.309358));
#6128=DIRECTION('',(0.0,0.0,1.0));
#6129=DIRECTION('',(1.0,0.0,0.0));
#6130=ORIENTED_EDGE('',*,*,#8474,.T.);
#6131=ORIENTED_EDGE('',*,*,#8471,.F.);
#6132=ORIENTED_EDGE('',*,*,#8475,.F.);
#6133=ORIENTED_EDGE('',*,*,#8461,.T.);
#6134=CARTESIAN_POINT('',(-12.4968,0.0,-6.30936));
#6135=DIRECTION('',(0.0,0.0,-1.0));
#6136=DIRECTION('',(1.0,0.0,0.0));
#6137=ORIENTED_EDGE('',*,*,#8475,.T.);
#6138=ORIENTED_EDGE('',*,*,#8470,.F.);
#6139=ORIENTED_EDGE('',*,*,#8474,.F.);
#6140=ORIENTED_EDGE('',*,*,#8460,.T.);
#6141=CARTESIAN_POINT('',(-12.4968,0.0,-6.30936));
#6142=DIRECTION('',(0.0,0.0,-1.0));
#6143=DIRECTION('',(1.0,0.0,0.0));
#6144=ORIENTED_EDGE('',*,*,#8469,.T.);
#6145=ORIENTED_EDGE('',*,*,#8476,.T.);
#6146=ORIENTED_EDGE('',*,*,#8477,.F.);
#6147=ORIENTED_EDGE('',*,*,#8478,.F.);
#6148=CARTESIAN_POINT('',(12.4968,0.0,-7.6743179));
#6149=DIRECTION('',(-0.0,0.0,-1.0));
#6150=DIRECTION('',(-1.0,0.0,0.0));
#6151=ORIENTED_EDGE('',*,*,#8479,.T.);
#6152=ORIENTED_EDGE('',*,*,#8476,.F.);
#6153=ORIENTED_EDGE('',*,*,#8468,.T.);
#6154=ORIENTED_EDGE('',*,*,#8478,.T.);
#6155=CARTESIAN_POINT('',(12.4968,0.0,-7.6743179));
#6156=DIRECTION('',(-0.0,0.0,-1.0));
#6157=DIRECTION('',(-1.0,0.0,0.0));
#6158=ORIENTED_EDGE('',*,*,#8480,.T.);
#6159=ORIENTED_EDGE('',*,*,#8481,.F.);
#6160=ORIENTED_EDGE('',*,*,#8479,.F.);
#6161=ORIENTED_EDGE('',*,*,#8482,.T.);
#6162=CARTESIAN_POINT('',(12.4968,0.0,-5.85851));
#6163=DIRECTION('',(0.0,-0.0,-1.0));
#6164=DIRECTION('',(1.0,0.0,0.0));
#6165=ORIENTED_EDGE('',*,*,#8477,.T.);
#6166=ORIENTED_EDGE('',*,*,#8481,.T.);
#6167=ORIENTED_EDGE('',*,*,#8483,.F.);
#6168=ORIENTED_EDGE('',*,*,#8482,.F.);
#6169=CARTESIAN_POINT('',(12.4968,0.0,-5.85851));
#6170=DIRECTION('',(0.0,-0.0,-1.0));
#6171=DIRECTION('',(1.0,0.0,0.0));
#6172=ORIENTED_EDGE('',*,*,#8483,.T.);
#6173=ORIENTED_EDGE('',*,*,#8484,.T.);
#6174=ORIENTED_EDGE('',*,*,#8485,.F.);
#6175=ORIENTED_EDGE('',*,*,#8486,.F.);
#6176=CARTESIAN_POINT('',(12.4968,0.0,-7.6743179));
#6177=DIRECTION('',(-0.0,0.0,-1.0));
#6178=DIRECTION('',(-1.0,0.0,0.0));
#6179=ORIENTED_EDGE('',*,*,#8487,.T.);
#6180=ORIENTED_EDGE('',*,*,#8484,.F.);
#6181=ORIENTED_EDGE('',*,*,#8480,.F.);
#6182=ORIENTED_EDGE('',*,*,#8486,.T.);
#6183=CARTESIAN_POINT('',(12.4968,0.0,-7.6743179));
#6184=DIRECTION('',(-0.0,0.0,-1.0));
#6185=DIRECTION('',(-1.0,0.0,0.0));
#6186=ORIENTED_EDGE('',*,*,#8488,.T.);
#6187=ORIENTED_EDGE('',*,*,#8489,.F.);
#6188=ORIENTED_EDGE('',*,*,#8485,.T.);
#6189=ORIENTED_EDGE('',*,*,#8487,.F.);
#6190=CARTESIAN_POINT('',(12.4968,0.0,-5.31876));
#6191=DIRECTION('',(0.0,0.0,1.0));
#6192=DIRECTION('',(1.0,0.0,0.0));
#6193=ORIENTED_EDGE('',*,*,#8489,.T.);
#6194=ORIENTED_EDGE('',*,*,#8490,.T.);
#6195=ORIENTED_EDGE('',*,*,#8491,.F.);
#6196=ORIENTED_EDGE('',*,*,#8492,.F.);
#6197=CARTESIAN_POINT('',(12.4968,0.0,-7.6743179));
#6198=DIRECTION('',(-0.0,0.0,-1.0));
#6199=DIRECTION('',(-1.0,0.0,0.0));
#6200=ORIENTED_EDGE('',*,*,#8493,.T.);
#6201=ORIENTED_EDGE('',*,*,#8490,.F.);
#6202=ORIENTED_EDGE('',*,*,#8488,.F.);
#6203=ORIENTED_EDGE('',*,*,#8492,.T.);
#6204=CARTESIAN_POINT('',(12.4968,0.0,-7.6743179));
#6205=DIRECTION('',(-0.0,0.0,-1.0));
#6206=DIRECTION('',(-1.0,0.0,0.0));
#6207=ORIENTED_EDGE('',*,*,#8491,.T.);
#6208=ORIENTED_EDGE('',*,*,#8493,.F.);
#6209=ORIENTED_EDGE('',*,*,#8494,.T.);
#6210=ORIENTED_EDGE('',*,*,#8495,.F.);
#6211=CARTESIAN_POINT('',(12.4968,0.0,-0.01016));
#6212=DIRECTION('',(0.0,0.0,1.0));
#6213=DIRECTION('',(1.0,0.0,0.0));
#6214=ORIENTED_EDGE('',*,*,#8495,.T.);
#6215=ORIENTED_EDGE('',*,*,#8496,.T.);
#6216=ORIENTED_EDGE('',*,*,#8497,.F.);
#6217=ORIENTED_EDGE('',*,*,#8498,.F.);
#6218=CARTESIAN_POINT('',(12.4968,0.0,-7.6743179));
#6219=DIRECTION('',(-0.0,0.0,-1.0));
#6220=DIRECTION('',(-1.0,0.0,0.0));
#6221=ORIENTED_EDGE('',*,*,#8499,.T.);
#6222=ORIENTED_EDGE('',*,*,#8496,.F.);
#6223=ORIENTED_EDGE('',*,*,#8494,.F.);
#6224=ORIENTED_EDGE('',*,*,#8498,.T.);
#6225=CARTESIAN_POINT('',(12.4968,0.0,-7.6743179));
#6226=DIRECTION('',(-0.0,0.0,-1.0));
#6227=DIRECTION('',(-1.0,0.0,0.0));
#6228=ORIENTED_EDGE('',*,*,#8497,.T.);
#6229=ORIENTED_EDGE('',*,*,#8499,.F.);
#6230=CARTESIAN_POINT('',(12.4968,0.0,-1.010158));
#6231=DIRECTION('',(0.0,0.0,1.0));
#6232=DIRECTION('',(1.0,0.0,0.0));
#6233=ORIENTED_EDGE('',*,*,#8473,.T.);
#6234=ORIENTED_EDGE('',*,*,#8500,.T.);
#6235=ORIENTED_EDGE('',*,*,#8501,.F.);
#6236=ORIENTED_EDGE('',*,*,#8502,.F.);
#6237=CARTESIAN_POINT('',(-12.4968,0.0,-7.6743179));
#6238=DIRECTION('',(-0.0,0.0,-1.0));
#6239=DIRECTION('',(-1.0,0.0,0.0));
#6240=ORIENTED_EDGE('',*,*,#8503,.T.);
#6241=ORIENTED_EDGE('',*,*,#8500,.F.);
#6242=ORIENTED_EDGE('',*,*,#8472,.T.);
#6243=ORIENTED_EDGE('',*,*,#8502,.T.);
#6244=CARTESIAN_POINT('',(-12.4968,0.0,-7.6743179));
#6245=DIRECTION('',(-0.0,0.0,-1.0));
#6246=DIRECTION('',(-1.0,0.0,0.0));
#6247=ORIENTED_EDGE('',*,*,#8504,.T.);
#6248=ORIENTED_EDGE('',*,*,#8505,.F.);
#6249=ORIENTED_EDGE('',*,*,#8503,.F.);
#6250=ORIENTED_EDGE('',*,*,#8506,.T.);
#6251=CARTESIAN_POINT('',(-12.4968,0.0,-5.85851));
#6252=DIRECTION('',(0.0,-0.0,-1.0));
#6253=DIRECTION('',(1.0,0.0,0.0));
#6254=ORIENTED_EDGE('',*,*,#8501,.T.);
#6255=ORIENTED_EDGE('',*,*,#8505,.T.);
#6256=ORIENTED_EDGE('',*,*,#8507,.F.);
#6257=ORIENTED_EDGE('',*,*,#8506,.F.);
#6258=CARTESIAN_POINT('',(-12.4968,0.0,-5.85851));
#6259=DIRECTION('',(0.0,-0.0,-1.0));
#6260=DIRECTION('',(1.0,0.0,0.0));
#6261=ORIENTED_EDGE('',*,*,#8507,.T.);
#6262=ORIENTED_EDGE('',*,*,#8508,.T.);
#6263=ORIENTED_EDGE('',*,*,#8509,.F.);
#6264=ORIENTED_EDGE('',*,*,#8510,.F.);
#6265=CARTESIAN_POINT('',(-12.4968,0.0,-7.6743179));
#6266=DIRECTION('',(-0.0,0.0,-1.0));
#6267=DIRECTION('',(-1.0,0.0,0.0));
#6268=ORIENTED_EDGE('',*,*,#8511,.T.);
#6269=ORIENTED_EDGE('',*,*,#8508,.F.);
#6270=ORIENTED_EDGE('',*,*,#8504,.F.);
#6271=ORIENTED_EDGE('',*,*,#8510,.T.);
#6272=CARTESIAN_POINT('',(-12.4968,0.0,-7.6743179));
#6273=DIRECTION('',(-0.0,0.0,-1.0));
#6274=DIRECTION('',(-1.0,0.0,0.0));
#6275=ORIENTED_EDGE('',*,*,#8512,.T.);
#6276=ORIENTED_EDGE('',*,*,#8513,.F.);
#6277=ORIENTED_EDGE('',*,*,#8509,.T.);
#6278=ORIENTED_EDGE('',*,*,#8511,.F.);
#6279=CARTESIAN_POINT('',(-12.4968,0.0,-5.31876));
#6280=DIRECTION('',(0.0,0.0,1.0));
#6281=DIRECTION('',(1.0,0.0,0.0));
#6282=ORIENTED_EDGE('',*,*,#8513,.T.);
#6283=ORIENTED_EDGE('',*,*,#8514,.T.);
#6284=ORIENTED_EDGE('',*,*,#8515,.F.);
#6285=ORIENTED_EDGE('',*,*,#8516,.F.);
#6286=CARTESIAN_POINT('',(-12.4968,0.0,-7.6743179));
#6287=DIRECTION('',(-0.0,0.0,-1.0));
#6288=DIRECTION('',(-1.0,0.0,0.0));
#6289=ORIENTED_EDGE('',*,*,#8517,.T.);
#6290=ORIENTED_EDGE('',*,*,#8514,.F.);
#6291=ORIENTED_EDGE('',*,*,#8512,.F.);
#6292=ORIENTED_EDGE('',*,*,#8516,.T.);
#6293=CARTESIAN_POINT('',(-12.4968,0.0,-7.6743179));
#6294=DIRECTION('',(-0.0,0.0,-1.0));
#6295=DIRECTION('',(-1.0,0.0,0.0));
#6296=ORIENTED_EDGE('',*,*,#8515,.T.);
#6297=ORIENTED_EDGE('',*,*,#8517,.F.);
#6298=ORIENTED_EDGE('',*,*,#8518,.T.);
#6299=ORIENTED_EDGE('',*,*,#8519,.F.);
#6300=CARTESIAN_POINT('',(-12.4968,0.0,-0.01016));
#6301=DIRECTION('',(0.0,0.0,1.0));
#6302=DIRECTION('',(1.0,0.0,0.0));
#6303=ORIENTED_EDGE('',*,*,#8519,.T.);
#6304=ORIENTED_EDGE('',*,*,#8520,.T.);
#6305=ORIENTED_EDGE('',*,*,#8521,.F.);
#6306=ORIENTED_EDGE('',*,*,#8522,.F.);
#6307=CARTESIAN_POINT('',(-12.4968,0.0,-7.6743179));
#6308=DIRECTION('',(-0.0,0.0,-1.0));
#6309=DIRECTION('',(-1.0,0.0,0.0));
#6310=ORIENTED_EDGE('',*,*,#8523,.T.);
#6311=ORIENTED_EDGE('',*,*,#8520,.F.);
#6312=ORIENTED_EDGE('',*,*,#8518,.F.);
#6313=ORIENTED_EDGE('',*,*,#8522,.T.);
#6314=CARTESIAN_POINT('',(-12.4968,0.0,-7.6743179));
#6315=DIRECTION('',(-0.0,0.0,-1.0));
#6316=DIRECTION('',(-1.0,0.0,0.0));
#6317=ORIENTED_EDGE('',*,*,#8521,.T.);
#6318=ORIENTED_EDGE('',*,*,#8523,.F.);
#6319=CARTESIAN_POINT('',(-12.4968,0.0,-1.010158));
#6320=DIRECTION('',(0.0,0.0,1.0));
#6321=DIRECTION('',(1.0,0.0,0.0));
#6322=ORIENTED_EDGE('',*,*,#8524,.T.);
#6323=ORIENTED_EDGE('',*,*,#8525,.F.);
#6324=ORIENTED_EDGE('',*,*,#8526,.F.);
#6325=ORIENTED_EDGE('',*,*,#8243,.T.);
#6326=CARTESIAN_POINT('',(-5.4864,1.4224,-6.30936));
#6327=DIRECTION('',(0.0,0.0,-1.0));
#6328=DIRECTION('',(1.0,0.0,0.0));
#6329=ORIENTED_EDGE('',*,*,#8526,.T.);
#6330=ORIENTED_EDGE('',*,*,#8527,.F.);
#6331=ORIENTED_EDGE('',*,*,#8524,.F.);
#6332=ORIENTED_EDGE('',*,*,#8242,.T.);
#6333=CARTESIAN_POINT('',(-5.4864,1.4224,-6.30936));
#6334=DIRECTION('',(0.0,0.0,-1.0));
#6335=DIRECTION('',(1.0,0.0,0.0));
#6336=ORIENTED_EDGE('',*,*,#8527,.T.);
#6337=ORIENTED_EDGE('',*,*,#8525,.T.);
#6338=CARTESIAN_POINT('',(-15.5194,0.0,-1.35636));
#6339=DIRECTION('',(0.0,0.0,1.0));
#6340=DIRECTION('',(1.0,0.0,0.0));
#6341=ORIENTED_EDGE('',*,*,#8528,.T.);
#6342=ORIENTED_EDGE('',*,*,#8529,.F.);
#6343=ORIENTED_EDGE('',*,*,#8530,.F.);
#6344=ORIENTED_EDGE('',*,*,#8245,.T.);
#6345=CARTESIAN_POINT('',(-2.7432,1.4224,-6.30936));
#6346=DIRECTION('',(0.0,0.0,-1.0));
#6347=DIRECTION('',(1.0,0.0,0.0));
#6348=ORIENTED_EDGE('',*,*,#8530,.T.);
#6349=ORIENTED_EDGE('',*,*,#8531,.F.);
#6350=ORIENTED_EDGE('',*,*,#8528,.F.);
#6351=ORIENTED_EDGE('',*,*,#8244,.T.);
#6352=CARTESIAN_POINT('',(-2.7432,1.4224,-6.30936));
#6353=DIRECTION('',(0.0,0.0,-1.0));
#6354=DIRECTION('',(1.0,0.0,0.0));
#6355=ORIENTED_EDGE('',*,*,#8531,.T.);
#6356=ORIENTED_EDGE('',*,*,#8529,.T.);
#6357=CARTESIAN_POINT('',(-12.7762,0.0,-1.35636));
#6358=DIRECTION('',(0.0,0.0,1.0));
#6359=DIRECTION('',(1.0,0.0,0.0));
#6360=ORIENTED_EDGE('',*,*,#8532,.T.);
#6361=ORIENTED_EDGE('',*,*,#8533,.F.);
#6362=ORIENTED_EDGE('',*,*,#8534,.F.);
#6363=ORIENTED_EDGE('',*,*,#8247,.T.);
#6364=CARTESIAN_POINT('',(0.0,1.4224,-6.30936));
#6365=DIRECTION('',(0.0,0.0,-1.0));
#6366=DIRECTION('',(1.0,0.0,0.0));
#6367=ORIENTED_EDGE('',*,*,#8534,.T.);
#6368=ORIENTED_EDGE('',*,*,#8535,.F.);
#6369=ORIENTED_EDGE('',*,*,#8532,.F.);
#6370=ORIENTED_EDGE('',*,*,#8246,.T.);
#6371=CARTESIAN_POINT('',(0.0,1.4224,-6.30936));
#6372=DIRECTION('',(0.0,0.0,-1.0));
#6373=DIRECTION('',(1.0,0.0,0.0));
#6374=ORIENTED_EDGE('',*,*,#8535,.T.);
#6375=ORIENTED_EDGE('',*,*,#8533,.T.);
#6376=CARTESIAN_POINT('',(-10.033,0.0,-1.35636));
#6377=DIRECTION('',(0.0,0.0,1.0));
#6378=DIRECTION('',(1.0,0.0,0.0));
#6379=ORIENTED_EDGE('',*,*,#8536,.T.);
#6380=ORIENTED_EDGE('',*,*,#8537,.F.);
#6381=ORIENTED_EDGE('',*,*,#8538,.F.);
#6382=ORIENTED_EDGE('',*,*,#8249,.T.);
#6383=CARTESIAN_POINT('',(2.7432,1.4224,-6.30936));
#6384=DIRECTION('',(0.0,0.0,-1.0));
#6385=DIRECTION('',(1.0,0.0,0.0));
#6386=ORIENTED_EDGE('',*,*,#8538,.T.);
#6387=ORIENTED_EDGE('',*,*,#8539,.F.);
#6388=ORIENTED_EDGE('',*,*,#8536,.F.);
#6389=ORIENTED_EDGE('',*,*,#8248,.T.);
#6390=CARTESIAN_POINT('',(2.7432,1.4224,-6.30936));
#6391=DIRECTION('',(0.0,0.0,-1.0));
#6392=DIRECTION('',(1.0,0.0,0.0));
#6393=ORIENTED_EDGE('',*,*,#8539,.T.);
#6394=ORIENTED_EDGE('',*,*,#8537,.T.);
#6395=CARTESIAN_POINT('',(-7.2898,0.0,-1.35636));
#6396=DIRECTION('',(0.0,0.0,1.0));
#6397=DIRECTION('',(1.0,0.0,0.0));
#6398=ORIENTED_EDGE('',*,*,#8540,.T.);
#6399=ORIENTED_EDGE('',*,*,#8541,.F.);
#6400=ORIENTED_EDGE('',*,*,#8542,.F.);
#6401=ORIENTED_EDGE('',*,*,#8251,.T.);
#6402=CARTESIAN_POINT('',(5.4864,1.4224,-6.30936));
#6403=DIRECTION('',(0.0,0.0,-1.0));
#6404=DIRECTION('',(1.0,0.0,0.0));
#6405=ORIENTED_EDGE('',*,*,#8542,.T.);
#6406=ORIENTED_EDGE('',*,*,#8543,.F.);
#6407=ORIENTED_EDGE('',*,*,#8540,.F.);
#6408=ORIENTED_EDGE('',*,*,#8250,.T.);
#6409=CARTESIAN_POINT('',(5.4864,1.4224,-6.30936));
#6410=DIRECTION('',(0.0,0.0,-1.0));
#6411=DIRECTION('',(1.0,0.0,0.0));
#6412=ORIENTED_EDGE('',*,*,#8543,.T.);
#6413=ORIENTED_EDGE('',*,*,#8541,.T.);
#6414=CARTESIAN_POINT('',(-4.5466,0.0,-1.35636));
#6415=DIRECTION('',(0.0,0.0,1.0));
#6416=DIRECTION('',(1.0,0.0,0.0));
#6417=ORIENTED_EDGE('',*,*,#8544,.T.);
#6418=ORIENTED_EDGE('',*,*,#8545,.F.);
#6419=ORIENTED_EDGE('',*,*,#8546,.F.);
#6420=ORIENTED_EDGE('',*,*,#8253,.T.);
#6421=CARTESIAN_POINT('',(-4.1148,-1.4224,-9.10336));
#6422=DIRECTION('',(0.0,0.0,-1.0));
#6423=DIRECTION('',(1.0,0.0,0.0));
#6424=ORIENTED_EDGE('',*,*,#8546,.T.);
#6425=ORIENTED_EDGE('',*,*,#8547,.F.);
#6426=ORIENTED_EDGE('',*,*,#8544,.F.);
#6427=ORIENTED_EDGE('',*,*,#8252,.T.);
#6428=CARTESIAN_POINT('',(-4.1148,-1.4224,-9.10336));
#6429=DIRECTION('',(0.0,0.0,-1.0));
#6430=DIRECTION('',(1.0,0.0,0.0));
#6431=ORIENTED_EDGE('',*,*,#8547,.T.);
#6432=ORIENTED_EDGE('',*,*,#8545,.T.);
#6433=CARTESIAN_POINT('',(-15.5194,0.0,-1.35636));
#6434=DIRECTION('',(0.0,0.0,1.0));
#6435=DIRECTION('',(1.0,0.0,0.0));
#6436=ORIENTED_EDGE('',*,*,#8548,.T.);
#6437=ORIENTED_EDGE('',*,*,#8549,.F.);
#6438=ORIENTED_EDGE('',*,*,#8550,.F.);
#6439=ORIENTED_EDGE('',*,*,#8255,.T.);
#6440=CARTESIAN_POINT('',(-1.3716,-1.4224,-9.10336));
#6441=DIRECTION('',(0.0,0.0,-1.0));
#6442=DIRECTION('',(1.0,0.0,0.0));
#6443=ORIENTED_EDGE('',*,*,#8550,.T.);
#6444=ORIENTED_EDGE('',*,*,#8551,.F.);
#6445=ORIENTED_EDGE('',*,*,#8548,.F.);
#6446=ORIENTED_EDGE('',*,*,#8254,.T.);
#6447=CARTESIAN_POINT('',(-1.3716,-1.4224,-9.10336));
#6448=DIRECTION('',(0.0,0.0,-1.0));
#6449=DIRECTION('',(1.0,0.0,0.0));
#6450=ORIENTED_EDGE('',*,*,#8551,.T.);
#6451=ORIENTED_EDGE('',*,*,#8549,.T.);
#6452=CARTESIAN_POINT('',(-12.7762,0.0,-1.35636));
#6453=DIRECTION('',(0.0,0.0,1.0));
#6454=DIRECTION('',(1.0,0.0,0.0));
#6455=ORIENTED_EDGE('',*,*,#8552,.T.);
#6456=ORIENTED_EDGE('',*,*,#8553,.F.);
#6457=ORIENTED_EDGE('',*,*,#8554,.F.);
#6458=ORIENTED_EDGE('',*,*,#8257,.T.);
#6459=CARTESIAN_POINT('',(1.3716,-1.4224,-9.10336));
#6460=DIRECTION('',(0.0,0.0,-1.0));
#6461=DIRECTION('',(1.0,0.0,0.0));
#6462=ORIENTED_EDGE('',*,*,#8554,.T.);
#6463=ORIENTED_EDGE('',*,*,#8555,.F.);
#6464=ORIENTED_EDGE('',*,*,#8552,.F.);
#6465=ORIENTED_EDGE('',*,*,#8256,.T.);
#6466=CARTESIAN_POINT('',(1.3716,-1.4224,-9.10336));
#6467=DIRECTION('',(0.0,0.0,-1.0));
#6468=DIRECTION('',(1.0,0.0,0.0));
#6469=ORIENTED_EDGE('',*,*,#8555,.T.);
#6470=ORIENTED_EDGE('',*,*,#8553,.T.);
#6471=CARTESIAN_POINT('',(-10.033,0.0,-1.35636));
#6472=DIRECTION('',(0.0,0.0,1.0));
#6473=DIRECTION('',(1.0,0.0,0.0));
#6474=ORIENTED_EDGE('',*,*,#8556,.T.);
#6475=ORIENTED_EDGE('',*,*,#8557,.F.);
#6476=ORIENTED_EDGE('',*,*,#8558,.F.);
#6477=ORIENTED_EDGE('',*,*,#8259,.T.);
#6478=CARTESIAN_POINT('',(4.1148,-1.4224,-9.10336));
#6479=DIRECTION('',(0.0,0.0,-1.0));
#6480=DIRECTION('',(1.0,0.0,0.0));
#6481=ORIENTED_EDGE('',*,*,#8558,.T.);
#6482=ORIENTED_EDGE('',*,*,#8559,.F.);
#6483=ORIENTED_EDGE('',*,*,#8556,.F.);
#6484=ORIENTED_EDGE('',*,*,#8258,.T.);
#6485=CARTESIAN_POINT('',(4.1148,-1.4224,-9.10336));
#6486=DIRECTION('',(0.0,0.0,-1.0));
#6487=DIRECTION('',(1.0,0.0,0.0));
#6488=ORIENTED_EDGE('',*,*,#8559,.T.);
#6489=ORIENTED_EDGE('',*,*,#8557,.T.);
#6490=CARTESIAN_POINT('',(-7.2898,0.0,-1.35636));
#6491=DIRECTION('',(0.0,0.0,1.0));
#6492=DIRECTION('',(1.0,0.0,0.0));
#6493=ORIENTED_EDGE('',*,*,#8560,.T.);
#6494=ORIENTED_EDGE('',*,*,#8561,.F.);
#6495=ORIENTED_EDGE('',*,*,#8562,.F.);
#6496=ORIENTED_EDGE('',*,*,#8266,.T.);
#6497=CARTESIAN_POINT('',(-5.4991,2.286,-6.30936));
#6498=DIRECTION('',(1.0,0.0,0.0));
#6499=DIRECTION('',(0.0,1.0,0.0));
#6500=ORIENTED_EDGE('',*,*,#8562,.T.);
#6501=ORIENTED_EDGE('',*,*,#8563,.F.);
#6502=ORIENTED_EDGE('',*,*,#8564,.F.);
#6503=ORIENTED_EDGE('',*,*,#8260,.T.);
#6504=CARTESIAN_POINT('',(-5.65785,2.286,-6.30936));
#6505=DIRECTION('',(0.0,-1.0,0.0));
#6506=DIRECTION('',(0.0,0.0,-1.0));
#6507=ORIENTED_EDGE('',*,*,#8564,.T.);
#6508=ORIENTED_EDGE('',*,*,#8565,.F.);
#6509=ORIENTED_EDGE('',*,*,#8566,.F.);
#6510=ORIENTED_EDGE('',*,*,#8261,.T.);
#6511=CARTESIAN_POINT('',(-5.65785,3.339829813004,-6.30936));
#6512=DIRECTION('',(-1.0,0.0,0.0));
#6513=DIRECTION('',(0.0,0.0,1.0));
#6514=ORIENTED_EDGE('',*,*,#8566,.T.);
#6515=ORIENTED_EDGE('',*,*,#8567,.F.);
#6516=ORIENTED_EDGE('',*,*,#8568,.F.);
#6517=ORIENTED_EDGE('',*,*,#8262,.T.);
#6518=CARTESIAN_POINT('',(-5.8166,3.150680823684,-6.30936));
#6519=DIRECTION('',(0.765974342782488,-0.64287114276419,0.0));
#6520=DIRECTION('',(0.0,0.0,-1.0));
#6521=ORIENTED_EDGE('',*,*,#8568,.T.);
#6522=ORIENTED_EDGE('',*,*,#8569,.F.);
#6523=ORIENTED_EDGE('',*,*,#8570,.F.);
#6524=ORIENTED_EDGE('',*,*,#8263,.T.);
#6525=CARTESIAN_POINT('',(-5.8166,3.366851086378,-6.30936));
#6526=DIRECTION('',(-1.0,0.0,0.0));
#6527=DIRECTION('',(0.0,0.0,1.0));
#6528=ORIENTED_EDGE('',*,*,#8570,.T.);
#6529=ORIENTED_EDGE('',*,*,#8571,.F.);
#6530=ORIENTED_EDGE('',*,*,#8572,.F.);
#6531=ORIENTED_EDGE('',*,*,#8264,.T.);
#6532=CARTESIAN_POINT('',(-5.65785,3.556,-6.30936));
#6533=DIRECTION('',(-0.765974216092578,0.642871293713882,0.0));
#6534=DIRECTION('',(0.0,0.0,1.0));
#6535=ORIENTED_EDGE('',*,*,#8572,.T.);
#6536=ORIENTED_EDGE('',*,*,#8573,.F.);
#6537=ORIENTED_EDGE('',*,*,#8560,.F.);
#6538=ORIENTED_EDGE('',*,*,#8265,.T.);
#6539=CARTESIAN_POINT('',(-5.4991,3.556,-6.30936));
#6540=DIRECTION('',(-0.0,1.0,0.0));
#6541=DIRECTION('',(1.0,0.0,0.0));
#6542=ORIENTED_EDGE('',*,*,#8573,.T.);
#6543=ORIENTED_EDGE('',*,*,#8571,.T.);
#6544=ORIENTED_EDGE('',*,*,#8569,.T.);
#6545=ORIENTED_EDGE('',*,*,#8567,.T.);
#6546=ORIENTED_EDGE('',*,*,#8565,.T.);
#6547=ORIENTED_EDGE('',*,*,#8563,.T.);
#6548=ORIENTED_EDGE('',*,*,#8561,.T.);
#6549=CARTESIAN_POINT('',(-15.5194,0.0,-6.15696));
#6550=DIRECTION('',(0.0,0.0,1.0));
#6551=DIRECTION('',(1.0,0.0,0.0));
#6552=ORIENTED_EDGE('',*,*,#8574,.T.);
#6553=ORIENTED_EDGE('',*,*,#8575,.T.);
#6554=ORIENTED_EDGE('',*,*,#8576,.T.);
#6555=ORIENTED_EDGE('',*,*,#8577,.T.);
#6556=ORIENTED_EDGE('',*,*,#8578,.T.);
#6557=ORIENTED_EDGE('',*,*,#8579,.T.);
#6558=ORIENTED_EDGE('',*,*,#8580,.T.);
#6559=ORIENTED_EDGE('',*,*,#8581,.T.);
#6560=ORIENTED_EDGE('',*,*,#8582,.T.);
#6561=ORIENTED_EDGE('',*,*,#8583,.T.);
#6562=ORIENTED_EDGE('',*,*,#8584,.T.);
#6563=ORIENTED_EDGE('',*,*,#8585,.T.);
#6564=ORIENTED_EDGE('',*,*,#8586,.T.);
#6565=ORIENTED_EDGE('',*,*,#8587,.T.);
#6566=ORIENTED_EDGE('',*,*,#8588,.T.);
#6567=ORIENTED_EDGE('',*,*,#8589,.T.);
#6568=ORIENTED_EDGE('',*,*,#8590,.T.);
#6569=ORIENTED_EDGE('',*,*,#8591,.T.);
#6570=ORIENTED_EDGE('',*,*,#8592,.T.);
#6571=ORIENTED_EDGE('',*,*,#8593,.T.);
#6572=ORIENTED_EDGE('',*,*,#8594,.T.);
#6573=ORIENTED_EDGE('',*,*,#8595,.T.);
#6574=ORIENTED_EDGE('',*,*,#8596,.T.);
#6575=ORIENTED_EDGE('',*,*,#8597,.T.);
#6576=ORIENTED_EDGE('',*,*,#8598,.T.);
#6577=ORIENTED_EDGE('',*,*,#8599,.T.);
#6578=ORIENTED_EDGE('',*,*,#8600,.T.);
#6579=ORIENTED_EDGE('',*,*,#8601,.T.);
#6580=ORIENTED_EDGE('',*,*,#8602,.T.);
#6581=ORIENTED_EDGE('',*,*,#8603,.T.);
#6582=ORIENTED_EDGE('',*,*,#8604,.T.);
#6583=ORIENTED_EDGE('',*,*,#8605,.T.);
#6584=ORIENTED_EDGE('',*,*,#8606,.T.);
#6585=ORIENTED_EDGE('',*,*,#8607,.T.);
#6586=ORIENTED_EDGE('',*,*,#8608,.T.);
#6587=ORIENTED_EDGE('',*,*,#8609,.T.);
#6588=ORIENTED_EDGE('',*,*,#8610,.T.);
#6589=ORIENTED_EDGE('',*,*,#8611,.T.);
#6590=ORIENTED_EDGE('',*,*,#8612,.T.);
#6591=ORIENTED_EDGE('',*,*,#8613,.T.);
#6592=ORIENTED_EDGE('',*,*,#8614,.T.);
#6593=ORIENTED_EDGE('',*,*,#8615,.T.);
#6594=ORIENTED_EDGE('',*,*,#8616,.T.);
#6595=ORIENTED_EDGE('',*,*,#8617,.T.);
#6596=ORIENTED_EDGE('',*,*,#8618,.T.);
#6597=ORIENTED_EDGE('',*,*,#8619,.T.);
#6598=ORIENTED_EDGE('',*,*,#8620,.T.);
#6599=ORIENTED_EDGE('',*,*,#8621,.T.);
#6600=ORIENTED_EDGE('',*,*,#8622,.T.);
#6601=ORIENTED_EDGE('',*,*,#8623,.T.);
#6602=ORIENTED_EDGE('',*,*,#8624,.T.);
#6603=ORIENTED_EDGE('',*,*,#8625,.T.);
#6604=ORIENTED_EDGE('',*,*,#8626,.T.);
#6605=ORIENTED_EDGE('',*,*,#8627,.T.);
#6606=ORIENTED_EDGE('',*,*,#8628,.T.);
#6607=ORIENTED_EDGE('',*,*,#8629,.T.);
#6608=ORIENTED_EDGE('',*,*,#8630,.T.);
#6609=ORIENTED_EDGE('',*,*,#8631,.T.);
#6610=ORIENTED_EDGE('',*,*,#8632,.T.);
#6611=ORIENTED_EDGE('',*,*,#8633,.T.);
#6612=CARTESIAN_POINT('',(-15.5194,0.0,-6.15696));
#6613=DIRECTION('',(0.0,0.0,1.0));
#6614=DIRECTION('',(1.0,0.0,0.0));
#6615=ORIENTED_EDGE('',*,*,#8634,.T.);
#6616=ORIENTED_EDGE('',*,*,#8613,.F.);
#6617=ORIENTED_EDGE('',*,*,#8635,.F.);
#6618=ORIENTED_EDGE('',*,*,#8272,.T.);
#6619=CARTESIAN_POINT('',(-3.697816691899,-2.985310636687,-6.30936));
#6620=DIRECTION('',(0.714510384801831,0.69962483518693,0.0));
#6621=DIRECTION('',(0.0,0.0,-1.0));
#6622=ORIENTED_EDGE('',*,*,#8635,.T.);
#6623=ORIENTED_EDGE('',*,*,#8612,.F.);
#6624=ORIENTED_EDGE('',*,*,#8636,.F.);
#6625=ORIENTED_EDGE('',*,*,#8273,.T.);
#6626=CARTESIAN_POINT('',(-3.6449,-3.12041700356,-6.30936));
#6627=DIRECTION('',(0.931128176951713,0.364692086679405,0.0));
#6628=DIRECTION('',(0.0,0.0,-1.0));
#6629=ORIENTED_EDGE('',*,*,#8636,.T.);
#6630=ORIENTED_EDGE('',*,*,#8611,.F.);
#6631=ORIENTED_EDGE('',*,*,#8637,.F.);
#6632=ORIENTED_EDGE('',*,*,#8274,.T.);
#6633=CARTESIAN_POINT('',(-3.6449,-3.255523408282,-6.30936));
#6634=DIRECTION('',(1.0,0.0,0.0));
#6635=DIRECTION('',(0.0,1.0,0.0));
#6636=ORIENTED_EDGE('',*,*,#8637,.T.);
#6637=ORIENTED_EDGE('',*,*,#8610,.F.);
#6638=ORIENTED_EDGE('',*,*,#8638,.F.);
#6639=ORIENTED_EDGE('',*,*,#8275,.T.);
#6640=CARTESIAN_POINT('',(-3.697816691899,-3.390629794079,-6.30936));
#6641=DIRECTION('',(0.931128194298128,-0.364692042390711,0.0));
#6642=DIRECTION('',(0.0,0.0,-1.0));
#6643=ORIENTED_EDGE('',*,*,#8638,.T.);
#6644=ORIENTED_EDGE('',*,*,#8609,.F.);
#6645=ORIENTED_EDGE('',*,*,#8639,.F.);
#6646=ORIENTED_EDGE('',*,*,#8276,.T.);
#6647=CARTESIAN_POINT('',(-3.777191691899,-3.49871489704,-6.30936));
#6648=DIRECTION('',(0.80600442055267,-0.591909515086178,0.0));
#6649=DIRECTION('',(0.0,0.0,-1.0));
#6650=ORIENTED_EDGE('',*,*,#8639,.T.);
#6651=ORIENTED_EDGE('',*,*,#8608,.F.);
#6652=ORIENTED_EDGE('',*,*,#8640,.F.);
#6653=ORIENTED_EDGE('',*,*,#8277,.T.);
#6654=CARTESIAN_POINT('',(-3.909483308101,-3.57977872426,-6.30936));
#6655=DIRECTION('',(0.522477106747033,-0.852653313442954,0.0));
#6656=DIRECTION('',(0.0,0.0,-1.0));
#6657=ORIENTED_EDGE('',*,*,#8640,.T.);
#6658=ORIENTED_EDGE('',*,*,#8607,.F.);
#6659=ORIENTED_EDGE('',*,*,#8641,.F.);
#6660=ORIENTED_EDGE('',*,*,#8278,.T.);
#6661=CARTESIAN_POINT('',(-4.041775,-3.6068,-6.30936));
#6662=DIRECTION('',(0.20012333523609,-0.97977071332735,0.0));
#6663=DIRECTION('',(0.0,0.0,-1.0));
#6664=ORIENTED_EDGE('',*,*,#8641,.T.);
#6665=ORIENTED_EDGE('',*,*,#8606,.F.);
#6666=ORIENTED_EDGE('',*,*,#8642,.F.);
#6667=ORIENTED_EDGE('',*,*,#8279,.T.);
#6668=CARTESIAN_POINT('',(-4.17406665405,-3.6068,-6.30936));
#6669=DIRECTION('',(0.0,-1.0,0.0));
#6670=DIRECTION('',(0.0,0.0,-1.0));
#6671=ORIENTED_EDGE('',*,*,#8642,.T.);
#6672=ORIENTED_EDGE('',*,*,#8605,.F.);
#6673=ORIENTED_EDGE('',*,*,#8643,.F.);
#6674=ORIENTED_EDGE('',*,*,#8280,.T.);
#6675=CARTESIAN_POINT('',(-4.306358327025,-3.57977872426,-6.30936));
#6676=DIRECTION('',(-0.200123362717409,-0.979770707714145,0.0));
#6677=DIRECTION('',(-0.979770707714145,0.200123362717409,0.0));
#6678=ORIENTED_EDGE('',*,*,#8643,.T.);
#6679=ORIENTED_EDGE('',*,*,#8604,.F.);
#6680=ORIENTED_EDGE('',*,*,#8644,.F.);
#6681=ORIENTED_EDGE('',*,*,#8281,.T.);
#6682=CARTESIAN_POINT('',(-4.43865,-3.49871489704,-6.30936));
#6683=DIRECTION('',(-0.522476943733081,-0.852653413332369,0.0));
#6684=DIRECTION('',(-0.852653413332369,0.522476943733081,0.0));
#6685=ORIENTED_EDGE('',*,*,#8644,.T.);
#6686=ORIENTED_EDGE('',*,*,#8603,.F.);
#6687=ORIENTED_EDGE('',*,*,#8645,.F.);
#6688=ORIENTED_EDGE('',*,*,#8282,.T.);
#6689=CARTESIAN_POINT('',(-4.518025,-3.390629794079,-6.30936));
#6690=DIRECTION('',(-0.80600442055267,-0.591909515086178,0.0));
#6691=DIRECTION('',(-0.591909515086178,0.80600442055267,0.0));
#6692=ORIENTED_EDGE('',*,*,#8645,.T.);
#6693=ORIENTED_EDGE('',*,*,#8602,.F.);
#6694=ORIENTED_EDGE('',*,*,#8646,.F.);
#6695=ORIENTED_EDGE('',*,*,#8283,.T.);
#6696=CARTESIAN_POINT('',(-4.570941665878,-3.255523408282,-6.30936));
#6697=DIRECTION('',(-0.931128255195138,-0.364691886909015,0.0));
#6698=DIRECTION('',(-0.364691886909015,0.931128255195138,0.0));
#6699=ORIENTED_EDGE('',*,*,#8646,.T.);
#6700=ORIENTED_EDGE('',*,*,#8601,.F.);
#6701=ORIENTED_EDGE('',*,*,#8647,.F.);
#6702=ORIENTED_EDGE('',*,*,#8284,.T.);
#6703=CARTESIAN_POINT('',(-4.5974,-3.066374456811,-6.30936));
#6704=DIRECTION('',(-0.990357929562207,-0.138532203307601,0.0));
#6705=DIRECTION('',(-0.138532203307601,0.990357929562207,0.0));
#6706=ORIENTED_EDGE('',*,*,#8647,.T.);
#6707=ORIENTED_EDGE('',*,*,#8600,.F.);
#6708=ORIENTED_EDGE('',*,*,#8648,.F.);
#6709=ORIENTED_EDGE('',*,*,#8285,.T.);
#6710=CARTESIAN_POINT('',(-4.5974,-2.877225543189,-6.30936));
#6711=DIRECTION('',(-1.0,0.0,0.0));
#6712=DIRECTION('',(0.0,0.0,1.0));
#6713=ORIENTED_EDGE('',*,*,#8648,.T.);
#6714=ORIENTED_EDGE('',*,*,#8599,.F.);
#6715=ORIENTED_EDGE('',*,*,#8649,.F.);
#6716=ORIENTED_EDGE('',*,*,#8286,.T.);
#6717=CARTESIAN_POINT('',(-4.570941665878,-2.688076629567,-6.30936));
#6718=DIRECTION('',(-0.990357925759055,0.138532230496094,0.0));
#6719=DIRECTION('',(0.0,0.0,1.0));
#6720=ORIENTED_EDGE('',*,*,#8649,.T.);
#6721=ORIENTED_EDGE('',*,*,#8598,.F.);
#6722=ORIENTED_EDGE('',*,*,#8650,.F.);
#6723=ORIENTED_EDGE('',*,*,#8287,.T.);
#6724=CARTESIAN_POINT('',(-4.518025,-2.552970186996,-6.30936));
#6725=DIRECTION('',(-0.931128307234347,0.364691754042918,0.0));
#6726=DIRECTION('',(0.0,0.0,1.0));
#6727=ORIENTED_EDGE('',*,*,#8650,.T.);
#6728=ORIENTED_EDGE('',*,*,#8597,.F.);
#6729=ORIENTED_EDGE('',*,*,#8651,.F.);
#6730=ORIENTED_EDGE('',*,*,#8288,.T.);
#6731=CARTESIAN_POINT('',(-4.43865,-2.444885093498,-6.30936));
#6732=DIRECTION('',(-0.806004395831095,0.591909548749597,0.0));
#6733=DIRECTION('',(0.0,0.0,1.0));
#6734=ORIENTED_EDGE('',*,*,#8651,.T.);
#6735=ORIENTED_EDGE('',*,*,#8596,.F.);
#6736=ORIENTED_EDGE('',*,*,#8652,.F.);
#6737=ORIENTED_EDGE('',*,*,#8289,.T.);
#6738=CARTESIAN_POINT('',(-4.306358327025,-2.363821273375,-6.30936));
#6739=DIRECTION('',(-0.522476910479323,0.852653433709137,0.0));
#6740=DIRECTION('',(0.0,0.0,1.0));
#6741=ORIENTED_EDGE('',*,*,#8652,.T.);
#6742=ORIENTED_EDGE('',*,*,#8595,.F.);
#6743=ORIENTED_EDGE('',*,*,#8653,.F.);
#6744=ORIENTED_EDGE('',*,*,#8290,.T.);
#6745=CARTESIAN_POINT('',(-4.17406665405,-2.3368,-6.30936));
#6746=DIRECTION('',(-0.200123345899402,0.979770711149312,0.0));
#6747=DIRECTION('',(0.0,0.0,1.0));
#6748=ORIENTED_EDGE('',*,*,#8653,.T.);
#6749=ORIENTED_EDGE('',*,*,#8594,.F.);
#6750=ORIENTED_EDGE('',*,*,#8654,.F.);
#6751=ORIENTED_EDGE('',*,*,#8291,.T.);
#6752=CARTESIAN_POINT('',(-4.06823334595,-2.3368,-6.30936));
#6753=DIRECTION('',(-0.0,1.0,0.0));
#6754=DIRECTION('',(1.0,0.0,0.0));
#6755=ORIENTED_EDGE('',*,*,#8654,.T.);
#6756=ORIENTED_EDGE('',*,*,#8593,.F.);
#6757=ORIENTED_EDGE('',*,*,#8655,.F.);
#6758=ORIENTED_EDGE('',*,*,#8292,.T.);
#6759=CARTESIAN_POINT('',(-3.935941691899,-2.363821273375,-6.30936));
#6760=DIRECTION('',(0.200123373380702,0.979770705536111,0.0));
#6761=DIRECTION('',(0.0,0.0,-1.0));
#6762=ORIENTED_EDGE('',*,*,#8655,.T.);
#6763=ORIENTED_EDGE('',*,*,#8592,.F.);
#6764=ORIENTED_EDGE('',*,*,#8656,.F.);
#6765=ORIENTED_EDGE('',*,*,#8293,.T.);
#6766=CARTESIAN_POINT('',(-3.80365,-2.444885093498,-6.30936));
#6767=DIRECTION('',(0.522476856141382,0.85265346700557,0.0));
#6768=DIRECTION('',(0.0,0.0,-1.0));
#6769=ORIENTED_EDGE('',*,*,#8656,.T.);
#6770=ORIENTED_EDGE('',*,*,#8591,.F.);
#6771=ORIENTED_EDGE('',*,*,#8657,.F.);
#6772=ORIENTED_EDGE('',*,*,#8294,.T.);
#6773=CARTESIAN_POINT('',(-3.724275,-2.552970186996,-6.30936));
#6774=DIRECTION('',(0.806004395831095,0.591909548749597,0.0));
#6775=DIRECTION('',(0.0,0.0,-1.0));
#6776=ORIENTED_EDGE('',*,*,#8657,.T.);
#6777=ORIENTED_EDGE('',*,*,#8590,.F.);
#6778=ORIENTED_EDGE('',*,*,#8658,.F.);
#6779=ORIENTED_EDGE('',*,*,#8295,.T.);
#6780=CARTESIAN_POINT('',(-3.697816691899,-2.63403400712,-6.30936));
#6781=DIRECTION('',(0.950645279392878,0.310279797550593,0.0));
#6782=DIRECTION('',(0.0,0.0,-1.0));
#6783=ORIENTED_EDGE('',*,*,#8658,.T.);
#6784=ORIENTED_EDGE('',*,*,#8589,.F.);
#6785=ORIENTED_EDGE('',*,*,#8659,.F.);
#6786=ORIENTED_EDGE('',*,*,#8296,.T.);
#6787=CARTESIAN_POINT('',(-3.830108308101,-2.63403400712,-6.30936));
#6788=DIRECTION('',(0.0,-1.0,0.0));
#6789=DIRECTION('',(0.0,0.0,-1.0));
#6790=ORIENTED_EDGE('',*,*,#8659,.T.);
#6791=ORIENTED_EDGE('',*,*,#8588,.F.);
#6792=ORIENTED_EDGE('',*,*,#8660,.F.);
#6793=ORIENTED_EDGE('',*,*,#8297,.T.);
#6794=CARTESIAN_POINT('',(-3.883025,-2.552970186996,-6.30936));
#6795=DIRECTION('',(-0.837379001234158,-0.546622729395773,0.0));
#6796=DIRECTION('',(-0.546622729395773,0.837379001234158,0.0));
#6797=ORIENTED_EDGE('',*,*,#8660,.T.);
#6798=ORIENTED_EDGE('',*,*,#8587,.F.);
#6799=ORIENTED_EDGE('',*,*,#8661,.F.);
#6800=ORIENTED_EDGE('',*,*,#8298,.T.);
#6801=CARTESIAN_POINT('',(-3.9624,-2.498927640247,-6.30936));
#6802=DIRECTION('',(-0.562790931241723,-0.826599278799634,0.0));
#6803=DIRECTION('',(-0.826599278799634,0.562790931241723,0.0));
#6804=ORIENTED_EDGE('',*,*,#8661,.T.);
#6805=ORIENTED_EDGE('',*,*,#8586,.F.);
#6806=ORIENTED_EDGE('',*,*,#8662,.F.);
#6807=ORIENTED_EDGE('',*,*,#8299,.T.);
#6808=CARTESIAN_POINT('',(-4.041775,-2.471906366873,-6.30936));
#6809=DIRECTION('',(-0.322263763377203,-0.946649917770008,0.0));
#6810=DIRECTION('',(-0.946649917770008,0.322263763377203,0.0));
#6811=ORIENTED_EDGE('',*,*,#8662,.T.);
#6812=ORIENTED_EDGE('',*,*,#8585,.F.);
#6813=ORIENTED_EDGE('',*,*,#8663,.F.);
#6814=ORIENTED_EDGE('',*,*,#8300,.T.);
#6815=CARTESIAN_POINT('',(-4.200525,-2.471906366873,-6.30936));
#6816=DIRECTION('',(0.0,-1.0,0.0));
#6817=DIRECTION('',(0.0,0.0,-1.0));
#6818=ORIENTED_EDGE('',*,*,#8663,.T.);
#6819=ORIENTED_EDGE('',*,*,#8584,.F.);
#6820=ORIENTED_EDGE('',*,*,#8664,.F.);
#6821=ORIENTED_EDGE('',*,*,#8301,.T.);
#6822=CARTESIAN_POINT('',(-4.2799,-2.498927640247,-6.30936));
#6823=DIRECTION('',(0.322263763377203,-0.946649917770008,0.0));
#6824=DIRECTION('',(0.0,0.0,-1.0));
#6825=ORIENTED_EDGE('',*,*,#8664,.T.);
#6826=ORIENTED_EDGE('',*,*,#8583,.F.);
#6827=ORIENTED_EDGE('',*,*,#8665,.F.);
#6828=ORIENTED_EDGE('',*,*,#8302,.T.);
#6829=CARTESIAN_POINT('',(-4.359275,-2.552970186996,-6.30936));
#6830=DIRECTION('',(0.562790931241723,-0.826599278799634,0.0));
#6831=DIRECTION('',(0.0,0.0,-1.0));
#6832=ORIENTED_EDGE('',*,*,#8665,.T.);
#6833=ORIENTED_EDGE('',*,*,#8582,.F.);
#6834=ORIENTED_EDGE('',*,*,#8666,.F.);
#6835=ORIENTED_EDGE('',*,*,#8303,.T.);
#6836=CARTESIAN_POINT('',(-4.412191672975,-2.63403400712,-6.30936));
#6837=DIRECTION('',(0.837379090714679,-0.546622592319287,0.0));
#6838=DIRECTION('',(0.0,0.0,-1.0));
#6839=ORIENTED_EDGE('',*,*,#8666,.T.);
#6840=ORIENTED_EDGE('',*,*,#8581,.F.);
#6841=ORIENTED_EDGE('',*,*,#8667,.F.);
#6842=ORIENTED_EDGE('',*,*,#8304,.T.);
#6843=CARTESIAN_POINT('',(-4.43865,-2.715097902942,-6.30936));
#6844=DIRECTION('',(0.950645299394982,-0.310279736267494,0.0));
#6845=DIRECTION('',(0.0,0.0,-1.0));
#6846=ORIENTED_EDGE('',*,*,#8667,.T.);
#6847=ORIENTED_EDGE('',*,*,#8580,.F.);
#6848=ORIENTED_EDGE('',*,*,#8668,.F.);
#6849=ORIENTED_EDGE('',*,*,#8305,.T.);
#6850=CARTESIAN_POINT('',(-4.465108336487,-2.877225543189,-6.30936));
#6851=DIRECTION('',(0.986943994069491,-0.161063815210498,0.0));
#6852=DIRECTION('',(0.0,0.0,-1.0));
#6853=ORIENTED_EDGE('',*,*,#8668,.T.);
#6854=ORIENTED_EDGE('',*,*,#8579,.F.);
#6855=ORIENTED_EDGE('',*,*,#8669,.F.);
#6856=ORIENTED_EDGE('',*,*,#8306,.T.);
#6857=CARTESIAN_POINT('',(-4.465108336487,-2.931268089938,-6.30936));
#6858=DIRECTION('',(1.0,0.0,0.0));
#6859=DIRECTION('',(0.0,1.0,0.0));
#6860=ORIENTED_EDGE('',*,*,#8669,.T.);
#6861=ORIENTED_EDGE('',*,*,#8578,.F.);
#6862=ORIENTED_EDGE('',*,*,#8670,.F.);
#6863=ORIENTED_EDGE('',*,*,#8267,.T.);
#6864=CARTESIAN_POINT('',(-4.306358327025,-2.82318299644,-6.30936));
#6865=DIRECTION('',(-0.56279090832161,0.826599294404815,0.0));
#6866=DIRECTION('',(0.0,0.0,1.0));
#6867=ORIENTED_EDGE('',*,*,#8670,.T.);
#6868=ORIENTED_EDGE('',*,*,#8577,.F.);
#6869=ORIENTED_EDGE('',*,*,#8671,.F.);
#6870=ORIENTED_EDGE('',*,*,#8268,.T.);
#6871=CARTESIAN_POINT('',(-4.17406665405,-2.796161723065,-6.30936));
#6872=DIRECTION('',(-0.200123345899402,0.979770711149312,0.0));
#6873=DIRECTION('',(0.0,0.0,1.0));
#6874=ORIENTED_EDGE('',*,*,#8671,.T.);
#6875=ORIENTED_EDGE('',*,*,#8576,.F.);
#6876=ORIENTED_EDGE('',*,*,#8672,.F.);
#6877=ORIENTED_EDGE('',*,*,#8269,.T.);
#6878=CARTESIAN_POINT('',(-4.041775,-2.796161723065,-6.30936));
#6879=DIRECTION('',(-0.0,1.0,0.0));
#6880=DIRECTION('',(1.0,0.0,0.0));
#6881=ORIENTED_EDGE('',*,*,#8672,.T.);
#6882=ORIENTED_EDGE('',*,*,#8575,.F.);
#6883=ORIENTED_EDGE('',*,*,#8673,.F.);
#6884=ORIENTED_EDGE('',*,*,#8270,.T.);
#6885=CARTESIAN_POINT('',(-3.909483308101,-2.82318299644,-6.30936));
#6886=DIRECTION('',(0.200123318418102,0.979770716762512,0.0));
#6887=DIRECTION('',(0.0,0.0,-1.0));
#6888=ORIENTED_EDGE('',*,*,#8673,.T.);
#6889=ORIENTED_EDGE('',*,*,#8574,.F.);
#6890=ORIENTED_EDGE('',*,*,#8634,.F.);
#6891=ORIENTED_EDGE('',*,*,#8271,.T.);
#6892=CARTESIAN_POINT('',(-3.777191691899,-2.904246816564,-6.30936));
#6893=DIRECTION('',(0.522477073493307,0.852653333819712,0.0));
#6894=DIRECTION('',(0.0,0.0,-1.0));
#6895=ORIENTED_EDGE('',*,*,#8674,.T.);
#6896=ORIENTED_EDGE('',*,*,#8633,.F.);
#6897=ORIENTED_EDGE('',*,*,#8675,.F.);
#6898=ORIENTED_EDGE('',*,*,#8330,.T.);
#6899=CARTESIAN_POINT('',(-3.80365,-3.066374456811,-6.30936));
#6900=DIRECTION('',(-0.950645322124737,-0.310279666627312,0.0));
#6901=DIRECTION('',(-0.310279666627312,0.950645322124737,0.0));
#6902=ORIENTED_EDGE('',*,*,#8675,.T.);
#6903=ORIENTED_EDGE('',*,*,#8632,.F.);
#6904=ORIENTED_EDGE('',*,*,#8676,.F.);
#6905=ORIENTED_EDGE('',*,*,#8311,.T.);
#6906=CARTESIAN_POINT('',(-3.856566691899,-3.012331910062,-6.30936));
#6907=DIRECTION('',(-0.714510218035262,-0.699625005501663,0.0));
#6908=DIRECTION('',(-0.699625005501663,0.714510218035262,0.0));
#6909=ORIENTED_EDGE('',*,*,#8676,.T.);
#6910=ORIENTED_EDGE('',*,*,#8631,.F.);
#6911=ORIENTED_EDGE('',*,*,#8677,.F.);
#6912=ORIENTED_EDGE('',*,*,#8312,.T.);
#6913=CARTESIAN_POINT('',(-3.935941691899,-2.958289363313,-6.30936));
#6914=DIRECTION('',(-0.562790931241723,-0.826599278799634,0.0));
#6915=DIRECTION('',(-0.826599278799634,0.562790931241723,0.0));
#6916=ORIENTED_EDGE('',*,*,#8677,.T.);
#6917=ORIENTED_EDGE('',*,*,#8630,.F.);
#6918=ORIENTED_EDGE('',*,*,#8678,.F.);
#6919=ORIENTED_EDGE('',*,*,#8313,.T.);
#6920=CARTESIAN_POINT('',(-4.01531665405,-2.931268089938,-6.30936));
#6921=DIRECTION('',(-0.322263901085615,-0.946649870890543,0.0));
#6922=DIRECTION('',(-0.946649870890543,0.322263901085615,0.0));
#6923=ORIENTED_EDGE('',*,*,#8678,.T.);
#6924=ORIENTED_EDGE('',*,*,#8629,.F.);
#6925=ORIENTED_EDGE('',*,*,#8679,.F.);
#6926=ORIENTED_EDGE('',*,*,#8314,.T.);
#6927=CARTESIAN_POINT('',(-4.200525,-2.931268089938,-6.30936));
#6928=DIRECTION('',(0.0,-1.0,0.0));
#6929=DIRECTION('',(0.0,0.0,-1.0));
#6930=ORIENTED_EDGE('',*,*,#8679,.T.);
#6931=ORIENTED_EDGE('',*,*,#8628,.F.);
#6932=ORIENTED_EDGE('',*,*,#8680,.F.);
#6933=ORIENTED_EDGE('',*,*,#8315,.T.);
#6934=CARTESIAN_POINT('',(-4.2799,-2.958289363313,-6.30936));
#6935=DIRECTION('',(0.322263763377203,-0.946649917770008,0.0));
#6936=DIRECTION('',(0.0,0.0,-1.0));
#6937=ORIENTED_EDGE('',*,*,#8680,.T.);
#6938=ORIENTED_EDGE('',*,*,#8627,.F.);
#6939=ORIENTED_EDGE('',*,*,#8681,.F.);
#6940=ORIENTED_EDGE('',*,*,#8316,.T.);
#6941=CARTESIAN_POINT('',(-4.359275,-3.012331910062,-6.30936));
#6942=DIRECTION('',(0.562790931241723,-0.826599278799634,0.0));
#6943=DIRECTION('',(0.0,0.0,-1.0));
#6944=ORIENTED_EDGE('',*,*,#8681,.T.);
#6945=ORIENTED_EDGE('',*,*,#8626,.F.);
#6946=ORIENTED_EDGE('',*,*,#8682,.F.);
#6947=ORIENTED_EDGE('',*,*,#8317,.T.);
#6948=CARTESIAN_POINT('',(-4.412191672975,-3.066374456811,-6.30936));
#6949=DIRECTION('',(0.714510343110205,-0.699624877765605,0.0));
#6950=DIRECTION('',(0.0,0.0,-1.0));
#6951=ORIENTED_EDGE('',*,*,#8682,.T.);
#6952=ORIENTED_EDGE('',*,*,#8625,.F.);
#6953=ORIENTED_EDGE('',*,*,#8683,.F.);
#6954=ORIENTED_EDGE('',*,*,#8318,.T.);
#6955=CARTESIAN_POINT('',(-4.43865,-3.147438314784,-6.30936));
#6956=DIRECTION('',(0.950645256663074,-0.310279867190892,0.0));
#6957=DIRECTION('',(0.0,0.0,-1.0));
#6958=ORIENTED_EDGE('',*,*,#8683,.T.);
#6959=ORIENTED_EDGE('',*,*,#8624,.F.);
#6960=ORIENTED_EDGE('',*,*,#8684,.F.);
#6961=ORIENTED_EDGE('',*,*,#8319,.T.);
#6962=CARTESIAN_POINT('',(-4.43865,-3.228502134907,-6.30936));
#6963=DIRECTION('',(1.0,0.0,0.0));
#6964=DIRECTION('',(0.0,1.0,0.0));
#6965=ORIENTED_EDGE('',*,*,#8684,.T.);
#6966=ORIENTED_EDGE('',*,*,#8623,.F.);
#6967=ORIENTED_EDGE('',*,*,#8685,.F.);
#6968=ORIENTED_EDGE('',*,*,#8320,.T.);
#6969=CARTESIAN_POINT('',(-4.412191672975,-3.309565955031,-6.30936));
#6970=DIRECTION('',(0.950645213931149,0.310279998114283,0.0));
#6971=DIRECTION('',(0.0,0.0,-1.0));
#6972=ORIENTED_EDGE('',*,*,#8685,.T.);
#6973=ORIENTED_EDGE('',*,*,#8622,.F.);
#6974=ORIENTED_EDGE('',*,*,#8686,.F.);
#6975=ORIENTED_EDGE('',*,*,#8321,.T.);
#6976=CARTESIAN_POINT('',(-4.359275,-3.390629794079,-6.30936));
#6977=DIRECTION('',(0.837379149125572,0.546622502838782,0.0));
#6978=DIRECTION('',(0.0,0.0,-1.0));
#6979=ORIENTED_EDGE('',*,*,#8686,.T.);
#6980=ORIENTED_EDGE('',*,*,#8621,.F.);
#6981=ORIENTED_EDGE('',*,*,#8687,.F.);
#6982=ORIENTED_EDGE('',*,*,#8322,.T.);
#6983=CARTESIAN_POINT('',(-4.2799,-3.444672340828,-6.30936));
#6984=DIRECTION('',(0.562790931241723,0.826599278799634,0.0));
#6985=DIRECTION('',(0.0,0.0,-1.0));
#6986=ORIENTED_EDGE('',*,*,#8687,.T.);
#6987=ORIENTED_EDGE('',*,*,#8620,.F.);
#6988=ORIENTED_EDGE('',*,*,#8688,.F.);
#6989=ORIENTED_EDGE('',*,*,#8323,.T.);
#6990=CARTESIAN_POINT('',(-4.200525,-3.471693614203,-6.30936));
#6991=DIRECTION('',(0.322263763377203,0.946649917770008,0.0));
#6992=DIRECTION('',(0.0,0.0,-1.0));
#6993=ORIENTED_EDGE('',*,*,#8688,.T.);
#6994=ORIENTED_EDGE('',*,*,#8619,.F.);
#6995=ORIENTED_EDGE('',*,*,#8689,.F.);
#6996=ORIENTED_EDGE('',*,*,#8324,.T.);
#6997=CARTESIAN_POINT('',(-4.01531665405,-3.471693614203,-6.30936));
#6998=DIRECTION('',(-0.0,1.0,0.0));
#6999=DIRECTION('',(1.0,0.0,0.0));
#7000=ORIENTED_EDGE('',*,*,#8689,.T.);
#7001=ORIENTED_EDGE('',*,*,#8618,.F.);
#7002=ORIENTED_EDGE('',*,*,#8690,.F.);
#7003=ORIENTED_EDGE('',*,*,#8325,.T.);
#7004=CARTESIAN_POINT('',(-3.935941691899,-3.444672340828,-6.30936));
#7005=DIRECTION('',(-0.322263901085615,0.946649870890543,0.0));
#7006=DIRECTION('',(0.0,0.0,1.0));
#7007=ORIENTED_EDGE('',*,*,#8690,.T.);
#7008=ORIENTED_EDGE('',*,*,#8617,.F.);
#7009=ORIENTED_EDGE('',*,*,#8691,.F.);
#7010=ORIENTED_EDGE('',*,*,#8326,.T.);
#7011=CARTESIAN_POINT('',(-3.856566691899,-3.390629794079,-6.30936));
#7012=DIRECTION('',(-0.562790931241723,0.826599278799634,0.0));
#7013=DIRECTION('',(0.0,0.0,1.0));
#7014=ORIENTED_EDGE('',*,*,#8691,.T.);
#7015=ORIENTED_EDGE('',*,*,#8616,.F.);
#7016=ORIENTED_EDGE('',*,*,#8692,.F.);
#7017=ORIENTED_EDGE('',*,*,#8327,.T.);
#7018=CARTESIAN_POINT('',(-3.80365,-3.309565955031,-6.30936));
#7019=DIRECTION('',(-0.837379059645111,0.546622639915207,0.0));
#7020=DIRECTION('',(0.0,0.0,1.0));
#7021=ORIENTED_EDGE('',*,*,#8692,.T.);
#7022=ORIENTED_EDGE('',*,*,#8615,.F.);
#7023=ORIENTED_EDGE('',*,*,#8693,.F.);
#7024=ORIENTED_EDGE('',*,*,#8328,.T.);
#7025=CARTESIAN_POINT('',(-3.777191691899,-3.228502134907,-6.30936));
#7026=DIRECTION('',(-0.950645279392878,0.310279797550593,0.0));
#7027=DIRECTION('',(0.0,0.0,1.0));
#7028=ORIENTED_EDGE('',*,*,#8693,.T.);
#7029=ORIENTED_EDGE('',*,*,#8614,.F.);
#7030=ORIENTED_EDGE('',*,*,#8674,.F.);
#7031=ORIENTED_EDGE('',*,*,#8329,.T.);
#7032=CARTESIAN_POINT('',(-3.777191691899,-3.147438314784,-6.30936));
#7033=DIRECTION('',(-1.0,0.0,0.0));
#7034=DIRECTION('',(0.0,0.0,1.0));
#7035=ORIENTED_EDGE('',*,*,#7840,.T.);
#7036=ORIENTED_EDGE('',*,*,#7844,.F.);
#7037=ORIENTED_EDGE('',*,*,#8694,.F.);
#7038=ORIENTED_EDGE('',*,*,#7833,.T.);
#7039=CARTESIAN_POINT('',(-9.4234,-6.2738,-12.25296));
#7040=DIRECTION('',(0.0,0.0,1.0));
#7041=DIRECTION('',(1.0,0.0,0.0));
#7042=ORIENTED_EDGE('',*,*,#8694,.T.);
#7043=ORIENTED_EDGE('',*,*,#7843,.F.);
#7044=ORIENTED_EDGE('',*,*,#7666,.F.);
#7045=ORIENTED_EDGE('',*,*,#7834,.T.);
#7046=CARTESIAN_POINT('',(-9.4234,-6.2738,-18.60296));
#7047=DIRECTION('',(1.0,0.0,0.0));
#7048=DIRECTION('',(0.0,1.0,0.0));
#7049=ORIENTED_EDGE('',*,*,#8695,.T.);
#7050=ORIENTED_EDGE('',*,*,#8696,.F.);
#7051=ORIENTED_EDGE('',*,*,#8697,.F.);
#7052=ORIENTED_EDGE('',*,*,#7815,.T.);
#7053=CARTESIAN_POINT('',(-5.4864,-5.207,-16.8402));
#7054=DIRECTION('',(0.0,1.0,-0.0));
#7055=DIRECTION('',(1.0,0.0,0.0));
#7056=ORIENTED_EDGE('',*,*,#8697,.T.);
#7057=ORIENTED_EDGE('',*,*,#8698,.F.);
#7058=ORIENTED_EDGE('',*,*,#8695,.F.);
#7059=ORIENTED_EDGE('',*,*,#7814,.T.);
#7060=CARTESIAN_POINT('',(-5.4864,-5.207,-16.8402));
#7061=DIRECTION('',(0.0,1.0,-0.0));
#7062=DIRECTION('',(1.0,0.0,0.0));
#7063=ORIENTED_EDGE('',*,*,#8698,.T.);
#7064=ORIENTED_EDGE('',*,*,#8696,.T.);
#7065=CARTESIAN_POINT('',(-15.5194,-9.4488,0.0));
#7066=DIRECTION('',(0.0,-1.0,0.0));
#7067=DIRECTION('',(0.0,0.0,-1.0));
#7068=ORIENTED_EDGE('',*,*,#8699,.T.);
#7069=ORIENTED_EDGE('',*,*,#8700,.F.);
#7070=ORIENTED_EDGE('',*,*,#8701,.F.);
#7071=ORIENTED_EDGE('',*,*,#7817,.T.);
#7072=CARTESIAN_POINT('',(-2.7432,-5.207,-16.8402));
#7073=DIRECTION('',(0.0,1.0,-0.0));
#7074=DIRECTION('',(1.0,0.0,0.0));
#7075=ORIENTED_EDGE('',*,*,#8701,.T.);
#7076=ORIENTED_EDGE('',*,*,#8702,.F.);
#7077=ORIENTED_EDGE('',*,*,#8699,.F.);
#7078=ORIENTED_EDGE('',*,*,#7816,.T.);
#7079=CARTESIAN_POINT('',(-2.7432,-5.207,-16.8402));
#7080=DIRECTION('',(0.0,1.0,-0.0));
#7081=DIRECTION('',(1.0,0.0,0.0));
#7082=ORIENTED_EDGE('',*,*,#8702,.T.);
#7083=ORIENTED_EDGE('',*,*,#8700,.T.);
#7084=CARTESIAN_POINT('',(-15.5194,-9.4488,0.0));
#7085=DIRECTION('',(0.0,-1.0,0.0));
#7086=DIRECTION('',(0.0,0.0,-1.0));
#7087=ORIENTED_EDGE('',*,*,#8703,.T.);
#7088=ORIENTED_EDGE('',*,*,#8704,.F.);
#7089=ORIENTED_EDGE('',*,*,#8705,.F.);
#7090=ORIENTED_EDGE('',*,*,#7819,.T.);
#7091=CARTESIAN_POINT('',(0.0,-5.207,-16.8402));
#7092=DIRECTION('',(0.0,1.0,-0.0));
#7093=DIRECTION('',(1.0,0.0,0.0));
#7094=ORIENTED_EDGE('',*,*,#8705,.T.);
#7095=ORIENTED_EDGE('',*,*,#8706,.F.);
#7096=ORIENTED_EDGE('',*,*,#8703,.F.);
#7097=ORIENTED_EDGE('',*,*,#7818,.T.);
#7098=CARTESIAN_POINT('',(0.0,-5.207,-16.8402));
#7099=DIRECTION('',(0.0,1.0,-0.0));
#7100=DIRECTION('',(1.0,0.0,0.0));
#7101=ORIENTED_EDGE('',*,*,#8706,.T.);
#7102=ORIENTED_EDGE('',*,*,#8704,.T.);
#7103=CARTESIAN_POINT('',(-15.5194,-9.4488,0.0));
#7104=DIRECTION('',(0.0,-1.0,0.0));
#7105=DIRECTION('',(0.0,0.0,-1.0));
#7106=ORIENTED_EDGE('',*,*,#8707,.T.);
#7107=ORIENTED_EDGE('',*,*,#8708,.F.);
#7108=ORIENTED_EDGE('',*,*,#8709,.F.);
#7109=ORIENTED_EDGE('',*,*,#7821,.T.);
#7110=CARTESIAN_POINT('',(2.7432,-5.207,-16.8402));
#7111=DIRECTION('',(0.0,1.0,-0.0));
#7112=DIRECTION('',(1.0,0.0,0.0));
#7113=ORIENTED_EDGE('',*,*,#8709,.T.);
#7114=ORIENTED_EDGE('',*,*,#8710,.F.);
#7115=ORIENTED_EDGE('',*,*,#8707,.F.);
#7116=ORIENTED_EDGE('',*,*,#7820,.T.);
#7117=CARTESIAN_POINT('',(2.7432,-5.207,-16.8402));
#7118=DIRECTION('',(0.0,1.0,-0.0));
#7119=DIRECTION('',(1.0,0.0,0.0));
#7120=ORIENTED_EDGE('',*,*,#8710,.T.);
#7121=ORIENTED_EDGE('',*,*,#8708,.T.);
#7122=CARTESIAN_POINT('',(-15.5194,-9.4488,0.0));
#7123=DIRECTION('',(0.0,-1.0,0.0));
#7124=DIRECTION('',(0.0,0.0,-1.0));
#7125=ORIENTED_EDGE('',*,*,#8711,.T.);
#7126=ORIENTED_EDGE('',*,*,#8712,.F.);
#7127=ORIENTED_EDGE('',*,*,#8713,.F.);
#7128=ORIENTED_EDGE('',*,*,#7823,.T.);
#7129=CARTESIAN_POINT('',(5.4864,-5.207,-16.8402));
#7130=DIRECTION('',(0.0,1.0,-0.0));
#7131=DIRECTION('',(1.0,0.0,0.0));
#7132=ORIENTED_EDGE('',*,*,#8713,.T.);
#7133=ORIENTED_EDGE('',*,*,#8714,.F.);
#7134=ORIENTED_EDGE('',*,*,#8711,.F.);
#7135=ORIENTED_EDGE('',*,*,#7822,.T.);
#7136=CARTESIAN_POINT('',(5.4864,-5.207,-16.8402));
#7137=DIRECTION('',(0.0,1.0,-0.0));
#7138=DIRECTION('',(1.0,0.0,0.0));
#7139=ORIENTED_EDGE('',*,*,#8714,.T.);
#7140=ORIENTED_EDGE('',*,*,#8712,.T.);
#7141=CARTESIAN_POINT('',(-15.5194,-9.4488,0.0));
#7142=DIRECTION('',(0.0,-1.0,0.0));
#7143=DIRECTION('',(0.0,0.0,-1.0));
#7144=ORIENTED_EDGE('',*,*,#8715,.T.);
#7145=ORIENTED_EDGE('',*,*,#8716,.F.);
#7146=ORIENTED_EDGE('',*,*,#8717,.F.);
#7147=ORIENTED_EDGE('',*,*,#7825,.T.);
#7148=CARTESIAN_POINT('',(-4.1148,-5.207,-13.9954));
#7149=DIRECTION('',(0.0,1.0,-0.0));
#7150=DIRECTION('',(1.0,0.0,0.0));
#7151=ORIENTED_EDGE('',*,*,#8717,.T.);
#7152=ORIENTED_EDGE('',*,*,#8718,.F.);
#7153=ORIENTED_EDGE('',*,*,#8715,.F.);
#7154=ORIENTED_EDGE('',*,*,#7824,.T.);
#7155=CARTESIAN_POINT('',(-4.1148,-5.207,-13.9954));
#7156=DIRECTION('',(0.0,1.0,-0.0));
#7157=DIRECTION('',(1.0,0.0,0.0));
#7158=ORIENTED_EDGE('',*,*,#8718,.T.);
#7159=ORIENTED_EDGE('',*,*,#8716,.T.);
#7160=CARTESIAN_POINT('',(-15.5194,-9.4488,0.0));
#7161=DIRECTION('',(0.0,-1.0,0.0));
#7162=DIRECTION('',(0.0,0.0,-1.0));
#7163=ORIENTED_EDGE('',*,*,#8719,.T.);
#7164=ORIENTED_EDGE('',*,*,#8720,.F.);
#7165=ORIENTED_EDGE('',*,*,#8721,.F.);
#7166=ORIENTED_EDGE('',*,*,#7827,.T.);
#7167=CARTESIAN_POINT('',(-1.3716,-5.207,-13.9954));
#7168=DIRECTION('',(0.0,1.0,-0.0));
#7169=DIRECTION('',(1.0,0.0,0.0));
#7170=ORIENTED_EDGE('',*,*,#8721,.T.);
#7171=ORIENTED_EDGE('',*,*,#8722,.F.);
#7172=ORIENTED_EDGE('',*,*,#8719,.F.);
#7173=ORIENTED_EDGE('',*,*,#7826,.T.);
#7174=CARTESIAN_POINT('',(-1.3716,-5.207,-13.9954));
#7175=DIRECTION('',(0.0,1.0,-0.0));
#7176=DIRECTION('',(1.0,0.0,0.0));
#7177=ORIENTED_EDGE('',*,*,#8722,.T.);
#7178=ORIENTED_EDGE('',*,*,#8720,.T.);
#7179=CARTESIAN_POINT('',(-15.5194,-9.4488,0.0));
#7180=DIRECTION('',(0.0,-1.0,0.0));
#7181=DIRECTION('',(0.0,0.0,-1.0));
#7182=ORIENTED_EDGE('',*,*,#8723,.T.);
#7183=ORIENTED_EDGE('',*,*,#8724,.F.);
#7184=ORIENTED_EDGE('',*,*,#8725,.F.);
#7185=ORIENTED_EDGE('',*,*,#7829,.T.);
#7186=CARTESIAN_POINT('',(1.3716,-5.207,-13.9954));
#7187=DIRECTION('',(0.0,1.0,-0.0));
#7188=DIRECTION('',(1.0,0.0,0.0));
#7189=ORIENTED_EDGE('',*,*,#8725,.T.);
#7190=ORIENTED_EDGE('',*,*,#8726,.F.);
#7191=ORIENTED_EDGE('',*,*,#8723,.F.);
#7192=ORIENTED_EDGE('',*,*,#7828,.T.);
#7193=CARTESIAN_POINT('',(1.3716,-5.207,-13.9954));
#7194=DIRECTION('',(0.0,1.0,-0.0));
#7195=DIRECTION('',(1.0,0.0,0.0));
#7196=ORIENTED_EDGE('',*,*,#8726,.T.);
#7197=ORIENTED_EDGE('',*,*,#8724,.T.);
#7198=CARTESIAN_POINT('',(-15.5194,-9.4488,0.0));
#7199=DIRECTION('',(0.0,-1.0,0.0));
#7200=DIRECTION('',(0.0,0.0,-1.0));
#7201=ORIENTED_EDGE('',*,*,#8727,.T.);
#7202=ORIENTED_EDGE('',*,*,#8728,.F.);
#7203=ORIENTED_EDGE('',*,*,#8729,.F.);
#7204=ORIENTED_EDGE('',*,*,#7831,.T.);
#7205=CARTESIAN_POINT('',(4.1148,-5.207,-13.9954));
#7206=DIRECTION('',(0.0,1.0,-0.0));
#7207=DIRECTION('',(1.0,0.0,0.0));
#7208=ORIENTED_EDGE('',*,*,#8729,.T.);
#7209=ORIENTED_EDGE('',*,*,#8730,.F.);
#7210=ORIENTED_EDGE('',*,*,#8727,.F.);
#7211=ORIENTED_EDGE('',*,*,#7830,.T.);
#7212=CARTESIAN_POINT('',(4.1148,-5.207,-13.9954));
#7213=DIRECTION('',(0.0,1.0,-0.0));
#7214=DIRECTION('',(1.0,0.0,0.0));
#7215=ORIENTED_EDGE('',*,*,#8730,.T.);
#7216=ORIENTED_EDGE('',*,*,#8728,.T.);
#7217=CARTESIAN_POINT('',(-15.5194,-9.4488,0.0));
#7218=DIRECTION('',(0.0,-1.0,0.0));
#7219=DIRECTION('',(0.0,0.0,-1.0));
#7220=ORIENTED_EDGE('',*,*,#7652,.F.);
#7221=ORIENTED_EDGE('',*,*,#7459,.F.);
#7222=ORIENTED_EDGE('',*,*,#8731,.T.);
#7223=ORIENTED_EDGE('',*,*,#7592,.T.);
#7224=ORIENTED_EDGE('',*,*,#7541,.T.);
#7225=ORIENTED_EDGE('',*,*,#7546,.F.);
#7226=CARTESIAN_POINT('',(-8.1534,0.0,0.0));
#7227=DIRECTION('',(1.0,0.0,0.0));
#7228=DIRECTION('',(0.0,1.0,0.0));
#7229=ORIENTED_EDGE('',*,*,#7593,.T.);
#7230=ORIENTED_EDGE('',*,*,#8731,.F.);
#7231=ORIENTED_EDGE('',*,*,#7458,.F.);
#7232=ORIENTED_EDGE('',*,*,#7531,.F.);
#7233=ORIENTED_EDGE('',*,*,#7591,.T.);
#7234=ORIENTED_EDGE('',*,*,#8732,.T.);
#7235=ORIENTED_EDGE('',*,*,#8733,.F.);
#7236=ORIENTED_EDGE('',*,*,#8734,.F.);
#7237=CARTESIAN_POINT('',(-15.56727826078,-2.5654,-10.52576));
#7238=DIRECTION('',(-1.0,0.0,0.0));
#7239=DIRECTION('',(0.0,0.0,1.0));
#7240=ORIENTED_EDGE('',*,*,#8734,.T.);
#7241=ORIENTED_EDGE('',*,*,#8735,.T.);
#7242=ORIENTED_EDGE('',*,*,#7626,.F.);
#7243=ORIENTED_EDGE('',*,*,#8736,.F.);
#7244=ORIENTED_EDGE('',*,*,#7594,.T.);
#7245=CARTESIAN_POINT('',(-10.23628038297,-1.598498364406,-9.73836));
#7246=DIRECTION('',(0.500000000000017,-0.866025403784429,0.0));
#7247=DIRECTION('',(0.0,0.0,-1.0));
#7248=ORIENTED_EDGE('',*,*,#8736,.T.);
#7249=ORIENTED_EDGE('',*,*,#7625,.F.);
#7250=ORIENTED_EDGE('',*,*,#8737,.F.);
#7251=ORIENTED_EDGE('',*,*,#7595,.T.);
#7252=CARTESIAN_POINT('',(-12.4968,0.0,-9.73836));
#7253=DIRECTION('',(-0.0,0.0,1.0));
#7254=DIRECTION('',(1.0,0.0,0.0));
#7255=ORIENTED_EDGE('',*,*,#8737,.T.);
#7256=ORIENTED_EDGE('',*,*,#7624,.F.);
#7257=ORIENTED_EDGE('',*,*,#8738,.F.);
#7258=ORIENTED_EDGE('',*,*,#7596,.T.);
#7259=CARTESIAN_POINT('',(-9.9822,1.158418231901,-9.73836));
#7260=DIRECTION('',(1.0,0.0,0.0));
#7261=DIRECTION('',(0.0,1.0,0.0));
#7262=ORIENTED_EDGE('',*,*,#8738,.T.);
#7263=ORIENTED_EDGE('',*,*,#7623,.F.);
#7264=ORIENTED_EDGE('',*,*,#8739,.F.);
#7265=ORIENTED_EDGE('',*,*,#7597,.T.);
#7266=CARTESIAN_POINT('',(-12.4968,0.0,-9.73836));
#7267=DIRECTION('',(-0.0,0.0,1.0));
#7268=DIRECTION('',(1.0,0.0,0.0));
#7269=ORIENTED_EDGE('',*,*,#8739,.T.);
#7270=ORIENTED_EDGE('',*,*,#7622,.F.);
#7271=ORIENTED_EDGE('',*,*,#8740,.F.);
#7272=ORIENTED_EDGE('',*,*,#7598,.T.);
#7273=CARTESIAN_POINT('',(-12.24271961703,2.756916596307,-9.73836));
#7274=DIRECTION('',(0.500000000000017,0.866025403784429,0.0));
#7275=DIRECTION('',(0.0,0.0,-1.0));
#7276=ORIENTED_EDGE('',*,*,#8740,.T.);
#7277=ORIENTED_EDGE('',*,*,#7621,.F.);
#7278=ORIENTED_EDGE('',*,*,#8741,.F.);
#7279=ORIENTED_EDGE('',*,*,#7599,.T.);
#7280=CARTESIAN_POINT('',(-12.4968,0.0,-9.73836));
#7281=DIRECTION('',(-0.0,0.0,1.0));
#7282=DIRECTION('',(1.0,0.0,0.0));
#7283=ORIENTED_EDGE('',*,*,#8741,.T.);
#7284=ORIENTED_EDGE('',*,*,#7620,.F.);
#7285=ORIENTED_EDGE('',*,*,#8742,.F.);
#7286=ORIENTED_EDGE('',*,*,#7600,.T.);
#7287=CARTESIAN_POINT('',(-14.75731961703,1.598498364406,-9.73836));
#7288=DIRECTION('',(-0.500000000000017,0.866025403784429,0.0));
#7289=DIRECTION('',(0.0,0.0,1.0));
#7290=ORIENTED_EDGE('',*,*,#8742,.T.);
#7291=ORIENTED_EDGE('',*,*,#7619,.F.);
#7292=ORIENTED_EDGE('',*,*,#8743,.F.);
#7293=ORIENTED_EDGE('',*,*,#7601,.T.);
#7294=CARTESIAN_POINT('',(-12.4968,0.0,-9.73836));
#7295=DIRECTION('',(-0.0,0.0,1.0));
#7296=DIRECTION('',(1.0,0.0,0.0));
#7297=ORIENTED_EDGE('',*,*,#8743,.T.);
#7298=ORIENTED_EDGE('',*,*,#7630,.F.);
#7299=ORIENTED_EDGE('',*,*,#8744,.F.);
#7300=ORIENTED_EDGE('',*,*,#7602,.T.);
#7301=CARTESIAN_POINT('',(-15.0114,-1.158418231901,-9.73836));
#7302=DIRECTION('',(-1.0,0.0,0.0));
#7303=DIRECTION('',(0.0,0.0,1.0));
#7304=ORIENTED_EDGE('',*,*,#8744,.T.);
#7305=ORIENTED_EDGE('',*,*,#7629,.F.);
#7306=ORIENTED_EDGE('',*,*,#8745,.F.);
#7307=ORIENTED_EDGE('',*,*,#7589,.T.);
#7308=CARTESIAN_POINT('',(-12.4968,0.0,-9.73836));
#7309=DIRECTION('',(-0.0,0.0,1.0));
#7310=DIRECTION('',(1.0,0.0,0.0));
#7311=ORIENTED_EDGE('',*,*,#8745,.T.);
#7312=ORIENTED_EDGE('',*,*,#7628,.F.);
#7313=ORIENTED_EDGE('',*,*,#8746,.F.);
#7314=ORIENTED_EDGE('',*,*,#8732,.F.);
#7315=ORIENTED_EDGE('',*,*,#7590,.T.);
#7316=CARTESIAN_POINT('',(-12.75088038297,-2.756916596307,-9.73836));
#7317=DIRECTION('',(-0.500000000000017,-0.866025403784429,0.0));
#7318=DIRECTION('',(-0.866025403784429,0.500000000000017,0.0));
#7319=ORIENTED_EDGE('',*,*,#8733,.T.);
#7320=ORIENTED_EDGE('',*,*,#8746,.T.);
#7321=ORIENTED_EDGE('',*,*,#7627,.F.);
#7322=ORIENTED_EDGE('',*,*,#8735,.F.);
#7323=CARTESIAN_POINT('',(-12.4968,0.0,-9.73836));
#7324=DIRECTION('',(-0.0,0.0,1.0));
#7325=DIRECTION('',(1.0,0.0,0.0));
#7326=EDGE_LOOP('',(#8747,#8748,#8749,#8750));
#7327=AXIS2_PLACEMENT_3D('',#8751,#8752,#8753);
#7328=EDGE_LOOP('',(#8754,#8755));
#7329=EDGE_LOOP('',(#8756,#8757));
#7330=AXIS2_PLACEMENT_3D('',#8758,#8759,#8760);
#7331=EDGE_LOOP('',(#8761,#8762,#8763,#8764));
#7332=AXIS2_PLACEMENT_3D('',#8765,#8766,#8767);
#7333=EDGE_LOOP('',(#8768,#8769,#8770,#8771));
#7334=AXIS2_PLACEMENT_3D('',#8772,#8773,#8774);
#7335=EDGE_LOOP('',(#8775,#8776,#8777,#8778));
#7336=AXIS2_PLACEMENT_3D('',#8779,#8780,#8781);
#7337=EDGE_LOOP('',(#8782,#8783,#8784,#8785));
#7338=AXIS2_PLACEMENT_3D('',#8786,#8787,#8788);
#7339=EDGE_LOOP('',(#8789,#8790,#8791,#8792));
#7340=AXIS2_PLACEMENT_3D('',#8793,#8794,#8795);
#7341=EDGE_LOOP('',(#8796,#8797));
#7342=EDGE_LOOP('',(#8798,#8799));
#7343=AXIS2_PLACEMENT_3D('',#8800,#8801,#8802);
#7344=EDGE_LOOP('',(#8803,#8804,#8805,#8806));
#7345=AXIS2_PLACEMENT_3D('',#8807,#8808,#8809);
#7346=EDGE_LOOP('',(#8810,#8811,#8812,#8813));
#7347=AXIS2_PLACEMENT_3D('',#8814,#8815,#8816);
#7348=EDGE_LOOP('',(#8817,#8818,#8819,#8820));
#7349=AXIS2_PLACEMENT_3D('',#8821,#8822,#8823);
#7350=EDGE_LOOP('',(#8824,#8825,#8826,#8827));
#7351=AXIS2_PLACEMENT_3D('',#8828,#8829,#8830);
#7352=EDGE_LOOP('',(#8831,#8832,#8833,#8834));
#7353=AXIS2_PLACEMENT_3D('',#8835,#8836,#8837);
#7354=EDGE_LOOP('',(#8838,#8839,#8840,#8841));
#7355=AXIS2_PLACEMENT_3D('',#8842,#8843,#8844);
#7356=EDGE_CURVE('',#8845,#8846,#8847,.T.);
#7357=EDGE_CURVE('',#8845,#8848,#8849,.T.);
#7358=EDGE_CURVE('',#8848,#8850,#8851,.T.);
#7359=EDGE_CURVE('',#8846,#8850,#8852,.T.);
#7360=EDGE_CURVE('',#8853,#8854,#8855,.T.);
#7361=EDGE_CURVE('',#8856,#8853,#8857,.T.);
#7362=EDGE_CURVE('',#8858,#8856,#8859,.T.);
#7363=EDGE_CURVE('',#8858,#8854,#8860,.T.);
#7364=EDGE_CURVE('',#8861,#8862,#8863,.T.);
#7365=EDGE_CURVE('',#8861,#8864,#8865,.T.);
#7366=EDGE_CURVE('',#8864,#8866,#8867,.T.);
#7367=EDGE_CURVE('',#8862,#8866,#8868,.T.);
#7368=EDGE_CURVE('',#8869,#8870,#8871,.T.);
#7369=EDGE_CURVE('',#8872,#8869,#8873,.T.);
#7370=EDGE_CURVE('',#8872,#8874,#8875,.T.);
#7371=EDGE_CURVE('',#8874,#8870,#8876,.T.);
#7372=EDGE_CURVE('',#8877,#8878,#8879,.T.);
#7373=EDGE_CURVE('',#8880,#8877,#8881,.T.);
#7374=EDGE_CURVE('',#8882,#8880,#8883,.T.);
#7375=EDGE_CURVE('',#8882,#8878,#8884,.T.);
#7376=EDGE_CURVE('',#8885,#8886,#8887,.T.);
#7377=EDGE_CURVE('',#8885,#8888,#8889,.T.);
#7378=EDGE_CURVE('',#8888,#8890,#8891,.T.);
#7379=EDGE_CURVE('',#8886,#8890,#8892,.T.);
#7380=EDGE_CURVE('',#8893,#8894,#8895,.T.);
#7381=EDGE_CURVE('',#8896,#8893,#8897,.T.);
#7382=EDGE_CURVE('',#8898,#8896,#8899,.T.);
#7383=EDGE_CURVE('',#8898,#8894,#8900,.T.);
#7384=EDGE_CURVE('',#8901,#8902,#8903,.T.);
#7385=EDGE_CURVE('',#8901,#8904,#8905,.T.);
#7386=EDGE_CURVE('',#8904,#8906,#8907,.T.);
#7387=EDGE_CURVE('',#8902,#8906,#8908,.T.);
#7388=EDGE_CURVE('',#8909,#8910,#8911,.T.);
#7389=EDGE_CURVE('',#8909,#8912,#8913,.T.);
#7390=EDGE_CURVE('',#8912,#8914,#8915,.T.);
#7391=EDGE_CURVE('',#8910,#8914,#8916,.T.);
#7392=EDGE_CURVE('',#8917,#8918,#8919,.T.);
#7393=EDGE_CURVE('',#8920,#8917,#8921,.T.);
#7394=EDGE_CURVE('',#8922,#8920,#8923,.T.);
#7395=EDGE_CURVE('',#8922,#8918,#8924,.T.);
#7396=EDGE_CURVE('',#8925,#8926,#8927,.T.);
#7397=EDGE_CURVE('',#8928,#8925,#8929,.T.);
#7398=EDGE_CURVE('',#8930,#8928,#8931,.T.);
#7399=EDGE_CURVE('',#8930,#8926,#8932,.T.);
#7400=EDGE_CURVE('',#8933,#8934,#8935,.T.);
#7401=EDGE_CURVE('',#8933,#8936,#8937,.T.);
#7402=EDGE_CURVE('',#8936,#8938,#8939,.T.);
#7403=EDGE_CURVE('',#8934,#8938,#8940,.T.);
#7404=EDGE_CURVE('',#8941,#8942,#8943,.T.);
#7405=EDGE_CURVE('',#8941,#8944,#8945,.T.);
#7406=EDGE_CURVE('',#8944,#8946,#8947,.T.);
#7407=EDGE_CURVE('',#8942,#8946,#8948,.T.);
#7408=EDGE_CURVE('',#8949,#8950,#8951,.T.);
#7409=EDGE_CURVE('',#8952,#8949,#8953,.T.);
#7410=EDGE_CURVE('',#8954,#8952,#8955,.T.);
#7411=EDGE_CURVE('',#8954,#8950,#8956,.T.);
#7412=EDGE_CURVE('',#8957,#8958,#8959,.T.);
#7413=EDGE_CURVE('',#8957,#8960,#8961,.T.);
#7414=EDGE_CURVE('',#8960,#8962,#8963,.T.);
#7415=EDGE_CURVE('',#8958,#8962,#8964,.T.);
#7416=EDGE_CURVE('',#8965,#8966,#8967,.T.);
#7417=EDGE_CURVE('',#8968,#8965,#8969,.T.);
#7418=EDGE_CURVE('',#8970,#8968,#8971,.T.);
#7419=EDGE_CURVE('',#8970,#8966,#8972,.T.);
#7420=EDGE_CURVE('',#8973,#8974,#8975,.T.);
#7421=EDGE_CURVE('',#8973,#8976,#8977,.T.);
#7422=EDGE_CURVE('',#8976,#8978,#8979,.T.);
#7423=EDGE_CURVE('',#8974,#8978,#8980,.T.);
#7424=EDGE_CURVE('',#8981,#8982,#8983,.T.);
#7425=EDGE_CURVE('',#8984,#8981,#8985,.T.);
#7426=EDGE_CURVE('',#8986,#8984,#8987,.T.);
#7427=EDGE_CURVE('',#8986,#8982,#8988,.T.);
#7428=EDGE_CURVE('',#8989,#8990,#8991,.T.);
#7429=EDGE_CURVE('',#8992,#8989,#8993,.T.);
#7430=EDGE_CURVE('',#8994,#8992,#8995,.T.);
#7431=EDGE_CURVE('',#8994,#8990,#8996,.T.);
#7432=EDGE_CURVE('',#8997,#8998,#8999,.T.);
#7433=EDGE_CURVE('',#8997,#9000,#9001,.T.);
#7434=EDGE_CURVE('',#9000,#9002,#9003,.T.);
#7435=EDGE_CURVE('',#8998,#9002,#9004,.T.);
#7436=EDGE_CURVE('',#9005,#9006,#9007,.T.);
#7437=EDGE_CURVE('',#9008,#9005,#9009,.T.);
#7438=EDGE_CURVE('',#9008,#9010,#9011,.T.);
#7439=EDGE_CURVE('',#9010,#9006,#9012,.T.);
#7440=EDGE_CURVE('',#9013,#9014,#9015,.T.);
#7441=EDGE_CURVE('',#9013,#9016,#9017,.T.);
#7442=EDGE_CURVE('',#9018,#9016,#9019,.T.);
#7443=EDGE_CURVE('',#9014,#9018,#9020,.T.);
#7444=EDGE_CURVE('',#9021,#9022,#9023,.T.);
#7445=EDGE_CURVE('',#9021,#9024,#9025,.T.);
#7446=EDGE_CURVE('',#9026,#9024,#9027,.T.);
#7447=EDGE_CURVE('',#9022,#9026,#9028,.T.);
#7448=EDGE_CURVE('',#9029,#9030,#9031,.T.);
#7449=EDGE_CURVE('',#9032,#9029,#9033,.T.);
#7450=EDGE_CURVE('',#9032,#9034,#9035,.T.);
#7451=EDGE_CURVE('',#9034,#9030,#9036,.T.);
#7452=EDGE_CURVE('',#9037,#9038,#9039,.T.);
#7453=EDGE_CURVE('',#9040,#9037,#9041,.T.);
#7454=EDGE_CURVE('',#9040,#9042,#9043,.T.);
#7455=EDGE_CURVE('',#9042,#9038,#9044,.T.);
#7456=EDGE_CURVE('',#9045,#9046,#9047,.T.);
#7457=EDGE_CURVE('',#9046,#9048,#9049,.T.);
#7458=EDGE_CURVE('',#9048,#9050,#9051,.T.);
#7459=EDGE_CURVE('',#9050,#9052,#9053,.T.);
#7460=EDGE_CURVE('',#9052,#9054,#9055,.T.);
#7461=EDGE_CURVE('',#9056,#9054,#9057,.T.);
#7462=EDGE_CURVE('',#9056,#9058,#9059,.T.);
#7463=EDGE_CURVE('',#9060,#9058,#9061,.T.);
#7464=EDGE_CURVE('',#9045,#9060,#9062,.T.);
#7465=EDGE_CURVE('',#9063,#9064,#9065,.T.);
#7466=EDGE_CURVE('',#9064,#9066,#9067,.T.);
#7467=EDGE_CURVE('',#9066,#9068,#9069,.T.);
#7468=EDGE_CURVE('',#9070,#9068,#9071,.T.);
#7469=EDGE_CURVE('',#9070,#9072,#9073,.T.);
#7470=EDGE_CURVE('',#9074,#9072,#9075,.T.);
#7471=EDGE_CURVE('',#9074,#9076,#9077,.T.);
#7472=EDGE_CURVE('',#9078,#9076,#9079,.T.);
#7473=EDGE_CURVE('',#9063,#9078,#9080,.T.);
#7474=EDGE_CURVE('',#9081,#9082,#9083,.T.);
#7475=EDGE_CURVE('',#9084,#9081,#9085,.T.);
#7476=EDGE_CURVE('',#9084,#9086,#9087,.T.);
#7477=EDGE_CURVE('',#9082,#9086,#9088,.T.);
#7478=EDGE_CURVE('',#9089,#9014,#9090,.T.);
#7479=EDGE_CURVE('',#9091,#9018,#9092,.T.);
#7480=EDGE_CURVE('',#9093,#9091,#9094,.T.);
#7481=EDGE_CURVE('',#9089,#9093,#9095,.T.);
#7482=EDGE_CURVE('',#9096,#9097,#9098,.T.);
#7483=EDGE_CURVE('',#9099,#9097,#9100,.T.);
#7484=EDGE_CURVE('',#9101,#9099,#9102,.T.);
#7485=EDGE_CURVE('',#9096,#9101,#9103,.T.);
#7486=EDGE_CURVE('',#9005,#9104,#9105,.T.);
#7487=EDGE_CURVE('',#9106,#9104,#9107,.T.);
#7488=EDGE_CURVE('',#9108,#9106,#9109,.T.);
#7489=EDGE_CURVE('',#9008,#9108,#9110,.T.);
#7490=EDGE_CURVE('',#9111,#9112,#9113,.T.);
#7491=EDGE_CURVE('',#9114,#9112,#9115,.T.);
#7492=EDGE_CURVE('',#9114,#9116,#9117,.T.);
#7493=EDGE_CURVE('',#9118,#9116,#9119,.T.);
#7494=EDGE_CURVE('',#9118,#9120,#9121,.T.);
#7495=EDGE_CURVE('',#9122,#9120,#9123,.T.);
#7496=EDGE_CURVE('',#9122,#9124,#9125,.T.);
#7497=EDGE_CURVE('',#9111,#9124,#9126,.T.);
#7498=EDGE_CURVE('',#9127,#9042,#9128,.T.);
#7499=EDGE_CURVE('',#9127,#9129,#9130,.T.);
#7500=EDGE_CURVE('',#9038,#9129,#9131,.T.);
#7501=EDGE_CURVE('',#9029,#9132,#9133,.T.);
#7502=EDGE_CURVE('',#9134,#9132,#9135,.T.);
#7503=EDGE_CURVE('',#9136,#9134,#9137,.T.);
#7504=EDGE_CURVE('',#9032,#9136,#9138,.T.);
#7505=EDGE_CURVE('',#9139,#9140,#9141,.T.);
#7506=EDGE_CURVE('',#9142,#9140,#9143,.T.);
#7507=EDGE_CURVE('',#9144,#9142,#9145,.T.);
#7508=EDGE_CURVE('',#9139,#9144,#9146,.T.);
#7509=EDGE_CURVE('',#9147,#9022,#9148,.T.);
#7510=EDGE_CURVE('',#9149,#9026,#9150,.T.);
#7511=EDGE_CURVE('',#9151,#9149,#9152,.T.);
#7512=EDGE_CURVE('',#9147,#9151,#9153,.T.);
#7513=EDGE_CURVE('',#9154,#9155,#9156,.T.);
#7514=EDGE_CURVE('',#9154,#9157,#9158,.T.);
#7515=EDGE_CURVE('',#9159,#9157,#9160,.T.);
#7516=EDGE_CURVE('',#9159,#9161,#9162,.T.);
#7517=EDGE_CURVE('',#9163,#9161,#9164,.T.);
#7518=EDGE_CURVE('',#9163,#9165,#9166,.T.);
#7519=EDGE_CURVE('',#9167,#9165,#9168,.T.);
#7520=EDGE_CURVE('',#9167,#9155,#9169,.T.);
#7521=EDGE_CURVE('',#9060,#9170,#9171,.T.);
#7522=EDGE_CURVE('',#9172,#9170,#9173,.T.);
#7523=EDGE_CURVE('',#9174,#9172,#9175,.T.);
#7524=EDGE_CURVE('',#9174,#9045,#9176,.T.);
#7525=EDGE_CURVE('',#9174,#9058,#9177,.T.);
#7526=EDGE_CURVE('',#9058,#9045,#9178,.T.);
#7527=EDGE_CURVE('',#9179,#9056,#9180,.T.);
#7528=EDGE_CURVE('',#9179,#9181,#9182,.T.);
#7529=EDGE_CURVE('',#9046,#9181,#9183,.T.);
#7530=EDGE_CURVE('',#9184,#9185,#9186,.T.);
#7531=EDGE_CURVE('',#9184,#9048,#9187,.T.);
#7532=EDGE_CURVE('',#9188,#9181,#9189,.T.);
#7533=EDGE_CURVE('',#9188,#9190,#9191,.T.);
#7534=EDGE_CURVE('',#9190,#9192,#9193,.T.);
#7535=EDGE_CURVE('',#9192,#9194,#9195,.T.);
#7536=EDGE_CURVE('',#9196,#9194,#9197,.T.);
#7537=EDGE_CURVE('',#9196,#9198,#9199,.T.);
#7538=EDGE_CURVE('',#9198,#9200,#9201,.T.);
#7539=EDGE_CURVE('',#9202,#9200,#9203,.T.);
#7540=EDGE_CURVE('',#9202,#9185,#9204,.T.);
#7541=EDGE_CURVE('',#9205,#9206,#9207,.T.);
#7542=EDGE_CURVE('',#9185,#9205,#9208,.T.);
#7543=EDGE_CURVE('',#9202,#9206,#9209,.T.);
#7544=EDGE_CURVE('',#9210,#9211,#9212,.T.);
#7545=EDGE_CURVE('',#9213,#9211,#9214,.T.);
#7546=EDGE_CURVE('',#9213,#9206,#9215,.T.);
#7547=EDGE_CURVE('',#9200,#9216,#9217,.T.);
#7548=EDGE_CURVE('',#9216,#9218,#9219,.T.);
#7549=EDGE_CURVE('',#9218,#9220,#9221,.T.);
#7550=EDGE_CURVE('',#9220,#9222,#9223,.T.);
#7551=EDGE_CURVE('',#9222,#9224,#9225,.T.);
#7552=EDGE_CURVE('',#9224,#9226,#9227,.T.);
#7553=EDGE_CURVE('',#9226,#9228,#9229,.T.);
#7554=EDGE_CURVE('',#9228,#9230,#9231,.T.);
#7555=EDGE_CURVE('',#9230,#9232,#9233,.T.);
#7556=EDGE_CURVE('',#9234,#9232,#9235,.T.);
#7557=EDGE_CURVE('',#9210,#9234,#9236,.T.);
#7558=EDGE_CURVE('',#9237,#9238,#9239,.T.);
#7559=EDGE_CURVE('',#9210,#9237,#9240,.T.);
#7560=EDGE_CURVE('',#9238,#9234,#9241,.T.);
#7561=EDGE_CURVE('',#9242,#9232,#9243,.T.);
#7562=EDGE_CURVE('',#9242,#9244,#9245,.T.);
#7563=EDGE_CURVE('',#9244,#9246,#9247,.T.);
#7564=EDGE_CURVE('',#9248,#9246,#9249,.T.);
#7565=EDGE_CURVE('',#9250,#9248,#9251,.T.);
#7566=EDGE_CURVE('',#9252,#9250,#9253,.T.);
#7567=EDGE_CURVE('',#9252,#9254,#9255,.T.);
#7568=EDGE_CURVE('',#9254,#9074,#9256,.T.);
#7569=EDGE_CURVE('',#9072,#9257,#9258,.T.);
#7570=EDGE_CURVE('',#9257,#9238,#9259,.T.);
#7571=EDGE_CURVE('',#9260,#9261,#9262,.T.);
#7572=EDGE_CURVE('',#9261,#9260,#9263,.T.);
#7573=EDGE_CURVE('',#9264,#9265,#9266,.T.);
#7574=EDGE_CURVE('',#9265,#9264,#9267,.T.);
#7575=EDGE_CURVE('',#9268,#9269,#9270,.T.);
#7576=EDGE_CURVE('',#9271,#9268,#9272,.T.);
#7577=EDGE_CURVE('',#9273,#9271,#9274,.T.);
#7578=EDGE_CURVE('',#9275,#9273,#9276,.T.);
#7579=EDGE_CURVE('',#9277,#9275,#9278,.T.);
#7580=EDGE_CURVE('',#9279,#9277,#9280,.T.);
#7581=EDGE_CURVE('',#9281,#9279,#9282,.T.);
#7582=EDGE_CURVE('',#9283,#9281,#9284,.T.);
#7583=EDGE_CURVE('',#9285,#9283,#9286,.T.);
#7584=EDGE_CURVE('',#9287,#9285,#9288,.T.);
#7585=EDGE_CURVE('',#9287,#9237,#9289,.T.);
#7586=EDGE_CURVE('',#9290,#9257,#9291,.T.);
#7587=EDGE_CURVE('',#9292,#9290,#9293,.T.);
#7588=EDGE_CURVE('',#9269,#9292,#9294,.T.);
#7589=EDGE_CURVE('',#9295,#9296,#9297,.T.);
#7590=EDGE_CURVE('',#9298,#9295,#9299,.T.);
#7591=EDGE_CURVE('',#9184,#9298,#9300,.T.);
#7592=EDGE_CURVE('',#9301,#9205,#9302,.T.);
#7593=EDGE_CURVE('',#9303,#9301,#9304,.T.);
#7594=EDGE_CURVE('',#9305,#9303,#9306,.T.);
#7595=EDGE_CURVE('',#9307,#9305,#9308,.T.);
#7596=EDGE_CURVE('',#9309,#9307,#9310,.T.);
#7597=EDGE_CURVE('',#9311,#9309,#9312,.T.);
#7598=EDGE_CURVE('',#9313,#9311,#9314,.T.);
#7599=EDGE_CURVE('',#9315,#9313,#9316,.T.);
#7600=EDGE_CURVE('',#9317,#9315,#9318,.T.);
#7601=EDGE_CURVE('',#9319,#9317,#9320,.T.);
#7602=EDGE_CURVE('',#9296,#9319,#9321,.T.);
#7603=EDGE_CURVE('',#9261,#9322,#9323,.T.);
#7604=EDGE_CURVE('',#9324,#9322,#9325,.T.);
#7605=EDGE_CURVE('',#9260,#9324,#9326,.T.);
#7606=EDGE_CURVE('',#9322,#9324,#9327,.T.);
#7607=EDGE_CURVE('',#9328,#9329,#9330,.T.);
#7608=EDGE_CURVE('',#9329,#9331,#9332,.T.);
#7609=EDGE_CURVE('',#9331,#9333,#9334,.T.);
#7610=EDGE_CURVE('',#9333,#9335,#9336,.T.);
#7611=EDGE_CURVE('',#9335,#9337,#9338,.T.);
#7612=EDGE_CURVE('',#9337,#9339,#9340,.T.);
#7613=EDGE_CURVE('',#9339,#9341,#9342,.T.);
#7614=EDGE_CURVE('',#9341,#9343,#9344,.T.);
#7615=EDGE_CURVE('',#9343,#9345,#9346,.T.);
#7616=EDGE_CURVE('',#9345,#9347,#9348,.T.);
#7617=EDGE_CURVE('',#9347,#9349,#9350,.T.);
#7618=EDGE_CURVE('',#9349,#9328,#9351,.T.);
#7619=EDGE_CURVE('',#9352,#9353,#9354,.T.);
#7620=EDGE_CURVE('',#9353,#9355,#9356,.T.);
#7621=EDGE_CURVE('',#9355,#9357,#9358,.T.);
#7622=EDGE_CURVE('',#9357,#9359,#9360,.T.);
#7623=EDGE_CURVE('',#9359,#9361,#9362,.T.);
#7624=EDGE_CURVE('',#9361,#9363,#9364,.T.);
#7625=EDGE_CURVE('',#9363,#9365,#9366,.T.);
#7626=EDGE_CURVE('',#9365,#9367,#9368,.T.);
#7627=EDGE_CURVE('',#9367,#9369,#9370,.T.);
#7628=EDGE_CURVE('',#9369,#9371,#9372,.T.);
#7629=EDGE_CURVE('',#9371,#9373,#9374,.T.);
#7630=EDGE_CURVE('',#9373,#9352,#9375,.T.);
#7631=EDGE_CURVE('',#9376,#9377,#9378,.T.);
#7632=EDGE_CURVE('',#9377,#9376,#9379,.T.);
#7633=EDGE_CURVE('',#9265,#9376,#9380,.T.);
#7634=EDGE_CURVE('',#9264,#9377,#9381,.T.);
#7635=EDGE_CURVE('',#9292,#9328,#9382,.T.);
#7636=EDGE_CURVE('',#9269,#9349,#9383,.T.);
#7637=EDGE_CURVE('',#9268,#9347,#9384,.T.);
#7638=EDGE_CURVE('',#9271,#9345,#9385,.T.);
#7639=EDGE_CURVE('',#9273,#9343,#9386,.T.);
#7640=EDGE_CURVE('',#9275,#9341,#9387,.T.);
#7641=EDGE_CURVE('',#9277,#9339,#9388,.T.);
#7642=EDGE_CURVE('',#9279,#9337,#9389,.T.);
#7643=EDGE_CURVE('',#9281,#9335,#9390,.T.);
#7644=EDGE_CURVE('',#9283,#9333,#9391,.T.);
#7645=EDGE_CURVE('',#9392,#9331,#9393,.T.);
#7646=EDGE_CURVE('',#9285,#9392,#9394,.T.);
#7647=EDGE_CURVE('',#9287,#9070,#9395,.T.);
#7648=EDGE_CURVE('',#9396,#9392,#9397,.T.);
#7649=EDGE_CURVE('',#9290,#9396,#9398,.T.);
#7650=EDGE_CURVE('',#9396,#9329,#9399,.T.);
#7651=EDGE_CURVE('',#9068,#9211,#9400,.T.);
#7652=EDGE_CURVE('',#9052,#9213,#9401,.T.);
#7653=EDGE_CURVE('',#9402,#9066,#9403,.T.);
#7654=EDGE_CURVE('',#9404,#9402,#9405,.T.);
#7655=EDGE_CURVE('',#9404,#9054,#9406,.T.);
#7656=EDGE_CURVE('',#9407,#9404,#9408,.T.);
#7657=EDGE_CURVE('',#9409,#9407,#9410,.T.);
#7658=EDGE_CURVE('',#9411,#9409,#9412,.T.);
#7659=EDGE_CURVE('',#9179,#9411,#9413,.T.);
#7660=EDGE_CURVE('',#9414,#9252,#9415,.T.);
#7661=EDGE_CURVE('',#9416,#9414,#9417,.T.);
#7662=EDGE_CURVE('',#9418,#9416,#9419,.T.);
#7663=EDGE_CURVE('',#9418,#9420,#9421,.T.);
#7664=EDGE_CURVE('',#9254,#9420,#9422,.T.);
#7665=EDGE_CURVE('',#9423,#9411,#9424,.T.);
#7666=EDGE_CURVE('',#9423,#9425,#9426,.T.);
#7667=EDGE_CURVE('',#9188,#9425,#9427,.T.);
#7668=EDGE_CURVE('',#9064,#9420,#9428,.T.);
#7669=EDGE_CURVE('',#9076,#9063,#9429,.T.);
#7670=EDGE_CURVE('',#9430,#9063,#9431,.T.);
#7671=EDGE_CURVE('',#9430,#9076,#9432,.T.);
#7672=EDGE_CURVE('',#9430,#9433,#9434,.T.);
#7673=EDGE_CURVE('',#9433,#9435,#9436,.T.);
#7674=EDGE_CURVE('',#9078,#9435,#9437,.T.);
#7675=EDGE_CURVE('',#9433,#9435,#9438,.T.);
#7676=EDGE_CURVE('',#9439,#9440,#9441,.T.);
#7677=EDGE_CURVE('',#9024,#9439,#9442,.T.);
#7678=EDGE_CURVE('',#9433,#9021,#9443,.T.);
#7679=EDGE_CURVE('',#9435,#9030,#9444,.T.);
#7680=EDGE_CURVE('',#9440,#9034,#9445,.T.);
#7681=EDGE_CURVE('',#9129,#9440,#9446,.T.);
#7682=EDGE_CURVE('',#9447,#9136,#9448,.T.);
#7683=EDGE_CURVE('',#9037,#9447,#9449,.T.);
#7684=EDGE_CURVE('',#9450,#9451,#9452,.T.);
#7685=EDGE_CURVE('',#9451,#9040,#9453,.T.);
#7686=EDGE_CURVE('',#9447,#9454,#9455,.T.);
#7687=EDGE_CURVE('',#9454,#9456,#9457,.T.);
#7688=EDGE_CURVE('',#9456,#9458,#9459,.T.);
#7689=EDGE_CURVE('',#9458,#9460,#9461,.T.);
#7690=EDGE_CURVE('',#9460,#9462,#9463,.T.);
#7691=EDGE_CURVE('',#9462,#9464,#9465,.T.);
#7692=EDGE_CURVE('',#9464,#9466,#9467,.T.);
#7693=EDGE_CURVE('',#9466,#9468,#9469,.T.);
#7694=EDGE_CURVE('',#9468,#9470,#9471,.T.);
#7695=EDGE_CURVE('',#9470,#9472,#9473,.T.);
#7696=EDGE_CURVE('',#9472,#9474,#9475,.T.);
#7697=EDGE_CURVE('',#9474,#9476,#9477,.T.);
#7698=EDGE_CURVE('',#9476,#9478,#9479,.T.);
#7699=EDGE_CURVE('',#9478,#9480,#9481,.T.);
#7700=EDGE_CURVE('',#9480,#9482,#9483,.T.);
#7701=EDGE_CURVE('',#9450,#9482,#9484,.T.);
#7702=EDGE_CURVE('',#9485,#9486,#9487,.T.);
#7703=EDGE_CURVE('',#9486,#9488,#9489,.T.);
#7704=EDGE_CURVE('',#9488,#9490,#9491,.T.);
#7705=EDGE_CURVE('',#9490,#9492,#9493,.T.);
#7706=EDGE_CURVE('',#9492,#9494,#9495,.T.);
#7707=EDGE_CURVE('',#9494,#9496,#9497,.T.);
#7708=EDGE_CURVE('',#9496,#9498,#9499,.T.);
#7709=EDGE_CURVE('',#9498,#9500,#9501,.T.);
#7710=EDGE_CURVE('',#9500,#9502,#9503,.T.);
#7711=EDGE_CURVE('',#9502,#9504,#9505,.T.);
#7712=EDGE_CURVE('',#9504,#9506,#9507,.T.);
#7713=EDGE_CURVE('',#9506,#9508,#9509,.T.);
#7714=EDGE_CURVE('',#9508,#9510,#9511,.T.);
#7715=EDGE_CURVE('',#9510,#9512,#9513,.T.);
#7716=EDGE_CURVE('',#9512,#9514,#9515,.T.);
#7717=EDGE_CURVE('',#9514,#9516,#9517,.T.);
#7718=EDGE_CURVE('',#9516,#9518,#9519,.T.);
#7719=EDGE_CURVE('',#9518,#9520,#9521,.T.);
#7720=EDGE_CURVE('',#9520,#9522,#9523,.T.);
#7721=EDGE_CURVE('',#9485,#9522,#9524,.T.);
#7722=EDGE_CURVE('',#9525,#9482,#9526,.T.);
#7723=EDGE_CURVE('',#9527,#9525,#9528,.T.);
#7724=EDGE_CURVE('',#9529,#9527,#9530,.T.);
#7725=EDGE_CURVE('',#9531,#9529,#9532,.T.);
#7726=EDGE_CURVE('',#9450,#9531,#9533,.T.);
#7727=EDGE_CURVE('',#9531,#9534,#9535,.T.);
#7728=EDGE_CURVE('',#9462,#9534,#9536,.T.);
#7729=EDGE_CURVE('',#9450,#9462,#9537,.T.);
#7730=EDGE_CURVE('',#9460,#9151,#9538,.T.);
#7731=EDGE_CURVE('',#9451,#9149,#9539,.T.);
#7732=EDGE_CURVE('',#9127,#9439,#9540,.T.);
#7733=EDGE_CURVE('',#9541,#9542,#9543,.T.);
#7734=EDGE_CURVE('',#9140,#9541,#9544,.T.);
#7735=EDGE_CURVE('',#9139,#9542,#9545,.T.);
#7736=EDGE_CURVE('',#9546,#9030,#9547,.T.);
#7737=EDGE_CURVE('',#9132,#9546,#9548,.T.);
#7738=EDGE_CURVE('',#9147,#9549,#9550,.T.);
#7739=EDGE_CURVE('',#9021,#9549,#9551,.T.);
#7740=EDGE_CURVE('',#9546,#9542,#9552,.T.);
#7741=EDGE_CURVE('',#9456,#9144,#9553,.T.);
#7742=EDGE_CURVE('',#9454,#9134,#9554,.T.);
#7743=EDGE_CURVE('',#9458,#9142,#9555,.T.);
#7744=EDGE_CURVE('',#9541,#9549,#9556,.T.);
#7745=EDGE_CURVE('',#9534,#9557,#9558,.T.);
#7746=EDGE_CURVE('',#9557,#9559,#9560,.T.);
#7747=EDGE_CURVE('',#9559,#9561,#9562,.T.);
#7748=EDGE_CURVE('',#9561,#9464,#9563,.T.);
#7749=EDGE_CURVE('',#9525,#9561,#9564,.T.);
#7750=EDGE_CURVE('',#9482,#9464,#9565,.T.);
#7751=EDGE_CURVE('',#9480,#9167,#9566,.T.);
#7752=EDGE_CURVE('',#9466,#9165,#9567,.T.);
#7753=EDGE_CURVE('',#9468,#9163,#9568,.T.);
#7754=EDGE_CURVE('',#9470,#9161,#9569,.T.);
#7755=EDGE_CURVE('',#9472,#9159,#9570,.T.);
#7756=EDGE_CURVE('',#9474,#9157,#9571,.T.);
#7757=EDGE_CURVE('',#9476,#9154,#9572,.T.);
#7758=EDGE_CURVE('',#9478,#9155,#9573,.T.);
#7759=EDGE_CURVE('',#9527,#9559,#9574,.T.);
#7760=EDGE_CURVE('',#9529,#9557,#9575,.T.);
#7761=EDGE_CURVE('',#9576,#9522,#9577,.T.);
#7762=EDGE_CURVE('',#9578,#9576,#9579,.T.);
#7763=EDGE_CURVE('',#9580,#9578,#9581,.T.);
#7764=EDGE_CURVE('',#9582,#9580,#9583,.T.);
#7765=EDGE_CURVE('',#9485,#9582,#9584,.T.);
#7766=EDGE_CURVE('',#9582,#9585,#9586,.T.);
#7767=EDGE_CURVE('',#9502,#9585,#9587,.T.);
#7768=EDGE_CURVE('',#9485,#9502,#9588,.T.);
#7769=EDGE_CURVE('',#9500,#9093,#9589,.T.);
#7770=EDGE_CURVE('',#9486,#9091,#9590,.T.);
#7771=EDGE_CURVE('',#9016,#9591,#9592,.T.);
#7772=EDGE_CURVE('',#9096,#9591,#9593,.T.);
#7773=EDGE_CURVE('',#9488,#9101,#9594,.T.);
#7774=EDGE_CURVE('',#9490,#9099,#9595,.T.);
#7775=EDGE_CURVE('',#9097,#9596,#9597,.T.);
#7776=EDGE_CURVE('',#9596,#9010,#9598,.T.);
#7777=EDGE_CURVE('',#9492,#9108,#9599,.T.);
#7778=EDGE_CURVE('',#9494,#9106,#9600,.T.);
#7779=EDGE_CURVE('',#9104,#9601,#9602,.T.);
#7780=EDGE_CURVE('',#9601,#9603,#9604,.T.);
#7781=EDGE_CURVE('',#9084,#9603,#9605,.T.);
#7782=EDGE_CURVE('',#9496,#9081,#9606,.T.);
#7783=EDGE_CURVE('',#9498,#9082,#9607,.T.);
#7784=EDGE_CURVE('',#9086,#9608,#9609,.T.);
#7785=EDGE_CURVE('',#9608,#9610,#9611,.T.);
#7786=EDGE_CURVE('',#9089,#9610,#9612,.T.);
#7787=EDGE_CURVE('',#9608,#9603,#9613,.T.);
#7788=EDGE_CURVE('',#9013,#9610,#9614,.T.);
#7789=EDGE_CURVE('',#9591,#9596,#9615,.T.);
#7790=EDGE_CURVE('',#9601,#9006,#9616,.T.);
#7791=EDGE_CURVE('',#9170,#9006,#9617,.T.);
#7792=EDGE_CURVE('',#9172,#9170,#9618,.T.);
#7793=EDGE_CURVE('',#9172,#9013,#9619,.T.);
#7794=EDGE_CURVE('',#9585,#9620,#9621,.T.);
#7795=EDGE_CURVE('',#9620,#9622,#9623,.T.);
#7796=EDGE_CURVE('',#9622,#9624,#9625,.T.);
#7797=EDGE_CURVE('',#9624,#9504,#9626,.T.);
#7798=EDGE_CURVE('',#9576,#9624,#9627,.T.);
#7799=EDGE_CURVE('',#9522,#9504,#9628,.T.);
#7800=EDGE_CURVE('',#9520,#9114,#9629,.T.);
#7801=EDGE_CURVE('',#9506,#9112,#9630,.T.);
#7802=EDGE_CURVE('',#9508,#9111,#9631,.T.);
#7803=EDGE_CURVE('',#9510,#9124,#9632,.T.);
#7804=EDGE_CURVE('',#9512,#9122,#9633,.T.);
#7805=EDGE_CURVE('',#9514,#9120,#9634,.T.);
#7806=EDGE_CURVE('',#9516,#9118,#9635,.T.);
#7807=EDGE_CURVE('',#9518,#9116,#9636,.T.);
#7808=EDGE_CURVE('',#9578,#9622,#9637,.T.);
#7809=EDGE_CURVE('',#9580,#9620,#9638,.T.);
#7810=EDGE_CURVE('',#9418,#9639,#9640,.T.);
#7811=EDGE_CURVE('',#9639,#9641,#9642,.T.);
#7812=EDGE_CURVE('',#9402,#9641,#9643,.T.);
#7813=EDGE_CURVE('',#9641,#9407,#9644,.T.);
#7814=EDGE_CURVE('',#9645,#9646,#9647,.T.);
#7815=EDGE_CURVE('',#9646,#9645,#9648,.T.);
#7816=EDGE_CURVE('',#9649,#9650,#9651,.T.);
#7817=EDGE_CURVE('',#9650,#9649,#9652,.T.);
#7818=EDGE_CURVE('',#9653,#9654,#9655,.T.);
#7819=EDGE_CURVE('',#9654,#9653,#9656,.T.);
#7820=EDGE_CURVE('',#9657,#9658,#9659,.T.);
#7821=EDGE_CURVE('',#9658,#9657,#9660,.T.);
#7822=EDGE_CURVE('',#9661,#9662,#9663,.T.);
#7823=EDGE_CURVE('',#9662,#9661,#9664,.T.);
#7824=EDGE_CURVE('',#9665,#9666,#9667,.T.);
#7825=EDGE_CURVE('',#9666,#9665,#9668,.T.);
#7826=EDGE_CURVE('',#9669,#9670,#9671,.T.);
#7827=EDGE_CURVE('',#9670,#9669,#9672,.T.);
#7828=EDGE_CURVE('',#9673,#9674,#9675,.T.);
#7829=EDGE_CURVE('',#9674,#9673,#9676,.T.);
#7830=EDGE_CURVE('',#9677,#9678,#9679,.T.);
#7831=EDGE_CURVE('',#9678,#9677,#9680,.T.);
#7832=EDGE_CURVE('',#9639,#9409,#9681,.T.);
#7833=EDGE_CURVE('',#9682,#9683,#9684,.T.);
#7834=EDGE_CURVE('',#9423,#9682,#9685,.T.);
#7835=EDGE_CURVE('',#9416,#9686,#9687,.T.);
#7836=EDGE_CURVE('',#9688,#9686,#9689,.T.);
#7837=EDGE_CURVE('',#9688,#9690,#9691,.T.);
#7838=EDGE_CURVE('',#9692,#9690,#9693,.T.);
#7839=EDGE_CURVE('',#9692,#9683,#9694,.T.);
#7840=EDGE_CURVE('',#9683,#9695,#9696,.T.);
#7841=EDGE_CURVE('',#9692,#9697,#9698,.T.);
#7842=EDGE_CURVE('',#9697,#9695,#9699,.T.);
#7843=EDGE_CURVE('',#9425,#9700,#9701,.T.);
#7844=EDGE_CURVE('',#9700,#9695,#9702,.T.);
#7845=EDGE_CURVE('',#9697,#9703,#9704,.T.);
#7846=EDGE_CURVE('',#9703,#9705,#9706,.T.);
#7847=EDGE_CURVE('',#9190,#9705,#9707,.T.);
#7848=EDGE_CURVE('',#9708,#9709,#9710,.T.);
#7849=EDGE_CURVE('',#9711,#9708,#9712,.T.);
#7850=EDGE_CURVE('',#9713,#9711,#9714,.T.);
#7851=EDGE_CURVE('',#9715,#9713,#9716,.T.);
#7852=EDGE_CURVE('',#9717,#9715,#9718,.T.);
#7853=EDGE_CURVE('',#9719,#9717,#9720,.T.);
#7854=EDGE_CURVE('',#9721,#9719,#9722,.T.);
#7855=EDGE_CURVE('',#9723,#9721,#9724,.T.);
#7856=EDGE_CURVE('',#9723,#9725,#9726,.T.);
#7857=EDGE_CURVE('',#9709,#9725,#9727,.T.);
#7858=EDGE_CURVE('',#9728,#9729,#9730,.T.);
#7859=EDGE_CURVE('',#9729,#9414,#9731,.T.);
#7860=EDGE_CURVE('',#9732,#9250,#9733,.T.);
#7861=EDGE_CURVE('',#9734,#9732,#9735,.T.);
#7862=EDGE_CURVE('',#9734,#9736,#9737,.T.);
#7863=EDGE_CURVE('',#9736,#9728,#9738,.T.);
#7864=EDGE_CURVE('',#9739,#9740,#9741,.T.);
#7865=EDGE_CURVE('',#9739,#9742,#9743,.T.);
#7866=EDGE_CURVE('',#9744,#9742,#9745,.T.);
#7867=EDGE_CURVE('',#9746,#9744,#9747,.T.);
#7868=EDGE_CURVE('',#9748,#9746,#9749,.T.);
#7869=EDGE_CURVE('',#9750,#9748,#9751,.T.);
#7870=EDGE_CURVE('',#9752,#9750,#9753,.T.);
#7871=EDGE_CURVE('',#9754,#9752,#9755,.T.);
#7872=EDGE_CURVE('',#9754,#9756,#9757,.T.);
#7873=EDGE_CURVE('',#9740,#9756,#9758,.T.);
#7874=EDGE_CURVE('',#9740,#9759,#9760,.T.);
#7875=EDGE_CURVE('',#9756,#9761,#9762,.T.);
#7876=EDGE_CURVE('',#9759,#9761,#9763,.T.);
#7877=EDGE_CURVE('',#9764,#9761,#9765,.T.);
#7878=EDGE_CURVE('',#9764,#9766,#9767,.T.);
#7879=EDGE_CURVE('',#9766,#9768,#9769,.T.);
#7880=EDGE_CURVE('',#9768,#9770,#9771,.T.);
#7881=EDGE_CURVE('',#9770,#9772,#9773,.T.);
#7882=EDGE_CURVE('',#9772,#9774,#9775,.T.);
#7883=EDGE_CURVE('',#9774,#9776,#9777,.T.);
#7884=EDGE_CURVE('',#9776,#9778,#9779,.T.);
#7885=EDGE_CURVE('',#9778,#9759,#9780,.T.);
#7886=EDGE_CURVE('',#9781,#9782,#9783,.T.);
#7887=EDGE_CURVE('',#9782,#9781,#9784,.T.);
#7888=EDGE_CURVE('',#9785,#9786,#9787,.T.);
#7889=EDGE_CURVE('',#9785,#9788,#9789,.T.);
#7890=EDGE_CURVE('',#9788,#9790,#9791,.T.);
#7891=EDGE_CURVE('',#9790,#9792,#9793,.T.);
#7892=EDGE_CURVE('',#9792,#9794,#9795,.T.);
#7893=EDGE_CURVE('',#9794,#9796,#9797,.T.);
#7894=EDGE_CURVE('',#9796,#9798,#9799,.T.);
#7895=EDGE_CURVE('',#9798,#9800,#9801,.T.);
#7896=EDGE_CURVE('',#9800,#9802,#9803,.T.);
#7897=EDGE_CURVE('',#9802,#9786,#9804,.T.);
#7898=EDGE_CURVE('',#9805,#9806,#9807,.T.);
#7899=EDGE_CURVE('',#9806,#9805,#9808,.T.);
#7900=EDGE_CURVE('',#9809,#9810,#9811,.T.);
#7901=EDGE_CURVE('',#9810,#9809,#9812,.T.);
#7902=EDGE_CURVE('',#9813,#9814,#9815,.T.);
#7903=EDGE_CURVE('',#9814,#9816,#9817,.T.);
#7904=EDGE_CURVE('',#9818,#9816,#9819,.T.);
#7905=EDGE_CURVE('',#9813,#9818,#9820,.T.);
#7906=EDGE_CURVE('',#9821,#9822,#9823,.T.);
#7907=EDGE_CURVE('',#9822,#9824,#9825,.T.);
#7908=EDGE_CURVE('',#9826,#9824,#9827,.T.);
#7909=EDGE_CURVE('',#9821,#9826,#9828,.T.);
#7910=EDGE_CURVE('',#9829,#9830,#9831,.T.);
#7911=EDGE_CURVE('',#9830,#9832,#9833,.T.);
#7912=EDGE_CURVE('',#9834,#9832,#9835,.T.);
#7913=EDGE_CURVE('',#9829,#9834,#9836,.T.);
#7914=EDGE_CURVE('',#9837,#9838,#9839,.T.);
#7915=EDGE_CURVE('',#9838,#9840,#9841,.T.);
#7916=EDGE_CURVE('',#9842,#9840,#9843,.T.);
#7917=EDGE_CURVE('',#9837,#9842,#9844,.T.);
#7918=EDGE_CURVE('',#9845,#9846,#9847,.T.);
#7919=EDGE_CURVE('',#9846,#9845,#9848,.T.);
#7920=EDGE_CURVE('',#9849,#9850,#9851,.T.);
#7921=EDGE_CURVE('',#9850,#9852,#9853,.T.);
#7922=EDGE_CURVE('',#9854,#9852,#9855,.T.);
#7923=EDGE_CURVE('',#9849,#9854,#9856,.T.);
#7924=EDGE_CURVE('',#9857,#9858,#9859,.T.);
#7925=EDGE_CURVE('',#9858,#9860,#9861,.T.);
#7926=EDGE_CURVE('',#9862,#9860,#9863,.T.);
#7927=EDGE_CURVE('',#9857,#9862,#9864,.T.);
#7928=EDGE_CURVE('',#9865,#9866,#9867,.T.);
#7929=EDGE_CURVE('',#9866,#9868,#9869,.T.);
#7930=EDGE_CURVE('',#9870,#9868,#9871,.T.);
#7931=EDGE_CURVE('',#9865,#9870,#9872,.T.);
#7932=EDGE_CURVE('',#9873,#9874,#9875,.T.);
#7933=EDGE_CURVE('',#9874,#9876,#9877,.T.);
#7934=EDGE_CURVE('',#9878,#9876,#9879,.T.);
#7935=EDGE_CURVE('',#9873,#9878,#9880,.T.);
#7936=EDGE_CURVE('',#9739,#9778,#9881,.T.);
#7937=EDGE_CURVE('',#9742,#9776,#9882,.T.);
#7938=EDGE_CURVE('',#9744,#9774,#9883,.T.);
#7939=EDGE_CURVE('',#9746,#9772,#9884,.T.);
#7940=EDGE_CURVE('',#9748,#9770,#9885,.T.);
#7941=EDGE_CURVE('',#9750,#9768,#9886,.T.);
#7942=EDGE_CURVE('',#9752,#9766,#9887,.T.);
#7943=EDGE_CURVE('',#9764,#9754,#9888,.T.);
#7944=EDGE_CURVE('',#9709,#9802,#9889,.T.);
#7945=EDGE_CURVE('',#9786,#9725,#9890,.T.);
#7946=EDGE_CURVE('',#9785,#9723,#9891,.T.);
#7947=EDGE_CURVE('',#9721,#9788,#9892,.T.);
#7948=EDGE_CURVE('',#9719,#9790,#9893,.T.);
#7949=EDGE_CURVE('',#9717,#9792,#9894,.T.);
#7950=EDGE_CURVE('',#9715,#9794,#9895,.T.);
#7951=EDGE_CURVE('',#9713,#9796,#9896,.T.);
#7952=EDGE_CURVE('',#9711,#9798,#9897,.T.);
#7953=EDGE_CURVE('',#9708,#9800,#9898,.T.);
#7954=EDGE_CURVE('',#9781,#9899,#9900,.T.);
#7955=EDGE_CURVE('',#9901,#9899,#9902,.T.);
#7956=EDGE_CURVE('',#9782,#9901,#9903,.T.);
#7957=EDGE_CURVE('',#9899,#9901,#9904,.T.);
#7958=EDGE_CURVE('',#9905,#9906,#9907,.T.);
#7959=EDGE_CURVE('',#9906,#9905,#9908,.T.);
#7960=EDGE_CURVE('',#9909,#9910,#9911,.T.);
#7961=EDGE_CURVE('',#9910,#9909,#9912,.T.);
#7962=EDGE_CURVE('',#9913,#9914,#9915,.T.);
#7963=EDGE_CURVE('',#9914,#9913,#9916,.T.);
#7964=EDGE_CURVE('',#9805,#9909,#9917,.T.);
#7965=EDGE_CURVE('',#9806,#9910,#9918,.T.);
#7966=EDGE_CURVE('',#9810,#9905,#9919,.T.);
#7967=EDGE_CURVE('',#9809,#9906,#9920,.T.);
#7968=EDGE_CURVE('',#9846,#9913,#9921,.T.);
#7969=EDGE_CURVE('',#9845,#9914,#9922,.T.);
#7970=EDGE_CURVE('',#9923,#9826,#9924,.T.);
#7971=EDGE_CURVE('',#9925,#9923,#9926,.T.);
#7972=EDGE_CURVE('',#9000,#9925,#9927,.T.);
#7973=EDGE_CURVE('',#9928,#8997,#9929,.T.);
#7974=EDGE_CURVE('',#9930,#9928,#9931,.T.);
#7975=EDGE_CURVE('',#9932,#9930,#9933,.T.);
#7976=EDGE_CURVE('',#9934,#9932,#9935,.T.);
#7977=EDGE_CURVE('',#9936,#9934,#9937,.T.);
#7978=EDGE_CURVE('',#8990,#9936,#9938,.T.);
#7979=EDGE_CURVE('',#9939,#8994,#9940,.T.);
#7980=EDGE_CURVE('',#9941,#9939,#9942,.T.);
#7981=EDGE_CURVE('',#9821,#9941,#9943,.T.);
#7982=EDGE_CURVE('',#9944,#9818,#9945,.T.);
#7983=EDGE_CURVE('',#9946,#9944,#9947,.T.);
#7984=EDGE_CURVE('',#8976,#9946,#9948,.T.);
#7985=EDGE_CURVE('',#9949,#8973,#9950,.T.);
#7986=EDGE_CURVE('',#9951,#9949,#9952,.T.);
#7987=EDGE_CURVE('',#9953,#9951,#9954,.T.);
#7988=EDGE_CURVE('',#9955,#9953,#9956,.T.);
#7989=EDGE_CURVE('',#9957,#9955,#9958,.T.);
#7990=EDGE_CURVE('',#8982,#9957,#9959,.T.);
#7991=EDGE_CURVE('',#9960,#8986,#9961,.T.);
#7992=EDGE_CURVE('',#9962,#9960,#9963,.T.);
#7993=EDGE_CURVE('',#9813,#9962,#9964,.T.);
#7994=EDGE_CURVE('',#9965,#9854,#9966,.T.);
#7995=EDGE_CURVE('',#9967,#9965,#9968,.T.);
#7996=EDGE_CURVE('',#8960,#9967,#9969,.T.);
#7997=EDGE_CURVE('',#9970,#8957,#9971,.T.);
#7998=EDGE_CURVE('',#9972,#9970,#9973,.T.);
#7999=EDGE_CURVE('',#9974,#9972,#9975,.T.);
#8000=EDGE_CURVE('',#9976,#9974,#9977,.T.);
#8001=EDGE_CURVE('',#9978,#9976,#9979,.T.);
#8002=EDGE_CURVE('',#8966,#9978,#9980,.T.);
#8003=EDGE_CURVE('',#9981,#8970,#9982,.T.);
#8004=EDGE_CURVE('',#9983,#9981,#9984,.T.);
#8005=EDGE_CURVE('',#9849,#9983,#9985,.T.);
#8006=EDGE_CURVE('',#9986,#9862,#9987,.T.);
#8007=EDGE_CURVE('',#9988,#9986,#9989,.T.);
#8008=EDGE_CURVE('',#8944,#9988,#9990,.T.);
#8009=EDGE_CURVE('',#9991,#8941,#9992,.T.);
#8010=EDGE_CURVE('',#9993,#9991,#9994,.T.);
#8011=EDGE_CURVE('',#9995,#9993,#9996,.T.);
#8012=EDGE_CURVE('',#9997,#9995,#9998,.T.);
#8013=EDGE_CURVE('',#9999,#9997,#10000,.T.);
#8014=EDGE_CURVE('',#8950,#9999,#10001,.T.);
#8015=EDGE_CURVE('',#10002,#8954,#10003,.T.);
#8016=EDGE_CURVE('',#10004,#10002,#10005,.T.);
#8017=EDGE_CURVE('',#9857,#10004,#10006,.T.);
#8018=EDGE_CURVE('',#9941,#10007,#10008,.T.);
#8019=EDGE_CURVE('',#9822,#10007,#10009,.T.);
#8020=EDGE_CURVE('',#10007,#10010,#10011,.T.);
#8021=EDGE_CURVE('',#10010,#8992,#10012,.T.);
#8022=EDGE_CURVE('',#8989,#10013,#10014,.T.);
#8023=EDGE_CURVE('',#10013,#10015,#10016,.T.);
#8024=EDGE_CURVE('',#10015,#10017,#10018,.T.);
#8025=EDGE_CURVE('',#10017,#10019,#10020,.T.);
#8026=EDGE_CURVE('',#10019,#10021,#10022,.T.);
#8027=EDGE_CURVE('',#10021,#8998,#10023,.T.);
#8028=EDGE_CURVE('',#9002,#10024,#10025,.T.);
#8029=EDGE_CURVE('',#10024,#10026,#10027,.T.);
#8030=EDGE_CURVE('',#10026,#9824,#10028,.T.);
#8031=EDGE_CURVE('',#10029,#10030,#10031,.T.);
#8032=EDGE_CURVE('',#10030,#8984,#10032,.T.);
#8033=EDGE_CURVE('',#8981,#10033,#10034,.T.);
#8034=EDGE_CURVE('',#10033,#10035,#10036,.T.);
#8035=EDGE_CURVE('',#10035,#10037,#10038,.T.);
#8036=EDGE_CURVE('',#10037,#10039,#10040,.T.);
#8037=EDGE_CURVE('',#10039,#10041,#10042,.T.);
#8038=EDGE_CURVE('',#10041,#8974,#10043,.T.);
#8039=EDGE_CURVE('',#8978,#10044,#10045,.T.);
#8040=EDGE_CURVE('',#10044,#10046,#10047,.T.);
#8041=EDGE_CURVE('',#10046,#9816,#10048,.T.);
#8042=EDGE_CURVE('',#9814,#10029,#10049,.T.);
#8043=EDGE_CURVE('',#10050,#10051,#10052,.T.);
#8044=EDGE_CURVE('',#10051,#8968,#10053,.T.);
#8045=EDGE_CURVE('',#8965,#10054,#10055,.T.);
#8046=EDGE_CURVE('',#10054,#10056,#10057,.T.);
#8047=EDGE_CURVE('',#10056,#10058,#10059,.T.);
#8048=EDGE_CURVE('',#10058,#10060,#10061,.T.);
#8049=EDGE_CURVE('',#10060,#10062,#10063,.T.);
#8050=EDGE_CURVE('',#10062,#8958,#10064,.T.);
#8051=EDGE_CURVE('',#8962,#10065,#10066,.T.);
#8052=EDGE_CURVE('',#10065,#10067,#10068,.T.);
#8053=EDGE_CURVE('',#10067,#9852,#10069,.T.);
#8054=EDGE_CURVE('',#9850,#10050,#10070,.T.);
#8055=EDGE_CURVE('',#10071,#10072,#10073,.T.);
#8056=EDGE_CURVE('',#10072,#8952,#10074,.T.);
#8057=EDGE_CURVE('',#8949,#10075,#10076,.T.);
#8058=EDGE_CURVE('',#10075,#10077,#10078,.T.);
#8059=EDGE_CURVE('',#10077,#10079,#10080,.T.);
#8060=EDGE_CURVE('',#10079,#10081,#10082,.T.);
#8061=EDGE_CURVE('',#10081,#10083,#10084,.T.);
#8062=EDGE_CURVE('',#10083,#8942,#10085,.T.);
#8063=EDGE_CURVE('',#8946,#10086,#10087,.T.);
#8064=EDGE_CURVE('',#10086,#10088,#10089,.T.);
#8065=EDGE_CURVE('',#10088,#9860,#10090,.T.);
#8066=EDGE_CURVE('',#9858,#10071,#10091,.T.);
#8067=EDGE_CURVE('',#9923,#10026,#10092,.T.);
#8068=EDGE_CURVE('',#9925,#10024,#10093,.T.);
#8069=EDGE_CURVE('',#9928,#10021,#10094,.T.);
#8070=EDGE_CURVE('',#9930,#10019,#10095,.T.);
#8071=EDGE_CURVE('',#9932,#10017,#10096,.T.);
#8072=EDGE_CURVE('',#9934,#10015,#10097,.T.);
#8073=EDGE_CURVE('',#9936,#10013,#10098,.T.);
#8074=EDGE_CURVE('',#9939,#10010,#10099,.T.);
#8075=EDGE_CURVE('',#9962,#10029,#10100,.T.);
#8076=EDGE_CURVE('',#9960,#10030,#10101,.T.);
#8077=EDGE_CURVE('',#9957,#10033,#10102,.T.);
#8078=EDGE_CURVE('',#9955,#10035,#10103,.T.);
#8079=EDGE_CURVE('',#9953,#10037,#10104,.T.);
#8080=EDGE_CURVE('',#9951,#10039,#10105,.T.);
#8081=EDGE_CURVE('',#9949,#10041,#10106,.T.);
#8082=EDGE_CURVE('',#9946,#10044,#10107,.T.);
#8083=EDGE_CURVE('',#9944,#10046,#10108,.T.);
#8084=EDGE_CURVE('',#9983,#10050,#10109,.T.);
#8085=EDGE_CURVE('',#9981,#10051,#10110,.T.);
#8086=EDGE_CURVE('',#9978,#10054,#10111,.T.);
#8087=EDGE_CURVE('',#9976,#10056,#10112,.T.);
#8088=EDGE_CURVE('',#9974,#10058,#10113,.T.);
#8089=EDGE_CURVE('',#9972,#10060,#10114,.T.);
#8090=EDGE_CURVE('',#9970,#10062,#10115,.T.);
#8091=EDGE_CURVE('',#9967,#10065,#10116,.T.);
#8092=EDGE_CURVE('',#9965,#10067,#10117,.T.);
#8093=EDGE_CURVE('',#10004,#10071,#10118,.T.);
#8094=EDGE_CURVE('',#10002,#10072,#10119,.T.);
#8095=EDGE_CURVE('',#9999,#10075,#10120,.T.);
#8096=EDGE_CURVE('',#9997,#10077,#10121,.T.);
#8097=EDGE_CURVE('',#9995,#10079,#10122,.T.);
#8098=EDGE_CURVE('',#9993,#10081,#10123,.T.);
#8099=EDGE_CURVE('',#9991,#10083,#10124,.T.);
#8100=EDGE_CURVE('',#9988,#10086,#10125,.T.);
#8101=EDGE_CURVE('',#9986,#10088,#10126,.T.);
#8102=EDGE_CURVE('',#10127,#10128,#10129,.T.);
#8103=EDGE_CURVE('',#8936,#10127,#10130,.T.);
#8104=EDGE_CURVE('',#10131,#8933,#10132,.T.);
#8105=EDGE_CURVE('',#10133,#10131,#10134,.T.);
#8106=EDGE_CURVE('',#10135,#10133,#10136,.T.);
#8107=EDGE_CURVE('',#10137,#10135,#10138,.T.);
#8108=EDGE_CURVE('',#10139,#10137,#10140,.T.);
#8109=EDGE_CURVE('',#8926,#10139,#10141,.T.);
#8110=EDGE_CURVE('',#10142,#8930,#10143,.T.);
#8111=EDGE_CURVE('',#10144,#10142,#10145,.T.);
#8112=EDGE_CURVE('',#9837,#10144,#10146,.T.);
#8113=EDGE_CURVE('',#10128,#9842,#10147,.T.);
#8114=EDGE_CURVE('',#10148,#9834,#10149,.T.);
#8115=EDGE_CURVE('',#10150,#10148,#10151,.T.);
#8116=EDGE_CURVE('',#8912,#10150,#10152,.T.);
#8117=EDGE_CURVE('',#10153,#8909,#10154,.T.);
#8118=EDGE_CURVE('',#10155,#10153,#10156,.T.);
#8119=EDGE_CURVE('',#10157,#10155,#10158,.T.);
#8120=EDGE_CURVE('',#10159,#10157,#10160,.T.);
#8121=EDGE_CURVE('',#10161,#10159,#10162,.T.);
#8122=EDGE_CURVE('',#8918,#10161,#10163,.T.);
#8123=EDGE_CURVE('',#10164,#8922,#10165,.T.);
#8124=EDGE_CURVE('',#10166,#10164,#10167,.T.);
#8125=EDGE_CURVE('',#9829,#10166,#10168,.T.);
#8126=EDGE_CURVE('',#10169,#9840,#10170,.T.);
#8127=EDGE_CURVE('',#10128,#10169,#10171,.T.);
#8128=EDGE_CURVE('',#10172,#10169,#10173,.T.);
#8129=EDGE_CURVE('',#10127,#10172,#10174,.T.);
#8130=EDGE_CURVE('',#8938,#10172,#10175,.T.);
#8131=EDGE_CURVE('',#10176,#8934,#10177,.T.);
#8132=EDGE_CURVE('',#10131,#10176,#10178,.T.);
#8133=EDGE_CURVE('',#10179,#10176,#10180,.T.);
#8134=EDGE_CURVE('',#10133,#10179,#10181,.T.);
#8135=EDGE_CURVE('',#10182,#10179,#10183,.T.);
#8136=EDGE_CURVE('',#10135,#10182,#10184,.T.);
#8137=EDGE_CURVE('',#10185,#10182,#10186,.T.);
#8138=EDGE_CURVE('',#10137,#10185,#10187,.T.);
#8139=EDGE_CURVE('',#10188,#10185,#10189,.T.);
#8140=EDGE_CURVE('',#10139,#10188,#10190,.T.);
#8141=EDGE_CURVE('',#8925,#10188,#10191,.T.);
#8142=EDGE_CURVE('',#10192,#8928,#10193,.T.);
#8143=EDGE_CURVE('',#10142,#10192,#10194,.T.);
#8144=EDGE_CURVE('',#10195,#10192,#10196,.T.);
#8145=EDGE_CURVE('',#10144,#10195,#10197,.T.);
#8146=EDGE_CURVE('',#9838,#10195,#10198,.T.);
#8147=EDGE_CURVE('',#10199,#10200,#10201,.T.);
#8148=EDGE_CURVE('',#10200,#8920,#10202,.T.);
#8149=EDGE_CURVE('',#8917,#10203,#10204,.T.);
#8150=EDGE_CURVE('',#10203,#10205,#10206,.T.);
#8151=EDGE_CURVE('',#10205,#10207,#10208,.T.);
#8152=EDGE_CURVE('',#10207,#10209,#10210,.T.);
#8153=EDGE_CURVE('',#10209,#10211,#10212,.T.);
#8154=EDGE_CURVE('',#10211,#8910,#10213,.T.);
#8155=EDGE_CURVE('',#8914,#10214,#10215,.T.);
#8156=EDGE_CURVE('',#10214,#10216,#10217,.T.);
#8157=EDGE_CURVE('',#10216,#9832,#10218,.T.);
#8158=EDGE_CURVE('',#9830,#10199,#10219,.T.);
#8159=EDGE_CURVE('',#10166,#10199,#10220,.T.);
#8160=EDGE_CURVE('',#10164,#10200,#10221,.T.);
#8161=EDGE_CURVE('',#10161,#10203,#10222,.T.);
#8162=EDGE_CURVE('',#10159,#10205,#10223,.T.);
#8163=EDGE_CURVE('',#10157,#10207,#10224,.T.);
#8164=EDGE_CURVE('',#10155,#10209,#10225,.T.);
#8165=EDGE_CURVE('',#10153,#10211,#10226,.T.);
#8166=EDGE_CURVE('',#10150,#10214,#10227,.T.);
#8167=EDGE_CURVE('',#10148,#10216,#10228,.T.);
#8168=EDGE_CURVE('',#10229,#9870,#10230,.T.);
#8169=EDGE_CURVE('',#10231,#10229,#10232,.T.);
#8170=EDGE_CURVE('',#8904,#10231,#10233,.T.);
#8171=EDGE_CURVE('',#10234,#8901,#10235,.T.);
#8172=EDGE_CURVE('',#10236,#10234,#10237,.T.);
#8173=EDGE_CURVE('',#10238,#10236,#10239,.T.);
#8174=EDGE_CURVE('',#10240,#10238,#10241,.T.);
#8175=EDGE_CURVE('',#10242,#10240,#10243,.T.);
#8176=EDGE_CURVE('',#8894,#10242,#10244,.T.);
#8177=EDGE_CURVE('',#10245,#8898,#10246,.T.);
#8178=EDGE_CURVE('',#10247,#10245,#10248,.T.);
#8179=EDGE_CURVE('',#9865,#10247,#10249,.T.);
#8180=EDGE_CURVE('',#10250,#9878,#10251,.T.);
#8181=EDGE_CURVE('',#10252,#10250,#10253,.T.);
#8182=EDGE_CURVE('',#8888,#10252,#10254,.T.);
#8183=EDGE_CURVE('',#10255,#8885,#10256,.T.);
#8184=EDGE_CURVE('',#10257,#10255,#10258,.T.);
#8185=EDGE_CURVE('',#10259,#10257,#10260,.T.);
#8186=EDGE_CURVE('',#10261,#10259,#10262,.T.);
#8187=EDGE_CURVE('',#10263,#10261,#10264,.T.);
#8188=EDGE_CURVE('',#8878,#10263,#10265,.T.);
#8189=EDGE_CURVE('',#10266,#8882,#10267,.T.);
#8190=EDGE_CURVE('',#10268,#10266,#10269,.T.);
#8191=EDGE_CURVE('',#9873,#10268,#10270,.T.);
#8192=EDGE_CURVE('',#10247,#10271,#10272,.T.);
#8193=EDGE_CURVE('',#9866,#10271,#10273,.T.);
#8194=EDGE_CURVE('',#10271,#10274,#10275,.T.);
#8195=EDGE_CURVE('',#10274,#8896,#10276,.T.);
#8196=EDGE_CURVE('',#8893,#10277,#10278,.T.);
#8197=EDGE_CURVE('',#10277,#10279,#10280,.T.);
#8198=EDGE_CURVE('',#10279,#10281,#10282,.T.);
#8199=EDGE_CURVE('',#10281,#10283,#10284,.T.);
#8200=EDGE_CURVE('',#10283,#10285,#10286,.T.);
#8201=EDGE_CURVE('',#10285,#8902,#10287,.T.);
#8202=EDGE_CURVE('',#8906,#10288,#10289,.T.);
#8203=EDGE_CURVE('',#10288,#10290,#10291,.T.);
#8204=EDGE_CURVE('',#10290,#9868,#10292,.T.);
#8205=EDGE_CURVE('',#9874,#10293,#10294,.T.);
#8206=EDGE_CURVE('',#10293,#10295,#10296,.T.);
#8207=EDGE_CURVE('',#10295,#8880,#10297,.T.);
#8208=EDGE_CURVE('',#8877,#10298,#10299,.T.);
#8209=EDGE_CURVE('',#10298,#10300,#10301,.T.);
#8210=EDGE_CURVE('',#10300,#10302,#10303,.T.);
#8211=EDGE_CURVE('',#10302,#10304,#10305,.T.);
#8212=EDGE_CURVE('',#10304,#10306,#10307,.T.);
#8213=EDGE_CURVE('',#10306,#8886,#10308,.T.);
#8214=EDGE_CURVE('',#8890,#10309,#10310,.T.);
#8215=EDGE_CURVE('',#10309,#10311,#10312,.T.);
#8216=EDGE_CURVE('',#10311,#9876,#10313,.T.);
#8217=EDGE_CURVE('',#10229,#10290,#10314,.T.);
#8218=EDGE_CURVE('',#10231,#10288,#10315,.T.);
#8219=EDGE_CURVE('',#10234,#10285,#10316,.T.);
#8220=EDGE_CURVE('',#10236,#10283,#10317,.T.);
#8221=EDGE_CURVE('',#10238,#10281,#10318,.T.);
#8222=EDGE_CURVE('',#10240,#10279,#10319,.T.);
#8223=EDGE_CURVE('',#10242,#10277,#10320,.T.);
#8224=EDGE_CURVE('',#10245,#10274,#10321,.T.);
#8225=EDGE_CURVE('',#10250,#10311,#10322,.T.);
#8226=EDGE_CURVE('',#10252,#10309,#10323,.T.);
#8227=EDGE_CURVE('',#10255,#10306,#10324,.T.);
#8228=EDGE_CURVE('',#10257,#10304,#10325,.T.);
#8229=EDGE_CURVE('',#10259,#10302,#10326,.T.);
#8230=EDGE_CURVE('',#10261,#10300,#10327,.T.);
#8231=EDGE_CURVE('',#10263,#10298,#10328,.T.);
#8232=EDGE_CURVE('',#10266,#10295,#10329,.T.);
#8233=EDGE_CURVE('',#10268,#10293,#10330,.T.);
#8234=EDGE_CURVE('',#10331,#10332,#10333,.T.);
#8235=EDGE_CURVE('',#10332,#10334,#10335,.T.);
#8236=EDGE_CURVE('',#10334,#10336,#10337,.T.);
#8237=EDGE_CURVE('',#10336,#10338,#10339,.T.);
#8238=EDGE_CURVE('',#10338,#10340,#10341,.T.);
#8239=EDGE_CURVE('',#10340,#8862,#10342,.T.);
#8240=EDGE_CURVE('',#8866,#8872,#10343,.T.);
#8241=EDGE_CURVE('',#8869,#10331,#10344,.T.);
#8242=EDGE_CURVE('',#10345,#10346,#10347,.T.);
#8243=EDGE_CURVE('',#10346,#10345,#10348,.T.);
#8244=EDGE_CURVE('',#10349,#10350,#10351,.T.);
#8245=EDGE_CURVE('',#10350,#10349,#10352,.T.);
#8246=EDGE_CURVE('',#10353,#10354,#10355,.T.);
#8247=EDGE_CURVE('',#10354,#10353,#10356,.T.);
#8248=EDGE_CURVE('',#10357,#10358,#10359,.T.);
#8249=EDGE_CURVE('',#10358,#10357,#10360,.T.);
#8250=EDGE_CURVE('',#10361,#10362,#10363,.T.);
#8251=EDGE_CURVE('',#10362,#10361,#10364,.T.);
#8252=EDGE_CURVE('',#10365,#10366,#10367,.T.);
#8253=EDGE_CURVE('',#10366,#10365,#10368,.T.);
#8254=EDGE_CURVE('',#10369,#10370,#10371,.T.);
#8255=EDGE_CURVE('',#10370,#10369,#10372,.T.);
#8256=EDGE_CURVE('',#10373,#10374,#10375,.T.);
#8257=EDGE_CURVE('',#10374,#10373,#10376,.T.);
#8258=EDGE_CURVE('',#10377,#10378,#10379,.T.);
#8259=EDGE_CURVE('',#10378,#10377,#10380,.T.);
#8260=EDGE_CURVE('',#10381,#10382,#10383,.T.);
#8261=EDGE_CURVE('',#10384,#10381,#10385,.T.);
#8262=EDGE_CURVE('',#10386,#10384,#10387,.T.);
#8263=EDGE_CURVE('',#10388,#10386,#10389,.T.);
#8264=EDGE_CURVE('',#10390,#10388,#10391,.T.);
#8265=EDGE_CURVE('',#10392,#10390,#10393,.T.);
#8266=EDGE_CURVE('',#10382,#10392,#10394,.T.);
#8267=EDGE_CURVE('',#10395,#10396,#10397,.T.);
#8268=EDGE_CURVE('',#10398,#10395,#10399,.T.);
#8269=EDGE_CURVE('',#10400,#10398,#10401,.T.);
#8270=EDGE_CURVE('',#10402,#10400,#10403,.T.);
#8271=EDGE_CURVE('',#10404,#10402,#10405,.T.);
#8272=EDGE_CURVE('',#10406,#10404,#10407,.T.);
#8273=EDGE_CURVE('',#10408,#10406,#10409,.T.);
#8274=EDGE_CURVE('',#10410,#10408,#10411,.T.);
#8275=EDGE_CURVE('',#10412,#10410,#10413,.T.);
#8276=EDGE_CURVE('',#10414,#10412,#10415,.T.);
#8277=EDGE_CURVE('',#10416,#10414,#10417,.T.);
#8278=EDGE_CURVE('',#10418,#10416,#10419,.T.);
#8279=EDGE_CURVE('',#10420,#10418,#10421,.T.);
#8280=EDGE_CURVE('',#10422,#10420,#10423,.T.);
#8281=EDGE_CURVE('',#10424,#10422,#10425,.T.);
#8282=EDGE_CURVE('',#10426,#10424,#10427,.T.);
#8283=EDGE_CURVE('',#10428,#10426,#10429,.T.);
#8284=EDGE_CURVE('',#10430,#10428,#10431,.T.);
#8285=EDGE_CURVE('',#10432,#10430,#10433,.T.);
#8286=EDGE_CURVE('',#10434,#10432,#10435,.T.);
#8287=EDGE_CURVE('',#10436,#10434,#10437,.T.);
#8288=EDGE_CURVE('',#10438,#10436,#10439,.T.);
#8289=EDGE_CURVE('',#10440,#10438,#10441,.T.);
#8290=EDGE_CURVE('',#10442,#10440,#10443,.T.);
#8291=EDGE_CURVE('',#10444,#10442,#10445,.T.);
#8292=EDGE_CURVE('',#10446,#10444,#10447,.T.);
#8293=EDGE_CURVE('',#10448,#10446,#10449,.T.);
#8294=EDGE_CURVE('',#10450,#10448,#10451,.T.);
#8295=EDGE_CURVE('',#10452,#10450,#10453,.T.);
#8296=EDGE_CURVE('',#10454,#10452,#10455,.T.);
#8297=EDGE_CURVE('',#10456,#10454,#10457,.T.);
#8298=EDGE_CURVE('',#10458,#10456,#10459,.T.);
#8299=EDGE_CURVE('',#10460,#10458,#10461,.T.);
#8300=EDGE_CURVE('',#10462,#10460,#10463,.T.);
#8301=EDGE_CURVE('',#10464,#10462,#10465,.T.);
#8302=EDGE_CURVE('',#10466,#10464,#10467,.T.);
#8303=EDGE_CURVE('',#10468,#10466,#10469,.T.);
#8304=EDGE_CURVE('',#10470,#10468,#10471,.T.);
#8305=EDGE_CURVE('',#10472,#10470,#10473,.T.);
#8306=EDGE_CURVE('',#10396,#10472,#10474,.T.);
#8307=EDGE_CURVE('',#9705,#10475,#10476,.T.);
#8308=EDGE_CURVE('',#10475,#9192,#10477,.T.);
#8309=EDGE_CURVE('',#9248,#10478,#10479,.T.);
#8310=EDGE_CURVE('',#10478,#9732,#10480,.T.);
#8311=EDGE_CURVE('',#10481,#10482,#10483,.T.);
#8312=EDGE_CURVE('',#10484,#10481,#10485,.T.);
#8313=EDGE_CURVE('',#10486,#10484,#10487,.T.);
#8314=EDGE_CURVE('',#10488,#10486,#10489,.T.);
#8315=EDGE_CURVE('',#10490,#10488,#10491,.T.);
#8316=EDGE_CURVE('',#10492,#10490,#10493,.T.);
#8317=EDGE_CURVE('',#10494,#10492,#10495,.T.);
#8318=EDGE_CURVE('',#10496,#10494,#10497,.T.);
#8319=EDGE_CURVE('',#10498,#10496,#10499,.T.);
#8320=EDGE_CURVE('',#10500,#10498,#10501,.T.);
#8321=EDGE_CURVE('',#10502,#10500,#10503,.T.);
#8322=EDGE_CURVE('',#10504,#10502,#10505,.T.);
#8323=EDGE_CURVE('',#10506,#10504,#10507,.T.);
#8324=EDGE_CURVE('',#10508,#10506,#10509,.T.);
#8325=EDGE_CURVE('',#10510,#10508,#10511,.T.);
#8326=EDGE_CURVE('',#10512,#10510,#10513,.T.);
#8327=EDGE_CURVE('',#10514,#10512,#10515,.T.);
#8328=EDGE_CURVE('',#10516,#10514,#10517,.T.);
#8329=EDGE_CURVE('',#10518,#10516,#10519,.T.);
#8330=EDGE_CURVE('',#10482,#10518,#10520,.T.);
#8331=EDGE_CURVE('',#8870,#10521,#10522,.T.);
#8332=EDGE_CURVE('',#10521,#10331,#10523,.T.);
#8333=EDGE_CURVE('',#8874,#8856,#10524,.T.);
#8334=EDGE_CURVE('',#8853,#10525,#10526,.T.);
#8335=EDGE_CURVE('',#10521,#10525,#10527,.T.);
#8336=EDGE_CURVE('',#10525,#10528,#10529,.T.);
#8337=EDGE_CURVE('',#10530,#10528,#10531,.T.);
#8338=EDGE_CURVE('',#10521,#10530,#10532,.T.);
#8339=EDGE_CURVE('',#10530,#10332,#10533,.T.);
#8340=EDGE_CURVE('',#10534,#10334,#10535,.T.);
#8341=EDGE_CURVE('',#10530,#10534,#10536,.T.);
#8342=EDGE_CURVE('',#10528,#10537,#10538,.T.);
#8343=EDGE_CURVE('',#10534,#10537,#10539,.T.);
#8344=EDGE_CURVE('',#10537,#10540,#10541,.T.);
#8345=EDGE_CURVE('',#10542,#10540,#10543,.T.);
#8346=EDGE_CURVE('',#10534,#10542,#10544,.T.);
#8347=EDGE_CURVE('',#10542,#10336,#10545,.T.);
#8348=EDGE_CURVE('',#10546,#10338,#10547,.T.);
#8349=EDGE_CURVE('',#10542,#10546,#10548,.T.);
#8350=EDGE_CURVE('',#10540,#10549,#10550,.T.);
#8351=EDGE_CURVE('',#10546,#10549,#10551,.T.);
#8352=EDGE_CURVE('',#10549,#10552,#10553,.T.);
#8353=EDGE_CURVE('',#10554,#10552,#10555,.T.);
#8354=EDGE_CURVE('',#10546,#10554,#10556,.T.);
#8355=EDGE_CURVE('',#10554,#10340,#10557,.T.);
#8356=EDGE_CURVE('',#10554,#8861,#10558,.T.);
#8357=EDGE_CURVE('',#10552,#8846,#10559,.T.);
#8358=EDGE_CURVE('',#8864,#8850,#10560,.T.);
#8359=EDGE_CURVE('',#8850,#8856,#10561,.T.);
#8360=EDGE_CURVE('',#8864,#8874,#10562,.T.);
#8361=EDGE_CURVE('',#8848,#8858,#10563,.T.);
#8362=EDGE_CURVE('',#8854,#10564,#10565,.T.);
#8363=EDGE_CURVE('',#10564,#10525,#10566,.T.);
#8364=EDGE_CURVE('',#10564,#10567,#10568,.T.);
#8365=EDGE_CURVE('',#10567,#10528,#10569,.T.);
#8366=EDGE_CURVE('',#10567,#10570,#10571,.T.);
#8367=EDGE_CURVE('',#10570,#10537,#10572,.T.);
#8368=EDGE_CURVE('',#10570,#10573,#10574,.T.);
#8369=EDGE_CURVE('',#10573,#10540,#10575,.T.);
#8370=EDGE_CURVE('',#10573,#10576,#10577,.T.);
#8371=EDGE_CURVE('',#10576,#10549,#10578,.T.);
#8372=EDGE_CURVE('',#10576,#10579,#10580,.T.);
#8373=EDGE_CURVE('',#10579,#10552,#10581,.T.);
#8374=EDGE_CURVE('',#10579,#8845,#10582,.T.);
#8375=EDGE_CURVE('',#10583,#8848,#10584,.T.);
#8376=EDGE_CURVE('',#10585,#10579,#10586,.T.);
#8377=EDGE_CURVE('',#10585,#10583,#10587,.T.);
#8378=EDGE_CURVE('',#9690,#9736,#10588,.T.);
#8379=EDGE_CURVE('',#10589,#9734,#10590,.T.);
#8380=EDGE_CURVE('',#10589,#9246,#10591,.T.);
#8381=EDGE_CURVE('',#9244,#10592,#10593,.T.);
#8382=EDGE_CURVE('',#10594,#10592,#10595,.T.);
#8383=EDGE_CURVE('',#10594,#9196,#10596,.T.);
#8384=EDGE_CURVE('',#9194,#10597,#10598,.T.);
#8385=EDGE_CURVE('',#9703,#10597,#10599,.T.);
#8386=EDGE_CURVE('',#10583,#10600,#10601,.T.);
#8387=EDGE_CURVE('',#10602,#10585,#10603,.T.);
#8388=EDGE_CURVE('',#10604,#10602,#10605,.T.);
#8389=EDGE_CURVE('',#10606,#10604,#10607,.T.);
#8390=EDGE_CURVE('',#10608,#10606,#10609,.T.);
#8391=EDGE_CURVE('',#10610,#10608,#10611,.T.);
#8392=EDGE_CURVE('',#10600,#10610,#10612,.T.);
#8393=EDGE_CURVE('',#10613,#10614,#10615,.T.);
#8394=EDGE_CURVE('',#10614,#10613,#10616,.T.);
#8395=EDGE_CURVE('',#10617,#10618,#10619,.T.);
#8396=EDGE_CURVE('',#10618,#10617,#10620,.T.);
#8397=EDGE_CURVE('',#10597,#10475,#10621,.T.);
#8398=EDGE_CURVE('',#10594,#10622,#10623,.T.);
#8399=EDGE_CURVE('',#10624,#10622,#10625,.T.);
#8400=EDGE_CURVE('',#10624,#10626,#10627,.T.);
#8401=EDGE_CURVE('',#9198,#10626,#10628,.T.);
#8402=EDGE_CURVE('',#10626,#9216,#10629,.T.);
#8403=EDGE_CURVE('',#10624,#9218,#10630,.T.);
#8404=EDGE_CURVE('',#10631,#10632,#10633,.T.);
#8405=EDGE_CURVE('',#10632,#9220,#10634,.T.);
#8406=EDGE_CURVE('',#10622,#10635,#10636,.T.);
#8407=EDGE_CURVE('',#10635,#10637,#10638,.T.);
#8408=EDGE_CURVE('',#10639,#10637,#10640,.T.);
#8409=EDGE_CURVE('',#10631,#10639,#10641,.T.);
#8410=EDGE_CURVE('',#10639,#10642,#10643,.T.);
#8411=EDGE_CURVE('',#10644,#10642,#10645,.T.);
#8412=EDGE_CURVE('',#10631,#10644,#10646,.T.);
#8413=EDGE_CURVE('',#10647,#10648,#10649,.T.);
#8414=EDGE_CURVE('',#10650,#10647,#10651,.T.);
#8415=EDGE_CURVE('',#10632,#10650,#10652,.T.);
#8416=EDGE_CURVE('',#10653,#10644,#10654,.T.);
#8417=EDGE_CURVE('',#10635,#10653,#10655,.T.);
#8418=EDGE_CURVE('',#10656,#10592,#10657,.T.);
#8419=EDGE_CURVE('',#10658,#10656,#10659,.T.);
#8420=EDGE_CURVE('',#10658,#10660,#10661,.T.);
#8421=EDGE_CURVE('',#10662,#10660,#10663,.T.);
#8422=EDGE_CURVE('',#10664,#10662,#10665,.T.);
#8423=EDGE_CURVE('',#10648,#10664,#10666,.T.);
#8424=EDGE_CURVE('',#10667,#10656,#10668,.T.);
#8425=EDGE_CURVE('',#10667,#9228,#10669,.T.);
#8426=EDGE_CURVE('',#10648,#9226,#10670,.T.);
#8427=EDGE_CURVE('',#10664,#10671,#10672,.T.);
#8428=EDGE_CURVE('',#10673,#10671,#10674,.T.);
#8429=EDGE_CURVE('',#10658,#10673,#10675,.T.);
#8430=EDGE_CURVE('',#10673,#10676,#10677,.T.);
#8431=EDGE_CURVE('',#10660,#10676,#10678,.T.);
#8432=EDGE_CURVE('',#10642,#10679,#10680,.T.);
#8433=EDGE_CURVE('',#10679,#10653,#10681,.T.);
#8434=EDGE_CURVE('',#10676,#10682,#10683,.T.);
#8435=EDGE_CURVE('',#10682,#10662,#10684,.T.);
#8436=EDGE_CURVE('',#10637,#10679,#10685,.T.);
#8437=EDGE_CURVE('',#10671,#10682,#10686,.T.);
#8438=EDGE_CURVE('',#10647,#9224,#10687,.T.);
#8439=EDGE_CURVE('',#10650,#9222,#10688,.T.);
#8440=EDGE_CURVE('',#10689,#10667,#10690,.T.);
#8441=EDGE_CURVE('',#10689,#9230,#10691,.T.);
#8442=EDGE_CURVE('',#9242,#10689,#10692,.T.);
#8443=EDGE_CURVE('',#10589,#10478,#10693,.T.);
#8444=EDGE_CURVE('',#9688,#9728,#10694,.T.);
#8445=EDGE_CURVE('',#9686,#9729,#10695,.T.);
#8446=EDGE_CURVE('',#10610,#10564,#10696,.T.);
#8447=EDGE_CURVE('',#10600,#8858,#10697,.T.);
#8448=EDGE_CURVE('',#10608,#10567,#10698,.T.);
#8449=EDGE_CURVE('',#10606,#10570,#10699,.T.);
#8450=EDGE_CURVE('',#10604,#10573,#10700,.T.);
#8451=EDGE_CURVE('',#10602,#10576,#10701,.T.);
#8452=EDGE_CURVE('',#10613,#10702,#10703,.T.);
#8453=EDGE_CURVE('',#10704,#10702,#10705,.T.);
#8454=EDGE_CURVE('',#10614,#10704,#10706,.T.);
#8455=EDGE_CURVE('',#10702,#10704,#10707,.T.);
#8456=EDGE_CURVE('',#10708,#10709,#10710,.T.);
#8457=EDGE_CURVE('',#10709,#10708,#10711,.T.);
#8458=EDGE_CURVE('',#10712,#10713,#10714,.T.);
#8459=EDGE_CURVE('',#10713,#10712,#10715,.T.);
#8460=EDGE_CURVE('',#10716,#10717,#10718,.T.);
#8461=EDGE_CURVE('',#10717,#10716,#10719,.T.);
#8462=EDGE_CURVE('',#10617,#10712,#10720,.T.);
#8463=EDGE_CURVE('',#10618,#10713,#10721,.T.);
#8464=EDGE_CURVE('',#10708,#10722,#10723,.T.);
#8465=EDGE_CURVE('',#10724,#10722,#10725,.T.);
#8466=EDGE_CURVE('',#10709,#10724,#10726,.T.);
#8467=EDGE_CURVE('',#10722,#10724,#10727,.T.);
#8468=EDGE_CURVE('',#10728,#10729,#10730,.T.);
#8469=EDGE_CURVE('',#10729,#10728,#10731,.T.);
#8470=EDGE_CURVE('',#10732,#10733,#10734,.T.);
#8471=EDGE_CURVE('',#10733,#10732,#10735,.T.);
#8472=EDGE_CURVE('',#10736,#10737,#10738,.T.);
#8473=EDGE_CURVE('',#10737,#10736,#10739,.T.);
#8474=EDGE_CURVE('',#10716,#10732,#10740,.T.);
#8475=EDGE_CURVE('',#10717,#10733,#10741,.T.);
#8476=EDGE_CURVE('',#10728,#10742,#10743,.T.);
#8477=EDGE_CURVE('',#10744,#10742,#10745,.T.);
#8478=EDGE_CURVE('',#10729,#10744,#10746,.T.);
#8479=EDGE_CURVE('',#10744,#10742,#10747,.T.);
#8480=EDGE_CURVE('',#10748,#10749,#10750,.T.);
#8481=EDGE_CURVE('',#10742,#10749,#10751,.T.);
#8482=EDGE_CURVE('',#10744,#10748,#10752,.T.);
#8483=EDGE_CURVE('',#10748,#10749,#10753,.T.);
#8484=EDGE_CURVE('',#10749,#10754,#10755,.T.);
#8485=EDGE_CURVE('',#10756,#10754,#10757,.T.);
#8486=EDGE_CURVE('',#10748,#10756,#10758,.T.);
#8487=EDGE_CURVE('',#10756,#10754,#10759,.T.);
#8488=EDGE_CURVE('',#10760,#10761,#10762,.T.);
#8489=EDGE_CURVE('',#10760,#10761,#10763,.T.);
#8490=EDGE_CURVE('',#10761,#10764,#10765,.T.);
#8491=EDGE_CURVE('',#10766,#10764,#10767,.T.);
#8492=EDGE_CURVE('',#10760,#10766,#10768,.T.);
#8493=EDGE_CURVE('',#10766,#10764,#10769,.T.);
#8494=EDGE_CURVE('',#10770,#10771,#10772,.T.);
#8495=EDGE_CURVE('',#10770,#10771,#10773,.T.);
#8496=EDGE_CURVE('',#10771,#10774,#10775,.T.);
#8497=EDGE_CURVE('',#10776,#10774,#10777,.T.);
#8498=EDGE_CURVE('',#10770,#10776,#10778,.T.);
#8499=EDGE_CURVE('',#10776,#10774,#10779,.T.);
#8500=EDGE_CURVE('',#10736,#10780,#10781,.T.);
#8501=EDGE_CURVE('',#10782,#10780,#10783,.T.);
#8502=EDGE_CURVE('',#10737,#10782,#10784,.T.);
#8503=EDGE_CURVE('',#10782,#10780,#10785,.T.);
#8504=EDGE_CURVE('',#10786,#10787,#10788,.T.);
#8505=EDGE_CURVE('',#10780,#10787,#10789,.T.);
#8506=EDGE_CURVE('',#10782,#10786,#10790,.T.);
#8507=EDGE_CURVE('',#10786,#10787,#10791,.T.);
#8508=EDGE_CURVE('',#10787,#10792,#10793,.T.);
#8509=EDGE_CURVE('',#10794,#10792,#10795,.T.);
#8510=EDGE_CURVE('',#10786,#10794,#10796,.T.);
#8511=EDGE_CURVE('',#10794,#10792,#10797,.T.);
#8512=EDGE_CURVE('',#10798,#10799,#10800,.T.);
#8513=EDGE_CURVE('',#10798,#10799,#10801,.T.);
#8514=EDGE_CURVE('',#10799,#10802,#10803,.T.);
#8515=EDGE_CURVE('',#10804,#10802,#10805,.T.);
#8516=EDGE_CURVE('',#10798,#10804,#10806,.T.);
#8517=EDGE_CURVE('',#10804,#10802,#10807,.T.);
#8518=EDGE_CURVE('',#10808,#10809,#10810,.T.);
#8519=EDGE_CURVE('',#10808,#10809,#10811,.T.);
#8520=EDGE_CURVE('',#10809,#10812,#10813,.T.);
#8521=EDGE_CURVE('',#10814,#10812,#10815,.T.);
#8522=EDGE_CURVE('',#10808,#10814,#10816,.T.);
#8523=EDGE_CURVE('',#10814,#10812,#10817,.T.);
#8524=EDGE_CURVE('',#10345,#10818,#10819,.T.);
#8525=EDGE_CURVE('',#10820,#10818,#10821,.T.);
#8526=EDGE_CURVE('',#10346,#10820,#10822,.T.);
#8527=EDGE_CURVE('',#10818,#10820,#10823,.T.);
#8528=EDGE_CURVE('',#10349,#10824,#10825,.T.);
#8529=EDGE_CURVE('',#10826,#10824,#10827,.T.);
#8530=EDGE_CURVE('',#10350,#10826,#10828,.T.);
#8531=EDGE_CURVE('',#10824,#10826,#10829,.T.);
#8532=EDGE_CURVE('',#10353,#10830,#10831,.T.);
#8533=EDGE_CURVE('',#10832,#10830,#10833,.T.);
#8534=EDGE_CURVE('',#10354,#10832,#10834,.T.);
#8535=EDGE_CURVE('',#10830,#10832,#10835,.T.);
#8536=EDGE_CURVE('',#10357,#10836,#10837,.T.);
#8537=EDGE_CURVE('',#10838,#10836,#10839,.T.);
#8538=EDGE_CURVE('',#10358,#10838,#10840,.T.);
#8539=EDGE_CURVE('',#10836,#10838,#10841,.T.);
#8540=EDGE_CURVE('',#10361,#10842,#10843,.T.);
#8541=EDGE_CURVE('',#10844,#10842,#10845,.T.);
#8542=EDGE_CURVE('',#10362,#10844,#10846,.T.);
#8543=EDGE_CURVE('',#10842,#10844,#10847,.T.);
#8544=EDGE_CURVE('',#10365,#10848,#10849,.T.);
#8545=EDGE_CURVE('',#10850,#10848,#10851,.T.);
#8546=EDGE_CURVE('',#10366,#10850,#10852,.T.);
#8547=EDGE_CURVE('',#10848,#10850,#10853,.T.);
#8548=EDGE_CURVE('',#10369,#10854,#10855,.T.);
#8549=EDGE_CURVE('',#10856,#10854,#10857,.T.);
#8550=EDGE_CURVE('',#10370,#10856,#10858,.T.);
#8551=EDGE_CURVE('',#10854,#10856,#10859,.T.);
#8552=EDGE_CURVE('',#10373,#10860,#10861,.T.);
#8553=EDGE_CURVE('',#10862,#10860,#10863,.T.);
#8554=EDGE_CURVE('',#10374,#10862,#10864,.T.);
#8555=EDGE_CURVE('',#10860,#10862,#10865,.T.);
#8556=EDGE_CURVE('',#10377,#10866,#10867,.T.);
#8557=EDGE_CURVE('',#10868,#10866,#10869,.T.);
#8558=EDGE_CURVE('',#10378,#10868,#10870,.T.);
#8559=EDGE_CURVE('',#10866,#10868,#10871,.T.);
#8560=EDGE_CURVE('',#10392,#10872,#10873,.T.);
#8561=EDGE_CURVE('',#10874,#10872,#10875,.T.);
#8562=EDGE_CURVE('',#10382,#10874,#10876,.T.);
#8563=EDGE_CURVE('',#10877,#10874,#10878,.T.);
#8564=EDGE_CURVE('',#10381,#10877,#10879,.T.);
#8565=EDGE_CURVE('',#10880,#10877,#10881,.T.);
#8566=EDGE_CURVE('',#10384,#10880,#10882,.T.);
#8567=EDGE_CURVE('',#10883,#10880,#10884,.T.);
#8568=EDGE_CURVE('',#10386,#10883,#10885,.T.);
#8569=EDGE_CURVE('',#10886,#10883,#10887,.T.);
#8570=EDGE_CURVE('',#10388,#10886,#10888,.T.);
#8571=EDGE_CURVE('',#10889,#10886,#10890,.T.);
#8572=EDGE_CURVE('',#10390,#10889,#10891,.T.);
#8573=EDGE_CURVE('',#10872,#10889,#10892,.T.);
#8574=EDGE_CURVE('',#10893,#10894,#10895,.T.);
#8575=EDGE_CURVE('',#10894,#10896,#10897,.T.);
#8576=EDGE_CURVE('',#10896,#10898,#10899,.T.);
#8577=EDGE_CURVE('',#10898,#10900,#10901,.T.);
#8578=EDGE_CURVE('',#10900,#10902,#10903,.T.);
#8579=EDGE_CURVE('',#10902,#10904,#10905,.T.);
#8580=EDGE_CURVE('',#10904,#10906,#10907,.T.);
#8581=EDGE_CURVE('',#10906,#10908,#10909,.T.);
#8582=EDGE_CURVE('',#10908,#10910,#10911,.T.);
#8583=EDGE_CURVE('',#10910,#10912,#10913,.T.);
#8584=EDGE_CURVE('',#10912,#10914,#10915,.T.);
#8585=EDGE_CURVE('',#10914,#10916,#10917,.T.);
#8586=EDGE_CURVE('',#10916,#10918,#10919,.T.);
#8587=EDGE_CURVE('',#10918,#10920,#10921,.T.);
#8588=EDGE_CURVE('',#10920,#10922,#10923,.T.);
#8589=EDGE_CURVE('',#10922,#10924,#10925,.T.);
#8590=EDGE_CURVE('',#10924,#10926,#10927,.T.);
#8591=EDGE_CURVE('',#10926,#10928,#10929,.T.);
#8592=EDGE_CURVE('',#10928,#10930,#10931,.T.);
#8593=EDGE_CURVE('',#10930,#10932,#10933,.T.);
#8594=EDGE_CURVE('',#10932,#10934,#10935,.T.);
#8595=EDGE_CURVE('',#10934,#10936,#10937,.T.);
#8596=EDGE_CURVE('',#10936,#10938,#10939,.T.);
#8597=EDGE_CURVE('',#10938,#10940,#10941,.T.);
#8598=EDGE_CURVE('',#10940,#10942,#10943,.T.);
#8599=EDGE_CURVE('',#10942,#10944,#10945,.T.);
#8600=EDGE_CURVE('',#10944,#10946,#10947,.T.);
#8601=EDGE_CURVE('',#10946,#10948,#10949,.T.);
#8602=EDGE_CURVE('',#10948,#10950,#10951,.T.);
#8603=EDGE_CURVE('',#10950,#10952,#10953,.T.);
#8604=EDGE_CURVE('',#10952,#10954,#10955,.T.);
#8605=EDGE_CURVE('',#10954,#10956,#10957,.T.);
#8606=EDGE_CURVE('',#10956,#10958,#10959,.T.);
#8607=EDGE_CURVE('',#10958,#10960,#10961,.T.);
#8608=EDGE_CURVE('',#10960,#10962,#10963,.T.);
#8609=EDGE_CURVE('',#10962,#10964,#10965,.T.);
#8610=EDGE_CURVE('',#10964,#10966,#10967,.T.);
#8611=EDGE_CURVE('',#10966,#10968,#10969,.T.);
#8612=EDGE_CURVE('',#10968,#10970,#10971,.T.);
#8613=EDGE_CURVE('',#10970,#10893,#10972,.T.);
#8614=EDGE_CURVE('',#10973,#10974,#10975,.T.);
#8615=EDGE_CURVE('',#10974,#10976,#10977,.T.);
#8616=EDGE_CURVE('',#10976,#10978,#10979,.T.);
#8617=EDGE_CURVE('',#10978,#10980,#10981,.T.);
#8618=EDGE_CURVE('',#10980,#10982,#10983,.T.);
#8619=EDGE_CURVE('',#10982,#10984,#10985,.T.);
#8620=EDGE_CURVE('',#10984,#10986,#10987,.T.);
#8621=EDGE_CURVE('',#10986,#10988,#10989,.T.);
#8622=EDGE_CURVE('',#10988,#10990,#10991,.T.);
#8623=EDGE_CURVE('',#10990,#10992,#10993,.T.);
#8624=EDGE_CURVE('',#10992,#10994,#10995,.T.);
#8625=EDGE_CURVE('',#10994,#10996,#10997,.T.);
#8626=EDGE_CURVE('',#10996,#10998,#10999,.T.);
#8627=EDGE_CURVE('',#10998,#11000,#11001,.T.);
#8628=EDGE_CURVE('',#11000,#11002,#11003,.T.);
#8629=EDGE_CURVE('',#11002,#11004,#11005,.T.);
#8630=EDGE_CURVE('',#11004,#11006,#11007,.T.);
#8631=EDGE_CURVE('',#11006,#11008,#11009,.T.);
#8632=EDGE_CURVE('',#11008,#11010,#11011,.T.);
#8633=EDGE_CURVE('',#11010,#10973,#11012,.T.);
#8634=EDGE_CURVE('',#10404,#10893,#11013,.T.);
#8635=EDGE_CURVE('',#10406,#10970,#11014,.T.);
#8636=EDGE_CURVE('',#10408,#10968,#11015,.T.);
#8637=EDGE_CURVE('',#10410,#10966,#11016,.T.);
#8638=EDGE_CURVE('',#10412,#10964,#11017,.T.);
#8639=EDGE_CURVE('',#10414,#10962,#11018,.T.);
#8640=EDGE_CURVE('',#10416,#10960,#11019,.T.);
#8641=EDGE_CURVE('',#10418,#10958,#11020,.T.);
#8642=EDGE_CURVE('',#10420,#10956,#11021,.T.);
#8643=EDGE_CURVE('',#10422,#10954,#11022,.T.);
#8644=EDGE_CURVE('',#10424,#10952,#11023,.T.);
#8645=EDGE_CURVE('',#10426,#10950,#11024,.T.);
#8646=EDGE_CURVE('',#10428,#10948,#11025,.T.);
#8647=EDGE_CURVE('',#10430,#10946,#11026,.T.);
#8648=EDGE_CURVE('',#10432,#10944,#11027,.T.);
#8649=EDGE_CURVE('',#10434,#10942,#11028,.T.);
#8650=EDGE_CURVE('',#10436,#10940,#11029,.T.);
#8651=EDGE_CURVE('',#10438,#10938,#11030,.T.);
#8652=EDGE_CURVE('',#10440,#10936,#11031,.T.);
#8653=EDGE_CURVE('',#10442,#10934,#11032,.T.);
#8654=EDGE_CURVE('',#10444,#10932,#11033,.T.);
#8655=EDGE_CURVE('',#10446,#10930,#11034,.T.);
#8656=EDGE_CURVE('',#10448,#10928,#11035,.T.);
#8657=EDGE_CURVE('',#10450,#10926,#11036,.T.);
#8658=EDGE_CURVE('',#10452,#10924,#11037,.T.);
#8659=EDGE_CURVE('',#10454,#10922,#11038,.T.);
#8660=EDGE_CURVE('',#10456,#10920,#11039,.T.);
#8661=EDGE_CURVE('',#10458,#10918,#11040,.T.);
#8662=EDGE_CURVE('',#10460,#10916,#11041,.T.);
#8663=EDGE_CURVE('',#10462,#10914,#11042,.T.);
#8664=EDGE_CURVE('',#10464,#10912,#11043,.T.);
#8665=EDGE_CURVE('',#10466,#10910,#11044,.T.);
#8666=EDGE_CURVE('',#10468,#10908,#11045,.T.);
#8667=EDGE_CURVE('',#10470,#10906,#11046,.T.);
#8668=EDGE_CURVE('',#10472,#10904,#11047,.T.);
#8669=EDGE_CURVE('',#10396,#10902,#11048,.T.);
#8670=EDGE_CURVE('',#10395,#10900,#11049,.T.);
#8671=EDGE_CURVE('',#10398,#10898,#11050,.T.);
#8672=EDGE_CURVE('',#10400,#10896,#11051,.T.);
#8673=EDGE_CURVE('',#10402,#10894,#11052,.T.);
#8674=EDGE_CURVE('',#10518,#10973,#11053,.T.);
#8675=EDGE_CURVE('',#10482,#11010,#11054,.T.);
#8676=EDGE_CURVE('',#10481,#11008,#11055,.T.);
#8677=EDGE_CURVE('',#10484,#11006,#11056,.T.);
#8678=EDGE_CURVE('',#10486,#11004,#11057,.T.);
#8679=EDGE_CURVE('',#10488,#11002,#11058,.T.);
#8680=EDGE_CURVE('',#10490,#11000,#11059,.T.);
#8681=EDGE_CURVE('',#10492,#10998,#11060,.T.);
#8682=EDGE_CURVE('',#10494,#10996,#11061,.T.);
#8683=EDGE_CURVE('',#10496,#10994,#11062,.T.);
#8684=EDGE_CURVE('',#10498,#10992,#11063,.T.);
#8685=EDGE_CURVE('',#10500,#10990,#11064,.T.);
#8686=EDGE_CURVE('',#10502,#10988,#11065,.T.);
#8687=EDGE_CURVE('',#10504,#10986,#11066,.T.);
#8688=EDGE_CURVE('',#10506,#10984,#11067,.T.);
#8689=EDGE_CURVE('',#10508,#10982,#11068,.T.);
#8690=EDGE_CURVE('',#10510,#10980,#11069,.T.);
#8691=EDGE_CURVE('',#10512,#10978,#11070,.T.);
#8692=EDGE_CURVE('',#10514,#10976,#11071,.T.);
#8693=EDGE_CURVE('',#10516,#10974,#11072,.T.);
#8694=EDGE_CURVE('',#9682,#9700,#11073,.T.);
#8695=EDGE_CURVE('',#9645,#11074,#11075,.T.);
#8696=EDGE_CURVE('',#11076,#11074,#11077,.T.);
#8697=EDGE_CURVE('',#9646,#11076,#11078,.T.);
#8698=EDGE_CURVE('',#11074,#11076,#11079,.T.);
#8699=EDGE_CURVE('',#9649,#11080,#11081,.T.);
#8700=EDGE_CURVE('',#11082,#11080,#11083,.T.);
#8701=EDGE_CURVE('',#9650,#11082,#11084,.T.);
#8702=EDGE_CURVE('',#11080,#11082,#11085,.T.);
#8703=EDGE_CURVE('',#9653,#11086,#11087,.T.);
#8704=EDGE_CURVE('',#11088,#11086,#11089,.T.);
#8705=EDGE_CURVE('',#9654,#11088,#11090,.T.);
#8706=EDGE_CURVE('',#11086,#11088,#11091,.T.);
#8707=EDGE_CURVE('',#9657,#11092,#11093,.T.);
#8708=EDGE_CURVE('',#11094,#11092,#11095,.T.);
#8709=EDGE_CURVE('',#9658,#11094,#11096,.T.);
#8710=EDGE_CURVE('',#11092,#11094,#11097,.T.);
#8711=EDGE_CURVE('',#9661,#11098,#11099,.T.);
#8712=EDGE_CURVE('',#11100,#11098,#11101,.T.);
#8713=EDGE_CURVE('',#9662,#11100,#11102,.T.);
#8714=EDGE_CURVE('',#11098,#11100,#11103,.T.);
#8715=EDGE_CURVE('',#9665,#11104,#11105,.T.);
#8716=EDGE_CURVE('',#11106,#11104,#11107,.T.);
#8717=EDGE_CURVE('',#9666,#11106,#11108,.T.);
#8718=EDGE_CURVE('',#11104,#11106,#11109,.T.);
#8719=EDGE_CURVE('',#9669,#11110,#11111,.T.);
#8720=EDGE_CURVE('',#11112,#11110,#11113,.T.);
#8721=EDGE_CURVE('',#9670,#11112,#11114,.T.);
#8722=EDGE_CURVE('',#11110,#11112,#11115,.T.);
#8723=EDGE_CURVE('',#9673,#11116,#11117,.T.);
#8724=EDGE_CURVE('',#11118,#11116,#11119,.T.);
#8725=EDGE_CURVE('',#9674,#11118,#11120,.T.);
#8726=EDGE_CURVE('',#11116,#11118,#11121,.T.);
#8727=EDGE_CURVE('',#9677,#11122,#11123,.T.);
#8728=EDGE_CURVE('',#11124,#11122,#11125,.T.);
#8729=EDGE_CURVE('',#9678,#11124,#11126,.T.);
#8730=EDGE_CURVE('',#11122,#11124,#11127,.T.);
#8731=EDGE_CURVE('',#9050,#9301,#11128,.T.);
#8732=EDGE_CURVE('',#9298,#11129,#11130,.T.);
#8733=EDGE_CURVE('',#11131,#11129,#11132,.T.);
#8734=EDGE_CURVE('',#9303,#11131,#11133,.T.);
#8735=EDGE_CURVE('',#11131,#9367,#11134,.T.);
#8736=EDGE_CURVE('',#9305,#9365,#11135,.T.);
#8737=EDGE_CURVE('',#9307,#9363,#11136,.T.);
#8738=EDGE_CURVE('',#9309,#9361,#11137,.T.);
#8739=EDGE_CURVE('',#9311,#9359,#11138,.T.);
#8740=EDGE_CURVE('',#9313,#9357,#11139,.T.);
#8741=EDGE_CURVE('',#9315,#9355,#11140,.T.);
#8742=EDGE_CURVE('',#9317,#9353,#11141,.T.);
#8743=EDGE_CURVE('',#9319,#9352,#11142,.T.);
#8744=EDGE_CURVE('',#9296,#9373,#11143,.T.);
#8745=EDGE_CURVE('',#9295,#9371,#11144,.T.);
#8746=EDGE_CURVE('',#11129,#9369,#11145,.T.);
#8747=ORIENTED_EDGE('',*,*,#11146,.F.);
#8748=ORIENTED_EDGE('',*,*,#11147,.F.);
#8749=ORIENTED_EDGE('',*,*,#11148,.F.);
#8750=ORIENTED_EDGE('',*,*,#11149,.T.);
#8751=CARTESIAN_POINT('',(-12.4968,-6.14934,-15.4178));
#8752=DIRECTION('',(0.0,-1.0,-0.0));
#8753=DIRECTION('',(0.0,0.0,-1.0));
#8754=ORIENTED_EDGE('',*,*,#11150,.T.);
#8755=ORIENTED_EDGE('',*,*,#11146,.T.);
#8756=ORIENTED_EDGE('',*,*,#11151,.F.);
#8757=ORIENTED_EDGE('',*,*,#11152,.F.);
#8758=CARTESIAN_POINT('',(-15.5194,-3.3528,-18.60296));
#8759=DIRECTION('',(-0.0,1.0,0.0));
#8760=DIRECTION('',(1.0,0.0,0.0));
#8761=ORIENTED_EDGE('',*,*,#11151,.T.);
#8762=ORIENTED_EDGE('',*,*,#11153,.T.);
#8763=ORIENTED_EDGE('',*,*,#11154,.F.);
#8764=ORIENTED_EDGE('',*,*,#11155,.F.);
#8765=CARTESIAN_POINT('',(-12.4968,-6.14934,-15.4178));
#8766=DIRECTION('',(0.0,-1.0,-0.0));
#8767=DIRECTION('',(0.0,0.0,-1.0));
#8768=ORIENTED_EDGE('',*,*,#11152,.T.);
#8769=ORIENTED_EDGE('',*,*,#11155,.T.);
#8770=ORIENTED_EDGE('',*,*,#11156,.T.);
#8771=ORIENTED_EDGE('',*,*,#11153,.F.);
#8772=CARTESIAN_POINT('',(-12.4968,-6.14934,-15.4178));
#8773=DIRECTION('',(0.0,-1.0,-0.0));
#8774=DIRECTION('',(0.0,0.0,-1.0));
#8775=ORIENTED_EDGE('',*,*,#11157,.T.);
#8776=ORIENTED_EDGE('',*,*,#11148,.T.);
#8777=ORIENTED_EDGE('',*,*,#11158,.F.);
#8778=ORIENTED_EDGE('',*,*,#11156,.F.);
#8779=CARTESIAN_POINT('',(-12.4968,-3.13436,-15.4178));
#8780=DIRECTION('',(0.0,1.0,0.0));
#8781=DIRECTION('',(0.0,0.0,-1.0));
#8782=ORIENTED_EDGE('',*,*,#11157,.F.);
#8783=ORIENTED_EDGE('',*,*,#11154,.T.);
#8784=ORIENTED_EDGE('',*,*,#11158,.T.);
#8785=ORIENTED_EDGE('',*,*,#11159,.F.);
#8786=CARTESIAN_POINT('',(-12.4968,-3.13436,-15.4178));
#8787=DIRECTION('',(0.0,1.0,0.0));
#8788=DIRECTION('',(0.0,0.0,-1.0));
#8789=ORIENTED_EDGE('',*,*,#11150,.F.);
#8790=ORIENTED_EDGE('',*,*,#11149,.F.);
#8791=ORIENTED_EDGE('',*,*,#11159,.T.);
#8792=ORIENTED_EDGE('',*,*,#11147,.T.);
#8793=CARTESIAN_POINT('',(-12.4968,-6.14934,-15.4178));
#8794=DIRECTION('',(0.0,-1.0,-0.0));
#8795=DIRECTION('',(0.0,0.0,-1.0));
#8796=ORIENTED_EDGE('',*,*,#11160,.T.);
#8797=ORIENTED_EDGE('',*,*,#11161,.T.);
#8798=ORIENTED_EDGE('',*,*,#11162,.F.);
#8799=ORIENTED_EDGE('',*,*,#11163,.F.);
#8800=CARTESIAN_POINT('',(-15.5194,-3.3528,-18.60296));
#8801=DIRECTION('',(-0.0,1.0,0.0));
#8802=DIRECTION('',(1.0,0.0,0.0));
#8803=ORIENTED_EDGE('',*,*,#11162,.T.);
#8804=ORIENTED_EDGE('',*,*,#11164,.T.);
#8805=ORIENTED_EDGE('',*,*,#11165,.F.);
#8806=ORIENTED_EDGE('',*,*,#11166,.F.);
#8807=CARTESIAN_POINT('',(12.4968,-6.14934,-15.4178));
#8808=DIRECTION('',(0.0,-1.0,-0.0));
#8809=DIRECTION('',(0.0,0.0,-1.0));
#8810=ORIENTED_EDGE('',*,*,#11163,.T.);
#8811=ORIENTED_EDGE('',*,*,#11166,.T.);
#8812=ORIENTED_EDGE('',*,*,#11167,.T.);
#8813=ORIENTED_EDGE('',*,*,#11164,.F.);
#8814=CARTESIAN_POINT('',(12.4968,-6.14934,-15.4178));
#8815=DIRECTION('',(0.0,-1.0,-0.0));
#8816=DIRECTION('',(0.0,0.0,-1.0));
#8817=ORIENTED_EDGE('',*,*,#11168,.T.);
#8818=ORIENTED_EDGE('',*,*,#11169,.T.);
#8819=ORIENTED_EDGE('',*,*,#11170,.F.);
#8820=ORIENTED_EDGE('',*,*,#11167,.F.);
#8821=CARTESIAN_POINT('',(12.4968,-3.13436,-15.4178));
#8822=DIRECTION('',(0.0,1.0,0.0));
#8823=DIRECTION('',(0.0,0.0,-1.0));
#8824=ORIENTED_EDGE('',*,*,#11168,.F.);
#8825=ORIENTED_EDGE('',*,*,#11165,.T.);
#8826=ORIENTED_EDGE('',*,*,#11170,.T.);
#8827=ORIENTED_EDGE('',*,*,#11171,.F.);
#8828=CARTESIAN_POINT('',(12.4968,-3.13436,-15.4178));
#8829=DIRECTION('',(0.0,1.0,0.0));
#8830=DIRECTION('',(0.0,0.0,-1.0));
#8831=ORIENTED_EDGE('',*,*,#11160,.F.);
#8832=ORIENTED_EDGE('',*,*,#11172,.F.);
#8833=ORIENTED_EDGE('',*,*,#11171,.T.);
#8834=ORIENTED_EDGE('',*,*,#11173,.T.);
#8835=CARTESIAN_POINT('',(12.4968,-6.14934,-15.4178));
#8836=DIRECTION('',(0.0,-1.0,-0.0));
#8837=DIRECTION('',(0.0,0.0,-1.0));
#8838=ORIENTED_EDGE('',*,*,#11161,.F.);
#8839=ORIENTED_EDGE('',*,*,#11173,.F.);
#8840=ORIENTED_EDGE('',*,*,#11169,.F.);
#8841=ORIENTED_EDGE('',*,*,#11172,.T.);
#8842=CARTESIAN_POINT('',(12.4968,-6.14934,-15.4178));
#8843=DIRECTION('',(0.0,-1.0,-0.0));
#8844=DIRECTION('',(0.0,0.0,-1.0));
#8845=VERTEX_POINT('',#11174);
#8846=VERTEX_POINT('',#11175);
#8847=LINE('',#11176,#11177);
#8848=VERTEX_POINT('',#11178);
#8849=CIRCLE('',#11179,2.54);
#8850=VERTEX_POINT('',#11180);
#8851=LINE('',#11181,#11182);
#8852=CIRCLE('',#11183,2.54);
#8853=VERTEX_POINT('',#11184);
#8854=VERTEX_POINT('',#11185);
#8855=LINE('',#11186,#11187);
#8856=VERTEX_POINT('',#11188);
#8857=CIRCLE('',#11189,2.54);
#8858=VERTEX_POINT('',#11190);
#8859=LINE('',#11191,#11192);
#8860=CIRCLE('',#11193,2.54);
#8861=VERTEX_POINT('',#11194);
#8862=VERTEX_POINT('',#11195);
#8863=LINE('',#11196,#11197);
#8864=VERTEX_POINT('',#11198);
#8865=CIRCLE('',#11199,2.12344);
#8866=VERTEX_POINT('',#11200);
#8867=LINE('',#11201,#11202);
#8868=CIRCLE('',#11203,2.12344);
#8869=VERTEX_POINT('',#11204);
#8870=VERTEX_POINT('',#11205);
#8871=LINE('',#11206,#11207);
#8872=VERTEX_POINT('',#11208);
#8873=CIRCLE('',#11209,2.12344);
#8874=VERTEX_POINT('',#11210);
#8875=LINE('',#11211,#11212);
#8876=CIRCLE('',#11213,2.12344);
#8877=VERTEX_POINT('',#11214);
#8878=VERTEX_POINT('',#11215);
#8879=LINE('',#11216,#11217);
#8880=VERTEX_POINT('',#11218);
#8881=CIRCLE('',#11219,0.18796);
#8882=VERTEX_POINT('',#11220);
#8883=LINE('',#11221,#11222);
#8884=CIRCLE('',#11223,0.18796);
#8885=VERTEX_POINT('',#11224);
#8886=VERTEX_POINT('',#11225);
#8887=LINE('',#11226,#11227);
#8888=VERTEX_POINT('',#11228);
#8889=CIRCLE('',#11229,0.508);
#8890=VERTEX_POINT('',#11230);
#8891=LINE('',#11231,#11232);
#8892=CIRCLE('',#11233,0.508);
#8893=VERTEX_POINT('',#11234);
#8894=VERTEX_POINT('',#11235);
#8895=LINE('',#11236,#11237);
#8896=VERTEX_POINT('',#11238);
#8897=CIRCLE('',#11239,0.508);
#8898=VERTEX_POINT('',#11240);
#8899=LINE('',#11241,#11242);
#8900=CIRCLE('',#11243,0.508);
#8901=VERTEX_POINT('',#11244);
#8902=VERTEX_POINT('',#11245);
#8903=LINE('',#11246,#11247);
#8904=VERTEX_POINT('',#11248);
#8905=CIRCLE('',#11249,0.18796);
#8906=VERTEX_POINT('',#11250);
#8907=LINE('',#11251,#11252);
#8908=CIRCLE('',#11253,0.18796);
#8909=VERTEX_POINT('',#11254);
#8910=VERTEX_POINT('',#11255);
#8911=LINE('',#11256,#11257);
#8912=VERTEX_POINT('',#11258);
#8913=CIRCLE('',#11259,0.18796);
#8914=VERTEX_POINT('',#11260);
#8915=LINE('',#11261,#11262);
#8916=CIRCLE('',#11263,0.18796);
#8917=VERTEX_POINT('',#11264);
#8918=VERTEX_POINT('',#11265);
#8919=LINE('',#11266,#11267);
#8920=VERTEX_POINT('',#11268);
#8921=CIRCLE('',#11269,0.508);
#8922=VERTEX_POINT('',#11270);
#8923=LINE('',#11271,#11272);
#8924=CIRCLE('',#11273,0.508);
#8925=VERTEX_POINT('',#11274);
#8926=VERTEX_POINT('',#11275);
#8927=LINE('',#11276,#11277);
#8928=VERTEX_POINT('',#11278);
#8929=CIRCLE('',#11279,0.18796);
#8930=VERTEX_POINT('',#11280);
#8931=LINE('',#11281,#11282);
#8932=CIRCLE('',#11283,0.18796);
#8933=VERTEX_POINT('',#11284);
#8934=VERTEX_POINT('',#11285);
#8935=LINE('',#11286,#11287);
#8936=VERTEX_POINT('',#11288);
#8937=CIRCLE('',#11289,0.508);
#8938=VERTEX_POINT('',#11290);
#8939=LINE('',#11291,#11292);
#8940=CIRCLE('',#11293,0.508);
#8941=VERTEX_POINT('',#11294);
#8942=VERTEX_POINT('',#11295);
#8943=LINE('',#11296,#11297);
#8944=VERTEX_POINT('',#11298);
#8945=CIRCLE('',#11299,0.508);
#8946=VERTEX_POINT('',#11300);
#8947=LINE('',#11301,#11302);
#8948=CIRCLE('',#11303,0.508);
#8949=VERTEX_POINT('',#11304);
#8950=VERTEX_POINT('',#11305);
#8951=LINE('',#11306,#11307);
#8952=VERTEX_POINT('',#11308);
#8953=CIRCLE('',#11309,0.18796);
#8954=VERTEX_POINT('',#11310);
#8955=LINE('',#11311,#11312);
#8956=CIRCLE('',#11313,0.18796);
#8957=VERTEX_POINT('',#11314);
#8958=VERTEX_POINT('',#11315);
#8959=LINE('',#11316,#11317);
#8960=VERTEX_POINT('',#11318);
#8961=CIRCLE('',#11319,0.18796);
#8962=VERTEX_POINT('',#11320);
#8963=LINE('',#11321,#11322);
#8964=CIRCLE('',#11323,0.18796);
#8965=VERTEX_POINT('',#11324);
#8966=VERTEX_POINT('',#11325);
#8967=LINE('',#11326,#11327);
#8968=VERTEX_POINT('',#11328);
#8969=CIRCLE('',#11329,0.508);
#8970=VERTEX_POINT('',#11330);
#8971=LINE('',#11331,#11332);
#8972=CIRCLE('',#11333,0.508);
#8973=VERTEX_POINT('',#11334);
#8974=VERTEX_POINT('',#11335);
#8975=LINE('',#11336,#11337);
#8976=VERTEX_POINT('',#11338);
#8977=CIRCLE('',#11339,0.18796);
#8978=VERTEX_POINT('',#11340);
#8979=LINE('',#11341,#11342);
#8980=CIRCLE('',#11343,0.18796);
#8981=VERTEX_POINT('',#11344);
#8982=VERTEX_POINT('',#11345);
#8983=LINE('',#11346,#11347);
#8984=VERTEX_POINT('',#11348);
#8985=CIRCLE('',#11349,0.508);
#8986=VERTEX_POINT('',#11350);
#8987=LINE('',#11351,#11352);
#8988=CIRCLE('',#11353,0.508);
#8989=VERTEX_POINT('',#11354);
#8990=VERTEX_POINT('',#11355);
#8991=LINE('',#11356,#11357);
#8992=VERTEX_POINT('',#11358);
#8993=CIRCLE('',#11359,0.18796);
#8994=VERTEX_POINT('',#11360);
#8995=LINE('',#11361,#11362);
#8996=CIRCLE('',#11363,0.18796);
#8997=VERTEX_POINT('',#11364);
#8998=VERTEX_POINT('',#11365);
#8999=LINE('',#11366,#11367);
#9000=VERTEX_POINT('',#11368);
#9001=CIRCLE('',#11369,0.508);
#9002=VERTEX_POINT('',#11370);
#9003=LINE('',#11371,#11372);
#9004=CIRCLE('',#11373,0.508);
#9005=VERTEX_POINT('',#11374);
#9006=VERTEX_POINT('',#11375);
#9007=LINE('',#11376,#11377);
#9008=VERTEX_POINT('',#11378);
#9009=CIRCLE('',#11379,1.5494);
#9010=VERTEX_POINT('',#11380);
#9011=LINE('',#11381,#11382);
#9012=CIRCLE('',#11383,1.5494);
#9013=VERTEX_POINT('',#11384);
#9014=VERTEX_POINT('',#11385);
#9015=LINE('',#11386,#11387);
#9016=VERTEX_POINT('',#11388);
#9017=CIRCLE('',#11389,1.5494);
#9018=VERTEX_POINT('',#11390);
#9019=LINE('',#11391,#11392);
#9020=CIRCLE('',#11393,1.5494);
#9021=VERTEX_POINT('',#11394);
#9022=VERTEX_POINT('',#11395);
#9023=LINE('',#11396,#11397);
#9024=VERTEX_POINT('',#11398);
#9025=CIRCLE('',#11399,1.5494);
#9026=VERTEX_POINT('',#11400);
#9027=LINE('',#11401,#11402);
#9028=CIRCLE('',#11403,1.5494);
#9029=VERTEX_POINT('',#11404);
#9030=VERTEX_POINT('',#11405);
#9031=LINE('',#11406,#11407);
#9032=VERTEX_POINT('',#11408);
#9033=CIRCLE('',#11409,1.5494);
#9034=VERTEX_POINT('',#11410);
#9035=LINE('',#11411,#11412);
#9036=CIRCLE('',#11413,1.5494);
#9037=VERTEX_POINT('',#11414);
#9038=VERTEX_POINT('',#11415);
#9039=LINE('',#11416,#11417);
#9040=VERTEX_POINT('',#11418);
#9041=LINE('',#11419,#11420);
#9042=VERTEX_POINT('',#11421);
#9043=LINE('',#11422,#11423);
#9044=LINE('',#11424,#11425);
#9045=VERTEX_POINT('',#11426);
#9046=VERTEX_POINT('',#11427);
#9047=LINE('',#11428,#11429);
#9048=VERTEX_POINT('',#11430);
#9049=LINE('',#11431,#11432);
#9050=VERTEX_POINT('',#11433);
#9051=LINE('',#11434,#11435);
#9052=VERTEX_POINT('',#11436);
#9053=LINE('',#11437,#11438);
#9054=VERTEX_POINT('',#11439);
#9055=LINE('',#11440,#11441);
#9056=VERTEX_POINT('',#11442);
#9057=LINE('',#11443,#11444);
#9058=VERTEX_POINT('',#11445);
#9059=LINE('',#11446,#11447);
#9060=VERTEX_POINT('',#11448);
#9061=CIRCLE('',#11449,2.667);
#9062=CIRCLE('',#11450,2.667);
#9063=VERTEX_POINT('',#11451);
#9064=VERTEX_POINT('',#11452);
#9065=LINE('',#11453,#11454);
#9066=VERTEX_POINT('',#11455);
#9067=LINE('',#11456,#11457);
#9068=VERTEX_POINT('',#11458);
#9069=LINE('',#11459,#11460);
#9070=VERTEX_POINT('',#11461);
#9071=LINE('',#11462,#11463);
#9072=VERTEX_POINT('',#11464);
#9073=LINE('',#11465,#11466);
#9074=VERTEX_POINT('',#11467);
#9075=LINE('',#11468,#11469);
#9076=VERTEX_POINT('',#11470);
#9077=LINE('',#11471,#11472);
#9078=VERTEX_POINT('',#11473);
#9079=CIRCLE('',#11474,2.667);
#9080=CIRCLE('',#11475,2.667);
#9081=VERTEX_POINT('',#11476);
#9082=VERTEX_POINT('',#11477);
#9083=LINE('',#11478,#11479);
#9084=VERTEX_POINT('',#11480);
#9085=CIRCLE('',#11481,0.635);
#9086=VERTEX_POINT('',#11482);
#9087=CIRCLE('',#11483,1.5494);
#9088=CIRCLE('',#11484,0.635);
#9089=VERTEX_POINT('',#11485);
#9090=CIRCLE('',#11486,1.5494);
#9091=VERTEX_POINT('',#11487);
#9092=CIRCLE('',#11488,0.635);
#9093=VERTEX_POINT('',#11489);
#9094=LINE('',#11490,#11491);
#9095=CIRCLE('',#11492,0.635);
#9096=VERTEX_POINT('',#11493);
#9097=VERTEX_POINT('',#11494);
#9098=CIRCLE('',#11495,1.5494);
#9099=VERTEX_POINT('',#11496);
#9100=CIRCLE('',#11497,0.635);
#9101=VERTEX_POINT('',#11498);
#9102=LINE('',#11499,#11500);
#9103=CIRCLE('',#11501,0.635);
#9104=VERTEX_POINT('',#11502);
#9105=CIRCLE('',#11503,1.5494);
#9106=VERTEX_POINT('',#11504);
#9107=CIRCLE('',#11505,0.635);
#9108=VERTEX_POINT('',#11506);
#9109=LINE('',#11507,#11508);
#9110=CIRCLE('',#11509,0.635);
#9111=VERTEX_POINT('',#11510);
#9112=VERTEX_POINT('',#11511);
#9113=CIRCLE('',#11512,0.31496);
#9114=VERTEX_POINT('',#11513);
#9115=LINE('',#11514,#11515);
#9116=VERTEX_POINT('',#11516);
#9117=CIRCLE('',#11517,0.31496);
#9118=VERTEX_POINT('',#11518);
#9119=LINE('',#11519,#11520);
#9120=VERTEX_POINT('',#11521);
#9121=CIRCLE('',#11522,0.31496);
#9122=VERTEX_POINT('',#11523);
#9123=LINE('',#11524,#11525);
#9124=VERTEX_POINT('',#11526);
#9125=CIRCLE('',#11527,0.31496);
#9126=LINE('',#11528,#11529);
#9127=VERTEX_POINT('',#11530);
#9128=CIRCLE('',#11531,0.635);
#9129=VERTEX_POINT('',#11532);
#9130=CIRCLE('',#11533,1.5494);
#9131=CIRCLE('',#11534,0.635);
#9132=VERTEX_POINT('',#11535);
#9133=CIRCLE('',#11536,1.5494);
#9134=VERTEX_POINT('',#11537);
#9135=CIRCLE('',#11538,0.635);
#9136=VERTEX_POINT('',#11539);
#9137=LINE('',#11540,#11541);
#9138=CIRCLE('',#11542,0.635);
#9139=VERTEX_POINT('',#11543);
#9140=VERTEX_POINT('',#11544);
#9141=CIRCLE('',#11545,1.5494);
#9142=VERTEX_POINT('',#11546);
#9143=CIRCLE('',#11547,0.635);
#9144=VERTEX_POINT('',#11548);
#9145=LINE('',#11549,#11550);
#9146=CIRCLE('',#11551,0.635);
#9147=VERTEX_POINT('',#11552);
#9148=CIRCLE('',#11553,1.5494);
#9149=VERTEX_POINT('',#11554);
#9150=CIRCLE('',#11555,0.635);
#9151=VERTEX_POINT('',#11556);
#9152=LINE('',#11557,#11558);
#9153=CIRCLE('',#11559,0.635);
#9154=VERTEX_POINT('',#11560);
#9155=VERTEX_POINT('',#11561);
#9156=LINE('',#11562,#11563);
#9157=VERTEX_POINT('',#11564);
#9158=CIRCLE('',#11565,0.31496);
#9159=VERTEX_POINT('',#11566);
#9160=LINE('',#11567,#11568);
#9161=VERTEX_POINT('',#11569);
#9162=CIRCLE('',#11570,0.31496);
#9163=VERTEX_POINT('',#11571);
#9164=LINE('',#11572,#11573);
#9165=VERTEX_POINT('',#11574);
#9166=CIRCLE('',#11575,0.31496);
#9167=VERTEX_POINT('',#11576);
#9168=LINE('',#11577,#11578);
#9169=CIRCLE('',#11579,0.31496);
#9170=VERTEX_POINT('',#11580);
#9171=LINE('',#11581,#11582);
#9172=VERTEX_POINT('',#11583);
#9173=CIRCLE('',#11584,2.667);
#9174=VERTEX_POINT('',#11585);
#9175=LINE('',#11586,#11587);
#9176=CIRCLE('',#11588,2.667);
#9177=CIRCLE('',#11589,2.667);
#9178=LINE('',#11590,#11591);
#9179=VERTEX_POINT('',#11592);
#9180=CIRCLE('',#11593,0.7874);
#9181=VERTEX_POINT('',#11594);
#9182=LINE('',#11595,#11596);
#9183=CIRCLE('',#11597,0.7874);
#9184=VERTEX_POINT('',#11598);
#9185=VERTEX_POINT('',#11599);
#9186=LINE('',#11600,#11601);
#9187=CIRCLE('',#11602,0.7874);
#9188=VERTEX_POINT('',#11603);
#9189=LINE('',#11604,#11605);
#9190=VERTEX_POINT('',#11606);
#9191=LINE('',#11607,#11608);
#9192=VERTEX_POINT('',#11609);
#9193=LINE('',#11610,#11611);
#9194=VERTEX_POINT('',#11612);
#9195=LINE('',#11613,#11614);
#9196=VERTEX_POINT('',#11615);
#9197=LINE('',#11616,#11617);
#9198=VERTEX_POINT('',#11618);
#9199=LINE('',#11619,#11620);
#9200=VERTEX_POINT('',#11621);
#9201=LINE('',#11622,#11623);
#9202=VERTEX_POINT('',#11624);
#9203=LINE('',#11625,#11626);
#9204=CIRCLE('',#11627,0.381);
#9205=VERTEX_POINT('',#11628);
#9206=VERTEX_POINT('',#11629);
#9207=CIRCLE('',#11630,0.381);
#9208=LINE('',#11631,#11632);
#9209=LINE('',#11633,#11634);
#9210=VERTEX_POINT('',#11635);
#9211=VERTEX_POINT('',#11636);
#9212=LINE('',#11637,#11638);
#9213=VERTEX_POINT('',#11639);
#9214=LINE('',#11640,#11641);
#9215=LINE('',#11642,#11643);
#9216=VERTEX_POINT('',#11644);
#9217=LINE('',#11645,#11646);
#9218=VERTEX_POINT('',#11647);
#9219=LINE('',#11648,#11649);
#9220=VERTEX_POINT('',#11650);
#9221=LINE('',#11651,#11652);
#9222=VERTEX_POINT('',#11653);
#9223=LINE('',#11654,#11655);
#9224=VERTEX_POINT('',#11656);
#9225=LINE('',#11657,#11658);
#9226=VERTEX_POINT('',#11659);
#9227=LINE('',#11660,#11661);
#9228=VERTEX_POINT('',#11662);
#9229=LINE('',#11663,#11664);
#9230=VERTEX_POINT('',#11665);
#9231=LINE('',#11666,#11667);
#9232=VERTEX_POINT('',#11668);
#9233=LINE('',#11669,#11670);
#9234=VERTEX_POINT('',#11671);
#9235=LINE('',#11672,#11673);
#9236=LINE('',#11674,#11675);
#9237=VERTEX_POINT('',#11676);
#9238=VERTEX_POINT('',#11677);
#9239=LINE('',#11678,#11679);
#9240=CIRCLE('',#11680,0.381);
#9241=CIRCLE('',#11681,0.381);
#9242=VERTEX_POINT('',#11682);
#9243=LINE('',#11683,#11684);
#9244=VERTEX_POINT('',#11685);
#9245=LINE('',#11686,#11687);
#9246=VERTEX_POINT('',#11688);
#9247=LINE('',#11689,#11690);
#9248=VERTEX_POINT('',#11691);
#9249=LINE('',#11692,#11693);
#9250=VERTEX_POINT('',#11694);
#9251=LINE('',#11695,#11696);
#9252=VERTEX_POINT('',#11697);
#9253=LINE('',#11698,#11699);
#9254=VERTEX_POINT('',#11700);
#9255=LINE('',#11701,#11702);
#9256=CIRCLE('',#11703,0.7874);
#9257=VERTEX_POINT('',#11704);
#9258=CIRCLE('',#11705,0.7874);
#9259=LINE('',#11706,#11707);
#9260=VERTEX_POINT('',#11708);
#9261=VERTEX_POINT('',#11709);
#9262=CIRCLE('',#11710,1.4224);
#9263=CIRCLE('',#11711,1.4224);
#9264=VERTEX_POINT('',#11712);
#9265=VERTEX_POINT('',#11713);
#9266=CIRCLE('',#11714,1.4224);
#9267=CIRCLE('',#11715,1.4224);
#9268=VERTEX_POINT('',#11716);
#9269=VERTEX_POINT('',#11717);
#9270=LINE('',#11718,#11719);
#9271=VERTEX_POINT('',#11720);
#9272=CIRCLE('',#11721,2.7686);
#9273=VERTEX_POINT('',#11722);
#9274=LINE('',#11723,#11724);
#9275=VERTEX_POINT('',#11725);
#9276=CIRCLE('',#11726,2.7686);
#9277=VERTEX_POINT('',#11727);
#9278=LINE('',#11728,#11729);
#9279=VERTEX_POINT('',#11730);
#9280=CIRCLE('',#11731,2.7686);
#9281=VERTEX_POINT('',#11732);
#9282=LINE('',#11733,#11734);
#9283=VERTEX_POINT('',#11735);
#9284=CIRCLE('',#11736,2.7686);
#9285=VERTEX_POINT('',#11737);
#9286=LINE('',#11738,#11739);
#9287=VERTEX_POINT('',#11740);
#9288=LINE('',#11741,#11742);
#9289=LINE('',#11743,#11744);
#9290=VERTEX_POINT('',#11745);
#9291=LINE('',#11746,#11747);
#9292=VERTEX_POINT('',#11748);
#9293=LINE('',#11749,#11750);
#9294=CIRCLE('',#11751,2.7686);
#9295=VERTEX_POINT('',#11752);
#9296=VERTEX_POINT('',#11753);
#9297=CIRCLE('',#11754,2.7686);
#9298=VERTEX_POINT('',#11755);
#9299=LINE('',#11756,#11757);
#9300=LINE('',#11758,#11759);
#9301=VERTEX_POINT('',#11760);
#9302=LINE('',#11761,#11762);
#9303=VERTEX_POINT('',#11763);
#9304=LINE('',#11764,#11765);
#9305=VERTEX_POINT('',#11766);
#9306=LINE('',#11767,#11768);
#9307=VERTEX_POINT('',#11769);
#9308=CIRCLE('',#11770,2.7686);
#9309=VERTEX_POINT('',#11771);
#9310=LINE('',#11772,#11773);
#9311=VERTEX_POINT('',#11774);
#9312=CIRCLE('',#11775,2.7686);
#9313=VERTEX_POINT('',#11776);
#9314=LINE('',#11777,#11778);
#9315=VERTEX_POINT('',#11779);
#9316=CIRCLE('',#11780,2.7686);
#9317=VERTEX_POINT('',#11781);
#9318=LINE('',#11782,#11783);
#9319=VERTEX_POINT('',#11784);
#9320=CIRCLE('',#11785,2.7686);
#9321=LINE('',#11786,#11787);
#9322=VERTEX_POINT('',#11788);
#9323=LINE('',#11789,#11790);
#9324=VERTEX_POINT('',#11791);
#9325=CIRCLE('',#11792,1.4224);
#9326=LINE('',#11793,#11794);
#9327=CIRCLE('',#11795,1.4224);
#9328=VERTEX_POINT('',#11796);
#9329=VERTEX_POINT('',#11797);
#9330=LINE('',#11798,#11799);
#9331=VERTEX_POINT('',#11800);
#9332=CIRCLE('',#11801,2.7686);
#9333=VERTEX_POINT('',#11802);
#9334=LINE('',#11803,#11804);
#9335=VERTEX_POINT('',#11805);
#9336=CIRCLE('',#11806,2.7686);
#9337=VERTEX_POINT('',#11807);
#9338=LINE('',#11808,#11809);
#9339=VERTEX_POINT('',#11810);
#9340=CIRCLE('',#11811,2.7686);
#9341=VERTEX_POINT('',#11812);
#9342=LINE('',#11813,#11814);
#9343=VERTEX_POINT('',#11815);
#9344=CIRCLE('',#11816,2.7686);
#9345=VERTEX_POINT('',#11817);
#9346=LINE('',#11818,#11819);
#9347=VERTEX_POINT('',#11820);
#9348=CIRCLE('',#11821,2.7686);
#9349=VERTEX_POINT('',#11822);
#9350=LINE('',#11823,#11824);
#9351=CIRCLE('',#11825,2.7686);
#9352=VERTEX_POINT('',#11826);
#9353=VERTEX_POINT('',#11827);
#9354=CIRCLE('',#11828,2.7686);
#9355=VERTEX_POINT('',#11829);
#9356=LINE('',#11830,#11831);
#9357=VERTEX_POINT('',#11832);
#9358=CIRCLE('',#11833,2.7686);
#9359=VERTEX_POINT('',#11834);
#9360=LINE('',#11835,#11836);
#9361=VERTEX_POINT('',#11837);
#9362=CIRCLE('',#11838,2.7686);
#9363=VERTEX_POINT('',#11839);
#9364=LINE('',#11840,#11841);
#9365=VERTEX_POINT('',#11842);
#9366=CIRCLE('',#11843,2.7686);
#9367=VERTEX_POINT('',#11844);
#9368=LINE('',#11845,#11846);
#9369=VERTEX_POINT('',#11847);
#9370=CIRCLE('',#11848,2.7686);
#9371=VERTEX_POINT('',#11849);
#9372=LINE('',#11850,#11851);
#9373=VERTEX_POINT('',#11852);
#9374=CIRCLE('',#11853,2.7686);
#9375=LINE('',#11854,#11855);
#9376=VERTEX_POINT('',#11856);
#9377=VERTEX_POINT('',#11857);
#9378=CIRCLE('',#11858,1.4224);
#9379=CIRCLE('',#11859,1.4224);
#9380=LINE('',#11860,#11861);
#9381=LINE('',#11862,#11863);
#9382=LINE('',#11864,#11865);
#9383=LINE('',#11866,#11867);
#9384=LINE('',#11868,#11869);
#9385=LINE('',#11870,#11871);
#9386=LINE('',#11872,#11873);
#9387=LINE('',#11874,#11875);
#9388=LINE('',#11876,#11877);
#9389=LINE('',#11878,#11879);
#9390=LINE('',#11880,#11881);
#9391=LINE('',#11882,#11883);
#9392=VERTEX_POINT('',#11884);
#9393=LINE('',#11885,#11886);
#9394=B_SPLINE_CURVE_WITH_KNOTS('',3,(#11887,#11888,#11889,#11890),.UNSPECIFIED.,.F.,.F.,(4,4),(0.0,1.0),.UNSPECIFIED.);
#9395=CIRCLE('',#11891,0.7874);
#9396=VERTEX_POINT('',#11892);
#9397=B_SPLINE_CURVE_WITH_KNOTS('',3,(#11893,#11894,#11895,#11896,#11897,#11898),.UNSPECIFIED.,.F.,.F.,(4,1,1,4),(0.0,0.3333333333333,0.6666666666667,1.0),.UNSPECIFIED.);
#9398=B_SPLINE_CURVE_WITH_KNOTS('',3,(#11899,#11900,#11901,#11902),.UNSPECIFIED.,.F.,.F.,(4,4),(0.0,1.0),.UNSPECIFIED.);
#9399=LINE('',#11903,#11904);
#9400=LINE('',#11905,#11906);
#9401=LINE('',#11907,#11908);
#9402=VERTEX_POINT('',#11909);
#9403=LINE('',#11910,#11911);
#9404=VERTEX_POINT('',#11912);
#9405=LINE('',#11913,#11914);
#9406=LINE('',#11915,#11916);
#9407=VERTEX_POINT('',#11917);
#9408=LINE('',#11918,#11919);
#9409=VERTEX_POINT('',#11920);
#9410=LINE('',#11921,#11922);
#9411=VERTEX_POINT('',#11923);
#9412=LINE('',#11924,#11925);
#9413=LINE('',#11926,#11927);
#9414=VERTEX_POINT('',#11928);
#9415=LINE('',#11929,#11930);
#9416=VERTEX_POINT('',#11931);
#9417=LINE('',#11932,#11933);
#9418=VERTEX_POINT('',#11934);
#9419=LINE('',#11935,#11936);
#9420=VERTEX_POINT('',#11937);
#9421=LINE('',#11938,#11939);
#9422=LINE('',#11940,#11941);
#9423=VERTEX_POINT('',#11942);
#9424=LINE('',#11943,#11944);
#9425=VERTEX_POINT('',#11945);
#9426=LINE('',#11946,#11947);
#9427=LINE('',#11948,#11949);
#9428=CIRCLE('',#11950,0.7874);
#9429=LINE('',#11951,#11952);
#9430=VERTEX_POINT('',#11953);
#9431=CIRCLE('',#11954,2.667);
#9432=CIRCLE('',#11955,2.667);
#9433=VERTEX_POINT('',#11956);
#9434=LINE('',#11957,#11958);
#9435=VERTEX_POINT('',#11959);
#9436=CIRCLE('',#11960,2.667);
#9437=LINE('',#11961,#11962);
#9438=CIRCLE('',#11963,2.667);
#9439=VERTEX_POINT('',#11964);
#9440=VERTEX_POINT('',#11965);
#9441=CIRCLE('',#11966,1.5494);
#9442=B_SPLINE_CURVE_WITH_KNOTS('',3,(#11967,#11968,#11969,#11970,#11971,#11972,#11973,#11974,#11975,#11976,#11977,#11978,#11979,#11980),.UNSPECIFIED.,.F.,.F.,(4,1,1,1,1,1,1,1,1,1,1,4),(0.0,0.09090909090909,0.1818181818182,0.2727272727273,0.3636363636364,0.4545454545455,0.5454545454545,0.6363636363636,0.7272727272727,0.8181818181818,0.9090909090909,1.0),.UNSPECIFIED.);
#9443=CIRCLE('',#11981,0.5588);
#9444=CIRCLE('',#11982,0.5588);
#9445=B_SPLINE_CURVE_WITH_KNOTS('',3,(#11983,#11984,#11985,#11986,#11987,#11988,#11989,#11990,#11991,#11992,#11993,#11994,#11995,#11996),.UNSPECIFIED.,.F.,.F.,(4,1,1,1,1,1,1,1,1,1,1,4),(0.0,0.09090909090909,0.1818181818182,0.2727272727273,0.3636363636364,0.4545454545455,0.5454545454545,0.6363636363636,0.7272727272727,0.8181818181818,0.9090909090909,1.0),.UNSPECIFIED.);
#9446=LINE('',#11997,#11998);
#9447=VERTEX_POINT('',#11999);
#9448=LINE('',#12000,#12001);
#9449=CIRCLE('',#12002,0.635);
#9450=VERTEX_POINT('',#12003);
#9451=VERTEX_POINT('',#12004);
#9452=LINE('',#12005,#12006);
#9453=CIRCLE('',#12007,0.635);
#9454=VERTEX_POINT('',#12008);
#9455=LINE('',#12009,#12010);
#9456=VERTEX_POINT('',#12011);
#9457=CIRCLE('',#12012,0.635);
#9458=VERTEX_POINT('',#12013);
#9459=LINE('',#12014,#12015);
#9460=VERTEX_POINT('',#12016);
#9461=CIRCLE('',#12017,0.635);
#9462=VERTEX_POINT('',#12018);
#9463=LINE('',#12019,#12020);
#9464=VERTEX_POINT('',#12021);
#9465=LINE('',#12022,#12023);
#9466=VERTEX_POINT('',#12024);
#9467=LINE('',#12025,#12026);
#9468=VERTEX_POINT('',#12027);
#9469=CIRCLE('',#12028,0.31496);
#9470=VERTEX_POINT('',#12029);
#9471=LINE('',#12030,#12031);
#9472=VERTEX_POINT('',#12032);
#9473=CIRCLE('',#12033,0.31496);
#9474=VERTEX_POINT('',#12034);
#9475=LINE('',#12035,#12036);
#9476=VERTEX_POINT('',#12037);
#9477=CIRCLE('',#12038,0.31496);
#9478=VERTEX_POINT('',#12039);
#9479=LINE('',#12040,#12041);
#9480=VERTEX_POINT('',#12042);
#9481=CIRCLE('',#12043,0.31496);
#9482=VERTEX_POINT('',#12044);
#9483=LINE('',#12045,#12046);
#9484=LINE('',#12047,#12048);
#9485=VERTEX_POINT('',#12049);
#9486=VERTEX_POINT('',#12050);
#9487=LINE('',#12051,#12052);
#9488=VERTEX_POINT('',#12053);
#9489=CIRCLE('',#12054,0.635);
#9490=VERTEX_POINT('',#12055);
#9491=LINE('',#12056,#12057);
#9492=VERTEX_POINT('',#12058);
#9493=CIRCLE('',#12059,0.635);
#9494=VERTEX_POINT('',#12060);
#9495=LINE('',#12061,#12062);
#9496=VERTEX_POINT('',#12063);
#9497=CIRCLE('',#12064,0.635);
#9498=VERTEX_POINT('',#12065);
#9499=LINE('',#12066,#12067);
#9500=VERTEX_POINT('',#12068);
#9501=CIRCLE('',#12069,0.635);
#9502=VERTEX_POINT('',#12070);
#9503=LINE('',#12071,#12072);
#9504=VERTEX_POINT('',#12073);
#9505=LINE('',#12074,#12075);
#9506=VERTEX_POINT('',#12076);
#9507=LINE('',#12077,#12078);
#9508=VERTEX_POINT('',#12079);
#9509=CIRCLE('',#12080,0.31496);
#9510=VERTEX_POINT('',#12081);
#9511=LINE('',#12082,#12083);
#9512=VERTEX_POINT('',#12084);
#9513=CIRCLE('',#12085,0.31496);
#9514=VERTEX_POINT('',#12086);
#9515=LINE('',#12087,#12088);
#9516=VERTEX_POINT('',#12089);
#9517=CIRCLE('',#12090,0.31496);
#9518=VERTEX_POINT('',#12091);
#9519=LINE('',#12092,#12093);
#9520=VERTEX_POINT('',#12094);
#9521=CIRCLE('',#12095,0.31496);
#9522=VERTEX_POINT('',#12096);
#9523=LINE('',#12097,#12098);
#9524=LINE('',#12099,#12100);
#9525=VERTEX_POINT('',#12101);
#9526=CIRCLE('',#12102,0.62484);
#9527=VERTEX_POINT('',#12103);
#9528=LINE('',#12104,#12105);
#9529=VERTEX_POINT('',#12106);
#9530=LINE('',#12107,#12108);
#9531=VERTEX_POINT('',#12109);
#9532=LINE('',#12110,#12111);
#9533=CIRCLE('',#12112,0.3048);
#9534=VERTEX_POINT('',#12113);
#9535=LINE('',#12114,#12115);
#9536=CIRCLE('',#12116,0.3048);
#9537=LINE('',#12117,#12118);
#9538=LINE('',#12119,#12120);
#9539=LINE('',#12121,#12122);
#9540=LINE('',#12123,#12124);
#9541=VERTEX_POINT('',#12125);
#9542=VERTEX_POINT('',#12126);
#9543=CIRCLE('',#12127,1.5494);
#9544=LINE('',#12128,#12129);
#9545=LINE('',#12130,#12131);
#9546=VERTEX_POINT('',#12132);
#9547=CIRCLE('',#12133,1.5494);
#9548=LINE('',#12134,#12135);
#9549=VERTEX_POINT('',#12136);
#9550=LINE('',#12137,#12138);
#9551=CIRCLE('',#12139,1.5494);
#9552=B_SPLINE_CURVE_WITH_KNOTS('',3,(#12140,#12141,#12142,#12143,#12144,#12145,#12146,#12147,#12148,#12149,#12150,#12151,#12152,#12153),.UNSPECIFIED.,.F.,.F.,(4,1,1,1,1,1,1,1,1,1,1,4),(0.0,0.09090909090909,0.1818181818182,0.2727272727273,0.3636363636364,0.4545454545455,0.5454545454545,0.6363636363636,0.7272727272727,0.8181818181818,0.9090909090909,1.0),.UNSPECIFIED.);
#9553=LINE('',#12154,#12155);
#9554=LINE('',#12156,#12157);
#9555=LINE('',#12158,#12159);
#9556=B_SPLINE_CURVE_WITH_KNOTS('',3,(#12160,#12161,#12162,#12163,#12164,#12165,#12166,#12167,#12168,#12169,#12170,#12171,#12172,#12173),.UNSPECIFIED.,.F.,.F.,(4,1,1,1,1,1,1,1,1,1,1,4),(0.0,0.09090909090909,0.1818181818182,0.2727272727273,0.3636363636364,0.4545454545455,0.5454545454545,0.6363636363636,0.7272727272727,0.8181818181818,0.9090909090909,1.0),.UNSPECIFIED.);
#9557=VERTEX_POINT('',#12174);
#9558=LINE('',#12175,#12176);
#9559=VERTEX_POINT('',#12177);
#9560=LINE('',#12178,#12179);
#9561=VERTEX_POINT('',#12180);
#9562=LINE('',#12181,#12182);
#9563=CIRCLE('',#12183,0.62484);
#9564=LINE('',#12184,#12185);
#9565=LINE('',#12186,#12187);
#9566=LINE('',#12188,#12189);
#9567=LINE('',#12190,#12191);
#9568=LINE('',#12192,#12193);
#9569=LINE('',#12194,#12195);
#9570=LINE('',#12196,#12197);
#9571=LINE('',#12198,#12199);
#9572=LINE('',#12200,#12201);
#9573=LINE('',#12202,#12203);
#9574=LINE('',#12204,#12205);
#9575=LINE('',#12206,#12207);
#9576=VERTEX_POINT('',#12208);
#9577=CIRCLE('',#12209,0.62484);
#9578=VERTEX_POINT('',#12210);
#9579=LINE('',#12211,#12212);
#9580=VERTEX_POINT('',#12213);
#9581=LINE('',#12214,#12215);
#9582=VERTEX_POINT('',#12216);
#9583=LINE('',#12217,#12218);
#9584=CIRCLE('',#12219,0.3048);
#9585=VERTEX_POINT('',#12220);
#9586=LINE('',#12221,#12222);
#9587=CIRCLE('',#12223,0.3048);
#9588=LINE('',#12224,#12225);
#9589=LINE('',#12226,#12227);
#9590=LINE('',#12228,#12229);
#9591=VERTEX_POINT('',#12230);
#9592=B_SPLINE_CURVE_WITH_KNOTS('',3,(#12231,#12232,#12233,#12234,#12235,#12236,#12237,#12238,#12239,#12240,#12241,#12242,#12243,#12244),.UNSPECIFIED.,.F.,.F.,(4,1,1,1,1,1,1,1,1,1,1,4),(0.0,0.09090909090909,0.1818181818182,0.2727272727273,0.3636363636364,0.4545454545455,0.5454545454545,0.6363636363636,0.7272727272727,0.8181818181818,0.9090909090909,1.0),.UNSPECIFIED.);
#9593=LINE('',#12245,#12246);
#9594=LINE('',#12247,#12248);
#9595=LINE('',#12249,#12250);
#9596=VERTEX_POINT('',#12251);
#9597=LINE('',#12252,#12253);
#9598=B_SPLINE_CURVE_WITH_KNOTS('',3,(#12254,#12255,#12256,#12257,#12258,#12259,#12260,#12261,#12262,#12263,#12264,#12265,#12266,#12267),.UNSPECIFIED.,.F.,.F.,(4,1,1,1,1,1,1,1,1,1,1,4),(0.0,0.09090909090909,0.1818181818182,0.2727272727273,0.3636363636364,0.4545454545455,0.5454545454545,0.6363636363636,0.7272727272727,0.8181818181818,0.9090909090909,1.0),.UNSPECIFIED.);
#9599=LINE('',#12268,#12269);
#9600=LINE('',#12270,#12271);
#9601=VERTEX_POINT('',#12272);
#9602=LINE('',#12273,#12274);
#9603=VERTEX_POINT('',#12275);
#9604=B_SPLINE_CURVE_WITH_KNOTS('',3,(#12276,#12277,#12278,#12279,#12280,#12281,#12282,#12283,#12284,#12285,#12286,#12287,#12288,#12289),.UNSPECIFIED.,.F.,.F.,(4,1,1,1,1,1,1,1,1,1,1,4),(0.0,0.09090909090909,0.1818181818182,0.2727272727273,0.3636363636364,0.4545454545455,0.5454545454545,0.6363636363636,0.7272727272727,0.8181818181818,0.9090909090909,1.0),.UNSPECIFIED.);
#9605=LINE('',#12290,#12291);
#9606=LINE('',#12292,#12293);
#9607=LINE('',#12294,#12295);
#9608=VERTEX_POINT('',#12296);
#9609=LINE('',#12297,#12298);
#9610=VERTEX_POINT('',#12299);
#9611=B_SPLINE_CURVE_WITH_KNOTS('',3,(#12300,#12301,#12302,#12303,#12304,#12305,#12306,#12307,#12308,#12309,#12310,#12311,#12312,#12313),.UNSPECIFIED.,.F.,.F.,(4,1,1,1,1,1,1,1,1,1,1,4),(0.0,0.09090909090909,0.1818181818182,0.2727272727273,0.3636363636364,0.4545454545455,0.5454545454545,0.6363636363636,0.7272727272727,0.8181818181818,0.9090909090909,1.0),.UNSPECIFIED.);
#9612=LINE('',#12314,#12315);
#9613=CIRCLE('',#12316,1.5494);
#9614=CIRCLE('',#12317,1.5494);
#9615=CIRCLE('',#12318,1.5494);
#9616=CIRCLE('',#12319,1.5494);
#9617=CIRCLE('',#12320,0.5588);
#9618=CIRCLE('',#12321,2.667);
#9619=CIRCLE('',#12322,0.5588);
#9620=VERTEX_POINT('',#12323);
#9621=LINE('',#12324,#12325);
#9622=VERTEX_POINT('',#12326);
#9623=LINE('',#12327,#12328);
#9624=VERTEX_POINT('',#12329);
#9625=LINE('',#12330,#12331);
#9626=CIRCLE('',#12332,0.62484);
#9627=LINE('',#12333,#12334);
#9628=LINE('',#12335,#12336);
#9629=LINE('',#12337,#12338);
#9630=LINE('',#12339,#12340);
#9631=LINE('',#12341,#12342);
#9632=LINE('',#12343,#12344);
#9633=LINE('',#12345,#12346);
#9634=LINE('',#12347,#12348);
#9635=LINE('',#12349,#12350);
#9636=LINE('',#12351,#12352);
#9637=LINE('',#12353,#12354);
#9638=LINE('',#12355,#12356);
#9639=VERTEX_POINT('',#12357);
#9640=LINE('',#12358,#12359);
#9641=VERTEX_POINT('',#12360);
#9642=LINE('',#12361,#12362);
#9643=LINE('',#12363,#12364);
#9644=LINE('',#12365,#12366);
#9645=VERTEX_POINT('',#12367);
#9646=VERTEX_POINT('',#12368);
#9647=CIRCLE('',#12369,0.3175);
#9648=CIRCLE('',#12370,0.3175);
#9649=VERTEX_POINT('',#12371);
#9650=VERTEX_POINT('',#12372);
#9651=CIRCLE('',#12373,0.3175);
#9652=CIRCLE('',#12374,0.3175);
#9653=VERTEX_POINT('',#12375);
#9654=VERTEX_POINT('',#12376);
#9655=CIRCLE('',#12377,0.3175);
#9656=CIRCLE('',#12378,0.3175);
#9657=VERTEX_POINT('',#12379);
#9658=VERTEX_POINT('',#12380);
#9659=CIRCLE('',#12381,0.3175);
#9660=CIRCLE('',#12382,0.3175);
#9661=VERTEX_POINT('',#12383);
#9662=VERTEX_POINT('',#12384);
#9663=CIRCLE('',#12385,0.3175);
#9664=CIRCLE('',#12386,0.3175);
#9665=VERTEX_POINT('',#12387);
#9666=VERTEX_POINT('',#12388);
#9667=CIRCLE('',#12389,0.3175);
#9668=CIRCLE('',#12390,0.3175);
#9669=VERTEX_POINT('',#12391);
#9670=VERTEX_POINT('',#12392);
#9671=CIRCLE('',#12393,0.3175);
#9672=CIRCLE('',#12394,0.3175);
#9673=VERTEX_POINT('',#12395);
#9674=VERTEX_POINT('',#12396);
#9675=CIRCLE('',#12397,0.3175);
#9676=CIRCLE('',#12398,0.3175);
#9677=VERTEX_POINT('',#12399);
#9678=VERTEX_POINT('',#12400);
#9679=CIRCLE('',#12401,0.3175);
#9680=CIRCLE('',#12402,0.3175);
#9681=LINE('',#12403,#12404);
#9682=VERTEX_POINT('',#12405);
#9683=VERTEX_POINT('',#12406);
#9684=LINE('',#12407,#12408);
#9685=LINE('',#12409,#12410);
#9686=VERTEX_POINT('',#12411);
#9687=LINE('',#12412,#12413);
#9688=VERTEX_POINT('',#12414);
#9689=LINE('',#12415,#12416);
#9690=VERTEX_POINT('',#12417);
#9691=LINE('',#12418,#12419);
#9692=VERTEX_POINT('',#12420);
#9693=LINE('',#12421,#12422);
#9694=LINE('',#12423,#12424);
#9695=VERTEX_POINT('',#12425);
#9696=LINE('',#12426,#12427);
#9697=VERTEX_POINT('',#12428);
#9698=LINE('',#12429,#12430);
#9699=LINE('',#12431,#12432);
#9700=VERTEX_POINT('',#12433);
#9701=LINE('',#12434,#12435);
#9702=LINE('',#12436,#12437);
#9703=VERTEX_POINT('',#12438);
#9704=LINE('',#12439,#12440);
#9705=VERTEX_POINT('',#12441);
#9706=LINE('',#12442,#12443);
#9707=LINE('',#12444,#12445);
#9708=VERTEX_POINT('',#12446);
#9709=VERTEX_POINT('',#12447);
#9710=LINE('',#12448,#12449);
#9711=VERTEX_POINT('',#12450);
#9712=LINE('',#12451,#12452);
#9713=VERTEX_POINT('',#12453);
#9714=CIRCLE('',#12454,1.5748);
#9715=VERTEX_POINT('',#12455);
#9716=LINE('',#12456,#12457);
#9717=VERTEX_POINT('',#12458);
#9718=CIRCLE('',#12459,1.5748);
#9719=VERTEX_POINT('',#12460);
#9720=LINE('',#12461,#12462);
#9721=VERTEX_POINT('',#12463);
#9722=LINE('',#12464,#12465);
#9723=VERTEX_POINT('',#12466);
#9724=LINE('',#12467,#12468);
#9725=VERTEX_POINT('',#12469);
#9726=LINE('',#12470,#12471);
#9727=LINE('',#12472,#12473);
#9728=VERTEX_POINT('',#12474);
#9729=VERTEX_POINT('',#12475);
#9730=LINE('',#12476,#12477);
#9731=LINE('',#12478,#12479);
#9732=VERTEX_POINT('',#12480);
#9733=LINE('',#12481,#12482);
#9734=VERTEX_POINT('',#12483);
#9735=LINE('',#12484,#12485);
#9736=VERTEX_POINT('',#12486);
#9737=LINE('',#12487,#12488);
#9738=LINE('',#12489,#12490);
#9739=VERTEX_POINT('',#12491);
#9740=VERTEX_POINT('',#12492);
#9741=LINE('',#12493,#12494);
#9742=VERTEX_POINT('',#12495);
#9743=LINE('',#12496,#12497);
#9744=VERTEX_POINT('',#12498);
#9745=CIRCLE('',#12499,1.5748);
#9746=VERTEX_POINT('',#12500);
#9747=LINE('',#12501,#12502);
#9748=VERTEX_POINT('',#12503);
#9749=CIRCLE('',#12504,1.5748);
#9750=VERTEX_POINT('',#12505);
#9751=LINE('',#12506,#12507);
#9752=VERTEX_POINT('',#12508);
#9753=LINE('',#12509,#12510);
#9754=VERTEX_POINT('',#12511);
#9755=LINE('',#12512,#12513);
#9756=VERTEX_POINT('',#12514);
#9757=LINE('',#12515,#12516);
#9758=LINE('',#12517,#12518);
#9759=VERTEX_POINT('',#12519);
#9760=LINE('',#12520,#12521);
#9761=VERTEX_POINT('',#12522);
#9762=LINE('',#12523,#12524);
#9763=LINE('',#12525,#12526);
#9764=VERTEX_POINT('',#12527);
#9765=LINE('',#12528,#12529);
#9766=VERTEX_POINT('',#12530);
#9767=LINE('',#12531,#12532);
#9768=VERTEX_POINT('',#12533);
#9769=LINE('',#12534,#12535);
#9770=VERTEX_POINT('',#12536);
#9771=LINE('',#12537,#12538);
#9772=VERTEX_POINT('',#12539);
#9773=CIRCLE('',#12540,1.5748);
#9774=VERTEX_POINT('',#12541);
#9775=LINE('',#12542,#12543);
#9776=VERTEX_POINT('',#12544);
#9777=CIRCLE('',#12545,1.5748);
#9778=VERTEX_POINT('',#12546);
#9779=LINE('',#12547,#12548);
#9780=LINE('',#12549,#12550);
#9781=VERTEX_POINT('',#12551);
#9782=VERTEX_POINT('',#12552);
#9783=CIRCLE('',#12553,2.83845);
#9784=CIRCLE('',#12554,2.83845);
#9785=VERTEX_POINT('',#12555);
#9786=VERTEX_POINT('',#12556);
#9787=LINE('',#12557,#12558);
#9788=VERTEX_POINT('',#12559);
#9789=LINE('',#12560,#12561);
#9790=VERTEX_POINT('',#12562);
#9791=LINE('',#12563,#12564);
#9792=VERTEX_POINT('',#12565);
#9793=LINE('',#12566,#12567);
#9794=VERTEX_POINT('',#12568);
#9795=CIRCLE('',#12569,1.5748);
#9796=VERTEX_POINT('',#12570);
#9797=LINE('',#12571,#12572);
#9798=VERTEX_POINT('',#12573);
#9799=CIRCLE('',#12574,1.5748);
#9800=VERTEX_POINT('',#12575);
#9801=LINE('',#12576,#12577);
#9802=VERTEX_POINT('',#12578);
#9803=LINE('',#12579,#12580);
#9804=LINE('',#12581,#12582);
#9805=VERTEX_POINT('',#12583);
#9806=VERTEX_POINT('',#12584);
#9807=CIRCLE('',#12585,2.83845);
#9808=CIRCLE('',#12586,2.83845);
#9809=VERTEX_POINT('',#12587);
#9810=VERTEX_POINT('',#12588);
#9811=CIRCLE('',#12589,1.5494);
#9812=CIRCLE('',#12590,1.5494);
#9813=VERTEX_POINT('',#12591);
#9814=VERTEX_POINT('',#12592);
#9815=LINE('',#12593,#12594);
#9816=VERTEX_POINT('',#12595);
#9817=LINE('',#12596,#12597);
#9818=VERTEX_POINT('',#12598);
#9819=LINE('',#12599,#12600);
#9820=LINE('',#12601,#12602);
#9821=VERTEX_POINT('',#12603);
#9822=VERTEX_POINT('',#12604);
#9823=LINE('',#12605,#12606);
#9824=VERTEX_POINT('',#12607);
#9825=LINE('',#12608,#12609);
#9826=VERTEX_POINT('',#12610);
#9827=LINE('',#12611,#12612);
#9828=LINE('',#12613,#12614);
#9829=VERTEX_POINT('',#12615);
#9830=VERTEX_POINT('',#12616);
#9831=LINE('',#12617,#12618);
#9832=VERTEX_POINT('',#12619);
#9833=LINE('',#12620,#12621);
#9834=VERTEX_POINT('',#12622);
#9835=LINE('',#12623,#12624);
#9836=LINE('',#12625,#12626);
#9837=VERTEX_POINT('',#12627);
#9838=VERTEX_POINT('',#12628);
#9839=LINE('',#12629,#12630);
#9840=VERTEX_POINT('',#12631);
#9841=LINE('',#12632,#12633);
#9842=VERTEX_POINT('',#12634);
#9843=LINE('',#12635,#12636);
#9844=LINE('',#12637,#12638);
#9845=VERTEX_POINT('',#12639);
#9846=VERTEX_POINT('',#12640);
#9847=CIRCLE('',#12641,1.5494);
#9848=CIRCLE('',#12642,1.5494);
#9849=VERTEX_POINT('',#12643);
#9850=VERTEX_POINT('',#12644);
#9851=LINE('',#12645,#12646);
#9852=VERTEX_POINT('',#12647);
#9853=LINE('',#12648,#12649);
#9854=VERTEX_POINT('',#12650);
#9855=LINE('',#12651,#12652);
#9856=LINE('',#12653,#12654);
#9857=VERTEX_POINT('',#12655);
#9858=VERTEX_POINT('',#12656);
#9859=LINE('',#12657,#12658);
#9860=VERTEX_POINT('',#12659);
#9861=LINE('',#12660,#12661);
#9862=VERTEX_POINT('',#12662);
#9863=LINE('',#12663,#12664);
#9864=LINE('',#12665,#12666);
#9865=VERTEX_POINT('',#12667);
#9866=VERTEX_POINT('',#12668);
#9867=LINE('',#12669,#12670);
#9868=VERTEX_POINT('',#12671);
#9869=LINE('',#12672,#12673);
#9870=VERTEX_POINT('',#12674);
#9871=LINE('',#12675,#12676);
#9872=LINE('',#12677,#12678);
#9873=VERTEX_POINT('',#12679);
#9874=VERTEX_POINT('',#12680);
#9875=LINE('',#12681,#12682);
#9876=VERTEX_POINT('',#12683);
#9877=LINE('',#12684,#12685);
#9878=VERTEX_POINT('',#12686);
#9879=LINE('',#12687,#12688);
#9880=LINE('',#12689,#12690);
#9881=LINE('',#12691,#12692);
#9882=LINE('',#12693,#12694);
#9883=LINE('',#12695,#12696);
#9884=LINE('',#12697,#12698);
#9885=LINE('',#12699,#12700);
#9886=LINE('',#12701,#12702);
#9887=LINE('',#12703,#12704);
#9888=LINE('',#12705,#12706);
#9889=LINE('',#12707,#12708);
#9890=LINE('',#12709,#12710);
#9891=LINE('',#12711,#12712);
#9892=LINE('',#12713,#12714);
#9893=LINE('',#12715,#12716);
#9894=LINE('',#12717,#12718);
#9895=LINE('',#12719,#12720);
#9896=LINE('',#12721,#12722);
#9897=LINE('',#12723,#12724);
#9898=LINE('',#12725,#12726);
#9899=VERTEX_POINT('',#12727);
#9900=LINE('',#12728,#12729);
#9901=VERTEX_POINT('',#12730);
#9902=CIRCLE('',#12731,2.83845);
#9903=LINE('',#12732,#12733);
#9904=CIRCLE('',#12734,2.83845);
#9905=VERTEX_POINT('',#12735);
#9906=VERTEX_POINT('',#12736);
#9907=CIRCLE('',#12737,1.5494);
#9908=CIRCLE('',#12738,1.5494);
#9909=VERTEX_POINT('',#12739);
#9910=VERTEX_POINT('',#12740);
#9911=CIRCLE('',#12741,2.83845);
#9912=CIRCLE('',#12742,2.83845);
#9913=VERTEX_POINT('',#12743);
#9914=VERTEX_POINT('',#12744);
#9915=CIRCLE('',#12745,1.5494);
#9916=CIRCLE('',#12746,1.5494);
#9917=LINE('',#12747,#12748);
#9918=LINE('',#12749,#12750);
#9919=LINE('',#12751,#12752);
#9920=LINE('',#12753,#12754);
#9921=LINE('',#12755,#12756);
#9922=LINE('',#12757,#12758);
#9923=VERTEX_POINT('',#12759);
#9924=LINE('',#12760,#12761);
#9925=VERTEX_POINT('',#12762);
#9926=CIRCLE('',#12763,0.1524);
#9927=LINE('',#12764,#12765);
#9928=VERTEX_POINT('',#12766);
#9929=CIRCLE('',#12767,0.508);
#9930=VERTEX_POINT('',#12768);
#9931=LINE('',#12769,#12770);
#9932=VERTEX_POINT('',#12771);
#9933=LINE('',#12772,#12773);
#9934=VERTEX_POINT('',#12774);
#9935=LINE('',#12775,#12776);
#9936=VERTEX_POINT('',#12777);
#9937=LINE('',#12778,#12779);
#9938=CIRCLE('',#12780,0.18796);
#9939=VERTEX_POINT('',#12781);
#9940=LINE('',#12782,#12783);
#9941=VERTEX_POINT('',#12784);
#9942=CIRCLE('',#12785,0.47244);
#9943=LINE('',#12786,#12787);
#9944=VERTEX_POINT('',#12788);
#9945=LINE('',#12789,#12790);
#9946=VERTEX_POINT('',#12791);
#9947=CIRCLE('',#12792,0.47244);
#9948=LINE('',#12793,#12794);
#9949=VERTEX_POINT('',#12795);
#9950=CIRCLE('',#12796,0.18796);
#9951=VERTEX_POINT('',#12797);
#9952=LINE('',#12798,#12799);
#9953=VERTEX_POINT('',#12800);
#9954=LINE('',#12801,#12802);
#9955=VERTEX_POINT('',#12803);
#9956=LINE('',#12804,#12805);
#9957=VERTEX_POINT('',#12806);
#9958=LINE('',#12807,#12808);
#9959=CIRCLE('',#12809,0.508);
#9960=VERTEX_POINT('',#12810);
#9961=LINE('',#12811,#12812);
#9962=VERTEX_POINT('',#12813);
#9963=CIRCLE('',#12814,0.1524);
#9964=LINE('',#12815,#12816);
#9965=VERTEX_POINT('',#12817);
#9966=LINE('',#12818,#12819);
#9967=VERTEX_POINT('',#12820);
#9968=CIRCLE('',#12821,0.47244);
#9969=LINE('',#12822,#12823);
#9970=VERTEX_POINT('',#12824);
#9971=CIRCLE('',#12825,0.18796);
#9972=VERTEX_POINT('',#12826);
#9973=LINE('',#12827,#12828);
#9974=VERTEX_POINT('',#12829);
#9975=LINE('',#12830,#12831);
#9976=VERTEX_POINT('',#12832);
#9977=LINE('',#12833,#12834);
#9978=VERTEX_POINT('',#12835);
#9979=LINE('',#12836,#12837);
#9980=CIRCLE('',#12838,0.508);
#9981=VERTEX_POINT('',#12839);
#9982=LINE('',#12840,#12841);
#9983=VERTEX_POINT('',#12842);
#9984=CIRCLE('',#12843,0.1524);
#9985=LINE('',#12844,#12845);
#9986=VERTEX_POINT('',#12846);
#9987=LINE('',#12847,#12848);
#9988=VERTEX_POINT('',#12849);
#9989=CIRCLE('',#12850,0.1524);
#9990=LINE('',#12851,#12852);
#9991=VERTEX_POINT('',#12853);
#9992=CIRCLE('',#12854,0.508);
#9993=VERTEX_POINT('',#12855);
#9994=LINE('',#12856,#12857);
#9995=VERTEX_POINT('',#12858);
#9996=LINE('',#12859,#12860);
#9997=VERTEX_POINT('',#12861);
#9998=LINE('',#12862,#12863);
#9999=VERTEX_POINT('',#12864);
#10000=LINE('',#12865,#12866);
#10001=CIRCLE('',#12867,0.18796);
#10002=VERTEX_POINT('',#12868);
#10003=LINE('',#12869,#12870);
#10004=VERTEX_POINT('',#12871);
#10005=CIRCLE('',#12872,0.47244);
#10006=LINE('',#12873,#12874);
#10007=VERTEX_POINT('',#12875);
#10008=LINE('',#12876,#12877);
#10009=LINE('',#12878,#12879);
#10010=VERTEX_POINT('',#12880);
#10011=CIRCLE('',#12881,0.47244);
#10012=LINE('',#12882,#12883);
#10013=VERTEX_POINT('',#12884);
#10014=CIRCLE('',#12885,0.18796);
#10015=VERTEX_POINT('',#12886);
#10016=LINE('',#12887,#12888);
#10017=VERTEX_POINT('',#12889);
#10018=LINE('',#12890,#12891);
#10019=VERTEX_POINT('',#12892);
#10020=LINE('',#12893,#12894);
#10021=VERTEX_POINT('',#12895);
#10022=LINE('',#12896,#12897);
#10023=CIRCLE('',#12898,0.508);
#10024=VERTEX_POINT('',#12899);
#10025=LINE('',#12900,#12901);
#10026=VERTEX_POINT('',#12902);
#10027=CIRCLE('',#12903,0.1524);
#10028=LINE('',#12904,#12905);
#10029=VERTEX_POINT('',#12906);
#10030=VERTEX_POINT('',#12907);
#10031=CIRCLE('',#12908,0.1524);
#10032=LINE('',#12909,#12910);
#10033=VERTEX_POINT('',#12911);
#10034=CIRCLE('',#12912,0.508);
#10035=VERTEX_POINT('',#12913);
#10036=LINE('',#12914,#12915);
#10037=VERTEX_POINT('',#12916);
#10038=LINE('',#12917,#12918);
#10039=VERTEX_POINT('',#12919);
#10040=LINE('',#12920,#12921);
#10041=VERTEX_POINT('',#12922);
#10042=LINE('',#12923,#12924);
#10043=CIRCLE('',#12925,0.18796);
#10044=VERTEX_POINT('',#12926);
#10045=LINE('',#12927,#12928);
#10046=VERTEX_POINT('',#12929);
#10047=CIRCLE('',#12930,0.47244);
#10048=LINE('',#12931,#12932);
#10049=LINE('',#12933,#12934);
#10050=VERTEX_POINT('',#12935);
#10051=VERTEX_POINT('',#12936);
#10052=CIRCLE('',#12937,0.1524);
#10053=LINE('',#12938,#12939);
#10054=VERTEX_POINT('',#12940);
#10055=CIRCLE('',#12941,0.508);
#10056=VERTEX_POINT('',#12942);
#10057=LINE('',#12943,#12944);
#10058=VERTEX_POINT('',#12945);
#10059=LINE('',#12946,#12947);
#10060=VERTEX_POINT('',#12948);
#10061=LINE('',#12949,#12950);
#10062=VERTEX_POINT('',#12951);
#10063=LINE('',#12952,#12953);
#10064=CIRCLE('',#12954,0.18796);
#10065=VERTEX_POINT('',#12955);
#10066=LINE('',#12956,#12957);
#10067=VERTEX_POINT('',#12958);
#10068=CIRCLE('',#12959,0.47244);
#10069=LINE('',#12960,#12961);
#10070=LINE('',#12962,#12963);
#10071=VERTEX_POINT('',#12964);
#10072=VERTEX_POINT('',#12965);
#10073=CIRCLE('',#12966,0.47244);
#10074=LINE('',#12967,#12968);
#10075=VERTEX_POINT('',#12969);
#10076=CIRCLE('',#12970,0.18796);
#10077=VERTEX_POINT('',#12971);
#10078=LINE('',#12972,#12973);
#10079=VERTEX_POINT('',#12974);
#10080=LINE('',#12975,#12976);
#10081=VERTEX_POINT('',#12977);
#10082=LINE('',#12978,#12979);
#10083=VERTEX_POINT('',#12980);
#10084=LINE('',#12981,#12982);
#10085=CIRCLE('',#12983,0.508);
#10086=VERTEX_POINT('',#12984);
#10087=LINE('',#12985,#12986);
#10088=VERTEX_POINT('',#12987);
#10089=CIRCLE('',#12988,0.1524);
#10090=LINE('',#12989,#12990);
#10091=LINE('',#12991,#12992);
#10092=LINE('',#12993,#12994);
#10093=LINE('',#12995,#12996);
#10094=LINE('',#12997,#12998);
#10095=LINE('',#12999,#13000);
#10096=LINE('',#13001,#13002);
#10097=LINE('',#13003,#13004);
#10098=LINE('',#13005,#13006);
#10099=LINE('',#13007,#13008);
#10100=LINE('',#13009,#13010);
#10101=LINE('',#13011,#13012);
#10102=LINE('',#13013,#13014);
#10103=LINE('',#13015,#13016);
#10104=LINE('',#13017,#13018);
#10105=LINE('',#13019,#13020);
#10106=LINE('',#13021,#13022);
#10107=LINE('',#13023,#13024);
#10108=LINE('',#13025,#13026);
#10109=LINE('',#13027,#13028);
#10110=LINE('',#13029,#13030);
#10111=LINE('',#13031,#13032);
#10112=LINE('',#13033,#13034);
#10113=LINE('',#13035,#13036);
#10114=LINE('',#13037,#13038);
#10115=LINE('',#13039,#13040);
#10116=LINE('',#13041,#13042);
#10117=LINE('',#13043,#13044);
#10118=LINE('',#13045,#13046);
#10119=LINE('',#13047,#13048);
#10120=LINE('',#13049,#13050);
#10121=LINE('',#13051,#13052);
#10122=LINE('',#13053,#13054);
#10123=LINE('',#13055,#13056);
#10124=LINE('',#13057,#13058);
#10125=LINE('',#13059,#13060);
#10126=LINE('',#13061,#13062);
#10127=VERTEX_POINT('',#13063);
#10128=VERTEX_POINT('',#13064);
#10129=CIRCLE('',#13065,0.1524);
#10130=LINE('',#13066,#13067);
#10131=VERTEX_POINT('',#13068);
#10132=CIRCLE('',#13069,0.508);
#10133=VERTEX_POINT('',#13070);
#10134=LINE('',#13071,#13072);
#10135=VERTEX_POINT('',#13073);
#10136=LINE('',#13074,#13075);
#10137=VERTEX_POINT('',#13076);
#10138=LINE('',#13077,#13078);
#10139=VERTEX_POINT('',#13079);
#10140=LINE('',#13080,#13081);
#10141=CIRCLE('',#13082,0.18796);
#10142=VERTEX_POINT('',#13083);
#10143=LINE('',#13084,#13085);
#10144=VERTEX_POINT('',#13086);
#10145=CIRCLE('',#13087,0.47244);
#10146=LINE('',#13088,#13089);
#10147=LINE('',#13090,#13091);
#10148=VERTEX_POINT('',#13092);
#10149=LINE('',#13093,#13094);
#10150=VERTEX_POINT('',#13095);
#10151=CIRCLE('',#13096,0.47244);
#10152=LINE('',#13097,#13098);
#10153=VERTEX_POINT('',#13099);
#10154=CIRCLE('',#13100,0.18796);
#10155=VERTEX_POINT('',#13101);
#10156=LINE('',#13102,#13103);
#10157=VERTEX_POINT('',#13104);
#10158=LINE('',#13105,#13106);
#10159=VERTEX_POINT('',#13107);
#10160=LINE('',#13108,#13109);
#10161=VERTEX_POINT('',#13110);
#10162=LINE('',#13111,#13112);
#10163=CIRCLE('',#13113,0.508);
#10164=VERTEX_POINT('',#13114);
#10165=LINE('',#13115,#13116);
#10166=VERTEX_POINT('',#13117);
#10167=CIRCLE('',#13118,0.1524);
#10168=LINE('',#13119,#13120);
#10169=VERTEX_POINT('',#13121);
#10170=LINE('',#13122,#13123);
#10171=LINE('',#13124,#13125);
#10172=VERTEX_POINT('',#13126);
#10173=CIRCLE('',#13127,0.1524);
#10174=LINE('',#13128,#13129);
#10175=LINE('',#13130,#13131);
#10176=VERTEX_POINT('',#13132);
#10177=CIRCLE('',#13133,0.508);
#10178=LINE('',#13134,#13135);
#10179=VERTEX_POINT('',#13136);
#10180=LINE('',#13137,#13138);
#10181=LINE('',#13139,#13140);
#10182=VERTEX_POINT('',#13141);
#10183=LINE('',#13142,#13143);
#10184=LINE('',#13144,#13145);
#10185=VERTEX_POINT('',#13146);
#10186=LINE('',#13147,#13148);
#10187=LINE('',#13149,#13150);
#10188=VERTEX_POINT('',#13151);
#10189=LINE('',#13152,#13153);
#10190=LINE('',#13154,#13155);
#10191=CIRCLE('',#13156,0.18796);
#10192=VERTEX_POINT('',#13157);
#10193=LINE('',#13158,#13159);
#10194=LINE('',#13160,#13161);
#10195=VERTEX_POINT('',#13162);
#10196=CIRCLE('',#13163,0.47244);
#10197=LINE('',#13164,#13165);
#10198=LINE('',#13166,#13167);
#10199=VERTEX_POINT('',#13168);
#10200=VERTEX_POINT('',#13169);
#10201=CIRCLE('',#13170,0.1524);
#10202=LINE('',#13171,#13172);
#10203=VERTEX_POINT('',#13173);
#10204=CIRCLE('',#13174,0.508);
#10205=VERTEX_POINT('',#13175);
#10206=LINE('',#13176,#13177);
#10207=VERTEX_POINT('',#13178);
#10208=LINE('',#13179,#13180);
#10209=VERTEX_POINT('',#13181);
#10210=LINE('',#13182,#13183);
#10211=VERTEX_POINT('',#13184);
#10212=LINE('',#13185,#13186);
#10213=CIRCLE('',#13187,0.18796);
#10214=VERTEX_POINT('',#13188);
#10215=LINE('',#13189,#13190);
#10216=VERTEX_POINT('',#13191);
#10217=CIRCLE('',#13192,0.47244);
#10218=LINE('',#13193,#13194);
#10219=LINE('',#13195,#13196);
#10220=LINE('',#13197,#13198);
#10221=LINE('',#13199,#13200);
#10222=LINE('',#13201,#13202);
#10223=LINE('',#13203,#13204);
#10224=LINE('',#13205,#13206);
#10225=LINE('',#13207,#13208);
#10226=LINE('',#13209,#13210);
#10227=LINE('',#13211,#13212);
#10228=LINE('',#13213,#13214);
#10229=VERTEX_POINT('',#13215);
#10230=LINE('',#13216,#13217);
#10231=VERTEX_POINT('',#13218);
#10232=CIRCLE('',#13219,0.47244);
#10233=LINE('',#13220,#13221);
#10234=VERTEX_POINT('',#13222);
#10235=CIRCLE('',#13223,0.18796);
#10236=VERTEX_POINT('',#13224);
#10237=LINE('',#13225,#13226);
#10238=VERTEX_POINT('',#13227);
#10239=LINE('',#13228,#13229);
#10240=VERTEX_POINT('',#13230);
#10241=LINE('',#13231,#13232);
#10242=VERTEX_POINT('',#13233);
#10243=LINE('',#13234,#13235);
#10244=CIRCLE('',#13236,0.508);
#10245=VERTEX_POINT('',#13237);
#10246=LINE('',#13238,#13239);
#10247=VERTEX_POINT('',#13240);
#10248=CIRCLE('',#13241,0.1524);
#10249=LINE('',#13242,#13243);
#10250=VERTEX_POINT('',#13244);
#10251=LINE('',#13245,#13246);
#10252=VERTEX_POINT('',#13247);
#10253=CIRCLE('',#13248,0.1524);
#10254=LINE('',#13249,#13250);
#10255=VERTEX_POINT('',#13251);
#10256=CIRCLE('',#13252,0.508);
#10257=VERTEX_POINT('',#13253);
#10258=LINE('',#13254,#13255);
#10259=VERTEX_POINT('',#13256);
#10260=LINE('',#13257,#13258);
#10261=VERTEX_POINT('',#13259);
#10262=LINE('',#13260,#13261);
#10263=VERTEX_POINT('',#13262);
#10264=LINE('',#13263,#13264);
#10265=CIRCLE('',#13265,0.18796);
#10266=VERTEX_POINT('',#13266);
#10267=LINE('',#13267,#13268);
#10268=VERTEX_POINT('',#13269);
#10269=CIRCLE('',#13270,0.47244);
#10270=LINE('',#13271,#13272);
#10271=VERTEX_POINT('',#13273);
#10272=LINE('',#13274,#13275);
#10273=LINE('',#13276,#13277);
#10274=VERTEX_POINT('',#13278);
#10275=CIRCLE('',#13279,0.1524);
#10276=LINE('',#13280,#13281);
#10277=VERTEX_POINT('',#13282);
#10278=CIRCLE('',#13283,0.508);
#10279=VERTEX_POINT('',#13284);
#10280=LINE('',#13285,#13286);
#10281=VERTEX_POINT('',#13287);
#10282=LINE('',#13288,#13289);
#10283=VERTEX_POINT('',#13290);
#10284=LINE('',#13291,#13292);
#10285=VERTEX_POINT('',#13293);
#10286=LINE('',#13294,#13295);
#10287=CIRCLE('',#13296,0.18796);
#10288=VERTEX_POINT('',#13297);
#10289=LINE('',#13298,#13299);
#10290=VERTEX_POINT('',#13300);
#10291=CIRCLE('',#13301,0.47244);
#10292=LINE('',#13302,#13303);
#10293=VERTEX_POINT('',#13304);
#10294=LINE('',#13305,#13306);
#10295=VERTEX_POINT('',#13307);
#10296=CIRCLE('',#13308,0.47244);
#10297=LINE('',#13309,#13310);
#10298=VERTEX_POINT('',#13311);
#10299=CIRCLE('',#13312,0.18796);
#10300=VERTEX_POINT('',#13313);
#10301=LINE('',#13314,#13315);
#10302=VERTEX_POINT('',#13316);
#10303=LINE('',#13317,#13318);
#10304=VERTEX_POINT('',#13319);
#10305=LINE('',#13320,#13321);
#10306=VERTEX_POINT('',#13322);
#10307=LINE('',#13323,#13324);
#10308=CIRCLE('',#13325,0.508);
#10309=VERTEX_POINT('',#13326);
#10310=LINE('',#13327,#13328);
#10311=VERTEX_POINT('',#13329);
#10312=CIRCLE('',#13330,0.1524);
#10313=LINE('',#13331,#13332);
#10314=LINE('',#13333,#13334);
#10315=LINE('',#13335,#13336);
#10316=LINE('',#13337,#13338);
#10317=LINE('',#13339,#13340);
#10318=LINE('',#13341,#13342);
#10319=LINE('',#13343,#13344);
#10320=LINE('',#13345,#13346);
#10321=LINE('',#13347,#13348);
#10322=LINE('',#13349,#13350);
#10323=LINE('',#13351,#13352);
#10324=LINE('',#13353,#13354);
#10325=LINE('',#13355,#13356);
#10326=LINE('',#13357,#13358);
#10327=LINE('',#13359,#13360);
#10328=LINE('',#13361,#13362);
#10329=LINE('',#13363,#13364);
#10330=LINE('',#13365,#13366);
#10331=VERTEX_POINT('',#13367);
#10332=VERTEX_POINT('',#13368);
#10333=LINE('',#13369,#13370);
#10334=VERTEX_POINT('',#13371);
#10335=CIRCLE('',#13372,2.12344);
#10336=VERTEX_POINT('',#13373);
#10337=LINE('',#13374,#13375);
#10338=VERTEX_POINT('',#13376);
#10339=CIRCLE('',#13377,2.12344);
#10340=VERTEX_POINT('',#13378);
#10341=LINE('',#13379,#13380);
#10342=CIRCLE('',#13381,2.12344);
#10343=LINE('',#13382,#13383);
#10344=CIRCLE('',#13384,2.12344);
#10345=VERTEX_POINT('',#13385);
#10346=VERTEX_POINT('',#13386);
#10347=CIRCLE('',#13387,0.508);
#10348=CIRCLE('',#13388,0.508);
#10349=VERTEX_POINT('',#13389);
#10350=VERTEX_POINT('',#13390);
#10351=CIRCLE('',#13391,0.508);
#10352=CIRCLE('',#13392,0.508);
#10353=VERTEX_POINT('',#13393);
#10354=VERTEX_POINT('',#13394);
#10355=CIRCLE('',#13395,0.508);
#10356=CIRCLE('',#13396,0.508);
#10357=VERTEX_POINT('',#13397);
#10358=VERTEX_POINT('',#13398);
#10359=CIRCLE('',#13399,0.508);
#10360=CIRCLE('',#13400,0.508);
#10361=VERTEX_POINT('',#13401);
#10362=VERTEX_POINT('',#13402);
#10363=CIRCLE('',#13403,0.508);
#10364=CIRCLE('',#13404,0.508);
#10365=VERTEX_POINT('',#13405);
#10366=VERTEX_POINT('',#13406);
#10367=CIRCLE('',#13407,0.508);
#10368=CIRCLE('',#13408,0.508);
#10369=VERTEX_POINT('',#13409);
#10370=VERTEX_POINT('',#13410);
#10371=CIRCLE('',#13411,0.508);
#10372=CIRCLE('',#13412,0.508);
#10373=VERTEX_POINT('',#13413);
#10374=VERTEX_POINT('',#13414);
#10375=CIRCLE('',#13415,0.508);
#10376=CIRCLE('',#13416,0.508);
#10377=VERTEX_POINT('',#13417);
#10378=VERTEX_POINT('',#13418);
#10379=CIRCLE('',#13419,0.508);
#10380=CIRCLE('',#13420,0.508);
#10381=VERTEX_POINT('',#13421);
#10382=VERTEX_POINT('',#13422);
#10383=LINE('',#13423,#13424);
#10384=VERTEX_POINT('',#13425);
#10385=LINE('',#13426,#13427);
#10386=VERTEX_POINT('',#13428);
#10387=LINE('',#13429,#13430);
#10388=VERTEX_POINT('',#13431);
#10389=LINE('',#13432,#13433);
#10390=VERTEX_POINT('',#13434);
#10391=LINE('',#13435,#13436);
#10392=VERTEX_POINT('',#13437);
#10393=LINE('',#13438,#13439);
#10394=LINE('',#13440,#13441);
#10395=VERTEX_POINT('',#13442);
#10396=VERTEX_POINT('',#13443);
#10397=LINE('',#13444,#13445);
#10398=VERTEX_POINT('',#13446);
#10399=LINE('',#13447,#13448);
#10400=VERTEX_POINT('',#13449);
#10401=LINE('',#13450,#13451);
#10402=VERTEX_POINT('',#13452);
#10403=LINE('',#13453,#13454);
#10404=VERTEX_POINT('',#13455);
#10405=LINE('',#13456,#13457);
#10406=VERTEX_POINT('',#13458);
#10407=LINE('',#13459,#13460);
#10408=VERTEX_POINT('',#13461);
#10409=LINE('',#13462,#13463);
#10410=VERTEX_POINT('',#13464);
#10411=LINE('',#13465,#13466);
#10412=VERTEX_POINT('',#13467);
#10413=LINE('',#13468,#13469);
#10414=VERTEX_POINT('',#13470);
#10415=LINE('',#13471,#13472);
#10416=VERTEX_POINT('',#13473);
#10417=LINE('',#13474,#13475);
#10418=VERTEX_POINT('',#13476);
#10419=LINE('',#13477,#13478);
#10420=VERTEX_POINT('',#13479);
#10421=LINE('',#13480,#13481);
#10422=VERTEX_POINT('',#13482);
#10423=LINE('',#13483,#13484);
#10424=VERTEX_POINT('',#13485);
#10425=LINE('',#13486,#13487);
#10426=VERTEX_POINT('',#13488);
#10427=LINE('',#13489,#13490);
#10428=VERTEX_POINT('',#13491);
#10429=LINE('',#13492,#13493);
#10430=VERTEX_POINT('',#13494);
#10431=LINE('',#13495,#13496);
#10432=VERTEX_POINT('',#13497);
#10433=LINE('',#13498,#13499);
#10434=VERTEX_POINT('',#13500);
#10435=LINE('',#13501,#13502);
#10436=VERTEX_POINT('',#13503);
#10437=LINE('',#13504,#13505);
#10438=VERTEX_POINT('',#13506);
#10439=LINE('',#13507,#13508);
#10440=VERTEX_POINT('',#13509);
#10441=LINE('',#13510,#13511);
#10442=VERTEX_POINT('',#13512);
#10443=LINE('',#13513,#13514);
#10444=VERTEX_POINT('',#13515);
#10445=LINE('',#13516,#13517);
#10446=VERTEX_POINT('',#13518);
#10447=LINE('',#13519,#13520);
#10448=VERTEX_POINT('',#13521);
#10449=LINE('',#13522,#13523);
#10450=VERTEX_POINT('',#13524);
#10451=LINE('',#13525,#13526);
#10452=VERTEX_POINT('',#13527);
#10453=LINE('',#13528,#13529);
#10454=VERTEX_POINT('',#13530);
#10455=LINE('',#13531,#13532);
#10456=VERTEX_POINT('',#13533);
#10457=LINE('',#13534,#13535);
#10458=VERTEX_POINT('',#13536);
#10459=LINE('',#13537,#13538);
#10460=VERTEX_POINT('',#13539);
#10461=LINE('',#13540,#13541);
#10462=VERTEX_POINT('',#13542);
#10463=LINE('',#13543,#13544);
#10464=VERTEX_POINT('',#13545);
#10465=LINE('',#13546,#13547);
#10466=VERTEX_POINT('',#13548);
#10467=LINE('',#13549,#13550);
#10468=VERTEX_POINT('',#13551);
#10469=LINE('',#13552,#13553);
#10470=VERTEX_POINT('',#13554);
#10471=LINE('',#13555,#13556);
#10472=VERTEX_POINT('',#13557);
#10473=LINE('',#13558,#13559);
#10474=LINE('',#13560,#13561);
#10475=VERTEX_POINT('',#13562);
#10476=LINE('',#13563,#13564);
#10477=CIRCLE('',#13565,1.27);
#10478=VERTEX_POINT('',#13566);
#10479=CIRCLE('',#13567,1.27);
#10480=LINE('',#13568,#13569);
#10481=VERTEX_POINT('',#13570);
#10482=VERTEX_POINT('',#13571);
#10483=LINE('',#13572,#13573);
#10484=VERTEX_POINT('',#13574);
#10485=LINE('',#13575,#13576);
#10486=VERTEX_POINT('',#13577);
#10487=LINE('',#13578,#13579);
#10488=VERTEX_POINT('',#13580);
#10489=LINE('',#13581,#13582);
#10490=VERTEX_POINT('',#13583);
#10491=LINE('',#13584,#13585);
#10492=VERTEX_POINT('',#13586);
#10493=LINE('',#13587,#13588);
#10494=VERTEX_POINT('',#13589);
#10495=LINE('',#13590,#13591);
#10496=VERTEX_POINT('',#13592);
#10497=LINE('',#13593,#13594);
#10498=VERTEX_POINT('',#13595);
#10499=LINE('',#13596,#13597);
#10500=VERTEX_POINT('',#13598);
#10501=LINE('',#13599,#13600);
#10502=VERTEX_POINT('',#13601);
#10503=LINE('',#13602,#13603);
#10504=VERTEX_POINT('',#13604);
#10505=LINE('',#13605,#13606);
#10506=VERTEX_POINT('',#13607);
#10507=LINE('',#13608,#13609);
#10508=VERTEX_POINT('',#13610);
#10509=LINE('',#13611,#13612);
#10510=VERTEX_POINT('',#13613);
#10511=LINE('',#13614,#13615);
#10512=VERTEX_POINT('',#13616);
#10513=LINE('',#13617,#13618);
#10514=VERTEX_POINT('',#13619);
#10515=LINE('',#13620,#13621);
#10516=VERTEX_POINT('',#13622);
#10517=LINE('',#13623,#13624);
#10518=VERTEX_POINT('',#13625);
#10519=LINE('',#13626,#13627);
#10520=LINE('',#13628,#13629);
#10521=VERTEX_POINT('',#13630);
#10522=CIRCLE('',#13631,2.12344);
#10523=LINE('',#13632,#13633);
#10524=CIRCLE('',#13634,1.3335);
#10525=VERTEX_POINT('',#13635);
#10526=CIRCLE('',#13636,2.54);
#10527=CIRCLE('',#13637,1.3335);
#10528=VERTEX_POINT('',#13638);
#10529=LINE('',#13639,#13640);
#10530=VERTEX_POINT('',#13641);
#10531=CIRCLE('',#13642,1.3335);
#10532=LINE('',#13643,#13644);
#10533=LINE('',#13645,#13646);
#10534=VERTEX_POINT('',#13647);
#10535=LINE('',#13648,#13649);
#10536=CIRCLE('',#13650,2.12344);
#10537=VERTEX_POINT('',#13651);
#10538=CIRCLE('',#13652,2.54);
#10539=CIRCLE('',#13653,1.3335);
#10540=VERTEX_POINT('',#13654);
#10541=LINE('',#13655,#13656);
#10542=VERTEX_POINT('',#13657);
#10543=CIRCLE('',#13658,1.3335);
#10544=LINE('',#13659,#13660);
#10545=LINE('',#13661,#13662);
#10546=VERTEX_POINT('',#13663);
#10547=LINE('',#13664,#13665);
#10548=CIRCLE('',#13666,2.12344);
#10549=VERTEX_POINT('',#13667);
#10550=CIRCLE('',#13668,2.54);
#10551=CIRCLE('',#13669,1.3335);
#10552=VERTEX_POINT('',#13670);
#10553=LINE('',#13671,#13672);
#10554=VERTEX_POINT('',#13673);
#10555=CIRCLE('',#13674,1.3335);
#10556=LINE('',#13675,#13676);
#10557=LINE('',#13677,#13678);
#10558=CIRCLE('',#13679,2.12344);
#10559=CIRCLE('',#13680,2.54);
#10560=CIRCLE('',#13681,1.3335);
#10561=LINE('',#13682,#13683);
#10562=LINE('',#13684,#13685);
#10563=LINE('',#13686,#13687);
#10564=VERTEX_POINT('',#13688);
#10565=CIRCLE('',#13689,2.54);
#10566=LINE('',#13690,#13691);
#10567=VERTEX_POINT('',#13692);
#10568=LINE('',#13693,#13694);
#10569=LINE('',#13695,#13696);
#10570=VERTEX_POINT('',#13697);
#10571=CIRCLE('',#13698,2.54);
#10572=LINE('',#13699,#13700);
#10573=VERTEX_POINT('',#13701);
#10574=LINE('',#13702,#13703);
#10575=LINE('',#13704,#13705);
#10576=VERTEX_POINT('',#13706);
#10577=CIRCLE('',#13707,2.54);
#10578=LINE('',#13708,#13709);
#10579=VERTEX_POINT('',#13710);
#10580=LINE('',#13711,#13712);
#10581=LINE('',#13713,#13714);
#10582=CIRCLE('',#13715,2.54);
#10583=VERTEX_POINT('',#13716);
#10584=CIRCLE('',#13717,0.508);
#10585=VERTEX_POINT('',#13718);
#10586=CIRCLE('',#13719,0.508);
#10587=CIRCLE('',#13720,3.048);
#10588=LINE('',#13721,#13722);
#10589=VERTEX_POINT('',#13723);
#10590=LINE('',#13724,#13725);
#10591=CIRCLE('',#13726,1.27);
#10592=VERTEX_POINT('',#13727);
#10593=CIRCLE('',#13728,1.5748);
#10594=VERTEX_POINT('',#13729);
#10595=LINE('',#13730,#13731);
#10596=CIRCLE('',#13732,1.5748);
#10597=VERTEX_POINT('',#13733);
#10598=CIRCLE('',#13734,1.27);
#10599=LINE('',#13735,#13736);
#10600=VERTEX_POINT('',#13737);
#10601=LINE('',#13738,#13739);
#10602=VERTEX_POINT('',#13740);
#10603=LINE('',#13741,#13742);
#10604=VERTEX_POINT('',#13743);
#10605=CIRCLE('',#13744,3.048);
#10606=VERTEX_POINT('',#13745);
#10607=LINE('',#13746,#13747);
#10608=VERTEX_POINT('',#13748);
#10609=CIRCLE('',#13749,3.048);
#10610=VERTEX_POINT('',#13750);
#10611=LINE('',#13751,#13752);
#10612=CIRCLE('',#13753,3.048);
#10613=VERTEX_POINT('',#13754);
#10614=VERTEX_POINT('',#13755);
#10615=CIRCLE('',#13756,2.3876);
#10616=CIRCLE('',#13757,2.3876);
#10617=VERTEX_POINT('',#13758);
#10618=VERTEX_POINT('',#13759);
#10619=CIRCLE('',#13760,2.3876);
#10620=CIRCLE('',#13761,2.3876);
#10621=LINE('',#13762,#13763);
#10622=VERTEX_POINT('',#13764);
#10623=LINE('',#13765,#13766);
#10624=VERTEX_POINT('',#13767);
#10625=CIRCLE('',#13768,1.5748);
#10626=VERTEX_POINT('',#13769);
#10627=LINE('',#13770,#13771);
#10628=CIRCLE('',#13772,1.5748);
#10629=LINE('',#13773,#13774);
#10630=LINE('',#13775,#13776);
#10631=VERTEX_POINT('',#13777);
#10632=VERTEX_POINT('',#13778);
#10633=LINE('',#13779,#13780);
#10634=LINE('',#13781,#13782);
#10635=VERTEX_POINT('',#13783);
#10636=LINE('',#13784,#13785);
#10637=VERTEX_POINT('',#13786);
#10638=LINE('',#13787,#13788);
#10639=VERTEX_POINT('',#13789);
#10640=LINE('',#13790,#13791);
#10641=LINE('',#13792,#13793);
#10642=VERTEX_POINT('',#13794);
#10643=LINE('',#13795,#13796);
#10644=VERTEX_POINT('',#13797);
#10645=LINE('',#13798,#13799);
#10646=LINE('',#13800,#13801);
#10647=VERTEX_POINT('',#13802);
#10648=VERTEX_POINT('',#13803);
#10649=LINE('',#13804,#13805);
#10650=VERTEX_POINT('',#13806);
#10651=LINE('',#13807,#13808);
#10652=LINE('',#13809,#13810);
#10653=VERTEX_POINT('',#13811);
#10654=LINE('',#13812,#13813);
#10655=LINE('',#13814,#13815);
#10656=VERTEX_POINT('',#13816);
#10657=LINE('',#13817,#13818);
#10658=VERTEX_POINT('',#13819);
#10659=LINE('',#13820,#13821);
#10660=VERTEX_POINT('',#13822);
#10661=LINE('',#13823,#13824);
#10662=VERTEX_POINT('',#13825);
#10663=LINE('',#13826,#13827);
#10664=VERTEX_POINT('',#13828);
#10665=LINE('',#13829,#13830);
#10666=LINE('',#13831,#13832);
#10667=VERTEX_POINT('',#13833);
#10668=CIRCLE('',#13834,1.5748);
#10669=LINE('',#13835,#13836);
#10670=LINE('',#13837,#13838);
#10671=VERTEX_POINT('',#13839);
#10672=LINE('',#13840,#13841);
#10673=VERTEX_POINT('',#13842);
#10674=LINE('',#13843,#13844);
#10675=LINE('',#13845,#13846);
#10676=VERTEX_POINT('',#13847);
#10677=LINE('',#13848,#13849);
#10678=LINE('',#13850,#13851);
#10679=VERTEX_POINT('',#13852);
#10680=LINE('',#13853,#13854);
#10681=LINE('',#13855,#13856);
#10682=VERTEX_POINT('',#13857);
#10683=LINE('',#13858,#13859);
#10684=LINE('',#13860,#13861);
#10685=LINE('',#13862,#13863);
#10686=LINE('',#13864,#13865);
#10687=LINE('',#13866,#13867);
#10688=LINE('',#13868,#13869);
#10689=VERTEX_POINT('',#13870);
#10690=LINE('',#13871,#13872);
#10691=LINE('',#13873,#13874);
#10692=CIRCLE('',#13875,1.5748);
#10693=LINE('',#13876,#13877);
#10694=LINE('',#13878,#13879);
#10695=LINE('',#13880,#13881);
#10696=CIRCLE('',#13882,0.508);
#10697=CIRCLE('',#13883,0.508);
#10698=CIRCLE('',#13884,0.508);
#10699=CIRCLE('',#13885,0.508);
#10700=CIRCLE('',#13886,0.508);
#10701=CIRCLE('',#13887,0.508);
#10702=VERTEX_POINT('',#13888);
#10703=LINE('',#13889,#13890);
#10704=VERTEX_POINT('',#13891);
#10705=CIRCLE('',#13892,2.3876);
#10706=LINE('',#13893,#13894);
#10707=CIRCLE('',#13895,2.3876);
#10708=VERTEX_POINT('',#13896);
#10709=VERTEX_POINT('',#13897);
#10710=CIRCLE('',#13898,1.9939);
#10711=CIRCLE('',#13899,1.9939);
#10712=VERTEX_POINT('',#13900);
#10713=VERTEX_POINT('',#13901);
#10714=CIRCLE('',#13902,2.3876);
#10715=CIRCLE('',#13903,2.3876);
#10716=VERTEX_POINT('',#13904);
#10717=VERTEX_POINT('',#13905);
#10718=CIRCLE('',#13906,1.9939);
#10719=CIRCLE('',#13907,1.9939);
#10720=LINE('',#13908,#13909);
#10721=LINE('',#13910,#13911);
#10722=VERTEX_POINT('',#13912);
#10723=LINE('',#13913,#13914);
#10724=VERTEX_POINT('',#13915);
#10725=CIRCLE('',#13916,1.9939);
#10726=LINE('',#13917,#13918);
#10727=CIRCLE('',#13919,1.9939);
#10728=VERTEX_POINT('',#13920);
#10729=VERTEX_POINT('',#13921);
#10730=CIRCLE('',#13922,1.9177);
#10731=CIRCLE('',#13923,1.9177);
#10732=VERTEX_POINT('',#13924);
#10733=VERTEX_POINT('',#13925);
#10734=CIRCLE('',#13926,1.9939);
#10735=CIRCLE('',#13927,1.9939);
#10736=VERTEX_POINT('',#13928);
#10737=VERTEX_POINT('',#13929);
#10738=CIRCLE('',#13930,1.9177);
#10739=CIRCLE('',#13931,1.9177);
#10740=LINE('',#13932,#13933);
#10741=LINE('',#13934,#13935);
#10742=VERTEX_POINT('',#13936);
#10743=LINE('',#13937,#13938);
#10744=VERTEX_POINT('',#13939);
#10745=CIRCLE('',#13940,1.9177);
#10746=LINE('',#13941,#13942);
#10747=CIRCLE('',#13943,1.9177);
#10748=VERTEX_POINT('',#13944);
#10749=VERTEX_POINT('',#13945);
#10750=CIRCLE('',#13946,1.8161);
#10751=LINE('',#13947,#13948);
#10752=LINE('',#13949,#13950);
#10753=CIRCLE('',#13951,1.8161);
#10754=VERTEX_POINT('',#13952);
#10755=LINE('',#13953,#13954);
#10756=VERTEX_POINT('',#13955);
#10757=CIRCLE('',#13956,1.8161);
#10758=LINE('',#13957,#13958);
#10759=CIRCLE('',#13959,1.8161);
#10760=VERTEX_POINT('',#13960);
#10761=VERTEX_POINT('',#13961);
#10762=CIRCLE('',#13962,1.9177);
#10763=CIRCLE('',#13963,1.9177);
#10764=VERTEX_POINT('',#13964);
#10765=LINE('',#13965,#13966);
#10766=VERTEX_POINT('',#13967);
#10767=CIRCLE('',#13968,1.9177);
#10768=LINE('',#13969,#13970);
#10769=CIRCLE('',#13971,1.9177);
#10770=VERTEX_POINT('',#13972);
#10771=VERTEX_POINT('',#13973);
#10772=CIRCLE('',#13974,1.4224);
#10773=CIRCLE('',#13975,1.4224);
#10774=VERTEX_POINT('',#13976);
#10775=LINE('',#13977,#13978);
#10776=VERTEX_POINT('',#13979);
#10777=CIRCLE('',#13980,1.4224);
#10778=LINE('',#13981,#13982);
#10779=CIRCLE('',#13983,1.4224);
#10780=VERTEX_POINT('',#13984);
#10781=LINE('',#13985,#13986);
#10782=VERTEX_POINT('',#13987);
#10783=CIRCLE('',#13988,1.9177);
#10784=LINE('',#13989,#13990);
#10785=CIRCLE('',#13991,1.9177);
#10786=VERTEX_POINT('',#13992);
#10787=VERTEX_POINT('',#13993);
#10788=CIRCLE('',#13994,1.8161);
#10789=LINE('',#13995,#13996);
#10790=LINE('',#13997,#13998);
#10791=CIRCLE('',#13999,1.8161);
#10792=VERTEX_POINT('',#14000);
#10793=LINE('',#14001,#14002);
#10794=VERTEX_POINT('',#14003);
#10795=CIRCLE('',#14004,1.8161);
#10796=LINE('',#14005,#14006);
#10797=CIRCLE('',#14007,1.8161);
#10798=VERTEX_POINT('',#14008);
#10799=VERTEX_POINT('',#14009);
#10800=CIRCLE('',#14010,1.9177);
#10801=CIRCLE('',#14011,1.9177);
#10802=VERTEX_POINT('',#14012);
#10803=LINE('',#14013,#14014);
#10804=VERTEX_POINT('',#14015);
#10805=CIRCLE('',#14016,1.9177);
#10806=LINE('',#14017,#14018);
#10807=CIRCLE('',#14019,1.9177);
#10808=VERTEX_POINT('',#14020);
#10809=VERTEX_POINT('',#14021);
#10810=CIRCLE('',#14022,1.4224);
#10811=CIRCLE('',#14023,1.4224);
#10812=VERTEX_POINT('',#14024);
#10813=LINE('',#14025,#14026);
#10814=VERTEX_POINT('',#14027);
#10815=CIRCLE('',#14028,1.4224);
#10816=LINE('',#14029,#14030);
#10817=CIRCLE('',#14031,1.4224);
#10818=VERTEX_POINT('',#14032);
#10819=LINE('',#14033,#14034);
#10820=VERTEX_POINT('',#14035);
#10821=CIRCLE('',#14036,0.508);
#10822=LINE('',#14037,#14038);
#10823=CIRCLE('',#14039,0.508);
#10824=VERTEX_POINT('',#14040);
#10825=LINE('',#14041,#14042);
#10826=VERTEX_POINT('',#14043);
#10827=CIRCLE('',#14044,0.508);
#10828=LINE('',#14045,#14046);
#10829=CIRCLE('',#14047,0.508);
#10830=VERTEX_POINT('',#14048);
#10831=LINE('',#14049,#14050);
#10832=VERTEX_POINT('',#14051);
#10833=CIRCLE('',#14052,0.508);
#10834=LINE('',#14053,#14054);
#10835=CIRCLE('',#14055,0.508);
#10836=VERTEX_POINT('',#14056);
#10837=LINE('',#14057,#14058);
#10838=VERTEX_POINT('',#14059);
#10839=CIRCLE('',#14060,0.508);
#10840=LINE('',#14061,#14062);
#10841=CIRCLE('',#14063,0.508);
#10842=VERTEX_POINT('',#14064);
#10843=LINE('',#14065,#14066);
#10844=VERTEX_POINT('',#14067);
#10845=CIRCLE('',#14068,0.508);
#10846=LINE('',#14069,#14070);
#10847=CIRCLE('',#14071,0.508);
#10848=VERTEX_POINT('',#14072);
#10849=LINE('',#14073,#14074);
#10850=VERTEX_POINT('',#14075);
#10851=CIRCLE('',#14076,0.508);
#10852=LINE('',#14077,#14078);
#10853=CIRCLE('',#14079,0.508);
#10854=VERTEX_POINT('',#14080);
#10855=LINE('',#14081,#14082);
#10856=VERTEX_POINT('',#14083);
#10857=CIRCLE('',#14084,0.508);
#10858=LINE('',#14085,#14086);
#10859=CIRCLE('',#14087,0.508);
#10860=VERTEX_POINT('',#14088);
#10861=LINE('',#14089,#14090);
#10862=VERTEX_POINT('',#14091);
#10863=CIRCLE('',#14092,0.508);
#10864=LINE('',#14093,#14094);
#10865=CIRCLE('',#14095,0.508);
#10866=VERTEX_POINT('',#14096);
#10867=LINE('',#14097,#14098);
#10868=VERTEX_POINT('',#14099);
#10869=CIRCLE('',#14100,0.508);
#10870=LINE('',#14101,#14102);
#10871=CIRCLE('',#14103,0.508);
#10872=VERTEX_POINT('',#14104);
#10873=LINE('',#14105,#14106);
#10874=VERTEX_POINT('',#14107);
#10875=LINE('',#14108,#14109);
#10876=LINE('',#14110,#14111);
#10877=VERTEX_POINT('',#14112);
#10878=LINE('',#14113,#14114);
#10879=LINE('',#14115,#14116);
#10880=VERTEX_POINT('',#14117);
#10881=LINE('',#14118,#14119);
#10882=LINE('',#14120,#14121);
#10883=VERTEX_POINT('',#14122);
#10884=LINE('',#14123,#14124);
#10885=LINE('',#14125,#14126);
#10886=VERTEX_POINT('',#14127);
#10887=LINE('',#14128,#14129);
#10888=LINE('',#14130,#14131);
#10889=VERTEX_POINT('',#14132);
#10890=LINE('',#14133,#14134);
#10891=LINE('',#14135,#14136);
#10892=LINE('',#14137,#14138);
#10893=VERTEX_POINT('',#14139);
#10894=VERTEX_POINT('',#14140);
#10895=LINE('',#14141,#14142);
#10896=VERTEX_POINT('',#14143);
#10897=LINE('',#14144,#14145);
#10898=VERTEX_POINT('',#14146);
#10899=LINE('',#14147,#14148);
#10900=VERTEX_POINT('',#14149);
#10901=LINE('',#14150,#14151);
#10902=VERTEX_POINT('',#14152);
#10903=LINE('',#14153,#14154);
#10904=VERTEX_POINT('',#14155);
#10905=LINE('',#14156,#14157);
#10906=VERTEX_POINT('',#14158);
#10907=LINE('',#14159,#14160);
#10908=VERTEX_POINT('',#14161);
#10909=LINE('',#14162,#14163);
#10910=VERTEX_POINT('',#14164);
#10911=LINE('',#14165,#14166);
#10912=VERTEX_POINT('',#14167);
#10913=LINE('',#14168,#14169);
#10914=VERTEX_POINT('',#14170);
#10915=LINE('',#14171,#14172);
#10916=VERTEX_POINT('',#14173);
#10917=LINE('',#14174,#14175);
#10918=VERTEX_POINT('',#14176);
#10919=LINE('',#14177,#14178);
#10920=VERTEX_POINT('',#14179);
#10921=LINE('',#14180,#14181);
#10922=VERTEX_POINT('',#14182);
#10923=LINE('',#14183,#14184);
#10924=VERTEX_POINT('',#14185);
#10925=LINE('',#14186,#14187);
#10926=VERTEX_POINT('',#14188);
#10927=LINE('',#14189,#14190);
#10928=VERTEX_POINT('',#14191);
#10929=LINE('',#14192,#14193);
#10930=VERTEX_POINT('',#14194);
#10931=LINE('',#14195,#14196);
#10932=VERTEX_POINT('',#14197);
#10933=LINE('',#14198,#14199);
#10934=VERTEX_POINT('',#14200);
#10935=LINE('',#14201,#14202);
#10936=VERTEX_POINT('',#14203);
#10937=LINE('',#14204,#14205);
#10938=VERTEX_POINT('',#14206);
#10939=LINE('',#14207,#14208);
#10940=VERTEX_POINT('',#14209);
#10941=LINE('',#14210,#14211);
#10942=VERTEX_POINT('',#14212);
#10943=LINE('',#14213,#14214);
#10944=VERTEX_POINT('',#14215);
#10945=LINE('',#14216,#14217);
#10946=VERTEX_POINT('',#14218);
#10947=LINE('',#14219,#14220);
#10948=VERTEX_POINT('',#14221);
#10949=LINE('',#14222,#14223);
#10950=VERTEX_POINT('',#14224);
#10951=LINE('',#14225,#14226);
#10952=VERTEX_POINT('',#14227);
#10953=LINE('',#14228,#14229);
#10954=VERTEX_POINT('',#14230);
#10955=LINE('',#14231,#14232);
#10956=VERTEX_POINT('',#14233);
#10957=LINE('',#14234,#14235);
#10958=VERTEX_POINT('',#14236);
#10959=LINE('',#14237,#14238);
#10960=VERTEX_POINT('',#14239);
#10961=LINE('',#14240,#14241);
#10962=VERTEX_POINT('',#14242);
#10963=LINE('',#14243,#14244);
#10964=VERTEX_POINT('',#14245);
#10965=LINE('',#14246,#14247);
#10966=VERTEX_POINT('',#14248);
#10967=LINE('',#14249,#14250);
#10968=VERTEX_POINT('',#14251);
#10969=LINE('',#14252,#14253);
#10970=VERTEX_POINT('',#14254);
#10971=LINE('',#14255,#14256);
#10972=LINE('',#14257,#14258);
#10973=VERTEX_POINT('',#14259);
#10974=VERTEX_POINT('',#14260);
#10975=LINE('',#14261,#14262);
#10976=VERTEX_POINT('',#14263);
#10977=LINE('',#14264,#14265);
#10978=VERTEX_POINT('',#14266);
#10979=LINE('',#14267,#14268);
#10980=VERTEX_POINT('',#14269);
#10981=LINE('',#14270,#14271);
#10982=VERTEX_POINT('',#14272);
#10983=LINE('',#14273,#14274);
#10984=VERTEX_POINT('',#14275);
#10985=LINE('',#14276,#14277);
#10986=VERTEX_POINT('',#14278);
#10987=LINE('',#14279,#14280);
#10988=VERTEX_POINT('',#14281);
#10989=LINE('',#14282,#14283);
#10990=VERTEX_POINT('',#14284);
#10991=LINE('',#14285,#14286);
#10992=VERTEX_POINT('',#14287);
#10993=LINE('',#14288,#14289);
#10994=VERTEX_POINT('',#14290);
#10995=LINE('',#14291,#14292);
#10996=VERTEX_POINT('',#14293);
#10997=LINE('',#14294,#14295);
#10998=VERTEX_POINT('',#14296);
#10999=LINE('',#14297,#14298);
#11000=VERTEX_POINT('',#14299);
#11001=LINE('',#14300,#14301);
#11002=VERTEX_POINT('',#14302);
#11003=LINE('',#14303,#14304);
#11004=VERTEX_POINT('',#14305);
#11005=LINE('',#14306,#14307);
#11006=VERTEX_POINT('',#14308);
#11007=LINE('',#14309,#14310);
#11008=VERTEX_POINT('',#14311);
#11009=LINE('',#14312,#14313);
#11010=VERTEX_POINT('',#14314);
#11011=LINE('',#14315,#14316);
#11012=LINE('',#14317,#14318);
#11013=LINE('',#14319,#14320);
#11014=LINE('',#14321,#14322);
#11015=LINE('',#14323,#14324);
#11016=LINE('',#14325,#14326);
#11017=LINE('',#14327,#14328);
#11018=LINE('',#14329,#14330);
#11019=LINE('',#14331,#14332);
#11020=LINE('',#14333,#14334);
#11021=LINE('',#14335,#14336);
#11022=LINE('',#14337,#14338);
#11023=LINE('',#14339,#14340);
#11024=LINE('',#14341,#14342);
#11025=LINE('',#14343,#14344);
#11026=LINE('',#14345,#14346);
#11027=LINE('',#14347,#14348);
#11028=LINE('',#14349,#14350);
#11029=LINE('',#14351,#14352);
#11030=LINE('',#14353,#14354);
#11031=LINE('',#14355,#14356);
#11032=LINE('',#14357,#14358);
#11033=LINE('',#14359,#14360);
#11034=LINE('',#14361,#14362);
#11035=LINE('',#14363,#14364);
#11036=LINE('',#14365,#14366);
#11037=LINE('',#14367,#14368);
#11038=LINE('',#14369,#14370);
#11039=LINE('',#14371,#14372);
#11040=LINE('',#14373,#14374);
#11041=LINE('',#14375,#14376);
#11042=LINE('',#14377,#14378);
#11043=LINE('',#14379,#14380);
#11044=LINE('',#14381,#14382);
#11045=LINE('',#14383,#14384);
#11046=LINE('',#14385,#14386);
#11047=LINE('',#14387,#14388);
#11048=LINE('',#14389,#14390);
#11049=LINE('',#14391,#14392);
#11050=LINE('',#14393,#14394);
#11051=LINE('',#14395,#14396);
#11052=LINE('',#14397,#14398);
#11053=LINE('',#14399,#14400);
#11054=LINE('',#14401,#14402);
#11055=LINE('',#14403,#14404);
#11056=LINE('',#14405,#14406);
#11057=LINE('',#14407,#14408);
#11058=LINE('',#14409,#14410);
#11059=LINE('',#14411,#14412);
#11060=LINE('',#14413,#14414);
#11061=LINE('',#14415,#14416);
#11062=LINE('',#14417,#14418);
#11063=LINE('',#14419,#14420);
#11064=LINE('',#14421,#14422);
#11065=LINE('',#14423,#14424);
#11066=LINE('',#14425,#14426);
#11067=LINE('',#14427,#14428);
#11068=LINE('',#14429,#14430);
#11069=LINE('',#14431,#14432);
#11070=LINE('',#14433,#14434);
#11071=LINE('',#14435,#14436);
#11072=LINE('',#14437,#14438);
#11073=LINE('',#14439,#14440);
#11074=VERTEX_POINT('',#14441);
#11075=LINE('',#14442,#14443);
#11076=VERTEX_POINT('',#14444);
#11077=CIRCLE('',#14445,0.3175);
#11078=LINE('',#14446,#14447);
#11079=CIRCLE('',#14448,0.3175);
#11080=VERTEX_POINT('',#14449);
#11081=LINE('',#14450,#14451);
#11082=VERTEX_POINT('',#14452);
#11083=CIRCLE('',#14453,0.3175);
#11084=LINE('',#14454,#14455);
#11085=CIRCLE('',#14456,0.3175);
#11086=VERTEX_POINT('',#14457);
#11087=LINE('',#14458,#14459);
#11088=VERTEX_POINT('',#14460);
#11089=CIRCLE('',#14461,0.3175);
#11090=LINE('',#14462,#14463);
#11091=CIRCLE('',#14464,0.3175);
#11092=VERTEX_POINT('',#14465);
#11093=LINE('',#14466,#14467);
#11094=VERTEX_POINT('',#14468);
#11095=CIRCLE('',#14469,0.3175);
#11096=LINE('',#14470,#14471);
#11097=CIRCLE('',#14472,0.3175);
#11098=VERTEX_POINT('',#14473);
#11099=LINE('',#14474,#14475);
#11100=VERTEX_POINT('',#14476);
#11101=CIRCLE('',#14477,0.3175);
#11102=LINE('',#14478,#14479);
#11103=CIRCLE('',#14480,0.3175);
#11104=VERTEX_POINT('',#14481);
#11105=LINE('',#14482,#14483);
#11106=VERTEX_POINT('',#14484);
#11107=CIRCLE('',#14485,0.3175);
#11108=LINE('',#14486,#14487);
#11109=CIRCLE('',#14488,0.3175);
#11110=VERTEX_POINT('',#14489);
#11111=LINE('',#14490,#14491);
#11112=VERTEX_POINT('',#14492);
#11113=CIRCLE('',#14493,0.3175);
#11114=LINE('',#14494,#14495);
#11115=CIRCLE('',#14496,0.3175);
#11116=VERTEX_POINT('',#14497);
#11117=LINE('',#14498,#14499);
#11118=VERTEX_POINT('',#14500);
#11119=CIRCLE('',#14501,0.3175);
#11120=LINE('',#14502,#14503);
#11121=CIRCLE('',#14504,0.3175);
#11122=VERTEX_POINT('',#14505);
#11123=LINE('',#14506,#14507);
#11124=VERTEX_POINT('',#14508);
#11125=CIRCLE('',#14509,0.3175);
#11126=LINE('',#14510,#14511);
#11127=CIRCLE('',#14512,0.3175);
#11128=CIRCLE('',#14513,0.7874);
#11129=VERTEX_POINT('',#14514);
#11130=B_SPLINE_CURVE_WITH_KNOTS('',3,(#14515,#14516,#14517,#14518),.UNSPECIFIED.,.F.,.F.,(4,4),(0.0,1.0),.UNSPECIFIED.);
#11131=VERTEX_POINT('',#14519);
#11132=B_SPLINE_CURVE_WITH_KNOTS('',3,(#14520,#14521,#14522,#14523,#14524,#14525),.UNSPECIFIED.,.F.,.F.,(4,1,1,4),(0.0,0.3333333333333,0.6666666666667,1.0),.UNSPECIFIED.);
#11133=B_SPLINE_CURVE_WITH_KNOTS('',3,(#14526,#14527,#14528,#14529),.UNSPECIFIED.,.F.,.F.,(4,4),(0.0,1.0),.UNSPECIFIED.);
#11134=LINE('',#14530,#14531);
#11135=LINE('',#14532,#14533);
#11136=LINE('',#14534,#14535);
#11137=LINE('',#14536,#14537);
#11138=LINE('',#14538,#14539);
#11139=LINE('',#14540,#14541);
#11140=LINE('',#14542,#14543);
#11141=LINE('',#14544,#14545);
#11142=LINE('',#14546,#14547);
#11143=LINE('',#14548,#14549);
#11144=LINE('',#14550,#14551);
#11145=LINE('',#14552,#14553);
#11146=EDGE_CURVE('',#14554,#14555,#14556,.T.);
#11147=EDGE_CURVE('',#14557,#14554,#14558,.T.);
#11148=EDGE_CURVE('',#14559,#14557,#14560,.T.);
#11149=EDGE_CURVE('',#14559,#14555,#14561,.T.);
#11150=EDGE_CURVE('',#14555,#14554,#14562,.T.);
#11151=EDGE_CURVE('',#14563,#14564,#14565,.T.);
#11152=EDGE_CURVE('',#14564,#14563,#14566,.T.);
#11153=EDGE_CURVE('',#14564,#14567,#14568,.T.);
#11154=EDGE_CURVE('',#14569,#14567,#14570,.T.);
#11155=EDGE_CURVE('',#14563,#14569,#14571,.T.);
#11156=EDGE_CURVE('',#14569,#14567,#14572,.T.);
#11157=EDGE_CURVE('',#14569,#14559,#14573,.T.);
#11158=EDGE_CURVE('',#14567,#14557,#14574,.T.);
#11159=EDGE_CURVE('',#14559,#14557,#14575,.T.);
#11160=EDGE_CURVE('',#14576,#14577,#14578,.T.);
#11161=EDGE_CURVE('',#14577,#14576,#14579,.T.);
#11162=EDGE_CURVE('',#14580,#14581,#14582,.T.);
#11163=EDGE_CURVE('',#14581,#14580,#14583,.T.);
#11164=EDGE_CURVE('',#14581,#14584,#14585,.T.);
#11165=EDGE_CURVE('',#14586,#14584,#14587,.T.);
#11166=EDGE_CURVE('',#14580,#14586,#14588,.T.);
#11167=EDGE_CURVE('',#14586,#14584,#14589,.T.);
#11168=EDGE_CURVE('',#14586,#14590,#14591,.T.);
#11169=EDGE_CURVE('',#14590,#14592,#14593,.T.);
#11170=EDGE_CURVE('',#14584,#14592,#14594,.T.);
#11171=EDGE_CURVE('',#14590,#14592,#14595,.T.);
#11172=EDGE_CURVE('',#14590,#14576,#14596,.T.);
#11173=EDGE_CURVE('',#14592,#14577,#14597,.T.);
#11174=CARTESIAN_POINT('',(8.88746,2.06756,-5.3848));
#11175=CARTESIAN_POINT('',(8.88746,2.06756,-0.9682165182407));
#11176=CARTESIAN_POINT('',(8.88746,2.06756,-3.17650825912035));
#11177=VECTOR('',#14598,1.0);
#11178=CARTESIAN_POINT('',(6.34746,4.60756,-5.3848));
#11179=AXIS2_PLACEMENT_3D('',#14599,#14600,#14601);
#11180=CARTESIAN_POINT('',(6.34746,4.60756,-0.9682165182407));
#11181=CARTESIAN_POINT('',(6.34745999999,4.60756,-5.3848));
#11182=VECTOR('',#14602,4.416583458129);
#11183=AXIS2_PLACEMENT_3D('',#14603,#14604,#14605);
#11184=CARTESIAN_POINT('',(-8.88746,2.06756,-0.9682165182404));
#11185=CARTESIAN_POINT('',(-8.88746,2.06756,-5.3848));
#11186=CARTESIAN_POINT('',(-8.88746,2.06756,-3.1765082591202));
#11187=VECTOR('',#14606,1.0);
#11188=CARTESIAN_POINT('',(-6.34746,4.60756,-0.9682165421838));
#11189=AXIS2_PLACEMENT_3D('',#14607,#14608,#14609);
#11190=CARTESIAN_POINT('',(-6.34746,4.60756,-5.3848));
#11191=CARTESIAN_POINT('',(-6.347459999992,4.60756,-5.3848));
#11192=VECTOR('',#14610,4.416583457816);
#11193=AXIS2_PLACEMENT_3D('',#14611,#14612,#14613);
#11194=CARTESIAN_POINT('',(8.4709,2.06756,3.10910621692528E-08));
#11195=CARTESIAN_POINT('',(8.4709,2.06756,-6.30936));
#11196=CARTESIAN_POINT('',(8.4709,2.06756,-5.8928));
#11197=VECTOR('',#14614,1.0);
#11198=CARTESIAN_POINT('',(6.34746,4.191,3.109106216925E-08));
#11199=AXIS2_PLACEMENT_3D('',#14615,#14616,#14617);
#11200=CARTESIAN_POINT('',(6.34746,4.191,-6.30936));
#11201=CARTESIAN_POINT('',(6.34746,4.191000003881,4.097646610912E-09));
#11202=VECTOR('',#14618,6.309360004098);
#11203=AXIS2_PLACEMENT_3D('',#14619,#14620,#14621);
#11204=CARTESIAN_POINT('',(-8.4709,2.06756,-6.30936));
#11205=CARTESIAN_POINT('',(-8.4709,2.06756,3.10913765844134E-08));
#11206=CARTESIAN_POINT('',(-8.4709,2.06756,-5.8928));
#11207=VECTOR('',#14622,1.0);
#11208=CARTESIAN_POINT('',(-6.34746,4.191,-6.30936));
#11209=AXIS2_PLACEMENT_3D('',#14623,#14624,#14625);
#11210=CARTESIAN_POINT('',(-6.34746,4.191000003881,4.097688161009E-09));
#11211=CARTESIAN_POINT('',(-6.34746,4.191,-6.30936));
#11212=VECTOR('',#14626,6.309360004098);
#11213=AXIS2_PLACEMENT_3D('',#14627,#14628,#14629);
#11214=CARTESIAN_POINT('',(-13.208,-8.06196,-13.82014));
#11215=CARTESIAN_POINT('',(-11.7856,-8.06196,-13.82014));
#11216=CARTESIAN_POINT('',(-12.4968,-8.06196,-13.82014));
#11217=VECTOR('',#14630,1.0);
#11218=CARTESIAN_POINT('',(-13.208,-7.910143118418,-13.89728214915));
#11219=AXIS2_PLACEMENT_3D('',#14631,#14632,#14633);
#11220=CARTESIAN_POINT('',(-11.7856,-7.910143118418,-13.89728214915));
#11221=CARTESIAN_POINT('',(-11.7856,-7.910143118418,-13.89728214915));
#11222=VECTOR('',#14634,1.4224);
#11223=AXIS2_PLACEMENT_3D('',#14635,#14636,#14637);
#11224=CARTESIAN_POINT('',(-11.7856,-8.06196,-13.5001));
#11225=CARTESIAN_POINT('',(-13.208,-8.06196,-13.5001));
#11226=CARTESIAN_POINT('',(-12.4968,-8.06196,-13.5001));
#11227=VECTOR('',#14638,1.0);
#11228=CARTESIAN_POINT('',(-11.7856,-7.651644103833,-13.708592295));
#11229=AXIS2_PLACEMENT_3D('',#14639,#14640,#14641);
#11230=CARTESIAN_POINT('',(-13.208,-7.651644103833,-13.708592295));
#11231=CARTESIAN_POINT('',(-11.7856,-7.651644103833,-13.708592295));
#11232=VECTOR('',#14642,1.4224);
#11233=AXIS2_PLACEMENT_3D('',#14643,#14644,#14645);
#11234=CARTESIAN_POINT('',(-13.208,-8.06196,-17.3355));
#11235=CARTESIAN_POINT('',(-11.7856,-8.06196,-17.3355));
#11236=CARTESIAN_POINT('',(-12.4968,-8.06196,-17.3355));
#11237=VECTOR('',#14646,1.0);
#11238=CARTESIAN_POINT('',(-13.208,-7.651644103833,-17.127007705));
#11239=AXIS2_PLACEMENT_3D('',#14647,#14648,#14649);
#11240=CARTESIAN_POINT('',(-11.7856,-7.651644103833,-17.127007705));
#11241=CARTESIAN_POINT('',(-11.7856,-7.651644103833,-17.127007705));
#11242=VECTOR('',#14650,1.4224);
#11243=AXIS2_PLACEMENT_3D('',#14651,#14652,#14653);
#11244=CARTESIAN_POINT('',(-11.7856,-8.06196,-17.01546));
#11245=CARTESIAN_POINT('',(-13.208,-8.06196,-17.01546));
#11246=CARTESIAN_POINT('',(-12.4968,-8.06196,-17.01546));
#11247=VECTOR('',#14654,1.0);
#11248=CARTESIAN_POINT('',(-11.7856,-7.910143118418,-16.93831785085));
#11249=AXIS2_PLACEMENT_3D('',#14655,#14656,#14657);
#11250=CARTESIAN_POINT('',(-13.208,-7.910143118418,-16.93831785085));
#11251=CARTESIAN_POINT('',(-11.7856,-7.910143118418,-16.93831785085));
#11252=VECTOR('',#14658,1.4224);
#11253=AXIS2_PLACEMENT_3D('',#14659,#14660,#14661);
#11254=CARTESIAN_POINT('',(11.7856,-8.06196,-13.82014));
#11255=CARTESIAN_POINT('',(13.208,-8.06196,-13.82014));
#11256=CARTESIAN_POINT('',(12.4968,-8.06196,-13.82014));
#11257=VECTOR('',#14662,1.0);
#11258=CARTESIAN_POINT('',(11.7856,-7.910143118418,-13.89728214915));
#11259=AXIS2_PLACEMENT_3D('',#14663,#14664,#14665);
#11260=CARTESIAN_POINT('',(13.208,-7.910143118418,-13.89728214915));
#11261=CARTESIAN_POINT('',(11.7856,-7.910143118418,-13.89728214915));
#11262=VECTOR('',#14666,1.4224);
#11263=AXIS2_PLACEMENT_3D('',#14667,#14668,#14669);
#11264=CARTESIAN_POINT('',(13.208,-8.06196,-13.5001));
#11265=CARTESIAN_POINT('',(11.7856,-8.06196,-13.5001));
#11266=CARTESIAN_POINT('',(12.4968,-8.06196,-13.5001));
#11267=VECTOR('',#14670,1.0);
#11268=CARTESIAN_POINT('',(13.208,-7.651644103833,-13.708592295));
#11269=AXIS2_PLACEMENT_3D('',#14671,#14672,#14673);
#11270=CARTESIAN_POINT('',(11.7856,-7.651644103833,-13.708592295));
#11271=CARTESIAN_POINT('',(11.7856,-7.651644103833,-13.708592295));
#11272=VECTOR('',#14674,1.4224);
#11273=AXIS2_PLACEMENT_3D('',#14675,#14676,#14677);
#11274=CARTESIAN_POINT('',(13.208,-8.06196,-17.01546));
#11275=CARTESIAN_POINT('',(11.7856,-8.06196,-17.01546));
#11276=CARTESIAN_POINT('',(12.4968,-8.06196,-17.01546));
#11277=VECTOR('',#14678,1.0);
#11278=CARTESIAN_POINT('',(13.208,-7.910143118418,-16.93831785085));
#11279=AXIS2_PLACEMENT_3D('',#14679,#14680,#14681);
#11280=CARTESIAN_POINT('',(11.7856,-7.910143118418,-16.93831785085));
#11281=CARTESIAN_POINT('',(11.7856,-7.910143118418,-16.93831785085));
#11282=VECTOR('',#14682,1.4224);
#11283=AXIS2_PLACEMENT_3D('',#14683,#14684,#14685);
#11284=CARTESIAN_POINT('',(11.7856,-8.06196,-17.3355));
#11285=CARTESIAN_POINT('',(13.208,-8.06196,-17.3355));
#11286=CARTESIAN_POINT('',(12.4968,-8.06196,-17.3355));
#11287=VECTOR('',#14686,1.0);
#11288=CARTESIAN_POINT('',(11.7856,-7.651644103833,-17.127007705));
#11289=AXIS2_PLACEMENT_3D('',#14687,#14688,#14689);
#11290=CARTESIAN_POINT('',(13.208,-7.651644103833,-17.127007705));
#11291=CARTESIAN_POINT('',(11.7856,-7.651644103833,-17.127007705));
#11292=VECTOR('',#14690,1.4224);
#11293=AXIS2_PLACEMENT_3D('',#14691,#14692,#14693);
#11294=CARTESIAN_POINT('',(-10.5791,-7.83336,-16.129));
#11295=CARTESIAN_POINT('',(-10.5791,-7.83336,-14.7066));
#11296=CARTESIAN_POINT('',(-10.5791,-7.83336,-15.4178));
#11297=VECTOR('',#14694,1.0);
#11298=CARTESIAN_POINT('',(-10.787592295,-7.423044103833,-16.129));
#11299=AXIS2_PLACEMENT_3D('',#14695,#14696,#14697);
#11300=CARTESIAN_POINT('',(-10.787592295,-7.423044103833,-14.7066));
#11301=CARTESIAN_POINT('',(-10.787592295,-7.423044103833,-16.129));
#11302=VECTOR('',#14698,1.4224);
#11303=AXIS2_PLACEMENT_3D('',#14699,#14700,#14701);
#11304=CARTESIAN_POINT('',(-10.89914,-7.83336,-14.7066));
#11305=CARTESIAN_POINT('',(-10.89914,-7.83336,-16.129));
#11306=CARTESIAN_POINT('',(-10.89914,-7.83336,-15.4178));
#11307=VECTOR('',#14702,1.0);
#11308=CARTESIAN_POINT('',(-10.97628214915,-7.681543118418,-14.7066));
#11309=AXIS2_PLACEMENT_3D('',#14703,#14704,#14705);
#11310=CARTESIAN_POINT('',(-10.97628214915,-7.681543118418,-16.129));
#11311=CARTESIAN_POINT('',(-10.97628214915,-7.681543118418,-16.129));
#11312=VECTOR('',#14706,1.4224);
#11313=AXIS2_PLACEMENT_3D('',#14707,#14708,#14709);
#11314=CARTESIAN_POINT('',(-14.09446,-7.83336,-16.129));
#11315=CARTESIAN_POINT('',(-14.09446,-7.83336,-14.7066));
#11316=CARTESIAN_POINT('',(-14.09446,-7.83336,-15.4178));
#11317=VECTOR('',#14710,1.0);
#11318=CARTESIAN_POINT('',(-14.01731785085,-7.681543118418,-16.129));
#11319=AXIS2_PLACEMENT_3D('',#14711,#14712,#14713);
#11320=CARTESIAN_POINT('',(-14.01731785085,-7.681543118418,-14.7066));
#11321=CARTESIAN_POINT('',(-14.01731785085,-7.681543118418,-16.129));
#11322=VECTOR('',#14714,1.4224);
#11323=AXIS2_PLACEMENT_3D('',#14715,#14716,#14717);
#11324=CARTESIAN_POINT('',(-14.4145,-7.83336,-14.7066));
#11325=CARTESIAN_POINT('',(-14.4145,-7.83336,-16.129));
#11326=CARTESIAN_POINT('',(-14.4145,-7.83336,-15.4178));
#11327=VECTOR('',#14718,1.0);
#11328=CARTESIAN_POINT('',(-14.206007705,-7.423044103833,-14.7066));
#11329=AXIS2_PLACEMENT_3D('',#14719,#14720,#14721);
#11330=CARTESIAN_POINT('',(-14.206007705,-7.423044103833,-16.129));
#11331=CARTESIAN_POINT('',(-14.206007705,-7.423044103833,-16.129));
#11332=VECTOR('',#14722,1.4224);
#11333=AXIS2_PLACEMENT_3D('',#14723,#14724,#14725);
#11334=CARTESIAN_POINT('',(10.89914,-7.83336,-16.129));
#11335=CARTESIAN_POINT('',(10.89914,-7.83336,-14.7066));
#11336=CARTESIAN_POINT('',(10.89914,-7.83336,-15.4178));
#11337=VECTOR('',#14726,1.0);
#11338=CARTESIAN_POINT('',(10.97628214915,-7.681543118418,-16.129));
#11339=AXIS2_PLACEMENT_3D('',#14727,#14728,#14729);
#11340=CARTESIAN_POINT('',(10.97628214915,-7.681543118418,-14.7066));
#11341=CARTESIAN_POINT('',(10.97628214915,-7.681543118418,-16.129));
#11342=VECTOR('',#14730,1.4224);
#11343=AXIS2_PLACEMENT_3D('',#14731,#14732,#14733);
#11344=CARTESIAN_POINT('',(10.5791,-7.83336,-14.7066));
#11345=CARTESIAN_POINT('',(10.5791,-7.83336,-16.129));
#11346=CARTESIAN_POINT('',(10.5791,-7.83336,-15.4178));
#11347=VECTOR('',#14734,1.0);
#11348=CARTESIAN_POINT('',(10.787592295,-7.423044103833,-14.7066));
#11349=AXIS2_PLACEMENT_3D('',#14735,#14736,#14737);
#11350=CARTESIAN_POINT('',(10.787592295,-7.423044103833,-16.129));
#11351=CARTESIAN_POINT('',(10.787592295,-7.423044103833,-16.129));
#11352=VECTOR('',#14738,1.4224);
#11353=AXIS2_PLACEMENT_3D('',#14739,#14740,#14741);
#11354=CARTESIAN_POINT('',(14.09446,-7.83336,-14.7066));
#11355=CARTESIAN_POINT('',(14.09446,-7.83336,-16.129));
#11356=CARTESIAN_POINT('',(14.09446,-7.83336,-15.4178));
#11357=VECTOR('',#14742,1.0);
#11358=CARTESIAN_POINT('',(14.01731785085,-7.681543118418,-14.7066));
#11359=AXIS2_PLACEMENT_3D('',#14743,#14744,#14745);
#11360=CARTESIAN_POINT('',(14.01731785085,-7.681543118418,-16.129));
#11361=CARTESIAN_POINT('',(14.01731785085,-7.681543118418,-16.129));
#11362=VECTOR('',#14746,1.4224);
#11363=AXIS2_PLACEMENT_3D('',#14747,#14748,#14749);
#11364=CARTESIAN_POINT('',(14.4145,-7.83336,-16.129));
#11365=CARTESIAN_POINT('',(14.4145,-7.83336,-14.7066));
#11366=CARTESIAN_POINT('',(14.4145,-7.83336,-15.4178));
#11367=VECTOR('',#14750,1.0);
#11368=CARTESIAN_POINT('',(14.206007705,-7.423044103833,-16.129));
#11369=AXIS2_PLACEMENT_3D('',#14751,#14752,#14753);
#11370=CARTESIAN_POINT('',(14.206007705,-7.423044103833,-14.7066));
#11371=CARTESIAN_POINT('',(14.206007705,-7.423044103833,-16.129));
#11372=VECTOR('',#14754,1.4224);
#11373=AXIS2_PLACEMENT_3D('',#14755,#14756,#14757);
#11374=CARTESIAN_POINT('',(-12.4968,-3.3528,-13.8684));
#11375=CARTESIAN_POINT('',(-12.4968,-3.13436,-13.8684));
#11376=CARTESIAN_POINT('',(-12.4968,-3.24358,-13.8684));
#11377=VECTOR('',#14758,1.0);
#11378=CARTESIAN_POINT('',(-13.30033647501,-3.3528,-14.0930473841));
#11379=AXIS2_PLACEMENT_3D('',#14759,#14760,#14761);
#11380=CARTESIAN_POINT('',(-13.30033647501,-3.13436,-14.0930473841));
#11381=CARTESIAN_POINT('',(-13.30033647501,-3.3528,-14.0930473841));
#11382=VECTOR('',#14762,0.21844);
#11383=AXIS2_PLACEMENT_3D('',#14763,#14764,#14765);
#11384=CARTESIAN_POINT('',(-12.4968,-3.13436,-16.9672));
#11385=CARTESIAN_POINT('',(-12.4968,-3.3528,-16.9672));
#11386=CARTESIAN_POINT('',(-12.4968,-3.24358,-16.9672));
#11387=VECTOR('',#14766,1.0);
#11388=CARTESIAN_POINT('',(-13.30033647501,-3.13436,-16.7425526159));
#11389=AXIS2_PLACEMENT_3D('',#14767,#14768,#14769);
#11390=CARTESIAN_POINT('',(-13.30033647501,-3.3528,-16.7425526159));
#11391=CARTESIAN_POINT('',(-13.30033647501,-3.3528,-16.7425526159));
#11392=VECTOR('',#14770,0.21844);
#11393=AXIS2_PLACEMENT_3D('',#14771,#14772,#14773);
#11394=CARTESIAN_POINT('',(12.4968,-3.13436,-16.9672));
#11395=CARTESIAN_POINT('',(12.4968,-3.3528,-16.9672));
#11396=CARTESIAN_POINT('',(12.4968,-3.24358,-16.9672));
#11397=VECTOR('',#14774,1.0);
#11398=CARTESIAN_POINT('',(11.69326352499,-3.13436,-16.7425526159));
#11399=AXIS2_PLACEMENT_3D('',#14775,#14776,#14777);
#11400=CARTESIAN_POINT('',(11.69326352499,-3.3528,-16.7425526159));
#11401=CARTESIAN_POINT('',(11.69326352499,-3.3528,-16.7425526159));
#11402=VECTOR('',#14778,0.21844);
#11403=AXIS2_PLACEMENT_3D('',#14779,#14780,#14781);
#11404=CARTESIAN_POINT('',(12.4968,-3.3528,-13.8684));
#11405=CARTESIAN_POINT('',(12.4968,-3.13436,-13.8684));
#11406=CARTESIAN_POINT('',(12.4968,-3.24358,-13.8684));
#11407=VECTOR('',#14782,1.0);
#11408=CARTESIAN_POINT('',(11.69326352499,-3.3528,-14.0930473841));
#11409=AXIS2_PLACEMENT_3D('',#14783,#14784,#14785);
#11410=CARTESIAN_POINT('',(11.69326352499,-3.13436,-14.0930473841));
#11411=CARTESIAN_POINT('',(11.69326352499,-3.3528,-14.0930473841));
#11412=VECTOR('',#14786,0.21844);
#11413=AXIS2_PLACEMENT_3D('',#14787,#14788,#14789);
#11414=CARTESIAN_POINT('',(11.1633,-2.57556,-14.7193));
#11415=CARTESIAN_POINT('',(11.1633,-3.3528,-14.7193));
#11416=CARTESIAN_POINT('',(11.1633,-2.57556,-14.7193));
#11417=VECTOR('',#14790,0.77724);
#11418=CARTESIAN_POINT('',(11.1633,-2.57556,-16.1163));
#11419=CARTESIAN_POINT('',(11.1633,-2.57556,-16.1163));
#11420=VECTOR('',#14791,1.397);
#11421=CARTESIAN_POINT('',(11.1633,-3.3528,-16.1163));
#11422=CARTESIAN_POINT('',(11.1633,-2.57556,-16.1163));
#11423=VECTOR('',#14792,0.77724);
#11424=CARTESIAN_POINT('',(11.1633,-3.3528,-16.1163));
#11425=VECTOR('',#14793,1.397);
#11426=CARTESIAN_POINT('',(-13.66454825301,-3.3528,-17.81556));
#11427=CARTESIAN_POINT('',(-15.5194,-3.3528,-17.81556));
#11428=CARTESIAN_POINT('',(-13.66454825301,-3.3528,-17.81556));
#11429=VECTOR('',#14794,1.854851746993);
#11430=CARTESIAN_POINT('',(-15.5194,-3.3528,-10.52576));
#11431=CARTESIAN_POINT('',(-15.5194,-3.3528,-17.81556));
#11432=VECTOR('',#14795,7.2898);
#11433=CARTESIAN_POINT('',(-8.1534,-3.3528,-10.52576));
#11434=CARTESIAN_POINT('',(-15.5194,-3.3528,-10.52576));
#11435=VECTOR('',#14796,7.366);
#11436=CARTESIAN_POINT('',(-8.1534,-3.3528,-17.58696));
#11437=CARTESIAN_POINT('',(-8.1534,-3.3528,-10.52576));
#11438=VECTOR('',#14797,7.0612);
#11439=CARTESIAN_POINT('',(-7.8994,-3.3528,-17.58696));
#11440=CARTESIAN_POINT('',(-8.1534,-3.3528,-17.58696));
#11441=VECTOR('',#14798,0.254);
#11442=CARTESIAN_POINT('',(-7.8994,-3.3528,-17.81556));
#11443=CARTESIAN_POINT('',(-7.8994,-3.3528,-17.81556));
#11444=VECTOR('',#14799,0.2286);
#11445=CARTESIAN_POINT('',(-11.32905174699,-3.3528,-17.81556));
#11446=CARTESIAN_POINT('',(-7.8994,-3.3528,-17.81556));
#11447=VECTOR('',#14800,3.429651746993);
#11448=CARTESIAN_POINT('',(-12.4968,-3.3528,-12.7508));
#11449=AXIS2_PLACEMENT_3D('',#14801,#14802,#14803);
#11450=AXIS2_PLACEMENT_3D('',#14804,#14805,#14806);
#11451=CARTESIAN_POINT('',(11.32905174699,-3.3528,-17.81556));
#11452=CARTESIAN_POINT('',(7.8994,-3.3528,-17.81556));
#11453=CARTESIAN_POINT('',(11.32905174699,-3.3528,-17.81556));
#11454=VECTOR('',#14807,3.429651746993);
#11455=CARTESIAN_POINT('',(7.8994,-3.3528,-17.58696));
#11456=CARTESIAN_POINT('',(7.8994,-3.3528,-17.81556));
#11457=VECTOR('',#14808,0.2286);
#11458=CARTESIAN_POINT('',(8.1534,-3.3528,-17.58696));
#11459=CARTESIAN_POINT('',(7.8994,-3.3528,-17.58696));
#11460=VECTOR('',#14809,0.254);
#11461=CARTESIAN_POINT('',(8.1534,-3.3528,-10.52576));
#11462=CARTESIAN_POINT('',(8.1534,-3.3528,-10.52576));
#11463=VECTOR('',#14810,7.0612);
#11464=CARTESIAN_POINT('',(15.5194,-3.3528,-10.52576));
#11465=CARTESIAN_POINT('',(8.1534,-3.3528,-10.52576));
#11466=VECTOR('',#14811,7.366);
#11467=CARTESIAN_POINT('',(15.5194,-3.3528,-17.81556));
#11468=CARTESIAN_POINT('',(15.5194,-3.3528,-17.81556));
#11469=VECTOR('',#14812,7.2898);
#11470=CARTESIAN_POINT('',(13.66454825301,-3.3528,-17.81556));
#11471=CARTESIAN_POINT('',(15.5194,-3.3528,-17.81556));
#11472=VECTOR('',#14813,1.854851746993);
#11473=CARTESIAN_POINT('',(12.4968,-3.3528,-12.7508));
#11474=AXIS2_PLACEMENT_3D('',#14814,#14815,#14816);
#11475=AXIS2_PLACEMENT_3D('',#14817,#14818,#14819);
#11476=CARTESIAN_POINT('',(-11.1633,-3.3528,-14.7193));
#11477=CARTESIAN_POINT('',(-11.1633,-3.3528,-16.1163));
#11478=CARTESIAN_POINT('',(-11.1633,-3.3528,-14.7193));
#11479=VECTOR('',#14820,1.397);
#11480=CARTESIAN_POINT('',(-11.1720473841,-3.3528,-14.61426352499));
#11481=AXIS2_PLACEMENT_3D('',#14821,#14822,#14823);
#11482=CARTESIAN_POINT('',(-11.1720473841,-3.3528,-16.22133647501));
#11483=AXIS2_PLACEMENT_3D('',#14824,#14825,#14826);
#11484=AXIS2_PLACEMENT_3D('',#14827,#14828,#14829);
#11485=CARTESIAN_POINT('',(-11.69326352499,-3.3528,-16.7425526159));
#11486=AXIS2_PLACEMENT_3D('',#14830,#14831,#14832);
#11487=CARTESIAN_POINT('',(-13.1953,-3.3528,-16.7513));
#11488=AXIS2_PLACEMENT_3D('',#14833,#14834,#14835);
#11489=CARTESIAN_POINT('',(-11.7983,-3.3528,-16.7513));
#11490=CARTESIAN_POINT('',(-11.7983,-3.3528,-16.7513));
#11491=VECTOR('',#14836,1.397);
#11492=AXIS2_PLACEMENT_3D('',#14837,#14838,#14839);
#11493=CARTESIAN_POINT('',(-13.8215526159,-3.3528,-16.22133647501));
#11494=CARTESIAN_POINT('',(-13.8215526159,-3.3528,-14.61426352499));
#11495=AXIS2_PLACEMENT_3D('',#14840,#14841,#14842);
#11496=CARTESIAN_POINT('',(-13.8303,-3.3528,-14.7193));
#11497=AXIS2_PLACEMENT_3D('',#14843,#14844,#14845);
#11498=CARTESIAN_POINT('',(-13.8303,-3.3528,-16.1163));
#11499=CARTESIAN_POINT('',(-13.8303,-3.3528,-16.1163));
#11500=VECTOR('',#14846,1.397);
#11501=AXIS2_PLACEMENT_3D('',#14847,#14848,#14849);
#11502=CARTESIAN_POINT('',(-11.69326352499,-3.3528,-14.0930473841));
#11503=AXIS2_PLACEMENT_3D('',#14850,#14851,#14852);
#11504=CARTESIAN_POINT('',(-11.7983,-3.3528,-14.0843));
#11505=AXIS2_PLACEMENT_3D('',#14853,#14854,#14855);
#11506=CARTESIAN_POINT('',(-13.1953,-3.3528,-14.0843));
#11507=CARTESIAN_POINT('',(-13.1953,-3.3528,-14.0843));
#11508=VECTOR('',#14856,1.397);
#11509=AXIS2_PLACEMENT_3D('',#14857,#14858,#14859);
#11510=CARTESIAN_POINT('',(-11.48334,-3.3528,-16.1163));
#11511=CARTESIAN_POINT('',(-11.7983,-3.3528,-16.43126));
#11512=AXIS2_PLACEMENT_3D('',#14860,#14861,#14862);
#11513=CARTESIAN_POINT('',(-13.1953,-3.3528,-16.43126));
#11514=CARTESIAN_POINT('',(-13.1953,-3.3528,-16.43126));
#11515=VECTOR('',#14863,1.397);
#11516=CARTESIAN_POINT('',(-13.51026,-3.3528,-16.1163));
#11517=AXIS2_PLACEMENT_3D('',#14864,#14865,#14866);
#11518=CARTESIAN_POINT('',(-13.51026,-3.3528,-14.7193));
#11519=CARTESIAN_POINT('',(-13.51026,-3.3528,-14.7193));
#11520=VECTOR('',#14867,1.397);
#11521=CARTESIAN_POINT('',(-13.1953,-3.3528,-14.40434));
#11522=AXIS2_PLACEMENT_3D('',#14868,#14869,#14870);
#11523=CARTESIAN_POINT('',(-11.7983,-3.3528,-14.40434));
#11524=CARTESIAN_POINT('',(-11.7983,-3.3528,-14.40434));
#11525=VECTOR('',#14871,1.397);
#11526=CARTESIAN_POINT('',(-11.48334,-3.3528,-14.7193));
#11527=AXIS2_PLACEMENT_3D('',#14872,#14873,#14874);
#11528=CARTESIAN_POINT('',(-11.48334,-3.3528,-16.1163));
#11529=VECTOR('',#14875,1.397);
#11530=CARTESIAN_POINT('',(11.1720473841,-3.3528,-16.22133647501));
#11531=AXIS2_PLACEMENT_3D('',#14876,#14877,#14878);
#11532=CARTESIAN_POINT('',(11.1720473841,-3.3528,-14.61426352499));
#11533=AXIS2_PLACEMENT_3D('',#14879,#14880,#14881);
#11534=AXIS2_PLACEMENT_3D('',#14882,#14883,#14884);
#11535=CARTESIAN_POINT('',(13.30033647501,-3.3528,-14.0930473841));
#11536=AXIS2_PLACEMENT_3D('',#14885,#14886,#14887);
#11537=CARTESIAN_POINT('',(13.1953,-3.3528,-14.0843));
#11538=AXIS2_PLACEMENT_3D('',#14888,#14889,#14890);
#11539=CARTESIAN_POINT('',(11.7983,-3.3528,-14.0843));
#11540=CARTESIAN_POINT('',(11.7983,-3.3528,-14.0843));
#11541=VECTOR('',#14891,1.397);
#11542=AXIS2_PLACEMENT_3D('',#14892,#14893,#14894);
#11543=CARTESIAN_POINT('',(13.8215526159,-3.3528,-14.61426352499));
#11544=CARTESIAN_POINT('',(13.8215526159,-3.3528,-16.22133647501));
#11545=AXIS2_PLACEMENT_3D('',#14895,#14896,#14897);
#11546=CARTESIAN_POINT('',(13.8303,-3.3528,-16.1163));
#11547=AXIS2_PLACEMENT_3D('',#14898,#14899,#14900);
#11548=CARTESIAN_POINT('',(13.8303,-3.3528,-14.7193));
#11549=CARTESIAN_POINT('',(13.8303,-3.3528,-14.7193));
#11550=VECTOR('',#14901,1.397);
#11551=AXIS2_PLACEMENT_3D('',#14902,#14903,#14904);
#11552=CARTESIAN_POINT('',(13.30033647501,-3.3528,-16.7425526159));
#11553=AXIS2_PLACEMENT_3D('',#14905,#14906,#14907);
#11554=CARTESIAN_POINT('',(11.7983,-3.3528,-16.7513));
#11555=AXIS2_PLACEMENT_3D('',#14908,#14909,#14910);
#11556=CARTESIAN_POINT('',(13.1953,-3.3528,-16.7513));
#11557=CARTESIAN_POINT('',(13.1953,-3.3528,-16.7513));
#11558=VECTOR('',#14911,1.397);
#11559=AXIS2_PLACEMENT_3D('',#14912,#14913,#14914);
#11560=CARTESIAN_POINT('',(11.48334,-3.3528,-14.7193));
#11561=CARTESIAN_POINT('',(11.48334,-3.3528,-16.1163));
#11562=CARTESIAN_POINT('',(11.48334,-3.3528,-14.7193));
#11563=VECTOR('',#14915,1.397);
#11564=CARTESIAN_POINT('',(11.7983,-3.3528,-14.40434));
#11565=AXIS2_PLACEMENT_3D('',#14916,#14917,#14918);
#11566=CARTESIAN_POINT('',(13.1953,-3.3528,-14.40434));
#11567=CARTESIAN_POINT('',(13.1953,-3.3528,-14.40434));
#11568=VECTOR('',#14919,1.397);
#11569=CARTESIAN_POINT('',(13.51026,-3.3528,-14.7193));
#11570=AXIS2_PLACEMENT_3D('',#14920,#14921,#14922);
#11571=CARTESIAN_POINT('',(13.51026,-3.3528,-16.1163));
#11572=CARTESIAN_POINT('',(13.51026,-3.3528,-16.1163));
#11573=VECTOR('',#14923,1.397);
#11574=CARTESIAN_POINT('',(13.1953,-3.3528,-16.43126));
#11575=AXIS2_PLACEMENT_3D('',#14924,#14925,#14926);
#11576=CARTESIAN_POINT('',(11.7983,-3.3528,-16.43126));
#11577=CARTESIAN_POINT('',(11.7983,-3.3528,-16.43126));
#11578=VECTOR('',#14927,1.397);
#11579=AXIS2_PLACEMENT_3D('',#14928,#14929,#14930);
#11580=CARTESIAN_POINT('',(-12.4968,-3.13436,-12.7508));
#11581=CARTESIAN_POINT('',(-12.4968,-3.3528,-12.7508));
#11582=VECTOR('',#14931,0.21844);
#11583=CARTESIAN_POINT('',(-12.4968,-3.13436,-18.0848));
#11584=AXIS2_PLACEMENT_3D('',#14932,#14933,#14934);
#11585=CARTESIAN_POINT('',(-12.4968,-3.3528,-18.0848));
#11586=CARTESIAN_POINT('',(-12.4968,-3.3528,-18.0848));
#11587=VECTOR('',#14935,0.21844);
#11588=AXIS2_PLACEMENT_3D('',#14936,#14937,#14938);
#11589=AXIS2_PLACEMENT_3D('',#14939,#14940,#14941);
#11590=CARTESIAN_POINT('',(-11.32905174699,-3.3528,-17.81556));
#11591=VECTOR('',#14942,2.335496506013);
#11592=CARTESIAN_POINT('',(-7.8994,-4.1402,-18.60296));
#11593=AXIS2_PLACEMENT_3D('',#14943,#14944,#14945);
#11594=CARTESIAN_POINT('',(-15.5194,-4.1402,-18.60296));
#11595=CARTESIAN_POINT('',(-7.8994,-4.1402,-18.60296));
#11596=VECTOR('',#14946,7.62);
#11597=AXIS2_PLACEMENT_3D('',#14947,#14948,#14949);
#11598=CARTESIAN_POINT('',(-15.5194,-2.5654,-9.73836));
#11599=CARTESIAN_POINT('',(-15.5194,2.921,-9.73836));
#11600=CARTESIAN_POINT('',(-15.5194,-2.5654,-9.73836));
#11601=VECTOR('',#14950,5.4864);
#11602=AXIS2_PLACEMENT_3D('',#14951,#14952,#14953);
#11603=CARTESIAN_POINT('',(-15.5194,-5.3086,-18.60296));
#11604=CARTESIAN_POINT('',(-15.5194,-5.3086,-18.60296));
#11605=VECTOR('',#14954,1.1684);
#11606=CARTESIAN_POINT('',(-15.5194,-5.3086,-6.30936));
#11607=CARTESIAN_POINT('',(-15.5194,-5.3086,-18.60296));
#11608=VECTOR('',#14955,12.2936);
#11609=CARTESIAN_POINT('',(-15.5194,-3.7338,-6.30936));
#11610=CARTESIAN_POINT('',(-15.5194,-5.3086,-6.30936));
#11611=VECTOR('',#14956,1.5748);
#11612=CARTESIAN_POINT('',(-15.5194,-3.7338,-5.8928));
#11613=CARTESIAN_POINT('',(-15.5194,-3.7338,-6.30936));
#11614=VECTOR('',#14957,0.41656);
#11615=CARTESIAN_POINT('',(-15.5194,4.699,-5.8928));
#11616=CARTESIAN_POINT('',(-15.5194,4.699,-5.8928));
#11617=VECTOR('',#14958,8.4328);
#11618=CARTESIAN_POINT('',(-15.5194,4.699,-8.54456));
#11619=CARTESIAN_POINT('',(-15.5194,4.699,-5.8928));
#11620=VECTOR('',#14959,2.65176);
#11621=CARTESIAN_POINT('',(-15.5194,3.302,-8.54456));
#11622=CARTESIAN_POINT('',(-15.5194,4.699,-8.54456));
#11623=VECTOR('',#14960,1.397);
#11624=CARTESIAN_POINT('',(-15.5194,3.302,-9.35736));
#11625=CARTESIAN_POINT('',(-15.5194,3.302,-9.35736));
#11626=VECTOR('',#14961,0.8128);
#11627=AXIS2_PLACEMENT_3D('',#14962,#14963,#14964);
#11628=CARTESIAN_POINT('',(-8.1534,2.921,-9.73836));
#11629=CARTESIAN_POINT('',(-8.1534,3.302,-9.35736));
#11630=AXIS2_PLACEMENT_3D('',#14965,#14966,#14967);
#11631=CARTESIAN_POINT('',(-15.5194,2.921,-9.73836));
#11632=VECTOR('',#14968,7.366);
#11633=CARTESIAN_POINT('',(-15.5194,3.302,-9.35736));
#11634=VECTOR('',#14969,7.366);
#11635=CARTESIAN_POINT('',(8.1534,3.302,-9.35736));
#11636=CARTESIAN_POINT('',(8.1534,3.302,-17.58696));
#11637=CARTESIAN_POINT('',(8.1534,3.302,-9.35736));
#11638=VECTOR('',#14970,8.2296);
#11639=CARTESIAN_POINT('',(-8.1534,3.302,-17.58696));
#11640=CARTESIAN_POINT('',(-8.1534,3.302,-17.58696));
#11641=VECTOR('',#14971,16.3068);
#11642=CARTESIAN_POINT('',(-8.1534,3.302,-17.58696));
#11643=VECTOR('',#14972,8.2296);
#11644=CARTESIAN_POINT('',(-14.0843,3.302,-8.54456));
#11645=CARTESIAN_POINT('',(-15.5194,3.302,-8.54456));
#11646=VECTOR('',#14973,1.4351);
#11647=CARTESIAN_POINT('',(-14.0843,3.302,-7.57936));
#11648=CARTESIAN_POINT('',(-14.0843,3.302,-8.54456));
#11649=VECTOR('',#14974,0.9652);
#11650=CARTESIAN_POINT('',(-10.9093,3.302,-7.57936));
#11651=CARTESIAN_POINT('',(-14.0843,3.302,-7.57936));
#11652=VECTOR('',#14975,3.175);
#11653=CARTESIAN_POINT('',(-10.9093,3.302,-8.54456));
#11654=CARTESIAN_POINT('',(-10.9093,3.302,-7.57936));
#11655=VECTOR('',#14976,0.9652);
#11656=CARTESIAN_POINT('',(10.9093,3.302,-8.54456));
#11657=CARTESIAN_POINT('',(-10.9093,3.302,-8.54456));
#11658=VECTOR('',#14977,21.8186);
#11659=CARTESIAN_POINT('',(10.9093,3.302,-7.57936));
#11660=CARTESIAN_POINT('',(10.9093,3.302,-8.54456));
#11661=VECTOR('',#14978,0.9652);
#11662=CARTESIAN_POINT('',(14.0843,3.302,-7.57936));
#11663=CARTESIAN_POINT('',(10.9093,3.302,-7.57936));
#11664=VECTOR('',#14979,3.175);
#11665=CARTESIAN_POINT('',(14.0843,3.302,-8.54456));
#11666=CARTESIAN_POINT('',(14.0843,3.302,-7.57936));
#11667=VECTOR('',#14980,0.9652);
#11668=CARTESIAN_POINT('',(15.5194,3.302,-8.54456));
#11669=CARTESIAN_POINT('',(14.0843,3.302,-8.54456));
#11670=VECTOR('',#14981,1.4351);
#11671=CARTESIAN_POINT('',(15.5194,3.302,-9.35736));
#11672=CARTESIAN_POINT('',(15.5194,3.302,-9.35736));
#11673=VECTOR('',#14982,0.8128);
#11674=CARTESIAN_POINT('',(8.1534,3.302,-9.35736));
#11675=VECTOR('',#14983,7.366);
#11676=CARTESIAN_POINT('',(8.1534,2.921,-9.73836));
#11677=CARTESIAN_POINT('',(15.5194,2.921,-9.73836));
#11678=CARTESIAN_POINT('',(8.1534,2.921,-9.73836));
#11679=VECTOR('',#14984,7.366);
#11680=AXIS2_PLACEMENT_3D('',#14985,#14986,#14987);
#11681=AXIS2_PLACEMENT_3D('',#14988,#14989,#14990);
#11682=CARTESIAN_POINT('',(15.5194,4.699,-8.54456));
#11683=CARTESIAN_POINT('',(15.5194,4.699,-8.54456));
#11684=VECTOR('',#14991,1.397);
#11685=CARTESIAN_POINT('',(15.5194,4.699,-5.8928));
#11686=CARTESIAN_POINT('',(15.5194,4.699,-8.54456));
#11687=VECTOR('',#14992,2.65176);
#11688=CARTESIAN_POINT('',(15.5194,-3.7338,-5.8928));
#11689=CARTESIAN_POINT('',(15.5194,4.699,-5.8928));
#11690=VECTOR('',#14993,8.4328);
#11691=CARTESIAN_POINT('',(15.5194,-3.7338,-6.30936));
#11692=CARTESIAN_POINT('',(15.5194,-3.7338,-6.30936));
#11693=VECTOR('',#14994,0.41656);
#11694=CARTESIAN_POINT('',(15.5194,-5.3086,-6.30936));
#11695=CARTESIAN_POINT('',(15.5194,-5.3086,-6.30936));
#11696=VECTOR('',#14995,1.5748);
#11697=CARTESIAN_POINT('',(15.5194,-5.3086,-18.60296));
#11698=CARTESIAN_POINT('',(15.5194,-5.3086,-18.60296));
#11699=VECTOR('',#14996,12.2936);
#11700=CARTESIAN_POINT('',(15.5194,-4.1402,-18.60296));
#11701=CARTESIAN_POINT('',(15.5194,-5.3086,-18.60296));
#11702=VECTOR('',#14997,1.1684);
#11703=AXIS2_PLACEMENT_3D('',#14998,#14999,#15000);
#11704=CARTESIAN_POINT('',(15.5194,-2.5654,-9.73836));
#11705=AXIS2_PLACEMENT_3D('',#15001,#15002,#15003);
#11706=CARTESIAN_POINT('',(15.5194,-2.5654,-9.73836));
#11707=VECTOR('',#15004,5.4864);
#11708=CARTESIAN_POINT('',(13.9192,0.0,-9.73836));
#11709=CARTESIAN_POINT('',(11.0744,0.0,-9.73836));
#11710=AXIS2_PLACEMENT_3D('',#15005,#15006,#15007);
#11711=AXIS2_PLACEMENT_3D('',#15008,#15009,#15010);
#11712=CARTESIAN_POINT('',(-11.0744,0.0,-9.73836));
#11713=CARTESIAN_POINT('',(-13.9192,0.0,-9.73836));
#11714=AXIS2_PLACEMENT_3D('',#15011,#15012,#15013);
#11715=AXIS2_PLACEMENT_3D('',#15014,#15015,#15016);
#11716=CARTESIAN_POINT('',(15.0114,1.158418231901,-9.73836));
#11717=CARTESIAN_POINT('',(15.0114,-1.158418231901,-9.73836));
#11718=CARTESIAN_POINT('',(15.0114,1.158418231901,-9.73836));
#11719=VECTOR('',#15017,2.316836463801);
#11720=CARTESIAN_POINT('',(14.75731961703,1.598498364406,-9.73836));
#11721=AXIS2_PLACEMENT_3D('',#15018,#15019,#15020);
#11722=CARTESIAN_POINT('',(12.75088038297,2.756916596307,-9.73836));
#11723=CARTESIAN_POINT('',(12.75088038297,2.756916596307,-9.73836));
#11724=VECTOR('',#15021,2.316836463801);
#11725=CARTESIAN_POINT('',(12.24271961703,2.756916596307,-9.73836));
#11726=AXIS2_PLACEMENT_3D('',#15022,#15023,#15024);
#11727=CARTESIAN_POINT('',(10.23628038297,1.598498364406,-9.73836));
#11728=CARTESIAN_POINT('',(10.23628038297,1.598498364406,-9.73836));
#11729=VECTOR('',#15025,2.316836463801);
#11730=CARTESIAN_POINT('',(9.9822,1.158418231901,-9.73836));
#11731=AXIS2_PLACEMENT_3D('',#15026,#15027,#15028);
#11732=CARTESIAN_POINT('',(9.9822,-1.158418231901,-9.73836));
#11733=CARTESIAN_POINT('',(9.9822,-1.158418231901,-9.73836));
#11734=VECTOR('',#15029,2.316836463801);
#11735=CARTESIAN_POINT('',(10.23628038297,-1.598498364406,-9.73836));
#11736=AXIS2_PLACEMENT_3D('',#15030,#15031,#15032);
#11737=CARTESIAN_POINT('',(11.91100314174,-2.5654,-9.73836));
#11738=CARTESIAN_POINT('',(11.91100314174,-2.5654,-9.73836));
#11739=VECTOR('',#15033,1.933803271188);
#11740=CARTESIAN_POINT('',(8.1534,-2.5654,-9.73836));
#11741=CARTESIAN_POINT('',(8.1534,-2.5654,-9.73836));
#11742=VECTOR('',#15034,3.757603141737);
#11743=CARTESIAN_POINT('',(8.1534,-2.5654,-9.73836));
#11744=VECTOR('',#15035,5.4864);
#11745=CARTESIAN_POINT('',(13.08259685826,-2.5654,-9.73836));
#11746=CARTESIAN_POINT('',(13.08259685826,-2.5654,-9.73836));
#11747=VECTOR('',#15036,2.436803141737);
#11748=CARTESIAN_POINT('',(14.75731961703,-1.598498364406,-9.73836));
#11749=CARTESIAN_POINT('',(14.75731961703,-1.598498364406,-9.73836));
#11750=VECTOR('',#15037,1.933803271188);
#11751=AXIS2_PLACEMENT_3D('',#15038,#15039,#15040);
#11752=CARTESIAN_POINT('',(-14.75731961703,-1.598498364406,-9.73836));
#11753=CARTESIAN_POINT('',(-15.0114,-1.158418231901,-9.73836));
#11754=AXIS2_PLACEMENT_3D('',#15041,#15042,#15043);
#11755=CARTESIAN_POINT('',(-13.08259685826,-2.5654,-9.73836));
#11756=CARTESIAN_POINT('',(-13.08259685826,-2.5654,-9.73836));
#11757=VECTOR('',#15044,1.933803271188);
#11758=CARTESIAN_POINT('',(-15.5194,-2.5654,-9.73836));
#11759=VECTOR('',#15045,2.436803141737);
#11760=CARTESIAN_POINT('',(-8.1534,-2.5654,-9.73836));
#11761=CARTESIAN_POINT('',(-8.1534,-2.5654,-9.73836));
#11762=VECTOR('',#15046,5.4864);
#11763=CARTESIAN_POINT('',(-11.91100314174,-2.5654,-9.73836));
#11764=CARTESIAN_POINT('',(-11.91100314174,-2.5654,-9.73836));
#11765=VECTOR('',#15047,3.757603141737);
#11766=CARTESIAN_POINT('',(-10.23628038297,-1.598498364406,-9.73836));
#11767=CARTESIAN_POINT('',(-10.23628038297,-1.598498364406,-9.73836));
#11768=VECTOR('',#15048,1.933803271188);
#11769=CARTESIAN_POINT('',(-9.9822,-1.158418231901,-9.73836));
#11770=AXIS2_PLACEMENT_3D('',#15049,#15050,#15051);
#11771=CARTESIAN_POINT('',(-9.9822,1.158418231901,-9.73836));
#11772=CARTESIAN_POINT('',(-9.9822,1.158418231901,-9.73836));
#11773=VECTOR('',#15052,2.316836463801);
#11774=CARTESIAN_POINT('',(-10.23628038297,1.598498364406,-9.73836));
#11775=AXIS2_PLACEMENT_3D('',#15053,#15054,#15055);
#11776=CARTESIAN_POINT('',(-12.24271961703,2.756916596307,-9.73836));
#11777=CARTESIAN_POINT('',(-12.24271961703,2.756916596307,-9.73836));
#11778=VECTOR('',#15056,2.316836463801);
#11779=CARTESIAN_POINT('',(-12.75088038297,2.756916596307,-9.73836));
#11780=AXIS2_PLACEMENT_3D('',#15057,#15058,#15059);
#11781=CARTESIAN_POINT('',(-14.75731961703,1.598498364406,-9.73836));
#11782=CARTESIAN_POINT('',(-14.75731961703,1.598498364406,-9.73836));
#11783=VECTOR('',#15060,2.316836463801);
#11784=CARTESIAN_POINT('',(-15.0114,1.158418231901,-9.73836));
#11785=AXIS2_PLACEMENT_3D('',#15061,#15062,#15063);
#11786=CARTESIAN_POINT('',(-15.0114,-1.158418231901,-9.73836));
#11787=VECTOR('',#15064,2.316836463801);
#11788=CARTESIAN_POINT('',(11.0744,0.0,-10.62736));
#11789=CARTESIAN_POINT('',(11.0744,0.0,-9.73836));
#11790=VECTOR('',#15065,0.889);
#11791=CARTESIAN_POINT('',(13.9192,0.0,-10.62736));
#11792=AXIS2_PLACEMENT_3D('',#15066,#15067,#15068);
#11793=CARTESIAN_POINT('',(13.9192,0.0,-9.73836));
#11794=VECTOR('',#15069,0.889);
#11795=AXIS2_PLACEMENT_3D('',#15070,#15071,#15072);
#11796=CARTESIAN_POINT('',(14.75731961703,-1.598498364406,-10.62736));
#11797=CARTESIAN_POINT('',(12.75088038297,-2.756916596307,-10.62736));
#11798=CARTESIAN_POINT('',(14.75731961703,-1.598498364406,-10.62736));
#11799=VECTOR('',#15073,2.316836463801);
#11800=CARTESIAN_POINT('',(12.24271961703,-2.756916596307,-10.62736));
#11801=AXIS2_PLACEMENT_3D('',#15074,#15075,#15076);
#11802=CARTESIAN_POINT('',(10.23628038297,-1.598498364406,-10.62736));
#11803=CARTESIAN_POINT('',(12.24271961703,-2.756916596307,-10.62736));
#11804=VECTOR('',#15077,2.316836463801);
#11805=CARTESIAN_POINT('',(9.9822,-1.158418231901,-10.62736));
#11806=AXIS2_PLACEMENT_3D('',#15078,#15079,#15080);
#11807=CARTESIAN_POINT('',(9.9822,1.158418231901,-10.62736));
#11808=CARTESIAN_POINT('',(9.9822,-1.158418231901,-10.62736));
#11809=VECTOR('',#15081,2.316836463801);
#11810=CARTESIAN_POINT('',(10.23628038297,1.598498364406,-10.62736));
#11811=AXIS2_PLACEMENT_3D('',#15082,#15083,#15084);
#11812=CARTESIAN_POINT('',(12.24271961703,2.756916596307,-10.62736));
#11813=CARTESIAN_POINT('',(10.23628038297,1.598498364406,-10.62736));
#11814=VECTOR('',#15085,2.316836463801);
#11815=CARTESIAN_POINT('',(12.75088038297,2.756916596307,-10.62736));
#11816=AXIS2_PLACEMENT_3D('',#15086,#15087,#15088);
#11817=CARTESIAN_POINT('',(14.75731961703,1.598498364406,-10.62736));
#11818=CARTESIAN_POINT('',(12.75088038297,2.756916596307,-10.62736));
#11819=VECTOR('',#15089,2.316836463801);
#11820=CARTESIAN_POINT('',(15.0114,1.158418231901,-10.62736));
#11821=AXIS2_PLACEMENT_3D('',#15090,#15091,#15092);
#11822=CARTESIAN_POINT('',(15.0114,-1.158418231901,-10.62736));
#11823=CARTESIAN_POINT('',(15.0114,1.158418231901,-10.62736));
#11824=VECTOR('',#15093,2.316836463801);
#11825=AXIS2_PLACEMENT_3D('',#15094,#15095,#15096);
#11826=CARTESIAN_POINT('',(-15.0114,1.158418231901,-10.62736));
#11827=CARTESIAN_POINT('',(-14.75731961703,1.598498364406,-10.62736));
#11828=AXIS2_PLACEMENT_3D('',#15097,#15098,#15099);
#11829=CARTESIAN_POINT('',(-12.75088038297,2.756916596307,-10.62736));
#11830=CARTESIAN_POINT('',(-14.75731961703,1.598498364406,-10.62736));
#11831=VECTOR('',#15100,2.316836463801);
#11832=CARTESIAN_POINT('',(-12.24271961703,2.756916596307,-10.62736));
#11833=AXIS2_PLACEMENT_3D('',#15101,#15102,#15103);
#11834=CARTESIAN_POINT('',(-10.23628038297,1.598498364406,-10.62736));
#11835=CARTESIAN_POINT('',(-12.24271961703,2.756916596307,-10.62736));
#11836=VECTOR('',#15104,2.316836463801);
#11837=CARTESIAN_POINT('',(-9.9822,1.158418231901,-10.62736));
#11838=AXIS2_PLACEMENT_3D('',#15105,#15106,#15107);
#11839=CARTESIAN_POINT('',(-9.9822,-1.158418231901,-10.62736));
#11840=CARTESIAN_POINT('',(-9.9822,1.158418231901,-10.62736));
#11841=VECTOR('',#15108,2.316836463801);
#11842=CARTESIAN_POINT('',(-10.23628038297,-1.598498364406,-10.62736));
#11843=AXIS2_PLACEMENT_3D('',#15109,#15110,#15111);
#11844=CARTESIAN_POINT('',(-12.24271961703,-2.756916596307,-10.62736));
#11845=CARTESIAN_POINT('',(-10.23628038297,-1.598498364406,-10.62736));
#11846=VECTOR('',#15112,2.316836463801);
#11847=CARTESIAN_POINT('',(-12.75088038297,-2.756916596307,-10.62736));
#11848=AXIS2_PLACEMENT_3D('',#15113,#15114,#15115);
#11849=CARTESIAN_POINT('',(-14.75731961703,-1.598498364406,-10.62736));
#11850=CARTESIAN_POINT('',(-12.75088038297,-2.756916596307,-10.62736));
#11851=VECTOR('',#15116,2.316836463801);
#11852=CARTESIAN_POINT('',(-15.0114,-1.158418231901,-10.62736));
#11853=AXIS2_PLACEMENT_3D('',#15117,#15118,#15119);
#11854=CARTESIAN_POINT('',(-15.0114,-1.158418231901,-10.62736));
#11855=VECTOR('',#15120,2.316836463801);
#11856=CARTESIAN_POINT('',(-13.9192,0.0,-10.62736));
#11857=CARTESIAN_POINT('',(-11.0744,0.0,-10.62736));
#11858=AXIS2_PLACEMENT_3D('',#15121,#15122,#15123);
#11859=AXIS2_PLACEMENT_3D('',#15124,#15125,#15126);
#11860=CARTESIAN_POINT('',(-13.9192,0.0,-9.73836));
#11861=VECTOR('',#15127,0.889);
#11862=CARTESIAN_POINT('',(-11.0744,0.0,-9.73836));
#11863=VECTOR('',#15128,0.889);
#11864=CARTESIAN_POINT('',(14.75731961703,-1.598498364406,-9.73836));
#11865=VECTOR('',#15129,0.889);
#11866=CARTESIAN_POINT('',(15.0114,-1.158418231901,-9.73836));
#11867=VECTOR('',#15130,0.889);
#11868=CARTESIAN_POINT('',(15.0114,1.158418231901,-9.73836));
#11869=VECTOR('',#15131,0.889);
#11870=CARTESIAN_POINT('',(14.75731961703,1.598498364406,-9.73836));
#11871=VECTOR('',#15132,0.889);
#11872=CARTESIAN_POINT('',(12.75088038297,2.756916596307,-9.73836));
#11873=VECTOR('',#15133,0.889);
#11874=CARTESIAN_POINT('',(12.24271961703,2.756916596307,-9.73836));
#11875=VECTOR('',#15134,0.889);
#11876=CARTESIAN_POINT('',(10.23628038297,1.598498364406,-9.73836));
#11877=VECTOR('',#15135,0.889);
#11878=CARTESIAN_POINT('',(9.9822,1.158418231901,-9.73836));
#11879=VECTOR('',#15136,0.889);
#11880=CARTESIAN_POINT('',(9.9822,-1.158418231901,-9.73836));
#11881=VECTOR('',#15137,0.889);
#11882=CARTESIAN_POINT('',(10.23628038297,-1.598498364406,-9.73836));
#11883=VECTOR('',#15138,0.889);
#11884=CARTESIAN_POINT('',(12.24271961703,-2.756916596307,-9.762006012554));
#11885=CARTESIAN_POINT('',(12.24271961703,-2.756916596307,-9.762006012554));
#11886=VECTOR('',#15139,0.8653539874456);
#11887=CARTESIAN_POINT('',(11.91100314174,-2.5654,-9.73836));
#11888=CARTESIAN_POINT('',(12.02200154924,-2.629484960453,-9.73836));
#11889=CARTESIAN_POINT('',(12.13258349066,-2.693329474096,-9.746061101739));
#11890=CARTESIAN_POINT('',(12.24271961703,-2.756916596307,-9.762006012554));
#11891=AXIS2_PLACEMENT_3D('',#15140,#15141,#15142);
#11892=CARTESIAN_POINT('',(12.75088038297,-2.756916596307,-9.762006012554));
#11893=CARTESIAN_POINT('',(12.75088038297,-2.756916596307,-9.762006012554));
#11894=CARTESIAN_POINT('',(12.69457468914,-2.762105789287,-9.763307238595));
#11895=CARTESIAN_POINT('',(12.58185507212,-2.769026842321,-9.765143036433));
#11896=CARTESIAN_POINT('',(12.41190619996,-2.76903320322,-9.76514477913));
#11897=CARTESIAN_POINT('',(12.29909411363,-2.762112130225,-9.763308828629));
#11898=CARTESIAN_POINT('',(12.24271961703,-2.756916596307,-9.762006012554));
#11899=CARTESIAN_POINT('',(13.08259685826,-2.5654,-9.73836));
#11900=CARTESIAN_POINT('',(12.97159845076,-2.629484960453,-9.73836));
#11901=CARTESIAN_POINT('',(12.86101650934,-2.693329474096,-9.746061101739));
#11902=CARTESIAN_POINT('',(12.75088038297,-2.756916596307,-9.762006012554));
#11903=CARTESIAN_POINT('',(12.75088038297,-2.756916596307,-9.762006012554));
#11904=VECTOR('',#15143,0.8653539874456);
#11905=CARTESIAN_POINT('',(8.1534,-3.3528,-17.58696));
#11906=VECTOR('',#15144,6.6548);
#11907=CARTESIAN_POINT('',(-8.1534,-3.3528,-17.58696));
#11908=VECTOR('',#15145,6.6548);
#11909=CARTESIAN_POINT('',(7.8994,-5.207,-17.58696));
#11910=CARTESIAN_POINT('',(7.8994,-5.207,-17.58696));
#11911=VECTOR('',#15146,1.8542);
#11912=CARTESIAN_POINT('',(-7.8994,-5.207,-17.58696));
#11913=CARTESIAN_POINT('',(-7.8994,-5.207,-17.58696));
#11914=VECTOR('',#15147,15.7988);
#11915=CARTESIAN_POINT('',(-7.8994,-5.207,-17.58696));
#11916=VECTOR('',#15148,1.8542);
#11917=CARTESIAN_POINT('',(-7.8994,-5.207,-6.30936));
#11918=CARTESIAN_POINT('',(-7.8994,-5.207,-6.30936));
#11919=VECTOR('',#15149,11.2776);
#11920=CARTESIAN_POINT('',(-7.8994,-6.2738,-6.30936));
#11921=CARTESIAN_POINT('',(-7.8994,-6.2738,-6.30936));
#11922=VECTOR('',#15150,1.0668);
#11923=CARTESIAN_POINT('',(-7.8994,-6.2738,-18.60296));
#11924=CARTESIAN_POINT('',(-7.8994,-6.2738,-18.60296));
#11925=VECTOR('',#15151,12.2936);
#11926=CARTESIAN_POINT('',(-7.8994,-4.1402,-18.60296));
#11927=VECTOR('',#15152,2.1336);
#11928=CARTESIAN_POINT('',(9.4234,-5.3086,-18.60296));
#11929=CARTESIAN_POINT('',(9.4234,-5.3086,-18.60296));
#11930=VECTOR('',#15153,6.096);
#11931=CARTESIAN_POINT('',(9.4234,-6.2738,-18.60296));
#11932=CARTESIAN_POINT('',(9.4234,-6.2738,-18.60296));
#11933=VECTOR('',#15154,0.9652);
#11934=CARTESIAN_POINT('',(7.8994,-6.2738,-18.60296));
#11935=CARTESIAN_POINT('',(7.8994,-6.2738,-18.60296));
#11936=VECTOR('',#15155,1.524);
#11937=CARTESIAN_POINT('',(7.8994,-4.1402,-18.60296));
#11938=CARTESIAN_POINT('',(7.8994,-6.2738,-18.60296));
#11939=VECTOR('',#15156,2.1336);
#11940=CARTESIAN_POINT('',(15.5194,-4.1402,-18.60296));
#11941=VECTOR('',#15157,7.62);
#11942=CARTESIAN_POINT('',(-9.4234,-6.2738,-18.60296));
#11943=CARTESIAN_POINT('',(-9.4234,-6.2738,-18.60296));
#11944=VECTOR('',#15158,1.524);
#11945=CARTESIAN_POINT('',(-9.4234,-5.3086,-18.60296));
#11946=CARTESIAN_POINT('',(-9.4234,-6.2738,-18.60296));
#11947=VECTOR('',#15159,0.9652);
#11948=CARTESIAN_POINT('',(-15.5194,-5.3086,-18.60296));
#11949=VECTOR('',#15160,6.096);
#11950=AXIS2_PLACEMENT_3D('',#15161,#15162,#15163);
#11951=CARTESIAN_POINT('',(13.66454825301,-3.3528,-17.81556));
#11952=VECTOR('',#15164,2.335496506013);
#11953=CARTESIAN_POINT('',(12.4968,-3.3528,-18.0848));
#11954=AXIS2_PLACEMENT_3D('',#15165,#15166,#15167);
#11955=AXIS2_PLACEMENT_3D('',#15168,#15169,#15170);
#11956=CARTESIAN_POINT('',(12.4968,-3.13436,-18.0848));
#11957=CARTESIAN_POINT('',(12.4968,-3.3528,-18.0848));
#11958=VECTOR('',#15171,0.21844);
#11959=CARTESIAN_POINT('',(12.4968,-3.13436,-12.7508));
#11960=AXIS2_PLACEMENT_3D('',#15172,#15173,#15174);
#11961=CARTESIAN_POINT('',(12.4968,-3.3528,-12.7508));
#11962=VECTOR('',#15175,0.21844);
#11963=AXIS2_PLACEMENT_3D('',#15176,#15177,#15178);
#11964=CARTESIAN_POINT('',(11.1720473841,-3.13436,-16.22133647501));
#11965=CARTESIAN_POINT('',(11.1720473841,-3.13436,-14.61426352499));
#11966=AXIS2_PLACEMENT_3D('',#15179,#15180,#15181);
#11967=CARTESIAN_POINT('',(11.69326352499,-3.13436,-16.7425526159));
#11968=CARTESIAN_POINT('',(11.69326352499,-3.10770929234,-16.7425526159));
#11969=CARTESIAN_POINT('',(11.68355357087,-3.056771183531,-16.74103798575));
#11970=CARTESIAN_POINT('',(11.64095226037,-2.984760928569,-16.73235714261));
#11971=CARTESIAN_POINT('',(11.57404916969,-2.925215043992,-16.7122112246));
#11972=CARTESIAN_POINT('',(11.48919091915,-2.881272715226,-16.67427647763));
#11973=CARTESIAN_POINT('',(11.3923547258,-2.856257892084,-16.60989572375));
#11974=CARTESIAN_POINT('',(11.30232237307,-2.856622650282,-16.51936243484));
#11975=CARTESIAN_POINT('',(11.23831915742,-2.882565901901,-16.42179521972));
#11976=CARTESIAN_POINT('',(11.2011216942,-2.927735727997,-16.3369766974));
#11977=CARTESIAN_POINT('',(11.18186986688,-2.986893321136,-16.27196905826));
#11978=CARTESIAN_POINT('',(11.17342335596,-3.059162751937,-16.23024116854));
#11979=CARTESIAN_POINT('',(11.1720473841,-3.108661919484,-16.22133647501));
#11980=CARTESIAN_POINT('',(11.1720473841,-3.13436,-16.22133647501));
#11981=AXIS2_PLACEMENT_3D('',#15182,#15183,#15184);
#11982=AXIS2_PLACEMENT_3D('',#15185,#15186,#15187);
#11983=CARTESIAN_POINT('',(11.1720473841,-3.13436,-14.61426352499));
#11984=CARTESIAN_POINT('',(11.1720473841,-3.107688056271,-14.61426352499));
#11985=CARTESIAN_POINT('',(11.17355820198,-3.05669218199,-14.60455942469));
#11986=CARTESIAN_POINT('',(11.18230860806,-2.984354027089,-14.5616581253));
#11987=CARTESIAN_POINT('',(11.20258966007,-2.924828270253,-14.4944708829));
#11988=CARTESIAN_POINT('',(11.24056000624,-2.881265934142,-14.40991639966));
#11989=CARTESIAN_POINT('',(11.30376015344,-2.856534648436,-14.31467046466));
#11990=CARTESIAN_POINT('',(11.39365864213,-2.856351005038,-14.22453375599));
#11991=CARTESIAN_POINT('',(11.49227490604,-2.882297476373,-14.15954275481));
#11992=CARTESIAN_POINT('',(11.57730435533,-2.927516918938,-14.1222437374));
#11993=CARTESIAN_POINT('',(11.6424467359,-2.986650320724,-14.10290881083));
#11994=CARTESIAN_POINT('',(11.68432318079,-3.059018479273,-14.09442902681));
#11995=CARTESIAN_POINT('',(11.69326352499,-3.108606704848,-14.0930473841));
#11996=CARTESIAN_POINT('',(11.69326352499,-3.13436,-14.0930473841));
#11997=CARTESIAN_POINT('',(11.1720473841,-3.3528,-14.61426352499));
#11998=VECTOR('',#15188,0.21844);
#11999=CARTESIAN_POINT('',(11.7983,-2.57556,-14.0843));
#12000=CARTESIAN_POINT('',(11.7983,-2.57556,-14.0843));
#12001=VECTOR('',#15189,0.77724);
#12002=AXIS2_PLACEMENT_3D('',#15190,#15191,#15192);
#12003=CARTESIAN_POINT('',(11.9888,-2.57556,-16.7513));
#12004=CARTESIAN_POINT('',(11.7983,-2.57556,-16.7513));
#12005=CARTESIAN_POINT('',(11.9888,-2.57556,-16.7513));
#12006=VECTOR('',#15193,0.1905);
#12007=AXIS2_PLACEMENT_3D('',#15194,#15195,#15196);
#12008=CARTESIAN_POINT('',(13.1953,-2.57556,-14.0843));
#12009=CARTESIAN_POINT('',(11.7983,-2.57556,-14.0843));
#12010=VECTOR('',#15197,1.397);
#12011=CARTESIAN_POINT('',(13.8303,-2.57556,-14.7193));
#12012=AXIS2_PLACEMENT_3D('',#15198,#15199,#15200);
#12013=CARTESIAN_POINT('',(13.8303,-2.57556,-16.1163));
#12014=CARTESIAN_POINT('',(13.8303,-2.57556,-14.7193));
#12015=VECTOR('',#15201,1.397);
#12016=CARTESIAN_POINT('',(13.1953,-2.57556,-16.7513));
#12017=AXIS2_PLACEMENT_3D('',#15202,#15203,#15204);
#12018=CARTESIAN_POINT('',(13.0048,-2.57556,-16.7513));
#12019=CARTESIAN_POINT('',(13.1953,-2.57556,-16.7513));
#12020=VECTOR('',#15205,0.1905);
#12021=CARTESIAN_POINT('',(13.0048,-2.57556,-16.43126));
#12022=CARTESIAN_POINT('',(13.0048,-2.57556,-16.7513));
#12023=VECTOR('',#15206,0.32004);
#12024=CARTESIAN_POINT('',(13.1953,-2.57556,-16.43126));
#12025=CARTESIAN_POINT('',(13.0048,-2.57556,-16.43126));
#12026=VECTOR('',#15207,0.1905);
#12027=CARTESIAN_POINT('',(13.51026,-2.57556,-16.1163));
#12028=AXIS2_PLACEMENT_3D('',#15208,#15209,#15210);
#12029=CARTESIAN_POINT('',(13.51026,-2.57556,-14.7193));
#12030=CARTESIAN_POINT('',(13.51026,-2.57556,-16.1163));
#12031=VECTOR('',#15211,1.397);
#12032=CARTESIAN_POINT('',(13.1953,-2.57556,-14.40434));
#12033=AXIS2_PLACEMENT_3D('',#15212,#15213,#15214);
#12034=CARTESIAN_POINT('',(11.7983,-2.57556,-14.40434));
#12035=CARTESIAN_POINT('',(13.1953,-2.57556,-14.40434));
#12036=VECTOR('',#15215,1.397);
#12037=CARTESIAN_POINT('',(11.48334,-2.57556,-14.7193));
#12038=AXIS2_PLACEMENT_3D('',#15216,#15217,#15218);
#12039=CARTESIAN_POINT('',(11.48334,-2.57556,-16.1163));
#12040=CARTESIAN_POINT('',(11.48334,-2.57556,-14.7193));
#12041=VECTOR('',#15219,1.397);
#12042=CARTESIAN_POINT('',(11.7983,-2.57556,-16.43126));
#12043=AXIS2_PLACEMENT_3D('',#15220,#15221,#15222);
#12044=CARTESIAN_POINT('',(11.9888,-2.57556,-16.43126));
#12045=CARTESIAN_POINT('',(11.7983,-2.57556,-16.43126));
#12046=VECTOR('',#15223,0.1905);
#12047=CARTESIAN_POINT('',(11.9888,-2.57556,-16.7513));
#12048=VECTOR('',#15224,0.32004);
#12049=CARTESIAN_POINT('',(-13.0048,-2.57556,-16.7513));
#12050=CARTESIAN_POINT('',(-13.1953,-2.57556,-16.7513));
#12051=CARTESIAN_POINT('',(-13.0048,-2.57556,-16.7513));
#12052=VECTOR('',#15225,0.1905);
#12053=CARTESIAN_POINT('',(-13.8303,-2.57556,-16.1163));
#12054=AXIS2_PLACEMENT_3D('',#15226,#15227,#15228);
#12055=CARTESIAN_POINT('',(-13.8303,-2.57556,-14.7193));
#12056=CARTESIAN_POINT('',(-13.8303,-2.57556,-16.1163));
#12057=VECTOR('',#15229,1.397);
#12058=CARTESIAN_POINT('',(-13.1953,-2.57556,-14.0843));
#12059=AXIS2_PLACEMENT_3D('',#15230,#15231,#15232);
#12060=CARTESIAN_POINT('',(-11.7983,-2.57556,-14.0843));
#12061=CARTESIAN_POINT('',(-13.1953,-2.57556,-14.0843));
#12062=VECTOR('',#15233,1.397);
#12063=CARTESIAN_POINT('',(-11.1633,-2.57556,-14.7193));
#12064=AXIS2_PLACEMENT_3D('',#15234,#15235,#15236);
#12065=CARTESIAN_POINT('',(-11.1633,-2.57556,-16.1163));
#12066=CARTESIAN_POINT('',(-11.1633,-2.57556,-14.7193));
#12067=VECTOR('',#15237,1.397);
#12068=CARTESIAN_POINT('',(-11.7983,-2.57556,-16.7513));
#12069=AXIS2_PLACEMENT_3D('',#15238,#15239,#15240);
#12070=CARTESIAN_POINT('',(-11.9888,-2.57556,-16.7513));
#12071=CARTESIAN_POINT('',(-11.7983,-2.57556,-16.7513));
#12072=VECTOR('',#15241,0.1905);
#12073=CARTESIAN_POINT('',(-11.9888,-2.57556,-16.43126));
#12074=CARTESIAN_POINT('',(-11.9888,-2.57556,-16.7513));
#12075=VECTOR('',#15242,0.32004);
#12076=CARTESIAN_POINT('',(-11.7983,-2.57556,-16.43126));
#12077=CARTESIAN_POINT('',(-11.9888,-2.57556,-16.43126));
#12078=VECTOR('',#15243,0.1905);
#12079=CARTESIAN_POINT('',(-11.48334,-2.57556,-16.1163));
#12080=AXIS2_PLACEMENT_3D('',#15244,#15245,#15246);
#12081=CARTESIAN_POINT('',(-11.48334,-2.57556,-14.7193));
#12082=CARTESIAN_POINT('',(-11.48334,-2.57556,-16.1163));
#12083=VECTOR('',#15247,1.397);
#12084=CARTESIAN_POINT('',(-11.7983,-2.57556,-14.40434));
#12085=AXIS2_PLACEMENT_3D('',#15248,#15249,#15250);
#12086=CARTESIAN_POINT('',(-13.1953,-2.57556,-14.40434));
#12087=CARTESIAN_POINT('',(-11.7983,-2.57556,-14.40434));
#12088=VECTOR('',#15251,1.397);
#12089=CARTESIAN_POINT('',(-13.51026,-2.57556,-14.7193));
#12090=AXIS2_PLACEMENT_3D('',#15252,#15253,#15254);
#12091=CARTESIAN_POINT('',(-13.51026,-2.57556,-16.1163));
#12092=CARTESIAN_POINT('',(-13.51026,-2.57556,-14.7193));
#12093=VECTOR('',#15255,1.397);
#12094=CARTESIAN_POINT('',(-13.1953,-2.57556,-16.43126));
#12095=AXIS2_PLACEMENT_3D('',#15256,#15257,#15258);
#12096=CARTESIAN_POINT('',(-13.0048,-2.57556,-16.43126));
#12097=CARTESIAN_POINT('',(-13.1953,-2.57556,-16.43126));
#12098=VECTOR('',#15259,0.1905);
#12099=CARTESIAN_POINT('',(-13.0048,-2.57556,-16.7513));
#12100=VECTOR('',#15260,0.32004);
#12101=CARTESIAN_POINT('',(11.9888,-1.95072,-17.0561));
#12102=AXIS2_PLACEMENT_3D('',#15261,#15262,#15263);
#12103=CARTESIAN_POINT('',(11.9888,-1.95072,-17.11706));
#12104=CARTESIAN_POINT('',(11.9888,-1.95072,-17.11706));
#12105=VECTOR('',#15264,0.06095999999999);
#12106=CARTESIAN_POINT('',(11.9888,-2.27076,-17.11706));
#12107=CARTESIAN_POINT('',(11.9888,-2.27076,-17.11706));
#12108=VECTOR('',#15265,0.32004);
#12109=CARTESIAN_POINT('',(11.9888,-2.27076,-17.0561));
#12110=CARTESIAN_POINT('',(11.9888,-2.27076,-17.0561));
#12111=VECTOR('',#15266,0.06095999999999);
#12112=AXIS2_PLACEMENT_3D('',#15267,#15268,#15269);
#12113=CARTESIAN_POINT('',(13.0048,-2.27076,-17.0561));
#12114=CARTESIAN_POINT('',(11.9888,-2.27076,-17.0561));
#12115=VECTOR('',#15270,1.016);
#12116=AXIS2_PLACEMENT_3D('',#15271,#15272,#15273);
#12117=CARTESIAN_POINT('',(11.9888,-2.57556,-16.7513));
#12118=VECTOR('',#15274,1.016);
#12119=CARTESIAN_POINT('',(13.1953,-2.57556,-16.7513));
#12120=VECTOR('',#15275,0.77724);
#12121=CARTESIAN_POINT('',(11.7983,-2.57556,-16.7513));
#12122=VECTOR('',#15276,0.77724);
#12123=CARTESIAN_POINT('',(11.1720473841,-3.3528,-16.22133647501));
#12124=VECTOR('',#15277,0.21844);
#12125=CARTESIAN_POINT('',(13.8215526159,-3.13436,-16.22133647501));
#12126=CARTESIAN_POINT('',(13.8215526159,-3.13436,-14.61426352499));
#12127=AXIS2_PLACEMENT_3D('',#15278,#15279,#15280);
#12128=CARTESIAN_POINT('',(13.8215526159,-3.3528,-16.22133647501));
#12129=VECTOR('',#15281,0.21844);
#12130=CARTESIAN_POINT('',(13.8215526159,-3.3528,-14.61426352499));
#12131=VECTOR('',#15282,0.21844);
#12132=CARTESIAN_POINT('',(13.30033647501,-3.13436,-14.0930473841));
#12133=AXIS2_PLACEMENT_3D('',#15283,#15284,#15285);
#12134=CARTESIAN_POINT('',(13.30033647501,-3.3528,-14.0930473841));
#12135=VECTOR('',#15286,0.21844);
#12136=CARTESIAN_POINT('',(13.30033647501,-3.13436,-16.7425526159));
#12137=CARTESIAN_POINT('',(13.30033647501,-3.3528,-16.7425526159));
#12138=VECTOR('',#15287,0.21844);
#12139=AXIS2_PLACEMENT_3D('',#15288,#15289,#15290);
#12140=CARTESIAN_POINT('',(13.30033647501,-3.13436,-14.0930473841));
#12141=CARTESIAN_POINT('',(13.30033647501,-3.10770929234,-14.0930473841));
#12142=CARTESIAN_POINT('',(13.31004642913,-3.056771183531,-14.09456201425));
#12143=CARTESIAN_POINT('',(13.35264773963,-2.984760928569,-14.10324285739));
#12144=CARTESIAN_POINT('',(13.41955083031,-2.925215043992,-14.1233887754));
#12145=CARTESIAN_POINT('',(13.50440908085,-2.881272715226,-14.16132352237));
#12146=CARTESIAN_POINT('',(13.6012452742,-2.856257892084,-14.22570427625));
#12147=CARTESIAN_POINT('',(13.69127762693,-2.856622650282,-14.31623756516));
#12148=CARTESIAN_POINT('',(13.75528084258,-2.882565901901,-14.41380478028));
#12149=CARTESIAN_POINT('',(13.7924783058,-2.927735727997,-14.4986233026));
#12150=CARTESIAN_POINT('',(13.81173013312,-2.986893321136,-14.56363094174));
#12151=CARTESIAN_POINT('',(13.82017664404,-3.059162751937,-14.60535883146));
#12152=CARTESIAN_POINT('',(13.8215526159,-3.108661919484,-14.61426352499));
#12153=CARTESIAN_POINT('',(13.8215526159,-3.13436,-14.61426352499));
#12154=CARTESIAN_POINT('',(13.8303,-2.57556,-14.7193));
#12155=VECTOR('',#15291,0.77724);
#12156=CARTESIAN_POINT('',(13.1953,-2.57556,-14.0843));
#12157=VECTOR('',#15292,0.77724);
#12158=CARTESIAN_POINT('',(13.8303,-2.57556,-16.1163));
#12159=VECTOR('',#15293,0.77724);
#12160=CARTESIAN_POINT('',(13.8215526159,-3.13436,-16.22133647501));
#12161=CARTESIAN_POINT('',(13.8215526159,-3.107688056271,-16.22133647501));
#12162=CARTESIAN_POINT('',(13.82004179802,-3.05669218199,-16.23104057531));
#12163=CARTESIAN_POINT('',(13.81129139194,-2.984354027089,-16.2739418747));
#12164=CARTESIAN_POINT('',(13.79101033993,-2.924828270253,-16.3411291171));
#12165=CARTESIAN_POINT('',(13.75303999376,-2.881265934142,-16.42568360034));
#12166=CARTESIAN_POINT('',(13.68983984656,-2.856534648436,-16.52092953534));
#12167=CARTESIAN_POINT('',(13.59994135787,-2.856351005038,-16.61106624401));
#12168=CARTESIAN_POINT('',(13.50132509396,-2.882297476373,-16.67605724519));
#12169=CARTESIAN_POINT('',(13.41629564467,-2.927516918938,-16.7133562626));
#12170=CARTESIAN_POINT('',(13.3511532641,-2.986650320724,-16.73269118917));
#12171=CARTESIAN_POINT('',(13.30927681921,-3.059018479273,-16.74117097319));
#12172=CARTESIAN_POINT('',(13.30033647501,-3.108606704848,-16.7425526159));
#12173=CARTESIAN_POINT('',(13.30033647501,-3.13436,-16.7425526159));
#12174=CARTESIAN_POINT('',(13.0048,-2.27076,-17.11706));
#12175=CARTESIAN_POINT('',(13.0048,-2.27076,-17.0561));
#12176=VECTOR('',#15294,0.06095999999999);
#12177=CARTESIAN_POINT('',(13.0048,-1.95072,-17.11706));
#12178=CARTESIAN_POINT('',(13.0048,-2.27076,-17.11706));
#12179=VECTOR('',#15295,0.32004);
#12180=CARTESIAN_POINT('',(13.0048,-1.95072,-17.0561));
#12181=CARTESIAN_POINT('',(13.0048,-1.95072,-17.11706));
#12182=VECTOR('',#15296,0.06095999999999);
#12183=AXIS2_PLACEMENT_3D('',#15297,#15298,#15299);
#12184=CARTESIAN_POINT('',(11.9888,-1.95072,-17.0561));
#12185=VECTOR('',#15300,1.016);
#12186=CARTESIAN_POINT('',(11.9888,-2.57556,-16.43126));
#12187=VECTOR('',#15301,1.016);
#12188=CARTESIAN_POINT('',(11.7983,-2.57556,-16.43126));
#12189=VECTOR('',#15302,0.77724);
#12190=CARTESIAN_POINT('',(13.1953,-2.57556,-16.43126));
#12191=VECTOR('',#15303,0.77724);
#12192=CARTESIAN_POINT('',(13.51026,-2.57556,-16.1163));
#12193=VECTOR('',#15304,0.77724);
#12194=CARTESIAN_POINT('',(13.51026,-2.57556,-14.7193));
#12195=VECTOR('',#15305,0.77724);
#12196=CARTESIAN_POINT('',(13.1953,-2.57556,-14.40434));
#12197=VECTOR('',#15306,0.77724);
#12198=CARTESIAN_POINT('',(11.7983,-2.57556,-14.40434));
#12199=VECTOR('',#15307,0.77724);
#12200=CARTESIAN_POINT('',(11.48334,-2.57556,-14.7193));
#12201=VECTOR('',#15308,0.77724);
#12202=CARTESIAN_POINT('',(11.48334,-2.57556,-16.1163));
#12203=VECTOR('',#15309,0.77724);
#12204=CARTESIAN_POINT('',(11.9888,-1.95072,-17.11706));
#12205=VECTOR('',#15310,1.016);
#12206=CARTESIAN_POINT('',(11.9888,-2.27076,-17.11706));
#12207=VECTOR('',#15311,1.016);
#12208=CARTESIAN_POINT('',(-13.0048,-1.95072,-17.0561));
#12209=AXIS2_PLACEMENT_3D('',#15312,#15313,#15314);
#12210=CARTESIAN_POINT('',(-13.0048,-1.95072,-17.11706));
#12211=CARTESIAN_POINT('',(-13.0048,-1.95072,-17.11706));
#12212=VECTOR('',#15315,0.06095999999999);
#12213=CARTESIAN_POINT('',(-13.0048,-2.27076,-17.11706));
#12214=CARTESIAN_POINT('',(-13.0048,-2.27076,-17.11706));
#12215=VECTOR('',#15316,0.32004);
#12216=CARTESIAN_POINT('',(-13.0048,-2.27076,-17.0561));
#12217=CARTESIAN_POINT('',(-13.0048,-2.27076,-17.0561));
#12218=VECTOR('',#15317,0.06095999999999);
#12219=AXIS2_PLACEMENT_3D('',#15318,#15319,#15320);
#12220=CARTESIAN_POINT('',(-11.9888,-2.27076,-17.0561));
#12221=CARTESIAN_POINT('',(-13.0048,-2.27076,-17.0561));
#12222=VECTOR('',#15321,1.016);
#12223=AXIS2_PLACEMENT_3D('',#15322,#15323,#15324);
#12224=CARTESIAN_POINT('',(-13.0048,-2.57556,-16.7513));
#12225=VECTOR('',#15325,1.016);
#12226=CARTESIAN_POINT('',(-11.7983,-2.57556,-16.7513));
#12227=VECTOR('',#15326,0.77724);
#12228=CARTESIAN_POINT('',(-13.1953,-2.57556,-16.7513));
#12229=VECTOR('',#15327,0.77724);
#12230=CARTESIAN_POINT('',(-13.8215526159,-3.13436,-16.22133647501));
#12231=CARTESIAN_POINT('',(-13.30033647501,-3.13436,-16.7425526159));
#12232=CARTESIAN_POINT('',(-13.30033647501,-3.10770929234,-16.7425526159));
#12233=CARTESIAN_POINT('',(-13.31004642913,-3.056771183531,-16.74103798575));
#12234=CARTESIAN_POINT('',(-13.35264773963,-2.984760928569,-16.73235714261));
#12235=CARTESIAN_POINT('',(-13.41955083031,-2.925215043992,-16.7122112246));
#12236=CARTESIAN_POINT('',(-13.50440908085,-2.881272715226,-16.67427647763));
#12237=CARTESIAN_POINT('',(-13.6012452742,-2.856257892084,-16.60989572375));
#12238=CARTESIAN_POINT('',(-13.69127762693,-2.856622650282,-16.51936243484));
#12239=CARTESIAN_POINT('',(-13.75528084258,-2.882565901901,-16.42179521972));
#12240=CARTESIAN_POINT('',(-13.7924783058,-2.927735727997,-16.3369766974));
#12241=CARTESIAN_POINT('',(-13.81173013312,-2.986893321136,-16.27196905826));
#12242=CARTESIAN_POINT('',(-13.82017664404,-3.059162751937,-16.23024116854));
#12243=CARTESIAN_POINT('',(-13.8215526159,-3.108661919484,-16.22133647501));
#12244=CARTESIAN_POINT('',(-13.8215526159,-3.13436,-16.22133647501));
#12245=CARTESIAN_POINT('',(-13.8215526159,-3.3528,-16.22133647501));
#12246=VECTOR('',#15328,0.21844);
#12247=CARTESIAN_POINT('',(-13.8303,-2.57556,-16.1163));
#12248=VECTOR('',#15329,0.77724);
#12249=CARTESIAN_POINT('',(-13.8303,-2.57556,-14.7193));
#12250=VECTOR('',#15330,0.77724);
#12251=CARTESIAN_POINT('',(-13.8215526159,-3.13436,-14.61426352499));
#12252=CARTESIAN_POINT('',(-13.8215526159,-3.3528,-14.61426352499));
#12253=VECTOR('',#15331,0.21844);
#12254=CARTESIAN_POINT('',(-13.8215526159,-3.13436,-14.61426352499));
#12255=CARTESIAN_POINT('',(-13.8215526159,-3.107688056271,-14.61426352499));
#12256=CARTESIAN_POINT('',(-13.82004179802,-3.05669218199,-14.60455942469));
#12257=CARTESIAN_POINT('',(-13.81129139194,-2.984354027089,-14.5616581253));
#12258=CARTESIAN_POINT('',(-13.79101033993,-2.924828270253,-14.4944708829));
#12259=CARTESIAN_POINT('',(-13.75303999376,-2.881265934142,-14.40991639966));
#12260=CARTESIAN_POINT('',(-13.68983984656,-2.856534648436,-14.31467046466));
#12261=CARTESIAN_POINT('',(-13.59994135787,-2.856351005038,-14.22453375599));
#12262=CARTESIAN_POINT('',(-13.50132509396,-2.882297476373,-14.15954275481));
#12263=CARTESIAN_POINT('',(-13.41629564467,-2.927516918938,-14.1222437374));
#12264=CARTESIAN_POINT('',(-13.3511532641,-2.986650320724,-14.10290881083));
#12265=CARTESIAN_POINT('',(-13.30927681921,-3.059018479273,-14.09442902681));
#12266=CARTESIAN_POINT('',(-13.30033647501,-3.108606704848,-14.0930473841));
#12267=CARTESIAN_POINT('',(-13.30033647501,-3.13436,-14.0930473841));
#12268=CARTESIAN_POINT('',(-13.1953,-2.57556,-14.0843));
#12269=VECTOR('',#15332,0.77724);
#12270=CARTESIAN_POINT('',(-11.7983,-2.57556,-14.0843));
#12271=VECTOR('',#15333,0.77724);
#12272=CARTESIAN_POINT('',(-11.69326352499,-3.13436,-14.0930473841));
#12273=CARTESIAN_POINT('',(-11.69326352499,-3.3528,-14.0930473841));
#12274=VECTOR('',#15334,0.21844);
#12275=CARTESIAN_POINT('',(-11.1720473841,-3.13436,-14.61426352499));
#12276=CARTESIAN_POINT('',(-11.69326352499,-3.13436,-14.0930473841));
#12277=CARTESIAN_POINT('',(-11.69326352499,-3.10770929234,-14.0930473841));
#12278=CARTESIAN_POINT('',(-11.68355357087,-3.056771183531,-14.09456201425));
#12279=CARTESIAN_POINT('',(-11.64095226037,-2.984760928569,-14.10324285739));
#12280=CARTESIAN_POINT('',(-11.57404916969,-2.925215043992,-14.1233887754));
#12281=CARTESIAN_POINT('',(-11.48919091915,-2.881272715226,-14.16132352237));
#12282=CARTESIAN_POINT('',(-11.3923547258,-2.856257892084,-14.22570427625));
#12283=CARTESIAN_POINT('',(-11.30232237307,-2.856622650282,-14.31623756516));
#12284=CARTESIAN_POINT('',(-11.23831915742,-2.882565901901,-14.41380478028));
#12285=CARTESIAN_POINT('',(-11.2011216942,-2.927735727997,-14.4986233026));
#12286=CARTESIAN_POINT('',(-11.18186986688,-2.986893321136,-14.56363094174));
#12287=CARTESIAN_POINT('',(-11.17342335596,-3.059162751937,-14.60535883146));
#12288=CARTESIAN_POINT('',(-11.1720473841,-3.108661919484,-14.61426352499));
#12289=CARTESIAN_POINT('',(-11.1720473841,-3.13436,-14.61426352499));
#12290=CARTESIAN_POINT('',(-11.1720473841,-3.3528,-14.61426352499));
#12291=VECTOR('',#15335,0.21844);
#12292=CARTESIAN_POINT('',(-11.1633,-2.57556,-14.7193));
#12293=VECTOR('',#15336,0.77724);
#12294=CARTESIAN_POINT('',(-11.1633,-2.57556,-16.1163));
#12295=VECTOR('',#15337,0.77724);
#12296=CARTESIAN_POINT('',(-11.1720473841,-3.13436,-16.22133647501));
#12297=CARTESIAN_POINT('',(-11.1720473841,-3.3528,-16.22133647501));
#12298=VECTOR('',#15338,0.21844);
#12299=CARTESIAN_POINT('',(-11.69326352499,-3.13436,-16.7425526159));
#12300=CARTESIAN_POINT('',(-11.1720473841,-3.13436,-16.22133647501));
#12301=CARTESIAN_POINT('',(-11.1720473841,-3.107688056271,-16.22133647501));
#12302=CARTESIAN_POINT('',(-11.17355820198,-3.05669218199,-16.23104057531));
#12303=CARTESIAN_POINT('',(-11.18230860806,-2.984354027089,-16.2739418747));
#12304=CARTESIAN_POINT('',(-11.20258966007,-2.924828270253,-16.3411291171));
#12305=CARTESIAN_POINT('',(-11.24056000624,-2.881265934142,-16.42568360034));
#12306=CARTESIAN_POINT('',(-11.30376015344,-2.856534648436,-16.52092953534));
#12307=CARTESIAN_POINT('',(-11.39365864213,-2.856351005038,-16.61106624401));
#12308=CARTESIAN_POINT('',(-11.49227490604,-2.882297476373,-16.67605724519));
#12309=CARTESIAN_POINT('',(-11.57730435533,-2.927516918938,-16.7133562626));
#12310=CARTESIAN_POINT('',(-11.6424467359,-2.986650320724,-16.73269118917));
#12311=CARTESIAN_POINT('',(-11.68432318079,-3.059018479273,-16.74117097319));
#12312=CARTESIAN_POINT('',(-11.69326352499,-3.108606704848,-16.7425526159));
#12313=CARTESIAN_POINT('',(-11.69326352499,-3.13436,-16.7425526159));
#12314=CARTESIAN_POINT('',(-11.69326352499,-3.3528,-16.7425526159));
#12315=VECTOR('',#15339,0.21844);
#12316=AXIS2_PLACEMENT_3D('',#15340,#15341,#15342);
#12317=AXIS2_PLACEMENT_3D('',#15343,#15344,#15345);
#12318=AXIS2_PLACEMENT_3D('',#15346,#15347,#15348);
#12319=AXIS2_PLACEMENT_3D('',#15349,#15350,#15351);
#12320=AXIS2_PLACEMENT_3D('',#15352,#15353,#15354);
#12321=AXIS2_PLACEMENT_3D('',#15355,#15356,#15357);
#12322=AXIS2_PLACEMENT_3D('',#15358,#15359,#15360);
#12323=CARTESIAN_POINT('',(-11.9888,-2.27076,-17.11706));
#12324=CARTESIAN_POINT('',(-11.9888,-2.27076,-17.0561));
#12325=VECTOR('',#15361,0.06095999999999);
#12326=CARTESIAN_POINT('',(-11.9888,-1.95072,-17.11706));
#12327=CARTESIAN_POINT('',(-11.9888,-2.27076,-17.11706));
#12328=VECTOR('',#15362,0.32004);
#12329=CARTESIAN_POINT('',(-11.9888,-1.95072,-17.0561));
#12330=CARTESIAN_POINT('',(-11.9888,-1.95072,-17.11706));
#12331=VECTOR('',#15363,0.06095999999999);
#12332=AXIS2_PLACEMENT_3D('',#15364,#15365,#15366);
#12333=CARTESIAN_POINT('',(-13.0048,-1.95072,-17.0561));
#12334=VECTOR('',#15367,1.016);
#12335=CARTESIAN_POINT('',(-13.0048,-2.57556,-16.43126));
#12336=VECTOR('',#15368,1.016);
#12337=CARTESIAN_POINT('',(-13.1953,-2.57556,-16.43126));
#12338=VECTOR('',#15369,0.77724);
#12339=CARTESIAN_POINT('',(-11.7983,-2.57556,-16.43126));
#12340=VECTOR('',#15370,0.77724);
#12341=CARTESIAN_POINT('',(-11.48334,-2.57556,-16.1163));
#12342=VECTOR('',#15371,0.77724);
#12343=CARTESIAN_POINT('',(-11.48334,-2.57556,-14.7193));
#12344=VECTOR('',#15372,0.77724);
#12345=CARTESIAN_POINT('',(-11.7983,-2.57556,-14.40434));
#12346=VECTOR('',#15373,0.77724);
#12347=CARTESIAN_POINT('',(-13.1953,-2.57556,-14.40434));
#12348=VECTOR('',#15374,0.77724);
#12349=CARTESIAN_POINT('',(-13.51026,-2.57556,-14.7193));
#12350=VECTOR('',#15375,0.77724);
#12351=CARTESIAN_POINT('',(-13.51026,-2.57556,-16.1163));
#12352=VECTOR('',#15376,0.77724);
#12353=CARTESIAN_POINT('',(-13.0048,-1.95072,-17.11706));
#12354=VECTOR('',#15377,1.016);
#12355=CARTESIAN_POINT('',(-13.0048,-2.27076,-17.11706));
#12356=VECTOR('',#15378,1.016);
#12357=CARTESIAN_POINT('',(7.8994,-6.2738,-6.30936));
#12358=CARTESIAN_POINT('',(7.8994,-6.2738,-18.60296));
#12359=VECTOR('',#15379,12.2936);
#12360=CARTESIAN_POINT('',(7.8994,-5.207,-6.30936));
#12361=CARTESIAN_POINT('',(7.8994,-6.2738,-6.30936));
#12362=VECTOR('',#15380,1.0668);
#12363=CARTESIAN_POINT('',(7.8994,-5.207,-17.58696));
#12364=VECTOR('',#15381,11.2776);
#12365=CARTESIAN_POINT('',(7.8994,-5.207,-6.30936));
#12366=VECTOR('',#15382,15.7988);
#12367=CARTESIAN_POINT('',(-5.8039,-5.207,-16.8402));
#12368=CARTESIAN_POINT('',(-5.1689,-5.207,-16.8402));
#12369=AXIS2_PLACEMENT_3D('',#15383,#15384,#15385);
#12370=AXIS2_PLACEMENT_3D('',#15386,#15387,#15388);
#12371=CARTESIAN_POINT('',(-3.0607,-5.207,-16.8402));
#12372=CARTESIAN_POINT('',(-2.4257,-5.207,-16.8402));
#12373=AXIS2_PLACEMENT_3D('',#15389,#15390,#15391);
#12374=AXIS2_PLACEMENT_3D('',#15392,#15393,#15394);
#12375=CARTESIAN_POINT('',(-0.3175,-5.207,-16.8402));
#12376=CARTESIAN_POINT('',(0.3175,-5.207,-16.8402));
#12377=AXIS2_PLACEMENT_3D('',#15395,#15396,#15397);
#12378=AXIS2_PLACEMENT_3D('',#15398,#15399,#15400);
#12379=CARTESIAN_POINT('',(2.4257,-5.207,-16.8402));
#12380=CARTESIAN_POINT('',(3.0607,-5.207,-16.8402));
#12381=AXIS2_PLACEMENT_3D('',#15401,#15402,#15403);
#12382=AXIS2_PLACEMENT_3D('',#15404,#15405,#15406);
#12383=CARTESIAN_POINT('',(5.1689,-5.207,-16.8402));
#12384=CARTESIAN_POINT('',(5.8039,-5.207,-16.8402));
#12385=AXIS2_PLACEMENT_3D('',#15407,#15408,#15409);
#12386=AXIS2_PLACEMENT_3D('',#15410,#15411,#15412);
#12387=CARTESIAN_POINT('',(-4.4323,-5.207,-13.9954));
#12388=CARTESIAN_POINT('',(-3.7973,-5.207,-13.9954));
#12389=AXIS2_PLACEMENT_3D('',#15413,#15414,#15415);
#12390=AXIS2_PLACEMENT_3D('',#15416,#15417,#15418);
#12391=CARTESIAN_POINT('',(-1.6891,-5.207,-13.9954));
#12392=CARTESIAN_POINT('',(-1.0541,-5.207,-13.9954));
#12393=AXIS2_PLACEMENT_3D('',#15419,#15420,#15421);
#12394=AXIS2_PLACEMENT_3D('',#15422,#15423,#15424);
#12395=CARTESIAN_POINT('',(1.0541,-5.207,-13.9954));
#12396=CARTESIAN_POINT('',(1.6891,-5.207,-13.9954));
#12397=AXIS2_PLACEMENT_3D('',#15425,#15426,#15427);
#12398=AXIS2_PLACEMENT_3D('',#15428,#15429,#15430);
#12399=CARTESIAN_POINT('',(3.7973,-5.207,-13.9954));
#12400=CARTESIAN_POINT('',(4.4323,-5.207,-13.9954));
#12401=AXIS2_PLACEMENT_3D('',#15431,#15432,#15433);
#12402=AXIS2_PLACEMENT_3D('',#15434,#15435,#15436);
#12403=CARTESIAN_POINT('',(7.8994,-6.2738,-6.30936));
#12404=VECTOR('',#15437,15.7988);
#12405=CARTESIAN_POINT('',(-9.4234,-6.2738,-12.25296));
#12406=CARTESIAN_POINT('',(-10.6553,-6.2738,-12.25296));
#12407=CARTESIAN_POINT('',(-9.4234,-6.2738,-12.25296));
#12408=VECTOR('',#15438,1.2319);
#12409=CARTESIAN_POINT('',(-9.4234,-6.2738,-18.60296));
#12410=VECTOR('',#15439,6.35);
#12411=CARTESIAN_POINT('',(9.4234,-6.2738,-12.25296));
#12412=CARTESIAN_POINT('',(9.4234,-6.2738,-18.60296));
#12413=VECTOR('',#15440,6.35);
#12414=CARTESIAN_POINT('',(10.6553,-6.2738,-12.25296));
#12415=CARTESIAN_POINT('',(10.6553,-6.2738,-12.25296));
#12416=VECTOR('',#15441,1.2319);
#12417=CARTESIAN_POINT('',(10.6553,-6.2738,-5.8928));
#12418=CARTESIAN_POINT('',(10.6553,-6.2738,-12.25296));
#12419=VECTOR('',#15442,6.36016);
#12420=CARTESIAN_POINT('',(-10.6553,-6.2738,-5.8928));
#12421=CARTESIAN_POINT('',(-10.6553,-6.2738,-5.8928));
#12422=VECTOR('',#15443,21.3106);
#12423=CARTESIAN_POINT('',(-10.6553,-6.2738,-5.8928));
#12424=VECTOR('',#15444,6.36016);
#12425=CARTESIAN_POINT('',(-10.6553,-5.3086,-12.25296));
#12426=CARTESIAN_POINT('',(-10.6553,-6.2738,-12.25296));
#12427=VECTOR('',#15445,0.9652);
#12428=CARTESIAN_POINT('',(-10.6553,-5.3086,-5.8928));
#12429=CARTESIAN_POINT('',(-10.6553,-6.2738,-5.8928));
#12430=VECTOR('',#15446,0.9652);
#12431=CARTESIAN_POINT('',(-10.6553,-5.3086,-5.8928));
#12432=VECTOR('',#15447,6.36016);
#12433=CARTESIAN_POINT('',(-9.4234,-5.3086,-12.25296));
#12434=CARTESIAN_POINT('',(-9.4234,-5.3086,-18.60296));
#12435=VECTOR('',#15448,6.35);
#12436=CARTESIAN_POINT('',(-9.4234,-5.3086,-12.25296));
#12437=VECTOR('',#15449,1.2319);
#12438=CARTESIAN_POINT('',(-14.2494,-5.3086,-5.8928));
#12439=CARTESIAN_POINT('',(-10.6553,-5.3086,-5.8928));
#12440=VECTOR('',#15450,3.5941);
#12441=CARTESIAN_POINT('',(-14.2494,-5.3086,-6.30936));
#12442=CARTESIAN_POINT('',(-14.2494,-5.3086,-5.8928));
#12443=VECTOR('',#15451,0.41656);
#12444=CARTESIAN_POINT('',(-15.5194,-5.3086,-6.30936));
#12445=VECTOR('',#15452,1.27);
#12446=CARTESIAN_POINT('',(-9.5758,-5.3086,-12.6492));
#12447=CARTESIAN_POINT('',(-10.7823,-5.3086,-12.6492));
#12448=CARTESIAN_POINT('',(-9.5758,-5.3086,-12.6492));
#12449=VECTOR('',#15453,1.2065);
#12450=CARTESIAN_POINT('',(-9.5758,-5.3086,-16.9164));
#12451=CARTESIAN_POINT('',(-9.5758,-5.3086,-16.9164));
#12452=VECTOR('',#15454,4.2672);
#12453=CARTESIAN_POINT('',(-11.1506,-5.3086,-18.4912));
#12454=AXIS2_PLACEMENT_3D('',#15455,#15456,#15457);
#12455=CARTESIAN_POINT('',(-13.843,-5.3086,-18.4912));
#12456=CARTESIAN_POINT('',(-13.843,-5.3086,-18.4912));
#12457=VECTOR('',#15458,2.6924);
#12458=CARTESIAN_POINT('',(-15.4178,-5.3086,-16.9164));
#12459=AXIS2_PLACEMENT_3D('',#15459,#15460,#15461);
#12460=CARTESIAN_POINT('',(-15.4178,-5.3086,-12.6492));
#12461=CARTESIAN_POINT('',(-15.4178,-5.3086,-12.6492));
#12462=VECTOR('',#15462,4.2672);
#12463=CARTESIAN_POINT('',(-14.2113,-5.3086,-12.6492));
#12464=CARTESIAN_POINT('',(-14.2113,-5.3086,-12.6492));
#12465=VECTOR('',#15463,1.2065);
#12466=CARTESIAN_POINT('',(-14.2113,-5.3086,-11.42584290465));
#12467=CARTESIAN_POINT('',(-14.2113,-5.3086,-11.42584290465));
#12468=VECTOR('',#15464,1.223357095353);
#12469=CARTESIAN_POINT('',(-10.7823,-5.3086,-11.42584290465));
#12470=CARTESIAN_POINT('',(-14.2113,-5.3086,-11.42584290465));
#12471=VECTOR('',#15465,3.429);
#12472=CARTESIAN_POINT('',(-10.7823,-5.3086,-12.6492));
#12473=VECTOR('',#15466,1.223357095353);
#12474=CARTESIAN_POINT('',(10.6553,-5.3086,-12.25296));
#12475=CARTESIAN_POINT('',(9.4234,-5.3086,-12.25296));
#12476=CARTESIAN_POINT('',(10.6553,-5.3086,-12.25296));
#12477=VECTOR('',#15467,1.2319);
#12478=CARTESIAN_POINT('',(9.4234,-5.3086,-12.25296));
#12479=VECTOR('',#15468,6.35);
#12480=CARTESIAN_POINT('',(14.2494,-5.3086,-6.30936));
#12481=CARTESIAN_POINT('',(14.2494,-5.3086,-6.30936));
#12482=VECTOR('',#15469,1.27);
#12483=CARTESIAN_POINT('',(14.2494,-5.3086,-5.8928));
#12484=CARTESIAN_POINT('',(14.2494,-5.3086,-5.8928));
#12485=VECTOR('',#15470,0.41656);
#12486=CARTESIAN_POINT('',(10.6553,-5.3086,-5.8928));
#12487=CARTESIAN_POINT('',(14.2494,-5.3086,-5.8928));
#12488=VECTOR('',#15471,3.5941);
#12489=CARTESIAN_POINT('',(10.6553,-5.3086,-5.8928));
#12490=VECTOR('',#15472,6.36016);
#12491=CARTESIAN_POINT('',(15.4178,-5.3086,-12.6492));
#12492=CARTESIAN_POINT('',(14.2113,-5.3086,-12.6492));
#12493=CARTESIAN_POINT('',(15.4178,-5.3086,-12.6492));
#12494=VECTOR('',#15473,1.2065);
#12495=CARTESIAN_POINT('',(15.4178,-5.3086,-16.9164));
#12496=CARTESIAN_POINT('',(15.4178,-5.3086,-12.6492));
#12497=VECTOR('',#15474,4.2672);
#12498=CARTESIAN_POINT('',(13.843,-5.3086,-18.4912));
#12499=AXIS2_PLACEMENT_3D('',#15475,#15476,#15477);
#12500=CARTESIAN_POINT('',(11.1506,-5.3086,-18.4912));
#12501=CARTESIAN_POINT('',(11.1506,-5.3086,-18.4912));
#12502=VECTOR('',#15478,2.6924);
#12503=CARTESIAN_POINT('',(9.5758,-5.3086,-16.9164));
#12504=AXIS2_PLACEMENT_3D('',#15479,#15480,#15481);
#12505=CARTESIAN_POINT('',(9.5758,-5.3086,-12.6492));
#12506=CARTESIAN_POINT('',(9.5758,-5.3086,-12.6492));
#12507=VECTOR('',#15482,4.2672);
#12508=CARTESIAN_POINT('',(10.7823,-5.3086,-12.6492));
#12509=CARTESIAN_POINT('',(10.7823,-5.3086,-12.6492));
#12510=VECTOR('',#15483,1.2065);
#12511=CARTESIAN_POINT('',(10.7823,-5.3086,-11.42584290465));
#12512=CARTESIAN_POINT('',(10.7823,-5.3086,-11.42584290465));
#12513=VECTOR('',#15484,1.223357095353);
#12514=CARTESIAN_POINT('',(14.2113,-5.3086,-11.42584290465));
#12515=CARTESIAN_POINT('',(10.7823,-5.3086,-11.42584290465));
#12516=VECTOR('',#15485,3.429);
#12517=CARTESIAN_POINT('',(14.2113,-5.3086,-12.6492));
#12518=VECTOR('',#15486,1.223357095353);
#12519=CARTESIAN_POINT('',(14.2113,-5.72516,-12.6492));
#12520=CARTESIAN_POINT('',(14.2113,-5.3086,-12.6492));
#12521=VECTOR('',#15487,0.41656);
#12522=CARTESIAN_POINT('',(14.2113,-5.72516,-11.84240290465));
#12523=CARTESIAN_POINT('',(14.2113,-5.3086,-11.42584290465));
#12524=VECTOR('',#15488,0.5891048015421);
#12525=CARTESIAN_POINT('',(14.2113,-5.72516,-12.6492));
#12526=VECTOR('',#15489,0.8067970953535);
#12527=CARTESIAN_POINT('',(10.7823,-5.72516,-11.84240290465));
#12528=CARTESIAN_POINT('',(10.7823,-5.72516,-11.84240290465));
#12529=VECTOR('',#15490,3.429);
#12530=CARTESIAN_POINT('',(10.7823,-5.72516,-12.6492));
#12531=CARTESIAN_POINT('',(10.7823,-5.72516,-11.84240290465));
#12532=VECTOR('',#15491,0.8067970953535);
#12533=CARTESIAN_POINT('',(9.5758,-5.72516,-12.6492));
#12534=CARTESIAN_POINT('',(10.7823,-5.72516,-12.6492));
#12535=VECTOR('',#15492,1.2065);
#12536=CARTESIAN_POINT('',(9.5758,-5.72516,-16.9164));
#12537=CARTESIAN_POINT('',(9.5758,-5.72516,-12.6492));
#12538=VECTOR('',#15493,4.2672);
#12539=CARTESIAN_POINT('',(11.1506,-5.72516,-18.4912));
#12540=AXIS2_PLACEMENT_3D('',#15494,#15495,#15496);
#12541=CARTESIAN_POINT('',(13.843,-5.72516,-18.4912));
#12542=CARTESIAN_POINT('',(11.1506,-5.72516,-18.4912));
#12543=VECTOR('',#15497,2.6924);
#12544=CARTESIAN_POINT('',(15.4178,-5.72516,-16.9164));
#12545=AXIS2_PLACEMENT_3D('',#15498,#15499,#15500);
#12546=CARTESIAN_POINT('',(15.4178,-5.72516,-12.6492));
#12547=CARTESIAN_POINT('',(15.4178,-5.72516,-16.9164));
#12548=VECTOR('',#15501,4.2672);
#12549=CARTESIAN_POINT('',(15.4178,-5.72516,-12.6492));
#12550=VECTOR('',#15502,1.2065);
#12551=CARTESIAN_POINT('',(9.65835,-5.72516,-15.4178));
#12552=CARTESIAN_POINT('',(15.33525,-5.72516,-15.4178));
#12553=AXIS2_PLACEMENT_3D('',#15503,#15504,#15505);
#12554=AXIS2_PLACEMENT_3D('',#15506,#15507,#15508);
#12555=CARTESIAN_POINT('',(-14.2113,-5.72516,-11.84240290465));
#12556=CARTESIAN_POINT('',(-10.7823,-5.72516,-11.84240290465));
#12557=CARTESIAN_POINT('',(-14.2113,-5.72516,-11.84240290465));
#12558=VECTOR('',#15509,3.429);
#12559=CARTESIAN_POINT('',(-14.2113,-5.72516,-12.6492));
#12560=CARTESIAN_POINT('',(-14.2113,-5.72516,-11.84240290465));
#12561=VECTOR('',#15510,0.8067970953535);
#12562=CARTESIAN_POINT('',(-15.4178,-5.72516,-12.6492));
#12563=CARTESIAN_POINT('',(-14.2113,-5.72516,-12.6492));
#12564=VECTOR('',#15511,1.2065);
#12565=CARTESIAN_POINT('',(-15.4178,-5.72516,-16.9164));
#12566=CARTESIAN_POINT('',(-15.4178,-5.72516,-12.6492));
#12567=VECTOR('',#15512,4.2672);
#12568=CARTESIAN_POINT('',(-13.843,-5.72516,-18.4912));
#12569=AXIS2_PLACEMENT_3D('',#15513,#15514,#15515);
#12570=CARTESIAN_POINT('',(-11.1506,-5.72516,-18.4912));
#12571=CARTESIAN_POINT('',(-13.843,-5.72516,-18.4912));
#12572=VECTOR('',#15516,2.6924);
#12573=CARTESIAN_POINT('',(-9.5758,-5.72516,-16.9164));
#12574=AXIS2_PLACEMENT_3D('',#15517,#15518,#15519);
#12575=CARTESIAN_POINT('',(-9.5758,-5.72516,-12.6492));
#12576=CARTESIAN_POINT('',(-9.5758,-5.72516,-16.9164));
#12577=VECTOR('',#15520,4.2672);
#12578=CARTESIAN_POINT('',(-10.7823,-5.72516,-12.6492));
#12579=CARTESIAN_POINT('',(-9.5758,-5.72516,-12.6492));
#12580=VECTOR('',#15521,1.2065);
#12581=CARTESIAN_POINT('',(-10.7823,-5.72516,-12.6492));
#12582=VECTOR('',#15522,0.8067970953535);
#12583=CARTESIAN_POINT('',(-15.33525,-5.72516,-15.4178));
#12584=CARTESIAN_POINT('',(-9.65835,-5.72516,-15.4178));
#12585=AXIS2_PLACEMENT_3D('',#15523,#15524,#15525);
#12586=AXIS2_PLACEMENT_3D('',#15526,#15527,#15528);
#12587=CARTESIAN_POINT('',(14.0462,-5.72516,-15.4178));
#12588=CARTESIAN_POINT('',(10.9474,-5.72516,-15.4178));
#12589=AXIS2_PLACEMENT_3D('',#15529,#15530,#15531);
#12590=AXIS2_PLACEMENT_3D('',#15532,#15533,#15534);
#12591=CARTESIAN_POINT('',(11.1633,-5.72516,-16.129));
#12592=CARTESIAN_POINT('',(11.1633,-5.72516,-14.7066));
#12593=CARTESIAN_POINT('',(11.1633,-5.72516,-16.129));
#12594=VECTOR('',#15535,1.4224);
#12595=CARTESIAN_POINT('',(11.48334,-5.72516,-14.7066));
#12596=CARTESIAN_POINT('',(11.1633,-5.72516,-14.7066));
#12597=VECTOR('',#15536,0.32004);
#12598=CARTESIAN_POINT('',(11.48334,-5.72516,-16.129));
#12599=CARTESIAN_POINT('',(11.48334,-5.72516,-16.129));
#12600=VECTOR('',#15537,1.4224);
#12601=CARTESIAN_POINT('',(11.1633,-5.72516,-16.129));
#12602=VECTOR('',#15538,0.32004);
#12603=CARTESIAN_POINT('',(13.51026,-5.72516,-16.129));
#12604=CARTESIAN_POINT('',(13.51026,-5.72516,-14.7066));
#12605=CARTESIAN_POINT('',(13.51026,-5.72516,-16.129));
#12606=VECTOR('',#15539,1.4224);
#12607=CARTESIAN_POINT('',(13.8303,-5.72516,-14.7066));
#12608=CARTESIAN_POINT('',(13.51026,-5.72516,-14.7066));
#12609=VECTOR('',#15540,0.32004);
#12610=CARTESIAN_POINT('',(13.8303,-5.72516,-16.129));
#12611=CARTESIAN_POINT('',(13.8303,-5.72516,-16.129));
#12612=VECTOR('',#15541,1.4224);
#12613=CARTESIAN_POINT('',(13.51026,-5.72516,-16.129));
#12614=VECTOR('',#15542,0.32004);
#12615=CARTESIAN_POINT('',(11.7856,-5.72516,-14.0843));
#12616=CARTESIAN_POINT('',(13.208,-5.72516,-14.0843));
#12617=CARTESIAN_POINT('',(11.7856,-5.72516,-14.0843));
#12618=VECTOR('',#15543,1.4224);
#12619=CARTESIAN_POINT('',(13.208,-5.72516,-14.40434));
#12620=CARTESIAN_POINT('',(13.208,-5.72516,-14.0843));
#12621=VECTOR('',#15544,0.32004);
#12622=CARTESIAN_POINT('',(11.7856,-5.72516,-14.40434));
#12623=CARTESIAN_POINT('',(11.7856,-5.72516,-14.40434));
#12624=VECTOR('',#15545,1.4224);
#12625=CARTESIAN_POINT('',(11.7856,-5.72516,-14.0843));
#12626=VECTOR('',#15546,0.32004);
#12627=CARTESIAN_POINT('',(11.7856,-5.72516,-16.43126));
#12628=CARTESIAN_POINT('',(13.208,-5.72516,-16.43126));
#12629=CARTESIAN_POINT('',(11.7856,-5.72516,-16.43126));
#12630=VECTOR('',#15547,1.4224);
#12631=CARTESIAN_POINT('',(13.208,-5.72516,-16.7513));
#12632=CARTESIAN_POINT('',(13.208,-5.72516,-16.43126));
#12633=VECTOR('',#15548,0.32004);
#12634=CARTESIAN_POINT('',(11.7856,-5.72516,-16.7513));
#12635=CARTESIAN_POINT('',(11.7856,-5.72516,-16.7513));
#12636=VECTOR('',#15549,1.4224);
#12637=CARTESIAN_POINT('',(11.7856,-5.72516,-16.43126));
#12638=VECTOR('',#15550,0.32004);
#12639=CARTESIAN_POINT('',(-10.9474,-5.72516,-15.4178));
#12640=CARTESIAN_POINT('',(-14.0462,-5.72516,-15.4178));
#12641=AXIS2_PLACEMENT_3D('',#15551,#15552,#15553);
#12642=AXIS2_PLACEMENT_3D('',#15554,#15555,#15556);
#12643=CARTESIAN_POINT('',(-13.8303,-5.72516,-16.129));
#12644=CARTESIAN_POINT('',(-13.8303,-5.72516,-14.7066));
#12645=CARTESIAN_POINT('',(-13.8303,-5.72516,-16.129));
#12646=VECTOR('',#15557,1.4224);
#12647=CARTESIAN_POINT('',(-13.51026,-5.72516,-14.7066));
#12648=CARTESIAN_POINT('',(-13.8303,-5.72516,-14.7066));
#12649=VECTOR('',#15558,0.32004);
#12650=CARTESIAN_POINT('',(-13.51026,-5.72516,-16.129));
#12651=CARTESIAN_POINT('',(-13.51026,-5.72516,-16.129));
#12652=VECTOR('',#15559,1.4224);
#12653=CARTESIAN_POINT('',(-13.8303,-5.72516,-16.129));
#12654=VECTOR('',#15560,0.32004);
#12655=CARTESIAN_POINT('',(-11.48334,-5.72516,-16.129));
#12656=CARTESIAN_POINT('',(-11.48334,-5.72516,-14.7066));
#12657=CARTESIAN_POINT('',(-11.48334,-5.72516,-16.129));
#12658=VECTOR('',#15561,1.4224);
#12659=CARTESIAN_POINT('',(-11.1633,-5.72516,-14.7066));
#12660=CARTESIAN_POINT('',(-11.48334,-5.72516,-14.7066));
#12661=VECTOR('',#15562,0.32004);
#12662=CARTESIAN_POINT('',(-11.1633,-5.72516,-16.129));
#12663=CARTESIAN_POINT('',(-11.1633,-5.72516,-16.129));
#12664=VECTOR('',#15563,1.4224);
#12665=CARTESIAN_POINT('',(-11.48334,-5.72516,-16.129));
#12666=VECTOR('',#15564,0.32004);
#12667=CARTESIAN_POINT('',(-11.7856,-5.72516,-16.7513));
#12668=CARTESIAN_POINT('',(-13.208,-5.72516,-16.7513));
#12669=CARTESIAN_POINT('',(-11.7856,-5.72516,-16.7513));
#12670=VECTOR('',#15565,1.4224);
#12671=CARTESIAN_POINT('',(-13.208,-5.72516,-16.43126));
#12672=CARTESIAN_POINT('',(-13.208,-5.72516,-16.7513));
#12673=VECTOR('',#15566,0.32004);
#12674=CARTESIAN_POINT('',(-11.7856,-5.72516,-16.43126));
#12675=CARTESIAN_POINT('',(-11.7856,-5.72516,-16.43126));
#12676=VECTOR('',#15567,1.4224);
#12677=CARTESIAN_POINT('',(-11.7856,-5.72516,-16.7513));
#12678=VECTOR('',#15568,0.32004);
#12679=CARTESIAN_POINT('',(-11.7856,-5.72516,-14.40434));
#12680=CARTESIAN_POINT('',(-13.208,-5.72516,-14.40434));
#12681=CARTESIAN_POINT('',(-11.7856,-5.72516,-14.40434));
#12682=VECTOR('',#15569,1.4224);
#12683=CARTESIAN_POINT('',(-13.208,-5.72516,-14.0843));
#12684=CARTESIAN_POINT('',(-13.208,-5.72516,-14.40434));
#12685=VECTOR('',#15570,0.32004);
#12686=CARTESIAN_POINT('',(-11.7856,-5.72516,-14.0843));
#12687=CARTESIAN_POINT('',(-11.7856,-5.72516,-14.0843));
#12688=VECTOR('',#15571,1.4224);
#12689=CARTESIAN_POINT('',(-11.7856,-5.72516,-14.40434));
#12690=VECTOR('',#15572,0.32004);
#12691=CARTESIAN_POINT('',(15.4178,-5.3086,-12.6492));
#12692=VECTOR('',#15573,0.41656);
#12693=CARTESIAN_POINT('',(15.4178,-5.3086,-16.9164));
#12694=VECTOR('',#15574,0.41656);
#12695=CARTESIAN_POINT('',(13.843,-5.3086,-18.4912));
#12696=VECTOR('',#15575,0.41656);
#12697=CARTESIAN_POINT('',(11.1506,-5.3086,-18.4912));
#12698=VECTOR('',#15576,0.41656);
#12699=CARTESIAN_POINT('',(9.5758,-5.3086,-16.9164));
#12700=VECTOR('',#15577,0.41656);
#12701=CARTESIAN_POINT('',(9.5758,-5.3086,-12.6492));
#12702=VECTOR('',#15578,0.41656);
#12703=CARTESIAN_POINT('',(10.7823,-5.3086,-12.6492));
#12704=VECTOR('',#15579,0.41656);
#12705=CARTESIAN_POINT('',(10.7823,-5.72516,-11.84240290465));
#12706=VECTOR('',#15580,0.5891048015421);
#12707=CARTESIAN_POINT('',(-10.7823,-5.3086,-12.6492));
#12708=VECTOR('',#15581,0.41656);
#12709=CARTESIAN_POINT('',(-10.7823,-5.72516,-11.84240290465));
#12710=VECTOR('',#15582,0.5891048015421);
#12711=CARTESIAN_POINT('',(-14.2113,-5.72516,-11.84240290465));
#12712=VECTOR('',#15583,0.5891048015421);
#12713=CARTESIAN_POINT('',(-14.2113,-5.3086,-12.6492));
#12714=VECTOR('',#15584,0.41656);
#12715=CARTESIAN_POINT('',(-15.4178,-5.3086,-12.6492));
#12716=VECTOR('',#15585,0.41656);
#12717=CARTESIAN_POINT('',(-15.4178,-5.3086,-16.9164));
#12718=VECTOR('',#15586,0.41656);
#12719=CARTESIAN_POINT('',(-13.843,-5.3086,-18.4912));
#12720=VECTOR('',#15587,0.41656);
#12721=CARTESIAN_POINT('',(-11.1506,-5.3086,-18.4912));
#12722=VECTOR('',#15588,0.41656);
#12723=CARTESIAN_POINT('',(-9.5758,-5.3086,-16.9164));
#12724=VECTOR('',#15589,0.41656);
#12725=CARTESIAN_POINT('',(-9.5758,-5.3086,-12.6492));
#12726=VECTOR('',#15590,0.41656);
#12727=CARTESIAN_POINT('',(9.65835,-5.97916,-15.4178));
#12728=CARTESIAN_POINT('',(9.65835,-5.72516,-15.4178));
#12729=VECTOR('',#15591,0.254);
#12730=CARTESIAN_POINT('',(15.33525,-5.97916,-15.4178));
#12731=AXIS2_PLACEMENT_3D('',#15592,#15593,#15594);
#12732=CARTESIAN_POINT('',(15.33525,-5.72516,-15.4178));
#12733=VECTOR('',#15595,0.254);
#12734=AXIS2_PLACEMENT_3D('',#15596,#15597,#15598);
#12735=CARTESIAN_POINT('',(10.9474,-5.97916,-15.4178));
#12736=CARTESIAN_POINT('',(14.0462,-5.97916,-15.4178));
#12737=AXIS2_PLACEMENT_3D('',#15599,#15600,#15601);
#12738=AXIS2_PLACEMENT_3D('',#15602,#15603,#15604);
#12739=CARTESIAN_POINT('',(-15.33525,-5.97916,-15.4178));
#12740=CARTESIAN_POINT('',(-9.65835,-5.97916,-15.4178));
#12741=AXIS2_PLACEMENT_3D('',#15605,#15606,#15607);
#12742=AXIS2_PLACEMENT_3D('',#15608,#15609,#15610);
#12743=CARTESIAN_POINT('',(-14.0462,-5.97916,-15.4178));
#12744=CARTESIAN_POINT('',(-10.9474,-5.97916,-15.4178));
#12745=AXIS2_PLACEMENT_3D('',#15611,#15612,#15613);
#12746=AXIS2_PLACEMENT_3D('',#15614,#15615,#15616);
#12747=CARTESIAN_POINT('',(-15.33525,-5.72516,-15.4178));
#12748=VECTOR('',#15617,0.254);
#12749=CARTESIAN_POINT('',(-9.65835,-5.72516,-15.4178));
#12750=VECTOR('',#15618,0.254);
#12751=CARTESIAN_POINT('',(10.9474,-5.72516,-15.4178));
#12752=VECTOR('',#15619,0.254);
#12753=CARTESIAN_POINT('',(14.0462,-5.72516,-15.4178));
#12754=VECTOR('',#15620,0.254);
#12755=CARTESIAN_POINT('',(-14.0462,-5.72516,-15.4178));
#12756=VECTOR('',#15621,0.254);
#12757=CARTESIAN_POINT('',(-10.9474,-5.72516,-15.4178));
#12758=VECTOR('',#15622,0.254);
#12759=CARTESIAN_POINT('',(13.8303,-7.07136,-16.129));
#12760=CARTESIAN_POINT('',(13.8303,-7.07136,-16.129));
#12761=VECTOR('',#15623,1.3462);
#12762=CARTESIAN_POINT('',(13.8928476885,-7.19445476885,-16.129));
#12763=AXIS2_PLACEMENT_3D('',#15624,#15625,#15626);
#12764=CARTESIAN_POINT('',(14.206007705,-7.423044103833,-16.129));
#12765=VECTOR('',#15627,0.3877141730708);
#12766=CARTESIAN_POINT('',(14.34285162764,-8.093477775354,-16.129));
#12767=AXIS2_PLACEMENT_3D('',#15628,#15629,#15630);
#12768=CARTESIAN_POINT('',(13.48343653832,-9.53516,-16.129));
#12769=CARTESIAN_POINT('',(13.48343653832,-9.53516,-16.129));
#12770=VECTOR('',#15631,1.678404579535);
#12771=CARTESIAN_POINT('',(13.37434863141,-9.470130556161,-16.129));
#12772=CARTESIAN_POINT('',(13.37434863141,-9.470130556161,-16.129));
#12773=VECTOR('',#15632,0.127);
#12774=CARTESIAN_POINT('',(13.37973915,-9.084088189692,-16.129));
#12775=CARTESIAN_POINT('',(13.37973915,-9.084088189692,-16.129));
#12776=VECTOR('',#15633,0.38608);
#12777=CARTESIAN_POINT('',(14.06795010223,-7.929603576881,-16.129));
#12778=CARTESIAN_POINT('',(14.06795010223,-7.929603576881,-16.129));
#12779=VECTOR('',#15634,1.344049491642);
#12780=AXIS2_PLACEMENT_3D('',#15635,#15636,#15637);
#12781=CARTESIAN_POINT('',(13.70415783435,-7.452953783435,-16.129));
#12782=CARTESIAN_POINT('',(13.70415783435,-7.452953783435,-16.129));
#12783=VECTOR('',#15638,0.3877141730708);
#12784=CARTESIAN_POINT('',(13.51026,-7.07136,-16.129));
#12785=AXIS2_PLACEMENT_3D('',#15639,#15640,#15641);
#12786=CARTESIAN_POINT('',(13.51026,-5.72516,-16.129));
#12787=VECTOR('',#15642,1.3462);
#12788=CARTESIAN_POINT('',(11.48334,-7.07136,-16.129));
#12789=CARTESIAN_POINT('',(11.48334,-7.07136,-16.129));
#12790=VECTOR('',#15643,1.3462);
#12791=CARTESIAN_POINT('',(11.28944216565,-7.452953783435,-16.129));
#12792=AXIS2_PLACEMENT_3D('',#15644,#15645,#15646);
#12793=CARTESIAN_POINT('',(10.97628214915,-7.681543118418,-16.129));
#12794=VECTOR('',#15647,0.3877141730708);
#12795=CARTESIAN_POINT('',(10.92564989777,-7.929603576881,-16.129));
#12796=AXIS2_PLACEMENT_3D('',#15648,#15649,#15650);
#12797=CARTESIAN_POINT('',(11.61386085,-9.084088189692,-16.129));
#12798=CARTESIAN_POINT('',(11.61386085,-9.084088189692,-16.129));
#12799=VECTOR('',#15651,1.344049491642);
#12800=CARTESIAN_POINT('',(11.61925136859,-9.470130556161,-16.129));
#12801=CARTESIAN_POINT('',(11.61925136859,-9.470130556161,-16.129));
#12802=VECTOR('',#15652,0.38608);
#12803=CARTESIAN_POINT('',(11.51016346168,-9.53516,-16.129));
#12804=CARTESIAN_POINT('',(11.51016346168,-9.53516,-16.129));
#12805=VECTOR('',#15653,0.127);
#12806=CARTESIAN_POINT('',(10.65074837236,-8.093477775354,-16.129));
#12807=CARTESIAN_POINT('',(10.65074837236,-8.093477775354,-16.129));
#12808=VECTOR('',#15654,1.678404579535);
#12809=AXIS2_PLACEMENT_3D('',#15655,#15656,#15657);
#12810=CARTESIAN_POINT('',(11.1007523115,-7.19445476885,-16.129));
#12811=CARTESIAN_POINT('',(11.1007523115,-7.19445476885,-16.129));
#12812=VECTOR('',#15658,0.3877141730708);
#12813=CARTESIAN_POINT('',(11.1633,-7.07136,-16.129));
#12814=AXIS2_PLACEMENT_3D('',#15659,#15660,#15661);
#12815=CARTESIAN_POINT('',(11.1633,-5.72516,-16.129));
#12816=VECTOR('',#15662,1.3462);
#12817=CARTESIAN_POINT('',(-13.51026,-7.07136,-16.129));
#12818=CARTESIAN_POINT('',(-13.51026,-7.07136,-16.129));
#12819=VECTOR('',#15663,1.3462);
#12820=CARTESIAN_POINT('',(-13.70415783435,-7.452953783435,-16.129));
#12821=AXIS2_PLACEMENT_3D('',#15664,#15665,#15666);
#12822=CARTESIAN_POINT('',(-14.01731785085,-7.681543118418,-16.129));
#12823=VECTOR('',#15667,0.3877141730708);
#12824=CARTESIAN_POINT('',(-14.06795010223,-7.929603576881,-16.129));
#12825=AXIS2_PLACEMENT_3D('',#15668,#15669,#15670);
#12826=CARTESIAN_POINT('',(-13.37973915,-9.084088189692,-16.129));
#12827=CARTESIAN_POINT('',(-13.37973915,-9.084088189692,-16.129));
#12828=VECTOR('',#15671,1.344049491642);
#12829=CARTESIAN_POINT('',(-13.37434863141,-9.470130556161,-16.129));
#12830=CARTESIAN_POINT('',(-13.37434863141,-9.470130556161,-16.129));
#12831=VECTOR('',#15672,0.38608);
#12832=CARTESIAN_POINT('',(-13.48343653832,-9.53516,-16.129));
#12833=CARTESIAN_POINT('',(-13.48343653832,-9.53516,-16.129));
#12834=VECTOR('',#15673,0.127);
#12835=CARTESIAN_POINT('',(-14.34285162764,-8.093477775354,-16.129));
#12836=CARTESIAN_POINT('',(-14.34285162764,-8.093477775354,-16.129));
#12837=VECTOR('',#15674,1.678404579535);
#12838=AXIS2_PLACEMENT_3D('',#15675,#15676,#15677);
#12839=CARTESIAN_POINT('',(-13.8928476885,-7.19445476885,-16.129));
#12840=CARTESIAN_POINT('',(-13.8928476885,-7.19445476885,-16.129));
#12841=VECTOR('',#15678,0.3877141730708);
#12842=CARTESIAN_POINT('',(-13.8303,-7.07136,-16.129));
#12843=AXIS2_PLACEMENT_3D('',#15679,#15680,#15681);
#12844=CARTESIAN_POINT('',(-13.8303,-5.72516,-16.129));
#12845=VECTOR('',#15682,1.3462);
#12846=CARTESIAN_POINT('',(-11.1633,-7.07136,-16.129));
#12847=CARTESIAN_POINT('',(-11.1633,-7.07136,-16.129));
#12848=VECTOR('',#15683,1.3462);
#12849=CARTESIAN_POINT('',(-11.1007523115,-7.19445476885,-16.129));
#12850=AXIS2_PLACEMENT_3D('',#15684,#15685,#15686);
#12851=CARTESIAN_POINT('',(-10.787592295,-7.423044103833,-16.129));
#12852=VECTOR('',#15687,0.3877141730708);
#12853=CARTESIAN_POINT('',(-10.65074837236,-8.093477775354,-16.129));
#12854=AXIS2_PLACEMENT_3D('',#15688,#15689,#15690);
#12855=CARTESIAN_POINT('',(-11.51016346168,-9.53516,-16.129));
#12856=CARTESIAN_POINT('',(-11.51016346168,-9.53516,-16.129));
#12857=VECTOR('',#15691,1.678404579535);
#12858=CARTESIAN_POINT('',(-11.61925136859,-9.470130556161,-16.129));
#12859=CARTESIAN_POINT('',(-11.61925136859,-9.470130556161,-16.129));
#12860=VECTOR('',#15692,0.127);
#12861=CARTESIAN_POINT('',(-11.61386085,-9.084088189692,-16.129));
#12862=CARTESIAN_POINT('',(-11.61386085,-9.084088189692,-16.129));
#12863=VECTOR('',#15693,0.38608);
#12864=CARTESIAN_POINT('',(-10.92564989777,-7.929603576881,-16.129));
#12865=CARTESIAN_POINT('',(-10.92564989777,-7.929603576881,-16.129));
#12866=VECTOR('',#15694,1.344049491642);
#12867=AXIS2_PLACEMENT_3D('',#15695,#15696,#15697);
#12868=CARTESIAN_POINT('',(-11.28944216565,-7.452953783435,-16.129));
#12869=CARTESIAN_POINT('',(-11.28944216565,-7.452953783435,-16.129));
#12870=VECTOR('',#15698,0.3877141730708);
#12871=CARTESIAN_POINT('',(-11.48334,-7.07136,-16.129));
#12872=AXIS2_PLACEMENT_3D('',#15699,#15700,#15701);
#12873=CARTESIAN_POINT('',(-11.48334,-5.72516,-16.129));
#12874=VECTOR('',#15702,1.3462);
#12875=CARTESIAN_POINT('',(13.51026,-7.07136,-14.7066));
#12876=CARTESIAN_POINT('',(13.51026,-7.07136,-16.129));
#12877=VECTOR('',#15703,1.4224);
#12878=CARTESIAN_POINT('',(13.51026,-5.72516,-14.7066));
#12879=VECTOR('',#15704,1.3462);
#12880=CARTESIAN_POINT('',(13.70415783435,-7.452953783435,-14.7066));
#12881=AXIS2_PLACEMENT_3D('',#15705,#15706,#15707);
#12882=CARTESIAN_POINT('',(13.70415783435,-7.452953783435,-14.7066));
#12883=VECTOR('',#15708,0.3877141730708);
#12884=CARTESIAN_POINT('',(14.06795010223,-7.929603576881,-14.7066));
#12885=AXIS2_PLACEMENT_3D('',#15709,#15710,#15711);
#12886=CARTESIAN_POINT('',(13.37973915,-9.084088189692,-14.7066));
#12887=CARTESIAN_POINT('',(14.06795010223,-7.929603576881,-14.7066));
#12888=VECTOR('',#15712,1.344049491642);
#12889=CARTESIAN_POINT('',(13.37434863141,-9.470130556161,-14.7066));
#12890=CARTESIAN_POINT('',(13.37973915,-9.084088189692,-14.7066));
#12891=VECTOR('',#15713,0.38608);
#12892=CARTESIAN_POINT('',(13.48343653832,-9.53516,-14.7066));
#12893=CARTESIAN_POINT('',(13.37434863141,-9.470130556161,-14.7066));
#12894=VECTOR('',#15714,0.127);
#12895=CARTESIAN_POINT('',(14.34285162764,-8.093477775354,-14.7066));
#12896=CARTESIAN_POINT('',(13.48343653832,-9.53516,-14.7066));
#12897=VECTOR('',#15715,1.678404579535);
#12898=AXIS2_PLACEMENT_3D('',#15716,#15717,#15718);
#12899=CARTESIAN_POINT('',(13.8928476885,-7.19445476885,-14.7066));
#12900=CARTESIAN_POINT('',(14.206007705,-7.423044103833,-14.7066));
#12901=VECTOR('',#15719,0.3877141730708);
#12902=CARTESIAN_POINT('',(13.8303,-7.07136,-14.7066));
#12903=AXIS2_PLACEMENT_3D('',#15720,#15721,#15722);
#12904=CARTESIAN_POINT('',(13.8303,-7.07136,-14.7066));
#12905=VECTOR('',#15723,1.3462);
#12906=CARTESIAN_POINT('',(11.1633,-7.07136,-14.7066));
#12907=CARTESIAN_POINT('',(11.1007523115,-7.19445476885,-14.7066));
#12908=AXIS2_PLACEMENT_3D('',#15724,#15725,#15726);
#12909=CARTESIAN_POINT('',(11.1007523115,-7.19445476885,-14.7066));
#12910=VECTOR('',#15727,0.3877141730708);
#12911=CARTESIAN_POINT('',(10.65074837236,-8.093477775354,-14.7066));
#12912=AXIS2_PLACEMENT_3D('',#15728,#15729,#15730);
#12913=CARTESIAN_POINT('',(11.51016346168,-9.53516,-14.7066));
#12914=CARTESIAN_POINT('',(10.65074837236,-8.093477775354,-14.7066));
#12915=VECTOR('',#15731,1.678404579535);
#12916=CARTESIAN_POINT('',(11.61925136859,-9.470130556161,-14.7066));
#12917=CARTESIAN_POINT('',(11.51016346168,-9.53516,-14.7066));
#12918=VECTOR('',#15732,0.127);
#12919=CARTESIAN_POINT('',(11.61386085,-9.084088189692,-14.7066));
#12920=CARTESIAN_POINT('',(11.61925136859,-9.470130556161,-14.7066));
#12921=VECTOR('',#15733,0.38608);
#12922=CARTESIAN_POINT('',(10.92564989777,-7.929603576881,-14.7066));
#12923=CARTESIAN_POINT('',(11.61386085,-9.084088189692,-14.7066));
#12924=VECTOR('',#15734,1.344049491642);
#12925=AXIS2_PLACEMENT_3D('',#15735,#15736,#15737);
#12926=CARTESIAN_POINT('',(11.28944216565,-7.452953783435,-14.7066));
#12927=CARTESIAN_POINT('',(10.97628214915,-7.681543118418,-14.7066));
#12928=VECTOR('',#15738,0.3877141730708);
#12929=CARTESIAN_POINT('',(11.48334,-7.07136,-14.7066));
#12930=AXIS2_PLACEMENT_3D('',#15739,#15740,#15741);
#12931=CARTESIAN_POINT('',(11.48334,-7.07136,-14.7066));
#12932=VECTOR('',#15742,1.3462);
#12933=CARTESIAN_POINT('',(11.1633,-5.72516,-14.7066));
#12934=VECTOR('',#15743,1.3462);
#12935=CARTESIAN_POINT('',(-13.8303,-7.07136,-14.7066));
#12936=CARTESIAN_POINT('',(-13.8928476885,-7.19445476885,-14.7066));
#12937=AXIS2_PLACEMENT_3D('',#15744,#15745,#15746);
#12938=CARTESIAN_POINT('',(-13.8928476885,-7.19445476885,-14.7066));
#12939=VECTOR('',#15747,0.3877141730708);
#12940=CARTESIAN_POINT('',(-14.34285162764,-8.093477775354,-14.7066));
#12941=AXIS2_PLACEMENT_3D('',#15748,#15749,#15750);
#12942=CARTESIAN_POINT('',(-13.48343653832,-9.53516,-14.7066));
#12943=CARTESIAN_POINT('',(-14.34285162764,-8.093477775354,-14.7066));
#12944=VECTOR('',#15751,1.678404579535);
#12945=CARTESIAN_POINT('',(-13.37434863141,-9.470130556161,-14.7066));
#12946=CARTESIAN_POINT('',(-13.48343653832,-9.53516,-14.7066));
#12947=VECTOR('',#15752,0.127);
#12948=CARTESIAN_POINT('',(-13.37973915,-9.084088189692,-14.7066));
#12949=CARTESIAN_POINT('',(-13.37434863141,-9.470130556161,-14.7066));
#12950=VECTOR('',#15753,0.38608);
#12951=CARTESIAN_POINT('',(-14.06795010223,-7.929603576881,-14.7066));
#12952=CARTESIAN_POINT('',(-13.37973915,-9.084088189692,-14.7066));
#12953=VECTOR('',#15754,1.344049491642);
#12954=AXIS2_PLACEMENT_3D('',#15755,#15756,#15757);
#12955=CARTESIAN_POINT('',(-13.70415783435,-7.452953783435,-14.7066));
#12956=CARTESIAN_POINT('',(-14.01731785085,-7.681543118418,-14.7066));
#12957=VECTOR('',#15758,0.3877141730708);
#12958=CARTESIAN_POINT('',(-13.51026,-7.07136,-14.7066));
#12959=AXIS2_PLACEMENT_3D('',#15759,#15760,#15761);
#12960=CARTESIAN_POINT('',(-13.51026,-7.07136,-14.7066));
#12961=VECTOR('',#15762,1.3462);
#12962=CARTESIAN_POINT('',(-13.8303,-5.72516,-14.7066));
#12963=VECTOR('',#15763,1.3462);
#12964=CARTESIAN_POINT('',(-11.48334,-7.07136,-14.7066));
#12965=CARTESIAN_POINT('',(-11.28944216565,-7.452953783435,-14.7066));
#12966=AXIS2_PLACEMENT_3D('',#15764,#15765,#15766);
#12967=CARTESIAN_POINT('',(-11.28944216565,-7.452953783435,-14.7066));
#12968=VECTOR('',#15767,0.3877141730708);
#12969=CARTESIAN_POINT('',(-10.92564989777,-7.929603576881,-14.7066));
#12970=AXIS2_PLACEMENT_3D('',#15768,#15769,#15770);
#12971=CARTESIAN_POINT('',(-11.61386085,-9.084088189692,-14.7066));
#12972=CARTESIAN_POINT('',(-10.92564989777,-7.929603576881,-14.7066));
#12973=VECTOR('',#15771,1.344049491642);
#12974=CARTESIAN_POINT('',(-11.61925136859,-9.470130556161,-14.7066));
#12975=CARTESIAN_POINT('',(-11.61386085,-9.084088189692,-14.7066));
#12976=VECTOR('',#15772,0.38608);
#12977=CARTESIAN_POINT('',(-11.51016346168,-9.53516,-14.7066));
#12978=CARTESIAN_POINT('',(-11.61925136859,-9.470130556161,-14.7066));
#12979=VECTOR('',#15773,0.127);
#12980=CARTESIAN_POINT('',(-10.65074837236,-8.093477775354,-14.7066));
#12981=CARTESIAN_POINT('',(-11.51016346168,-9.53516,-14.7066));
#12982=VECTOR('',#15774,1.678404579535);
#12983=AXIS2_PLACEMENT_3D('',#15775,#15776,#15777);
#12984=CARTESIAN_POINT('',(-11.1007523115,-7.19445476885,-14.7066));
#12985=CARTESIAN_POINT('',(-10.787592295,-7.423044103833,-14.7066));
#12986=VECTOR('',#15778,0.3877141730708);
#12987=CARTESIAN_POINT('',(-11.1633,-7.07136,-14.7066));
#12988=AXIS2_PLACEMENT_3D('',#15779,#15780,#15781);
#12989=CARTESIAN_POINT('',(-11.1633,-7.07136,-14.7066));
#12990=VECTOR('',#15782,1.3462);
#12991=CARTESIAN_POINT('',(-11.48334,-5.72516,-14.7066));
#12992=VECTOR('',#15783,1.3462);
#12993=CARTESIAN_POINT('',(13.8303,-7.07136,-16.129));
#12994=VECTOR('',#15784,1.4224);
#12995=CARTESIAN_POINT('',(13.8928476885,-7.19445476885,-16.129));
#12996=VECTOR('',#15785,1.4224);
#12997=CARTESIAN_POINT('',(14.34285162764,-8.093477775354,-16.129));
#12998=VECTOR('',#15786,1.4224);
#12999=CARTESIAN_POINT('',(13.48343653832,-9.53516,-16.129));
#13000=VECTOR('',#15787,1.4224);
#13001=CARTESIAN_POINT('',(13.37434863141,-9.470130556161,-16.129));
#13002=VECTOR('',#15788,1.4224);
#13003=CARTESIAN_POINT('',(13.37973915,-9.084088189692,-16.129));
#13004=VECTOR('',#15789,1.4224);
#13005=CARTESIAN_POINT('',(14.06795010223,-7.929603576881,-16.129));
#13006=VECTOR('',#15790,1.4224);
#13007=CARTESIAN_POINT('',(13.70415783435,-7.452953783435,-16.129));
#13008=VECTOR('',#15791,1.4224);
#13009=CARTESIAN_POINT('',(11.1633,-7.07136,-16.129));
#13010=VECTOR('',#15792,1.4224);
#13011=CARTESIAN_POINT('',(11.1007523115,-7.19445476885,-16.129));
#13012=VECTOR('',#15793,1.4224);
#13013=CARTESIAN_POINT('',(10.65074837236,-8.093477775354,-16.129));
#13014=VECTOR('',#15794,1.4224);
#13015=CARTESIAN_POINT('',(11.51016346168,-9.53516,-16.129));
#13016=VECTOR('',#15795,1.4224);
#13017=CARTESIAN_POINT('',(11.61925136859,-9.470130556161,-16.129));
#13018=VECTOR('',#15796,1.4224);
#13019=CARTESIAN_POINT('',(11.61386085,-9.084088189692,-16.129));
#13020=VECTOR('',#15797,1.4224);
#13021=CARTESIAN_POINT('',(10.92564989777,-7.929603576881,-16.129));
#13022=VECTOR('',#15798,1.4224);
#13023=CARTESIAN_POINT('',(11.28944216565,-7.452953783435,-16.129));
#13024=VECTOR('',#15799,1.4224);
#13025=CARTESIAN_POINT('',(11.48334,-7.07136,-16.129));
#13026=VECTOR('',#15800,1.4224);
#13027=CARTESIAN_POINT('',(-13.8303,-7.07136,-16.129));
#13028=VECTOR('',#15801,1.4224);
#13029=CARTESIAN_POINT('',(-13.8928476885,-7.19445476885,-16.129));
#13030=VECTOR('',#15802,1.4224);
#13031=CARTESIAN_POINT('',(-14.34285162764,-8.093477775354,-16.129));
#13032=VECTOR('',#15803,1.4224);
#13033=CARTESIAN_POINT('',(-13.48343653832,-9.53516,-16.129));
#13034=VECTOR('',#15804,1.4224);
#13035=CARTESIAN_POINT('',(-13.37434863141,-9.470130556161,-16.129));
#13036=VECTOR('',#15805,1.4224);
#13037=CARTESIAN_POINT('',(-13.37973915,-9.084088189692,-16.129));
#13038=VECTOR('',#15806,1.4224);
#13039=CARTESIAN_POINT('',(-14.06795010223,-7.929603576881,-16.129));
#13040=VECTOR('',#15807,1.4224);
#13041=CARTESIAN_POINT('',(-13.70415783435,-7.452953783435,-16.129));
#13042=VECTOR('',#15808,1.4224);
#13043=CARTESIAN_POINT('',(-13.51026,-7.07136,-16.129));
#13044=VECTOR('',#15809,1.4224);
#13045=CARTESIAN_POINT('',(-11.48334,-7.07136,-16.129));
#13046=VECTOR('',#15810,1.4224);
#13047=CARTESIAN_POINT('',(-11.28944216565,-7.452953783435,-16.129));
#13048=VECTOR('',#15811,1.4224);
#13049=CARTESIAN_POINT('',(-10.92564989777,-7.929603576881,-16.129));
#13050=VECTOR('',#15812,1.4224);
#13051=CARTESIAN_POINT('',(-11.61386085,-9.084088189692,-16.129));
#13052=VECTOR('',#15813,1.4224);
#13053=CARTESIAN_POINT('',(-11.61925136859,-9.470130556161,-16.129));
#13054=VECTOR('',#15814,1.4224);
#13055=CARTESIAN_POINT('',(-11.51016346168,-9.53516,-16.129));
#13056=VECTOR('',#15815,1.4224);
#13057=CARTESIAN_POINT('',(-10.65074837236,-8.093477775354,-16.129));
#13058=VECTOR('',#15816,1.4224);
#13059=CARTESIAN_POINT('',(-11.1007523115,-7.19445476885,-16.129));
#13060=VECTOR('',#15817,1.4224);
#13061=CARTESIAN_POINT('',(-11.1633,-7.07136,-16.129));
#13062=VECTOR('',#15818,1.4224);
#13063=CARTESIAN_POINT('',(11.7856,-7.42305476885,-16.8138476885));
#13064=CARTESIAN_POINT('',(11.7856,-7.29996,-16.7513));
#13065=AXIS2_PLACEMENT_3D('',#15819,#15820,#15821);
#13066=CARTESIAN_POINT('',(11.7856,-7.651644103833,-17.127007705));
#13067=VECTOR('',#15822,0.3877141730708);
#13068=CARTESIAN_POINT('',(11.7856,-8.346029994963,-17.24865108686));
#13069=AXIS2_PLACEMENT_3D('',#15823,#15824,#15825);
#13070=CARTESIAN_POINT('',(11.7856,-9.53516,-16.44657277083));
#13071=CARTESIAN_POINT('',(11.7856,-9.53516,-16.44657277083));
#13072=VECTOR('',#15826,1.43434995518);
#13073=CARTESIAN_POINT('',(11.7856,-9.464142501259,-16.34128499911));
#13074=CARTESIAN_POINT('',(11.7856,-9.464142501259,-16.34128499911));
#13075=VECTOR('',#15827,0.127);
#13076=CARTESIAN_POINT('',(11.7856,-9.079002972735,-16.3682165785));
#13077=CARTESIAN_POINT('',(11.7856,-9.079002972735,-16.3682165785));
#13078=VECTOR('',#15828,0.38608);
#13079=CARTESIAN_POINT('',(11.7856,-8.167065898136,-16.98332590214));
#13080=CARTESIAN_POINT('',(11.7856,-8.167065898136,-16.98332590214));
#13081=VECTOR('',#15829,1.099994867287);
#13082=AXIS2_PLACEMENT_3D('',#15830,#15831,#15832);
#13083=CARTESIAN_POINT('',(11.7856,-7.681553783435,-16.62515783435));
#13084=CARTESIAN_POINT('',(11.7856,-7.681553783435,-16.62515783435));
#13085=VECTOR('',#15833,0.3877141730708);
#13086=CARTESIAN_POINT('',(11.7856,-7.29996,-16.43126));
#13087=AXIS2_PLACEMENT_3D('',#15834,#15835,#15836);
#13088=CARTESIAN_POINT('',(11.7856,-5.72516,-16.43126));
#13089=VECTOR('',#15837,1.5748);
#13090=CARTESIAN_POINT('',(11.7856,-7.29996,-16.7513));
#13091=VECTOR('',#15838,1.5748);
#13092=CARTESIAN_POINT('',(11.7856,-7.29996,-14.40434));
#13093=CARTESIAN_POINT('',(11.7856,-7.29996,-14.40434));
#13094=VECTOR('',#15839,1.5748);
#13095=CARTESIAN_POINT('',(11.7856,-7.681553783435,-14.21044216565));
#13096=AXIS2_PLACEMENT_3D('',#15840,#15841,#15842);
#13097=CARTESIAN_POINT('',(11.7856,-7.910143118418,-13.89728214915));
#13098=VECTOR('',#15843,0.3877141730708);
#13099=CARTESIAN_POINT('',(11.7856,-8.167065898136,-13.85227409786));
#13100=AXIS2_PLACEMENT_3D('',#15844,#15845,#15846);
#13101=CARTESIAN_POINT('',(11.7856,-9.079002972735,-14.4673834215));
#13102=CARTESIAN_POINT('',(11.7856,-9.079002972735,-14.4673834215));
#13103=VECTOR('',#15847,1.099994867287);
#13104=CARTESIAN_POINT('',(11.7856,-9.464142501259,-14.49431500089));
#13105=CARTESIAN_POINT('',(11.7856,-9.464142501259,-14.49431500089));
#13106=VECTOR('',#15848,0.38608);
#13107=CARTESIAN_POINT('',(11.7856,-9.53516,-14.38902722917));
#13108=CARTESIAN_POINT('',(11.7856,-9.53516,-14.38902722917));
#13109=VECTOR('',#15849,0.127);
#13110=CARTESIAN_POINT('',(11.7856,-8.346029994963,-13.58694891314));
#13111=CARTESIAN_POINT('',(11.7856,-8.346029994963,-13.58694891314));
#13112=VECTOR('',#15850,1.43434995518);
#13113=AXIS2_PLACEMENT_3D('',#15851,#15852,#15853);
#13114=CARTESIAN_POINT('',(11.7856,-7.42305476885,-14.0217523115));
#13115=CARTESIAN_POINT('',(11.7856,-7.42305476885,-14.0217523115));
#13116=VECTOR('',#15854,0.3877141730708);
#13117=CARTESIAN_POINT('',(11.7856,-7.29996,-14.0843));
#13118=AXIS2_PLACEMENT_3D('',#15855,#15856,#15857);
#13119=CARTESIAN_POINT('',(11.7856,-5.72516,-14.0843));
#13120=VECTOR('',#15858,1.5748);
#13121=CARTESIAN_POINT('',(13.208,-7.29996,-16.7513));
#13122=CARTESIAN_POINT('',(13.208,-7.29996,-16.7513));
#13123=VECTOR('',#15859,1.5748);
#13124=CARTESIAN_POINT('',(11.7856,-7.29996,-16.7513));
#13125=VECTOR('',#15860,1.4224);
#13126=CARTESIAN_POINT('',(13.208,-7.42305476885,-16.8138476885));
#13127=AXIS2_PLACEMENT_3D('',#15861,#15862,#15863);
#13128=CARTESIAN_POINT('',(11.7856,-7.42305476885,-16.8138476885));
#13129=VECTOR('',#15864,1.4224);
#13130=CARTESIAN_POINT('',(13.208,-7.651644103833,-17.127007705));
#13131=VECTOR('',#15865,0.3877141730708);
#13132=CARTESIAN_POINT('',(13.208,-8.346029994963,-17.24865108686));
#13133=AXIS2_PLACEMENT_3D('',#15866,#15867,#15868);
#13134=CARTESIAN_POINT('',(11.7856,-8.346029994963,-17.24865108686));
#13135=VECTOR('',#15869,1.4224);
#13136=CARTESIAN_POINT('',(13.208,-9.53516,-16.44657277083));
#13137=CARTESIAN_POINT('',(13.208,-9.53516,-16.44657277083));
#13138=VECTOR('',#15870,1.43434995518);
#13139=CARTESIAN_POINT('',(11.7856,-9.53516,-16.44657277083));
#13140=VECTOR('',#15871,1.4224);
#13141=CARTESIAN_POINT('',(13.208,-9.464142501259,-16.34128499911));
#13142=CARTESIAN_POINT('',(13.208,-9.464142501259,-16.34128499911));
#13143=VECTOR('',#15872,0.127);
#13144=CARTESIAN_POINT('',(11.7856,-9.464142501259,-16.34128499911));
#13145=VECTOR('',#15873,1.4224);
#13146=CARTESIAN_POINT('',(13.208,-9.079002972735,-16.3682165785));
#13147=CARTESIAN_POINT('',(13.208,-9.079002972735,-16.3682165785));
#13148=VECTOR('',#15874,0.38608);
#13149=CARTESIAN_POINT('',(11.7856,-9.079002972735,-16.3682165785));
#13150=VECTOR('',#15875,1.4224);
#13151=CARTESIAN_POINT('',(13.208,-8.167065898136,-16.98332590214));
#13152=CARTESIAN_POINT('',(13.208,-8.167065898136,-16.98332590214));
#13153=VECTOR('',#15876,1.099994867287);
#13154=CARTESIAN_POINT('',(11.7856,-8.167065898136,-16.98332590214));
#13155=VECTOR('',#15877,1.4224);
#13156=AXIS2_PLACEMENT_3D('',#15878,#15879,#15880);
#13157=CARTESIAN_POINT('',(13.208,-7.681553783435,-16.62515783435));
#13158=CARTESIAN_POINT('',(13.208,-7.681553783435,-16.62515783435));
#13159=VECTOR('',#15881,0.3877141730708);
#13160=CARTESIAN_POINT('',(11.7856,-7.681553783435,-16.62515783435));
#13161=VECTOR('',#15882,1.4224);
#13162=CARTESIAN_POINT('',(13.208,-7.29996,-16.43126));
#13163=AXIS2_PLACEMENT_3D('',#15883,#15884,#15885);
#13164=CARTESIAN_POINT('',(11.7856,-7.29996,-16.43126));
#13165=VECTOR('',#15886,1.4224);
#13166=CARTESIAN_POINT('',(13.208,-5.72516,-16.43126));
#13167=VECTOR('',#15887,1.5748);
#13168=CARTESIAN_POINT('',(13.208,-7.29996,-14.0843));
#13169=CARTESIAN_POINT('',(13.208,-7.42305476885,-14.0217523115));
#13170=AXIS2_PLACEMENT_3D('',#15888,#15889,#15890);
#13171=CARTESIAN_POINT('',(13.208,-7.42305476885,-14.0217523115));
#13172=VECTOR('',#15891,0.3877141730708);
#13173=CARTESIAN_POINT('',(13.208,-8.346029994963,-13.58694891314));
#13174=AXIS2_PLACEMENT_3D('',#15892,#15893,#15894);
#13175=CARTESIAN_POINT('',(13.208,-9.53516,-14.38902722917));
#13176=CARTESIAN_POINT('',(13.208,-8.346029994963,-13.58694891314));
#13177=VECTOR('',#15895,1.43434995518);
#13178=CARTESIAN_POINT('',(13.208,-9.464142501259,-14.49431500089));
#13179=CARTESIAN_POINT('',(13.208,-9.53516,-14.38902722917));
#13180=VECTOR('',#15896,0.127);
#13181=CARTESIAN_POINT('',(13.208,-9.079002972735,-14.4673834215));
#13182=CARTESIAN_POINT('',(13.208,-9.464142501259,-14.49431500089));
#13183=VECTOR('',#15897,0.38608);
#13184=CARTESIAN_POINT('',(13.208,-8.167065898136,-13.85227409786));
#13185=CARTESIAN_POINT('',(13.208,-9.079002972735,-14.4673834215));
#13186=VECTOR('',#15898,1.099994867287);
#13187=AXIS2_PLACEMENT_3D('',#15899,#15900,#15901);
#13188=CARTESIAN_POINT('',(13.208,-7.681553783435,-14.21044216565));
#13189=CARTESIAN_POINT('',(13.208,-7.910143118418,-13.89728214915));
#13190=VECTOR('',#15902,0.3877141730708);
#13191=CARTESIAN_POINT('',(13.208,-7.29996,-14.40434));
#13192=AXIS2_PLACEMENT_3D('',#15903,#15904,#15905);
#13193=CARTESIAN_POINT('',(13.208,-7.29996,-14.40434));
#13194=VECTOR('',#15906,1.5748);
#13195=CARTESIAN_POINT('',(13.208,-5.72516,-14.0843));
#13196=VECTOR('',#15907,1.5748);
#13197=CARTESIAN_POINT('',(11.7856,-7.29996,-14.0843));
#13198=VECTOR('',#15908,1.4224);
#13199=CARTESIAN_POINT('',(11.7856,-7.42305476885,-14.0217523115));
#13200=VECTOR('',#15909,1.4224);
#13201=CARTESIAN_POINT('',(11.7856,-8.346029994963,-13.58694891314));
#13202=VECTOR('',#15910,1.4224);
#13203=CARTESIAN_POINT('',(11.7856,-9.53516,-14.38902722917));
#13204=VECTOR('',#15911,1.4224);
#13205=CARTESIAN_POINT('',(11.7856,-9.464142501259,-14.49431500089));
#13206=VECTOR('',#15912,1.4224);
#13207=CARTESIAN_POINT('',(11.7856,-9.079002972735,-14.4673834215));
#13208=VECTOR('',#15913,1.4224);
#13209=CARTESIAN_POINT('',(11.7856,-8.167065898136,-13.85227409786));
#13210=VECTOR('',#15914,1.4224);
#13211=CARTESIAN_POINT('',(11.7856,-7.681553783435,-14.21044216565));
#13212=VECTOR('',#15915,1.4224);
#13213=CARTESIAN_POINT('',(11.7856,-7.29996,-14.40434));
#13214=VECTOR('',#15916,1.4224);
#13215=CARTESIAN_POINT('',(-11.7856,-7.29996,-16.43126));
#13216=CARTESIAN_POINT('',(-11.7856,-7.29996,-16.43126));
#13217=VECTOR('',#15917,1.5748);
#13218=CARTESIAN_POINT('',(-11.7856,-7.681553783435,-16.62515783435));
#13219=AXIS2_PLACEMENT_3D('',#15918,#15919,#15920);
#13220=CARTESIAN_POINT('',(-11.7856,-7.910143118418,-16.93831785085));
#13221=VECTOR('',#15921,0.3877141730708);
#13222=CARTESIAN_POINT('',(-11.7856,-8.167065898136,-16.98332590214));
#13223=AXIS2_PLACEMENT_3D('',#15922,#15923,#15924);
#13224=CARTESIAN_POINT('',(-11.7856,-9.079002972735,-16.3682165785));
#13225=CARTESIAN_POINT('',(-11.7856,-9.079002972735,-16.3682165785));
#13226=VECTOR('',#15925,1.099994867287);
#13227=CARTESIAN_POINT('',(-11.7856,-9.464142501259,-16.34128499911));
#13228=CARTESIAN_POINT('',(-11.7856,-9.464142501259,-16.34128499911));
#13229=VECTOR('',#15926,0.38608);
#13230=CARTESIAN_POINT('',(-11.7856,-9.53516,-16.44657277083));
#13231=CARTESIAN_POINT('',(-11.7856,-9.53516,-16.44657277083));
#13232=VECTOR('',#15927,0.127);
#13233=CARTESIAN_POINT('',(-11.7856,-8.346029994963,-17.24865108686));
#13234=CARTESIAN_POINT('',(-11.7856,-8.346029994963,-17.24865108686));
#13235=VECTOR('',#15928,1.43434995518);
#13236=AXIS2_PLACEMENT_3D('',#15929,#15930,#15931);
#13237=CARTESIAN_POINT('',(-11.7856,-7.42305476885,-16.8138476885));
#13238=CARTESIAN_POINT('',(-11.7856,-7.42305476885,-16.8138476885));
#13239=VECTOR('',#15932,0.3877141730708);
#13240=CARTESIAN_POINT('',(-11.7856,-7.29996,-16.7513));
#13241=AXIS2_PLACEMENT_3D('',#15933,#15934,#15935);
#13242=CARTESIAN_POINT('',(-11.7856,-5.72516,-16.7513));
#13243=VECTOR('',#15936,1.5748);
#13244=CARTESIAN_POINT('',(-11.7856,-7.29996,-14.0843));
#13245=CARTESIAN_POINT('',(-11.7856,-7.29996,-14.0843));
#13246=VECTOR('',#15937,1.5748);
#13247=CARTESIAN_POINT('',(-11.7856,-7.42305476885,-14.0217523115));
#13248=AXIS2_PLACEMENT_3D('',#15938,#15939,#15940);
#13249=CARTESIAN_POINT('',(-11.7856,-7.651644103833,-13.708592295));
#13250=VECTOR('',#15941,0.3877141730708);
#13251=CARTESIAN_POINT('',(-11.7856,-8.346029994963,-13.58694891314));
#13252=AXIS2_PLACEMENT_3D('',#15942,#15943,#15944);
#13253=CARTESIAN_POINT('',(-11.7856,-9.53516,-14.38902722917));
#13254=CARTESIAN_POINT('',(-11.7856,-9.53516,-14.38902722917));
#13255=VECTOR('',#15945,1.43434995518);
#13256=CARTESIAN_POINT('',(-11.7856,-9.464142501259,-14.49431500089));
#13257=CARTESIAN_POINT('',(-11.7856,-9.464142501259,-14.49431500089));
#13258=VECTOR('',#15946,0.127);
#13259=CARTESIAN_POINT('',(-11.7856,-9.079002972735,-14.4673834215));
#13260=CARTESIAN_POINT('',(-11.7856,-9.079002972735,-14.4673834215));
#13261=VECTOR('',#15947,0.38608);
#13262=CARTESIAN_POINT('',(-11.7856,-8.167065898136,-13.85227409786));
#13263=CARTESIAN_POINT('',(-11.7856,-8.167065898136,-13.85227409786));
#13264=VECTOR('',#15948,1.099994867287);
#13265=AXIS2_PLACEMENT_3D('',#15949,#15950,#15951);
#13266=CARTESIAN_POINT('',(-11.7856,-7.681553783435,-14.21044216565));
#13267=CARTESIAN_POINT('',(-11.7856,-7.681553783435,-14.21044216565));
#13268=VECTOR('',#15952,0.3877141730708);
#13269=CARTESIAN_POINT('',(-11.7856,-7.29996,-14.40434));
#13270=AXIS2_PLACEMENT_3D('',#15953,#15954,#15955);
#13271=CARTESIAN_POINT('',(-11.7856,-5.72516,-14.40434));
#13272=VECTOR('',#15956,1.5748);
#13273=CARTESIAN_POINT('',(-13.208,-7.29996,-16.7513));
#13274=CARTESIAN_POINT('',(-11.7856,-7.29996,-16.7513));
#13275=VECTOR('',#15957,1.4224);
#13276=CARTESIAN_POINT('',(-13.208,-5.72516,-16.7513));
#13277=VECTOR('',#15958,1.5748);
#13278=CARTESIAN_POINT('',(-13.208,-7.42305476885,-16.8138476885));
#13279=AXIS2_PLACEMENT_3D('',#15959,#15960,#15961);
#13280=CARTESIAN_POINT('',(-13.208,-7.42305476885,-16.8138476885));
#13281=VECTOR('',#15962,0.3877141730708);
#13282=CARTESIAN_POINT('',(-13.208,-8.346029994963,-17.24865108686));
#13283=AXIS2_PLACEMENT_3D('',#15963,#15964,#15965);
#13284=CARTESIAN_POINT('',(-13.208,-9.53516,-16.44657277083));
#13285=CARTESIAN_POINT('',(-13.208,-8.346029994963,-17.24865108686));
#13286=VECTOR('',#15966,1.43434995518);
#13287=CARTESIAN_POINT('',(-13.208,-9.464142501259,-16.34128499911));
#13288=CARTESIAN_POINT('',(-13.208,-9.53516,-16.44657277083));
#13289=VECTOR('',#15967,0.127);
#13290=CARTESIAN_POINT('',(-13.208,-9.079002972735,-16.3682165785));
#13291=CARTESIAN_POINT('',(-13.208,-9.464142501259,-16.34128499911));
#13292=VECTOR('',#15968,0.38608);
#13293=CARTESIAN_POINT('',(-13.208,-8.167065898136,-16.98332590214));
#13294=CARTESIAN_POINT('',(-13.208,-9.079002972735,-16.3682165785));
#13295=VECTOR('',#15969,1.099994867287);
#13296=AXIS2_PLACEMENT_3D('',#15970,#15971,#15972);
#13297=CARTESIAN_POINT('',(-13.208,-7.681553783435,-16.62515783435));
#13298=CARTESIAN_POINT('',(-13.208,-7.910143118418,-16.93831785085));
#13299=VECTOR('',#15973,0.3877141730708);
#13300=CARTESIAN_POINT('',(-13.208,-7.29996,-16.43126));
#13301=AXIS2_PLACEMENT_3D('',#15974,#15975,#15976);
#13302=CARTESIAN_POINT('',(-13.208,-7.29996,-16.43126));
#13303=VECTOR('',#15977,1.5748);
#13304=CARTESIAN_POINT('',(-13.208,-7.29996,-14.40434));
#13305=CARTESIAN_POINT('',(-13.208,-5.72516,-14.40434));
#13306=VECTOR('',#15978,1.5748);
#13307=CARTESIAN_POINT('',(-13.208,-7.681553783435,-14.21044216565));
#13308=AXIS2_PLACEMENT_3D('',#15979,#15980,#15981);
#13309=CARTESIAN_POINT('',(-13.208,-7.681553783435,-14.21044216565));
#13310=VECTOR('',#15982,0.3877141730708);
#13311=CARTESIAN_POINT('',(-13.208,-8.167065898136,-13.85227409786));
#13312=AXIS2_PLACEMENT_3D('',#15983,#15984,#15985);
#13313=CARTESIAN_POINT('',(-13.208,-9.079002972735,-14.4673834215));
#13314=CARTESIAN_POINT('',(-13.208,-8.167065898136,-13.85227409786));
#13315=VECTOR('',#15986,1.099994867287);
#13316=CARTESIAN_POINT('',(-13.208,-9.464142501259,-14.49431500089));
#13317=CARTESIAN_POINT('',(-13.208,-9.079002972735,-14.4673834215));
#13318=VECTOR('',#15987,0.38608);
#13319=CARTESIAN_POINT('',(-13.208,-9.53516,-14.38902722917));
#13320=CARTESIAN_POINT('',(-13.208,-9.464142501259,-14.49431500089));
#13321=VECTOR('',#15988,0.127);
#13322=CARTESIAN_POINT('',(-13.208,-8.346029994963,-13.58694891314));
#13323=CARTESIAN_POINT('',(-13.208,-9.53516,-14.38902722917));
#13324=VECTOR('',#15989,1.43434995518);
#13325=AXIS2_PLACEMENT_3D('',#15990,#15991,#15992);
#13326=CARTESIAN_POINT('',(-13.208,-7.42305476885,-14.0217523115));
#13327=CARTESIAN_POINT('',(-13.208,-7.651644103833,-13.708592295));
#13328=VECTOR('',#15993,0.3877141730708);
#13329=CARTESIAN_POINT('',(-13.208,-7.29996,-14.0843));
#13330=AXIS2_PLACEMENT_3D('',#15994,#15995,#15996);
#13331=CARTESIAN_POINT('',(-13.208,-7.29996,-14.0843));
#13332=VECTOR('',#15997,1.5748);
#13333=CARTESIAN_POINT('',(-11.7856,-7.29996,-16.43126));
#13334=VECTOR('',#15998,1.4224);
#13335=CARTESIAN_POINT('',(-11.7856,-7.681553783435,-16.62515783435));
#13336=VECTOR('',#15999,1.4224);
#13337=CARTESIAN_POINT('',(-11.7856,-8.167065898136,-16.98332590214));
#13338=VECTOR('',#16000,1.4224);
#13339=CARTESIAN_POINT('',(-11.7856,-9.079002972735,-16.3682165785));
#13340=VECTOR('',#16001,1.4224);
#13341=CARTESIAN_POINT('',(-11.7856,-9.464142501259,-16.34128499911));
#13342=VECTOR('',#16002,1.4224);
#13343=CARTESIAN_POINT('',(-11.7856,-9.53516,-16.44657277083));
#13344=VECTOR('',#16003,1.4224);
#13345=CARTESIAN_POINT('',(-11.7856,-8.346029994963,-17.24865108686));
#13346=VECTOR('',#16004,1.4224);
#13347=CARTESIAN_POINT('',(-11.7856,-7.42305476885,-16.8138476885));
#13348=VECTOR('',#16005,1.4224);
#13349=CARTESIAN_POINT('',(-11.7856,-7.29996,-14.0843));
#13350=VECTOR('',#16006,1.4224);
#13351=CARTESIAN_POINT('',(-11.7856,-7.42305476885,-14.0217523115));
#13352=VECTOR('',#16007,1.4224);
#13353=CARTESIAN_POINT('',(-11.7856,-8.346029994963,-13.58694891314));
#13354=VECTOR('',#16008,1.4224);
#13355=CARTESIAN_POINT('',(-11.7856,-9.53516,-14.38902722917));
#13356=VECTOR('',#16009,1.4224);
#13357=CARTESIAN_POINT('',(-11.7856,-9.464142501259,-14.49431500089));
#13358=VECTOR('',#16010,1.4224);
#13359=CARTESIAN_POINT('',(-11.7856,-9.079002972735,-14.4673834215));
#13360=VECTOR('',#16011,1.4224);
#13361=CARTESIAN_POINT('',(-11.7856,-8.167065898136,-13.85227409786));
#13362=VECTOR('',#16012,1.4224);
#13363=CARTESIAN_POINT('',(-11.7856,-7.681553783435,-14.21044216565));
#13364=VECTOR('',#16013,1.4224);
#13365=CARTESIAN_POINT('',(-11.7856,-7.29996,-14.40434));
#13366=VECTOR('',#16014,1.4224);
#13367=CARTESIAN_POINT('',(-8.438640175056,1.698828513615,-6.30936));
#13368=CARTESIAN_POINT('',(-7.709506950589,-2.436291486385,-6.30936));
#13369=CARTESIAN_POINT('',(-8.438640175056,1.698828513615,-6.30936));
#13370=VECTOR('',#16015,4.198910891341);
#13371=CARTESIAN_POINT('',(-5.618326775533,-4.191,-6.30936));
#13372=AXIS2_PLACEMENT_3D('',#16016,#16017,#16018);
#13373=CARTESIAN_POINT('',(5.618326775533,-4.191,-6.30936));
#13374=CARTESIAN_POINT('',(-5.618326775533,-4.191,-6.30936));
#13375=VECTOR('',#16019,11.23665355107);
#13376=CARTESIAN_POINT('',(7.709506950589,-2.436291486385,-6.30936));
#13377=AXIS2_PLACEMENT_3D('',#16020,#16021,#16022);
#13378=CARTESIAN_POINT('',(8.438640175056,1.698828513615,-6.30936));
#13379=CARTESIAN_POINT('',(7.709506950589,-2.436291486385,-6.30936));
#13380=VECTOR('',#16023,4.198910891341);
#13381=AXIS2_PLACEMENT_3D('',#16024,#16025,#16026);
#13382=CARTESIAN_POINT('',(6.34746,4.191,-6.30936));
#13383=VECTOR('',#16027,12.69492);
#13384=AXIS2_PLACEMENT_3D('',#16028,#16029,#16030);
#13385=CARTESIAN_POINT('',(-5.9944,1.4224,-6.30936));
#13386=CARTESIAN_POINT('',(-4.9784,1.4224,-6.30936));
#13387=AXIS2_PLACEMENT_3D('',#16031,#16032,#16033);
#13388=AXIS2_PLACEMENT_3D('',#16034,#16035,#16036);
#13389=CARTESIAN_POINT('',(-3.2512,1.4224,-6.30936));
#13390=CARTESIAN_POINT('',(-2.2352,1.4224,-6.30936));
#13391=AXIS2_PLACEMENT_3D('',#16037,#16038,#16039);
#13392=AXIS2_PLACEMENT_3D('',#16040,#16041,#16042);
#13393=CARTESIAN_POINT('',(-0.508,1.4224,-6.30936));
#13394=CARTESIAN_POINT('',(0.508,1.4224,-6.30936));
#13395=AXIS2_PLACEMENT_3D('',#16043,#16044,#16045);
#13396=AXIS2_PLACEMENT_3D('',#16046,#16047,#16048);
#13397=CARTESIAN_POINT('',(2.2352,1.4224,-6.30936));
#13398=CARTESIAN_POINT('',(3.2512,1.4224,-6.30936));
#13399=AXIS2_PLACEMENT_3D('',#16049,#16050,#16051);
#13400=AXIS2_PLACEMENT_3D('',#16052,#16053,#16054);
#13401=CARTESIAN_POINT('',(4.9784,1.4224,-6.30936));
#13402=CARTESIAN_POINT('',(5.9944,1.4224,-6.30936));
#13403=AXIS2_PLACEMENT_3D('',#16055,#16056,#16057);
#13404=AXIS2_PLACEMENT_3D('',#16058,#16059,#16060);
#13405=CARTESIAN_POINT('',(-4.6228,-1.4224,-6.30936));
#13406=CARTESIAN_POINT('',(-3.6068,-1.4224,-6.30936));
#13407=AXIS2_PLACEMENT_3D('',#16061,#16062,#16063);
#13408=AXIS2_PLACEMENT_3D('',#16064,#16065,#16066);
#13409=CARTESIAN_POINT('',(-1.8796,-1.4224,-6.30936));
#13410=CARTESIAN_POINT('',(-0.8636,-1.4224,-6.30936));
#13411=AXIS2_PLACEMENT_3D('',#16067,#16068,#16069);
#13412=AXIS2_PLACEMENT_3D('',#16070,#16071,#16072);
#13413=CARTESIAN_POINT('',(0.8636,-1.4224,-6.30936));
#13414=CARTESIAN_POINT('',(1.8796,-1.4224,-6.30936));
#13415=AXIS2_PLACEMENT_3D('',#16073,#16074,#16075);
#13416=AXIS2_PLACEMENT_3D('',#16076,#16077,#16078);
#13417=CARTESIAN_POINT('',(3.6068,-1.4224,-6.30936));
#13418=CARTESIAN_POINT('',(4.6228,-1.4224,-6.30936));
#13419=AXIS2_PLACEMENT_3D('',#16079,#16080,#16081);
#13420=AXIS2_PLACEMENT_3D('',#16082,#16083,#16084);
#13421=CARTESIAN_POINT('',(-5.65785,2.286,-6.30936));
#13422=CARTESIAN_POINT('',(-5.4991,2.286,-6.30936));
#13423=CARTESIAN_POINT('',(-5.65785,2.286,-6.30936));
#13424=VECTOR('',#16085,0.15875);
#13425=CARTESIAN_POINT('',(-5.65785,3.339829813004,-6.30936));
#13426=CARTESIAN_POINT('',(-5.65785,3.339829813004,-6.30936));
#13427=VECTOR('',#16086,1.053829813004);
#13428=CARTESIAN_POINT('',(-5.8166,3.150680823684,-6.30936));
#13429=CARTESIAN_POINT('',(-5.8166,3.150680823684,-6.30936));
#13430=VECTOR('',#16087,0.246939066696);
#13431=CARTESIAN_POINT('',(-5.8166,3.366851086378,-6.30936));
#13432=CARTESIAN_POINT('',(-5.8166,3.366851086378,-6.30936));
#13433=VECTOR('',#16088,0.2161702626944);
#13434=CARTESIAN_POINT('',(-5.65785,3.556,-6.30936));
#13435=CARTESIAN_POINT('',(-5.65785,3.556,-6.30936));
#13436=VECTOR('',#16089,0.2469390087134);
#13437=CARTESIAN_POINT('',(-5.4991,3.556,-6.30936));
#13438=CARTESIAN_POINT('',(-5.4991,3.556,-6.30936));
#13439=VECTOR('',#16090,0.15875);
#13440=CARTESIAN_POINT('',(-5.4991,2.286,-6.30936));
#13441=VECTOR('',#16091,1.27);
#13442=CARTESIAN_POINT('',(-4.306358327025,-2.82318299644,-6.30936));
#13443=CARTESIAN_POINT('',(-4.465108336487,-2.931268089938,-6.30936));
#13444=CARTESIAN_POINT('',(-4.306358327025,-2.82318299644,-6.30936));
#13445=VECTOR('',#16092,0.1920519537541);
#13446=CARTESIAN_POINT('',(-4.17406665405,-2.796161723065,-6.30936));
#13447=CARTESIAN_POINT('',(-4.17406665405,-2.796161723065,-6.30936));
#13448=VECTOR('',#16093,0.1350230941479);
#13449=CARTESIAN_POINT('',(-4.041775,-2.796161723065,-6.30936));
#13450=CARTESIAN_POINT('',(-4.041775,-2.796161723065,-6.30936));
#13451=VECTOR('',#16094,0.1322916540504);
#13452=CARTESIAN_POINT('',(-3.909483308101,-2.82318299644,-6.30936));
#13453=CARTESIAN_POINT('',(-3.909483308101,-2.82318299644,-6.30936));
#13454=VECTOR('',#16095,0.1350231126895);
#13455=CARTESIAN_POINT('',(-3.777191691899,-2.904246816564,-6.30936));
#13456=CARTESIAN_POINT('',(-3.777191691899,-2.904246816564,-6.30936));
#13457=VECTOR('',#16096,0.1551528750949);
#13458=CARTESIAN_POINT('',(-3.697816691899,-2.985310636687,-6.30936));
#13459=CARTESIAN_POINT('',(-3.697816691899,-2.985310636687,-6.30936));
#13460=VECTOR('',#16097,0.113453662603);
#13461=CARTESIAN_POINT('',(-3.6449,-3.12041700356,-6.30936));
#13462=CARTESIAN_POINT('',(-3.6449,-3.12041700356,-6.30936));
#13463=VECTOR('',#16098,0.1450996438698);
#13464=CARTESIAN_POINT('',(-3.6449,-3.255523408282,-6.30936));
#13465=CARTESIAN_POINT('',(-3.6449,-3.255523408282,-6.30936));
#13466=VECTOR('',#16099,0.1351064047217);
#13467=CARTESIAN_POINT('',(-3.697816691899,-3.390629794079,-6.30936));
#13468=CARTESIAN_POINT('',(-3.697816691899,-3.390629794079,-6.30936));
#13469=VECTOR('',#16100,0.1450996614909);
#13470=CARTESIAN_POINT('',(-3.777191691899,-3.49871489704,-6.30936));
#13471=CARTESIAN_POINT('',(-3.777191691899,-3.49871489704,-6.30936));
#13472=VECTOR('',#16101,0.134099888542);
#13473=CARTESIAN_POINT('',(-3.909483308101,-3.57977872426,-6.30936));
#13474=CARTESIAN_POINT('',(-3.909483308101,-3.57977872426,-6.30936));
#13475=VECTOR('',#16102,0.1551528788028);
#13476=CARTESIAN_POINT('',(-4.041775,-3.6068,-6.30936));
#13477=CARTESIAN_POINT('',(-4.041775,-3.6068,-6.30936));
#13478=VECTOR('',#16103,0.1350231131629);
#13479=CARTESIAN_POINT('',(-4.17406665405,-3.6068,-6.30936));
#13480=CARTESIAN_POINT('',(-4.17406665405,-3.6068,-6.30936));
#13481=VECTOR('',#16104,0.1322916540504);
#13482=CARTESIAN_POINT('',(-4.306358327025,-3.57977872426,-6.30936));
#13483=CARTESIAN_POINT('',(-4.306358327025,-3.57977872426,-6.30936));
#13484=VECTOR('',#16105,0.1350230946213);
#13485=CARTESIAN_POINT('',(-4.43865,-3.49871489704,-6.30936));
#13486=CARTESIAN_POINT('',(-4.43865,-3.49871489704,-6.30936));
#13487=VECTOR('',#16106,0.1551529272108);
#13488=CARTESIAN_POINT('',(-4.518025,-3.390629794079,-6.30936));
#13489=CARTESIAN_POINT('',(-4.518025,-3.390629794079,-6.30936));
#13490=VECTOR('',#16107,0.134099888542);
#13491=CARTESIAN_POINT('',(-4.570941665878,-3.255523408282,-6.30936));
#13492=CARTESIAN_POINT('',(-4.570941665878,-3.255523408282,-6.30936));
#13493=VECTOR('',#16108,0.1450996520012);
#13494=CARTESIAN_POINT('',(-4.5974,-3.066374456811,-6.30936));
#13495=CARTESIAN_POINT('',(-4.5974,-3.066374456811,-6.30936));
#13496=VECTOR('',#16109,0.1909904952793);
#13497=CARTESIAN_POINT('',(-4.5974,-2.877225543189,-6.30936));
#13498=CARTESIAN_POINT('',(-4.5974,-2.877225543189,-6.30936));
#13499=VECTOR('',#16110,0.1891489136219);
#13500=CARTESIAN_POINT('',(-4.570941665878,-2.688076629567,-6.30936));
#13501=CARTESIAN_POINT('',(-4.570941665878,-2.688076629567,-6.30936));
#13502=VECTOR('',#16111,0.1909904577953);
#13503=CARTESIAN_POINT('',(-4.518025,-2.552970186996,-6.30936));
#13504=CARTESIAN_POINT('',(-4.518025,-2.552970186996,-6.30936));
#13505=VECTOR('',#16112,0.1450997048645);
#13506=CARTESIAN_POINT('',(-4.43865,-2.444885093498,-6.30936));
#13507=CARTESIAN_POINT('',(-4.43865,-2.444885093498,-6.30936));
#13508=VECTOR('',#16113,0.1340998809154);
#13509=CARTESIAN_POINT('',(-4.306358327025,-2.363821273375,-6.30936));
#13510=CARTESIAN_POINT('',(-4.306358327025,-2.363821273375,-6.30936));
#13511=VECTOR('',#16114,0.155152923503);
#13512=CARTESIAN_POINT('',(-4.17406665405,-2.3368,-6.30936));
#13513=CARTESIAN_POINT('',(-4.17406665405,-2.3368,-6.30936));
#13514=VECTOR('',#16115,0.1350230941479);
#13515=CARTESIAN_POINT('',(-4.06823334595,-2.3368,-6.30936));
#13516=CARTESIAN_POINT('',(-4.06823334595,-2.3368,-6.30936));
#13517=VECTOR('',#16116,0.1058333081007);
#13518=CARTESIAN_POINT('',(-3.935941691899,-2.363821273375,-6.30936));
#13519=CARTESIAN_POINT('',(-3.935941691899,-2.363821273375,-6.30936));
#13520=VECTOR('',#16117,0.1350230756062);
#13521=CARTESIAN_POINT('',(-3.80365,-2.444885093498,-6.30936));
#13522=CARTESIAN_POINT('',(-3.80365,-2.444885093498,-6.30936));
#13523=VECTOR('',#16118,0.155152939639);
#13524=CARTESIAN_POINT('',(-3.724275,-2.552970186996,-6.30936));
#13525=CARTESIAN_POINT('',(-3.724275,-2.552970186996,-6.30936));
#13526=VECTOR('',#16119,0.1340998809154);
#13527=CARTESIAN_POINT('',(-3.697816691899,-2.63403400712,-6.30936));
#13528=CARTESIAN_POINT('',(-3.697816691899,-2.63403400712,-6.30936));
#13529=VECTOR('',#16120,0.08527241641114);
#13530=CARTESIAN_POINT('',(-3.830108308101,-2.63403400712,-6.30936));
#13531=CARTESIAN_POINT('',(-3.830108308101,-2.63403400712,-6.30936));
#13532=VECTOR('',#16121,0.1322916162014);
#13533=CARTESIAN_POINT('',(-3.883025,-2.552970186996,-6.30936));
#13534=CARTESIAN_POINT('',(-3.883025,-2.552970186996,-6.30936));
#13535=VECTOR('',#16122,0.09680660728798);
#13536=CARTESIAN_POINT('',(-3.9624,-2.498927640247,-6.30936));
#13537=CARTESIAN_POINT('',(-3.9624,-2.498927640247,-6.30936));
#13538=VECTOR('',#16123,0.09602597296633);
#13539=CARTESIAN_POINT('',(-4.041775,-2.471906366873,-6.30936));
#13540=CARTESIAN_POINT('',(-4.041775,-2.471906366873,-6.30936));
#13541=VECTOR('',#16124,0.08384831447192);
#13542=CARTESIAN_POINT('',(-4.200525,-2.471906366873,-6.30936));
#13543=CARTESIAN_POINT('',(-4.200525,-2.471906366873,-6.30936));
#13544=VECTOR('',#16125,0.15875);
#13545=CARTESIAN_POINT('',(-4.2799,-2.498927640247,-6.30936));
#13546=CARTESIAN_POINT('',(-4.2799,-2.498927640247,-6.30936));
#13547=VECTOR('',#16126,0.08384831447192);
#13548=CARTESIAN_POINT('',(-4.359275,-2.552970186996,-6.30936));
#13549=CARTESIAN_POINT('',(-4.359275,-2.552970186996,-6.30936));
#13550=VECTOR('',#16127,0.09602597296633);
#13551=CARTESIAN_POINT('',(-4.412191672975,-2.63403400712,-6.30936));
#13552=CARTESIAN_POINT('',(-4.412191672975,-2.63403400712,-6.30936));
#13553=VECTOR('',#16128,0.09680659694343);
#13554=CARTESIAN_POINT('',(-4.43865,-2.715097902942,-6.30936));
#13555=CARTESIAN_POINT('',(-4.43865,-2.715097902942,-6.30936));
#13556=VECTOR('',#16129,0.08527249424487);
#13557=CARTESIAN_POINT('',(-4.465108336487,-2.877225543189,-6.30936));
#13558=CARTESIAN_POINT('',(-4.465108336487,-2.877225543189,-6.30936));
#13559=VECTOR('',#16130,0.1642723814336);
#13560=CARTESIAN_POINT('',(-4.465108336487,-2.931268089938,-6.30936));
#13561=VECTOR('',#16131,0.05404254674912);
#13562=CARTESIAN_POINT('',(-14.2494,-5.0038,-6.30936));
#13563=CARTESIAN_POINT('',(-14.2494,-5.3086,-6.30936));
#13564=VECTOR('',#16132,0.3048);
#13565=AXIS2_PLACEMENT_3D('',#16133,#16134,#16135);
#13566=CARTESIAN_POINT('',(14.2494,-5.0038,-6.30936));
#13567=AXIS2_PLACEMENT_3D('',#16136,#16137,#16138);
#13568=CARTESIAN_POINT('',(14.2494,-5.0038,-6.30936));
#13569=VECTOR('',#16139,0.3048);
#13570=CARTESIAN_POINT('',(-3.856566691899,-3.012331910062,-6.30936));
#13571=CARTESIAN_POINT('',(-3.80365,-3.066374456811,-6.30936));
#13572=CARTESIAN_POINT('',(-3.856566691899,-3.012331910062,-6.30936));
#13573=VECTOR('',#16140,0.07563579272207);
#13574=CARTESIAN_POINT('',(-3.935941691899,-2.958289363313,-6.30936));
#13575=CARTESIAN_POINT('',(-3.935941691899,-2.958289363313,-6.30936));
#13576=VECTOR('',#16141,0.09602597296633);
#13577=CARTESIAN_POINT('',(-4.01531665405,-2.931268089938,-6.30936));
#13578=CARTESIAN_POINT('',(-4.01531665405,-2.931268089938,-6.30936));
#13579=VECTOR('',#16142,0.08384827864222);
#13580=CARTESIAN_POINT('',(-4.200525,-2.931268089938,-6.30936));
#13581=CARTESIAN_POINT('',(-4.200525,-2.931268089938,-6.30936));
#13582=VECTOR('',#16143,0.1852083459497);
#13583=CARTESIAN_POINT('',(-4.2799,-2.958289363313,-6.30936));
#13584=CARTESIAN_POINT('',(-4.2799,-2.958289363313,-6.30936));
#13585=VECTOR('',#16144,0.08384831447192);
#13586=CARTESIAN_POINT('',(-4.359275,-3.012331910062,-6.30936));
#13587=CARTESIAN_POINT('',(-4.359275,-3.012331910062,-6.30936));
#13588=VECTOR('',#16145,0.09602597296633);
#13589=CARTESIAN_POINT('',(-4.412191672975,-3.066374456811,-6.30936));
#13590=CARTESIAN_POINT('',(-4.412191672975,-3.066374456811,-6.30936));
#13591=VECTOR('',#16146,0.07563577948203);
#13592=CARTESIAN_POINT('',(-4.43865,-3.147438314784,-6.30936));
#13593=CARTESIAN_POINT('',(-4.43865,-3.147438314784,-6.30936));
#13594=VECTOR('',#16147,0.08527245826395);
#13595=CARTESIAN_POINT('',(-4.43865,-3.228502134907,-6.30936));
#13596=CARTESIAN_POINT('',(-4.43865,-3.228502134907,-6.30936));
#13597=VECTOR('',#16148,0.08106382012367);
#13598=CARTESIAN_POINT('',(-4.412191672975,-3.309565955031,-6.30936));
#13599=CARTESIAN_POINT('',(-4.412191672975,-3.309565955031,-6.30936));
#13600=VECTOR('',#16149,0.08527242228302);
#13601=CARTESIAN_POINT('',(-4.359275,-3.390629794079,-6.30936));
#13602=CARTESIAN_POINT('',(-4.359275,-3.390629794079,-6.30936));
#13603=VECTOR('',#16150,0.09680661279039);
#13604=CARTESIAN_POINT('',(-4.2799,-3.444672340828,-6.30936));
#13605=CARTESIAN_POINT('',(-4.2799,-3.444672340828,-6.30936));
#13606=VECTOR('',#16151,0.09602597296633);
#13607=CARTESIAN_POINT('',(-4.200525,-3.471693614203,-6.30936));
#13608=CARTESIAN_POINT('',(-4.200525,-3.471693614203,-6.30936));
#13609=VECTOR('',#16152,0.08384831447192);
#13610=CARTESIAN_POINT('',(-4.01531665405,-3.471693614203,-6.30936));
#13611=CARTESIAN_POINT('',(-4.01531665405,-3.471693614203,-6.30936));
#13612=VECTOR('',#16153,0.1852083459497);
#13613=CARTESIAN_POINT('',(-3.935941691899,-3.444672340828,-6.30936));
#13614=CARTESIAN_POINT('',(-3.935941691899,-3.444672340828,-6.30936));
#13615=VECTOR('',#16154,0.08384827864222);
#13616=CARTESIAN_POINT('',(-3.856566691899,-3.390629794079,-6.30936));
#13617=CARTESIAN_POINT('',(-3.856566691899,-3.390629794079,-6.30936));
#13618=VECTOR('',#16155,0.09602597296633);
#13619=CARTESIAN_POINT('',(-3.80365,-3.309565955031,-6.30936));
#13620=CARTESIAN_POINT('',(-3.80365,-3.309565955031,-6.30936));
#13621=VECTOR('',#16156,0.09680662313494);
#13622=CARTESIAN_POINT('',(-3.777191691899,-3.228502134907,-6.30936));
#13623=CARTESIAN_POINT('',(-3.777191691899,-3.228502134907,-6.30936));
#13624=VECTOR('',#16157,0.08527241641114);
#13625=CARTESIAN_POINT('',(-3.777191691899,-3.147438314784,-6.30936));
#13626=CARTESIAN_POINT('',(-3.777191691899,-3.147438314784,-6.30936));
#13627=VECTOR('',#16158,0.08106382012367);
#13628=CARTESIAN_POINT('',(-3.80365,-3.066374456811,-6.30936));
#13629=VECTOR('',#16159,0.08527245239207);
#13630=CARTESIAN_POINT('',(-8.438640175056,1.698828513615,3.109137658441E-08));
#13631=AXIS2_PLACEMENT_3D('',#16160,#16161,#16162);
#13632=CARTESIAN_POINT('',(-8.438640178878,1.698828512941,4.097688105498E-09));
#13633=VECTOR('',#16163,6.309360004098);
#13634=AXIS2_PLACEMENT_3D('',#16164,#16165,#16166);
#13635=CARTESIAN_POINT('',(-8.848871692651,1.626493628726,-0.9682165182404));
#13636=AXIS2_PLACEMENT_3D('',#16167,#16168,#16169);
#13637=AXIS2_PLACEMENT_3D('',#16170,#16171,#16172);
#13638=CARTESIAN_POINT('',(-8.119738468184,-2.508626371274,-0.9682165425094));
#13639=CARTESIAN_POINT('',(-8.848871692651,1.626493628726,-0.9682165418714));
#13640=VECTOR('',#16173,4.198910891341);
#13641=CARTESIAN_POINT('',(-7.709506954224,-2.436291487026,3.896818340232E-09));
#13642=AXIS2_PLACEMENT_3D('',#16174,#16175,#16176);
#13643=CARTESIAN_POINT('',(-8.438640178878,1.698828512941,4.097688105498E-09));
#13644=VECTOR('',#16177,4.198910891341);
#13645=CARTESIAN_POINT('',(-7.709506954224,-2.436291487026,3.896818340232E-09));
#13646=VECTOR('',#16178,6.309360003897);
#13647=CARTESIAN_POINT('',(-5.618326775533,-4.191,2.956726863346E-08));
#13648=CARTESIAN_POINT('',(-5.618326775533,-4.19100000369,3.896818423499E-09));
#13649=VECTOR('',#16179,6.309360003897);
#13650=AXIS2_PLACEMENT_3D('',#16180,#16181,#16182);
#13651=CARTESIAN_POINT('',(-5.618326775533,-4.60756,-0.9682165197645));
#13652=AXIS2_PLACEMENT_3D('',#16183,#16184,#16185);
#13653=AXIS2_PLACEMENT_3D('',#16186,#16187,#16188);
#13654=CARTESIAN_POINT('',(5.618326775533,-4.60756,-0.9682165425094));
#13655=CARTESIAN_POINT('',(-5.618326775533,-4.60756,-0.9682165422247));
#13656=VECTOR('',#16189,11.23665355107);
#13657=CARTESIAN_POINT('',(5.618326775533,-4.19100000369,3.89681822921E-09));
#13658=AXIS2_PLACEMENT_3D('',#16190,#16191,#16192);
#13659=CARTESIAN_POINT('',(-5.618326775533,-4.19100000369,3.896818423499E-09));
#13660=VECTOR('',#16193,11.23665355107);
#13661=CARTESIAN_POINT('',(5.618326775533,-4.19100000369,3.89681822921E-09));
#13662=VECTOR('',#16194,6.309360003897);
#13663=CARTESIAN_POINT('',(7.709506950589,-2.436291486385,2.956726863346E-08));
#13664=CARTESIAN_POINT('',(7.709506954224,-2.436291487026,3.896818395743E-09));
#13665=VECTOR('',#16195,6.309360003897);
#13666=AXIS2_PLACEMENT_3D('',#16196,#16197,#16198);
#13667=CARTESIAN_POINT('',(8.119738468184,-2.508626371274,-0.9682165197645));
#13668=AXIS2_PLACEMENT_3D('',#16199,#16200,#16201);
#13669=AXIS2_PLACEMENT_3D('',#16202,#16203,#16204);
#13670=CARTESIAN_POINT('',(8.848871692651,1.626493628726,-0.9682165182407));
#13671=CARTESIAN_POINT('',(8.119738468184,-2.508626371274,-0.9682165422247));
#13672=VECTOR('',#16205,4.198910891341);
#13673=CARTESIAN_POINT('',(8.438640175056,1.698828513615,3.109106216925E-08));
#13674=AXIS2_PLACEMENT_3D('',#16206,#16207,#16208);
#13675=CARTESIAN_POINT('',(7.709506954224,-2.436291487026,3.896818395743E-09));
#13676=VECTOR('',#16209,4.198910891341);
#13677=CARTESIAN_POINT('',(8.438640178878,1.698828512941,4.097646361112E-09));
#13678=VECTOR('',#16210,6.309360004098);
#13679=AXIS2_PLACEMENT_3D('',#16211,#16212,#16213);
#13680=AXIS2_PLACEMENT_3D('',#16214,#16215,#16216);
#13681=AXIS2_PLACEMENT_3D('',#16217,#16218,#16219);
#13682=CARTESIAN_POINT('',(6.34746,4.60756,-0.9682165418715));
#13683=VECTOR('',#16220,12.69492);
#13684=CARTESIAN_POINT('',(6.34746,4.191000003881,4.097646610912E-09));
#13685=VECTOR('',#16221,12.69492);
#13686=CARTESIAN_POINT('',(6.34745999999,4.60756,-5.3848));
#13687=VECTOR('',#16222,12.69491999998);
#13688=CARTESIAN_POINT('',(-8.848871692651,1.626493628726,-5.3848));
#13689=AXIS2_PLACEMENT_3D('',#16223,#16224,#16225);
#13690=CARTESIAN_POINT('',(-8.848871692649,1.626493628716,-5.3848));
#13691=VECTOR('',#16226,4.416583458129);
#13692=CARTESIAN_POINT('',(-8.119738468185,-2.508626371268,-5.3848));
#13693=CARTESIAN_POINT('',(-8.848871692649,1.626493628716,-5.3848));
#13694=VECTOR('',#16227,4.198910891325);
#13695=CARTESIAN_POINT('',(-8.119738468185,-2.508626371268,-5.3848));
#13696=VECTOR('',#16228,4.416583457491);
#13697=CARTESIAN_POINT('',(-5.618326775533,-4.60756,-5.3848));
#13698=AXIS2_PLACEMENT_3D('',#16229,#16230,#16231);
#13699=CARTESIAN_POINT('',(-5.618326775526,-4.60756,-5.3848));
#13700=VECTOR('',#16232,4.416583457775);
#13701=CARTESIAN_POINT('',(5.618326775527,-4.60756,-5.3848));
#13702=CARTESIAN_POINT('',(-5.618326775526,-4.60756,-5.3848));
#13703=VECTOR('',#16233,11.23665355105);
#13704=CARTESIAN_POINT('',(5.618326775527,-4.60756,-5.3848));
#13705=VECTOR('',#16234,4.416583457491);
#13706=CARTESIAN_POINT('',(8.119738468184,-2.508626371274,-5.3848));
#13707=AXIS2_PLACEMENT_3D('',#16235,#16236,#16237);
#13708=CARTESIAN_POINT('',(8.119738468185,-2.508626371267,-5.3848));
#13709=VECTOR('',#16238,4.416583457775);
#13710=CARTESIAN_POINT('',(8.84887169265,1.626493628718,-5.3848));
#13711=CARTESIAN_POINT('',(8.119738468185,-2.508626371267,-5.3848));
#13712=VECTOR('',#16239,4.198910891326);
#13713=CARTESIAN_POINT('',(8.84887169265,1.626493628718,-5.3848));
#13714=VECTOR('',#16240,4.416583457816);
#13715=AXIS2_PLACEMENT_3D('',#16241,#16242,#16243);
#13716=CARTESIAN_POINT('',(6.34746,5.11556,-5.8928));
#13717=AXIS2_PLACEMENT_3D('',#16244,#16245,#16246);
#13718=CARTESIAN_POINT('',(9.349154031181,1.53828035447,-5.8928));
#13719=AXIS2_PLACEMENT_3D('',#16247,#16248,#16249);
#13720=AXIS2_PLACEMENT_3D('',#16250,#16251,#16252);
#13721=CARTESIAN_POINT('',(10.6553,-6.2738,-5.8928));
#13722=VECTOR('',#16253,0.9652);
#13723=CARTESIAN_POINT('',(14.2494,-5.0038,-5.8928));
#13724=CARTESIAN_POINT('',(14.2494,-5.0038,-5.8928));
#13725=VECTOR('',#16254,0.3048);
#13726=AXIS2_PLACEMENT_3D('',#16255,#16256,#16257);
#13727=CARTESIAN_POINT('',(13.9446,6.2738,-5.8928));
#13728=AXIS2_PLACEMENT_3D('',#16258,#16259,#16260);
#13729=CARTESIAN_POINT('',(-13.9446,6.2738,-5.8928));
#13730=CARTESIAN_POINT('',(-13.9446,6.2738,-5.8928));
#13731=VECTOR('',#16261,27.8892);
#13732=AXIS2_PLACEMENT_3D('',#16262,#16263,#16264);
#13733=CARTESIAN_POINT('',(-14.2494,-5.0038,-5.8928));
#13734=AXIS2_PLACEMENT_3D('',#16265,#16266,#16267);
#13735=CARTESIAN_POINT('',(-14.2494,-5.3086,-5.8928));
#13736=VECTOR('',#16268,0.3048);
#13737=CARTESIAN_POINT('',(-6.34746,5.11556,-5.8928));
#13738=CARTESIAN_POINT('',(6.347459999999,5.115559999999,-5.8928));
#13739=VECTOR('',#16269,12.69492);
#13740=CARTESIAN_POINT('',(8.620020806714,-2.596839645529,-5.8928));
#13741=CARTESIAN_POINT('',(8.620020806714,-2.596839645528,-5.8928));
#13742=VECTOR('',#16270,4.198910891339);
#13743=CARTESIAN_POINT('',(5.618326775532,-5.11556,-5.8928));
#13744=AXIS2_PLACEMENT_3D('',#16271,#16272,#16273);
#13745=CARTESIAN_POINT('',(-5.618326775533,-5.11556,-5.8928));
#13746=CARTESIAN_POINT('',(-5.618326775532,-5.115559999999,-5.8928));
#13747=VECTOR('',#16274,11.23665355106);
#13748=CARTESIAN_POINT('',(-8.620020806714,-2.596839645528,-5.8928));
#13749=AXIS2_PLACEMENT_3D('',#16275,#16276,#16277);
#13750=CARTESIAN_POINT('',(-9.349154031181,1.538280354471,-5.8928));
#13751=CARTESIAN_POINT('',(-9.34915403118,1.53828035447,-5.8928));
#13752=VECTOR('',#16278,4.198910891339);
#13753=AXIS2_PLACEMENT_3D('',#16279,#16280,#16281);
#13754=CARTESIAN_POINT('',(10.1092,0.0,-5.8928));
#13755=CARTESIAN_POINT('',(14.8844,0.0,-5.8928));
#13756=AXIS2_PLACEMENT_3D('',#16282,#16283,#16284);
#13757=AXIS2_PLACEMENT_3D('',#16285,#16286,#16287);
#13758=CARTESIAN_POINT('',(-14.8844,0.0,-5.8928));
#13759=CARTESIAN_POINT('',(-10.1092,0.0,-5.8928));
#13760=AXIS2_PLACEMENT_3D('',#16288,#16289,#16290);
#13761=AXIS2_PLACEMENT_3D('',#16291,#16292,#16293);
#13762=CARTESIAN_POINT('',(-14.2494,-5.0038,-5.8928));
#13763=VECTOR('',#16294,0.41656);
#13764=CARTESIAN_POINT('',(-13.9446,6.2738,-7.57936));
#13765=CARTESIAN_POINT('',(-13.9446,6.2738,-5.8928));
#13766=VECTOR('',#16295,1.68656);
#13767=CARTESIAN_POINT('',(-14.0843,6.267591390388,-7.57936));
#13768=AXIS2_PLACEMENT_3D('',#16296,#16297,#16298);
#13769=CARTESIAN_POINT('',(-14.0843,6.267591390388,-8.54456));
#13770=CARTESIAN_POINT('',(-14.0843,6.267591390388,-7.57936));
#13771=VECTOR('',#16299,0.9652);
#13772=AXIS2_PLACEMENT_3D('',#16300,#16301,#16302);
#13773=CARTESIAN_POINT('',(-14.0843,6.267591390388,-8.54456));
#13774=VECTOR('',#16303,2.965591390388);
#13775=CARTESIAN_POINT('',(-14.0843,6.267591390388,-7.57936));
#13776=VECTOR('',#16304,2.965591390388);
#13777=CARTESIAN_POINT('',(-11.4173,6.2738,-7.57936));
#13778=CARTESIAN_POINT('',(-10.9093,6.2738,-7.57936));
#13779=CARTESIAN_POINT('',(-11.4173,6.2738,-7.57936));
#13780=VECTOR('',#16305,0.508);
#13781=CARTESIAN_POINT('',(-10.9093,6.2738,-7.57936));
#13782=VECTOR('',#16306,2.9718);
#13783=CARTESIAN_POINT('',(-13.5763,6.2738,-7.57936));
#13784=CARTESIAN_POINT('',(-13.9446,6.2738,-7.57936));
#13785=VECTOR('',#16307,0.3683);
#13786=CARTESIAN_POINT('',(-13.5763,4.8768,-7.57936));
#13787=CARTESIAN_POINT('',(-13.5763,6.2738,-7.57936));
#13788=VECTOR('',#16308,1.397);
#13789=CARTESIAN_POINT('',(-11.4173,4.8768,-7.57936));
#13790=CARTESIAN_POINT('',(-11.4173,4.8768,-7.57936));
#13791=VECTOR('',#16309,2.159);
#13792=CARTESIAN_POINT('',(-11.4173,6.2738,-7.57936));
#13793=VECTOR('',#16310,1.397);
#13794=CARTESIAN_POINT('',(-11.4173,4.8768,-7.99592));
#13795=CARTESIAN_POINT('',(-11.4173,4.8768,-7.57936));
#13796=VECTOR('',#16311,0.41656);
#13797=CARTESIAN_POINT('',(-11.4173,6.2738,-7.99592));
#13798=CARTESIAN_POINT('',(-11.4173,6.2738,-7.99592));
#13799=VECTOR('',#16312,1.397);
#13800=CARTESIAN_POINT('',(-11.4173,6.2738,-7.57936));
#13801=VECTOR('',#16313,0.41656);
#13802=CARTESIAN_POINT('',(10.9093,6.2738,-8.54456));
#13803=CARTESIAN_POINT('',(10.9093,6.2738,-7.57936));
#13804=CARTESIAN_POINT('',(10.9093,6.2738,-8.54456));
#13805=VECTOR('',#16314,0.9652);
#13806=CARTESIAN_POINT('',(-10.9093,6.2738,-8.54456));
#13807=CARTESIAN_POINT('',(-10.9093,6.2738,-8.54456));
#13808=VECTOR('',#16315,21.8186);
#13809=CARTESIAN_POINT('',(-10.9093,6.2738,-7.57936));
#13810=VECTOR('',#16316,0.9652);
#13811=CARTESIAN_POINT('',(-13.5763,6.2738,-7.99592));
#13812=CARTESIAN_POINT('',(-13.5763,6.2738,-7.99592));
#13813=VECTOR('',#16317,2.159);
#13814=CARTESIAN_POINT('',(-13.5763,6.2738,-7.57936));
#13815=VECTOR('',#16318,0.41656);
#13816=CARTESIAN_POINT('',(13.9446,6.2738,-7.57936));
#13817=CARTESIAN_POINT('',(13.9446,6.2738,-7.57936));
#13818=VECTOR('',#16319,1.68656);
#13819=CARTESIAN_POINT('',(13.5763,6.2738,-7.57936));
#13820=CARTESIAN_POINT('',(13.5763,6.2738,-7.57936));
#13821=VECTOR('',#16320,0.3683);
#13822=CARTESIAN_POINT('',(13.5763,6.2738,-7.99592));
#13823=CARTESIAN_POINT('',(13.5763,6.2738,-7.57936));
#13824=VECTOR('',#16321,0.41656);
#13825=CARTESIAN_POINT('',(11.4173,6.2738,-7.99592));
#13826=CARTESIAN_POINT('',(11.4173,6.2738,-7.99592));
#13827=VECTOR('',#16322,2.159);
#13828=CARTESIAN_POINT('',(11.4173,6.2738,-7.57936));
#13829=CARTESIAN_POINT('',(11.4173,6.2738,-7.57936));
#13830=VECTOR('',#16323,0.41656);
#13831=CARTESIAN_POINT('',(10.9093,6.2738,-7.57936));
#13832=VECTOR('',#16324,0.508);
#13833=CARTESIAN_POINT('',(14.0843,6.267591390388,-7.57936));
#13834=AXIS2_PLACEMENT_3D('',#16325,#16326,#16327);
#13835=CARTESIAN_POINT('',(14.0843,6.267591390388,-7.57936));
#13836=VECTOR('',#16328,2.965591390388);
#13837=CARTESIAN_POINT('',(10.9093,6.2738,-7.57936));
#13838=VECTOR('',#16329,2.9718);
#13839=CARTESIAN_POINT('',(11.4173,4.8768,-7.57936));
#13840=CARTESIAN_POINT('',(11.4173,6.2738,-7.57936));
#13841=VECTOR('',#16330,1.397);
#13842=CARTESIAN_POINT('',(13.5763,4.8768,-7.57936));
#13843=CARTESIAN_POINT('',(13.5763,4.8768,-7.57936));
#13844=VECTOR('',#16331,2.159);
#13845=CARTESIAN_POINT('',(13.5763,6.2738,-7.57936));
#13846=VECTOR('',#16332,1.397);
#13847=CARTESIAN_POINT('',(13.5763,4.8768,-7.99592));
#13848=CARTESIAN_POINT('',(13.5763,4.8768,-7.57936));
#13849=VECTOR('',#16333,0.41656);
#13850=CARTESIAN_POINT('',(13.5763,6.2738,-7.99592));
#13851=VECTOR('',#16334,1.397);
#13852=CARTESIAN_POINT('',(-13.5763,4.8768,-7.99592));
#13853=CARTESIAN_POINT('',(-11.4173,4.8768,-7.99592));
#13854=VECTOR('',#16335,2.159);
#13855=CARTESIAN_POINT('',(-13.5763,4.8768,-7.99592));
#13856=VECTOR('',#16336,1.397);
#13857=CARTESIAN_POINT('',(11.4173,4.8768,-7.99592));
#13858=CARTESIAN_POINT('',(13.5763,4.8768,-7.99592));
#13859=VECTOR('',#16337,2.159);
#13860=CARTESIAN_POINT('',(11.4173,4.8768,-7.99592));
#13861=VECTOR('',#16338,1.397);
#13862=CARTESIAN_POINT('',(-13.5763,4.8768,-7.57936));
#13863=VECTOR('',#16339,0.41656);
#13864=CARTESIAN_POINT('',(11.4173,4.8768,-7.57936));
#13865=VECTOR('',#16340,0.41656);
#13866=CARTESIAN_POINT('',(10.9093,6.2738,-8.54456));
#13867=VECTOR('',#16341,2.9718);
#13868=CARTESIAN_POINT('',(-10.9093,6.2738,-8.54456));
#13869=VECTOR('',#16342,2.9718);
#13870=CARTESIAN_POINT('',(14.0843,6.267591390388,-8.54456));
#13871=CARTESIAN_POINT('',(14.0843,6.267591390388,-8.54456));
#13872=VECTOR('',#16343,0.9652);
#13873=CARTESIAN_POINT('',(14.0843,6.267591390388,-8.54456));
#13874=VECTOR('',#16344,2.965591390388);
#13875=AXIS2_PLACEMENT_3D('',#16345,#16346,#16347);
#13876=CARTESIAN_POINT('',(14.2494,-5.0038,-5.8928));
#13877=VECTOR('',#16348,0.41656);
#13878=CARTESIAN_POINT('',(10.6553,-6.2738,-12.25296));
#13879=VECTOR('',#16349,0.9652);
#13880=CARTESIAN_POINT('',(9.4234,-6.2738,-12.25296));
#13881=VECTOR('',#16350,0.9652);
#13882=AXIS2_PLACEMENT_3D('',#16351,#16352,#16353);
#13883=AXIS2_PLACEMENT_3D('',#16354,#16355,#16356);
#13884=AXIS2_PLACEMENT_3D('',#16357,#16358,#16359);
#13885=AXIS2_PLACEMENT_3D('',#16360,#16361,#16362);
#13886=AXIS2_PLACEMENT_3D('',#16363,#16364,#16365);
#13887=AXIS2_PLACEMENT_3D('',#16366,#16367,#16368);
#13888=CARTESIAN_POINT('',(10.1092,0.0,-6.30936));
#13889=CARTESIAN_POINT('',(10.1092,0.0,-5.8928));
#13890=VECTOR('',#16369,0.41656);
#13891=CARTESIAN_POINT('',(14.8844,0.0,-6.30936));
#13892=AXIS2_PLACEMENT_3D('',#16370,#16371,#16372);
#13893=CARTESIAN_POINT('',(14.8844,0.0,-5.8928));
#13894=VECTOR('',#16373,0.41656);
#13895=AXIS2_PLACEMENT_3D('',#16374,#16375,#16376);
#13896=CARTESIAN_POINT('',(10.5029,0.0,-6.30936));
#13897=CARTESIAN_POINT('',(14.4907,0.0,-6.30936));
#13898=AXIS2_PLACEMENT_3D('',#16377,#16378,#16379);
#13899=AXIS2_PLACEMENT_3D('',#16380,#16381,#16382);
#13900=CARTESIAN_POINT('',(-14.8844,0.0,-6.30936));
#13901=CARTESIAN_POINT('',(-10.1092,0.0,-6.30936));
#13902=AXIS2_PLACEMENT_3D('',#16383,#16384,#16385);
#13903=AXIS2_PLACEMENT_3D('',#16386,#16387,#16388);
#13904=CARTESIAN_POINT('',(-14.4907,0.0,-6.30936));
#13905=CARTESIAN_POINT('',(-10.5029,0.0,-6.30936));
#13906=AXIS2_PLACEMENT_3D('',#16389,#16390,#16391);
#13907=AXIS2_PLACEMENT_3D('',#16392,#16393,#16394);
#13908=CARTESIAN_POINT('',(-14.8844,0.0,-5.8928));
#13909=VECTOR('',#16395,0.41656);
#13910=CARTESIAN_POINT('',(-10.1092,0.0,-5.8928));
#13911=VECTOR('',#16396,0.41656);
#13912=CARTESIAN_POINT('',(10.5029,0.0,-7.309358));
#13913=CARTESIAN_POINT('',(10.5029,0.0,-6.30936));
#13914=VECTOR('',#16397,0.999998);
#13915=CARTESIAN_POINT('',(14.4907,0.0,-7.309358));
#13916=AXIS2_PLACEMENT_3D('',#16398,#16399,#16400);
#13917=CARTESIAN_POINT('',(14.4907,0.0,-6.30936));
#13918=VECTOR('',#16401,0.999998);
#13919=AXIS2_PLACEMENT_3D('',#16402,#16403,#16404);
#13920=CARTESIAN_POINT('',(14.4145,0.0,-7.309358));
#13921=CARTESIAN_POINT('',(10.5791,0.0,-7.309358));
#13922=AXIS2_PLACEMENT_3D('',#16405,#16406,#16407);
#13923=AXIS2_PLACEMENT_3D('',#16408,#16409,#16410);
#13924=CARTESIAN_POINT('',(-14.4907,0.0,-7.309358));
#13925=CARTESIAN_POINT('',(-10.5029,0.0,-7.309358));
#13926=AXIS2_PLACEMENT_3D('',#16411,#16412,#16413);
#13927=AXIS2_PLACEMENT_3D('',#16414,#16415,#16416);
#13928=CARTESIAN_POINT('',(-10.5791,0.0,-7.309358));
#13929=CARTESIAN_POINT('',(-14.4145,0.0,-7.309358));
#13930=AXIS2_PLACEMENT_3D('',#16417,#16418,#16419);
#13931=AXIS2_PLACEMENT_3D('',#16420,#16421,#16422);
#13932=CARTESIAN_POINT('',(-14.4907,0.0,-6.30936));
#13933=VECTOR('',#16423,0.999998);
#13934=CARTESIAN_POINT('',(-10.5029,0.0,-6.30936));
#13935=VECTOR('',#16424,0.999998);
#13936=CARTESIAN_POINT('',(14.4145,0.0,-6.02996));
#13937=CARTESIAN_POINT('',(14.4145,0.0,-7.309358));
#13938=VECTOR('',#16425,1.279398);
#13939=CARTESIAN_POINT('',(10.5791,0.0,-6.02996));
#13940=AXIS2_PLACEMENT_3D('',#16426,#16427,#16428);
#13941=CARTESIAN_POINT('',(10.5791,0.0,-7.309358));
#13942=VECTOR('',#16429,1.279398);
#13943=AXIS2_PLACEMENT_3D('',#16430,#16431,#16432);
#13944=CARTESIAN_POINT('',(10.6807,0.0,-5.68706));
#13945=CARTESIAN_POINT('',(14.3129,0.0,-5.68706));
#13946=AXIS2_PLACEMENT_3D('',#16433,#16434,#16435);
#13947=CARTESIAN_POINT('',(14.4145,0.0,-6.02996));
#13948=VECTOR('',#16436,0.3576352471444);
#13949=CARTESIAN_POINT('',(10.5791,0.0,-6.02996));
#13950=VECTOR('',#16437,0.3576352471444);
#13951=AXIS2_PLACEMENT_3D('',#16438,#16439,#16440);
#13952=CARTESIAN_POINT('',(14.3129,0.0,-5.31876));
#13953=CARTESIAN_POINT('',(14.3129,0.0,-5.68706));
#13954=VECTOR('',#16441,0.3683);
#13955=CARTESIAN_POINT('',(10.6807,0.0,-5.31876));
#13956=AXIS2_PLACEMENT_3D('',#16442,#16443,#16444);
#13957=CARTESIAN_POINT('',(10.6807,0.0,-5.68706));
#13958=VECTOR('',#16445,0.3683);
#13959=AXIS2_PLACEMENT_3D('',#16446,#16447,#16448);
#13960=CARTESIAN_POINT('',(10.5791,0.0,-5.31876));
#13961=CARTESIAN_POINT('',(14.4145,0.0,-5.31876));
#13962=AXIS2_PLACEMENT_3D('',#16449,#16450,#16451);
#13963=AXIS2_PLACEMENT_3D('',#16452,#16453,#16454);
#13964=CARTESIAN_POINT('',(14.4145,0.0,-0.01016));
#13965=CARTESIAN_POINT('',(14.4145,0.0,-5.31876));
#13966=VECTOR('',#16455,5.3086);
#13967=CARTESIAN_POINT('',(10.5791,0.0,-0.01016));
#13968=AXIS2_PLACEMENT_3D('',#16456,#16457,#16458);
#13969=CARTESIAN_POINT('',(10.5791,0.0,-5.31876));
#13970=VECTOR('',#16459,5.3086);
#13971=AXIS2_PLACEMENT_3D('',#16460,#16461,#16462);
#13972=CARTESIAN_POINT('',(11.0744,0.0,-0.01016));
#13973=CARTESIAN_POINT('',(13.9192,0.0,-0.01016));
#13974=AXIS2_PLACEMENT_3D('',#16463,#16464,#16465);
#13975=AXIS2_PLACEMENT_3D('',#16466,#16467,#16468);
#13976=CARTESIAN_POINT('',(13.9192,0.0,-1.010158));
#13977=CARTESIAN_POINT('',(13.9192,0.0,-0.01016));
#13978=VECTOR('',#16469,0.999998);
#13979=CARTESIAN_POINT('',(11.0744,0.0,-1.010158));
#13980=AXIS2_PLACEMENT_3D('',#16470,#16471,#16472);
#13981=CARTESIAN_POINT('',(11.0744,0.0,-0.01016));
#13982=VECTOR('',#16473,0.999998);
#13983=AXIS2_PLACEMENT_3D('',#16474,#16475,#16476);
#13984=CARTESIAN_POINT('',(-10.5791,0.0,-6.02996));
#13985=CARTESIAN_POINT('',(-10.5791,0.0,-7.309358));
#13986=VECTOR('',#16477,1.279398);
#13987=CARTESIAN_POINT('',(-14.4145,0.0,-6.02996));
#13988=AXIS2_PLACEMENT_3D('',#16478,#16479,#16480);
#13989=CARTESIAN_POINT('',(-14.4145,0.0,-7.309358));
#13990=VECTOR('',#16481,1.279398);
#13991=AXIS2_PLACEMENT_3D('',#16482,#16483,#16484);
#13992=CARTESIAN_POINT('',(-14.3129,0.0,-5.68706));
#13993=CARTESIAN_POINT('',(-10.6807,0.0,-5.68706));
#13994=AXIS2_PLACEMENT_3D('',#16485,#16486,#16487);
#13995=CARTESIAN_POINT('',(-10.5791,0.0,-6.02996));
#13996=VECTOR('',#16488,0.3576352471443);
#13997=CARTESIAN_POINT('',(-14.4145,0.0,-6.02996));
#13998=VECTOR('',#16489,0.3576352471444);
#13999=AXIS2_PLACEMENT_3D('',#16490,#16491,#16492);
#14000=CARTESIAN_POINT('',(-10.6807,0.0,-5.31876));
#14001=CARTESIAN_POINT('',(-10.6807,0.0,-5.68706));
#14002=VECTOR('',#16493,0.3683);
#14003=CARTESIAN_POINT('',(-14.3129,0.0,-5.31876));
#14004=AXIS2_PLACEMENT_3D('',#16494,#16495,#16496);
#14005=CARTESIAN_POINT('',(-14.3129,0.0,-5.68706));
#14006=VECTOR('',#16497,0.3683);
#14007=AXIS2_PLACEMENT_3D('',#16498,#16499,#16500);
#14008=CARTESIAN_POINT('',(-14.4145,0.0,-5.31876));
#14009=CARTESIAN_POINT('',(-10.5791,0.0,-5.31876));
#14010=AXIS2_PLACEMENT_3D('',#16501,#16502,#16503);
#14011=AXIS2_PLACEMENT_3D('',#16504,#16505,#16506);
#14012=CARTESIAN_POINT('',(-10.5791,0.0,-0.01016));
#14013=CARTESIAN_POINT('',(-10.5791,0.0,-5.31876));
#14014=VECTOR('',#16507,5.3086);
#14015=CARTESIAN_POINT('',(-14.4145,0.0,-0.01016));
#14016=AXIS2_PLACEMENT_3D('',#16508,#16509,#16510);
#14017=CARTESIAN_POINT('',(-14.4145,0.0,-5.31876));
#14018=VECTOR('',#16511,5.3086);
#14019=AXIS2_PLACEMENT_3D('',#16512,#16513,#16514);
#14020=CARTESIAN_POINT('',(-13.9192,0.0,-0.01016));
#14021=CARTESIAN_POINT('',(-11.0744,0.0,-0.01016));
#14022=AXIS2_PLACEMENT_3D('',#16515,#16516,#16517);
#14023=AXIS2_PLACEMENT_3D('',#16518,#16519,#16520);
#14024=CARTESIAN_POINT('',(-11.0744,0.0,-1.010158));
#14025=CARTESIAN_POINT('',(-11.0744,0.0,-0.01016));
#14026=VECTOR('',#16521,0.999998);
#14027=CARTESIAN_POINT('',(-13.9192,0.0,-1.010158));
#14028=AXIS2_PLACEMENT_3D('',#16522,#16523,#16524);
#14029=CARTESIAN_POINT('',(-13.9192,0.0,-0.01016));
#14030=VECTOR('',#16525,0.999998);
#14031=AXIS2_PLACEMENT_3D('',#16526,#16527,#16528);
#14032=CARTESIAN_POINT('',(-5.9944,1.4224,-1.35636));
#14033=CARTESIAN_POINT('',(-5.9944,1.4224,-6.30936));
#14034=VECTOR('',#16529,4.953);
#14035=CARTESIAN_POINT('',(-4.9784,1.4224,-1.35636));
#14036=AXIS2_PLACEMENT_3D('',#16530,#16531,#16532);
#14037=CARTESIAN_POINT('',(-4.9784,1.4224,-6.30936));
#14038=VECTOR('',#16533,4.953);
#14039=AXIS2_PLACEMENT_3D('',#16534,#16535,#16536);
#14040=CARTESIAN_POINT('',(-3.2512,1.4224,-1.35636));
#14041=CARTESIAN_POINT('',(-3.2512,1.4224,-6.30936));
#14042=VECTOR('',#16537,4.953);
#14043=CARTESIAN_POINT('',(-2.2352,1.4224,-1.35636));
#14044=AXIS2_PLACEMENT_3D('',#16538,#16539,#16540);
#14045=CARTESIAN_POINT('',(-2.2352,1.4224,-6.30936));
#14046=VECTOR('',#16541,4.953);
#14047=AXIS2_PLACEMENT_3D('',#16542,#16543,#16544);
#14048=CARTESIAN_POINT('',(-0.508,1.4224,-1.35636));
#14049=CARTESIAN_POINT('',(-0.508,1.4224,-6.30936));
#14050=VECTOR('',#16545,4.953);
#14051=CARTESIAN_POINT('',(0.508,1.4224,-1.35636));
#14052=AXIS2_PLACEMENT_3D('',#16546,#16547,#16548);
#14053=CARTESIAN_POINT('',(0.508,1.4224,-6.30936));
#14054=VECTOR('',#16549,4.953);
#14055=AXIS2_PLACEMENT_3D('',#16550,#16551,#16552);
#14056=CARTESIAN_POINT('',(2.2352,1.4224,-1.35636));
#14057=CARTESIAN_POINT('',(2.2352,1.4224,-6.30936));
#14058=VECTOR('',#16553,4.953);
#14059=CARTESIAN_POINT('',(3.2512,1.4224,-1.35636));
#14060=AXIS2_PLACEMENT_3D('',#16554,#16555,#16556);
#14061=CARTESIAN_POINT('',(3.2512,1.4224,-6.30936));
#14062=VECTOR('',#16557,4.953);
#14063=AXIS2_PLACEMENT_3D('',#16558,#16559,#16560);
#14064=CARTESIAN_POINT('',(4.9784,1.4224,-1.35636));
#14065=CARTESIAN_POINT('',(4.9784,1.4224,-6.30936));
#14066=VECTOR('',#16561,4.953);
#14067=CARTESIAN_POINT('',(5.9944,1.4224,-1.35636));
#14068=AXIS2_PLACEMENT_3D('',#16562,#16563,#16564);
#14069=CARTESIAN_POINT('',(5.9944,1.4224,-6.30936));
#14070=VECTOR('',#16565,4.953);
#14071=AXIS2_PLACEMENT_3D('',#16566,#16567,#16568);
#14072=CARTESIAN_POINT('',(-4.6228,-1.4224,-1.35636));
#14073=CARTESIAN_POINT('',(-4.6228,-1.4224,-6.30936));
#14074=VECTOR('',#16569,4.953);
#14075=CARTESIAN_POINT('',(-3.6068,-1.4224,-1.35636));
#14076=AXIS2_PLACEMENT_3D('',#16570,#16571,#16572);
#14077=CARTESIAN_POINT('',(-3.6068,-1.4224,-6.30936));
#14078=VECTOR('',#16573,4.953);
#14079=AXIS2_PLACEMENT_3D('',#16574,#16575,#16576);
#14080=CARTESIAN_POINT('',(-1.8796,-1.4224,-1.35636));
#14081=CARTESIAN_POINT('',(-1.8796,-1.4224,-6.30936));
#14082=VECTOR('',#16577,4.953);
#14083=CARTESIAN_POINT('',(-0.8636,-1.4224,-1.35636));
#14084=AXIS2_PLACEMENT_3D('',#16578,#16579,#16580);
#14085=CARTESIAN_POINT('',(-0.8636,-1.4224,-6.30936));
#14086=VECTOR('',#16581,4.953);
#14087=AXIS2_PLACEMENT_3D('',#16582,#16583,#16584);
#14088=CARTESIAN_POINT('',(0.8636,-1.4224,-1.35636));
#14089=CARTESIAN_POINT('',(0.8636,-1.4224,-6.30936));
#14090=VECTOR('',#16585,4.953);
#14091=CARTESIAN_POINT('',(1.8796,-1.4224,-1.35636));
#14092=AXIS2_PLACEMENT_3D('',#16586,#16587,#16588);
#14093=CARTESIAN_POINT('',(1.8796,-1.4224,-6.30936));
#14094=VECTOR('',#16589,4.953);
#14095=AXIS2_PLACEMENT_3D('',#16590,#16591,#16592);
#14096=CARTESIAN_POINT('',(3.6068,-1.4224,-1.35636));
#14097=CARTESIAN_POINT('',(3.6068,-1.4224,-6.30936));
#14098=VECTOR('',#16593,4.953);
#14099=CARTESIAN_POINT('',(4.6228,-1.4224,-1.35636));
#14100=AXIS2_PLACEMENT_3D('',#16594,#16595,#16596);
#14101=CARTESIAN_POINT('',(4.6228,-1.4224,-6.30936));
#14102=VECTOR('',#16597,4.953);
#14103=AXIS2_PLACEMENT_3D('',#16598,#16599,#16600);
#14104=CARTESIAN_POINT('',(-5.4991,3.556,-6.15696));
#14105=CARTESIAN_POINT('',(-5.4991,3.556,-6.30936));
#14106=VECTOR('',#16601,0.1524);
#14107=CARTESIAN_POINT('',(-5.4991,2.286,-6.15696));
#14108=CARTESIAN_POINT('',(-5.4991,2.286,-6.15696));
#14109=VECTOR('',#16602,1.27);
#14110=CARTESIAN_POINT('',(-5.4991,2.286,-6.30936));
#14111=VECTOR('',#16603,0.1524);
#14112=CARTESIAN_POINT('',(-5.65785,2.286,-6.15696));
#14113=CARTESIAN_POINT('',(-5.65785,2.286,-6.15696));
#14114=VECTOR('',#16604,0.15875);
#14115=CARTESIAN_POINT('',(-5.65785,2.286,-6.30936));
#14116=VECTOR('',#16605,0.1524);
#14117=CARTESIAN_POINT('',(-5.65785,3.339829813004,-6.15696));
#14118=CARTESIAN_POINT('',(-5.65785,3.339829813004,-6.15696));
#14119=VECTOR('',#16606,1.053829813004);
#14120=CARTESIAN_POINT('',(-5.65785,3.339829813004,-6.30936));
#14121=VECTOR('',#16607,0.1524);
#14122=CARTESIAN_POINT('',(-5.8166,3.150680823684,-6.15696));
#14123=CARTESIAN_POINT('',(-5.8166,3.150680823684,-6.15696));
#14124=VECTOR('',#16608,0.246939066696);
#14125=CARTESIAN_POINT('',(-5.8166,3.150680823684,-6.30936));
#14126=VECTOR('',#16609,0.1524);
#14127=CARTESIAN_POINT('',(-5.8166,3.366851086378,-6.15696));
#14128=CARTESIAN_POINT('',(-5.8166,3.366851086378,-6.15696));
#14129=VECTOR('',#16610,0.2161702626944);
#14130=CARTESIAN_POINT('',(-5.8166,3.366851086378,-6.30936));
#14131=VECTOR('',#16611,0.1524);
#14132=CARTESIAN_POINT('',(-5.65785,3.556,-6.15696));
#14133=CARTESIAN_POINT('',(-5.65785,3.556,-6.15696));
#14134=VECTOR('',#16612,0.2469390087134);
#14135=CARTESIAN_POINT('',(-5.65785,3.556,-6.30936));
#14136=VECTOR('',#16613,0.1524);
#14137=CARTESIAN_POINT('',(-5.4991,3.556,-6.15696));
#14138=VECTOR('',#16614,0.15875);
#14139=CARTESIAN_POINT('',(-3.777191691899,-2.904246816564,-6.15696));
#14140=CARTESIAN_POINT('',(-3.909483308101,-2.82318299644,-6.15696));
#14141=CARTESIAN_POINT('',(-3.777191691899,-2.904246816564,-6.15696));
#14142=VECTOR('',#16615,0.1551528750949);
#14143=CARTESIAN_POINT('',(-4.041775,-2.796161723065,-6.15696));
#14144=CARTESIAN_POINT('',(-3.909483308101,-2.82318299644,-6.15696));
#14145=VECTOR('',#16616,0.1350231126895);
#14146=CARTESIAN_POINT('',(-4.17406665405,-2.796161723065,-6.15696));
#14147=CARTESIAN_POINT('',(-4.041775,-2.796161723065,-6.15696));
#14148=VECTOR('',#16617,0.1322916540504);
#14149=CARTESIAN_POINT('',(-4.306358327025,-2.82318299644,-6.15696));
#14150=CARTESIAN_POINT('',(-4.17406665405,-2.796161723065,-6.15696));
#14151=VECTOR('',#16618,0.1350230941479);
#14152=CARTESIAN_POINT('',(-4.465108336487,-2.931268089938,-6.15696));
#14153=CARTESIAN_POINT('',(-4.306358327025,-2.82318299644,-6.15696));
#14154=VECTOR('',#16619,0.1920519537541);
#14155=CARTESIAN_POINT('',(-4.465108336487,-2.877225543189,-6.15696));
#14156=CARTESIAN_POINT('',(-4.465108336487,-2.931268089938,-6.15696));
#14157=VECTOR('',#16620,0.05404254674912);
#14158=CARTESIAN_POINT('',(-4.43865,-2.715097902942,-6.15696));
#14159=CARTESIAN_POINT('',(-4.465108336487,-2.877225543189,-6.15696));
#14160=VECTOR('',#16621,0.1642723814336);
#14161=CARTESIAN_POINT('',(-4.412191672975,-2.63403400712,-6.15696));
#14162=CARTESIAN_POINT('',(-4.43865,-2.715097902942,-6.15696));
#14163=VECTOR('',#16622,0.08527249424487);
#14164=CARTESIAN_POINT('',(-4.359275,-2.552970186996,-6.15696));
#14165=CARTESIAN_POINT('',(-4.412191672975,-2.63403400712,-6.15696));
#14166=VECTOR('',#16623,0.09680659694343);
#14167=CARTESIAN_POINT('',(-4.2799,-2.498927640247,-6.15696));
#14168=CARTESIAN_POINT('',(-4.359275,-2.552970186996,-6.15696));
#14169=VECTOR('',#16624,0.09602597296633);
#14170=CARTESIAN_POINT('',(-4.200525,-2.471906366873,-6.15696));
#14171=CARTESIAN_POINT('',(-4.2799,-2.498927640247,-6.15696));
#14172=VECTOR('',#16625,0.08384831447192);
#14173=CARTESIAN_POINT('',(-4.041775,-2.471906366873,-6.15696));
#14174=CARTESIAN_POINT('',(-4.200525,-2.471906366873,-6.15696));
#14175=VECTOR('',#16626,0.15875);
#14176=CARTESIAN_POINT('',(-3.9624,-2.498927640247,-6.15696));
#14177=CARTESIAN_POINT('',(-4.041775,-2.471906366873,-6.15696));
#14178=VECTOR('',#16627,0.08384831447192);
#14179=CARTESIAN_POINT('',(-3.883025,-2.552970186996,-6.15696));
#14180=CARTESIAN_POINT('',(-3.9624,-2.498927640247,-6.15696));
#14181=VECTOR('',#16628,0.09602597296633);
#14182=CARTESIAN_POINT('',(-3.830108308101,-2.63403400712,-6.15696));
#14183=CARTESIAN_POINT('',(-3.883025,-2.552970186996,-6.15696));
#14184=VECTOR('',#16629,0.09680660728798);
#14185=CARTESIAN_POINT('',(-3.697816691899,-2.63403400712,-6.15696));
#14186=CARTESIAN_POINT('',(-3.830108308101,-2.63403400712,-6.15696));
#14187=VECTOR('',#16630,0.1322916162014);
#14188=CARTESIAN_POINT('',(-3.724275,-2.552970186996,-6.15696));
#14189=CARTESIAN_POINT('',(-3.697816691899,-2.63403400712,-6.15696));
#14190=VECTOR('',#16631,0.08527241641114);
#14191=CARTESIAN_POINT('',(-3.80365,-2.444885093498,-6.15696));
#14192=CARTESIAN_POINT('',(-3.724275,-2.552970186996,-6.15696));
#14193=VECTOR('',#16632,0.1340998809154);
#14194=CARTESIAN_POINT('',(-3.935941691899,-2.363821273375,-6.15696));
#14195=CARTESIAN_POINT('',(-3.80365,-2.444885093498,-6.15696));
#14196=VECTOR('',#16633,0.155152939639);
#14197=CARTESIAN_POINT('',(-4.06823334595,-2.3368,-6.15696));
#14198=CARTESIAN_POINT('',(-3.935941691899,-2.363821273375,-6.15696));
#14199=VECTOR('',#16634,0.1350230756062);
#14200=CARTESIAN_POINT('',(-4.17406665405,-2.3368,-6.15696));
#14201=CARTESIAN_POINT('',(-4.06823334595,-2.3368,-6.15696));
#14202=VECTOR('',#16635,0.1058333081007);
#14203=CARTESIAN_POINT('',(-4.306358327025,-2.363821273375,-6.15696));
#14204=CARTESIAN_POINT('',(-4.17406665405,-2.3368,-6.15696));
#14205=VECTOR('',#16636,0.1350230941479);
#14206=CARTESIAN_POINT('',(-4.43865,-2.444885093498,-6.15696));
#14207=CARTESIAN_POINT('',(-4.306358327025,-2.363821273375,-6.15696));
#14208=VECTOR('',#16637,0.155152923503);
#14209=CARTESIAN_POINT('',(-4.518025,-2.552970186996,-6.15696));
#14210=CARTESIAN_POINT('',(-4.43865,-2.444885093498,-6.15696));
#14211=VECTOR('',#16638,0.1340998809154);
#14212=CARTESIAN_POINT('',(-4.570941665878,-2.688076629567,-6.15696));
#14213=CARTESIAN_POINT('',(-4.518025,-2.552970186996,-6.15696));
#14214=VECTOR('',#16639,0.1450997048645);
#14215=CARTESIAN_POINT('',(-4.5974,-2.877225543189,-6.15696));
#14216=CARTESIAN_POINT('',(-4.570941665878,-2.688076629567,-6.15696));
#14217=VECTOR('',#16640,0.1909904577953);
#14218=CARTESIAN_POINT('',(-4.5974,-3.066374456811,-6.15696));
#14219=CARTESIAN_POINT('',(-4.5974,-2.877225543189,-6.15696));
#14220=VECTOR('',#16641,0.1891489136219);
#14221=CARTESIAN_POINT('',(-4.570941665878,-3.255523408282,-6.15696));
#14222=CARTESIAN_POINT('',(-4.5974,-3.066374456811,-6.15696));
#14223=VECTOR('',#16642,0.1909904952793);
#14224=CARTESIAN_POINT('',(-4.518025,-3.390629794079,-6.15696));
#14225=CARTESIAN_POINT('',(-4.570941665878,-3.255523408282,-6.15696));
#14226=VECTOR('',#16643,0.1450996520012);
#14227=CARTESIAN_POINT('',(-4.43865,-3.49871489704,-6.15696));
#14228=CARTESIAN_POINT('',(-4.518025,-3.390629794079,-6.15696));
#14229=VECTOR('',#16644,0.134099888542);
#14230=CARTESIAN_POINT('',(-4.306358327025,-3.57977872426,-6.15696));
#14231=CARTESIAN_POINT('',(-4.43865,-3.49871489704,-6.15696));
#14232=VECTOR('',#16645,0.1551529272108);
#14233=CARTESIAN_POINT('',(-4.17406665405,-3.6068,-6.15696));
#14234=CARTESIAN_POINT('',(-4.306358327025,-3.57977872426,-6.15696));
#14235=VECTOR('',#16646,0.1350230946213);
#14236=CARTESIAN_POINT('',(-4.041775,-3.6068,-6.15696));
#14237=CARTESIAN_POINT('',(-4.17406665405,-3.6068,-6.15696));
#14238=VECTOR('',#16647,0.1322916540504);
#14239=CARTESIAN_POINT('',(-3.909483308101,-3.57977872426,-6.15696));
#14240=CARTESIAN_POINT('',(-4.041775,-3.6068,-6.15696));
#14241=VECTOR('',#16648,0.1350231131629);
#14242=CARTESIAN_POINT('',(-3.777191691899,-3.49871489704,-6.15696));
#14243=CARTESIAN_POINT('',(-3.909483308101,-3.57977872426,-6.15696));
#14244=VECTOR('',#16649,0.1551528788028);
#14245=CARTESIAN_POINT('',(-3.697816691899,-3.390629794079,-6.15696));
#14246=CARTESIAN_POINT('',(-3.777191691899,-3.49871489704,-6.15696));
#14247=VECTOR('',#16650,0.134099888542);
#14248=CARTESIAN_POINT('',(-3.6449,-3.255523408282,-6.15696));
#14249=CARTESIAN_POINT('',(-3.697816691899,-3.390629794079,-6.15696));
#14250=VECTOR('',#16651,0.1450996614909);
#14251=CARTESIAN_POINT('',(-3.6449,-3.12041700356,-6.15696));
#14252=CARTESIAN_POINT('',(-3.6449,-3.255523408282,-6.15696));
#14253=VECTOR('',#16652,0.1351064047217);
#14254=CARTESIAN_POINT('',(-3.697816691899,-2.985310636687,-6.15696));
#14255=CARTESIAN_POINT('',(-3.6449,-3.12041700356,-6.15696));
#14256=VECTOR('',#16653,0.1450996438698);
#14257=CARTESIAN_POINT('',(-3.697816691899,-2.985310636687,-6.15696));
#14258=VECTOR('',#16654,0.113453662603);
#14259=CARTESIAN_POINT('',(-3.777191691899,-3.147438314784,-6.15696));
#14260=CARTESIAN_POINT('',(-3.777191691899,-3.228502134907,-6.15696));
#14261=CARTESIAN_POINT('',(-3.777191691899,-3.147438314784,-6.15696));
#14262=VECTOR('',#16655,0.08106382012367);
#14263=CARTESIAN_POINT('',(-3.80365,-3.309565955031,-6.15696));
#14264=CARTESIAN_POINT('',(-3.777191691899,-3.228502134907,-6.15696));
#14265=VECTOR('',#16656,0.08527241641114);
#14266=CARTESIAN_POINT('',(-3.856566691899,-3.390629794079,-6.15696));
#14267=CARTESIAN_POINT('',(-3.80365,-3.309565955031,-6.15696));
#14268=VECTOR('',#16657,0.09680662313493);
#14269=CARTESIAN_POINT('',(-3.935941691899,-3.444672340828,-6.15696));
#14270=CARTESIAN_POINT('',(-3.856566691899,-3.390629794079,-6.15696));
#14271=VECTOR('',#16658,0.09602597296633);
#14272=CARTESIAN_POINT('',(-4.01531665405,-3.471693614203,-6.15696));
#14273=CARTESIAN_POINT('',(-3.935941691899,-3.444672340828,-6.15696));
#14274=VECTOR('',#16659,0.08384827864222);
#14275=CARTESIAN_POINT('',(-4.200525,-3.471693614203,-6.15696));
#14276=CARTESIAN_POINT('',(-4.01531665405,-3.471693614203,-6.15696));
#14277=VECTOR('',#16660,0.1852083459497);
#14278=CARTESIAN_POINT('',(-4.2799,-3.444672340828,-6.15696));
#14279=CARTESIAN_POINT('',(-4.200525,-3.471693614203,-6.15696));
#14280=VECTOR('',#16661,0.08384831447192);
#14281=CARTESIAN_POINT('',(-4.359275,-3.390629794079,-6.15696));
#14282=CARTESIAN_POINT('',(-4.2799,-3.444672340828,-6.15696));
#14283=VECTOR('',#16662,0.09602597296633);
#14284=CARTESIAN_POINT('',(-4.412191672975,-3.309565955031,-6.15696));
#14285=CARTESIAN_POINT('',(-4.359275,-3.390629794079,-6.15696));
#14286=VECTOR('',#16663,0.09680661279039);
#14287=CARTESIAN_POINT('',(-4.43865,-3.228502134907,-6.15696));
#14288=CARTESIAN_POINT('',(-4.412191672975,-3.309565955031,-6.15696));
#14289=VECTOR('',#16664,0.08527242228302);
#14290=CARTESIAN_POINT('',(-4.43865,-3.147438314784,-6.15696));
#14291=CARTESIAN_POINT('',(-4.43865,-3.228502134907,-6.15696));
#14292=VECTOR('',#16665,0.08106382012367);
#14293=CARTESIAN_POINT('',(-4.412191672975,-3.066374456811,-6.15696));
#14294=CARTESIAN_POINT('',(-4.43865,-3.147438314784,-6.15696));
#14295=VECTOR('',#16666,0.08527245826395);
#14296=CARTESIAN_POINT('',(-4.359275,-3.012331910062,-6.15696));
#14297=CARTESIAN_POINT('',(-4.412191672975,-3.066374456811,-6.15696));
#14298=VECTOR('',#16667,0.07563577948203);
#14299=CARTESIAN_POINT('',(-4.2799,-2.958289363313,-6.15696));
#14300=CARTESIAN_POINT('',(-4.359275,-3.012331910062,-6.15696));
#14301=VECTOR('',#16668,0.09602597296633);
#14302=CARTESIAN_POINT('',(-4.200525,-2.931268089938,-6.15696));
#14303=CARTESIAN_POINT('',(-4.2799,-2.958289363313,-6.15696));
#14304=VECTOR('',#16669,0.08384831447192);
#14305=CARTESIAN_POINT('',(-4.01531665405,-2.931268089938,-6.15696));
#14306=CARTESIAN_POINT('',(-4.200525,-2.931268089938,-6.15696));
#14307=VECTOR('',#16670,0.1852083459497);
#14308=CARTESIAN_POINT('',(-3.935941691899,-2.958289363313,-6.15696));
#14309=CARTESIAN_POINT('',(-4.01531665405,-2.931268089938,-6.15696));
#14310=VECTOR('',#16671,0.08384827864222);
#14311=CARTESIAN_POINT('',(-3.856566691899,-3.012331910062,-6.15696));
#14312=CARTESIAN_POINT('',(-3.935941691899,-2.958289363313,-6.15696));
#14313=VECTOR('',#16672,0.09602597296633);
#14314=CARTESIAN_POINT('',(-3.80365,-3.066374456811,-6.15696));
#14315=CARTESIAN_POINT('',(-3.856566691899,-3.012331910062,-6.15696));
#14316=VECTOR('',#16673,0.07563579272207);
#14317=CARTESIAN_POINT('',(-3.80365,-3.066374456811,-6.15696));
#14318=VECTOR('',#16674,0.08527245239206);
#14319=CARTESIAN_POINT('',(-3.777191691899,-2.904246816564,-6.30936));
#14320=VECTOR('',#16675,0.1524);
#14321=CARTESIAN_POINT('',(-3.697816691899,-2.985310636687,-6.30936));
#14322=VECTOR('',#16676,0.1524);
#14323=CARTESIAN_POINT('',(-3.6449,-3.12041700356,-6.30936));
#14324=VECTOR('',#16677,0.1524);
#14325=CARTESIAN_POINT('',(-3.6449,-3.255523408282,-6.30936));
#14326=VECTOR('',#16678,0.1524);
#14327=CARTESIAN_POINT('',(-3.697816691899,-3.390629794079,-6.30936));
#14328=VECTOR('',#16679,0.1524);
#14329=CARTESIAN_POINT('',(-3.777191691899,-3.49871489704,-6.30936));
#14330=VECTOR('',#16680,0.1524);
#14331=CARTESIAN_POINT('',(-3.909483308101,-3.57977872426,-6.30936));
#14332=VECTOR('',#16681,0.1524);
#14333=CARTESIAN_POINT('',(-4.041775,-3.6068,-6.30936));
#14334=VECTOR('',#16682,0.1524);
#14335=CARTESIAN_POINT('',(-4.17406665405,-3.6068,-6.30936));
#14336=VECTOR('',#16683,0.1524);
#14337=CARTESIAN_POINT('',(-4.306358327025,-3.57977872426,-6.30936));
#14338=VECTOR('',#16684,0.1524);
#14339=CARTESIAN_POINT('',(-4.43865,-3.49871489704,-6.30936));
#14340=VECTOR('',#16685,0.1524);
#14341=CARTESIAN_POINT('',(-4.518025,-3.390629794079,-6.30936));
#14342=VECTOR('',#16686,0.1524);
#14343=CARTESIAN_POINT('',(-4.570941665878,-3.255523408282,-6.30936));
#14344=VECTOR('',#16687,0.1524);
#14345=CARTESIAN_POINT('',(-4.5974,-3.066374456811,-6.30936));
#14346=VECTOR('',#16688,0.1524);
#14347=CARTESIAN_POINT('',(-4.5974,-2.877225543189,-6.30936));
#14348=VECTOR('',#16689,0.1524);
#14349=CARTESIAN_POINT('',(-4.570941665878,-2.688076629567,-6.30936));
#14350=VECTOR('',#16690,0.1524);
#14351=CARTESIAN_POINT('',(-4.518025,-2.552970186996,-6.30936));
#14352=VECTOR('',#16691,0.1524);
#14353=CARTESIAN_POINT('',(-4.43865,-2.444885093498,-6.30936));
#14354=VECTOR('',#16692,0.1524);
#14355=CARTESIAN_POINT('',(-4.306358327025,-2.363821273375,-6.30936));
#14356=VECTOR('',#16693,0.1524);
#14357=CARTESIAN_POINT('',(-4.17406665405,-2.3368,-6.30936));
#14358=VECTOR('',#16694,0.1524);
#14359=CARTESIAN_POINT('',(-4.06823334595,-2.3368,-6.30936));
#14360=VECTOR('',#16695,0.1524);
#14361=CARTESIAN_POINT('',(-3.935941691899,-2.363821273375,-6.30936));
#14362=VECTOR('',#16696,0.1524);
#14363=CARTESIAN_POINT('',(-3.80365,-2.444885093498,-6.30936));
#14364=VECTOR('',#16697,0.1524);
#14365=CARTESIAN_POINT('',(-3.724275,-2.552970186996,-6.30936));
#14366=VECTOR('',#16698,0.1524);
#14367=CARTESIAN_POINT('',(-3.697816691899,-2.63403400712,-6.30936));
#14368=VECTOR('',#16699,0.1524);
#14369=CARTESIAN_POINT('',(-3.830108308101,-2.63403400712,-6.30936));
#14370=VECTOR('',#16700,0.1524);
#14371=CARTESIAN_POINT('',(-3.883025,-2.552970186996,-6.30936));
#14372=VECTOR('',#16701,0.1524);
#14373=CARTESIAN_POINT('',(-3.9624,-2.498927640247,-6.30936));
#14374=VECTOR('',#16702,0.1524);
#14375=CARTESIAN_POINT('',(-4.041775,-2.471906366873,-6.30936));
#14376=VECTOR('',#16703,0.1524);
#14377=CARTESIAN_POINT('',(-4.200525,-2.471906366873,-6.30936));
#14378=VECTOR('',#16704,0.1524);
#14379=CARTESIAN_POINT('',(-4.2799,-2.498927640247,-6.30936));
#14380=VECTOR('',#16705,0.1524);
#14381=CARTESIAN_POINT('',(-4.359275,-2.552970186996,-6.30936));
#14382=VECTOR('',#16706,0.1524);
#14383=CARTESIAN_POINT('',(-4.412191672975,-2.63403400712,-6.30936));
#14384=VECTOR('',#16707,0.1524);
#14385=CARTESIAN_POINT('',(-4.43865,-2.715097902942,-6.30936));
#14386=VECTOR('',#16708,0.1524);
#14387=CARTESIAN_POINT('',(-4.465108336487,-2.877225543189,-6.30936));
#14388=VECTOR('',#16709,0.1524);
#14389=CARTESIAN_POINT('',(-4.465108336487,-2.931268089938,-6.30936));
#14390=VECTOR('',#16710,0.1524);
#14391=CARTESIAN_POINT('',(-4.306358327025,-2.82318299644,-6.30936));
#14392=VECTOR('',#16711,0.1524);
#14393=CARTESIAN_POINT('',(-4.17406665405,-2.796161723065,-6.30936));
#14394=VECTOR('',#16712,0.1524);
#14395=CARTESIAN_POINT('',(-4.041775,-2.796161723065,-6.30936));
#14396=VECTOR('',#16713,0.1524);
#14397=CARTESIAN_POINT('',(-3.909483308101,-2.82318299644,-6.30936));
#14398=VECTOR('',#16714,0.1524);
#14399=CARTESIAN_POINT('',(-3.777191691899,-3.147438314784,-6.30936));
#14400=VECTOR('',#16715,0.1524);
#14401=CARTESIAN_POINT('',(-3.80365,-3.066374456811,-6.30936));
#14402=VECTOR('',#16716,0.1524);
#14403=CARTESIAN_POINT('',(-3.856566691899,-3.012331910062,-6.30936));
#14404=VECTOR('',#16717,0.1524);
#14405=CARTESIAN_POINT('',(-3.935941691899,-2.958289363313,-6.30936));
#14406=VECTOR('',#16718,0.1524);
#14407=CARTESIAN_POINT('',(-4.01531665405,-2.931268089938,-6.30936));
#14408=VECTOR('',#16719,0.1524);
#14409=CARTESIAN_POINT('',(-4.200525,-2.931268089938,-6.30936));
#14410=VECTOR('',#16720,0.1524);
#14411=CARTESIAN_POINT('',(-4.2799,-2.958289363313,-6.30936));
#14412=VECTOR('',#16721,0.1524);
#14413=CARTESIAN_POINT('',(-4.359275,-3.012331910062,-6.30936));
#14414=VECTOR('',#16722,0.1524);
#14415=CARTESIAN_POINT('',(-4.412191672975,-3.066374456811,-6.30936));
#14416=VECTOR('',#16723,0.1524);
#14417=CARTESIAN_POINT('',(-4.43865,-3.147438314784,-6.30936));
#14418=VECTOR('',#16724,0.1524);
#14419=CARTESIAN_POINT('',(-4.43865,-3.228502134907,-6.30936));
#14420=VECTOR('',#16725,0.1524);
#14421=CARTESIAN_POINT('',(-4.412191672975,-3.309565955031,-6.30936));
#14422=VECTOR('',#16726,0.1524);
#14423=CARTESIAN_POINT('',(-4.359275,-3.390629794079,-6.30936));
#14424=VECTOR('',#16727,0.1524);
#14425=CARTESIAN_POINT('',(-4.2799,-3.444672340828,-6.30936));
#14426=VECTOR('',#16728,0.1524);
#14427=CARTESIAN_POINT('',(-4.200525,-3.471693614203,-6.30936));
#14428=VECTOR('',#16729,0.1524);
#14429=CARTESIAN_POINT('',(-4.01531665405,-3.471693614203,-6.30936));
#14430=VECTOR('',#16730,0.1524);
#14431=CARTESIAN_POINT('',(-3.935941691899,-3.444672340828,-6.30936));
#14432=VECTOR('',#16731,0.1524);
#14433=CARTESIAN_POINT('',(-3.856566691899,-3.390629794079,-6.30936));
#14434=VECTOR('',#16732,0.1524);
#14435=CARTESIAN_POINT('',(-3.80365,-3.309565955031,-6.30936));
#14436=VECTOR('',#16733,0.1524);
#14437=CARTESIAN_POINT('',(-3.777191691899,-3.228502134907,-6.30936));
#14438=VECTOR('',#16734,0.1524);
#14439=CARTESIAN_POINT('',(-9.4234,-6.2738,-12.25296));
#14440=VECTOR('',#16735,0.9652);
#14441=CARTESIAN_POINT('',(-5.8039,-9.4488,-16.8402));
#14442=CARTESIAN_POINT('',(-5.8039,-5.207,-16.8402));
#14443=VECTOR('',#16736,4.2418);
#14444=CARTESIAN_POINT('',(-5.1689,-9.4488,-16.8402));
#14445=AXIS2_PLACEMENT_3D('',#16737,#16738,#16739);
#14446=CARTESIAN_POINT('',(-5.1689,-5.207,-16.8402));
#14447=VECTOR('',#16740,4.2418);
#14448=AXIS2_PLACEMENT_3D('',#16741,#16742,#16743);
#14449=CARTESIAN_POINT('',(-3.0607,-9.4488,-16.8402));
#14450=CARTESIAN_POINT('',(-3.0607,-5.207,-16.8402));
#14451=VECTOR('',#16744,4.2418);
#14452=CARTESIAN_POINT('',(-2.4257,-9.4488,-16.8402));
#14453=AXIS2_PLACEMENT_3D('',#16745,#16746,#16747);
#14454=CARTESIAN_POINT('',(-2.4257,-5.207,-16.8402));
#14455=VECTOR('',#16748,4.2418);
#14456=AXIS2_PLACEMENT_3D('',#16749,#16750,#16751);
#14457=CARTESIAN_POINT('',(-0.3175,-9.4488,-16.8402));
#14458=CARTESIAN_POINT('',(-0.3175,-5.207,-16.8402));
#14459=VECTOR('',#16752,4.2418);
#14460=CARTESIAN_POINT('',(0.3175,-9.4488,-16.8402));
#14461=AXIS2_PLACEMENT_3D('',#16753,#16754,#16755);
#14462=CARTESIAN_POINT('',(0.3175,-5.207,-16.8402));
#14463=VECTOR('',#16756,4.2418);
#14464=AXIS2_PLACEMENT_3D('',#16757,#16758,#16759);
#14465=CARTESIAN_POINT('',(2.4257,-9.4488,-16.8402));
#14466=CARTESIAN_POINT('',(2.4257,-5.207,-16.8402));
#14467=VECTOR('',#16760,4.2418);
#14468=CARTESIAN_POINT('',(3.0607,-9.4488,-16.8402));
#14469=AXIS2_PLACEMENT_3D('',#16761,#16762,#16763);
#14470=CARTESIAN_POINT('',(3.0607,-5.207,-16.8402));
#14471=VECTOR('',#16764,4.2418);
#14472=AXIS2_PLACEMENT_3D('',#16765,#16766,#16767);
#14473=CARTESIAN_POINT('',(5.1689,-9.4488,-16.8402));
#14474=CARTESIAN_POINT('',(5.1689,-5.207,-16.8402));
#14475=VECTOR('',#16768,4.2418);
#14476=CARTESIAN_POINT('',(5.8039,-9.4488,-16.8402));
#14477=AXIS2_PLACEMENT_3D('',#16769,#16770,#16771);
#14478=CARTESIAN_POINT('',(5.8039,-5.207,-16.8402));
#14479=VECTOR('',#16772,4.2418);
#14480=AXIS2_PLACEMENT_3D('',#16773,#16774,#16775);
#14481=CARTESIAN_POINT('',(-4.4323,-9.4488,-13.9954));
#14482=CARTESIAN_POINT('',(-4.4323,-5.207,-13.9954));
#14483=VECTOR('',#16776,4.2418);
#14484=CARTESIAN_POINT('',(-3.7973,-9.4488,-13.9954));
#14485=AXIS2_PLACEMENT_3D('',#16777,#16778,#16779);
#14486=CARTESIAN_POINT('',(-3.7973,-5.207,-13.9954));
#14487=VECTOR('',#16780,4.2418);
#14488=AXIS2_PLACEMENT_3D('',#16781,#16782,#16783);
#14489=CARTESIAN_POINT('',(-1.6891,-9.4488,-13.9954));
#14490=CARTESIAN_POINT('',(-1.6891,-5.207,-13.9954));
#14491=VECTOR('',#16784,4.2418);
#14492=CARTESIAN_POINT('',(-1.0541,-9.4488,-13.9954));
#14493=AXIS2_PLACEMENT_3D('',#16785,#16786,#16787);
#14494=CARTESIAN_POINT('',(-1.0541,-5.207,-13.9954));
#14495=VECTOR('',#16788,4.2418);
#14496=AXIS2_PLACEMENT_3D('',#16789,#16790,#16791);
#14497=CARTESIAN_POINT('',(1.0541,-9.4488,-13.9954));
#14498=CARTESIAN_POINT('',(1.0541,-5.207,-13.9954));
#14499=VECTOR('',#16792,4.2418);
#14500=CARTESIAN_POINT('',(1.6891,-9.4488,-13.9954));
#14501=AXIS2_PLACEMENT_3D('',#16793,#16794,#16795);
#14502=CARTESIAN_POINT('',(1.6891,-5.207,-13.9954));
#14503=VECTOR('',#16796,4.2418);
#14504=AXIS2_PLACEMENT_3D('',#16797,#16798,#16799);
#14505=CARTESIAN_POINT('',(3.7973,-9.4488,-13.9954));
#14506=CARTESIAN_POINT('',(3.7973,-5.207,-13.9954));
#14507=VECTOR('',#16800,4.2418);
#14508=CARTESIAN_POINT('',(4.4323,-9.4488,-13.9954));
#14509=AXIS2_PLACEMENT_3D('',#16801,#16802,#16803);
#14510=CARTESIAN_POINT('',(4.4323,-5.207,-13.9954));
#14511=VECTOR('',#16804,4.2418);
#14512=AXIS2_PLACEMENT_3D('',#16805,#16806,#16807);
#14513=AXIS2_PLACEMENT_3D('',#16808,#16809,#16810);
#14514=CARTESIAN_POINT('',(-12.75088038297,-2.756916596307,-9.762006012554));
#14515=CARTESIAN_POINT('',(-13.08259685826,-2.5654,-9.73836));
#14516=CARTESIAN_POINT('',(-12.97159845076,-2.629484960453,-9.73836));
#14517=CARTESIAN_POINT('',(-12.86101650934,-2.693329474096,-9.746061101739));
#14518=CARTESIAN_POINT('',(-12.75088038297,-2.756916596307,-9.762006012554));
#14519=CARTESIAN_POINT('',(-12.24271961703,-2.756916596307,-9.762006012554));
#14520=CARTESIAN_POINT('',(-12.24271961703,-2.756916596307,-9.762006012554));
#14521=CARTESIAN_POINT('',(-12.29902531086,-2.762105789287,-9.763307238595));
#14522=CARTESIAN_POINT('',(-12.41174492788,-2.769026842321,-9.765143036433));
#14523=CARTESIAN_POINT('',(-12.58169380004,-2.76903320322,-9.76514477913));
#14524=CARTESIAN_POINT('',(-12.69450588637,-2.762112130225,-9.763308828629));
#14525=CARTESIAN_POINT('',(-12.75088038297,-2.756916596307,-9.762006012554));
#14526=CARTESIAN_POINT('',(-11.91100314174,-2.5654,-9.73836));
#14527=CARTESIAN_POINT('',(-12.02200154924,-2.629484960453,-9.73836));
#14528=CARTESIAN_POINT('',(-12.13258349066,-2.693329474096,-9.746061101739));
#14529=CARTESIAN_POINT('',(-12.24271961703,-2.756916596307,-9.762006012554));
#14530=CARTESIAN_POINT('',(-12.24271961703,-2.756916596307,-9.762006012554));
#14531=VECTOR('',#16811,0.8653539874456);
#14532=CARTESIAN_POINT('',(-10.23628038297,-1.598498364406,-9.73836));
#14533=VECTOR('',#16812,0.889);
#14534=CARTESIAN_POINT('',(-9.9822,-1.158418231901,-9.73836));
#14535=VECTOR('',#16813,0.889);
#14536=CARTESIAN_POINT('',(-9.9822,1.158418231901,-9.73836));
#14537=VECTOR('',#16814,0.889);
#14538=CARTESIAN_POINT('',(-10.23628038297,1.598498364406,-9.73836));
#14539=VECTOR('',#16815,0.889);
#14540=CARTESIAN_POINT('',(-12.24271961703,2.756916596307,-9.73836));
#14541=VECTOR('',#16816,0.889);
#14542=CARTESIAN_POINT('',(-12.75088038297,2.756916596307,-9.73836));
#14543=VECTOR('',#16817,0.889);
#14544=CARTESIAN_POINT('',(-14.75731961703,1.598498364406,-9.73836));
#14545=VECTOR('',#16818,0.889);
#14546=CARTESIAN_POINT('',(-15.0114,1.158418231901,-9.73836));
#14547=VECTOR('',#16819,0.889);
#14548=CARTESIAN_POINT('',(-15.0114,-1.158418231901,-9.73836));
#14549=VECTOR('',#16820,0.889);
#14550=CARTESIAN_POINT('',(-14.75731961703,-1.598498364406,-9.73836));
#14551=VECTOR('',#16821,0.889);
#14552=CARTESIAN_POINT('',(-12.75088038297,-2.756916596307,-9.762006012554));
#14553=VECTOR('',#16822,0.8653539874456);
#14554=VERTEX_POINT('',#16823);
#14555=VERTEX_POINT('',#16824);
#14556=CIRCLE('',#16825,2.3622);
#14557=VERTEX_POINT('',#16826);
#14558=LINE('',#16827,#16828);
#14559=VERTEX_POINT('',#16829);
#14560=CIRCLE('',#16830,2.3622);
#14561=LINE('',#16831,#16832);
#14562=CIRCLE('',#16833,2.3622);
#14563=VERTEX_POINT('',#16834);
#14564=VERTEX_POINT('',#16835);
#14565=CIRCLE('',#16836,1.8542);
#14566=CIRCLE('',#16837,1.8542);
#14567=VERTEX_POINT('',#16838);
#14568=LINE('',#16839,#16840);
#14569=VERTEX_POINT('',#16841);
#14570=CIRCLE('',#16842,1.8542);
#14571=LINE('',#16843,#16844);
#14572=CIRCLE('',#16845,1.8542);
#14573=CIRCLE('',#16846,0.254);
#14574=CIRCLE('',#16847,0.254);
#14575=CIRCLE('',#16848,2.3622);
#14576=VERTEX_POINT('',#16849);
#14577=VERTEX_POINT('',#16850);
#14578=CIRCLE('',#16851,2.3622);
#14579=CIRCLE('',#16852,2.3622);
#14580=VERTEX_POINT('',#16853);
#14581=VERTEX_POINT('',#16854);
#14582=CIRCLE('',#16855,1.8542);
#14583=CIRCLE('',#16856,1.8542);
#14584=VERTEX_POINT('',#16857);
#14585=LINE('',#16858,#16859);
#14586=VERTEX_POINT('',#16860);
#14587=CIRCLE('',#16861,1.8542);
#14588=LINE('',#16862,#16863);
#14589=CIRCLE('',#16864,1.8542);
#14590=VERTEX_POINT('',#16865);
#14591=CIRCLE('',#16866,0.254);
#14592=VERTEX_POINT('',#16867);
#14593=CIRCLE('',#16868,2.3622);
#14594=CIRCLE('',#16869,0.254);
#14595=CIRCLE('',#16870,2.3622);
#14596=LINE('',#16871,#16872);
#14597=LINE('',#16873,#16874);
#14598=DIRECTION('',(-0.0,-0.0,1.0));
#14599=CARTESIAN_POINT('',(6.34746,2.06756,-5.3848));
#14600=DIRECTION('',(0.0,0.0,1.0));
#14601=DIRECTION('',(0.984807753012213,-0.173648177666902,0.0));
#14602=DIRECTION('',(2.255345352663E-12,0.0,1.0));
#14603=CARTESIAN_POINT('',(6.34746,2.06756,-0.9682165182407));
#14604=DIRECTION('',(0.0,0.0,1.0));
#14605=DIRECTION('',(0.984807753012213,-0.173648177666902,0.0));
#14606=DIRECTION('',(0.0,0.0,-1.0));
#14607=CARTESIAN_POINT('',(-6.34746,2.06756,-0.9682165182404));
#14608=DIRECTION('',(0.0,-0.0,1.0));
#14609=DIRECTION('',(0.0,1.0,0.0));
#14610=DIRECTION('',(-1.710965515988E-12,0.0,1.0));
#14611=CARTESIAN_POINT('',(-6.34746,2.06756,-5.3848));
#14612=DIRECTION('',(0.0,-0.0,1.0));
#14613=DIRECTION('',(0.0,1.0,0.0));
#14614=DIRECTION('',(-0.0,-0.0,-1.0));
#14615=CARTESIAN_POINT('',(6.34746,2.06756,3.109106216925E-08));
#14616=DIRECTION('',(0.0,0.0,1.0));
#14617=DIRECTION('',(0.984807753012213,-0.173648177666902,0.0));
#14618=DIRECTION('',(1.745567283707E-14,-6.150602048799E-10,-1.0));
#14619=CARTESIAN_POINT('',(6.34746,2.06756,-6.30936));
#14620=DIRECTION('',(0.0,0.0,1.0));
#14621=DIRECTION('',(0.984807753012213,-0.173648177666902,0.0));
#14622=DIRECTION('',(-0.0,-0.0,1.0));
#14623=CARTESIAN_POINT('',(-6.34746,2.06756,-6.30936));
#14624=DIRECTION('',(0.0,-0.0,1.0));
#14625=DIRECTION('',(0.0,1.0,0.0));
#14626=DIRECTION('',(1.731490128193E-14,6.150663988283E-10,1.0));
#14627=CARTESIAN_POINT('',(-6.34746,2.06756,3.109137658441E-08));
#14628=DIRECTION('',(0.0,-0.0,1.0));
#14629=DIRECTION('',(0.0,1.0,0.0));
#14630=DIRECTION('',(1.0,-0.0,-0.0));
#14631=CARTESIAN_POINT('',(-13.208,-8.06196,-14.0081));
#14632=DIRECTION('',(1.0,0.0,-0.0));
#14633=DIRECTION('',(0.0,0.807708457021515,0.589582096451311));
#14634=DIRECTION('',(-1.0,0.0,0.0));
#14635=CARTESIAN_POINT('',(-11.7856,-8.06196,-14.0081));
#14636=DIRECTION('',(1.0,0.0,-0.0));
#14637=DIRECTION('',(0.0,0.807708457021515,0.589582096451311));
#14638=DIRECTION('',(-1.0,0.0,-0.0));
#14639=CARTESIAN_POINT('',(-11.7856,-8.06196,-14.0081));
#14640=DIRECTION('',(-1.0,0.0,0.0));
#14641=DIRECTION('',(0.0,-0.559192903470803,0.829037572555004));
#14642=DIRECTION('',(-1.0,0.0,0.0));
#14643=CARTESIAN_POINT('',(-13.208,-8.06196,-14.0081));
#14644=DIRECTION('',(-1.0,0.0,0.0));
#14645=DIRECTION('',(0.0,-0.559192903470803,0.829037572555004));
#14646=DIRECTION('',(1.0,-0.0,0.0));
#14647=CARTESIAN_POINT('',(-13.208,-8.06196,-16.8275));
#14648=DIRECTION('',(-1.0,0.0,0.0));
#14649=DIRECTION('',(0.0,0.807708457021515,-0.589582096451311));
#14650=DIRECTION('',(-1.0,0.0,0.0));
#14651=CARTESIAN_POINT('',(-11.7856,-8.06196,-16.8275));
#14652=DIRECTION('',(-1.0,0.0,0.0));
#14653=DIRECTION('',(0.0,0.807708457021515,-0.589582096451311));
#14654=DIRECTION('',(-1.0,0.0,-0.0));
#14655=CARTESIAN_POINT('',(-11.7856,-8.06196,-16.8275));
#14656=DIRECTION('',(1.0,0.0,0.0));
#14657=DIRECTION('',(0.0,-0.559192903470619,-0.829037572555128));
#14658=DIRECTION('',(-1.0,0.0,0.0));
#14659=CARTESIAN_POINT('',(-13.208,-8.06196,-16.8275));
#14660=DIRECTION('',(1.0,0.0,0.0));
#14661=DIRECTION('',(0.0,-0.559192903470619,-0.829037572555128));
#14662=DIRECTION('',(1.0,0.0,0.0));
#14663=CARTESIAN_POINT('',(11.7856,-8.06196,-14.0081));
#14664=DIRECTION('',(-1.0,0.0,0.0));
#14665=DIRECTION('',(0.0,-0.559192903470734,0.82903757255505));
#14666=DIRECTION('',(1.0,0.0,0.0));
#14667=CARTESIAN_POINT('',(13.208,-8.06196,-14.0081));
#14668=DIRECTION('',(-1.0,0.0,0.0));
#14669=DIRECTION('',(0.0,-0.559192903470734,0.82903757255505));
#14670=DIRECTION('',(-1.0,0.0,-0.0));
#14671=CARTESIAN_POINT('',(13.208,-8.06196,-14.0081));
#14672=DIRECTION('',(1.0,0.0,-0.0));
#14673=DIRECTION('',(0.0,0.807708457021515,0.589582096451311));
#14674=DIRECTION('',(1.0,0.0,0.0));
#14675=CARTESIAN_POINT('',(11.7856,-8.06196,-14.0081));
#14676=DIRECTION('',(1.0,0.0,-0.0));
#14677=DIRECTION('',(0.0,0.807708457021515,0.589582096451311));
#14678=DIRECTION('',(-1.0,-0.0,-0.0));
#14679=CARTESIAN_POINT('',(13.208,-8.06196,-16.8275));
#14680=DIRECTION('',(-1.0,0.0,0.0));
#14681=DIRECTION('',(0.0,0.807708457021515,-0.589582096451311));
#14682=DIRECTION('',(1.0,0.0,0.0));
#14683=CARTESIAN_POINT('',(11.7856,-8.06196,-16.8275));
#14684=DIRECTION('',(-1.0,0.0,0.0));
#14685=DIRECTION('',(0.0,0.807708457021515,-0.589582096451311));
#14686=DIRECTION('',(1.0,-0.0,-0.0));
#14687=CARTESIAN_POINT('',(11.7856,-8.06196,-16.8275));
#14688=DIRECTION('',(1.0,0.0,0.0));
#14689=DIRECTION('',(0.0,-0.559192903470734,-0.82903757255505));
#14690=DIRECTION('',(1.0,0.0,0.0));
#14691=CARTESIAN_POINT('',(13.208,-8.06196,-16.8275));
#14692=DIRECTION('',(1.0,0.0,0.0));
#14693=DIRECTION('',(0.0,-0.559192903470734,-0.82903757255505));
#14694=DIRECTION('',(-0.0,-0.0,1.0));
#14695=CARTESIAN_POINT('',(-11.0871,-7.83336,-16.129));
#14696=DIRECTION('',(0.0,0.0,1.0));
#14697=DIRECTION('',(0.858959896930661,-0.512042864870577,0.0));
#14698=DIRECTION('',(0.0,0.0,1.0));
#14699=CARTESIAN_POINT('',(-11.0871,-7.83336,-14.7066));
#14700=DIRECTION('',(0.0,0.0,1.0));
#14701=DIRECTION('',(0.858959896930661,-0.512042864870577,0.0));
#14702=DIRECTION('',(-0.0,-0.0,-1.0));
#14703=CARTESIAN_POINT('',(-11.0871,-7.83336,-14.7066));
#14704=DIRECTION('',(0.0,0.0,-1.0));
#14705=DIRECTION('',(0.589582096451311,0.807708457021515,0.0));
#14706=DIRECTION('',(0.0,0.0,1.0));
#14707=CARTESIAN_POINT('',(-11.0871,-7.83336,-16.129));
#14708=DIRECTION('',(0.0,0.0,-1.0));
#14709=DIRECTION('',(0.589582096451311,0.807708457021515,0.0));
#14710=DIRECTION('',(-0.0,0.0,1.0));
#14711=CARTESIAN_POINT('',(-13.9065,-7.83336,-16.129));
#14712=DIRECTION('',(-0.0,0.0,-1.0));
#14713=DIRECTION('',(-0.858959896930705,-0.512042864870503,0.0));
#14714=DIRECTION('',(0.0,0.0,1.0));
#14715=CARTESIAN_POINT('',(-13.9065,-7.83336,-14.7066));
#14716=DIRECTION('',(-0.0,0.0,-1.0));
#14717=DIRECTION('',(-0.858959896930705,-0.512042864870503,0.0));
#14718=DIRECTION('',(0.0,0.0,-1.0));
#14719=CARTESIAN_POINT('',(-13.9065,-7.83336,-14.7066));
#14720=DIRECTION('',(0.0,0.0,1.0));
#14721=DIRECTION('',(-0.589582096451311,0.807708457021515,0.0));
#14722=DIRECTION('',(0.0,0.0,1.0));
#14723=CARTESIAN_POINT('',(-13.9065,-7.83336,-16.129));
#14724=DIRECTION('',(0.0,0.0,1.0));
#14725=DIRECTION('',(-0.589582096451311,0.807708457021515,0.0));
#14726=DIRECTION('',(-0.0,0.0,1.0));
#14727=CARTESIAN_POINT('',(11.0871,-7.83336,-16.129));
#14728=DIRECTION('',(-0.0,0.0,-1.0));
#14729=DIRECTION('',(-0.858959896930661,-0.512042864870577,0.0));
#14730=DIRECTION('',(0.0,0.0,1.0));
#14731=CARTESIAN_POINT('',(11.0871,-7.83336,-14.7066));
#14732=DIRECTION('',(-0.0,0.0,-1.0));
#14733=DIRECTION('',(-0.858959896930661,-0.512042864870577,0.0));
#14734=DIRECTION('',(0.0,0.0,-1.0));
#14735=CARTESIAN_POINT('',(11.0871,-7.83336,-14.7066));
#14736=DIRECTION('',(0.0,0.0,1.0));
#14737=DIRECTION('',(-0.589582096451311,0.807708457021515,0.0));
#14738=DIRECTION('',(0.0,0.0,1.0));
#14739=CARTESIAN_POINT('',(11.0871,-7.83336,-16.129));
#14740=DIRECTION('',(0.0,0.0,1.0));
#14741=DIRECTION('',(-0.589582096451311,0.807708457021515,0.0));
#14742=DIRECTION('',(-0.0,-0.0,-1.0));
#14743=CARTESIAN_POINT('',(13.9065,-7.83336,-14.7066));
#14744=DIRECTION('',(0.0,0.0,-1.0));
#14745=DIRECTION('',(0.589582096451311,0.807708457021515,0.0));
#14746=DIRECTION('',(0.0,0.0,1.0));
#14747=CARTESIAN_POINT('',(13.9065,-7.83336,-16.129));
#14748=DIRECTION('',(0.0,0.0,-1.0));
#14749=DIRECTION('',(0.589582096451311,0.807708457021515,0.0));
#14750=DIRECTION('',(-0.0,-0.0,1.0));
#14751=CARTESIAN_POINT('',(13.9065,-7.83336,-16.129));
#14752=DIRECTION('',(0.0,0.0,1.0));
#14753=DIRECTION('',(0.858959896930661,-0.512042864870577,0.0));
#14754=DIRECTION('',(0.0,0.0,1.0));
#14755=CARTESIAN_POINT('',(13.9065,-7.83336,-14.7066));
#14756=DIRECTION('',(0.0,0.0,1.0));
#14757=DIRECTION('',(0.858959896930661,-0.512042864870577,0.0));
#14758=DIRECTION('',(0.0,1.0,0.0));
#14759=CARTESIAN_POINT('',(-12.4968,-3.3528,-15.4178));
#14760=DIRECTION('',(0.0,1.0,0.0));
#14761=DIRECTION('',(-0.518611381833499,0.0,0.855010078673198));
#14762=DIRECTION('',(-2.439603789691E-14,1.0,0.0));
#14763=CARTESIAN_POINT('',(-12.4968,-3.13436,-15.4178));
#14764=DIRECTION('',(0.0,1.0,0.0));
#14765=DIRECTION('',(-0.518611381833499,0.0,0.855010078673198));
#14766=DIRECTION('',(-0.0,-1.0,-0.0));
#14767=CARTESIAN_POINT('',(-12.4968,-3.13436,-15.4178));
#14768=DIRECTION('',(0.0,1.0,0.0));
#14769=DIRECTION('',(0.0,0.0,-1.0));
#14770=DIRECTION('',(0.0,1.0,-3.252805052921E-14));
#14771=CARTESIAN_POINT('',(-12.4968,-3.3528,-15.4178));
#14772=DIRECTION('',(0.0,1.0,0.0));
#14773=DIRECTION('',(0.518611381833499,0.0,-0.855010078673198));
#14774=DIRECTION('',(-0.0,-1.0,-0.0));
#14775=CARTESIAN_POINT('',(12.4968,-3.13436,-15.4178));
#14776=DIRECTION('',(0.0,1.0,0.0));
#14777=DIRECTION('',(0.0,0.0,-1.0));
#14778=DIRECTION('',(-2.439603789691E-14,1.0,0.0));
#14779=CARTESIAN_POINT('',(12.4968,-3.3528,-15.4178));
#14780=DIRECTION('',(0.0,1.0,0.0));
#14781=DIRECTION('',(0.518611381833499,0.0,-0.855010078673198));
#14782=DIRECTION('',(0.0,1.0,0.0));
#14783=CARTESIAN_POINT('',(12.4968,-3.3528,-15.4178));
#14784=DIRECTION('',(0.0,1.0,0.0));
#14785=DIRECTION('',(-0.518611381833499,0.0,0.855010078673198));
#14786=DIRECTION('',(0.0,1.0,0.0));
#14787=CARTESIAN_POINT('',(12.4968,-3.13436,-15.4178));
#14788=DIRECTION('',(0.0,1.0,0.0));
#14789=DIRECTION('',(-0.518611381833499,0.0,0.855010078673198));
#14790=DIRECTION('',(0.0,-1.0,0.0));
#14791=DIRECTION('',(0.0,0.0,1.0));
#14792=DIRECTION('',(0.0,-1.0,0.0));
#14793=DIRECTION('',(0.0,0.0,1.0));
#14794=DIRECTION('',(-1.0,0.0,0.0));
#14795=DIRECTION('',(0.0,0.0,1.0));
#14796=DIRECTION('',(1.0,0.0,0.0));
#14797=DIRECTION('',(0.0,0.0,-1.0));
#14798=DIRECTION('',(1.0,0.0,0.0));
#14799=DIRECTION('',(1.554117969729E-14,0.0,1.0));
#14800=DIRECTION('',(-1.0,0.0,0.0));
#14801=CARTESIAN_POINT('',(-12.4968,-3.3528,-15.4178));
#14802=DIRECTION('',(0.0,1.0,0.0));
#14803=DIRECTION('',(0.0,0.0,1.0));
#14804=CARTESIAN_POINT('',(-12.4968,-3.3528,-15.4178));
#14805=DIRECTION('',(0.0,1.0,0.0));
#14806=DIRECTION('',(-0.437850863519515,0.0,-0.899047619047631));
#14807=DIRECTION('',(-1.0,0.0,0.0));
#14808=DIRECTION('',(0.0,0.0,1.0));
#14809=DIRECTION('',(1.0,0.0,0.0));
#14810=DIRECTION('',(0.0,0.0,-1.0));
#14811=DIRECTION('',(1.0,0.0,0.0));
#14812=DIRECTION('',(0.0,0.0,1.0));
#14813=DIRECTION('',(-1.0,0.0,0.0));
#14814=CARTESIAN_POINT('',(12.4968,-3.3528,-15.4178));
#14815=DIRECTION('',(0.0,1.0,0.0));
#14816=DIRECTION('',(0.0,0.0,1.0));
#14817=CARTESIAN_POINT('',(12.4968,-3.3528,-15.4178));
#14818=DIRECTION('',(0.0,1.0,0.0));
#14819=DIRECTION('',(-0.437850863519515,0.0,-0.899047619047631));
#14820=DIRECTION('',(0.0,0.0,-1.0));
#14821=CARTESIAN_POINT('',(-11.7983,-3.3528,-14.7193));
#14822=DIRECTION('',(-0.0,1.0,0.0));
#14823=DIRECTION('',(0.986224591962569,0.0,0.165411771673795));
#14824=CARTESIAN_POINT('',(-12.4968,-3.3528,-15.4178));
#14825=DIRECTION('',(-0.0,1.0,0.0));
#14826=DIRECTION('',(0.855010078673198,0.0,0.518611381833499));
#14827=CARTESIAN_POINT('',(-11.7983,-3.3528,-16.1163));
#14828=DIRECTION('',(-0.0,1.0,0.0));
#14829=DIRECTION('',(1.0,0.0,0.0));
#14830=CARTESIAN_POINT('',(-12.4968,-3.3528,-15.4178));
#14831=DIRECTION('',(0.0,1.0,0.0));
#14832=DIRECTION('',(0.518611381833499,0.0,-0.855010078673198));
#14833=CARTESIAN_POINT('',(-13.1953,-3.3528,-16.1163));
#14834=DIRECTION('',(0.0,1.0,0.0));
#14835=DIRECTION('',(0.0,0.0,-1.0));
#14836=DIRECTION('',(-1.0,0.0,0.0));
#14837=CARTESIAN_POINT('',(-11.7983,-3.3528,-16.1163));
#14838=DIRECTION('',(0.0,1.0,0.0));
#14839=DIRECTION('',(0.165411771673795,0.0,-0.986224591962569));
#14840=CARTESIAN_POINT('',(-12.4968,-3.3528,-15.4178));
#14841=DIRECTION('',(0.0,1.0,0.0));
#14842=DIRECTION('',(-0.855010078673198,0.0,-0.518611381833499));
#14843=CARTESIAN_POINT('',(-13.1953,-3.3528,-14.7193));
#14844=DIRECTION('',(0.0,1.0,0.0));
#14845=DIRECTION('',(-1.0,0.0,0.0));
#14846=DIRECTION('',(0.0,0.0,1.0));
#14847=CARTESIAN_POINT('',(-13.1953,-3.3528,-16.1163));
#14848=DIRECTION('',(0.0,1.0,0.0));
#14849=DIRECTION('',(-0.986224591962569,0.0,-0.165411771673795));
#14850=CARTESIAN_POINT('',(-12.4968,-3.3528,-15.4178));
#14851=DIRECTION('',(0.0,1.0,0.0));
#14852=DIRECTION('',(-0.518611381833499,0.0,0.855010078673198));
#14853=CARTESIAN_POINT('',(-11.7983,-3.3528,-14.7193));
#14854=DIRECTION('',(0.0,1.0,0.0));
#14855=DIRECTION('',(0.0,0.0,1.0));
#14856=DIRECTION('',(1.0,0.0,0.0));
#14857=CARTESIAN_POINT('',(-13.1953,-3.3528,-14.7193));
#14858=DIRECTION('',(0.0,1.0,0.0));
#14859=DIRECTION('',(-0.165411771673795,0.0,0.986224591962569));
#14860=CARTESIAN_POINT('',(-11.7983,-3.3528,-16.1163));
#14861=DIRECTION('',(-0.0,1.0,0.0));
#14862=DIRECTION('',(1.0,0.0,0.0));
#14863=DIRECTION('',(1.0,0.0,0.0));
#14864=CARTESIAN_POINT('',(-13.1953,-3.3528,-16.1163));
#14865=DIRECTION('',(0.0,1.0,0.0));
#14866=DIRECTION('',(-1.691983273495E-14,0.0,-1.0));
#14867=DIRECTION('',(0.0,0.0,-1.0));
#14868=CARTESIAN_POINT('',(-13.1953,-3.3528,-14.7193));
#14869=DIRECTION('',(0.0,1.0,0.0));
#14870=DIRECTION('',(-1.0,0.0,0.0));
#14871=DIRECTION('',(-1.0,0.0,0.0));
#14872=CARTESIAN_POINT('',(-11.7983,-3.3528,-14.7193));
#14873=DIRECTION('',(0.0,1.0,0.0));
#14874=DIRECTION('',(0.0,0.0,1.0));
#14875=DIRECTION('',(0.0,0.0,1.0));
#14876=CARTESIAN_POINT('',(11.7983,-3.3528,-16.1163));
#14877=DIRECTION('',(0.0,1.0,0.0));
#14878=DIRECTION('',(-0.986224591962569,0.0,-0.165411771673795));
#14879=CARTESIAN_POINT('',(12.4968,-3.3528,-15.4178));
#14880=DIRECTION('',(0.0,1.0,0.0));
#14881=DIRECTION('',(-0.855010078673198,0.0,-0.518611381833499));
#14882=CARTESIAN_POINT('',(11.7983,-3.3528,-14.7193));
#14883=DIRECTION('',(0.0,1.0,0.0));
#14884=DIRECTION('',(-1.0,0.0,0.0));
#14885=CARTESIAN_POINT('',(12.4968,-3.3528,-15.4178));
#14886=DIRECTION('',(0.0,1.0,0.0));
#14887=DIRECTION('',(-0.518611381833499,0.0,0.855010078673198));
#14888=CARTESIAN_POINT('',(13.1953,-3.3528,-14.7193));
#14889=DIRECTION('',(0.0,1.0,0.0));
#14890=DIRECTION('',(0.0,0.0,1.0));
#14891=DIRECTION('',(1.0,0.0,0.0));
#14892=CARTESIAN_POINT('',(11.7983,-3.3528,-14.7193));
#14893=DIRECTION('',(0.0,1.0,0.0));
#14894=DIRECTION('',(-0.165411771673795,0.0,0.986224591962569));
#14895=CARTESIAN_POINT('',(12.4968,-3.3528,-15.4178));
#14896=DIRECTION('',(-0.0,1.0,0.0));
#14897=DIRECTION('',(0.855010078673198,0.0,0.518611381833499));
#14898=CARTESIAN_POINT('',(13.1953,-3.3528,-16.1163));
#14899=DIRECTION('',(-0.0,1.0,0.0));
#14900=DIRECTION('',(1.0,0.0,1.342757925846E-13));
#14901=DIRECTION('',(0.0,0.0,-1.0));
#14902=CARTESIAN_POINT('',(13.1953,-3.3528,-14.7193));
#14903=DIRECTION('',(-0.0,1.0,0.0));
#14904=DIRECTION('',(0.986224591962569,0.0,0.165411771673795));
#14905=CARTESIAN_POINT('',(12.4968,-3.3528,-15.4178));
#14906=DIRECTION('',(0.0,1.0,0.0));
#14907=DIRECTION('',(0.518611381833499,0.0,-0.855010078673198));
#14908=CARTESIAN_POINT('',(11.7983,-3.3528,-16.1163));
#14909=DIRECTION('',(0.0,1.0,0.0));
#14910=DIRECTION('',(0.0,0.0,-1.0));
#14911=DIRECTION('',(-1.0,0.0,0.0));
#14912=CARTESIAN_POINT('',(13.1953,-3.3528,-16.1163));
#14913=DIRECTION('',(0.0,1.0,0.0));
#14914=DIRECTION('',(0.165411771673795,0.0,-0.986224591962569));
#14915=DIRECTION('',(0.0,0.0,-1.0));
#14916=CARTESIAN_POINT('',(11.7983,-3.3528,-14.7193));
#14917=DIRECTION('',(0.0,1.0,0.0));
#14918=DIRECTION('',(-1.0,0.0,0.0));
#14919=DIRECTION('',(-1.0,0.0,0.0));
#14920=CARTESIAN_POINT('',(13.1953,-3.3528,-14.7193));
#14921=DIRECTION('',(0.0,1.0,0.0));
#14922=DIRECTION('',(0.0,0.0,1.0));
#14923=DIRECTION('',(0.0,0.0,1.0));
#14924=CARTESIAN_POINT('',(13.1953,-3.3528,-16.1163));
#14925=DIRECTION('',(0.0,1.0,0.0));
#14926=DIRECTION('',(1.0,0.0,-1.466385503696E-13));
#14927=DIRECTION('',(1.0,0.0,0.0));
#14928=CARTESIAN_POINT('',(11.7983,-3.3528,-16.1163));
#14929=DIRECTION('',(0.0,1.0,0.0));
#14930=DIRECTION('',(2.255977697994E-14,0.0,-1.0));
#14931=DIRECTION('',(0.0,1.0,0.0));
#14932=CARTESIAN_POINT('',(-12.4968,-3.13436,-15.4178));
#14933=DIRECTION('',(0.0,1.0,0.0));
#14934=DIRECTION('',(0.0,0.0,-1.0));
#14935=DIRECTION('',(0.0,1.0,0.0));
#14936=CARTESIAN_POINT('',(-12.4968,-3.3528,-15.4178));
#14937=DIRECTION('',(0.0,1.0,0.0));
#14938=DIRECTION('',(0.0,0.0,-1.0));
#14939=CARTESIAN_POINT('',(-12.4968,-3.3528,-15.4178));
#14940=DIRECTION('',(0.0,-1.0,0.0));
#14941=DIRECTION('',(0.0,0.0,-1.0));
#14942=DIRECTION('',(-1.0,0.0,0.0));
#14943=CARTESIAN_POINT('',(-7.8994,-4.1402,-17.81556));
#14944=DIRECTION('',(1.0,0.0,0.0));
#14945=DIRECTION('',(0.0,0.0,-1.0));
#14946=DIRECTION('',(-1.0,0.0,0.0));
#14947=CARTESIAN_POINT('',(-15.5194,-4.1402,-17.81556));
#14948=DIRECTION('',(-1.0,0.0,0.0));
#14949=DIRECTION('',(0.0,1.0,0.0));
#14950=DIRECTION('',(0.0,1.0,0.0));
#14951=CARTESIAN_POINT('',(-15.5194,-2.5654,-10.52576));
#14952=DIRECTION('',(1.0,0.0,-0.0));
#14953=DIRECTION('',(0.0,0.0,1.0));
#14954=DIRECTION('',(0.0,1.0,0.0));
#14955=DIRECTION('',(0.0,0.0,1.0));
#14956=DIRECTION('',(0.0,1.0,0.0));
#14957=DIRECTION('',(0.0,0.0,1.0));
#14958=DIRECTION('',(0.0,-1.0,0.0));
#14959=DIRECTION('',(0.0,0.0,-1.0));
#14960=DIRECTION('',(0.0,-1.0,0.0));
#14961=DIRECTION('',(0.0,0.0,1.0));
#14962=CARTESIAN_POINT('',(-15.5194,2.921,-9.35736));
#14963=DIRECTION('',(-1.0,0.0,0.0));
#14964=DIRECTION('',(0.0,1.0,0.0));
#14965=CARTESIAN_POINT('',(-8.1534,2.921,-9.35736));
#14966=DIRECTION('',(1.0,0.0,0.0));
#14967=DIRECTION('',(0.0,0.0,-1.0));
#14968=DIRECTION('',(1.0,0.0,0.0));
#14969=DIRECTION('',(1.0,0.0,0.0));
#14970=DIRECTION('',(0.0,0.0,-1.0));
#14971=DIRECTION('',(1.0,0.0,0.0));
#14972=DIRECTION('',(0.0,0.0,1.0));
#14973=DIRECTION('',(1.0,0.0,0.0));
#14974=DIRECTION('',(0.0,0.0,1.0));
#14975=DIRECTION('',(1.0,0.0,0.0));
#14976=DIRECTION('',(0.0,0.0,-1.0));
#14977=DIRECTION('',(1.0,0.0,0.0));
#14978=DIRECTION('',(0.0,0.0,1.0));
#14979=DIRECTION('',(1.0,0.0,0.0));
#14980=DIRECTION('',(0.0,0.0,-1.0));
#14981=DIRECTION('',(1.0,0.0,0.0));
#14982=DIRECTION('',(0.0,0.0,1.0));
#14983=DIRECTION('',(1.0,0.0,0.0));
#14984=DIRECTION('',(1.0,0.0,0.0));
#14985=CARTESIAN_POINT('',(8.1534,2.921,-9.35736));
#14986=DIRECTION('',(-1.0,0.0,0.0));
#14987=DIRECTION('',(0.0,1.0,0.0));
#14988=CARTESIAN_POINT('',(15.5194,2.921,-9.35736));
#14989=DIRECTION('',(1.0,0.0,0.0));
#14990=DIRECTION('',(0.0,0.0,-1.0));
#14991=DIRECTION('',(0.0,-1.0,0.0));
#14992=DIRECTION('',(0.0,0.0,1.0));
#14993=DIRECTION('',(0.0,-1.0,0.0));
#14994=DIRECTION('',(0.0,0.0,1.0));
#14995=DIRECTION('',(0.0,1.0,0.0));
#14996=DIRECTION('',(0.0,0.0,1.0));
#14997=DIRECTION('',(0.0,1.0,0.0));
#14998=CARTESIAN_POINT('',(15.5194,-4.1402,-17.81556));
#14999=DIRECTION('',(1.0,0.0,0.0));
#15000=DIRECTION('',(0.0,0.0,-1.0));
#15001=CARTESIAN_POINT('',(15.5194,-2.5654,-10.52576));
#15002=DIRECTION('',(-1.0,0.0,0.0));
#15003=DIRECTION('',(0.0,-1.0,0.0));
#15004=DIRECTION('',(0.0,1.0,0.0));
#15005=CARTESIAN_POINT('',(12.4968,0.0,-9.73836));
#15006=DIRECTION('',(0.0,0.0,-1.0));
#15007=DIRECTION('',(1.0,0.0,0.0));
#15008=CARTESIAN_POINT('',(12.4968,0.0,-9.73836));
#15009=DIRECTION('',(0.0,0.0,-1.0));
#15010=DIRECTION('',(-1.0,0.0,0.0));
#15011=CARTESIAN_POINT('',(-12.4968,0.0,-9.73836));
#15012=DIRECTION('',(0.0,0.0,-1.0));
#15013=DIRECTION('',(1.0,0.0,0.0));
#15014=CARTESIAN_POINT('',(-12.4968,0.0,-9.73836));
#15015=DIRECTION('',(0.0,0.0,-1.0));
#15016=DIRECTION('',(-1.0,0.0,0.0));
#15017=DIRECTION('',(0.0,-1.0,0.0));
#15018=CARTESIAN_POINT('',(12.4968,0.0,-9.73836));
#15019=DIRECTION('',(0.0,0.0,-1.0));
#15020=DIRECTION('',(0.816484727672134,0.577367031859424,0.0));
#15021=DIRECTION('',(0.866025403784429,-0.500000000000017,0.0));
#15022=CARTESIAN_POINT('',(12.4968,0.0,-9.73836));
#15023=DIRECTION('',(0.0,0.0,-1.0));
#15024=DIRECTION('',(-0.09177215306181,0.9957800318958,0.0));
#15025=DIRECTION('',(0.866025403784429,0.500000000000017,0.0));
#15026=CARTESIAN_POINT('',(12.4968,0.0,-9.73836));
#15027=DIRECTION('',(0.0,0.0,-1.0));
#15028=DIRECTION('',(-0.90825688073393,0.418413000036414,0.0));
#15029=DIRECTION('',(0.0,1.0,0.0));
#15030=CARTESIAN_POINT('',(12.4968,0.0,-9.73836));
#15031=DIRECTION('',(-0.0,0.0,-1.0));
#15032=DIRECTION('',(-0.816484727672134,-0.577367031859424,0.0));
#15033=DIRECTION('',(-0.866025403784429,0.500000000000017,0.0));
#15034=DIRECTION('',(1.0,0.0,0.0));
#15035=DIRECTION('',(0.0,1.0,0.0));
#15036=DIRECTION('',(1.0,0.0,0.0));
#15037=DIRECTION('',(-0.866025403784429,-0.500000000000017,0.0));
#15038=CARTESIAN_POINT('',(12.4968,0.0,-9.73836));
#15039=DIRECTION('',(0.0,0.0,-1.0));
#15040=DIRECTION('',(0.90825688073393,-0.418413000036414,0.0));
#15041=CARTESIAN_POINT('',(-12.4968,0.0,-9.73836));
#15042=DIRECTION('',(-0.0,0.0,-1.0));
#15043=DIRECTION('',(-0.816484727672134,-0.577367031859424,0.0));
#15044=DIRECTION('',(-0.866025403784429,0.500000000000017,0.0));
#15045=DIRECTION('',(1.0,0.0,0.0));
#15046=DIRECTION('',(0.0,1.0,0.0));
#15047=DIRECTION('',(1.0,0.0,0.0));
#15048=DIRECTION('',(-0.866025403784429,-0.500000000000017,0.0));
#15049=CARTESIAN_POINT('',(-12.4968,0.0,-9.73836));
#15050=DIRECTION('',(0.0,0.0,-1.0));
#15051=DIRECTION('',(0.90825688073393,-0.418413000036414,0.0));
#15052=DIRECTION('',(0.0,-1.0,0.0));
#15053=CARTESIAN_POINT('',(-12.4968,0.0,-9.73836));
#15054=DIRECTION('',(0.0,0.0,-1.0));
#15055=DIRECTION('',(0.816484727672134,0.577367031859424,0.0));
#15056=DIRECTION('',(0.866025403784429,-0.500000000000017,0.0));
#15057=CARTESIAN_POINT('',(-12.4968,0.0,-9.73836));
#15058=DIRECTION('',(0.0,0.0,-1.0));
#15059=DIRECTION('',(-0.09177215306181,0.9957800318958,0.0));
#15060=DIRECTION('',(0.866025403784429,0.500000000000017,0.0));
#15061=CARTESIAN_POINT('',(-12.4968,0.0,-9.73836));
#15062=DIRECTION('',(0.0,0.0,-1.0));
#15063=DIRECTION('',(-0.90825688073393,0.418413000036414,0.0));
#15064=DIRECTION('',(0.0,1.0,0.0));
#15065=DIRECTION('',(0.0,0.0,-1.0));
#15066=CARTESIAN_POINT('',(12.4968,0.0,-10.62736));
#15067=DIRECTION('',(0.0,0.0,1.0));
#15068=DIRECTION('',(1.0,0.0,0.0));
#15069=DIRECTION('',(0.0,0.0,-1.0));
#15070=CARTESIAN_POINT('',(12.4968,0.0,-10.62736));
#15071=DIRECTION('',(0.0,0.0,1.0));
#15072=DIRECTION('',(-1.0,0.0,0.0));
#15073=DIRECTION('',(-0.866025403784429,-0.500000000000017,0.0));
#15074=CARTESIAN_POINT('',(12.4968,0.0,-10.62736));
#15075=DIRECTION('',(0.0,0.0,-1.0));
#15076=DIRECTION('',(0.09177215306181,-0.9957800318958,0.0));
#15077=DIRECTION('',(-0.866025403784429,0.500000000000017,0.0));
#15078=CARTESIAN_POINT('',(12.4968,0.0,-10.62736));
#15079=DIRECTION('',(-0.0,0.0,-1.0));
#15080=DIRECTION('',(-0.816484727672134,-0.577367031859424,0.0));
#15081=DIRECTION('',(0.0,1.0,0.0));
#15082=CARTESIAN_POINT('',(12.4968,0.0,-10.62736));
#15083=DIRECTION('',(0.0,0.0,-1.0));
#15084=DIRECTION('',(-0.90825688073393,0.418413000036414,0.0));
#15085=DIRECTION('',(0.866025403784429,0.500000000000017,0.0));
#15086=CARTESIAN_POINT('',(12.4968,0.0,-10.62736));
#15087=DIRECTION('',(0.0,0.0,-1.0));
#15088=DIRECTION('',(-0.09177215306181,0.9957800318958,0.0));
#15089=DIRECTION('',(0.866025403784429,-0.500000000000017,0.0));
#15090=CARTESIAN_POINT('',(12.4968,0.0,-10.62736));
#15091=DIRECTION('',(0.0,0.0,-1.0));
#15092=DIRECTION('',(0.816484727672134,0.577367031859424,0.0));
#15093=DIRECTION('',(0.0,-1.0,0.0));
#15094=CARTESIAN_POINT('',(12.4968,0.0,-10.62736));
#15095=DIRECTION('',(0.0,0.0,-1.0));
#15096=DIRECTION('',(0.90825688073393,-0.418413000036414,0.0));
#15097=CARTESIAN_POINT('',(-12.4968,0.0,-10.62736));
#15098=DIRECTION('',(0.0,0.0,-1.0));
#15099=DIRECTION('',(-0.90825688073393,0.418413000036414,0.0));
#15100=DIRECTION('',(0.866025403784429,0.500000000000017,0.0));
#15101=CARTESIAN_POINT('',(-12.4968,0.0,-10.62736));
#15102=DIRECTION('',(0.0,0.0,-1.0));
#15103=DIRECTION('',(-0.09177215306181,0.9957800318958,0.0));
#15104=DIRECTION('',(0.866025403784429,-0.500000000000017,0.0));
#15105=CARTESIAN_POINT('',(-12.4968,0.0,-10.62736));
#15106=DIRECTION('',(0.0,0.0,-1.0));
#15107=DIRECTION('',(0.816484727672134,0.577367031859424,0.0));
#15108=DIRECTION('',(0.0,-1.0,0.0));
#15109=CARTESIAN_POINT('',(-12.4968,0.0,-10.62736));
#15110=DIRECTION('',(0.0,0.0,-1.0));
#15111=DIRECTION('',(0.90825688073393,-0.418413000036414,0.0));
#15112=DIRECTION('',(-0.866025403784429,-0.500000000000017,0.0));
#15113=CARTESIAN_POINT('',(-12.4968,0.0,-10.62736));
#15114=DIRECTION('',(0.0,0.0,-1.0));
#15115=DIRECTION('',(0.09177215306181,-0.9957800318958,0.0));
#15116=DIRECTION('',(-0.866025403784429,0.500000000000017,0.0));
#15117=CARTESIAN_POINT('',(-12.4968,0.0,-10.62736));
#15118=DIRECTION('',(-0.0,0.0,-1.0));
#15119=DIRECTION('',(-0.816484727672134,-0.577367031859424,0.0));
#15120=DIRECTION('',(0.0,1.0,0.0));
#15121=CARTESIAN_POINT('',(-12.4968,0.0,-10.62736));
#15122=DIRECTION('',(0.0,0.0,1.0));
#15123=DIRECTION('',(-1.0,0.0,0.0));
#15124=CARTESIAN_POINT('',(-12.4968,0.0,-10.62736));
#15125=DIRECTION('',(0.0,0.0,1.0));
#15126=DIRECTION('',(1.0,0.0,0.0));
#15127=DIRECTION('',(0.0,0.0,-1.0));
#15128=DIRECTION('',(0.0,0.0,-1.0));
#15129=DIRECTION('',(0.0,0.0,-1.0));
#15130=DIRECTION('',(0.0,0.0,-1.0));
#15131=DIRECTION('',(0.0,0.0,-1.0));
#15132=DIRECTION('',(0.0,0.0,-1.0));
#15133=DIRECTION('',(0.0,0.0,-1.0));
#15134=DIRECTION('',(0.0,0.0,-1.0));
#15135=DIRECTION('',(0.0,0.0,-1.0));
#15136=DIRECTION('',(0.0,0.0,-1.0));
#15137=DIRECTION('',(0.0,0.0,-1.0));
#15138=DIRECTION('',(0.0,0.0,-1.0));
#15139=DIRECTION('',(0.0,0.0,-1.0));
#15140=CARTESIAN_POINT('',(8.1534,-2.5654,-10.52576));
#15141=DIRECTION('',(1.0,0.0,-0.0));
#15142=DIRECTION('',(0.0,0.0,1.0));
#15143=DIRECTION('',(0.0,0.0,-1.0));
#15144=DIRECTION('',(0.0,1.0,0.0));
#15145=DIRECTION('',(0.0,1.0,0.0));
#15146=DIRECTION('',(0.0,1.0,0.0));
#15147=DIRECTION('',(1.0,0.0,0.0));
#15148=DIRECTION('',(0.0,1.0,0.0));
#15149=DIRECTION('',(0.0,0.0,-1.0));
#15150=DIRECTION('',(0.0,1.0,0.0));
#15151=DIRECTION('',(0.0,0.0,1.0));
#15152=DIRECTION('',(0.0,-1.0,0.0));
#15153=DIRECTION('',(1.0,0.0,0.0));
#15154=DIRECTION('',(0.0,1.0,0.0));
#15155=DIRECTION('',(1.0,0.0,0.0));
#15156=DIRECTION('',(0.0,1.0,0.0));
#15157=DIRECTION('',(-1.0,0.0,0.0));
#15158=DIRECTION('',(1.0,0.0,0.0));
#15159=DIRECTION('',(0.0,1.0,0.0));
#15160=DIRECTION('',(1.0,0.0,0.0));
#15161=CARTESIAN_POINT('',(7.8994,-4.1402,-17.81556));
#15162=DIRECTION('',(-1.0,0.0,0.0));
#15163=DIRECTION('',(0.0,1.0,0.0));
#15164=DIRECTION('',(-1.0,0.0,0.0));
#15165=CARTESIAN_POINT('',(12.4968,-3.3528,-15.4178));
#15166=DIRECTION('',(0.0,1.0,0.0));
#15167=DIRECTION('',(0.0,0.0,-1.0));
#15168=CARTESIAN_POINT('',(12.4968,-3.3528,-15.4178));
#15169=DIRECTION('',(0.0,-1.0,0.0));
#15170=DIRECTION('',(0.0,0.0,-1.0));
#15171=DIRECTION('',(0.0,1.0,0.0));
#15172=CARTESIAN_POINT('',(12.4968,-3.13436,-15.4178));
#15173=DIRECTION('',(0.0,-1.0,0.0));
#15174=DIRECTION('',(0.0,0.0,-1.0));
#15175=DIRECTION('',(0.0,1.0,0.0));
#15176=CARTESIAN_POINT('',(12.4968,-3.13436,-15.4178));
#15177=DIRECTION('',(0.0,1.0,0.0));
#15178=DIRECTION('',(0.0,0.0,-1.0));
#15179=CARTESIAN_POINT('',(12.4968,-3.13436,-15.4178));
#15180=DIRECTION('',(0.0,1.0,0.0));
#15181=DIRECTION('',(-0.855010078673198,0.0,-0.518611381833499));
#15182=CARTESIAN_POINT('',(12.4968,-3.13436,-17.526));
#15183=DIRECTION('',(1.0,0.0,0.0));
#15184=DIRECTION('',(0.0,0.0,-1.0));
#15185=CARTESIAN_POINT('',(12.4968,-3.13436,-13.3096));
#15186=DIRECTION('',(-1.0,0.0,0.0));
#15187=DIRECTION('',(0.0,0.0,1.0));
#15188=DIRECTION('',(0.0,1.0,-2.439603789691E-14));
#15189=DIRECTION('',(0.0,-1.0,0.0));
#15190=CARTESIAN_POINT('',(11.7983,-2.57556,-14.7193));
#15191=DIRECTION('',(0.0,1.0,0.0));
#15192=DIRECTION('',(-1.0,0.0,-3.636636049166E-14));
#15193=DIRECTION('',(-1.0,0.0,0.0));
#15194=CARTESIAN_POINT('',(11.7983,-2.57556,-16.1163));
#15195=DIRECTION('',(0.0,1.0,0.0));
#15196=DIRECTION('',(-1.118964938205E-14,0.0,-1.0));
#15197=DIRECTION('',(1.0,0.0,0.0));
#15198=CARTESIAN_POINT('',(13.1953,-2.57556,-14.7193));
#15199=DIRECTION('',(-0.0,1.0,0.0));
#15200=DIRECTION('',(1.118964938205E-14,0.0,1.0));
#15201=DIRECTION('',(0.0,0.0,-1.0));
#15202=CARTESIAN_POINT('',(13.1953,-2.57556,-16.1163));
#15203=DIRECTION('',(-0.0,1.0,0.0));
#15204=DIRECTION('',(1.0,0.0,3.356894814615E-14));
#15205=DIRECTION('',(-1.0,0.0,0.0));
#15206=DIRECTION('',(0.0,0.0,1.0));
#15207=DIRECTION('',(1.0,0.0,0.0));
#15208=CARTESIAN_POINT('',(13.1953,-2.57556,-16.1163));
#15209=DIRECTION('',(0.0,-1.0,0.0));
#15210=DIRECTION('',(0.0,0.0,-1.0));
#15211=DIRECTION('',(0.0,0.0,1.0));
#15212=CARTESIAN_POINT('',(13.1953,-2.57556,-14.7193));
#15213=DIRECTION('',(0.0,-1.0,0.0));
#15214=DIRECTION('',(1.0,0.0,1.127988848997E-13));
#15215=DIRECTION('',(-1.0,0.0,0.0));
#15216=CARTESIAN_POINT('',(11.7983,-2.57556,-14.7193));
#15217=DIRECTION('',(0.0,-1.0,0.0));
#15218=DIRECTION('',(-2.255977697994E-14,0.0,1.0));
#15219=DIRECTION('',(0.0,0.0,-1.0));
#15220=CARTESIAN_POINT('',(11.7983,-2.57556,-16.1163));
#15221=DIRECTION('',(0.0,-1.0,0.0));
#15222=DIRECTION('',(-1.0,0.0,0.0));
#15223=DIRECTION('',(1.0,0.0,-1.864941563675E-14));
#15224=DIRECTION('',(0.0,0.0,1.0));
#15225=DIRECTION('',(-1.0,0.0,0.0));
#15226=CARTESIAN_POINT('',(-13.1953,-2.57556,-16.1163));
#15227=DIRECTION('',(0.0,1.0,0.0));
#15228=DIRECTION('',(0.0,0.0,-1.0));
#15229=DIRECTION('',(0.0,0.0,1.0));
#15230=CARTESIAN_POINT('',(-13.1953,-2.57556,-14.7193));
#15231=DIRECTION('',(0.0,1.0,0.0));
#15232=DIRECTION('',(-1.0,0.0,0.0));
#15233=DIRECTION('',(1.0,0.0,0.0));
#15234=CARTESIAN_POINT('',(-11.7983,-2.57556,-14.7193));
#15235=DIRECTION('',(0.0,1.0,0.0));
#15236=DIRECTION('',(0.0,0.0,1.0));
#15237=DIRECTION('',(0.0,0.0,-1.0));
#15238=CARTESIAN_POINT('',(-11.7983,-2.57556,-16.1163));
#15239=DIRECTION('',(-0.0,1.0,0.0));
#15240=DIRECTION('',(1.0,0.0,0.0));
#15241=DIRECTION('',(-1.0,0.0,0.0));
#15242=DIRECTION('',(0.0,0.0,1.0));
#15243=DIRECTION('',(1.0,0.0,1.864941563675E-14));
#15244=CARTESIAN_POINT('',(-11.7983,-2.57556,-16.1163));
#15245=DIRECTION('',(0.0,-1.0,0.0));
#15246=DIRECTION('',(0.0,0.0,-1.0));
#15247=DIRECTION('',(0.0,0.0,1.0));
#15248=CARTESIAN_POINT('',(-11.7983,-2.57556,-14.7193));
#15249=DIRECTION('',(0.0,-1.0,0.0));
#15250=DIRECTION('',(1.0,0.0,0.0));
#15251=DIRECTION('',(-1.0,0.0,0.0));
#15252=CARTESIAN_POINT('',(-13.1953,-2.57556,-14.7193));
#15253=DIRECTION('',(0.0,-1.0,0.0));
#15254=DIRECTION('',(0.0,0.0,1.0));
#15255=DIRECTION('',(0.0,0.0,-1.0));
#15256=CARTESIAN_POINT('',(-13.1953,-2.57556,-16.1163));
#15257=DIRECTION('',(0.0,-1.0,0.0));
#15258=DIRECTION('',(-1.0,0.0,0.0));
#15259=DIRECTION('',(1.0,0.0,0.0));
#15260=DIRECTION('',(0.0,0.0,1.0));
#15261=CARTESIAN_POINT('',(11.9888,-2.57556,-17.0561));
#15262=DIRECTION('',(1.0,0.0,0.0));
#15263=DIRECTION('',(0.0,1.0,0.0));
#15264=DIRECTION('',(0.0,0.0,1.0));
#15265=DIRECTION('',(0.0,1.0,0.0));
#15266=DIRECTION('',(0.0,0.0,-1.0));
#15267=CARTESIAN_POINT('',(11.9888,-2.57556,-17.0561));
#15268=DIRECTION('',(-1.0,0.0,0.0));
#15269=DIRECTION('',(0.0,0.0,1.0));
#15270=DIRECTION('',(1.0,0.0,0.0));
#15271=CARTESIAN_POINT('',(13.0048,-2.57556,-17.0561));
#15272=DIRECTION('',(-1.0,0.0,0.0));
#15273=DIRECTION('',(0.0,0.0,1.0));
#15274=DIRECTION('',(1.0,0.0,0.0));
#15275=DIRECTION('',(0.0,-1.0,0.0));
#15276=DIRECTION('',(0.0,-1.0,0.0));
#15277=DIRECTION('',(0.0,1.0,-1.626402526461E-14));
#15278=CARTESIAN_POINT('',(12.4968,-3.13436,-15.4178));
#15279=DIRECTION('',(0.0,-1.0,0.0));
#15280=DIRECTION('',(0.855010078673198,0.0,-0.518611381833499));
#15281=DIRECTION('',(0.0,1.0,0.0));
#15282=DIRECTION('',(-2.439603789691E-14,1.0,2.439603789691E-14));
#15283=CARTESIAN_POINT('',(12.4968,-3.13436,-15.4178));
#15284=DIRECTION('',(0.0,-1.0,0.0));
#15285=DIRECTION('',(0.518611381833499,0.0,0.855010078673198));
#15286=DIRECTION('',(0.0,1.0,1.626402526461E-14));
#15287=DIRECTION('',(0.0,1.0,0.0));
#15288=CARTESIAN_POINT('',(12.4968,-3.13436,-15.4178));
#15289=DIRECTION('',(0.0,-1.0,0.0));
#15290=DIRECTION('',(0.0,0.0,-1.0));
#15291=DIRECTION('',(0.0,-1.0,0.0));
#15292=DIRECTION('',(0.0,-1.0,0.0));
#15293=DIRECTION('',(0.0,-1.0,3.19965464356E-14));
#15294=DIRECTION('',(0.0,0.0,-1.0));
#15295=DIRECTION('',(0.0,1.0,0.0));
#15296=DIRECTION('',(0.0,0.0,1.0));
#15297=CARTESIAN_POINT('',(13.0048,-2.57556,-17.0561));
#15298=DIRECTION('',(1.0,0.0,0.0));
#15299=DIRECTION('',(0.0,1.0,0.0));
#15300=DIRECTION('',(1.0,0.0,0.0));
#15301=DIRECTION('',(1.0,0.0,0.0));
#15302=DIRECTION('',(1.142733801271E-14,-1.0,0.0));
#15303=DIRECTION('',(0.0,-1.0,0.0));
#15304=DIRECTION('',(0.0,-1.0,0.0));
#15305=DIRECTION('',(0.0,-1.0,0.0));
#15306=DIRECTION('',(0.0,-1.0,0.0));
#15307=DIRECTION('',(0.0,-1.0,0.0));
#15308=DIRECTION('',(0.0,-1.0,0.0));
#15309=DIRECTION('',(0.0,-1.0,0.0));
#15310=DIRECTION('',(1.0,0.0,0.0));
#15311=DIRECTION('',(1.0,0.0,0.0));
#15312=CARTESIAN_POINT('',(-13.0048,-2.57556,-17.0561));
#15313=DIRECTION('',(1.0,0.0,0.0));
#15314=DIRECTION('',(0.0,1.0,0.0));
#15315=DIRECTION('',(0.0,0.0,1.0));
#15316=DIRECTION('',(0.0,1.0,0.0));
#15317=DIRECTION('',(0.0,0.0,-1.0));
#15318=CARTESIAN_POINT('',(-13.0048,-2.57556,-17.0561));
#15319=DIRECTION('',(-1.0,0.0,0.0));
#15320=DIRECTION('',(0.0,0.0,1.0));
#15321=DIRECTION('',(1.0,0.0,0.0));
#15322=CARTESIAN_POINT('',(-11.9888,-2.57556,-17.0561));
#15323=DIRECTION('',(-1.0,0.0,0.0));
#15324=DIRECTION('',(0.0,0.0,1.0));
#15325=DIRECTION('',(1.0,0.0,0.0));
#15326=DIRECTION('',(0.0,-1.0,0.0));
#15327=DIRECTION('',(0.0,-1.0,0.0));
#15328=DIRECTION('',(0.0,1.0,0.0));
#15329=DIRECTION('',(0.0,-1.0,0.0));
#15330=DIRECTION('',(0.0,-1.0,0.0));
#15331=DIRECTION('',(0.0,1.0,0.0));
#15332=DIRECTION('',(0.0,-1.0,0.0));
#15333=DIRECTION('',(0.0,-1.0,0.0));
#15334=DIRECTION('',(0.0,1.0,0.0));
#15335=DIRECTION('',(0.0,1.0,0.0));
#15336=DIRECTION('',(0.0,-1.0,0.0));
#15337=DIRECTION('',(0.0,-1.0,0.0));
#15338=DIRECTION('',(0.0,1.0,0.0));
#15339=DIRECTION('',(0.0,1.0,0.0));
#15340=CARTESIAN_POINT('',(-12.4968,-3.13436,-15.4178));
#15341=DIRECTION('',(0.0,-1.0,0.0));
#15342=DIRECTION('',(0.855010078673198,0.0,-0.518611381833499));
#15343=CARTESIAN_POINT('',(-12.4968,-3.13436,-15.4178));
#15344=DIRECTION('',(0.0,-1.0,0.0));
#15345=DIRECTION('',(0.0,0.0,-1.0));
#15346=CARTESIAN_POINT('',(-12.4968,-3.13436,-15.4178));
#15347=DIRECTION('',(0.0,1.0,0.0));
#15348=DIRECTION('',(-0.855010078673198,0.0,-0.518611381833499));
#15349=CARTESIAN_POINT('',(-12.4968,-3.13436,-15.4178));
#15350=DIRECTION('',(0.0,-1.0,0.0));
#15351=DIRECTION('',(0.518611381833499,0.0,0.855010078673198));
#15352=CARTESIAN_POINT('',(-12.4968,-3.13436,-13.3096));
#15353=DIRECTION('',(-1.0,0.0,0.0));
#15354=DIRECTION('',(0.0,0.0,1.0));
#15355=CARTESIAN_POINT('',(-12.4968,-3.13436,-15.4178));
#15356=DIRECTION('',(0.0,-1.0,0.0));
#15357=DIRECTION('',(0.0,0.0,-1.0));
#15358=CARTESIAN_POINT('',(-12.4968,-3.13436,-17.526));
#15359=DIRECTION('',(1.0,0.0,0.0));
#15360=DIRECTION('',(0.0,0.0,-1.0));
#15361=DIRECTION('',(0.0,0.0,-1.0));
#15362=DIRECTION('',(0.0,1.0,0.0));
#15363=DIRECTION('',(0.0,0.0,1.0));
#15364=CARTESIAN_POINT('',(-11.9888,-2.57556,-17.0561));
#15365=DIRECTION('',(1.0,0.0,0.0));
#15366=DIRECTION('',(0.0,1.0,0.0));
#15367=DIRECTION('',(1.0,0.0,0.0));
#15368=DIRECTION('',(1.0,0.0,0.0));
#15369=DIRECTION('',(0.0,-1.0,0.0));
#15370=DIRECTION('',(0.0,-1.0,0.0));
#15371=DIRECTION('',(0.0,-1.0,0.0));
#15372=DIRECTION('',(0.0,-1.0,0.0));
#15373=DIRECTION('',(0.0,-1.0,0.0));
#15374=DIRECTION('',(0.0,-1.0,0.0));
#15375=DIRECTION('',(0.0,-1.0,0.0));
#15376=DIRECTION('',(0.0,-1.0,0.0));
#15377=DIRECTION('',(1.0,0.0,0.0));
#15378=DIRECTION('',(1.0,0.0,0.0));
#15379=DIRECTION('',(0.0,0.0,1.0));
#15380=DIRECTION('',(0.0,1.0,0.0));
#15381=DIRECTION('',(0.0,0.0,1.0));
#15382=DIRECTION('',(-1.0,0.0,0.0));
#15383=CARTESIAN_POINT('',(-5.4864,-5.207,-16.8402));
#15384=DIRECTION('',(0.0,-1.0,0.0));
#15385=DIRECTION('',(-1.0,0.0,0.0));
#15386=CARTESIAN_POINT('',(-5.4864,-5.207,-16.8402));
#15387=DIRECTION('',(0.0,-1.0,0.0));
#15388=DIRECTION('',(1.0,0.0,0.0));
#15389=CARTESIAN_POINT('',(-2.7432,-5.207,-16.8402));
#15390=DIRECTION('',(0.0,-1.0,0.0));
#15391=DIRECTION('',(-1.0,0.0,0.0));
#15392=CARTESIAN_POINT('',(-2.7432,-5.207,-16.8402));
#15393=DIRECTION('',(0.0,-1.0,0.0));
#15394=DIRECTION('',(1.0,0.0,0.0));
#15395=CARTESIAN_POINT('',(0.0,-5.207,-16.8402));
#15396=DIRECTION('',(0.0,-1.0,0.0));
#15397=DIRECTION('',(-1.0,0.0,0.0));
#15398=CARTESIAN_POINT('',(0.0,-5.207,-16.8402));
#15399=DIRECTION('',(0.0,-1.0,0.0));
#15400=DIRECTION('',(1.0,0.0,0.0));
#15401=CARTESIAN_POINT('',(2.7432,-5.207,-16.8402));
#15402=DIRECTION('',(0.0,-1.0,0.0));
#15403=DIRECTION('',(-1.0,0.0,0.0));
#15404=CARTESIAN_POINT('',(2.7432,-5.207,-16.8402));
#15405=DIRECTION('',(0.0,-1.0,0.0));
#15406=DIRECTION('',(1.0,0.0,0.0));
#15407=CARTESIAN_POINT('',(5.4864,-5.207,-16.8402));
#15408=DIRECTION('',(0.0,-1.0,0.0));
#15409=DIRECTION('',(-1.0,0.0,0.0));
#15410=CARTESIAN_POINT('',(5.4864,-5.207,-16.8402));
#15411=DIRECTION('',(0.0,-1.0,0.0));
#15412=DIRECTION('',(1.0,0.0,0.0));
#15413=CARTESIAN_POINT('',(-4.1148,-5.207,-13.9954));
#15414=DIRECTION('',(0.0,-1.0,0.0));
#15415=DIRECTION('',(-1.0,0.0,0.0));
#15416=CARTESIAN_POINT('',(-4.1148,-5.207,-13.9954));
#15417=DIRECTION('',(0.0,-1.0,0.0));
#15418=DIRECTION('',(1.0,0.0,0.0));
#15419=CARTESIAN_POINT('',(-1.3716,-5.207,-13.9954));
#15420=DIRECTION('',(0.0,-1.0,0.0));
#15421=DIRECTION('',(-1.0,0.0,0.0));
#15422=CARTESIAN_POINT('',(-1.3716,-5.207,-13.9954));
#15423=DIRECTION('',(0.0,-1.0,0.0));
#15424=DIRECTION('',(1.0,0.0,0.0));
#15425=CARTESIAN_POINT('',(1.3716,-5.207,-13.9954));
#15426=DIRECTION('',(0.0,-1.0,0.0));
#15427=DIRECTION('',(-1.0,0.0,0.0));
#15428=CARTESIAN_POINT('',(1.3716,-5.207,-13.9954));
#15429=DIRECTION('',(0.0,-1.0,0.0));
#15430=DIRECTION('',(1.0,0.0,0.0));
#15431=CARTESIAN_POINT('',(4.1148,-5.207,-13.9954));
#15432=DIRECTION('',(0.0,-1.0,0.0));
#15433=DIRECTION('',(-1.0,0.0,0.0));
#15434=CARTESIAN_POINT('',(4.1148,-5.207,-13.9954));
#15435=DIRECTION('',(0.0,-1.0,0.0));
#15436=DIRECTION('',(1.0,0.0,0.0));
#15437=DIRECTION('',(-1.0,0.0,0.0));
#15438=DIRECTION('',(-1.0,0.0,0.0));
#15439=DIRECTION('',(0.0,0.0,1.0));
#15440=DIRECTION('',(0.0,0.0,1.0));
#15441=DIRECTION('',(-1.0,0.0,0.0));
#15442=DIRECTION('',(0.0,0.0,1.0));
#15443=DIRECTION('',(1.0,0.0,0.0));
#15444=DIRECTION('',(0.0,0.0,-1.0));
#15445=DIRECTION('',(0.0,1.0,0.0));
#15446=DIRECTION('',(0.0,1.0,0.0));
#15447=DIRECTION('',(0.0,0.0,-1.0));
#15448=DIRECTION('',(0.0,0.0,1.0));
#15449=DIRECTION('',(-1.0,0.0,0.0));
#15450=DIRECTION('',(-1.0,0.0,0.0));
#15451=DIRECTION('',(0.0,0.0,-1.0));
#15452=DIRECTION('',(1.0,0.0,0.0));
#15453=DIRECTION('',(-1.0,0.0,0.0));
#15454=DIRECTION('',(0.0,0.0,1.0));
#15455=CARTESIAN_POINT('',(-11.1506,-5.3086,-16.9164));
#15456=DIRECTION('',(0.0,-1.0,0.0));
#15457=DIRECTION('',(0.0,0.0,-1.0));
#15458=DIRECTION('',(1.0,0.0,0.0));
#15459=CARTESIAN_POINT('',(-13.843,-5.3086,-16.9164));
#15460=DIRECTION('',(0.0,-1.0,0.0));
#15461=DIRECTION('',(-1.0,0.0,0.0));
#15462=DIRECTION('',(0.0,0.0,-1.0));
#15463=DIRECTION('',(-1.0,0.0,0.0));
#15464=DIRECTION('',(0.0,0.0,-1.0));
#15465=DIRECTION('',(1.0,0.0,0.0));
#15466=DIRECTION('',(0.0,0.0,1.0));
#15467=DIRECTION('',(-1.0,0.0,0.0));
#15468=DIRECTION('',(0.0,0.0,-1.0));
#15469=DIRECTION('',(1.0,0.0,0.0));
#15470=DIRECTION('',(0.0,0.0,-1.0));
#15471=DIRECTION('',(-1.0,0.0,0.0));
#15472=DIRECTION('',(0.0,0.0,-1.0));
#15473=DIRECTION('',(-1.0,0.0,0.0));
#15474=DIRECTION('',(0.0,0.0,-1.0));
#15475=CARTESIAN_POINT('',(13.843,-5.3086,-16.9164));
#15476=DIRECTION('',(0.0,-1.0,0.0));
#15477=DIRECTION('',(0.0,0.0,-1.0));
#15478=DIRECTION('',(1.0,0.0,0.0));
#15479=CARTESIAN_POINT('',(11.1506,-5.3086,-16.9164));
#15480=DIRECTION('',(0.0,-1.0,0.0));
#15481=DIRECTION('',(-1.0,0.0,0.0));
#15482=DIRECTION('',(0.0,0.0,-1.0));
#15483=DIRECTION('',(-1.0,0.0,0.0));
#15484=DIRECTION('',(0.0,0.0,-1.0));
#15485=DIRECTION('',(1.0,0.0,0.0));
#15486=DIRECTION('',(0.0,0.0,1.0));
#15487=DIRECTION('',(0.0,-1.0,0.0));
#15488=DIRECTION('',(0.0,-0.707106781186548,-0.707106781186548));
#15489=DIRECTION('',(0.0,0.0,1.0));
#15490=DIRECTION('',(1.0,0.0,0.0));
#15491=DIRECTION('',(0.0,0.0,-1.0));
#15492=DIRECTION('',(-1.0,0.0,0.0));
#15493=DIRECTION('',(0.0,0.0,-1.0));
#15494=CARTESIAN_POINT('',(11.1506,-5.72516,-16.9164));
#15495=DIRECTION('',(0.0,-1.0,0.0));
#15496=DIRECTION('',(-1.0,0.0,0.0));
#15497=DIRECTION('',(1.0,0.0,0.0));
#15498=CARTESIAN_POINT('',(13.843,-5.72516,-16.9164));
#15499=DIRECTION('',(0.0,-1.0,0.0));
#15500=DIRECTION('',(0.0,0.0,-1.0));
#15501=DIRECTION('',(0.0,0.0,1.0));
#15502=DIRECTION('',(-1.0,0.0,0.0));
#15503=CARTESIAN_POINT('',(12.4968,-5.72516,-15.4178));
#15504=DIRECTION('',(0.0,-1.0,0.0));
#15505=DIRECTION('',(-1.0,0.0,0.0));
#15506=CARTESIAN_POINT('',(12.4968,-5.72516,-15.4178));
#15507=DIRECTION('',(0.0,-1.0,0.0));
#15508=DIRECTION('',(1.0,0.0,0.0));
#15509=DIRECTION('',(1.0,0.0,0.0));
#15510=DIRECTION('',(0.0,0.0,-1.0));
#15511=DIRECTION('',(-1.0,0.0,0.0));
#15512=DIRECTION('',(0.0,0.0,-1.0));
#15513=CARTESIAN_POINT('',(-13.843,-5.72516,-16.9164));
#15514=DIRECTION('',(0.0,-1.0,0.0));
#15515=DIRECTION('',(-1.0,0.0,0.0));
#15516=DIRECTION('',(1.0,0.0,0.0));
#15517=CARTESIAN_POINT('',(-11.1506,-5.72516,-16.9164));
#15518=DIRECTION('',(0.0,-1.0,0.0));
#15519=DIRECTION('',(0.0,0.0,-1.0));
#15520=DIRECTION('',(0.0,0.0,1.0));
#15521=DIRECTION('',(-1.0,0.0,0.0));
#15522=DIRECTION('',(0.0,0.0,1.0));
#15523=CARTESIAN_POINT('',(-12.4968,-5.72516,-15.4178));
#15524=DIRECTION('',(0.0,-1.0,0.0));
#15525=DIRECTION('',(-1.0,0.0,0.0));
#15526=CARTESIAN_POINT('',(-12.4968,-5.72516,-15.4178));
#15527=DIRECTION('',(0.0,-1.0,0.0));
#15528=DIRECTION('',(1.0,0.0,0.0));
#15529=CARTESIAN_POINT('',(12.4968,-5.72516,-15.4178));
#15530=DIRECTION('',(0.0,-1.0,0.0));
#15531=DIRECTION('',(1.0,0.0,0.0));
#15532=CARTESIAN_POINT('',(12.4968,-5.72516,-15.4178));
#15533=DIRECTION('',(0.0,-1.0,0.0));
#15534=DIRECTION('',(-1.0,0.0,0.0));
#15535=DIRECTION('',(0.0,0.0,1.0));
#15536=DIRECTION('',(1.0,0.0,0.0));
#15537=DIRECTION('',(0.0,0.0,1.0));
#15538=DIRECTION('',(1.0,0.0,0.0));
#15539=DIRECTION('',(0.0,0.0,1.0));
#15540=DIRECTION('',(1.0,0.0,0.0));
#15541=DIRECTION('',(0.0,0.0,1.0));
#15542=DIRECTION('',(1.0,0.0,0.0));
#15543=DIRECTION('',(1.0,0.0,0.0));
#15544=DIRECTION('',(0.0,0.0,-1.0));
#15545=DIRECTION('',(1.0,0.0,0.0));
#15546=DIRECTION('',(0.0,0.0,-1.0));
#15547=DIRECTION('',(1.0,0.0,0.0));
#15548=DIRECTION('',(0.0,0.0,-1.0));
#15549=DIRECTION('',(1.0,0.0,0.0));
#15550=DIRECTION('',(0.0,0.0,-1.0));
#15551=CARTESIAN_POINT('',(-12.4968,-5.72516,-15.4178));
#15552=DIRECTION('',(0.0,-1.0,0.0));
#15553=DIRECTION('',(1.0,0.0,0.0));
#15554=CARTESIAN_POINT('',(-12.4968,-5.72516,-15.4178));
#15555=DIRECTION('',(0.0,-1.0,0.0));
#15556=DIRECTION('',(-1.0,0.0,0.0));
#15557=DIRECTION('',(0.0,0.0,1.0));
#15558=DIRECTION('',(1.0,0.0,0.0));
#15559=DIRECTION('',(0.0,0.0,1.0));
#15560=DIRECTION('',(1.0,0.0,0.0));
#15561=DIRECTION('',(0.0,0.0,1.0));
#15562=DIRECTION('',(1.0,0.0,0.0));
#15563=DIRECTION('',(0.0,0.0,1.0));
#15564=DIRECTION('',(1.0,0.0,0.0));
#15565=DIRECTION('',(-1.0,0.0,0.0));
#15566=DIRECTION('',(0.0,0.0,1.0));
#15567=DIRECTION('',(-1.0,0.0,0.0));
#15568=DIRECTION('',(0.0,0.0,1.0));
#15569=DIRECTION('',(-1.0,0.0,0.0));
#15570=DIRECTION('',(0.0,0.0,1.0));
#15571=DIRECTION('',(-1.0,0.0,0.0));
#15572=DIRECTION('',(0.0,0.0,1.0));
#15573=DIRECTION('',(0.0,-1.0,0.0));
#15574=DIRECTION('',(0.0,-1.0,0.0));
#15575=DIRECTION('',(0.0,-1.0,0.0));
#15576=DIRECTION('',(0.0,-1.0,0.0));
#15577=DIRECTION('',(0.0,-1.0,0.0));
#15578=DIRECTION('',(0.0,-1.0,0.0));
#15579=DIRECTION('',(0.0,-1.0,0.0));
#15580=DIRECTION('',(0.0,0.707106781186548,0.707106781186548));
#15581=DIRECTION('',(0.0,-1.0,0.0));
#15582=DIRECTION('',(0.0,0.707106781186548,0.707106781186548));
#15583=DIRECTION('',(0.0,0.707106781186548,0.707106781186548));
#15584=DIRECTION('',(0.0,-1.0,0.0));
#15585=DIRECTION('',(0.0,-1.0,0.0));
#15586=DIRECTION('',(0.0,-1.0,0.0));
#15587=DIRECTION('',(0.0,-1.0,0.0));
#15588=DIRECTION('',(0.0,-1.0,0.0));
#15589=DIRECTION('',(0.0,-1.0,0.0));
#15590=DIRECTION('',(0.0,-1.0,0.0));
#15591=DIRECTION('',(0.0,-1.0,0.0));
#15592=CARTESIAN_POINT('',(12.4968,-5.97916,-15.4178));
#15593=DIRECTION('',(0.0,-1.0,0.0));
#15594=DIRECTION('',(1.0,0.0,0.0));
#15595=DIRECTION('',(0.0,-1.0,0.0));
#15596=CARTESIAN_POINT('',(12.4968,-5.97916,-15.4178));
#15597=DIRECTION('',(0.0,-1.0,0.0));
#15598=DIRECTION('',(-1.0,0.0,0.0));
#15599=CARTESIAN_POINT('',(12.4968,-5.97916,-15.4178));
#15600=DIRECTION('',(0.0,1.0,0.0));
#15601=DIRECTION('',(-1.0,0.0,0.0));
#15602=CARTESIAN_POINT('',(12.4968,-5.97916,-15.4178));
#15603=DIRECTION('',(-0.0,1.0,0.0));
#15604=DIRECTION('',(1.0,0.0,0.0));
#15605=CARTESIAN_POINT('',(-12.4968,-5.97916,-15.4178));
#15606=DIRECTION('',(0.0,-1.0,0.0));
#15607=DIRECTION('',(-1.0,0.0,0.0));
#15608=CARTESIAN_POINT('',(-12.4968,-5.97916,-15.4178));
#15609=DIRECTION('',(0.0,-1.0,0.0));
#15610=DIRECTION('',(1.0,0.0,0.0));
#15611=CARTESIAN_POINT('',(-12.4968,-5.97916,-15.4178));
#15612=DIRECTION('',(0.0,1.0,0.0));
#15613=DIRECTION('',(-1.0,0.0,0.0));
#15614=CARTESIAN_POINT('',(-12.4968,-5.97916,-15.4178));
#15615=DIRECTION('',(-0.0,1.0,0.0));
#15616=DIRECTION('',(1.0,0.0,0.0));
#15617=DIRECTION('',(0.0,-1.0,0.0));
#15618=DIRECTION('',(0.0,-1.0,0.0));
#15619=DIRECTION('',(0.0,-1.0,0.0));
#15620=DIRECTION('',(0.0,-1.0,0.0));
#15621=DIRECTION('',(0.0,-1.0,0.0));
#15622=DIRECTION('',(0.0,-1.0,0.0));
#15623=DIRECTION('',(0.0,1.0,0.0));
#15624=CARTESIAN_POINT('',(13.9827,-7.07136,-16.129));
#15625=DIRECTION('',(-0.0,0.0,-1.0));
#15626=DIRECTION('',(-0.589582096451311,-0.807708457021515,0.0));
#15627=DIRECTION('',(-0.807708457021515,0.589582096451311,0.0));
#15628=CARTESIAN_POINT('',(13.9065,-7.83336,-16.129));
#15629=DIRECTION('',(0.0,0.0,1.0));
#15630=DIRECTION('',(0.858959896930661,-0.512042864870577,0.0));
#15631=DIRECTION('',(0.512042864870577,0.858959896930661,0.0));
#15632=DIRECTION('',(0.858959896930661,-0.512042864870577,0.0));
#15633=DIRECTION('',(-0.0139621803391401,-0.999902524009304,0.0));
#15634=DIRECTION('',(-0.512042864870577,-0.858959896930661,0.0));
#15635=CARTESIAN_POINT('',(13.9065,-7.83336,-16.129));
#15636=DIRECTION('',(0.0,0.0,-1.0));
#15637=DIRECTION('',(0.589582096451311,0.807708457021515,0.0));
#15638=DIRECTION('',(0.807708457021515,-0.589582096451311,0.0));
#15639=CARTESIAN_POINT('',(13.9827,-7.07136,-16.129));
#15640=DIRECTION('',(0.0,0.0,1.0));
#15641=DIRECTION('',(-1.0,0.0,0.0));
#15642=DIRECTION('',(0.0,-1.0,0.0));
#15643=DIRECTION('',(0.0,1.0,0.0));
#15644=CARTESIAN_POINT('',(11.0109,-7.07136,-16.129));
#15645=DIRECTION('',(0.0,0.0,1.0));
#15646=DIRECTION('',(0.589582096451311,-0.807708457021515,0.0));
#15647=DIRECTION('',(0.807708457021515,0.589582096451311,0.0));
#15648=CARTESIAN_POINT('',(11.0871,-7.83336,-16.129));
#15649=DIRECTION('',(-0.0,0.0,-1.0));
#15650=DIRECTION('',(-0.858959896930661,-0.512042864870577,0.0));
#15651=DIRECTION('',(-0.512042864870577,0.858959896930661,0.0));
#15652=DIRECTION('',(-0.0139621803391501,0.999902524009304,0.0));
#15653=DIRECTION('',(0.858959896930661,0.512042864870577,0.0));
#15654=DIRECTION('',(0.512042864870577,-0.858959896930661,0.0));
#15655=CARTESIAN_POINT('',(11.0871,-7.83336,-16.129));
#15656=DIRECTION('',(0.0,0.0,1.0));
#15657=DIRECTION('',(-0.589582096451311,0.807708457021515,0.0));
#15658=DIRECTION('',(-0.807708457021515,-0.589582096451311,0.0));
#15659=CARTESIAN_POINT('',(11.0109,-7.07136,-16.129));
#15660=DIRECTION('',(0.0,0.0,-1.0));
#15661=DIRECTION('',(1.0,0.0,0.0));
#15662=DIRECTION('',(0.0,-1.0,0.0));
#15663=DIRECTION('',(0.0,1.0,0.0));
#15664=CARTESIAN_POINT('',(-13.9827,-7.07136,-16.129));
#15665=DIRECTION('',(0.0,0.0,1.0));
#15666=DIRECTION('',(0.589582096451311,-0.807708457021515,0.0));
#15667=DIRECTION('',(0.807708457021515,0.589582096451311,0.0));
#15668=CARTESIAN_POINT('',(-13.9065,-7.83336,-16.129));
#15669=DIRECTION('',(-0.0,0.0,-1.0));
#15670=DIRECTION('',(-0.858959896930705,-0.512042864870503,0.0));
#15671=DIRECTION('',(-0.512042864870577,0.858959896930661,0.0));
#15672=DIRECTION('',(-0.0139621803391401,0.999902524009304,0.0));
#15673=DIRECTION('',(0.858959896930661,0.512042864870577,0.0));
#15674=DIRECTION('',(0.512042864870577,-0.858959896930661,0.0));
#15675=CARTESIAN_POINT('',(-13.9065,-7.83336,-16.129));
#15676=DIRECTION('',(0.0,0.0,1.0));
#15677=DIRECTION('',(-0.589582096451311,0.807708457021515,0.0));
#15678=DIRECTION('',(-0.807708457021515,-0.589582096451311,0.0));
#15679=CARTESIAN_POINT('',(-13.9827,-7.07136,-16.129));
#15680=DIRECTION('',(0.0,0.0,-1.0));
#15681=DIRECTION('',(1.0,2.972250617107E-13,0.0));
#15682=DIRECTION('',(0.0,-1.0,0.0));
#15683=DIRECTION('',(0.0,1.0,0.0));
#15684=CARTESIAN_POINT('',(-11.0109,-7.07136,-16.129));
#15685=DIRECTION('',(-0.0,0.0,-1.0));
#15686=DIRECTION('',(-0.589582096451198,-0.807708457021598,0.0));
#15687=DIRECTION('',(-0.807708457021515,0.589582096451311,0.0));
#15688=CARTESIAN_POINT('',(-11.0871,-7.83336,-16.129));
#15689=DIRECTION('',(0.0,0.0,1.0));
#15690=DIRECTION('',(0.858959896930661,-0.512042864870577,0.0));
#15691=DIRECTION('',(0.512042864870577,0.858959896930661,0.0));
#15692=DIRECTION('',(0.858959896930661,-0.512042864870577,0.0));
#15693=DIRECTION('',(-0.0139621803391401,-0.999902524009304,0.0));
#15694=DIRECTION('',(-0.512042864870577,-0.858959896930661,0.0));
#15695=CARTESIAN_POINT('',(-11.0871,-7.83336,-16.129));
#15696=DIRECTION('',(0.0,0.0,-1.0));
#15697=DIRECTION('',(0.589582096451311,0.807708457021515,0.0));
#15698=DIRECTION('',(0.807708457021515,-0.589582096451311,0.0));
#15699=CARTESIAN_POINT('',(-11.0109,-7.07136,-16.129));
#15700=DIRECTION('',(0.0,0.0,1.0));
#15701=DIRECTION('',(-1.0,0.0,0.0));
#15702=DIRECTION('',(0.0,-1.0,0.0));
#15703=DIRECTION('',(0.0,0.0,1.0));
#15704=DIRECTION('',(0.0,-1.0,0.0));
#15705=CARTESIAN_POINT('',(13.9827,-7.07136,-14.7066));
#15706=DIRECTION('',(0.0,0.0,1.0));
#15707=DIRECTION('',(-1.0,0.0,0.0));
#15708=DIRECTION('',(0.807708457021515,-0.589582096451311,0.0));
#15709=CARTESIAN_POINT('',(13.9065,-7.83336,-14.7066));
#15710=DIRECTION('',(0.0,0.0,-1.0));
#15711=DIRECTION('',(0.589582096451311,0.807708457021515,0.0));
#15712=DIRECTION('',(-0.512042864870577,-0.858959896930661,0.0));
#15713=DIRECTION('',(-0.0139621803391401,-0.999902524009304,0.0));
#15714=DIRECTION('',(0.858959896930661,-0.512042864870577,0.0));
#15715=DIRECTION('',(0.512042864870577,0.858959896930661,0.0));
#15716=CARTESIAN_POINT('',(13.9065,-7.83336,-14.7066));
#15717=DIRECTION('',(0.0,0.0,1.0));
#15718=DIRECTION('',(0.858959896930661,-0.512042864870577,0.0));
#15719=DIRECTION('',(-0.807708457021515,0.589582096451311,0.0));
#15720=CARTESIAN_POINT('',(13.9827,-7.07136,-14.7066));
#15721=DIRECTION('',(-0.0,0.0,-1.0));
#15722=DIRECTION('',(-0.589582096451311,-0.807708457021515,0.0));
#15723=DIRECTION('',(0.0,1.0,0.0));
#15724=CARTESIAN_POINT('',(11.0109,-7.07136,-14.7066));
#15725=DIRECTION('',(0.0,0.0,-1.0));
#15726=DIRECTION('',(1.0,0.0,0.0));
#15727=DIRECTION('',(-0.807708457021515,-0.589582096451311,0.0));
#15728=CARTESIAN_POINT('',(11.0871,-7.83336,-14.7066));
#15729=DIRECTION('',(0.0,0.0,1.0));
#15730=DIRECTION('',(-0.589582096451311,0.807708457021515,0.0));
#15731=DIRECTION('',(0.512042864870577,-0.858959896930661,0.0));
#15732=DIRECTION('',(0.858959896930661,0.512042864870577,0.0));
#15733=DIRECTION('',(-0.0139621803391501,0.999902524009304,0.0));
#15734=DIRECTION('',(-0.512042864870577,0.858959896930661,0.0));
#15735=CARTESIAN_POINT('',(11.0871,-7.83336,-14.7066));
#15736=DIRECTION('',(-0.0,0.0,-1.0));
#15737=DIRECTION('',(-0.858959896930661,-0.512042864870577,0.0));
#15738=DIRECTION('',(0.807708457021515,0.589582096451311,0.0));
#15739=CARTESIAN_POINT('',(11.0109,-7.07136,-14.7066));
#15740=DIRECTION('',(0.0,0.0,1.0));
#15741=DIRECTION('',(0.589582096451311,-0.807708457021515,0.0));
#15742=DIRECTION('',(0.0,1.0,0.0));
#15743=DIRECTION('',(0.0,-1.0,0.0));
#15744=CARTESIAN_POINT('',(-13.9827,-7.07136,-14.7066));
#15745=DIRECTION('',(0.0,0.0,-1.0));
#15746=DIRECTION('',(1.0,2.972250617107E-13,0.0));
#15747=DIRECTION('',(-0.807708457021515,-0.589582096451311,0.0));
#15748=CARTESIAN_POINT('',(-13.9065,-7.83336,-14.7066));
#15749=DIRECTION('',(0.0,0.0,1.0));
#15750=DIRECTION('',(-0.589582096451311,0.807708457021515,0.0));
#15751=DIRECTION('',(0.512042864870577,-0.858959896930661,0.0));
#15752=DIRECTION('',(0.858959896930661,0.512042864870577,0.0));
#15753=DIRECTION('',(-0.0139621803391401,0.999902524009304,0.0));
#15754=DIRECTION('',(-0.512042864870577,0.858959896930661,0.0));
#15755=CARTESIAN_POINT('',(-13.9065,-7.83336,-14.7066));
#15756=DIRECTION('',(-0.0,0.0,-1.0));
#15757=DIRECTION('',(-0.858959896930705,-0.512042864870503,0.0));
#15758=DIRECTION('',(0.807708457021515,0.589582096451311,0.0));
#15759=CARTESIAN_POINT('',(-13.9827,-7.07136,-14.7066));
#15760=DIRECTION('',(0.0,0.0,1.0));
#15761=DIRECTION('',(0.589582096451311,-0.807708457021515,0.0));
#15762=DIRECTION('',(0.0,1.0,0.0));
#15763=DIRECTION('',(0.0,-1.0,0.0));
#15764=CARTESIAN_POINT('',(-11.0109,-7.07136,-14.7066));
#15765=DIRECTION('',(0.0,0.0,1.0));
#15766=DIRECTION('',(-1.0,0.0,0.0));
#15767=DIRECTION('',(0.807708457021515,-0.589582096451311,0.0));
#15768=CARTESIAN_POINT('',(-11.0871,-7.83336,-14.7066));
#15769=DIRECTION('',(0.0,0.0,-1.0));
#15770=DIRECTION('',(0.589582096451311,0.807708457021515,0.0));
#15771=DIRECTION('',(-0.512042864870577,-0.858959896930661,0.0));
#15772=DIRECTION('',(-0.0139621803391401,-0.999902524009304,0.0));
#15773=DIRECTION('',(0.858959896930661,-0.512042864870577,0.0));
#15774=DIRECTION('',(0.512042864870577,0.858959896930661,0.0));
#15775=CARTESIAN_POINT('',(-11.0871,-7.83336,-14.7066));
#15776=DIRECTION('',(0.0,0.0,1.0));
#15777=DIRECTION('',(0.858959896930661,-0.512042864870577,0.0));
#15778=DIRECTION('',(-0.807708457021515,0.589582096451311,0.0));
#15779=CARTESIAN_POINT('',(-11.0109,-7.07136,-14.7066));
#15780=DIRECTION('',(-0.0,0.0,-1.0));
#15781=DIRECTION('',(-0.589582096451198,-0.807708457021598,0.0));
#15782=DIRECTION('',(0.0,1.0,0.0));
#15783=DIRECTION('',(0.0,-1.0,0.0));
#15784=DIRECTION('',(0.0,0.0,1.0));
#15785=DIRECTION('',(0.0,0.0,1.0));
#15786=DIRECTION('',(0.0,0.0,1.0));
#15787=DIRECTION('',(0.0,0.0,1.0));
#15788=DIRECTION('',(0.0,0.0,1.0));
#15789=DIRECTION('',(0.0,0.0,1.0));
#15790=DIRECTION('',(0.0,0.0,1.0));
#15791=DIRECTION('',(0.0,0.0,1.0));
#15792=DIRECTION('',(0.0,0.0,1.0));
#15793=DIRECTION('',(0.0,0.0,1.0));
#15794=DIRECTION('',(0.0,0.0,1.0));
#15795=DIRECTION('',(0.0,0.0,1.0));
#15796=DIRECTION('',(0.0,0.0,1.0));
#15797=DIRECTION('',(0.0,0.0,1.0));
#15798=DIRECTION('',(0.0,0.0,1.0));
#15799=DIRECTION('',(0.0,0.0,1.0));
#15800=DIRECTION('',(0.0,0.0,1.0));
#15801=DIRECTION('',(0.0,0.0,1.0));
#15802=DIRECTION('',(0.0,0.0,1.0));
#15803=DIRECTION('',(0.0,0.0,1.0));
#15804=DIRECTION('',(0.0,0.0,1.0));
#15805=DIRECTION('',(0.0,0.0,1.0));
#15806=DIRECTION('',(0.0,0.0,1.0));
#15807=DIRECTION('',(0.0,0.0,1.0));
#15808=DIRECTION('',(0.0,0.0,1.0));
#15809=DIRECTION('',(0.0,0.0,1.0));
#15810=DIRECTION('',(0.0,0.0,1.0));
#15811=DIRECTION('',(0.0,0.0,1.0));
#15812=DIRECTION('',(0.0,0.0,1.0));
#15813=DIRECTION('',(0.0,0.0,1.0));
#15814=DIRECTION('',(0.0,0.0,1.0));
#15815=DIRECTION('',(0.0,0.0,1.0));
#15816=DIRECTION('',(0.0,0.0,1.0));
#15817=DIRECTION('',(0.0,0.0,1.0));
#15818=DIRECTION('',(0.0,0.0,1.0));
#15819=CARTESIAN_POINT('',(11.7856,-7.29996,-16.9037));
#15820=DIRECTION('',(-1.0,0.0,0.0));
#15821=DIRECTION('',(0.0,-0.80770845702155,0.589582096451264));
#15822=DIRECTION('',(0.0,0.589582096451311,0.807708457021515));
#15823=CARTESIAN_POINT('',(11.7856,-8.06196,-16.8275));
#15824=DIRECTION('',(1.0,0.0,0.0));
#15825=DIRECTION('',(0.0,-0.559192903470734,-0.82903757255505));
#15826=DIRECTION('',(0.0,0.82903757255505,-0.559192903470734));
#15827=DIRECTION('',(0.0,-0.559192903470688,-0.829037572555082));
#15828=DIRECTION('',(0.0,-0.997564050259822,0.0697564737441615));
#15829=DIRECTION('',(0.0,-0.829037572555082,0.559192903470688));
#15830=CARTESIAN_POINT('',(11.7856,-8.06196,-16.8275));
#15831=DIRECTION('',(-1.0,0.0,0.0));
#15832=DIRECTION('',(0.0,0.807708457021515,-0.589582096451311));
#15833=DIRECTION('',(0.0,-0.589582096451311,-0.807708457021515));
#15834=CARTESIAN_POINT('',(11.7856,-7.29996,-16.9037));
#15835=DIRECTION('',(1.0,0.0,-0.0));
#15836=DIRECTION('',(0.0,0.0,1.0));
#15837=DIRECTION('',(0.0,-1.0,0.0));
#15838=DIRECTION('',(0.0,1.0,0.0));
#15839=DIRECTION('',(0.0,1.0,0.0));
#15840=CARTESIAN_POINT('',(11.7856,-7.29996,-13.9319));
#15841=DIRECTION('',(1.0,0.0,0.0));
#15842=DIRECTION('',(0.0,-0.807708457021515,-0.589582096451311));
#15843=DIRECTION('',(0.0,0.589582096451311,-0.807708457021515));
#15844=CARTESIAN_POINT('',(11.7856,-8.06196,-14.0081));
#15845=DIRECTION('',(-1.0,0.0,0.0));
#15846=DIRECTION('',(0.0,-0.559192903470734,0.82903757255505));
#15847=DIRECTION('',(0.0,0.82903757255505,0.559192903470734));
#15848=DIRECTION('',(0.0,0.997564050259822,0.0697564737441615));
#15849=DIRECTION('',(0.0,0.559192903470734,-0.82903757255505));
#15850=DIRECTION('',(0.0,-0.82903757255505,-0.559192903470734));
#15851=CARTESIAN_POINT('',(11.7856,-8.06196,-14.0081));
#15852=DIRECTION('',(1.0,0.0,-0.0));
#15853=DIRECTION('',(0.0,0.807708457021515,0.589582096451311));
#15854=DIRECTION('',(0.0,-0.589582096451311,0.807708457021515));
#15855=CARTESIAN_POINT('',(11.7856,-7.29996,-13.9319));
#15856=DIRECTION('',(-1.0,0.0,0.0));
#15857=DIRECTION('',(0.0,0.0,-1.0));
#15858=DIRECTION('',(0.0,-1.0,0.0));
#15859=DIRECTION('',(0.0,1.0,0.0));
#15860=DIRECTION('',(1.0,0.0,0.0));
#15861=CARTESIAN_POINT('',(13.208,-7.29996,-16.9037));
#15862=DIRECTION('',(-1.0,0.0,0.0));
#15863=DIRECTION('',(0.0,-0.80770845702155,0.589582096451264));
#15864=DIRECTION('',(1.0,0.0,0.0));
#15865=DIRECTION('',(0.0,0.589582096451311,0.807708457021515));
#15866=CARTESIAN_POINT('',(13.208,-8.06196,-16.8275));
#15867=DIRECTION('',(1.0,0.0,0.0));
#15868=DIRECTION('',(0.0,-0.559192903470734,-0.82903757255505));
#15869=DIRECTION('',(1.0,0.0,0.0));
#15870=DIRECTION('',(0.0,0.82903757255505,-0.559192903470734));
#15871=DIRECTION('',(1.0,0.0,0.0));
#15872=DIRECTION('',(0.0,-0.559192903470688,-0.829037572555082));
#15873=DIRECTION('',(1.0,0.0,0.0));
#15874=DIRECTION('',(0.0,-0.997564050259822,0.0697564737441615));
#15875=DIRECTION('',(1.0,0.0,0.0));
#15876=DIRECTION('',(0.0,-0.829037572555082,0.559192903470688));
#15877=DIRECTION('',(1.0,0.0,0.0));
#15878=CARTESIAN_POINT('',(13.208,-8.06196,-16.8275));
#15879=DIRECTION('',(-1.0,0.0,0.0));
#15880=DIRECTION('',(0.0,0.807708457021515,-0.589582096451311));
#15881=DIRECTION('',(0.0,-0.589582096451311,-0.807708457021515));
#15882=DIRECTION('',(1.0,0.0,0.0));
#15883=CARTESIAN_POINT('',(13.208,-7.29996,-16.9037));
#15884=DIRECTION('',(1.0,0.0,-0.0));
#15885=DIRECTION('',(0.0,0.0,1.0));
#15886=DIRECTION('',(1.0,0.0,0.0));
#15887=DIRECTION('',(0.0,-1.0,0.0));
#15888=CARTESIAN_POINT('',(13.208,-7.29996,-13.9319));
#15889=DIRECTION('',(-1.0,0.0,0.0));
#15890=DIRECTION('',(0.0,0.0,-1.0));
#15891=DIRECTION('',(0.0,-0.589582096451311,0.807708457021515));
#15892=CARTESIAN_POINT('',(13.208,-8.06196,-14.0081));
#15893=DIRECTION('',(1.0,0.0,-0.0));
#15894=DIRECTION('',(0.0,0.807708457021515,0.589582096451311));
#15895=DIRECTION('',(0.0,-0.82903757255505,-0.559192903470734));
#15896=DIRECTION('',(0.0,0.559192903470734,-0.82903757255505));
#15897=DIRECTION('',(0.0,0.997564050259822,0.0697564737441615));
#15898=DIRECTION('',(0.0,0.82903757255505,0.559192903470734));
#15899=CARTESIAN_POINT('',(13.208,-8.06196,-14.0081));
#15900=DIRECTION('',(-1.0,0.0,0.0));
#15901=DIRECTION('',(0.0,-0.559192903470734,0.82903757255505));
#15902=DIRECTION('',(0.0,0.589582096451311,-0.807708457021515));
#15903=CARTESIAN_POINT('',(13.208,-7.29996,-13.9319));
#15904=DIRECTION('',(1.0,0.0,0.0));
#15905=DIRECTION('',(0.0,-0.807708457021515,-0.589582096451311));
#15906=DIRECTION('',(0.0,1.0,0.0));
#15907=DIRECTION('',(0.0,-1.0,0.0));
#15908=DIRECTION('',(1.0,0.0,0.0));
#15909=DIRECTION('',(1.0,0.0,0.0));
#15910=DIRECTION('',(1.0,0.0,0.0));
#15911=DIRECTION('',(1.0,0.0,0.0));
#15912=DIRECTION('',(1.0,0.0,0.0));
#15913=DIRECTION('',(1.0,0.0,0.0));
#15914=DIRECTION('',(1.0,0.0,0.0));
#15915=DIRECTION('',(1.0,0.0,0.0));
#15916=DIRECTION('',(1.0,0.0,0.0));
#15917=DIRECTION('',(0.0,1.0,0.0));
#15918=CARTESIAN_POINT('',(-11.7856,-7.29996,-16.9037));
#15919=DIRECTION('',(-1.0,0.0,0.0));
#15920=DIRECTION('',(0.0,-0.807708457021515,0.589582096451311));
#15921=DIRECTION('',(0.0,0.589582096451311,0.807708457021515));
#15922=CARTESIAN_POINT('',(-11.7856,-8.06196,-16.8275));
#15923=DIRECTION('',(1.0,0.0,0.0));
#15924=DIRECTION('',(0.0,-0.559192903470619,-0.829037572555128));
#15925=DIRECTION('',(0.0,0.829037572555082,-0.559192903470688));
#15926=DIRECTION('',(0.0,0.997564050259822,-0.0697564737441615));
#15927=DIRECTION('',(0.0,0.559192903470688,0.829037572555082));
#15928=DIRECTION('',(0.0,-0.82903757255505,0.559192903470734));
#15929=CARTESIAN_POINT('',(-11.7856,-8.06196,-16.8275));
#15930=DIRECTION('',(-1.0,0.0,0.0));
#15931=DIRECTION('',(0.0,0.807708457021515,-0.589582096451311));
#15932=DIRECTION('',(0.0,-0.589582096451311,-0.807708457021515));
#15933=CARTESIAN_POINT('',(-11.7856,-7.29996,-16.9037));
#15934=DIRECTION('',(1.0,0.0,-0.0));
#15935=DIRECTION('',(0.0,0.0,1.0));
#15936=DIRECTION('',(0.0,-1.0,0.0));
#15937=DIRECTION('',(0.0,1.0,0.0));
#15938=CARTESIAN_POINT('',(-11.7856,-7.29996,-13.9319));
#15939=DIRECTION('',(1.0,0.0,0.0));
#15940=DIRECTION('',(0.0,-0.807708457021515,-0.589582096451311));
#15941=DIRECTION('',(0.0,0.589582096451311,-0.807708457021515));
#15942=CARTESIAN_POINT('',(-11.7856,-8.06196,-14.0081));
#15943=DIRECTION('',(-1.0,0.0,0.0));
#15944=DIRECTION('',(0.0,-0.559192903470803,0.829037572555004));
#15945=DIRECTION('',(0.0,0.82903757255505,0.559192903470734));
#15946=DIRECTION('',(0.0,-0.559192903470734,0.82903757255505));
#15947=DIRECTION('',(0.0,-0.997564050259822,-0.0697564737441615));
#15948=DIRECTION('',(0.0,-0.82903757255505,-0.559192903470734));
#15949=CARTESIAN_POINT('',(-11.7856,-8.06196,-14.0081));
#15950=DIRECTION('',(1.0,0.0,-0.0));
#15951=DIRECTION('',(0.0,0.807708457021515,0.589582096451311));
#15952=DIRECTION('',(0.0,-0.589582096451311,0.807708457021515));
#15953=CARTESIAN_POINT('',(-11.7856,-7.29996,-13.9319));
#15954=DIRECTION('',(-1.0,0.0,0.0));
#15955=DIRECTION('',(0.0,0.0,-1.0));
#15956=DIRECTION('',(0.0,-1.0,0.0));
#15957=DIRECTION('',(-1.0,0.0,0.0));
#15958=DIRECTION('',(0.0,-1.0,0.0));
#15959=CARTESIAN_POINT('',(-13.208,-7.29996,-16.9037));
#15960=DIRECTION('',(1.0,0.0,-0.0));
#15961=DIRECTION('',(0.0,0.0,1.0));
#15962=DIRECTION('',(0.0,-0.589582096451311,-0.807708457021515));
#15963=CARTESIAN_POINT('',(-13.208,-8.06196,-16.8275));
#15964=DIRECTION('',(-1.0,0.0,0.0));
#15965=DIRECTION('',(0.0,0.807708457021515,-0.589582096451311));
#15966=DIRECTION('',(0.0,-0.82903757255505,0.559192903470734));
#15967=DIRECTION('',(0.0,0.559192903470688,0.829037572555082));
#15968=DIRECTION('',(0.0,0.997564050259822,-0.0697564737441615));
#15969=DIRECTION('',(0.0,0.829037572555082,-0.559192903470688));
#15970=CARTESIAN_POINT('',(-13.208,-8.06196,-16.8275));
#15971=DIRECTION('',(1.0,0.0,0.0));
#15972=DIRECTION('',(0.0,-0.559192903470619,-0.829037572555128));
#15973=DIRECTION('',(0.0,0.589582096451311,0.807708457021515));
#15974=CARTESIAN_POINT('',(-13.208,-7.29996,-16.9037));
#15975=DIRECTION('',(-1.0,0.0,0.0));
#15976=DIRECTION('',(0.0,-0.807708457021515,0.589582096451311));
#15977=DIRECTION('',(0.0,1.0,0.0));
#15978=DIRECTION('',(0.0,-1.0,0.0));
#15979=CARTESIAN_POINT('',(-13.208,-7.29996,-13.9319));
#15980=DIRECTION('',(-1.0,0.0,0.0));
#15981=DIRECTION('',(0.0,0.0,-1.0));
#15982=DIRECTION('',(0.0,-0.589582096451311,0.807708457021515));
#15983=CARTESIAN_POINT('',(-13.208,-8.06196,-14.0081));
#15984=DIRECTION('',(1.0,0.0,-0.0));
#15985=DIRECTION('',(0.0,0.807708457021515,0.589582096451311));
#15986=DIRECTION('',(0.0,-0.82903757255505,-0.559192903470734));
#15987=DIRECTION('',(0.0,-0.997564050259822,-0.0697564737441615));
#15988=DIRECTION('',(0.0,-0.559192903470734,0.82903757255505));
#15989=DIRECTION('',(0.0,0.82903757255505,0.559192903470734));
#15990=CARTESIAN_POINT('',(-13.208,-8.06196,-14.0081));
#15991=DIRECTION('',(-1.0,0.0,0.0));
#15992=DIRECTION('',(0.0,-0.559192903470803,0.829037572555004));
#15993=DIRECTION('',(0.0,0.589582096451311,-0.807708457021515));
#15994=CARTESIAN_POINT('',(-13.208,-7.29996,-13.9319));
#15995=DIRECTION('',(1.0,0.0,0.0));
#15996=DIRECTION('',(0.0,-0.807708457021515,-0.589582096451311));
#15997=DIRECTION('',(0.0,1.0,0.0));
#15998=DIRECTION('',(-1.0,0.0,0.0));
#15999=DIRECTION('',(-1.0,0.0,0.0));
#16000=DIRECTION('',(-1.0,0.0,0.0));
#16001=DIRECTION('',(-1.0,0.0,0.0));
#16002=DIRECTION('',(-1.0,0.0,0.0));
#16003=DIRECTION('',(-1.0,0.0,0.0));
#16004=DIRECTION('',(-1.0,0.0,0.0));
#16005=DIRECTION('',(-1.0,0.0,0.0));
#16006=DIRECTION('',(-1.0,0.0,0.0));
#16007=DIRECTION('',(-1.0,0.0,0.0));
#16008=DIRECTION('',(-1.0,0.0,0.0));
#16009=DIRECTION('',(-1.0,0.0,0.0));
#16010=DIRECTION('',(-1.0,0.0,0.0));
#16011=DIRECTION('',(-1.0,0.0,0.0));
#16012=DIRECTION('',(-1.0,0.0,0.0));
#16013=DIRECTION('',(-1.0,0.0,0.0));
#16014=DIRECTION('',(-1.0,0.0,0.0));
#16015=DIRECTION('',(0.173648177666902,-0.984807753012213,0.0));
#16016=CARTESIAN_POINT('',(-5.618326775533,-2.06756,-6.30936));
#16017=DIRECTION('',(0.0,0.0,1.0));
#16018=DIRECTION('',(-0.984807753012213,-0.173648177666902,0.0));
#16019=DIRECTION('',(1.0,0.0,0.0));
#16020=CARTESIAN_POINT('',(5.618326775533,-2.06756,-6.30936));
#16021=DIRECTION('',(0.0,0.0,1.0));
#16022=DIRECTION('',(0.0,-1.0,0.0));
#16023=DIRECTION('',(0.173648177666902,0.984807753012213,0.0));
#16024=CARTESIAN_POINT('',(6.34746,2.06756,-6.30936));
#16025=DIRECTION('',(0.0,0.0,1.0));
#16026=DIRECTION('',(0.984807753012213,-0.173648177666902,0.0));
#16027=DIRECTION('',(-1.0,0.0,0.0));
#16028=CARTESIAN_POINT('',(-6.34746,2.06756,-6.30936));
#16029=DIRECTION('',(0.0,-0.0,1.0));
#16030=DIRECTION('',(0.0,1.0,0.0));
#16031=CARTESIAN_POINT('',(-5.4864,1.4224,-6.30936));
#16032=DIRECTION('',(0.0,0.0,1.0));
#16033=DIRECTION('',(-1.0,0.0,0.0));
#16034=CARTESIAN_POINT('',(-5.4864,1.4224,-6.30936));
#16035=DIRECTION('',(0.0,0.0,1.0));
#16036=DIRECTION('',(1.0,0.0,0.0));
#16037=CARTESIAN_POINT('',(-2.7432,1.4224,-6.30936));
#16038=DIRECTION('',(0.0,0.0,1.0));
#16039=DIRECTION('',(-1.0,0.0,0.0));
#16040=CARTESIAN_POINT('',(-2.7432,1.4224,-6.30936));
#16041=DIRECTION('',(0.0,0.0,1.0));
#16042=DIRECTION('',(1.0,0.0,0.0));
#16043=CARTESIAN_POINT('',(0.0,1.4224,-6.30936));
#16044=DIRECTION('',(0.0,0.0,1.0));
#16045=DIRECTION('',(-1.0,0.0,0.0));
#16046=CARTESIAN_POINT('',(0.0,1.4224,-6.30936));
#16047=DIRECTION('',(0.0,0.0,1.0));
#16048=DIRECTION('',(1.0,0.0,0.0));
#16049=CARTESIAN_POINT('',(2.7432,1.4224,-6.30936));
#16050=DIRECTION('',(0.0,0.0,1.0));
#16051=DIRECTION('',(-1.0,0.0,0.0));
#16052=CARTESIAN_POINT('',(2.7432,1.4224,-6.30936));
#16053=DIRECTION('',(0.0,0.0,1.0));
#16054=DIRECTION('',(1.0,0.0,0.0));
#16055=CARTESIAN_POINT('',(5.4864,1.4224,-6.30936));
#16056=DIRECTION('',(0.0,0.0,1.0));
#16057=DIRECTION('',(-1.0,0.0,0.0));
#16058=CARTESIAN_POINT('',(5.4864,1.4224,-6.30936));
#16059=DIRECTION('',(0.0,0.0,1.0));
#16060=DIRECTION('',(1.0,0.0,0.0));
#16061=CARTESIAN_POINT('',(-4.1148,-1.4224,-6.30936));
#16062=DIRECTION('',(0.0,0.0,1.0));
#16063=DIRECTION('',(-1.0,0.0,0.0));
#16064=CARTESIAN_POINT('',(-4.1148,-1.4224,-6.30936));
#16065=DIRECTION('',(0.0,0.0,1.0));
#16066=DIRECTION('',(1.0,0.0,0.0));
#16067=CARTESIAN_POINT('',(-1.3716,-1.4224,-6.30936));
#16068=DIRECTION('',(0.0,0.0,1.0));
#16069=DIRECTION('',(-1.0,0.0,0.0));
#16070=CARTESIAN_POINT('',(-1.3716,-1.4224,-6.30936));
#16071=DIRECTION('',(0.0,0.0,1.0));
#16072=DIRECTION('',(1.0,0.0,0.0));
#16073=CARTESIAN_POINT('',(1.3716,-1.4224,-6.30936));
#16074=DIRECTION('',(0.0,0.0,1.0));
#16075=DIRECTION('',(-1.0,0.0,0.0));
#16076=CARTESIAN_POINT('',(1.3716,-1.4224,-6.30936));
#16077=DIRECTION('',(0.0,0.0,1.0));
#16078=DIRECTION('',(1.0,0.0,0.0));
#16079=CARTESIAN_POINT('',(4.1148,-1.4224,-6.30936));
#16080=DIRECTION('',(0.0,0.0,1.0));
#16081=DIRECTION('',(-1.0,0.0,0.0));
#16082=CARTESIAN_POINT('',(4.1148,-1.4224,-6.30936));
#16083=DIRECTION('',(0.0,0.0,1.0));
#16084=DIRECTION('',(1.0,0.0,0.0));
#16085=DIRECTION('',(1.0,0.0,0.0));
#16086=DIRECTION('',(0.0,-1.0,0.0));
#16087=DIRECTION('',(0.64287114276419,0.765974342782488,0.0));
#16088=DIRECTION('',(0.0,-1.0,0.0));
#16089=DIRECTION('',(-0.642871293713882,-0.765974216092578,0.0));
#16090=DIRECTION('',(-1.0,0.0,0.0));
#16091=DIRECTION('',(0.0,1.0,0.0));
#16092=DIRECTION('',(-0.826599294404815,-0.56279090832161,0.0));
#16093=DIRECTION('',(-0.979770711149312,-0.200123345899402,0.0));
#16094=DIRECTION('',(-1.0,0.0,0.0));
#16095=DIRECTION('',(-0.979770716762512,0.200123318418102,0.0));
#16096=DIRECTION('',(-0.852653333819712,0.522477073493307,0.0));
#16097=DIRECTION('',(-0.69962483518693,0.714510384801831,0.0));
#16098=DIRECTION('',(-0.364692086679405,0.931128176951713,0.0));
#16099=DIRECTION('',(0.0,1.0,0.0));
#16100=DIRECTION('',(0.364692042390711,0.931128194298128,0.0));
#16101=DIRECTION('',(0.591909515086178,0.80600442055267,0.0));
#16102=DIRECTION('',(0.852653313442954,0.522477106747033,0.0));
#16103=DIRECTION('',(0.97977071332735,0.20012333523609,0.0));
#16104=DIRECTION('',(1.0,0.0,0.0));
#16105=DIRECTION('',(0.979770707714145,-0.200123362717409,0.0));
#16106=DIRECTION('',(0.852653413332413,-0.522476943733008,0.0));
#16107=DIRECTION('',(0.591909515086178,-0.80600442055267,0.0));
#16108=DIRECTION('',(0.364691886909015,-0.931128255195138,0.0));
#16109=DIRECTION('',(0.138532203307601,-0.990357929562207,0.0));
#16110=DIRECTION('',(0.0,-1.0,0.0));
#16111=DIRECTION('',(-0.138532230496094,-0.990357925759055,0.0));
#16112=DIRECTION('',(-0.364691754042918,-0.931128307234347,0.0));
#16113=DIRECTION('',(-0.591909548749597,-0.806004395831095,0.0));
#16114=DIRECTION('',(-0.852653433709137,-0.522476910479323,0.0));
#16115=DIRECTION('',(-0.979770711149312,-0.200123345899402,0.0));
#16116=DIRECTION('',(-1.0,0.0,0.0));
#16117=DIRECTION('',(-0.979770705536111,0.200123373380702,0.0));
#16118=DIRECTION('',(-0.85265346700557,0.522476856141382,0.0));
#16119=DIRECTION('',(-0.591909548749597,0.806004395831095,0.0));
#16120=DIRECTION('',(-0.310279797550593,0.950645279392878,0.0));
#16121=DIRECTION('',(1.0,0.0,0.0));
#16122=DIRECTION('',(0.546622729395773,-0.837379001234158,0.0));
#16123=DIRECTION('',(0.826599278799634,-0.562790931241723,0.0));
#16124=DIRECTION('',(0.946649917770008,-0.322263763377203,0.0));
#16125=DIRECTION('',(1.0,0.0,0.0));
#16126=DIRECTION('',(0.946649917770008,0.322263763377203,0.0));
#16127=DIRECTION('',(0.826599278799634,0.562790931241723,0.0));
#16128=DIRECTION('',(0.546622592319287,0.837379090714679,0.0));
#16129=DIRECTION('',(0.310279736267584,0.950645299394952,0.0));
#16130=DIRECTION('',(0.161063815210498,0.98694399406949,0.0));
#16131=DIRECTION('',(0.0,1.0,0.0));
#16132=DIRECTION('',(0.0,1.0,0.0));
#16133=CARTESIAN_POINT('',(-14.2494,-3.7338,-6.30936));
#16134=DIRECTION('',(0.0,0.0,-1.0));
#16135=DIRECTION('',(0.0,-1.0,0.0));
#16136=CARTESIAN_POINT('',(14.2494,-3.7338,-6.30936));
#16137=DIRECTION('',(0.0,0.0,-1.0));
#16138=DIRECTION('',(1.0,0.0,0.0));
#16139=DIRECTION('',(0.0,-1.0,0.0));
#16140=DIRECTION('',(0.699625005501612,-0.714510218035312,0.0));
#16141=DIRECTION('',(0.826599278799634,-0.562790931241723,0.0));
#16142=DIRECTION('',(0.946649870890543,-0.322263901085615,0.0));
#16143=DIRECTION('',(1.0,0.0,0.0));
#16144=DIRECTION('',(0.946649917770008,0.322263763377203,0.0));
#16145=DIRECTION('',(0.826599278799634,0.562790931241723,0.0));
#16146=DIRECTION('',(0.699624877765605,0.714510343110205,0.0));
#16147=DIRECTION('',(0.310279867190892,0.950645256663074,0.0));
#16148=DIRECTION('',(0.0,1.0,0.0));
#16149=DIRECTION('',(-0.310279998114283,0.950645213931149,0.0));
#16150=DIRECTION('',(-0.546622502838782,0.837379149125572,0.0));
#16151=DIRECTION('',(-0.826599278799634,0.562790931241723,0.0));
#16152=DIRECTION('',(-0.946649917770008,0.322263763377203,0.0));
#16153=DIRECTION('',(-1.0,0.0,0.0));
#16154=DIRECTION('',(-0.946649870890543,-0.322263901085615,0.0));
#16155=DIRECTION('',(-0.826599278799634,-0.562790931241723,0.0));
#16156=DIRECTION('',(-0.546622639915277,-0.837379059645065,0.0));
#16157=DIRECTION('',(-0.310279797550593,-0.950645279392878,0.0));
#16158=DIRECTION('',(0.0,-1.0,0.0));
#16159=DIRECTION('',(0.310279666627312,-0.950645322124737,0.0));
#16160=CARTESIAN_POINT('',(-6.34746,2.06756,3.109137658441E-08));
#16161=DIRECTION('',(0.0,-0.0,1.0));
#16162=DIRECTION('',(0.0,1.0,0.0));
#16163=DIRECTION('',(6.057191675672E-10,1.068227349718E-10,-1.0));
#16164=CARTESIAN_POINT('',(-6.34746,3.27406,-0.9682165182404));
#16165=DIRECTION('',(-1.0,0.0,0.0));
#16166=DIRECTION('',(0.0,0.687619059259628,0.72607164201813));
#16167=CARTESIAN_POINT('',(-6.34746,2.06756,-0.9682165182404));
#16168=DIRECTION('',(0.0,-0.0,1.0));
#16169=DIRECTION('',(0.0,1.0,0.0));
#16170=CARTESIAN_POINT('',(-7.535630554009,1.858053473645,-0.9682165493318));
#16171=DIRECTION('',(0.173648177666905,-0.984807753012213,-2.54420324869263E-15));
#16172=DIRECTION('',(-0.677172569214119,-0.119403794548103,0.726071653042221));
#16173=DIRECTION('',(0.173648177666902,-0.984807753012213,-1.51959944614502E-10));
#16174=CARTESIAN_POINT('',(-6.806497329542,-2.277066526355,-0.9682165197645));
#16175=DIRECTION('',(0.173648177666917,-0.98480775301221,-1.58583466298878E-14));
#16176=DIRECTION('',(-0.677172580115911,-0.119403796470402,0.726071642558512));
#16177=DIRECTION('',(0.173648177711508,-0.984807753004348,-4.78385396746123E-11));
#16178=DIRECTION('',(5.760364997838E-10,1.015306395169E-10,-1.0));
#16179=DIRECTION('',(-4.011989321551E-14,5.849156656244E-10,-1.0));
#16180=CARTESIAN_POINT('',(-5.618326775533,-2.06756,2.956726863346E-08));
#16181=DIRECTION('',(0.0,0.0,1.0));
#16182=DIRECTION('',(-0.984807753012213,-0.173648177666902,0.0));
#16183=CARTESIAN_POINT('',(-5.618326775533,-2.06756,-0.9682165197645));
#16184=DIRECTION('',(0.0,0.0,1.0));
#16185=DIRECTION('',(-0.984807753012213,-0.173648177666902,0.0));
#16186=CARTESIAN_POINT('',(-5.618326775533,-3.27406,-0.9682165493318));
#16187=DIRECTION('',(1.0,0.0,0.0));
#16188=DIRECTION('',(0.0,-0.687619047619037,0.726071653042239));
#16189=DIRECTION('',(1.0,0.0,-2.53383983759E-11));
#16190=CARTESIAN_POINT('',(5.618326775533,-3.27406,-0.9682165197645));
#16191=DIRECTION('',(1.0,0.0,0.0));
#16192=DIRECTION('',(0.0,-0.687619058689019,0.72607164255852));
#16193=DIRECTION('',(1.0,0.0,0.0));
#16194=DIRECTION('',(3.969757855008E-14,5.84915806396E-10,-1.0));
#16195=DIRECTION('',(-5.760364997838E-10,1.015300764307E-10,-1.0));
#16196=CARTESIAN_POINT('',(5.618326775533,-2.06756,2.956726863346E-08));
#16197=DIRECTION('',(0.0,0.0,1.0));
#16198=DIRECTION('',(0.0,-1.0,0.0));
#16199=CARTESIAN_POINT('',(5.618326775533,-2.06756,-0.9682165197645));
#16200=DIRECTION('',(0.0,0.0,1.0));
#16201=DIRECTION('',(0.0,-1.0,0.0));
#16202=CARTESIAN_POINT('',(6.806497329542,-2.277066526355,-0.9682165493318));
#16203=DIRECTION('',(0.173648177666905,0.984807753012213,2.54420324869263E-15));
#16204=DIRECTION('',(0.677172569214119,-0.119403794548103,0.726071653042221));
#16205=DIRECTION('',(0.173648177666902,0.984807753012213,9.73328512397713E-12));
#16206=CARTESIAN_POINT('',(7.535630554009,1.858053473645,-0.9682165182407));
#16207=DIRECTION('',(0.173648177666943,0.984807753012206,4.40474942810466E-14));
#16208=DIRECTION('',(0.677172580677681,-0.119403796569497,0.726071642018279));
#16209=DIRECTION('',(0.173648177711508,0.984807753004348,4.78285847367823E-11));
#16210=DIRECTION('',(-6.057132551618E-10,1.068211512918E-10,-1.0));
#16211=CARTESIAN_POINT('',(6.34746,2.06756,3.109106216925E-08));
#16212=DIRECTION('',(0.0,0.0,1.0));
#16213=DIRECTION('',(0.984807753012213,-0.173648177666902,0.0));
#16214=CARTESIAN_POINT('',(6.34746,2.06756,-0.9682165182407));
#16215=DIRECTION('',(0.0,0.0,1.0));
#16216=DIRECTION('',(0.984807753012213,-0.173648177666902,0.0));
#16217=CARTESIAN_POINT('',(6.34746,3.27406,-0.9682165493318));
#16218=DIRECTION('',(-1.0,0.0,0.0));
#16219=DIRECTION('',(0.0,0.687619047619037,0.726071653042239));
#16220=DIRECTION('',(-1.0,0.0,-2.460245239282E-11));
#16221=DIRECTION('',(-1.0,0.0,0.0));
#16222=DIRECTION('',(-1.0,0.0,0.0));
#16223=CARTESIAN_POINT('',(-6.34746,2.06756,-5.3848));
#16224=DIRECTION('',(0.0,-0.0,1.0));
#16225=DIRECTION('',(0.0,1.0,0.0));
#16226=DIRECTION('',(-3.913421360929E-13,2.221158218472E-12,1.0));
#16227=DIRECTION('',(0.173648177666902,-0.984807753012213,0.0));
#16228=DIRECTION('',(2.115580304364E-13,-1.200873363832E-12,1.0));
#16229=CARTESIAN_POINT('',(-5.618326775533,-2.06756,-5.3848));
#16230=DIRECTION('',(0.0,0.0,1.0));
#16231=DIRECTION('',(-0.984807753012213,-0.173648177666902,0.0));
#16232=DIRECTION('',(-1.551090388451E-12,0.0,1.0));
#16233=DIRECTION('',(1.0,0.0,0.0));
#16234=DIRECTION('',(1.21947518685E-12,0.0,1.0));
#16235=CARTESIAN_POINT('',(5.618326775533,-2.06756,-5.3848));
#16236=DIRECTION('',(0.0,0.0,1.0));
#16237=DIRECTION('',(0.0,-1.0,0.0));
#16238=DIRECTION('',(-2.694750577628E-13,-1.527963797673E-12,1.0));
#16239=DIRECTION('',(0.173648177666902,0.984807753012213,0.0));
#16240=DIRECTION('',(2.968247651151E-13,1.684571037383E-12,1.0));
#16241=CARTESIAN_POINT('',(6.34746,2.06756,-5.3848));
#16242=DIRECTION('',(0.0,0.0,1.0));
#16243=DIRECTION('',(0.984807753012213,-0.173648177666902,0.0));
#16244=CARTESIAN_POINT('',(6.34746,5.11556,-5.3848));
#16245=DIRECTION('',(-1.0,0.0,0.0));
#16246=DIRECTION('',(0.0,0.0,-1.0));
#16247=CARTESIAN_POINT('',(9.349154031181,1.538280354471,-5.3848));
#16248=DIRECTION('',(0.173648177666902,0.984807753012213,0.0));
#16249=DIRECTION('',(0.0,0.0,-1.0));
#16250=CARTESIAN_POINT('',(6.34746,2.06756,-5.8928));
#16251=DIRECTION('',(0.0,0.0,1.0));
#16252=DIRECTION('',(0.984807753012213,-0.173648177666902,0.0));
#16253=DIRECTION('',(0.0,1.0,0.0));
#16254=DIRECTION('',(0.0,-1.0,0.0));
#16255=CARTESIAN_POINT('',(14.2494,-3.7338,-5.8928));
#16256=DIRECTION('',(0.0,0.0,1.0));
#16257=DIRECTION('',(0.0,-1.0,0.0));
#16258=CARTESIAN_POINT('',(13.9446,4.699,-5.8928));
#16259=DIRECTION('',(0.0,0.0,1.0));
#16260=DIRECTION('',(1.0,0.0,0.0));
#16261=DIRECTION('',(1.0,0.0,0.0));
#16262=CARTESIAN_POINT('',(-13.9446,4.699,-5.8928));
#16263=DIRECTION('',(0.0,-0.0,1.0));
#16264=DIRECTION('',(0.0,1.0,0.0));
#16265=CARTESIAN_POINT('',(-14.2494,-3.7338,-5.8928));
#16266=DIRECTION('',(0.0,0.0,1.0));
#16267=DIRECTION('',(-1.0,0.0,0.0));
#16268=DIRECTION('',(0.0,1.0,0.0));
#16269=DIRECTION('',(-1.0,3.875966485129E-14,0.0));
#16270=DIRECTION('',(0.173648177666999,0.984807753012196,0.0));
#16271=CARTESIAN_POINT('',(5.618326775533,-2.06756,-5.8928));
#16272=DIRECTION('',(0.0,0.0,1.0));
#16273=DIRECTION('',(0.0,-1.0,0.0));
#16274=DIRECTION('',(1.0,-3.169622919148E-14,0.0));
#16275=CARTESIAN_POINT('',(-5.618326775533,-2.06756,-5.8928));
#16276=DIRECTION('',(0.0,0.0,1.0));
#16277=DIRECTION('',(-0.984807753012213,-0.173648177666902,0.0));
#16278=DIRECTION('',(0.173648177666805,-0.98480775301223,0.0));
#16279=CARTESIAN_POINT('',(-6.34746,2.06756,-5.8928));
#16280=DIRECTION('',(0.0,-0.0,1.0));
#16281=DIRECTION('',(0.0,1.0,0.0));
#16282=CARTESIAN_POINT('',(12.4968,0.0,-5.8928));
#16283=DIRECTION('',(0.0,0.0,1.0));
#16284=DIRECTION('',(-1.0,0.0,0.0));
#16285=CARTESIAN_POINT('',(12.4968,0.0,-5.8928));
#16286=DIRECTION('',(0.0,0.0,1.0));
#16287=DIRECTION('',(1.0,0.0,0.0));
#16288=CARTESIAN_POINT('',(-12.4968,0.0,-5.8928));
#16289=DIRECTION('',(0.0,0.0,1.0));
#16290=DIRECTION('',(-1.0,0.0,0.0));
#16291=CARTESIAN_POINT('',(-12.4968,0.0,-5.8928));
#16292=DIRECTION('',(0.0,0.0,1.0));
#16293=DIRECTION('',(1.0,0.0,0.0));
#16294=DIRECTION('',(0.0,0.0,-1.0));
#16295=DIRECTION('',(0.0,0.0,-1.0));
#16296=CARTESIAN_POINT('',(-13.9446,4.699,-7.57936));
#16297=DIRECTION('',(0.0,0.0,-1.0));
#16298=DIRECTION('',(-0.0887096774193564,0.99605752501156,0.0));
#16299=DIRECTION('',(0.0,0.0,-1.0));
#16300=CARTESIAN_POINT('',(-13.9446,4.699,-8.54456));
#16301=DIRECTION('',(0.0,0.0,-1.0));
#16302=DIRECTION('',(-1.0,0.0,0.0));
#16303=DIRECTION('',(0.0,-1.0,0.0));
#16304=DIRECTION('',(0.0,-1.0,0.0));
#16305=DIRECTION('',(1.0,0.0,0.0));
#16306=DIRECTION('',(0.0,-1.0,0.0));
#16307=DIRECTION('',(1.0,0.0,0.0));
#16308=DIRECTION('',(0.0,-1.0,0.0));
#16309=DIRECTION('',(-1.0,0.0,0.0));
#16310=DIRECTION('',(0.0,-1.0,0.0));
#16311=DIRECTION('',(0.0,0.0,-1.0));
#16312=DIRECTION('',(0.0,-1.0,0.0));
#16313=DIRECTION('',(0.0,0.0,-1.0));
#16314=DIRECTION('',(0.0,0.0,1.0));
#16315=DIRECTION('',(1.0,0.0,0.0));
#16316=DIRECTION('',(0.0,0.0,-1.0));
#16317=DIRECTION('',(1.0,0.0,0.0));
#16318=DIRECTION('',(0.0,0.0,-1.0));
#16319=DIRECTION('',(0.0,0.0,1.0));
#16320=DIRECTION('',(1.0,0.0,0.0));
#16321=DIRECTION('',(0.0,0.0,-1.0));
#16322=DIRECTION('',(1.0,0.0,0.0));
#16323=DIRECTION('',(0.0,0.0,-1.0));
#16324=DIRECTION('',(1.0,0.0,0.0));
#16325=CARTESIAN_POINT('',(13.9446,4.699,-7.57936));
#16326=DIRECTION('',(0.0,-0.0,1.0));
#16327=DIRECTION('',(0.0887096774193564,0.99605752501156,0.0));
#16328=DIRECTION('',(0.0,-1.0,0.0));
#16329=DIRECTION('',(0.0,-1.0,0.0));
#16330=DIRECTION('',(0.0,-1.0,0.0));
#16331=DIRECTION('',(-1.0,0.0,0.0));
#16332=DIRECTION('',(0.0,-1.0,0.0));
#16333=DIRECTION('',(0.0,0.0,-1.0));
#16334=DIRECTION('',(0.0,-1.0,0.0));
#16335=DIRECTION('',(-1.0,0.0,0.0));
#16336=DIRECTION('',(0.0,1.0,0.0));
#16337=DIRECTION('',(-1.0,0.0,0.0));
#16338=DIRECTION('',(0.0,1.0,0.0));
#16339=DIRECTION('',(0.0,0.0,-1.0));
#16340=DIRECTION('',(0.0,0.0,-1.0));
#16341=DIRECTION('',(0.0,-1.0,0.0));
#16342=DIRECTION('',(0.0,-1.0,0.0));
#16343=DIRECTION('',(0.0,0.0,1.0));
#16344=DIRECTION('',(0.0,-1.0,0.0));
#16345=CARTESIAN_POINT('',(13.9446,4.699,-8.54456));
#16346=DIRECTION('',(0.0,0.0,1.0));
#16347=DIRECTION('',(1.0,0.0,0.0));
#16348=DIRECTION('',(0.0,0.0,-1.0));
#16349=DIRECTION('',(0.0,1.0,0.0));
#16350=DIRECTION('',(0.0,1.0,0.0));
#16351=CARTESIAN_POINT('',(-9.349154031181,1.538280354471,-5.3848));
#16352=DIRECTION('',(0.173648177666902,-0.984807753012213,0.0));
#16353=DIRECTION('',(0.0,0.0,-1.0));
#16354=CARTESIAN_POINT('',(-6.34746,5.11556,-5.3848));
#16355=DIRECTION('',(-1.0,0.0,0.0));
#16356=DIRECTION('',(0.0,0.0,-1.0));
#16357=CARTESIAN_POINT('',(-8.620020806714,-2.596839645529,-5.3848));
#16358=DIRECTION('',(0.173648177666902,-0.984807753012213,0.0));
#16359=DIRECTION('',(0.0,0.0,-1.0));
#16360=CARTESIAN_POINT('',(-5.618326775533,-5.11556,-5.3848));
#16361=DIRECTION('',(1.0,0.0,0.0));
#16362=DIRECTION('',(0.0,0.0,-1.0));
#16363=CARTESIAN_POINT('',(5.618326775533,-5.11556,-5.3848));
#16364=DIRECTION('',(1.0,0.0,0.0));
#16365=DIRECTION('',(0.0,0.0,-1.0));
#16366=CARTESIAN_POINT('',(8.620020806714,-2.596839645529,-5.3848));
#16367=DIRECTION('',(0.173648177666902,0.984807753012213,0.0));
#16368=DIRECTION('',(0.0,0.0,-1.0));
#16369=DIRECTION('',(0.0,0.0,-1.0));
#16370=CARTESIAN_POINT('',(12.4968,0.0,-6.30936));
#16371=DIRECTION('',(0.0,0.0,1.0));
#16372=DIRECTION('',(1.0,0.0,0.0));
#16373=DIRECTION('',(0.0,0.0,-1.0));
#16374=CARTESIAN_POINT('',(12.4968,0.0,-6.30936));
#16375=DIRECTION('',(0.0,0.0,1.0));
#16376=DIRECTION('',(-1.0,0.0,0.0));
#16377=CARTESIAN_POINT('',(12.4968,0.0,-6.30936));
#16378=DIRECTION('',(0.0,0.0,1.0));
#16379=DIRECTION('',(-1.0,0.0,0.0));
#16380=CARTESIAN_POINT('',(12.4968,0.0,-6.30936));
#16381=DIRECTION('',(0.0,0.0,1.0));
#16382=DIRECTION('',(1.0,0.0,0.0));
#16383=CARTESIAN_POINT('',(-12.4968,0.0,-6.30936));
#16384=DIRECTION('',(0.0,0.0,1.0));
#16385=DIRECTION('',(-1.0,0.0,0.0));
#16386=CARTESIAN_POINT('',(-12.4968,0.0,-6.30936));
#16387=DIRECTION('',(0.0,0.0,1.0));
#16388=DIRECTION('',(1.0,0.0,0.0));
#16389=CARTESIAN_POINT('',(-12.4968,0.0,-6.30936));
#16390=DIRECTION('',(0.0,0.0,1.0));
#16391=DIRECTION('',(-1.0,0.0,0.0));
#16392=CARTESIAN_POINT('',(-12.4968,0.0,-6.30936));
#16393=DIRECTION('',(0.0,0.0,1.0));
#16394=DIRECTION('',(1.0,0.0,0.0));
#16395=DIRECTION('',(0.0,0.0,-1.0));
#16396=DIRECTION('',(0.0,0.0,-1.0));
#16397=DIRECTION('',(0.0,0.0,-1.0));
#16398=CARTESIAN_POINT('',(12.4968,0.0,-7.309358));
#16399=DIRECTION('',(0.0,0.0,1.0));
#16400=DIRECTION('',(1.0,0.0,0.0));
#16401=DIRECTION('',(0.0,0.0,-1.0));
#16402=CARTESIAN_POINT('',(12.4968,0.0,-7.309358));
#16403=DIRECTION('',(0.0,0.0,1.0));
#16404=DIRECTION('',(-1.0,0.0,0.0));
#16405=CARTESIAN_POINT('',(12.4968,0.0,-7.309358));
#16406=DIRECTION('',(0.0,0.0,1.0));
#16407=DIRECTION('',(1.0,0.0,0.0));
#16408=CARTESIAN_POINT('',(12.4968,0.0,-7.309358));
#16409=DIRECTION('',(0.0,0.0,1.0));
#16410=DIRECTION('',(-1.0,0.0,0.0));
#16411=CARTESIAN_POINT('',(-12.4968,0.0,-7.309358));
#16412=DIRECTION('',(0.0,0.0,1.0));
#16413=DIRECTION('',(-1.0,0.0,0.0));
#16414=CARTESIAN_POINT('',(-12.4968,0.0,-7.309358));
#16415=DIRECTION('',(0.0,0.0,1.0));
#16416=DIRECTION('',(1.0,0.0,0.0));
#16417=CARTESIAN_POINT('',(-12.4968,0.0,-7.309358));
#16418=DIRECTION('',(0.0,0.0,1.0));
#16419=DIRECTION('',(1.0,0.0,0.0));
#16420=CARTESIAN_POINT('',(-12.4968,0.0,-7.309358));
#16421=DIRECTION('',(0.0,0.0,1.0));
#16422=DIRECTION('',(-1.0,0.0,0.0));
#16423=DIRECTION('',(0.0,0.0,-1.0));
#16424=DIRECTION('',(0.0,0.0,-1.0));
#16425=DIRECTION('',(0.0,0.0,1.0));
#16426=CARTESIAN_POINT('',(12.4968,0.0,-6.02996));
#16427=DIRECTION('',(0.0,0.0,1.0));
#16428=DIRECTION('',(-1.0,0.0,0.0));
#16429=DIRECTION('',(0.0,0.0,1.0));
#16430=CARTESIAN_POINT('',(12.4968,0.0,-6.02996));
#16431=DIRECTION('',(0.0,0.0,-1.0));
#16432=DIRECTION('',(-1.0,0.0,0.0));
#16433=CARTESIAN_POINT('',(12.4968,0.0,-5.68706));
#16434=DIRECTION('',(0.0,0.0,-1.0));
#16435=DIRECTION('',(-1.0,0.0,0.0));
#16436=DIRECTION('',(-0.284088329691394,0.0,0.958798112708381));
#16437=DIRECTION('',(0.284088329691394,0.0,0.958798112708381));
#16438=CARTESIAN_POINT('',(12.4968,0.0,-5.68706));
#16439=DIRECTION('',(0.0,0.0,1.0));
#16440=DIRECTION('',(-1.0,0.0,0.0));
#16441=DIRECTION('',(0.0,0.0,1.0));
#16442=CARTESIAN_POINT('',(12.4968,0.0,-5.31876));
#16443=DIRECTION('',(0.0,0.0,1.0));
#16444=DIRECTION('',(-1.0,0.0,0.0));
#16445=DIRECTION('',(0.0,0.0,1.0));
#16446=CARTESIAN_POINT('',(12.4968,0.0,-5.31876));
#16447=DIRECTION('',(0.0,0.0,-1.0));
#16448=DIRECTION('',(-1.0,0.0,0.0));
#16449=CARTESIAN_POINT('',(12.4968,0.0,-5.31876));
#16450=DIRECTION('',(0.0,0.0,-1.0));
#16451=DIRECTION('',(-1.0,0.0,0.0));
#16452=CARTESIAN_POINT('',(12.4968,0.0,-5.31876));
#16453=DIRECTION('',(0.0,0.0,1.0));
#16454=DIRECTION('',(-1.0,0.0,0.0));
#16455=DIRECTION('',(0.0,0.0,1.0));
#16456=CARTESIAN_POINT('',(12.4968,0.0,-0.01016));
#16457=DIRECTION('',(0.0,0.0,1.0));
#16458=DIRECTION('',(-1.0,0.0,0.0));
#16459=DIRECTION('',(0.0,0.0,1.0));
#16460=CARTESIAN_POINT('',(12.4968,0.0,-0.01016));
#16461=DIRECTION('',(0.0,0.0,-1.0));
#16462=DIRECTION('',(-1.0,0.0,0.0));
#16463=CARTESIAN_POINT('',(12.4968,0.0,-0.01016));
#16464=DIRECTION('',(0.0,0.0,-1.0));
#16465=DIRECTION('',(-1.0,0.0,0.0));
#16466=CARTESIAN_POINT('',(12.4968,0.0,-0.01016));
#16467=DIRECTION('',(0.0,0.0,1.0));
#16468=DIRECTION('',(-1.0,0.0,0.0));
#16469=DIRECTION('',(0.0,0.0,-1.0));
#16470=CARTESIAN_POINT('',(12.4968,0.0,-1.010158));
#16471=DIRECTION('',(0.0,0.0,1.0));
#16472=DIRECTION('',(-1.0,0.0,0.0));
#16473=DIRECTION('',(0.0,0.0,-1.0));
#16474=CARTESIAN_POINT('',(12.4968,0.0,-1.010158));
#16475=DIRECTION('',(0.0,0.0,-1.0));
#16476=DIRECTION('',(-1.0,0.0,0.0));
#16477=DIRECTION('',(0.0,0.0,1.0));
#16478=CARTESIAN_POINT('',(-12.4968,0.0,-6.02996));
#16479=DIRECTION('',(0.0,0.0,1.0));
#16480=DIRECTION('',(-1.0,0.0,0.0));
#16481=DIRECTION('',(0.0,0.0,1.0));
#16482=CARTESIAN_POINT('',(-12.4968,0.0,-6.02996));
#16483=DIRECTION('',(0.0,0.0,-1.0));
#16484=DIRECTION('',(-1.0,0.0,0.0));
#16485=CARTESIAN_POINT('',(-12.4968,0.0,-5.68706));
#16486=DIRECTION('',(0.0,0.0,-1.0));
#16487=DIRECTION('',(-1.0,0.0,0.0));
#16488=DIRECTION('',(-0.284088329691394,0.0,0.958798112708381));
#16489=DIRECTION('',(0.284088329691394,0.0,0.958798112708381));
#16490=CARTESIAN_POINT('',(-12.4968,0.0,-5.68706));
#16491=DIRECTION('',(0.0,0.0,1.0));
#16492=DIRECTION('',(-1.0,0.0,0.0));
#16493=DIRECTION('',(0.0,0.0,1.0));
#16494=CARTESIAN_POINT('',(-12.4968,0.0,-5.31876));
#16495=DIRECTION('',(0.0,0.0,1.0));
#16496=DIRECTION('',(-1.0,0.0,0.0));
#16497=DIRECTION('',(0.0,0.0,1.0));
#16498=CARTESIAN_POINT('',(-12.4968,0.0,-5.31876));
#16499=DIRECTION('',(0.0,0.0,-1.0));
#16500=DIRECTION('',(-1.0,0.0,0.0));
#16501=CARTESIAN_POINT('',(-12.4968,0.0,-5.31876));
#16502=DIRECTION('',(0.0,0.0,-1.0));
#16503=DIRECTION('',(-1.0,0.0,0.0));
#16504=CARTESIAN_POINT('',(-12.4968,0.0,-5.31876));
#16505=DIRECTION('',(0.0,0.0,1.0));
#16506=DIRECTION('',(-1.0,0.0,0.0));
#16507=DIRECTION('',(0.0,0.0,1.0));
#16508=CARTESIAN_POINT('',(-12.4968,0.0,-0.01016));
#16509=DIRECTION('',(0.0,0.0,1.0));
#16510=DIRECTION('',(-1.0,0.0,0.0));
#16511=DIRECTION('',(0.0,0.0,1.0));
#16512=CARTESIAN_POINT('',(-12.4968,0.0,-0.01016));
#16513=DIRECTION('',(0.0,0.0,-1.0));
#16514=DIRECTION('',(-1.0,0.0,0.0));
#16515=CARTESIAN_POINT('',(-12.4968,0.0,-0.01016));
#16516=DIRECTION('',(0.0,0.0,-1.0));
#16517=DIRECTION('',(-1.0,0.0,0.0));
#16518=CARTESIAN_POINT('',(-12.4968,0.0,-0.01016));
#16519=DIRECTION('',(0.0,0.0,1.0));
#16520=DIRECTION('',(-1.0,0.0,0.0));
#16521=DIRECTION('',(0.0,0.0,-1.0));
#16522=CARTESIAN_POINT('',(-12.4968,0.0,-1.010158));
#16523=DIRECTION('',(0.0,0.0,1.0));
#16524=DIRECTION('',(-1.0,0.0,0.0));
#16525=DIRECTION('',(0.0,0.0,-1.0));
#16526=CARTESIAN_POINT('',(-12.4968,0.0,-1.010158));
#16527=DIRECTION('',(0.0,0.0,-1.0));
#16528=DIRECTION('',(-1.0,0.0,0.0));
#16529=DIRECTION('',(0.0,0.0,1.0));
#16530=CARTESIAN_POINT('',(-5.4864,1.4224,-1.35636));
#16531=DIRECTION('',(0.0,0.0,1.0));
#16532=DIRECTION('',(1.0,0.0,0.0));
#16533=DIRECTION('',(0.0,0.0,1.0));
#16534=CARTESIAN_POINT('',(-5.4864,1.4224,-1.35636));
#16535=DIRECTION('',(0.0,0.0,1.0));
#16536=DIRECTION('',(-1.0,0.0,0.0));
#16537=DIRECTION('',(0.0,0.0,1.0));
#16538=CARTESIAN_POINT('',(-2.7432,1.4224,-1.35636));
#16539=DIRECTION('',(0.0,0.0,1.0));
#16540=DIRECTION('',(1.0,0.0,0.0));
#16541=DIRECTION('',(0.0,0.0,1.0));
#16542=CARTESIAN_POINT('',(-2.7432,1.4224,-1.35636));
#16543=DIRECTION('',(0.0,0.0,1.0));
#16544=DIRECTION('',(-1.0,0.0,0.0));
#16545=DIRECTION('',(0.0,0.0,1.0));
#16546=CARTESIAN_POINT('',(0.0,1.4224,-1.35636));
#16547=DIRECTION('',(0.0,0.0,1.0));
#16548=DIRECTION('',(1.0,0.0,0.0));
#16549=DIRECTION('',(0.0,0.0,1.0));
#16550=CARTESIAN_POINT('',(0.0,1.4224,-1.35636));
#16551=DIRECTION('',(0.0,0.0,1.0));
#16552=DIRECTION('',(-1.0,0.0,0.0));
#16553=DIRECTION('',(0.0,0.0,1.0));
#16554=CARTESIAN_POINT('',(2.7432,1.4224,-1.35636));
#16555=DIRECTION('',(0.0,0.0,1.0));
#16556=DIRECTION('',(1.0,0.0,0.0));
#16557=DIRECTION('',(0.0,0.0,1.0));
#16558=CARTESIAN_POINT('',(2.7432,1.4224,-1.35636));
#16559=DIRECTION('',(0.0,0.0,1.0));
#16560=DIRECTION('',(-1.0,0.0,0.0));
#16561=DIRECTION('',(0.0,0.0,1.0));
#16562=CARTESIAN_POINT('',(5.4864,1.4224,-1.35636));
#16563=DIRECTION('',(0.0,0.0,1.0));
#16564=DIRECTION('',(1.0,0.0,0.0));
#16565=DIRECTION('',(0.0,0.0,1.0));
#16566=CARTESIAN_POINT('',(5.4864,1.4224,-1.35636));
#16567=DIRECTION('',(0.0,0.0,1.0));
#16568=DIRECTION('',(-1.0,0.0,0.0));
#16569=DIRECTION('',(0.0,0.0,1.0));
#16570=CARTESIAN_POINT('',(-4.1148,-1.4224,-1.35636));
#16571=DIRECTION('',(0.0,0.0,1.0));
#16572=DIRECTION('',(1.0,0.0,0.0));
#16573=DIRECTION('',(0.0,0.0,1.0));
#16574=CARTESIAN_POINT('',(-4.1148,-1.4224,-1.35636));
#16575=DIRECTION('',(0.0,0.0,1.0));
#16576=DIRECTION('',(-1.0,0.0,0.0));
#16577=DIRECTION('',(0.0,0.0,1.0));
#16578=CARTESIAN_POINT('',(-1.3716,-1.4224,-1.35636));
#16579=DIRECTION('',(0.0,0.0,1.0));
#16580=DIRECTION('',(1.0,0.0,0.0));
#16581=DIRECTION('',(0.0,0.0,1.0));
#16582=CARTESIAN_POINT('',(-1.3716,-1.4224,-1.35636));
#16583=DIRECTION('',(0.0,0.0,1.0));
#16584=DIRECTION('',(-1.0,0.0,0.0));
#16585=DIRECTION('',(0.0,0.0,1.0));
#16586=CARTESIAN_POINT('',(1.3716,-1.4224,-1.35636));
#16587=DIRECTION('',(0.0,0.0,1.0));
#16588=DIRECTION('',(1.0,0.0,0.0));
#16589=DIRECTION('',(0.0,0.0,1.0));
#16590=CARTESIAN_POINT('',(1.3716,-1.4224,-1.35636));
#16591=DIRECTION('',(0.0,0.0,1.0));
#16592=DIRECTION('',(-1.0,0.0,0.0));
#16593=DIRECTION('',(0.0,0.0,1.0));
#16594=CARTESIAN_POINT('',(4.1148,-1.4224,-1.35636));
#16595=DIRECTION('',(0.0,0.0,1.0));
#16596=DIRECTION('',(1.0,0.0,0.0));
#16597=DIRECTION('',(0.0,0.0,1.0));
#16598=CARTESIAN_POINT('',(4.1148,-1.4224,-1.35636));
#16599=DIRECTION('',(0.0,0.0,1.0));
#16600=DIRECTION('',(-1.0,0.0,0.0));
#16601=DIRECTION('',(0.0,0.0,1.0));
#16602=DIRECTION('',(0.0,1.0,0.0));
#16603=DIRECTION('',(0.0,0.0,1.0));
#16604=DIRECTION('',(1.0,0.0,0.0));
#16605=DIRECTION('',(0.0,0.0,1.0));
#16606=DIRECTION('',(0.0,-1.0,0.0));
#16607=DIRECTION('',(0.0,0.0,1.0));
#16608=DIRECTION('',(0.64287114276419,0.765974342782488,0.0));
#16609=DIRECTION('',(0.0,0.0,1.0));
#16610=DIRECTION('',(0.0,-1.0,0.0));
#16611=DIRECTION('',(0.0,0.0,1.0));
#16612=DIRECTION('',(-0.642871293713882,-0.765974216092578,0.0));
#16613=DIRECTION('',(0.0,0.0,1.0));
#16614=DIRECTION('',(-1.0,0.0,0.0));
#16615=DIRECTION('',(-0.852653333819712,0.522477073493307,0.0));
#16616=DIRECTION('',(-0.979770716762512,0.200123318418102,0.0));
#16617=DIRECTION('',(-1.0,0.0,0.0));
#16618=DIRECTION('',(-0.979770711149312,-0.200123345899402,0.0));
#16619=DIRECTION('',(-0.826599294404815,-0.56279090832161,0.0));
#16620=DIRECTION('',(0.0,1.0,0.0));
#16621=DIRECTION('',(0.161063815210498,0.98694399406949,0.0));
#16622=DIRECTION('',(0.310279736267494,0.950645299394982,0.0));
#16623=DIRECTION('',(0.546622592319287,0.837379090714679,0.0));
#16624=DIRECTION('',(0.826599278799634,0.562790931241723,0.0));
#16625=DIRECTION('',(0.946649917770008,0.322263763377203,0.0));
#16626=DIRECTION('',(1.0,0.0,0.0));
#16627=DIRECTION('',(0.946649917770008,-0.322263763377203,0.0));
#16628=DIRECTION('',(0.826599278799634,-0.562790931241723,0.0));
#16629=DIRECTION('',(0.546622729395773,-0.837379001234158,0.0));
#16630=DIRECTION('',(1.0,0.0,0.0));
#16631=DIRECTION('',(-0.310279797550593,0.950645279392878,0.0));
#16632=DIRECTION('',(-0.591909548749597,0.806004395831095,0.0));
#16633=DIRECTION('',(-0.85265346700557,0.522476856141382,0.0));
#16634=DIRECTION('',(-0.979770705536111,0.200123373380702,0.0));
#16635=DIRECTION('',(-1.0,0.0,0.0));
#16636=DIRECTION('',(-0.979770711149312,-0.200123345899402,0.0));
#16637=DIRECTION('',(-0.852653433709137,-0.522476910479323,0.0));
#16638=DIRECTION('',(-0.591909548749597,-0.806004395831095,0.0));
#16639=DIRECTION('',(-0.364691754042918,-0.931128307234347,0.0));
#16640=DIRECTION('',(-0.138532230496094,-0.990357925759055,0.0));
#16641=DIRECTION('',(0.0,-1.0,0.0));
#16642=DIRECTION('',(0.138532203307601,-0.990357929562207,0.0));
#16643=DIRECTION('',(0.364691886909015,-0.931128255195138,0.0));
#16644=DIRECTION('',(0.591909515086178,-0.80600442055267,0.0));
#16645=DIRECTION('',(0.852653413332369,-0.522476943733081,0.0));
#16646=DIRECTION('',(0.979770707714145,-0.200123362717409,0.0));
#16647=DIRECTION('',(1.0,0.0,0.0));
#16648=DIRECTION('',(0.97977071332735,0.20012333523609,0.0));
#16649=DIRECTION('',(0.852653313442954,0.522477106747033,0.0));
#16650=DIRECTION('',(0.591909515086178,0.80600442055267,0.0));
#16651=DIRECTION('',(0.364692042390711,0.931128194298128,0.0));
#16652=DIRECTION('',(0.0,1.0,0.0));
#16653=DIRECTION('',(-0.364692086679405,0.931128176951713,0.0));
#16654=DIRECTION('',(-0.69962483518693,0.714510384801831,0.0));
#16655=DIRECTION('',(0.0,-1.0,0.0));
#16656=DIRECTION('',(-0.310279797550593,-0.950645279392878,0.0));
#16657=DIRECTION('',(-0.546622639915207,-0.837379059645111,0.0));
#16658=DIRECTION('',(-0.826599278799634,-0.562790931241723,0.0));
#16659=DIRECTION('',(-0.946649870890543,-0.322263901085615,0.0));
#16660=DIRECTION('',(-1.0,0.0,0.0));
#16661=DIRECTION('',(-0.946649917770008,0.322263763377203,0.0));
#16662=DIRECTION('',(-0.826599278799634,0.562790931241723,0.0));
#16663=DIRECTION('',(-0.546622502838782,0.837379149125572,0.0));
#16664=DIRECTION('',(-0.310279998114283,0.950645213931149,0.0));
#16665=DIRECTION('',(0.0,1.0,0.0));
#16666=DIRECTION('',(0.310279867190892,0.950645256663074,0.0));
#16667=DIRECTION('',(0.699624877765605,0.714510343110205,0.0));
#16668=DIRECTION('',(0.826599278799634,0.562790931241723,0.0));
#16669=DIRECTION('',(0.946649917770008,0.322263763377203,0.0));
#16670=DIRECTION('',(1.0,0.0,0.0));
#16671=DIRECTION('',(0.946649870890543,-0.322263901085615,0.0));
#16672=DIRECTION('',(0.826599278799634,-0.562790931241723,0.0));
#16673=DIRECTION('',(0.699625005501663,-0.714510218035262,0.0));
#16674=DIRECTION('',(0.310279666627312,-0.950645322124737,0.0));
#16675=DIRECTION('',(0.0,0.0,1.0));
#16676=DIRECTION('',(0.0,0.0,1.0));
#16677=DIRECTION('',(0.0,0.0,1.0));
#16678=DIRECTION('',(0.0,0.0,1.0));
#16679=DIRECTION('',(0.0,0.0,1.0));
#16680=DIRECTION('',(0.0,0.0,1.0));
#16681=DIRECTION('',(0.0,0.0,1.0));
#16682=DIRECTION('',(0.0,0.0,1.0));
#16683=DIRECTION('',(0.0,0.0,1.0));
#16684=DIRECTION('',(0.0,0.0,1.0));
#16685=DIRECTION('',(0.0,0.0,1.0));
#16686=DIRECTION('',(0.0,0.0,1.0));
#16687=DIRECTION('',(0.0,0.0,1.0));
#16688=DIRECTION('',(0.0,0.0,1.0));
#16689=DIRECTION('',(0.0,0.0,1.0));
#16690=DIRECTION('',(0.0,0.0,1.0));
#16691=DIRECTION('',(0.0,0.0,1.0));
#16692=DIRECTION('',(0.0,0.0,1.0));
#16693=DIRECTION('',(0.0,0.0,1.0));
#16694=DIRECTION('',(0.0,0.0,1.0));
#16695=DIRECTION('',(0.0,0.0,1.0));
#16696=DIRECTION('',(0.0,0.0,1.0));
#16697=DIRECTION('',(0.0,0.0,1.0));
#16698=DIRECTION('',(0.0,0.0,1.0));
#16699=DIRECTION('',(0.0,0.0,1.0));
#16700=DIRECTION('',(0.0,0.0,1.0));
#16701=DIRECTION('',(0.0,0.0,1.0));
#16702=DIRECTION('',(0.0,0.0,1.0));
#16703=DIRECTION('',(0.0,0.0,1.0));
#16704=DIRECTION('',(0.0,0.0,1.0));
#16705=DIRECTION('',(0.0,0.0,1.0));
#16706=DIRECTION('',(0.0,0.0,1.0));
#16707=DIRECTION('',(0.0,0.0,1.0));
#16708=DIRECTION('',(0.0,0.0,1.0));
#16709=DIRECTION('',(0.0,0.0,1.0));
#16710=DIRECTION('',(0.0,0.0,1.0));
#16711=DIRECTION('',(0.0,0.0,1.0));
#16712=DIRECTION('',(0.0,0.0,1.0));
#16713=DIRECTION('',(0.0,0.0,1.0));
#16714=DIRECTION('',(0.0,0.0,1.0));
#16715=DIRECTION('',(0.0,0.0,1.0));
#16716=DIRECTION('',(0.0,0.0,1.0));
#16717=DIRECTION('',(0.0,0.0,1.0));
#16718=DIRECTION('',(0.0,0.0,1.0));
#16719=DIRECTION('',(0.0,0.0,1.0));
#16720=DIRECTION('',(0.0,0.0,1.0));
#16721=DIRECTION('',(0.0,0.0,1.0));
#16722=DIRECTION('',(0.0,0.0,1.0));
#16723=DIRECTION('',(0.0,0.0,1.0));
#16724=DIRECTION('',(0.0,0.0,1.0));
#16725=DIRECTION('',(0.0,0.0,1.0));
#16726=DIRECTION('',(0.0,0.0,1.0));
#16727=DIRECTION('',(0.0,0.0,1.0));
#16728=DIRECTION('',(0.0,0.0,1.0));
#16729=DIRECTION('',(0.0,0.0,1.0));
#16730=DIRECTION('',(0.0,0.0,1.0));
#16731=DIRECTION('',(0.0,0.0,1.0));
#16732=DIRECTION('',(0.0,0.0,1.0));
#16733=DIRECTION('',(0.0,0.0,1.0));
#16734=DIRECTION('',(0.0,0.0,1.0));
#16735=DIRECTION('',(0.0,1.0,0.0));
#16736=DIRECTION('',(0.0,-1.0,0.0));
#16737=CARTESIAN_POINT('',(-5.4864,-9.4488,-16.8402));
#16738=DIRECTION('',(0.0,-1.0,0.0));
#16739=DIRECTION('',(1.0,0.0,0.0));
#16740=DIRECTION('',(0.0,-1.0,0.0));
#16741=CARTESIAN_POINT('',(-5.4864,-9.4488,-16.8402));
#16742=DIRECTION('',(0.0,-1.0,0.0));
#16743=DIRECTION('',(-1.0,0.0,0.0));
#16744=DIRECTION('',(0.0,-1.0,0.0));
#16745=CARTESIAN_POINT('',(-2.7432,-9.4488,-16.8402));
#16746=DIRECTION('',(0.0,-1.0,0.0));
#16747=DIRECTION('',(1.0,0.0,0.0));
#16748=DIRECTION('',(0.0,-1.0,0.0));
#16749=CARTESIAN_POINT('',(-2.7432,-9.4488,-16.8402));
#16750=DIRECTION('',(0.0,-1.0,0.0));
#16751=DIRECTION('',(-1.0,0.0,0.0));
#16752=DIRECTION('',(0.0,-1.0,0.0));
#16753=CARTESIAN_POINT('',(0.0,-9.4488,-16.8402));
#16754=DIRECTION('',(0.0,-1.0,0.0));
#16755=DIRECTION('',(1.0,0.0,0.0));
#16756=DIRECTION('',(0.0,-1.0,0.0));
#16757=CARTESIAN_POINT('',(0.0,-9.4488,-16.8402));
#16758=DIRECTION('',(0.0,-1.0,0.0));
#16759=DIRECTION('',(-1.0,0.0,0.0));
#16760=DIRECTION('',(0.0,-1.0,0.0));
#16761=CARTESIAN_POINT('',(2.7432,-9.4488,-16.8402));
#16762=DIRECTION('',(0.0,-1.0,0.0));
#16763=DIRECTION('',(1.0,0.0,0.0));
#16764=DIRECTION('',(0.0,-1.0,0.0));
#16765=CARTESIAN_POINT('',(2.7432,-9.4488,-16.8402));
#16766=DIRECTION('',(0.0,-1.0,0.0));
#16767=DIRECTION('',(-1.0,0.0,0.0));
#16768=DIRECTION('',(0.0,-1.0,0.0));
#16769=CARTESIAN_POINT('',(5.4864,-9.4488,-16.8402));
#16770=DIRECTION('',(0.0,-1.0,0.0));
#16771=DIRECTION('',(1.0,0.0,0.0));
#16772=DIRECTION('',(0.0,-1.0,0.0));
#16773=CARTESIAN_POINT('',(5.4864,-9.4488,-16.8402));
#16774=DIRECTION('',(0.0,-1.0,0.0));
#16775=DIRECTION('',(-1.0,0.0,0.0));
#16776=DIRECTION('',(0.0,-1.0,0.0));
#16777=CARTESIAN_POINT('',(-4.1148,-9.4488,-13.9954));
#16778=DIRECTION('',(0.0,-1.0,0.0));
#16779=DIRECTION('',(1.0,0.0,0.0));
#16780=DIRECTION('',(0.0,-1.0,0.0));
#16781=CARTESIAN_POINT('',(-4.1148,-9.4488,-13.9954));
#16782=DIRECTION('',(0.0,-1.0,0.0));
#16783=DIRECTION('',(-1.0,0.0,0.0));
#16784=DIRECTION('',(0.0,-1.0,0.0));
#16785=CARTESIAN_POINT('',(-1.3716,-9.4488,-13.9954));
#16786=DIRECTION('',(0.0,-1.0,0.0));
#16787=DIRECTION('',(1.0,0.0,0.0));
#16788=DIRECTION('',(0.0,-1.0,0.0));
#16789=CARTESIAN_POINT('',(-1.3716,-9.4488,-13.9954));
#16790=DIRECTION('',(0.0,-1.0,0.0));
#16791=DIRECTION('',(-1.0,0.0,0.0));
#16792=DIRECTION('',(0.0,-1.0,0.0));
#16793=CARTESIAN_POINT('',(1.3716,-9.4488,-13.9954));
#16794=DIRECTION('',(0.0,-1.0,0.0));
#16795=DIRECTION('',(1.0,0.0,0.0));
#16796=DIRECTION('',(0.0,-1.0,0.0));
#16797=CARTESIAN_POINT('',(1.3716,-9.4488,-13.9954));
#16798=DIRECTION('',(0.0,-1.0,0.0));
#16799=DIRECTION('',(-1.0,0.0,0.0));
#16800=DIRECTION('',(0.0,-1.0,0.0));
#16801=CARTESIAN_POINT('',(4.1148,-9.4488,-13.9954));
#16802=DIRECTION('',(0.0,-1.0,0.0));
#16803=DIRECTION('',(1.0,0.0,0.0));
#16804=DIRECTION('',(0.0,-1.0,0.0));
#16805=CARTESIAN_POINT('',(4.1148,-9.4488,-13.9954));
#16806=DIRECTION('',(0.0,-1.0,0.0));
#16807=DIRECTION('',(-1.0,0.0,0.0));
#16808=CARTESIAN_POINT('',(-8.1534,-2.5654,-10.52576));
#16809=DIRECTION('',(-1.0,0.0,0.0));
#16810=DIRECTION('',(0.0,-1.0,0.0));
#16811=DIRECTION('',(0.0,0.0,-1.0));
#16812=DIRECTION('',(0.0,0.0,-1.0));
#16813=DIRECTION('',(0.0,0.0,-1.0));
#16814=DIRECTION('',(0.0,0.0,-1.0));
#16815=DIRECTION('',(0.0,0.0,-1.0));
#16816=DIRECTION('',(0.0,0.0,-1.0));
#16817=DIRECTION('',(0.0,0.0,-1.0));
#16818=DIRECTION('',(0.0,0.0,-1.0));
#16819=DIRECTION('',(0.0,0.0,-1.0));
#16820=DIRECTION('',(0.0,0.0,-1.0));
#16821=DIRECTION('',(0.0,0.0,-1.0));
#16822=DIRECTION('',(0.0,0.0,-1.0));
#16823=CARTESIAN_POINT('',(-12.4968,-3.3528,-13.0556));
#16824=CARTESIAN_POINT('',(-12.4968,-3.3528,-17.78));
#16825=AXIS2_PLACEMENT_3D('',#16875,#16876,#16877);
#16826=CARTESIAN_POINT('',(-12.4968,-3.13436,-13.0556));
#16827=CARTESIAN_POINT('',(-12.4968,-3.13436,-13.0556));
#16828=VECTOR('',#16878,0.21844);
#16829=CARTESIAN_POINT('',(-12.4968,-3.13436,-17.78));
#16830=AXIS2_PLACEMENT_3D('',#16879,#16880,#16881);
#16831=CARTESIAN_POINT('',(-12.4968,-3.13436,-17.78));
#16832=VECTOR('',#16882,0.21844);
#16833=AXIS2_PLACEMENT_3D('',#16883,#16884,#16885);
#16834=CARTESIAN_POINT('',(-12.4968,-3.3528,-17.272));
#16835=CARTESIAN_POINT('',(-12.4968,-3.3528,-13.5636));
#16836=AXIS2_PLACEMENT_3D('',#16886,#16887,#16888);
#16837=AXIS2_PLACEMENT_3D('',#16889,#16890,#16891);
#16838=CARTESIAN_POINT('',(-12.4968,-3.13436,-13.5636));
#16839=CARTESIAN_POINT('',(-12.4968,-3.3528,-13.5636));
#16840=VECTOR('',#16892,0.21844);
#16841=CARTESIAN_POINT('',(-12.4968,-3.13436,-17.272));
#16842=AXIS2_PLACEMENT_3D('',#16893,#16894,#16895);
#16843=CARTESIAN_POINT('',(-12.4968,-3.3528,-17.272));
#16844=VECTOR('',#16896,0.21844);
#16845=AXIS2_PLACEMENT_3D('',#16897,#16898,#16899);
#16846=AXIS2_PLACEMENT_3D('',#16900,#16901,#16902);
#16847=AXIS2_PLACEMENT_3D('',#16903,#16904,#16905);
#16848=AXIS2_PLACEMENT_3D('',#16906,#16907,#16908);
#16849=CARTESIAN_POINT('',(12.4968,-3.3528,-17.78));
#16850=CARTESIAN_POINT('',(12.4968,-3.3528,-13.0556));
#16851=AXIS2_PLACEMENT_3D('',#16909,#16910,#16911);
#16852=AXIS2_PLACEMENT_3D('',#16912,#16913,#16914);
#16853=CARTESIAN_POINT('',(12.4968,-3.3528,-17.272));
#16854=CARTESIAN_POINT('',(12.4968,-3.3528,-13.5636));
#16855=AXIS2_PLACEMENT_3D('',#16915,#16916,#16917);
#16856=AXIS2_PLACEMENT_3D('',#16918,#16919,#16920);
#16857=CARTESIAN_POINT('',(12.4968,-3.13436,-13.5636));
#16858=CARTESIAN_POINT('',(12.4968,-3.3528,-13.5636));
#16859=VECTOR('',#16921,0.21844);
#16860=CARTESIAN_POINT('',(12.4968,-3.13436,-17.272));
#16861=AXIS2_PLACEMENT_3D('',#16922,#16923,#16924);
#16862=CARTESIAN_POINT('',(12.4968,-3.3528,-17.272));
#16863=VECTOR('',#16925,0.21844);
#16864=AXIS2_PLACEMENT_3D('',#16926,#16927,#16928);
#16865=CARTESIAN_POINT('',(12.4968,-3.13436,-17.78));
#16866=AXIS2_PLACEMENT_3D('',#16929,#16930,#16931);
#16867=CARTESIAN_POINT('',(12.4968,-3.13436,-13.0556));
#16868=AXIS2_PLACEMENT_3D('',#16932,#16933,#16934);
#16869=AXIS2_PLACEMENT_3D('',#16935,#16936,#16937);
#16870=AXIS2_PLACEMENT_3D('',#16938,#16939,#16940);
#16871=CARTESIAN_POINT('',(12.4968,-3.13436,-17.78));
#16872=VECTOR('',#16941,0.21844);
#16873=CARTESIAN_POINT('',(12.4968,-3.13436,-13.0556));
#16874=VECTOR('',#16942,0.21844);
#16875=CARTESIAN_POINT('',(-12.4968,-3.3528,-15.4178));
#16876=DIRECTION('',(0.0,1.0,0.0));
#16877=DIRECTION('',(0.0,0.0,1.0));
#16878=DIRECTION('',(0.0,-1.0,0.0));
#16879=CARTESIAN_POINT('',(-12.4968,-3.13436,-15.4178));
#16880=DIRECTION('',(0.0,-1.0,0.0));
#16881=DIRECTION('',(0.0,0.0,-1.0));
#16882=DIRECTION('',(0.0,-1.0,0.0));
#16883=CARTESIAN_POINT('',(-12.4968,-3.3528,-15.4178));
#16884=DIRECTION('',(0.0,1.0,0.0));
#16885=DIRECTION('',(0.0,0.0,-1.0));
#16886=CARTESIAN_POINT('',(-12.4968,-3.3528,-15.4178));
#16887=DIRECTION('',(0.0,1.0,0.0));
#16888=DIRECTION('',(0.0,0.0,-1.0));
#16889=CARTESIAN_POINT('',(-12.4968,-3.3528,-15.4178));
#16890=DIRECTION('',(0.0,1.0,0.0));
#16891=DIRECTION('',(0.0,0.0,1.0));
#16892=DIRECTION('',(0.0,1.0,0.0));
#16893=CARTESIAN_POINT('',(-12.4968,-3.13436,-15.4178));
#16894=DIRECTION('',(0.0,1.0,0.0));
#16895=DIRECTION('',(0.0,0.0,-1.0));
#16896=DIRECTION('',(0.0,1.0,0.0));
#16897=CARTESIAN_POINT('',(-12.4968,-3.13436,-15.4178));
#16898=DIRECTION('',(0.0,-1.0,0.0));
#16899=DIRECTION('',(0.0,0.0,-1.0));
#16900=CARTESIAN_POINT('',(-12.4968,-3.13436,-17.526));
#16901=DIRECTION('',(-1.0,0.0,0.0));
#16902=DIRECTION('',(0.0,0.0,1.0));
#16903=CARTESIAN_POINT('',(-12.4968,-3.13436,-13.3096));
#16904=DIRECTION('',(1.0,0.0,0.0));
#16905=DIRECTION('',(0.0,0.0,-1.0));
#16906=CARTESIAN_POINT('',(-12.4968,-3.13436,-15.4178));
#16907=DIRECTION('',(0.0,1.0,0.0));
#16908=DIRECTION('',(0.0,0.0,-1.0));
#16909=CARTESIAN_POINT('',(12.4968,-3.3528,-15.4178));
#16910=DIRECTION('',(0.0,1.0,0.0));
#16911=DIRECTION('',(0.0,0.0,-1.0));
#16912=CARTESIAN_POINT('',(12.4968,-3.3528,-15.4178));
#16913=DIRECTION('',(0.0,1.0,0.0));
#16914=DIRECTION('',(0.0,0.0,1.0));
#16915=CARTESIAN_POINT('',(12.4968,-3.3528,-15.4178));
#16916=DIRECTION('',(0.0,1.0,0.0));
#16917=DIRECTION('',(0.0,0.0,-1.0));
#16918=CARTESIAN_POINT('',(12.4968,-3.3528,-15.4178));
#16919=DIRECTION('',(0.0,1.0,0.0));
#16920=DIRECTION('',(0.0,0.0,1.0));
#16921=DIRECTION('',(0.0,1.0,0.0));
#16922=CARTESIAN_POINT('',(12.4968,-3.13436,-15.4178));
#16923=DIRECTION('',(0.0,1.0,0.0));
#16924=DIRECTION('',(0.0,0.0,-1.0));
#16925=DIRECTION('',(0.0,1.0,0.0));
#16926=CARTESIAN_POINT('',(12.4968,-3.13436,-15.4178));
#16927=DIRECTION('',(0.0,-1.0,0.0));
#16928=DIRECTION('',(0.0,0.0,-1.0));
#16929=CARTESIAN_POINT('',(12.4968,-3.13436,-17.526));
#16930=DIRECTION('',(-1.0,0.0,0.0));
#16931=DIRECTION('',(0.0,0.0,1.0));
#16932=CARTESIAN_POINT('',(12.4968,-3.13436,-15.4178));
#16933=DIRECTION('',(0.0,-1.0,0.0));
#16934=DIRECTION('',(0.0,0.0,-1.0));
#16935=CARTESIAN_POINT('',(12.4968,-3.13436,-13.3096));
#16936=DIRECTION('',(1.0,0.0,0.0));
#16937=DIRECTION('',(0.0,0.0,-1.0));
#16938=CARTESIAN_POINT('',(12.4968,-3.13436,-15.4178));
#16939=DIRECTION('',(0.0,1.0,0.0));
#16940=DIRECTION('',(0.0,0.0,-1.0));
#16941=DIRECTION('',(0.0,-1.0,0.0));
#16942=DIRECTION('',(0.0,-1.0,0.0));
ENDSEC;
END-ISO-10303-21;
