ISO-10303-21;
HEADER;
FILE_DESCRIPTION (( 'STEP AP214' ),
    '1' );
FILE_NAME ('DS1021_yellow_2x01p_100mil_Type1_rev1.0.STEP',
    '2023-09-02T23:22:41',
    ( '' ),
    ( '' ),
    'SwSTEP 2.0',
    'SolidWorks 2023',
    '' );
FILE_SCHEMA (( 'AUTOMOTIVE_DESIGN' ));
ENDSEC;

DATA;
#1 = PRESENTATION_LAYER_ASSIGNMENT (  '', '', ( #512 ) ) ;
#2 = ORIENTED_EDGE ( 'NONE', *, *, #116, .T. ) ;
#3 = DIRECTION ( 'NONE',  ( -0.3236155771181848939, -0.8891264907159881492, -0.3236155771181852825 ) ) ;
#4 = EDGE_CURVE ( 'NONE', #553, #3199, #1183, .T. ) ;
#5 = PRESENTATION_LAYER_ASSIGNMENT (  '', '', ( #3431 ) ) ;
#6 = SURFACE_SIDE_STYLE ('',( #3307 ) ) ;
#7 = AXIS2_PLACEMENT_3D ( 'NONE', #2401, #1494, #2703 ) ;
#8 = DIRECTION ( 'NONE',  ( 6.842277657836020854E-49, -5.078189165123089681E-17, 1.000000000000000000 ) ) ;
#9 = PLANE ( 'NONE',  #72 ) ;
#10 = EDGE_CURVE ( 'NONE', #2228, #2186, #3317, .T. ) ;
#11 = DIRECTION ( 'NONE',  ( -0.9848077530122085754, -8.341646135128160883E-17, 0.1736481776669278332 ) ) ;
#12 = STYLED_ITEM ( 'NONE', ( #2537 ), #1554 ) ;
#13 = DIRECTION ( 'NONE',  ( 0.000000000000000000, -5.078189165123089681E-17, 1.000000000000000000 ) ) ;
#14 = VECTOR ( 'NONE', #241, 1000.000000000000000 ) ;
#15 = DIRECTION ( 'NONE',  ( 0.000000000000000000, -1.000000000000000000, 0.000000000000000000 ) ) ;
#16 = CARTESIAN_POINT ( 'NONE',  ( -0.2349831812470687953, -1.250000000000001332, 0.8499144089295510573 ) ) ;
#17 = EDGE_CURVE ( 'NONE', #1466, #3199, #3064, .T. ) ;
#18 = CARTESIAN_POINT ( 'NONE',  ( 0.2732007105321402896, 0.3199999999999993960, 7.909999999999990372 ) ) ;
#19 = DIRECTION ( 'NONE',  ( 0.000000000000000000, 0.000000000000000000, 1.000000000000000000 ) ) ;
#20 = VECTOR ( 'NONE', #2689, 1000.000000000000000 ) ;
#21 = ORIENTED_EDGE ( 'NONE', *, *, #2873, .F. ) ;
#22 = VECTOR ( 'NONE', #2122, 1000.000000000000227 ) ;
#23 = CARTESIAN_POINT ( 'NONE',  ( 0.000000000000000000, 2.540000000000000036, -3.000000000000000000 ) ) ;
#24 = VECTOR ( 'NONE', #2596, 999.9999999999998863 ) ;
#25 = ORIENTED_EDGE ( 'NONE', *, *, #3707, .F. ) ;
#26 = CARTESIAN_POINT ( 'NONE',  ( 0.2713367824627648250, -1.149999999999999911, 0.8481160656645677642 ) ) ;
#27 = STYLED_ITEM ( 'NONE', ( #2860 ), #3286 ) ;
#28 = DIRECTION ( 'NONE',  ( -0.7071067811865509034, 0.7071067811865442421, 0.000000000000000000 ) ) ;
#29 = CARTESIAN_POINT ( 'NONE',  ( 0.2031249999999996114, -1.250000000000001110, 1.180956325301204979 ) ) ;
#30 = FACE_OUTER_BOUND ( 'NONE', #1780, .T. ) ;
#31 = CARTESIAN_POINT ( 'NONE',  ( -0.3134175730544422889, -0.2890920949374364279, 7.947330798265292984 ) ) ;
#32 = EDGE_CURVE ( 'NONE', #3274, #2299, #1770, .T. ) ;
#33 = CARTESIAN_POINT ( 'NONE',  ( 0.3012548339959390531, 0.3012548339959383870, 8.016309119164537478 ) ) ;
#34 = CARTESIAN_POINT ( 'NONE',  ( -0.2732007105321401230, -0.3200000000000007283, 7.909999999999986819 ) ) ;
#35 = CARTESIAN_POINT ( 'NONE',  ( 0.09036144578313230757, -1.250000000000000000, 0.9145783132530121984 ) ) ;
#36 = LINE ( 'NONE', #1558, #2638 ) ;
#37 = VERTEX_POINT ( 'NONE', #611 ) ;
#38 = CARTESIAN_POINT ( 'NONE',  ( -1.019999999999999796, -0.7700000000000002398, 0.000000000000000000 ) ) ;
#39 = FILL_AREA_STYLE_COLOUR ( '', #1534 ) ;
#40 = VERTEX_POINT ( 'NONE', #1817 ) ;
#41 = SURFACE_STYLE_USAGE ( .BOTH. , #3663 ) ;
#42 = FACE_OUTER_BOUND ( 'NONE', #2456, .T. ) ;
#43 =( BOUNDED_CURVE ( )  B_SPLINE_CURVE ( 3, ( #3512, #3220, #2649, #496 ),
 .UNSPECIFIED., .F., .F. ) 
 B_SPLINE_CURVE_WITH_KNOTS ( ( 4, 4 ),
 ( 3.141592653589793560, 3.926990816987244948 ),
 .UNSPECIFIED. ) 
 CURVE ( )  GEOMETRIC_REPRESENTATION_ITEM ( )  RATIONAL_B_SPLINE_CURVE ( ( 1.000000000000000000, 0.9492530216741906779, 0.9492530216741906779, 1.000000000000000000 ) ) 
 REPRESENTATION_ITEM ( '' )  );
#44 = CARTESIAN_POINT ( 'NONE',  ( 0.2560000000000002274, -0.3200000000000001732, -2.359999999999988773 ) ) ;
#45 = ORIENTED_EDGE ( 'NONE', *, *, #3671, .F. ) ;
#46 = PRESENTATION_STYLE_ASSIGNMENT (( #2812 ) ) ;
#47 = LINE ( 'NONE', #1218, #1461 ) ;
#48 = PLANE ( 'NONE',  #1720 ) ;
#49 = SURFACE_STYLE_USAGE ( .BOTH. , #2779 ) ;
#50 = LINE ( 'NONE', #2467, #3748 ) ;
#51 = CARTESIAN_POINT ( 'NONE',  ( -0.2560000000000000608, 0.3199999999999993960, 7.909999999999988596 ) ) ;
#52 = ADVANCED_FACE ( 'NONE', ( #1798 ), #2079, .F. ) ;
#53 = PRESENTATION_STYLE_ASSIGNMENT (( #75 ) ) ;
#54 = ORIENTED_EDGE ( 'NONE', *, *, #640, .F. ) ;
#55 = LINE ( 'NONE', #1266, #2354 ) ;
#56 = DIRECTION ( 'NONE',  ( 0.000000000000000000, 0.000000000000000000, 1.000000000000000000 ) ) ;
#57 = EDGE_CURVE ( 'NONE', #2032, #37, #1836, .T. ) ;
#58 = EDGE_CURVE ( 'NONE', #1560, #1233, #3925, .T. ) ;
#59 = AXIS2_PLACEMENT_3D ( 'NONE', #3862, #230, #1080 ) ;
#60 = ORIENTED_EDGE ( 'NONE', *, *, #1222, .F. ) ;
#61 = PLANE ( 'NONE',  #2039 ) ;
#62 = DIRECTION ( 'NONE',  ( -0.7213041043845912492, 0.000000000000000000, 0.6926185017727599647 ) ) ;
#63 = EDGE_CURVE ( 'NONE', #3343, #1424, #3805, .T. ) ;
#64 = CARTESIAN_POINT ( 'NONE',  ( -1.019999999999999796, -0.000000000000000000, 0.000000000000000000 ) ) ;
#65 = COLOUR_RGB ( '',1.000000000000000000, 0.000000000000000000, 0.000000000000000000 ) ;
#66 = ORIENTED_EDGE ( 'NONE', *, *, #3897, .F. ) ;
#67 =( GEOMETRIC_REPRESENTATION_CONTEXT ( 3 ) GLOBAL_UNCERTAINTY_ASSIGNED_CONTEXT ( ( #1005 ) ) GLOBAL_UNIT_ASSIGNED_CONTEXT ( ( #515, #1460, #3891 ) ) REPRESENTATION_CONTEXT ( 'NONE', 'WORKASPACE' ) );
#68 = DIRECTION ( 'NONE',  ( 0.000000000000000000, -1.000000000000000000, 0.000000000000000000 ) ) ;
#69 =( BOUNDED_CURVE ( )  B_SPLINE_CURVE ( 3, ( #152, #1004, #3457, #457 ),
 .UNSPECIFIED., .F., .F. ) 
 B_SPLINE_CURVE_WITH_KNOTS ( ( 4, 4 ),
 ( 3.141592653589793116, 3.926990816987241395 ),
 .UNSPECIFIED. ) 
 CURVE ( )  GEOMETRIC_REPRESENTATION_ITEM ( )  RATIONAL_B_SPLINE_CURVE ( ( 1.000000000000000000, 0.9492530216741911220, 0.9492530216741911220, 1.000000000000000000 ) ) 
 REPRESENTATION_ITEM ( '' )  );
#70 = LINE ( 'NONE', #1909, #3559 ) ;
#71 = SURFACE_SIDE_STYLE ('',( #1874 ) ) ;
#72 = AXIS2_PLACEMENT_3D ( 'NONE', #3653, #2096, #358 ) ;
#73 = CARTESIAN_POINT ( 'NONE',  ( 0.2557859689903594358, -1.192725508869584505, 1.100532551320418939 ) ) ;
#74 = CARTESIAN_POINT ( 'NONE',  ( -0.2247191242266799172, -1.249999999999998668, 1.408007062060587344 ) ) ;
#75 = SURFACE_STYLE_USAGE ( .BOTH. , #1596 ) ;
#76 = STYLED_ITEM ( 'NONE', ( #3817 ), #1938 ) ;
#77 = EDGE_CURVE ( 'NONE', #40, #3720, #3168, .T. ) ;
#78 = EDGE_LOOP ( 'NONE', ( #427, #2417, #1293, #2702 ) ) ;
#79 = CARTESIAN_POINT ( 'NONE',  ( 0.2010872110020790193, 0.2010872110020782977, 8.584387938363944315 ) ) ;
#80 = DIRECTION ( 'NONE',  ( 0.000000000000000000, 0.000000000000000000, 1.000000000000000000 ) ) ;
#81 = VECTOR ( 'NONE', #3108, 1000.000000000000000 ) ;
#82 = ADVANCED_FACE ( 'NONE', ( #3294 ), #1539, .T. ) ;
#83 = STYLED_ITEM ( 'NONE', ( #420 ), #2594 ) ;
#84 = VERTEX_POINT ( 'NONE', #2194 ) ;
#85 = FACE_OUTER_BOUND ( 'NONE', #3191, .T. ) ;
#86 = FACE_OUTER_BOUND ( 'NONE', #2043, .T. ) ;
#87 = CARTESIAN_POINT ( 'NONE',  ( 0.1553685607633407684, -1.250000000000000888, 0.7699516873791893978 ) ) ;
#88 = VECTOR ( 'NONE', #1232, 1000.000000000000000 ) ;
#89 =( GEOMETRIC_REPRESENTATION_CONTEXT ( 3 ) GLOBAL_UNCERTAINTY_ASSIGNED_CONTEXT ( ( #1634 ) ) GLOBAL_UNIT_ASSIGNED_CONTEXT ( ( #1319, #3449, #3155 ) ) REPRESENTATION_CONTEXT ( 'NONE', 'WORKASPACE' ) );
#90 = VERTEX_POINT ( 'NONE', #398 ) ;
#91 = STYLED_ITEM ( 'NONE', ( #2963 ), #3410 ) ;
#92 = DIRECTION ( 'NONE',  ( 0.9396926207859079838, 0.3420201433256698786, 0.000000000000000000 ) ) ;
#93 = CARTESIAN_POINT ( 'NONE',  ( -0.09036144578313276554, -1.250000000000000000, 0.9145783132530121984 ) ) ;
#94 = CARTESIAN_POINT ( 'NONE',  ( -0.2349815657172335259, -1.149999999999999911, 1.359373991834637696 ) ) ;
#95 = CARTESIAN_POINT ( 'NONE',  ( -0.2713153150985220807, -1.149999999999996581, 1.692396429142078773 ) ) ;
#96 = EDGE_LOOP ( 'NONE', ( #3579, #910, #1171, #571, #412, #3440 ) ) ;
#97 = FACE_OUTER_BOUND ( 'NONE', #3025, .T. ) ;
#98 = EDGE_CURVE ( 'NONE', #1852, #2342, #2605, .T. ) ;
#99 = EDGE_LOOP ( 'NONE', ( #1758, #1672, #3400, #2018, #2590, #1418 ) ) ;
#100 = CARTESIAN_POINT ( 'NONE',  ( -0.2344989567605762493, -1.250000000000004441, 1.701643011501012825 ) ) ;
#101 = ORIENTED_EDGE ( 'NONE', *, *, #824, .F. ) ;
#102 = CARTESIAN_POINT ( 'NONE',  ( 0.3200000000000000622, 0.2559999999999999498, -2.359999999999988773 ) ) ;
#103 = CARTESIAN_POINT ( 'NONE',  ( -0.7699999999999996847, -1.250000000000000000, 0.000000000000000000 ) ) ;
#104 = DIRECTION ( 'NONE',  ( 1.000000000000000000, 0.000000000000000000, 0.000000000000000000 ) ) ;
#105 = EDGE_CURVE ( 'NONE', #892, #2461, #2565, .T. ) ;
#106 = CARTESIAN_POINT ( 'NONE',  ( 0.09036144578313230757, -1.250000000000000000, 1.456746987951807348 ) ) ;
#107 = PLANE ( 'NONE',  #757 ) ;
#108 = CARTESIAN_POINT ( 'NONE',  ( 0.1573284206430634047, -1.149999999999999911, 0.7336029765733798058 ) ) ;
#109 = ORIENTED_EDGE ( 'NONE', *, *, #810, .F. ) ;
#110 = DIRECTION ( 'NONE',  ( 1.000000000000000000, 0.000000000000000000, 0.000000000000000000 ) ) ;
#111 = DIRECTION ( 'NONE',  ( 1.000000000000000000, 0.000000000000000000, -0.000000000000000000 ) ) ;
#112 = ORIENTED_EDGE ( 'NONE', *, *, #3337, .F. ) ;
#113 = DIRECTION ( 'NONE',  ( -0.000000000000000000, 0.000000000000000000, 1.000000000000000000 ) ) ;
#114 = CARTESIAN_POINT ( 'NONE',  ( 0.2349646446460526283, -1.250000000000000888, 1.099513820278372300 ) ) ;
#115 = EDGE_LOOP ( 'NONE', ( #3346, #1075, #3206, #2366, #1379, #208 ) ) ;
#116 = EDGE_CURVE ( 'NONE', #788, #2328, #874, .T. ) ;
#117 = CARTESIAN_POINT ( 'NONE',  ( 2.170000000000000817, -0.9999999999999978906, 1.599999999999989431 ) ) ;
#118 = CARTESIAN_POINT ( 'NONE',  ( 0.2299185854234832849, -1.150000000000000355, 1.205590591973311199 ) ) ;
#119 = VECTOR ( 'NONE', #1254, 1000.000000000000000 ) ;
#120 = SURFACE_STYLE_USAGE ( .BOTH. , #2269 ) ;
#121 = DIRECTION ( 'NONE',  ( 0.000000000000000000, 0.000000000000000000, -1.000000000000000000 ) ) ;
#122 = PRESENTATION_LAYER_ASSIGNMENT (  '', '', ( #2678 ) ) ;
#123 = VERTEX_POINT ( 'NONE', #125 ) ;
#124 = EDGE_CURVE ( 'NONE', #3778, #982, #1019, .T. ) ;
#125 = CARTESIAN_POINT ( 'NONE',  ( 0.09036144578313230757, -1.250000000000000000, 1.456746987951807348 ) ) ;
#126 = DIRECTION ( 'NONE',  ( 1.000000000000000000, 0.000000000000000000, 0.000000000000000000 ) ) ;
#127 = CARTESIAN_POINT ( 'NONE',  ( -0.2518730436385548943, -1.149999999999996358, 1.763784314061217495 ) ) ;
#128 = STYLED_ITEM ( 'NONE', ( #1786 ), #1427 ) ;
#129 = DIRECTION ( 'NONE',  ( -6.842277657836020854E-49, 5.078189165123089681E-17, -1.000000000000000000 ) ) ;
#130 = UNCERTAINTY_MEASURE_WITH_UNIT (LENGTH_MEASURE( 1.000000000000000082E-05 ), #1495, 'distance_accuracy_value', 'NONE');
#131 = EDGE_CURVE ( 'NONE', #2964, #2563, #723, .T. ) ;
#132 = VECTOR ( 'NONE', #873, 1000.000000000000000 ) ;
#133 = EDGE_LOOP ( 'NONE', ( #3183, #3173, #619, #977, #2352, #3383 ) ) ;
#134 = CARTESIAN_POINT ( 'NONE',  ( -2.169999999999998597, 3.499999999999997780, 1.600000000000012301 ) ) ;
#135 = ORIENTED_EDGE ( 'NONE', *, *, #2977, .F. ) ;
#136 = PRESENTATION_LAYER_ASSIGNMENT (  '', '', ( #405 ) ) ;
#137 = PLANE ( 'NONE',  #1280 ) ;
#138 = CARTESIAN_POINT ( 'NONE',  ( -0.1563994110147646499, -1.223345048151461167, 0.7602983909313331123 ) ) ;
#139 = AXIS2_PLACEMENT_3D ( 'NONE', #1765, #1474, #2643 ) ;
#140 = COLOUR_RGB ( '',0.9686274509803921573, 0.8784313725490195957, 0.5999999999999999778 ) ;
#141 = ORIENTED_EDGE ( 'NONE', *, *, #3476, .F. ) ;
#142 = CARTESIAN_POINT ( 'NONE',  ( 0.3012548339959390531, 2.841254833995938256, 8.016309119164537478 ) ) ;
#143 = CARTESIAN_POINT ( 'NONE',  ( 0.2713058649105610787, -1.150000000000000133, 1.101537600361817582 ) ) ;
#144 = VECTOR ( 'NONE', #3393, 1000.000000000000000 ) ;
#145 = PLANE ( 'NONE',  #1410 ) ;
#146 = EDGE_CURVE ( 'NONE', #123, #1086, #705, .T. ) ;
#147 = VECTOR ( 'NONE', #1131, 1000.000000000000000 ) ;
#148 = VERTEX_POINT ( 'NONE', #378 ) ;
#149 =( LENGTH_UNIT ( ) NAMED_UNIT ( * ) SI_UNIT ( .MILLI., .METRE. ) );
#150 = LINE ( 'NONE', #3122, #1288 ) ;
#151 =( GEOMETRIC_REPRESENTATION_CONTEXT ( 3 ) GLOBAL_UNCERTAINTY_ASSIGNED_CONTEXT ( ( #3009 ) ) GLOBAL_UNIT_ASSIGNED_CONTEXT ( ( #2822, #476, #1709 ) ) REPRESENTATION_CONTEXT ( 'NONE', 'WORKASPACE' ) );
#152 = CARTESIAN_POINT ( 'NONE',  ( -0.2559999999999999498, -0.3200000000000001732, -2.359999999999988773 ) ) ;
#153 = B_SPLINE_SURFACE_WITH_KNOTS ( 'NONE', 1, 3, ( 
 ( #1877, #927, #314, #613, #3926, #338, #943, #1240, #2136, #2100, #1517, #1861, #3027, #2157, #16, #1540 ),
 ( #276, #1484, #1200, #883, #362, #3374, #2780, #911, #2121, #3614, #3908, #3693, #648, #3087, #296, #628 ) ),
 .UNSPECIFIED., .F., .F., .F.,
 ( 2, 2 ),
 ( 4, 3, 2, 2, 2, 3, 4 ),
 ( 0.000000000000000000, 1.000000000000000000 ),
 ( -0.01646236224589351510, 0.000000000000000000, 0.2500000000000000000, 0.5000000000000000000, 0.7500000000000000000, 1.000000000000000000, 1.012313403687755908 ),
 .UNSPECIFIED. ) ;
#154 = EDGE_CURVE ( 'NONE', #1205, #1470, #1285, .T. ) ;
#155 = VERTEX_POINT ( 'NONE', #2254 ) ;
#156 = VERTEX_POINT ( 'NONE', #3175 ) ;
#157 = CARTESIAN_POINT ( 'NONE',  ( 0.2732007105321403451, -0.3200000000000007838, 7.909999999999986819 ) ) ;
#158 = CARTESIAN_POINT ( 'NONE',  ( -0.2713367824627651026, -1.150000000000000133, 1.457141330931055911 ) ) ;
#159 = EDGE_CURVE ( 'NONE', #3199, #305, #1001, .T. ) ;
#160 = VERTEX_POINT ( 'NONE', #418 ) ;
#161 = CARTESIAN_POINT ( 'NONE',  ( -0.1572017319021906112, -1.160002928788726573, 0.7372437449079609628 ) ) ;
#162 = ORIENTED_EDGE ( 'NONE', *, *, #1031, .F. ) ;
#163 =( LENGTH_UNIT ( ) NAMED_UNIT ( * ) SI_UNIT ( .MILLI., .METRE. ) );
#164 = CARTESIAN_POINT ( 'NONE',  ( -0.2216368291659754353, -1.179172292676296641, 1.360472537827442929 ) ) ;
#165 = ORIENTED_EDGE ( 'NONE', *, *, #1605, .F. ) ;
#166 = CARTESIAN_POINT ( 'NONE',  ( -0.06900477108549049610, -1.149999999999999911, 1.198471783163378213 ) ) ;
#167 = DIRECTION ( 'NONE',  ( 0.000000000000000000, 0.000000000000000000, -1.000000000000000000 ) ) ;
#168 = FILL_AREA_STYLE_COLOUR ( '', #3649 ) ;
#169 = UNCERTAINTY_MEASURE_WITH_UNIT (LENGTH_MEASURE( 1.000000000000000082E-05 ), #906, 'distance_accuracy_value', 'NONE');
#170 = ORIENTED_EDGE ( 'NONE', *, *, #2899, .F. ) ;
#171 = ORIENTED_EDGE ( 'NONE', *, *, #3106, .T. ) ;
#172 = EDGE_CURVE ( 'NONE', #1898, #3728, #1651, .T. ) ;
#173 = DIRECTION ( 'NONE',  ( 0.000000000000000000, 0.9396926207859082059, 0.3420201433256694901 ) ) ;
#174 = PLANE ( 'NONE',  #2564 ) ;
#175 = CARTESIAN_POINT ( 'NONE',  ( -0.2069451709529503136, -1.250000000000000666, 1.756761588701826415 ) ) ;
#176 = ORIENTED_EDGE ( 'NONE', *, *, #1891, .T. ) ;
#177 = EDGE_CURVE ( 'NONE', #550, #3910, #624, .T. ) ;
#178 = DIRECTION ( 'NONE',  ( 0.000000000000000000, 0.000000000000000000, 1.000000000000000000 ) ) ;
#179 = LINE ( 'NONE', #524, #458 ) ;
#180 = PRODUCT_RELATED_PRODUCT_CATEGORY ( 'part', '', ( #976 ) ) ;
#181 = ORIENTED_EDGE ( 'NONE', *, *, #3309, .T. ) ;
#182 = ADVANCED_FACE ( 'NONE', ( #1912 ), #1951, .F. ) ;
#183 = SURFACE_SIDE_STYLE ('',( #2657 ) ) ;
#184 = DIRECTION ( 'NONE',  ( 0.000000000000000000, 0.000000000000000000, 1.000000000000000000 ) ) ;
#185 = ORIENTED_EDGE ( 'NONE', *, *, #1583, .T. ) ;
#186 = CLOSED_SHELL ( 'NONE', ( #1408, #182, #2523, #2920, #3145, #1554, #3149, #2713, #1849, #2905, #2857, #3295, #3410, #1114, #279, #692, #3825, #3214 ) ) ;
#187 = SURFACE_STYLE_FILL_AREA ( #1974 ) ;
#188 = DIRECTION ( 'NONE',  ( -1.000000000000000000, 0.000000000000000000, 0.000000000000000000 ) ) ;
#189 = LINE ( 'NONE', #2980, #2948 ) ;
#190 =( NAMED_UNIT ( * ) PLANE_ANGLE_UNIT ( ) SI_UNIT ( $, .RADIAN. ) );
#191 = MANIFOLD_SOLID_BREP ( 'Metal-Pattern', #3621 ) ;
#192 = ORIENTED_EDGE ( 'NONE', *, *, #10, .T. ) ;
#193 = ORIENTED_EDGE ( 'NONE', *, *, #2701, .T. ) ;
#194 = VECTOR ( 'NONE', #965, 1000.000000000000000 ) ;
#195 = CARTESIAN_POINT ( 'NONE',  ( 0.09036144578313230757, -1.250000000000000000, 1.625421686746987948 ) ) ;
#196 = CARTESIAN_POINT ( 'NONE',  ( 0.1771939946250023767, -1.250000000000001110, 0.7717580415739698774 ) ) ;
#197 = EDGE_CURVE ( 'NONE', #2688, #1139, #1746, .T. ) ;
#198 = STYLED_ITEM ( 'NONE', ( #3538 ), #1408 ) ;
#199 = ORIENTED_EDGE ( 'NONE', *, *, #2641, .F. ) ;
#200 = DIRECTION ( 'NONE',  ( 0.000000000000000000, -1.000000000000000000, 0.000000000000000000 ) ) ;
#201 = CARTESIAN_POINT ( 'NONE',  ( 0.2760754353395321603, -1.129999999999999005, 1.138962689903151970 ) ) ;
#202 = EDGE_CURVE ( 'NONE', #278, #90, #1375, .T. ) ;
#203 = ORIENTED_EDGE ( 'NONE', *, *, #1623, .F. ) ;
#204 = PLANE ( 'NONE',  #7 ) ;
#205 = LINE ( 'NONE', #2030, #147 ) ;
#206 = VECTOR ( 'NONE', #1185, 1000.000000000000000 ) ;
#207 = CARTESIAN_POINT ( 'NONE',  ( 1.019999999999999796, -0.000000000000000000, 0.000000000000000000 ) ) ;
#208 = ORIENTED_EDGE ( 'NONE', *, *, #933, .F. ) ;
#209 = VECTOR ( 'NONE', #2383, 1000.000000000000227 ) ;
#210 = VECTOR ( 'NONE', #3083, 1000.000000000000000 ) ;
#211 = SURFACE_STYLE_FILL_AREA ( #1116 ) ;
#212 = FACE_OUTER_BOUND ( 'NONE', #2316, .T. ) ;
#213 = CARTESIAN_POINT ( 'NONE',  ( 0.2732007105321403451, 2.219999999999999751, -2.359999999999988773 ) ) ;
#214 = CARTESIAN_POINT ( 'NONE',  ( 0.2069451709529567807, -1.249999999999969136, 0.7832384112981648494 ) ) ;
#215 = AXIS2_PLACEMENT_3D ( 'NONE', #1510, #264, #1764 ) ;
#216 = VERTEX_POINT ( 'NONE', #782 ) ;
#217 = ORIENTED_EDGE ( 'NONE', *, *, #3558, .F. ) ;
#218 = DIRECTION ( 'NONE',  ( -0.4999999999999998890, 0.8660254037844385966, 0.000000000000000000 ) ) ;
#219 = DIRECTION ( 'NONE',  ( 0.000000000000000000, -1.000000000000000000, 0.000000000000000000 ) ) ;
#220 = ORIENTED_EDGE ( 'NONE', *, *, #2835, .F. ) ;
#221 = FILL_AREA_STYLE_COLOUR ( '', #3710 ) ;
#222 =( BOUNDED_CURVE ( )  B_SPLINE_CURVE ( 3, ( #944, #1241, #1557, #2781 ),
 .UNSPECIFIED., .F., .F. ) 
 B_SPLINE_CURVE_WITH_KNOTS ( ( 4, 4 ),
 ( 5.497787143782140618, 6.283185307179586232 ),
 .UNSPECIFIED. ) 
 CURVE ( )  GEOMETRIC_REPRESENTATION_ITEM ( )  RATIONAL_B_SPLINE_CURVE ( ( 1.000000000000000000, 0.9492530216741915661, 0.9492530216741915661, 1.000000000000000000 ) ) 
 REPRESENTATION_ITEM ( '' )  );
#223 = ORIENTED_EDGE ( 'NONE', *, *, #762, .T. ) ;
#224 = LINE ( 'NONE', #1864, #3240 ) ;
#225 = DIRECTION ( 'NONE',  ( 0.000000000000000000, 0.3420201433256694901, -0.9396926207859082059 ) ) ;
#226 = CARTESIAN_POINT ( 'NONE',  ( -0.3012548339959391086, 2.841254833995938700, 8.016309119164535701 ) ) ;
#227 = VERTEX_POINT ( 'NONE', #3806 ) ;
#228 =( NAMED_UNIT ( * ) SI_UNIT ( $, .STERADIAN. ) SOLID_ANGLE_UNIT ( ) );
#229 = FACE_OUTER_BOUND ( 'NONE', #1298, .T. ) ;
#230 = DIRECTION ( 'NONE',  ( -1.000000000000000000, -8.470329472543003391E-17, -4.301393535249064745E-33 ) ) ;
#231 = CARTESIAN_POINT ( 'NONE',  ( -0.2560000000000000053, 2.860000000000000320, -2.359999999999988773 ) ) ;
#232 = EDGE_CURVE ( 'NONE', #443, #3107, #3847, .T. ) ;
#233 = CARTESIAN_POINT ( 'NONE',  ( 0.3012665221284894224, 2.238733477871510669, -2.466242832470900037 ) ) ;
#234 = ORIENTED_EDGE ( 'NONE', *, *, #2428, .F. ) ;
#235 = ORIENTED_EDGE ( 'NONE', *, *, #2211, .T. ) ;
#236 = PLANE ( 'NONE',  #268 ) ;
#237 = ORIENTED_EDGE ( 'NONE', *, *, #58, .T. ) ;
#238 = CARTESIAN_POINT ( 'NONE',  ( -0.3199999999999999512, 0.3199999999999993405, 7.909999999999988596 ) ) ;
#239 = ORIENTED_EDGE ( 'NONE', *, *, #2851, .F. ) ;
#240 = CARTESIAN_POINT ( 'NONE',  ( 0.05396442235651190827, -1.149999999999999911, 1.270000000000000018 ) ) ;
#241 = DIRECTION ( 'NONE',  ( 0.000000000000000000, 1.000000000000000000, 0.000000000000000000 ) ) ;
#242 = CARTESIAN_POINT ( 'NONE',  ( 1.019999999999999796, -0.9999999999999978906, 2.500000000000000000 ) ) ;
#243 = ORIENTED_EDGE ( 'NONE', *, *, #1125, .F. ) ;
#244 = DIRECTION ( 'NONE',  ( 0.000000000000000000, 1.000000000000000000, 0.000000000000000000 ) ) ;
#245 = EDGE_CURVE ( 'NONE', #2730, #123, #1134, .T. ) ;
#246 = SURFACE_STYLE_FILL_AREA ( #623 ) ;
#247 = SURFACE_SIDE_STYLE ('',( #2056 ) ) ;
#248 = CARTESIAN_POINT ( 'NONE',  ( 0.2071507323465825168, 2.747150732346582469, -3.000000000000000000 ) ) ;
#249 = PLANE ( 'NONE',  #3895 ) ;
#250 = VECTOR ( 'NONE', #1516, 1000.000000000000000 ) ;
#251 = ORIENTED_EDGE ( 'NONE', *, *, #1643, .F. ) ;
#252 = EDGE_LOOP ( 'NONE', ( #3003, #2064, #2271, #728, #1188, #766 ) ) ;
#253 = SURFACE_SIDE_STYLE ('',( #2080 ) ) ;
#254 = ORIENTED_EDGE ( 'NONE', *, *, #2637, .T. ) ;
#255 = MECHANICAL_DESIGN_GEOMETRIC_PRESENTATION_REPRESENTATION (  '', ( #3051 ), #1768 ) ;
#256 = LINE ( 'NONE', #3279, #1659 ) ;
#257 = UNCERTAINTY_MEASURE_WITH_UNIT (LENGTH_MEASURE( 1.000000000000000082E-05 ), #3868, 'distance_accuracy_value', 'NONE');
#258 = VECTOR ( 'NONE', #110, 1000.000000000000000 ) ;
#259 = EDGE_LOOP ( 'NONE', ( #1957, #575, #346, #176 ) ) ;
#260 = DIRECTION ( 'NONE',  ( 0.000000000000000000, 1.000000000000000000, 0.000000000000000000 ) ) ;
#261 = LINE ( 'NONE', #3329, #2935 ) ;
#262 = EDGE_LOOP ( 'NONE', ( #1147, #2919, #101, #479 ) ) ;
#263 = COLOUR_RGB ( '',0.9686274509803921573, 0.8784313725490195957, 0.5999999999999999778 ) ;
#264 = DIRECTION ( 'NONE',  ( 0.000000000000000000, -0.9848077530122085754, 0.1736481776669278054 ) ) ;
#265 = CARTESIAN_POINT ( 'NONE',  ( -0.2560000000000000608, 2.859999999999999876, 7.909999999999988596 ) ) ;
#266 = CARTESIAN_POINT ( 'NONE',  ( -0.2027297558018809898, -1.250000000000000888, 1.377998469153225658 ) ) ;
#267 = FACE_OUTER_BOUND ( 'NONE', #2336, .T. ) ;
#268 = AXIS2_PLACEMENT_3D ( 'NONE', #2081, #3837, #2042 ) ;
#269 = DIRECTION ( 'NONE',  ( -6.842277657836020854E-49, 5.078189165123089681E-17, -1.000000000000000000 ) ) ;
#270 = EDGE_CURVE ( 'NONE', #3516, #2956, #509, .T. ) ;
#271 = CARTESIAN_POINT ( 'NONE',  ( 0.1771939946250046527, -1.249999999999969136, 0.7717580415739583310 ) ) ;
#272 = MECHANICAL_DESIGN_GEOMETRIC_PRESENTATION_REPRESENTATION (  '', ( #1030 ), #3699 ) ;
#273 = AXIS2_PLACEMENT_3D ( 'NONE', #1421, #2034, #2961 ) ;
#274 = ORIENTED_EDGE ( 'NONE', *, *, #908, .F. ) ;
#275 = CARTESIAN_POINT ( 'NONE',  ( -1.169999999999998153, 3.270000000000000462, 0.6000000000000000888 ) ) ;
#276 = CARTESIAN_POINT ( 'NONE',  ( -0.1571002131738234997, -1.129999999999998561, 0.7262900176145011821 ) ) ;
#277 = FACE_OUTER_BOUND ( 'NONE', #2914, .T. ) ;
#278 = VERTEX_POINT ( 'NONE', #2359 ) ;
#279 = ADVANCED_FACE ( 'NONE', ( #3564 ), #1685, .T. ) ;
#280 = MECHANICAL_DESIGN_GEOMETRIC_PRESENTATION_REPRESENTATION (  '', ( #972 ), #3452 ) ;
#281 =( NAMED_UNIT ( * ) SI_UNIT ( $, .STERADIAN. ) SOLID_ANGLE_UNIT ( ) );
#282 =( GEOMETRIC_REPRESENTATION_CONTEXT ( 3 ) GLOBAL_UNCERTAINTY_ASSIGNED_CONTEXT ( ( #2693 ) ) GLOBAL_UNIT_ASSIGNED_CONTEXT ( ( #1670, #2585, #1633 ) ) REPRESENTATION_CONTEXT ( 'NONE', 'WORKASPACE' ) );
#283 = VERTEX_POINT ( 'NONE', #2998 ) ;
#284 = CARTESIAN_POINT ( 'NONE',  ( -0.1563994110147697847, -1.223345048151481596, 1.779701609068659929 ) ) ;
#285 = CARTESIAN_POINT ( 'NONE',  ( -0.3199999999999998956, -0.3200000000000006728, 7.909999999999988596 ) ) ;
#286 = CARTESIAN_POINT ( 'NONE',  ( -9.912051728362340580E-17, -1.149999999999999911, 1.270000000000000018 ) ) ;
#287 = ADVANCED_FACE ( 'NONE', ( #877 ), #1686, .F. ) ;
#288 = ORIENTED_EDGE ( 'NONE', *, *, #635, .F. ) ;
#289 = CARTESIAN_POINT ( 'NONE',  ( -1.019999999999999796, -1.250000000000000222, 0.4500000000000001221 ) ) ;
#290 = CARTESIAN_POINT ( 'NONE',  ( 0.2349614701416065377, -1.250000000000000222, 0.8493962104888764797 ) ) ;
#291 = CARTESIAN_POINT ( 'NONE',  ( -0.2468160340960198484, -1.129999999999999449, 1.361406071841797960 ) ) ;
#292 = CARTESIAN_POINT ( 'NONE',  ( -0.2713367824627651026, -1.149999999999999911, 0.8481160656645542195 ) ) ;
#293 = DIRECTION ( 'NONE',  ( 0.000000000000000000, -0.000000000000000000, -1.000000000000000000 ) ) ;
#294 = CARTESIAN_POINT ( 'NONE',  ( -0.3199999999999998956, -0.2732007105321407892, 7.909999999999990372 ) ) ;
#295 = ORIENTED_EDGE ( 'NONE', *, *, #2759, .T. ) ;
#296 = CARTESIAN_POINT ( 'NONE',  ( -0.2786199085238558748, -1.129999999999998561, 0.8480525636577989079 ) ) ;
#297 = CARTESIAN_POINT ( 'NONE',  ( 0.2786192306686489650, -1.129999999999999227, 1.693317414586857028 ) ) ;
#298 = DIRECTION ( 'NONE',  ( -0.3384441987003333763, -0.9298677936745785022, -0.1442269414945100137 ) ) ;
#299 = UNCERTAINTY_MEASURE_WITH_UNIT (LENGTH_MEASURE( 1.000000000000000082E-05 ), #2878, 'distance_accuracy_value', 'NONE');
#300 = EDGE_CURVE ( 'NONE', #1043, #3331, #938, .T. ) ;
#301 = ORIENTED_EDGE ( 'NONE', *, *, #781, .T. ) ;
#302 = FACE_OUTER_BOUND ( 'NONE', #324, .T. ) ;
#303 = DIRECTION ( 'NONE',  ( -0.000000000000000000, 1.000000000000000000, 0.000000000000000000 ) ) ;
#304 = B_SPLINE_CURVE_WITH_KNOTS ( 'NONE', 3,
 ( #26, #921, #2806, #3347, #2474, #3680, #1229, #621, #1827, #1294, #3723, #3074, #3702, #978, #3404, #678 ),
 .UNSPECIFIED., .F., .F.,
 ( 4, 3, 2, 2, 2, 3, 4 ),
 ( 0.000000000000000000, 1.104703206905780792E-06, 4.554924001587018918E-05, 8.999377682483459206E-05, 0.0001344383136337990153, 0.0001788828504427634385, 0.0001807251478150544556 ),
 .UNSPECIFIED. ) ;
#305 = VERTEX_POINT ( 'NONE', #3667 ) ;
#306 = CARTESIAN_POINT ( 'NONE',  ( -0.2890920949374356508, 0.3134175730544415672, 7.947330798265292984 ) ) ;
#307 = CARTESIAN_POINT ( 'NONE',  ( 1.220000000000000862, -0.7700000000000002398, 0.6500000000000003553 ) ) ;
#308 = CARTESIAN_POINT ( 'NONE',  ( -0.3012548339959391086, -0.3012548339959393862, -2.466309119164536767 ) ) ;
#309 = EDGE_CURVE ( 'NONE', #3331, #710, #1812, .T. ) ;
#310 = CARTESIAN_POINT ( 'NONE',  ( -0.2342914746061890430, -1.129999999999999227, 1.347785745950039971 ) ) ;
#311 = CARTESIAN_POINT ( 'NONE',  ( -0.2640549167020794230, -1.170006761748983326, 0.8482684769003997483 ) ) ;
#312 = PRESENTATION_STYLE_ASSIGNMENT (( #2117 ) ) ;
#313 = EDGE_LOOP ( 'NONE', ( #274, #3585, #806, #2365, #2281, #811 ) ) ;
#314 = CARTESIAN_POINT ( 'NONE',  ( -0.1553685607633366328, -1.250000000000001332, 0.7699516873791895089 ) ) ;
#315 = CARTESIAN_POINT ( 'NONE',  ( 0.2890920949374359283, 0.3134175730544416782, 7.947330798265292984 ) ) ;
#316 =( NAMED_UNIT ( * ) PLANE_ANGLE_UNIT ( ) SI_UNIT ( $, .RADIAN. ) );
#317 = VECTOR ( 'NONE', #2582, 1000.000000000000000 ) ;
#318 = B_SPLINE_CURVE_WITH_KNOTS ( 'NONE', 3,
 ( #2894, #1628, #164, #1320, #396, #2816, #3171 ),
 .UNSPECIFIED., .F., .F.,
 ( 4, 3, 4 ),
 ( 0.000000000000000000, 4.656973448363045139E-05, 0.0001064245802757178262 ),
 .UNSPECIFIED. ) ;
#319 = ORIENTED_EDGE ( 'NONE', *, *, #197, .T. ) ;
#320 = FILL_AREA_STYLE ('',( #1206 ) ) ;
#321 = STYLED_ITEM ( 'NONE', ( #931 ), #661 ) ;
#322 = EDGE_CURVE ( 'NONE', #3252, #1698, #3388, .T. ) ;
#323 = VECTOR ( 'NONE', #724, 999.9999999999998863 ) ;
#324 = EDGE_LOOP ( 'NONE', ( #2712, #2059, #3695, #3484, #1509, #3560 ) ) ;
#325 = FILL_AREA_STYLE_COLOUR ( '', #263 ) ;
#326 = DIRECTION ( 'NONE',  ( 0.000000000000000000, -1.000000000000000000, 0.000000000000000000 ) ) ;
#327 = COLOUR_RGB ( '',0.9686274509803921573, 0.8784313725490195957, 0.5999999999999999778 ) ;
#328 =( BOUNDED_CURVE ( )  B_SPLINE_CURVE ( 3, ( #3661, #600, #3032, #3380 ),
 .UNSPECIFIED., .F., .F. ) 
 B_SPLINE_CURVE_WITH_KNOTS ( ( 4, 4 ),
 ( 3.141592653589793116, 3.926990816987240951 ),
 .UNSPECIFIED. ) 
 CURVE ( )  GEOMETRIC_REPRESENTATION_ITEM ( )  RATIONAL_B_SPLINE_CURVE ( ( 1.000000000000000000, 0.9492530216741912330, 0.9492530216741912330, 1.000000000000000000 ) ) 
 REPRESENTATION_ITEM ( '' )  );
#329 = EDGE_CURVE ( 'NONE', #160, #3259, #2978, .T. ) ;
#330 =( NAMED_UNIT ( * ) SI_UNIT ( $, .STERADIAN. ) SOLID_ANGLE_UNIT ( ) );
#331 = VECTOR ( 'NONE', #953, 1000.000000000000000 ) ;
#332 = CARTESIAN_POINT ( 'NONE',  ( -0.2350737980701156915, -1.129999999999999227, 1.348647269102990709 ) ) ;
#333 = DIRECTION ( 'NONE',  ( -1.000000000000000000, -8.470329472543003391E-17, -4.301393535249064745E-33 ) ) ;
#334 = DIRECTION ( 'NONE',  ( -1.000000000000000000, -4.224164308385081333E-16, 1.537470072901852402E-16 ) ) ;
#335 = CIRCLE ( 'NONE', #3561, 0.6500000000000000222 ) ;
#336 = DIRECTION ( 'NONE',  ( 0.9848077530122085754, 8.341646135128160883E-17, 0.1736481776669273891 ) ) ;
#337 = DIRECTION ( 'NONE',  ( 6.842277657836020854E-49, -5.078189165123089681E-17, 1.000000000000000000 ) ) ;
#338 = CARTESIAN_POINT ( 'NONE',  ( -0.1771939946250030151, -1.250000000000001554, 0.7717580415739703215 ) ) ;
#339 = FACE_OUTER_BOUND ( 'NONE', #3816, .T. ) ;
#340 = CARTESIAN_POINT ( 'NONE',  ( 0.2713367824627647695, -1.149999999999999689, 1.420349964525186914 ) ) ;
#341 = UNCERTAINTY_MEASURE_WITH_UNIT (LENGTH_MEASURE( 1.000000000000000082E-05 ), #149, 'distance_accuracy_value', 'NONE');
#342 = VECTOR ( 'NONE', #184, 1000.000000000000000 ) ;
#343 = STYLED_ITEM ( 'NONE', ( #2801 ), #2119 ) ;
#344 = ORIENTED_EDGE ( 'NONE', *, *, #1949, .T. ) ;
#345 = DIRECTION ( 'NONE',  ( -0.7071067811865463515, -0.7071067811865487940, -0.000000000000000000 ) ) ;
#346 = ORIENTED_EDGE ( 'NONE', *, *, #2123, .F. ) ;
#347 = VECTOR ( 'NONE', #1749, 999.9999999999998863 ) ;
#348 = CARTESIAN_POINT ( 'NONE',  ( -0.3134175730544421223, 2.829092094937436297, -2.397330798265291829 ) ) ;
#349 = AXIS2_PLACEMENT_3D ( 'NONE', #1930, #2833, #686 ) ;
#350 = ORIENTED_EDGE ( 'NONE', *, *, #2502, .F. ) ;
#351 = DIRECTION ( 'NONE',  ( -0.000000000000000000, -0.000000000000000000, -1.000000000000000000 ) ) ;
#352 = DIRECTION ( 'NONE',  ( -0.1710878697460326558, -0.1710878697460326836, -0.9702875252478149193 ) ) ;
#353 = PRESENTATION_LAYER_ASSIGNMENT (  '', '', ( #1417 ) ) ;
#354 = CARTESIAN_POINT ( 'NONE',  ( -5.687887419977258754E-17, -1.250000000000000000, 1.270000000000000018 ) ) ;
#355 = ORIENTED_EDGE ( 'NONE', *, *, #2258, .F. ) ;
#356 = LINE ( 'NONE', #3858, #1202 ) ;
#357 =( BOUNDED_CURVE ( )  B_SPLINE_CURVE ( 3, ( #2410, #2450, #2486, #1837 ),
 .UNSPECIFIED., .F., .F. ) 
 B_SPLINE_CURVE_WITH_KNOTS ( ( 4, 4 ),
 ( 5.497787143782138841, 6.283185307179586232 ),
 .UNSPECIFIED. ) 
 CURVE ( )  GEOMETRIC_REPRESENTATION_ITEM ( )  RATIONAL_B_SPLINE_CURVE ( ( 1.000000000000000000, 0.9492530216741912330, 0.9492530216741912330, 1.000000000000000000 ) ) 
 REPRESENTATION_ITEM ( '' )  );
#358 = DIRECTION ( 'NONE',  ( 0.000000000000000000, -1.000000000000000000, 0.000000000000000000 ) ) ;
#359 = FILL_AREA_STYLE_COLOUR ( '', #2698 ) ;
#360 = ADVANCED_FACE ( 'NONE', ( #862 ), #1217, .F. ) ;
#361 = CARTESIAN_POINT ( 'NONE',  ( -5.687887419977258754E-17, -1.250000000000000000, 1.270000000000000018 ) ) ;
#362 = CARTESIAN_POINT ( 'NONE',  ( -0.1692625335108565165, -1.129999999999998561, 0.7271375653299390063 ) ) ;
#363 = CARTESIAN_POINT ( 'NONE',  ( -0.2349397590361447796, -1.250000000000000000, 1.458064759036144631 ) ) ;
#364 = FILL_AREA_STYLE ('',( #2489 ) ) ;
#365 = EDGE_CURVE ( 'NONE', #3052, #3331, #2504, .T. ) ;
#366 = ORIENTED_EDGE ( 'NONE', *, *, #2684, .F. ) ;
#367 = DIRECTION ( 'NONE',  ( 0.000000000000000000, 0.000000000000000000, -1.000000000000000000 ) ) ;
#368 = ORIENTED_EDGE ( 'NONE', *, *, #3172, .T. ) ;
#369 = CARTESIAN_POINT ( 'NONE',  ( -1.270000000000000684, 3.499999999999997780, 2.350000000000000089 ) ) ;
#370 = CARTESIAN_POINT ( 'NONE',  ( 0.2352773025081802694, -1.129999999999999449, 1.210517445307732753 ) ) ;
#371 = CARTESIAN_POINT ( 'NONE',  ( 0.1584377493068673814, -1.129999999999999227, 0.7263832256260038811 ) ) ;
#372 = LINE ( 'NONE', #1496, #3887 ) ;
#373 = EDGE_LOOP ( 'NONE', ( #2223, #2883, #677, #735 ) ) ;
#374 =( NAMED_UNIT ( * ) SI_UNIT ( $, .STERADIAN. ) SOLID_ANGLE_UNIT ( ) );
#375 = CARTESIAN_POINT ( 'NONE',  ( 0.2713021793734518017, -1.149999999999999245, 1.694026485707925689 ) ) ;
#376 = FILL_AREA_STYLE ('',( #3654 ) ) ;
#377 = EDGE_CURVE ( 'NONE', #2186, #3874, #983, .T. ) ;
#378 = CARTESIAN_POINT ( 'NONE',  ( -0.1560617469879519992, -1.250000000000000000, 0.7700000000000001288 ) ) ;
#379 = LINE ( 'NONE', #2102, #1349 ) ;
#380 = CYLINDRICAL_SURFACE ( 'NONE', #718, 0.06399999999999998745 ) ;
#381 = UNCERTAINTY_MEASURE_WITH_UNIT (LENGTH_MEASURE( 1.000000000000000082E-05 ), #1667, 'distance_accuracy_value', 'NONE');
#382 = EDGE_CURVE ( 'NONE', #1927, #1056, #2518, .T. ) ;
#383 = ORIENTED_EDGE ( 'NONE', *, *, #154, .F. ) ;
#384 = DIRECTION ( 'NONE',  ( -0.1710878697460330722, -0.1710878697460331554, 0.9702875252478149193 ) ) ;
#385 = LINE ( 'NONE', #3093, #2108 ) ;
#386 =( GEOMETRIC_REPRESENTATION_CONTEXT ( 3 ) GLOBAL_UNCERTAINTY_ASSIGNED_CONTEXT ( ( #615 ) ) GLOBAL_UNIT_ASSIGNED_CONTEXT ( ( #1615, #964, #2213 ) ) REPRESENTATION_CONTEXT ( 'NONE', 'WORKASPACE' ) );
#387 = VERTEX_POINT ( 'NONE', #3114 ) ;
#388 = CARTESIAN_POINT ( 'NONE',  ( 0.1665134645258971036, -1.249999999999996225, 1.769280657417295899 ) ) ;
#389 = CARTESIAN_POINT ( 'NONE',  ( -0.09036144578313276554, -1.250000000000000000, 1.462771084337349370 ) ) ;
#390 = CARTESIAN_POINT ( 'NONE',  ( -0.2153368545994596428, -1.129999999999999449, 1.802011221401887964 ) ) ;
#391 = VECTOR ( 'NONE', #2951, 1000.000000000000000 ) ;
#392 = EDGE_LOOP ( 'NONE', ( #2869, #295, #3541, #1429, #3666, #3012 ) ) ;
#393 = AXIS2_PLACEMENT_3D ( 'NONE', #3779, #1308, #2219 ) ;
#394 = CARTESIAN_POINT ( 'NONE',  ( 0.2713137137365562168, -1.149999999999999245, 1.693760853465389848 ) ) ;
#395 = FILL_AREA_STYLE ('',( #3117 ) ) ;
#396 = CARTESIAN_POINT ( 'NONE',  ( -0.2129247039508551376, -1.212505626073918208, 1.368925552519210109 ) ) ;
#397 = AXIS2_PLACEMENT_3D ( 'NONE', #1513, #2075, #3290 ) ;
#398 = CARTESIAN_POINT ( 'NONE',  ( 1.269999999999999796, 3.499999999999998224, 2.350000000000000089 ) ) ;
#399 = DIRECTION ( 'NONE',  ( 0.000000000000000000, 0.000000000000000000, -1.000000000000000000 ) ) ;
#400 =( LENGTH_UNIT ( ) NAMED_UNIT ( * ) SI_UNIT ( .MILLI., .METRE. ) );
#401 = CARTESIAN_POINT ( 'NONE',  ( 0.3200000000000001177, -0.2560000000000007825, 7.909999999999988596 ) ) ;
#402 = ORIENTED_EDGE ( 'NONE', *, *, #300, .T. ) ;
#403 = ORIENTED_EDGE ( 'NONE', *, *, #1313, .T. ) ;
#404 = SURFACE_STYLE_USAGE ( .BOTH. , #2864 ) ;
#405 = STYLED_ITEM ( 'NONE', ( #2000 ), #2261 ) ;
#406 = COLOUR_RGB ( '',1.000000000000000000, 0.000000000000000000, 0.000000000000000000 ) ;
#407 = ORIENTED_EDGE ( 'NONE', *, *, #1727, .T. ) ;
#408 = EDGE_CURVE ( 'NONE', #3421, #2553, #1316, .T. ) ;
#409 = LINE ( 'NONE', #2247, #3375 ) ;
#410 = CARTESIAN_POINT ( 'NONE',  ( 0.1665885810817074597, -1.250000000000000888, 0.7707336829929043454 ) ) ;
#411 = PRESENTATION_LAYER_ASSIGNMENT (  '', '', ( #3700 ) ) ;
#412 = ORIENTED_EDGE ( 'NONE', *, *, #2701, .F. ) ;
#413 = VECTOR ( 'NONE', #2567, 1000.000000000000227 ) ;
#414 = LINE ( 'NONE', #2559, #2992 ) ;
#415 = CARTESIAN_POINT ( 'NONE',  ( 0.2713367824627647140, -1.149999999999999911, 1.693229588980317502 ) ) ;
#416 =( LENGTH_UNIT ( ) NAMED_UNIT ( * ) SI_UNIT ( .MILLI., .METRE. ) );
#417 = PLANE ( 'NONE',  #2505 ) ;
#418 = CARTESIAN_POINT ( 'NONE',  ( 0.2560000000000002274, -0.3200000000000001732, -2.359999999999988773 ) ) ;
#419 = CARTESIAN_POINT ( 'NONE',  ( -0.2300749665017324253, -1.149999999999999911, 1.353970648056181725 ) ) ;
#420 = PRESENTATION_STYLE_ASSIGNMENT (( #708 ) ) ;
#421 = CARTESIAN_POINT ( 'NONE',  ( -0.3012548339959390531, -0.3012548339959397747, 8.016309119164535701 ) ) ;
#422 = VERTEX_POINT ( 'NONE', #2849 ) ;
#423 = CARTESIAN_POINT ( 'NONE',  ( 0.3012548339959392751, 2.238745166004060039, 8.016309119164535701 ) ) ;
#424 = LINE ( 'NONE', #1620, #3763 ) ;
#425 = EDGE_CURVE ( 'NONE', #3529, #3516, #414, .T. ) ;
#426 = ORIENTED_EDGE ( 'NONE', *, *, #3584, .F. ) ;
#427 = ORIENTED_EDGE ( 'NONE', *, *, #3920, .T. ) ;
#428 = SURFACE_STYLE_FILL_AREA ( #3153 ) ;
#429 = CARTESIAN_POINT ( 'NONE',  ( 0.2291490472775132015, -1.149999999999999689, 1.206427255910813345 ) ) ;
#430 = LINE ( 'NONE', #3745, #3770 ) ;
#431 = CARTESIAN_POINT ( 'NONE',  ( 0.2349397590361444188, -1.250000000000000000, 1.692439759036144631 ) ) ;
#432 = DIRECTION ( 'NONE',  ( 1.000000000000000000, 0.000000000000000000, 0.000000000000000000 ) ) ;
#433 = CARTESIAN_POINT ( 'NONE',  ( -0.2705584101385457019, -1.149999999999999911, 1.441811514564153240 ) ) ;
#434 = CARTESIAN_POINT ( 'NONE',  ( -0.2713367824627651581, -1.149999999999999911, 1.691883934335445705 ) ) ;
#435 = EDGE_LOOP ( 'NONE', ( #555, #3269, #1443, #1993 ) ) ;
#436 = SURFACE_SIDE_STYLE ('',( #3161 ) ) ;
#437 = CARTESIAN_POINT ( 'NONE',  ( 0.000000000000000000, 0.000000000000000000, 0.000000000000000000 ) ) ;
#438 = EDGE_LOOP ( 'NONE', ( #2524, #2602, #2575, #2497 ) ) ;
#439 = PLANE ( 'NONE',  #3004 ) ;
#440 = CARTESIAN_POINT ( 'NONE',  ( -0.1568216416384683176, -1.190011714886031635, 0.7481660498138413828 ) ) ;
#441 = ADVANCED_FACE ( 'NONE', ( #1587 ), #1039, .F. ) ;
#442 = VECTOR ( 'NONE', #2485, 1000.000000000000000 ) ;
#443 = VERTEX_POINT ( 'NONE', #1928 ) ;
#444 = PRESENTATION_STYLE_ASSIGNMENT (( #3534 ) ) ;
#445 = CARTESIAN_POINT ( 'NONE',  ( 0.2535467056952659948, -1.150000000000000355, 1.175550503132069213 ) ) ;
#446 = EDGE_CURVE ( 'NONE', #710, #2769, #1625, .T. ) ;
#447 = MECHANICAL_DESIGN_GEOMETRIC_PRESENTATION_REPRESENTATION (  '', ( #2741 ), #2675 ) ;
#448 = LINE ( 'NONE', #1041, #2238 ) ;
#449 = CARTESIAN_POINT ( 'NONE',  ( 0.2410059295283514258, -1.233333333550099553, 1.692571428441517867 ) ) ;
#450 =( GEOMETRIC_REPRESENTATION_CONTEXT ( 3 ) GLOBAL_UNCERTAINTY_ASSIGNED_CONTEXT ( ( #3719 ) ) GLOBAL_UNIT_ASSIGNED_CONTEXT ( ( #1899, #2533, #3793 ) ) REPRESENTATION_CONTEXT ( 'NONE', 'WORKASPACE' ) );
#451 = EDGE_LOOP ( 'NONE', ( #1822, #1998, #2968, #2752 ) ) ;
#452 = FILL_AREA_STYLE_COLOUR ( '', #2545 ) ;
#453 = CARTESIAN_POINT ( 'NONE',  ( 0.7700000000000004619, -1.250000000000000222, 2.500000000000000000 ) ) ;
#454 = EDGE_CURVE ( 'NONE', #1359, #3129, #356, .T. ) ;
#455 = PLANE ( 'NONE',  #2815 ) ;
#456 = AXIS2_PLACEMENT_3D ( 'NONE', #1235, #2463, #939 ) ;
#457 = CARTESIAN_POINT ( 'NONE',  ( -0.3012548339959391086, -0.3012548339959393862, -2.466309119164536767 ) ) ;
#458 = VECTOR ( 'NONE', #466, 999.9999999999998863 ) ;
#459 = VERTEX_POINT ( 'NONE', #2672 ) ;
#460 = CARTESIAN_POINT ( 'NONE',  ( 1.019999999999999796, -0.000000000000000000, 0.000000000000000000 ) ) ;
#461 = FILL_AREA_STYLE ('',( #2825 ) ) ;
#462 = MECHANICAL_DESIGN_GEOMETRIC_PRESENTATION_REPRESENTATION (  '', ( #76 ), #900 ) ;
#463 = VERTEX_POINT ( 'NONE', #576 ) ;
#464 = VECTOR ( 'NONE', #3644, 1000.000000000000000 ) ;
#465 = CARTESIAN_POINT ( 'NONE',  ( 0.2349397590361444188, -1.250000000000000000, 1.692439759036144631 ) ) ;
#466 = DIRECTION ( 'NONE',  ( -0.7071067811865469066, 0.7071067811865482389, 0.000000000000000000 ) ) ;
#467 = MECHANICAL_DESIGN_GEOMETRIC_PRESENTATION_REPRESENTATION (  '', ( #3446 ), #1657 ) ;
#468 = ORIENTED_EDGE ( 'NONE', *, *, #245, .F. ) ;
#469 = SURFACE_STYLE_USAGE ( .BOTH. , #2332 ) ;
#470 = COLOUR_RGB ( '',0.9686274509803921573, 0.8784313725490195957, 0.5999999999999999778 ) ;
#471 = CARTESIAN_POINT ( 'NONE',  ( 0.2470721000592433214, -1.216666666993912571, 1.692703082611979548 ) ) ;
#472 = VECTOR ( 'NONE', #1422, 1000.000000000000000 ) ;
#473 = EDGE_LOOP ( 'NONE', ( #355, #1367, #254, #1445, #3079, #3788, #2190, #402 ) ) ;
#474 = SURFACE_SIDE_STYLE ('',( #2294 ) ) ;
#475 = CARTESIAN_POINT ( 'NONE',  ( -1.498304512629999863, -1.250000000000000222, 2.350000000000000089 ) ) ;
#476 =( NAMED_UNIT ( * ) PLANE_ANGLE_UNIT ( ) SI_UNIT ( $, .RADIAN. ) );
#477 = EDGE_CURVE ( 'NONE', #2750, #748, #2971, .T. ) ;
#478 = ORIENTED_EDGE ( 'NONE', *, *, #1025, .T. ) ;
#479 = ORIENTED_EDGE ( 'NONE', *, *, #2290, .T. ) ;
#480 = SURFACE_STYLE_USAGE ( .BOTH. , #2572 ) ;
#481 = SURFACE_SIDE_STYLE ('',( #1326 ) ) ;
#482 = CARTESIAN_POINT ( 'NONE',  ( 0.2221105522436115642, -1.250000000000001110, 0.7980297930901474324 ) ) ;
#483 = EDGE_CURVE ( 'NONE', #1191, #1249, #2414, .T. ) ;
#484 = ORIENTED_EDGE ( 'NONE', *, *, #588, .T. ) ;
#485 =( LENGTH_UNIT ( ) NAMED_UNIT ( * ) SI_UNIT ( .MILLI., .METRE. ) );
#486 = PLANE ( 'NONE',  #1906 ) ;
#487 = ORIENTED_EDGE ( 'NONE', *, *, #981, .F. ) ;
#488 = DIRECTION ( 'NONE',  ( 0.7196877547425333255, 0.000000000000000000, -0.6942978724392371292 ) ) ;
#489 = EDGE_LOOP ( 'NONE', ( #2709, #288, #3896, #1666, #3436, #2165 ) ) ;
#490 = CARTESIAN_POINT ( 'NONE',  ( -0.3199999999999999512, 0.3199999999999998401, -2.359999999999988773 ) ) ;
#491 = CARTESIAN_POINT ( 'NONE',  ( 1.019999999999999796, 3.499999999999998224, 0.000000000000000000 ) ) ;
#492 = ADVANCED_FACE ( 'NONE', ( #3602 ), #3282, .T. ) ;
#493 = CARTESIAN_POINT ( 'NONE',  ( 0.2349397590361444188, -1.250000000000000000, 0.8488780120481929092 ) ) ;
#494 = ORIENTED_EDGE ( 'NONE', *, *, #2569, .F. ) ;
#495 = ORIENTED_EDGE ( 'NONE', *, *, #756, .T. ) ;
#496 = CARTESIAN_POINT ( 'NONE',  ( 0.3012548339959391641, -0.3012548339959392751, -2.466309119164537655 ) ) ;
#497 = CARTESIAN_POINT ( 'NONE',  ( 0.2071551287368016692, -1.129999999999999449, 1.804614892643308321 ) ) ;
#498 = EDGE_CURVE ( 'NONE', #3266, #1401, #2022, .T. ) ;
#499 = CARTESIAN_POINT ( 'NONE',  ( -0.1591065173733900995, -1.129999999999999227, 1.813570170368244527 ) ) ;
#500 = VERTEX_POINT ( 'NONE', #556 ) ;
#501 = CARTESIAN_POINT ( 'NONE',  ( 1.169999999999999041, -0.9999999999999978906, 2.350000000000000089 ) ) ;
#502 = DIRECTION ( 'NONE',  ( -0.1710878697460331277, 0.1710878697460330722, 0.9702875252478149193 ) ) ;
#503 = EDGE_LOOP ( 'NONE', ( #3219, #2277, #3597, #3850, #185 ) ) ;
#504 = FACE_OUTER_BOUND ( 'NONE', #1068, .T. ) ;
#505 = SURFACE_STYLE_FILL_AREA ( #2055 ) ;
#506 = COLOUR_RGB ( '',1.000000000000000000, 0.8431372549019607865, 0.000000000000000000 ) ;
#507 = VERTEX_POINT ( 'NONE', #541 ) ;
#508 =( GEOMETRIC_REPRESENTATION_CONTEXT ( 3 ) GLOBAL_UNCERTAINTY_ASSIGNED_CONTEXT ( ( #1879 ) ) GLOBAL_UNIT_ASSIGNED_CONTEXT ( ( #2959, #759, #2896 ) ) REPRESENTATION_CONTEXT ( 'NONE', 'WORKASPACE' ) );
#509 = LINE ( 'NONE', #2937, #317 ) ;
#510 = DIRECTION ( 'NONE',  ( 0.7213041043845912492, 0.000000000000000000, -0.6926185017727599647 ) ) ;
#511 =( NAMED_UNIT ( * ) SI_UNIT ( $, .STERADIAN. ) SOLID_ANGLE_UNIT ( ) );
#512 = STYLED_ITEM ( 'NONE', ( #1908 ), #360 ) ;
#513 = ORIENTED_EDGE ( 'NONE', *, *, #2528, .T. ) ;
#514 = ORIENTED_EDGE ( 'NONE', *, *, #852, .T. ) ;
#515 =( LENGTH_UNIT ( ) NAMED_UNIT ( * ) SI_UNIT ( .MILLI., .METRE. ) );
#516 = MECHANICAL_DESIGN_GEOMETRIC_PRESENTATION_REPRESENTATION (  '', ( #1580 ), #450 ) ;
#517 = CARTESIAN_POINT ( 'NONE',  ( 0.1553725301157396765, -1.250000000000000888, 1.770047435557180249 ) ) ;
#518 = EDGE_LOOP ( 'NONE', ( #2016, #1105, #2593, #1984, #853, #3709 ) ) ;
#519 = CARTESIAN_POINT ( 'NONE',  ( -0.1571002131738393759, -1.129999999999999227, 1.813709982385499631 ) ) ;
#520 = COLOUR_RGB ( '',1.000000000000000000, 0.8431372549019607865, 0.000000000000000000 ) ;
#521 = ORIENTED_EDGE ( 'NONE', *, *, #1858, .F. ) ;
#522 = CARTESIAN_POINT ( 'NONE',  ( -0.1565682309120723370, -1.210017572091696580, 1.784552413652316982 ) ) ;
#523 = SURFACE_SIDE_STYLE ('',( #3859 ) ) ;
#524 = CARTESIAN_POINT ( 'NONE',  ( 1.019999999999999796, 3.499999999999998224, 2.500000000000000000 ) ) ;
#525 = VECTOR ( 'NONE', #3111, 1000.000000000000000 ) ;
#526 = EDGE_CURVE ( 'NONE', #1249, #227, #1759, .T. ) ;
#527 = ORIENTED_EDGE ( 'NONE', *, *, #727, .F. ) ;
#528 =( LENGTH_UNIT ( ) NAMED_UNIT ( * ) SI_UNIT ( .MILLI., .METRE. ) );
#529 = CARTESIAN_POINT ( 'NONE',  ( -1.019999999999999796, -0.9999999999999988898, 0.000000000000000000 ) ) ;
#530 =( GEOMETRIC_REPRESENTATION_CONTEXT ( 3 ) GLOBAL_UNCERTAINTY_ASSIGNED_CONTEXT ( ( #2568 ) ) GLOBAL_UNIT_ASSIGNED_CONTEXT ( ( #2918, #190, #511 ) ) REPRESENTATION_CONTEXT ( 'NONE', 'WORKASPACE' ) );
#531 = VECTOR ( 'NONE', #1149, 1000.000000000000000 ) ;
#532 = DIRECTION ( 'NONE',  ( 1.000000000000000000, 0.000000000000000000, 0.000000000000000000 ) ) ;
#533 = COLOUR_RGB ( '',0.9686274509803921573, 0.8784313725490195957, 0.5999999999999999778 ) ;
#534 = SURFACE_STYLE_USAGE ( .BOTH. , #3905 ) ;
#535 = VECTOR ( 'NONE', #1529, 1000.000000000000000 ) ;
#536 = VERTEX_POINT ( 'NONE', #1781 ) ;
#537 = EDGE_LOOP ( 'NONE', ( #693, #549, #3845, #714 ) ) ;
#538 = VERTEX_POINT ( 'NONE', #1430 ) ;
#539 = DIRECTION ( 'NONE',  ( -1.000000000000000000, -0.000000000000000000, -0.000000000000000000 ) ) ;
#540 = EDGE_LOOP ( 'NONE', ( #2942, #2901, #952, #1525, #3470 ) ) ;
#541 = CARTESIAN_POINT ( 'NONE',  ( 0.7699999999999996847, 3.749999999999999112, 2.500000000000000000 ) ) ;
#542 = CARTESIAN_POINT ( 'NONE',  ( 0.1566872219846692782, -1.200000000451067139, 1.788198511549135228 ) ) ;
#543 = EDGE_CURVE ( 'NONE', #3490, #674, #3853, .T. ) ;
#544 = ORIENTED_EDGE ( 'NONE', *, *, #2290, .F. ) ;
#545 = CARTESIAN_POINT ( 'NONE',  ( -1.019999999999999796, 3.499999999999997780, 2.500000000000000000 ) ) ;
#546 =( LENGTH_UNIT ( ) NAMED_UNIT ( * ) SI_UNIT ( .MILLI., .METRE. ) );
#547 = CARTESIAN_POINT ( 'NONE',  ( -0.05396442235651247726, -1.149999999999999911, 1.478281562544640160 ) ) ;
#548 = LINE ( 'NONE', #491, #347 ) ;
#549 = ORIENTED_EDGE ( 'NONE', *, *, #2873, .T. ) ;
#550 = VERTEX_POINT ( 'NONE', #3913 ) ;
#551 =( NAMED_UNIT ( * ) PLANE_ANGLE_UNIT ( ) SI_UNIT ( $, .RADIAN. ) );
#552 = CARTESIAN_POINT ( 'NONE',  ( 0.2349625787886141792, -1.250000000000000888, 1.691914351317265197 ) ) ;
#553 = VERTEX_POINT ( 'NONE', #2085 ) ;
#554 = LINE ( 'NONE', #2987, #2955 ) ;
#555 = ORIENTED_EDGE ( 'NONE', *, *, #365, .F. ) ;
#556 = CARTESIAN_POINT ( 'NONE',  ( 0.2560000000000001719, 2.859999999999999876, 7.909999999999988596 ) ) ;
#557 = DIRECTION ( 'NONE',  ( 0.000000000000000000, -0.000000000000000000, 1.000000000000000000 ) ) ;
#558 = CARTESIAN_POINT ( 'NONE',  ( -0.09036144578313276554, -1.250000000000000000, 1.095301204819277396 ) ) ;
#559 = ORIENTED_EDGE ( 'NONE', *, *, #2931, .T. ) ;
#560 = CARTESIAN_POINT ( 'NONE',  ( -0.05396442235651247726, -1.149999999999999911, 1.131698228245897608 ) ) ;
#561 = LINE ( 'NONE', #1726, #2173 ) ;
#562 = EDGE_CURVE ( 'NONE', #2311, #1918, #2147, .T. ) ;
#563 = CARTESIAN_POINT ( 'NONE',  ( -0.2403630389942344181, -1.129999999999999227, 1.354471974263679268 ) ) ;
#564 = DIRECTION ( 'NONE',  ( 0.000000000000000000, -0.000000000000000000, 1.000000000000000000 ) ) ;
#565 = LINE ( 'NONE', #3543, #1155 ) ;
#566 = ORIENTED_EDGE ( 'NONE', *, *, #1136, .F. ) ;
#567 = EDGE_CURVE ( 'NONE', #156, #1056, #3785, .T. ) ;
#568 = CARTESIAN_POINT ( 'NONE',  ( -0.2123439580472830379, -1.150000000000000799, 0.7446777659061306620 ) ) ;
#569 = CARTESIAN_POINT ( 'NONE',  ( 0.1573284206430634047, -1.149999999999999911, 0.7336029765733798058 ) ) ;
#570 = CARTESIAN_POINT ( 'NONE',  ( 0.1690652669431453592, -1.129999999999999227, 1.812884886196573619 ) ) ;
#571 = ORIENTED_EDGE ( 'NONE', *, *, #2177, .F. ) ;
#572 = CARTESIAN_POINT ( 'NONE',  ( -0.1665885810817080981, -1.249999999999993117, 0.7707336829928979061 ) ) ;
#573 = UNCERTAINTY_MEASURE_WITH_UNIT (LENGTH_MEASURE( 1.000000000000000082E-05 ), #546, 'distance_accuracy_value', 'NONE');
#574 = COLOUR_RGB ( '',1.000000000000000000, 0.000000000000000000, 0.000000000000000000 ) ;
#575 = ORIENTED_EDGE ( 'NONE', *, *, #2591, .F. ) ;
#576 = CARTESIAN_POINT ( 'NONE',  ( -0.2071507323465823225, 2.332849267653417158, -3.000000000000000000 ) ) ;
#577 = CARTESIAN_POINT ( 'NONE',  ( 0.000000000000000000, -0.2071507323465826000, -3.000000000000000000 ) ) ;
#578 = CARTESIAN_POINT ( 'NONE',  ( 0.1564787436807797416, -1.216666667114969069, 1.782132340979038165 ) ) ;
#579 = VECTOR ( 'NONE', #1612, 1000.000000000000000 ) ;
#580 = EDGE_LOOP ( 'NONE', ( #235, #141, #2936, #3893 ) ) ;
#581 = VECTOR ( 'NONE', #3932, 1000.000000000000000 ) ;
#582 = LINE ( 'NONE', #2994, #132 ) ;
#583 = B_SPLINE_CURVE_WITH_KNOTS ( 'NONE', 3,
 ( #3110, #388, #3760, #1054, #3798, #3207, #749, #2610, #715, #1351, #1962, #465 ),
 .UNSPECIFIED., .F., .F.,
 ( 4, 2, 2, 2, 2, 4 ),
 ( 0.000000000000000000, 3.117632172700241460E-05, 4.676448259050362528E-05, 6.235264345400482920E-05, 9.352896518100725057E-05, 0.0001247052869080096584 ),
 .UNSPECIFIED. ) ;
#584 = FACE_OUTER_BOUND ( 'NONE', #1871, .T. ) ;
#585 = CARTESIAN_POINT ( 'NONE',  ( -0.2019392674056429970, -1.250000000000000888, 1.377127937580157946 ) ) ;
#586 = LINE ( 'NONE', #2153, #653 ) ;
#587 = LINE ( 'NONE', #1500, #1531 ) ;
#588 = EDGE_CURVE ( 'NONE', #2532, #2032, #224, .T. ) ;
#589 = VECTOR ( 'NONE', #722, 1000.000000000000000 ) ;
#590 = STYLED_ITEM ( 'NONE', ( #3455 ), #2523 ) ;
#591 = DIRECTION ( 'NONE',  ( -1.000000000000000000, -0.000000000000000000, -0.000000000000000000 ) ) ;
#592 = DIRECTION ( 'NONE',  ( 0.7071067811865495711, -0.000000000000000000, 0.7071067811865454633 ) ) ;
#593 = CARTESIAN_POINT ( 'NONE',  ( 0.2785746634409132505, -1.129999999999999227, 1.694343831042281812 ) ) ;
#594 = AXIS2_PLACEMENT_3D ( 'NONE', #875, #923, #1787 ) ;
#595 = CARTESIAN_POINT ( 'NONE',  ( -0.1771939946250035425, -1.249999999999993561, 0.7717580415739673239 ) ) ;
#596 = EDGE_CURVE ( 'NONE', #2620, #2956, #675, .T. ) ;
#597 = EDGE_CURVE ( 'NONE', #2311, #2395, #2751, .T. ) ;
#598 = PRESENTATION_LAYER_ASSIGNMENT (  '', '', ( #1165 ) ) ;
#599 = ORIENTED_EDGE ( 'NONE', *, *, #3831, .T. ) ;
#600 = CARTESIAN_POINT ( 'NONE',  ( 0.2732007105321402896, 2.859999999999999876, -2.359999999999988773 ) ) ;
#601 = LINE ( 'NONE', #1447, #1348 ) ;
#602 = DIRECTION ( 'NONE',  ( -6.842277657836020854E-49, 5.078189165123089681E-17, -1.000000000000000000 ) ) ;
#603 = EDGE_CURVE ( 'NONE', #3720, #37, #3092, .T. ) ;
#604 = ORIENTED_EDGE ( 'NONE', *, *, #1541, .F. ) ;
#605 = CARTESIAN_POINT ( 'NONE',  ( 0.2531321181320720370, -1.200016904177328980, 0.8484971227639197533 ) ) ;
#606 = PRESENTATION_STYLE_ASSIGNMENT (( #1870 ) ) ;
#607 = CARTESIAN_POINT ( 'NONE',  ( -0.2080741993322297034, -1.250000000000000888, 1.383884079689430058 ) ) ;
#608 =( NAMED_UNIT ( * ) SI_UNIT ( $, .STERADIAN. ) SOLID_ANGLE_UNIT ( ) );
#609 = PRESENTATION_STYLE_ASSIGNMENT (( #3100 ) ) ;
#610 = LINE ( 'NONE', #3024, #3569 ) ;
#611 = CARTESIAN_POINT ( 'NONE',  ( 0.2071507323465820449, 0.2071507323465813233, 8.550000000000000711 ) ) ;
#612 = EDGE_CURVE ( 'NONE', #1091, #1459, #2913, .T. ) ;
#613 = CARTESIAN_POINT ( 'NONE',  ( -0.1560617469879519714, -1.250000000000001332, 0.7700000000000005729 ) ) ;
#614 = FACE_OUTER_BOUND ( 'NONE', #3491, .T. ) ;
#615 = UNCERTAINTY_MEASURE_WITH_UNIT (LENGTH_MEASURE( 1.000000000000000082E-05 ), #1615, 'distance_accuracy_value', 'NONE');
#616 = VERTEX_POINT ( 'NONE', #655 ) ;
#617 = EDGE_CURVE ( 'NONE', #2668, #2010, #3401, .T. ) ;
#618 = DIRECTION ( 'NONE',  ( 6.842277657836020854E-49, -5.078189165123089681E-17, 1.000000000000000000 ) ) ;
#619 = ORIENTED_EDGE ( 'NONE', *, *, #3865, .T. ) ;
#620 = ORIENTED_EDGE ( 'NONE', *, *, #159, .T. ) ;
#621 = CARTESIAN_POINT ( 'NONE',  ( 0.2518730436385708260, -1.149999999999990807, 0.7762156859387957519 ) ) ;
#622 = LINE ( 'NONE', #1828, #1585 ) ;
#623 = FILL_AREA_STYLE ('',( #3289 ) ) ;
#624 =( BOUNDED_CURVE ( )  B_SPLINE_CURVE ( 3, ( #3471, #1593, #742, #3732 ),
 .UNSPECIFIED., .F., .F. ) 
 B_SPLINE_CURVE_WITH_KNOTS ( ( 4, 4 ),
 ( 5.497787143782138841, 6.283185307179586232 ),
 .UNSPECIFIED. ) 
 CURVE ( )  GEOMETRIC_REPRESENTATION_ITEM ( )  RATIONAL_B_SPLINE_CURVE ( ( 1.000000000000000000, 0.9492530216741912330, 0.9492530216741912330, 1.000000000000000000 ) ) 
 REPRESENTATION_ITEM ( '' )  );
#625 = DIRECTION ( 'NONE',  ( -0.5000000000000003331, -0.8660254037844383745, 0.000000000000000000 ) ) ;
#626 = CARTESIAN_POINT ( 'NONE',  ( -0.3012548339959390531, -0.3012548339959397747, 8.016309119164535701 ) ) ;
#627 = CARTESIAN_POINT ( 'NONE',  ( -0.2518730436385691607, -1.150000000000001021, 0.7762156859388007479 ) ) ;
#628 = CARTESIAN_POINT ( 'NONE',  ( -0.2786410898395588753, -1.129999999999998561, 0.8485582526187541719 ) ) ;
#629 = CARTESIAN_POINT ( 'NONE',  ( -0.2213400359742180024, -1.249999999999999112, 1.401401803917047051 ) ) ;
#630 = DIRECTION ( 'NONE',  ( -0.000000000000000000, -0.000000000000000000, -1.000000000000000000 ) ) ;
#631 = ORIENTED_EDGE ( 'NONE', *, *, #3843, .F. ) ;
#632 = LINE ( 'NONE', #1842, #3119 ) ;
#633 = VECTOR ( 'NONE', #3081, 999.9999999999998863 ) ;
#634 = DIRECTION ( 'NONE',  ( -1.000000000000000000, 0.000000000000000000, 0.000000000000000000 ) ) ;
#635 = EDGE_CURVE ( 'NONE', #1056, #40, #632, .T. ) ;
#636 = VERTEX_POINT ( 'NONE', #1804 ) ;
#637 = CARTESIAN_POINT ( 'NONE',  ( -5.687887419977258754E-17, -1.250000000000000000, 1.270000000000000018 ) ) ;
#638 = AXIS2_PLACEMENT_3D ( 'NONE', #3729, #92, #685 ) ;
#639 = CARTESIAN_POINT ( 'NONE',  ( 0.2350048923525313027, -1.249999999999998890, 0.8504326073702437316 ) ) ;
#640 = EDGE_CURVE ( 'NONE', #536, #1205, #328, .T. ) ;
#641 = AXIS2_PLACEMENT_3D ( 'NONE', #286, #3302, #856 ) ;
#642 = VERTEX_POINT ( 'NONE', #38 ) ;
#643 = CARTESIAN_POINT ( 'NONE',  ( 0.2328456203364163146, -1.249999999999997558, 1.129924358544335705 ) ) ;
#644 = DIRECTION ( 'NONE',  ( -0.000000000000000000, -0.000000000000000000, 1.000000000000000000 ) ) ;
#645 =( NAMED_UNIT ( * ) PLANE_ANGLE_UNIT ( ) SI_UNIT ( $, .RADIAN. ) );
#646 = MECHANICAL_DESIGN_GEOMETRIC_PRESENTATION_REPRESENTATION (  '', ( #904 ), #1652 ) ;
#647 = CARTESIAN_POINT ( 'NONE',  ( -0.2713260487806428145, -1.150000000000000355, 0.8478598182612379075 ) ) ;
#648 = CARTESIAN_POINT ( 'NONE',  ( -0.2785775458924499848, -1.129999999999998561, 0.8470411857358883800 ) ) ;
#649 = LINE ( 'NONE', #1284, #2437 ) ;
#650 =( NAMED_UNIT ( * ) SI_UNIT ( $, .STERADIAN. ) SOLID_ANGLE_UNIT ( ) );
#651 = UNCERTAINTY_MEASURE_WITH_UNIT (LENGTH_MEASURE( 1.000000000000000082E-05 ), #1220, 'distance_accuracy_value', 'NONE');
#652 = VECTOR ( 'NONE', #1515, 1000.000000000000000 ) ;
#653 = VECTOR ( 'NONE', #1856, 1000.000000000000114 ) ;
#654 = EDGE_LOOP ( 'NONE', ( #2082, #1140, #2874, #2183 ) ) ;
#655 = CARTESIAN_POINT ( 'NONE',  ( -1.270000000000000684, 3.499999999999997780, 0.5999999999999998668 ) ) ;
#656 = CARTESIAN_POINT ( 'NONE',  ( -0.3199999999999999512, 2.747150732346581581, 8.550000000000000711 ) ) ;
#657 =( GEOMETRIC_REPRESENTATION_CONTEXT ( 3 ) GLOBAL_UNCERTAINTY_ASSIGNED_CONTEXT ( ( #573 ) ) GLOBAL_UNIT_ASSIGNED_CONTEXT ( ( #546, #3880, #3249 ) ) REPRESENTATION_CONTEXT ( 'NONE', 'WORKASPACE' ) );
#658 = ORIENTED_EDGE ( 'NONE', *, *, #588, .F. ) ;
#659 = DIRECTION ( 'NONE',  ( 0.000000000000000000, 0.3420201433256694901, -0.9396926207859082059 ) ) ;
#660 = FACE_OUTER_BOUND ( 'NONE', #1007, .T. ) ;
#661 = ADVANCED_FACE ( 'NONE', ( #302 ), #948, .F. ) ;
#662 =( GEOMETRIC_REPRESENTATION_CONTEXT ( 3 ) GLOBAL_UNCERTAINTY_ASSIGNED_CONTEXT ( ( #3280 ) ) GLOBAL_UNIT_ASSIGNED_CONTEXT ( ( #3718, #3414, #650 ) ) REPRESENTATION_CONTEXT ( 'NONE', 'WORKASPACE' ) );
#663 = CARTESIAN_POINT ( 'NONE',  ( -0.2221105522436119806, -1.250000000000000666, 1.741970206909851937 ) ) ;
#664 = CARTESIAN_POINT ( 'NONE',  ( -2.169999999999998153, -0.9999999999999988898, 1.600000000000011857 ) ) ;
#665 = EDGE_LOOP ( 'NONE', ( #2017, #683, #3510 ) ) ;
#666 = CARTESIAN_POINT ( 'NONE',  ( -1.169999999999998153, -0.9999999999999986677, 0.6000000000000000888 ) ) ;
#667 = CARTESIAN_POINT ( 'NONE',  ( 0.2046354681263881925, -1.149999999999999467, 1.797774733183607809 ) ) ;
#668 = EDGE_CURVE ( 'NONE', #3679, #1364, #1561, .T. ) ;
#669 = LINE ( 'NONE', #3336, #210 ) ;
#670 = FACE_OUTER_BOUND ( 'NONE', #1966, .T. ) ;
#671 = CARTESIAN_POINT ( 'NONE',  ( -9.912051728362343045E-17, -1.149999999999999911, 1.270000000000000018 ) ) ;
#672 = CARTESIAN_POINT ( 'NONE',  ( -0.3012548339959390531, -0.3012548339959397747, 8.016309119164535701 ) ) ;
#673 = PLANE ( 'NONE',  #2233 ) ;
#674 = VERTEX_POINT ( 'NONE', #2162 ) ;
#675 = LINE ( 'NONE', #3696, #2608 ) ;
#676 = PLANE ( 'NONE',  #3566 ) ;
#677 = ORIENTED_EDGE ( 'NONE', *, *, #3031, .F. ) ;
#678 = CARTESIAN_POINT ( 'NONE',  ( 0.1573284206430634047, -1.149999999999999911, 0.7336029765733798058 ) ) ;
#679 = DIRECTION ( 'NONE',  ( -0.6508484951356541259, 0.3420201433256692125, -0.6778041442327888966 ) ) ;
#680 = CARTESIAN_POINT ( 'NONE',  ( -0.1539821883141158920, -1.250000000000000888, 1.770144937862433876 ) ) ;
#681 = B_SPLINE_CURVE_WITH_KNOTS ( 'NONE', 3,
 ( #1432, #161, #2655, #3479, #440, #1640, #2867, #138, #1369, #2592 ),
 .UNSPECIFIED., .F., .F.,
 ( 4, 3, 3, 4 ),
 ( 0.000000000000000000, 3.193694500260363584E-05, 6.387389000520681090E-05, 0.0001064253154868430827 ),
 .UNSPECIFIED. ) ;
#682 = EDGE_CURVE ( 'NONE', #1264, #2626, #55, .T. ) ;
#683 = ORIENTED_EDGE ( 'NONE', *, *, #1175, .T. ) ;
#684 = DIRECTION ( 'NONE',  ( 0.000000000000000000, 0.9848077530122085754, 0.1736481776669273891 ) ) ;
#685 = DIRECTION ( 'NONE',  ( -0.3420201433256698786, 0.9396926207859079838, 0.000000000000000000 ) ) ;
#686 = DIRECTION ( 'NONE',  ( 0.000000000000000000, 1.000000000000000000, 0.000000000000000000 ) ) ;
#687 = CARTESIAN_POINT ( 'NONE',  ( -1.019999999999999796, -1.250000000000000222, 0.5999999999999999778 ) ) ;
#688 = CARTESIAN_POINT ( 'NONE',  ( -0.3464101615137760160, -1.046666666666666856, 2.449999999999999734 ) ) ;
#689 = LINE ( 'NONE', #1321, #700 ) ;
#690 = PLANE ( 'NONE',  #3263 ) ;
#691 = LINE ( 'NONE', #929, #1604 ) ;
#692 = ADVANCED_FACE ( 'NONE', ( #2494 ), #3047, .T. ) ;
#693 = ORIENTED_EDGE ( 'NONE', *, *, #98, .F. ) ;
#694 = CARTESIAN_POINT ( 'NONE',  ( 1.020000000000000462, -0.9999999999999978906, 0.4500000000000020650 ) ) ;
#695 = SURFACE_STYLE_USAGE ( .BOTH. , #2753 ) ;
#696 = ORIENTED_EDGE ( 'NONE', *, *, #543, .T. ) ;
#697 = CARTESIAN_POINT ( 'NONE',  ( 0.2786410898395584868, -1.129999999999997229, 0.8485582526187676056 ) ) ;
#698 = SHAPE_DEFINITION_REPRESENTATION ( #3801, #2361 ) ;
#699 = ORIENTED_EDGE ( 'NONE', *, *, #1322, .F. ) ;
#700 = VECTOR ( 'NONE', #1340, 1000.000000000000000 ) ;
#701 = CARTESIAN_POINT ( 'NONE',  ( -1.019999999999999796, -0.7700000000000006839, 0.4500000000000001221 ) ) ;
#702 = CARTESIAN_POINT ( 'NONE',  ( 0.1581493721355243798, -1.149999999999999467, 1.806339440747603886 ) ) ;
#703 = DIRECTION ( 'NONE',  ( -0.4999999999999998890, 0.8660254037844385966, 0.000000000000000000 ) ) ;
#704 = MECHANICAL_DESIGN_GEOMETRIC_PRESENTATION_REPRESENTATION (  '', ( #198 ), #1708 ) ;
#705 = LINE ( 'NONE', #106, #442 ) ;
#706 = LINE ( 'NONE', #1914, #1839 ) ;
#707 = AXIS2_PLACEMENT_3D ( 'NONE', #1884, #659, #3095 ) ;
#708 = SURFACE_STYLE_USAGE ( .BOTH. , #3430 ) ;
#709 = ADVANCED_FACE ( 'NONE', ( #3756 ), #2200, .F. ) ;
#710 = VERTEX_POINT ( 'NONE', #694 ) ;
#711 = CARTESIAN_POINT ( 'NONE',  ( -0.3464101615137760160, -1.046666666666666856, 2.500000000000000000 ) ) ;
#712 = CARTESIAN_POINT ( 'NONE',  ( -0.2349397590361447796, -1.250000000000000000, 1.691121987951807348 ) ) ;
#713 = EDGE_CURVE ( 'NONE', #1370, #387, #3147, .T. ) ;
#714 = ORIENTED_EDGE ( 'NONE', *, *, #1574, .F. ) ;
#715 = CARTESIAN_POINT ( 'NONE',  ( 0.2274526451903186863, -1.249999999999996225, 1.733480568609701455 ) ) ;
#716 = CARTESIAN_POINT ( 'NONE',  ( 0.2341917180556499500, -1.250000000000000888, 1.114848042196724176 ) ) ;
#717 = ORIENTED_EDGE ( 'NONE', *, *, #1773, .T. ) ;
#718 = AXIS2_PLACEMENT_3D ( 'NONE', #1575, #2138, #1306 ) ;
#719 = DIRECTION ( 'NONE',  ( 0.000000000000000000, -0.9848077530122085754, 0.1736481776669273891 ) ) ;
#720 = B_SPLINE_SURFACE_WITH_KNOTS ( 'NONE', 1, 3, ( 
 ( #639, #3022, #290, #1693, #1403, #1296, #2522, #482, #2280, #2924, #196, #410, #2632, #87, #3097, #1565 ),
 ( #697, #3705, #2189, #3132, #3795, #1675, #1869, #1609, #2205, #3726, #3386, #995, #3420, #371, #1089, #2501 ) ),
 .UNSPECIFIED., .F., .F., .F.,
 ( 2, 2 ),
 ( 4, 3, 2, 2, 2, 3, 4 ),
 ( 0.000000000000000000, 1.000000000000000000 ),
 ( -0.01231340368786399200, 0.000000000000000000, 0.2500000000000000000, 0.5000000000000000000, 0.7500000000000000000, 1.000000000000000000, 1.016462362245785567 ),
 .UNSPECIFIED. ) ;
#721 = CARTESIAN_POINT ( 'NONE',  ( 1.269999999999999796, 3.499999999999998224, 2.500000000000000000 ) ) ;
#722 = DIRECTION ( 'NONE',  ( -8.470329472543003391E-17, 1.000000000000000000, 0.000000000000000000 ) ) ;
#723 = LINE ( 'NONE', #3157, #3423 ) ;
#724 = DIRECTION ( 'NONE',  ( -0.1710878697460330722, -0.1710878697460330722, -0.9702875252478149193 ) ) ;
#725 = DIRECTION ( 'NONE',  ( 0.7071067811865515695, 0.000000000000000000, 0.7071067811865434649 ) ) ;
#726 =( BOUNDED_CURVE ( )  B_SPLINE_CURVE ( 3, ( #672, #3397, #34, #2746 ),
 .UNSPECIFIED., .F., .F. ) 
 B_SPLINE_CURVE_WITH_KNOTS ( ( 4, 4 ),
 ( 5.497787143782138841, 6.283185307179586232 ),
 .UNSPECIFIED. ) 
 CURVE ( )  GEOMETRIC_REPRESENTATION_ITEM ( )  RATIONAL_B_SPLINE_CURVE ( ( 1.000000000000000000, 0.9492530216741912330, 0.9492530216741912330, 1.000000000000000000 ) ) 
 REPRESENTATION_ITEM ( '' )  );
#727 = EDGE_CURVE ( 'NONE', #2653, #814, #3574, .T. ) ;
#728 = ORIENTED_EDGE ( 'NONE', *, *, #2881, .T. ) ;
#729 = DIRECTION ( 'NONE',  ( 1.000000000000000000, 0.000000000000000000, 0.000000000000000000 ) ) ;
#730 = DIRECTION ( 'NONE',  ( 0.000000000000000000, -0.000000000000000000, 1.000000000000000000 ) ) ;
#731 = EDGE_CURVE ( 'NONE', #3281, #553, #2550, .T. ) ;
#732 = ORIENTED_EDGE ( 'NONE', *, *, #3655, .F. ) ;
#733 = PLANE ( 'NONE',  #2498 ) ;
#734 = CARTESIAN_POINT ( 'NONE',  ( 0.2348994894427675895, -1.129999999999999449, 1.210928213070138204 ) ) ;
#735 = ORIENTED_EDGE ( 'NONE', *, *, #3011, .F. ) ;
#736 = CARTESIAN_POINT ( 'NONE',  ( -0.1560617469879519992, -1.250000000000000000, 1.770000000000000240 ) ) ;
#737 = DIRECTION ( 'NONE',  ( -0.000000000000000000, -0.000000000000000000, -1.000000000000000000 ) ) ;
#738 = DIRECTION ( 'NONE',  ( 1.000000000000000000, 0.000000000000000000, 0.000000000000000000 ) ) ;
#739 = CARTESIAN_POINT ( 'NONE',  ( 0.2652706118112037603, -1.166666666887721915, 1.693097982358320319 ) ) ;
#740 = B_SPLINE_CURVE_WITH_KNOTS ( 'NONE', 3,
 ( #1178, #898, #2440, #3682, #2111, #605, #956, #3287, #3055, #1810 ),
 .UNSPECIFIED., .F., .F.,
 ( 4, 3, 3, 4 ),
 ( 0.000000000000000000, 3.193694500262320569E-05, 6.387389000524585573E-05, 0.0001064205049631835188 ),
 .UNSPECIFIED. ) ;
#741 = EDGE_LOOP ( 'NONE', ( #1488, #2907, #1067, #3601 ) ) ;
#742 = CARTESIAN_POINT ( 'NONE',  ( -0.3199999999999998401, 0.2732007105321395124, 7.909999999999986819 ) ) ;
#743 = FILL_AREA_STYLE_COLOUR ( '', #1538 ) ;
#744 = PLANE ( 'NONE',  #2885 ) ;
#745 = ORIENTED_EDGE ( 'NONE', *, *, #425, .T. ) ;
#746 = DIRECTION ( 'NONE',  ( -0.3236155771181848939, -0.8891264907159881492, -0.3236155771181852825 ) ) ;
#747 = B_SPLINE_SURFACE_WITH_KNOTS ( 'NONE', 1, 3, ( 
 ( #3531, #3854, #517, #3892, #1106, #1166, #2945, #1713, #3277, #2411, #1425, #2711, #2392, #3909, #3596, #552, #3615, #2650 ),
 ( #1442, #3549, #1142, #1735, #570, #885, #497, #2158, #912, #1819, #3673, #3067, #1201, #1838, #593, #3045, #297, #2137 ) ),
 .UNSPECIFIED., .F., .F., .F.,
 ( 2, 2 ),
 ( 4, 3, 2, 2, 2, 2, 3, 4 ),
 ( 0.000000000000000000, 1.000000000000000000 ),
 ( -0.01648573236192130836, 0.000000000000000000, 0.2500000000000000000, 0.3750000000000000000, 0.5000000000000000000, 0.7500000000000000000, 1.000000000000000000, 1.012594183274089010 ),
 .UNSPECIFIED. ) ;
#748 = VERTEX_POINT ( 'NONE', #3125 ) ;
#749 = CARTESIAN_POINT ( 'NONE',  ( 0.2104599683874033567, -1.249999999999996447, 1.753582719337714702 ) ) ;
#750 = CARTESIAN_POINT ( 'NONE',  ( -0.2713367824627651581, -1.150000000000000133, 1.270000000000000018 ) ) ;
#751 = DIRECTION ( 'NONE',  ( 1.000000000000000000, 0.000000000000000000, 0.000000000000000000 ) ) ;
#752 = ORIENTED_EDGE ( 'NONE', *, *, #2954, .T. ) ;
#753 = MECHANICAL_DESIGN_GEOMETRIC_PRESENTATION_REPRESENTATION (  '', ( #512 ), #1327 ) ;
#754 = SURFACE_STYLE_FILL_AREA ( #1627 ) ;
#755 = CARTESIAN_POINT ( 'NONE',  ( 0.2531382706299649121, -1.200000000328294902, 1.692834721091164951 ) ) ;
#756 = EDGE_CURVE ( 'NONE', #422, #160, #1636, .T. ) ;
#757 = AXIS2_PLACEMENT_3D ( 'NONE', #1572, #2530, #987 ) ;
#758 = ORIENTED_EDGE ( 'NONE', *, *, #3532, .T. ) ;
#759 =( NAMED_UNIT ( * ) PLANE_ANGLE_UNIT ( ) SI_UNIT ( $, .RADIAN. ) );
#760 = CARTESIAN_POINT ( 'NONE',  ( -0.2713367824627651026, -1.150000000000000133, 1.457141330931055911 ) ) ;
#761 = FILL_AREA_STYLE_COLOUR ( '', #3577 ) ;
#762 = EDGE_CURVE ( 'NONE', #3259, #2895, #1409, .T. ) ;
#763 = VECTOR ( 'NONE', #3351, 1000.000000000000000 ) ;
#764 = EDGE_LOOP ( 'NONE', ( #3929, #2587, #2323, #1228, #2088, #25 ) ) ;
#765 =( GEOMETRIC_REPRESENTATION_CONTEXT ( 3 ) GLOBAL_UNCERTAINTY_ASSIGNED_CONTEXT ( ( #2083 ) ) GLOBAL_UNIT_ASSIGNED_CONTEXT ( ( #2828, #1607, #1311 ) ) REPRESENTATION_CONTEXT ( 'NONE', 'WORKASPACE' ) );
#766 = ORIENTED_EDGE ( 'NONE', *, *, #2887, .F. ) ;
#767 = CARTESIAN_POINT ( 'NONE',  ( -0.3012548339959390531, 0.3012548339959389421, -2.466309119164537655 ) ) ;
#768 = CARTESIAN_POINT ( 'NONE',  ( -0.2559999999999999498, -0.3200000000000006728, 7.909999999999988596 ) ) ;
#769 = COLOUR_RGB ( '',0.9686274509803921573, 0.8784313725490195957, 0.5999999999999999778 ) ;
#770 = ORIENTED_EDGE ( 'NONE', *, *, #2691, .F. ) ;
#771 = AXIS2_PLACEMENT_3D ( 'NONE', #832, #2086, #3328 ) ;
#772 = DIRECTION ( 'NONE',  ( -6.842277657836020854E-49, 5.078189165123089681E-17, -1.000000000000000000 ) ) ;
#773 = AXIS2_PLACEMENT_3D ( 'NONE', #3885, #1477, #3808 ) ;
#774 = EDGE_LOOP ( 'NONE', ( #2503, #109, #2651, #559 ) ) ;
#775 = EDGE_CURVE ( 'NONE', #748, #3243, #2240, .T. ) ;
#776 = CARTESIAN_POINT ( 'NONE',  ( -0.7699999999999996847, -1.250000000000000000, 2.500000000000000000 ) ) ;
#777 = AXIS2_PLACEMENT_3D ( 'NONE', #354, #2720, #1829 ) ;
#778 = PLANE ( 'NONE',  #215 ) ;
#779 = LINE ( 'NONE', #1156, #342 ) ;
#780 = ORIENTED_EDGE ( 'NONE', *, *, #2717, .F. ) ;
#781 = EDGE_CURVE ( 'NONE', #2647, #3134, #2884, .T. ) ;
#782 = CARTESIAN_POINT ( 'NONE',  ( 0.7699999999999996847, 3.749999999999999112, 0.000000000000000000 ) ) ;
#783 = DIRECTION ( 'NONE',  ( 0.000000000000000000, -0.000000000000000000, -1.000000000000000000 ) ) ;
#784 = PLANE ( 'NONE',  #273 ) ;
#785 = CARTESIAN_POINT ( 'NONE',  ( 0.07269664355964425284, -1.201466354771834943, 1.607756884523499963 ) ) ;
#786 = EDGE_LOOP ( 'NONE', ( #3227, #566, #135, #3834 ) ) ;
#787 = EDGE_CURVE ( 'NONE', #1401, #3019, #1655, .T. ) ;
#788 = VERTEX_POINT ( 'NONE', #767 ) ;
#789 = DIRECTION ( 'NONE',  ( -0.000000000000000000, 0.9848077530122085754, 0.1736481776669278887 ) ) ;
#790 = DIRECTION ( 'NONE',  ( 0.000000000000000000, -1.000000000000000000, 0.000000000000000000 ) ) ;
#791 = CARTESIAN_POINT ( 'NONE',  ( -0.2350048923525311917, -1.250000000000000222, 1.689567392629769849 ) ) ;
#792 = B_SPLINE_CURVE_WITH_KNOTS ( 'NONE', 3,
 ( #2834, #739, #3139, #755, #471, #449, #431 ),
 .UNSPECIFIED., .F., .F.,
 ( 4, 3, 4 ),
 ( 0.000000000000000000, 5.321035412781914418E-05, 0.0001064207082558059196 ),
 .UNSPECIFIED. ) ;
#793 = ORIENTED_EDGE ( 'NONE', *, *, #3583, .T. ) ;
#794 = DIRECTION ( 'NONE',  ( 0.9396926207859079838, 0.3420201433256698231, 0.000000000000000000 ) ) ;
#795 = LINE ( 'NONE', #2330, #2363 ) ;
#796 = VERTEX_POINT ( 'NONE', #1936 ) ;
#797 = CARTESIAN_POINT ( 'NONE',  ( 0.7699999999999996847, 3.749999999999999112, 2.500000000000000000 ) ) ;
#798 =( NAMED_UNIT ( * ) PLANE_ANGLE_UNIT ( ) SI_UNIT ( $, .RADIAN. ) );
#799 = DIRECTION ( 'NONE',  ( -6.842277657836020854E-49, 5.078189165123089681E-17, -1.000000000000000000 ) ) ;
#800 = ADVANCED_FACE ( 'NONE', ( #1980 ), #1619, .T. ) ;
#801 = ORIENTED_EDGE ( 'NONE', *, *, #3200, .T. ) ;
#802 = CARTESIAN_POINT ( 'NONE',  ( 0.3200000000000000622, 0.2559999999999999498, -2.359999999999988773 ) ) ;
#803 = LINE ( 'NONE', #1707, #3643 ) ;
#804 = PLANE ( 'NONE',  #1598 ) ;
#805 = ORIENTED_EDGE ( 'NONE', *, *, #17, .T. ) ;
#806 = ORIENTED_EDGE ( 'NONE', *, *, #2072, .F. ) ;
#807 = PRESENTATION_STYLE_ASSIGNMENT (( #3238 ) ) ;
#808 =( NAMED_UNIT ( * ) PLANE_ANGLE_UNIT ( ) SI_UNIT ( $, .RADIAN. ) );
#809 = LINE ( 'NONE', #2412, #2760 ) ;
#810 = EDGE_CURVE ( 'NONE', #3262, #1405, #1956, .T. ) ;
#811 = ORIENTED_EDGE ( 'NONE', *, *, #2476, .T. ) ;
#812 = CARTESIAN_POINT ( 'NONE',  ( -0.3012548339959391086, 2.238745166004060483, -2.466309119164536767 ) ) ;
#813 = CARTESIAN_POINT ( 'NONE',  ( 0.2786093912037395648, -1.129999999999999227, 1.101242326261295368 ) ) ;
#814 = VERTEX_POINT ( 'NONE', #2666 ) ;
#815 = CARTESIAN_POINT ( 'NONE',  ( 0.2560000000000002274, 2.219999999999999307, 7.909999999999988596 ) ) ;
#816 = COLOUR_RGB ( '',0.9686274509803921573, 0.8784313725490195957, 0.5999999999999999778 ) ;
#817 = ORIENTED_EDGE ( 'NONE', *, *, #974, .F. ) ;
#818 = CARTESIAN_POINT ( 'NONE',  ( -0.3012548339959390531, 2.841254833995939144, -2.466309119164537655 ) ) ;
#819 = LINE ( 'NONE', #233, #3194 ) ;
#820 = CARTESIAN_POINT ( 'NONE',  ( -0.2559999999999999498, 2.219999999999999751, -2.359999999999988773 ) ) ;
#821 = AXIS2_PLACEMENT_3D ( 'NONE', #2547, #126, #399 ) ;
#822 = ORIENTED_EDGE ( 'NONE', *, *, #382, .T. ) ;
#823 = EDGE_LOOP ( 'NONE', ( #1079, #2161, #3403, #3554, #2127, #1014 ) ) ;
#824 = EDGE_CURVE ( 'NONE', #2910, #872, #3811, .T. ) ;
#825 = CARTESIAN_POINT ( 'NONE',  ( 0.1572017319022001314, -1.160002928788732124, 0.7372437449079628502 ) ) ;
#826 = STYLED_ITEM ( 'NONE', ( #1391 ), #1337 ) ;
#827 = VERTEX_POINT ( 'NONE', #2061 ) ;
#828 = CARTESIAN_POINT ( 'NONE',  ( -0.1560617469879519992, -1.250000000000000000, 0.7700000000000001288 ) ) ;
#829 = ORIENTED_EDGE ( 'NONE', *, *, #3076, .T. ) ;
#830 = ADVANCED_FACE ( 'NONE', ( #2325 ), #1999, .F. ) ;
#831 = DIRECTION ( 'NONE',  ( -0.000000000000000000, 0.000000000000000000, 1.000000000000000000 ) ) ;
#832 = CARTESIAN_POINT ( 'NONE',  ( -0.2559999999999999498, 2.283999999999999364, 8.550000000000000711 ) ) ;
#833 = DIRECTION ( 'NONE',  ( -0.000000000000000000, 0.000000000000000000, 1.000000000000000000 ) ) ;
#834 = EDGE_LOOP ( 'NONE', ( #3048, #822, #1350, #514, #344, #3005 ) ) ;
#835 = CARTESIAN_POINT ( 'NONE',  ( 1.019999999999999796, 3.499999999999998224, 2.500000000000000000 ) ) ;
#836 = LINE ( 'NONE', #2314, #1921 ) ;
#837 = COLOUR_RGB ( '',0.9686274509803921573, 0.8784313725490195957, 0.5999999999999999778 ) ;
#838 = AXIS2_PLACEMENT_3D ( 'NONE', #3181, #790, #3461 ) ;
#839 = CARTESIAN_POINT ( 'NONE',  ( -0.2485863161563956203, -1.212506392458813753, 1.457718508457244377 ) ) ;
#840 = MECHANICAL_DESIGN_GEOMETRIC_PRESENTATION_REPRESENTATION (  '', ( #590 ), #3828 ) ;
#841 = PRESENTATION_STYLE_ASSIGNMENT (( #1705 ) ) ;
#842 = SURFACE_STYLE_USAGE ( .BOTH. , #474 ) ;
#843 = CARTESIAN_POINT ( 'NONE',  ( -0.05396442235651247726, -1.149999999999999911, 1.270000000000000018 ) ) ;
#844 = PRESENTATION_LAYER_ASSIGNMENT (  '', '', ( #1413 ) ) ;
#845 = ORIENTED_EDGE ( 'NONE', *, *, #2739, .T. ) ;
#846 = ORIENTED_EDGE ( 'NONE', *, *, #3434, .F. ) ;
#847 = MECHANICAL_DESIGN_GEOMETRIC_PRESENTATION_REPRESENTATION (  '', ( #2888 ), #662 ) ;
#848 = CARTESIAN_POINT ( 'NONE',  ( 0.09036144578313230757, -1.250000000000000000, 1.625421686746987948 ) ) ;
#849 = ORIENTED_EDGE ( 'NONE', *, *, #3629, .F. ) ;
#850 = CARTESIAN_POINT ( 'NONE',  ( 1.169999999999999041, -0.9999999999999978906, 2.350000000000000089 ) ) ;
#851 = UNCERTAINTY_MEASURE_WITH_UNIT (LENGTH_MEASURE( 1.000000000000000082E-05 ), #3029, 'distance_accuracy_value', 'NONE');
#852 = EDGE_CURVE ( 'NONE', #156, #84, #43, .T. ) ;
#853 = ORIENTED_EDGE ( 'NONE', *, *, #172, .T. ) ;
#854 = DIRECTION ( 'NONE',  ( 0.000000000000000000, 0.000000000000000000, 1.000000000000000000 ) ) ;
#855 = LINE ( 'NONE', #577, #2939 ) ;
#856 = DIRECTION ( 'NONE',  ( 1.000000000000000000, 4.224164308385081333E-16, 0.000000000000000000 ) ) ;
#857 =( BOUNDED_CURVE ( )  B_SPLINE_CURVE ( 3, ( #3578, #3894, #2728, #1168 ),
 .UNSPECIFIED., .F., .F. ) 
 B_SPLINE_CURVE_WITH_KNOTS ( ( 4, 4 ),
 ( 2.356194490192341728, 3.141592653589793560 ),
 .UNSPECIFIED. ) 
 CURVE ( )  GEOMETRIC_REPRESENTATION_ITEM ( )  RATIONAL_B_SPLINE_CURVE ( ( 1.000000000000000000, 0.9492530216741906779, 0.9492530216741906779, 1.000000000000000000 ) ) 
 REPRESENTATION_ITEM ( '' )  );
#858 = ADVANCED_FACE ( 'NONE', ( #3260 ), #2944, .F. ) ;
#859 = EDGE_LOOP ( 'NONE', ( #217, #3901, #920 ) ) ;
#860 = CARTESIAN_POINT ( 'NONE',  ( -0.3199999999999999512, 2.795999999999999375, 7.909999999999988596 ) ) ;
#861 = CARTESIAN_POINT ( 'NONE',  ( -1.169999999999999707, 3.499999999999997780, 2.350000000000000089 ) ) ;
#862 = FACE_OUTER_BOUND ( 'NONE', #2099, .T. ) ;
#863 = CARTESIAN_POINT ( 'NONE',  ( 0.2560000000000002274, 2.219999999999999751, -2.359999999999988773 ) ) ;
#864 = LINE ( 'NONE', #843, #1160 ) ;
#865 = EDGE_LOOP ( 'NONE', ( #1123, #2786, #2307, #1742, #3660, #1712 ) ) ;
#866 = CARTESIAN_POINT ( 'NONE',  ( -0.05396442235651247726, -1.149999999999999911, 1.270000000000000018 ) ) ;
#867 = ORIENTED_EDGE ( 'NONE', *, *, #146, .F. ) ;
#868 = SURFACE_STYLE_USAGE ( .BOTH. , #2394 ) ;
#869 = VERTEX_POINT ( 'NONE', #2966 ) ;
#870 = LINE ( 'NONE', #1782, #2810 ) ;
#871 = CARTESIAN_POINT ( 'NONE',  ( 0.1573126152956376422, -1.149999999999999689, 1.806397023426620896 ) ) ;
#872 = VERTEX_POINT ( 'NONE', #1502 ) ;
#873 = DIRECTION ( 'NONE',  ( 1.000000000000000000, -0.000000000000000000, 0.000000000000000000 ) ) ;
#874 =( BOUNDED_CURVE ( )  B_SPLINE_CURVE ( 3, ( #3715, #1892, #1571, #1876 ),
 .UNSPECIFIED., .F., .F. ) 
 B_SPLINE_CURVE_WITH_KNOTS ( ( 4, 4 ),
 ( 2.356194490192345281, 3.141592653589793116 ),
 .UNSPECIFIED. ) 
 CURVE ( )  GEOMETRIC_REPRESENTATION_ITEM ( )  RATIONAL_B_SPLINE_CURVE ( ( 1.000000000000000000, 0.9492530216741912330, 0.9492530216741912330, 1.000000000000000000 ) ) 
 REPRESENTATION_ITEM ( '' )  );
#875 = CARTESIAN_POINT ( 'NONE',  ( 1.169999999999999707, 3.270000000000000462, 0.6000000000000000888 ) ) ;
#876 = SURFACE_SIDE_STYLE ('',( #3919 ) ) ;
#877 = FACE_OUTER_BOUND ( 'NONE', #3771, .T. ) ;
#878 = LINE ( 'NONE', #1793, #763 ) ;
#879 = ADVANCED_FACE ( 'NONE', ( #1556 ), #153, .F. ) ;
#880 = DIRECTION ( 'NONE',  ( -8.470329472543003391E-17, 1.000000000000000000, 0.000000000000000000 ) ) ;
#881 = CARTESIAN_POINT ( 'NONE',  ( -0.2732007105321401230, 2.220000000000000639, -2.359999999999988773 ) ) ;
#882 = CARTESIAN_POINT ( 'NONE',  ( -0.2713367824627651026, -1.149999999999999911, 0.8481160656645542195 ) ) ;
#883 = CARTESIAN_POINT ( 'NONE',  ( -0.1591065173733857141, -1.129999999999998561, 0.7264298296317553971 ) ) ;
#884 = EDGE_CURVE ( 'NONE', #2040, #2109, #3704, .T. ) ;
#885 = CARTESIAN_POINT ( 'NONE',  ( 0.1855341649809205129, -1.129999999999999449, 1.811311901614275355 ) ) ;
#886 = VECTOR ( 'NONE', #3326, 1000.000000000000000 ) ;
#887 = CARTESIAN_POINT ( 'NONE',  ( -0.1973794752863967938, -1.249999999999993339, 0.7781227024462187281 ) ) ;
#888 = UNCERTAINTY_MEASURE_WITH_UNIT (LENGTH_MEASURE( 1.000000000000000082E-05 ), #2715, 'distance_accuracy_value', 'NONE');
#889 = VECTOR ( 'NONE', #3437, 1000.000000000000000 ) ;
#890 = ORIENTED_EDGE ( 'NONE', *, *, #3026, .T. ) ;
#891 = CARTESIAN_POINT ( 'NONE',  ( -1.815899543548297060E-16, -1.149999999999999911, 1.806397023426620674 ) ) ;
#892 = VERTEX_POINT ( 'NONE', #2180 ) ;
#893 = LINE ( 'NONE', #1805, #3257 ) ;
#894 = FACE_OUTER_BOUND ( 'NONE', #1126, .T. ) ;
#895 = EDGE_LOOP ( 'NONE', ( #2324, #66, #1689, #1385 ) ) ;
#896 = VECTOR ( 'NONE', #3075, 1000.000000000000000 ) ;
#897 = FILL_AREA_STYLE_COLOUR ( '', #520 ) ;
#898 = CARTESIAN_POINT ( 'NONE',  ( 0.2676958495758755552, -1.160003380892477898, 0.8481922686093565922 ) ) ;
#899 = CARTESIAN_POINT ( 'NONE',  ( -1.169999999999998153, -0.9999999999999988898, 0.5999999999999998668 ) ) ;
#900 =( GEOMETRIC_REPRESENTATION_CONTEXT ( 3 ) GLOBAL_UNCERTAINTY_ASSIGNED_CONTEXT ( ( #2531 ) ) GLOBAL_UNIT_ASSIGNED_CONTEXT ( ( #485, #1695, #2263 ) ) REPRESENTATION_CONTEXT ( 'NONE', 'WORKASPACE' ) );
#901 = EDGE_CURVE ( 'NONE', #3728, #3418, #2726, .T. ) ;
#902 = CARTESIAN_POINT ( 'NONE',  ( -0.2350150689595370268, -1.250000000000000888, 1.459547824164676877 ) ) ;
#903 =( NAMED_UNIT ( * ) PLANE_ANGLE_UNIT ( ) SI_UNIT ( $, .RADIAN. ) );
#904 = STYLED_ITEM ( 'NONE', ( #1603 ), #2312 ) ;
#905 = CARTESIAN_POINT ( 'NONE',  ( -0.2397902344294515764, -1.236673428369793770, 1.691223552179616840 ) ) ;
#906 =( LENGTH_UNIT ( ) NAMED_UNIT ( * ) SI_UNIT ( .MILLI., .METRE. ) );
#907 = VECTOR ( 'NONE', #1857, 1000.000000000000000 ) ;
#908 = EDGE_CURVE ( 'NONE', #3759, #500, #50, .T. ) ;
#909 = MECHANICAL_DESIGN_GEOMETRIC_PRESENTATION_REPRESENTATION (  '', ( #3506 ), #1789 ) ;
#910 = ORIENTED_EDGE ( 'NONE', *, *, #997, .F. ) ;
#911 = CARTESIAN_POINT ( 'NONE',  ( -0.2322227741005678525, -1.129999999999999005, 0.7468819479089869873 ) ) ;
#912 = CARTESIAN_POINT ( 'NONE',  ( 0.2301389845747368323, -1.129999999999999449, 1.793408833927351731 ) ) ;
#913 = VECTOR ( 'NONE', #1357, 1000.000000000000000 ) ;
#914 = DIRECTION ( 'NONE',  ( 1.000000000000000000, 0.000000000000000000, 0.000000000000000000 ) ) ;
#915 = VECTOR ( 'NONE', #1263, 1000.000000000000000 ) ;
#916 = ORIENTED_EDGE ( 'NONE', *, *, #3747, .F. ) ;
#917 = DIRECTION ( 'NONE',  ( 1.000000000000000000, -1.408054769461693942E-16, 0.000000000000000000 ) ) ;
#918 = CARTESIAN_POINT ( 'NONE',  ( 1.169999999999999707, -0.7700000000000002398, 0.6000000000000000888 ) ) ;
#919 = SURFACE_STYLE_USAGE ( .BOTH. , #3645 ) ;
#920 = ORIENTED_EDGE ( 'NONE', *, *, #3237, .F. ) ;
#921 = CARTESIAN_POINT ( 'NONE',  ( 0.2713260487806462007, -1.149999999999989919, 0.8478598182612470113 ) ) ;
#922 = CARTESIAN_POINT ( 'NONE',  ( -0.3199999999999999512, 0.2071507323465813233, 8.550000000000000711 ) ) ;
#923 = DIRECTION ( 'NONE',  ( 0.7071067811865435759, 0.000000000000000000, -0.7071067811865515695 ) ) ;
#924 = CARTESIAN_POINT ( 'NONE',  ( 0.3012548339959391641, -0.3012548339959392751, -2.466309119164537655 ) ) ;
#925 = CARTESIAN_POINT ( 'NONE',  ( -1.019999999999999796, 3.499999999999997780, 2.500000000000000000 ) ) ;
#926 = CARTESIAN_POINT ( 'NONE',  ( -0.1585990556424800579, -1.150000000000000355, 0.7336915246931301482 ) ) ;
#927 = CARTESIAN_POINT ( 'NONE',  ( -0.1546753745387212942, -1.250000000000001332, 0.7699033747583784448 ) ) ;
#928 = CARTESIAN_POINT ( 'NONE',  ( 1.019999999999999796, 3.499999999999998224, 2.500000000000000888 ) ) ;
#929 = CARTESIAN_POINT ( 'NONE',  ( -0.7700000000000004619, 3.749999999999999112, 2.500000000000000000 ) ) ;
#930 = ORIENTED_EDGE ( 'NONE', *, *, #202, .T. ) ;
#931 = PRESENTATION_STYLE_ASSIGNMENT (( #2768 ) ) ;
#932 = LINE ( 'NONE', #1268, #1219 ) ;
#933 = EDGE_CURVE ( 'NONE', #3235, #2993, #726, .T. ) ;
#934 = EDGE_LOOP ( 'NONE', ( #3867, #1062, #1581, #1449 ) ) ;
#935 = FACE_OUTER_BOUND ( 'NONE', #1736, .T. ) ;
#936 = LINE ( 'NONE', #307, #2818 ) ;
#937 = ORIENTED_EDGE ( 'NONE', *, *, #810, .T. ) ;
#938 = LINE ( 'NONE', #3652, #1700 ) ;
#939 = DIRECTION ( 'NONE',  ( 1.445602896647340396E-16, -1.000000000000000000, 0.000000000000000000 ) ) ;
#940 = CARTESIAN_POINT ( 'NONE',  ( -0.3199999999999998956, 2.219999999999999751, -2.359999999999988773 ) ) ;
#941 = LINE ( 'NONE', #2118, #3192 ) ;
#942 = CARTESIAN_POINT ( 'NONE',  ( -0.1841190565292912806, -1.150000000000000799, 0.7357780467736331209 ) ) ;
#943 = CARTESIAN_POINT ( 'NONE',  ( -0.1973794752863955726, -1.250000000000001554, 0.7781227024462215036 ) ) ;
#944 = CARTESIAN_POINT ( 'NONE',  ( 0.3012548339959390531, 2.841254833995938256, 8.016309119164537478 ) ) ;
#945 = VECTOR ( 'NONE', #15, 1000.000000000000000 ) ;
#946 = EDGE_CURVE ( 'NONE', #2895, #3209, #357, .T. ) ;
#947 = ORIENTED_EDGE ( 'NONE', *, *, #1260, .F. ) ;
#948 = PLANE ( 'NONE',  #3057 ) ;
#949 = COLOUR_RGB ( '',0.9686274509803921573, 0.8784313725490195957, 0.5999999999999999778 ) ;
#950 = LINE ( 'NONE', #656, #464 ) ;
#951 = VECTOR ( 'NONE', #592, 1000.000000000000000 ) ;
#952 = ORIENTED_EDGE ( 'NONE', *, *, #309, .F. ) ;
#953 = DIRECTION ( 'NONE',  ( 8.470329472543003391E-17, -1.000000000000000000, 0.000000000000000000 ) ) ;
#954 = CARTESIAN_POINT ( 'NONE',  ( -0.3012548339959390531, 2.238745166004060039, 8.016309119164535701 ) ) ;
#955 = AXIS2_PLACEMENT_3D ( 'NONE', #490, #1117, #188 ) ;
#956 = CARTESIAN_POINT ( 'NONE',  ( 0.2494911852965862598, -1.210020284928577272, 0.8485733467014753284 ) ) ;
#957 = EDGE_CURVE ( 'NONE', #1233, #2964, #1799, .T. ) ;
#958 = COLOUR_RGB ( '',0.9686274509803921573, 0.8784313725490195957, 0.5999999999999999778 ) ;
#959 = ORIENTED_EDGE ( 'NONE', *, *, #2684, .T. ) ;
#960 =( NAMED_UNIT ( * ) SI_UNIT ( $, .STERADIAN. ) SOLID_ANGLE_UNIT ( ) );
#961 = CARTESIAN_POINT ( 'NONE',  ( -1.020000000000000684, 3.499999999999997780, 2.500000000000000000 ) ) ;
#962 = PLANE ( 'NONE',  #969 ) ;
#963 = CARTESIAN_POINT ( 'NONE',  ( 1.019999999999999796, 3.270000000000000462, 0.000000000000000000 ) ) ;
#964 =( NAMED_UNIT ( * ) PLANE_ANGLE_UNIT ( ) SI_UNIT ( $, .RADIAN. ) );
#965 = DIRECTION ( 'NONE',  ( 8.470329472543003391E-17, -1.000000000000000000, 0.000000000000000000 ) ) ;
#966 = CARTESIAN_POINT ( 'NONE',  ( 0.2130619339463040440, -1.211816458264296514, 1.190681998960775534 ) ) ;
#967 = CARTESIAN_POINT ( 'NONE',  ( 0.000000000000000000, 0.2071507323465813233, 8.550000000000000711 ) ) ;
#968 = VECTOR ( 'NONE', #3156, 1000.000000000000000 ) ;
#969 = AXIS2_PLACEMENT_3D ( 'NONE', #1569, #2793, #2526 ) ;
#970 = VERTEX_POINT ( 'NONE', #2427 ) ;
#971 = CARTESIAN_POINT ( 'NONE',  ( -0.3134175730544421778, 2.829092094937435409, 7.947330798265289431 ) ) ;
#972 = STYLED_ITEM ( 'NONE', ( #2419 ), #2920 ) ;
#973 = CARTESIAN_POINT ( 'NONE',  ( -0.3199999999999999512, 2.795999999999999819, -2.359999999999988773 ) ) ;
#974 = EDGE_CURVE ( 'NONE', #3500, #2084, #3637, .T. ) ;
#975 = COLOUR_RGB ( '',0.9686274509803921573, 0.8784313725490195957, 0.5999999999999999778 ) ;
#976 = PRODUCT ( 'DS1021_yellow_2x01p_100mil_Type1_rev1.0', 'DS1021_yellow_2x01p_100mil_Type1_rev1.0', '', ( #2809 ) ) ;
#977 = ORIENTED_EDGE ( 'NONE', *, *, #1303, .F. ) ;
#978 = CARTESIAN_POINT ( 'NONE',  ( 0.1581755106426736279, -1.149999999999990807, 0.7336620086532098517 ) ) ;
#979 = CARTESIAN_POINT ( 'NONE',  ( 5.421010862427522170E-17, -0.4466666666666664898, 2.449999999999999734 ) ) ;
#980 = CARTESIAN_POINT ( 'NONE',  ( -0.1546753745387279277, -1.250000000000000888, 1.770096625241622590 ) ) ;
#981 = EDGE_CURVE ( 'NONE', #2259, #2253, #2542, .T. ) ;
#982 = VERTEX_POINT ( 'NONE', #1616 ) ;
#983 = LINE ( 'NONE', #666, #2351 ) ;
#984 = CARTESIAN_POINT ( 'NONE',  ( 0.2713367824627647140, -1.149999999999999689, 1.100924175899257840 ) ) ;
#985 = ADVANCED_FACE ( 'NONE', ( #1283 ), #107, .F. ) ;
#986 = CARTESIAN_POINT ( 'NONE',  ( 0.3012548339959392751, 2.841254833995939144, -2.466309119164536767 ) ) ;
#987 = DIRECTION ( 'NONE',  ( -0.000000000000000000, 0.000000000000000000, 1.000000000000000000 ) ) ;
#988 = CARTESIAN_POINT ( 'NONE',  ( -0.1585990556424838327, -1.149999999999996581, 1.806308475306871442 ) ) ;
#989 = ORIENTED_EDGE ( 'NONE', *, *, #3589, .F. ) ;
#990 = CARTESIAN_POINT ( 'NONE',  ( 0.3012548339959392751, -0.3012548339959398302, 8.016309119164535701 ) ) ;
#991 =( NAMED_UNIT ( * ) SI_UNIT ( $, .STERADIAN. ) SOLID_ANGLE_UNIT ( ) );
#992 = ORIENTED_EDGE ( 'NONE', *, *, #3707, .T. ) ;
#993 = CARTESIAN_POINT ( 'NONE',  ( -0.3199999999999999512, 2.859999999999999876, -2.359999999999988773 ) ) ;
#994 = LINE ( 'NONE', #979, #1649 ) ;
#995 = CARTESIAN_POINT ( 'NONE',  ( 0.1692625335108564610, -1.129999999999999227, 0.7271375653299457786 ) ) ;
#996 = ORIENTED_EDGE ( 'NONE', *, *, #3558, .T. ) ;
#997 = EDGE_CURVE ( 'NONE', #1630, #3759, #689, .T. ) ;
#998 = CARTESIAN_POINT ( 'NONE',  ( 0.05396442235651192215, -1.149999999999999911, 1.079840822973017644 ) ) ;
#999 = LINE ( 'NONE', #2527, #968 ) ;
#1000 = ADVANCED_FACE ( 'NONE', ( #3176 ), #2273, .F. ) ;
#1001 = LINE ( 'NONE', #2179, #2855 ) ;
#1002 = CARTESIAN_POINT ( 'NONE',  ( -0.2712896863507447964, -1.149999999999999911, 1.456213786712945435 ) ) ;
#1003 = CARTESIAN_POINT ( 'NONE',  ( -0.2700724310048542298, -1.149999999999995248, 1.718227243223491296 ) ) ;
#1004 = CARTESIAN_POINT ( 'NONE',  ( -0.2732007105321401230, -0.3200000000000002287, -2.359999999999988773 ) ) ;
#1005 = UNCERTAINTY_MEASURE_WITH_UNIT (LENGTH_MEASURE( 1.000000000000000082E-05 ), #515, 'distance_accuracy_value', 'NONE');
#1006 = EDGE_CURVE ( 'NONE', #2084, #3046, #2195, .T. ) ;
#1007 = EDGE_LOOP ( 'NONE', ( #801, #484, #2379, #3458 ) ) ;
#1008 = LINE ( 'NONE', #3438, #3884 ) ;
#1009 = VECTOR ( 'NONE', #2579, 1000.000000000000000 ) ;
#1010 = ORIENTED_EDGE ( 'NONE', *, *, #1913, .T. ) ;
#1011 = PLANE ( 'NONE',  #2295 ) ;
#1012 = CARTESIAN_POINT ( 'NONE',  ( 0.2027403996334757874, -1.250000000000001110, 1.181374481024758172 ) ) ;
#1013 = PRESENTATION_LAYER_ASSIGNMENT (  '', '', ( #3303 ) ) ;
#1014 = ORIENTED_EDGE ( 'NONE', *, *, #177, .T. ) ;
#1015 = MECHANICAL_DESIGN_GEOMETRIC_PRESENTATION_REPRESENTATION (  '', ( #3431 ), #1641 ) ;
#1016 = CARTESIAN_POINT ( 'NONE',  ( 0.2708580662099645542, -1.149999999999999245, 1.704254252467922726 ) ) ;
#1017 = CARTESIAN_POINT ( 'NONE',  ( 1.144999999999998908, 3.499999999999998224, 2.375000000000000444 ) ) ;
#1018 = PRESENTATION_LAYER_ASSIGNMENT (  '', '', ( #128 ) ) ;
#1019 = LINE ( 'NONE', #688, #1388 ) ;
#1020 = DIRECTION ( 'NONE',  ( 1.000000000000000000, -0.000000000000000000, 0.000000000000000000 ) ) ;
#1021 = B_SPLINE_CURVE_WITH_KNOTS ( 'NONE', 3,
 ( #3313, #1814, #2707, #1873, #3352, #3669, #3923, #2482, #905, #1236 ),
 .UNSPECIFIED., .F., .F.,
 ( 4, 3, 3, 4 ),
 ( 0.000000000000000000, 3.193694500262069170E-05, 6.387389000524107169E-05, 0.0001064205049631835459 ),
 .UNSPECIFIED. ) ;
#1022 = VECTOR ( 'NONE', #3915, 1000.000000000000000 ) ;
#1023 = DIRECTION ( 'NONE',  ( 4.224164308385081333E-16, -1.000000000000000000, 0.000000000000000000 ) ) ;
#1024 = CARTESIAN_POINT ( 'NONE',  ( -1.020000000000000684, 3.499999999999997780, 0.4500000000000002887 ) ) ;
#1025 = EDGE_CURVE ( 'NONE', #2047, #1698, #3675, .T. ) ;
#1026 = ORIENTED_EDGE ( 'NONE', *, *, #1727, .F. ) ;
#1027 = CARTESIAN_POINT ( 'NONE',  ( -0.3199999999999998956, -0.3200000000000001732, -2.359999999999988773 ) ) ;
#1028 =( BOUNDED_CURVE ( )  B_SPLINE_CURVE ( 3, ( #2777, #294, #31, #626 ),
 .UNSPECIFIED., .F., .F. ) 
 B_SPLINE_CURVE_WITH_KNOTS ( ( 4, 4 ),
 ( -8.881784197001252323E-16, 0.7853981633974439491 ),
 .UNSPECIFIED. ) 
 CURVE ( )  GEOMETRIC_REPRESENTATION_ITEM ( )  RATIONAL_B_SPLINE_CURVE ( ( 1.000000000000000000, 0.9492530216741915661, 0.9492530216741915661, 1.000000000000000000 ) ) 
 REPRESENTATION_ITEM ( '' )  );
#1029 = CARTESIAN_POINT ( 'NONE',  ( -0.2344989567605802183, -1.249999999999992895, 1.701643011501013714 ) ) ;
#1030 = STYLED_ITEM ( 'NONE', ( #2483 ), #3459 ) ;
#1031 = EDGE_CURVE ( 'NONE', #2769, #2688, #1045, .T. ) ;
#1032 = AXIS2_PLACEMENT_3D ( 'NONE', #3751, #1023, #1595 ) ;
#1033 = ORIENTED_EDGE ( 'NONE', *, *, #3395, .F. ) ;
#1034 = LINE ( 'NONE', #2928, #2045 ) ;
#1035 = CARTESIAN_POINT ( 'NONE',  ( 0.2350144158658696025, -1.250000000000000888, 1.098526400594152630 ) ) ;
#1036 = VECTOR ( 'NONE', #298, 1000.000000000000000 ) ;
#1037 = VERTEX_POINT ( 'NONE', #3429 ) ;
#1038 = MECHANICAL_DESIGN_GEOMETRIC_PRESENTATION_REPRESENTATION (  '', ( #2447 ), #1544 ) ;
#1039 = PLANE ( 'NONE',  #1267 ) ;
#1040 = CARTESIAN_POINT ( 'NONE',  ( 0.1573126152956376422, -1.149999999999999689, 1.806397023426620896 ) ) ;
#1041 = CARTESIAN_POINT ( 'NONE',  ( -0.2071507323465823502, 2.540000000000000036, -3.000000000000000000 ) ) ;
#1042 = CARTESIAN_POINT ( 'NONE',  ( -0.2071507323465823780, 0.2071507323465822670, -3.000000000000000000 ) ) ;
#1043 = VERTEX_POINT ( 'NONE', #453 ) ;
#1044 = DIRECTION ( 'NONE',  ( 0.7071067811865435759, -0.000000000000000000, -0.7071067811865515695 ) ) ;
#1045 = LINE ( 'NONE', #1631, #2930 ) ;
#1046 = FACE_OUTER_BOUND ( 'NONE', #2767, .T. ) ;
#1047 = FACE_OUTER_BOUND ( 'NONE', #834, .T. ) ;
#1048 = ORIENTED_EDGE ( 'NONE', *, *, #2192, .T. ) ;
#1049 = DIRECTION ( 'NONE',  ( 0.000000000000000000, -1.000000000000000000, 0.000000000000000000 ) ) ;
#1050 = PLANE ( 'NONE',  #2169 ) ;
#1051 = ORIENTED_EDGE ( 'NONE', *, *, #1996, .T. ) ;
#1052 = EDGE_CURVE ( 'NONE', #1470, #3490, #706, .T. ) ;
#1053 = ADVANCED_FACE ( 'NONE', ( #2234 ), #3121, .F. ) ;
#1054 = CARTESIAN_POINT ( 'NONE',  ( 0.1920371650743211145, -1.249999999999996447, 1.763573935885106803 ) ) ;
#1055 = CARTESIAN_POINT ( 'NONE',  ( 0.2785605355541227457, -1.129999999999999227, 1.102211669087620471 ) ) ;
#1056 = VERTEX_POINT ( 'NONE', #802 ) ;
#1057 = EDGE_CURVE ( 'NONE', #636, #3252, #1376, .T. ) ;
#1058 = CARTESIAN_POINT ( 'NONE',  ( 0.3200000000000000622, 0.3199999999999993405, -2.359999999999988773 ) ) ;
#1059 =( NAMED_UNIT ( * ) PLANE_ANGLE_UNIT ( ) SI_UNIT ( $, .RADIAN. ) );
#1060 = PRESENTATION_STYLE_ASSIGNMENT (( #120 ) ) ;
#1061 = LINE ( 'NONE', #1971, #589 ) ;
#1062 = ORIENTED_EDGE ( 'NONE', *, *, #1821, .T. ) ;
#1063 = CARTESIAN_POINT ( 'NONE',  ( 1.270000000000000462, 3.270000000000000462, 0.6000000000000000888 ) ) ;
#1064 = CARTESIAN_POINT ( 'NONE',  ( -0.2684810187246345903, -1.149999999999999689, 1.420307087382407074 ) ) ;
#1065 = FILL_AREA_STYLE ('',( #761 ) ) ;
#1066 = FILL_AREA_STYLE_COLOUR ( '', #3513 ) ;
#1067 = ORIENTED_EDGE ( 'NONE', *, *, #3796, .F. ) ;
#1068 = EDGE_LOOP ( 'NONE', ( #3906, #3888, #1101, #1704 ) ) ;
#1069 = CARTESIAN_POINT ( 'NONE',  ( 0.2560000000000002274, -0.3200000000000006728, 7.909999999999988596 ) ) ;
#1070 = CARTESIAN_POINT ( 'NONE',  ( -0.2786410898395586533, -1.129999999999998561, 1.691441747381245975 ) ) ;
#1071 = EDGE_CURVE ( 'NONE', #1249, #2259, #2319, .T. ) ;
#1072 = VERTEX_POINT ( 'NONE', #547 ) ;
#1073 = CARTESIAN_POINT ( 'NONE',  ( -0.3199999999999998401, 2.266799289467859246, 7.909999999999988596 ) ) ;
#1074 = EDGE_CURVE ( 'NONE', #1785, #1630, #2387, .T. ) ;
#1075 = ORIENTED_EDGE ( 'NONE', *, *, #787, .F. ) ;
#1076 = LINE ( 'NONE', #3539, #1475 ) ;
#1077 = LINE ( 'NONE', #3409, #1853 ) ;
#1078 = AXIS2_PLACEMENT_3D ( 'NONE', #3460, #2589, #173 ) ;
#1079 = ORIENTED_EDGE ( 'NONE', *, *, #3082, .F. ) ;
#1080 = DIRECTION ( 'NONE',  ( 8.470329472543003391E-17, -1.000000000000000000, 0.000000000000000000 ) ) ;
#1081 = FACE_OUTER_BOUND ( 'NONE', #3797, .T. ) ;
#1082 = CARTESIAN_POINT ( 'NONE',  ( -0.7700000000000004619, 3.749999999999999112, 2.500000000000000000 ) ) ;
#1083 = COLOUR_RGB ( '',0.9686274509803921573, 0.8784313725490195957, 0.5999999999999999778 ) ;
#1084 = ORIENTED_EDGE ( 'NONE', *, *, #3316, .T. ) ;
#1085 = VECTOR ( 'NONE', #3185, 1000.000000000000000 ) ;
#1086 = VERTEX_POINT ( 'NONE', #1668 ) ;
#1087 = DIRECTION ( 'NONE',  ( 0.000000000000000000, 0.000000000000000000, -1.000000000000000000 ) ) ;
#1088 = FACE_OUTER_BOUND ( 'NONE', #1310, .T. ) ;
#1089 = CARTESIAN_POINT ( 'NONE',  ( 0.1577689812403509084, -1.129999999999999227, 0.7263366216202523651 ) ) ;
#1090 = AXIS2_PLACEMENT_3D ( 'NONE', #3556, #225, #3876 ) ;
#1091 = VERTEX_POINT ( 'NONE', #2622 ) ;
#1092 = VECTOR ( 'NONE', #2397, 1000.000000000000000 ) ;
#1093 = FILL_AREA_STYLE_COLOUR ( '', #769 ) ;
#1094 = CARTESIAN_POINT ( 'NONE',  ( 0.2778262552174854960, -1.129999999999999227, 1.116780493418346731 ) ) ;
#1095 = ADVANCED_FACE ( 'NONE', ( #212 ), #2385, .F. ) ;
#1096 = VECTOR ( 'NONE', #1790, 999.9999999999998863 ) ;
#1097 = ORIENTED_EDGE ( 'NONE', *, *, #116, .F. ) ;
#1098 = CARTESIAN_POINT ( 'NONE',  ( 1.019999999999999796, -0.7700000000000002398, 0.000000000000000000 ) ) ;
#1099 = CARTESIAN_POINT ( 'NONE',  ( -0.2417630375826165801, -1.231253196266919980, 1.457891629146800705 ) ) ;
#1100 = MECHANICAL_DESIGN_GEOMETRIC_PRESENTATION_REPRESENTATION (  '', ( #27 ), #282 ) ;
#1101 = ORIENTED_EDGE ( 'NONE', *, *, #3775, .T. ) ;
#1102 = DIRECTION ( 'NONE',  ( 0.000000000000000000, -1.000000000000000000, 0.000000000000000000 ) ) ;
#1103 = DIRECTION ( 'NONE',  ( -0.3420201433256691015, -0.9396926207859083169, 0.000000000000000000 ) ) ;
#1104 = ORIENTED_EDGE ( 'NONE', *, *, #1969, .F. ) ;
#1105 = ORIENTED_EDGE ( 'NONE', *, *, #731, .T. ) ;
#1106 = CARTESIAN_POINT ( 'NONE',  ( 0.1665134645258970203, -1.250000000000000888, 1.769280657417294567 ) ) ;
#1107 = ORIENTED_EDGE ( 'NONE', *, *, #1825, .F. ) ;
#1108 = PLANE ( 'NONE',  #1851 ) ;
#1109 = DIRECTION ( 'NONE',  ( 0.000000000000000000, 0.000000000000000000, -1.000000000000000000 ) ) ;
#1110 = ORIENTED_EDGE ( 'NONE', *, *, #32, .F. ) ;
#1111 =( LENGTH_UNIT ( ) NAMED_UNIT ( * ) SI_UNIT ( .MILLI., .METRE. ) );
#1112 = DIRECTION ( 'NONE',  ( 1.000000000000000000, 0.000000000000000000, -0.000000000000000000 ) ) ;
#1113 = CARTESIAN_POINT ( 'NONE',  ( 2.170000000000000373, 3.499999999999998224, 1.599999999999989209 ) ) ;
#1114 = ADVANCED_FACE ( 'NONE', ( #1081 ), #2916, .F. ) ;
#1115 = EDGE_LOOP ( 'NONE', ( #3342, #1344, #3835, #3800, #2950, #2982 ) ) ;
#1116 = FILL_AREA_STYLE ('',( #1994 ) ) ;
#1117 = DIRECTION ( 'NONE',  ( 0.000000000000000000, -0.9848077530122085754, 0.1736481776669273891 ) ) ;
#1118 = CARTESIAN_POINT ( 'NONE',  ( 0.2349397590361444188, -1.250000000000000000, 1.692439759036144631 ) ) ;
#1119 = LINE ( 'NONE', #2058, #1662 ) ;
#1120 = ORIENTED_EDGE ( 'NONE', *, *, #1136, .T. ) ;
#1121 = ORIENTED_EDGE ( 'NONE', *, *, #2038, .F. ) ;
#1122 = PLANE ( 'NONE',  #1977 ) ;
#1123 = ORIENTED_EDGE ( 'NONE', *, *, #3775, .F. ) ;
#1124 = CARTESIAN_POINT ( 'NONE',  ( -1.169999999999999707, -0.9999999999999988898, 2.350000000000000089 ) ) ;
#1125 = EDGE_CURVE ( 'NONE', #3107, #3390, #1730, .T. ) ;
#1126 = EDGE_LOOP ( 'NONE', ( #220, #1673, #1481, #1660, #1979, #2811 ) ) ;
#1127 = CARTESIAN_POINT ( 'NONE',  ( 0.05396442235651190134, -1.149999999999999911, 1.270000000000000018 ) ) ;
#1128 = DIRECTION ( 'NONE',  ( -0.000000000000000000, 0.000000000000000000, -1.000000000000000000 ) ) ;
#1129 =( BOUNDED_CURVE ( )  B_SPLINE_CURVE ( 3, ( #2126, #2455, #3360, #3697 ),
 .UNSPECIFIED., .F., .F. ) 
 B_SPLINE_CURVE_WITH_KNOTS ( ( 4, 4 ),
 ( 3.141592653589793116, 3.926990816987240951 ),
 .UNSPECIFIED. ) 
 CURVE ( )  GEOMETRIC_REPRESENTATION_ITEM ( )  RATIONAL_B_SPLINE_CURVE ( ( 1.000000000000000000, 0.9492530216741912330, 0.9492530216741912330, 1.000000000000000000 ) ) 
 REPRESENTATION_ITEM ( '' )  );
#1130 = VERTEX_POINT ( 'NONE', #3272 ) ;
#1131 = DIRECTION ( 'NONE',  ( 1.000000000000000000, 0.000000000000000000, 0.000000000000000000 ) ) ;
#1132 = CLOSED_SHELL ( 'NONE', ( #2663, #1389, #2404, #52, #2297, #3659, #2014, #3387, #3846, #1975, #1211, #3635, #1384, #2188, #1244, #2236, #1795, #1170, #1943, #985, #1000, #3741, #3677, #2540, #1671, #2975, #2335, #2496, #1415, #1179, #3268, #858, #1053, #3890, #492, #1753, #2925, #2962, #2983, #1095, #879, #2607, #1992, #1748, #1896, #1964, #3725, #287, #1292, #3017, #709, #2375, #2670, #830, #1190, #2317, #2367, #1550, #1579, #1511 ) ) ;
#1133 = VECTOR ( 'NONE', #1299, 1000.000000000000000 ) ;
#1134 = LINE ( 'NONE', #3829, #1514 ) ;
#1135 = CARTESIAN_POINT ( 'NONE',  ( 0.2713367824627647140, -1.149999999999999911, 1.693229588980317502 ) ) ;
#1136 = EDGE_CURVE ( 'NONE', #1390, #710, #1397, .T. ) ;
#1137 = CARTESIAN_POINT ( 'NONE',  ( 0.1560617469879515551, -1.250000000000000000, 0.7700000000000001288 ) ) ;
#1138 = VECTOR ( 'NONE', #510, 1000.000000000000000 ) ;
#1139 = VERTEX_POINT ( 'NONE', #3525 ) ;
#1140 = ORIENTED_EDGE ( 'NONE', *, *, #4, .F. ) ;
#1141 = DIRECTION ( 'NONE',  ( 1.000000000000000000, 0.000000000000000000, 0.000000000000000000 ) ) ;
#1142 = CARTESIAN_POINT ( 'NONE',  ( 0.1584097649297321608, -1.129999999999999227, 1.813618140975422177 ) ) ;
#1143 = VERTEX_POINT ( 'NONE', #1135 ) ;
#1144 = ADVANCED_FACE ( 'NONE', ( #2360 ), #1747, .F. ) ;
#1145 = DIRECTION ( 'NONE',  ( 8.470329472543003391E-17, -1.000000000000000000, 0.000000000000000000 ) ) ;
#1146 = VECTOR ( 'NONE', #1152, 1000.000000000000000 ) ;
#1147 = ORIENTED_EDGE ( 'NONE', *, *, #1969, .T. ) ;
#1148 = FILL_AREA_STYLE_COLOUR ( '', #65 ) ;
#1149 = DIRECTION ( 'NONE',  ( -0.000000000000000000, 0.000000000000000000, 1.000000000000000000 ) ) ;
#1150 = EDGE_CURVE ( 'NONE', #2790, #2688, #878, .T. ) ;
#1151 = ORIENTED_EDGE ( 'NONE', *, *, #2887, .T. ) ;
#1152 = DIRECTION ( 'NONE',  ( 1.000000000000000000, 4.224164308385081333E-16, 1.537470072901852402E-16 ) ) ;
#1153 = CARTESIAN_POINT ( 'NONE',  ( 0.3012548339959392751, -0.3012548339959398302, 8.016309119164535701 ) ) ;
#1154 = PRESENTATION_LAYER_ASSIGNMENT (  '', '', ( #3446 ) ) ;
#1155 = VECTOR ( 'NONE', #3848, 1000.000000000000000 ) ;
#1156 = CARTESIAN_POINT ( 'NONE',  ( 1.019999999999999796, 3.270000000000000462, 0.6000000000000000888 ) ) ;
#1157 = AXIS2_PLACEMENT_3D ( 'NONE', #2995, #1549, #3365 ) ;
#1158 = CARTESIAN_POINT ( 'NONE',  ( -0.2349397590361445298, -1.250000000000000888, 1.458064759036144631 ) ) ;
#1159 = CARTESIAN_POINT ( 'NONE',  ( 0.1665885810817082369, -1.249999999999968914, 0.7707336829928926880 ) ) ;
#1160 = VECTOR ( 'NONE', #2624, 1000.000000000000000 ) ;
#1161 = ORIENTED_EDGE ( 'NONE', *, *, #3502, .T. ) ;
#1162 = B_SPLINE_CURVE_WITH_KNOTS ( 'NONE', 3,
 ( #2686, #2941, #1478, #3849, #2981, #214, #3002, #271, #1159, #1137 ),
 .UNSPECIFIED., .F., .F.,
 ( 4, 2, 2, 2, 4 ),
 ( 0.000000000000000000, 3.115297871150697558E-05, 6.230595742301395115E-05, 9.345893613452093351E-05, 0.0001246119148460279023 ),
 .UNSPECIFIED. ) ;
#1163 = EDGE_LOOP ( 'NONE', ( #996, #604, #2105, #1440 ) ) ;
#1164 = CARTESIAN_POINT ( 'NONE',  ( 0.1568216416384742018, -1.190011714886054728, 0.7481660498138497095 ) ) ;
#1165 = STYLED_ITEM ( 'NONE', ( #1995 ), #3295 ) ;
#1166 = CARTESIAN_POINT ( 'NONE',  ( 0.1770002516592690256, -1.250000000000001110, 1.768231629108715675 ) ) ;
#1167 = ORIENTED_EDGE ( 'NONE', *, *, #974, .T. ) ;
#1168 = CARTESIAN_POINT ( 'NONE',  ( -0.3199999999999998956, -0.2560000000000001719, -2.359999999999988773 ) ) ;
#1169 = UNCERTAINTY_MEASURE_WITH_UNIT (LENGTH_MEASURE( 1.000000000000000082E-05 ), #1885, 'distance_accuracy_value', 'NONE');
#1170 = ADVANCED_FACE ( 'NONE', ( #267 ), #3040, .F. ) ;
#1171 = ORIENTED_EDGE ( 'NONE', *, *, #1074, .F. ) ;
#1172 = CARTESIAN_POINT ( 'NONE',  ( -0.1568216416384762280, -1.190011714886052285, 1.791833950186151547 ) ) ;
#1173 = CARTESIAN_POINT ( 'NONE',  ( 0.2713367824627647140, -1.149999999999999689, 1.100924175899257840 ) ) ;
#1174 = FACE_OUTER_BOUND ( 'NONE', #1523, .T. ) ;
#1175 = EDGE_CURVE ( 'NONE', #2639, #3778, #47, .T. ) ;
#1176 = EDGE_CURVE ( 'NONE', #2299, #443, #3813, .T. ) ;
#1177 = VERTEX_POINT ( 'NONE', #2743 ) ;
#1178 = CARTESIAN_POINT ( 'NONE',  ( 0.2713367824627648250, -1.149999999999999911, 0.8481160656645677642 ) ) ;
#1179 = ADVANCED_FACE ( 'NONE', ( #3610 ), #9, .T. ) ;
#1180 = CARTESIAN_POINT ( 'NONE',  ( -0.2341962252578352333, -1.250000000000000888, 1.443422478592584657 ) ) ;
#1181 = CARTESIAN_POINT ( 'NONE',  ( -0.2676958495758779422, -1.160003380892472125, 0.8481922686093442687 ) ) ;
#1182 = CARTESIAN_POINT ( 'NONE',  ( -0.2071507323465819062, -7.584576630186898791E-16, 8.550000000000000711 ) ) ;
#1183 = LINE ( 'NONE', #275, #945 ) ;
#1184 = CARTESIAN_POINT ( 'NONE',  ( -0.3199999999999998956, 2.283999999999999808, -2.359999999999988773 ) ) ;
#1185 = DIRECTION ( 'NONE',  ( -8.470329472543003391E-17, 1.000000000000000000, 0.000000000000000000 ) ) ;
#1186 = ORIENTED_EDGE ( 'NONE', *, *, #63, .F. ) ;
#1187 = CARTESIAN_POINT ( 'NONE',  ( -0.2069451709529519789, -1.249999999999993561, 0.7832384112981702895 ) ) ;
#1188 = ORIENTED_EDGE ( 'NONE', *, *, #2847, .T. ) ;
#1189 = CARTESIAN_POINT ( 'NONE',  ( -0.3012548339959390531, 2.841254833995939144, -2.466309119164537655 ) ) ;
#1190 = ADVANCED_FACE ( 'NONE', ( #2116 ), #3312, .F. ) ;
#1191 = VERTEX_POINT ( 'NONE', #1498 ) ;
#1192 = CARTESIAN_POINT ( 'NONE',  ( 1.169999999999999707, 3.270000000000000462, 0.6000000000000000888 ) ) ;
#1193 = EDGE_CURVE ( 'NONE', #674, #1803, #3668, .T. ) ;
#1194 = FACE_OUTER_BOUND ( 'NONE', #540, .T. ) ;
#1195 = CARTESIAN_POINT ( 'NONE',  ( -0.2247191242266792510, -1.250000000000000666, 1.408007062060587566 ) ) ;
#1196 = DIRECTION ( 'NONE',  ( -0.1710878697460330722, -0.1710878697460331554, 0.9702875252478149193 ) ) ;
#1197 = SURFACE_STYLE_FILL_AREA ( #1794 ) ;
#1198 = CARTESIAN_POINT ( 'NONE',  ( -0.2010872110020789083, 0.2010872110020782699, 8.584387938363944315 ) ) ;
#1199 = CARTESIAN_POINT ( 'NONE',  ( 0.3200000000000000622, 0.2559999999999993947, 7.909999999999988596 ) ) ;
#1200 = CARTESIAN_POINT ( 'NONE',  ( -0.1584377493068649667, -1.129999999999998561, 0.7263832256260039921 ) ) ;
#1201 = CARTESIAN_POINT ( 'NONE',  ( 0.2772771856230505927, -1.129999999999999005, 1.720741335973686059 ) ) ;
#1202 = VECTOR ( 'NONE', #3299, 1000.000000000000000 ) ;
#1203 = UNCERTAINTY_MEASURE_WITH_UNIT (LENGTH_MEASURE( 1.000000000000000082E-05 ), #3007, 'distance_accuracy_value', 'NONE');
#1204 = COLOUR_RGB ( '',1.000000000000000000, 0.000000000000000000, 0.000000000000000000 ) ;
#1205 = VERTEX_POINT ( 'NONE', #2424 ) ;
#1206 = FILL_AREA_STYLE_COLOUR ( '', #1457 ) ;
#1207 = DIRECTION ( 'NONE',  ( 0.000000000000000000, -1.000000000000000000, 0.000000000000000000 ) ) ;
#1208 = FACE_BOUND ( 'NONE', #2469, .T. ) ;
#1209 = VECTOR ( 'NONE', #2960, 1000.000000000000000 ) ;
#1210 = ORIENTED_EDGE ( 'NONE', *, *, #2002, .F. ) ;
#1211 = ADVANCED_FACE ( 'NONE', ( #30 ), #3631, .F. ) ;
#1212 = VECTOR ( 'NONE', #200, 1000.000000000000000 ) ;
#1213 = CARTESIAN_POINT ( 'NONE',  ( 0.3200000000000000622, 2.795999999999999819, -2.359999999999988773 ) ) ;
#1214 = FILL_AREA_STYLE_COLOUR ( '', #470 ) ;
#1215 = CARTESIAN_POINT ( 'NONE',  ( 5.421010862427522170E-17, -0.4466666666666664898, 2.449999999999999734 ) ) ;
#1216 = EDGE_CURVE ( 'NONE', #3778, #2647, #2151, .T. ) ;
#1217 = PLANE ( 'NONE',  #3552 ) ;
#1218 = CARTESIAN_POINT ( 'NONE',  ( 5.421010862427522170E-17, -0.4466666666666664898, 2.449999999999999734 ) ) ;
#1219 = VECTOR ( 'NONE', #3071, 1000.000000000000000 ) ;
#1220 =( LENGTH_UNIT ( ) NAMED_UNIT ( * ) SI_UNIT ( .MILLI., .METRE. ) );
#1221 = VECTOR ( 'NONE', #3588, 1000.000000000000000 ) ;
#1222 = EDGE_CURVE ( 'NONE', #500, #536, #1854, .T. ) ;
#1223 = CARTESIAN_POINT ( 'NONE',  ( -0.2708727427766621787, -1.150000000000000355, 0.8370379506946695747 ) ) ;
#1224 = CARTESIAN_POINT ( 'NONE',  ( -0.2031250000000001665, -1.250000000000000000, 1.378433734939759292 ) ) ;
#1225 = CARTESIAN_POINT ( 'NONE',  ( -0.2071507323465818784, -0.3200000000000007283, 8.550000000000000711 ) ) ;
#1226 = ORIENTED_EDGE ( 'NONE', *, *, #597, .T. ) ;
#1227 = SURFACE_STYLE_FILL_AREA ( #2434 ) ;
#1228 = ORIENTED_EDGE ( 'NONE', *, *, #640, .T. ) ;
#1229 = CARTESIAN_POINT ( 'NONE',  ( 0.2608839580572266947, -1.149999999999990807, 0.7919293115025550778 ) ) ;
#1230 = LINE ( 'NONE', #2458, #1146 ) ;
#1231 = CARTESIAN_POINT ( 'NONE',  ( -1.815899543548296566E-16, -1.149999999999999911, 0.7336029765733799168 ) ) ;
#1232 = DIRECTION ( 'NONE',  ( -8.470329472543003391E-17, 1.000000000000000000, 0.000000000000000000 ) ) ;
#1233 = VERTEX_POINT ( 'NONE', #2999 ) ;
#1234 = CARTESIAN_POINT ( 'NONE',  ( -0.2349899656517395186, -1.250000000000000888, 1.459053469121832869 ) ) ;
#1235 = CARTESIAN_POINT ( 'NONE',  ( 1.269999999999999796, 3.499999999999998224, 2.500000000000000000 ) ) ;
#1236 = CARTESIAN_POINT ( 'NONE',  ( -0.2349397590361447796, -1.250000000000000000, 1.691121987951807348 ) ) ;
#1237 = LINE ( 'NONE', #3101, #652 ) ;
#1238 = EDGE_CURVE ( 'NONE', #536, #1630, #2230, .T. ) ;
#1239 = FILL_AREA_STYLE_COLOUR ( '', #3485 ) ;
#1240 = CARTESIAN_POINT ( 'NONE',  ( -0.2069451709529502581, -1.250000000000001776, 0.7832384112981728430 ) ) ;
#1241 = CARTESIAN_POINT ( 'NONE',  ( 0.2890920949374359283, 2.853417573054442435, 7.947330798265292984 ) ) ;
#1242 = PRESENTATION_STYLE_ASSIGNMENT (( #3658 ) ) ;
#1243 = UNCERTAINTY_MEASURE_WITH_UNIT (LENGTH_MEASURE( 1.000000000000000082E-05 ), #2163, 'distance_accuracy_value', 'NONE');
#1244 = ADVANCED_FACE ( 'NONE', ( #2525, #3422 ), #3447, .T. ) ;
#1245 = EDGE_LOOP ( 'NONE', ( #1600, #2656, #2676, #2393 ) ) ;
#1246 =( NAMED_UNIT ( * ) SI_UNIT ( $, .STERADIAN. ) SOLID_ANGLE_UNIT ( ) );
#1247 = CARTESIAN_POINT ( 'NONE',  ( -0.7700000000000004619, 3.749999999999999112, 2.500000000000000000 ) ) ;
#1248 = EDGE_CURVE ( 'NONE', #90, #1139, #1300, .T. ) ;
#1249 = VERTEX_POINT ( 'NONE', #998 ) ;
#1250 = DIRECTION ( 'NONE',  ( -0.1710878697460326558, -0.1710878697460326836, 0.9702875252478149193 ) ) ;
#1251 = CARTESIAN_POINT ( 'NONE',  ( 0.2560000000000002274, 2.219999999999999751, -2.359999999999988773 ) ) ;
#1252 = CARTESIAN_POINT ( 'NONE',  ( -0.3199999999999999512, 0.3199999999999993405, 8.550000000000000711 ) ) ;
#1253 = ORIENTED_EDGE ( 'NONE', *, *, #2795, .T. ) ;
#1254 = DIRECTION ( 'NONE',  ( -0.7071067811865434649, 0.000000000000000000, 0.7071067811865516806 ) ) ;
#1255 = CARTESIAN_POINT ( 'NONE',  ( -0.2604139838411309027, -1.180010142570189657, 0.8483446904390402610 ) ) ;
#1256 = CARTESIAN_POINT ( 'NONE',  ( -7.600466019169040351E-17, -1.149999999999999911, 1.420349964525186914 ) ) ;
#1257 = DIRECTION ( 'NONE',  ( -0.000000000000000000, 1.000000000000000000, 5.078189165123089681E-17 ) ) ;
#1258 =( BOUNDED_CURVE ( )  B_SPLINE_CURVE ( 3, ( #1796, #2724, #3042, #3468 ),
 .UNSPECIFIED., .F., .F. ) 
 B_SPLINE_CURVE_WITH_KNOTS ( ( 4, 4 ),
 ( 3.141592653589792672, 3.926990816987244504 ),
 .UNSPECIFIED. ) 
 CURVE ( )  GEOMETRIC_REPRESENTATION_ITEM ( )  RATIONAL_B_SPLINE_CURVE ( ( 1.000000000000000000, 0.9492530216741906779, 0.9492530216741906779, 1.000000000000000000 ) ) 
 REPRESENTATION_ITEM ( '' )  );
#1259 = SURFACE_STYLE_USAGE ( .BOTH. , #2510 ) ;
#1260 = EDGE_CURVE ( 'NONE', #2395, #1143, #2817, .T. ) ;
#1261 = CARTESIAN_POINT ( 'NONE',  ( -0.2071507323465818784, 2.219999999999999307, 8.550000000000000711 ) ) ;
#1262 = LINE ( 'NONE', #1542, #1784 ) ;
#1263 = DIRECTION ( 'NONE',  ( 8.470329472543003391E-17, -1.000000000000000000, 0.000000000000000000 ) ) ;
#1264 = VERTEX_POINT ( 'NONE', #103 ) ;
#1265 = EDGE_CURVE ( 'NONE', #1621, #1785, #3766, .T. ) ;
#1266 = CARTESIAN_POINT ( 'NONE',  ( -0.7699999999999996847, -1.250000000000000000, 0.000000000000000000 ) ) ;
#1267 = AXIS2_PLACEMENT_3D ( 'NONE', #2229, #719, #2172 ) ;
#1268 = CARTESIAN_POINT ( 'NONE',  ( -0.7699999999999996847, -1.250000000000000000, 2.500000000000000000 ) ) ;
#1269 = VECTOR ( 'NONE', #3737, 999.9999999999998863 ) ;
#1270 = ORIENTED_EDGE ( 'NONE', *, *, #1297, .F. ) ;
#1271 = EDGE_CURVE ( 'NONE', #2710, #3418, #2814, .T. ) ;
#1272 = DIRECTION ( 'NONE',  ( 8.470329472543003391E-17, -1.000000000000000000, 0.000000000000000000 ) ) ;
#1273 = PLANE ( 'NONE',  #1711 ) ;
#1274 = CARTESIAN_POINT ( 'NONE',  ( -0.1771939946250029041, -1.250000000000001110, 1.768241958426031157 ) ) ;
#1275 = MECHANICAL_DESIGN_GEOMETRIC_PRESENTATION_REPRESENTATION (  '', ( #12 ), #1972 ) ;
#1276 = EDGE_LOOP ( 'NONE', ( #2218, #1924, #366, #989, #3855, #527 ) ) ;
#1277 = CARTESIAN_POINT ( 'NONE',  ( 0.3134175730544422889, 0.2890920949374358173, -2.397330798265290941 ) ) ;
#1278 = CARTESIAN_POINT ( 'NONE',  ( 0.2582363870873444212, -1.150000000000000133, 1.166150458576016513 ) ) ;
#1279 =( NAMED_UNIT ( * ) PLANE_ANGLE_UNIT ( ) SI_UNIT ( $, .RADIAN. ) );
#1280 = AXIS2_PLACEMENT_3D ( 'NONE', #2308, #794, #1368 ) ;
#1281 = AXIS2_PLACEMENT_3D ( 'NONE', #1518, #2747, #3657 ) ;
#1282 = DIRECTION ( 'NONE',  ( 1.000000000000000000, 3.533888243307264380E-16, 0.000000000000000000 ) ) ;
#1283 = FACE_OUTER_BOUND ( 'NONE', #1638, .T. ) ;
#1284 = CARTESIAN_POINT ( 'NONE',  ( 0.1560617469879515551, -1.250000000000000000, 0.7700000000000001288 ) ) ;
#1285 =( BOUNDED_CURVE ( )  B_SPLINE_CURVE ( 3, ( #986, #2529, #3772, #3411 ),
 .UNSPECIFIED., .F., .F. ) 
 B_SPLINE_CURVE_WITH_KNOTS ( ( 4, 4 ),
 ( 2.356194490192339508, 3.141592653589793116 ),
 .UNSPECIFIED. ) 
 CURVE ( )  GEOMETRIC_REPRESENTATION_ITEM ( )  RATIONAL_B_SPLINE_CURVE ( ( 1.000000000000000000, 0.9492530216741903448, 0.9492530216741903448, 1.000000000000000000 ) ) 
 REPRESENTATION_ITEM ( '' )  );
#1286 = UNCERTAINTY_MEASURE_WITH_UNIT (LENGTH_MEASURE( 1.000000000000000082E-05 ), #2267, 'distance_accuracy_value', 'NONE');
#1287 = MECHANICAL_DESIGN_GEOMETRIC_PRESENTATION_REPRESENTATION (  '', ( #2374 ), #2947 ) ;
#1288 = VECTOR ( 'NONE', #3413, 1000.000000000000000 ) ;
#1289 = ORIENTED_EDGE ( 'NONE', *, *, #105, .F. ) ;
#1290 = VECTOR ( 'NONE', #1715, 1000.000000000000114 ) ;
#1291 = LINE ( 'NONE', #1865, #3824 ) ;
#1292 = ADVANCED_FACE ( 'NONE', ( #1588 ), #2541, .F. ) ;
#1293 = ORIENTED_EDGE ( 'NONE', *, *, #2569, .T. ) ;
#1294 = CARTESIAN_POINT ( 'NONE',  ( 0.2123439580472825938, -1.149999999999990807, 0.7446777659061273313 ) ) ;
#1295 = DIRECTION ( 'NONE',  ( 0.7071067811865460184, -0.7071067811865490160, 0.000000000000000000 ) ) ;
#1296 = CARTESIAN_POINT ( 'NONE',  ( 0.2338056406508102758, -1.250000000000001110, 0.8276727744746826820 ) ) ;
#1297 = EDGE_CURVE ( 'NONE', #283, #3547, #70, .T. ) ;
#1298 = EDGE_LOOP ( 'NONE', ( #1400, #2069, #1734, #223, #3367, #658 ) ) ;
#1299 = DIRECTION ( 'NONE',  ( 0.000000000000000000, 1.000000000000000000, 0.000000000000000000 ) ) ;
#1300 = LINE ( 'NONE', #721, #3310 ) ;
#1301 = SURFACE_STYLE_FILL_AREA ( #395 ) ;
#1302 = FACE_OUTER_BOUND ( 'NONE', #1997, .T. ) ;
#1303 = EDGE_CURVE ( 'NONE', #1359, #3421, #3136, .T. ) ;
#1304 = CARTESIAN_POINT ( 'NONE',  ( -0.2298037738871964719, -1.149999999999999911, 1.353671999876015164 ) ) ;
#1305 =( NAMED_UNIT ( * ) PLANE_ANGLE_UNIT ( ) SI_UNIT ( $, .RADIAN. ) );
#1306 = DIRECTION ( 'NONE',  ( 0.000000000000000000, 1.000000000000000000, 0.000000000000000000 ) ) ;
#1307 = ORIENTED_EDGE ( 'NONE', *, *, #1504, .T. ) ;
#1308 = DIRECTION ( 'NONE',  ( -6.842277657836020854E-49, 5.078189165123089681E-17, -1.000000000000000000 ) ) ;
#1309 = DIRECTION ( 'NONE',  ( 0.000000000000000000, -1.000000000000000000, 0.000000000000000000 ) ) ;
#1310 = EDGE_LOOP ( 'NONE', ( #2539, #2373, #1161, #193 ) ) ;
#1311 =( NAMED_UNIT ( * ) SI_UNIT ( $, .STERADIAN. ) SOLID_ANGLE_UNIT ( ) );
#1312 = CARTESIAN_POINT ( 'NONE',  ( -0.2559999999999999498, 2.219999999999999307, 7.909999999999988596 ) ) ;
#1313 = EDGE_CURVE ( 'NONE', #155, #2047, #3618, .T. ) ;
#1314 = CARTESIAN_POINT ( 'NONE',  ( -0.1665885810817074875, -1.250000000000000888, 1.769266317007092360 ) ) ;
#1315 = ORIENTED_EDGE ( 'NONE', *, *, #2140, .T. ) ;
#1316 = LINE ( 'NONE', #701, #1133 ) ;
#1317 = CARTESIAN_POINT ( 'NONE',  ( 0.2713252480996605764, -1.149999999999999245, 1.693495221222853786 ) ) ;
#1318 = EDGE_CURVE ( 'NONE', #2956, #3281, #2191, .T. ) ;
#1319 =( LENGTH_UNIT ( ) NAMED_UNIT ( * ) SI_UNIT ( .MILLI., .METRE. ) );
#1320 = CARTESIAN_POINT ( 'NONE',  ( -0.2178245392137369563, -1.193758438863201876, 1.364171445060734289 ) ) ;
#1321 = CARTESIAN_POINT ( 'NONE',  ( -0.2560000000000000053, 2.859999999999999876, 8.550000000000000711 ) ) ;
#1322 = EDGE_CURVE ( 'NONE', #227, #3738, #3228, .T. ) ;
#1323 = CARTESIAN_POINT ( 'NONE',  ( -0.3199999999999999512, 0.2559999999999998943, -2.359999999999988773 ) ) ;
#1324 = UNCERTAINTY_MEASURE_WITH_UNIT (LENGTH_MEASURE( 1.000000000000000082E-05 ), #3285, 'distance_accuracy_value', 'NONE');
#1325 = EDGE_LOOP ( 'NONE', ( #2286, #2671, #3124, #1777 ) ) ;
#1326 = SURFACE_STYLE_FILL_AREA ( #461 ) ;
#1327 =( GEOMETRIC_REPRESENTATION_CONTEXT ( 3 ) GLOBAL_UNCERTAINTY_ASSIGNED_CONTEXT ( ( #3433 ) ) GLOBAL_UNIT_ASSIGNED_CONTEXT ( ( #2774, #3391, #374 ) ) REPRESENTATION_CONTEXT ( 'NONE', 'WORKASPACE' ) );
#1328 = ORIENTED_EDGE ( 'NONE', *, *, #1744, .F. ) ;
#1329 = DIRECTION ( 'NONE',  ( -0.000000000000000000, -0.000000000000000000, 1.000000000000000000 ) ) ;
#1330 = ORIENTED_EDGE ( 'NONE', *, *, #77, .T. ) ;
#1331 = PRESENTATION_LAYER_ASSIGNMENT (  '', '', ( #826 ) ) ;
#1332 = CARTESIAN_POINT ( 'NONE',  ( 0.3200000000000001177, 0.2732007105321401230, -2.359999999999986997 ) ) ;
#1333 = CARTESIAN_POINT ( 'NONE',  ( 0.2349034627014277565, -1.150000000000000355, 1.200170890463817086 ) ) ;
#1334 =( LENGTH_UNIT ( ) NAMED_UNIT ( * ) SI_UNIT ( .MILLI., .METRE. ) );
#1335 = DIRECTION ( 'NONE',  ( 0.000000000000000000, 0.000000000000000000, -1.000000000000000000 ) ) ;
#1336 = VECTOR ( 'NONE', #3, 1000.000000000000000 ) ;
#1337 = ADVANCED_FACE ( 'NONE', ( #2595 ), #3822, .T. ) ;
#1338 = EDGE_LOOP ( 'NONE', ( #1988, #3358, #846, #3278, #1684 ) ) ;
#1339 = DIRECTION ( 'NONE',  ( -6.842277657836020854E-49, 5.078189165123089681E-17, -1.000000000000000000 ) ) ;
#1340 = DIRECTION ( 'NONE',  ( 6.842277657836020854E-49, -5.078189165123089681E-17, 1.000000000000000000 ) ) ;
#1341 = CARTESIAN_POINT ( 'NONE',  ( -0.1577519656428721107, -1.149999999999996581, 1.806367507386705373 ) ) ;
#1342 = DIRECTION ( 'NONE',  ( 0.000000000000000000, 1.000000000000000000, 0.000000000000000000 ) ) ;
#1343 = VECTOR ( 'NONE', #634, 1000.000000000000000 ) ;
#1344 = ORIENTED_EDGE ( 'NONE', *, *, #3223, .T. ) ;
#1345 = PRESENTATION_STYLE_ASSIGNMENT (( #2863 ) ) ;
#1346 = CARTESIAN_POINT ( 'NONE',  ( -0.2071507323465819062, 2.539999999999999147, 8.550000000000000711 ) ) ;
#1347 = AXIS2_PLACEMENT_3D ( 'NONE', #1394, #799, #244 ) ;
#1348 = VECTOR ( 'NONE', #3535, 1000.000000000000000 ) ;
#1349 = VECTOR ( 'NONE', #3341, 1000.000000000000000 ) ;
#1350 = ORIENTED_EDGE ( 'NONE', *, *, #567, .F. ) ;
#1351 = CARTESIAN_POINT ( 'NONE',  ( 0.2337715950550458832, -1.249999999999996225, 1.713467453397172324 ) ) ;
#1352 = CARTESIAN_POINT ( 'NONE',  ( -0.2560000000000000053, 2.860000000000000320, -2.359999999999988773 ) ) ;
#1353 = ORIENTED_EDGE ( 'NONE', *, *, #2340, .F. ) ;
#1354 =( GEOMETRIC_REPRESENTATION_CONTEXT ( 3 ) GLOBAL_UNCERTAINTY_ASSIGNED_CONTEXT ( ( #851 ) ) GLOBAL_UNIT_ASSIGNED_CONTEXT ( ( #3029, #2327, #281 ) ) REPRESENTATION_CONTEXT ( 'NONE', 'WORKASPACE' ) );
#1355 = CARTESIAN_POINT ( 'NONE',  ( -0.1570750383009144602, -1.170005857523106929, 1.799115486777239203 ) ) ;
#1356 = CARTESIAN_POINT ( 'NONE',  ( 0.2700262538617162478, -1.149999999999999023, 1.719529022210933622 ) ) ;
#1357 = DIRECTION ( 'NONE',  ( 6.842277657836020854E-49, -5.078189165123089681E-17, 1.000000000000000000 ) ) ;
#1358 = DIRECTION ( 'NONE',  ( 0.000000000000000000, -0.000000000000000000, -1.000000000000000000 ) ) ;
#1359 = VERTEX_POINT ( 'NONE', #3501 ) ;
#1360 =( NAMED_UNIT ( * ) SI_UNIT ( $, .STERADIAN. ) SOLID_ANGLE_UNIT ( ) );
#1361 = PLANE ( 'NONE',  #2507 ) ;
#1362 = EDGE_CURVE ( 'NONE', #507, #216, #2053, .T. ) ;
#1363 = LINE ( 'NONE', #785, #3021 ) ;
#1364 = VERTEX_POINT ( 'NONE', #2976 ) ;
#1365 = ORIENTED_EDGE ( 'NONE', *, *, #612, .T. ) ;
#1366 =( NAMED_UNIT ( * ) SI_UNIT ( $, .STERADIAN. ) SOLID_ANGLE_UNIT ( ) );
#1367 = ORIENTED_EDGE ( 'NONE', *, *, #1699, .T. ) ;
#1368 = DIRECTION ( 'NONE',  ( -0.3420201433256698231, 0.9396926207859079838, 0.000000000000000000 ) ) ;
#1369 = CARTESIAN_POINT ( 'NONE',  ( -0.1562305829448801253, -1.236672524119845962, 0.7651491954817232211 ) ) ;
#1370 = VERTEX_POINT ( 'NONE', #1098 ) ;
#1371 = FILL_AREA_STYLE_COLOUR ( '', #1904 ) ;
#1372 = FILL_AREA_STYLE_COLOUR ( '', #3198 ) ;
#1373 = CARTESIAN_POINT ( 'NONE',  ( 1.269999999999999796, 3.499999999999998224, 2.500000000000000000 ) ) ;
#1374 = ORIENTED_EDGE ( 'NONE', *, *, #1057, .F. ) ;
#1375 = LINE ( 'NONE', #2272, #2735 ) ;
#1376 = LINE ( 'NONE', #1420, #1138 ) ;
#1377 = CARTESIAN_POINT ( 'NONE',  ( -0.2280098402426483373, -1.149999999999996358, 1.787058641526131586 ) ) ;
#1378 = SURFACE_STYLE_FILL_AREA ( #2216 ) ;
#1379 = ORIENTED_EDGE ( 'NONE', *, *, #2051, .F. ) ;
#1380 = ORIENTED_EDGE ( 'NONE', *, *, #2068, .T. ) ;
#1381 = CARTESIAN_POINT ( 'NONE',  ( 0.3464101615137756829, -1.046666666666666856, 2.449999999999999734 ) ) ;
#1382 = DIRECTION ( 'NONE',  ( -0.9848077530122085754, -8.341646135128160883E-17, 0.1736481776669278332 ) ) ;
#1383 = CARTESIAN_POINT ( 'NONE',  ( -0.2675450665421194585, -1.130000000000000115, 1.751173972335637430 ) ) ;
#1384 = ADVANCED_FACE ( 'NONE', ( #2028 ), #2911, .F. ) ;
#1385 = ORIENTED_EDGE ( 'NONE', *, *, #1468, .T. ) ;
#1386 = FACE_OUTER_BOUND ( 'NONE', #2965, .T. ) ;
#1387 = FACE_OUTER_BOUND ( 'NONE', #262, .T. ) ;
#1388 = VECTOR ( 'NONE', #2546, 1000.000000000000000 ) ;
#1389 = ADVANCED_FACE ( 'NONE', ( #2616, #3482 ), #1434, .F. ) ;
#1390 = VERTEX_POINT ( 'NONE', #1989 ) ;
#1391 = PRESENTATION_STYLE_ASSIGNMENT (( #3861 ) ) ;
#1392 = PRESENTATION_LAYER_ASSIGNMENT (  '', '', ( #321 ) ) ;
#1393 = DIRECTION ( 'NONE',  ( -1.000000000000000000, 0.000000000000000000, 0.000000000000000000 ) ) ;
#1394 = CARTESIAN_POINT ( 'NONE',  ( 0.2560000000000001719, 0.2559999999999993392, 8.550000000000000711 ) ) ;
#1395 =( GEOMETRIC_REPRESENTATION_CONTEXT ( 3 ) GLOBAL_UNCERTAINTY_ASSIGNED_CONTEXT ( ( #257 ) ) GLOBAL_UNIT_ASSIGNED_CONTEXT ( ( #3868, #551, #3548 ) ) REPRESENTATION_CONTEXT ( 'NONE', 'WORKASPACE' ) );
#1396 = ORIENTED_EDGE ( 'NONE', *, *, #377, .T. ) ;
#1397 = LINE ( 'NONE', #3542, #1967 ) ;
#1398 = FACE_OUTER_BOUND ( 'NONE', #537, .T. ) ;
#1399 = VECTOR ( 'NONE', #737, 1000.000000000000000 ) ;
#1400 = ORIENTED_EDGE ( 'NONE', *, *, #2164, .T. ) ;
#1401 = VERTEX_POINT ( 'NONE', #2640 ) ;
#1402 = LINE ( 'NONE', #2062, #206 ) ;
#1403 = CARTESIAN_POINT ( 'NONE',  ( 0.2344989567605764436, -1.250000000000014655, 0.8383569884989855447 ) ) ;
#1404 = STYLED_ITEM ( 'NONE', ( #2673 ), #2019 ) ;
#1405 = VERTEX_POINT ( 'NONE', #1968 ) ;
#1406 = FACE_OUTER_BOUND ( 'NONE', #2854, .T. ) ;
#1407 = CARTESIAN_POINT ( 'NONE',  ( 0.3200000000000001177, -0.2560000000000007825, 8.550000000000000711 ) ) ;
#1408 = ADVANCED_FACE ( 'NONE', ( #504 ), #204, .F. ) ;
#1409 =( BOUNDED_CURVE ( )  B_SPLINE_CURVE ( 3, ( #1069, #157, #1601, #990 ),
 .UNSPECIFIED., .F., .F. ) 
 B_SPLINE_CURVE_WITH_KNOTS ( ( 4, 4 ),
 ( 8.470329472543024098E-16, 0.7853981633974481680 ),
 .UNSPECIFIED. ) 
 CURVE ( )  GEOMETRIC_REPRESENTATION_ITEM ( )  RATIONAL_B_SPLINE_CURVE ( ( 1.000000000000000000, 0.9492530216741912330, 0.9492530216741912330, 1.000000000000000000 ) ) 
 REPRESENTATION_ITEM ( '' )  );
#1410 = AXIS2_PLACEMENT_3D ( 'NONE', #1373, #3425, #1358 ) ;
#1411 = ORIENTED_EDGE ( 'NONE', *, *, #1574, .T. ) ;
#1412 = FILL_AREA_STYLE ('',( #1371 ) ) ;
#1413 = STYLED_ITEM ( 'NONE', ( #3802 ), #2857 ) ;
#1414 = CARTESIAN_POINT ( 'NONE',  ( 0.2890920949374360394, 2.226582426945557636, 7.947330798265291207 ) ) ;
#1415 = ADVANCED_FACE ( 'NONE', ( #1763 ), #3020, .T. ) ;
#1416 = FACE_OUTER_BOUND ( 'NONE', #438, .T. ) ;
#1417 = STYLED_ITEM ( 'NONE', ( #1428 ), #3145 ) ;
#1418 = ORIENTED_EDGE ( 'NONE', *, *, #2795, .F. ) ;
#1419 = DIRECTION ( 'NONE',  ( -1.000000000000000000, 0.000000000000000000, 0.000000000000000000 ) ) ;
#1420 = CARTESIAN_POINT ( 'NONE',  ( -0.09036144578313276554, -1.250000000000000000, 1.462771084337349370 ) ) ;
#1421 = CARTESIAN_POINT ( 'NONE',  ( -0.2349397590361447796, -1.250000000000000000, 0.8488780120481929092 ) ) ;
#1422 = DIRECTION ( 'NONE',  ( -2.409338161078900167E-16, 1.000000000000000000, 0.000000000000000000 ) ) ;
#1423 = EDGE_LOOP ( 'NONE', ( #3091, #2078, #1097, #1751, #1121, #2865 ) ) ;
#1424 = VERTEX_POINT ( 'NONE', #3305 ) ;
#1425 = CARTESIAN_POINT ( 'NONE',  ( 0.2219035924842148455, -1.250000000000001110, 1.742749986091903125 ) ) ;
#1426 = ORIENTED_EDGE ( 'NONE', *, *, #2144, .T. ) ;
#1427 = MANIFOLD_SOLID_BREP ( 'Fillet1', #186 ) ;
#1428 = PRESENTATION_STYLE_ASSIGNMENT (( #868 ) ) ;
#1429 = ORIENTED_EDGE ( 'NONE', *, *, #309, .T. ) ;
#1430 = CARTESIAN_POINT ( 'NONE',  ( 0.1560617469879515551, -1.250000000000000000, 1.770000000000000240 ) ) ;
#1431 = CARTESIAN_POINT ( 'NONE',  ( 0.2071507323465825723, 2.332849267653417158, -3.000000000000000000 ) ) ;
#1432 = CARTESIAN_POINT ( 'NONE',  ( -0.1573284206430519139, -1.149999999999999911, 0.7336029765733800279 ) ) ;
#1433 = ORIENTED_EDGE ( 'NONE', *, *, #908, .T. ) ;
#1434 = PLANE ( 'NONE',  #3628 ) ;
#1435 = FILL_AREA_STYLE_COLOUR ( '', #2241 ) ;
#1436 = PLANE ( 'NONE',  #2303 ) ;
#1437 = EDGE_CURVE ( 'NONE', #2124, #3874, #582, .T. ) ;
#1438 = DIRECTION ( 'NONE',  ( -0.1710878697460327114, 0.1710878697460326836, -0.9702875252478149193 ) ) ;
#1439 = ORIENTED_EDGE ( 'NONE', *, *, #1483, .F. ) ;
#1440 = ORIENTED_EDGE ( 'NONE', *, *, #2490, .T. ) ;
#1441 = CARTESIAN_POINT ( 'NONE',  ( 0.1565682309120676741, -1.210017572091700577, 0.7554475863476846076 ) ) ;
#1442 = CARTESIAN_POINT ( 'NONE',  ( 0.1570913922512544303, -1.129999999999999227, 1.813708864346839089 ) ) ;
#1443 = ORIENTED_EDGE ( 'NONE', *, *, #3706, .F. ) ;
#1444 = DIRECTION ( 'NONE',  ( -0.000000000000000000, 0.000000000000000000, 1.000000000000000000 ) ) ;
#1445 = ORIENTED_EDGE ( 'NONE', *, *, #1271, .T. ) ;
#1446 = FILL_AREA_STYLE ('',( #1148 ) ) ;
#1447 = CARTESIAN_POINT ( 'NONE',  ( -0.3199999999999999512, 0.2559999999999993392, 8.550000000000000711 ) ) ;
#1448 = PRESENTATION_STYLE_ASSIGNMENT (( #919 ) ) ;
#1449 = ORIENTED_EDGE ( 'NONE', *, *, #2089, .F. ) ;
#1450 = LINE ( 'NONE', #2475, #3001 ) ;
#1451 = CARTESIAN_POINT ( 'NONE',  ( -0.3199999999999998956, -0.3200000000000001732, -2.359999999999988773 ) ) ;
#1452 = PRESENTATION_LAYER_ASSIGNMENT (  '', '', ( #3174 ) ) ;
#1453 = CARTESIAN_POINT ( 'NONE',  ( -0.2326746774003353724, -1.250000000000000666, 1.428617988992419763 ) ) ;
#1454 = DIRECTION ( 'NONE',  ( 0.000000000000000000, -0.9396926207859082059, 0.3420201433256694901 ) ) ;
#1455 = FACE_OUTER_BOUND ( 'NONE', #580, .T. ) ;
#1456 = LINE ( 'NONE', #3315, #2704 ) ;
#1457 = COLOUR_RGB ( '',0.9686274509803921573, 0.8784313725490195957, 0.5999999999999999778 ) ;
#1458 = ORIENTED_EDGE ( 'NONE', *, *, #1676, .T. ) ;
#1459 = VERTEX_POINT ( 'NONE', #860 ) ;
#1460 =( NAMED_UNIT ( * ) PLANE_ANGLE_UNIT ( ) SI_UNIT ( $, .RADIAN. ) );
#1461 = VECTOR ( 'NONE', #625, 1000.000000000000227 ) ;
#1462 = ORIENTED_EDGE ( 'NONE', *, *, #2588, .F. ) ;
#1463 = PLANE ( 'NONE',  #2514 ) ;
#1464 = EDGE_CURVE ( 'NONE', #872, #1191, #1230, .T. ) ;
#1465 = EDGE_CURVE ( 'NONE', #2389, #550, #3072, .T. ) ;
#1466 = VERTEX_POINT ( 'NONE', #1192 ) ;
#1467 = CARTESIAN_POINT ( 'NONE',  ( 0.1560617469879515551, -1.250000000000000000, 1.770000000000000240 ) ) ;
#1468 = EDGE_CURVE ( 'NONE', #872, #892, #2677, .T. ) ;
#1469 =( GEOMETRIC_REPRESENTATION_CONTEXT ( 3 ) GLOBAL_UNCERTAINTY_ASSIGNED_CONTEXT ( ( #2840 ) ) GLOBAL_UNIT_ASSIGNED_CONTEXT ( ( #2904, #2221, #1366 ) ) REPRESENTATION_CONTEXT ( 'NONE', 'WORKASPACE' ) );
#1470 = VERTEX_POINT ( 'NONE', #1213 ) ;
#1471 = SURFACE_STYLE_FILL_AREA ( #2110 ) ;
#1472 = DIRECTION ( 'NONE',  ( 1.000000000000000000, 8.470329472543003391E-17, 4.301393535249064745E-33 ) ) ;
#1473 = AXIS2_PLACEMENT_3D ( 'NONE', #3483, #3803, #3731 ) ;
#1474 = DIRECTION ( 'NONE',  ( -1.000000000000000000, 0.000000000000000000, -0.000000000000000000 ) ) ;
#1475 = VECTOR ( 'NONE', #3521, 1000.000000000000114 ) ;
#1476 = CARTESIAN_POINT ( 'NONE',  ( -0.2785596718136650884, -1.129999999999999227, 1.455843592248305507 ) ) ;
#1477 = DIRECTION ( 'NONE',  ( 4.224164308385081333E-16, -1.000000000000000000, -0.000000000000000000 ) ) ;
#1478 = CARTESIAN_POINT ( 'NONE',  ( 0.2338056406508219887, -1.249999999999969358, 0.8276727744746812387 ) ) ;
#1479 = B_SPLINE_CURVE_WITH_KNOTS ( 'NONE', 3,
 ( #871, #1492, #3623, #542, #578, #3899, #1467 ),
 .UNSPECIFIED., .F., .F.,
 ( 4, 3, 4 ),
 ( 0.000000000000000000, 5.321256427250180965E-05, 0.0001064251285451308098 ),
 .UNSPECIFIED. ) ;
#1480 = PRESENTATION_LAYER_ASSIGNMENT (  '', '', ( #91 ) ) ;
#1481 = ORIENTED_EDGE ( 'NONE', *, *, #3796, .T. ) ;
#1482 = CARTESIAN_POINT ( 'NONE',  ( -0.1573284206430519139, -1.149999999999999911, 0.7336029765733800279 ) ) ;
#1483 = EDGE_CURVE ( 'NONE', #1424, #3343, #335, .T. ) ;
#1484 = CARTESIAN_POINT ( 'NONE',  ( -0.1577689812403442471, -1.129999999999998561, 0.7263366216202525871 ) ) ;
#1485 = FACE_OUTER_BOUND ( 'NONE', #2844, .T. ) ;
#1486 = VERTEX_POINT ( 'NONE', #3879 ) ;
#1487 = LINE ( 'NONE', #3264, #1036 ) ;
#1488 = ORIENTED_EDGE ( 'NONE', *, *, #3865, .F. ) ;
#1489 = EDGE_CURVE ( 'NONE', #37, #2986, #3054, .T. ) ;
#1490 = DIRECTION ( 'NONE',  ( 1.000000000000000000, 0.000000000000000000, -0.000000000000000000 ) ) ;
#1491 = PLANE ( 'NONE',  #1090 ) ;
#1492 = CARTESIAN_POINT ( 'NONE',  ( 0.1571041649877051860, -1.166666666973068534, 1.800330852743996290 ) ) ;
#1493 = ORIENTED_EDGE ( 'NONE', *, *, #3730, .T. ) ;
#1494 = DIRECTION ( 'NONE',  ( 0.000000000000000000, -1.000000000000000000, -5.078189165123089681E-17 ) ) ;
#1495 =( LENGTH_UNIT ( ) NAMED_UNIT ( * ) SI_UNIT ( .MILLI., .METRE. ) );
#1496 = CARTESIAN_POINT ( 'NONE',  ( 0.07143487197225222018, -1.197999665826966043, 0.9335048870638922303 ) ) ;
#1497 = CARTESIAN_POINT ( 'NONE',  ( 0.2132409442306430758, -1.249999999999998002, 1.169951629842690632 ) ) ;
#1498 = CARTESIAN_POINT ( 'NONE',  ( 0.05396442235651191521, -1.149999999999999911, 0.9509753366796325214 ) ) ;
#1499 =( NAMED_UNIT ( * ) SI_UNIT ( $, .STERADIAN. ) SOLID_ANGLE_UNIT ( ) );
#1500 = CARTESIAN_POINT ( 'NONE',  ( -1.269999999999999574, -0.9999999999999988898, 2.350000000000000089 ) ) ;
#1501 = CARTESIAN_POINT ( 'NONE',  ( -0.1577519656428612582, -1.150000000000000355, 0.7336324926132966606 ) ) ;
#1502 = CARTESIAN_POINT ( 'NONE',  ( -0.05396442235651247726, -1.149999999999999911, 0.9509753366796325214 ) ) ;
#1503 = CARTESIAN_POINT ( 'NONE',  ( 0.1573126152956376422, -1.149999999999999689, 1.806397023426620896 ) ) ;
#1504 = EDGE_CURVE ( 'NONE', #3547, #1466, #622, .T. ) ;
#1505 = ORIENTED_EDGE ( 'NONE', *, *, #3831, .F. ) ;
#1506 = SURFACE_SIDE_STYLE ('',( #1227 ) ) ;
#1507 = DIRECTION ( 'NONE',  ( -0.1710878697460330722, -0.1710878697460330722, -0.9702875252478149193 ) ) ;
#1508 = CARTESIAN_POINT ( 'NONE',  ( 0.2349397590361444188, -1.250000000000000000, 1.692439759036144631 ) ) ;
#1509 = ORIENTED_EDGE ( 'NONE', *, *, #2613, .T. ) ;
#1510 = CARTESIAN_POINT ( 'NONE',  ( 0.000000000000000000, -0.2071507323465826833, 8.550000000000000711 ) ) ;
#1511 = ADVANCED_FACE ( 'NONE', ( #935 ), #2070, .F. ) ;
#1512 = CARTESIAN_POINT ( 'NONE',  ( -0.2778308471146879732, -1.129999999999999227, 1.441489321758466779 ) ) ;
#1513 = CARTESIAN_POINT ( 'NONE',  ( 0.09036144578313230757, -1.250000000000000000, 1.456746987951807348 ) ) ;
#1514 = VECTOR ( 'NONE', #1419, 1000.000000000000000 ) ;
#1515 = DIRECTION ( 'NONE',  ( -0.000000000000000000, -0.000000000000000000, -1.000000000000000000 ) ) ;
#1516 = DIRECTION ( 'NONE',  ( -1.000000000000000000, -0.000000000000000000, -0.000000000000000000 ) ) ;
#1517 = CARTESIAN_POINT ( 'NONE',  ( -0.2338056406508102203, -1.250000000000002665, 0.8276727744746836812 ) ) ;
#1518 = CARTESIAN_POINT ( 'NONE',  ( 0.000000000000000000, 0.000000000000000000, 0.000000000000000000 ) ) ;
#1519 = CARTESIAN_POINT ( 'NONE',  ( 0.000000000000000000, 0.000000000000000000, -3.000000000000000000 ) ) ;
#1520 = UNCERTAINTY_MEASURE_WITH_UNIT (LENGTH_MEASURE( 1.000000000000000082E-05 ), #1111, 'distance_accuracy_value', 'NONE');
#1521 = ORIENTED_EDGE ( 'NONE', *, *, #2517, .T. ) ;
#1522 = DIRECTION ( 'NONE',  ( 1.000000000000000000, 0.000000000000000000, 0.000000000000000000 ) ) ;
#1523 = EDGE_LOOP ( 'NONE', ( #513, #1562 ) ) ;
#1524 = MECHANICAL_DESIGN_GEOMETRIC_PRESENTATION_REPRESENTATION (  '', ( #128 ), #3066 ) ;
#1525 = ORIENTED_EDGE ( 'NONE', *, *, #300, .F. ) ;
#1526 = AXIS2_PLACEMENT_3D ( 'NONE', #993, #1582, #3419 ) ;
#1527 = PLANE ( 'NONE',  #1526 ) ;
#1528 = EDGE_CURVE ( 'NONE', #1927, #2586, #1450, .T. ) ;
#1529 = DIRECTION ( 'NONE',  ( -1.000000000000000000, -4.224164308385081333E-16, 1.537470072901852402E-16 ) ) ;
#1530 = CARTESIAN_POINT ( 'NONE',  ( -0.2785842785111448117, -1.129999999999999227, 1.456328223452464599 ) ) ;
#1531 = VECTOR ( 'NONE', #3690, 1000.000000000000000 ) ;
#1532 =( LENGTH_UNIT ( ) NAMED_UNIT ( * ) SI_UNIT ( .MILLI., .METRE. ) );
#1533 = EDGE_CURVE ( 'NONE', #1359, #459, #409, .T. ) ;
#1534 = COLOUR_RGB ( '',0.9686274509803921573, 0.8784313725490195957, 0.5999999999999999778 ) ;
#1535 = LINE ( 'NONE', #940, #144 ) ;
#1536 = DIRECTION ( 'NONE',  ( 8.470329472543003391E-17, -1.000000000000000000, 0.000000000000000000 ) ) ;
#1537 =( BOUNDED_CURVE ( )  B_SPLINE_CURVE ( 3, ( #973, #3721, #348, #2185 ),
 .UNSPECIFIED., .F., .F. ) 
 B_SPLINE_CURVE_WITH_KNOTS ( ( 4, 4 ),
 ( 3.141592653589793560, 3.926990816987248056 ),
 .UNSPECIFIED. ) 
 CURVE ( )  GEOMETRIC_REPRESENTATION_ITEM ( )  RATIONAL_B_SPLINE_CURVE ( ( 1.000000000000000000, 0.9492530216741903448, 0.9492530216741903448, 1.000000000000000000 ) ) 
 REPRESENTATION_ITEM ( '' )  );
#1538 = COLOUR_RGB ( '',0.9686274509803921573, 0.8784313725490195957, 0.5999999999999999778 ) ;
#1539 = PLANE ( 'NONE',  #1766 ) ;
#1540 = CARTESIAN_POINT ( 'NONE',  ( -0.2350048923525309974, -1.250000000000001332, 0.8504326073702300759 ) ) ;
#1541 = EDGE_CURVE ( 'NONE', #2639, #970, #994, .T. ) ;
#1542 = CARTESIAN_POINT ( 'NONE',  ( 0.3464101615137756829, -1.046666666666666856, 2.449999999999999734 ) ) ;
#1543 = MECHANICAL_DESIGN_GEOMETRIC_PRESENTATION_REPRESENTATION (  '', ( #3265 ), #2114 ) ;
#1544 =( GEOMETRIC_REPRESENTATION_CONTEXT ( 3 ) GLOBAL_UNCERTAINTY_ASSIGNED_CONTEXT ( ( #1802 ) ) GLOBAL_UNIT_ASSIGNED_CONTEXT ( ( #3928, #316, #2431 ) ) REPRESENTATION_CONTEXT ( 'NONE', 'WORKASPACE' ) );
#1545 = ORIENTED_EDGE ( 'NONE', *, *, #3820, .T. ) ;
#1546 =( NAMED_UNIT ( * ) PLANE_ANGLE_UNIT ( ) SI_UNIT ( $, .RADIAN. ) );
#1547 = FILL_AREA_STYLE ('',( #39 ) ) ;
#1548 = ORIENTED_EDGE ( 'NONE', *, *, #270, .T. ) ;
#1549 = DIRECTION ( 'NONE',  ( -0.9396926207859083169, 0.3420201433256690460, 0.000000000000000000 ) ) ;
#1550 = ADVANCED_FACE ( 'NONE', ( #42 ), #2204, .F. ) ;
#1551 = ORIENTED_EDGE ( 'NONE', *, *, #635, .T. ) ;
#1552 = DIRECTION ( 'NONE',  ( -6.842277657836020854E-49, 5.078189165123089681E-17, -1.000000000000000000 ) ) ;
#1553 = CARTESIAN_POINT ( 'NONE',  ( 1.169999999999999707, -0.9999999999999978906, 0.5999999999999998668 ) ) ;
#1554 = ADVANCED_FACE ( 'NONE', ( #660 ), #1273, .T. ) ;
#1555 = SURFACE_STYLE_FILL_AREA ( #3670 ) ;
#1556 = FACE_OUTER_BOUND ( 'NONE', #3857, .T. ) ;
#1557 = CARTESIAN_POINT ( 'NONE',  ( 0.2732007105321402896, 2.859999999999999432, 7.909999999999990372 ) ) ;
#1558 = CARTESIAN_POINT ( 'NONE',  ( 0.000000000000000000, 0.2071507323465822670, -3.000000000000000000 ) ) ;
#1559 = EDGE_CURVE ( 'NONE', #3046, #2964, #1816, .T. ) ;
#1560 = VERTEX_POINT ( 'NONE', #1251 ) ;
#1561 = LINE ( 'NONE', #2784, #3242 ) ;
#1562 = ORIENTED_EDGE ( 'NONE', *, *, #98, .T. ) ;
#1563 = FILL_AREA_STYLE ('',( #325 ) ) ;
#1564 = CARTESIAN_POINT ( 'NONE',  ( 0.2250554584389081736, -1.250000000000000666, 1.150945051200794822 ) ) ;
#1565 = CARTESIAN_POINT ( 'NONE',  ( 0.1539821883141191949, -1.250000000000000888, 0.7698550621375672698 ) ) ;
#1566 = ORIENTED_EDGE ( 'NONE', *, *, #2472, .T. ) ;
#1567 = DIRECTION ( 'NONE',  ( 1.000000000000000000, 0.000000000000000000, -0.000000000000000000 ) ) ;
#1568 = CARTESIAN_POINT ( 'NONE',  ( 0.000000000000000000, 0.000000000000000000, 2.500000000000000000 ) ) ;
#1569 = CARTESIAN_POINT ( 'NONE',  ( 0.000000000000000000, 2.332849267653417158, 8.550000000000000711 ) ) ;
#1570 = DIRECTION ( 'NONE',  ( 0.000000000000000000, 0.000000000000000000, -1.000000000000000000 ) ) ;
#1571 = CARTESIAN_POINT ( 'NONE',  ( -0.2732007105321401230, 0.3199999999999998401, -2.359999999999988773 ) ) ;
#1572 = CARTESIAN_POINT ( 'NONE',  ( 1.019999999999999796, -1.250000000000000222, 0.5999999999999999778 ) ) ;
#1573 = CARTESIAN_POINT ( 'NONE',  ( 0.2180303824019270420, -1.192724687139468331, 1.195544853701334898 ) ) ;
#1574 = EDGE_CURVE ( 'NONE', #2342, #1424, #3405, .T. ) ;
#1575 = CARTESIAN_POINT ( 'NONE',  ( 0.2560000000000001719, -0.2560000000000007825, 8.550000000000000711 ) ) ;
#1576 = ORIENTED_EDGE ( 'NONE', *, *, #232, .F. ) ;
#1577 = AXIS2_PLACEMENT_3D ( 'NONE', #2989, #854, #1490 ) ;
#1578 = CARTESIAN_POINT ( 'NONE',  ( 0.000000000000000000, 2.332849267653417158, -3.000000000000000000 ) ) ;
#1579 = ADVANCED_FACE ( 'NONE', ( #86 ), #2601, .F. ) ;
#1580 = STYLED_ITEM ( 'NONE', ( #3202 ), #692 ) ;
#1581 = ORIENTED_EDGE ( 'NONE', *, *, #901, .F. ) ;
#1582 = DIRECTION ( 'NONE',  ( 0.9848077530122085754, 8.341646135128160883E-17, 0.1736481776669273891 ) ) ;
#1583 = EDGE_CURVE ( 'NONE', #283, #1037, #2309, .T. ) ;
#1584 = CARTESIAN_POINT ( 'NONE',  ( -0.1855040689101464524, -1.129999999999999449, 1.811417952186437086 ) ) ;
#1585 = VECTOR ( 'NONE', #3664, 999.9999999999998863 ) ;
#1586 = ORIENTED_EDGE ( 'NONE', *, *, #3357, .F. ) ;
#1587 = FACE_OUTER_BOUND ( 'NONE', #764, .T. ) ;
#1588 = FACE_OUTER_BOUND ( 'NONE', #2736, .T. ) ;
#1589 = SURFACE_SIDE_STYLE ('',( #1301 ) ) ;
#1590 = AXIS2_PLACEMENT_3D ( 'NONE', #2990, #260, #557 ) ;
#1591 = CARTESIAN_POINT ( 'NONE',  ( 0.3464101615137756829, -1.046666666666666856, 2.500000000000000000 ) ) ;
#1592 = MECHANICAL_DESIGN_GEOMETRIC_PRESENTATION_REPRESENTATION (  '', ( #343 ), #3570 ) ;
#1593 = CARTESIAN_POINT ( 'NONE',  ( -0.3134175730544421778, 0.2890920949374352067, 7.947330798265291207 ) ) ;
#1594 = SURFACE_STYLE_USAGE ( .BOTH. , #3103 ) ;
#1595 = DIRECTION ( 'NONE',  ( 1.000000000000000000, 3.533888243307264380E-16, 0.000000000000000000 ) ) ;
#1596 = SURFACE_SIDE_STYLE ('',( #3377 ) ) ;
#1597 = UNCERTAINTY_MEASURE_WITH_UNIT (LENGTH_MEASURE( 1.000000000000000082E-05 ), #416, 'distance_accuracy_value', 'NONE');
#1598 = AXIS2_PLACEMENT_3D ( 'NONE', #3924, #336, #1536 ) ;
#1599 = EDGE_CURVE ( 'NONE', #2253, #3619, #2909, .T. ) ;
#1600 = ORIENTED_EDGE ( 'NONE', *, *, #498, .T. ) ;
#1601 = CARTESIAN_POINT ( 'NONE',  ( 0.2890920949374360394, -0.3134175730544430105, 7.947330798265291207 ) ) ;
#1602 = STYLED_ITEM ( 'NONE', ( #1947 ), #2836 ) ;
#1603 = PRESENTATION_STYLE_ASSIGNMENT (( #404 ) ) ;
#1604 = VECTOR ( 'NONE', #630, 1000.000000000000000 ) ;
#1605 = EDGE_CURVE ( 'NONE', #3209, #156, #2611, .T. ) ;
#1606 = ORIENTED_EDGE ( 'NONE', *, *, #2211, .F. ) ;
#1607 =( NAMED_UNIT ( * ) PLANE_ANGLE_UNIT ( ) SI_UNIT ( $, .RADIAN. ) );
#1608 = SURFACE_STYLE_FILL_AREA ( #2521 ) ;
#1609 = CARTESIAN_POINT ( 'NONE',  ( 0.2578255419175595198, -1.129999999999999449, 0.7718528645085277473 ) ) ;
#1610 = EDGE_LOOP ( 'NONE', ( #2207, #171, #3248, #3676, #1755, #426 ) ) ;
#1611 = FILL_AREA_STYLE_COLOUR ( '', #2155 ) ;
#1612 = DIRECTION ( 'NONE',  ( -1.000000000000000000, 0.000000000000000000, 0.000000000000000000 ) ) ;
#1613 = SURFACE_STYLE_USAGE ( .BOTH. , #1589 ) ;
#1614 = CARTESIAN_POINT ( 'NONE',  ( 0.3012548339959391641, 2.238745166004060483, -2.466309119164537655 ) ) ;
#1615 =( LENGTH_UNIT ( ) NAMED_UNIT ( * ) SI_UNIT ( .MILLI., .METRE. ) );
#1616 = CARTESIAN_POINT ( 'NONE',  ( 0.3464101615137756829, -1.046666666666666856, 2.449999999999999734 ) ) ;
#1617 = LINE ( 'NONE', #1916, #413 ) ;
#1618 = EDGE_LOOP ( 'NONE', ( #1328, #1120, #3685, #2493 ) ) ;
#1619 = PLANE ( 'NONE',  #3247 ) ;
#1620 = CARTESIAN_POINT ( 'NONE',  ( -0.09036144578313276554, -1.250000000000000000, 1.095301204819277396 ) ) ;
#1621 = VERTEX_POINT ( 'NONE', #3536 ) ;
#1622 = CARTESIAN_POINT ( 'NONE',  ( 0.2328456203364152877, -1.250000000000000666, 1.129924358544335483 ) ) ;
#1623 = EDGE_CURVE ( 'NONE', #3736, #3046, #3296, .T. ) ;
#1624 = EDGE_LOOP ( 'NONE', ( #732, #3916, #930, #3008, #3035, #599 ) ) ;
#1625 = LINE ( 'NONE', #117, #633 ) ;
#1626 = CARTESIAN_POINT ( 'NONE',  ( 0.2294055599928365163, -1.150000000000000355, 1.206148367931645815 ) ) ;
#1627 = FILL_AREA_STYLE ('',( #1970 ) ) ;
#1628 = CARTESIAN_POINT ( 'NONE',  ( -0.2254491123403467856, -1.164586146388946197, 1.356773624004602441 ) ) ;
#1629 = EDGE_CURVE ( 'NONE', #2299, #2603, #2025, .T. ) ;
#1630 = VERTEX_POINT ( 'NONE', #1352 ) ;
#1631 = CARTESIAN_POINT ( 'NONE',  ( 1.270000000000000462, -0.9999999999999978906, 0.5999999999999998668 ) ) ;
#1632 = CARTESIAN_POINT ( 'NONE',  ( -0.2123439580472827604, -1.149999999999997025, 1.795322234093870817 ) ) ;
#1633 =( NAMED_UNIT ( * ) SI_UNIT ( $, .STERADIAN. ) SOLID_ANGLE_UNIT ( ) );
#1634 = UNCERTAINTY_MEASURE_WITH_UNIT (LENGTH_MEASURE( 1.000000000000000082E-05 ), #1319, 'distance_accuracy_value', 'NONE');
#1635 = EDGE_LOOP ( 'NONE', ( #3533, #2478, #2823, #2292 ) ) ;
#1636 = LINE ( 'NONE', #1027, #3306 ) ;
#1637 = VECTOR ( 'NONE', #831, 1000.000000000000000 ) ;
#1638 = EDGE_LOOP ( 'NONE', ( #3791, #3784, #3528, #916 ) ) ;
#1639 = CARTESIAN_POINT ( 'NONE',  ( 0.3012548339959392751, 0.3012548339959391086, -2.466309119164536767 ) ) ;
#1640 = CARTESIAN_POINT ( 'NONE',  ( -0.1566949385773060144, -1.200014643514597967, 0.7518068180901287256 ) ) ;
#1641 =( GEOMETRIC_REPRESENTATION_CONTEXT ( 3 ) GLOBAL_UNCERTAINTY_ASSIGNED_CONTEXT ( ( #299 ) ) GLOBAL_UNIT_ASSIGNED_CONTEXT ( ( #2878, #1952, #2583 ) ) REPRESENTATION_CONTEXT ( 'NONE', 'WORKASPACE' ) );
#1642 = ORIENTED_EDGE ( 'NONE', *, *, #2528, .F. ) ;
#1643 = EDGE_CURVE ( 'NONE', #2895, #2032, #3518, .T. ) ;
#1644 = MECHANICAL_DESIGN_GEOMETRIC_PRESENTATION_REPRESENTATION (  '', ( #826 ), #3494 ) ;
#1645 = SURFACE_SIDE_STYLE ('',( #2376 ) ) ;
#1646 = CARTESIAN_POINT ( 'NONE',  ( 0.2688704661723457234, -1.150000000000000133, 1.137456301343349407 ) ) ;
#1647 = LINE ( 'NONE', #3467, #913 ) ;
#1648 = CARTESIAN_POINT ( 'NONE',  ( 0.3200000000000001177, 2.283999999999999808, -2.359999999999988773 ) ) ;
#1649 = VECTOR ( 'NONE', #1329, 1000.000000000000000 ) ;
#1650 = ORIENTED_EDGE ( 'NONE', *, *, #3131, .T. ) ;
#1651 = LINE ( 'NONE', #3120, #1697 ) ;
#1652 =( GEOMETRIC_REPRESENTATION_CONTEXT ( 3 ) GLOBAL_UNCERTAINTY_ASSIGNED_CONTEXT ( ( #1203 ) ) GLOBAL_UNIT_ASSIGNED_CONTEXT ( ( #3007, #808, #3261 ) ) REPRESENTATION_CONTEXT ( 'NONE', 'WORKASPACE' ) );
#1653 = ORIENTED_EDGE ( 'NONE', *, *, #3629, .T. ) ;
#1654 = VERTEX_POINT ( 'NONE', #2636 ) ;
#1655 = LINE ( 'NONE', #1920, #3686 ) ;
#1656 = PLANE ( 'NONE',  #1911 ) ;
#1657 =( GEOMETRIC_REPRESENTATION_CONTEXT ( 3 ) GLOBAL_UNCERTAINTY_ASSIGNED_CONTEXT ( ( #3832 ) ) GLOBAL_UNIT_ASSIGNED_CONTEXT ( ( #3651, #2148, #330 ) ) REPRESENTATION_CONTEXT ( 'NONE', 'WORKASPACE' ) );
#1658 = VECTOR ( 'NONE', #334, 1000.000000000000000 ) ;
#1659 = VECTOR ( 'NONE', #3856, 1000.000000000000000 ) ;
#1660 = ORIENTED_EDGE ( 'NONE', *, *, #10, .F. ) ;
#1661 = CARTESIAN_POINT ( 'NONE',  ( -0.2890920949374356508, 2.853417573054441991, 7.947330798265292984 ) ) ;
#1662 = VECTOR ( 'NONE', #3527, 1000.000000000000227 ) ;
#1663 = ORIENTED_EDGE ( 'NONE', *, *, #202, .F. ) ;
#1664 = DIRECTION ( 'NONE',  ( -0.7071067811865482389, -0.7071067811865469066, 0.000000000000000000 ) ) ;
#1665 = FACE_OUTER_BOUND ( 'NONE', #1624, .T. ) ;
#1666 = ORIENTED_EDGE ( 'NONE', *, *, #2140, .F. ) ;
#1667 =( LENGTH_UNIT ( ) NAMED_UNIT ( * ) SI_UNIT ( .MILLI., .METRE. ) );
#1668 = CARTESIAN_POINT ( 'NONE',  ( 0.09036144578313230757, -1.250000000000000000, 1.625421686746987948 ) ) ;
#1669 = CARTESIAN_POINT ( 'NONE',  ( 0.2071507323465825168, 0.2071507323465822670, -3.000000000000000000 ) ) ;
#1670 =( LENGTH_UNIT ( ) NAMED_UNIT ( * ) SI_UNIT ( .MILLI., .METRE. ) );
#1671 = ADVANCED_FACE ( 'NONE', ( #2005 ), #486, .F. ) ;
#1672 = ORIENTED_EDGE ( 'NONE', *, *, #884, .T. ) ;
#1673 = ORIENTED_EDGE ( 'NONE', *, *, #3031, .T. ) ;
#1674 = CARTESIAN_POINT ( 'NONE',  ( 1.019999999999999796, 0.000000000000000000, 2.500000000000000000 ) ) ;
#1675 = CARTESIAN_POINT ( 'NONE',  ( 0.2773257890756594679, -1.129999999999999449, 0.8205927532368709754 ) ) ;
#1676 = EDGE_CURVE ( 'NONE', #90, #2790, #795, .T. ) ;
#1677 = ORIENTED_EDGE ( 'NONE', *, *, #1629, .T. ) ;
#1678 = CARTESIAN_POINT ( 'NONE',  ( 1.270000000000000462, -0.9999999999999978906, 2.500000000000000000 ) ) ;
#1679 = CARTESIAN_POINT ( 'NONE',  ( 0.2349397590361444188, -1.250000000000000000, 1.100007530120482135 ) ) ;
#1680 = EDGE_LOOP ( 'NONE', ( #203, #3641, #1714, #1586, #1826, #2266 ) ) ;
#1681 = DIRECTION ( 'NONE',  ( -6.842277657836020854E-49, 5.078189165123089681E-17, -1.000000000000000000 ) ) ;
#1682 = SURFACE_STYLE_USAGE ( .BOTH. , #2382 ) ;
#1683 = FACE_OUTER_BOUND ( 'NONE', #1618, .T. ) ;
#1684 = ORIENTED_EDGE ( 'NONE', *, *, #3193, .T. ) ;
#1685 = CYLINDRICAL_SURFACE ( 'NONE', #2220, 0.06399999999999998745 ) ;
#1686 = B_SPLINE_SURFACE_WITH_KNOTS ( 'NONE', 1, 3, ( 
 ( #585, #3039, #266, #2706, #607, #3921, #2074, #1195, #1453, #1180, #1158, #3023, #1234, #902 ),
 ( #310, #3630, #332, #2405, #563, #291, #3590, #2095, #2423, #1512, #1476, #1530, #2384, #2742 ) ),
 .UNSPECIFIED., .F., .F., .F.,
 ( 2, 2 ),
 ( 4, 3, 2, 2, 3, 4 ),
 ( 0.000000000000000000, 1.000000000000000000 ),
 ( -0.01996505755714437710, 0.000000000000000000, 0.2500000000000000000, 0.5000000000000000000, 1.000000000000000000, 1.016881080947381166 ),
 .UNSPECIFIED. ) ;
#1687 = CARTESIAN_POINT ( 'NONE',  ( 0.1560617469879515551, -1.250000000000000000, 0.7700000000000001288 ) ) ;
#1688 = DIRECTION ( 'NONE',  ( 0.000000000000000000, 0.000000000000000000, -1.000000000000000000 ) ) ;
#1689 = ORIENTED_EDGE ( 'NONE', *, *, #1464, .F. ) ;
#1690 = ORIENTED_EDGE ( 'NONE', *, *, #2051, .T. ) ;
#1691 = DIRECTION ( 'NONE',  ( 0.8660254037844387076, 0.4999999999999999445, 0.000000000000000000 ) ) ;
#1692 = CARTESIAN_POINT ( 'NONE',  ( -0.2560000000000000053, 0.3199999999999998401, -2.359999999999988773 ) ) ;
#1693 = CARTESIAN_POINT ( 'NONE',  ( 0.2349397590361441412, -1.250000000000000888, 0.8488780120481929092 ) ) ;
#1694 = ORIENTED_EDGE ( 'NONE', *, *, #3608, .F. ) ;
#1695 =( NAMED_UNIT ( * ) PLANE_ANGLE_UNIT ( ) SI_UNIT ( $, .RADIAN. ) );
#1696 = CARTESIAN_POINT ( 'NONE',  ( 1.019999999999999796, 3.499999999999998224, 2.500000000000000000 ) ) ;
#1697 = VECTOR ( 'NONE', #432, 1000.000000000000000 ) ;
#1698 = VERTEX_POINT ( 'NONE', #1679 ) ;
#1699 = EDGE_CURVE ( 'NONE', #2473, #507, #179, .T. ) ;
#1700 = VECTOR ( 'NONE', #2115, 1000.000000000000000 ) ;
#1701 = CARTESIAN_POINT ( 'NONE',  ( 1.269999999999999796, 3.499999999999998224, 0.5999999999999998668 ) ) ;
#1702 = PRESENTATION_STYLE_ASSIGNMENT (( #3504 ) ) ;
#1703 = VECTOR ( 'NONE', #1087, 1000.000000000000000 ) ;
#1704 = ORIENTED_EDGE ( 'NONE', *, *, #668, .T. ) ;
#1705 = SURFACE_STYLE_USAGE ( .BOTH. , #2621 ) ;
#1706 = CARTESIAN_POINT ( 'NONE',  ( -0.3464101615137760160, -1.046666666666666856, 2.449999999999999734 ) ) ;
#1707 = CARTESIAN_POINT ( 'NONE',  ( -0.7700000000000004619, 3.749999999999999112, 2.500000000000000000 ) ) ;
#1708 =( GEOMETRIC_REPRESENTATION_CONTEXT ( 3 ) GLOBAL_UNCERTAINTY_ASSIGNED_CONTEXT ( ( #3090 ) ) GLOBAL_UNIT_ASSIGNED_CONTEXT ( ( #528, #1743, #1809 ) ) REPRESENTATION_CONTEXT ( 'NONE', 'WORKASPACE' ) );
#1709 =( NAMED_UNIT ( * ) SI_UNIT ( $, .STERADIAN. ) SOLID_ANGLE_UNIT ( ) );
#1710 = EDGE_LOOP ( 'NONE', ( #1663, #3755, #3851, #2970 ) ) ;
#1711 = AXIS2_PLACEMENT_3D ( 'NONE', #3681, #2807, #2555 ) ;
#1712 = ORIENTED_EDGE ( 'NONE', *, *, #2399, .T. ) ;
#1713 = CARTESIAN_POINT ( 'NONE',  ( 0.1969625335676257194, -1.250000000000001110, 1.761663957567180194 ) ) ;
#1714 = ORIENTED_EDGE ( 'NONE', *, *, #884, .F. ) ;
#1715 = DIRECTION ( 'NONE',  ( -0.1710878697460327114, 0.1710878697460326836, 0.9702875252478149193 ) ) ;
#1716 = PRESENTATION_LAYER_ASSIGNMENT (  '', '', ( #1404 ) ) ;
#1717 = ORIENTED_EDGE ( 'NONE', *, *, #3345, .F. ) ;
#1718 = AXIS2_PLACEMENT_3D ( 'NONE', #2967, #2923, #219 ) ;
#1719 = LINE ( 'NONE', #285, #2625 ) ;
#1720 = AXIS2_PLACEMENT_3D ( 'NONE', #3633, #1257, #13 ) ;
#1721 = EDGE_CURVE ( 'NONE', #3759, #1091, #1840, .T. ) ;
#1722 = VECTOR ( 'NONE', #3774, 1000.000000000000000 ) ;
#1723 = ORIENTED_EDGE ( 'NONE', *, *, #3382, .F. ) ;
#1724 = AXIS2_PLACEMENT_3D ( 'NONE', #1252, #1472, #1848 ) ;
#1725 = DIRECTION ( 'NONE',  ( 0.000000000000000000, 0.9848077530122085754, 0.1736481776669273891 ) ) ;
#1726 = CARTESIAN_POINT ( 'NONE',  ( 0.3200000000000000622, 0.3199999999999993960, 7.909999999999988596 ) ) ;
#1727 = EDGE_CURVE ( 'NONE', #3274, #148, #681, .T. ) ;
#1728 = COLOUR_RGB ( '',0.9686274509803921573, 0.8784313725490195957, 0.5999999999999999778 ) ;
#1729 = SURFACE_STYLE_USAGE ( .BOTH. , #3486 ) ;
#1730 = LINE ( 'NONE', #2337, #1209 ) ;
#1731 = DIRECTION ( 'NONE',  ( 0.9848077530122085754, 8.341646135128160883E-17, 0.1736481776669278332 ) ) ;
#1732 = LINE ( 'NONE', #3864, #472 ) ;
#1733 = ORIENTED_EDGE ( 'NONE', *, *, #1858, .T. ) ;
#1734 = ORIENTED_EDGE ( 'NONE', *, *, #2046, .F. ) ;
#1735 = CARTESIAN_POINT ( 'NONE',  ( 0.1590689512689710539, -1.129999999999999227, 1.813572779289713832 ) ) ;
#1736 = EDGE_LOOP ( 'NONE', ( #1717, #45, #3804, #1374, #2535, #1353, #867, #468, #1606, #3109, #1107, #2800, #2276, #1841, #699, #350, #1289, #1104, #243, #1576, #1808, #3150 ) ) ;
#1737 = FILL_AREA_STYLE ('',( #221 ) ) ;
#1738 = ORIENTED_EDGE ( 'NONE', *, *, #597, .F. ) ;
#1739 = CARTESIAN_POINT ( 'NONE',  ( -0.1569483399696953441, -1.180008786204579607, 1.795474718481695486 ) ) ;
#1740 = CARTESIAN_POINT ( 'NONE',  ( 0.2071507323465821004, -0.2071507323465826833, 8.550000000000000711 ) ) ;
#1741 = DIRECTION ( 'NONE',  ( 1.000000000000000000, 0.000000000000000000, 0.000000000000000000 ) ) ;
#1742 = ORIENTED_EDGE ( 'NONE', *, *, #1489, .F. ) ;
#1743 =( NAMED_UNIT ( * ) PLANE_ANGLE_UNIT ( ) SI_UNIT ( $, .RADIAN. ) );
#1744 = EDGE_CURVE ( 'NONE', #1390, #1370, #2283, .T. ) ;
#1745 = DIRECTION ( 'NONE',  ( -0.7071067811865515695, -0.000000000000000000, -0.7071067811865435759 ) ) ;
#1746 = LINE ( 'NONE', #1063, #2023 ) ;
#1747 = PLANE ( 'NONE',  #2491 ) ;
#1748 = ADVANCED_FACE ( 'NONE', ( #1387 ), #1761, .F. ) ;
#1749 = DIRECTION ( 'NONE',  ( -0.7071067811865469066, 0.7071067811865482389, 0.000000000000000000 ) ) ;
#1750 = CARTESIAN_POINT ( 'NONE',  ( -1.019999999999999796, 3.499999999999997780, 0.4500000000000001221 ) ) ;
#1751 = ORIENTED_EDGE ( 'NONE', *, *, #3551, .F. ) ;
#1752 = ORIENTED_EDGE ( 'NONE', *, *, #2243, .F. ) ;
#1753 = ADVANCED_FACE ( 'NONE', ( #1174, #1208 ), #2991, .T. ) ;
#1754 = LINE ( 'NONE', #848, #20 ) ;
#1755 = ORIENTED_EDGE ( 'NONE', *, *, #3127, .F. ) ;
#1756 = LINE ( 'NONE', #2652, #2633 ) ;
#1757 = UNCERTAINTY_MEASURE_WITH_UNIT (LENGTH_MEASURE( 1.000000000000000082E-05 ), #2831, 'distance_accuracy_value', 'NONE');
#1758 = ORIENTED_EDGE ( 'NONE', *, *, #3395, .T. ) ;
#1759 = LINE ( 'NONE', #2697, #2094 ) ;
#1760 = FILL_AREA_STYLE ('',( #2699 ) ) ;
#1761 = PLANE ( 'NONE',  #2619 ) ;
#1762 = ORIENTED_EDGE ( 'NONE', *, *, #2721, .T. ) ;
#1763 = FACE_OUTER_BOUND ( 'NONE', #741, .T. ) ;
#1764 = DIRECTION ( 'NONE',  ( -1.000000000000000000, -0.000000000000000000, 0.000000000000000000 ) ) ;
#1765 = CARTESIAN_POINT ( 'NONE',  ( 1.019999999999999796, -1.250000000000000222, 0.5999999999999999778 ) ) ;
#1766 = AXIS2_PLACEMENT_3D ( 'NONE', #3396, #3749, #3453 ) ;
#1767 = EDGE_CURVE ( 'NONE', #387, #710, #1783, .T. ) ;
#1768 =( GEOMETRIC_REPRESENTATION_CONTEXT ( 3 ) GLOBAL_UNCERTAINTY_ASSIGNED_CONTEXT ( ( #341 ) ) GLOBAL_UNIT_ASSIGNED_CONTEXT ( ( #149, #3059, #3903 ) ) REPRESENTATION_CONTEXT ( 'NONE', 'WORKASPACE' ) );
#1769 = CARTESIAN_POINT ( 'NONE',  ( 0.2560000000000001719, 2.859999999999999876, 8.550000000000000711 ) ) ;
#1770 = B_SPLINE_CURVE_WITH_KNOTS ( 'NONE', 3,
 ( #1482, #1501, #3339, #926, #2409, #942, #568, #2134, #627, #3354, #2745, #1223, #3613, #1860, #647, #882 ),
 .UNSPECIFIED., .F., .F.,
 ( 4, 3, 2, 2, 2, 3, 4 ),
 ( 0.000000000000000000, 1.839645765211648575E-06, 4.622021383000428222E-05, 9.060078189479690782E-05, 0.0001349813499595895470, 0.0001793619180243821861, 0.0001804650312388437203 ),
 .UNSPECIFIED. ) ;
#1771 =( NAMED_UNIT ( * ) SI_UNIT ( $, .STERADIAN. ) SOLID_ANGLE_UNIT ( ) );
#1772 = MECHANICAL_DESIGN_GEOMETRIC_PRESENTATION_REPRESENTATION (  '', ( #2425 ), #67 ) ;
#1773 = EDGE_CURVE ( 'NONE', #2395, #538, #1479, .T. ) ;
#1774 = VERTEX_POINT ( 'NONE', #1508 ) ;
#1775 = ORIENTED_EDGE ( 'NONE', *, *, #1483, .T. ) ;
#1776 = STYLED_ITEM ( 'NONE', ( #3195 ), #1144 ) ;
#1777 = ORIENTED_EDGE ( 'NONE', *, *, #3316, .F. ) ;
#1778 = CARTESIAN_POINT ( 'NONE',  ( -0.3012548339959390531, 2.238745166004060039, 8.016309119164535701 ) ) ;
#1779 = VECTOR ( 'NONE', #3799, 1000.000000000000000 ) ;
#1780 = EDGE_LOOP ( 'NONE', ( #1973, #1458, #1845, #319 ) ) ;
#1781 = CARTESIAN_POINT ( 'NONE',  ( 0.2560000000000001719, 2.860000000000000320, -2.359999999999988773 ) ) ;
#1782 = CARTESIAN_POINT ( 'NONE',  ( -0.2010872110020789083, 2.741087211002078305, 8.584387938363944315 ) ) ;
#1783 = LINE ( 'NONE', #242, #1022 ) ;
#1784 = VECTOR ( 'NONE', #3104, 1000.000000000000000 ) ;
#1785 = VERTEX_POINT ( 'NONE', #1189 ) ;
#1786 = PRESENTATION_STYLE_ASSIGNMENT (( #2418 ) ) ;
#1787 = DIRECTION ( 'NONE',  ( 0.000000000000000000, -1.000000000000000000, 0.000000000000000000 ) ) ;
#1788 = VECTOR ( 'NONE', #1745, 999.9999999999998863 ) ;
#1789 =( GEOMETRIC_REPRESENTATION_CONTEXT ( 3 ) GLOBAL_UNCERTAINTY_ASSIGNED_CONTEXT ( ( #651 ) ) GLOBAL_UNIT_ASSIGNED_CONTEXT ( ( #1220, #645, #1499 ) ) REPRESENTATION_CONTEXT ( 'NONE', 'WORKASPACE' ) );
#1790 = DIRECTION ( 'NONE',  ( 0.7071067811865435759, -0.000000000000000000, -0.7071067811865515695 ) ) ;
#1791 = MECHANICAL_DESIGN_GEOMETRIC_PRESENTATION_REPRESENTATION (  '', ( #3700 ), #2573 ) ;
#1792 = CARTESIAN_POINT ( 'NONE',  ( 0.2216643011576620581, -1.249999999999998002, 1.157682800369861154 ) ) ;
#1793 = CARTESIAN_POINT ( 'NONE',  ( 1.270000000000000462, -0.9999999999999978906, 2.500000000000000000 ) ) ;
#1794 = FILL_AREA_STYLE ('',( #359 ) ) ;
#1795 = ADVANCED_FACE ( 'NONE', ( #894 ), #2398, .F. ) ;
#1796 = CARTESIAN_POINT ( 'NONE',  ( -0.3199999999999999512, 0.2559999999999998943, -2.359999999999988773 ) ) ;
#1797 = VECTOR ( 'NONE', #3886, 1000.000000000000000 ) ;
#1798 = FACE_OUTER_BOUND ( 'NONE', #1338, .T. ) ;
#1799 = LINE ( 'NONE', #3672, #2744 ) ;
#1800 = CARTESIAN_POINT ( 'NONE',  ( -0.2080741993322302585, -1.249999999999998890, 1.383884079689429836 ) ) ;
#1801 = LINE ( 'NONE', #238, #3018 ) ;
#1802 = UNCERTAINTY_MEASURE_WITH_UNIT (LENGTH_MEASURE( 1.000000000000000082E-05 ), #3928, 'distance_accuracy_value', 'NONE');
#1803 = VERTEX_POINT ( 'NONE', #2973 ) ;
#1804 = CARTESIAN_POINT ( 'NONE',  ( -0.09036144578313276554, -1.250000000000000000, 1.462771084337349370 ) ) ;
#1805 = CARTESIAN_POINT ( 'NONE',  ( -1.169999999999999707, 3.499999999999997780, 2.350000000000000089 ) ) ;
#1806 = LINE ( 'NONE', #2733, #581 ) ;
#1807 = EDGE_CURVE ( 'NONE', #814, #827, #261, .T. ) ;
#1808 = ORIENTED_EDGE ( 'NONE', *, *, #3102, .F. ) ;
#1809 =( NAMED_UNIT ( * ) SI_UNIT ( $, .STERADIAN. ) SOLID_ANGLE_UNIT ( ) );
#1810 = CARTESIAN_POINT ( 'NONE',  ( 0.2349397590361444188, -1.250000000000000000, 0.8488780120481929092 ) ) ;
#1811 = PLANE ( 'NONE',  #2696 ) ;
#1812 = LINE ( 'NONE', #3311, #2422 ) ;
#1813 = DIRECTION ( 'NONE',  ( 8.470329472543003391E-17, -1.000000000000000000, 0.000000000000000000 ) ) ;
#1814 = CARTESIAN_POINT ( 'NONE',  ( -0.2676958495758761658, -1.160003380892477232, 1.691807731390655434 ) ) ;
#1815 = FILL_AREA_STYLE_COLOUR ( '', #3135 ) ;
#1816 =( BOUNDED_CURVE ( )  B_SPLINE_CURVE ( 3, ( #954, #3703, #2187, #1312 ),
 .UNSPECIFIED., .F., .F. ) 
 B_SPLINE_CURVE_WITH_KNOTS ( ( 4, 4 ),
 ( 5.497787143782138841, 6.283185307179586232 ),
 .UNSPECIFIED. ) 
 CURVE ( )  GEOMETRIC_REPRESENTATION_ITEM ( )  RATIONAL_B_SPLINE_CURVE ( ( 1.000000000000000000, 0.9492530216741912330, 0.9492530216741912330, 1.000000000000000000 ) ) 
 REPRESENTATION_ITEM ( '' )  );
#1817 = CARTESIAN_POINT ( 'NONE',  ( 0.3200000000000000622, 0.2559999999999993947, 7.909999999999988596 ) ) ;
#1818 = CARTESIAN_POINT ( 'NONE',  ( -0.3134175730544420668, 2.250907905062563774, -2.397330798265291385 ) ) ;
#1819 = CARTESIAN_POINT ( 'NONE',  ( 0.2378197055768297985, -1.129999999999999449, 1.787825101371925074 ) ) ;
#1820 = SURFACE_SIDE_STYLE ('',( #2452 ) ) ;
#1821 = EDGE_CURVE ( 'NONE', #1359, #3418, #1806, .T. ) ;
#1822 = ORIENTED_EDGE ( 'NONE', *, *, #2502, .T. ) ;
#1823 = ORIENTED_EDGE ( 'NONE', *, *, #1464, .T. ) ;
#1824 =( NAMED_UNIT ( * ) PLANE_ANGLE_UNIT ( ) SI_UNIT ( $, .RADIAN. ) );
#1825 = EDGE_CURVE ( 'NONE', #1918, #538, #3034, .T. ) ;
#1826 = ORIENTED_EDGE ( 'NONE', *, *, #131, .F. ) ;
#1827 = CARTESIAN_POINT ( 'NONE',  ( 0.2280098402426338211, -1.149999999999990807, 0.7529413584738515741 ) ) ;
#1828 = CARTESIAN_POINT ( 'NONE',  ( 1.220000000000000862, 3.270000000000000462, 0.6500000000000003553 ) ) ;
#1829 = DIRECTION ( 'NONE',  ( 1.000000000000000000, 3.336006684570782608E-16, 0.000000000000000000 ) ) ;
#1830 = ADVANCED_FACE ( 'NONE', ( #3604 ), #1527, .F. ) ;
#1831 = CARTESIAN_POINT ( 'NONE',  ( -0.2531321181320829727, -1.200016904177300114, 0.8484971227639125368 ) ) ;
#1832 = VECTOR ( 'NONE', #2599, 1000.000000000000000 ) ;
#1833 = CARTESIAN_POINT ( 'NONE',  ( 0.2349397590361444188, -1.250000000000000000, 1.456746987951807348 ) ) ;
#1834 = CARTESIAN_POINT ( 'NONE',  ( 0.2071507323465825723, -0.2071507323465826000, -3.000000000000000000 ) ) ;
#1835 = PRESENTATION_LAYER_ASSIGNMENT (  '', '', ( #3051 ) ) ;
#1836 = LINE ( 'NONE', #3907, #3361 ) ;
#1837 = CARTESIAN_POINT ( 'NONE',  ( 0.3200000000000001177, -0.2560000000000007825, 7.909999999999988596 ) ) ;
#1838 = CARTESIAN_POINT ( 'NONE',  ( 0.2781323240413880460, -1.129999999999999227, 1.704531236937195215 ) ) ;
#1839 = VECTOR ( 'NONE', #2856, 1000.000000000000000 ) ;
#1840 =( BOUNDED_CURVE ( )  B_SPLINE_CURVE ( 3, ( #2953, #3818, #1661, #226 ),
 .UNSPECIFIED., .F., .F. ) 
 B_SPLINE_CURVE_WITH_KNOTS ( ( 4, 4 ),
 ( 8.470329472542986627E-16, 0.7853981633974443932 ),
 .UNSPECIFIED. ) 
 CURVE ( )  GEOMETRIC_REPRESENTATION_ITEM ( )  RATIONAL_B_SPLINE_CURVE ( ( 1.000000000000000000, 0.9492530216741916771, 0.9492530216741916771, 1.000000000000000000 ) ) 
 REPRESENTATION_ITEM ( '' )  );
#1841 = ORIENTED_EDGE ( 'NONE', *, *, #2448, .F. ) ;
#1842 = CARTESIAN_POINT ( 'NONE',  ( 0.3200000000000000622, 0.2559999999999993947, 8.550000000000000711 ) ) ;
#1843 = CARTESIAN_POINT ( 'NONE',  ( 0.2071507323465821004, 2.332849267653417158, 8.550000000000000711 ) ) ;
#1844 = PRESENTATION_LAYER_ASSIGNMENT (  '', '', ( #12 ) ) ;
#1845 = ORIENTED_EDGE ( 'NONE', *, *, #1150, .T. ) ;
#1846 = LINE ( 'NONE', #2536, #331 ) ;
#1847 = DIRECTION ( 'NONE',  ( -1.000000000000000000, 1.408054769461693942E-16, 0.000000000000000000 ) ) ;
#1848 = DIRECTION ( 'NONE',  ( -8.470329472543003391E-17, 1.000000000000000000, 0.000000000000000000 ) ) ;
#1849 = ADVANCED_FACE ( 'NONE', ( #85 ), #61, .T. ) ;
#1850 = LINE ( 'NONE', #2740, #88 ) ;
#1851 = AXIS2_PLACEMENT_3D ( 'NONE', #23, #56, #3344 ) ;
#1852 = VERTEX_POINT ( 'NONE', #3053 ) ;
#1853 = VECTOR ( 'NONE', #1335, 1000.000000000000000 ) ;
#1854 = LINE ( 'NONE', #1769, #2035 ) ;
#1855 = VECTOR ( 'NONE', #3041, 1000.000000000000000 ) ;
#1856 = DIRECTION ( 'NONE',  ( 0.3236155771181856156, -0.8891264907159879272, -0.3236155771181851715 ) ) ;
#1857 = DIRECTION ( 'NONE',  ( -0.1710878697460330999, 0.1710878697460331277, -0.9702875252478148083 ) ) ;
#1858 = EDGE_CURVE ( 'NONE', #40, #3209, #1846, .T. ) ;
#1859 = PRESENTATION_LAYER_ASSIGNMENT (  '', '', ( #3506 ) ) ;
#1860 = CARTESIAN_POINT ( 'NONE',  ( -0.2713153150985206374, -1.150000000000000355, 0.8476035708579218175 ) ) ;
#1861 = CARTESIAN_POINT ( 'NONE',  ( -0.2344989567605756109, -1.250000000000001332, 0.8383569884989860999 ) ) ;
#1862 = DIRECTION ( 'NONE',  ( -0.000000000000000000, 0.9848077530122085754, 0.1736481776669278887 ) ) ;
#1863 = ORIENTED_EDGE ( 'NONE', *, *, #3382, .T. ) ;
#1864 = CARTESIAN_POINT ( 'NONE',  ( 0.3200000000000001177, -0.2071507323465826833, 8.550000000000000711 ) ) ;
#1865 = CARTESIAN_POINT ( 'NONE',  ( 1.020000000000000462, -0.9999999999999978906, 0.000000000000000000 ) ) ;
#1866 = ORIENTED_EDGE ( 'NONE', *, *, #3476, .T. ) ;
#1867 = CARTESIAN_POINT ( 'NONE',  ( -0.7699999999999996847, -1.250000000000000000, 2.500000000000000000 ) ) ;
#1868 =( NAMED_UNIT ( * ) PLANE_ANGLE_UNIT ( ) SI_UNIT ( $, .RADIAN. ) );
#1869 = CARTESIAN_POINT ( 'NONE',  ( 0.2675450665421203467, -1.129999999999999449, 0.7888260276643649371 ) ) ;
#1870 = SURFACE_STYLE_USAGE ( .BOTH. , #876 ) ;
#1871 = EDGE_LOOP ( 'NONE', ( #3826, #2581, #2830, #478 ) ) ;
#1872 = CARTESIAN_POINT ( 'NONE',  ( 0.2332597493785919240, -1.149999999999999467, 1.782118037699556456 ) ) ;
#1873 = CARTESIAN_POINT ( 'NONE',  ( -0.2604139838411255736, -1.180010142570204756, 1.691655309560959219 ) ) ;
#1874 = SURFACE_STYLE_FILL_AREA ( #3713 ) ;
#1875 = EDGE_CURVE ( 'NONE', #3866, #3860, #2757, .T. ) ;
#1876 = CARTESIAN_POINT ( 'NONE',  ( -0.2560000000000000053, 0.3199999999999998401, -2.359999999999988773 ) ) ;
#1877 = CARTESIAN_POINT ( 'NONE',  ( -0.1539821883141059833, -1.250000000000001332, 0.7698550621375673808 ) ) ;
#1878 = DIRECTION ( 'NONE',  ( 0.000000000000000000, -1.000000000000000000, 0.000000000000000000 ) ) ;
#1879 = UNCERTAINTY_MEASURE_WITH_UNIT (LENGTH_MEASURE( 1.000000000000000082E-05 ), #2959, 'distance_accuracy_value', 'NONE');
#1880 = EDGE_CURVE ( 'NONE', #2400, #3262, #304, .T. ) ;
#1881 = ORIENTED_EDGE ( 'NONE', *, *, #2835, .T. ) ;
#1882 =( LENGTH_UNIT ( ) NAMED_UNIT ( * ) SI_UNIT ( .MILLI., .METRE. ) );
#1883 = ORIENTED_EDGE ( 'NONE', *, *, #2764, .T. ) ;
#1884 = CARTESIAN_POINT ( 'NONE',  ( -0.09036144578313276554, -1.250000000000000000, 0.9145783132530121984 ) ) ;
#1885 =( LENGTH_UNIT ( ) NAMED_UNIT ( * ) SI_UNIT ( .MILLI., .METRE. ) );
#1886 = CARTESIAN_POINT ( 'NONE',  ( -0.2785775458924497627, -1.129999999999999227, 1.692958814264112766 ) ) ;
#1887 = ORIENTED_EDGE ( 'NONE', *, *, #2613, .F. ) ;
#1888 = CARTESIAN_POINT ( 'NONE',  ( -0.3199999999999998956, 2.219999999999999751, -2.359999999999988773 ) ) ;
#1889 = CARTESIAN_POINT ( 'NONE',  ( -1.019999999999999574, -0.9999999999999988898, 2.500000000000000000 ) ) ;
#1890 = DIRECTION ( 'NONE',  ( 0.000000000000000000, 0.000000000000000000, -1.000000000000000000 ) ) ;
#1891 = EDGE_CURVE ( 'NONE', #459, #1264, #2457, .T. ) ;
#1892 = CARTESIAN_POINT ( 'NONE',  ( -0.2890920949374358173, 0.3134175730544420668, -2.397330798265292717 ) ) ;
#1893 = CARTESIAN_POINT ( 'NONE',  ( 0.2349397590361444188, -1.250000000000000000, 1.100007530120482135 ) ) ;
#1894 = SURFACE_STYLE_FILL_AREA ( #2196 ) ;
#1895 = LINE ( 'NONE', #1225, #915 ) ;
#1896 = ADVANCED_FACE ( 'NONE', ( #2166 ), #3384, .F. ) ;
#1897 = AXIS2_PLACEMENT_3D ( 'NONE', #3043, #2426, #2725 ) ;
#1898 = VERTEX_POINT ( 'NONE', #369 ) ;
#1899 =( LENGTH_UNIT ( ) NAMED_UNIT ( * ) SI_UNIT ( .MILLI., .METRE. ) );
#1900 = MECHANICAL_DESIGN_GEOMETRIC_PRESENTATION_REPRESENTATION (  '', ( #321 ), #3427 ) ;
#1901 = VECTOR ( 'NONE', #1049, 1000.000000000000000 ) ;
#1902 = EDGE_LOOP ( 'NONE', ( #2021, #181, #3163, #2862 ) ) ;
#1903 = SURFACE_SIDE_STYLE ('',( #1608 ) ) ;
#1904 = COLOUR_RGB ( '',0.9686274509803921573, 0.8784313725490195957, 0.5999999999999999778 ) ;
#1905 = DIRECTION ( 'NONE',  ( -0.000000000000000000, 1.000000000000000000, 0.000000000000000000 ) ) ;
#1906 = AXIS2_PLACEMENT_3D ( 'NONE', #3165, #1128, #2929 ) ;
#1907 = ORIENTED_EDGE ( 'NONE', *, *, #596, .F. ) ;
#1908 = PRESENTATION_STYLE_ASSIGNMENT (( #2250 ) ) ;
#1909 = CARTESIAN_POINT ( 'NONE',  ( 1.019999999999999796, 3.270000000000000462, 0.4500000000000018430 ) ) ;
#1910 = CARTESIAN_POINT ( 'NONE',  ( 0.3200000000000001177, 2.266799289467859690, -2.359999999999986997 ) ) ;
#1911 = AXIS2_PLACEMENT_3D ( 'NONE', #3297, #2343, #2369 ) ;
#1912 = FACE_OUTER_BOUND ( 'NONE', #2755, .T. ) ;
#1913 = EDGE_CURVE ( 'NONE', #538, #1774, #583, .T. ) ;
#1914 = CARTESIAN_POINT ( 'NONE',  ( 0.3200000000000000622, 2.795999999999999375, 8.550000000000000711 ) ) ;
#1915 = SURFACE_STYLE_USAGE ( .BOTH. , #3488 ) ;
#1916 = CARTESIAN_POINT ( 'NONE',  ( 5.421010862427522170E-17, -0.4466666666666664898, 2.500000000000000000 ) ) ;
#1917 = CONICAL_SURFACE ( 'NONE', #773, 0.6500000000000000222, 0.3490658503988666728 ) ;
#1918 = VERTEX_POINT ( 'NONE', #3225 ) ;
#1919 = EDGE_CURVE ( 'NONE', #278, #3052, #1941, .T. ) ;
#1920 = CARTESIAN_POINT ( 'NONE',  ( -0.3199999999999998956, -0.2560000000000006715, 8.550000000000000711 ) ) ;
#1921 = VECTOR ( 'NONE', #3587, 1000.000000000000000 ) ;
#1922 = CARTESIAN_POINT ( 'NONE',  ( -0.1973794752863974600, -1.249999999999989786, 1.761877297553782418 ) ) ;
#1923 = MECHANICAL_DESIGN_GEOMETRIC_PRESENTATION_REPRESENTATION (  '', ( #1417 ), #1354 ) ;
#1924 = ORIENTED_EDGE ( 'NONE', *, *, #58, .F. ) ;
#1925 = EDGE_CURVE ( 'NONE', #1177, #2109, #1034, .T. ) ;
#1926 = SURFACE_STYLE_FILL_AREA ( #2576 ) ;
#1927 = VERTEX_POINT ( 'NONE', #1639 ) ;
#1928 = CARTESIAN_POINT ( 'NONE',  ( -0.2349397590361447796, -1.250000000000000000, 0.8488780120481929092 ) ) ;
#1929 = CARTESIAN_POINT ( 'NONE',  ( 0.1577309937155809971, -1.149999999999999467, 1.806368232087112613 ) ) ;
#1930 = CARTESIAN_POINT ( 'NONE',  ( -0.2560000000000000053, 2.795999999999999375, 8.550000000000000711 ) ) ;
#1931 = CARTESIAN_POINT ( 'NONE',  ( -0.2713367824627651581, -1.149999999999999911, 1.691883934335445705 ) ) ;
#1932 = FILL_AREA_STYLE_COLOUR ( '', #1204 ) ;
#1933 = DIRECTION ( 'NONE',  ( -1.000000000000000000, 0.000000000000000000, -0.000000000000000000 ) ) ;
#1934 = CARTESIAN_POINT ( 'NONE',  ( -0.1573284206430519139, -1.149999999999999911, 0.7336029765733800279 ) ) ;
#1935 = ORIENTED_EDGE ( 'NONE', *, *, #1533, .F. ) ;
#1936 = CARTESIAN_POINT ( 'NONE',  ( -1.269999999999999574, -0.9999999999999988898, 2.350000000000000089 ) ) ;
#1937 = LINE ( 'NONE', #1674, #2372 ) ;
#1938 = ADVANCED_FACE ( 'NONE', ( #1406 ), #733, .F. ) ;
#1939 =( BOUNDED_CURVE ( )  B_SPLINE_CURVE ( 3, ( #2727, #315, #18, #3376 ),
 .UNSPECIFIED., .F., .F. ) 
 B_SPLINE_CURVE_WITH_KNOTS ( ( 4, 4 ),
 ( 5.497787143782140618, 6.283185307179586232 ),
 .UNSPECIFIED. ) 
 CURVE ( )  GEOMETRIC_REPRESENTATION_ITEM ( )  RATIONAL_B_SPLINE_CURVE ( ( 1.000000000000000000, 0.9492530216741915661, 0.9492530216741915661, 1.000000000000000000 ) ) 
 REPRESENTATION_ITEM ( '' )  );
#1940 = VERTEX_POINT ( 'NONE', #3517 ) ;
#1941 = LINE ( 'NONE', #501, #1212 ) ;
#1942 =( NAMED_UNIT ( * ) SI_UNIT ( $, .STERADIAN. ) SOLID_ANGLE_UNIT ( ) );
#1943 = ADVANCED_FACE ( 'NONE', ( #1985 ), #439, .F. ) ;
#1944 = ORIENTED_EDGE ( 'NONE', *, *, #1623, .T. ) ;
#1945 =( NAMED_UNIT ( * ) SI_UNIT ( $, .STERADIAN. ) SOLID_ANGLE_UNIT ( ) );
#1946 = CARTESIAN_POINT ( 'NONE',  ( 0.2413707663489050859, -1.150000000000000355, 1.193284726940151641 ) ) ;
#1947 = PRESENTATION_STYLE_ASSIGNMENT (( #1613 ) ) ;
#1948 = CARTESIAN_POINT ( 'NONE',  ( 0.2713367824627647140, -1.149999999999999689, 1.270000000000000018 ) ) ;
#1949 = EDGE_CURVE ( 'NONE', #84, #3481, #3164, .T. ) ;
#1950 = ORIENTED_EDGE ( 'NONE', *, *, #617, .T. ) ;
#1951 = PLANE ( 'NONE',  #59 ) ;
#1952 =( NAMED_UNIT ( * ) PLANE_ANGLE_UNIT ( ) SI_UNIT ( $, .RADIAN. ) );
#1953 =( NAMED_UNIT ( * ) SI_UNIT ( $, .STERADIAN. ) SOLID_ANGLE_UNIT ( ) );
#1954 = CARTESIAN_POINT ( 'NONE',  ( -0.09036144578313276554, -1.250000000000000000, 1.625421686746987948 ) ) ;
#1955 = UNCERTAINTY_MEASURE_WITH_UNIT (LENGTH_MEASURE( 1.000000000000000082E-05 ), #3627, 'distance_accuracy_value', 'NONE');
#1956 = B_SPLINE_CURVE_WITH_KNOTS ( 'NONE', 3,
 ( #569, #825, #2368, #2628, #1164, #3530, #1441, #3836, #2391, #3595 ),
 .UNSPECIFIED., .F., .F.,
 ( 4, 3, 3, 4 ),
 ( 0.000000000000000000, 3.193694500262224346E-05, 6.387389000524413456E-05, 0.0001064253154868433267 ),
 .UNSPECIFIED. ) ;
#1957 = ORIENTED_EDGE ( 'NONE', *, *, #682, .T. ) ;
#1958 = CARTESIAN_POINT ( 'NONE',  ( -0.07143487197225278917, -1.197999665826966265, 1.606495112936108027 ) ) ;
#1959 = FACE_OUTER_BOUND ( 'NONE', #518, .T. ) ;
#1960 = MECHANICAL_DESIGN_GEOMETRIC_PRESENTATION_REPRESENTATION (  '', ( #3303 ), #2926 ) ;
#1961 = ORIENTED_EDGE ( 'NONE', *, *, #1176, .T. ) ;
#1962 = CARTESIAN_POINT ( 'NONE',  ( 0.2344867770528483997, -1.249999999999996447, 1.702869330121560276 ) ) ;
#1963 = CARTESIAN_POINT ( 'NONE',  ( 0.2786338190285479466, -1.129999999999999227, 1.100757654848132816 ) ) ;
#1964 = ADVANCED_FACE ( 'NONE', ( #3463 ), #137, .F. ) ;
#1965 = STYLED_ITEM ( 'NONE', ( #3231 ), #1114 ) ;
#1966 = EDGE_LOOP ( 'NONE', ( #3094, #2239, #845, #237 ) ) ;
#1967 = VECTOR ( 'NONE', #1102, 1000.000000000000000 ) ;
#1968 = CARTESIAN_POINT ( 'NONE',  ( 0.1560617469879515551, -1.250000000000000000, 0.7700000000000001288 ) ) ;
#1969 = EDGE_CURVE ( 'NONE', #3390, #892, #3739, .T. ) ;
#1970 = FILL_AREA_STYLE_COLOUR ( '', #533 ) ;
#1971 = CARTESIAN_POINT ( 'NONE',  ( -0.2071507323465823502, -1.754634953454123626E-17, -3.000000000000000000 ) ) ;
#1972 =( GEOMETRIC_REPRESENTATION_CONTEXT ( 3 ) GLOBAL_UNCERTAINTY_ASSIGNED_CONTEXT ( ( #1169 ) ) GLOBAL_UNIT_ASSIGNED_CONTEXT ( ( #1885, #1868, #1942 ) ) REPRESENTATION_CONTEXT ( 'NONE', 'WORKASPACE' ) );
#1973 = ORIENTED_EDGE ( 'NONE', *, *, #1248, .F. ) ;
#1974 = FILL_AREA_STYLE ('',( #2915 ) ) ;
#1975 = ADVANCED_FACE ( 'NONE', ( #3496 ), #1011, .F. ) ;
#1976 = CARTESIAN_POINT ( 'NONE',  ( -0.3199999999999998956, -0.3200000000000007283, 8.550000000000000711 ) ) ;
#1977 = AXIS2_PLACEMENT_3D ( 'NONE', #195, #2629, #2985 ) ;
#1978 = ORIENTED_EDGE ( 'NONE', *, *, #57, .F. ) ;
#1979 = ORIENTED_EDGE ( 'NONE', *, *, #2977, .T. ) ;
#1980 = FACE_OUTER_BOUND ( 'NONE', #313, .T. ) ;
#1981 = CARTESIAN_POINT ( 'NONE',  ( -0.1665885810817076262, -1.249999999999989564, 1.769266317007096356 ) ) ;
#1982 = VECTOR ( 'NONE', #2705, 999.9999999999998863 ) ;
#1983 = FACE_OUTER_BOUND ( 'NONE', #2060, .T. ) ;
#1984 = ORIENTED_EDGE ( 'NONE', *, *, #3050, .F. ) ;
#1985 = FACE_OUTER_BOUND ( 'NONE', #3030, .T. ) ;
#1986 = CARTESIAN_POINT ( 'NONE',  ( 1.019999999999999796, -0.7700000000000002398, 0.6000000000000000888 ) ) ;
#1987 = COLOUR_RGB ( '',0.9686274509803921573, 0.8784313725490195957, 0.5999999999999999778 ) ;
#1988 = ORIENTED_EDGE ( 'NONE', *, *, #596, .T. ) ;
#1989 = CARTESIAN_POINT ( 'NONE',  ( 1.019999999999999796, -0.7700000000000002398, 0.4500000000000018430 ) ) ;
#1990 = CARTESIAN_POINT ( 'NONE',  ( 0.2732007105321403451, 2.219999999999999307, 7.909999999999986819 ) ) ;
#1991 = FILL_AREA_STYLE_COLOUR ( '', #837 ) ;
#1992 = ADVANCED_FACE ( 'NONE', ( #1386 ), #1491, .F. ) ;
#1993 = ORIENTED_EDGE ( 'NONE', *, *, #2258, .T. ) ;
#1994 = FILL_AREA_STYLE_COLOUR ( '', #506 ) ;
#1995 = PRESENTATION_STYLE_ASSIGNMENT (( #3489 ) ) ;
#1996 = EDGE_CURVE ( 'NONE', #3481, #3866, #855, .T. ) ;
#1997 = EDGE_LOOP ( 'NONE', ( #2433, #170, #3809, #1084 ) ) ;
#1998 = ORIENTED_EDGE ( 'NONE', *, *, #526, .F. ) ;
#1999 = PLANE ( 'NONE',  #2285 ) ;
#2000 = PRESENTATION_STYLE_ASSIGNMENT (( #2534 ) ) ;
#2001 = CARTESIAN_POINT ( 'NONE',  ( -0.2322227741005871982, -1.129999999999999005, 1.793118052090991510 ) ) ;
#2002 = EDGE_CURVE ( 'NONE', #1466, #1486, #2972, .T. ) ;
#2003 = ORIENTED_EDGE ( 'NONE', *, *, #3172, .F. ) ;
#2004 = CARTESIAN_POINT ( 'NONE',  ( -0.09036144578313276554, -1.250000000000000000, 1.095301204819277396 ) ) ;
#2005 = FACE_OUTER_BOUND ( 'NONE', #1710, .T. ) ;
#2006 = ORIENTED_EDGE ( 'NONE', *, *, #2739, .F. ) ;
#2007 = DIRECTION ( 'NONE',  ( 1.408054769461693942E-16, 1.000000000000000000, -0.000000000000000000 ) ) ;
#2008 = SURFACE_STYLE_FILL_AREA ( #2617 ) ;
#2009 = LINE ( 'NONE', #1113, #1788 ) ;
#2010 = VERTEX_POINT ( 'NONE', #1431 ) ;
#2011 = DIRECTION ( 'NONE',  ( -0.000000000000000000, 1.000000000000000000, -0.000000000000000000 ) ) ;
#2012 = FILL_AREA_STYLE_COLOUR ( '', #3873 ) ;
#2013 = LINE ( 'NONE', #2646, #2112 ) ;
#2014 = ADVANCED_FACE ( 'NONE', ( #3581 ), #2654, .F. ) ;
#2015 = DIRECTION ( 'NONE',  ( -0.9848077530122085754, -8.341646135128160883E-17, 0.1736481776669273891 ) ) ;
#2016 = ORIENTED_EDGE ( 'NONE', *, *, #3434, .T. ) ;
#2017 = ORIENTED_EDGE ( 'NONE', *, *, #3714, .T. ) ;
#2018 = ORIENTED_EDGE ( 'NONE', *, *, #2177, .T. ) ;
#2019 = ADVANCED_FACE ( 'NONE', ( #2024 ), #3033, .T. ) ;
#2020 = CARTESIAN_POINT ( 'NONE',  ( -0.1577689812403562652, -1.129999999999999227, 1.813663378379748004 ) ) ;
#2021 = ORIENTED_EDGE ( 'NONE', *, *, #2645, .F. ) ;
#2022 = LINE ( 'NONE', #2065, #1009 ) ;
#2023 = VECTOR ( 'NONE', #2011, 1000.000000000000000 ) ;
#2024 = FACE_OUTER_BOUND ( 'NONE', #1680, .T. ) ;
#2025 = LINE ( 'NONE', #750, #3128 ) ;
#2026 = VECTOR ( 'NONE', #2106, 1000.000000000000000 ) ;
#2027 = ORIENTED_EDGE ( 'NONE', *, *, #3625, .T. ) ;
#2028 = FACE_OUTER_BOUND ( 'NONE', #503, .T. ) ;
#2029 = COLOUR_RGB ( '',0.9686274509803921573, 0.8784313725490195957, 0.5999999999999999778 ) ;
#2030 = CARTESIAN_POINT ( 'NONE',  ( 0.3200000000000001177, 2.332849267653417158, 8.550000000000000711 ) ) ;
#2031 = LINE ( 'NONE', #2073, #209 ) ;
#2032 = VERTEX_POINT ( 'NONE', #1740 ) ;
#2033 = DIRECTION ( 'NONE',  ( -0.7196877547425332144, -3.040079326765205562E-16, 0.6942978724392372403 ) ) ;
#2034 = DIRECTION ( 'NONE',  ( 0.9396926207859079838, 0.3420201433256698231, 0.000000000000000000 ) ) ;
#2035 = VECTOR ( 'NONE', #1552, 1000.000000000000000 ) ;
#2036 = FACE_OUTER_BOUND ( 'NONE', #2609, .T. ) ;
#2037 = EDGE_LOOP ( 'NONE', ( #3701, #2549, #1738, #2300 ) ) ;
#2038 = EDGE_CURVE ( 'NONE', #3910, #3266, #601, .T. ) ;
#2039 = AXIS2_PLACEMENT_3D ( 'NONE', #3363, #2520, #1272 ) ;
#2040 = VERTEX_POINT ( 'NONE', #812 ) ;
#2041 = FILL_AREA_STYLE ('',( #3276 ) ) ;
#2042 = DIRECTION ( 'NONE',  ( -0.3420201433256690460, -0.9396926207859083169, 0.000000000000000000 ) ) ;
#2043 = EDGE_LOOP ( 'NONE', ( #3519, #3810, #3284, #2783 ) ) ;
#2044 = CARTESIAN_POINT ( 'NONE',  ( -0.2221105522436144231, -1.249999999999993561, 0.7980297930901476544 ) ) ;
#2045 = VECTOR ( 'NONE', #3184, 1000.000000000000000 ) ;
#2046 = EDGE_CURVE ( 'NONE', #3259, #2993, #1719, .T. ) ;
#2047 = VERTEX_POINT ( 'NONE', #1173 ) ;
#2048 = CARTESIAN_POINT ( 'NONE',  ( 0.3134175730544423444, 2.829092094937434521, 7.947330798265291207 ) ) ;
#2049 =( NAMED_UNIT ( * ) PLANE_ANGLE_UNIT ( ) SI_UNIT ( $, .RADIAN. ) );
#2050 = PRESENTATION_LAYER_ASSIGNMENT (  '', '', ( #83 ) ) ;
#2051 = EDGE_CURVE ( 'NONE', #2993, #422, #3301, .T. ) ;
#2052 = ORIENTED_EDGE ( 'NONE', *, *, #682, .F. ) ;
#2053 = LINE ( 'NONE', #797, #3435 ) ;
#2054 = MECHANICAL_DESIGN_GEOMETRIC_PRESENTATION_REPRESENTATION (  '', ( #1602 ), #89 ) ;
#2055 = FILL_AREA_STYLE ('',( #1991 ) ) ;
#2056 = SURFACE_STYLE_FILL_AREA ( #3565 ) ;
#2057 = CARTESIAN_POINT ( 'NONE',  ( -0.7700000000000004619, 3.749999999999999112, 0.000000000000000000 ) ) ;
#2058 = CARTESIAN_POINT ( 'NONE',  ( -1.019999999999999574, -0.9999999999999988898, 0.000000000000000000 ) ) ;
#2059 = ORIENTED_EDGE ( 'NONE', *, *, #154, .T. ) ;
#2060 = EDGE_LOOP ( 'NONE', ( #2344, #2687, #1462, #3764 ) ) ;
#2061 = CARTESIAN_POINT ( 'NONE',  ( 0.3200000000000001177, 2.283999999999999808, -2.359999999999988773 ) ) ;
#2062 = CARTESIAN_POINT ( 'NONE',  ( 0.2071507323465820449, 2.859999999999999876, 8.550000000000000711 ) ) ;
#2063 = CARTESIAN_POINT ( 'NONE',  ( -0.3199999999999998956, -0.2560000000000006715, 7.909999999999988596 ) ) ;
#2064 = ORIENTED_EDGE ( 'NONE', *, *, #1559, .T. ) ;
#2065 = CARTESIAN_POINT ( 'NONE',  ( -0.3199999999999999512, 0.3199999999999993405, -2.359999999999988773 ) ) ;
#2066 = CARTESIAN_POINT ( 'NONE',  ( -0.2559999999999999498, -0.3200000000000007283, 8.550000000000000711 ) ) ;
#2067 = CARTESIAN_POINT ( 'NONE',  ( 1.270000000000000462, -0.7700000000000002398, 0.6000000000000000888 ) ) ;
#2068 = EDGE_CURVE ( 'NONE', #1654, #2750, #2952, .T. ) ;
#2069 = ORIENTED_EDGE ( 'NONE', *, *, #933, .T. ) ;
#2070 = PLANE ( 'NONE',  #2868 ) ;
#2071 = LINE ( 'NONE', #1701, #3080 ) ;
#2072 = EDGE_CURVE ( 'NONE', #3500, #1091, #870, .T. ) ;
#2073 = CARTESIAN_POINT ( 'NONE',  ( 0.3464101615137756829, -1.046666666666666856, 2.449999999999999734 ) ) ;
#2074 = CARTESIAN_POINT ( 'NONE',  ( -0.2213400359742173362, -1.250000000000001110, 1.401401803917047273 ) ) ;
#2075 = DIRECTION ( 'NONE',  ( 0.9396926207859079838, 0.3420201433256698786, 0.000000000000000000 ) ) ;
#2076 = CARTESIAN_POINT ( 'NONE',  ( 1.270000000000000462, -0.9999999999999978906, 0.5999999999999998668 ) ) ;
#2077 = DIRECTION ( 'NONE',  ( -0.1710878697460326558, -0.1710878697460326836, 0.9702875252478149193 ) ) ;
#2078 = ORIENTED_EDGE ( 'NONE', *, *, #2660, .F. ) ;
#2079 = PLANE ( 'NONE',  #1897 ) ;
#2080 = SURFACE_STYLE_FILL_AREA ( #2041 ) ;
#2081 = CARTESIAN_POINT ( 'NONE',  ( -0.09036144578313276554, -1.250000000000000000, 1.625421686746987948 ) ) ;
#2082 = ORIENTED_EDGE ( 'NONE', *, *, #159, .F. ) ;
#2083 = UNCERTAINTY_MEASURE_WITH_UNIT (LENGTH_MEASURE( 1.000000000000000082E-05 ), #2828, 'distance_accuracy_value', 'NONE');
#2084 = VERTEX_POINT ( 'NONE', #3622 ) ;
#2085 = CARTESIAN_POINT ( 'NONE',  ( -1.169999999999998153, 3.499999999999997780, 0.5999999999999998668 ) ) ;
#2086 = DIRECTION ( 'NONE',  ( -6.842277657836020854E-49, 5.078189165123089681E-17, -1.000000000000000000 ) ) ;
#2087 = SURFACE_STYLE_FILL_AREA ( #2436 ) ;
#2088 = ORIENTED_EDGE ( 'NONE', *, *, #3188, .T. ) ;
#2089 = EDGE_CURVE ( 'NONE', #3129, #3728, #893, .T. ) ;
#2090 = CARTESIAN_POINT ( 'NONE',  ( -0.2560000000000000608, 0.3199999999999993960, 7.909999999999988596 ) ) ;
#2091 = FILL_AREA_STYLE ('',( #1214 ) ) ;
#2092 = CARTESIAN_POINT ( 'NONE',  ( -0.2071507323465823225, -0.2071507323465826000, -3.000000000000000000 ) ) ;
#2093 = PRESENTATION_LAYER_ASSIGNMENT (  '', '', ( #2152 ) ) ;
#2094 = VECTOR ( 'NONE', #3898, 1000.000000000000000 ) ;
#2095 = CARTESIAN_POINT ( 'NONE',  ( -0.2643549876126516929, -1.129999999999999005, 1.389402195694910080 ) ) ;
#2096 = DIRECTION ( 'NONE',  ( -0.7071067811865454633, 0.000000000000000000, 0.7071067811865495711 ) ) ;
#2097 = LINE ( 'NONE', #3689, #1855 ) ;
#2098 = DIRECTION ( 'NONE',  ( 0.7071067811865490160, 0.7071067811865460184, -0.000000000000000000 ) ) ;
#2099 = EDGE_LOOP ( 'NONE', ( #2006, #2578, #1033, #3073, #1887, #959 ) ) ;
#2100 = CARTESIAN_POINT ( 'NONE',  ( -0.2275784156327415042, -1.250000000000000444, 0.8074457306935133305 ) ) ;
#2101 = AXIS2_PLACEMENT_3D ( 'NONE', #2445, #3060, #564 ) ;
#2102 = CARTESIAN_POINT ( 'NONE',  ( 0.09036144578313230757, -1.250000000000000000, 0.9145783132530121984 ) ) ;
#2103 = ORIENTED_EDGE ( 'NONE', *, *, #245, .T. ) ;
#2104 = VECTOR ( 'NONE', #1250, 1000.000000000000114 ) ;
#2105 = ORIENTED_EDGE ( 'NONE', *, *, #3714, .F. ) ;
#2106 = DIRECTION ( 'NONE',  ( 8.470329472543003391E-17, -1.000000000000000000, 0.000000000000000000 ) ) ;
#2107 = DIRECTION ( 'NONE',  ( 0.000000000000000000, -0.000000000000000000, -1.000000000000000000 ) ) ;
#2108 = VECTOR ( 'NONE', #367, 1000.000000000000000 ) ;
#2109 = VERTEX_POINT ( 'NONE', #2635 ) ;
#2110 = FILL_AREA_STYLE ('',( #897 ) ) ;
#2111 = CARTESIAN_POINT ( 'NONE',  ( 0.2567730509801736671, -1.190013523391419303, 0.8484209039776858807 ) ) ;
#2112 = VECTOR ( 'NONE', #1688, 1000.000000000000000 ) ;
#2113 = CARTESIAN_POINT ( 'NONE',  ( 0.2732007105321403451, -0.3200000000000001177, -2.359999999999988773 ) ) ;
#2114 =( GEOMETRIC_REPRESENTATION_CONTEXT ( 3 ) GLOBAL_UNCERTAINTY_ASSIGNED_CONTEXT ( ( #3322 ) ) GLOBAL_UNIT_ASSIGNED_CONTEXT ( ( #163, #798, #2893 ) ) REPRESENTATION_CONTEXT ( 'NONE', 'WORKASPACE' ) );
#2115 = DIRECTION ( 'NONE',  ( 0.7071067811865441310, 0.7071067811865507924, -0.000000000000000000 ) ) ;
#2116 = FACE_OUTER_BOUND ( 'NONE', #3877, .T. ) ;
#2117 = SURFACE_STYLE_USAGE ( .BOTH. , #2723 ) ;
#2118 = CARTESIAN_POINT ( 'NONE',  ( 0.2349397590361444188, -1.250000000000000000, 1.456746987951807348 ) ) ;
#2119 = ADVANCED_FACE ( 'NONE', ( #3840 ), #1108, .F. ) ;
#2120 = CARTESIAN_POINT ( 'NONE',  ( 1.270000000000000462, 3.270000000000000462, 0.6000000000000000888 ) ) ;
#2121 = CARTESIAN_POINT ( 'NONE',  ( -0.2578255419175611296, -1.129999999999999005, 0.7718528645085307449 ) ) ;
#2122 = DIRECTION ( 'NONE',  ( 0.3236155771181856711, -0.8891264907159878161, 0.3236155771181852270 ) ) ;
#2123 = EDGE_CURVE ( 'NONE', #459, #1043, #932, .T. ) ;
#2124 = VERTEX_POINT ( 'NONE', #3931 ) ;
#2125 = CARTESIAN_POINT ( 'NONE',  ( 0.3200000000000000622, 2.859999999999999876, -2.359999999999988773 ) ) ;
#2126 = CARTESIAN_POINT ( 'NONE',  ( 0.2560000000000001719, 0.3199999999999998401, -2.359999999999988773 ) ) ;
#2127 = ORIENTED_EDGE ( 'NONE', *, *, #3426, .T. ) ;
#2128 = PRESENTATION_STYLE_ASSIGNMENT (( #41 ) ) ;
#2129 =( NAMED_UNIT ( * ) PLANE_ANGLE_UNIT ( ) SI_UNIT ( $, .RADIAN. ) );
#2130 = PLANE ( 'NONE',  #1724 ) ;
#2131 = CARTESIAN_POINT ( 'NONE',  ( 0.2341917180556510047, -1.249999999999997780, 1.114848042196724176 ) ) ;
#2132 = CARTESIAN_POINT ( 'NONE',  ( 0.3200000000000000622, 2.859999999999999876, 8.550000000000000711 ) ) ;
#2133 = CARTESIAN_POINT ( 'NONE',  ( -1.019999999999999796, -0.9999999999999986677, 0.4500000000000002887 ) ) ;
#2134 = CARTESIAN_POINT ( 'NONE',  ( -0.2280098402426312676, -1.150000000000001021, 0.7529413584738517962 ) ) ;
#2135 = EDGE_CURVE ( 'NONE', #869, #1130, #2201, .T. ) ;
#2136 = CARTESIAN_POINT ( 'NONE',  ( -0.2221105522436119806, -1.250000000000001776, 0.7980297930901494308 ) ) ;
#2137 = CARTESIAN_POINT ( 'NONE',  ( 0.2786415142825168223, -1.129999999999999227, 1.692804206359144636 ) ) ;
#2138 = DIRECTION ( 'NONE',  ( -6.842277657836020854E-49, 5.078189165123089681E-17, -1.000000000000000000 ) ) ;
#2139 = ORIENTED_EDGE ( 'NONE', *, *, #1605, .T. ) ;
#2140 = EDGE_CURVE ( 'NONE', #1364, #1927, #1129, .T. ) ;
#2141 = CARTESIAN_POINT ( 'NONE',  ( -0.3199999999999999512, 2.795999999999999375, 7.909999999999988596 ) ) ;
#2142 = SURFACE_STYLE_FILL_AREA ( #1547 ) ;
#2143 = ORIENTED_EDGE ( 'NONE', *, *, #2734, .T. ) ;
#2144 = EDGE_CURVE ( 'NONE', #2010, #463, #3126, .T. ) ;
#2145 = CARTESIAN_POINT ( 'NONE',  ( -0.7699999999999996847, -1.250000000000000000, 2.500000000000000000 ) ) ;
#2146 = DIRECTION ( 'NONE',  ( -0.7071067811865515695, -0.000000000000000000, -0.7071067811865435759 ) ) ;
#2147 = B_SPLINE_CURVE_WITH_KNOTS ( 'NONE', 3,
 ( #3244, #3267, #1355, #1739, #1172, #2396, #522, #284, #2870, #736 ),
 .UNSPECIFIED., .F., .F.,
 ( 4, 3, 3, 4 ),
 ( 0.000000000000000000, 3.193694500262012927E-05, 6.387389000523998749E-05, 0.0001064253154868432995 ),
 .UNSPECIFIED. ) ;
#2148 =( NAMED_UNIT ( * ) PLANE_ANGLE_UNIT ( ) SI_UNIT ( $, .RADIAN. ) );
#2149 = EDGE_LOOP ( 'NONE', ( #3869, #1270, #1505, #1210 ) ) ;
#2150 = CARTESIAN_POINT ( 'NONE',  ( 0.2081842810550322553, -1.249999999999997780, 1.175455635456971848 ) ) ;
#2151 = LINE ( 'NONE', #3369, #3123 ) ;
#2152 = STYLED_ITEM ( 'NONE', ( #2390 ), #82 ) ;
#2153 = CARTESIAN_POINT ( 'NONE',  ( -0.2349397590361447796, -1.250000000000000000, 1.095301204819277396 ) ) ;
#2154 = CARTESIAN_POINT ( 'NONE',  ( -0.2071507323465819339, 2.747150732346581581, 8.550000000000000711 ) ) ;
#2155 = COLOUR_RGB ( '',0.9686274509803921573, 0.8784313725490195957, 0.5999999999999999778 ) ;
#2156 = DIRECTION ( 'NONE',  ( 4.224164308385081333E-16, -1.000000000000000000, 0.000000000000000000 ) ) ;
#2157 = CARTESIAN_POINT ( 'NONE',  ( -0.2349614701416065654, -1.250000000000001332, 0.8493962104888719278 ) ) ;
#2158 = CARTESIAN_POINT ( 'NONE',  ( 0.2143969062482591337, -1.129999999999999449, 1.801881640390415429 ) ) ;
#2159 = VECTOR ( 'NONE', #2033, 1000.000000000000114 ) ;
#2160 = DIRECTION ( 'NONE',  ( 1.000000000000000000, 0.000000000000000000, 0.000000000000000000 ) ) ;
#2161 = ORIENTED_EDGE ( 'NONE', *, *, #3415, .T. ) ;
#2162 = CARTESIAN_POINT ( 'NONE',  ( 0.3012548339959390531, 2.841254833995938256, 8.016309119164537478 ) ) ;
#2163 =( LENGTH_UNIT ( ) NAMED_UNIT ( * ) SI_UNIT ( .MILLI., .METRE. ) );
#2164 = EDGE_CURVE ( 'NONE', #2532, #3235, #3049, .T. ) ;
#2165 = ORIENTED_EDGE ( 'NONE', *, *, #2399, .F. ) ;
#2166 = FACE_OUTER_BOUND ( 'NONE', #895, .T. ) ;
#2167 = CARTESIAN_POINT ( 'NONE',  ( 0.2031249999999996114, -1.250000000000001110, 1.180956325301204979 ) ) ;
#2168 = CARTESIAN_POINT ( 'NONE',  ( -0.2275784156327413377, -1.250000000000001776, 1.732554269306486150 ) ) ;
#2169 = AXIS2_PLACEMENT_3D ( 'NONE', #437, #730, #111 ) ;
#2170 = EDGE_CURVE ( 'NONE', #2626, #387, #1291, .T. ) ;
#2171 = VERTEX_POINT ( 'NONE', #1843 ) ;
#2172 = DIRECTION ( 'NONE',  ( -1.000000000000000000, 0.000000000000000000, 0.000000000000000000 ) ) ;
#2173 = VECTOR ( 'NONE', #532, 1000.000000000000000 ) ;
#2174 = CARTESIAN_POINT ( 'NONE',  ( 0.2114911774681536016, -1.149999999999999467, 1.795178693253209667 ) ) ;
#2175 = STYLED_ITEM ( 'NONE', ( #312 ), #2778 ) ;
#2176 = CARTESIAN_POINT ( 'NONE',  ( 1.019999999999999796, 3.270000000000000462, 0.4500000000000018430 ) ) ;
#2177 = EDGE_CURVE ( 'NONE', #1177, #1785, #1537, .T. ) ;
#2178 = AXIS2_PLACEMENT_3D ( 'NONE', #1451, #1725, #1112 ) ;
#2179 = CARTESIAN_POINT ( 'NONE',  ( 0.04999999999998733929, 3.270000000000000462, -0.6199999999999992184 ) ) ;
#2180 = CARTESIAN_POINT ( 'NONE',  ( -0.09036144578313276554, -1.250000000000000000, 0.9145783132530121984 ) ) ;
#2181 = CARTESIAN_POINT ( 'NONE',  ( 0.2031249999999996114, -1.250000000000001110, 1.180956325301204979 ) ) ;
#2182 = CARTESIAN_POINT ( 'NONE',  ( 0.3200000000000000622, 2.860000000000000320, -2.359999999999988773 ) ) ;
#2183 = ORIENTED_EDGE ( 'NONE', *, *, #3309, .F. ) ;
#2184 = CARTESIAN_POINT ( 'NONE',  ( -0.3199999999999999512, 2.813200710532139492, 7.909999999999986819 ) ) ;
#2185 = CARTESIAN_POINT ( 'NONE',  ( -0.3012548339959390531, 2.841254833995939144, -2.466309119164537655 ) ) ;
#2186 = VERTEX_POINT ( 'NONE', #2732 ) ;
#2187 = CARTESIAN_POINT ( 'NONE',  ( -0.2732007105321401230, 2.219999999999999307, 7.909999999999986819 ) ) ;
#2188 = ADVANCED_FACE ( 'NONE', ( #3402 ), #676, .F. ) ;
#2189 = CARTESIAN_POINT ( 'NONE',  ( 0.2785987272081523192, -1.129999999999998561, 0.8475468746968481959 ) ) ;
#2190 = ORIENTED_EDGE ( 'NONE', *, *, #2123, .T. ) ;
#2191 = LINE ( 'NONE', #545, #3372 ) ;
#2192 = EDGE_CURVE ( 'NONE', #2769, #2228, #2471, .T. ) ;
#2193 =( NAMED_UNIT ( * ) SI_UNIT ( $, .STERADIAN. ) SOLID_ANGLE_UNIT ( ) );
#2194 = CARTESIAN_POINT ( 'NONE',  ( 0.3012548339959391641, -0.3012548339959392751, -2.466309119164537655 ) ) ;
#2195 = LINE ( 'NONE', #2819, #323 ) ;
#2196 = FILL_AREA_STYLE ('',( #743 ) ) ;
#2197 = PLANE ( 'NONE',  #3144 ) ;
#2198 = UNCERTAINTY_MEASURE_WITH_UNIT (LENGTH_MEASURE( 1.000000000000000082E-05 ), #3507, 'distance_accuracy_value', 'NONE');
#2199 = ORIENTED_EDGE ( 'NONE', *, *, #477, .F. ) ;
#2200 = PLANE ( 'NONE',  #1078 ) ;
#2201 = LINE ( 'NONE', #2495, #3640 ) ;
#2202 = EDGE_LOOP ( 'NONE', ( #1439, #1186 ) ) ;
#2203 = SURFACE_STYLE_FILL_AREA ( #1563 ) ;
#2204 = PLANE ( 'NONE',  #3878 ) ;
#2205 = CARTESIAN_POINT ( 'NONE',  ( 0.2322227741005683521, -1.129999999999999449, 0.7468819479089900959 ) ) ;
#2206 = EDGE_CURVE ( 'NONE', #1803, #3500, #950, .T. ) ;
#2207 = ORIENTED_EDGE ( 'NONE', *, *, #1875, .T. ) ;
#2208 = CARTESIAN_POINT ( 'NONE',  ( 0.2261468053802073164, -1.149999999999999467, 1.787290790624488590 ) ) ;
#2209 =( NAMED_UNIT ( * ) PLANE_ANGLE_UNIT ( ) SI_UNIT ( $, .RADIAN. ) );
#2210 = DIRECTION ( 'NONE',  ( 1.000000000000000000, 4.224164308385081333E-16, 1.537470072901852402E-16 ) ) ;
#2211 = EDGE_CURVE ( 'NONE', #1774, #2730, #385, .T. ) ;
#2212 = STYLED_ITEM ( 'NONE', ( #2837 ), #182 ) ;
#2213 =( NAMED_UNIT ( * ) SI_UNIT ( $, .STERADIAN. ) SOLID_ANGLE_UNIT ( ) );
#2214 = CARTESIAN_POINT ( 'NONE',  ( -0.2713210837587583524, -1.149999999999999911, 1.456832149525018938 ) ) ;
#2215 = CARTESIAN_POINT ( 'NONE',  ( -0.1573284206430661802, -1.149999999999999911, 1.806397023426620674 ) ) ;
#2216 = FILL_AREA_STYLE ('',( #168 ) ) ;
#2217 = MECHANICAL_DESIGN_GEOMETRIC_PRESENTATION_REPRESENTATION (  '', ( #2212 ), #508 ) ;
#2218 = ORIENTED_EDGE ( 'NONE', *, *, #2881, .F. ) ;
#2219 = DIRECTION ( 'NONE',  ( 0.000000000000000000, 1.000000000000000000, 0.000000000000000000 ) ) ;
#2220 = AXIS2_PLACEMENT_3D ( 'NONE', #2444, #2462, #2761 ) ;
#2221 =( NAMED_UNIT ( * ) PLANE_ANGLE_UNIT ( ) SI_UNIT ( $, .RADIAN. ) );
#2222 = PRESENTATION_LAYER_ASSIGNMENT (  '', '', ( #1580 ) ) ;
#2223 = ORIENTED_EDGE ( 'NONE', *, *, #2721, .F. ) ;
#2224 = SURFACE_STYLE_USAGE ( .BOTH. , #3151 ) ;
#2225 = CARTESIAN_POINT ( 'NONE',  ( 0.2132409442306422709, -1.250000000000001110, 1.169951629842689966 ) ) ;
#2226 = AXIS2_PLACEMENT_3D ( 'NONE', #289, #2380, #326 ) ;
#2227 = DIRECTION ( 'NONE',  ( 0.000000000000000000, 0.000000000000000000, 1.000000000000000000 ) ) ;
#2228 = VERTEX_POINT ( 'NONE', #918 ) ;
#2229 = CARTESIAN_POINT ( 'NONE',  ( -0.3199999999999999512, 2.860000000000000320, -2.359999999999988773 ) ) ;
#2230 = LINE ( 'NONE', #2850, #579 ) ;
#2231 = DIRECTION ( 'NONE',  ( 0.7071067811865434649, -0.000000000000000000, -0.7071067811865516806 ) ) ;
#2232 = VECTOR ( 'NONE', #121, 1000.000000000000000 ) ;
#2233 = AXIS2_PLACEMENT_3D ( 'NONE', #3028, #3717, #1878 ) ;
#2234 = FACE_OUTER_BOUND ( 'NONE', #3407, .T. ) ;
#2235 = CARTESIAN_POINT ( 'NONE',  ( -0.2071507323465818784, -0.2071507323465826833, 8.550000000000000711 ) ) ;
#2236 = ADVANCED_FACE ( 'NONE', ( #97 ), #1050, .F. ) ;
#2237 = UNCERTAINTY_MEASURE_WITH_UNIT (LENGTH_MEASURE( 1.000000000000000082E-05 ), #1334, 'distance_accuracy_value', 'NONE');
#2238 = VECTOR ( 'NONE', #3138, 1000.000000000000000 ) ;
#2239 = ORIENTED_EDGE ( 'NONE', *, *, #131, .T. ) ;
#2240 = LINE ( 'NONE', #1958, #889 ) ;
#2241 = COLOUR_RGB ( '',0.9686274509803921573, 0.8784313725490195957, 0.5999999999999999778 ) ;
#2242 = DIRECTION ( 'NONE',  ( -1.000000000000000000, 0.000000000000000000, 0.000000000000000000 ) ) ;
#2243 = EDGE_CURVE ( 'NONE', #553, #616, #1008, .T. ) ;
#2244 = MECHANICAL_DESIGN_GEOMETRIC_PRESENTATION_REPRESENTATION (  '', ( #1165 ), #151 ) ;
#2245 = EDGE_LOOP ( 'NONE', ( #21, #1642, #1411, #1775 ) ) ;
#2246 = DIRECTION ( 'NONE',  ( -0.1710878697460327114, 0.1710878697460326836, -0.9702875252478149193 ) ) ;
#2247 = CARTESIAN_POINT ( 'NONE',  ( -1.019999999999999574, -0.9999999999999988898, 2.500000000000000000 ) ) ;
#2248 = APPLICATION_CONTEXT ( 'automotive_design' ) ;
#2249 = EDGE_LOOP ( 'NONE', ( #2103, #3416, #3293, #1866 ) ) ;
#2250 = SURFACE_STYLE_USAGE ( .BOTH. , #3882 ) ;
#2251 = CARTESIAN_POINT ( 'NONE',  ( 0.1841118460939785983, -1.149999999999999467, 1.804131856196682149 ) ) ;
#2252 = DIRECTION ( 'NONE',  ( 1.000000000000000000, 0.000000000000000000, 0.000000000000000000 ) ) ;
#2253 = VERTEX_POINT ( 'NONE', #158 ) ;
#2254 = CARTESIAN_POINT ( 'NONE',  ( 0.2291490472775132015, -1.149999999999999689, 1.206427255910813345 ) ) ;
#2255 = CARTESIAN_POINT ( 'NONE',  ( 0.2661531779593211411, -1.164241836324594326, 1.100793638664335550 ) ) ;
#2256 = DIRECTION ( 'NONE',  ( 0.000000000000000000, -5.078189165123089681E-17, 1.000000000000000000 ) ) ;
#2257 = SURFACE_SIDE_STYLE ('',( #1378 ) ) ;
#2258 = EDGE_CURVE ( 'NONE', #2473, #3331, #1937, .T. ) ;
#2259 = VERTEX_POINT ( 'NONE', #2886 ) ;
#2260 = CARTESIAN_POINT ( 'NONE',  ( 0.3134175730544423444, 2.250907905062562886, 7.947330798265289431 ) ) ;
#2261 = ADVANCED_FACE ( 'NONE', ( #2574 ), #174, .T. ) ;
#2262 = ORIENTED_EDGE ( 'NONE', *, *, #946, .T. ) ;
#2263 =( NAMED_UNIT ( * ) SI_UNIT ( $, .STERADIAN. ) SOLID_ANGLE_UNIT ( ) );
#2264 = CARTESIAN_POINT ( 'NONE',  ( 0.2010872110020790471, -0.2010872110020796577, 8.584387938363944315 ) ) ;
#2265 = APPLICATION_PROTOCOL_DEFINITION ( 'draft international standard', 'automotive_design', 1998, #2388 ) ;
#2266 = ORIENTED_EDGE ( 'NONE', *, *, #1559, .F. ) ;
#2267 =( LENGTH_UNIT ( ) NAMED_UNIT ( * ) SI_UNIT ( .MILLI., .METRE. ) );
#2268 = FILL_AREA_STYLE_COLOUR ( '', #327 ) ;
#2269 = SURFACE_SIDE_STYLE ('',( #754 ) ) ;
#2270 = DIRECTION ( 'NONE',  ( -0.000000000000000000, -0.000000000000000000, -1.000000000000000000 ) ) ;
#2271 = ORIENTED_EDGE ( 'NONE', *, *, #957, .F. ) ;
#2272 = CARTESIAN_POINT ( 'NONE',  ( 1.269999999999999796, 3.499999999999998224, 2.350000000000000089 ) ) ;
#2273 = PLANE ( 'NONE',  #821 ) ;
#2274 = SURFACE_STYLE_FILL_AREA ( #1065 ) ;
#2275 = SURFACE_STYLE_FILL_AREA ( #3197 ) ;
#2276 = ORIENTED_EDGE ( 'NONE', *, *, #2135, .F. ) ;
#2277 = ORIENTED_EDGE ( 'NONE', *, *, #1362, .F. ) ;
#2278 = CARTESIAN_POINT ( 'NONE',  ( -0.1771939946250035980, -1.249999999999989786, 1.768241958426034932 ) ) ;
#2279 = VECTOR ( 'NONE', #337, 1000.000000000000000 ) ;
#2280 = CARTESIAN_POINT ( 'NONE',  ( 0.2069451709529500638, -1.250000000000001110, 0.7832384112981745083 ) ) ;
#2281 = ORIENTED_EDGE ( 'NONE', *, *, #1193, .F. ) ;
#2282 = DIRECTION ( 'NONE',  ( 0.000000000000000000, 0.000000000000000000, -1.000000000000000000 ) ) ;
#2283 = LINE ( 'NONE', #1986, #1779 ) ;
#2284 = EDGE_CURVE ( 'NONE', #1130, #1918, #2484, .T. ) ;
#2285 = AXIS2_PLACEMENT_3D ( 'NONE', #3573, #3852, #2922 ) ;
#2286 = ORIENTED_EDGE ( 'NONE', *, *, #3522, .F. ) ;
#2287 = PRESENTATION_LAYER_ASSIGNMENT (  '', '', ( #1776 ) ) ;
#2288 = CARTESIAN_POINT ( 'NONE',  ( 0.2010872110020790471, 2.338912788997920877, 8.584387938363944315 ) ) ;
#2289 = SURFACE_SIDE_STYLE ('',( #505 ) ) ;
#2290 = EDGE_CURVE ( 'NONE', #2910, #3390, #424, .T. ) ;
#2291 = VECTOR ( 'NONE', #772, 1000.000000000000000 ) ;
#2292 = ORIENTED_EDGE ( 'NONE', *, *, #1541, .T. ) ;
#2293 = PRESENTATION_STYLE_ASSIGNMENT (( #1729 ) ) ;
#2294 = SURFACE_STYLE_FILL_AREA ( #2897 ) ;
#2295 = AXIS2_PLACEMENT_3D ( 'NONE', #1678, #2908, #178 ) ;
#2296 =( LENGTH_UNIT ( ) NAMED_UNIT ( * ) SI_UNIT ( .MILLI., .METRE. ) );
#2297 = ADVANCED_FACE ( 'NONE', ( #1959 ), #2551, .F. ) ;
#2298 = FACE_OUTER_BOUND ( 'NONE', #435, .T. ) ;
#2299 = VERTEX_POINT ( 'NONE', #2843 ) ;
#2300 = ORIENTED_EDGE ( 'NONE', *, *, #562, .T. ) ;
#2301 = CARTESIAN_POINT ( 'NONE',  ( 0.000000000000000000, 2.747150732346581581, 8.550000000000000711 ) ) ;
#2302 = FILL_AREA_STYLE_COLOUR ( '', #3698 ) ;
#2303 = AXIS2_PLACEMENT_3D ( 'NONE', #3902, #3563, #488 ) ;
#2304 = MECHANICAL_DESIGN_GEOMETRIC_PRESENTATION_REPRESENTATION (  '', ( #2175 ), #3448 ) ;
#2305 = CARTESIAN_POINT ( 'NONE',  ( -0.2349614701416067319, -1.250000000000000666, 1.690603789511128330 ) ) ;
#2306 = AXIS2_PLACEMENT_3D ( 'NONE', #3480, #2227, #751 ) ;
#2307 = ORIENTED_EDGE ( 'NONE', *, *, #3426, .F. ) ;
#2308 = CARTESIAN_POINT ( 'NONE',  ( 0.09036144578313230757, -1.250000000000000000, 0.9145783132530121984 ) ) ;
#2309 = LINE ( 'NONE', #1696, #3632 ) ;
#2310 = PRESENTATION_LAYER_ASSIGNMENT (  '', '', ( #2888 ) ) ;
#2311 = VERTEX_POINT ( 'NONE', #3757 ) ;
#2312 = ADVANCED_FACE ( 'NONE', ( #1088 ), #1656, .F. ) ;
#2313 = DIRECTION ( 'NONE',  ( 0.000000000000000000, 1.000000000000000000, 0.000000000000000000 ) ) ;
#2314 = CARTESIAN_POINT ( 'NONE',  ( -1.270000000000000684, 3.270000000000000462, 0.6000000000000000888 ) ) ;
#2315 =( NAMED_UNIT ( * ) PLANE_ANGLE_UNIT ( ) SI_UNIT ( $, .RADIAN. ) );
#2316 = EDGE_LOOP ( 'NONE', ( #1566, #1026, #3146, #937 ) ) ;
#2317 = ADVANCED_FACE ( 'NONE', ( #277 ), #1122, .F. ) ;
#2318 = DIRECTION ( 'NONE',  ( 1.000000000000000000, 0.000000000000000000, 0.000000000000000000 ) ) ;
#2319 = LINE ( 'NONE', #166, #2159 ) ;
#2320 = LINE ( 'NONE', #3000, #3327 ) ;
#2321 = DIRECTION ( 'NONE',  ( -8.470329472543003391E-17, 1.000000000000000000, 0.000000000000000000 ) ) ;
#2322 = PRODUCT_DEFINITION_CONTEXT ( 'detailed design', #2248, 'design' ) ;
#2323 = ORIENTED_EDGE ( 'NONE', *, *, #1238, .F. ) ;
#2324 = ORIENTED_EDGE ( 'NONE', *, *, #105, .T. ) ;
#2325 = FACE_OUTER_BOUND ( 'NONE', #2249, .T. ) ;
#2326 = PLANE ( 'NONE',  #1718 ) ;
#2327 =( NAMED_UNIT ( * ) PLANE_ANGLE_UNIT ( ) SI_UNIT ( $, .RADIAN. ) );
#2328 = VERTEX_POINT ( 'NONE', #1692 ) ;
#2329 = CARTESIAN_POINT ( 'NONE',  ( 1.169999999999999707, 3.499999999999998668, 0.6000000000000000888 ) ) ;
#2330 = CARTESIAN_POINT ( 'NONE',  ( 1.269999999999999796, 3.499999999999998224, 2.350000000000000089 ) ) ;
#2331 = ORIENTED_EDGE ( 'NONE', *, *, #2645, .T. ) ;
#2332 = SURFACE_SIDE_STYLE ('',( #3270 ) ) ;
#2333 = PLANE ( 'NONE',  #2178 ) ;
#2334 = LINE ( 'NONE', #207, #1221 ) ;
#2335 = ADVANCED_FACE ( 'NONE', ( #3575 ), #2326, .T. ) ;
#2336 = EDGE_LOOP ( 'NONE', ( #805, #620, #2331, #3616, #1545, #1307 ) ) ;
#2337 = CARTESIAN_POINT ( 'NONE',  ( -0.2349397590361447796, -1.250000000000000000, 1.095301204819277396 ) ) ;
#2338 = DIRECTION ( 'NONE',  ( 6.842277657836020854E-49, -5.078189165123089681E-17, 1.000000000000000000 ) ) ;
#2339 = CARTESIAN_POINT ( 'NONE',  ( 0.3200000000000000622, 0.3199999999999993405, -2.359999999999988773 ) ) ;
#2340 = EDGE_CURVE ( 'NONE', #1086, #3243, #1754, .T. ) ;
#2341 = ORIENTED_EDGE ( 'NONE', *, *, #775, .T. ) ;
#2342 = VERTEX_POINT ( 'NONE', #2667 ) ;
#2343 = DIRECTION ( 'NONE',  ( 1.000000000000000000, 8.470329472543003391E-17, 4.301393535249064745E-33 ) ) ;
#2344 = ORIENTED_EDGE ( 'NONE', *, *, #2284, .T. ) ;
#2345 = CARTESIAN_POINT ( 'NONE',  ( -0.2338056406508131346, -1.249999999999994449, 0.8276727744746829041 ) ) ;
#2346 = EDGE_CURVE ( 'NONE', #2171, #1803, #1402, .T. ) ;
#2347 = ORIENTED_EDGE ( 'NONE', *, *, #329, .F. ) ;
#2348 = MECHANICAL_DESIGN_GEOMETRIC_PRESENTATION_REPRESENTATION (  '', ( #3174 ), #3116 ) ;
#2349 = SURFACE_STYLE_USAGE ( .BOTH. , #523 ) ;
#2350 = CARTESIAN_POINT ( 'NONE',  ( -0.3012548339959390531, 2.238745166004060039, 8.016309119164535701 ) ) ;
#2351 = VECTOR ( 'NONE', #68, 1000.000000000000000 ) ;
#2352 = ORIENTED_EDGE ( 'NONE', *, *, #454, .T. ) ;
#2353 = DIRECTION ( 'NONE',  ( -0.000000000000000000, -0.000000000000000000, -1.000000000000000000 ) ) ;
#2354 = VECTOR ( 'NONE', #917, 1000.000000000000000 ) ;
#2355 = SURFACE_STYLE_FILL_AREA ( #2658 ) ;
#2356 = CARTESIAN_POINT ( 'NONE',  ( 0.04999999999998733929, -0.7700000000000002398, -0.6199999999999992184 ) ) ;
#2357 = VECTOR ( 'NONE', #3562, 1000.000000000000114 ) ;
#2358 =( BOUNDED_CURVE ( )  B_SPLINE_CURVE ( 3, ( #815, #1990, #1414, #3503 ),
 .UNSPECIFIED., .F., .F. ) 
 B_SPLINE_CURVE_WITH_KNOTS ( ( 4, 4 ),
 ( 8.470329472543023112E-16, 0.7853981633974480570 ),
 .UNSPECIFIED. ) 
 CURVE ( )  GEOMETRIC_REPRESENTATION_ITEM ( )  RATIONAL_B_SPLINE_CURVE ( ( 1.000000000000000000, 0.9492530216741912330, 0.9492530216741912330, 1.000000000000000000 ) ) 
 REPRESENTATION_ITEM ( '' )  );
#2359 = CARTESIAN_POINT ( 'NONE',  ( 1.169999999999999041, 3.499999999999998224, 2.350000000000000089 ) ) ;
#2360 = FACE_OUTER_BOUND ( 'NONE', #78, .T. ) ;
#2361 = ADVANCED_BREP_SHAPE_REPRESENTATION ( 'DS1021_yellow_2x01p_100mil_Type1_rev1.0', ( #1427, #191, #2836, #2306 ), #3451 ) ;
#2362 = DIRECTION ( 'NONE',  ( -1.000000000000000000, -0.000000000000000000, -0.000000000000000000 ) ) ;
#2363 = VECTOR ( 'NONE', #3246, 1000.000000000000000 ) ;
#2364 = DIRECTION ( 'NONE',  ( -0.7071067811865460184, 0.7071067811865490160, 0.000000000000000000 ) ) ;
#2365 = ORIENTED_EDGE ( 'NONE', *, *, #2206, .F. ) ;
#2366 = ORIENTED_EDGE ( 'NONE', *, *, #3223, .F. ) ;
#2367 = ADVANCED_FACE ( 'NONE', ( #3221 ), #236, .F. ) ;
#2368 = CARTESIAN_POINT ( 'NONE',  ( 0.1570750383009124618, -1.170005857523108261, 0.7408845132227618313 ) ) ;
#2369 = DIRECTION ( 'NONE',  ( -8.470329472543003391E-17, 1.000000000000000000, 0.000000000000000000 ) ) ;
#2370 = EDGE_LOOP ( 'NONE', ( #2648, #2889, #383, #54, #60, #2690 ) ) ;
#2371 = CARTESIAN_POINT ( 'NONE',  ( -0.2275784156327442520, -1.249999999999992228, 0.8074457306935119982 ) ) ;
#2372 = VECTOR ( 'NONE', #1309, 1000.000000000000000 ) ;
#2373 = ORIENTED_EDGE ( 'NONE', *, *, #2826, .T. ) ;
#2374 = STYLED_ITEM ( 'NONE', ( #1702 ), #3825 ) ;
#2375 = ADVANCED_FACE ( 'NONE', ( #1485 ), #747, .F. ) ;
#2376 = SURFACE_STYLE_FILL_AREA ( #1446 ) ;
#2377 = MECHANICAL_DESIGN_GEOMETRIC_PRESENTATION_REPRESENTATION (  '', ( #83 ), #2631 ) ;
#2378 = DIRECTION ( 'NONE',  ( -1.000000000000000000, 0.000000000000000000, 0.000000000000000000 ) ) ;
#2379 = ORIENTED_EDGE ( 'NONE', *, *, #57, .T. ) ;
#2380 = DIRECTION ( 'NONE',  ( -0.7071067811865515695, -0.000000000000000000, -0.7071067811865435759 ) ) ;
#2381 = PRESENTATION_LAYER_ASSIGNMENT (  '', '', ( #972 ) ) ;
#2382 = SURFACE_SIDE_STYLE ('',( #2355 ) ) ;
#2383 = DIRECTION ( 'NONE',  ( -0.4999999999999998890, 0.8660254037844385966, 0.000000000000000000 ) ) ;
#2384 = CARTESIAN_POINT ( 'NONE',  ( -0.2786088852086245904, -1.129999999999999227, 1.456812854656623690 ) ) ;
#2385 = PLANE ( 'NONE',  #3180 ) ;
#2386 = CARTESIAN_POINT ( 'NONE',  ( -0.6500000000000001332, -1.250000000000000222, 1.270000000000000018 ) ) ;
#2387 =( BOUNDED_CURVE ( )  B_SPLINE_CURVE ( 3, ( #818, #3883, #3807, #231 ),
 .UNSPECIFIED., .F., .F. ) 
 B_SPLINE_CURVE_WITH_KNOTS ( ( 4, 4 ),
 ( 2.356194490192345281, 3.141592653589793116 ),
 .UNSPECIFIED. ) 
 CURVE ( )  GEOMETRIC_REPRESENTATION_ITEM ( )  RATIONAL_B_SPLINE_CURVE ( ( 1.000000000000000000, 0.9492530216741912330, 0.9492530216741912330, 1.000000000000000000 ) ) 
 REPRESENTATION_ITEM ( '' )  );
#2388 = APPLICATION_CONTEXT ( 'automotive_design' ) ;
#2389 = VERTEX_POINT ( 'NONE', #51 ) ;
#2390 = PRESENTATION_STYLE_ASSIGNMENT (( #49 ) ) ;
#2391 = CARTESIAN_POINT ( 'NONE',  ( 0.1562305829448806249, -1.236672524119857508, 0.7651491954817275509 ) ) ;
#2392 = CARTESIAN_POINT ( 'NONE',  ( 0.2337715950550439681, -1.250000000000000666, 1.713467453397172546 ) ) ;
#2393 = ORIENTED_EDGE ( 'NONE', *, *, #2038, .T. ) ;
#2394 = SURFACE_SIDE_STYLE ('',( #2692 ) ) ;
#2395 = VERTEX_POINT ( 'NONE', #1503 ) ;
#2396 = CARTESIAN_POINT ( 'NONE',  ( -0.1566949385773144798, -1.200014643514623947, 1.788193181909862428 ) ) ;
#2397 = DIRECTION ( 'NONE',  ( -6.842277657836020854E-49, 5.078189165123089681E-17, -1.000000000000000000 ) ) ;
#2398 = PLANE ( 'NONE',  #2685 ) ;
#2399 = EDGE_CURVE ( 'NONE', #3720, #3679, #1939, .T. ) ;
#2400 = VERTEX_POINT ( 'NONE', #3088 ) ;
#2401 = CARTESIAN_POINT ( 'NONE',  ( -0.3199999999999999512, 0.3199999999999993405, 8.550000000000000711 ) ) ;
#2402 = FACE_OUTER_BOUND ( 'NONE', #2149, .T. ) ;
#2403 = PLANE ( 'NONE',  #2813 ) ;
#2404 = ADVANCED_FACE ( 'NONE', ( #339 ), #3927, .F. ) ;
#2405 = CARTESIAN_POINT ( 'NONE',  ( -0.2354649598020790158, -1.129999999999999227, 1.349078030679466078 ) ) ;
#2406 = CARTESIAN_POINT ( 'NONE',  ( -0.2446407098541426572, -1.223346856680310957, 0.8486748927485816552 ) ) ;
#2407 = FACE_OUTER_BOUND ( 'NONE', #823, .T. ) ;
#2408 = CARTESIAN_POINT ( 'NONE',  ( -0.2890920949374357618, 2.226582426945557636, -2.397330798265292717 ) ) ;
#2409 = CARTESIAN_POINT ( 'NONE',  ( -0.1688168747726650765, -1.150000000000000355, 0.7344035849404331184 ) ) ;
#2410 = CARTESIAN_POINT ( 'NONE',  ( 0.3012548339959392751, -0.3012548339959398302, 8.016309119164535701 ) ) ;
#2411 = CARTESIAN_POINT ( 'NONE',  ( 0.2104599683874022742, -1.250000000000001110, 1.753582719337713369 ) ) ;
#2412 = CARTESIAN_POINT ( 'NONE',  ( 0.2071507323465825445, 1.754634953454125475E-17, -3.000000000000000000 ) ) ;
#2413 = EDGE_LOOP ( 'NONE', ( #1253, #992, #1950, #1426 ) ) ;
#2414 = LINE ( 'NONE', #240, #1637 ) ;
#2415 = DIRECTION ( 'NONE',  ( -0.1710878697460330999, 0.1710878697460331277, -0.9702875252478148083 ) ) ;
#2416 = DIRECTION ( 'NONE',  ( 0.000000000000000000, -1.000000000000000000, 0.000000000000000000 ) ) ;
#2417 = ORIENTED_EDGE ( 'NONE', *, *, #1052, .T. ) ;
#2418 = SURFACE_STYLE_USAGE ( .BOTH. , #2719 ) ;
#2419 = PRESENTATION_STYLE_ASSIGNMENT (( #3918 ) ) ;
#2420 = DIRECTION ( 'NONE',  ( -0.8660254037844384856, 0.5000000000000004441, 0.000000000000000000 ) ) ;
#2421 = AXIS2_PLACEMENT_3D ( 'NONE', #361, #2156, #2466 ) ;
#2422 = VECTOR ( 'NONE', #2681, 1000.000000000000000 ) ;
#2423 = CARTESIAN_POINT ( 'NONE',  ( -0.2756422869894946115, -1.129999999999999005, 1.418644907060404581 ) ) ;
#2424 = CARTESIAN_POINT ( 'NONE',  ( 0.3012548339959392751, 2.841254833995939144, -2.466309119164536767 ) ) ;
#2425 = STYLED_ITEM ( 'NONE', ( #1345 ), #800 ) ;
#2426 = DIRECTION ( 'NONE',  ( 0.7071067811865487940, -0.7071067811865463515, 0.000000000000000000 ) ) ;
#2427 = CARTESIAN_POINT ( 'NONE',  ( 5.421010862427522170E-17, -0.4466666666666665453, 2.500000000000000000 ) ) ;
#2428 = EDGE_CURVE ( 'NONE', #155, #3252, #2859, .T. ) ;
#2429 = PRESENTATION_LAYER_ASSIGNMENT (  '', '', ( #198 ) ) ;
#2430 = LINE ( 'NONE', #3319, #22 ) ;
#2431 =( NAMED_UNIT ( * ) SI_UNIT ( $, .STERADIAN. ) SOLID_ANGLE_UNIT ( ) );
#2432 = VECTOR ( 'NONE', #351, 1000.000000000000000 ) ;
#2433 = ORIENTED_EDGE ( 'NONE', *, *, #3050, .T. ) ;
#2434 = FILL_AREA_STYLE ('',( #2470 ) ) ;
#2435 = DIRECTION ( 'NONE',  ( 0.000000000000000000, -0.000000000000000000, -1.000000000000000000 ) ) ;
#2436 = FILL_AREA_STYLE ('',( #3016 ) ) ;
#2437 = VECTOR ( 'NONE', #2513, 1000.000000000000000 ) ;
#2438 = ORIENTED_EDGE ( 'NONE', *, *, #483, .T. ) ;
#2439 = DIRECTION ( 'NONE',  ( 4.224164308385081333E-16, -1.000000000000000000, 0.000000000000000000 ) ) ;
#2440 = CARTESIAN_POINT ( 'NONE',  ( 0.2640549167020749266, -1.170006761748994872, 0.8482684769004060765 ) ) ;
#2441 = PRESENTATION_LAYER_ASSIGNMENT (  '', '', ( #2175 ) ) ;
#2442 = CARTESIAN_POINT ( 'NONE',  ( 1.020000000000000462, -0.9999999999999978906, 2.500000000000000000 ) ) ;
#2443 = PRODUCT_DEFINITION_FORMATION_WITH_SPECIFIED_SOURCE ( 'ANY', '', #976, .NOT_KNOWN. ) ;
#2444 = CARTESIAN_POINT ( 'NONE',  ( -0.2559999999999999498, -0.2560000000000007270, 8.550000000000000711 ) ) ;
#2445 = CARTESIAN_POINT ( 'NONE',  ( 1.270000000000000462, 3.270000000000000462, 0.6000000000000000888 ) ) ;
#2446 = FACE_OUTER_BOUND ( 'NONE', #252, .T. ) ;
#2447 = STYLED_ITEM ( 'NONE', ( #1242 ), #3214 ) ;
#2448 = EDGE_CURVE ( 'NONE', #3738, #869, #3006, .T. ) ;
#2449 = DIRECTION ( 'NONE',  ( -8.470329472543003391E-17, 1.000000000000000000, 0.000000000000000000 ) ) ;
#2450 = CARTESIAN_POINT ( 'NONE',  ( 0.3134175730544423999, -0.2890920949374365390, 7.947330798265291207 ) ) ;
#2451 = CARTESIAN_POINT ( 'NONE',  ( -0.2130215703124279381, -1.249999999999999112, 1.389336511127181817 ) ) ;
#2452 = SURFACE_STYLE_FILL_AREA ( #364 ) ;
#2453 = ORIENTED_EDGE ( 'NONE', *, *, #1222, .T. ) ;
#2454 = CARTESIAN_POINT ( 'NONE',  ( 0.2071507323465825445, 2.540000000000000036, -3.000000000000000000 ) ) ;
#2455 = CARTESIAN_POINT ( 'NONE',  ( 0.2732007105321402896, 0.3199999999999998401, -2.359999999999988773 ) ) ;
#2456 = EDGE_LOOP ( 'NONE', ( #3230, #234, #2558, #829 ) ) ;
#2457 = LINE ( 'NONE', #1867, #2432 ) ;
#2458 = CARTESIAN_POINT ( 'NONE',  ( -5.007143004635796034E-17, -1.149999999999999911, 0.9509753366796325214 ) ) ;
#2459 = PLANE ( 'NONE',  #1157 ) ;
#2460 = LINE ( 'NONE', #664, #1096 ) ;
#2461 = VERTEX_POINT ( 'NONE', #35 ) ;
#2462 = DIRECTION ( 'NONE',  ( -6.842277657836020854E-49, 5.078189165123089681E-17, -1.000000000000000000 ) ) ;
#2463 = DIRECTION ( 'NONE',  ( -1.000000000000000000, -1.445602896647340396E-16, 0.000000000000000000 ) ) ;
#2464 = LINE ( 'NONE', #3904, #3137 ) ;
#2465 = LINE ( 'NONE', #1198, #907 ) ;
#2466 = DIRECTION ( 'NONE',  ( 1.000000000000000000, 3.336006684570782608E-16, 0.000000000000000000 ) ) ;
#2467 = CARTESIAN_POINT ( 'NONE',  ( 0.3200000000000000622, 2.859999999999999876, 7.909999999999988596 ) ) ;
#2468 = CARTESIAN_POINT ( 'NONE',  ( 0.2254428326701208574, -1.164241562477198899, 1.202799781719806393 ) ) ;
#2469 = EDGE_LOOP ( 'NONE', ( #758, #3069, #752, #3537, #1677, #1653, #3505, #1823, #2438, #2927, #3662, #3477, #3298, #1226, #3792, #2027, #2143, #1380, #2598, #3215, #3889, #403 ) ) ;
#2470 = FILL_AREA_STYLE_COLOUR ( '', #949 ) ;
#2471 = LINE ( 'NONE', #3678, #81 ) ;
#2472 = EDGE_CURVE ( 'NONE', #1405, #148, #649, .T. ) ;
#2473 = VERTEX_POINT ( 'NONE', #928 ) ;
#2474 = CARTESIAN_POINT ( 'NONE',  ( 0.2708727427766667861, -1.150000000000004352, 0.8370379506946694637 ) ) ;
#2475 = CARTESIAN_POINT ( 'NONE',  ( 0.3200000000000000622, 0.3199999999999998401, -2.359999999999988773 ) ) ;
#2476 = EDGE_CURVE ( 'NONE', #674, #500, #222, .T. ) ;
#2477 = DIRECTION ( 'NONE',  ( -0.5000000000000003331, -0.8660254037844383745, 0.000000000000000000 ) ) ;
#2478 = ORIENTED_EDGE ( 'NONE', *, *, #1216, .F. ) ;
#2479 = DIRECTION ( 'NONE',  ( -1.000000000000000000, 0.000000000000000000, 0.000000000000000000 ) ) ;
#2480 = CARTESIAN_POINT ( 'NONE',  ( -0.2349397590361447796, -1.250000000000000000, 0.8488780120481929092 ) ) ;
#2481 = AXIS2_PLACEMENT_3D ( 'NONE', #671, #3141, #1282 ) ;
#2482 = CARTESIAN_POINT ( 'NONE',  ( -0.2446407098541352743, -1.223346856680331163, 1.691325107251418824 ) ) ;
#2483 = PRESENTATION_STYLE_ASSIGNMENT (( #2763 ) ) ;
#2484 = B_SPLINE_CURVE_WITH_KNOTS ( 'NONE', 3,
 ( #712, #1029, #3780, #3794, #3148, #3812, #1922, #2278, #1981, #3204 ),
 .UNSPECIFIED., .F., .F.,
 ( 4, 2, 2, 2, 4 ),
 ( 0.000000000000000000, 3.115297871150322153E-05, 6.230595742300644305E-05, 9.345893613450965780E-05, 0.0001246119148460128861 ),
 .UNSPECIFIED. ) ;
#2485 = DIRECTION ( 'NONE',  ( 0.000000000000000000, 0.000000000000000000, 1.000000000000000000 ) ) ;
#2486 = CARTESIAN_POINT ( 'NONE',  ( 0.3200000000000000622, -0.2732007105321409557, 7.909999999999986819 ) ) ;
#2487 = FACE_OUTER_BOUND ( 'NONE', #654, .T. ) ;
#2488 = PRESENTATION_LAYER_ASSIGNMENT (  '', '', ( #1965 ) ) ;
#2489 = FILL_AREA_STYLE_COLOUR ( '', #1728 ) ;
#2490 = EDGE_CURVE ( 'NONE', #982, #3134, #1262, .T. ) ;
#2491 = AXIS2_PLACEMENT_3D ( 'NONE', #2132, #333, #1813 ) ;
#2492 =( BOUNDED_CURVE ( )  B_SPLINE_CURVE ( 3, ( #1648, #1910, #3190, #1614 ),
 .UNSPECIFIED., .F., .F. ) 
 B_SPLINE_CURVE_WITH_KNOTS ( ( 4, 4 ),
 ( 3.141592653589793116, 3.926990816987248056 ),
 .UNSPECIFIED. ) 
 CURVE ( )  GEOMETRIC_REPRESENTATION_ITEM ( )  RATIONAL_B_SPLINE_CURVE ( ( 1.000000000000000000, 0.9492530216741903448, 0.9492530216741903448, 1.000000000000000000 ) ) 
 REPRESENTATION_ITEM ( '' )  );
#2493 = ORIENTED_EDGE ( 'NONE', *, *, #713, .F. ) ;
#2494 = FACE_OUTER_BOUND ( 'NONE', #1423, .T. ) ;
#2495 = CARTESIAN_POINT ( 'NONE',  ( -0.2349397590361447796, -1.250000000000000000, 1.458064759036144631 ) ) ;
#2496 = ADVANCED_FACE ( 'NONE', ( #2487 ), #673, .T. ) ;
#2497 = ORIENTED_EDGE ( 'NONE', *, *, #526, .T. ) ;
#2498 = AXIS2_PLACEMENT_3D ( 'NONE', #2554, #3478, #2845 ) ;
#2499 = CARTESIAN_POINT ( 'NONE',  ( -0.3199999999999998956, -0.3200000000000001732, -2.359999999999988773 ) ) ;
#2500 = FILL_AREA_STYLE_COLOUR ( '', #3498 ) ;
#2501 = CARTESIAN_POINT ( 'NONE',  ( 0.1571002131738344354, -1.129999999999999227, 0.7262900176145008491 ) ) ;
#2502 = EDGE_CURVE ( 'NONE', #2461, #227, #379, .T. ) ;
#2503 = ORIENTED_EDGE ( 'NONE', *, *, #3345, .T. ) ;
#2504 = LINE ( 'NONE', #2791, #119 ) ;
#2505 = AXIS2_PLACEMENT_3D ( 'NONE', #687, #104, #1890 ) ;
#2506 = DIRECTION ( 'NONE',  ( -0.000000000000000000, -0.000000000000000000, -1.000000000000000000 ) ) ;
#2507 = AXIS2_PLACEMENT_3D ( 'NONE', #475, #167, #1933 ) ;
#2508 = LINE ( 'NONE', #3394, #2754 ) ;
#2509 = CONICAL_SURFACE ( 'NONE', #777, 0.6500000000000000222, 0.3490658503988666728 ) ;
#2510 = SURFACE_SIDE_STYLE ('',( #2877 ) ) ;
#2511 = CARTESIAN_POINT ( 'NONE',  ( -0.2295325812726605741, -1.149999999999999911, 1.353373351695848381 ) ) ;
#2512 = B_SPLINE_CURVE_WITH_KNOTS ( 'NONE', 3,
 ( #828, #572, #595, #887, #1187, #2044, #2371, #2345, #3617, #3911 ),
 .UNSPECIFIED., .F., .F.,
 ( 4, 2, 2, 2, 4 ),
 ( 0.000000000000000000, 3.142841046800643823E-05, 6.285682093601287646E-05, 9.428523140401931469E-05, 0.0001257136418720257529 ),
 .UNSPECIFIED. ) ;
#2513 = DIRECTION ( 'NONE',  ( -1.000000000000000000, 0.000000000000000000, 0.000000000000000000 ) ) ;
#2514 = AXIS2_PLACEMENT_3D ( 'NONE', #1519, #19, #2160 ) ;
#2515 = ORIENTED_EDGE ( 'NONE', *, *, #1629, .F. ) ;
#2516 = DIRECTION ( 'NONE',  ( 0.7071067811865441310, 0.7071067811865507924, -0.000000000000000000 ) ) ;
#2517 = EDGE_CURVE ( 'NONE', #1654, #123, #2430, .T. ) ;
#2518 =( BOUNDED_CURVE ( )  B_SPLINE_CURVE ( 3, ( #3765, #1277, #1332, #102 ),
 .UNSPECIFIED., .F., .F. ) 
 B_SPLINE_CURVE_WITH_KNOTS ( ( 4, 4 ),
 ( 2.356194490192343061, 3.141592653589793116 ),
 .UNSPECIFIED. ) 
 CURVE ( )  GEOMETRIC_REPRESENTATION_ITEM ( )  RATIONAL_B_SPLINE_CURVE ( ( 1.000000000000000000, 0.9492530216741910110, 0.9492530216741910110, 1.000000000000000000 ) ) 
 REPRESENTATION_ITEM ( '' )  );
#2519 = ORIENTED_EDGE ( 'NONE', *, *, #3747, .T. ) ;
#2520 = DIRECTION ( 'NONE',  ( 0.9848077530122085754, 8.341646135128160883E-17, 0.1736481776669278332 ) ) ;
#2521 = FILL_AREA_STYLE ('',( #2500 ) ) ;
#2522 = CARTESIAN_POINT ( 'NONE',  ( 0.2275784156327409491, -1.250000000000001110, 0.8074457306935144407 ) ) ;
#2523 = ADVANCED_FACE ( 'NONE', ( #614 ), #455, .F. ) ;
#2524 = ORIENTED_EDGE ( 'NONE', *, *, #1322, .T. ) ;
#2525 = FACE_BOUND ( 'NONE', #859, .T. ) ;
#2526 = DIRECTION ( 'NONE',  ( -1.000000000000000000, -0.000000000000000000, 0.000000000000000000 ) ) ;
#2527 = CARTESIAN_POINT ( 'NONE',  ( -1.269999999999999574, -0.9999999999999988898, 2.500000000000000000 ) ) ;
#2528 = EDGE_CURVE ( 'NONE', #2342, #1852, #3767, .T. ) ;
#2529 = CARTESIAN_POINT ( 'NONE',  ( 0.3134175730544422334, 2.829092094937436297, -2.397330798265291385 ) ) ;
#2530 = DIRECTION ( 'NONE',  ( -1.000000000000000000, 0.000000000000000000, -0.000000000000000000 ) ) ;
#2531 = UNCERTAINTY_MEASURE_WITH_UNIT (LENGTH_MEASURE( 1.000000000000000082E-05 ), #485, 'distance_accuracy_value', 'NONE');
#2532 = VERTEX_POINT ( 'NONE', #2235 ) ;
#2533 =( NAMED_UNIT ( * ) PLANE_ANGLE_UNIT ( ) SI_UNIT ( $, .RADIAN. ) );
#2534 = SURFACE_STYLE_USAGE ( .BOTH. , #481 ) ;
#2535 = ORIENTED_EDGE ( 'NONE', *, *, #2756, .F. ) ;
#2536 = CARTESIAN_POINT ( 'NONE',  ( 0.3200000000000001177, -0.3200000000000007283, 7.909999999999988596 ) ) ;
#2537 = PRESENTATION_STYLE_ASSIGNMENT (( #2787 ) ) ;
#2538 = CARTESIAN_POINT ( 'NONE',  ( -0.1553685607633399357, -1.250000000000000888, 1.770048312620811304 ) ) ;
#2539 = ORIENTED_EDGE ( 'NONE', *, *, #1925, .T. ) ;
#2540 = ADVANCED_FACE ( 'NONE', ( #2820 ), #1361, .F. ) ;
#2541 = PLANE ( 'NONE',  #638 ) ;
#2542 = B_SPLINE_CURVE_WITH_KNOTS ( 'NONE', 3,
 ( #3065, #2511, #1304, #419, #94, #3412, #2838, #3487, #1064, #433, #1002, #3716, #2214, #760 ),
 .UNSPECIFIED., .F., .F.,
 ( 4, 3, 2, 2, 3, 4 ),
 ( 0.000000000000000000, 1.550323648801171222E-06, 2.959982201732356622E-05, 5.764932038584595571E-05, 0.0001137483171228907279, 0.0001149526247841561806 ),
 .UNSPECIFIED. ) ;
#2543 = FACE_OUTER_BOUND ( 'NONE', #96, .T. ) ;
#2544 = FACE_OUTER_BOUND ( 'NONE', #373, .T. ) ;
#2545 = COLOUR_RGB ( '',0.9686274509803921573, 0.8784313725490195957, 0.5999999999999999778 ) ;
#2546 = DIRECTION ( 'NONE',  ( 1.000000000000000000, 0.000000000000000000, 0.000000000000000000 ) ) ;
#2547 = CARTESIAN_POINT ( 'NONE',  ( -1.019999999999999796, -1.250000000000000222, 0.5999999999999999778 ) ) ;
#2548 = CARTESIAN_POINT ( 'NONE',  ( 0.2560000000000002274, -0.3200000000000006728, 7.909999999999988596 ) ) ;
#2549 = ORIENTED_EDGE ( 'NONE', *, *, #1773, .F. ) ;
#2550 = LINE ( 'NONE', #134, #1269 ) ;
#2551 = PLANE ( 'NONE',  #838 ) ;
#2552 = AXIS2_PLACEMENT_3D ( 'NONE', #3189, #1681, #2313 ) ;
#2553 = VERTEX_POINT ( 'NONE', #3196 ) ;
#2554 = CARTESIAN_POINT ( 'NONE',  ( -0.3199999999999999512, 2.859999999999999876, 8.550000000000000711 ) ) ;
#2555 = DIRECTION ( 'NONE',  ( 1.000000000000000000, 0.000000000000000000, 0.000000000000000000 ) ) ;
#2556 = STYLED_ITEM ( 'NONE', ( #1448 ), #1830 ) ;
#2557 = MECHANICAL_DESIGN_GEOMETRIC_PRESENTATION_REPRESENTATION (  '', ( #3314 ), #765 ) ;
#2558 = ORIENTED_EDGE ( 'NONE', *, *, #3872, .F. ) ;
#2559 = CARTESIAN_POINT ( 'NONE',  ( 0.000000000000000000, 3.270000000000000462, 0.000000000000000000 ) ) ;
#2560 = CARTESIAN_POINT ( 'NONE',  ( 0.1686399665402706360, -1.149999999999999245, 1.805617514733360629 ) ) ;
#2561 =( NAMED_UNIT ( * ) SI_UNIT ( $, .STERADIAN. ) SOLID_ANGLE_UNIT ( ) );
#2562 = LINE ( 'NONE', #2853, #3762 ) ;
#2563 = VERTEX_POINT ( 'NONE', #3159 ) ;
#2564 = AXIS2_PLACEMENT_3D ( 'NONE', #1346, #1382, #2604 ) ;
#2565 = LINE ( 'NONE', #93, #3234 ) ;
#2566 = LINE ( 'NONE', #3789, #1722 ) ;
#2567 = DIRECTION ( 'NONE',  ( -0.5000000000000003331, -0.8660254037844383745, 0.000000000000000000 ) ) ;
#2568 = UNCERTAINTY_MEASURE_WITH_UNIT (LENGTH_MEASURE( 1.000000000000000082E-05 ), #2918, 'distance_accuracy_value', 'NONE');
#2569 = EDGE_CURVE ( 'NONE', #3490, #814, #150, .T. ) ;
#2570 = AXIS2_PLACEMENT_3D ( 'NONE', #1118, #3830, #1103 ) ;
#2571 = ORIENTED_EDGE ( 'NONE', *, *, #762, .F. ) ;
#2572 = SURFACE_SIDE_STYLE ('',( #2903 ) ) ;
#2573 =( GEOMETRIC_REPRESENTATION_CONTEXT ( 3 ) GLOBAL_UNCERTAINTY_ASSIGNED_CONTEXT ( ( #2237 ) ) GLOBAL_UNIT_ASSIGNED_CONTEXT ( ( #1334, #1279, #2561 ) ) REPRESENTATION_CONTEXT ( 'NONE', 'WORKASPACE' ) );
#2574 = FACE_OUTER_BOUND ( 'NONE', #3647, .T. ) ;
#2575 = ORIENTED_EDGE ( 'NONE', *, *, #1071, .F. ) ;
#2576 = FILL_AREA_STYLE ('',( #1093 ) ) ;
#2577 = CARTESIAN_POINT ( 'NONE',  ( -0.2713367824627651026, -1.150000000000000133, 1.270000000000000018 ) ) ;
#2578 = ORIENTED_EDGE ( 'NONE', *, *, #3357, .T. ) ;
#2579 = DIRECTION ( 'NONE',  ( 8.470329472543003391E-17, -1.000000000000000000, 0.000000000000000000 ) ) ;
#2580 = LINE ( 'NONE', #3787, #3642 ) ;
#2581 = ORIENTED_EDGE ( 'NONE', *, *, #2931, .F. ) ;
#2582 = DIRECTION ( 'NONE',  ( -0.000000000000000000, 1.000000000000000000, 0.000000000000000000 ) ) ;
#2583 =( NAMED_UNIT ( * ) SI_UNIT ( $, .STERADIAN. ) SOLID_ANGLE_UNIT ( ) );
#2584 = CARTESIAN_POINT ( 'NONE',  ( -0.2708727427766636220, -1.149999999999999911, 1.702962049305333236 ) ) ;
#2585 =( NAMED_UNIT ( * ) PLANE_ANGLE_UNIT ( ) SI_UNIT ( $, .RADIAN. ) );
#2586 = VERTEX_POINT ( 'NONE', #1669 ) ;
#2587 = ORIENTED_EDGE ( 'NONE', *, *, #1074, .T. ) ;
#2588 = EDGE_CURVE ( 'NONE', #3619, #2311, #3758, .T. ) ;
#2589 = DIRECTION ( 'NONE',  ( 0.000000000000000000, 0.3420201433256694901, -0.9396926207859082059 ) ) ;
#2590 = ORIENTED_EDGE ( 'NONE', *, *, #1265, .F. ) ;
#2591 = EDGE_CURVE ( 'NONE', #1043, #2626, #2566, .T. ) ;
#2592 = CARTESIAN_POINT ( 'NONE',  ( -0.1560617469879519992, -1.250000000000000000, 0.7700000000000001288 ) ) ;
#2593 = ORIENTED_EDGE ( 'NONE', *, *, #2243, .T. ) ;
#2594 = ADVANCED_FACE ( 'NONE', ( #1046 ), #690, .T. ) ;
#2595 = FACE_OUTER_BOUND ( 'NONE', #2370, .T. ) ;
#2596 = DIRECTION ( 'NONE',  ( -0.1710878697460331277, 0.1710878697460330722, 0.9702875252478149193 ) ) ;
#2597 = PLANE ( 'NONE',  #1473 ) ;
#2598 = ORIENTED_EDGE ( 'NONE', *, *, #477, .T. ) ;
#2599 = DIRECTION ( 'NONE',  ( 0.000000000000000000, 0.000000000000000000, 1.000000000000000000 ) ) ;
#2600 = CARTESIAN_POINT ( 'NONE',  ( -0.1688168747726602748, -1.149999999999996581, 1.805596415059560922 ) ) ;
#2601 = B_SPLINE_SURFACE_WITH_KNOTS ( 'NONE', 1, 3, ( 
 ( #3740, #2770, #1012, #2167, #3724, #2225, #3443, #1564, #1622, #716, #2846, #114, #3761, #1035 ),
 ( #3385, #3096, #734, #370, #3497, #2890, #3226, #3841, #201, #1094, #1055, #3208, #813, #1963 ) ),
 .UNSPECIFIED., .F., .F., .F.,
 ( 2, 2 ),
 ( 4, 3, 2, 2, 3, 4 ),
 ( 0.000000000000000000, 1.000000000000000000 ),
 ( -0.01900469465623488841, 0.000000000000000000, 0.2500000000000000000, 0.5000000000000000000, 1.000000000000000000, 1.016633854666653125 ),
 .UNSPECIFIED. ) ;
#2602 = ORIENTED_EDGE ( 'NONE', *, *, #3583, .F. ) ;
#2603 = VERTEX_POINT ( 'NONE', #3508 ) ;
#2604 = DIRECTION ( 'NONE',  ( -8.470329472543003391E-17, 1.000000000000000000, 0.000000000000000000 ) ) ;
#2605 = CIRCLE ( 'NONE', #2481, 0.6136029765733795882 ) ;
#2606 = CARTESIAN_POINT ( 'NONE',  ( -0.2785987272081527077, -1.129999999999999005, 1.692453125303157169 ) ) ;
#2607 = ADVANCED_FACE ( 'NONE', ( #3526 ), #784, .F. ) ;
#2608 = VECTOR ( 'NONE', #345, 1000.000000000000000 ) ;
#2609 = EDGE_LOOP ( 'NONE', ( #1863, #2943, #1935, #3187, #1762 ) ) ;
#2610 = CARTESIAN_POINT ( 'NONE',  ( 0.2219035924842162610, -1.249999999999996447, 1.742749986091904013 ) ) ;
#2611 = LINE ( 'NONE', #1407, #2291 ) ;
#2612 = PRESENTATION_LAYER_ASSIGNMENT (  '', '', ( #2425 ) ) ;
#2613 = EDGE_CURVE ( 'NONE', #1940, #2010, #819, .T. ) ;
#2614 = ORIENTED_EDGE ( 'NONE', *, *, #329, .T. ) ;
#2615 = VECTOR ( 'NONE', #3466, 1000.000000000000114 ) ;
#2616 = FACE_BOUND ( 'NONE', #2202, .T. ) ;
#2617 = FILL_AREA_STYLE ('',( #1372 ) ) ;
#2618 =( LENGTH_UNIT ( ) NAMED_UNIT ( * ) SI_UNIT ( .MILLI., .METRE. ) );
#2619 = AXIS2_PLACEMENT_3D ( 'NONE', #558, #2700, #2716 ) ;
#2620 = VERTEX_POINT ( 'NONE', #2057 ) ;
#2621 = SURFACE_SIDE_STYLE ('',( #187 ) ) ;
#2622 = CARTESIAN_POINT ( 'NONE',  ( -0.3012548339959391086, 2.841254833995938700, 8.016309119164535701 ) ) ;
#2623 = PLANE ( 'NONE',  #2570 ) ;
#2624 = DIRECTION ( 'NONE',  ( 0.000000000000000000, 0.000000000000000000, -1.000000000000000000 ) ) ;
#2625 = VECTOR ( 'NONE', #3603, 1000.000000000000000 ) ;
#2626 = VERTEX_POINT ( 'NONE', #3254 ) ;
#2627 = ORIENTED_EDGE ( 'NONE', *, *, #2068, .F. ) ;
#2628 = CARTESIAN_POINT ( 'NONE',  ( 0.1569483399696933457, -1.180008786204581606, 0.7445252815183058814 ) ) ;
#2629 = DIRECTION ( 'NONE',  ( 0.000000000000000000, 0.3420201433256694901, 0.9396926207859082059 ) ) ;
#2630 = VECTOR ( 'NONE', #2252, 1000.000000000000000 ) ;
#2631 =( GEOMETRIC_REPRESENTATION_CONTEXT ( 3 ) GLOBAL_UNCERTAINTY_ASSIGNED_CONTEXT ( ( #3754 ) ) GLOBAL_UNIT_ASSIGNED_CONTEXT ( ( #2296, #3217, #1771 ) ) REPRESENTATION_CONTEXT ( 'NONE', 'WORKASPACE' ) );
#2632 = CARTESIAN_POINT ( 'NONE',  ( 0.1560617469879515273, -1.250000000000000888, 0.7700000000000004619 ) ) ;
#2633 = VECTOR ( 'NONE', #1444, 1000.000000000000000 ) ;
#2634 = ORIENTED_EDGE ( 'NONE', *, *, #3011, .T. ) ;
#2635 = CARTESIAN_POINT ( 'NONE',  ( -0.3199999999999998956, 2.283999999999999808, -2.359999999999988773 ) ) ;
#2636 = CARTESIAN_POINT ( 'NONE',  ( 0.05396442235651190827, -1.149999999999999911, 1.420349964525186914 ) ) ;
#2637 = EDGE_CURVE ( 'NONE', #507, #2710, #803, .T. ) ;
#2638 = VECTOR ( 'NONE', #2748, 1000.000000000000000 ) ;
#2639 = VERTEX_POINT ( 'NONE', #3567 ) ;
#2640 = CARTESIAN_POINT ( 'NONE',  ( -0.3199999999999998956, -0.2560000000000001719, -2.359999999999988773 ) ) ;
#2641 = EDGE_CURVE ( 'NONE', #1037, #216, #548, .T. ) ;
#2642 = SURFACE_STYLE_USAGE ( .BOTH. , #3823 ) ;
#2643 = DIRECTION ( 'NONE',  ( -0.000000000000000000, 0.000000000000000000, 1.000000000000000000 ) ) ;
#2644 = ORIENTED_EDGE ( 'NONE', *, *, #1193, .T. ) ;
#2645 = EDGE_CURVE ( 'NONE', #305, #3516, #2013, .T. ) ;
#2646 = CARTESIAN_POINT ( 'NONE',  ( -1.019999999999999796, 3.270000000000000462, 0.6000000000000000888 ) ) ;
#2647 = VERTEX_POINT ( 'NONE', #2917 ) ;
#2648 = ORIENTED_EDGE ( 'NONE', *, *, #543, .F. ) ;
#2649 = CARTESIAN_POINT ( 'NONE',  ( 0.3134175730544422889, -0.2890920949374362059, -2.397330798265291385 ) ) ;
#2650 = CARTESIAN_POINT ( 'NONE',  ( 0.2350082182935542274, -1.250000000000000888, 1.690863535879506552 ) ) ;
#2651 = ORIENTED_EDGE ( 'NONE', *, *, #1880, .F. ) ;
#2652 = CARTESIAN_POINT ( 'NONE',  ( -1.019999999999999796, -0.7700000000000002398, 0.6000000000000000888 ) ) ;
#2653 = VERTEX_POINT ( 'NONE', #3232 ) ;
#2654 = PLANE ( 'NONE',  #1590 ) ;
#2655 = CARTESIAN_POINT ( 'NONE',  ( -0.1570750383009034412, -1.170005857523096715, 0.7408845132227577235 ) ) ;
#2656 = ORIENTED_EDGE ( 'NONE', *, *, #787, .T. ) ;
#2657 = SURFACE_STYLE_FILL_AREA ( #3786 ) ;
#2658 = FILL_AREA_STYLE ('',( #1435 ) ) ;
#2659 = CARTESIAN_POINT ( 'NONE',  ( -0.3464101615137760160, -1.046666666666666856, 2.449999999999999734 ) ) ;
#2660 = EDGE_CURVE ( 'NONE', #2328, #2389, #189, .T. ) ;
#2661 = DIRECTION ( 'NONE',  ( 0.000000000000000000, 0.3420201433256694901, 0.9396926207859082059 ) ) ;
#2662 = LINE ( 'NONE', #1750, #1797 ) ;
#2663 = ADVANCED_FACE ( 'NONE', ( #1398 ), #1917, .F. ) ;
#2664 = ORIENTED_EDGE ( 'NONE', *, *, #3127, .T. ) ;
#2665 = ORIENTED_EDGE ( 'NONE', *, *, #3291, .F. ) ;
#2666 = CARTESIAN_POINT ( 'NONE',  ( 0.3200000000000001177, 2.283999999999999364, 7.909999999999988596 ) ) ;
#2667 = CARTESIAN_POINT ( 'NONE',  ( 0.6136029765733794772, -1.149999999999999689, 1.270000000000000018 ) ) ;
#2668 = VERTEX_POINT ( 'NONE', #248 ) ;
#2669 = CARTESIAN_POINT ( 'NONE',  ( -0.2349397590361447796, -1.250000000000000000, 1.095301204819277396 ) ) ;
#2670 = ADVANCED_FACE ( 'NONE', ( #1455 ), #2623, .F. ) ;
#2671 = ORIENTED_EDGE ( 'NONE', *, *, #2089, .T. ) ;
#2672 = CARTESIAN_POINT ( 'NONE',  ( -0.7699999999999996847, -1.250000000000000000, 2.500000000000000000 ) ) ;
#2673 = PRESENTATION_STYLE_ASSIGNMENT (( #2349 ) ) ;
#2674 =( LENGTH_UNIT ( ) NAMED_UNIT ( * ) SI_UNIT ( .MILLI., .METRE. ) );
#2675 =( GEOMETRIC_REPRESENTATION_CONTEXT ( 3 ) GLOBAL_UNCERTAINTY_ASSIGNED_CONTEXT ( ( #1286 ) ) GLOBAL_UNIT_ASSIGNED_CONTEXT ( ( #2267, #3580, #1945 ) ) REPRESENTATION_CONTEXT ( 'NONE', 'WORKASPACE' ) );
#2676 = ORIENTED_EDGE ( 'NONE', *, *, #3082, .T. ) ;
#2677 = LINE ( 'NONE', #3036, #1336 ) ;
#2678 = STYLED_ITEM ( 'NONE', ( #807 ), #858 ) ;
#2679 = CARTESIAN_POINT ( 'NONE',  ( 0.3012548339959390531, 0.3012548339959383870, 8.016309119164537478 ) ) ;
#2680 = AXIS2_PLACEMENT_3D ( 'NONE', #835, #1664, #2892 ) ;
#2681 = DIRECTION ( 'NONE',  ( -0.000000000000000000, -0.000000000000000000, -1.000000000000000000 ) ) ;
#2682 = SURFACE_STYLE_USAGE ( .BOTH. , #247 ) ;
#2683 = DIRECTION ( 'NONE',  ( 8.470329472543003391E-17, -1.000000000000000000, 0.000000000000000000 ) ) ;
#2684 = EDGE_CURVE ( 'NONE', #1940, #1560, #3469, .T. ) ;
#2685 = AXIS2_PLACEMENT_3D ( 'NONE', #2067, #2416, #2107 ) ;
#2686 = CARTESIAN_POINT ( 'NONE',  ( 0.2349397590361444188, -1.250000000000000000, 0.8488780120481929092 ) ) ;
#2687 = ORIENTED_EDGE ( 'NONE', *, *, #562, .F. ) ;
#2688 = VERTEX_POINT ( 'NONE', #2076 ) ;
#2689 = DIRECTION ( 'NONE',  ( -1.000000000000000000, 0.000000000000000000, 0.000000000000000000 ) ) ;
#2690 = ORIENTED_EDGE ( 'NONE', *, *, #2476, .F. ) ;
#2691 = EDGE_CURVE ( 'NONE', #1364, #2328, #565, .T. ) ;
#2692 = SURFACE_STYLE_FILL_AREA ( #1737 ) ;
#2693 = UNCERTAINTY_MEASURE_WITH_UNIT (LENGTH_MEASURE( 1.000000000000000082E-05 ), #1670, 'distance_accuracy_value', 'NONE');
#2694 = COLOUR_RGB ( '',0.9686274509803921573, 0.8784313725490195957, 0.5999999999999999778 ) ;
#2695 = ORIENTED_EDGE ( 'NONE', *, *, #2764, .F. ) ;
#2696 = AXIS2_PLACEMENT_3D ( 'NONE', #1215, #2420, #2477 ) ;
#2697 = CARTESIAN_POINT ( 'NONE',  ( 0.08156717307178730503, -1.225837934305053611, 1.091565657200894490 ) ) ;
#2698 = COLOUR_RGB ( '',0.9686274509803921573, 0.8784313725490195957, 0.5999999999999999778 ) ;
#2699 = FILL_AREA_STYLE_COLOUR ( '', #3130 ) ;
#2700 = DIRECTION ( 'NONE',  ( -0.9396926207859083169, 0.3420201433256690460, 0.000000000000000000 ) ) ;
#2701 = EDGE_CURVE ( 'NONE', #1459, #1177, #2320, .T. ) ;
#2702 = ORIENTED_EDGE ( 'NONE', *, *, #1807, .T. ) ;
#2703 = DIRECTION ( 'NONE',  ( 0.000000000000000000, 5.078189165123089681E-17, -1.000000000000000000 ) ) ;
#2704 = VECTOR ( 'NONE', #2077, 1000.000000000000114 ) ;
#2705 = DIRECTION ( 'NONE',  ( -0.7071067811865435759, -0.000000000000000000, 0.7071067811865515695 ) ) ;
#2706 = CARTESIAN_POINT ( 'NONE',  ( -0.2031249999999999722, -1.250000000000000888, 1.378433734939759514 ) ) ;
#2707 = CARTESIAN_POINT ( 'NONE',  ( -0.2640549167020759813, -1.170006761748993318, 1.691731523099599954 ) ) ;
#2708 = SURFACE_STYLE_FILL_AREA ( #3273 ) ;
#2709 = ORIENTED_EDGE ( 'NONE', *, *, #77, .F. ) ;
#2710 = VERTEX_POINT ( 'NONE', #1082 ) ;
#2711 = CARTESIAN_POINT ( 'NONE',  ( 0.2274526451903171043, -1.250000000000000666, 1.733480568609701011 ) ) ;
#2712 = ORIENTED_EDGE ( 'NONE', *, *, #3188, .F. ) ;
#2713 = ADVANCED_FACE ( 'NONE', ( #2407 ), #3611, .T. ) ;
#2714 = ORIENTED_EDGE ( 'NONE', *, *, #3102, .T. ) ;
#2715 =( LENGTH_UNIT ( ) NAMED_UNIT ( * ) SI_UNIT ( .MILLI., .METRE. ) );
#2716 = DIRECTION ( 'NONE',  ( -0.3420201433256690460, -0.9396926207859083169, 0.000000000000000000 ) ) ;
#2717 = EDGE_CURVE ( 'NONE', #3619, #1130, #1021, .T. ) ;
#2718 = ORIENTED_EDGE ( 'NONE', *, *, #197, .F. ) ;
#2719 = SURFACE_SIDE_STYLE ('',( #1471 ) ) ;
#2720 = DIRECTION ( 'NONE',  ( 4.224164308385081333E-16, -1.000000000000000000, -0.000000000000000000 ) ) ;
#2721 = EDGE_CURVE ( 'NONE', #3421, #2848, #2464, .T. ) ;
#2722 = CARTESIAN_POINT ( 'NONE',  ( -0.2494911852965993049, -1.210020284928542411, 0.8485733467014691112 ) ) ;
#2723 = SURFACE_SIDE_STYLE ('',( #1197 ) ) ;
#2724 = CARTESIAN_POINT ( 'NONE',  ( -0.3199999999999999512, 0.2732007105321401230, -2.359999999999986997 ) ) ;
#2725 = DIRECTION ( 'NONE',  ( 0.7071067811865463515, 0.7071067811865487940, 0.000000000000000000 ) ) ;
#2726 = LINE ( 'NONE', #3355, #951 ) ;
#2727 = CARTESIAN_POINT ( 'NONE',  ( 0.3012548339959390531, 0.3012548339959383870, 8.016309119164537478 ) ) ;
#2728 = CARTESIAN_POINT ( 'NONE',  ( -0.3199999999999998956, -0.2732007105321404006, -2.359999999999986997 ) ) ;
#2729 = UNCERTAINTY_MEASURE_WITH_UNIT (LENGTH_MEASURE( 1.000000000000000082E-05 ), #1532, 'distance_accuracy_value', 'NONE');
#2730 = VERTEX_POINT ( 'NONE', #1833 ) ;
#2731 = DIRECTION ( 'NONE',  ( -8.470329472543003391E-17, 1.000000000000000000, 0.000000000000000000 ) ) ;
#2732 = CARTESIAN_POINT ( 'NONE',  ( -1.169999999999998153, -0.7700000000000002398, 0.6000000000000000888 ) ) ;
#2733 = CARTESIAN_POINT ( 'NONE',  ( -1.019999999999999796, 0.000000000000000000, 2.500000000000000000 ) ) ;
#2734 = EDGE_CURVE ( 'NONE', #3201, #1654, #3061, .T. ) ;
#2735 = VECTOR ( 'NONE', #2318, 1000.000000000000000 ) ;
#2736 = EDGE_LOOP ( 'NONE', ( #3821, #780, #2773, #1493 ) ) ;
#2737 = CARTESIAN_POINT ( 'NONE',  ( -0.3012548339959391086, 0.3012548339959384425, 8.016309119164535701 ) ) ;
#2738 = FACE_OUTER_BOUND ( 'NONE', #774, .T. ) ;
#2739 = EDGE_CURVE ( 'NONE', #2563, #1560, #1535, .T. ) ;
#2740 = CARTESIAN_POINT ( 'NONE',  ( 0.3200000000000000622, 2.859999999999999876, -2.359999999999988773 ) ) ;
#2741 = STYLED_ITEM ( 'NONE', ( #444 ), #492 ) ;
#2742 = CARTESIAN_POINT ( 'NONE',  ( -0.2786334919061043136, -1.129999999999999227, 1.457297485860782782 ) ) ;
#2743 = CARTESIAN_POINT ( 'NONE',  ( -0.3199999999999999512, 2.795999999999999819, -2.359999999999988773 ) ) ;
#2744 = VECTOR ( 'NONE', #3656, 1000.000000000000000 ) ;
#2745 = CARTESIAN_POINT ( 'NONE',  ( -0.2700724310048517318, -1.150000000000001688, 0.8217727567765085173 ) ) ;
#2746 = CARTESIAN_POINT ( 'NONE',  ( -0.2559999999999999498, -0.3200000000000006728, 7.909999999999988596 ) ) ;
#2747 = DIRECTION ( 'NONE',  ( 0.000000000000000000, -0.000000000000000000, 1.000000000000000000 ) ) ;
#2748 = DIRECTION ( 'NONE',  ( 1.000000000000000000, 0.000000000000000000, 0.000000000000000000 ) ) ;
#2749 = VECTOR ( 'NONE', #502, 999.9999999999998863 ) ;
#2750 = VERTEX_POINT ( 'NONE', #3370 ) ;
#2751 = LINE ( 'NONE', #891, #886 ) ;
#2752 = ORIENTED_EDGE ( 'NONE', *, *, #3897, .T. ) ;
#2753 = SURFACE_SIDE_STYLE ('',( #2142 ) ) ;
#2754 = VECTOR ( 'NONE', #3371, 1000.000000000000000 ) ;
#2755 = EDGE_LOOP ( 'NONE', ( #2803, #1551, #1733, #2139 ) ) ;
#2756 = EDGE_CURVE ( 'NONE', #3243, #636, #669, .T. ) ;
#2757 = LINE ( 'NONE', #2499, #2104 ) ;
#2758 = CARTESIAN_POINT ( 'NONE',  ( -1.020000000000000018, 3.499999999999998224, 0.000000000000000000 ) ) ;
#2759 = EDGE_CURVE ( 'NONE', #2790, #3052, #2097, .T. ) ;
#2760 = VECTOR ( 'NONE', #1145, 1000.000000000000000 ) ;
#2761 = DIRECTION ( 'NONE',  ( 0.000000000000000000, 1.000000000000000000, 0.000000000000000000 ) ) ;
#2762 = SURFACE_SIDE_STYLE ('',( #2776 ) ) ;
#2763 = SURFACE_STYLE_USAGE ( .BOTH. , #71 ) ;
#2764 = EDGE_CURVE ( 'NONE', #2603, #3107, #586, .T. ) ;
#2765 = CARTESIAN_POINT ( 'NONE',  ( 0.3200000000000001177, 0.2732007105321395679, 7.909999999999986819 ) ) ;
#2766 = UNCERTAINTY_MEASURE_WITH_UNIT (LENGTH_MEASURE( 1.000000000000000082E-05 ), #1882, 'distance_accuracy_value', 'NONE');
#2767 = EDGE_LOOP ( 'NONE', ( #494, #696, #2644, #3572, #3839, #3160 ) ) ;
#2768 = SURFACE_STYLE_USAGE ( .BOTH. , #1506 ) ;
#2769 = VERTEX_POINT ( 'NONE', #1553 ) ;
#2770 = CARTESIAN_POINT ( 'NONE',  ( 0.2023557992669519356, -1.250000000000001110, 1.181792636748311587 ) ) ;
#2771 =( NAMED_UNIT ( * ) SI_UNIT ( $, .STERADIAN. ) SOLID_ANGLE_UNIT ( ) );
#2772 = CARTESIAN_POINT ( 'NONE',  ( 0.07816725390868303758, -1.149999999999999911, 1.351404641846117194 ) ) ;
#2773 = ORIENTED_EDGE ( 'NONE', *, *, #1599, .F. ) ;
#2774 =( LENGTH_UNIT ( ) NAMED_UNIT ( * ) SI_UNIT ( .MILLI., .METRE. ) );
#2775 = CARTESIAN_POINT ( 'NONE',  ( -0.2567730509801823824, -1.190013523391395989, 0.8484209039776807737 ) ) ;
#2776 = SURFACE_STYLE_FILL_AREA ( #376 ) ;
#2777 = CARTESIAN_POINT ( 'NONE',  ( -0.3199999999999998956, -0.2560000000000006715, 7.909999999999988596 ) ) ;
#2778 = ADVANCED_FACE ( 'NONE', ( #2446 ), #962, .T. ) ;
#2779 = SURFACE_SIDE_STYLE ('',( #1555 ) ) ;
#2780 = CARTESIAN_POINT ( 'NONE',  ( -0.2153368545994607808, -1.129999999999998783, 0.7379887785981118498 ) ) ;
#2781 = CARTESIAN_POINT ( 'NONE',  ( 0.2560000000000001719, 2.859999999999999876, 7.909999999999988596 ) ) ;
#2782 = FILL_AREA_STYLE ('',( #3639 ) ) ;
#2783 = ORIENTED_EDGE ( 'NONE', *, *, #2428, .T. ) ;
#2784 = CARTESIAN_POINT ( 'NONE',  ( 0.2560000000000001719, 0.3199999999999993405, 8.550000000000000711 ) ) ;
#2785 =( BOUNDED_CURVE ( )  B_SPLINE_CURVE ( 3, ( #820, #881, #2408, #3593 ),
 .UNSPECIFIED., .F., .F. ) 
 B_SPLINE_CURVE_WITH_KNOTS ( ( 4, 4 ),
 ( 3.141592653589793116, 3.926990816987241395 ),
 .UNSPECIFIED. ) 
 CURVE ( )  GEOMETRIC_REPRESENTATION_ITEM ( )  RATIONAL_B_SPLINE_CURVE ( ( 1.000000000000000000, 0.9492530216741911220, 0.9492530216741911220, 1.000000000000000000 ) ) 
 REPRESENTATION_ITEM ( '' )  );
#2786 = ORIENTED_EDGE ( 'NONE', *, *, #1465, .T. ) ;
#2787 = SURFACE_STYLE_USAGE ( .BOTH. , #1903 ) ;
#2788 = LINE ( 'NONE', #64, #3389 ) ;
#2789 = DIRECTION ( 'NONE',  ( -0.7071067811865441310, -0.7071067811865507924, 0.000000000000000000 ) ) ;
#2790 = VERTEX_POINT ( 'NONE', #3768 ) ;
#2791 = CARTESIAN_POINT ( 'NONE',  ( 1.144999999999999130, -0.9999999999999978906, 2.375000000000000444 ) ) ;
#2792 = DIRECTION ( 'NONE',  ( -0.7071067811865463515, -0.7071067811865487940, -0.000000000000000000 ) ) ;
#2793 = DIRECTION ( 'NONE',  ( 0.000000000000000000, -0.9848077530122085754, 0.1736481776669278054 ) ) ;
#2794 = LINE ( 'NONE', #1591, #3900 ) ;
#2795 = EDGE_CURVE ( 'NONE', #463, #1621, #448, .T. ) ;
#2796 = CARTESIAN_POINT ( 'NONE',  ( 0.2488372323167316325, -1.211817005974113126, 1.100357551796948608 ) ) ;
#2797 = CARTESIAN_POINT ( 'NONE',  ( -0.2341962252578360659, -1.249999999999998890, 1.443422478592585101 ) ) ;
#2798 = FACE_OUTER_BOUND ( 'NONE', #865, .T. ) ;
#2799 = MECHANICAL_DESIGN_GEOMETRIC_PRESENTATION_REPRESENTATION (  '', ( #1965 ), #3815 ) ;
#2800 = ORIENTED_EDGE ( 'NONE', *, *, #2284, .F. ) ;
#2801 = PRESENTATION_STYLE_ASSIGNMENT (( #695 ) ) ;
#2802 =( GEOMETRIC_REPRESENTATION_CONTEXT ( 3 ) GLOBAL_UNCERTAINTY_ASSIGNED_CONTEXT ( ( #3599 ) ) GLOBAL_UNIT_ASSIGNED_CONTEXT ( ( #2674, #2049, #3582 ) ) REPRESENTATION_CONTEXT ( 'NONE', 'WORKASPACE' ) );
#2803 = ORIENTED_EDGE ( 'NONE', *, *, #567, .T. ) ;
#2804 = VECTOR ( 'NONE', #2246, 1000.000000000000114 ) ;
#2805 = ADVANCED_FACE ( 'NONE', ( #2543 ), #3170, .T. ) ;
#2806 = CARTESIAN_POINT ( 'NONE',  ( 0.2713153150985238571, -1.149999999999990363, 0.8476035708579263694 ) ) ;
#2807 = DIRECTION ( 'NONE',  ( 0.000000000000000000, 0.000000000000000000, 1.000000000000000000 ) ) ;
#2808 = CARTESIAN_POINT ( 'NONE',  ( -0.2338056406508105534, -1.249999999999999556, 1.712327225525318353 ) ) ;
#2809 = PRODUCT_CONTEXT ( 'NONE', #2388, 'mechanical' ) ;
#2810 = VECTOR ( 'NONE', #2415, 1000.000000000000000 ) ;
#2811 = ORIENTED_EDGE ( 'NONE', *, *, #1744, .T. ) ;
#2812 = SURFACE_STYLE_USAGE ( .BOTH. , #3445 ) ;
#2813 = AXIS2_PLACEMENT_3D ( 'NONE', #2442, #28, #2789 ) ;
#2814 = LINE ( 'NONE', #961, #2997 ) ;
#2815 = AXIS2_PLACEMENT_3D ( 'NONE', #1976, #2879, #2256 ) ;
#2816 = CARTESIAN_POINT ( 'NONE',  ( -0.2080248574915261051, -1.231252813118717926, 1.373679649092328647 ) ) ;
#2817 = B_SPLINE_CURVE_WITH_KNOTS ( 'NONE', 3,
 ( #1040, #1929, #702, #3392, #2560, #2251, #667, #2174, #2208, #1872, #3099, #2832, #1356, #1016, #375, #394, #1317, #415 ),
 .UNSPECIFIED., .F., .F.,
 ( 4, 3, 2, 2, 2, 2, 3, 4 ),
 ( 0.000000000000000000, 1.833824245708969421E-06, 4.598207138390354341E-05, 6.805619495300083231E-05, 9.013031852209813476E-05, 0.0001342785656602927126, 0.0001784268127984872904, 0.0001795734167606751884 ),
 .UNSPECIFIED. ) ;
#2818 = VECTOR ( 'NONE', #2146, 999.9999999999998863 ) ;
#2819 = CARTESIAN_POINT ( 'NONE',  ( -0.2010872110020788806, 2.338912788997920877, 8.584387938363944315 ) ) ;
#2820 = FACE_OUTER_BOUND ( 'NONE', #1325, .T. ) ;
#2821 = PRESENTATION_LAYER_ASSIGNMENT (  '', '', ( #27 ) ) ;
#2822 =( LENGTH_UNIT ( ) NAMED_UNIT ( * ) SI_UNIT ( .MILLI., .METRE. ) );
#2823 = ORIENTED_EDGE ( 'NONE', *, *, #1175, .F. ) ;
#2824 = FILL_AREA_STYLE_COLOUR ( '', #2029 ) ;
#2825 = FILL_AREA_STYLE_COLOUR ( '', #2694 ) ;
#2826 = EDGE_CURVE ( 'NONE', #2109, #3736, #1647, .T. ) ;
#2827 = ORIENTED_EDGE ( 'NONE', *, *, #1216, .T. ) ;
#2828 =( LENGTH_UNIT ( ) NAMED_UNIT ( * ) SI_UNIT ( .MILLI., .METRE. ) );
#2829 = CARTESIAN_POINT ( 'NONE',  ( -0.2349831812470689618, -1.250000000000000444, 1.690085591070449089 ) ) ;
#2830 = ORIENTED_EDGE ( 'NONE', *, *, #3532, .F. ) ;
#2831 =( LENGTH_UNIT ( ) NAMED_UNIT ( * ) SI_UNIT ( .MILLI., .METRE. ) );
#2832 = CARTESIAN_POINT ( 'NONE',  ( 0.2606148726662800841, -1.149999999999999023, 1.749334043854659404 ) ) ;
#2833 = DIRECTION ( 'NONE',  ( -6.842277657836020854E-49, 5.078189165123089681E-17, -1.000000000000000000 ) ) ;
#2834 = CARTESIAN_POINT ( 'NONE',  ( 0.2713367824627647140, -1.149999999999999911, 1.693229588980317502 ) ) ;
#2835 = EDGE_CURVE ( 'NONE', #642, #1370, #430, .T. ) ;
#2836 = MANIFOLD_SOLID_BREP ( 'SIGmark', #1132 ) ;
#2837 = PRESENTATION_STYLE_ASSIGNMENT (( #1259 ) ) ;
#2838 = CARTESIAN_POINT ( 'NONE',  ( -0.2531083497167572749, -1.150000000000000133, 1.383357388030419077 ) ) ;
#2839 = CARTESIAN_POINT ( 'NONE',  ( 0.2031249999999996114, -1.250000000000001110, 1.180956325301204979 ) ) ;
#2840 = UNCERTAINTY_MEASURE_WITH_UNIT (LENGTH_MEASURE( 1.000000000000000082E-05 ), #2904, 'distance_accuracy_value', 'NONE');
#2841 = ORIENTED_EDGE ( 'NONE', *, *, #603, .T. ) ;
#2842 = FILL_AREA_STYLE ('',( #2824 ) ) ;
#2843 = CARTESIAN_POINT ( 'NONE',  ( -0.2713367824627651026, -1.149999999999999911, 0.8481160656645542195 ) ) ;
#2844 = EDGE_LOOP ( 'NONE', ( #1010, #1694, #947, #717 ) ) ;
#2845 = DIRECTION ( 'NONE',  ( 0.000000000000000000, 5.078189165123089681E-17, -1.000000000000000000 ) ) ;
#2846 = CARTESIAN_POINT ( 'NONE',  ( 0.2349397590361441412, -1.250000000000000888, 1.100007530120482135 ) ) ;
#2847 = EDGE_CURVE ( 'NONE', #2653, #2171, #3424, .T. ) ;
#2848 = VERTEX_POINT ( 'NONE', #529 ) ;
#2849 = CARTESIAN_POINT ( 'NONE',  ( -0.2559999999999999498, -0.3200000000000001732, -2.359999999999988773 ) ) ;
#2850 = CARTESIAN_POINT ( 'NONE',  ( -0.3199999999999999512, 2.860000000000000320, -2.359999999999988773 ) ) ;
#2851 = EDGE_CURVE ( 'NONE', #1139, #1486, #2071, .T. ) ;
#2852 =( NAMED_UNIT ( * ) SI_UNIT ( $, .STERADIAN. ) SOLID_ANGLE_UNIT ( ) );
#2853 = CARTESIAN_POINT ( 'NONE',  ( -7.785703377349988398E-17, -1.149999999999999911, 1.131698228245897608 ) ) ;
#2854 = EDGE_LOOP ( 'NONE', ( #3511, #3113, #1433, #2453 ) ) ;
#2855 = VECTOR ( 'NONE', #1044, 999.9999999999998863 ) ;
#2856 = DIRECTION ( 'NONE',  ( 6.842277657836020854E-49, -5.078189165123089681E-17, 1.000000000000000000 ) ) ;
#2857 = ADVANCED_FACE ( 'NONE', ( #2957 ), #2333, .F. ) ;
#2858 = CARTESIAN_POINT ( 'NONE',  ( -0.1841190565292893933, -1.149999999999997025, 1.804221953226370356 ) ) ;
#2859 = B_SPLINE_CURVE_WITH_KNOTS ( 'NONE', 3,
 ( #3694, #2468, #3356, #1573, #966, #3398, #2181 ),
 .UNSPECIFIED., .F., .F.,
 ( 4, 3, 4 ),
 ( 0.000000000000000000, 4.546922341133541264E-05, 0.0001064237724516008327 ),
 .UNSPECIFIED. ) ;
#2860 = PRESENTATION_STYLE_ASSIGNMENT (( #3790 ) ) ;
#2861 = VECTOR ( 'NONE', #3167, 1000.000000000000000 ) ;
#2862 = ORIENTED_EDGE ( 'NONE', *, *, #270, .F. ) ;
#2863 = SURFACE_STYLE_USAGE ( .BOTH. , #436 ) ;
#2864 = SURFACE_SIDE_STYLE ('',( #3162 ) ) ;
#2865 = ORIENTED_EDGE ( 'NONE', *, *, #177, .F. ) ;
#2866 = CARTESIAN_POINT ( 'NONE',  ( 1.270000000000000462, 3.270000000000000462, 0.6000000000000000888 ) ) ;
#2867 = CARTESIAN_POINT ( 'NONE',  ( -0.1565682309120653704, -1.210017572091665494, 0.7554475863476720621 ) ) ;
#2868 = AXIS2_PLACEMENT_3D ( 'NONE', #2145, #3364, #1847 ) ;
#2869 = ORIENTED_EDGE ( 'NONE', *, *, #1150, .F. ) ;
#2870 = CARTESIAN_POINT ( 'NONE',  ( -0.1562305829448816241, -1.236672524119856176, 1.774850804518273595 ) ) ;
#2871 = CARTESIAN_POINT ( 'NONE',  ( 0.2705538323571793358, -1.150000000000000133, 1.116458418214743009 ) ) ;
#2872 = LINE ( 'NONE', #1948, #2232 ) ;
#2873 = EDGE_CURVE ( 'NONE', #1852, #3343, #1076, .T. ) ;
#2874 = ORIENTED_EDGE ( 'NONE', *, *, #731, .F. ) ;
#2875 = VECTOR ( 'NONE', #3665, 1000.000000000000114 ) ;
#2876 = AXIS2_PLACEMENT_3D ( 'NONE', #1182, #11, #880 ) ;
#2877 = SURFACE_STYLE_FILL_AREA ( #3428 ) ;
#2878 =( LENGTH_UNIT ( ) NAMED_UNIT ( * ) SI_UNIT ( .MILLI., .METRE. ) );
#2879 = DIRECTION ( 'NONE',  ( -0.000000000000000000, 1.000000000000000000, 5.078189165123089681E-17 ) ) ;
#2880 = DIRECTION ( 'NONE',  ( 0.000000000000000000, -1.000000000000000000, 0.000000000000000000 ) ) ;
#2881 = EDGE_CURVE ( 'NONE', #1233, #2653, #2358, .T. ) ;
#2882 = ORIENTED_EDGE ( 'NONE', *, *, #4, .T. ) ;
#2883 = ORIENTED_EDGE ( 'NONE', *, *, #408, .T. ) ;
#2884 = LINE ( 'NONE', #711, #258 ) ;
#2885 = AXIS2_PLACEMENT_3D ( 'NONE', #2339, #2015, #2321 ) ;
#2886 = CARTESIAN_POINT ( 'NONE',  ( -0.2292613886581244820, -1.150000000000000133, 1.353074703515682042 ) ) ;
#2887 = EDGE_CURVE ( 'NONE', #2084, #2171, #205, .T. ) ;
#2888 = STYLED_ITEM ( 'NONE', ( #53 ), #3149 ) ;
#2889 = ORIENTED_EDGE ( 'NONE', *, *, #1052, .F. ) ;
#2890 = CARTESIAN_POINT ( 'NONE',  ( 0.2469967307725579042, -1.129999999999999449, 1.197951346359644287 ) ) ;
#2891 = ORIENTED_EDGE ( 'NONE', *, *, #1125, .T. ) ;
#2892 = DIRECTION ( 'NONE',  ( 0.7071067811865469066, -0.7071067811865482389, 0.000000000000000000 ) ) ;
#2893 =( NAMED_UNIT ( * ) SI_UNIT ( $, .STERADIAN. ) SOLID_ANGLE_UNIT ( ) );
#2894 = CARTESIAN_POINT ( 'NONE',  ( -0.2292613886581244820, -1.150000000000000133, 1.353074703515682042 ) ) ;
#2895 = VERTEX_POINT ( 'NONE', #1153 ) ;
#2896 =( NAMED_UNIT ( * ) SI_UNIT ( $, .STERADIAN. ) SOLID_ANGLE_UNIT ( ) );
#2897 = FILL_AREA_STYLE ('',( #2012 ) ) ;
#2898 = CARTESIAN_POINT ( 'NONE',  ( -0.2713260487806442578, -1.149999999999996581, 1.692140181738762461 ) ) ;
#2899 = EDGE_CURVE ( 'NONE', #2124, #616, #836, .T. ) ;
#2900 = CARTESIAN_POINT ( 'NONE',  ( 0.2560000000000001719, 2.283999999999999364, 8.550000000000000711 ) ) ;
#2901 = ORIENTED_EDGE ( 'NONE', *, *, #1767, .T. ) ;
#2902 = ORIENTED_EDGE ( 'NONE', *, *, #2346, .T. ) ;
#2903 = SURFACE_STYLE_FILL_AREA ( #320 ) ;
#2904 =( LENGTH_UNIT ( ) NAMED_UNIT ( * ) SI_UNIT ( .MILLI., .METRE. ) );
#2905 = ADVANCED_FACE ( 'NONE', ( #229 ), #778, .T. ) ;
#2906 = CARTESIAN_POINT ( 'NONE',  ( -0.1973794752863957946, -1.250000000000001110, 1.761877297553778643 ) ) ;
#2907 = ORIENTED_EDGE ( 'NONE', *, *, #377, .F. ) ;
#2908 = DIRECTION ( 'NONE',  ( 0.000000000000000000, 1.000000000000000000, -0.000000000000000000 ) ) ;
#2909 = LINE ( 'NONE', #2577, #1085 ) ;
#2910 = VERTEX_POINT ( 'NONE', #560 ) ;
#2911 = PLANE ( 'NONE',  #2680 ) ;
#2912 = CARTESIAN_POINT ( 'NONE',  ( -0.2660277198773449148, -1.164586529571913553, 1.457276013884454047 ) ) ;
#2913 =( BOUNDED_CURVE ( )  B_SPLINE_CURVE ( 3, ( #3359, #971, #2184, #2141 ),
 .UNSPECIFIED., .F., .F. ) 
 B_SPLINE_CURVE_WITH_KNOTS ( ( 4, 4 ),
 ( 5.497787143782135288, 6.283185307179586232 ),
 .UNSPECIFIED. ) 
 CURVE ( )  GEOMETRIC_REPRESENTATION_ITEM ( )  RATIONAL_B_SPLINE_CURVE ( ( 1.000000000000000000, 0.9492530216741907889, 0.9492530216741907889, 1.000000000000000000 ) ) 
 REPRESENTATION_ITEM ( '' )  );
#2914 = EDGE_LOOP ( 'NONE', ( #3606, #3379, #2199, #3218 ) ) ;
#2915 = FILL_AREA_STYLE_COLOUR ( '', #816 ) ;
#2916 = PLANE ( 'NONE',  #955 ) ;
#2917 = CARTESIAN_POINT ( 'NONE',  ( -0.3464101615137760160, -1.046666666666666856, 2.500000000000000000 ) ) ;
#2918 =( LENGTH_UNIT ( ) NAMED_UNIT ( * ) SI_UNIT ( .MILLI., .METRE. ) );
#2919 = ORIENTED_EDGE ( 'NONE', *, *, #1468, .F. ) ;
#2920 = ADVANCED_FACE ( 'NONE', ( #3348 ), #2130, .F. ) ;
#2921 = ORIENTED_EDGE ( 'NONE', *, *, #713, .T. ) ;
#2922 = DIRECTION ( 'NONE',  ( 0.000000000000000000, -0.9396926207859082059, 0.3420201433256694901 ) ) ;
#2923 = DIRECTION ( 'NONE',  ( 0.7071067811865435759, 0.000000000000000000, -0.7071067811865515695 ) ) ;
#2924 = CARTESIAN_POINT ( 'NONE',  ( 0.1973794752863955171, -1.250000000000001110, 0.7781227024462210595 ) ) ;
#2925 = ADVANCED_FACE ( 'NONE', ( #3077 ), #2509, .F. ) ;
#2926 =( GEOMETRIC_REPRESENTATION_CONTEXT ( 3 ) GLOBAL_UNCERTAINTY_ASSIGNED_CONTEXT ( ( #1757 ) ) GLOBAL_UNIT_ASSIGNED_CONTEXT ( ( #2831, #3687, #960 ) ) REPRESENTATION_CONTEXT ( 'NONE', 'WORKASPACE' ) );
#2927 = ORIENTED_EDGE ( 'NONE', *, *, #1071, .T. ) ;
#2928 = CARTESIAN_POINT ( 'NONE',  ( -0.3199999999999999512, 2.859999999999999876, -2.359999999999988773 ) ) ;
#2929 = DIRECTION ( 'NONE',  ( -1.000000000000000000, 0.000000000000000000, 0.000000000000000000 ) ) ;
#2930 = VECTOR ( 'NONE', #1020, 1000.000000000000000 ) ;
#2931 = EDGE_CURVE ( 'NONE', #2400, #3236, #740, .T. ) ;
#2932 = ORIENTED_EDGE ( 'NONE', *, *, #2490, .F. ) ;
#2933 = DIRECTION ( 'NONE',  ( -1.000000000000000000, 1.408054769461693942E-16, 0.000000000000000000 ) ) ;
#2934 = CARTESIAN_POINT ( 'NONE',  ( -0.2607186573092984405, -1.179173059096093379, 1.457410702692492510 ) ) ;
#2935 = VECTOR ( 'NONE', #602, 1000.000000000000000 ) ;
#2936 = ORIENTED_EDGE ( 'NONE', *, *, #3625, .F. ) ;
#2937 = CARTESIAN_POINT ( 'NONE',  ( -1.019999999999999796, -0.000000000000000000, 0.000000000000000000 ) ) ;
#2938 = DIRECTION ( 'NONE',  ( 0.000000000000000000, -1.000000000000000000, 0.000000000000000000 ) ) ;
#2939 = VECTOR ( 'NONE', #2378, 1000.000000000000000 ) ;
#2940 = CARTESIAN_POINT ( 'NONE',  ( 0.3012548339959391641, 2.238745166004060483, -2.466309119164537655 ) ) ;
#2941 = CARTESIAN_POINT ( 'NONE',  ( 0.2344989567605880731, -1.249999999999982681, 0.8383569884989855447 ) ) ;
#2942 = ORIENTED_EDGE ( 'NONE', *, *, #2170, .T. ) ;
#2943 = ORIENTED_EDGE ( 'NONE', *, *, #1891, .F. ) ;
#2944 = PLANE ( 'NONE',  #3626 ) ;
#2945 = CARTESIAN_POINT ( 'NONE',  ( 0.1920371650743205316, -1.250000000000001110, 1.763573935885105248 ) ) ;
#2946 = EDGE_LOOP ( 'NONE', ( #3098, #3624, #112, #2341 ) ) ;
#2947 =( GEOMETRIC_REPRESENTATION_CONTEXT ( 3 ) GLOBAL_UNCERTAINTY_ASSIGNED_CONTEXT ( ( #3233 ) ) GLOBAL_UNIT_ASSIGNED_CONTEXT ( ( #2618, #2315, #3271 ) ) REPRESENTATION_CONTEXT ( 'NONE', 'WORKASPACE' ) );
#2948 = VECTOR ( 'NONE', #2338, 1000.000000000000000 ) ;
#2949 = CARTESIAN_POINT ( 'NONE',  ( 0.3464101615137756829, -1.046666666666666856, 2.500000000000000000 ) ) ;
#2950 = ORIENTED_EDGE ( 'NONE', *, *, #1949, .F. ) ;
#2951 = DIRECTION ( 'NONE',  ( -8.470329472543003391E-17, 1.000000000000000000, 0.000000000000000000 ) ) ;
#2952 = LINE ( 'NONE', #1127, #531 ) ;
#2953 = CARTESIAN_POINT ( 'NONE',  ( -0.2560000000000000608, 2.859999999999999876, 7.909999999999988596 ) ) ;
#2954 = EDGE_CURVE ( 'NONE', #3262, #3274, #3037, .T. ) ;
#2955 = VECTOR ( 'NONE', #539, 1000.000000000000000 ) ;
#2956 = VERTEX_POINT ( 'NONE', #2758 ) ;
#2957 = FACE_OUTER_BOUND ( 'NONE', #1115, .T. ) ;
#2958 = FACE_OUTER_BOUND ( 'NONE', #489, .T. ) ;
#2959 =( LENGTH_UNIT ( ) NAMED_UNIT ( * ) SI_UNIT ( .MILLI., .METRE. ) );
#2960 = DIRECTION ( 'NONE',  ( 1.000000000000000000, 0.000000000000000000, 0.000000000000000000 ) ) ;
#2961 = DIRECTION ( 'NONE',  ( -0.3420201433256698231, 0.9396926207859079838, 0.000000000000000000 ) ) ;
#2962 = ADVANCED_FACE ( 'NONE', ( #584 ), #2459, .F. ) ;
#2963 = PRESENTATION_STYLE_ASSIGNMENT (( #534 ) ) ;
#2964 = VERTEX_POINT ( 'NONE', #3650 ) ;
#2965 = EDGE_LOOP ( 'NONE', ( #2891, #544, #849, #1883 ) ) ;
#2966 = CARTESIAN_POINT ( 'NONE',  ( -0.2349397590361447796, -1.250000000000000000, 1.458064759036144631 ) ) ;
#2967 = CARTESIAN_POINT ( 'NONE',  ( 1.169999999999999707, 3.270000000000000462, 0.6000000000000000888 ) ) ;
#2968 = ORIENTED_EDGE ( 'NONE', *, *, #483, .F. ) ;
#2969 = CARTESIAN_POINT ( 'NONE',  ( -0.1584377493068731824, -1.129999999999999227, 1.813616774373996154 ) ) ;
#2970 = ORIENTED_EDGE ( 'NONE', *, *, #1676, .F. ) ;
#2971 = LINE ( 'NONE', #3875, #2861 ) ;
#2972 = LINE ( 'NONE', #2329, #14 ) ;
#2973 = CARTESIAN_POINT ( 'NONE',  ( 0.2071507323465820449, 2.747150732346581581, 8.550000000000000711 ) ) ;
#2974 = ORIENTED_EDGE ( 'NONE', *, *, #1362, .T. ) ;
#2975 = ADVANCED_FACE ( 'NONE', ( #2402 ), #3607, .T. ) ;
#2976 = CARTESIAN_POINT ( 'NONE',  ( 0.2560000000000001719, 0.3199999999999998401, -2.359999999999988773 ) ) ;
#2977 = EDGE_CURVE ( 'NONE', #2228, #1390, #936, .T. ) ;
#2978 = LINE ( 'NONE', #3334, #3684 ) ;
#2979 = FILL_AREA_STYLE_COLOUR ( '', #1083 ) ;
#2980 = CARTESIAN_POINT ( 'NONE',  ( -0.2560000000000000053, 0.3199999999999993405, 8.550000000000000711 ) ) ;
#2981 = CARTESIAN_POINT ( 'NONE',  ( 0.2221105522436210844, -1.249999999999969136, 0.7980297930901404380 ) ) ;
#2982 = ORIENTED_EDGE ( 'NONE', *, *, #3843, .T. ) ;
#2983 = ADVANCED_FACE ( 'NONE', ( #2738 ), #720, .F. ) ;
#2984 = ORIENTED_EDGE ( 'NONE', *, *, #2046, .T. ) ;
#2985 = DIRECTION ( 'NONE',  ( 0.000000000000000000, -0.9396926207859082059, 0.3420201433256694901 ) ) ;
#2986 = VERTEX_POINT ( 'NONE', #3838 ) ;
#2987 = CARTESIAN_POINT ( 'NONE',  ( -0.7700000000000004619, 3.749999999999999112, 0.000000000000000000 ) ) ;
#2988 = ORIENTED_EDGE ( 'NONE', *, *, #1006, .F. ) ;
#2989 = CARTESIAN_POINT ( 'NONE',  ( 0.000000000000000000, 0.000000000000000000, 2.449999999999999734 ) ) ;
#2990 = CARTESIAN_POINT ( 'NONE',  ( -1.269999999999999574, -0.9999999999999988898, 2.500000000000000000 ) ) ;
#2991 = PLANE ( 'NONE',  #641 ) ;
#2992 = VECTOR ( 'NONE', #2479, 1000.000000000000000 ) ;
#2993 = VERTEX_POINT ( 'NONE', #768 ) ;
#2994 = CARTESIAN_POINT ( 'NONE',  ( -1.269999999999999574, -0.9999999999999988898, 0.5999999999999998668 ) ) ;
#2995 = CARTESIAN_POINT ( 'NONE',  ( 0.2349397590361444188, -1.250000000000000000, 1.100007530120482135 ) ) ;
#2996 = LINE ( 'NONE', #2356, #1982 ) ;
#2997 = VECTOR ( 'NONE', #2792, 1000.000000000000000 ) ;
#2998 = CARTESIAN_POINT ( 'NONE',  ( 1.019999999999999796, 3.499999999999998224, 0.4500000000000020650 ) ) ;
#2999 = CARTESIAN_POINT ( 'NONE',  ( 0.2560000000000002274, 2.219999999999999307, 7.909999999999988596 ) ) ;
#3000 = CARTESIAN_POINT ( 'NONE',  ( -0.3199999999999999512, 2.795999999999999375, 8.550000000000000711 ) ) ;
#3001 = VECTOR ( 'NONE', #352, 1000.000000000000114 ) ;
#3002 = CARTESIAN_POINT ( 'NONE',  ( 0.1973794752864002910, -1.249999999999969136, 0.7781227024462104014 ) ) ;
#3003 = ORIENTED_EDGE ( 'NONE', *, *, #1006, .T. ) ;
#3004 = AXIS2_PLACEMENT_3D ( 'NONE', #2866, #113, #3442 ) ;
#3005 = ORIENTED_EDGE ( 'NONE', *, *, #3026, .F. ) ;
#3006 = B_SPLINE_CURVE_WITH_KNOTS ( 'NONE', 3,
 ( #1224, #1800, #2451, #629, #74, #3638, #2797, #363 ),
 .UNSPECIFIED., .F., .F.,
 ( 4, 2, 2, 4 ),
 ( 0.000000000000000000, 2.207589316411049293E-05, 4.415178632822098587E-05, 8.830357265644197173E-05 ),
 .UNSPECIFIED. ) ;
#3007 =( LENGTH_UNIT ( ) NAMED_UNIT ( * ) SI_UNIT ( .MILLI., .METRE. ) );
#3008 = ORIENTED_EDGE ( 'NONE', *, *, #1248, .T. ) ;
#3009 = UNCERTAINTY_MEASURE_WITH_UNIT (LENGTH_MEASURE( 1.000000000000000082E-05 ), #2822, 'distance_accuracy_value', 'NONE');
#3010 = VECTOR ( 'NONE', #1507, 999.9999999999998863 ) ;
#3011 = EDGE_CURVE ( 'NONE', #2848, #642, #2788, .T. ) ;
#3012 = ORIENTED_EDGE ( 'NONE', *, *, #1031, .T. ) ;
#3013 = VECTOR ( 'NONE', #2231, 1000.000000000000000 ) ;
#3014 = CARTESIAN_POINT ( 'NONE',  ( 0.3200000000000000622, 2.795999999999999375, 7.909999999999988596 ) ) ;
#3015 = PRESENTATION_LAYER_ASSIGNMENT (  '', '', ( #590 ) ) ;
#3016 = FILL_AREA_STYLE_COLOUR ( '', #958 ) ;
#3017 = ADVANCED_FACE ( 'NONE', ( #1983 ), #3711, .F. ) ;
#3018 = VECTOR ( 'NONE', #3241, 1000.000000000000000 ) ;
#3019 = VERTEX_POINT ( 'NONE', #2063 ) ;
#3020 = PLANE ( 'NONE',  #2226 ) ;
#3021 = VECTOR ( 'NONE', #3777, 1000.000000000000227 ) ;
#3022 = CARTESIAN_POINT ( 'NONE',  ( 0.2349831812470689063, -1.249999999999999556, 0.8499144089295601612 ) ) ;
#3023 = CARTESIAN_POINT ( 'NONE',  ( -0.2349648623439420103, -1.250000000000000888, 1.458559114078988861 ) ) ;
#3024 = CARTESIAN_POINT ( 'NONE',  ( 0.2713367824627647140, -1.149999999999999689, 1.270000000000000018 ) ) ;
#3025 = EDGE_LOOP ( 'NONE', ( #745, #1548, #1907, #3742, #199, #2519 ) ) ;
#3026 = EDGE_CURVE ( 'NONE', #2586, #3481, #809, .T. ) ;
#3027 = CARTESIAN_POINT ( 'NONE',  ( -0.2349397590361443355, -1.250000000000001332, 0.8488780120481929092 ) ) ;
#3028 = CARTESIAN_POINT ( 'NONE',  ( -1.019999999999999796, -1.250000000000000222, 0.4500000000000001221 ) ) ;
#3029 =( LENGTH_UNIT ( ) NAMED_UNIT ( * ) SI_UNIT ( .MILLI., .METRE. ) );
#3030 = EDGE_LOOP ( 'NONE', ( #3444, #3224, #239, #2718, #162, #1048, #192, #1396, #3462, #3842, #1752, #2882 ) ) ;
#3031 = EDGE_CURVE ( 'NONE', #642, #2553, #1756, .T. ) ;
#3032 = CARTESIAN_POINT ( 'NONE',  ( 0.2890920949374359283, 2.853417573054441103, -2.397330798265292717 ) ) ;
#3033 = CYLINDRICAL_SURFACE ( 'NONE', #771, 0.06399999999999982092 ) ;
#3034 = LINE ( 'NONE', #3283, #3251 ) ;
#3035 = ORIENTED_EDGE ( 'NONE', *, *, #2851, .T. ) ;
#3036 = CARTESIAN_POINT ( 'NONE',  ( -0.07143487197225274754, -1.197999665826966043, 0.9335048870638922303 ) ) ;
#3037 = LINE ( 'NONE', #1231, #535 ) ;
#3038 = CARTESIAN_POINT ( 'NONE',  ( -0.3199999999999999512, 0.2559999999999993392, 7.909999999999988596 ) ) ;
#3039 = CARTESIAN_POINT ( 'NONE',  ( -0.2023345116037619795, -1.250000000000000888, 1.377563203366691802 ) ) ;
#3040 = PLANE ( 'NONE',  #2101 ) ;
#3041 = DIRECTION ( 'NONE',  ( -1.000000000000000000, 0.000000000000000000, 0.000000000000000000 ) ) ;
#3042 = CARTESIAN_POINT ( 'NONE',  ( -0.3134175730544421778, 0.2890920949374358728, -2.397330798265291385 ) ) ;
#3043 = CARTESIAN_POINT ( 'NONE',  ( -1.020000000000000684, 3.499999999999997780, 2.500000000000000000 ) ) ;
#3044 = DIRECTION ( 'NONE',  ( 1.000000000000000000, 0.000000000000000000, 0.000000000000000000 ) ) ;
#3045 = CARTESIAN_POINT ( 'NONE',  ( 0.2785969470547811078, -1.129999999999999227, 1.693830622814569420 ) ) ;
#3046 = VERTEX_POINT ( 'NONE', #1778 ) ;
#3047 = CYLINDRICAL_SURFACE ( 'NONE', #393, 0.06399999999999998745 ) ;
#3048 = ORIENTED_EDGE ( 'NONE', *, *, #1528, .F. ) ;
#3049 = LINE ( 'NONE', #3417, #3010 ) ;
#3050 = EDGE_CURVE ( 'NONE', #1898, #616, #256, .T. ) ;
#3051 = STYLED_ITEM ( 'NONE', ( #841 ), #279 ) ;
#3052 = VERTEX_POINT ( 'NONE', #850 ) ;
#3053 = CARTESIAN_POINT ( 'NONE',  ( -0.6136029765733796992, -1.150000000000000133, 1.270000000000000018 ) ) ;
#3054 = LINE ( 'NONE', #922, #896 ) ;
#3055 = CARTESIAN_POINT ( 'NONE',  ( 0.2397902344294503274, -1.236673428369795324, 0.8487764478203794205 ) ) ;
#3056 = FILL_AREA_STYLE_COLOUR ( '', #406 ) ;
#3057 = AXIS2_PLACEMENT_3D ( 'NONE', #2125, #3620, #2731 ) ;
#3058 = MECHANICAL_DESIGN_GEOMETRIC_PRESENTATION_REPRESENTATION (  '', ( #2678 ), #1395 ) ;
#3059 =( NAMED_UNIT ( * ) PLANE_ANGLE_UNIT ( ) SI_UNIT ( $, .RADIAN. ) );
#3060 = DIRECTION ( 'NONE',  ( -0.000000000000000000, 1.000000000000000000, 0.000000000000000000 ) ) ;
#3061 = LINE ( 'NONE', #1256, #1658 ) ;
#3062 = CARTESIAN_POINT ( 'NONE',  ( 0.3200000000000000622, 2.795999999999999375, 7.909999999999988596 ) ) ;
#3063 = VECTOR ( 'NONE', #1196, 999.9999999999998863 ) ;
#3064 = LINE ( 'NONE', #2120, #250 ) ;
#3065 = CARTESIAN_POINT ( 'NONE',  ( -0.2292613886581244820, -1.150000000000000133, 1.353074703515682042 ) ) ;
#3066 =( GEOMETRIC_REPRESENTATION_CONTEXT ( 3 ) GLOBAL_UNCERTAINTY_ASSIGNED_CONTEXT ( ( #1324 ) ) GLOBAL_UNIT_ASSIGNED_CONTEXT ( ( #3285, #2129, #3586 ) ) REPRESENTATION_CONTEXT ( 'NONE', 'WORKASPACE' ) );
#3067 = CARTESIAN_POINT ( 'NONE',  ( 0.2672473181614726245, -1.129999999999999005, 1.752504738903651216 ) ) ;
#3068 = CARTESIAN_POINT ( 'NONE',  ( -1.169999999999998153, 3.270000000000000462, 0.6000000000000000888 ) ) ;
#3069 = ORIENTED_EDGE ( 'NONE', *, *, #1880, .T. ) ;
#3070 = DIRECTION ( 'NONE',  ( -6.842277657836020854E-49, 5.078189165123089681E-17, -1.000000000000000000 ) ) ;
#3071 = DIRECTION ( 'NONE',  ( 1.000000000000000000, -1.408054769461693942E-16, 0.000000000000000000 ) ) ;
#3072 =( BOUNDED_CURVE ( )  B_SPLINE_CURVE ( 3, ( #2090, #3917, #306, #2737 ),
 .UNSPECIFIED., .F., .F. ) 
 B_SPLINE_CURVE_WITH_KNOTS ( ( 4, 4 ),
 ( 8.470329472542986627E-16, 0.7853981633974443932 ),
 .UNSPECIFIED. ) 
 CURVE ( )  GEOMETRIC_REPRESENTATION_ITEM ( )  RATIONAL_B_SPLINE_CURVE ( ( 1.000000000000000000, 0.9492530216741916771, 0.9492530216741916771, 1.000000000000000000 ) ) 
 REPRESENTATION_ITEM ( '' )  );
#3073 = ORIENTED_EDGE ( 'NONE', *, *, #2144, .F. ) ;
#3074 = CARTESIAN_POINT ( 'NONE',  ( 0.1688168747726651597, -1.149999999999990807, 0.7344035849404356719 ) ) ;
#3075 = DIRECTION ( 'NONE',  ( -1.000000000000000000, 0.000000000000000000, 0.000000000000000000 ) ) ;
#3076 = EDGE_CURVE ( 'NONE', #1072, #636, #1487, .T. ) ;
#3077 = FACE_OUTER_BOUND ( 'NONE', #2245, .T. ) ;
#3078 =( NAMED_UNIT ( * ) SI_UNIT ( $, .STERADIAN. ) SOLID_ANGLE_UNIT ( ) );
#3079 = ORIENTED_EDGE ( 'NONE', *, *, #1821, .F. ) ;
#3080 = VECTOR ( 'NONE', #1393, 1000.000000000000000 ) ;
#3081 = DIRECTION ( 'NONE',  ( 0.7071067811865515695, -0.000000000000000000, 0.7071067811865435759 ) ) ;
#3082 = EDGE_CURVE ( 'NONE', #3019, #3910, #1801, .T. ) ;
#3083 = DIRECTION ( 'NONE',  ( 0.000000000000000000, 0.000000000000000000, -1.000000000000000000 ) ) ;
#3084 =( NAMED_UNIT ( * ) PLANE_ANGLE_UNIT ( ) SI_UNIT ( $, .RADIAN. ) );
#3085 = AXIS2_PLACEMENT_3D ( 'NONE', #2900, #129, #1342 ) ;
#3086 = CARTESIAN_POINT ( 'NONE',  ( 0.2560000000000002274, 2.219999999999999307, 8.550000000000000711 ) ) ;
#3087 = CARTESIAN_POINT ( 'NONE',  ( -0.2785987272081529298, -1.129999999999998561, 0.8475468746968436440 ) ) ;
#3088 = CARTESIAN_POINT ( 'NONE',  ( 0.2713367824627648250, -1.149999999999999911, 0.8481160656645677642 ) ) ;
#3089 = LINE ( 'NONE', #2182, #3456 ) ;
#3090 = UNCERTAINTY_MEASURE_WITH_UNIT (LENGTH_MEASURE( 1.000000000000000082E-05 ), #528, 'distance_accuracy_value', 'NONE');
#3091 = ORIENTED_EDGE ( 'NONE', *, *, #1465, .F. ) ;
#3092 = LINE ( 'NONE', #79, #3744 ) ;
#3093 = CARTESIAN_POINT ( 'NONE',  ( 0.2349397590361444188, -1.250000000000000000, 1.692439759036144631 ) ) ;
#3094 = ORIENTED_EDGE ( 'NONE', *, *, #957, .T. ) ;
#3095 = DIRECTION ( 'NONE',  ( 0.000000000000000000, 0.9396926207859082059, 0.3420201433256694901 ) ) ;
#3096 = CARTESIAN_POINT ( 'NONE',  ( 0.2345216763773549096, -1.129999999999999449, 1.211338980832543655 ) ) ;
#3097 = CARTESIAN_POINT ( 'NONE',  ( 0.1546753745387299817, -1.250000000000000888, 0.7699033747583783338 ) ) ;
#3098 = ORIENTED_EDGE ( 'NONE', *, *, #2756, .T. ) ;
#3099 = CARTESIAN_POINT ( 'NONE',  ( 0.2513693838172026407, -1.149999999999999467, 1.764975519266270609 ) ) ;
#3100 = SURFACE_STYLE_USAGE ( .BOTH. , #2762 ) ;
#3101 = CARTESIAN_POINT ( 'NONE',  ( -1.020000000000000684, 3.499999999999997780, 2.500000000000000000 ) ) ;
#3102 = EDGE_CURVE ( 'NONE', #148, #443, #2512, .T. ) ;
#3103 = SURFACE_SIDE_STYLE ('',( #3454 ) ) ;
#3104 = DIRECTION ( 'NONE',  ( -0.000000000000000000, -0.000000000000000000, 1.000000000000000000 ) ) ;
#3105 = DIRECTION ( 'NONE',  ( -0.1710878697460326558, -0.1710878697460326836, -0.9702875252478149193 ) ) ;
#3106 = EDGE_CURVE ( 'NONE', #3860, #1401, #857, .T. ) ;
#3107 = VERTEX_POINT ( 'NONE', #2669 ) ;
#3108 = DIRECTION ( 'NONE',  ( 0.000000000000000000, 1.000000000000000000, 0.000000000000000000 ) ) ;
#3109 = ORIENTED_EDGE ( 'NONE', *, *, #1913, .F. ) ;
#3110 = CARTESIAN_POINT ( 'NONE',  ( 0.1560617469879515551, -1.250000000000000000, 1.770000000000000240 ) ) ;
#3111 = DIRECTION ( 'NONE',  ( 0.3420201433256698231, -0.9396926207859079838, 0.000000000000000000 ) ) ;
#3112 = CARTESIAN_POINT ( 'NONE',  ( -0.2781474999798798087, -1.130000000000002558, 1.703225856866197097 ) ) ;
#3113 = ORIENTED_EDGE ( 'NONE', *, *, #997, .T. ) ;
#3114 = CARTESIAN_POINT ( 'NONE',  ( 1.019999999999999796, -0.9999999999999985567, 0.000000000000000000 ) ) ;
#3115 = CARTESIAN_POINT ( 'NONE',  ( 0.2296620727081599145, -1.150000000000000355, 1.205869479952478507 ) ) ;
#3116 =( GEOMETRIC_REPRESENTATION_CONTEXT ( 3 ) GLOBAL_UNCERTAINTY_ASSIGNED_CONTEXT ( ( #381 ) ) GLOBAL_UNIT_ASSIGNED_CONTEXT ( ( #1667, #3524, #1360 ) ) REPRESENTATION_CONTEXT ( 'NONE', 'WORKASPACE' ) );
#3117 = FILL_AREA_STYLE_COLOUR ( '', #3140 ) ;
#3118 = CARTESIAN_POINT ( 'NONE',  ( 0.2560000000000001719, 0.3199999999999993960, 7.909999999999988596 ) ) ;
#3119 = VECTOR ( 'NONE', #618, 1000.000000000000000 ) ;
#3120 = CARTESIAN_POINT ( 'NONE',  ( -1.270000000000000684, 3.499999999999997780, 2.350000000000000089 ) ) ;
#3121 = PLANE ( 'NONE',  #3553 ) ;
#3122 = CARTESIAN_POINT ( 'NONE',  ( 0.3200000000000001177, 2.219999999999999307, 7.909999999999988596 ) ) ;
#3123 = VECTOR ( 'NONE', #644, 1000.000000000000000 ) ;
#3124 = ORIENTED_EDGE ( 'NONE', *, *, #172, .F. ) ;
#3125 = CARTESIAN_POINT ( 'NONE',  ( -0.05396442235651247726, -1.149999999999999911, 1.589024663320367736 ) ) ;
#3126 = LINE ( 'NONE', #1578, #1343 ) ;
#3127 = EDGE_CURVE ( 'NONE', #3576, #788, #3321, .T. ) ;
#3128 = VECTOR ( 'NONE', #833, 1000.000000000000000 ) ;
#3129 = VERTEX_POINT ( 'NONE', #1124 ) ;
#3130 = COLOUR_RGB ( '',0.9686274509803921573, 0.8784313725490195957, 0.5999999999999999778 ) ;
#3131 = EDGE_CURVE ( 'NONE', #216, #2620, #554, .T. ) ;
#3132 = CARTESIAN_POINT ( 'NONE',  ( 0.2785775458924492631, -1.129999999999999227, 0.8470411857358884911 ) ) ;
#3133 = PRESENTATION_LAYER_ASSIGNMENT (  '', '', ( #904 ) ) ;
#3134 = VERTEX_POINT ( 'NONE', #2949 ) ;
#3135 = COLOUR_RGB ( '',0.9686274509803921573, 0.8784313725490195957, 0.5999999999999999778 ) ;
#3136 = LINE ( 'NONE', #1889, #1399 ) ;
#3137 = VECTOR ( 'NONE', #293, 1000.000000000000000 ) ;
#3138 = DIRECTION ( 'NONE',  ( -8.470329472543003391E-17, 1.000000000000000000, 0.000000000000000000 ) ) ;
#3139 = CARTESIAN_POINT ( 'NONE',  ( 0.2592044412006672127, -1.183333333662730080, 1.692966359570349688 ) ) ;
#3140 = COLOUR_RGB ( '',1.000000000000000000, 0.8431372549019607865, 0.000000000000000000 ) ;
#3141 = DIRECTION ( 'NONE',  ( 4.224164308385081333E-16, -1.000000000000000000, 0.000000000000000000 ) ) ;
#3142 = PRESENTATION_STYLE_ASSIGNMENT (( #1594 ) ) ;
#3143 = CARTESIAN_POINT ( 'NONE',  ( -0.2608839580572240857, -1.149999999999997469, 1.748070688497446179 ) ) ;
#3144 = AXIS2_PLACEMENT_3D ( 'NONE', #967, #1862, #914 ) ;
#3145 = ADVANCED_FACE ( 'NONE', ( #3598 ), #1463, .F. ) ;
#3146 = ORIENTED_EDGE ( 'NONE', *, *, #2954, .F. ) ;
#3147 = LINE ( 'NONE', #460, #1901 ) ;
#3148 = CARTESIAN_POINT ( 'NONE',  ( -0.2221105522436152835, -1.249999999999989342, 1.741970206909854380 ) ) ;
#3149 = ADVANCED_FACE ( 'NONE', ( #2798 ), #2197, .T. ) ;
#3150 = ORIENTED_EDGE ( 'NONE', *, *, #2472, .F. ) ;
#3151 = SURFACE_SIDE_STYLE ('',( #1926 ) ) ;
#3152 = ORIENTED_EDGE ( 'NONE', *, *, #3502, .F. ) ;
#3153 = FILL_AREA_STYLE ('',( #1611 ) ) ;
#3154 = DIRECTION ( 'NONE',  ( 0.000000000000000000, -0.000000000000000000, 1.000000000000000000 ) ) ;
#3155 =( NAMED_UNIT ( * ) SI_UNIT ( $, .STERADIAN. ) SOLID_ANGLE_UNIT ( ) );
#3156 = DIRECTION ( 'NONE',  ( -0.000000000000000000, -0.000000000000000000, -1.000000000000000000 ) ) ;
#3157 = CARTESIAN_POINT ( 'NONE',  ( -0.2559999999999999498, 2.219999999999999307, 8.550000000000000711 ) ) ;
#3158 = FILL_AREA_STYLE ('',( #1932 ) ) ;
#3159 = CARTESIAN_POINT ( 'NONE',  ( -0.2559999999999999498, 2.219999999999999751, -2.359999999999988773 ) ) ;
#3160 = ORIENTED_EDGE ( 'NONE', *, *, #727, .T. ) ;
#3161 = SURFACE_STYLE_FILL_AREA ( #2842 ) ;
#3162 = SURFACE_STYLE_FILL_AREA ( #3514 ) ;
#3163 = ORIENTED_EDGE ( 'NONE', *, *, #1318, .F. ) ;
#3164 = LINE ( 'NONE', #3782, #2804 ) ;
#3165 = CARTESIAN_POINT ( 'NONE',  ( 1.498304512629999863, -1.250000000000000222, 2.350000000000000089 ) ) ;
#3166 = ORIENTED_EDGE ( 'NONE', *, *, #124, .F. ) ;
#3167 = DIRECTION ( 'NONE',  ( -1.000000000000000000, -4.224164308385081333E-16, 1.537470072901852402E-16 ) ) ;
#3168 =( BOUNDED_CURVE ( )  B_SPLINE_CURVE ( 3, ( #1199, #2765, #3636, #33 ),
 .UNSPECIFIED., .F., .F. ) 
 B_SPLINE_CURVE_WITH_KNOTS ( ( 4, 4 ),
 ( 4.653770160119201278E-16, 0.7853981633974501664 ),
 .UNSPECIFIED. ) 
 CURVE ( )  GEOMETRIC_REPRESENTATION_ITEM ( )  RATIONAL_B_SPLINE_CURVE ( ( 1.000000000000000000, 0.9492530216741910110, 0.9492530216741910110, 1.000000000000000000 ) ) 
 REPRESENTATION_ITEM ( '' )  );
#3169 = DIRECTION ( 'NONE',  ( 0.000000000000000000, -1.000000000000000000, 0.000000000000000000 ) ) ;
#3170 = CYLINDRICAL_SURFACE ( 'NONE', #349, 0.06399999999999982092 ) ;
#3171 = CARTESIAN_POINT ( 'NONE',  ( -0.2031250000000001665, -1.250000000000000000, 1.378433734939759292 ) ) ;
#3172 = EDGE_CURVE ( 'NONE', #3576, #2586, #36, .T. ) ;
#3173 = ORIENTED_EDGE ( 'NONE', *, *, #1437, .T. ) ;
#3174 = STYLED_ITEM ( 'NONE', ( #2293 ), #191 ) ;
#3175 = CARTESIAN_POINT ( 'NONE',  ( 0.3200000000000001177, -0.2560000000000002829, -2.359999999999988773 ) ) ;
#3176 = FACE_OUTER_BOUND ( 'NONE', #1902, .T. ) ;
#3177 = COLOUR_RGB ( '',0.9686274509803921573, 0.8784313725490195957, 0.5999999999999999778 ) ;
#3178 = ORIENTED_EDGE ( 'NONE', *, *, #946, .F. ) ;
#3179 = CARTESIAN_POINT ( 'NONE',  ( 0.3200000000000001177, 2.266799289467858802, 7.909999999999986819 ) ) ;
#3180 = AXIS2_PLACEMENT_3D ( 'NONE', #1687, #2661, #1454 ) ;
#3181 = CARTESIAN_POINT ( 'NONE',  ( -1.270000000000000684, 3.499999999999997780, 2.500000000000000000 ) ) ;
#3182 =( GEOMETRIC_REPRESENTATION_CONTEXT ( 3 ) GLOBAL_UNCERTAINTY_ASSIGNED_CONTEXT ( ( #2729 ) ) GLOBAL_UNIT_ASSIGNED_CONTEXT ( ( #1532, #903, #608 ) ) REPRESENTATION_CONTEXT ( 'NONE', 'WORKASPACE' ) );
#3183 = ORIENTED_EDGE ( 'NONE', *, *, #3605, .T. ) ;
#3184 = DIRECTION ( 'NONE',  ( 8.470329472543003391E-17, -1.000000000000000000, 0.000000000000000000 ) ) ;
#3185 = DIRECTION ( 'NONE',  ( -0.000000000000000000, 0.000000000000000000, 1.000000000000000000 ) ) ;
#3186 = MECHANICAL_DESIGN_GEOMETRIC_PRESENTATION_REPRESENTATION (  '', ( #2556 ), #2802 ) ;
#3187 = ORIENTED_EDGE ( 'NONE', *, *, #1303, .T. ) ;
#3188 = EDGE_CURVE ( 'NONE', #1205, #2668, #3089, .T. ) ;
#3189 = CARTESIAN_POINT ( 'NONE',  ( 0.2560000000000001719, 2.795999999999999375, 8.550000000000000711 ) ) ;
#3190 = CARTESIAN_POINT ( 'NONE',  ( 0.3134175730544422889, 2.250907905062563774, -2.397330798265291829 ) ) ;
#3191 = EDGE_LOOP ( 'NONE', ( #521, #1330, #2841, #1978, #251, #2262 ) ) ;
#3192 = VECTOR ( 'NONE', #3353, 999.9999999999998863 ) ;
#3193 = EDGE_CURVE ( 'NONE', #2710, #2620, #691, .T. ) ;
#3194 = VECTOR ( 'NONE', #1438, 1000.000000000000114 ) ;
#3195 = PRESENTATION_STYLE_ASSIGNMENT (( #2682 ) ) ;
#3196 = CARTESIAN_POINT ( 'NONE',  ( -1.019999999999999796, -0.7700000000000002398, 0.4500000000000001221 ) ) ;
#3197 = FILL_AREA_STYLE ('',( #1066 ) ) ;
#3198 = COLOUR_RGB ( '',0.9686274509803921573, 0.8784313725490195957, 0.5999999999999999778 ) ;
#3199 = VERTEX_POINT ( 'NONE', #3068 ) ;
#3200 = EDGE_CURVE ( 'NONE', #2986, #2532, #1895, .T. ) ;
#3201 = VERTEX_POINT ( 'NONE', #340 ) ;
#3202 = PRESENTATION_STYLE_ASSIGNMENT (( #480 ) ) ;
#3203 = AXIS2_PLACEMENT_3D ( 'NONE', #3753, #725, #2880 ) ;
#3204 = CARTESIAN_POINT ( 'NONE',  ( -0.1560617469879519992, -1.250000000000000000, 1.770000000000000240 ) ) ;
#3205 = CARTESIAN_POINT ( 'NONE',  ( -0.2773257890756617439, -1.129999999999997895, 1.719407246763125841 ) ) ;
#3206 = ORIENTED_EDGE ( 'NONE', *, *, #3106, .F. ) ;
#3207 = CARTESIAN_POINT ( 'NONE',  ( 0.2061859094075604582, -1.249999999999996447, 1.756700574110173996 ) ) ;
#3208 = CARTESIAN_POINT ( 'NONE',  ( 0.2785849633789311830, -1.129999999999999227, 1.101726997674457920 ) ) ;
#3209 = VERTEX_POINT ( 'NONE', #401 ) ;
#3210 = CARTESIAN_POINT ( 'NONE',  ( 0.09036144578313230757, -1.250000000000000000, 1.095301204819277396 ) ) ;
#3211 = PRESENTATION_STYLE_ASSIGNMENT (( #1682 ) ) ;
#3212 = CARTESIAN_POINT ( 'NONE',  ( -0.3199999999999998956, 2.283999999999999364, 7.909999999999988596 ) ) ;
#3213 = B_SPLINE_CURVE_WITH_KNOTS ( 'NONE', 3,
 ( #3540, #2912, #2934, #3250, #839, #1099, #3288 ),
 .UNSPECIFIED., .F., .F.,
 ( 4, 3, 4 ),
 ( 0.000000000000000000, 4.656973448362500327E-05, 0.0001064217836431323894 ),
 .UNSPECIFIED. ) ;
#3214 = ADVANCED_FACE ( 'NONE', ( #3399 ), #380, .T. ) ;
#3215 = ORIENTED_EDGE ( 'NONE', *, *, #3337, .T. ) ;
#3216 =( NAMED_UNIT ( * ) PLANE_ANGLE_UNIT ( ) SI_UNIT ( $, .RADIAN. ) );
#3217 =( NAMED_UNIT ( * ) PLANE_ANGLE_UNIT ( ) SI_UNIT ( $, .RADIAN. ) );
#3218 = ORIENTED_EDGE ( 'NONE', *, *, #3291, .T. ) ;
#3219 = ORIENTED_EDGE ( 'NONE', *, *, #2641, .T. ) ;
#3220 = CARTESIAN_POINT ( 'NONE',  ( 0.3200000000000001177, -0.2732007105321405116, -2.359999999999986997 ) ) ;
#3221 = FACE_OUTER_BOUND ( 'NONE', #2946, .T. ) ;
#3222 = CARTESIAN_POINT ( 'NONE',  ( -0.1692625335108507434, -1.129999999999999227, 1.812862434670053258 ) ) ;
#3223 = EDGE_CURVE ( 'NONE', #422, #3860, #69, .T. ) ;
#3224 = ORIENTED_EDGE ( 'NONE', *, *, #2002, .T. ) ;
#3225 = CARTESIAN_POINT ( 'NONE',  ( -0.1560617469879519992, -1.250000000000000000, 1.770000000000000240 ) ) ;
#3226 = CARTESIAN_POINT ( 'NONE',  ( 0.2599231866027872928, -1.129999999999999449, 1.179124043684511181 ) ) ;
#3227 = ORIENTED_EDGE ( 'NONE', *, *, #446, .F. ) ;
#3228 = LINE ( 'NONE', #3210, #2357 ) ;
#3229 = CARTESIAN_POINT ( 'NONE',  ( -0.2031250000000001665, -1.250000000000000000, 1.378433734939759292 ) ) ;
#3230 = ORIENTED_EDGE ( 'NONE', *, *, #1057, .T. ) ;
#3231 = PRESENTATION_STYLE_ASSIGNMENT (( #842 ) ) ;
#3232 = CARTESIAN_POINT ( 'NONE',  ( 0.3012548339959392751, 2.238745166004060039, 8.016309119164535701 ) ) ;
#3233 = UNCERTAINTY_MEASURE_WITH_UNIT (LENGTH_MEASURE( 1.000000000000000082E-05 ), #2618, 'distance_accuracy_value', 'NONE');
#3234 = VECTOR ( 'NONE', #3692, 1000.000000000000000 ) ;
#3235 = VERTEX_POINT ( 'NONE', #421 ) ;
#3236 = VERTEX_POINT ( 'NONE', #493 ) ;
#3237 = EDGE_CURVE ( 'NONE', #970, #2647, #1617, .T. ) ;
#3238 = SURFACE_STYLE_USAGE ( .BOTH. , #253 ) ;
#3239 = ORIENTED_EDGE ( 'NONE', *, *, #3730, .F. ) ;
#3240 = VECTOR ( 'NONE', #1522, 1000.000000000000000 ) ;
#3241 = DIRECTION ( 'NONE',  ( -8.470329472543003391E-17, 1.000000000000000000, 0.000000000000000000 ) ) ;
#3242 = VECTOR ( 'NONE', #3070, 1000.000000000000000 ) ;
#3243 = VERTEX_POINT ( 'NONE', #1954 ) ;
#3244 = CARTESIAN_POINT ( 'NONE',  ( -0.1573284206430661802, -1.149999999999999911, 1.806397023426620674 ) ) ;
#3245 =( NAMED_UNIT ( * ) PLANE_ANGLE_UNIT ( ) SI_UNIT ( $, .RADIAN. ) );
#3246 = DIRECTION ( 'NONE',  ( 1.445602896647340396E-16, -1.000000000000000000, 0.000000000000000000 ) ) ;
#3247 = AXIS2_PLACEMENT_3D ( 'NONE', #2301, #789, #1141 ) ;
#3248 = ORIENTED_EDGE ( 'NONE', *, *, #498, .F. ) ;
#3249 =( NAMED_UNIT ( * ) SI_UNIT ( $, .STERADIAN. ) SOLID_ANGLE_UNIT ( ) );
#3250 = CARTESIAN_POINT ( 'NONE',  ( -0.2554095947582508130, -1.193759588573569008, 1.457545397228200423 ) ) ;
#3251 = VECTOR ( 'NONE', #1741, 1000.000000000000000 ) ;
#3252 = VERTEX_POINT ( 'NONE', #2839 ) ;
#3253 = CARTESIAN_POINT ( 'NONE',  ( -0.2349397590361447796, -1.250000000000000000, 0.8488780120481929092 ) ) ;
#3254 = CARTESIAN_POINT ( 'NONE',  ( 0.7700000000000004619, -1.250000000000000222, 0.000000000000000000 ) ) ;
#3255 = CARTESIAN_POINT ( 'NONE',  ( -0.09036144578313276554, -1.250000000000000000, 1.095301204819277396 ) ) ;
#3256 = MECHANICAL_DESIGN_GEOMETRIC_PRESENTATION_REPRESENTATION (  '', ( #91 ), #530 ) ;
#3257 = VECTOR ( 'NONE', #303, 1000.000000000000000 ) ;
#3258 = EDGE_LOOP ( 'NONE', ( #3546, #368, #890, #1051 ) ) ;
#3259 = VERTEX_POINT ( 'NONE', #2548 ) ;
#3260 = FACE_OUTER_BOUND ( 'NONE', #1163, .T. ) ;
#3261 =( NAMED_UNIT ( * ) SI_UNIT ( $, .STERADIAN. ) SOLID_ANGLE_UNIT ( ) );
#3262 = VERTEX_POINT ( 'NONE', #108 ) ;
#3263 = AXIS2_PLACEMENT_3D ( 'NONE', #3863, #1731, #2683 ) ;
#3264 = CARTESIAN_POINT ( 'NONE',  ( -0.08242201906977160430, -1.228186604381625413, 1.466154446311007664 ) ) ;
#3265 = STYLED_ITEM ( 'NONE', ( #3211 ), #2905 ) ;
#3266 = VERTEX_POINT ( 'NONE', #1323 ) ;
#3267 = CARTESIAN_POINT ( 'NONE',  ( -0.1572017319022033788, -1.160002928788731458, 1.802756255092037740 ) ) ;
#3268 = ADVANCED_FACE ( 'NONE', ( #2298 ), #3432, .T. ) ;
#3269 = ORIENTED_EDGE ( 'NONE', *, *, #1919, .F. ) ;
#3270 = SURFACE_STYLE_FILL_AREA ( #1412 ) ;
#3271 =( NAMED_UNIT ( * ) SI_UNIT ( $, .STERADIAN. ) SOLID_ANGLE_UNIT ( ) );
#3272 = CARTESIAN_POINT ( 'NONE',  ( -0.2349397590361447796, -1.250000000000000000, 1.691121987951807348 ) ) ;
#3273 = FILL_AREA_STYLE ('',( #3292 ) ) ;
#3274 = VERTEX_POINT ( 'NONE', #1934 ) ;
#3275 = EDGE_LOOP ( 'NONE', ( #3495, #2695, #2515, #1961 ) ) ;
#3276 = FILL_AREA_STYLE_COLOUR ( '', #574 ) ;
#3277 = CARTESIAN_POINT ( 'NONE',  ( 0.2061859094075594867, -1.250000000000001110, 1.756700574110172441 ) ) ;
#3278 = ORIENTED_EDGE ( 'NONE', *, *, #1271, .F. ) ;
#3279 = CARTESIAN_POINT ( 'NONE',  ( -1.270000000000000684, 3.499999999999997780, 2.500000000000000000 ) ) ;
#3280 = UNCERTAINTY_MEASURE_WITH_UNIT (LENGTH_MEASURE( 1.000000000000000082E-05 ), #3718, 'distance_accuracy_value', 'NONE');
#3281 = VERTEX_POINT ( 'NONE', #1024 ) ;
#3282 = PLANE ( 'NONE',  #1577 ) ;
#3283 = CARTESIAN_POINT ( 'NONE',  ( -0.1560617469879519992, -1.250000000000000000, 1.770000000000000240 ) ) ;
#3284 = ORIENTED_EDGE ( 'NONE', *, *, #1313, .F. ) ;
#3285 =( LENGTH_UNIT ( ) NAMED_UNIT ( * ) SI_UNIT ( .MILLI., .METRE. ) );
#3286 = ADVANCED_FACE ( 'NONE', ( #3735 ), #3473, .T. ) ;
#3287 = CARTESIAN_POINT ( 'NONE',  ( 0.2446407098541338865, -1.223346856680334271, 0.8486748927485863181 ) ) ;
#3288 = CARTESIAN_POINT ( 'NONE',  ( -0.2349397590361447796, -1.250000000000000000, 1.458064759036144631 ) ) ;
#3289 = FILL_AREA_STYLE_COLOUR ( '', #3177 ) ;
#3290 = DIRECTION ( 'NONE',  ( -0.3420201433256698786, 0.9396926207859079838, 0.000000000000000000 ) ) ;
#3291 = EDGE_CURVE ( 'NONE', #2750, #1086, #1363, .T. ) ;
#3292 = FILL_AREA_STYLE_COLOUR ( '', #975 ) ;
#3293 = ORIENTED_EDGE ( 'NONE', *, *, #2734, .F. ) ;
#3294 = FACE_OUTER_BOUND ( 'NONE', #3324, .T. ) ;
#3295 = ADVANCED_FACE ( 'NONE', ( #1047 ), #744, .F. ) ;
#3296 =( BOUNDED_CURVE ( )  B_SPLINE_CURVE ( 3, ( #3783, #1073, #3557, #2350 ),
 .UNSPECIFIED., .F., .F. ) 
 B_SPLINE_CURVE_WITH_KNOTS ( ( 4, 4 ),
 ( 2.122493417915224361E-16, 0.7853981633974475018 ),
 .UNSPECIFIED. ) 
 CURVE ( )  GEOMETRIC_REPRESENTATION_ITEM ( )  RATIONAL_B_SPLINE_CURVE ( ( 1.000000000000000000, 0.9492530216741912330, 0.9492530216741912330, 1.000000000000000000 ) ) 
 REPRESENTATION_ITEM ( '' )  );
#3297 = CARTESIAN_POINT ( 'NONE',  ( -0.3199999999999999512, 2.859999999999999876, 8.550000000000000711 ) ) ;
#3298 = ORIENTED_EDGE ( 'NONE', *, *, #2588, .T. ) ;
#3299 = DIRECTION ( 'NONE',  ( -0.7071067811865495711, 0.000000000000000000, -0.7071067811865454633 ) ) ;
#3300 = MECHANICAL_DESIGN_GEOMETRIC_PRESENTATION_REPRESENTATION (  '', ( #2152 ), #386 ) ;
#3301 = LINE ( 'NONE', #2066, #1092 ) ;
#3302 = DIRECTION ( 'NONE',  ( 4.224164308385081333E-16, -1.000000000000000000, 0.000000000000000000 ) ) ;
#3303 = STYLED_ITEM ( 'NONE', ( #46 ), #441 ) ;
#3304 = EDGE_LOOP ( 'NONE', ( #2571, #2347, #631, #3781, #165, #3178 ) ) ;
#3305 = CARTESIAN_POINT ( 'NONE',  ( 0.6499999999999999112, -1.249999999999999778, 1.270000000000000018 ) ) ;
#3306 = VECTOR ( 'NONE', #729, 1000.000000000000000 ) ;
#3307 = SURFACE_STYLE_FILL_AREA ( #2091 ) ;
#3308 = FILL_AREA_STYLE ('',( #3056 ) ) ;
#3309 = EDGE_CURVE ( 'NONE', #305, #3281, #2662, .T. ) ;
#3310 = VECTOR ( 'NONE', #2506, 1000.000000000000000 ) ;
#3311 = CARTESIAN_POINT ( 'NONE',  ( 1.020000000000000462, -0.9999999999999978906, 2.500000000000000000 ) ) ;
#3312 = PLANE ( 'NONE',  #397 ) ;
#3313 = CARTESIAN_POINT ( 'NONE',  ( -0.2713367824627651581, -1.149999999999999911, 1.691883934335445705 ) ) ;
#3314 = STYLED_ITEM ( 'NONE', ( #2128 ), #1849 ) ;
#3315 = CARTESIAN_POINT ( 'NONE',  ( -0.3199999999999998956, 2.219999999999999751, -2.359999999999988773 ) ) ;
#3316 = EDGE_CURVE ( 'NONE', #796, #1898, #1732, .T. ) ;
#3317 = LINE ( 'NONE', #3373, #3545 ) ;
#3318 = CARTESIAN_POINT ( 'NONE',  ( -0.3199999999999998401, 2.266799289467859690, -2.359999999999986997 ) ) ;
#3319 = CARTESIAN_POINT ( 'NONE',  ( 0.09036144578313230757, -1.250000000000000000, 1.456746987951807348 ) ) ;
#3320 = ORIENTED_EDGE ( 'NONE', *, *, #2072, .T. ) ;
#3321 = LINE ( 'NONE', #3871, #1290 ) ;
#3322 = UNCERTAINTY_MEASURE_WITH_UNIT (LENGTH_MEASURE( 1.000000000000000082E-05 ), #163, 'distance_accuracy_value', 'NONE');
#3323 = PRESENTATION_LAYER_ASSIGNMENT (  '', '', ( #343 ) ) ;
#3324 = EDGE_LOOP ( 'NONE', ( #1167, #1151, #2902, #3550 ) ) ;
#3325 = PRESENTATION_LAYER_ASSIGNMENT (  '', '', ( #1030 ) ) ;
#3326 = DIRECTION ( 'NONE',  ( 1.000000000000000000, 4.224164308385081333E-16, 1.537470072901852402E-16 ) ) ;
#3327 = VECTOR ( 'NONE', #269, 1000.000000000000000 ) ;
#3328 = DIRECTION ( 'NONE',  ( 0.000000000000000000, 1.000000000000000000, 0.000000000000000000 ) ) ;
#3329 = CARTESIAN_POINT ( 'NONE',  ( 0.3200000000000001177, 2.283999999999999364, 8.550000000000000711 ) ) ;
#3330 = PRESENTATION_LAYER_ASSIGNMENT (  '', '', ( #1602 ) ) ;
#3331 = VERTEX_POINT ( 'NONE', #3544 ) ;
#3332 =( NAMED_UNIT ( * ) PLANE_ANGLE_UNIT ( ) SI_UNIT ( $, .RADIAN. ) );
#3333 = FACE_OUTER_BOUND ( 'NONE', #1635, .T. ) ;
#3334 = CARTESIAN_POINT ( 'NONE',  ( 0.2560000000000002274, -0.3200000000000007283, 8.550000000000000711 ) ) ;
#3335 = CARTESIAN_POINT ( 'NONE',  ( 0.2010872110020790193, 2.741087211002078305, 8.584387938363944315 ) ) ;
#3336 = CARTESIAN_POINT ( 'NONE',  ( -0.09036144578313276554, -1.250000000000000000, 1.625421686746987948 ) ) ;
#3337 = EDGE_CURVE ( 'NONE', #748, #1072, #864, .T. ) ;
#3338 = CARTESIAN_POINT ( 'NONE',  ( -1.019999999999999796, 3.270000000000000462, 0.000000000000000000 ) ) ;
#3339 = CARTESIAN_POINT ( 'NONE',  ( -0.1581755106426706581, -1.150000000000000355, 0.7336620086532135154 ) ) ;
#3340 = CARTESIAN_POINT ( 'NONE',  ( -0.3012548339959391086, 2.238745166004060483, -2.466309119164536767 ) ) ;
#3341 = DIRECTION ( 'NONE',  ( 0.000000000000000000, 0.000000000000000000, 1.000000000000000000 ) ) ;
#3342 = ORIENTED_EDGE ( 'NONE', *, *, #756, .F. ) ;
#3343 = VERTEX_POINT ( 'NONE', #2386 ) ;
#3344 = DIRECTION ( 'NONE',  ( 1.000000000000000000, 0.000000000000000000, 0.000000000000000000 ) ) ;
#3345 = EDGE_CURVE ( 'NONE', #3236, #1405, #1162, .T. ) ;
#3346 = ORIENTED_EDGE ( 'NONE', *, *, #3415, .F. ) ;
#3347 = CARTESIAN_POINT ( 'NONE',  ( 0.2713045814164016245, -1.149999999999990807, 0.8473473234546057276 ) ) ;
#3348 = FACE_OUTER_BOUND ( 'NONE', #1245, .T. ) ;
#3349 =( NAMED_UNIT ( * ) PLANE_ANGLE_UNIT ( ) SI_UNIT ( $, .RADIAN. ) );
#3350 = CARTESIAN_POINT ( 'NONE',  ( 0.2349397590361444188, -1.250000000000000000, 1.100007530120482135 ) ) ;
#3351 = DIRECTION ( 'NONE',  ( -0.000000000000000000, -0.000000000000000000, -1.000000000000000000 ) ) ;
#3352 = CARTESIAN_POINT ( 'NONE',  ( -0.2567730509801751659, -1.190013523391416195, 1.691579096022318263 ) ) ;
#3353 = DIRECTION ( 'NONE',  ( -0.3236155771181850049, -0.8891264907159880382, 0.3236155771181853935 ) ) ;
#3354 = CARTESIAN_POINT ( 'NONE',  ( -0.2608839580572228645, -1.149999999999999689, 0.7919293115025519691 ) ) ;
#3355 = CARTESIAN_POINT ( 'NONE',  ( -1.145000000000000684, 3.499999999999997780, 2.374999999999999112 ) ) ;
#3356 = CARTESIAN_POINT ( 'NONE',  ( 0.2217366110000129342, -1.178483124856404496, 1.199172314360084757 ) ) ;
#3357 = EDGE_CURVE ( 'NONE', #2563, #2040, #2785, .T. ) ;
#3358 = ORIENTED_EDGE ( 'NONE', *, *, #1318, .T. ) ;
#3359 = CARTESIAN_POINT ( 'NONE',  ( -0.3012548339959391086, 2.841254833995938700, 8.016309119164535701 ) ) ;
#3360 = CARTESIAN_POINT ( 'NONE',  ( 0.2890920949374359283, 0.3134175730544420668, -2.397330798265292717 ) ) ;
#3361 = VECTOR ( 'NONE', #2449, 1000.000000000000000 ) ;
#3362 = EDGE_LOOP ( 'NONE', ( #1650, #3465, #3523, #2974 ) ) ;
#3363 = CARTESIAN_POINT ( 'NONE',  ( 0.2071507323465820727, -7.233649639496074251E-16, 8.550000000000000711 ) ) ;
#3364 = DIRECTION ( 'NONE',  ( 1.408054769461693942E-16, 1.000000000000000000, -0.000000000000000000 ) ) ;
#3365 = DIRECTION ( 'NONE',  ( -0.3420201433256690460, -0.9396926207859083169, 0.000000000000000000 ) ) ;
#3366 = DIRECTION ( 'NONE',  ( 0.3236155771181856156, -0.8891264907159879272, -0.3236155771181851715 ) ) ;
#3367 = ORIENTED_EDGE ( 'NONE', *, *, #1643, .T. ) ;
#3368 = CARTESIAN_POINT ( 'NONE',  ( 0.2250554584389091728, -1.249999999999997558, 1.150945051200795266 ) ) ;
#3369 = CARTESIAN_POINT ( 'NONE',  ( -0.3464101615137760160, -1.046666666666666856, 2.449999999999999734 ) ) ;
#3370 = CARTESIAN_POINT ( 'NONE',  ( 0.05396442235651190827, -1.149999999999999911, 1.589024663320367736 ) ) ;
#3371 = DIRECTION ( 'NONE',  ( -8.470329472543003391E-17, 1.000000000000000000, 0.000000000000000000 ) ) ;
#3372 = VECTOR ( 'NONE', #3520, 1000.000000000000000 ) ;
#3373 = CARTESIAN_POINT ( 'NONE',  ( 1.270000000000000462, -0.7700000000000002398, 0.6000000000000000888 ) ) ;
#3374 = CARTESIAN_POINT ( 'NONE',  ( -0.1855040689101490614, -1.129999999999998783, 0.7285820478135650591 ) ) ;
#3375 = VECTOR ( 'NONE', #1295, 1000.000000000000227 ) ;
#3376 = CARTESIAN_POINT ( 'NONE',  ( 0.2560000000000001719, 0.3199999999999993960, 7.909999999999988596 ) ) ;
#3377 = SURFACE_STYLE_FILL_AREA ( #2782 ) ;
#3378 = PRESENTATION_LAYER_ASSIGNMENT (  '', '', ( #76 ) ) ;
#3379 = ORIENTED_EDGE ( 'NONE', *, *, #775, .F. ) ;
#3380 = CARTESIAN_POINT ( 'NONE',  ( 0.3012548339959392751, 2.841254833995939144, -2.466309119164536767 ) ) ;
#3381 = MECHANICAL_DESIGN_GEOMETRIC_PRESENTATION_REPRESENTATION (  '', ( #405 ), #1469 ) ;
#3382 = EDGE_CURVE ( 'NONE', #2848, #1264, #1119, .T. ) ;
#3383 = ORIENTED_EDGE ( 'NONE', *, *, #3522, .T. ) ;
#3384 = PLANE ( 'NONE',  #707 ) ;
#3385 = CARTESIAN_POINT ( 'NONE',  ( 0.2341438633119422297, -1.129999999999999449, 1.211749748594949105 ) ) ;
#3386 = CARTESIAN_POINT ( 'NONE',  ( 0.1855040689101481455, -1.129999999999999449, 0.7285820478135641709 ) ) ;
#3387 = ADVANCED_FACE ( 'NONE', ( #2036 ), #249, .F. ) ;
#3388 = B_SPLINE_CURVE_WITH_KNOTS ( 'NONE', 3,
 ( #29, #2150, #1497, #1792, #3368, #643, #2131, #3350 ),
 .UNSPECIFIED., .F., .F.,
 ( 4, 2, 2, 4 ),
 ( 8.131516293641282051E-20, 2.242865849681359832E-05, 4.485731699362711532E-05, 8.971463398725414932E-05 ),
 .UNSPECIFIED. ) ;
#3389 = VECTOR ( 'NONE', #1905, 1000.000000000000000 ) ;
#3390 = VERTEX_POINT ( 'NONE', #3255 ) ;
#3391 =( NAMED_UNIT ( * ) PLANE_ANGLE_UNIT ( ) SI_UNIT ( $, .RADIAN. ) );
#3392 = CARTESIAN_POINT ( 'NONE',  ( 0.1585677505554677902, -1.149999999999999245, 1.806310649408094715 ) ) ;
#3393 = DIRECTION ( 'NONE',  ( 1.000000000000000000, 0.000000000000000000, 0.000000000000000000 ) ) ;
#3394 = CARTESIAN_POINT ( 'NONE',  ( -0.3199999999999999512, 2.859999999999999876, 7.909999999999988596 ) ) ;
#3395 = EDGE_CURVE ( 'NONE', #463, #2040, #1456, .T. ) ;
#3396 = CARTESIAN_POINT ( 'NONE',  ( 0.000000000000000000, 2.539999999999999147, 8.550000000000000711 ) ) ;
#3397 = CARTESIAN_POINT ( 'NONE',  ( -0.2890920949374357618, -0.3134175730544429550, 7.947330798265291207 ) ) ;
#3398 = CARTESIAN_POINT ( 'NONE',  ( 0.2080934730406488464, -1.230908229216363559, 1.185819156262297280 ) ) ;
#3399 = FACE_OUTER_BOUND ( 'NONE', #3304, .T. ) ;
#3400 = ORIENTED_EDGE ( 'NONE', *, *, #1925, .F. ) ;
#3401 = LINE ( 'NONE', #2454, #2026 ) ;
#3402 = FACE_OUTER_BOUND ( 'NONE', #3362, .T. ) ;
#3403 = ORIENTED_EDGE ( 'NONE', *, *, #2164, .F. ) ;
#3404 = CARTESIAN_POINT ( 'NONE',  ( 0.1577519656428686134, -1.149999999999990807, 0.7336324926132931079 ) ) ;
#3405 = LINE ( 'NONE', #3464, #525 ) ;
#3406 = CARTESIAN_POINT ( 'NONE',  ( -0.1560617469879519714, -1.250000000000000888, 1.770000000000000018 ) ) ;
#3407 = EDGE_LOOP ( 'NONE', ( #301, #2932, #3166, #2827 ) ) ;
#3408 = DIRECTION ( 'NONE',  ( 1.000000000000000000, 0.000000000000000000, -0.000000000000000000 ) ) ;
#3409 = CARTESIAN_POINT ( 'NONE',  ( 0.2349397590361444188, -1.250000000000000000, 1.100007530120482135 ) ) ;
#3410 = ADVANCED_FACE ( 'NONE', ( #3568 ), #804, .F. ) ;
#3411 = CARTESIAN_POINT ( 'NONE',  ( 0.3200000000000000622, 2.795999999999999819, -2.359999999999988773 ) ) ;
#3412 = CARTESIAN_POINT ( 'NONE',  ( -0.2411836234654209932, -1.150000000000000133, 1.366061145056028936 ) ) ;
#3413 = DIRECTION ( 'NONE',  ( 8.470329472543003391E-17, -1.000000000000000000, 0.000000000000000000 ) ) ;
#3414 =( NAMED_UNIT ( * ) PLANE_ANGLE_UNIT ( ) SI_UNIT ( $, .RADIAN. ) );
#3415 = EDGE_CURVE ( 'NONE', #3019, #3235, #1028, .T. ) ;
#3416 = ORIENTED_EDGE ( 'NONE', *, *, #2517, .F. ) ;
#3417 = CARTESIAN_POINT ( 'NONE',  ( -0.2010872110020788806, -0.2010872110020796577, 8.584387938363944315 ) ) ;
#3418 = VERTEX_POINT ( 'NONE', #925 ) ;
#3419 = DIRECTION ( 'NONE',  ( 8.470329472543003391E-17, -1.000000000000000000, 0.000000000000000000 ) ) ;
#3420 = CARTESIAN_POINT ( 'NONE',  ( 0.1591065173733838545, -1.129999999999999227, 0.7264298296317553971 ) ) ;
#3421 = VERTEX_POINT ( 'NONE', #2133 ) ;
#3422 = FACE_OUTER_BOUND ( 'NONE', #473, .T. ) ;
#3423 = VECTOR ( 'NONE', #1339, 1000.000000000000000 ) ;
#3424 = LINE ( 'NONE', #2288, #24 ) ;
#3425 = DIRECTION ( 'NONE',  ( 0.000000000000000000, -1.000000000000000000, 0.000000000000000000 ) ) ;
#3426 = EDGE_CURVE ( 'NONE', #2986, #550, #2465, .T. ) ;
#3427 =( GEOMETRIC_REPRESENTATION_CONTEXT ( 3 ) GLOBAL_UNCERTAINTY_ASSIGNED_CONTEXT ( ( #2766 ) ) GLOBAL_UNIT_ASSIGNED_CONTEXT ( ( #1882, #1546, #1246 ) ) REPRESENTATION_CONTEXT ( 'NONE', 'WORKASPACE' ) );
#3428 = FILL_AREA_STYLE ('',( #452 ) ) ;
#3429 = CARTESIAN_POINT ( 'NONE',  ( 1.019999999999999796, 3.499999999999998224, 0.000000000000000000 ) ) ;
#3430 = SURFACE_SIDE_STYLE ('',( #1894 ) ) ;
#3431 = STYLED_ITEM ( 'NONE', ( #3142 ), #1053 ) ;
#3432 = PLANE ( 'NONE',  #3203 ) ;
#3433 = UNCERTAINTY_MEASURE_WITH_UNIT (LENGTH_MEASURE( 1.000000000000000082E-05 ), #2774, 'distance_accuracy_value', 'NONE');
#3434 = EDGE_CURVE ( 'NONE', #3418, #3281, #1237, .T. ) ;
#3435 = VECTOR ( 'NONE', #2353, 1000.000000000000000 ) ;
#3436 = ORIENTED_EDGE ( 'NONE', *, *, #668, .F. ) ;
#3437 = DIRECTION ( 'NONE',  ( -0.3236155771181848939, -0.8891264907159881492, 0.3236155771181852825 ) ) ;
#3438 = CARTESIAN_POINT ( 'NONE',  ( -1.270000000000000684, 3.499999999999997780, 0.5999999999999998668 ) ) ;
#3439 = PRESENTATION_LAYER_ASSIGNMENT (  '', '', ( #2556 ) ) ;
#3440 = ORIENTED_EDGE ( 'NONE', *, *, #612, .F. ) ;
#3441 = MECHANICAL_DESIGN_GEOMETRIC_PRESENTATION_REPRESENTATION (  '', ( #1404 ), #3634 ) ;
#3442 = DIRECTION ( 'NONE',  ( 1.000000000000000000, 0.000000000000000000, 0.000000000000000000 ) ) ;
#3443 = CARTESIAN_POINT ( 'NONE',  ( 0.2216643011576611144, -1.250000000000001110, 1.157682800369860932 ) ) ;
#3444 = ORIENTED_EDGE ( 'NONE', *, *, #17, .F. ) ;
#3445 = SURFACE_SIDE_STYLE ('',( #428 ) ) ;
#3446 = STYLED_ITEM ( 'NONE', ( #606 ), #3890 ) ;
#3447 = PLANE ( 'NONE',  #3752 ) ;
#3448 =( GEOMETRIC_REPRESENTATION_CONTEXT ( 3 ) GLOBAL_UNCERTAINTY_ASSIGNED_CONTEXT ( ( #1597 ) ) GLOBAL_UNIT_ASSIGNED_CONTEXT ( ( #416, #2209, #2852 ) ) REPRESENTATION_CONTEXT ( 'NONE', 'WORKASPACE' ) );
#3449 =( NAMED_UNIT ( * ) PLANE_ANGLE_UNIT ( ) SI_UNIT ( $, .RADIAN. ) );
#3450 = LINE ( 'NONE', #3769, #2630 ) ;
#3451 =( GEOMETRIC_REPRESENTATION_CONTEXT ( 3 ) GLOBAL_UNCERTAINTY_ASSIGNED_CONTEXT ( ( #1955 ) ) GLOBAL_UNIT_ASSIGNED_CONTEXT ( ( #3627, #3349, #3078 ) ) REPRESENTATION_CONTEXT ( 'NONE', 'WORKASPACE' ) );
#3452 =( GEOMETRIC_REPRESENTATION_CONTEXT ( 3 ) GLOBAL_UNCERTAINTY_ASSIGNED_CONTEXT ( ( #130 ) ) GLOBAL_UNIT_ASSIGNED_CONTEXT ( ( #1495, #3332, #2771 ) ) REPRESENTATION_CONTEXT ( 'NONE', 'WORKASPACE' ) );
#3453 = DIRECTION ( 'NONE',  ( 1.000000000000000000, 0.000000000000000000, 0.000000000000000000 ) ) ;
#3454 = SURFACE_STYLE_FILL_AREA ( #3158 ) ;
#3455 = PRESENTATION_STYLE_ASSIGNMENT (( #1915 ) ) ;
#3456 = VECTOR ( 'NONE', #3105, 1000.000000000000114 ) ;
#3457 = CARTESIAN_POINT ( 'NONE',  ( -0.2890920949374357618, -0.3134175730544424554, -2.397330798265292717 ) ) ;
#3458 = ORIENTED_EDGE ( 'NONE', *, *, #1489, .T. ) ;
#3459 = ADVANCED_FACE ( 'NONE', ( #670 ), #48, .F. ) ;
#3460 = CARTESIAN_POINT ( 'NONE',  ( -0.1560617469879519992, -1.250000000000000000, 1.770000000000000240 ) ) ;
#3461 = DIRECTION ( 'NONE',  ( 0.000000000000000000, -0.000000000000000000, -1.000000000000000000 ) ) ;
#3462 = ORIENTED_EDGE ( 'NONE', *, *, #1437, .F. ) ;
#3463 = FACE_OUTER_BOUND ( 'NONE', #451, .T. ) ;
#3464 = CARTESIAN_POINT ( 'NONE',  ( 0.6499999999999999112, -1.249999999999999778, 1.270000000000000018 ) ) ;
#3465 = ORIENTED_EDGE ( 'NONE', *, *, #3193, .F. ) ;
#3466 = DIRECTION ( 'NONE',  ( -0.1710878697460327114, 0.1710878697460326836, 0.9702875252478149193 ) ) ;
#3467 = CARTESIAN_POINT ( 'NONE',  ( -0.3199999999999998956, 2.283999999999999364, 8.550000000000000711 ) ) ;
#3468 = CARTESIAN_POINT ( 'NONE',  ( -0.3012548339959390531, 0.3012548339959389421, -2.466309119164537655 ) ) ;
#3469 =( BOUNDED_CURVE ( )  B_SPLINE_CURVE ( 3, ( #2940, #3592, #213, #863 ),
 .UNSPECIFIED., .F., .F. ) 
 B_SPLINE_CURVE_WITH_KNOTS ( ( 4, 4 ),
 ( 2.356194490192344837, 3.141592653589792228 ),
 .UNSPECIFIED. ) 
 CURVE ( )  GEOMETRIC_REPRESENTATION_ITEM ( )  RATIONAL_B_SPLINE_CURVE ( ( 1.000000000000000000, 0.9492530216741912330, 0.9492530216741912330, 1.000000000000000000 ) ) 
 REPRESENTATION_ITEM ( '' )  );
#3470 = ORIENTED_EDGE ( 'NONE', *, *, #2591, .T. ) ;
#3471 = CARTESIAN_POINT ( 'NONE',  ( -0.3012548339959391086, 0.3012548339959384425, 8.016309119164535701 ) ) ;
#3472 = CARTESIAN_POINT ( 'NONE',  ( -0.1581755106426779856, -1.149999999999996581, 1.806337991346788296 ) ) ;
#3473 = CYLINDRICAL_SURFACE ( 'NONE', #3085, 0.06399999999999982092 ) ;
#3474 = ORIENTED_EDGE ( 'NONE', *, *, #2448, .T. ) ;
#3475 = CARTESIAN_POINT ( 'NONE',  ( 0.3200000000000001177, 2.283999999999999364, 7.909999999999988596 ) ) ;
#3476 = EDGE_CURVE ( 'NONE', #3201, #2730, #941, .T. ) ;
#3477 = ORIENTED_EDGE ( 'NONE', *, *, #1599, .T. ) ;
#3478 = DIRECTION ( 'NONE',  ( 0.000000000000000000, -1.000000000000000000, -5.078189165123089681E-17 ) ) ;
#3479 = CARTESIAN_POINT ( 'NONE',  ( -0.1569483399696858794, -1.180008786204564286, 0.7445252815182995532 ) ) ;
#3480 = CARTESIAN_POINT ( 'NONE',  ( 0.000000000000000000, 0.000000000000000000, 0.000000000000000000 ) ) ;
#3481 = VERTEX_POINT ( 'NONE', #1834 ) ;
#3482 = FACE_OUTER_BOUND ( 'NONE', #259, .T. ) ;
#3483 = CARTESIAN_POINT ( 'NONE',  ( -1.270000000000000684, 3.499999999999997780, 2.500000000000000000 ) ) ;
#3484 = ORIENTED_EDGE ( 'NONE', *, *, #3589, .T. ) ;
#3485 = COLOUR_RGB ( '',0.9686274509803921573, 0.8784313725490195957, 0.5999999999999999778 ) ;
#3486 = SURFACE_SIDE_STYLE ('',( #211 ) ) ;
#3487 = CARTESIAN_POINT ( 'NONE',  ( -0.2577490103816562073, -1.149999999999999689, 1.392503006755856365 ) ) ;
#3488 = SURFACE_SIDE_STYLE ('',( #2274 ) ) ;
#3489 = SURFACE_STYLE_USAGE ( .BOTH. , #3509 ) ;
#3490 = VERTEX_POINT ( 'NONE', #3062 ) ;
#3491 = EDGE_LOOP ( 'NONE', ( #2984, #1690, #495, #2614 ) ) ;
#3492 = DIRECTION ( 'NONE',  ( 6.842277657836020854E-49, -5.078189165123089681E-17, 1.000000000000000000 ) ) ;
#3493 = CARTESIAN_POINT ( 'NONE',  ( -0.2786199085238556528, -1.129999999999998783, 1.691947436342201572 ) ) ;
#3494 =( GEOMETRIC_REPRESENTATION_CONTEXT ( 3 ) GLOBAL_UNCERTAINTY_ASSIGNED_CONTEXT ( ( #1520 ) ) GLOBAL_UNIT_ASSIGNED_CONTEXT ( ( #1111, #1059, #228 ) ) REPRESENTATION_CONTEXT ( 'NONE', 'WORKASPACE' ) );
#3495 = ORIENTED_EDGE ( 'NONE', *, *, #232, .T. ) ;
#3496 = FACE_OUTER_BOUND ( 'NONE', #392, .T. ) ;
#3497 = CARTESIAN_POINT ( 'NONE',  ( 0.2402472990307072120, -1.129999999999999449, 1.205113941465186578 ) ) ;
#3498 = COLOUR_RGB ( '',0.9686274509803921573, 0.8784313725490195957, 0.5999999999999999778 ) ;
#3499 = VECTOR ( 'NONE', #2282, 1000.000000000000000 ) ;
#3500 = VERTEX_POINT ( 'NONE', #2154 ) ;
#3501 = CARTESIAN_POINT ( 'NONE',  ( -1.019999999999999574, -0.9999999999999988898, 2.499999999999999112 ) ) ;
#3502 = EDGE_CURVE ( 'NONE', #3736, #1459, #2508, .T. ) ;
#3503 = CARTESIAN_POINT ( 'NONE',  ( 0.3012548339959392751, 2.238745166004060039, 8.016309119164535701 ) ) ;
#3504 = SURFACE_STYLE_USAGE ( .BOTH. , #2289 ) ;
#3505 = ORIENTED_EDGE ( 'NONE', *, *, #824, .T. ) ;
#3506 = STYLED_ITEM ( 'NONE', ( #609 ), #2713 ) ;
#3507 =( LENGTH_UNIT ( ) NAMED_UNIT ( * ) SI_UNIT ( .MILLI., .METRE. ) );
#3508 = CARTESIAN_POINT ( 'NONE',  ( -0.2713367824627651026, -1.150000000000000133, 1.131698228245897608 ) ) ;
#3509 = SURFACE_SIDE_STYLE ('',( #2275 ) ) ;
#3510 = ORIENTED_EDGE ( 'NONE', *, *, #124, .T. ) ;
#3511 = ORIENTED_EDGE ( 'NONE', *, *, #1238, .T. ) ;
#3512 = CARTESIAN_POINT ( 'NONE',  ( 0.3200000000000001177, -0.2560000000000002829, -2.359999999999988773 ) ) ;
#3513 = COLOUR_RGB ( '',0.9686274509803921573, 0.8784313725490195957, 0.5999999999999999778 ) ;
#3514 = FILL_AREA_STYLE ('',( #2302 ) ) ;
#3515 = CARTESIAN_POINT ( 'NONE',  ( -0.2349397590361445298, -1.250000000000000888, 1.691121987951807348 ) ) ;
#3516 = VERTEX_POINT ( 'NONE', #3338 ) ;
#3517 = CARTESIAN_POINT ( 'NONE',  ( 0.3012548339959391641, 2.238745166004060483, -2.466309119164537655 ) ) ;
#3518 = LINE ( 'NONE', #2264, #2749 ) ;
#3519 = ORIENTED_EDGE ( 'NONE', *, *, #322, .T. ) ;
#3520 = DIRECTION ( 'NONE',  ( -0.000000000000000000, 0.000000000000000000, 1.000000000000000000 ) ) ;
#3521 = DIRECTION ( 'NONE',  ( -0.3420201433256690460, -0.9396926207859083169, 4.188538737677001009E-17 ) ) ;
#3522 = EDGE_CURVE ( 'NONE', #3129, #796, #587, .T. ) ;
#3523 = ORIENTED_EDGE ( 'NONE', *, *, #2637, .F. ) ;
#3524 =( NAMED_UNIT ( * ) PLANE_ANGLE_UNIT ( ) SI_UNIT ( $, .RADIAN. ) );
#3525 = CARTESIAN_POINT ( 'NONE',  ( 1.269999999999999796, 3.499999999999998224, 0.5999999999999998668 ) ) ;
#3526 = FACE_OUTER_BOUND ( 'NONE', #3275, .T. ) ;
#3527 = DIRECTION ( 'NONE',  ( 0.7071067811865460184, -0.7071067811865490160, 0.000000000000000000 ) ) ;
#3528 = ORIENTED_EDGE ( 'NONE', *, *, #3820, .F. ) ;
#3529 = VERTEX_POINT ( 'NONE', #963 ) ;
#3530 = CARTESIAN_POINT ( 'NONE',  ( 0.1566949385773097059, -1.200014643514627055, 0.7518068180901391617 ) ) ;
#3531 = CARTESIAN_POINT ( 'NONE',  ( 0.1539940963713159194, -1.250000000000000888, 1.770142306671540489 ) ) ;
#3532 = EDGE_CURVE ( 'NONE', #2047, #2400, #610, .T. ) ;
#3533 = ORIENTED_EDGE ( 'NONE', *, *, #3237, .T. ) ;
#3534 = SURFACE_STYLE_USAGE ( .BOTH. , #1645 ) ;
#3535 = DIRECTION ( 'NONE',  ( -6.842277657836020854E-49, 5.078189165123089681E-17, -1.000000000000000000 ) ) ;
#3536 = CARTESIAN_POINT ( 'NONE',  ( -0.2071507323465823780, 2.747150732346582469, -3.000000000000000000 ) ) ;
#3537 = ORIENTED_EDGE ( 'NONE', *, *, #32, .T. ) ;
#3538 = PRESENTATION_STYLE_ASSIGNMENT (( #469 ) ) ;
#3539 = CARTESIAN_POINT ( 'NONE',  ( -0.6500000000000001332, -1.250000000000000222, 1.270000000000000018 ) ) ;
#3540 = CARTESIAN_POINT ( 'NONE',  ( -0.2713367824627651026, -1.150000000000000133, 1.457141330931055911 ) ) ;
#3541 = ORIENTED_EDGE ( 'NONE', *, *, #365, .T. ) ;
#3542 = CARTESIAN_POINT ( 'NONE',  ( 1.019999999999999796, -0.9999999999999978906, 0.4500000000000018430 ) ) ;
#3543 = CARTESIAN_POINT ( 'NONE',  ( -0.3199999999999999512, 0.3199999999999998401, -2.359999999999988773 ) ) ;
#3544 = CARTESIAN_POINT ( 'NONE',  ( 1.019999999999999796, -0.9999999999999978906, 2.500000000000000000 ) ) ;
#3545 = VECTOR ( 'NONE', #591, 1000.000000000000000 ) ;
#3546 = ORIENTED_EDGE ( 'NONE', *, *, #3584, .T. ) ;
#3547 = VERTEX_POINT ( 'NONE', #2176 ) ;
#3548 =( NAMED_UNIT ( * ) SI_UNIT ( $, .STERADIAN. ) SOLID_ANGLE_UNIT ( ) );
#3549 = CARTESIAN_POINT ( 'NONE',  ( 0.1577505785904932956, -1.129999999999999227, 1.813663502661130744 ) ) ;
#3550 = ORIENTED_EDGE ( 'NONE', *, *, #2206, .T. ) ;
#3551 = EDGE_CURVE ( 'NONE', #3266, #788, #1258, .T. ) ;
#3552 = AXIS2_PLACEMENT_3D ( 'NONE', #1888, #684, #1567 ) ;
#3553 = AXIS2_PLACEMENT_3D ( 'NONE', #1706, #2938, #783 ) ;
#3554 = ORIENTED_EDGE ( 'NONE', *, *, #3200, .F. ) ;
#3555 = CARTESIAN_POINT ( 'NONE',  ( 0.3200000000000001177, 2.813200710532139492, 7.909999999999986819 ) ) ;
#3556 = CARTESIAN_POINT ( 'NONE',  ( -0.2349397590361447796, -1.250000000000000000, 1.095301204819277396 ) ) ;
#3557 = CARTESIAN_POINT ( 'NONE',  ( -0.3134175730544421223, 2.250907905062563774, 7.947330798265292984 ) ) ;
#3558 = EDGE_CURVE ( 'NONE', #3134, #970, #2794, .T. ) ;
#3559 = VECTOR ( 'NONE', #3169, 1000.000000000000000 ) ;
#3560 = ORIENTED_EDGE ( 'NONE', *, *, #617, .F. ) ;
#3561 = AXIS2_PLACEMENT_3D ( 'NONE', #637, #2439, #3648 ) ;
#3562 = DIRECTION ( 'NONE',  ( -0.7196877547425333255, 0.000000000000000000, 0.6942978724392371292 ) ) ;
#3563 = DIRECTION ( 'NONE',  ( 0.6524265873585068931, 0.3420201433256697676, 0.6762852724015370187 ) ) ;
#3564 = FACE_OUTER_BOUND ( 'NONE', #115, .T. ) ;
#3565 = FILL_AREA_STYLE ('',( #2979 ) ) ;
#3566 = AXIS2_PLACEMENT_3D ( 'NONE', #1247, #1207, #2435 ) ;
#3567 = CARTESIAN_POINT ( 'NONE',  ( 5.421010862427522170E-17, -0.4466666666666664898, 2.449999999999999734 ) ) ;
#3568 = FACE_OUTER_BOUND ( 'NONE', #1610, .T. ) ;
#3569 = VECTOR ( 'NONE', #1570, 1000.000000000000000 ) ;
#3570 =( GEOMETRIC_REPRESENTATION_CONTEXT ( 3 ) GLOBAL_UNCERTAINTY_ASSIGNED_CONTEXT ( ( #1243 ) ) GLOBAL_UNIT_ASSIGNED_CONTEXT ( ( #2163, #1824, #991 ) ) REPRESENTATION_CONTEXT ( 'NONE', 'WORKASPACE' ) );
#3571 = ORIENTED_EDGE ( 'NONE', *, *, #1176, .F. ) ;
#3572 = ORIENTED_EDGE ( 'NONE', *, *, #2346, .F. ) ;
#3573 = CARTESIAN_POINT ( 'NONE',  ( 0.2349397590361444188, -1.250000000000000000, 1.456746987951807348 ) ) ;
#3574 =( BOUNDED_CURVE ( )  B_SPLINE_CURVE ( 3, ( #423, #2260, #3179, #3475 ),
 .UNSPECIFIED., .F., .F. ) 
 B_SPLINE_CURVE_WITH_KNOTS ( ( 4, 4 ),
 ( 5.497787143782135288, 6.283185307179586232 ),
 .UNSPECIFIED. ) 
 CURVE ( )  GEOMETRIC_REPRESENTATION_ITEM ( )  RATIONAL_B_SPLINE_CURVE ( ( 1.000000000000000000, 0.9492530216741907889, 0.9492530216741907889, 1.000000000000000000 ) ) 
 REPRESENTATION_ITEM ( '' )  );
#3575 = FACE_OUTER_BOUND ( 'NONE', #786, .T. ) ;
#3576 = VERTEX_POINT ( 'NONE', #1042 ) ;
#3577 = COLOUR_RGB ( '',0.9686274509803921573, 0.8784313725490195957, 0.5999999999999999778 ) ;
#3578 = CARTESIAN_POINT ( 'NONE',  ( -0.3012548339959391086, -0.3012548339959393862, -2.466309119164536767 ) ) ;
#3579 = ORIENTED_EDGE ( 'NONE', *, *, #1721, .F. ) ;
#3580 =( NAMED_UNIT ( * ) PLANE_ANGLE_UNIT ( ) SI_UNIT ( $, .RADIAN. ) );
#3581 = FACE_OUTER_BOUND ( 'NONE', #133, .T. ) ;
#3582 =( NAMED_UNIT ( * ) SI_UNIT ( $, .STERADIAN. ) SOLID_ANGLE_UNIT ( ) );
#3583 = EDGE_CURVE ( 'NONE', #2259, #3738, #318, .T. ) ;
#3584 = EDGE_CURVE ( 'NONE', #3866, #3576, #1061, .T. ) ;
#3585 = ORIENTED_EDGE ( 'NONE', *, *, #1721, .T. ) ;
#3586 =( NAMED_UNIT ( * ) SI_UNIT ( $, .STERADIAN. ) SOLID_ANGLE_UNIT ( ) );
#3587 = DIRECTION ( 'NONE',  ( -0.000000000000000000, 1.000000000000000000, -0.000000000000000000 ) ) ;
#3588 = DIRECTION ( 'NONE',  ( 0.000000000000000000, -1.000000000000000000, 0.000000000000000000 ) ) ;
#3589 = EDGE_CURVE ( 'NONE', #827, #1940, #2492, .T. ) ;
#3590 = CARTESIAN_POINT ( 'NONE',  ( -0.2594620124652654569, -1.129999999999999449, 1.379748504853093083 ) ) ;
#3591 =( NAMED_UNIT ( * ) SI_UNIT ( $, .STERADIAN. ) SOLID_ANGLE_UNIT ( ) );
#3592 = CARTESIAN_POINT ( 'NONE',  ( 0.2890920949374360394, 2.226582426945557636, -2.397330798265292717 ) ) ;
#3593 = CARTESIAN_POINT ( 'NONE',  ( -0.3012548339959391086, 2.238745166004060483, -2.466309119164536767 ) ) ;
#3594 = ORIENTED_EDGE ( 'NONE', *, *, #2170, .F. ) ;
#3595 = CARTESIAN_POINT ( 'NONE',  ( 0.1560617469879515551, -1.250000000000000000, 0.7700000000000001288 ) ) ;
#3596 = CARTESIAN_POINT ( 'NONE',  ( 0.2349397590361441412, -1.250000000000000888, 1.692439759036144631 ) ) ;
#3597 = ORIENTED_EDGE ( 'NONE', *, *, #1699, .F. ) ;
#3598 = FACE_OUTER_BOUND ( 'NONE', #3258, .T. ) ;
#3599 = UNCERTAINTY_MEASURE_WITH_UNIT (LENGTH_MEASURE( 1.000000000000000082E-05 ), #2674, 'distance_accuracy_value', 'NONE');
#3600 =( BOUNDED_CURVE ( )  B_SPLINE_CURVE ( 3, ( #924, #3609, #2113, #44 ),
 .UNSPECIFIED., .F., .F. ) 
 B_SPLINE_CURVE_WITH_KNOTS ( ( 4, 4 ),
 ( 2.356194490192344837, 3.141592653589792228 ),
 .UNSPECIFIED. ) 
 CURVE ( )  GEOMETRIC_REPRESENTATION_ITEM ( )  RATIONAL_B_SPLINE_CURVE ( ( 1.000000000000000000, 0.9492530216741912330, 0.9492530216741912330, 1.000000000000000000 ) ) 
 REPRESENTATION_ITEM ( '' )  );
#3601 = ORIENTED_EDGE ( 'NONE', *, *, #408, .F. ) ;
#3602 = FACE_OUTER_BOUND ( 'NONE', #665, .T. ) ;
#3603 = DIRECTION ( 'NONE',  ( -1.000000000000000000, 0.000000000000000000, 0.000000000000000000 ) ) ;
#3604 = FACE_OUTER_BOUND ( 'NONE', #99, .T. ) ;
#3605 = EDGE_CURVE ( 'NONE', #796, #2124, #999, .T. ) ;
#3606 = ORIENTED_EDGE ( 'NONE', *, *, #2340, .T. ) ;
#3607 = PLANE ( 'NONE',  #594 ) ;
#3608 = EDGE_CURVE ( 'NONE', #1143, #1774, #792, .T. ) ;
#3609 = CARTESIAN_POINT ( 'NONE',  ( 0.2890920949374360394, -0.3134175730544423999, -2.397330798265292717 ) ) ;
#3610 = FACE_OUTER_BOUND ( 'NONE', #934, .T. ) ;
#3611 = PLANE ( 'NONE',  #2876 ) ;
#3612 = CARTESIAN_POINT ( 'NONE',  ( -1.019999999999999574, -0.9999999999999988898, 2.500000000000000000 ) ) ;
#3613 = CARTESIAN_POINT ( 'NONE',  ( -0.2713045814163984604, -1.150000000000000355, 0.8473473234546058386 ) ) ;
#3614 = CARTESIAN_POINT ( 'NONE',  ( -0.2675450665421197360, -1.129999999999997673, 0.7888260276643594970 ) ) ;
#3615 = CARTESIAN_POINT ( 'NONE',  ( 0.2349853985410841894, -1.250000000000000888, 1.691388943598385985 ) ) ;
#3616 = ORIENTED_EDGE ( 'NONE', *, *, #425, .F. ) ;
#3617 = CARTESIAN_POINT ( 'NONE',  ( -0.2344989567605785807, -1.249999999999993117, 0.8383569884989856558 ) ) ;
#3618 = B_SPLINE_CURVE_WITH_KNOTS ( 'NONE', 3,
 ( #429, #1626, #3115, #118, #1333, #1946, #445, #1278, #1646, #2871, #3712, #143, #3688, #984 ),
 .UNSPECIFIED., .F., .F.,
 ( 4, 3, 2, 2, 3, 4 ),
 ( 0.000000000000000000, 1.463809135176860971E-06, 2.991038687301428954E-05, 5.835696461085171344E-05, 0.0001152501200865265748, 0.0001164441600854332164 ),
 .UNSPECIFIED. ) ;
#3619 = VERTEX_POINT ( 'NONE', #1931 ) ;
#3620 = DIRECTION ( 'NONE',  ( -0.9848077530122085754, -8.341646135128160883E-17, 0.1736481776669273891 ) ) ;
#3621 = CLOSED_SHELL ( 'NONE', ( #1938, #1144, #3459, #2312, #2119, #82, #800, #2261, #2594, #2778, #360, #661, #1830, #441, #2019, #2805, #1337, #3286 ) ) ;
#3622 = CARTESIAN_POINT ( 'NONE',  ( -0.2071507323465818784, 2.332849267653417158, 8.550000000000000711 ) ) ;
#3623 = CARTESIAN_POINT ( 'NONE',  ( 0.1568957002885583152, -1.183333333787205843, 1.794264682119217413 ) ) ;
#3624 = ORIENTED_EDGE ( 'NONE', *, *, #3076, .F. ) ;
#3625 = EDGE_CURVE ( 'NONE', #1143, #3201, #2872, .T. ) ;
#3626 = AXIS2_PLACEMENT_3D ( 'NONE', #1381, #1691, #218 ) ;
#3627 =( LENGTH_UNIT ( ) NAMED_UNIT ( * ) SI_UNIT ( .MILLI., .METRE. ) );
#3628 = AXIS2_PLACEMENT_3D ( 'NONE', #776, #2007, #2933 ) ;
#3629 = EDGE_CURVE ( 'NONE', #2603, #2910, #2562, .T. ) ;
#3630 = CARTESIAN_POINT ( 'NONE',  ( -0.2346826363381523672, -1.129999999999999227, 1.348216507526515340 ) ) ;
#3631 = PLANE ( 'NONE',  #456 ) ;
#3632 = VECTOR ( 'NONE', #1109, 1000.000000000000000 ) ;
#3633 = CARTESIAN_POINT ( 'NONE',  ( -0.3199999999999998956, 2.219999999999999307, 8.550000000000000711 ) ) ;
#3634 =( GEOMETRIC_REPRESENTATION_CONTEXT ( 3 ) GLOBAL_UNCERTAINTY_ASSIGNED_CONTEXT ( ( #888 ) ) GLOBAL_UNIT_ASSIGNED_CONTEXT ( ( #2715, #3245, #3914 ) ) REPRESENTATION_CONTEXT ( 'NONE', 'WORKASPACE' ) );
#3635 = ADVANCED_FACE ( 'NONE', ( #1665 ), #145, .F. ) ;
#3636 = CARTESIAN_POINT ( 'NONE',  ( 0.3134175730544422889, 0.2890920949374353177, 7.947330798265291207 ) ) ;
#3637 = LINE ( 'NONE', #1261, #194 ) ;
#3638 = CARTESIAN_POINT ( 'NONE',  ( -0.2326746774003363161, -1.249999999999998668, 1.428617988992419985 ) ) ;
#3639 = FILL_AREA_STYLE_COLOUR ( '', #1987 ) ;
#3640 = VECTOR ( 'NONE', #80, 1000.000000000000000 ) ;
#3641 = ORIENTED_EDGE ( 'NONE', *, *, #2826, .F. ) ;
#3642 = VECTOR ( 'NONE', #2270, 1000.000000000000000 ) ;
#3643 = VECTOR ( 'NONE', #2362, 1000.000000000000000 ) ;
#3644 = DIRECTION ( 'NONE',  ( -1.000000000000000000, 0.000000000000000000, 0.000000000000000000 ) ) ;
#3645 = SURFACE_SIDE_STYLE ('',( #2087 ) ) ;
#3646 = MECHANICAL_DESIGN_GEOMETRIC_PRESENTATION_REPRESENTATION (  '', ( #1413 ), #657 ) ;
#3647 = EDGE_LOOP ( 'NONE', ( #3152, #1944, #2988, #817, #3320, #1365 ) ) ;
#3648 = DIRECTION ( 'NONE',  ( 1.000000000000000000, 3.336006684570782608E-16, 0.000000000000000000 ) ) ;
#3649 = COLOUR_RGB ( '',0.9686274509803921573, 0.8784313725490195957, 0.5999999999999999778 ) ;
#3650 = CARTESIAN_POINT ( 'NONE',  ( -0.2559999999999999498, 2.219999999999999307, 7.909999999999988596 ) ) ;
#3651 =( LENGTH_UNIT ( ) NAMED_UNIT ( * ) SI_UNIT ( .MILLI., .METRE. ) );
#3652 = CARTESIAN_POINT ( 'NONE',  ( 1.020000000000000462, -0.9999999999999978906, 2.500000000000000000 ) ) ;
#3653 = CARTESIAN_POINT ( 'NONE',  ( -1.169999999999999707, -1.250000000000000222, 2.350000000000000089 ) ) ;
#3654 = FILL_AREA_STYLE_COLOUR ( '', #140 ) ;
#3655 = EDGE_CURVE ( 'NONE', #2473, #283, #2580, .T. ) ;
#3656 = DIRECTION ( 'NONE',  ( -1.000000000000000000, 0.000000000000000000, 0.000000000000000000 ) ) ;
#3657 = DIRECTION ( 'NONE',  ( 1.000000000000000000, 0.000000000000000000, -0.000000000000000000 ) ) ;
#3658 = SURFACE_STYLE_USAGE ( .BOTH. , #1820 ) ;
#3659 = ADVANCED_FACE ( 'NONE', ( #1302 ), #2597, .F. ) ;
#3660 = ORIENTED_EDGE ( 'NONE', *, *, #603, .F. ) ;
#3661 = CARTESIAN_POINT ( 'NONE',  ( 0.2560000000000001719, 2.860000000000000320, -2.359999999999988773 ) ) ;
#3662 = ORIENTED_EDGE ( 'NONE', *, *, #981, .T. ) ;
#3663 = SURFACE_SIDE_STYLE ('',( #2203 ) ) ;
#3664 = DIRECTION ( 'NONE',  ( 0.7071067811865515695, -0.000000000000000000, 0.7071067811865435759 ) ) ;
#3665 = DIRECTION ( 'NONE',  ( 0.7213041043845912492, 3.046907053233057655E-16, -0.6926185017727598536 ) ) ;
#3666 = ORIENTED_EDGE ( 'NONE', *, *, #446, .T. ) ;
#3667 = CARTESIAN_POINT ( 'NONE',  ( -1.019999999999999796, 3.270000000000000462, 0.4500000000000001221 ) ) ;
#3668 = LINE ( 'NONE', #3335, #3063 ) ;
#3669 = CARTESIAN_POINT ( 'NONE',  ( -0.2531321181320737579, -1.200016904177325427, 1.691502877236088054 ) ) ;
#3670 = FILL_AREA_STYLE ('',( #1239 ) ) ;
#3671 = EDGE_CURVE ( 'NONE', #1698, #3236, #1077, .T. ) ;
#3672 = CARTESIAN_POINT ( 'NONE',  ( -0.3199999999999998956, 2.219999999999999307, 7.909999999999988596 ) ) ;
#3673 = CARTESIAN_POINT ( 'NONE',  ( 0.2572625420838001165, -1.129999999999999449, 1.769420625901144017 ) ) ;
#3674 = UNCERTAINTY_MEASURE_WITH_UNIT (LENGTH_MEASURE( 1.000000000000000082E-05 ), #400, 'distance_accuracy_value', 'NONE');
#3675 = B_SPLINE_CURVE_WITH_KNOTS ( 'NONE', 3,
 ( #3773, #2255, #3750, #73, #2796, #3733, #1893 ),
 .UNSPECIFIED., .F., .F.,
 ( 4, 3, 4 ),
 ( 0.000000000000000000, 4.546922341132792486E-05, 0.0001064217250085869825 ),
 .UNSPECIFIED. ) ;
#3676 = ORIENTED_EDGE ( 'NONE', *, *, #3551, .T. ) ;
#3677 = ADVANCED_FACE ( 'NONE', ( #2544 ), #417, .F. ) ;
#3678 = CARTESIAN_POINT ( 'NONE',  ( 1.169999999999999707, -0.7700000000000006839, 0.6000000000000000888 ) ) ;
#3679 = VERTEX_POINT ( 'NONE', #3118 ) ;
#3680 = CARTESIAN_POINT ( 'NONE',  ( 0.2700724310048543964, -1.149999999999990807, 0.8217727567765057417 ) ) ;
#3681 = CARTESIAN_POINT ( 'NONE',  ( 0.000000000000000000, -7.409113134841486521E-16, 8.550000000000000711 ) ) ;
#3682 = CARTESIAN_POINT ( 'NONE',  ( 0.2604139838411242414, -1.180010142570207199, 0.8483446904390460341 ) ) ;
#3683 = LINE ( 'NONE', #2772, #2875 ) ;
#3684 = VECTOR ( 'NONE', #8, 1000.000000000000000 ) ;
#3685 = ORIENTED_EDGE ( 'NONE', *, *, #1767, .F. ) ;
#3686 = VECTOR ( 'NONE', #3492, 1000.000000000000000 ) ;
#3687 =( NAMED_UNIT ( * ) PLANE_ANGLE_UNIT ( ) SI_UNIT ( $, .RADIAN. ) );
#3688 = CARTESIAN_POINT ( 'NONE',  ( 0.2713213236866627853, -1.150000000000000133, 1.101230888130537711 ) ) ;
#3689 = CARTESIAN_POINT ( 'NONE',  ( 1.270000000000000462, -0.9999999999999978906, 2.350000000000000089 ) ) ;
#3690 = DIRECTION ( 'NONE',  ( -1.000000000000000000, 0.000000000000000000, 0.000000000000000000 ) ) ;
#3691 = MECHANICAL_DESIGN_GEOMETRIC_PRESENTATION_REPRESENTATION (  '', ( #1776 ), #3182 ) ;
#3692 = DIRECTION ( 'NONE',  ( 1.000000000000000000, 0.000000000000000000, 0.000000000000000000 ) ) ;
#3693 = CARTESIAN_POINT ( 'NONE',  ( -0.2781474999798800862, -1.129999999999998561, 0.8367741431338062696 ) ) ;
#3694 = CARTESIAN_POINT ( 'NONE',  ( 0.2291490472775132015, -1.149999999999999689, 1.206427255910813345 ) ) ;
#3695 = ORIENTED_EDGE ( 'NONE', *, *, #3920, .F. ) ;
#3696 = CARTESIAN_POINT ( 'NONE',  ( -1.020000000000000684, 3.499999999999997780, 0.000000000000000000 ) ) ;
#3697 = CARTESIAN_POINT ( 'NONE',  ( 0.3012548339959392751, 0.3012548339959391086, -2.466309119164536767 ) ) ;
#3698 = COLOUR_RGB ( '',0.9686274509803921573, 0.8784313725490195957, 0.5999999999999999778 ) ;
#3699 =( GEOMETRIC_REPRESENTATION_CONTEXT ( 3 ) GLOBAL_UNCERTAINTY_ASSIGNED_CONTEXT ( ( #169 ) ) GLOBAL_UNIT_ASSIGNED_CONTEXT ( ( #906, #3084, #2193 ) ) REPRESENTATION_CONTEXT ( 'NONE', 'WORKASPACE' ) );
#3700 = STYLED_ITEM ( 'NONE', ( #1060 ), #2805 ) ;
#3701 = ORIENTED_EDGE ( 'NONE', *, *, #1825, .T. ) ;
#3702 = CARTESIAN_POINT ( 'NONE',  ( 0.1585990556424786702, -1.149999999999990807, 0.7336915246931264845 ) ) ;
#3703 = CARTESIAN_POINT ( 'NONE',  ( -0.2890920949374357618, 2.226582426945557636, 7.947330798265291207 ) ) ;
#3704 =( BOUNDED_CURVE ( )  B_SPLINE_CURVE ( 3, ( #3340, #1818, #3318, #1184 ),
 .UNSPECIFIED., .F., .F. ) 
 B_SPLINE_CURVE_WITH_KNOTS ( ( 4, 4 ),
 ( 2.356194490192339952, 3.141592653589793560 ),
 .UNSPECIFIED. ) 
 CURVE ( )  GEOMETRIC_REPRESENTATION_ITEM ( )  RATIONAL_B_SPLINE_CURVE ( ( 1.000000000000000000, 0.9492530216741903448, 0.9492530216741903448, 1.000000000000000000 ) ) 
 REPRESENTATION_ITEM ( '' )  );
#3705 = CARTESIAN_POINT ( 'NONE',  ( 0.2786199085238553752, -1.129999999999997895, 0.8480525636578079007 ) ) ;
#3706 = EDGE_CURVE ( 'NONE', #2473, #278, #3746, .T. ) ;
#3707 = EDGE_CURVE ( 'NONE', #1621, #2668, #3450, .T. ) ;
#3708 = PRODUCT_DEFINITION ( 'UNKNOWN', '', #2443, #2322 ) ;
#3709 = ORIENTED_EDGE ( 'NONE', *, *, #901, .T. ) ;
#3710 = COLOUR_RGB ( '',0.9686274509803921573, 0.8784313725490195957, 0.5999999999999999778 ) ;
#3711 = B_SPLINE_SURFACE_WITH_KNOTS ( 'NONE', 1, 3, ( 
 ( #791, #2829, #2305, #3515, #100, #2808, #2168, #663, #175, #2906, #1274, #1314, #3406, #2538, #980, #680 ),
 ( #1070, #3493, #2606, #1886, #3112, #3205, #1383, #3814, #2001, #390, #1584, #3222, #499, #2969, #2020, #519 ) ),
 .UNSPECIFIED., .F., .F., .F.,
 ( 2, 2 ),
 ( 4, 3, 2, 2, 2, 3, 4 ),
 ( 0.000000000000000000, 1.000000000000000000 ),
 ( -0.01231340368776220710, 0.000000000000000000, 0.2500000000000000000, 0.5000000000000000000, 0.7500000000000000000, 1.000000000000000000, 1.016462362245815543 ),
 .UNSPECIFIED. ) ;
#3712 = CARTESIAN_POINT ( 'NONE',  ( 0.2712904061344593720, -1.150000000000000133, 1.101844312593097230 ) ) ;
#3713 = FILL_AREA_STYLE ('',( #1815 ) ) ;
#3714 = EDGE_CURVE ( 'NONE', #982, #2639, #2031, .T. ) ;
#3715 = CARTESIAN_POINT ( 'NONE',  ( -0.3012548339959390531, 0.3012548339959389421, -2.466309119164537655 ) ) ;
#3716 = CARTESIAN_POINT ( 'NONE',  ( -0.2713053850547516022, -1.149999999999999911, 1.456522968118982408 ) ) ;
#3717 = DIRECTION ( 'NONE',  ( -0.7071067811865515695, -0.000000000000000000, -0.7071067811865435759 ) ) ;
#3718 =( LENGTH_UNIT ( ) NAMED_UNIT ( * ) SI_UNIT ( .MILLI., .METRE. ) );
#3719 = UNCERTAINTY_MEASURE_WITH_UNIT (LENGTH_MEASURE( 1.000000000000000082E-05 ), #1899, 'distance_accuracy_value', 'NONE');
#3720 = VERTEX_POINT ( 'NONE', #2679 ) ;
#3721 = CARTESIAN_POINT ( 'NONE',  ( -0.3199999999999999512, 2.813200710532140381, -2.359999999999986997 ) ) ;
#3722 = ORIENTED_EDGE ( 'NONE', *, *, #146, .T. ) ;
#3723 = CARTESIAN_POINT ( 'NONE',  ( 0.1841190565292910863, -1.149999999999990807, 0.7357780467736286800 ) ) ;
#3724 = CARTESIAN_POINT ( 'NONE',  ( 0.2081842810550315337, -1.250000000000001110, 1.175455635456971182 ) ) ;
#3725 = ADVANCED_FACE ( 'NONE', ( #1416 ), #1436, .F. ) ;
#3726 = CARTESIAN_POINT ( 'NONE',  ( 0.2153368545994584493, -1.129999999999999449, 0.7379887785981120718 ) ) ;
#3727 = APPLICATION_PROTOCOL_DEFINITION ( 'draft international standard', 'automotive_design', 1998, #2248 ) ;
#3728 = VERTEX_POINT ( 'NONE', #861 ) ;
#3729 = CARTESIAN_POINT ( 'NONE',  ( -0.2349397590361447796, -1.250000000000000000, 1.458064759036144631 ) ) ;
#3730 = EDGE_CURVE ( 'NONE', #2253, #869, #3213, .T. ) ;
#3731 = DIRECTION ( 'NONE',  ( -2.409338161078900167E-16, 1.000000000000000000, 0.000000000000000000 ) ) ;
#3732 = CARTESIAN_POINT ( 'NONE',  ( -0.3199999999999999512, 0.2559999999999993392, 7.909999999999988596 ) ) ;
#3733 = CARTESIAN_POINT ( 'NONE',  ( 0.2418884956655206753, -1.230908503017051903, 1.100182544664074280 ) ) ;
#3734 = CARTESIAN_POINT ( 'NONE',  ( -0.2713045814163999592, -1.149999999999996581, 1.692652676545395307 ) ) ;
#3735 = FACE_OUTER_BOUND ( 'NONE', #1276, .T. ) ;
#3736 = VERTEX_POINT ( 'NONE', #3212 ) ;
#3737 = DIRECTION ( 'NONE',  ( -0.7071067811865435759, -0.000000000000000000, 0.7071067811865515695 ) ) ;
#3738 = VERTEX_POINT ( 'NONE', #3229 ) ;
#3739 = LINE ( 'NONE', #2004, #3499 ) ;
#3740 = CARTESIAN_POINT ( 'NONE',  ( 0.2019711989004281116, -1.250000000000001110, 1.182210792471864780 ) ) ;
#3741 = ADVANCED_FACE ( 'NONE', ( #1683 ), #3881, .F. ) ;
#3742 = ORIENTED_EDGE ( 'NONE', *, *, #3131, .F. ) ;
#3743 = CARTESIAN_POINT ( 'NONE',  ( -0.3199999999999999512, 2.860000000000000320, -2.359999999999988773 ) ) ;
#3744 = VECTOR ( 'NONE', #384, 999.9999999999998863 ) ;
#3745 = CARTESIAN_POINT ( 'NONE',  ( 0.000000000000000000, -0.7700000000000002398, 0.000000000000000000 ) ) ;
#3746 = LINE ( 'NONE', #1017, #3013 ) ;
#3747 = EDGE_CURVE ( 'NONE', #1037, #3529, #2334, .T. ) ;
#3748 = VECTOR ( 'NONE', #3044, 1000.000000000000000 ) ;
#3749 = DIRECTION ( 'NONE',  ( 0.000000000000000000, 0.000000000000000000, 1.000000000000000000 ) ) ;
#3750 = CARTESIAN_POINT ( 'NONE',  ( 0.2609695734686026114, -1.178483672614227373, 1.100663097109698008 ) ) ;
#3751 = CARTESIAN_POINT ( 'NONE',  ( -9.912051728362343045E-17, -1.149999999999999911, 1.270000000000000018 ) ) ;
#3752 = AXIS2_PLACEMENT_3D ( 'NONE', #1568, #3154, #3408 ) ;
#3753 = CARTESIAN_POINT ( 'NONE',  ( 1.019999999999999796, -1.250000000000000222, 2.500000000000000888 ) ) ;
#3754 = UNCERTAINTY_MEASURE_WITH_UNIT (LENGTH_MEASURE( 1.000000000000000082E-05 ), #2296, 'distance_accuracy_value', 'NONE');
#3755 = ORIENTED_EDGE ( 'NONE', *, *, #1919, .T. ) ;
#3756 = FACE_OUTER_BOUND ( 'NONE', #2037, .T. ) ;
#3757 = CARTESIAN_POINT ( 'NONE',  ( -0.1573284206430661802, -1.149999999999999911, 1.806397023426620674 ) ) ;
#3758 = B_SPLINE_CURVE_WITH_KNOTS ( 'NONE', 3,
 ( #434, #2898, #95, #3734, #2584, #1003, #3143, #127, #1377, #1632, #2858, #2600, #988, #3472, #1341, #2215 ),
 .UNSPECIFIED., .F., .F.,
 ( 4, 3, 2, 2, 2, 3, 4 ),
 ( 0.000000000000000000, 1.104703206887443376E-06, 4.554924001585093104E-05, 8.999377682481443945E-05, 0.0001344383136337779275, 0.0001788828504427414292, 0.0001807251478150377589 ),
 .UNSPECIFIED. ) ;
#3759 = VERTEX_POINT ( 'NONE', #265 ) ;
#3760 = CARTESIAN_POINT ( 'NONE',  ( 0.1770002516592693309, -1.249999999999996447, 1.768231629108717229 ) ) ;
#3761 = CARTESIAN_POINT ( 'NONE',  ( 0.2349895302559611154, -1.250000000000000888, 1.099020110436262465 ) ) ;
#3762 = VECTOR ( 'NONE', #2210, 1000.000000000000000 ) ;
#3763 = VECTOR ( 'NONE', #746, 1000.000000000000000 ) ;
#3764 = ORIENTED_EDGE ( 'NONE', *, *, #2717, .T. ) ;
#3765 = CARTESIAN_POINT ( 'NONE',  ( 0.3012548339959392751, 0.3012548339959391086, -2.466309119164536767 ) ) ;
#3766 = LINE ( 'NONE', #3743, #2615 ) ;
#3767 = CIRCLE ( 'NONE', #1032, 0.6136029765733795882 ) ;
#3768 = CARTESIAN_POINT ( 'NONE',  ( 1.270000000000000462, -0.9999999999999978906, 2.350000000000000089 ) ) ;
#3769 = CARTESIAN_POINT ( 'NONE',  ( 0.000000000000000000, 2.747150732346582469, -3.000000000000000000 ) ) ;
#3770 = VECTOR ( 'NONE', #738, 1000.000000000000000 ) ;
#3771 = EDGE_LOOP ( 'NONE', ( #3474, #3239, #487, #793 ) ) ;
#3772 = CARTESIAN_POINT ( 'NONE',  ( 0.3200000000000001177, 2.813200710532140381, -2.359999999999986997 ) ) ;
#3773 = CARTESIAN_POINT ( 'NONE',  ( 0.2713367824627647140, -1.149999999999999689, 1.100924175899257840 ) ) ;
#3774 = DIRECTION ( 'NONE',  ( -0.000000000000000000, -0.000000000000000000, -1.000000000000000000 ) ) ;
#3775 = EDGE_CURVE ( 'NONE', #2389, #3679, #561, .T. ) ;
#3776 = PRESENTATION_LAYER_ASSIGNMENT (  '', '', ( #2447 ) ) ;
#3777 = DIRECTION ( 'NONE',  ( 0.3236155771181856711, -0.8891264907159878161, 0.3236155771181852270 ) ) ;
#3778 = VERTEX_POINT ( 'NONE', #2659 ) ;
#3779 = CARTESIAN_POINT ( 'NONE',  ( -0.2560000000000000053, 0.2559999999999993392, 8.550000000000000711 ) ) ;
#3780 = CARTESIAN_POINT ( 'NONE',  ( -0.2338056406508142449, -1.249999999999988232, 1.712327225525319907 ) ) ;
#3781 = ORIENTED_EDGE ( 'NONE', *, *, #852, .F. ) ;
#3782 = CARTESIAN_POINT ( 'NONE',  ( 0.3012665221284894224, -0.3012665221284895334, -2.466242832470900037 ) ) ;
#3783 = CARTESIAN_POINT ( 'NONE',  ( -0.3199999999999998956, 2.283999999999999364, 7.909999999999988596 ) ) ;
#3784 = ORIENTED_EDGE ( 'NONE', *, *, #1297, .T. ) ;
#3785 = LINE ( 'NONE', #1058, #391 ) ;
#3786 = FILL_AREA_STYLE ('',( #2268 ) ) ;
#3787 = CARTESIAN_POINT ( 'NONE',  ( 1.019999999999999796, 3.499999999999998224, 2.500000000000000000 ) ) ;
#3788 = ORIENTED_EDGE ( 'NONE', *, *, #1533, .T. ) ;
#3789 = CARTESIAN_POINT ( 'NONE',  ( 0.7700000000000004619, -1.250000000000000222, 2.500000000000000000 ) ) ;
#3790 = SURFACE_STYLE_USAGE ( .BOTH. , #2257 ) ;
#3791 = ORIENTED_EDGE ( 'NONE', *, *, #1583, .F. ) ;
#3792 = ORIENTED_EDGE ( 'NONE', *, *, #1260, .T. ) ;
#3793 =( NAMED_UNIT ( * ) SI_UNIT ( $, .STERADIAN. ) SOLID_ANGLE_UNIT ( ) );
#3794 = CARTESIAN_POINT ( 'NONE',  ( -0.2275784156327450569, -1.249999999999990452, 1.732554269306487704 ) ) ;
#3795 = CARTESIAN_POINT ( 'NONE',  ( 0.2781474999798810854, -1.130000000000012772, 0.8367741431338063807 ) ) ;
#3796 = EDGE_CURVE ( 'NONE', #2553, #2186, #2996, .T. ) ;
#3797 = EDGE_LOOP ( 'NONE', ( #2664, #2, #770, #1315, #3912, #2003 ) ) ;
#3798 = CARTESIAN_POINT ( 'NONE',  ( 0.1969625335676264410, -1.249999999999996447, 1.761663957567181749 ) ) ;
#3799 = DIRECTION ( 'NONE',  ( 0.000000000000000000, 0.000000000000000000, -1.000000000000000000 ) ) ;
#3800 = ORIENTED_EDGE ( 'NONE', *, *, #1996, .F. ) ;
#3801 = PRODUCT_DEFINITION_SHAPE ( 'NONE', 'NONE',  #3708 ) ;
#3802 = PRESENTATION_STYLE_ASSIGNMENT (( #2642 ) ) ;
#3803 = DIRECTION ( 'NONE',  ( 1.000000000000000000, 2.409338161078900167E-16, -0.000000000000000000 ) ) ;
#3804 = ORIENTED_EDGE ( 'NONE', *, *, #322, .F. ) ;
#3805 = CIRCLE ( 'NONE', #2421, 0.6500000000000000222 ) ;
#3806 = CARTESIAN_POINT ( 'NONE',  ( 0.09036144578313230757, -1.250000000000000000, 1.095301204819277396 ) ) ;
#3807 = CARTESIAN_POINT ( 'NONE',  ( -0.2732007105321401230, 2.859999999999999876, -2.359999999999988773 ) ) ;
#3808 = DIRECTION ( 'NONE',  ( 1.000000000000000000, 3.336006684570782608E-16, 0.000000000000000000 ) ) ;
#3809 = ORIENTED_EDGE ( 'NONE', *, *, #3605, .F. ) ;
#3810 = ORIENTED_EDGE ( 'NONE', *, *, #1025, .F. ) ;
#3811 = LINE ( 'NONE', #866, #1703 ) ;
#3812 = CARTESIAN_POINT ( 'NONE',  ( -0.2069451709529526451, -1.249999999999989342, 1.756761588701829524 ) ) ;
#3813 = B_SPLINE_CURVE_WITH_KNOTS ( 'NONE', 3,
 ( #292, #1181, #311, #1255, #2775, #1831, #2722, #2406, #3922, #2480 ),
 .UNSPECIFIED., .F., .F.,
 ( 4, 3, 3, 4 ),
 ( 0.000000000000000000, 3.193694500260459130E-05, 6.387389000520873536E-05, 0.0001064205049631835188 ),
 .UNSPECIFIED. ) ;
#3814 = CARTESIAN_POINT ( 'NONE',  ( -0.2578255419175424223, -1.129999999999999005, 1.768147135491489941 ) ) ;
#3815 =( GEOMETRIC_REPRESENTATION_CONTEXT ( 3 ) GLOBAL_UNCERTAINTY_ASSIGNED_CONTEXT ( ( #2198 ) ) GLOBAL_UNIT_ASSIGNED_CONTEXT ( ( #3507, #3216, #3591 ) ) REPRESENTATION_CONTEXT ( 'NONE', 'WORKASPACE' ) );
#3816 = EDGE_LOOP ( 'NONE', ( #1723, #2634, #1881, #2921, #3594, #2052 ) ) ;
#3817 = PRESENTATION_STYLE_ASSIGNMENT (( #2224 ) ) ;
#3818 = CARTESIAN_POINT ( 'NONE',  ( -0.2732007105321400675, 2.859999999999999432, 7.909999999999988596 ) ) ;
#3819 = PRESENTATION_LAYER_ASSIGNMENT (  '', '', ( #3314 ) ) ;
#3820 = EDGE_CURVE ( 'NONE', #3529, #3547, #779, .T. ) ;
#3821 = ORIENTED_EDGE ( 'NONE', *, *, #2135, .T. ) ;
#3822 = CYLINDRICAL_SURFACE ( 'NONE', #2552, 0.06399999999999982092 ) ;
#3823 = SURFACE_SIDE_STYLE ('',( #2008 ) ) ;
#3824 = VECTOR ( 'NONE', #2516, 1000.000000000000000 ) ;
#3825 = ADVANCED_FACE ( 'NONE', ( #2958 ), #3844, .T. ) ;
#3826 = ORIENTED_EDGE ( 'NONE', *, *, #3671, .T. ) ;
#3827 = PRESENTATION_LAYER_ASSIGNMENT (  '', '', ( #2374 ) ) ;
#3828 =( GEOMETRIC_REPRESENTATION_CONTEXT ( 3 ) GLOBAL_UNCERTAINTY_ASSIGNED_CONTEXT ( ( #3674 ) ) GLOBAL_UNIT_ASSIGNED_CONTEXT ( ( #400, #1305, #1953 ) ) REPRESENTATION_CONTEXT ( 'NONE', 'WORKASPACE' ) );
#3829 = CARTESIAN_POINT ( 'NONE',  ( 0.2349397590361444188, -1.250000000000000000, 1.456746987951807348 ) ) ;
#3830 = DIRECTION ( 'NONE',  ( -0.9396926207859083169, 0.3420201433256691015, 0.000000000000000000 ) ) ;
#3831 = EDGE_CURVE ( 'NONE', #1486, #283, #2009, .T. ) ;
#3832 = UNCERTAINTY_MEASURE_WITH_UNIT (LENGTH_MEASURE( 1.000000000000000082E-05 ), #3651, 'distance_accuracy_value', 'NONE');
#3833 = PRESENTATION_LAYER_ASSIGNMENT (  '', '', ( #3265 ) ) ;
#3834 = ORIENTED_EDGE ( 'NONE', *, *, #2192, .F. ) ;
#3835 = ORIENTED_EDGE ( 'NONE', *, *, #1875, .F. ) ;
#3836 = CARTESIAN_POINT ( 'NONE',  ( 0.1563994110147653438, -1.223345048151484260, 0.7602983909313413280 ) ) ;
#3837 = DIRECTION ( 'NONE',  ( -0.9396926207859083169, 0.3420201433256690460, 0.000000000000000000 ) ) ;
#3838 = CARTESIAN_POINT ( 'NONE',  ( -0.2071507323465819339, 0.2071507323465813233, 8.550000000000000711 ) ) ;
#3839 = ORIENTED_EDGE ( 'NONE', *, *, #2847, .F. ) ;
#3840 = FACE_OUTER_BOUND ( 'NONE', #2413, .T. ) ;
#3841 = CARTESIAN_POINT ( 'NONE',  ( 0.2648725728170319149, -1.129999999999999005, 1.169191540051061073 ) ) ;
#3842 = ORIENTED_EDGE ( 'NONE', *, *, #2899, .T. ) ;
#3843 = EDGE_CURVE ( 'NONE', #84, #160, #3600, .T. ) ;
#3844 = CYLINDRICAL_SURFACE ( 'NONE', #1347, 0.06399999999999998745 ) ;
#3845 = ORIENTED_EDGE ( 'NONE', *, *, #63, .T. ) ;
#3846 = ADVANCED_FACE ( 'NONE', ( #1194 ), #2403, .F. ) ;
#3847 = LINE ( 'NONE', #3253, #1832 ) ;
#3848 = DIRECTION ( 'NONE',  ( -1.000000000000000000, 0.000000000000000000, 0.000000000000000000 ) ) ;
#3849 = CARTESIAN_POINT ( 'NONE',  ( 0.2275784156327516072, -1.249999999999969136, 0.8074457306935094447 ) ) ;
#3850 = ORIENTED_EDGE ( 'NONE', *, *, #3655, .T. ) ;
#3851 = ORIENTED_EDGE ( 'NONE', *, *, #2759, .F. ) ;
#3852 = DIRECTION ( 'NONE',  ( 0.000000000000000000, 0.3420201433256694901, 0.9396926207859082059 ) ) ;
#3853 =( BOUNDED_CURVE ( )  B_SPLINE_CURVE ( 3, ( #3014, #3555, #2048, #142 ),
 .UNSPECIFIED., .F., .F. ) 
 B_SPLINE_CURVE_WITH_KNOTS ( ( 4, 4 ),
 ( 0.000000000000000000, 0.7853981633974490562 ),
 .UNSPECIFIED. ) 
 CURVE ( )  GEOMETRIC_REPRESENTATION_ITEM ( )  RATIONAL_B_SPLINE_CURVE ( ( 1.000000000000000000, 0.9492530216741910110, 0.9492530216741910110, 1.000000000000000000 ) ) 
 REPRESENTATION_ITEM ( '' )  );
#3854 = CARTESIAN_POINT ( 'NONE',  ( 0.1546833132435277980, -1.250000000000000888, 1.770094871114360480 ) ) ;
#3855 = ORIENTED_EDGE ( 'NONE', *, *, #1807, .F. ) ;
#3856 = DIRECTION ( 'NONE',  ( -0.000000000000000000, -0.000000000000000000, -1.000000000000000000 ) ) ;
#3857 = EDGE_LOOP ( 'NONE', ( #2714, #3571, #1110, #407 ) ) ;
#3858 = CARTESIAN_POINT ( 'NONE',  ( -1.145000000000000018, -0.9999999999999988898, 2.374999999999999556 ) ) ;
#3859 = SURFACE_STYLE_FILL_AREA ( #1760 ) ;
#3860 = VERTEX_POINT ( 'NONE', #308 ) ;
#3861 = SURFACE_STYLE_USAGE ( .BOTH. , #183 ) ;
#3862 = CARTESIAN_POINT ( 'NONE',  ( 0.3200000000000000622, 0.3199999999999993405, 8.550000000000000711 ) ) ;
#3863 = CARTESIAN_POINT ( 'NONE',  ( 0.2071507323465820727, 2.539999999999999147, 8.550000000000000711 ) ) ;
#3864 = CARTESIAN_POINT ( 'NONE',  ( -1.270000000000000684, 3.499999999999997780, 2.350000000000000089 ) ) ;
#3865 = EDGE_CURVE ( 'NONE', #3874, #3421, #2460, .T. ) ;
#3866 = VERTEX_POINT ( 'NONE', #2092 ) ;
#3867 = ORIENTED_EDGE ( 'NONE', *, *, #454, .F. ) ;
#3868 =( LENGTH_UNIT ( ) NAMED_UNIT ( * ) SI_UNIT ( .MILLI., .METRE. ) );
#3869 = ORIENTED_EDGE ( 'NONE', *, *, #1504, .F. ) ;
#3870 = PRESENTATION_LAYER_ASSIGNMENT (  '', '', ( #2741 ) ) ;
#3871 = CARTESIAN_POINT ( 'NONE',  ( -0.3199999999999999512, 0.3199999999999998401, -2.359999999999988773 ) ) ;
#3872 = EDGE_CURVE ( 'NONE', #1072, #155, #3683, .T. ) ;
#3873 = COLOUR_RGB ( '',0.9686274509803921573, 0.8784313725490195957, 0.5999999999999999778 ) ;
#3874 = VERTEX_POINT ( 'NONE', #899 ) ;
#3875 = CARTESIAN_POINT ( 'NONE',  ( -5.007143004635796034E-17, -1.149999999999999911, 1.589024663320367736 ) ) ;
#3876 = DIRECTION ( 'NONE',  ( 0.000000000000000000, 0.9396926207859082059, 0.3420201433256694901 ) ) ;
#3877 = EDGE_LOOP ( 'NONE', ( #3722, #2665, #2627, #1521 ) ) ;
#3878 = AXIS2_PLACEMENT_3D ( 'NONE', #389, #679, #62 ) ;
#3879 = CARTESIAN_POINT ( 'NONE',  ( 1.169999999999999707, 3.499999999999998224, 0.5999999999999998668 ) ) ;
#3880 =( NAMED_UNIT ( * ) PLANE_ANGLE_UNIT ( ) SI_UNIT ( $, .RADIAN. ) );
#3881 = PLANE ( 'NONE',  #139 ) ;
#3882 = SURFACE_SIDE_STYLE ('',( #246 ) ) ;
#3883 = CARTESIAN_POINT ( 'NONE',  ( -0.2890920949374358173, 2.853417573054441103, -2.397330798265292717 ) ) ;
#3884 = VECTOR ( 'NONE', #2242, 1000.000000000000000 ) ;
#3885 = CARTESIAN_POINT ( 'NONE',  ( -5.687887419977258754E-17, -1.250000000000000000, 1.270000000000000018 ) ) ;
#3886 = DIRECTION ( 'NONE',  ( 0.000000000000000000, 1.000000000000000000, 0.000000000000000000 ) ) ;
#3887 = VECTOR ( 'NONE', #3366, 1000.000000000000114 ) ;
#3888 = ORIENTED_EDGE ( 'NONE', *, *, #2660, .T. ) ;
#3889 = ORIENTED_EDGE ( 'NONE', *, *, #3872, .T. ) ;
#3890 = ADVANCED_FACE ( 'NONE', ( #3333 ), #1811, .F. ) ;
#3891 =( NAMED_UNIT ( * ) SI_UNIT ( $, .STERADIAN. ) SOLID_ANGLE_UNIT ( ) );
#3892 = CARTESIAN_POINT ( 'NONE',  ( 0.1560617469879515273, -1.250000000000000888, 1.770000000000000018 ) ) ;
#3893 = ORIENTED_EDGE ( 'NONE', *, *, #3608, .T. ) ;
#3894 = CARTESIAN_POINT ( 'NONE',  ( -0.3134175730544420668, -0.2890920949374361504, -2.397330798265291385 ) ) ;
#3895 = AXIS2_PLACEMENT_3D ( 'NONE', #3612, #2098, #2364 ) ;
#3896 = ORIENTED_EDGE ( 'NONE', *, *, #382, .F. ) ;
#3897 = EDGE_CURVE ( 'NONE', #1191, #2461, #372, .T. ) ;
#3898 = DIRECTION ( 'NONE',  ( 0.3384669027138036412, -0.9299301724389166246, 0.1437707555626365208 ) ) ;
#3899 = CARTESIAN_POINT ( 'NONE',  ( 0.1562702517718026762, -1.233333333628600981, 1.776066170463635130 ) ) ;
#3900 = VECTOR ( 'NONE', #703, 1000.000000000000227 ) ;
#3901 = ORIENTED_EDGE ( 'NONE', *, *, #781, .F. ) ;
#3902 = CARTESIAN_POINT ( 'NONE',  ( 0.09036144578313230757, -1.250000000000000000, 1.095301204819277396 ) ) ;
#3903 =( NAMED_UNIT ( * ) SI_UNIT ( $, .STERADIAN. ) SOLID_ANGLE_UNIT ( ) );
#3904 = CARTESIAN_POINT ( 'NONE',  ( -1.019999999999999796, -0.9999999999999986677, 2.500000000000000000 ) ) ;
#3905 = SURFACE_SIDE_STYLE ('',( #2708 ) ) ;
#3906 = ORIENTED_EDGE ( 'NONE', *, *, #2691, .T. ) ;
#3907 = CARTESIAN_POINT ( 'NONE',  ( 0.2071507323465820449, 0.3199999999999993405, 8.550000000000000711 ) ) ;
#3908 = CARTESIAN_POINT ( 'NONE',  ( -0.2773257890756605781, -1.129999999999999893, 0.8205927532368733068 ) ) ;
#3909 = CARTESIAN_POINT ( 'NONE',  ( 0.2344867770528465956, -1.250000000000000888, 1.702869330121560720 ) ) ;
#3910 = VERTEX_POINT ( 'NONE', #3038 ) ;
#3911 = CARTESIAN_POINT ( 'NONE',  ( -0.2349397590361447796, -1.250000000000000000, 0.8488780120481929092 ) ) ;
#3912 = ORIENTED_EDGE ( 'NONE', *, *, #1528, .T. ) ;
#3913 = CARTESIAN_POINT ( 'NONE',  ( -0.3012548339959391086, 0.3012548339959384425, 8.016309119164535701 ) ) ;
#3914 =( NAMED_UNIT ( * ) SI_UNIT ( $, .STERADIAN. ) SOLID_ANGLE_UNIT ( ) );
#3915 = DIRECTION ( 'NONE',  ( 0.000000000000000000, 0.000000000000000000, 1.000000000000000000 ) ) ;
#3916 = ORIENTED_EDGE ( 'NONE', *, *, #3706, .T. ) ;
#3917 = CARTESIAN_POINT ( 'NONE',  ( -0.2732007105321400675, 0.3199999999999993405, 7.909999999999988596 ) ) ;
#3918 = SURFACE_STYLE_USAGE ( .BOTH. , #6 ) ;
#3919 = SURFACE_STYLE_FILL_AREA ( #3308 ) ;
#3920 = EDGE_CURVE ( 'NONE', #827, #1470, #1850, .T. ) ;
#3921 = CARTESIAN_POINT ( 'NONE',  ( -0.2130215703124273274, -1.250000000000001110, 1.389336511127182261 ) ) ;
#3922 = CARTESIAN_POINT ( 'NONE',  ( -0.2397902344251239548, -1.236673428368207484, 0.8487764478203836394 ) ) ;
#3923 = CARTESIAN_POINT ( 'NONE',  ( -0.2494911852965882026, -1.210020284928572831, 1.691426653298531368 ) ) ;
#3924 = CARTESIAN_POINT ( 'NONE',  ( -0.3199999999999999512, 0.3199999999999993405, -2.359999999999988773 ) ) ;
#3925 = LINE ( 'NONE', #3086, #2279 ) ;
#3926 = CARTESIAN_POINT ( 'NONE',  ( -0.1665885810817079871, -1.250000000000001332, 0.7707336829929010147 ) ) ;
#3927 = PLANE ( 'NONE',  #1281 ) ;
#3928 =( LENGTH_UNIT ( ) NAMED_UNIT ( * ) SI_UNIT ( .MILLI., .METRE. ) );
#3929 = ORIENTED_EDGE ( 'NONE', *, *, #1265, .T. ) ;
#3930 = PRESENTATION_LAYER_ASSIGNMENT (  '', '', ( #2212 ) ) ;
#3931 = CARTESIAN_POINT ( 'NONE',  ( -1.269999999999999574, -0.9999999999999988898, 0.5999999999999998668 ) ) ;
#3932 = DIRECTION ( 'NONE',  ( -0.000000000000000000, 1.000000000000000000, 0.000000000000000000 ) ) ;
ENDSEC;
END-ISO-10303-21;
