ISO-10303-21;
HEADER;
FILE_DESCRIPTION (( 'STEP AP214' ),
    '1' );
FILE_NAME ('DS1021_blue_1x01p_100mil_Type1_rev1.0.STEP',
    '2023-09-03T01:04:41',
    ( '' ),
    ( '' ),
    'SwSTEP 2.0',
    'SolidWorks 2023',
    '' );
FILE_SCHEMA (( 'AUTOMOTIVE_DESIGN' ));
ENDSEC;

DATA;
#1 = ORIENTED_EDGE ( 'NONE', *, *, #2236, .T. ) ;
#2 = CARTESIAN_POINT ( 'NONE',  ( 0.6136029765733794772, -1.149999999999999689, 1.270000000000000018 ) ) ;
#3 = LINE ( 'NONE', #292, #16 ) ;
#4 = ORIENTED_EDGE ( 'NONE', *, *, #658, .T. ) ;
#5 = CARTESIAN_POINT ( 'NONE',  ( -0.1563994110147646499, -1.223345048151461167, 0.7602983909313331123 ) ) ;
#6 = AXIS2_PLACEMENT_3D ( 'NONE', #432, #2100, #1919 ) ;
#7 = EDGE_CURVE ( 'NONE', #2394, #2467, #893, .T. ) ;
#8 = ORIENTED_EDGE ( 'NONE', *, *, #2066, .F. ) ;
#9 = CYLINDRICAL_SURFACE ( 'NONE', #941, 0.06399999999999998745 ) ;
#10 = CARTESIAN_POINT ( 'NONE',  ( 0.3012548339959391641, -0.3012548339959392751, -2.466309119164537655 ) ) ;
#11 = VECTOR ( 'NONE', #583, 1000.000000000000114 ) ;
#12 = ORIENTED_EDGE ( 'NONE', *, *, #1209, .T. ) ;
#13 = CARTESIAN_POINT ( 'NONE',  ( 0.2344867770528483997, -1.249999999999996447, 1.702869330121560276 ) ) ;
#14 = CARTESIAN_POINT ( 'NONE',  ( 0.2219035924842148455, -1.250000000000001110, 1.742749986091903125 ) ) ;
#15 = CARTESIAN_POINT ( 'NONE',  ( 0.000000000000000000, 0.000000000000000000, 2.449999999999999734 ) ) ;
#16 = VECTOR ( 'NONE', #37, 1000.000000000000000 ) ;
#17 = VERTEX_POINT ( 'NONE', #2107 ) ;
#18 = COLOUR_RGB ( '',0.9686274509803921573, 0.8784313725490195957, 0.5999999999999999778 ) ;
#19 = PLANE ( 'NONE',  #1288 ) ;
#20 = LINE ( 'NONE', #1916, #2548 ) ;
#21 = VECTOR ( 'NONE', #2131, 1000.000000000000000 ) ;
#22 = ADVANCED_FACE ( 'NONE', ( #2340 ), #1174, .T. ) ;
#23 = PRESENTATION_STYLE_ASSIGNMENT (( #2838 ) ) ;
#24 = COLOUR_RGB ( '',0.9686274509803921573, 0.8784313725490195957, 0.5999999999999999778 ) ;
#25 = CARTESIAN_POINT ( 'NONE',  ( 0.3200000000000001177, 0.2732007105321401230, -2.359999999999986997 ) ) ;
#26 = ORIENTED_EDGE ( 'NONE', *, *, #2588, .F. ) ;
#27 = EDGE_CURVE ( 'NONE', #2735, #2680, #939, .T. ) ;
#28 = CARTESIAN_POINT ( 'NONE',  ( 0.3200000000000001177, -0.3200000000000007283, 7.909999999999988596 ) ) ;
#29 = CARTESIAN_POINT ( 'NONE',  ( -0.1571002131738393759, -1.129999999999999227, 1.813709982385499631 ) ) ;
#30 = ORIENTED_EDGE ( 'NONE', *, *, #2197, .T. ) ;
#31 = CARTESIAN_POINT ( 'NONE',  ( -0.3464101615137760160, -1.046666666666666856, 2.449999999999999734 ) ) ;
#32 = ADVANCED_FACE ( 'NONE', ( #2555 ), #189, .F. ) ;
#33 = CARTESIAN_POINT ( 'NONE',  ( 0.2274526451903171043, -1.250000000000000666, 1.733480568609701011 ) ) ;
#34 = CARTESIAN_POINT ( 'NONE',  ( -0.1581755106426779856, -1.149999999999996581, 1.806337991346788296 ) ) ;
#35 = EDGE_LOOP ( 'NONE', ( #3037, #2968, #2753, #619 ) ) ;
#36 = CARTESIAN_POINT ( 'NONE',  ( 0.3012548339959390531, 0.3012548339959383870, 8.016309119164537478 ) ) ;
#37 = DIRECTION ( 'NONE',  ( 0.000000000000000000, 0.000000000000000000, -1.000000000000000000 ) ) ;
#38 = CARTESIAN_POINT ( 'NONE',  ( 0.2560000000000002274, -0.3200000000000001732, -2.359999999999988773 ) ) ;
#39 = EDGE_CURVE ( 'NONE', #1967, #1650, #2805, .T. ) ;
#40 = B_SPLINE_CURVE_WITH_KNOTS ( 'NONE', 3,
 ( #1170, #3022, #443, #887, #3052, #212, #907, #653, #228, #1874 ),
 .UNSPECIFIED., .F., .F.,
 ( 4, 2, 2, 2, 4 ),
 ( 0.000000000000000000, 3.142841046800643823E-05, 6.285682093601287646E-05, 9.428523140401931469E-05, 0.0001257136418720257529 ),
 .UNSPECIFIED. ) ;
#41 = CARTESIAN_POINT ( 'NONE',  ( 0.2349397590361444188, -1.250000000000000000, 0.8488780120481929092 ) ) ;
#42 = CARTESIAN_POINT ( 'NONE',  ( -0.2349614701416067319, -1.250000000000000666, 1.690603789511128330 ) ) ;
#43 = VERTEX_POINT ( 'NONE', #1864 ) ;
#44 = CARTESIAN_POINT ( 'NONE',  ( 0.2349397590361444188, -1.250000000000000000, 1.100007530120482135 ) ) ;
#45 = FACE_OUTER_BOUND ( 'NONE', #1034, .T. ) ;
#46 = CARTESIAN_POINT ( 'NONE',  ( 1.270000000000000240, 0.9999999999999983347, 0.5999999999999998668 ) ) ;
#47 = ADVANCED_FACE ( 'NONE', ( #2820 ), #2199, .F. ) ;
#48 = ORIENTED_EDGE ( 'NONE', *, *, #3060, .T. ) ;
#49 = CARTESIAN_POINT ( 'NONE',  ( 0.2661531779593211411, -1.164241836324594326, 1.100793638664335550 ) ) ;
#50 = SURFACE_STYLE_USAGE ( .BOTH. , #1682 ) ;
#51 = LINE ( 'NONE', #1671, #1481 ) ;
#52 = DIRECTION ( 'NONE',  ( -0.9848077530122085754, -8.341646135128160883E-17, 0.1736481776669273891 ) ) ;
#53 = DIRECTION ( 'NONE',  ( -6.842277657836020854E-49, 5.078189165123089681E-17, -1.000000000000000000 ) ) ;
#54 = EDGE_LOOP ( 'NONE', ( #1422, #2597, #2778, #1659 ) ) ;
#55 = CARTESIAN_POINT ( 'NONE',  ( 0.2130619339463040440, -1.211816458264296514, 1.190681998960775534 ) ) ;
#56 = CARTESIAN_POINT ( 'NONE',  ( 1.270000000000000240, 0.9999999999999983347, 2.350000000000000089 ) ) ;
#57 = COLOUR_RGB ( '',0.9686274509803921573, 0.8784313725490195957, 0.5999999999999999778 ) ;
#58 = EDGE_CURVE ( 'NONE', #1507, #2579, #956, .T. ) ;
#59 = LINE ( 'NONE', #1230, #904 ) ;
#60 = B_SPLINE_CURVE_WITH_KNOTS ( 'NONE', 3,
 ( #1266, #2975, #1781, #765, #818, #531, #1765, #1478, #780, #2445, #2217, #83, #1020, #1727, #1974, #448 ),
 .UNSPECIFIED., .F., .F.,
 ( 4, 3, 2, 2, 2, 3, 4 ),
 ( 0.000000000000000000, 1.839645765211648575E-06, 4.622021383000428222E-05, 9.060078189479690782E-05, 0.0001349813499595895470, 0.0001793619180243821861, 0.0001804650312388437203 ),
 .UNSPECIFIED. ) ;
#61 = ORIENTED_EDGE ( 'NONE', *, *, #2162, .F. ) ;
#62 = EDGE_CURVE ( 'NONE', #2667, #478, #2436, .T. ) ;
#63 = CARTESIAN_POINT ( 'NONE',  ( -0.1573284206430661802, -1.149999999999999911, 1.806397023426620674 ) ) ;
#64 = VECTOR ( 'NONE', #323, 1000.000000000000000 ) ;
#65 = FACE_OUTER_BOUND ( 'NONE', #1737, .T. ) ;
#66 = VECTOR ( 'NONE', #2464, 1000.000000000000000 ) ;
#67 = EDGE_CURVE ( 'NONE', #1541, #2951, #998, .T. ) ;
#68 = CARTESIAN_POINT ( 'NONE',  ( -0.2594620124652654569, -1.129999999999999449, 1.379748504853093083 ) ) ;
#69 =( NAMED_UNIT ( * ) PLANE_ANGLE_UNIT ( ) SI_UNIT ( $, .RADIAN. ) );
#70 = VECTOR ( 'NONE', #1738, 1000.000000000000000 ) ;
#71 = CARTESIAN_POINT ( 'NONE',  ( 0.2046354681263881925, -1.149999999999999467, 1.797774733183607809 ) ) ;
#72 = CARTESIAN_POINT ( 'NONE',  ( -0.3012548339959390531, 0.3012548339959389421, -2.466309119164537655 ) ) ;
#73 = CARTESIAN_POINT ( 'NONE',  ( -0.2675450665421194585, -1.130000000000000115, 1.751173972335637430 ) ) ;
#74 = ORIENTED_EDGE ( 'NONE', *, *, #1703, .F. ) ;
#75 = CARTESIAN_POINT ( 'NONE',  ( 0.2890920949374360394, -0.3134175730544430105, 7.947330798265291207 ) ) ;
#76 = CARTESIAN_POINT ( 'NONE',  ( 0.1665134645258970203, -1.250000000000000888, 1.769280657417294567 ) ) ;
#77 = VERTEX_POINT ( 'NONE', #972 ) ;
#78 = DIRECTION ( 'NONE',  ( -0.4999999999999998890, 0.8660254037844385966, 0.000000000000000000 ) ) ;
#79 = ORIENTED_EDGE ( 'NONE', *, *, #1962, .T. ) ;
#80 = SURFACE_STYLE_USAGE ( .BOTH. , #2752 ) ;
#81 = DIRECTION ( 'NONE',  ( 1.000000000000000000, 0.000000000000000000, 0.000000000000000000 ) ) ;
#82 = EDGE_CURVE ( 'NONE', #1169, #2469, #1367, .T. ) ;
#83 = CARTESIAN_POINT ( 'NONE',  ( -0.2708727427766621787, -1.150000000000000355, 0.8370379506946695747 ) ) ;
#84 = CARTESIAN_POINT ( 'NONE',  ( -0.2713367824627651026, -1.149999999999999911, 0.8481160656645542195 ) ) ;
#85 = ADVANCED_FACE ( 'NONE', ( #2178, #45 ), #761, .F. ) ;
#86 = FACE_OUTER_BOUND ( 'NONE', #2380, .T. ) ;
#87 = PLANE ( 'NONE',  #299 ) ;
#88 = CARTESIAN_POINT ( 'NONE',  ( -0.2349397590361445298, -1.250000000000000888, 1.691121987951807348 ) ) ;
#89 = ORIENTED_EDGE ( 'NONE', *, *, #1829, .T. ) ;
#90 = CARTESIAN_POINT ( 'NONE',  ( 0.2254428326701208574, -1.164241562477198899, 1.202799781719806393 ) ) ;
#91 = ORIENTED_EDGE ( 'NONE', *, *, #661, .T. ) ;
#92 = LINE ( 'NONE', #2484, #1643 ) ;
#93 = EDGE_LOOP ( 'NONE', ( #2181, #3067, #703, #1645 ) ) ;
#94 = ORIENTED_EDGE ( 'NONE', *, *, #565, .F. ) ;
#95 = CARTESIAN_POINT ( 'NONE',  ( 0.000000000000000000, 0.2071507323465813233, 8.550000000000000711 ) ) ;
#96 = DIRECTION ( 'NONE',  ( 1.000000000000000000, 0.000000000000000000, -0.000000000000000000 ) ) ;
#97 = CARTESIAN_POINT ( 'NONE',  ( 0.2332597493785919240, -1.149999999999999467, 1.782118037699556456 ) ) ;
#98 = FACE_OUTER_BOUND ( 'NONE', #1681, .T. ) ;
#99 = EDGE_CURVE ( 'NONE', #2951, #1084, #1695, .T. ) ;
#100 = LINE ( 'NONE', #2946, #1150 ) ;
#101 = ORIENTED_EDGE ( 'NONE', *, *, #39, .T. ) ;
#102 = SURFACE_SIDE_STYLE ('',( #2468 ) ) ;
#103 = VECTOR ( 'NONE', #2678, 1000.000000000000000 ) ;
#104 = ORIENTED_EDGE ( 'NONE', *, *, #1417, .F. ) ;
#105 = DIRECTION ( 'NONE',  ( -1.000000000000000000, 1.408054769461693942E-16, 0.000000000000000000 ) ) ;
#106 = VERTEX_POINT ( 'NONE', #56 ) ;
#107 = FACE_OUTER_BOUND ( 'NONE', #1354, .T. ) ;
#108 = VECTOR ( 'NONE', #673, 1000.000000000000000 ) ;
#109 = ORIENTED_EDGE ( 'NONE', *, *, #397, .F. ) ;
#110 = DIRECTION ( 'NONE',  ( 0.000000000000000000, 0.000000000000000000, -1.000000000000000000 ) ) ;
#111 = VECTOR ( 'NONE', #1871, 1000.000000000000000 ) ;
#112 = VECTOR ( 'NONE', #1223, 1000.000000000000000 ) ;
#113 = PLANE ( 'NONE',  #1592 ) ;
#114 = AXIS2_PLACEMENT_3D ( 'NONE', #204, #2791, #1147 ) ;
#115 = EDGE_CURVE ( 'NONE', #1062, #1014, #2201, .T. ) ;
#116 = DIRECTION ( 'NONE',  ( -1.000000000000000000, -1.084202172485506529E-16, 0.000000000000000000 ) ) ;
#117 = CARTESIAN_POINT ( 'NONE',  ( 0.2402472990307072120, -1.129999999999999449, 1.205113941465186578 ) ) ;
#118 = COLOUR_RGB ( '',0.9686274509803921573, 0.8784313725490195957, 0.5999999999999999778 ) ;
#119 = CARTESIAN_POINT ( 'NONE',  ( 0.2349397590361444188, -1.250000000000000000, 1.456746987951807348 ) ) ;
#120 = ORIENTED_EDGE ( 'NONE', *, *, #2490, .F. ) ;
#121 = LINE ( 'NONE', #872, #1297 ) ;
#122 = SURFACE_STYLE_USAGE ( .BOTH. , #1568 ) ;
#123 = ORIENTED_EDGE ( 'NONE', *, *, #661, .F. ) ;
#124 = LINE ( 'NONE', #2934, #1903 ) ;
#125 = ORIENTED_EDGE ( 'NONE', *, *, #272, .T. ) ;
#126 = DIRECTION ( 'NONE',  ( -1.000000000000000000, 0.000000000000000000, 0.000000000000000000 ) ) ;
#127 = EDGE_CURVE ( 'NONE', #2195, #1456, #2273, .T. ) ;
#128 = EDGE_LOOP ( 'NONE', ( #974, #1264 ) ) ;
#129 = SURFACE_STYLE_USAGE ( .BOTH. , #1958 ) ;
#130 = FACE_OUTER_BOUND ( 'NONE', #2227, .T. ) ;
#131 = DIRECTION ( 'NONE',  ( -1.000000000000000000, 0.000000000000000000, -0.000000000000000000 ) ) ;
#132 = DIRECTION ( 'NONE',  ( 1.000000000000000000, 0.000000000000000000, 0.000000000000000000 ) ) ;
#133 = ORIENTED_EDGE ( 'NONE', *, *, #343, .T. ) ;
#134 = DIRECTION ( 'NONE',  ( -1.000000000000000000, 0.000000000000000000, 0.000000000000000000 ) ) ;
#135 = DIRECTION ( 'NONE',  ( 0.000000000000000000, -1.000000000000000000, 0.000000000000000000 ) ) ;
#136 = ORIENTED_EDGE ( 'NONE', *, *, #82, .T. ) ;
#137 = CARTESIAN_POINT ( 'NONE',  ( -0.09036144578313276554, -1.250000000000000000, 1.095301204819277396 ) ) ;
#138 = ORIENTED_EDGE ( 'NONE', *, *, #3023, .F. ) ;
#139 = DIRECTION ( 'NONE',  ( 0.9396926207859079838, 0.3420201433256698786, 0.000000000000000000 ) ) ;
#140 = ORIENTED_EDGE ( 'NONE', *, *, #1249, .T. ) ;
#141 = EDGE_CURVE ( 'NONE', #1374, #77, #2751, .T. ) ;
#142 = CARTESIAN_POINT ( 'NONE',  ( -1.019999999999999796, -0.000000000000000000, 0.000000000000000000 ) ) ;
#143 = CARTESIAN_POINT ( 'NONE',  ( 0.09036144578313230757, -1.250000000000000000, 1.095301204819277396 ) ) ;
#144 = DIRECTION ( 'NONE',  ( 0.000000000000000000, -1.000000000000000000, 0.000000000000000000 ) ) ;
#145 = ORIENTED_EDGE ( 'NONE', *, *, #2084, .F. ) ;
#146 = CARTESIAN_POINT ( 'NONE',  ( 0.2328456203364152877, -1.250000000000000666, 1.129924358544335483 ) ) ;
#147 = CARTESIAN_POINT ( 'NONE',  ( 0.1560617469879515551, -1.250000000000000000, 1.770000000000000240 ) ) ;
#148 = ORIENTED_EDGE ( 'NONE', *, *, #1801, .F. ) ;
#149 = CARTESIAN_POINT ( 'NONE',  ( 0.2688704661723457234, -1.150000000000000133, 1.137456301343349407 ) ) ;
#150 = DIRECTION ( 'NONE',  ( -0.7071067811865445751, -0.7071067811865504593, -0.000000000000000000 ) ) ;
#151 = VERTEX_POINT ( 'NONE', #1074 ) ;
#152 = FILL_AREA_STYLE_COLOUR ( '', #118 ) ;
#153 = ADVANCED_FACE ( 'NONE', ( #1788 ), #605, .F. ) ;
#154 = ORIENTED_EDGE ( 'NONE', *, *, #1454, .F. ) ;
#155 = CARTESIAN_POINT ( 'NONE',  ( 0.2592044412006672127, -1.183333333662730080, 1.692966359570349688 ) ) ;
#156 = STYLED_ITEM ( 'NONE', ( #1756 ), #211 ) ;
#157 = EDGE_CURVE ( 'NONE', #1921, #1673, #1964, .T. ) ;
#158 = SURFACE_SIDE_STYLE ('',( #3043 ) ) ;
#159 = CARTESIAN_POINT ( 'NONE',  ( -0.2031250000000001665, -1.250000000000000000, 1.378433734939759292 ) ) ;
#160 = AXIS2_PLACEMENT_3D ( 'NONE', #2116, #2801, #936 ) ;
#161 = EDGE_CURVE ( 'NONE', #2680, #243, #346, .T. ) ;
#162 = ORIENTED_EDGE ( 'NONE', *, *, #1417, .T. ) ;
#163 = FACE_OUTER_BOUND ( 'NONE', #1263, .T. ) ;
#164 = CARTESIAN_POINT ( 'NONE',  ( -0.2785987272081529298, -1.129999999999998561, 0.8475468746968436440 ) ) ;
#165 = CIRCLE ( 'NONE', #2310, 0.6136029765733795882 ) ;
#166 = ORIENTED_EDGE ( 'NONE', *, *, #2474, .F. ) ;
#167 =( NAMED_UNIT ( * ) SI_UNIT ( $, .STERADIAN. ) SOLID_ANGLE_UNIT ( ) );
#168 = AXIS2_PLACEMENT_3D ( 'NONE', #794, #1955, #105 ) ;
#169 = CARTESIAN_POINT ( 'NONE',  ( 0.3012548339959390531, 0.3012548339959383870, 8.016309119164537478 ) ) ;
#170 = DIRECTION ( 'NONE',  ( 8.470329472543003391E-17, -1.000000000000000000, 0.000000000000000000 ) ) ;
#171 = DIRECTION ( 'NONE',  ( 0.7071067811865506814, 0.000000000000000000, 0.7071067811865443531 ) ) ;
#172 = ORIENTED_EDGE ( 'NONE', *, *, #1473, .T. ) ;
#173 = VECTOR ( 'NONE', #1241, 999.9999999999998863 ) ;
#174 = ORIENTED_EDGE ( 'NONE', *, *, #2063, .T. ) ;
#175 =( GEOMETRIC_REPRESENTATION_CONTEXT ( 3 ) GLOBAL_UNCERTAINTY_ASSIGNED_CONTEXT ( ( #2347 ) ) GLOBAL_UNIT_ASSIGNED_CONTEXT ( ( #1356, #2098, #473 ) ) REPRESENTATION_CONTEXT ( 'NONE', 'WORKASPACE' ) );
#176 = LINE ( 'NONE', #2077, #1198 ) ;
#177 = CARTESIAN_POINT ( 'NONE',  ( -0.2732007105321401230, -0.3200000000000007283, 7.909999999999986819 ) ) ;
#178 = CARTESIAN_POINT ( 'NONE',  ( -1.019999999999999796, 0.7700000000000006839, 0.4499999999999996780 ) ) ;
#179 = EDGE_LOOP ( 'NONE', ( #1016, #2892, #1786, #1491 ) ) ;
#180 = DIRECTION ( 'NONE',  ( 0.7071067811865443531, -0.000000000000000000, -0.7071067811865506814 ) ) ;
#181 = DIRECTION ( 'NONE',  ( 0.000000000000000000, 0.000000000000000000, 1.000000000000000000 ) ) ;
#182 = EDGE_CURVE ( 'NONE', #467, #2263, #2966, .T. ) ;
#183 = ORIENTED_EDGE ( 'NONE', *, *, #706, .T. ) ;
#184 = DIRECTION ( 'NONE',  ( 1.000000000000000000, -1.408054769461693942E-16, 0.000000000000000000 ) ) ;
#185 = CARTESIAN_POINT ( 'NONE',  ( 0.09036144578313230757, -1.250000000000000000, 0.9145783132530121984 ) ) ;
#186 = LINE ( 'NONE', #2072, #648 ) ;
#187 = ORIENTED_EDGE ( 'NONE', *, *, #896, .T. ) ;
#188 = CARTESIAN_POINT ( 'NONE',  ( -1.145000000000000240, 0.9999999999999983347, 2.374999999999999556 ) ) ;
#189 = PLANE ( 'NONE',  #409 ) ;
#190 = PLANE ( 'NONE',  #549 ) ;
#191 = SURFACE_STYLE_FILL_AREA ( #1817 ) ;
#192 = CARTESIAN_POINT ( 'NONE',  ( 0.2786199085238553752, -1.129999999999997895, 0.8480525636578079007 ) ) ;
#193 = CARTESIAN_POINT ( 'NONE',  ( 0.09036144578313230757, -1.250000000000000000, 1.625421686746987948 ) ) ;
#194 = FACE_OUTER_BOUND ( 'NONE', #1606, .T. ) ;
#195 = UNCERTAINTY_MEASURE_WITH_UNIT (LENGTH_MEASURE( 1.000000000000000082E-05 ), #2672, 'distance_accuracy_value', 'NONE');
#196 = VERTEX_POINT ( 'NONE', #586 ) ;
#197 = FILL_AREA_STYLE ('',( #2815 ) ) ;
#198 = ADVANCED_FACE ( 'NONE', ( #2700 ), #2019, .F. ) ;
#199 = LINE ( 'NONE', #1128, #1146 ) ;
#200 = FACE_OUTER_BOUND ( 'NONE', #1566, .T. ) ;
#201 = ORIENTED_EDGE ( 'NONE', *, *, #388, .T. ) ;
#202 = CARTESIAN_POINT ( 'NONE',  ( 0.2274526451903186863, -1.249999999999996225, 1.733480568609701455 ) ) ;
#203 = CARTESIAN_POINT ( 'NONE',  ( 0.000000000000000000, -7.409113134841486521E-16, 8.550000000000000711 ) ) ;
#204 = CARTESIAN_POINT ( 'NONE',  ( 0.09036144578313230757, -1.250000000000000000, 0.9145783132530121984 ) ) ;
#205 = FILL_AREA_STYLE_COLOUR ( '', #1339 ) ;
#206 = DIRECTION ( 'NONE',  ( 0.000000000000000000, -1.000000000000000000, 0.000000000000000000 ) ) ;
#207 = CARTESIAN_POINT ( 'NONE',  ( -0.3199999999999998956, -0.2560000000000006715, 7.909999999999988596 ) ) ;
#208 = CARTESIAN_POINT ( 'NONE',  ( -0.2338056406508102203, -1.250000000000002665, 0.8276727744746836812 ) ) ;
#209 = ORIENTED_EDGE ( 'NONE', *, *, #2330, .T. ) ;
#210 = VECTOR ( 'NONE', #3005, 1000.000000000000000 ) ;
#211 = ADVANCED_FACE ( 'NONE', ( #3004 ), #621, .T. ) ;
#212 = CARTESIAN_POINT ( 'NONE',  ( -0.2221105522436144231, -1.249999999999993561, 0.7980297930901476544 ) ) ;
#213 = VECTOR ( 'NONE', #1975, 1000.000000000000000 ) ;
#214 = DIRECTION ( 'NONE',  ( 0.000000000000000000, -1.000000000000000000, 0.000000000000000000 ) ) ;
#215 = ORIENTED_EDGE ( 'NONE', *, *, #1119, .T. ) ;
#216 = EDGE_CURVE ( 'NONE', #1980, #1398, #40, .T. ) ;
#217 = CIRCLE ( 'NONE', #1103, 0.6500000000000000222 ) ;
#218 = CARTESIAN_POINT ( 'NONE',  ( 0.1920371650743211145, -1.249999999999996447, 1.763573935885106803 ) ) ;
#219 = CARTESIAN_POINT ( 'NONE',  ( -0.2280098402426483373, -1.149999999999996358, 1.787058641526131586 ) ) ;
#220 = ADVANCED_FACE ( 'NONE', ( #874 ), #935, .T. ) ;
#221 = AXIS2_PLACEMENT_3D ( 'NONE', #2238, #2981, #1289 ) ;
#222 = CARTESIAN_POINT ( 'NONE',  ( 1.019999999999999796, -0.7700000000000002398, 0.6000000000000000888 ) ) ;
#223 = B_SPLINE_CURVE_WITH_KNOTS ( 'NONE', 3,
 ( #1551, #2979, #1807, #2530, #1058, #836, #147 ),
 .UNSPECIFIED., .F., .F.,
 ( 4, 3, 4 ),
 ( 0.000000000000000000, 5.321256427250180965E-05, 0.0001064251285451308098 ),
 .UNSPECIFIED. ) ;
#224 = CARTESIAN_POINT ( 'NONE',  ( -1.019999999999999574, -0.9999999999999988898, 0.000000000000000000 ) ) ;
#225 = CARTESIAN_POINT ( 'NONE',  ( -0.2773257890756605781, -1.129999999999999893, 0.8205927532368733068 ) ) ;
#226 = VERTEX_POINT ( 'NONE', #2351 ) ;
#227 =( NAMED_UNIT ( * ) SI_UNIT ( $, .STERADIAN. ) SOLID_ANGLE_UNIT ( ) );
#228 = CARTESIAN_POINT ( 'NONE',  ( -0.2344989567605785807, -1.249999999999993117, 0.8383569884989856558 ) ) ;
#229 = CARTESIAN_POINT ( 'NONE',  ( -1.169999999999999707, -1.250000000000000222, 2.350000000000000089 ) ) ;
#230 = ORIENTED_EDGE ( 'NONE', *, *, #1027, .T. ) ;
#231 = LINE ( 'NONE', #1173, #21 ) ;
#232 = PRESENTATION_STYLE_ASSIGNMENT (( #3085 ) ) ;
#233 = EDGE_LOOP ( 'NONE', ( #2481, #1614, #882, #508, #1822, #12, #2731, #1188 ) ) ;
#234 = EDGE_CURVE ( 'NONE', #2083, #2270, #1603, .T. ) ;
#235 = CARTESIAN_POINT ( 'NONE',  ( 0.05396442235651190134, -1.149999999999999911, 1.270000000000000018 ) ) ;
#236 = CARTESIAN_POINT ( 'NONE',  ( 0.2773257890756594679, -1.129999999999999449, 0.8205927532368709754 ) ) ;
#237 = CARTESIAN_POINT ( 'NONE',  ( -0.1565682309120653704, -1.210017572091665494, 0.7554475863476720621 ) ) ;
#238 = CARTESIAN_POINT ( 'NONE',  ( 0.2713367824627647140, -1.149999999999999689, 1.270000000000000018 ) ) ;
#239 = VERTEX_POINT ( 'NONE', #169 ) ;
#240 = SURFACE_STYLE_FILL_AREA ( #197 ) ;
#241 = SURFACE_STYLE_FILL_AREA ( #475 ) ;
#242 = CARTESIAN_POINT ( 'NONE',  ( 0.07269664355964425284, -1.201466354771834943, 1.607756884523499963 ) ) ;
#243 = VERTEX_POINT ( 'NONE', #457 ) ;
#244 = CARTESIAN_POINT ( 'NONE',  ( -0.2123439580472827604, -1.149999999999997025, 1.795322234093870817 ) ) ;
#245 = EDGE_CURVE ( 'NONE', #1398, #492, #2128, .T. ) ;
#246 = VERTEX_POINT ( 'NONE', #2830 ) ;
#247 = CARTESIAN_POINT ( 'NONE',  ( 0.2560000000000001719, 0.3199999999999998401, -2.359999999999988773 ) ) ;
#248 = LINE ( 'NONE', #2635, #408 ) ;
#249 = ADVANCED_FACE ( 'NONE', ( #2070 ), #2844, .F. ) ;
#250 = SURFACE_STYLE_FILL_AREA ( #2389 ) ;
#251 = VECTOR ( 'NONE', #180, 1000.000000000000114 ) ;
#252 = CARTESIAN_POINT ( 'NONE',  ( 0.3012548339959392751, 0.3012548339959391086, -2.466309119164536767 ) ) ;
#253 = ORIENTED_EDGE ( 'NONE', *, *, #2024, .F. ) ;
#254 =( GEOMETRIC_REPRESENTATION_CONTEXT ( 3 ) GLOBAL_UNCERTAINTY_ASSIGNED_CONTEXT ( ( #1771 ) ) GLOBAL_UNIT_ASSIGNED_CONTEXT ( ( #2429, #1989, #1960 ) ) REPRESENTATION_CONTEXT ( 'NONE', 'WORKASPACE' ) );
#255 = B_SPLINE_SURFACE_WITH_KNOTS ( 'NONE', 1, 3, ( 
 ( #2527, #2122, #2111, #1166, #674, #1391, #1622, #1880, #1818, #614, #867, #2361, #629, #2540, #881, #1832 ),
 ( #2794, #192, #1234, #1927, #1462, #236, #2155, #2606, #509, #1208, #267, #943, #2198, #1670, #520, #1451 ) ),
 .UNSPECIFIED., .F., .F., .F.,
 ( 2, 2 ),
 ( 4, 3, 2, 2, 2, 3, 4 ),
 ( 0.000000000000000000, 1.000000000000000000 ),
 ( -0.01231340368786399200, 0.000000000000000000, 0.2500000000000000000, 0.5000000000000000000, 0.7500000000000000000, 1.000000000000000000, 1.016462362245785567 ),
 .UNSPECIFIED. ) ;
#256 = PRESENTATION_STYLE_ASSIGNMENT (( #513 ) ) ;
#257 = CARTESIAN_POINT ( 'NONE',  ( -0.2786410898395586533, -1.129999999999998561, 1.691441747381245975 ) ) ;
#258 = VECTOR ( 'NONE', #2827, 1000.000000000000000 ) ;
#259 = ORIENTED_EDGE ( 'NONE', *, *, #58, .F. ) ;
#260 = CARTESIAN_POINT ( 'NONE',  ( -5.687887419977258754E-17, -1.250000000000000000, 1.270000000000000018 ) ) ;
#261 = VECTOR ( 'NONE', #206, 1000.000000000000000 ) ;
#262 = CARTESIAN_POINT ( 'NONE',  ( 0.2344867770528465956, -1.250000000000000888, 1.702869330121560720 ) ) ;
#263 = LINE ( 'NONE', #1654, #704 ) ;
#264 = EDGE_LOOP ( 'NONE', ( #846, #2701, #2886, #2144 ) ) ;
#265 = VECTOR ( 'NONE', #1049, 1000.000000000000000 ) ;
#266 = CARTESIAN_POINT ( 'NONE',  ( 0.2713367824627647140, -1.149999999999999689, 1.100924175899257840 ) ) ;
#267 = CARTESIAN_POINT ( 'NONE',  ( 0.1855040689101481455, -1.129999999999999449, 0.7285820478135641709 ) ) ;
#268 = SURFACE_STYLE_USAGE ( .BOTH. , #978 ) ;
#269 = ORIENTED_EDGE ( 'NONE', *, *, #2588, .T. ) ;
#270 =( BOUNDED_CURVE ( )  B_SPLINE_CURVE ( 3, ( #1299, #1498, #597, #1037 ),
 .UNSPECIFIED., .F., .F. ) 
 B_SPLINE_CURVE_WITH_KNOTS ( ( 4, 4 ),
 ( 3.141592653589793116, 3.926990816987241395 ),
 .UNSPECIFIED. ) 
 CURVE ( )  GEOMETRIC_REPRESENTATION_ITEM ( )  RATIONAL_B_SPLINE_CURVE ( ( 1.000000000000000000, 0.9492530216741911220, 0.9492530216741911220, 1.000000000000000000 ) ) 
 REPRESENTATION_ITEM ( '' )  );
#271 = CARTESIAN_POINT ( 'NONE',  ( -0.2298037738871964719, -1.149999999999999911, 1.353671999876015164 ) ) ;
#272 = EDGE_CURVE ( 'NONE', #960, #321, #199, .T. ) ;
#273 = CARTESIAN_POINT ( 'NONE',  ( -0.3464101615137760160, -1.046666666666666856, 2.449999999999999734 ) ) ;
#274 = ORIENTED_EDGE ( 'NONE', *, *, #182, .T. ) ;
#275 = CARTESIAN_POINT ( 'NONE',  ( 0.2010872110020790471, -0.2010872110020796577, 8.584387938363944315 ) ) ;
#276 = CARTESIAN_POINT ( 'NONE',  ( 0.1577505785904932956, -1.129999999999999227, 1.813663502661130744 ) ) ;
#277 = FACE_BOUND ( 'NONE', #2876, .T. ) ;
#278 = EDGE_LOOP ( 'NONE', ( #969, #1424, #2583, #630 ) ) ;
#279 = DIRECTION ( 'NONE',  ( -0.3420201433256690460, -0.9396926207859083169, 0.000000000000000000 ) ) ;
#280 = DIRECTION ( 'NONE',  ( -1.000000000000000000, -4.224164308385081333E-16, 1.537470072901852402E-16 ) ) ;
#281 = CARTESIAN_POINT ( 'NONE',  ( 0.3134175730544423999, -0.2890920949374365390, 7.947330798265291207 ) ) ;
#282 = EDGE_CURVE ( 'NONE', #106, #986, #1648, .T. ) ;
#283 = FILL_AREA_STYLE_COLOUR ( '', #2738 ) ;
#284 = ORIENTED_EDGE ( 'NONE', *, *, #438, .F. ) ;
#285 = CARTESIAN_POINT ( 'NONE',  ( 1.019999999999999796, 0.7700000000000006839, 0.000000000000000000 ) ) ;
#286 = EDGE_CURVE ( 'NONE', #885, #378, #680, .T. ) ;
#287 = CARTESIAN_POINT ( 'NONE',  ( 0.09036144578313230757, -1.250000000000000000, 1.456746987951807348 ) ) ;
#288 = SURFACE_STYLE_USAGE ( .BOTH. , #2470 ) ;
#289 = EDGE_CURVE ( 'NONE', #1743, #2947, #2085, .T. ) ;
#290 = ORIENTED_EDGE ( 'NONE', *, *, #563, .T. ) ;
#291 = CARTESIAN_POINT ( 'NONE',  ( 0.3200000000000001177, -0.2071507323465826833, 8.550000000000000711 ) ) ;
#292 = CARTESIAN_POINT ( 'NONE',  ( -0.05396442235651247726, -1.149999999999999911, 1.270000000000000018 ) ) ;
#293 = CARTESIAN_POINT ( 'NONE',  ( -1.269999999999999796, 0.9999999999999983347, 2.350000000000000089 ) ) ;
#294 = CARTESIAN_POINT ( 'NONE',  ( 0.3200000000000000622, 0.2559999999999999498, -2.359999999999988773 ) ) ;
#295 = CARTESIAN_POINT ( 'NONE',  ( -0.2292613886581244820, -1.150000000000000133, 1.353074703515682042 ) ) ;
#296 = SURFACE_STYLE_USAGE ( .BOTH. , #3081 ) ;
#297 = EDGE_CURVE ( 'NONE', #17, #918, #2395, .T. ) ;
#298 = ORIENTED_EDGE ( 'NONE', *, *, #1978, .T. ) ;
#299 = AXIS2_PLACEMENT_3D ( 'NONE', #2465, #131, #1284 ) ;
#300 = DIRECTION ( 'NONE',  ( 1.000000000000000000, 3.336006684570782608E-16, 0.000000000000000000 ) ) ;
#301 = CARTESIAN_POINT ( 'NONE',  ( 0.2672473181614726245, -1.129999999999999005, 1.752504738903651216 ) ) ;
#302 = VECTOR ( 'NONE', #2134, 1000.000000000000000 ) ;
#303 = B_SPLINE_SURFACE_WITH_KNOTS ( 'NONE', 1, 3, ( 
 ( #980, #1257, #42, #88, #1931, #1950, #770, #1715, #2393, #2902, #1443, #1455, #1705, #525, #1215, #2679 ),
 ( #257, #1238, #2207, #2885, #1010, #1675, #73, #1966, #2914, #536, #2639, #1484, #1908, #744, #2863, #29 ) ),
 .UNSPECIFIED., .F., .F., .F.,
 ( 2, 2 ),
 ( 4, 3, 2, 2, 2, 3, 4 ),
 ( 0.000000000000000000, 1.000000000000000000 ),
 ( -0.01231340368776220710, 0.000000000000000000, 0.2500000000000000000, 0.5000000000000000000, 0.7500000000000000000, 1.000000000000000000, 1.016462362245815543 ),
 .UNSPECIFIED. ) ;
#304 = EDGE_CURVE ( 'NONE', #106, #2030, #2873, .T. ) ;
#305 = COLOUR_RGB ( '',0.9686274509803921573, 0.8784313725490195957, 0.5999999999999999778 ) ;
#306 = VERTEX_POINT ( 'NONE', #2627 ) ;
#307 = CARTESIAN_POINT ( 'NONE',  ( 1.270000000000000462, -0.9999999999999978906, 0.5999999999999998668 ) ) ;
#308 = VECTOR ( 'NONE', #403, 1000.000000000000114 ) ;
#309 = EDGE_CURVE ( 'NONE', #371, #2469, #959, .T. ) ;
#310 = STYLED_ITEM ( 'NONE', ( #1269 ), #2554 ) ;
#311 = CARTESIAN_POINT ( 'NONE',  ( -0.2354649598020790158, -1.129999999999999227, 1.349078030679466078 ) ) ;
#312 = DIRECTION ( 'NONE',  ( -0.7071067811865515695, -0.000000000000000000, -0.7071067811865435759 ) ) ;
#313 = CARTESIAN_POINT ( 'NONE',  ( -0.3464101615137760160, -1.046666666666666856, 2.449999999999999734 ) ) ;
#314 = FACE_OUTER_BOUND ( 'NONE', #1294, .T. ) ;
#315 = FACE_OUTER_BOUND ( 'NONE', #54, .T. ) ;
#316 = ORIENTED_EDGE ( 'NONE', *, *, #1328, .F. ) ;
#317 = CARTESIAN_POINT ( 'NONE',  ( -0.2560000000000000053, 0.3199999999999998401, -2.359999999999988773 ) ) ;
#318 = CARTESIAN_POINT ( 'NONE',  ( 0.2350082182935542274, -1.250000000000000888, 1.690863535879506552 ) ) ;
#319 = EDGE_LOOP ( 'NONE', ( #1460, #2353, #2451, #329 ) ) ;
#320 = LINE ( 'NONE', #2969, #598 ) ;
#321 = VERTEX_POINT ( 'NONE', #72 ) ;
#322 = ORIENTED_EDGE ( 'NONE', *, *, #1924, .F. ) ;
#323 = DIRECTION ( 'NONE',  ( -8.470329472543003391E-17, 1.000000000000000000, 0.000000000000000000 ) ) ;
#324 = ADVANCED_FACE ( 'NONE', ( #2187 ), #9, .T. ) ;
#325 = CARTESIAN_POINT ( 'NONE',  ( -0.2019392674056429970, -1.250000000000000888, 1.377127937580157946 ) ) ;
#326 = CARTESIAN_POINT ( 'NONE',  ( -0.2344989567605802183, -1.249999999999992895, 1.701643011501013714 ) ) ;
#327 = LINE ( 'NONE', #1732, #103 ) ;
#328 = CARTESIAN_POINT ( 'NONE',  ( 1.270000000000000240, 0.9999999999999983347, 2.350000000000000089 ) ) ;
#329 = ORIENTED_EDGE ( 'NONE', *, *, #815, .T. ) ;
#330 = DIRECTION ( 'NONE',  ( -8.470329472543003391E-17, 1.000000000000000000, 0.000000000000000000 ) ) ;
#331 = ORIENTED_EDGE ( 'NONE', *, *, #115, .F. ) ;
#332 = LINE ( 'NONE', #2426, #1545 ) ;
#333 = ORIENTED_EDGE ( 'NONE', *, *, #2461, .F. ) ;
#334 = EDGE_LOOP ( 'NONE', ( #829, #2755, #148, #2620 ) ) ;
#335 = FILL_AREA_STYLE_COLOUR ( '', #594 ) ;
#336 = EDGE_CURVE ( 'NONE', #2021, #1843, #2862, .T. ) ;
#337 = DIRECTION ( 'NONE',  ( 0.000000000000000000, 0.3420201433256694901, -0.9396926207859082059 ) ) ;
#338 = LINE ( 'NONE', #374, #1997 ) ;
#339 =( NAMED_UNIT ( * ) PLANE_ANGLE_UNIT ( ) SI_UNIT ( $, .RADIAN. ) );
#340 = CARTESIAN_POINT ( 'NONE',  ( 0.2352773025081802694, -1.129999999999999449, 1.210517445307732753 ) ) ;
#341 = LINE ( 'NONE', #2252, #11 ) ;
#342 = UNCERTAINTY_MEASURE_WITH_UNIT (LENGTH_MEASURE( 1.000000000000000082E-05 ), #2127, 'distance_accuracy_value', 'NONE');
#343 = EDGE_CURVE ( 'NONE', #1489, #2073, #950, .T. ) ;
#344 = ORIENTED_EDGE ( 'NONE', *, *, #1158, .T. ) ;
#345 = CARTESIAN_POINT ( 'NONE',  ( -0.7699999999999999067, 1.250000000000000222, 0.000000000000000000 ) ) ;
#346 = LINE ( 'NONE', #2519, #1845 ) ;
#347 = VERTEX_POINT ( 'NONE', #757 ) ;
#348 = DIRECTION ( 'NONE',  ( 0.7071067811865441310, 0.7071067811865507924, -0.000000000000000000 ) ) ;
#349 = VERTEX_POINT ( 'NONE', #1009 ) ;
#350 = CARTESIAN_POINT ( 'NONE',  ( 0.2713137137365562168, -1.149999999999999245, 1.693760853465389848 ) ) ;
#351 = AXIS2_PLACEMENT_3D ( 'NONE', #2543, #3064, #1137 ) ;
#352 = ORIENTED_EDGE ( 'NONE', *, *, #1081, .F. ) ;
#353 = STYLED_ITEM ( 'NONE', ( #2450 ), #1193 ) ;
#354 = VECTOR ( 'NONE', #2571, 1000.000000000000000 ) ;
#355 = VECTOR ( 'NONE', #2622, 1000.000000000000114 ) ;
#356 = CARTESIAN_POINT ( 'NONE',  ( -0.2778308471146879732, -1.129999999999999227, 1.441489321758466779 ) ) ;
#357 = CARTESIAN_POINT ( 'NONE',  ( -0.3199999999999999512, 0.3199999999999993405, -2.359999999999988773 ) ) ;
#358 = FACE_OUTER_BOUND ( 'NONE', #334, .T. ) ;
#359 = CARTESIAN_POINT ( 'NONE',  ( -0.2531083497167572749, -1.150000000000000133, 1.383357388030419077 ) ) ;
#360 = MECHANICAL_DESIGN_GEOMETRIC_PRESENTATION_REPRESENTATION (  '', ( #1952 ), #1156 ) ;
#361 = CARTESIAN_POINT ( 'NONE',  ( 1.170000000000000595, 0.9999999999999986677, 0.6000000000000000888 ) ) ;
#362 = ORIENTED_EDGE ( 'NONE', *, *, #933, .T. ) ;
#363 = SURFACE_STYLE_USAGE ( .BOTH. , #2948 ) ;
#364 = EDGE_CURVE ( 'NONE', #637, #922, #1704, .T. ) ;
#365 = CARTESIAN_POINT ( 'NONE',  ( -0.3134175730544421778, 0.2890920949374352067, 7.947330798265291207 ) ) ;
#366 = DIRECTION ( 'NONE',  ( -0.000000000000000000, -0.000000000000000000, -1.000000000000000000 ) ) ;
#367 = VERTEX_POINT ( 'NONE', #717 ) ;
#368 = CARTESIAN_POINT ( 'NONE',  ( -1.019999999999999796, 0.9999999999999983347, 2.500000000000000000 ) ) ;
#369 = ORIENTED_EDGE ( 'NONE', *, *, #2682, .F. ) ;
#370 = CARTESIAN_POINT ( 'NONE',  ( 0.2010872110020790193, 0.2010872110020782977, 8.584387938363944315 ) ) ;
#371 = VERTEX_POINT ( 'NONE', #41 ) ;
#372 = LINE ( 'NONE', #1312, #308 ) ;
#373 = CARTESIAN_POINT ( 'NONE',  ( -0.2027297558018809898, -1.250000000000000888, 1.377998469153225658 ) ) ;
#374 = CARTESIAN_POINT ( 'NONE',  ( 0.7700000000000001288, 1.250000000000000222, 2.500000000000000000 ) ) ;
#375 = ORIENTED_EDGE ( 'NONE', *, *, #2875, .T. ) ;
#376 = CARTESIAN_POINT ( 'NONE',  ( 0.1560617469879515551, -1.250000000000000000, 0.7700000000000001288 ) ) ;
#377 = DIRECTION ( 'NONE',  ( 6.842277657836020854E-49, -5.078189165123089681E-17, 1.000000000000000000 ) ) ;
#378 = VERTEX_POINT ( 'NONE', #1466 ) ;
#379 = EDGE_CURVE ( 'NONE', #1843, #2208, #2161, .T. ) ;
#380 = DIRECTION ( 'NONE',  ( 0.000000000000000000, 0.000000000000000000, -1.000000000000000000 ) ) ;
#381 = ORIENTED_EDGE ( 'NONE', *, *, #1378, .F. ) ;
#382 = CARTESIAN_POINT ( 'NONE',  ( -0.3012548339959390531, 0.3012548339959389421, -2.466309119164537655 ) ) ;
#383 = EDGE_LOOP ( 'NONE', ( #125, #2638, #2168, #1571, #608, #2542 ) ) ;
#384 = EDGE_CURVE ( 'NONE', #1534, #1971, #979, .T. ) ;
#385 = FILL_AREA_STYLE ('',( #152 ) ) ;
#386 = EDGE_LOOP ( 'NONE', ( #1506, #2520, #2847, #1114 ) ) ;
#387 = CARTESIAN_POINT ( 'NONE',  ( -0.3012548339959391086, -0.3012548339959393862, -2.466309119164536767 ) ) ;
#388 = EDGE_CURVE ( 'NONE', #2937, #1967, #1533, .T. ) ;
#389 = DIRECTION ( 'NONE',  ( -0.7196877547425333255, 0.000000000000000000, 0.6942978724392371292 ) ) ;
#390 = DIRECTION ( 'NONE',  ( 1.000000000000000000, 0.000000000000000000, 0.000000000000000000 ) ) ;
#391 = ORIENTED_EDGE ( 'NONE', *, *, #1027, .F. ) ;
#392 = CARTESIAN_POINT ( 'NONE',  ( 0.2778262552174854960, -1.129999999999999227, 1.116780493418346731 ) ) ;
#393 = LINE ( 'NONE', #1271, #1099 ) ;
#394 = ORIENTED_EDGE ( 'NONE', *, *, #379, .T. ) ;
#395 = LINE ( 'NONE', #1536, #1599 ) ;
#396 =( LENGTH_UNIT ( ) NAMED_UNIT ( * ) SI_UNIT ( .MILLI., .METRE. ) );
#397 = EDGE_CURVE ( 'NONE', #1819, #637, #1768, .T. ) ;
#398 = CARTESIAN_POINT ( 'NONE',  ( -0.6500000000000001332, -1.250000000000000222, 1.270000000000000018 ) ) ;
#399 = EDGE_LOOP ( 'NONE', ( #1278, #1319, #2334, #369, #1720, #1486 ) ) ;
#400 = CARTESIAN_POINT ( 'NONE',  ( 0.3012548339959392751, 0.3012548339959391086, -2.466309119164536767 ) ) ;
#401 = ORIENTED_EDGE ( 'NONE', *, *, #1162, .F. ) ;
#402 = VECTOR ( 'NONE', #184, 1000.000000000000000 ) ;
#403 = DIRECTION ( 'NONE',  ( 0.7213041043845912492, 3.046907053233057655E-16, -0.6926185017727598536 ) ) ;
#404 =( GEOMETRIC_REPRESENTATION_CONTEXT ( 3 ) GLOBAL_UNCERTAINTY_ASSIGNED_CONTEXT ( ( #1735 ) ) GLOBAL_UNIT_ASSIGNED_CONTEXT ( ( #714, #2185, #496 ) ) REPRESENTATION_CONTEXT ( 'NONE', 'WORKASPACE' ) );
#405 = ADVANCED_FACE ( 'NONE', ( #314 ), #2744, .F. ) ;
#406 = AXIS2_PLACEMENT_3D ( 'NONE', #229, #418, #214 ) ;
#407 = CARTESIAN_POINT ( 'NONE',  ( -0.2341962252578360659, -1.249999999999998890, 1.443422478592585101 ) ) ;
#408 = VECTOR ( 'NONE', #2135, 1000.000000000000000 ) ;
#409 = AXIS2_PLACEMENT_3D ( 'NONE', #1846, #3040, #436 ) ;
#410 = ORIENTED_EDGE ( 'NONE', *, *, #1782, .F. ) ;
#411 =( NAMED_UNIT ( * ) SI_UNIT ( $, .STERADIAN. ) SOLID_ANGLE_UNIT ( ) );
#412 = LINE ( 'NONE', #1353, #2105 ) ;
#413 = VECTOR ( 'NONE', #2708, 1000.000000000000114 ) ;
#414 = EDGE_LOOP ( 'NONE', ( #74, #497, #1796, #429 ) ) ;
#415 = CARTESIAN_POINT ( 'NONE',  ( 0.2608839580572266947, -1.149999999999990807, 0.7919293115025550778 ) ) ;
#416 = MECHANICAL_DESIGN_GEOMETRIC_PRESENTATION_REPRESENTATION (  '', ( #310 ), #802 ) ;
#417 = FILL_AREA_STYLE_COLOUR ( '', #1429 ) ;
#418 = DIRECTION ( 'NONE',  ( -0.7071067811865443531, 0.000000000000000000, 0.7071067811865506814 ) ) ;
#419 = CARTESIAN_POINT ( 'NONE',  ( -0.2349397590361447796, -1.250000000000000000, 1.691121987951807348 ) ) ;
#420 = ORIENTED_EDGE ( 'NONE', *, *, #828, .F. ) ;
#421 = VECTOR ( 'NONE', #2272, 1000.000000000000000 ) ;
#422 = LINE ( 'NONE', #1115, #265 ) ;
#423 = FILL_AREA_STYLE_COLOUR ( '', #1790 ) ;
#424 = STYLED_ITEM ( 'NONE', ( #1626 ), #3076 ) ;
#425 = CARTESIAN_POINT ( 'NONE',  ( -5.687887419977258754E-17, -1.250000000000000000, 1.270000000000000018 ) ) ;
#426 = FACE_OUTER_BOUND ( 'NONE', #2832, .T. ) ;
#427 = ADVANCED_FACE ( 'NONE', ( #2220 ), #87, .F. ) ;
#428 = CARTESIAN_POINT ( 'NONE',  ( -0.1771939946250030151, -1.250000000000001554, 0.7717580415739703215 ) ) ;
#429 = ORIENTED_EDGE ( 'NONE', *, *, #1300, .F. ) ;
#430 = CARTESIAN_POINT ( 'NONE',  ( 0.1577519656428686134, -1.149999999999990807, 0.7336324926132931079 ) ) ;
#431 = B_SPLINE_SURFACE_WITH_KNOTS ( 'NONE', 1, 3, ( 
 ( #2962, #821, #2610, #1368, #1407, #428, #2346, #2124, #3078, #1821, #208, #2797, #1855, #2113, #2813, #2563 ),
 ( #676, #869, #666, #1624, #2333, #2363, #3032, #1393, #1613, #1153, #225, #884, #2576, #164, #2095, #1108 ) ),
 .UNSPECIFIED., .F., .F., .F.,
 ( 2, 2 ),
 ( 4, 3, 2, 2, 2, 3, 4 ),
 ( 0.000000000000000000, 1.000000000000000000 ),
 ( -0.01646236224589351510, 0.000000000000000000, 0.2500000000000000000, 0.5000000000000000000, 0.7500000000000000000, 1.000000000000000000, 1.012313403687755908 ),
 .UNSPECIFIED. ) ;
#432 = CARTESIAN_POINT ( 'NONE',  ( -9.912051728362343045E-17, -1.149999999999999911, 1.270000000000000018 ) ) ;
#433 = LINE ( 'NONE', #1384, #2053 ) ;
#434 = ORIENTED_EDGE ( 'NONE', *, *, #1495, .F. ) ;
#435 = DIRECTION ( 'NONE',  ( 0.7071067811865506814, -0.000000000000000000, 0.7071067811865443531 ) ) ;
#436 = DIRECTION ( 'NONE',  ( -0.4999999999999998890, 0.8660254037844385966, 0.000000000000000000 ) ) ;
#437 = DIRECTION ( 'NONE',  ( 0.000000000000000000, 0.000000000000000000, -1.000000000000000000 ) ) ;
#438 = EDGE_CURVE ( 'NONE', #478, #1489, #1550, .T. ) ;
#439 = CARTESIAN_POINT ( 'NONE',  ( -0.2080741993322302585, -1.249999999999998890, 1.383884079689429836 ) ) ;
#440 = LINE ( 'NONE', #647, #258 ) ;
#441 = ORIENTED_EDGE ( 'NONE', *, *, #1782, .T. ) ;
#442 = CARTESIAN_POINT ( 'NONE',  ( 0.1573284206430634047, -1.149999999999999911, 0.7336029765733798058 ) ) ;
#443 = CARTESIAN_POINT ( 'NONE',  ( -0.1771939946250035425, -1.249999999999993561, 0.7717580415739673239 ) ) ;
#444 = DIRECTION ( 'NONE',  ( 0.000000000000000000, -1.000000000000000000, 0.000000000000000000 ) ) ;
#445 = VERTEX_POINT ( 'NONE', #854 ) ;
#446 = CARTESIAN_POINT ( 'NONE',  ( 0.1546833132435277980, -1.250000000000000888, 1.770094871114360480 ) ) ;
#447 = CARTESIAN_POINT ( 'NONE',  ( 0.3464101615137756829, -1.046666666666666856, 2.449999999999999734 ) ) ;
#448 = CARTESIAN_POINT ( 'NONE',  ( -0.2713367824627651026, -1.149999999999999911, 0.8481160656645542195 ) ) ;
#449 = DIRECTION ( 'NONE',  ( 0.9396926207859079838, 0.3420201433256698786, 0.000000000000000000 ) ) ;
#450 = VECTOR ( 'NONE', #1225, 1000.000000000000000 ) ;
#451 = COLOUR_RGB ( '',0.9686274509803921573, 0.8784313725490195957, 0.5999999999999999778 ) ;
#452 = CARTESIAN_POINT ( 'NONE',  ( -0.09036144578313276554, -1.250000000000000000, 1.625421686746987948 ) ) ;
#453 = FACE_OUTER_BOUND ( 'NONE', #2258, .T. ) ;
#454 = ORIENTED_EDGE ( 'NONE', *, *, #3018, .F. ) ;
#455 = VECTOR ( 'NONE', #132, 1000.000000000000000 ) ;
#456 = CARTESIAN_POINT ( 'NONE',  ( 0.2713367824627648250, -1.149999999999999911, 0.8481160656645677642 ) ) ;
#457 = CARTESIAN_POINT ( 'NONE',  ( -0.3012548339959390531, -0.3012548339959397747, 8.016309119164535701 ) ) ;
#458 =( GEOMETRIC_REPRESENTATION_CONTEXT ( 3 ) GLOBAL_UNCERTAINTY_ASSIGNED_CONTEXT ( ( #2498 ) ) GLOBAL_UNIT_ASSIGNED_CONTEXT ( ( #1763, #2673, #548 ) ) REPRESENTATION_CONTEXT ( 'NONE', 'WORKASPACE' ) );
#459 = CARTESIAN_POINT ( 'NONE',  ( -0.3199999999999999512, 0.3199999999999998401, -2.359999999999988773 ) ) ;
#460 = ORIENTED_EDGE ( 'NONE', *, *, #1978, .F. ) ;
#461 = MECHANICAL_DESIGN_GEOMETRIC_PRESENTATION_REPRESENTATION (  '', ( #2750 ), #800 ) ;
#462 = DIRECTION ( 'NONE',  ( 0.000000000000000000, -1.000000000000000000, 0.000000000000000000 ) ) ;
#463 = EDGE_CURVE ( 'NONE', #1507, #2937, #2286, .T. ) ;
#464 = SURFACE_STYLE_FILL_AREA ( #1145 ) ;
#465 = VECTOR ( 'NONE', #767, 1000.000000000000000 ) ;
#466 = CARTESIAN_POINT ( 'NONE',  ( -1.169999999999998597, 0.9999999999999983347, 0.5999999999999998668 ) ) ;
#467 = VERTEX_POINT ( 'NONE', #835 ) ;
#468 = DIRECTION ( 'NONE',  ( 1.000000000000000000, 0.000000000000000000, 0.000000000000000000 ) ) ;
#469 = FACE_OUTER_BOUND ( 'NONE', #1033, .T. ) ;
#470 = SURFACE_SIDE_STYLE ('',( #250 ) ) ;
#471 = CARTESIAN_POINT ( 'NONE',  ( -0.2559999999999999498, -0.3200000000000006728, 7.909999999999988596 ) ) ;
#472 = ORIENTED_EDGE ( 'NONE', *, *, #2792, .T. ) ;
#473 =( NAMED_UNIT ( * ) SI_UNIT ( $, .STERADIAN. ) SOLID_ANGLE_UNIT ( ) );
#474 = B_SPLINE_CURVE_WITH_KNOTS ( 'NONE', 3,
 ( #913, #2060, #155, #2759, #672, #3012, #1865 ),
 .UNSPECIFIED., .F., .F.,
 ( 4, 3, 4 ),
 ( 0.000000000000000000, 5.321035412781914418E-05, 0.0001064207082558059196 ),
 .UNSPECIFIED. ) ;
#475 = FILL_AREA_STYLE ('',( #283 ) ) ;
#476 = CARTESIAN_POINT ( 'NONE',  ( -1.269999999999999796, 0.9999999999999983347, 2.350000000000000089 ) ) ;
#477 = EDGE_CURVE ( 'NONE', #1697, #2126, #327, .T. ) ;
#478 = VERTEX_POINT ( 'NONE', #2695 ) ;
#479 = ADVANCED_FACE ( 'NONE', ( #554 ), #2268, .F. ) ;
#480 = CARTESIAN_POINT ( 'NONE',  ( -2.169999999999998153, -0.9999999999999988898, 1.600000000000011635 ) ) ;
#481 = ORIENTED_EDGE ( 'NONE', *, *, #141, .T. ) ;
#482 = CARTESIAN_POINT ( 'NONE',  ( -1.019999999999999796, -0.7700000000000004619, 0.4499999999999996780 ) ) ;
#483 = EDGE_CURVE ( 'NONE', #2853, #1743, #2234, .T. ) ;
#484 = CARTESIAN_POINT ( 'NONE',  ( 0.2291490472775132015, -1.149999999999999689, 1.206427255910813345 ) ) ;
#485 = CARTESIAN_POINT ( 'NONE',  ( -0.2713367824627651026, -1.150000000000000133, 1.457141330931055911 ) ) ;
#486 =( LENGTH_UNIT ( ) NAMED_UNIT ( * ) SI_UNIT ( .MILLI., .METRE. ) );
#487 = ORIENTED_EDGE ( 'NONE', *, *, #1959, .T. ) ;
#488 = ORIENTED_EDGE ( 'NONE', *, *, #2954, .T. ) ;
#489 = DIRECTION ( 'NONE',  ( 4.224164308385081333E-16, -1.000000000000000000, 0.000000000000000000 ) ) ;
#490 = CARTESIAN_POINT ( 'NONE',  ( 0.2786415142825168223, -1.129999999999999227, 1.692804206359144636 ) ) ;
#491 = CARTESIAN_POINT ( 'NONE',  ( 0.7700000000000004619, -1.250000000000000222, 0.000000000000000000 ) ) ;
#492 = VERTEX_POINT ( 'NONE', #1316 ) ;
#493 = DIRECTION ( 'NONE',  ( 0.000000000000000000, 1.000000000000000000, 0.000000000000000000 ) ) ;
#494 = CARTESIAN_POINT ( 'NONE',  ( 0.2349397590361444188, -1.250000000000000000, 1.100007530120482135 ) ) ;
#495 = ADVANCED_FACE ( 'NONE', ( #98 ), #2623, .F. ) ;
#496 =( NAMED_UNIT ( * ) SI_UNIT ( $, .STERADIAN. ) SOLID_ANGLE_UNIT ( ) );
#497 = ORIENTED_EDGE ( 'NONE', *, *, #512, .F. ) ;
#498 = MECHANICAL_DESIGN_GEOMETRIC_PRESENTATION_REPRESENTATION (  '', ( #788 ), #254 ) ;
#499 = CARTESIAN_POINT ( 'NONE',  ( 2.170000000000000817, 0.9999999999999983347, 1.599999999999991429 ) ) ;
#500 = CARTESIAN_POINT ( 'NONE',  ( 1.019999999999999796, -0.9999999999999978906, 2.500000000000000000 ) ) ;
#501 = AXIS2_PLACEMENT_3D ( 'NONE', #3047, #1168, #632 ) ;
#502 =( GEOMETRIC_REPRESENTATION_CONTEXT ( 3 ) GLOBAL_UNCERTAINTY_ASSIGNED_CONTEXT ( ( #1514 ) ) GLOBAL_UNIT_ASSIGNED_CONTEXT ( ( #1414, #1186, #2790 ) ) REPRESENTATION_CONTEXT ( 'NONE', 'WORKASPACE' ) );
#503 = ORIENTED_EDGE ( 'NONE', *, *, #2355, .T. ) ;
#504 = LINE ( 'NONE', #983, #1799 ) ;
#505 =( BOUNDED_CURVE ( )  B_SPLINE_CURVE ( 3, ( #1687, #281, #2420, #1902 ),
 .UNSPECIFIED., .F., .F. ) 
 B_SPLINE_CURVE_WITH_KNOTS ( ( 4, 4 ),
 ( 5.497787143782138841, 6.283185307179586232 ),
 .UNSPECIFIED. ) 
 CURVE ( )  GEOMETRIC_REPRESENTATION_ITEM ( )  RATIONAL_B_SPLINE_CURVE ( ( 1.000000000000000000, 0.9492530216741912330, 0.9492530216741912330, 1.000000000000000000 ) ) 
 REPRESENTATION_ITEM ( '' )  );
#506 = CARTESIAN_POINT ( 'NONE',  ( 0.1566949385773097059, -1.200014643514627055, 0.7518068180901391617 ) ) ;
#507 = VECTOR ( 'NONE', #655, 1000.000000000000000 ) ;
#508 = ORIENTED_EDGE ( 'NONE', *, *, #1567, .T. ) ;
#509 = CARTESIAN_POINT ( 'NONE',  ( 0.2322227741005683521, -1.129999999999999449, 0.7468819479089900959 ) ) ;
#510 = COLOUR_RGB ( '',0.000000000000000000, 0.3411764705882353033, 0.7215686274509803821 ) ;
#511 = CARTESIAN_POINT ( 'NONE',  ( -0.2554095947582508130, -1.193759588573569008, 1.457545397228200423 ) ) ;
#512 = EDGE_CURVE ( 'NONE', #1971, #1183, #1870, .T. ) ;
#513 = SURFACE_STYLE_USAGE ( .BOTH. , #2142 ) ;
#514 = ORIENTED_EDGE ( 'NONE', *, *, #2431, .F. ) ;
#515 = CARTESIAN_POINT ( 'NONE',  ( 0.2180303824019270420, -1.192724687139468331, 1.195544853701334898 ) ) ;
#516 = DIRECTION ( 'NONE',  ( 1.408054769461693942E-16, 1.000000000000000000, -0.000000000000000000 ) ) ;
#517 = PLANE ( 'NONE',  #2313 ) ;
#518 = ORIENTED_EDGE ( 'NONE', *, *, #304, .T. ) ;
#519 = DIRECTION ( 'NONE',  ( 1.000000000000000000, 0.000000000000000000, 0.000000000000000000 ) ) ;
#520 = CARTESIAN_POINT ( 'NONE',  ( 0.1577689812403509084, -1.129999999999999227, 0.7263366216202523651 ) ) ;
#521 = CARTESIAN_POINT ( 'NONE',  ( -0.1573284206430519139, -1.149999999999999911, 0.7336029765733800279 ) ) ;
#522 = LINE ( 'NONE', #2172, #2057 ) ;
#523 = EDGE_CURVE ( 'NONE', #2213, #2083, #1352, .T. ) ;
#524 = CARTESIAN_POINT ( 'NONE',  ( 0.1665885810817082369, -1.249999999999968914, 0.7707336829928926880 ) ) ;
#525 = CARTESIAN_POINT ( 'NONE',  ( -0.1553685607633399357, -1.250000000000000888, 1.770048312620811304 ) ) ;
#526 = ORIENTED_EDGE ( 'NONE', *, *, #2974, .F. ) ;
#527 = CARTESIAN_POINT ( 'NONE',  ( -0.3199999999999999512, 0.2559999999999993392, 8.550000000000000711 ) ) ;
#528 = CARTESIAN_POINT ( 'NONE',  ( 0.1770002516592690256, -1.250000000000001110, 1.768231629108715675 ) ) ;
#529 = ORIENTED_EDGE ( 'NONE', *, *, #2826, .T. ) ;
#530 = DIRECTION ( 'NONE',  ( -0.000000000000000000, 1.000000000000000000, -0.000000000000000000 ) ) ;
#531 = CARTESIAN_POINT ( 'NONE',  ( -0.1841190565292912806, -1.150000000000000799, 0.7357780467736331209 ) ) ;
#532 = LINE ( 'NONE', #1929, #3053 ) ;
#533 = VECTOR ( 'NONE', #665, 1000.000000000000227 ) ;
#534 = CARTESIAN_POINT ( 'NONE',  ( -0.2349397590361447796, -1.250000000000000000, 1.095301204819277396 ) ) ;
#535 = CARTESIAN_POINT ( 'NONE',  ( 0.2349397590361441412, -1.250000000000000888, 1.100007530120482135 ) ) ;
#536 = CARTESIAN_POINT ( 'NONE',  ( -0.2153368545994596428, -1.129999999999999449, 1.802011221401887964 ) ) ;
#537 = ORIENTED_EDGE ( 'NONE', *, *, #3073, .F. ) ;
#538 = AXIS2_PLACEMENT_3D ( 'NONE', #376, #582, #2251 ) ;
#539 = LINE ( 'NONE', #997, #1445 ) ;
#540 = CARTESIAN_POINT ( 'NONE',  ( 0.2301389845747368323, -1.129999999999999449, 1.793408833927351731 ) ) ;
#541 = AXIS2_PLACEMENT_3D ( 'NONE', #2137, #1210, #1917 ) ;
#542 = VERTEX_POINT ( 'NONE', #3031 ) ;
#543 = DIRECTION ( 'NONE',  ( 8.470329472543003391E-17, -1.000000000000000000, 0.000000000000000000 ) ) ;
#544 = EDGE_CURVE ( 'NONE', #1794, #367, #883, .T. ) ;
#545 = VECTOR ( 'NONE', #3036, 1000.000000000000000 ) ;
#546 = VERTEX_POINT ( 'NONE', #193 ) ;
#547 = AXIS2_PLACEMENT_3D ( 'NONE', #2723, #2011, #2476 ) ;
#548 =( NAMED_UNIT ( * ) SI_UNIT ( $, .STERADIAN. ) SOLID_ANGLE_UNIT ( ) );
#549 = AXIS2_PLACEMENT_3D ( 'NONE', #1591, #1375, #1117 ) ;
#550 = CARTESIAN_POINT ( 'NONE',  ( -0.2403630389942344181, -1.129999999999999227, 1.354471974263679268 ) ) ;
#551 = DIRECTION ( 'NONE',  ( -0.000000000000000000, -0.000000000000000000, -1.000000000000000000 ) ) ;
#552 = AXIS2_PLACEMENT_3D ( 'NONE', #2977, #1482, #2250 ) ;
#553 = CARTESIAN_POINT ( 'NONE',  ( 0.1686399665402706360, -1.149999999999999245, 1.805617514733360629 ) ) ;
#554 = FACE_OUTER_BOUND ( 'NONE', #910, .T. ) ;
#555 = CARTESIAN_POINT ( 'NONE',  ( 0.2031249999999996114, -1.250000000000001110, 1.180956325301204979 ) ) ;
#556 = ORIENTED_EDGE ( 'NONE', *, *, #1065, .F. ) ;
#557 = FILL_AREA_STYLE ('',( #2502 ) ) ;
#558 = EDGE_CURVE ( 'NONE', #1344, #2516, #1167, .T. ) ;
#559 = ORIENTED_EDGE ( 'NONE', *, *, #2558, .F. ) ;
#560 = SURFACE_STYLE_FILL_AREA ( #762 ) ;
#561 = ORIENTED_EDGE ( 'NONE', *, *, #1509, .T. ) ;
#562 = ORIENTED_EDGE ( 'NONE', *, *, #2368, .T. ) ;
#563 = EDGE_CURVE ( 'NONE', #2920, #885, #616, .T. ) ;
#564 = LINE ( 'NONE', #2473, #3000 ) ;
#565 = EDGE_CURVE ( 'NONE', #2916, #2412, #2562, .T. ) ;
#566 = FACE_OUTER_BOUND ( 'NONE', #278, .T. ) ;
#567 = CARTESIAN_POINT ( 'NONE',  ( -0.7699999999999999067, 1.250000000000000222, 2.500000000000000000 ) ) ;
#568 = DIRECTION ( 'NONE',  ( -0.000000000000000000, -0.000000000000000000, -1.000000000000000000 ) ) ;
#569 = CARTESIAN_POINT ( 'NONE',  ( 0.2349895302559611154, -1.250000000000000888, 1.099020110436262465 ) ) ;
#570 = CARTESIAN_POINT ( 'NONE',  ( -0.2349397590361447796, -1.250000000000000000, 0.8488780120481929092 ) ) ;
#571 = ORIENTED_EDGE ( 'NONE', *, *, #602, .T. ) ;
#572 = CARTESIAN_POINT ( 'NONE',  ( -0.3199999999999998956, -0.3200000000000006728, 7.909999999999988596 ) ) ;
#573 = ORIENTED_EDGE ( 'NONE', *, *, #2438, .T. ) ;
#574 = LINE ( 'NONE', #1293, #2206 ) ;
#575 = VERTEX_POINT ( 'NONE', #207 ) ;
#576 = EDGE_CURVE ( 'NONE', #937, #1001, #1333, .T. ) ;
#577 = ORIENTED_EDGE ( 'NONE', *, *, #384, .T. ) ;
#578 = CARTESIAN_POINT ( 'NONE',  ( -0.2071507323465823502, -1.754634953454123626E-17, -3.000000000000000000 ) ) ;
#579 = LINE ( 'NONE', #357, #213 ) ;
#580 = ADVANCED_FACE ( 'NONE', ( #163 ), #2589, .F. ) ;
#581 = CARTESIAN_POINT ( 'NONE',  ( 0.2071507323465825445, 1.754634953454125475E-17, -3.000000000000000000 ) ) ;
#582 = DIRECTION ( 'NONE',  ( 0.000000000000000000, 0.3420201433256694901, 0.9396926207859082059 ) ) ;
#583 = DIRECTION ( 'NONE',  ( 0.3236155771181856156, -0.8891264907159879272, -0.3236155771181851715 ) ) ;
#584 = ORIENTED_EDGE ( 'NONE', *, *, #1369, .T. ) ;
#585 =( NAMED_UNIT ( * ) PLANE_ANGLE_UNIT ( ) SI_UNIT ( $, .RADIAN. ) );
#586 = CARTESIAN_POINT ( 'NONE',  ( -1.269999999999999574, -0.9999999999999988898, 0.5999999999999998668 ) ) ;
#587 = DIRECTION ( 'NONE',  ( -1.000000000000000000, 0.000000000000000000, 0.000000000000000000 ) ) ;
#588 = EDGE_LOOP ( 'NONE', ( #1515, #871, #2133 ) ) ;
#589 = CARTESIAN_POINT ( 'NONE',  ( 0.3200000000000000622, 0.3199999999999993960, 7.909999999999988596 ) ) ;
#590 = ORIENTED_EDGE ( 'NONE', *, *, #2646, .T. ) ;
#591 = FACE_OUTER_BOUND ( 'NONE', #1856, .T. ) ;
#592 = ORIENTED_EDGE ( 'NONE', *, *, #664, .T. ) ;
#593 = CARTESIAN_POINT ( 'NONE',  ( -0.2349397590361447796, -1.250000000000000000, 1.691121987951807348 ) ) ;
#594 = COLOUR_RGB ( '',0.9686274509803921573, 0.8784313725490195957, 0.5999999999999999778 ) ;
#595 = PLANE ( 'NONE',  #1190 ) ;
#596 = ADVANCED_FACE ( 'NONE', ( #1820 ), #1854, .F. ) ;
#597 = CARTESIAN_POINT ( 'NONE',  ( -0.2890920949374357618, -0.3134175730544424554, -2.397330798265292717 ) ) ;
#598 = VECTOR ( 'NONE', #2003, 1000.000000000000000 ) ;
#599 =( LENGTH_UNIT ( ) NAMED_UNIT ( * ) SI_UNIT ( .MILLI., .METRE. ) );
#600 = CARTESIAN_POINT ( 'NONE',  ( -1.269999999999999796, 0.9999999999999983347, 2.350000000000000089 ) ) ;
#601 = AXIS2_PLACEMENT_3D ( 'NONE', #2804, #1386, #1631 ) ;
#602 = EDGE_CURVE ( 'NONE', #1042, #787, #1412, .T. ) ;
#603 = CARTESIAN_POINT ( 'NONE',  ( 0.2216643011576620581, -1.249999999999998002, 1.157682800369861154 ) ) ;
#604 = ORIENTED_EDGE ( 'NONE', *, *, #99, .T. ) ;
#605 = PLANE ( 'NONE',  #1888 ) ;
#606 = EDGE_CURVE ( 'NONE', #1449, #2056, #2624, .T. ) ;
#607 = PRESENTATION_STYLE_ASSIGNMENT (( #80 ) ) ;
#608 = ORIENTED_EDGE ( 'NONE', *, *, #2431, .T. ) ;
#609 = CARTESIAN_POINT ( 'NONE',  ( -0.2560000000000000053, 0.3199999999999998401, -2.359999999999988773 ) ) ;
#610 = ORIENTED_EDGE ( 'NONE', *, *, #2418, .F. ) ;
#611 = CARTESIAN_POINT ( 'NONE',  ( -0.7699999999999999067, 1.250000000000000222, 2.500000000000000000 ) ) ;
#612 = ORIENTED_EDGE ( 'NONE', *, *, #3018, .T. ) ;
#613 = DIRECTION ( 'NONE',  ( 4.224164308385081333E-16, -1.000000000000000000, 0.000000000000000000 ) ) ;
#614 = CARTESIAN_POINT ( 'NONE',  ( 0.1973794752863955171, -1.250000000000001110, 0.7781227024462210595 ) ) ;
#615 = ORIENTED_EDGE ( 'NONE', *, *, #2822, .F. ) ;
#616 = LINE ( 'NONE', #1579, #251 ) ;
#617 = LINE ( 'NONE', #328, #455 ) ;
#618 = UNCERTAINTY_MEASURE_WITH_UNIT (LENGTH_MEASURE( 1.000000000000000082E-05 ), #1262, 'distance_accuracy_value', 'NONE');
#619 = ORIENTED_EDGE ( 'NONE', *, *, #2162, .T. ) ;
#620 =( NAMED_UNIT ( * ) PLANE_ANGLE_UNIT ( ) SI_UNIT ( $, .RADIAN. ) );
#621 = CYLINDRICAL_SURFACE ( 'NONE', #2843, 0.06399999999999998745 ) ;
#622 = CARTESIAN_POINT ( 'NONE',  ( -0.1560617469879519992, -1.250000000000000000, 1.770000000000000240 ) ) ;
#623 = CARTESIAN_POINT ( 'NONE',  ( -0.2531321181320737579, -1.200016904177325427, 1.691502877236088054 ) ) ;
#624 = EDGE_LOOP ( 'NONE', ( #1315, #290, #3025, #518, #2434, #577 ) ) ;
#625 = CARTESIAN_POINT ( 'NONE',  ( 1.019999999999999796, -0.9999999999999978906, 2.500000000000000000 ) ) ;
#626 = EDGE_CURVE ( 'NONE', #2263, #922, #1179, .T. ) ;
#627 = ORIENTED_EDGE ( 'NONE', *, *, #2424, .T. ) ;
#628 = PLANE ( 'NONE',  #2059 ) ;
#629 = CARTESIAN_POINT ( 'NONE',  ( 0.1560617469879515273, -1.250000000000000888, 0.7700000000000004619 ) ) ;
#630 = ORIENTED_EDGE ( 'NONE', *, *, #946, .T. ) ;
#631 = FILL_AREA_STYLE_COLOUR ( '', #2489 ) ;
#632 = DIRECTION ( 'NONE',  ( -0.000000000000000000, 0.000000000000000000, 1.000000000000000000 ) ) ;
#633 = ORIENTED_EDGE ( 'NONE', *, *, #1801, .T. ) ;
#634 = CARTESIAN_POINT ( 'NONE',  ( -1.019999999999999796, 0.7700000000000006839, 0.6000000000000000888 ) ) ;
#635 = CARTESIAN_POINT ( 'NONE',  ( -0.3199999999999998956, -0.2560000000000001719, -2.359999999999988773 ) ) ;
#636 = DIRECTION ( 'NONE',  ( -0.3420201433256690460, -0.9396926207859083169, 4.188538737677001009E-17 ) ) ;
#637 = VERTEX_POINT ( 'NONE', #293 ) ;
#638 = DIRECTION ( 'NONE',  ( -0.3420201433256698786, 0.9396926207859079838, 0.000000000000000000 ) ) ;
#639 = ADVANCED_FACE ( 'NONE', ( #1641 ), #2898, .F. ) ;
#640 = CARTESIAN_POINT ( 'NONE',  ( -1.019999999999999796, -0.9999999999999988898, 0.000000000000000000 ) ) ;
#641 = STYLED_ITEM ( 'NONE', ( #1330 ), #769 ) ;
#642 = LINE ( 'NONE', #1364, #108 ) ;
#643 = VECTOR ( 'NONE', #2143, 1000.000000000000000 ) ;
#644 = CARTESIAN_POINT ( 'NONE',  ( -0.1560617469879519992, -1.250000000000000000, 1.770000000000000240 ) ) ;
#645 = AXIS2_PLACEMENT_3D ( 'NONE', #2463, #2511, #1991 ) ;
#646 = SURFACE_SIDE_STYLE ('',( #2081 ) ) ;
#647 = CARTESIAN_POINT ( 'NONE',  ( 0.09036144578313230757, -1.250000000000000000, 1.456746987951807348 ) ) ;
#648 = VECTOR ( 'NONE', #150, 1000.000000000000114 ) ;
#649 = UNCERTAINTY_MEASURE_WITH_UNIT (LENGTH_MEASURE( 1.000000000000000082E-05 ), #2068, 'distance_accuracy_value', 'NONE');
#650 = ORIENTED_EDGE ( 'NONE', *, *, #2537, .F. ) ;
#651 = CARTESIAN_POINT ( 'NONE',  ( 0.2713153150985238571, -1.149999999999990363, 0.8476035708579263694 ) ) ;
#652 =( GEOMETRIC_REPRESENTATION_CONTEXT ( 3 ) GLOBAL_UNCERTAINTY_ASSIGNED_CONTEXT ( ( #1026 ) ) GLOBAL_UNIT_ASSIGNED_CONTEXT ( ( #1543, #2311, #2279 ) ) REPRESENTATION_CONTEXT ( 'NONE', 'WORKASPACE' ) );
#653 = CARTESIAN_POINT ( 'NONE',  ( -0.2338056406508131346, -1.249999999999994449, 0.8276727744746829041 ) ) ;
#654 = LINE ( 'NONE', #668, #1342 ) ;
#655 = DIRECTION ( 'NONE',  ( -8.470329472543003391E-17, 1.000000000000000000, 0.000000000000000000 ) ) ;
#656 = ORIENTED_EDGE ( 'NONE', *, *, #2177, .F. ) ;
#657 = PRESENTATION_STYLE_ASSIGNMENT (( #1911 ) ) ;
#658 = EDGE_CURVE ( 'NONE', #2007, #1001, #51, .T. ) ;
#659 = DIRECTION ( 'NONE',  ( -0.000000000000000000, 0.000000000000000000, 1.000000000000000000 ) ) ;
#660 = CARTESIAN_POINT ( 'NONE',  ( 1.020000000000000462, -0.9999999999999978906, 0.4500000000000002887 ) ) ;
#661 = EDGE_CURVE ( 'NONE', #2348, #1980, #2075, .T. ) ;
#662 = CARTESIAN_POINT ( 'NONE',  ( 0.2560000000000001719, -0.2560000000000007825, 8.550000000000000711 ) ) ;
#663 = DIRECTION ( 'NONE',  ( 0.000000000000000000, 0.3420201433256694901, -0.9396926207859082059 ) ) ;
#664 = EDGE_CURVE ( 'NONE', #1967, #1449, #2628, .T. ) ;
#665 = DIRECTION ( 'NONE',  ( 0.7071067811865460184, -0.7071067811865490160, 0.000000000000000000 ) ) ;
#666 = CARTESIAN_POINT ( 'NONE',  ( -0.1584377493068649667, -1.129999999999998561, 0.7263832256260039921 ) ) ;
#667 = EDGE_LOOP ( 'NONE', ( #1578, #1132, #2391, #2658 ) ) ;
#668 = CARTESIAN_POINT ( 'NONE',  ( -0.2713367824627651581, -1.150000000000000133, 1.270000000000000018 ) ) ;
#669 = ORIENTED_EDGE ( 'NONE', *, *, #1268, .T. ) ;
#670 = CARTESIAN_POINT ( 'NONE',  ( 0.1770002516592693309, -1.249999999999996447, 1.768231629108717229 ) ) ;
#671 = CARTESIAN_POINT ( 'NONE',  ( 0.1539940963713159194, -1.250000000000000888, 1.770142306671540489 ) ) ;
#672 = CARTESIAN_POINT ( 'NONE',  ( 0.2470721000592433214, -1.216666666993912571, 1.692703082611979548 ) ) ;
#673 = DIRECTION ( 'NONE',  ( -8.470329472543003391E-17, 1.000000000000000000, 0.000000000000000000 ) ) ;
#674 = CARTESIAN_POINT ( 'NONE',  ( 0.2344989567605764436, -1.250000000000014655, 0.8383569884989855447 ) ) ;
#675 = SURFACE_STYLE_USAGE ( .BOTH. , #646 ) ;
#676 = CARTESIAN_POINT ( 'NONE',  ( -0.1571002131738234997, -1.129999999999998561, 0.7262900176145011821 ) ) ;
#677 = ADVANCED_FACE ( 'NONE', ( #1463 ), #1901, .T. ) ;
#678 = ORIENTED_EDGE ( 'NONE', *, *, #161, .F. ) ;
#679 = FACE_OUTER_BOUND ( 'NONE', #2067, .T. ) ;
#680 = LINE ( 'NONE', #1140, #1891 ) ;
#681 = LINE ( 'NONE', #1182, #1291 ) ;
#682 = ORIENTED_EDGE ( 'NONE', *, *, #1005, .F. ) ;
#683 = SURFACE_SIDE_STYLE ('',( #2146 ) ) ;
#684 = DIRECTION ( 'NONE',  ( 0.000000000000000000, 0.000000000000000000, 1.000000000000000000 ) ) ;
#685 = DIRECTION ( 'NONE',  ( -1.000000000000000000, 0.000000000000000000, 0.000000000000000000 ) ) ;
#686 = APPLICATION_CONTEXT ( 'automotive_design' ) ;
#687 = VERTEX_POINT ( 'NONE', #1510 ) ;
#688 = CARTESIAN_POINT ( 'NONE',  ( 0.000000000000000000, 0.000000000000000000, -3.000000000000000000 ) ) ;
#689 = DIRECTION ( 'NONE',  ( -0.9396926207859083169, 0.3420201433256690460, 0.000000000000000000 ) ) ;
#690 = VECTOR ( 'NONE', #1024, 1000.000000000000227 ) ;
#691 = STYLED_ITEM ( 'NONE', ( #898 ), #797 ) ;
#692 = ADVANCED_FACE ( 'NONE', ( #566 ), #595, .F. ) ;
#693 = CARTESIAN_POINT ( 'NONE',  ( 0.2732007105321403451, -0.3200000000000001177, -2.359999999999988773 ) ) ;
#694 = CARTESIAN_POINT ( 'NONE',  ( 1.170000000000000595, 0.7700000000000006839, 0.6000000000000000888 ) ) ;
#695 = ORIENTED_EDGE ( 'NONE', *, *, #2512, .F. ) ;
#696 = VECTOR ( 'NONE', #2503, 1000.000000000000000 ) ;
#697 =( GEOMETRIC_REPRESENTATION_CONTEXT ( 3 ) GLOBAL_UNCERTAINTY_ASSIGNED_CONTEXT ( ( #3001 ) ) GLOBAL_UNIT_ASSIGNED_CONTEXT ( ( #2833, #1401, #2090 ) ) REPRESENTATION_CONTEXT ( 'NONE', 'WORKASPACE' ) );
#698 = CARTESIAN_POINT ( 'NONE',  ( 0.2713045814164016245, -1.149999999999990807, 0.8473473234546057276 ) ) ;
#699 = ADVANCED_FACE ( 'NONE', ( #2488 ), #1660, .F. ) ;
#700 =( BOUNDED_CURVE ( )  B_SPLINE_CURVE ( 3, ( #2971, #2773, #844, #400 ),
 .UNSPECIFIED., .F., .F. ) 
 B_SPLINE_CURVE_WITH_KNOTS ( ( 4, 4 ),
 ( 3.141592653589793116, 3.926990816987240951 ),
 .UNSPECIFIED. ) 
 CURVE ( )  GEOMETRIC_REPRESENTATION_ITEM ( )  RATIONAL_B_SPLINE_CURVE ( ( 1.000000000000000000, 0.9492530216741912330, 0.9492530216741912330, 1.000000000000000000 ) ) 
 REPRESENTATION_ITEM ( '' )  );
#701 = VECTOR ( 'NONE', #1798, 1000.000000000000000 ) ;
#702 = FACE_OUTER_BOUND ( 'NONE', #1716, .T. ) ;
#703 = ORIENTED_EDGE ( 'NONE', *, *, #2188, .F. ) ;
#704 = VECTOR ( 'NONE', #1204, 1000.000000000000000 ) ;
#705 =( NAMED_UNIT ( * ) SI_UNIT ( $, .STERADIAN. ) SOLID_ANGLE_UNIT ( ) );
#706 = EDGE_CURVE ( 'NONE', #1381, #877, #2922, .T. ) ;
#707 = VECTOR ( 'NONE', #435, 1000.000000000000114 ) ;
#708 = DIRECTION ( 'NONE',  ( -0.7071067811865509034, 0.7071067811865442421, 0.000000000000000000 ) ) ;
#709 = PRESENTATION_LAYER_ASSIGNMENT (  '', '', ( #1251 ) ) ;
#710 = ORIENTED_EDGE ( 'NONE', *, *, #2512, .T. ) ;
#711 = CARTESIAN_POINT ( 'NONE',  ( -1.269999999999999796, 0.9999999999999983347, 0.5999999999999998668 ) ) ;
#712 = CARTESIAN_POINT ( 'NONE',  ( -0.3199999999999998956, -0.3200000000000001732, -2.359999999999988773 ) ) ;
#713 = ORIENTED_EDGE ( 'NONE', *, *, #891, .T. ) ;
#714 =( LENGTH_UNIT ( ) NAMED_UNIT ( * ) SI_UNIT ( .MILLI., .METRE. ) );
#715 = CARTESIAN_POINT ( 'NONE',  ( -0.2531321181320829727, -1.200016904177300114, 0.8484971227639125368 ) ) ;
#716 = VERTEX_POINT ( 'NONE', #2958 ) ;
#717 = CARTESIAN_POINT ( 'NONE',  ( 0.1560617469879515551, -1.250000000000000000, 1.770000000000000240 ) ) ;
#718 = LINE ( 'NONE', #500, #2443 ) ;
#719 = ORIENTED_EDGE ( 'NONE', *, *, #1576, .T. ) ;
#720 = DIRECTION ( 'NONE',  ( 0.000000000000000000, -0.000000000000000000, -1.000000000000000000 ) ) ;
#721 = DIRECTION ( 'NONE',  ( -0.000000000000000000, -0.000000000000000000, 1.000000000000000000 ) ) ;
#722 = CARTESIAN_POINT ( 'NONE',  ( 1.270000000000000462, -0.9999999999999978906, 2.500000000000000000 ) ) ;
#723 = EDGE_CURVE ( 'NONE', #2348, #1629, #60, .T. ) ;
#724 = ORIENTED_EDGE ( 'NONE', *, *, #828, .T. ) ;
#725 = FACE_OUTER_BOUND ( 'NONE', #2471, .T. ) ;
#726 = PLANE ( 'NONE',  #2153 ) ;
#727 = CARTESIAN_POINT ( 'NONE',  ( -0.2349397590361447796, -1.250000000000000000, 1.458064759036144631 ) ) ;
#728 = CARTESIAN_POINT ( 'NONE',  ( 0.6499999999999999112, -1.249999999999999778, 1.270000000000000018 ) ) ;
#729 = VERTEX_POINT ( 'NONE', #2793 ) ;
#730 = CARTESIAN_POINT ( 'NONE',  ( 0.1560617469879515551, -1.250000000000000000, 0.7700000000000001288 ) ) ;
#731 = CARTESIAN_POINT ( 'NONE',  ( -0.3199999999999998956, -0.2560000000000001719, -2.359999999999988773 ) ) ;
#732 = ORIENTED_EDGE ( 'NONE', *, *, #2866, .F. ) ;
#733 = CARTESIAN_POINT ( 'NONE',  ( 0.2031249999999996114, -1.250000000000001110, 1.180956325301204979 ) ) ;
#734 = CARTESIAN_POINT ( 'NONE',  ( 0.1573284206430634047, -1.149999999999999911, 0.7336029765733798058 ) ) ;
#735 = DIRECTION ( 'NONE',  ( 0.7071067811865435759, -0.000000000000000000, -0.7071067811865515695 ) ) ;
#736 = ORIENTED_EDGE ( 'NONE', *, *, #751, .F. ) ;
#737 = EDGE_CURVE ( 'NONE', #2920, #729, #2824, .T. ) ;
#738 = DIRECTION ( 'NONE',  ( -0.7071067811865501263, -0.7071067811865449082, 0.000000000000000000 ) ) ;
#739 = FILL_AREA_STYLE_COLOUR ( '', #2447 ) ;
#740 = CARTESIAN_POINT ( 'NONE',  ( 0.2890920949374360394, -0.3134175730544423999, -2.397330798265292717 ) ) ;
#741 = MECHANICAL_DESIGN_GEOMETRIC_PRESENTATION_REPRESENTATION (  '', ( #156 ), #2439 ) ;
#742 = CARTESIAN_POINT ( 'NONE',  ( -0.2349397590361447796, -1.250000000000000000, 0.8488780120481929092 ) ) ;
#743 = DIRECTION ( 'NONE',  ( 1.000000000000000000, 0.000000000000000000, 0.000000000000000000 ) ) ;
#744 = CARTESIAN_POINT ( 'NONE',  ( -0.1584377493068731824, -1.129999999999999227, 1.813616774373996154 ) ) ;
#745 = COLOUR_RGB ( '',0.9686274509803921573, 0.8784313725490195957, 0.5999999999999999778 ) ;
#746 = ORIENTED_EDGE ( 'NONE', *, *, #2687, .T. ) ;
#747 = PLANE ( 'NONE',  #855 ) ;
#748 = CARTESIAN_POINT ( 'NONE',  ( 0.2349625787886141792, -1.250000000000000888, 1.691914351317265197 ) ) ;
#749 = DIRECTION ( 'NONE',  ( -0.000000000000000000, -0.000000000000000000, -1.000000000000000000 ) ) ;
#750 = AXIS2_PLACEMENT_3D ( 'NONE', #2985, #171, #2786 ) ;
#751 = EDGE_CURVE ( 'NONE', #2579, #1667, #1149, .T. ) ;
#752 = ORIENTED_EDGE ( 'NONE', *, *, #463, .T. ) ;
#753 = DIRECTION ( 'NONE',  ( 1.000000000000000000, 0.000000000000000000, 0.000000000000000000 ) ) ;
#754 = EDGE_CURVE ( 'NONE', #1775, #2021, #642, .T. ) ;
#755 = CARTESIAN_POINT ( 'NONE',  ( -0.1570750383009034412, -1.170005857523096715, 0.7408845132227577235 ) ) ;
#756 = EDGE_CURVE ( 'NONE', #243, #1456, #2733, .T. ) ;
#757 = CARTESIAN_POINT ( 'NONE',  ( 1.170000000000000595, 0.7700000000000006839, 0.6000000000000000888 ) ) ;
#758 =( NAMED_UNIT ( * ) SI_UNIT ( $, .STERADIAN. ) SOLID_ANGLE_UNIT ( ) );
#759 = EDGE_LOOP ( 'NONE', ( #2787, #2763, #2309, #120, #863, #948 ) ) ;
#760 = CARTESIAN_POINT ( 'NONE',  ( 1.020000000000000240, 0.9999999999999983347, 2.500000000000000000 ) ) ;
#761 = PLANE ( 'NONE',  #2437 ) ;
#762 = FILL_AREA_STYLE ('',( #1015 ) ) ;
#763 = EDGE_LOOP ( 'NONE', ( #514, #1956, #1076, #2857, #2508, #559 ) ) ;
#764 = CARTESIAN_POINT ( 'NONE',  ( 1.498304512629999863, -1.250000000000000222, 2.350000000000000089 ) ) ;
#765 = CARTESIAN_POINT ( 'NONE',  ( -0.1585990556424800579, -1.150000000000000355, 0.7336915246931301482 ) ) ;
#766 = CARTESIAN_POINT ( 'NONE',  ( -0.2640549167020794230, -1.170006761748983326, 0.8482684769003997483 ) ) ;
#767 = DIRECTION ( 'NONE',  ( -0.000000000000000000, -0.000000000000000000, 1.000000000000000000 ) ) ;
#768 = CARTESIAN_POINT ( 'NONE',  ( 0.1973794752864002910, -1.249999999999969136, 0.7781227024462104014 ) ) ;
#769 = ADVANCED_FACE ( 'NONE', ( #2991 ), #1595, .T. ) ;
#770 = CARTESIAN_POINT ( 'NONE',  ( -0.2275784156327413377, -1.250000000000001776, 1.732554269306486150 ) ) ;
#771 = B_SPLINE_CURVE_WITH_KNOTS ( 'NONE', 3,
 ( #1184, #923, #670, #218, #2104, #2584, #1160, #1618, #202, #2118, #13, #1664 ),
 .UNSPECIFIED., .F., .F.,
 ( 4, 2, 2, 2, 2, 4 ),
 ( 0.000000000000000000, 3.117632172700241460E-05, 4.676448259050362528E-05, 6.235264345400482920E-05, 9.352896518100725057E-05, 0.0001247052869080096584 ),
 .UNSPECIFIED. ) ;
#772 = ORIENTED_EDGE ( 'NONE', *, *, #1218, .T. ) ;
#773 =( LENGTH_UNIT ( ) NAMED_UNIT ( * ) SI_UNIT ( .MILLI., .METRE. ) );
#774 = CARTESIAN_POINT ( 'NONE',  ( 0.1565682309120676741, -1.210017572091700577, 0.7554475863476846076 ) ) ;
#775 = ORIENTED_EDGE ( 'NONE', *, *, #2257, .T. ) ;
#776 =( NAMED_UNIT ( * ) SI_UNIT ( $, .STERADIAN. ) SOLID_ANGLE_UNIT ( ) );
#777 = EDGE_LOOP ( 'NONE', ( #3033, #8, #1073, #1206 ) ) ;
#778 = CARTESIAN_POINT ( 'NONE',  ( -0.1569483399696953441, -1.180008786204579607, 1.795474718481695486 ) ) ;
#779 = CARTESIAN_POINT ( 'NONE',  ( -1.019999999999999796, 0.9999999999999983347, 0.000000000000000000 ) ) ;
#780 = CARTESIAN_POINT ( 'NONE',  ( -0.2518730436385691607, -1.150000000000001021, 0.7762156859388007479 ) ) ;
#781 = CARTESIAN_POINT ( 'NONE',  ( -0.2349397590361447796, -1.250000000000000000, 1.691121987951807348 ) ) ;
#782 = ADVANCED_FACE ( 'NONE', ( #880 ), #1851, .F. ) ;
#783 = AXIS2_PLACEMENT_3D ( 'NONE', #2944, #2926, #2725 ) ;
#784 = PLANE ( 'NONE',  #2160 ) ;
#785 = CARTESIAN_POINT ( 'NONE',  ( -0.06900477108549049610, -1.149999999999999911, 1.198471783163378213 ) ) ;
#786 = CARTESIAN_POINT ( 'NONE',  ( -0.3199999999999998956, -0.2732007105321407892, 7.909999999999990372 ) ) ;
#787 = VERTEX_POINT ( 'NONE', #2342 ) ;
#788 = STYLED_ITEM ( 'NONE', ( #23 ), #677 ) ;
#789 = CARTESIAN_POINT ( 'NONE',  ( -0.09036144578313276554, -1.250000000000000000, 1.625421686746987948 ) ) ;
#790 = EDGE_CURVE ( 'NONE', #1843, #239, #2715, .T. ) ;
#791 = CARTESIAN_POINT ( 'NONE',  ( 0.2294055599928365163, -1.150000000000000355, 1.206148367931645815 ) ) ;
#792 = STYLED_ITEM ( 'NONE', ( #607 ), #988 ) ;
#793 = ORIENTED_EDGE ( 'NONE', *, *, #1900, .T. ) ;
#794 = CARTESIAN_POINT ( 'NONE',  ( -0.7699999999999996847, -1.250000000000000000, 2.500000000000000000 ) ) ;
#795 = ORIENTED_EDGE ( 'NONE', *, *, #1612, .T. ) ;
#796 = VECTOR ( 'NONE', #928, 1000.000000000000000 ) ;
#797 = ADVANCED_FACE ( 'NONE', ( #2760 ), #2559, .F. ) ;
#798 = EDGE_LOOP ( 'NONE', ( #2935, #1059, #1815, #2564, #2383 ) ) ;
#799 =( BOUNDED_CURVE ( )  B_SPLINE_CURVE ( 3, ( #1813, #1826, #2276, #842 ),
 .UNSPECIFIED., .F., .F. ) 
 B_SPLINE_CURVE_WITH_KNOTS ( ( 4, 4 ),
 ( 3.141592653589793560, 3.926990816987244948 ),
 .UNSPECIFIED. ) 
 CURVE ( )  GEOMETRIC_REPRESENTATION_ITEM ( )  RATIONAL_B_SPLINE_CURVE ( ( 1.000000000000000000, 0.9492530216741906779, 0.9492530216741906779, 1.000000000000000000 ) ) 
 REPRESENTATION_ITEM ( '' )  );
#800 =( GEOMETRIC_REPRESENTATION_CONTEXT ( 3 ) GLOBAL_UNCERTAINTY_ASSIGNED_CONTEXT ( ( #618 ) ) GLOBAL_UNIT_ASSIGNED_CONTEXT ( ( #1262, #2670, #776 ) ) REPRESENTATION_CONTEXT ( 'NONE', 'WORKASPACE' ) );
#801 = CARTESIAN_POINT ( 'NONE',  ( 1.270000000000000240, 0.9999999999999983347, 2.500000000000000000 ) ) ;
#802 =( GEOMETRIC_REPRESENTATION_CONTEXT ( 3 ) GLOBAL_UNCERTAINTY_ASSIGNED_CONTEXT ( ( #2125 ) ) GLOBAL_UNIT_ASSIGNED_CONTEXT ( ( #599, #339, #1752 ) ) REPRESENTATION_CONTEXT ( 'NONE', 'WORKASPACE' ) );
#803 = CARTESIAN_POINT ( 'NONE',  ( -0.2326746774003353724, -1.250000000000000666, 1.428617988992419763 ) ) ;
#804 = FACE_OUTER_BOUND ( 'NONE', #264, .T. ) ;
#805 = CARTESIAN_POINT ( 'NONE',  ( 1.270000000000000240, 0.9999999999999983347, 2.500000000000000000 ) ) ;
#806 = CARTESIAN_POINT ( 'NONE',  ( 0.2019711989004281116, -1.250000000000001110, 1.182210792471864780 ) ) ;
#807 = CARTESIAN_POINT ( 'NONE',  ( -0.3199999999999998956, -0.2560000000000006715, 7.909999999999988596 ) ) ;
#808 = ORIENTED_EDGE ( 'NONE', *, *, #2829, .F. ) ;
#809 =( NAMED_UNIT ( * ) SI_UNIT ( $, .STERADIAN. ) SOLID_ANGLE_UNIT ( ) );
#810 = ORIENTED_EDGE ( 'NONE', *, *, #1343, .T. ) ;
#811 = CARTESIAN_POINT ( 'NONE',  ( -0.09036144578313276554, -1.250000000000000000, 1.462771084337349370 ) ) ;
#812 = ORIENTED_EDGE ( 'NONE', *, *, #216, .F. ) ;
#813 = CARTESIAN_POINT ( 'NONE',  ( 0.2713252480996605764, -1.149999999999999245, 1.693495221222853786 ) ) ;
#814 = ORIENTED_EDGE ( 'NONE', *, *, #2747, .F. ) ;
#815 = EDGE_CURVE ( 'NONE', #2937, #1667, #2180, .T. ) ;
#816 = SURFACE_STYLE_FILL_AREA ( #1546 ) ;
#817 =( BOUNDED_CURVE ( )  B_SPLINE_CURVE ( 3, ( #2223, #2165, #75, #2904 ),
 .UNSPECIFIED., .F., .F. ) 
 B_SPLINE_CURVE_WITH_KNOTS ( ( 4, 4 ),
 ( 8.470329472543024098E-16, 0.7853981633974481680 ),
 .UNSPECIFIED. ) 
 CURVE ( )  GEOMETRIC_REPRESENTATION_ITEM ( )  RATIONAL_B_SPLINE_CURVE ( ( 1.000000000000000000, 0.9492530216741912330, 0.9492530216741912330, 1.000000000000000000 ) ) 
 REPRESENTATION_ITEM ( '' )  );
#818 = CARTESIAN_POINT ( 'NONE',  ( -0.1688168747726650765, -1.150000000000000355, 0.7344035849404331184 ) ) ;
#819 = CARTESIAN_POINT ( 'NONE',  ( -0.1560617469879519992, -1.250000000000000000, 1.770000000000000240 ) ) ;
#820 = CARTESIAN_POINT ( 'NONE',  ( -0.2712896863507447964, -1.149999999999999911, 1.456213786712945435 ) ) ;
#821 = CARTESIAN_POINT ( 'NONE',  ( -0.1546753745387212942, -1.250000000000001332, 0.7699033747583784448 ) ) ;
#822 = ORIENTED_EDGE ( 'NONE', *, *, #343, .F. ) ;
#823 = CARTESIAN_POINT ( 'NONE',  ( 0.2560000000000001719, 0.2559999999999993392, 8.550000000000000711 ) ) ;
#824 = VERTEX_POINT ( 'NONE', #247 ) ;
#825 = DIRECTION ( 'NONE',  ( 1.000000000000000000, 0.000000000000000000, 0.000000000000000000 ) ) ;
#826 = ORIENTED_EDGE ( 'NONE', *, *, #815, .F. ) ;
#827 = CARTESIAN_POINT ( 'NONE',  ( 0.2604139838411242414, -1.180010142570207199, 0.8483446904390460341 ) ) ;
#828 = EDGE_CURVE ( 'NONE', #542, #2175, #1895, .T. ) ;
#829 = ORIENTED_EDGE ( 'NONE', *, *, #1104, .T. ) ;
#830 = CARTESIAN_POINT ( 'NONE',  ( 0.000000000000000000, -0.7700000000000002398, 0.000000000000000000 ) ) ;
#831 = ADVANCED_FACE ( 'NONE', ( #725 ), #1389, .F. ) ;
#832 = CARTESIAN_POINT ( 'NONE',  ( -0.2341962252578352333, -1.250000000000000888, 1.443422478592584657 ) ) ;
#833 = DIRECTION ( 'NONE',  ( 0.000000000000000000, -0.000000000000000000, -1.000000000000000000 ) ) ;
#834 = DIRECTION ( 'NONE',  ( 0.000000000000000000, 0.9396926207859082059, 0.3420201433256694901 ) ) ;
#835 = CARTESIAN_POINT ( 'NONE',  ( -1.019999999999999796, 0.9999999999999983347, 0.4499999999999994560 ) ) ;
#836 = CARTESIAN_POINT ( 'NONE',  ( 0.1562702517718026762, -1.233333333628600981, 1.776066170463635130 ) ) ;
#837 = UNCERTAINTY_MEASURE_WITH_UNIT (LENGTH_MEASURE( 1.000000000000000082E-05 ), #1467, 'distance_accuracy_value', 'NONE');
#838 = ORIENTED_EDGE ( 'NONE', *, *, #908, .F. ) ;
#839 = CARTESIAN_POINT ( 'NONE',  ( -0.3199999999999998401, 0.2732007105321395124, 7.909999999999986819 ) ) ;
#840 = CARTESIAN_POINT ( 'NONE',  ( 1.270000000000000462, -0.9999999999999978906, 2.350000000000000089 ) ) ;
#841 = VERTEX_POINT ( 'NONE', #2121 ) ;
#842 = CARTESIAN_POINT ( 'NONE',  ( 0.3012548339959391641, -0.3012548339959392751, -2.466309119164537655 ) ) ;
#843 = ORIENTED_EDGE ( 'NONE', *, *, #2330, .F. ) ;
#844 = CARTESIAN_POINT ( 'NONE',  ( 0.2890920949374359283, 0.3134175730544420668, -2.397330798265292717 ) ) ;
#845 = PRESENTATION_LAYER_ASSIGNMENT (  '', '', ( #788 ) ) ;
#846 = ORIENTED_EDGE ( 'NONE', *, *, #2909, .T. ) ;
#847 = FACE_OUTER_BOUND ( 'NONE', #414, .T. ) ;
#848 = VECTOR ( 'NONE', #81, 1000.000000000000000 ) ;
#849 = FILL_AREA_STYLE_COLOUR ( '', #451 ) ;
#850 = CARTESIAN_POINT ( 'NONE',  ( -0.3134175730544421778, 0.2890920949374358728, -2.397330798265291385 ) ) ;
#851 = ADVANCED_FACE ( 'NONE', ( #1940 ), #927, .F. ) ;
#852 = VECTOR ( 'NONE', #1080, 1000.000000000000000 ) ;
#853 = ORIENTED_EDGE ( 'NONE', *, *, #2954, .F. ) ;
#854 = CARTESIAN_POINT ( 'NONE',  ( -0.2713367824627651026, -1.150000000000000133, 1.131698228245897608 ) ) ;
#855 = AXIS2_PLACEMENT_3D ( 'NONE', #2877, #1708, #2210 ) ;
#856 = DIRECTION ( 'NONE',  ( -0.3236155771181850049, -0.8891264907159880382, 0.3236155771181853935 ) ) ;
#857 = EDGE_CURVE ( 'NONE', #937, #1951, #1698, .T. ) ;
#858 = ORIENTED_EDGE ( 'NONE', *, *, #2474, .T. ) ;
#859 = CARTESIAN_POINT ( 'NONE',  ( -0.08242201906977160430, -1.228186604381625413, 1.466154446311007664 ) ) ;
#860 = CARTESIAN_POINT ( 'NONE',  ( -0.09036144578313276554, -1.250000000000000000, 0.9145783132530121984 ) ) ;
#861 = PLANE ( 'NONE',  #3050 ) ;
#862 = SURFACE_STYLE_USAGE ( .BOTH. , #3006 ) ;
#863 = ORIENTED_EDGE ( 'NONE', *, *, #2792, .F. ) ;
#864 = CARTESIAN_POINT ( 'NONE',  ( 0.2349397590361444188, -1.250000000000000000, 0.8488780120481929092 ) ) ;
#865 = EDGE_LOOP ( 'NONE', ( #2002, #2647, #1172, #91 ) ) ;
#866 = PLANE ( 'NONE',  #114 ) ;
#867 = CARTESIAN_POINT ( 'NONE',  ( 0.1771939946250023767, -1.250000000000001110, 0.7717580415739698774 ) ) ;
#868 = ORIENTED_EDGE ( 'NONE', *, *, #2216, .T. ) ;
#869 = CARTESIAN_POINT ( 'NONE',  ( -0.1577689812403442471, -1.129999999999998561, 0.7263366216202525871 ) ) ;
#870 = UNCERTAINTY_MEASURE_WITH_UNIT (LENGTH_MEASURE( 1.000000000000000082E-05 ), #2229, 'distance_accuracy_value', 'NONE');
#871 = ORIENTED_EDGE ( 'NONE', *, *, #1495, .T. ) ;
#872 = CARTESIAN_POINT ( 'NONE',  ( 0.2071507323465820449, 0.3199999999999993405, 8.550000000000000711 ) ) ;
#873 = EDGE_CURVE ( 'NONE', #239, #1468, #2184, .T. ) ;
#874 = FACE_OUTER_BOUND ( 'NONE', #2088, .T. ) ;
#875 = LINE ( 'NONE', #291, #2200 ) ;
#876 = CARTESIAN_POINT ( 'NONE',  ( 0.1560617469879515551, -1.250000000000000000, 0.7700000000000001288 ) ) ;
#877 = VERTEX_POINT ( 'NONE', #2855 ) ;
#878 = DIRECTION ( 'NONE',  ( 0.000000000000000000, -0.9848077530122085754, 0.1736481776669273891 ) ) ;
#879 = CARTESIAN_POINT ( 'NONE',  ( -0.2700724310048542298, -1.149999999999995248, 1.718227243223491296 ) ) ;
#880 = FACE_OUTER_BOUND ( 'NONE', #1444, .T. ) ;
#881 = CARTESIAN_POINT ( 'NONE',  ( 0.1546753745387299817, -1.250000000000000888, 0.7699033747583783338 ) ) ;
#882 = ORIENTED_EDGE ( 'NONE', *, *, #1129, .T. ) ;
#883 = LINE ( 'NONE', #2123, #1187 ) ;
#884 = CARTESIAN_POINT ( 'NONE',  ( -0.2781474999798800862, -1.129999999999998561, 0.8367741431338062696 ) ) ;
#885 = VERTEX_POINT ( 'NONE', #1656 ) ;
#886 = ADVANCED_FACE ( 'NONE', ( #1207 ), #19, .F. ) ;
#887 = CARTESIAN_POINT ( 'NONE',  ( -0.1973794752863967938, -1.249999999999993339, 0.7781227024462187281 ) ) ;
#888 = FACE_OUTER_BOUND ( 'NONE', #233, .T. ) ;
#889 = LINE ( 'NONE', #1842, #507 ) ;
#890 = EDGE_LOOP ( 'NONE', ( #410, #2569, #2842, #166 ) ) ;
#891 = EDGE_CURVE ( 'NONE', #2947, #2004, #2836, .T. ) ;
#892 = PLANE ( 'NONE',  #601 ) ;
#893 = LINE ( 'NONE', #1608, #2154 ) ;
#894 = VECTOR ( 'NONE', #1839, 1000.000000000000000 ) ;
#895 = DIRECTION ( 'NONE',  ( 1.000000000000000000, 3.336006684570782608E-16, 0.000000000000000000 ) ) ;
#896 = EDGE_CURVE ( 'NONE', #716, #2007, #2621, .T. ) ;
#897 = PRESENTATION_LAYER_ASSIGNMENT (  '', '', ( #691 ) ) ;
#898 = PRESENTATION_STYLE_ASSIGNMENT (( #3062 ) ) ;
#899 = AXIS2_PLACEMENT_3D ( 'NONE', #694, #930, #2065 ) ;
#900 = CARTESIAN_POINT ( 'NONE',  ( -9.912051728362343045E-17, -1.149999999999999911, 1.270000000000000018 ) ) ;
#901 =( GEOMETRIC_REPRESENTATION_CONTEXT ( 3 ) GLOBAL_UNCERTAINTY_ASSIGNED_CONTEXT ( ( #870 ) ) GLOBAL_UNIT_ASSIGNED_CONTEXT ( ( #2229, #1496, #1052 ) ) REPRESENTATION_CONTEXT ( 'NONE', 'WORKASPACE' ) );
#902 = CARTESIAN_POINT ( 'NONE',  ( 0.2648725728170319149, -1.129999999999999005, 1.169191540051061073 ) ) ;
#903 = FILL_AREA_STYLE_COLOUR ( '', #745 ) ;
#904 = VECTOR ( 'NONE', #2952, 1000.000000000000000 ) ;
#905 = ORIENTED_EDGE ( 'NONE', *, *, #1900, .F. ) ;
#906 = AXIS2_PLACEMENT_3D ( 'NONE', #1133, #1889, #2089 ) ;
#907 = CARTESIAN_POINT ( 'NONE',  ( -0.2275784156327442520, -1.249999999999992228, 0.8074457306935119982 ) ) ;
#908 = EDGE_CURVE ( 'NONE', #1673, #2254, #1517, .T. ) ;
#909 = DIRECTION ( 'NONE',  ( -1.000000000000000000, -0.000000000000000000, -0.000000000000000000 ) ) ;
#910 = EDGE_LOOP ( 'NONE', ( #1411, #123, #905, #136 ) ) ;
#911 = STYLED_ITEM ( 'NONE', ( #2018 ), #3042 ) ;
#912 = LINE ( 'NONE', #188, #707 ) ;
#913 = CARTESIAN_POINT ( 'NONE',  ( 0.2713367824627647140, -1.149999999999999911, 1.693229588980317502 ) ) ;
#914 = EDGE_CURVE ( 'NONE', #2951, #226, #2375, .T. ) ;
#915 = LINE ( 'NONE', #3063, #261 ) ;
#916 = CARTESIAN_POINT ( 'NONE',  ( 0.2785849633789311830, -1.129999999999999227, 1.101726997674457920 ) ) ;
#917 = PLANE ( 'NONE',  #1844 ) ;
#918 = VERTEX_POINT ( 'NONE', #2 ) ;
#919 = SURFACE_STYLE_USAGE ( .BOTH. , #1382 ) ;
#920 = DIRECTION ( 'NONE',  ( 0.000000000000000000, 1.000000000000000000, 0.000000000000000000 ) ) ;
#921 = FILL_AREA_STYLE_COLOUR ( '', #1789 ) ;
#922 = VERTEX_POINT ( 'NONE', #711 ) ;
#923 = CARTESIAN_POINT ( 'NONE',  ( 0.1665134645258971036, -1.249999999999996225, 1.769280657417295899 ) ) ;
#924 = SURFACE_SIDE_STYLE ('',( #464 ) ) ;
#925 = CARTESIAN_POINT ( 'NONE',  ( -0.1577519656428721107, -1.149999999999996581, 1.806367507386705373 ) ) ;
#926 = EDGE_CURVE ( 'NONE', #3027, #3049, #1475, .T. ) ;
#927 = PLANE ( 'NONE',  #2644 ) ;
#928 = DIRECTION ( 'NONE',  ( 1.000000000000000000, 4.224164308385081333E-16, 1.537470072901852402E-16 ) ) ;
#929 = EDGE_CURVE ( 'NONE', #2704, #2151, #2730, .T. ) ;
#930 = DIRECTION ( 'NONE',  ( 0.7071067811865443531, 0.000000000000000000, -0.7071067811865506814 ) ) ;
#931 = UNCERTAINTY_MEASURE_WITH_UNIT (LENGTH_MEASURE( 1.000000000000000082E-05 ), #2327, 'distance_accuracy_value', 'NONE');
#932 = EDGE_LOOP ( 'NONE', ( #1045, #1676, #2545, #1047, #1240, #331 ) ) ;
#933 = EDGE_CURVE ( 'NONE', #1001, #151, #1091, .T. ) ;
#934 = CARTESIAN_POINT ( 'NONE',  ( -0.2071507323465819062, -7.584576630186898791E-16, 8.550000000000000711 ) ) ;
#935 = PLANE ( 'NONE',  #991 ) ;
#936 = DIRECTION ( 'NONE',  ( 1.000000000000000000, 0.000000000000000000, -0.000000000000000000 ) ) ;
#937 = VERTEX_POINT ( 'NONE', #2071 ) ;
#938 = LINE ( 'NONE', #1400, #957 ) ;
#939 = LINE ( 'NONE', #1161, #354 ) ;
#940 = DIRECTION ( 'NONE',  ( 0.000000000000000000, 0.000000000000000000, 1.000000000000000000 ) ) ;
#941 = AXIS2_PLACEMENT_3D ( 'NONE', #1197, #1948, #1409 ) ;
#942 = EDGE_LOOP ( 'NONE', ( #1883, #2312, #1918, #858, #1279, #1373 ) ) ;
#943 = CARTESIAN_POINT ( 'NONE',  ( 0.1692625335108564610, -1.129999999999999227, 0.7271375653299457786 ) ) ;
#944 = VECTOR ( 'NONE', #2674, 1000.000000000000000 ) ;
#945 = CARTESIAN_POINT ( 'NONE',  ( -0.1562305829448801253, -1.236672524119845962, 0.7651491954817232211 ) ) ;
#946 = EDGE_CURVE ( 'NONE', #2036, #1794, #2762, .T. ) ;
#947 = CARTESIAN_POINT ( 'NONE',  ( 0.3134175730544422889, 0.2890920949374358173, -2.397330798265290941 ) ) ;
#948 = ORIENTED_EDGE ( 'NONE', *, *, #1532, .F. ) ;
#949 = AXIS2_PLACEMENT_3D ( 'NONE', #764, #2983, #587 ) ;
#950 = LINE ( 'NONE', #2174, #1092 ) ;
#951 = VECTOR ( 'NONE', #1476, 1000.000000000000000 ) ;
#952 = EDGE_CURVE ( 'NONE', #1898, #2270, #1538, .T. ) ;
#953 = LINE ( 'NONE', #2613, #2546 ) ;
#954 = ORIENTED_EDGE ( 'NONE', *, *, #2236, .F. ) ;
#955 = FACE_OUTER_BOUND ( 'NONE', #1836, .T. ) ;
#956 = LINE ( 'NONE', #2211, #2742 ) ;
#957 = VECTOR ( 'NONE', #1413, 1000.000000000000000 ) ;
#958 = DIRECTION ( 'NONE',  ( -0.7071067811865441310, -0.7071067811865507924, 0.000000000000000000 ) ) ;
#959 = B_SPLINE_CURVE_WITH_KNOTS ( 'NONE', 3,
 ( #2884, #1453, #2656, #2392, #1214, #2205, #768, #1714, #524, #730 ),
 .UNSPECIFIED., .F., .F.,
 ( 4, 2, 2, 2, 4 ),
 ( 0.000000000000000000, 3.115297871150697558E-05, 6.230595742301395115E-05, 9.345893613452093351E-05, 0.0001246119148460279023 ),
 .UNSPECIFIED. ) ;
#960 = VERTEX_POINT ( 'NONE', #1972 ) ;
#961 = CARTESIAN_POINT ( 'NONE',  ( 0.2418884956655206753, -1.230908503017051903, 1.100182544664074280 ) ) ;
#962 = CARTESIAN_POINT ( 'NONE',  ( 0.7700000000000004619, -1.250000000000000222, 2.500000000000000000 ) ) ;
#963 = DIRECTION ( 'NONE',  ( -1.000000000000000000, 0.000000000000000000, 0.000000000000000000 ) ) ;
#964 = CARTESIAN_POINT ( 'NONE',  ( -1.019999999999999796, 0.9999999999999983347, 0.4499999999999996780 ) ) ;
#965 = ORIENTED_EDGE ( 'NONE', *, *, #1218, .F. ) ;
#966 = DIRECTION ( 'NONE',  ( 1.000000000000000000, 0.000000000000000000, 0.000000000000000000 ) ) ;
#967 = DIRECTION ( 'NONE',  ( 8.470329472543003391E-17, -1.000000000000000000, 0.000000000000000000 ) ) ;
#968 = CARTESIAN_POINT ( 'NONE',  ( -1.019999999999999574, -0.9999999999999988898, 2.500000000000000000 ) ) ;
#969 = ORIENTED_EDGE ( 'NONE', *, *, #544, .T. ) ;
#970 = CARTESIAN_POINT ( 'NONE',  ( -0.2292613886581244820, -1.150000000000000133, 1.353074703515682042 ) ) ;
#971 = EDGE_CURVE ( 'NONE', #196, #922, #2274, .T. ) ;
#972 = CARTESIAN_POINT ( 'NONE',  ( 0.09036144578313230757, -1.250000000000000000, 0.9145783132530121984 ) ) ;
#973 =( LENGTH_UNIT ( ) NAMED_UNIT ( * ) SI_UNIT ( .MILLI., .METRE. ) );
#974 = ORIENTED_EDGE ( 'NONE', *, *, #1847, .T. ) ;
#975 = CARTESIAN_POINT ( 'NONE',  ( -0.2292613886581244820, -1.150000000000000133, 1.353074703515682042 ) ) ;
#976 = DIRECTION ( 'NONE',  ( 0.7071067811865506814, -0.000000000000000000, 0.7071067811865443531 ) ) ;
#977 = FILL_AREA_STYLE_COLOUR ( '', #57 ) ;
#978 = SURFACE_SIDE_STYLE ('',( #2379 ) ) ;
#979 = LINE ( 'NONE', #499, #1336 ) ;
#980 = CARTESIAN_POINT ( 'NONE',  ( -0.2350048923525311917, -1.250000000000000222, 1.689567392629769849 ) ) ;
#981 = ADVANCED_FACE ( 'NONE', ( #1003 ), #2532, .F. ) ;
#982 = ORIENTED_EDGE ( 'NONE', *, *, #364, .F. ) ;
#983 = CARTESIAN_POINT ( 'NONE',  ( -0.09036144578313276554, -1.250000000000000000, 1.095301204819277396 ) ) ;
#984 = DIRECTION ( 'NONE',  ( -1.000000000000000000, 1.408054769461693942E-16, 0.000000000000000000 ) ) ;
#985 = EDGE_CURVE ( 'NONE', #986, #378, #1957, .T. ) ;
#986 = VERTEX_POINT ( 'NONE', #2908 ) ;
#987 = DIRECTION ( 'NONE',  ( -0.000000000000000000, 0.000000000000000000, 1.000000000000000000 ) ) ;
#988 = ADVANCED_FACE ( 'NONE', ( #1306 ), #861, .F. ) ;
#989 = PRESENTATION_STYLE_ASSIGNMENT (( #50 ) ) ;
#990 = CARTESIAN_POINT ( 'NONE',  ( -0.3199999999999999512, 0.3199999999999993405, 8.550000000000000711 ) ) ;
#991 = AXIS2_PLACEMENT_3D ( 'NONE', #1337, #2336, #1111 ) ;
#992 = CARTESIAN_POINT ( 'NONE',  ( -0.2397902344251239548, -1.236673428368207484, 0.8487764478203836394 ) ) ;
#993 = VECTOR ( 'NONE', #2283, 1000.000000000000000 ) ;
#994 = AXIS2_PLACEMENT_3D ( 'NONE', #1303, #1531, #2927 ) ;
#995 = CLOSED_SHELL ( 'NONE', ( #2741, #85, #1684, #1244, #2376, #405, #1869, #1305, #2297, #1428, #2561, #2038, #831, #1706, #1144, #782, #2737, #3039, #851, #1434, #198, #427, #2120, #249, #981, #2136, #1440, #1178, #1718, #1022, #2459, #32, #2782, #580, #2295, #2317, #2593, #1935, #1866, #479, #1399, #1594, #2600, #1700, #1806, #2140, #153, #699, #2705, #1213, #692, #47, #1662, #639, #1764, #2619, #886, #2915, #495, #2372 ) ) ;
#996 = EDGE_LOOP ( 'NONE', ( #230, #259, #2879, #2814 ) ) ;
#997 = CARTESIAN_POINT ( 'NONE',  ( 0.2560000000000002274, -0.3200000000000007283, 8.550000000000000711 ) ) ;
#998 = LINE ( 'NONE', #1665, #1630 ) ;
#999 = FACE_OUTER_BOUND ( 'NONE', #1779, .T. ) ;
#1000 = VECTOR ( 'NONE', #2717, 1000.000000000000000 ) ;
#1001 = VERTEX_POINT ( 'NONE', #1112 ) ;
#1002 = VECTOR ( 'NONE', #1361, 1000.000000000000000 ) ;
#1003 = FACE_OUTER_BOUND ( 'NONE', #386, .T. ) ;
#1004 = PLANE ( 'NONE',  #1946 ) ;
#1005 = EDGE_CURVE ( 'NONE', #2680, #246, #875, .T. ) ;
#1006 = CARTESIAN_POINT ( 'NONE',  ( -0.2785842785111448117, -1.129999999999999227, 1.456328223452464599 ) ) ;
#1007 = CARTESIAN_POINT ( 'NONE',  ( -0.2567730509801823824, -1.190013523391395989, 0.8484209039776807737 ) ) ;
#1008 = CARTESIAN_POINT ( 'NONE',  ( 0.2114911774681536016, -1.149999999999999467, 1.795178693253209667 ) ) ;
#1009 = CARTESIAN_POINT ( 'NONE',  ( -0.7699999999999996847, -1.250000000000000000, 2.500000000000000000 ) ) ;
#1010 = CARTESIAN_POINT ( 'NONE',  ( -0.2781474999798798087, -1.130000000000002558, 1.703225856866197097 ) ) ;
#1011 = ORIENTED_EDGE ( 'NONE', *, *, #1939, .F. ) ;
#1012 = LINE ( 'NONE', #527, #1053 ) ;
#1013 = CARTESIAN_POINT ( 'NONE',  ( 0.1570913922512544303, -1.129999999999999227, 1.813708864346839089 ) ) ;
#1014 = VERTEX_POINT ( 'NONE', #1461 ) ;
#1015 = FILL_AREA_STYLE_COLOUR ( '', #18 ) ;
#1016 = ORIENTED_EDGE ( 'NONE', *, *, #1553, .F. ) ;
#1017 = CARTESIAN_POINT ( 'NONE',  ( 0.7700000000000004619, -1.250000000000000222, 2.500000000000000000 ) ) ;
#1018 = LINE ( 'NONE', #578, #64 ) ;
#1019 = EDGE_CURVE ( 'NONE', #1121, #2073, #1585, .T. ) ;
#1020 = CARTESIAN_POINT ( 'NONE',  ( -0.2713045814163984604, -1.150000000000000355, 0.8473473234546058386 ) ) ;
#1021 = CARTESIAN_POINT ( 'NONE',  ( -0.2031250000000001665, -1.250000000000000000, 1.378433734939759292 ) ) ;
#1022 = ADVANCED_FACE ( 'NONE', ( #702 ), #1649, .T. ) ;
#1023 = CARTESIAN_POINT ( 'NONE',  ( -0.3012548339959391086, 0.3012548339959384425, 8.016309119164535701 ) ) ;
#1024 = DIRECTION ( 'NONE',  ( -0.5000000000000003331, -0.8660254037844383745, 0.000000000000000000 ) ) ;
#1025 = DIRECTION ( 'NONE',  ( 0.000000000000000000, 1.000000000000000000, 0.000000000000000000 ) ) ;
#1026 = UNCERTAINTY_MEASURE_WITH_UNIT (LENGTH_MEASURE( 1.000000000000000082E-05 ), #1543, 'distance_accuracy_value', 'NONE');
#1027 = EDGE_CURVE ( 'NONE', #77, #2579, #3054, .T. ) ;
#1028 = ORIENTED_EDGE ( 'NONE', *, *, #2477, .F. ) ;
#1029 = LINE ( 'NONE', #1717, #1248 ) ;
#1030 = CARTESIAN_POINT ( 'NONE',  ( -0.3199999999999999512, 0.2559999999999993392, 7.909999999999988596 ) ) ;
#1031 = ORIENTED_EDGE ( 'NONE', *, *, #2271, .F. ) ;
#1032 = FACE_OUTER_BOUND ( 'NONE', #2457, .T. ) ;
#1033 = EDGE_LOOP ( 'NONE', ( #529, #1227, #1762, #26, #48, #3082 ) ) ;
#1034 = EDGE_LOOP ( 'NONE', ( #2023, #1925, #1011, #79 ) ) ;
#1035 = B_SPLINE_CURVE_WITH_KNOTS ( 'NONE', 3,
 ( #1795, #1589, #2486, #827, #2987, #2262, #1778, #2757, #1522, #864 ),
 .UNSPECIFIED., .F., .F.,
 ( 4, 3, 3, 4 ),
 ( 0.000000000000000000, 3.193694500262320569E-05, 6.387389000524585573E-05, 0.0001064205049631835188 ),
 .UNSPECIFIED. ) ;
#1036 = CARTESIAN_POINT ( 'NONE',  ( -0.1560617469879519992, -1.250000000000000000, 1.770000000000000240 ) ) ;
#1037 = CARTESIAN_POINT ( 'NONE',  ( -0.3012548339959391086, -0.3012548339959393862, -2.466309119164536767 ) ) ;
#1038 = VECTOR ( 'NONE', #1623, 1000.000000000000000 ) ;
#1039 = CARTESIAN_POINT ( 'NONE',  ( 0.2513693838172026407, -1.149999999999999467, 1.764975519266270609 ) ) ;
#1040 = CARTESIAN_POINT ( 'NONE',  ( 0.2027403996334757874, -1.250000000000001110, 1.181374481024758172 ) ) ;
#1041 = CARTESIAN_POINT ( 'NONE',  ( -1.019999999999999574, -0.9999999999999988898, 2.500000000000000000 ) ) ;
#1042 = VERTEX_POINT ( 'NONE', #10 ) ;
#1043 = EDGE_CURVE ( 'NONE', #2175, #3002, #2595, .T. ) ;
#1044 = PRESENTATION_LAYER_ASSIGNMENT (  '', '', ( #353 ) ) ;
#1045 = ORIENTED_EDGE ( 'NONE', *, *, #2634, .F. ) ;
#1046 = CARTESIAN_POINT ( 'NONE',  ( -1.269999999999999796, 0.9999999999999983347, 2.500000000000000000 ) ) ;
#1047 = ORIENTED_EDGE ( 'NONE', *, *, #1576, .F. ) ;
#1048 = VECTOR ( 'NONE', #1421, 1000.000000000000000 ) ;
#1049 = DIRECTION ( 'NONE',  ( -0.000000000000000000, 0.000000000000000000, 1.000000000000000000 ) ) ;
#1050 = ORIENTED_EDGE ( 'NONE', *, *, #2866, .T. ) ;
#1051 = VECTOR ( 'NONE', #3041, 1000.000000000000000 ) ;
#1052 =( NAMED_UNIT ( * ) SI_UNIT ( $, .STERADIAN. ) SOLID_ANGLE_UNIT ( ) );
#1053 = VECTOR ( 'NONE', #1259, 1000.000000000000000 ) ;
#1054 = CARTESIAN_POINT ( 'NONE',  ( -0.2350150689595370268, -1.250000000000000888, 1.459547824164676877 ) ) ;
#1055 = LINE ( 'NONE', #2247, #413 ) ;
#1056 = CARTESIAN_POINT ( 'NONE',  ( 0.2606148726662800841, -1.149999999999999023, 1.749334043854659404 ) ) ;
#1057 = CARTESIAN_POINT ( 'NONE',  ( 0.2469967307725579042, -1.129999999999999449, 1.197951346359644287 ) ) ;
#1058 = CARTESIAN_POINT ( 'NONE',  ( 0.1564787436807797416, -1.216666667114969069, 1.782132340979038165 ) ) ;
#1059 = ORIENTED_EDGE ( 'NONE', *, *, #2768, .T. ) ;
#1060 = DIRECTION ( 'NONE',  ( 8.470329472543003391E-17, -1.000000000000000000, 0.000000000000000000 ) ) ;
#1061 = CARTESIAN_POINT ( 'NONE',  ( 0.2713367824627647140, -1.149999999999999689, 1.100924175899257840 ) ) ;
#1062 = VERTEX_POINT ( 'NONE', #1410 ) ;
#1063 = PRESENTATION_STYLE_ASSIGNMENT (( #288 ) ) ;
#1064 = ORIENTED_EDGE ( 'NONE', *, *, #737, .F. ) ;
#1065 = EDGE_CURVE ( 'NONE', #226, #546, #1171, .T. ) ;
#1066 = PLANE ( 'NONE',  #2858 ) ;
#1067 = ORIENTED_EDGE ( 'NONE', *, *, #2177, .T. ) ;
#1068 = DIRECTION ( 'NONE',  ( 1.000000000000000000, 8.470329472543003391E-17, 4.301393535249064745E-33 ) ) ;
#1069 = CARTESIAN_POINT ( 'NONE',  ( -1.019999999999999796, -1.250000000000000222, 0.4499999999999996780 ) ) ;
#1070 = PLANE ( 'NONE',  #552 ) ;
#1071 = CARTESIAN_POINT ( 'NONE',  ( 0.2132409442306422709, -1.250000000000001110, 1.169951629842689966 ) ) ;
#1072 = PLANE ( 'NONE',  #1435 ) ;
#1073 = ORIENTED_EDGE ( 'NONE', *, *, #857, .F. ) ;
#1074 = CARTESIAN_POINT ( 'NONE',  ( -1.169999999999998597, -0.9999999999999988898, 0.5999999999999998668 ) ) ;
#1075 = CARTESIAN_POINT ( 'NONE',  ( -0.1572017319022033788, -1.160002928788731458, 1.802756255092037740 ) ) ;
#1076 = ORIENTED_EDGE ( 'NONE', *, *, #754, .F. ) ;
#1077 = CARTESIAN_POINT ( 'NONE',  ( -0.2640549167020759813, -1.170006761748993318, 1.691731523099599954 ) ) ;
#1078 = ORIENTED_EDGE ( 'NONE', *, *, #2063, .F. ) ;
#1079 = ORIENTED_EDGE ( 'NONE', *, *, #2097, .T. ) ;
#1080 = DIRECTION ( 'NONE',  ( 0.3420201433256698231, -0.9396926207859079838, 0.000000000000000000 ) ) ;
#1081 = EDGE_CURVE ( 'NONE', #637, #1327, #1358, .T. ) ;
#1082 = CARTESIAN_POINT ( 'NONE',  ( -0.2890920949374357618, -0.3134175730544429550, 7.947330798265291207 ) ) ;
#1083 = PLANE ( 'NONE',  #2940 ) ;
#1084 = VERTEX_POINT ( 'NONE', #2831 ) ;
#1085 = CARTESIAN_POINT ( 'NONE',  ( 0.2341917180556499500, -1.250000000000000888, 1.114848042196724176 ) ) ;
#1086 = CARTESIAN_POINT ( 'NONE',  ( 0.2328456203364163146, -1.249999999999997558, 1.129924358544335705 ) ) ;
#1087 = ORIENTED_EDGE ( 'NONE', *, *, #1621, .T. ) ;
#1088 = LINE ( 'NONE', #1516, #421 ) ;
#1089 = VECTOR ( 'NONE', #2192, 1000.000000000000227 ) ;
#1090 = DIRECTION ( 'NONE',  ( -0.1710878697460330722, -0.1710878697460330722, -0.9702875252478149193 ) ) ;
#1091 = LINE ( 'NONE', #2441, #1096 ) ;
#1092 = VECTOR ( 'NONE', #743, 1000.000000000000000 ) ;
#1093 = PLANE ( 'NONE',  #750 ) ;
#1094 = VERTEX_POINT ( 'NONE', #2817 ) ;
#1095 = SURFACE_STYLE_USAGE ( .BOTH. , #3026 ) ;
#1096 = VECTOR ( 'NONE', #135, 1000.000000000000000 ) ;
#1097 = EDGE_LOOP ( 'NONE', ( #2244, #488, #2919, #1574 ) ) ;
#1098 = CARTESIAN_POINT ( 'NONE',  ( 0.3200000000000001177, -0.2560000000000007825, 7.909999999999988596 ) ) ;
#1099 = VECTOR ( 'NONE', #2303, 1000.000000000000000 ) ;
#1100 = COLOUR_RGB ( '',1.000000000000000000, 0.000000000000000000, 0.000000000000000000 ) ;
#1101 = VECTOR ( 'NONE', #1619, 1000.000000000000000 ) ;
#1102 = DIRECTION ( 'NONE',  ( -0.3420201433256698786, 0.9396926207859079838, 0.000000000000000000 ) ) ;
#1103 = AXIS2_PLACEMENT_3D ( 'NONE', #425, #613, #895 ) ;
#1104 = EDGE_CURVE ( 'NONE', #492, #2516, #953, .T. ) ;
#1105 = ORIENTED_EDGE ( 'NONE', *, *, #2132, .T. ) ;
#1106 = PRESENTATION_STYLE_ASSIGNMENT (( #675 ) ) ;
#1107 = VECTOR ( 'NONE', #2642, 1000.000000000000000 ) ;
#1108 = CARTESIAN_POINT ( 'NONE',  ( -0.2786410898395588753, -1.129999999999998561, 0.8485582526187541719 ) ) ;
#1109 = ORIENTED_EDGE ( 'NONE', *, *, #1621, .F. ) ;
#1110 =( LENGTH_UNIT ( ) NAMED_UNIT ( * ) SI_UNIT ( .MILLI., .METRE. ) );
#1111 = DIRECTION ( 'NONE',  ( -1.000000000000000000, -0.000000000000000000, 0.000000000000000000 ) ) ;
#1112 = CARTESIAN_POINT ( 'NONE',  ( -1.169999999999998597, -0.7700000000000002398, 0.6000000000000000888 ) ) ;
#1113 = CARTESIAN_POINT ( 'NONE',  ( 1.019999999999999796, -0.000000000000000000, 0.000000000000000000 ) ) ;
#1114 = ORIENTED_EDGE ( 'NONE', *, *, #282, .F. ) ;
#1115 = CARTESIAN_POINT ( 'NONE',  ( 0.05396442235651190827, -1.149999999999999911, 1.270000000000000018 ) ) ;
#1116 = ORIENTED_EDGE ( 'NONE', *, *, #2282, .F. ) ;
#1117 = DIRECTION ( 'NONE',  ( 0.000000000000000000, -1.000000000000000000, 0.000000000000000000 ) ) ;
#1118 = SURFACE_SIDE_STYLE ('',( #191 ) ) ;
#1119 = EDGE_CURVE ( 'NONE', #1139, #2735, #2567, .T. ) ;
#1120 = CARTESIAN_POINT ( 'NONE',  ( -0.2247191242266799172, -1.249999999999998668, 1.408007062060587344 ) ) ;
#1121 = VERTEX_POINT ( 'NONE', #2382 ) ;
#1122 = FILL_AREA_STYLE ('',( #2796 ) ) ;
#1123 = PLANE ( 'NONE',  #501 ) ;
#1124 =( BOUNDED_CURVE ( )  B_SPLINE_CURVE ( 3, ( #382, #2754, #2308, #609 ),
 .UNSPECIFIED., .F., .F. ) 
 B_SPLINE_CURVE_WITH_KNOTS ( ( 4, 4 ),
 ( 2.356194490192345281, 3.141592653589793116 ),
 .UNSPECIFIED. ) 
 CURVE ( )  GEOMETRIC_REPRESENTATION_ITEM ( )  RATIONAL_B_SPLINE_CURVE ( ( 1.000000000000000000, 0.9492530216741912330, 0.9492530216741912330, 1.000000000000000000 ) ) 
 REPRESENTATION_ITEM ( '' )  );
#1125 = UNCERTAINTY_MEASURE_WITH_UNIT (LENGTH_MEASURE( 1.000000000000000082E-05 ), #973, 'distance_accuracy_value', 'NONE');
#1126 = EDGE_LOOP ( 'NONE', ( #1, #2485, #2872, #2504 ) ) ;
#1127 = APPLICATION_PROTOCOL_DEFINITION ( 'draft international standard', 'automotive_design', 1998, #686 ) ;
#1128 = CARTESIAN_POINT ( 'NONE',  ( -0.3199999999999999512, 0.3199999999999998401, -2.359999999999988773 ) ) ;
#1129 = EDGE_CURVE ( 'NONE', #729, #2688, #681, .T. ) ;
#1130 = FACE_BOUND ( 'NONE', #1332, .T. ) ;
#1131 = CARTESIAN_POINT ( 'NONE',  ( -0.2397902344294515764, -1.236673428369793770, 1.691223552179616840 ) ) ;
#1132 = ORIENTED_EDGE ( 'NONE', *, *, #1572, .T. ) ;
#1133 = CARTESIAN_POINT ( 'NONE',  ( -5.687887419977258754E-17, -1.250000000000000000, 1.270000000000000018 ) ) ;
#1134 = DIRECTION ( 'NONE',  ( -0.000000000000000000, 1.000000000000000000, -0.000000000000000000 ) ) ;
#1135 = CARTESIAN_POINT ( 'NONE',  ( 0.3134175730544422889, 0.2890920949374353177, 7.947330798265291207 ) ) ;
#1136 = CARTESIAN_POINT ( 'NONE',  ( 0.3200000000000001177, -0.2560000000000002829, -2.359999999999988773 ) ) ;
#1137 = DIRECTION ( 'NONE',  ( -0.5000000000000003331, -0.8660254037844383745, 0.000000000000000000 ) ) ;
#1138 = PLANE ( 'NONE',  #2852 ) ;
#1139 = VERTEX_POINT ( 'NONE', #1628 ) ;
#1140 = CARTESIAN_POINT ( 'NONE',  ( 1.169999999999998597, -0.9999999999999978906, 2.350000000000000089 ) ) ;
#1141 = CARTESIAN_POINT ( 'NONE',  ( 0.1573284206430634047, -1.149999999999999911, 0.7336029765733798058 ) ) ;
#1142 = VERTEX_POINT ( 'NONE', #635 ) ;
#1143 = DIRECTION ( 'NONE',  ( -6.842277657836020854E-49, 5.078189165123089681E-17, -1.000000000000000000 ) ) ;
#1144 = ADVANCED_FACE ( 'NONE', ( #1130, #888 ), #1840, .T. ) ;
#1145 = FILL_AREA_STYLE ('',( #423 ) ) ;
#1146 = VECTOR ( 'NONE', #1615, 1000.000000000000114 ) ;
#1147 = DIRECTION ( 'NONE',  ( -0.3420201433256698231, 0.9396926207859079838, 0.000000000000000000 ) ) ;
#1148 = AXIS2_PLACEMENT_3D ( 'NONE', #2152, #738, #1879 ) ;
#1149 = LINE ( 'NONE', #143, #1990 ) ;
#1150 = VECTOR ( 'NONE', #1565, 1000.000000000000000 ) ;
#1151 = CARTESIAN_POINT ( 'NONE',  ( -0.2349397590361447796, -1.250000000000000000, 1.458064759036144631 ) ) ;
#1152 = VECTOR ( 'NONE', #1189, 1000.000000000000000 ) ;
#1153 = CARTESIAN_POINT ( 'NONE',  ( -0.2675450665421197360, -1.129999999999997673, 0.7888260276643594970 ) ) ;
#1154 = VECTOR ( 'NONE', #2241, 1000.000000000000000 ) ;
#1155 = ORIENTED_EDGE ( 'NONE', *, *, #1383, .T. ) ;
#1156 =( GEOMETRIC_REPRESENTATION_CONTEXT ( 3 ) GLOBAL_UNCERTAINTY_ASSIGNED_CONTEXT ( ( #931 ) ) GLOBAL_UNIT_ASSIGNED_CONTEXT ( ( #2327, #2354, #705 ) ) REPRESENTATION_CONTEXT ( 'NONE', 'WORKASPACE' ) );
#1157 = FACE_OUTER_BOUND ( 'NONE', #1894, .T. ) ;
#1158 = EDGE_CURVE ( 'NONE', #1629, #445, #654, .T. ) ;
#1159 = ORIENTED_EDGE ( 'NONE', *, *, #896, .F. ) ;
#1160 = CARTESIAN_POINT ( 'NONE',  ( 0.2104599683874033567, -1.249999999999996447, 1.753582719337714702 ) ) ;
#1161 = CARTESIAN_POINT ( 'NONE',  ( -0.2071507323465818784, -0.3200000000000007283, 8.550000000000000711 ) ) ;
#1162 = EDGE_CURVE ( 'NONE', #2735, #1062, #433, .T. ) ;
#1163 = PLANE ( 'NONE',  #2359 ) ;
#1164 = CARTESIAN_POINT ( 'NONE',  ( 1.020000000000000240, 0.9999999999999983347, 0.000000000000000000 ) ) ;
#1165 = EDGE_CURVE ( 'NONE', #824, #2988, #1372, .T. ) ;
#1166 = CARTESIAN_POINT ( 'NONE',  ( 0.2349397590361441412, -1.250000000000000888, 0.8488780120481929092 ) ) ;
#1167 = LINE ( 'NONE', #2094, #2932 ) ;
#1168 = DIRECTION ( 'NONE',  ( -1.000000000000000000, 0.000000000000000000, -0.000000000000000000 ) ) ;
#1169 = VERTEX_POINT ( 'NONE', #1141 ) ;
#1170 = CARTESIAN_POINT ( 'NONE',  ( -0.1560617469879519992, -1.250000000000000000, 0.7700000000000001288 ) ) ;
#1171 = LINE ( 'NONE', #242, #1992 ) ;
#1172 = ORIENTED_EDGE ( 'NONE', *, *, #723, .F. ) ;
#1173 = CARTESIAN_POINT ( 'NONE',  ( 0.2349397590361444188, -1.250000000000000000, 1.692439759036144631 ) ) ;
#1174 = PLANE ( 'NONE',  #2444 ) ;
#1175 = EDGE_LOOP ( 'NONE', ( #89, #1876, #2685, #1986 ) ) ;
#1176 = CARTESIAN_POINT ( 'NONE',  ( 0.2609695734686026114, -1.178483672614227373, 1.100663097109698008 ) ) ;
#1177 = CARTESIAN_POINT ( 'NONE',  ( -0.7699999999999996847, -1.250000000000000000, 2.500000000000000000 ) ) ;
#1178 = ADVANCED_FACE ( 'NONE', ( #200 ), #2101, .T. ) ;
#1179 = LINE ( 'NONE', #2882, #1893 ) ;
#1180 = CARTESIAN_POINT ( 'NONE',  ( 0.3200000000000000622, 0.3199999999999993405, -2.359999999999988773 ) ) ;
#1181 = ORIENTED_EDGE ( 'NONE', *, *, #1249, .F. ) ;
#1182 = CARTESIAN_POINT ( 'NONE',  ( -0.7699999999999999067, 1.250000000000000222, 2.500000000000000000 ) ) ;
#1183 = VERTEX_POINT ( 'NONE', #2352 ) ;
#1184 = CARTESIAN_POINT ( 'NONE',  ( 0.1560617469879515551, -1.250000000000000000, 1.770000000000000240 ) ) ;
#1185 = B_SPLINE_CURVE_WITH_KNOTS ( 'NONE', 3,
 ( #2453, #90, #1446, #515, #55, #2929, #733 ),
 .UNSPECIFIED., .F., .F.,
 ( 4, 3, 4 ),
 ( 0.000000000000000000, 4.546922341133541264E-05, 0.0001064237724516008327 ),
 .UNSPECIFIED. ) ;
#1186 =( NAMED_UNIT ( * ) PLANE_ANGLE_UNIT ( ) SI_UNIT ( $, .RADIAN. ) );
#1187 = VECTOR ( 'NONE', #1833, 1000.000000000000000 ) ;
#1188 = ORIENTED_EDGE ( 'NONE', *, *, #1465, .T. ) ;
#1189 = DIRECTION ( 'NONE',  ( 1.000000000000000000, -1.408054769461693942E-16, 0.000000000000000000 ) ) ;
#1190 = AXIS2_PLACEMENT_3D ( 'NONE', #1036, #337, #2475 ) ;
#1191 = VECTOR ( 'NONE', #2337, 1000.000000000000000 ) ;
#1192 = DIRECTION ( 'NONE',  ( 0.000000000000000000, 5.078189165123089681E-17, -1.000000000000000000 ) ) ;
#1193 = ADVANCED_FACE ( 'NONE', ( #1157 ), #3068, .T. ) ;
#1194 = ORIENTED_EDGE ( 'NONE', *, *, #282, .T. ) ;
#1195 = AXIS2_PLACEMENT_3D ( 'NONE', #2027, #2761, #2942 ) ;
#1196 = STYLED_ITEM ( 'NONE', ( #2850 ), #22 ) ;
#1197 = CARTESIAN_POINT ( 'NONE',  ( -0.2560000000000000053, 0.2559999999999993392, 8.550000000000000711 ) ) ;
#1198 = VECTOR ( 'NONE', #2585, 1000.000000000000000 ) ;
#1199 = CARTESIAN_POINT ( 'NONE',  ( -0.2559999999999999498, -0.2560000000000007270, 8.550000000000000711 ) ) ;
#1200 = ORIENTED_EDGE ( 'NONE', *, *, #1165, .T. ) ;
#1201 = SURFACE_SIDE_STYLE ('',( #2659 ) ) ;
#1202 = CARTESIAN_POINT ( 'NONE',  ( 0.2781323240413880460, -1.129999999999999227, 1.704531236937195215 ) ) ;
#1203 = VECTOR ( 'NONE', #2719, 999.9999999999998863 ) ;
#1204 = DIRECTION ( 'NONE',  ( -1.000000000000000000, 0.000000000000000000, 0.000000000000000000 ) ) ;
#1205 = AXIS2_PLACEMENT_3D ( 'NONE', #2799, #2675, #966 ) ;
#1206 = ORIENTED_EDGE ( 'NONE', *, *, #1285, .F. ) ;
#1207 = FACE_OUTER_BOUND ( 'NONE', #1563, .T. ) ;
#1208 = CARTESIAN_POINT ( 'NONE',  ( 0.2153368545994584493, -1.129999999999999449, 0.7379887785981120718 ) ) ;
#1209 = EDGE_CURVE ( 'NONE', #2394, #349, #2163, .T. ) ;
#1210 = DIRECTION ( 'NONE',  ( 0.000000000000000000, 0.3420201433256694901, 0.9396926207859082059 ) ) ;
#1211 = CARTESIAN_POINT ( 'NONE',  ( -0.2676958495758779422, -1.160003380892472125, 0.8481922686093442687 ) ) ;
#1212 = ORIENTED_EDGE ( 'NONE', *, *, #1162, .T. ) ;
#1213 = ADVANCED_FACE ( 'NONE', ( #315 ), #303, .F. ) ;
#1214 = CARTESIAN_POINT ( 'NONE',  ( 0.2221105522436210844, -1.249999999999969136, 0.7980297930901404380 ) ) ;
#1215 = CARTESIAN_POINT ( 'NONE',  ( -0.1546753745387279277, -1.250000000000000888, 1.770096625241622590 ) ) ;
#1216 = ORIENTED_EDGE ( 'NONE', *, *, #1268, .F. ) ;
#1217 = LINE ( 'NONE', #31, #70 ) ;
#1218 = EDGE_CURVE ( 'NONE', #2117, #1142, #2069, .T. ) ;
#1219 = CARTESIAN_POINT ( 'NONE',  ( 0.1560617469879515551, -1.250000000000000000, 0.7700000000000001288 ) ) ;
#1220 = DIRECTION ( 'NONE',  ( 4.224164308385081333E-16, -1.000000000000000000, 0.000000000000000000 ) ) ;
#1221 = ORIENTED_EDGE ( 'NONE', *, *, #756, .T. ) ;
#1222 = CARTESIAN_POINT ( 'NONE',  ( -1.019999999999999796, -0.000000000000000000, 0.000000000000000000 ) ) ;
#1223 = DIRECTION ( 'NONE',  ( -0.000000000000000000, -0.000000000000000000, -1.000000000000000000 ) ) ;
#1224 = LINE ( 'NONE', #2390, #2746 ) ;
#1225 = DIRECTION ( 'NONE',  ( -0.000000000000000000, -0.000000000000000000, -1.000000000000000000 ) ) ;
#1226 = DIRECTION ( 'NONE',  ( 0.7071067811865460184, -0.7071067811865490160, 0.000000000000000000 ) ) ;
#1227 = ORIENTED_EDGE ( 'NONE', *, *, #1454, .T. ) ;
#1228 = FILL_AREA_STYLE ('',( #1694 ) ) ;
#1229 = CARTESIAN_POINT ( 'NONE',  ( 0.1590689512689710539, -1.129999999999999227, 1.813572779289713832 ) ) ;
#1230 = CARTESIAN_POINT ( 'NONE',  ( -0.05396442235651247726, -1.149999999999999911, 1.270000000000000018 ) ) ;
#1231 = EDGE_CURVE ( 'NONE', #1404, #2151, #718, .T. ) ;
#1232 = VERTEX_POINT ( 'NONE', #273 ) ;
#1233 = CARTESIAN_POINT ( 'NONE',  ( 1.020000000000000462, -0.9999999999999978906, 2.500000000000000000 ) ) ;
#1234 = CARTESIAN_POINT ( 'NONE',  ( 0.2785987272081523192, -1.129999999999998561, 0.8475468746968481959 ) ) ;
#1235 = VECTOR ( 'NONE', #2448, 1000.000000000000000 ) ;
#1236 = LINE ( 'NONE', #238, #1048 ) ;
#1237 = FACE_OUTER_BOUND ( 'NONE', #1175, .T. ) ;
#1238 = CARTESIAN_POINT ( 'NONE',  ( -0.2786199085238556528, -1.129999999999998783, 1.691947436342201572 ) ) ;
#1239 = AXIS2_PLACEMENT_3D ( 'NONE', #1616, #2582, #444 ) ;
#1240 = ORIENTED_EDGE ( 'NONE', *, *, #2875, .F. ) ;
#1241 = DIRECTION ( 'NONE',  ( -0.1710878697460331277, 0.1710878697460330722, 0.9702875252478149193 ) ) ;
#1242 = AXIS2_PLACEMENT_3D ( 'NONE', #801, #2706, #2689 ) ;
#1243 = CARTESIAN_POINT ( 'NONE',  ( 0.2337715950550439681, -1.250000000000000666, 1.713467453397172546 ) ) ;
#1244 = ADVANCED_FACE ( 'NONE', ( #1691 ), #2657, .F. ) ;
#1245 = CARTESIAN_POINT ( 'NONE',  ( -1.019999999999999574, -0.9999999999999988898, 2.499999999999998668 ) ) ;
#1246 = PRESENTATION_LAYER_ASSIGNMENT (  '', '', ( #2750 ) ) ;
#1247 = ORIENTED_EDGE ( 'NONE', *, *, #1669, .F. ) ;
#1248 = VECTOR ( 'NONE', #1981, 1000.000000000000000 ) ;
#1249 = EDGE_CURVE ( 'NONE', #2997, #2254, #2577, .T. ) ;
#1250 = CARTESIAN_POINT ( 'NONE',  ( -0.1566949385773144798, -1.200014643514623947, 1.788193181909862428 ) ) ;
#1251 = STYLED_ITEM ( 'NONE', ( #2767 ), #3048 ) ;
#1252 = EDGE_CURVE ( 'NONE', #885, #106, #617, .T. ) ;
#1253 = CARTESIAN_POINT ( 'NONE',  ( -0.2130215703124273274, -1.250000000000001110, 1.389336511127182261 ) ) ;
#1254 = CARTESIAN_POINT ( 'NONE',  ( 0.2713367824627647140, -1.149999999999999689, 1.100924175899257840 ) ) ;
#1255 = LINE ( 'NONE', #1976, #1494 ) ;
#1256 = CARTESIAN_POINT ( 'NONE',  ( -0.2713367824627651026, -1.150000000000000133, 1.457141330931055911 ) ) ;
#1257 = CARTESIAN_POINT ( 'NONE',  ( -0.2349831812470689618, -1.250000000000000444, 1.690085591070449089 ) ) ;
#1258 = ORIENTED_EDGE ( 'NONE', *, *, #926, .T. ) ;
#1259 = DIRECTION ( 'NONE',  ( -6.842277657836020854E-49, 5.078189165123089681E-17, -1.000000000000000000 ) ) ;
#1260 = CARTESIAN_POINT ( 'NONE',  ( 0.2785746634409132505, -1.129999999999999227, 1.694343831042281812 ) ) ;
#1261 = ORIENTED_EDGE ( 'NONE', *, *, #914, .T. ) ;
#1262 =( LENGTH_UNIT ( ) NAMED_UNIT ( * ) SI_UNIT ( .MILLI., .METRE. ) );
#1263 = EDGE_LOOP ( 'NONE', ( #1474, #2240, #434, #2318 ) ) ;
#1264 = ORIENTED_EDGE ( 'NONE', *, *, #297, .T. ) ;
#1265 = FACE_OUTER_BOUND ( 'NONE', #2781, .T. ) ;
#1266 = CARTESIAN_POINT ( 'NONE',  ( -0.1573284206430519139, -1.149999999999999911, 0.7336029765733800279 ) ) ;
#1267 = PLANE ( 'NONE',  #1195 ) ;
#1268 = EDGE_CURVE ( 'NONE', #1741, #1327, #2999, .T. ) ;
#1269 = PRESENTATION_STYLE_ASSIGNMENT (( #862 ) ) ;
#1270 = CARTESIAN_POINT ( 'NONE',  ( -0.2577490103816562073, -1.149999999999999689, 1.392503006755856365 ) ) ;
#1271 = CARTESIAN_POINT ( 'NONE',  ( 1.170000000000000595, -0.7700000000000004619, 0.6000000000000000888 ) ) ;
#1272 = UNCERTAINTY_MEASURE_WITH_UNIT (LENGTH_MEASURE( 1.000000000000000082E-05 ), #773, 'distance_accuracy_value', 'NONE');
#1273 = ORIENTED_EDGE ( 'NONE', *, *, #1906, .T. ) ;
#1274 = PLANE ( 'NONE',  #221 ) ;
#1275 = CARTESIAN_POINT ( 'NONE',  ( 0.2582363870873444212, -1.150000000000000133, 1.166150458576016513 ) ) ;
#1276 = ORIENTED_EDGE ( 'NONE', *, *, #272, .F. ) ;
#1277 = LINE ( 'NONE', #1742, #1154 ) ;
#1278 = ORIENTED_EDGE ( 'NONE', *, *, #790, .F. ) ;
#1279 = ORIENTED_EDGE ( 'NONE', *, *, #2424, .F. ) ;
#1280 = CARTESIAN_POINT ( 'NONE',  ( -0.2349899656517395186, -1.250000000000000888, 1.459053469121832869 ) ) ;
#1281 = FACE_OUTER_BOUND ( 'NONE', #942, .T. ) ;
#1282 = COLOUR_RGB ( '',1.000000000000000000, 0.000000000000000000, 0.000000000000000000 ) ;
#1283 = LINE ( 'NONE', #313, #465 ) ;
#1284 = DIRECTION ( 'NONE',  ( -0.000000000000000000, 0.000000000000000000, 1.000000000000000000 ) ) ;
#1285 = EDGE_CURVE ( 'NONE', #3027, #937, #393, .T. ) ;
#1286 = FACE_OUTER_BOUND ( 'NONE', #1323, .T. ) ;
#1287 = ORIENTED_EDGE ( 'NONE', *, *, #1081, .T. ) ;
#1288 = AXIS2_PLACEMENT_3D ( 'NONE', #2648, #3074, #279 ) ;
#1289 = DIRECTION ( 'NONE',  ( 0.000000000000000000, -0.000000000000000000, 1.000000000000000000 ) ) ;
#1290 =( NAMED_UNIT ( * ) PLANE_ANGLE_UNIT ( ) SI_UNIT ( $, .RADIAN. ) );
#1291 = VECTOR ( 'NONE', #909, 1000.000000000000000 ) ;
#1292 = EDGE_LOOP ( 'NONE', ( #810, #2499, #1582, #2225, #162, #2371 ) ) ;
#1293 = CARTESIAN_POINT ( 'NONE',  ( 0.3200000000000000622, 0.3199999999999998401, -2.359999999999988773 ) ) ;
#1294 = EDGE_LOOP ( 'NONE', ( #1909, #1504, #1792, #1556 ) ) ;
#1295 = ORIENTED_EDGE ( 'NONE', *, *, #626, .T. ) ;
#1296 = AXIS2_PLACEMENT_3D ( 'NONE', #1520, #2686, #543 ) ;
#1297 = VECTOR ( 'NONE', #330, 1000.000000000000000 ) ;
#1298 = CARTESIAN_POINT ( 'NONE',  ( -5.007143004635796034E-17, -1.149999999999999911, 0.9509753366796325214 ) ) ;
#1299 = CARTESIAN_POINT ( 'NONE',  ( -0.2559999999999999498, -0.3200000000000001732, -2.359999999999988773 ) ) ;
#1300 = EDGE_CURVE ( 'NONE', #347, #1534, #2765, .T. ) ;
#1301 = LINE ( 'NONE', #581, #66 ) ;
#1302 = CARTESIAN_POINT ( 'NONE',  ( -0.2705584101385457019, -1.149999999999999911, 1.441811514564153240 ) ) ;
#1303 = CARTESIAN_POINT ( 'NONE',  ( -1.019999999999999796, 0.9999999999999983347, 2.500000000000000000 ) ) ;
#1304 = ORIENTED_EDGE ( 'NONE', *, *, #523, .T. ) ;
#1305 = ADVANCED_FACE ( 'NONE', ( #1286 ), #1072, .F. ) ;
#1306 = FACE_OUTER_BOUND ( 'NONE', #1873, .T. ) ;
#1307 = EDGE_LOOP ( 'NONE', ( #3030, #2720, #1078, #612 ) ) ;
#1308 = ORIENTED_EDGE ( 'NONE', *, *, #2666, .T. ) ;
#1309 = CARTESIAN_POINT ( 'NONE',  ( 5.421010862427522170E-17, -0.4466666666666664898, 2.449999999999999734 ) ) ;
#1310 = EDGE_CURVE ( 'NONE', #1142, #575, #1769, .T. ) ;
#1311 = ORIENTED_EDGE ( 'NONE', *, *, #2654, .T. ) ;
#1312 = CARTESIAN_POINT ( 'NONE',  ( 0.07816725390868303758, -1.149999999999999911, 1.351404641846117194 ) ) ;
#1313 = CARTESIAN_POINT ( 'NONE',  ( -0.2350737980701156915, -1.129999999999999227, 1.348647269102990709 ) ) ;
#1314 = CARTESIAN_POINT ( 'NONE',  ( 0.2071507323465825723, -0.2071507323465826000, -3.000000000000000000 ) ) ;
#1315 = ORIENTED_EDGE ( 'NONE', *, *, #1811, .F. ) ;
#1316 = CARTESIAN_POINT ( 'NONE',  ( -0.2349397590361447796, -1.250000000000000000, 1.095301204819277396 ) ) ;
#1317 = CARTESIAN_POINT ( 'NONE',  ( -0.3012548339959390531, -0.3012548339959397747, 8.016309119164535701 ) ) ;
#1318 = B_SPLINE_CURVE_WITH_KNOTS ( 'NONE', 3,
 ( #456, #1837, #651, #698, #1602, #3034, #415, #2381, #2565, #1884, #3051, #2335, #1646, #2365, #430, #442 ),
 .UNSPECIFIED., .F., .F.,
 ( 4, 3, 2, 2, 2, 3, 4 ),
 ( 0.000000000000000000, 1.104703206905780792E-06, 4.554924001587018918E-05, 8.999377682483459206E-05, 0.0001344383136337990153, 0.0001788828504427634385, 0.0001807251478150544556 ),
 .UNSPECIFIED. ) ;
#1319 = ORIENTED_EDGE ( 'NONE', *, *, #336, .F. ) ;
#1320 = CARTESIAN_POINT ( 'NONE',  ( 0.2031249999999996114, -1.250000000000001110, 1.180956325301204979 ) ) ;
#1321 = DIRECTION ( 'NONE',  ( 0.6524265873585068931, 0.3420201433256697676, 0.6762852724015370187 ) ) ;
#1322 =( NAMED_UNIT ( * ) SI_UNIT ( $, .STERADIAN. ) SOLID_ANGLE_UNIT ( ) );
#1323 = EDGE_LOOP ( 'NONE', ( #1304, #2774, #3020, #269, #2280 ) ) ;
#1324 = FILL_AREA_STYLE_COLOUR ( '', #1690 ) ;
#1325 = ORIENTED_EDGE ( 'NONE', *, *, #141, .F. ) ;
#1326 = DIRECTION ( 'NONE',  ( -0.3236155771181848939, -0.8891264907159881492, 0.3236155771181852825 ) ) ;
#1327 = VERTEX_POINT ( 'NONE', #2049 ) ;
#1328 = EDGE_CURVE ( 'NONE', #2469, #1980, #2235, .T. ) ;
#1329 = DIRECTION ( 'NONE',  ( -0.4999999999999998890, 0.8660254037844385966, 0.000000000000000000 ) ) ;
#1330 = PRESENTATION_STYLE_ASSIGNMENT (( #2061 ) ) ;
#1331 = CARTESIAN_POINT ( 'NONE',  ( -0.2326746774003363161, -1.249999999999998668, 1.428617988992419985 ) ) ;
#1332 = EDGE_LOOP ( 'NONE', ( #1887, #822, #284 ) ) ;
#1333 = LINE ( 'NONE', #2764, #1838 ) ;
#1334 = CARTESIAN_POINT ( 'NONE',  ( -0.05396442235651247726, -1.149999999999999911, 1.131698228245897608 ) ) ;
#1335 = ORIENTED_EDGE ( 'NONE', *, *, #379, .F. ) ;
#1336 = VECTOR ( 'NONE', #1441, 1000.000000000000114 ) ;
#1337 = CARTESIAN_POINT ( 'NONE',  ( 0.000000000000000000, -0.2071507323465826833, 8.550000000000000711 ) ) ;
#1338 = CARTESIAN_POINT ( 'NONE',  ( 0.3200000000000000622, 0.3199999999999993405, 8.550000000000000711 ) ) ;
#1339 = COLOUR_RGB ( '',0.9686274509803921573, 0.8784313725490195957, 0.5999999999999999778 ) ;
#1340 = LINE ( 'NONE', #2087, #3003 ) ;
#1341 = ORIENTED_EDGE ( 'NONE', *, *, #2897, .F. ) ;
#1342 = VECTOR ( 'NONE', #1604, 1000.000000000000000 ) ;
#1343 = EDGE_CURVE ( 'NONE', #347, #2853, #100, .T. ) ;
#1344 = VERTEX_POINT ( 'NONE', #1334 ) ;
#1345 = LINE ( 'NONE', #1609, #701 ) ;
#1346 = AXIS2_PLACEMENT_3D ( 'NONE', #1199, #53, #2433 ) ;
#1347 = EDGE_CURVE ( 'NONE', #1541, #1385, #2726, .T. ) ;
#1348 = VECTOR ( 'NONE', #2331, 1000.000000000000000 ) ;
#1349 = CARTESIAN_POINT ( 'NONE',  ( 0.09036144578313230757, -1.250000000000000000, 1.625421686746987948 ) ) ;
#1350 = VECTOR ( 'NONE', #1329, 1000.000000000000227 ) ;
#1351 = ORIENTED_EDGE ( 'NONE', *, *, #2524, .F. ) ;
#1352 = LINE ( 'NONE', #224, #533 ) ;
#1353 = CARTESIAN_POINT ( 'NONE',  ( 1.020000000000000462, -0.9999999999999978906, 2.500000000000000000 ) ) ;
#1354 = EDGE_LOOP ( 'NONE', ( #253, #1904, #4, #2748, #2159, #441 ) ) ;
#1355 = MECHANICAL_DESIGN_GEOMETRIC_PRESENTATION_REPRESENTATION (  '', ( #424 ), #175 ) ;
#1356 =( LENGTH_UNIT ( ) NAMED_UNIT ( * ) SI_UNIT ( .MILLI., .METRE. ) );
#1357 = SURFACE_SIDE_STYLE ('',( #2594 ) ) ;
#1358 = LINE ( 'NONE', #476, #545 ) ;
#1359 = CARTESIAN_POINT ( 'NONE',  ( 0.3012548339959392751, -0.3012548339959398302, 8.016309119164535701 ) ) ;
#1360 = ORIENTED_EDGE ( 'NONE', *, *, #914, .F. ) ;
#1361 = DIRECTION ( 'NONE',  ( -0.000000000000000000, -0.000000000000000000, -1.000000000000000000 ) ) ;
#1362 = SURFACE_STYLE_USAGE ( .BOTH. , #1653 ) ;
#1363 = CARTESIAN_POINT ( 'NONE',  ( 1.270000000000000462, 0.7700000000000006839, 0.6000000000000000888 ) ) ;
#1364 = CARTESIAN_POINT ( 'NONE',  ( 0.3200000000000000622, 0.3199999999999993405, -2.359999999999988773 ) ) ;
#1365 = DIRECTION ( 'NONE',  ( 1.000000000000000000, 3.533888243307264380E-16, 0.000000000000000000 ) ) ;
#1366 = PRODUCT_DEFINITION_SHAPE ( 'NONE', 'NONE',  #2925 ) ;
#1367 = B_SPLINE_CURVE_WITH_KNOTS ( 'NONE', 3,
 ( #734, #1447, #1678, #2643, #2683, #506, #774, #2425, #2889, #1219 ),
 .UNSPECIFIED., .F., .F.,
 ( 4, 3, 3, 4 ),
 ( 0.000000000000000000, 3.193694500262224346E-05, 6.387389000524413456E-05, 0.0001064253154868433267 ),
 .UNSPECIFIED. ) ;
#1368 = CARTESIAN_POINT ( 'NONE',  ( -0.1560617469879519714, -1.250000000000001332, 0.7700000000000005729 ) ) ;
#1369 = EDGE_CURVE ( 'NONE', #575, #243, #1726, .T. ) ;
#1370 = EDGE_LOOP ( 'NONE', ( #481, #381, #2766, #1079 ) ) ;
#1371 = CARTESIAN_POINT ( 'NONE',  ( 1.270000000000000462, -0.9999999999999978906, 0.5999999999999998668 ) ) ;
#1372 = LINE ( 'NONE', #459, #1191 ) ;
#1373 = ORIENTED_EDGE ( 'NONE', *, *, #234, .F. ) ;
#1374 = VERTEX_POINT ( 'NONE', #1733 ) ;
#1375 = DIRECTION ( 'NONE',  ( 0.7071067811865443531, 0.000000000000000000, -0.7071067811865506814 ) ) ;
#1376 = DIRECTION ( 'NONE',  ( 0.000000000000000000, 1.000000000000000000, 0.000000000000000000 ) ) ;
#1377 = CARTESIAN_POINT ( 'NONE',  ( -7.785703377349988398E-17, -1.149999999999999911, 1.131698228245897608 ) ) ;
#1378 = EDGE_CURVE ( 'NONE', #877, #77, #341, .T. ) ;
#1379 = SURFACE_STYLE_USAGE ( .BOTH. , #2575 ) ;
#1380 = CARTESIAN_POINT ( 'NONE',  ( 1.019999999999999796, -0.9999999999999985567, 0.000000000000000000 ) ) ;
#1381 = VERTEX_POINT ( 'NONE', #2696 ) ;
#1382 = SURFACE_SIDE_STYLE ('',( #240 ) ) ;
#1383 = EDGE_CURVE ( 'NONE', #1560, #367, #223, .T. ) ;
#1384 = CARTESIAN_POINT ( 'NONE',  ( -0.2010872110020789083, 0.2010872110020782699, 8.584387938363944315 ) ) ;
#1385 = VERTEX_POINT ( 'NONE', #119 ) ;
#1386 = DIRECTION ( 'NONE',  ( 0.000000000000000000, -1.000000000000000000, 0.000000000000000000 ) ) ;
#1387 = CARTESIAN_POINT ( 'NONE',  ( 0.2560000000000002274, -0.3200000000000006728, 7.909999999999988596 ) ) ;
#1388 = AXIS2_PLACEMENT_3D ( 'NONE', #662, #2539, #1376 ) ;
#1389 = PLANE ( 'NONE',  #1148 ) ;
#1390 = VECTOR ( 'NONE', #2846, 1000.000000000000000 ) ;
#1391 = CARTESIAN_POINT ( 'NONE',  ( 0.2338056406508102758, -1.250000000000001110, 0.8276727744746826820 ) ) ;
#1392 = CARTESIAN_POINT ( 'NONE',  ( 1.019999999999999796, 0.7700000000000006839, 0.4500000000000005107 ) ) ;
#1393 = CARTESIAN_POINT ( 'NONE',  ( -0.2322227741005678525, -1.129999999999999005, 0.7468819479089869873 ) ) ;
#1394 = COLOUR_RGB ( '',1.000000000000000000, 0.000000000000000000, 0.000000000000000000 ) ;
#1395 = ORIENTED_EDGE ( 'NONE', *, *, #3060, .F. ) ;
#1396 = MECHANICAL_DESIGN_GEOMETRIC_PRESENTATION_REPRESENTATION (  '', ( #2806 ), #652 ) ;
#1397 = FILL_AREA_STYLE ('',( #921 ) ) ;
#1398 = VERTEX_POINT ( 'NONE', #570 ) ;
#1399 = ADVANCED_FACE ( 'NONE', ( #1513 ), #431, .F. ) ;
#1400 = CARTESIAN_POINT ( 'NONE',  ( -1.019999999999999796, 0.9999999999999983347, 2.500000000000000000 ) ) ;
#1401 =( NAMED_UNIT ( * ) PLANE_ANGLE_UNIT ( ) SI_UNIT ( $, .RADIAN. ) );
#1402 = FILL_AREA_STYLE ('',( #2602 ) ) ;
#1403 = EDGE_CURVE ( 'NONE', #1084, #546, #440, .T. ) ;
#1404 = VERTEX_POINT ( 'NONE', #1380 ) ;
#1405 = CARTESIAN_POINT ( 'NONE',  ( 0.2349397590361444188, -1.250000000000000000, 1.100007530120482135 ) ) ;
#1406 = DIRECTION ( 'NONE',  ( -0.3420201433256690460, -0.9396926207859083169, 0.000000000000000000 ) ) ;
#1407 = CARTESIAN_POINT ( 'NONE',  ( -0.1665885810817079871, -1.250000000000001332, 0.7707336829929010147 ) ) ;
#1408 = ORIENTED_EDGE ( 'NONE', *, *, #544, .F. ) ;
#1409 = DIRECTION ( 'NONE',  ( 0.000000000000000000, 1.000000000000000000, 0.000000000000000000 ) ) ;
#1410 = CARTESIAN_POINT ( 'NONE',  ( -0.3012548339959391086, 0.3012548339959384425, 8.016309119164535701 ) ) ;
#1411 = ORIENTED_EDGE ( 'NONE', *, *, #1328, .T. ) ;
#1412 =( BOUNDED_CURVE ( )  B_SPLINE_CURVE ( 3, ( #1436, #740, #693, #38 ),
 .UNSPECIFIED., .F., .F. ) 
 B_SPLINE_CURVE_WITH_KNOTS ( ( 4, 4 ),
 ( 2.356194490192344837, 3.141592653589792228 ),
 .UNSPECIFIED. ) 
 CURVE ( )  GEOMETRIC_REPRESENTATION_ITEM ( )  RATIONAL_B_SPLINE_CURVE ( ( 1.000000000000000000, 0.9492530216741912330, 0.9492530216741912330, 1.000000000000000000 ) ) 
 REPRESENTATION_ITEM ( '' )  );
#1413 = DIRECTION ( 'NONE',  ( -0.000000000000000000, 0.000000000000000000, 1.000000000000000000 ) ) ;
#1414 =( LENGTH_UNIT ( ) NAMED_UNIT ( * ) SI_UNIT ( .MILLI., .METRE. ) );
#1415 = LINE ( 'NONE', #2384, #2651 ) ;
#1416 = ORIENTED_EDGE ( 'NONE', *, *, #1231, .T. ) ;
#1417 = EDGE_CURVE ( 'NONE', #2956, #1183, #3065, .T. ) ;
#1418 = CARTESIAN_POINT ( 'NONE',  ( 0.2560000000000001719, 0.3199999999999993960, 7.909999999999988596 ) ) ;
#1419 = LINE ( 'NONE', #2417, #112 ) ;
#1420 = CARTESIAN_POINT ( 'NONE',  ( -0.1568216416384683176, -1.190011714886031635, 0.7481660498138413828 ) ) ;
#1421 = DIRECTION ( 'NONE',  ( 0.000000000000000000, 0.000000000000000000, -1.000000000000000000 ) ) ;
#1422 = ORIENTED_EDGE ( 'NONE', *, *, #1669, .T. ) ;
#1423 = CARTESIAN_POINT ( 'NONE',  ( 0.3200000000000000622, 0.2559999999999993947, 8.550000000000000711 ) ) ;
#1424 = ORIENTED_EDGE ( 'NONE', *, *, #1383, .F. ) ;
#1425 = FACE_OUTER_BOUND ( 'NONE', #1755, .T. ) ;
#1426 = DIRECTION ( 'NONE',  ( -1.000000000000000000, -4.224164308385081333E-16, 1.537470072901852402E-16 ) ) ;
#1427 = DIRECTION ( 'NONE',  ( -1.000000000000000000, 0.000000000000000000, 0.000000000000000000 ) ) ;
#1428 = ADVANCED_FACE ( 'NONE', ( #194 ), #917, .F. ) ;
#1429 = COLOUR_RGB ( '',0.9686274509803921573, 0.8784313725490195957, 0.5999999999999999778 ) ;
#1430 = ORIENTED_EDGE ( 'NONE', *, *, #1310, .T. ) ;
#1431 = CARTESIAN_POINT ( 'NONE',  ( 0.2557859689903594358, -1.192725508869584505, 1.100532551320418939 ) ) ;
#1432 = CARTESIAN_POINT ( 'NONE',  ( 1.019999999999999796, -0.7700000000000002398, 0.4500000000000005107 ) ) ;
#1433 =( GEOMETRIC_REPRESENTATION_CONTEXT ( 3 ) GLOBAL_UNCERTAINTY_ASSIGNED_CONTEXT ( ( #1835 ) ) GLOBAL_UNIT_ASSIGNED_CONTEXT ( ( #2078, #2092, #2870 ) ) REPRESENTATION_CONTEXT ( 'NONE', 'WORKASPACE' ) );
#1434 = ADVANCED_FACE ( 'NONE', ( #453 ), #1123, .F. ) ;
#1435 = AXIS2_PLACEMENT_3D ( 'NONE', #1041, #1979, #2015 ) ;
#1436 = CARTESIAN_POINT ( 'NONE',  ( 0.3012548339959391641, -0.3012548339959392751, -2.466309119164537655 ) ) ;
#1437 = FACE_OUTER_BOUND ( 'NONE', #2861, .T. ) ;
#1438 = ORIENTED_EDGE ( 'NONE', *, *, #1465, .F. ) ;
#1439 = VECTOR ( 'NONE', #2856, 1000.000000000000000 ) ;
#1440 = ADVANCED_FACE ( 'NONE', ( #1834 ), #1580, .T. ) ;
#1441 = DIRECTION ( 'NONE',  ( -0.7071067811865506814, -0.000000000000000000, -0.7071067811865443531 ) ) ;
#1442 = VECTOR ( 'NONE', #2568, 1000.000000000000000 ) ;
#1443 = CARTESIAN_POINT ( 'NONE',  ( -0.1771939946250029041, -1.250000000000001110, 1.768241958426031157 ) ) ;
#1444 = EDGE_LOOP ( 'NONE', ( #2986, #713, #1028, #2039, #420, #2385 ) ) ;
#1445 = VECTOR ( 'NONE', #1933, 1000.000000000000000 ) ;
#1446 = CARTESIAN_POINT ( 'NONE',  ( 0.2217366110000129342, -1.178483124856404496, 1.199172314360084757 ) ) ;
#1447 = CARTESIAN_POINT ( 'NONE',  ( 0.1572017319022001314, -1.160002928788732124, 0.7372437449079628502 ) ) ;
#1448 = PLANE ( 'NONE',  #1797 ) ;
#1449 = VERTEX_POINT ( 'NONE', #1881 ) ;
#1450 = CARTESIAN_POINT ( 'NONE',  ( -0.2216368291659754353, -1.179172292676296641, 1.360472537827442929 ) ) ;
#1451 = CARTESIAN_POINT ( 'NONE',  ( 0.1571002131738344354, -1.129999999999999227, 0.7262900176145008491 ) ) ;
#1452 = CARTESIAN_POINT ( 'NONE',  ( -0.2604139838411309027, -1.180010142570189657, 0.8483446904390402610 ) ) ;
#1453 = CARTESIAN_POINT ( 'NONE',  ( 0.2344989567605880731, -1.249999999999982681, 0.8383569884989855447 ) ) ;
#1454 = EDGE_CURVE ( 'NONE', #196, #151, #2841, .T. ) ;
#1455 = CARTESIAN_POINT ( 'NONE',  ( -0.1665885810817074875, -1.250000000000000888, 1.769266317007092360 ) ) ;
#1456 = VERTEX_POINT ( 'NONE', #471 ) ;
#1457 = LINE ( 'NONE', #44, #2756 ) ;
#1458 = CARTESIAN_POINT ( 'NONE',  ( -0.7699999999999996847, -1.250000000000000000, 2.500000000000000000 ) ) ;
#1459 = LINE ( 'NONE', #46, #1593 ) ;
#1460 = ORIENTED_EDGE ( 'NONE', *, *, #1757, .T. ) ;
#1461 = CARTESIAN_POINT ( 'NONE',  ( -0.3199999999999999512, 0.2559999999999993392, 7.909999999999988596 ) ) ;
#1462 = CARTESIAN_POINT ( 'NONE',  ( 0.2781474999798810854, -1.130000000000012772, 0.8367741431338063807 ) ) ;
#1463 = FACE_OUTER_BOUND ( 'NONE', #2458, .T. ) ;
#1464 = DIRECTION ( 'NONE',  ( -0.5000000000000003331, -0.8660254037844383745, 0.000000000000000000 ) ) ;
#1465 = EDGE_CURVE ( 'NONE', #1898, #2704, #412, .T. ) ;
#1466 = CARTESIAN_POINT ( 'NONE',  ( 1.169999999999998597, -0.9999999999999978906, 2.350000000000000089 ) ) ;
#1467 =( LENGTH_UNIT ( ) NAMED_UNIT ( * ) SI_UNIT ( .MILLI., .METRE. ) );
#1468 = VERTEX_POINT ( 'NONE', #2082 ) ;
#1469 = CARTESIAN_POINT ( 'NONE',  ( 0.2071507323465825168, 0.2071507323465822670, -3.000000000000000000 ) ) ;
#1470 = ADVANCED_FACE ( 'NONE', ( #1600 ), #1138, .F. ) ;
#1471 = CARTESIAN_POINT ( 'NONE',  ( 0.2786192306686489650, -1.129999999999999227, 1.693317414586857028 ) ) ;
#1472 = CARTESIAN_POINT ( 'NONE',  ( -0.1573284206430519139, -1.149999999999999911, 0.7336029765733800279 ) ) ;
#1473 = EDGE_CURVE ( 'NONE', #1629, #1398, #2190, .T. ) ;
#1474 = ORIENTED_EDGE ( 'NONE', *, *, #438, .T. ) ;
#1475 = LINE ( 'NONE', #307, #2051 ) ;
#1476 = DIRECTION ( 'NONE',  ( -0.000000000000000000, 1.000000000000000000, 0.000000000000000000 ) ) ;
#1477 = VECTOR ( 'NONE', #2769, 1000.000000000000000 ) ;
#1478 = CARTESIAN_POINT ( 'NONE',  ( -0.2280098402426312676, -1.150000000000001021, 0.7529413584738517962 ) ) ;
#1479 = VECTOR ( 'NONE', #2961, 1000.000000000000114 ) ;
#1480 = FACE_OUTER_BOUND ( 'NONE', #1758, .T. ) ;
#1481 = VECTOR ( 'NONE', #1944, 999.9999999999998863 ) ;
#1482 = DIRECTION ( 'NONE',  ( 0.000000000000000000, 0.3420201433256694901, 0.9396926207859082059 ) ) ;
#1483 = CARTESIAN_POINT ( 'NONE',  ( -0.2713210837587583524, -1.149999999999999911, 1.456832149525018938 ) ) ;
#1484 = CARTESIAN_POINT ( 'NONE',  ( -0.1692625335108507434, -1.129999999999999227, 1.812862434670053258 ) ) ;
#1485 = MECHANICAL_DESIGN_GEOMETRIC_PRESENTATION_REPRESENTATION (  '', ( #1196 ), #697 ) ;
#1486 = ORIENTED_EDGE ( 'NONE', *, *, #873, .F. ) ;
#1487 = VECTOR ( 'NONE', #390, 1000.000000000000000 ) ;
#1488 = CARTESIAN_POINT ( 'NONE',  ( 0.2071551287368016692, -1.129999999999999449, 1.804614892643308321 ) ) ;
#1489 = VERTEX_POINT ( 'NONE', #1702 ) ;
#1490 = CARTESIAN_POINT ( 'NONE',  ( -0.2559999999999999498, -0.3200000000000001732, -2.359999999999988773 ) ) ;
#1491 = ORIENTED_EDGE ( 'NONE', *, *, #2045, .T. ) ;
#1492 = MECHANICAL_DESIGN_GEOMETRIC_PRESENTATION_REPRESENTATION (  '', ( #2854 ), #2896 ) ;
#1493 = ORIENTED_EDGE ( 'NONE', *, *, #626, .F. ) ;
#1494 = VECTOR ( 'NONE', #568, 1000.000000000000000 ) ;
#1495 = EDGE_CURVE ( 'NONE', #2667, #1232, #522, .T. ) ;
#1496 =( NAMED_UNIT ( * ) PLANE_ANGLE_UNIT ( ) SI_UNIT ( $, .RADIAN. ) );
#1497 = CARTESIAN_POINT ( 'NONE',  ( -0.2213400359742173362, -1.250000000000001110, 1.401401803917047273 ) ) ;
#1498 = CARTESIAN_POINT ( 'NONE',  ( -0.2732007105321401230, -0.3200000000000002287, -2.359999999999988773 ) ) ;
#1499 = CARTESIAN_POINT ( 'NONE',  ( -0.2713053850547516022, -1.149999999999999911, 1.456522968118982408 ) ) ;
#1500 = CARTESIAN_POINT ( 'NONE',  ( 0.2132409442306430758, -1.249999999999998002, 1.169951629842690632 ) ) ;
#1501 = VERTEX_POINT ( 'NONE', #728 ) ;
#1502 = SURFACE_STYLE_FILL_AREA ( #1809 ) ;
#1503 = CARTESIAN_POINT ( 'NONE',  ( -0.3012548339959391086, 0.3012548339959384425, 8.016309119164535701 ) ) ;
#1504 = ORIENTED_EDGE ( 'NONE', *, *, #971, .F. ) ;
#1505 = DIRECTION ( 'NONE',  ( 0.000000000000000000, -0.000000000000000000, -1.000000000000000000 ) ) ;
#1506 = ORIENTED_EDGE ( 'NONE', *, *, #1252, .F. ) ;
#1507 = VERTEX_POINT ( 'NONE', #2430 ) ;
#1508 = PLANE ( 'NONE',  #1242 ) ;
#1509 = EDGE_CURVE ( 'NONE', #1673, #2828, #1236, .T. ) ;
#1510 = CARTESIAN_POINT ( 'NONE',  ( -0.2560000000000000608, 0.3199999999999993960, 7.909999999999988596 ) ) ;
#1511 = CARTESIAN_POINT ( 'NONE',  ( -0.3199999999999999512, 0.2559999999999998943, -2.359999999999988773 ) ) ;
#1512 = CARTESIAN_POINT ( 'NONE',  ( 0.2350144158658696025, -1.250000000000000888, 1.098526400594152630 ) ) ;
#1513 = FACE_OUTER_BOUND ( 'NONE', #865, .T. ) ;
#1514 = UNCERTAINTY_MEASURE_WITH_UNIT (LENGTH_MEASURE( 1.000000000000000082E-05 ), #1414, 'distance_accuracy_value', 'NONE');
#1515 = ORIENTED_EDGE ( 'NONE', *, *, #2188, .T. ) ;
#1516 = CARTESIAN_POINT ( 'NONE',  ( 0.000000000000000000, 0.7700000000000006839, 0.000000000000000000 ) ) ;
#1517 = B_SPLINE_CURVE_WITH_KNOTS ( 'NONE', 3,
 ( #266, #49, #1176, #1431, #1637, #961, #1405 ),
 .UNSPECIFIED., .F., .F.,
 ( 4, 3, 4 ),
 ( 0.000000000000000000, 4.546922341132792486E-05, 0.0001064217250085869825 ),
 .UNSPECIFIED. ) ;
#1518 = CARTESIAN_POINT ( 'NONE',  ( 0.2713213236866627853, -1.150000000000000133, 1.101230888130537711 ) ) ;
#1519 = ORIENTED_EDGE ( 'NONE', *, *, #157, .T. ) ;
#1520 = CARTESIAN_POINT ( 'NONE',  ( 0.2071507323465820727, -7.233649639496074251E-16, 8.550000000000000711 ) ) ;
#1521 = ORIENTED_EDGE ( 'NONE', *, *, #1129, .F. ) ;
#1522 = CARTESIAN_POINT ( 'NONE',  ( 0.2397902344294503274, -1.236673428369795324, 0.8487764478203794205 ) ) ;
#1523 = ORIENTED_EDGE ( 'NONE', *, *, #463, .F. ) ;
#1524 = EDGE_CURVE ( 'NONE', #1094, #2021, #1527, .T. ) ;
#1525 = CARTESIAN_POINT ( 'NONE',  ( -0.2247191242266792510, -1.250000000000000666, 1.408007062060587566 ) ) ;
#1526 = CARTESIAN_POINT ( 'NONE',  ( -0.2069451709529526451, -1.249999999999989342, 1.756761588701829524 ) ) ;
#1527 =( BOUNDED_CURVE ( )  B_SPLINE_CURVE ( 3, ( #252, #947, #25, #294 ),
 .UNSPECIFIED., .F., .F. ) 
 B_SPLINE_CURVE_WITH_KNOTS ( ( 4, 4 ),
 ( 2.356194490192343061, 3.141592653589793116 ),
 .UNSPECIFIED. ) 
 CURVE ( )  GEOMETRIC_REPRESENTATION_ITEM ( )  RATIONAL_B_SPLINE_CURVE ( ( 1.000000000000000000, 0.9492530216741910110, 0.9492530216741910110, 1.000000000000000000 ) ) 
 REPRESENTATION_ITEM ( '' )  );
#1528 = MECHANICAL_DESIGN_GEOMETRIC_PRESENTATION_REPRESENTATION (  '', ( #1988 ), #2350 ) ;
#1529 = DIRECTION ( 'NONE',  ( 0.000000000000000000, 0.3420201433256694901, -0.9396926207859082059 ) ) ;
#1530 = CARTESIAN_POINT ( 'NONE',  ( 0.04999999999998690214, 0.7700000000000006839, -0.6199999999999994404 ) ) ;
#1531 = DIRECTION ( 'NONE',  ( 0.7071067811865504593, -0.7071067811865445751, 0.000000000000000000 ) ) ;
#1532 = EDGE_CURVE ( 'NONE', #2472, #2208, #505, .T. ) ;
#1533 = B_SPLINE_CURVE_WITH_KNOTS ( 'NONE', 3,
 ( #295, #2410, #271, #1930, #1965, #2978, #359, #1270, #1977, #1302, #820, #1499, #1483, #1256 ),
 .UNSPECIFIED., .F., .F.,
 ( 4, 3, 2, 2, 3, 4 ),
 ( 0.000000000000000000, 1.550323648801171222E-06, 2.959982201732356622E-05, 5.764932038584595571E-05, 0.0001137483171228907279, 0.0001149526247841561806 ),
 .UNSPECIFIED. ) ;
#1534 = VERTEX_POINT ( 'NONE', #1961 ) ;
#1535 = VECTOR ( 'NONE', #1686, 1000.000000000000000 ) ;
#1536 = CARTESIAN_POINT ( 'NONE',  ( -1.145000000000000240, -0.9999999999999988898, 2.374999999999999556 ) ) ;
#1537 = MECHANICAL_DESIGN_GEOMETRIC_PRESENTATION_REPRESENTATION (  '', ( #2492 ), #2894 ) ;
#1538 = LINE ( 'NONE', #1017, #696 ) ;
#1539 = ORIENTED_EDGE ( 'NONE', *, *, #2230, .F. ) ;
#1540 = CARTESIAN_POINT ( 'NONE',  ( -0.2676958495758761658, -1.160003380892477232, 1.691807731390655434 ) ) ;
#1541 = VERTEX_POINT ( 'NONE', #2911 ) ;
#1542 = AXIS2_PLACEMENT_3D ( 'NONE', #1069, #312, #2740 ) ;
#1543 =( LENGTH_UNIT ( ) NAMED_UNIT ( * ) SI_UNIT ( .MILLI., .METRE. ) );
#1544 = ORIENTED_EDGE ( 'NONE', *, *, #1369, .F. ) ;
#1545 = VECTOR ( 'NONE', #2212, 1000.000000000000000 ) ;
#1546 = FILL_AREA_STYLE ('',( #335 ) ) ;
#1547 = PRESENTATION_LAYER_ASSIGNMENT (  '', '', ( #2806 ) ) ;
#1548 = CARTESIAN_POINT ( 'NONE',  ( -0.2349397590361445298, -1.250000000000000888, 1.458064759036144631 ) ) ;
#1549 = CARTESIAN_POINT ( 'NONE',  ( -0.6500000000000001332, -1.250000000000000222, 1.270000000000000018 ) ) ;
#1550 = LINE ( 'NONE', #2514, #690 ) ;
#1551 = CARTESIAN_POINT ( 'NONE',  ( 0.1573126152956376422, -1.149999999999999689, 1.806397023426620896 ) ) ;
#1552 = ORIENTED_EDGE ( 'NONE', *, *, #157, .F. ) ;
#1553 = EDGE_CURVE ( 'NONE', #378, #2704, #1224, .T. ) ;
#1554 = CARTESIAN_POINT ( 'NONE',  ( 0.2705538323571793358, -1.150000000000000133, 1.116458418214743009 ) ) ;
#1555 = CARTESIAN_POINT ( 'NONE',  ( -0.1562305829448816241, -1.236672524119856176, 1.774850804518273595 ) ) ;
#1556 = ORIENTED_EDGE ( 'NONE', *, *, #397, .T. ) ;
#1557 = FACE_OUTER_BOUND ( 'NONE', #179, .T. ) ;
#1558 = ORIENTED_EDGE ( 'NONE', *, *, #2271, .T. ) ;
#1559 = CARTESIAN_POINT ( 'NONE',  ( -0.2349397590361447796, -1.250000000000000000, 1.458064759036144631 ) ) ;
#1560 = VERTEX_POINT ( 'NONE', #1712 ) ;
#1561 = CARTESIAN_POINT ( 'NONE',  ( -0.2071507323465823225, -0.2071507323465826000, -3.000000000000000000 ) ) ;
#1562 = FACE_OUTER_BOUND ( 'NONE', #2626, .T. ) ;
#1563 = EDGE_LOOP ( 'NONE', ( #2304, #454, #843, #1308 ) ) ;
#1564 = CARTESIAN_POINT ( 'NONE',  ( 0.2599231866027872928, -1.129999999999999449, 1.179124043684511181 ) ) ;
#1565 = DIRECTION ( 'NONE',  ( -1.000000000000000000, -0.000000000000000000, -0.000000000000000000 ) ) ;
#1566 = EDGE_LOOP ( 'NONE', ( #2984, #656, #2130, #2907 ) ) ;
#1567 = EDGE_CURVE ( 'NONE', #2688, #2467, #532, .T. ) ;
#1568 = SURFACE_SIDE_STYLE ('',( #2729 ) ) ;
#1569 = FILL_AREA_STYLE_COLOUR ( '', #305 ) ;
#1570 = DIRECTION ( 'NONE',  ( 0.000000000000000000, -1.000000000000000000, 0.000000000000000000 ) ) ;
#1571 = ORIENTED_EDGE ( 'NONE', *, *, #2682, .T. ) ;
#1572 = EDGE_CURVE ( 'NONE', #1743, #467, #2625, .T. ) ;
#1573 = CARTESIAN_POINT ( 'NONE',  ( -0.07143487197225278917, -1.197999665826966265, 1.606495112936108027 ) ) ;
#1574 = ORIENTED_EDGE ( 'NONE', *, *, #2967, .T. ) ;
#1575 = FACE_OUTER_BOUND ( 'NONE', #996, .T. ) ;
#1576 = EDGE_CURVE ( 'NONE', #1722, #321, #1770, .T. ) ;
#1577 = LINE ( 'NONE', #1349, #2800 ) ;
#1578 = ORIENTED_EDGE ( 'NONE', *, *, #289, .F. ) ;
#1579 = CARTESIAN_POINT ( 'NONE',  ( 1.144999999999998908, 0.9999999999999983347, 2.375000000000000000 ) ) ;
#1580 = PLANE ( 'NONE',  #899 ) ;
#1581 = UNCERTAINTY_MEASURE_WITH_UNIT (LENGTH_MEASURE( 1.000000000000000082E-05 ), #2913, 'distance_accuracy_value', 'NONE');
#1582 = ORIENTED_EDGE ( 'NONE', *, *, #289, .T. ) ;
#1583 = STYLED_ITEM ( 'NONE', ( #256 ), #324 ) ;
#1584 = SURFACE_STYLE_USAGE ( .BOTH. , #1357 ) ;
#1585 = LINE ( 'NONE', #1875, #1390 ) ;
#1586 = MECHANICAL_DESIGN_GEOMETRIC_PRESENTATION_REPRESENTATION (  '', ( #691 ), #1433 ) ;
#1587 = CARTESIAN_POINT ( 'NONE',  ( -0.2713367824627651581, -1.149999999999999911, 1.691883934335445705 ) ) ;
#1588 = ORIENTED_EDGE ( 'NONE', *, *, #2909, .F. ) ;
#1589 = CARTESIAN_POINT ( 'NONE',  ( 0.2676958495758755552, -1.160003380892477898, 0.8481922686093565922 ) ) ;
#1590 = VECTOR ( 'NONE', #2711, 1000.000000000000000 ) ;
#1591 = CARTESIAN_POINT ( 'NONE',  ( 1.170000000000000595, 0.7700000000000006839, 0.6000000000000000888 ) ) ;
#1592 = AXIS2_PLACEMENT_3D ( 'NONE', #567, #144, #833 ) ;
#1593 = VECTOR ( 'NONE', #685, 1000.000000000000000 ) ;
#1594 = ADVANCED_FACE ( 'NONE', ( #1437 ), #1267, .F. ) ;
#1595 = CYLINDRICAL_SURFACE ( 'NONE', #1388, 0.06399999999999998745 ) ;
#1596 = CARTESIAN_POINT ( 'NONE',  ( 1.020000000000000240, 0.9999999999999983347, 2.500000000000000000 ) ) ;
#1597 = VECTOR ( 'NONE', #3021, 1000.000000000000000 ) ;
#1598 =( NAMED_UNIT ( * ) PLANE_ANGLE_UNIT ( ) SI_UNIT ( $, .RADIAN. ) );
#1599 = VECTOR ( 'NONE', #2580, 1000.000000000000114 ) ;
#1600 = FACE_OUTER_BOUND ( 'NONE', #763, .T. ) ;
#1601 = EDGE_LOOP ( 'NONE', ( #503, #274, #1295, #982, #1287, #2483 ) ) ;
#1602 = CARTESIAN_POINT ( 'NONE',  ( 0.2708727427766667861, -1.150000000000004352, 0.8370379506946694637 ) ) ;
#1603 = LINE ( 'NONE', #2305, #402 ) ;
#1604 = DIRECTION ( 'NONE',  ( -0.000000000000000000, 0.000000000000000000, 1.000000000000000000 ) ) ;
#1605 = FACE_OUTER_BOUND ( 'NONE', #2058, .T. ) ;
#1606 = EDGE_LOOP ( 'NONE', ( #1031, #2531, #2716, #1985, #1273, #1258 ) ) ;
#1607 = LINE ( 'NONE', #3057, #2900 ) ;
#1608 = CARTESIAN_POINT ( 'NONE',  ( -1.019999999999999796, 0.000000000000000000, 2.500000000000000000 ) ) ;
#1609 = CARTESIAN_POINT ( 'NONE',  ( 1.019999999999999796, -0.9999999999999978906, 0.4500000000000005107 ) ) ;
#1610 = FILL_AREA_STYLE ('',( #849 ) ) ;
#1611 = CARTESIAN_POINT ( 'NONE',  ( -0.09036144578313276554, -1.250000000000000000, 0.9145783132530121984 ) ) ;
#1612 = EDGE_CURVE ( 'NONE', #729, #2175, #338, .T. ) ;
#1613 = CARTESIAN_POINT ( 'NONE',  ( -0.2578255419175611296, -1.129999999999999005, 0.7718528645085307449 ) ) ;
#1614 = ORIENTED_EDGE ( 'NONE', *, *, #737, .T. ) ;
#1615 = DIRECTION ( 'NONE',  ( -0.1710878697460327114, 0.1710878697460326836, 0.9702875252478149193 ) ) ;
#1616 = CARTESIAN_POINT ( 'NONE',  ( -1.019999999999999796, -1.250000000000000222, 0.4499999999999996780 ) ) ;
#1617 = VERTEX_POINT ( 'NONE', #2692 ) ;
#1618 = CARTESIAN_POINT ( 'NONE',  ( 0.2219035924842162610, -1.249999999999996447, 1.742749986091904013 ) ) ;
#1619 = DIRECTION ( 'NONE',  ( -0.000000000000000000, 0.000000000000000000, 1.000000000000000000 ) ) ;
#1620 = CARTESIAN_POINT ( 'NONE',  ( 0.3200000000000001177, 0.2732007105321395679, 7.909999999999986819 ) ) ;
#1621 = EDGE_CURVE ( 'NONE', #1722, #1142, #579, .T. ) ;
#1622 = CARTESIAN_POINT ( 'NONE',  ( 0.2275784156327409491, -1.250000000000001110, 0.8074457306935144407 ) ) ;
#1623 = DIRECTION ( 'NONE',  ( 0.000000000000000000, -1.000000000000000000, 0.000000000000000000 ) ) ;
#1624 = CARTESIAN_POINT ( 'NONE',  ( -0.1591065173733857141, -1.129999999999998561, 0.7264298296317553971 ) ) ;
#1625 = VERTEX_POINT ( 'NONE', #1549 ) ;
#1626 = PRESENTATION_STYLE_ASSIGNMENT (( #919 ) ) ;
#1627 = DIRECTION ( 'NONE',  ( -1.000000000000000000, 0.000000000000000000, -0.000000000000000000 ) ) ;
#1628 = CARTESIAN_POINT ( 'NONE',  ( 0.2071507323465820449, 0.2071507323465813233, 8.550000000000000711 ) ) ;
#1629 = VERTEX_POINT ( 'NONE', #84 ) ;
#1630 = VECTOR ( 'NONE', #1426, 1000.000000000000000 ) ;
#1631 = DIRECTION ( 'NONE',  ( 0.000000000000000000, -0.000000000000000000, -1.000000000000000000 ) ) ;
#1632 = SURFACE_STYLE_USAGE ( .BOTH. , #924 ) ;
#1633 = VECTOR ( 'NONE', #2901, 1000.000000000000000 ) ;
#1634 = FACE_OUTER_BOUND ( 'NONE', #588, .T. ) ;
#1635 = VECTOR ( 'NONE', #2416, 1000.000000000000114 ) ;
#1636 = ORIENTED_EDGE ( 'NONE', *, *, #1019, .F. ) ;
#1637 = CARTESIAN_POINT ( 'NONE',  ( 0.2488372323167316325, -1.211817005974113126, 1.100357551796948608 ) ) ;
#1638 =( GEOMETRIC_REPRESENTATION_CONTEXT ( 3 ) GLOBAL_UNCERTAINTY_ASSIGNED_CONTEXT ( ( #195 ) ) GLOBAL_UNIT_ASSIGNED_CONTEXT ( ( #2672, #1723, #1322 ) ) REPRESENTATION_CONTEXT ( 'NONE', 'WORKASPACE' ) );
#1639 = LINE ( 'NONE', #1177, #1152 ) ;
#1640 = MECHANICAL_DESIGN_GEOMETRIC_PRESENTATION_REPRESENTATION (  '', ( #2403 ), #901 ) ;
#1641 = FACE_OUTER_BOUND ( 'NONE', #1126, .T. ) ;
#1642 = DIRECTION ( 'NONE',  ( 1.000000000000000000, -0.000000000000000000, 0.000000000000000000 ) ) ;
#1643 = VECTOR ( 'NONE', #348, 1000.000000000000000 ) ;
#1644 = UNCERTAINTY_MEASURE_WITH_UNIT (LENGTH_MEASURE( 1.000000000000000082E-05 ), #2776, 'distance_accuracy_value', 'NONE');
#1645 = ORIENTED_EDGE ( 'NONE', *, *, #1019, .T. ) ;
#1646 = CARTESIAN_POINT ( 'NONE',  ( 0.1585990556424786702, -1.149999999999990807, 0.7336915246931264845 ) ) ;
#1647 = STYLED_ITEM ( 'NONE', ( #2917 ), #2995 ) ;
#1648 = LINE ( 'NONE', #2612, #2245 ) ;
#1649 = PLANE ( 'NONE',  #406 ) ;
#1650 = VERTEX_POINT ( 'NONE', #2959 ) ;
#1651 = LINE ( 'NONE', #2819, #2452 ) ;
#1652 = EDGE_CURVE ( 'NONE', #2374, #2117, #270, .T. ) ;
#1653 = SURFACE_SIDE_STYLE ('',( #1890 ) ) ;
#1654 = CARTESIAN_POINT ( 'NONE',  ( 0.2349397590361444188, -1.250000000000000000, 1.456746987951807348 ) ) ;
#1655 = ORIENTED_EDGE ( 'NONE', *, *, #952, .T. ) ;
#1656 = CARTESIAN_POINT ( 'NONE',  ( 1.169999999999998597, 0.9999999999999983347, 2.350000000000000089 ) ) ;
#1657 = CARTESIAN_POINT ( 'NONE',  ( 1.019999999999999796, 0.9999999999999986677, 0.4500000000000002887 ) ) ;
#1658 = DIRECTION ( 'NONE',  ( -0.7071067811865443531, 0.000000000000000000, 0.7071067811865506814 ) ) ;
#1659 = ORIENTED_EDGE ( 'NONE', *, *, #2461, .T. ) ;
#1660 = B_SPLINE_SURFACE_WITH_KNOTS ( 'NONE', 1, 3, ( 
 ( #325, #2246, #373, #1711, #2691, #1253, #1497, #1525, #803, #832, #1548, #2941, #1280, #1054 ),
 ( #2722, #2462, #1313, #311, #550, #2265, #68, #1750, #2707, #356, #2026, #1006, #2010, #2910 ) ),
 .UNSPECIFIED., .F., .F., .F.,
 ( 2, 2 ),
 ( 4, 3, 2, 2, 3, 4 ),
 ( 0.000000000000000000, 1.000000000000000000 ),
 ( -0.01996505755714437710, 0.000000000000000000, 0.2500000000000000000, 0.5000000000000000000, 1.000000000000000000, 1.016881080947381166 ),
 .UNSPECIFIED. ) ;
#1661 = CARTESIAN_POINT ( 'NONE',  ( -0.3134175730544420668, -0.2890920949374361504, -2.397330798265291385 ) ) ;
#1662 = ADVANCED_FACE ( 'NONE', ( #2923 ), #2266, .F. ) ;
#1663 = ORIENTED_EDGE ( 'NONE', *, *, #2809, .F. ) ;
#1664 = CARTESIAN_POINT ( 'NONE',  ( 0.2349397590361444188, -1.250000000000000000, 1.692439759036144631 ) ) ;
#1665 = CARTESIAN_POINT ( 'NONE',  ( -7.600466019169040351E-17, -1.149999999999999911, 1.420349964525186914 ) ) ;
#1666 = DIRECTION ( 'NONE',  ( 1.000000000000000000, 4.224164308385081333E-16, 0.000000000000000000 ) ) ;
#1667 = VERTEX_POINT ( 'NONE', #1021 ) ;
#1668 = CARTESIAN_POINT ( 'NONE',  ( -0.2178245392137369563, -1.193758438863201876, 1.364171445060734289 ) ) ;
#1669 = EDGE_CURVE ( 'NONE', #2056, #1794, #2344, .T. ) ;
#1670 = CARTESIAN_POINT ( 'NONE',  ( 0.1584377493068673814, -1.129999999999999227, 0.7263832256260038811 ) ) ;
#1671 = CARTESIAN_POINT ( 'NONE',  ( 0.04999999999998690214, -0.7700000000000002398, -0.6199999999999994404 ) ) ;
#1672 = CARTESIAN_POINT ( 'NONE',  ( -0.2494911852965993049, -1.210020284928542411, 0.8485733467014691112 ) ) ;
#1673 = VERTEX_POINT ( 'NONE', #1254 ) ;
#1674 =( NAMED_UNIT ( * ) PLANE_ANGLE_UNIT ( ) SI_UNIT ( $, .RADIAN. ) );
#1675 = CARTESIAN_POINT ( 'NONE',  ( -0.2773257890756617439, -1.129999999999997895, 1.719407246763125841 ) ) ;
#1676 = ORIENTED_EDGE ( 'NONE', *, *, #2257, .F. ) ;
#1677 = CARTESIAN_POINT ( 'NONE',  ( -0.2559999999999999498, -0.3200000000000007283, 8.550000000000000711 ) ) ;
#1678 = CARTESIAN_POINT ( 'NONE',  ( 0.1570750383009124618, -1.170005857523108261, 0.7408845132227618313 ) ) ;
#1679 = DIRECTION ( 'NONE',  ( 6.842277657836020854E-49, -5.078189165123089681E-17, 1.000000000000000000 ) ) ;
#1680 = PRESENTATION_LAYER_ASSIGNMENT (  '', '', ( #3045 ) ) ;
#1681 = EDGE_LOOP ( 'NONE', ( #140, #838, #1552, #2980 ) ) ;
#1682 = SURFACE_SIDE_STYLE ('',( #2404 ) ) ;
#1683 = VECTOR ( 'NONE', #493, 1000.000000000000000 ) ;
#1684 = ADVANCED_FACE ( 'NONE', ( #1281 ), #1083, .F. ) ;
#1685 = VECTOR ( 'NONE', #1642, 1000.000000000000000 ) ;
#1686 = DIRECTION ( 'NONE',  ( 0.000000000000000000, 0.000000000000000000, 1.000000000000000000 ) ) ;
#1687 = CARTESIAN_POINT ( 'NONE',  ( 0.3012548339959392751, -0.3012548339959398302, 8.016309119164535701 ) ) ;
#1688 = PRESENTATION_LAYER_ASSIGNMENT (  '', '', ( #2649 ) ) ;
#1689 =( NAMED_UNIT ( * ) SI_UNIT ( $, .STERADIAN. ) SOLID_ANGLE_UNIT ( ) );
#1690 = COLOUR_RGB ( '',0.9686274509803921573, 0.8784313725490195957, 0.5999999999999999778 ) ;
#1691 = FACE_OUTER_BOUND ( 'NONE', #798, .T. ) ;
#1692 = ORIENTED_EDGE ( 'NONE', *, *, #1403, .F. ) ;
#1693 = CONICAL_SURFACE ( 'NONE', #906, 0.6500000000000000222, 0.3490658503988666728 ) ;
#1694 = FILL_AREA_STYLE_COLOUR ( '', #1853 ) ;
#1695 = LINE ( 'NONE', #287, #1089 ) ;
#1696 =( NAMED_UNIT ( * ) SI_UNIT ( $, .STERADIAN. ) SOLID_ANGLE_UNIT ( ) );
#1697 = VERTEX_POINT ( 'NONE', #1314 ) ;
#1698 = LINE ( 'NONE', #2402, #1635 ) ;
#1699 = LINE ( 'NONE', #2837, #1439 ) ;
#1700 = ADVANCED_FACE ( 'NONE', ( #804 ), #2284, .F. ) ;
#1701 = CARTESIAN_POINT ( 'NONE',  ( -0.1566949385773060144, -1.200014643514597967, 0.7518068180901287256 ) ) ;
#1702 = CARTESIAN_POINT ( 'NONE',  ( -0.3464101615137760160, -1.046666666666666856, 2.500000000000000000 ) ) ;
#1703 = EDGE_CURVE ( 'NONE', #1183, #347, #1055, .T. ) ;
#1704 = LINE ( 'NONE', #1907, #1725 ) ;
#1705 = CARTESIAN_POINT ( 'NONE',  ( -0.1560617469879519714, -1.250000000000000888, 1.770000000000000018 ) ) ;
#1706 = ADVANCED_FACE ( 'NONE', ( #1480 ), #113, .F. ) ;
#1707 = ORIENTED_EDGE ( 'NONE', *, *, #309, .T. ) ;
#1708 = DIRECTION ( 'NONE',  ( -0.6508484951356541259, 0.3420201433256692125, -0.6778041442327888966 ) ) ;
#1709 = CARTESIAN_POINT ( 'NONE',  ( 0.1690652669431453592, -1.129999999999999227, 1.812884886196573619 ) ) ;
#1710 = ORIENTED_EDGE ( 'NONE', *, *, #873, .T. ) ;
#1711 = CARTESIAN_POINT ( 'NONE',  ( -0.2031249999999999722, -1.250000000000000888, 1.378433734939759514 ) ) ;
#1712 = CARTESIAN_POINT ( 'NONE',  ( 0.1573126152956376422, -1.149999999999999689, 1.806397023426620896 ) ) ;
#1713 = APPLICATION_PROTOCOL_DEFINITION ( 'draft international standard', 'automotive_design', 1998, #2614 ) ;
#1714 = CARTESIAN_POINT ( 'NONE',  ( 0.1771939946250046527, -1.249999999999969136, 0.7717580415739583310 ) ) ;
#1715 = CARTESIAN_POINT ( 'NONE',  ( -0.2221105522436119806, -1.250000000000000666, 1.741970206909851937 ) ) ;
#1716 = EDGE_LOOP ( 'NONE', ( #1395, #2139, #808, #1216 ) ) ;
#1717 = CARTESIAN_POINT ( 'NONE',  ( 0.2713367824627647140, -1.149999999999999689, 1.270000000000000018 ) ) ;
#1718 = ADVANCED_FACE ( 'NONE', ( #130 ), #2446, .T. ) ;
#1719 = CARTESIAN_POINT ( 'NONE',  ( 0.2349853985410841894, -1.250000000000000888, 1.691388943598385985 ) ) ;
#1720 = ORIENTED_EDGE ( 'NONE', *, *, #2388, .F. ) ;
#1721 = PLANE ( 'NONE',  #1296 ) ;
#1722 = VERTEX_POINT ( 'NONE', #1511 ) ;
#1723 =( NAMED_UNIT ( * ) PLANE_ANGLE_UNIT ( ) SI_UNIT ( $, .RADIAN. ) );
#1724 = DIRECTION ( 'NONE',  ( -8.470329472543003391E-17, 1.000000000000000000, 0.000000000000000000 ) ) ;
#1725 = VECTOR ( 'NONE', #2665, 1000.000000000000000 ) ;
#1726 =( BOUNDED_CURVE ( )  B_SPLINE_CURVE ( 3, ( #807, #786, #1754, #1317 ),
 .UNSPECIFIED., .F., .F. ) 
 B_SPLINE_CURVE_WITH_KNOTS ( ( 4, 4 ),
 ( -8.881784197001252323E-16, 0.7853981633974439491 ),
 .UNSPECIFIED. ) 
 CURVE ( )  GEOMETRIC_REPRESENTATION_ITEM ( )  RATIONAL_B_SPLINE_CURVE ( ( 1.000000000000000000, 0.9492530216741915661, 0.9492530216741915661, 1.000000000000000000 ) ) 
 REPRESENTATION_ITEM ( '' )  );
#1727 = CARTESIAN_POINT ( 'NONE',  ( -0.2713153150985206374, -1.150000000000000355, 0.8476035708579218175 ) ) ;
#1728 = PRESENTATION_LAYER_ASSIGNMENT (  '', '', ( #1787 ) ) ;
#1729 = CARTESIAN_POINT ( 'NONE',  ( -0.2275784156327450569, -1.249999999999990452, 1.732554269306487704 ) ) ;
#1730 = VECTOR ( 'NONE', #2466, 1000.000000000000000 ) ;
#1731 = CARTESIAN_POINT ( 'NONE',  ( 0.1577309937155809971, -1.149999999999999467, 1.806368232087112613 ) ) ;
#1732 = CARTESIAN_POINT ( 'NONE',  ( 0.000000000000000000, -0.2071507323465826000, -3.000000000000000000 ) ) ;
#1733 = CARTESIAN_POINT ( 'NONE',  ( -0.09036144578313276554, -1.250000000000000000, 0.9145783132530121984 ) ) ;
#1734 = VECTOR ( 'NONE', #1868, 1000.000000000000000 ) ;
#1735 = UNCERTAINTY_MEASURE_WITH_UNIT (LENGTH_MEASURE( 1.000000000000000082E-05 ), #714, 'distance_accuracy_value', 'NONE');
#1736 = MECHANICAL_DESIGN_GEOMETRIC_PRESENTATION_REPRESENTATION (  '', ( #2849 ), #502 ) ;
#1737 = EDGE_LOOP ( 'NONE', ( #1050, #2409, #2050, #2456 ) ) ;
#1738 = DIRECTION ( 'NONE',  ( 1.000000000000000000, 0.000000000000000000, 0.000000000000000000 ) ) ;
#1739 = AXIS2_PLACEMENT_3D ( 'NONE', #1611, #663, #2062 ) ;
#1740 = CARTESIAN_POINT ( 'NONE',  ( -2.169999999999998153, 0.9999999999999983347, 1.600000000000011635 ) ) ;
#1741 = VERTEX_POINT ( 'NONE', #2316 ) ;
#1742 = CARTESIAN_POINT ( 'NONE',  ( -1.019999999999999796, 0.9999999999999983347, 2.500000000000000000 ) ) ;
#1743 = VERTEX_POINT ( 'NONE', #178 ) ;
#1744 = PRESENTATION_LAYER_ASSIGNMENT (  '', '', ( #310 ) ) ;
#1745 = EDGE_CURVE ( 'NONE', #2374, #787, #2560, .T. ) ;
#1746 = ORIENTED_EDGE ( 'NONE', *, *, #2041, .T. ) ;
#1747 = PRESENTATION_LAYER_ASSIGNMENT (  '', '', ( #1647 ) ) ;
#1748 = FACE_OUTER_BOUND ( 'NONE', #624, .T. ) ;
#1749 =( GEOMETRIC_REPRESENTATION_CONTEXT ( 3 ) GLOBAL_UNCERTAINTY_ASSIGNED_CONTEXT ( ( #2963 ) ) GLOBAL_UNIT_ASSIGNED_CONTEXT ( ( #1110, #620, #167 ) ) REPRESENTATION_CONTEXT ( 'NONE', 'WORKASPACE' ) );
#1750 = CARTESIAN_POINT ( 'NONE',  ( -0.2643549876126516929, -1.129999999999999005, 1.389402195694910080 ) ) ;
#1751 = CARTESIAN_POINT ( 'NONE',  ( -0.1973794752863974600, -1.249999999999989786, 1.761877297553782418 ) ) ;
#1752 =( NAMED_UNIT ( * ) SI_UNIT ( $, .STERADIAN. ) SOLID_ANGLE_UNIT ( ) );
#1753 = CARTESIAN_POINT ( 'NONE',  ( 0.2250554584389081736, -1.250000000000000666, 1.150945051200794822 ) ) ;
#1754 = CARTESIAN_POINT ( 'NONE',  ( -0.3134175730544422889, -0.2890920949374364279, 7.947330798265292984 ) ) ;
#1755 = EDGE_LOOP ( 'NONE', ( #298, #772, #1109, #719, #1276, #3079 ) ) ;
#1756 = PRESENTATION_STYLE_ASSIGNMENT (( #122 ) ) ;
#1757 = EDGE_CURVE ( 'NONE', #1667, #1449, #2012, .T. ) ;
#1758 = EDGE_LOOP ( 'NONE', ( #2017, #1351, #1521, #795 ) ) ;
#1759 = CARTESIAN_POINT ( 'NONE',  ( 0.3464101615137756829, -1.046666666666666856, 2.500000000000000000 ) ) ;
#1760 = ORIENTED_EDGE ( 'NONE', *, *, #512, .T. ) ;
#1761 = LINE ( 'NONE', #370, #1203 ) ;
#1762 = ORIENTED_EDGE ( 'NONE', *, *, #2230, .T. ) ;
#1763 =( LENGTH_UNIT ( ) NAMED_UNIT ( * ) SI_UNIT ( .MILLI., .METRE. ) );
#1764 = ADVANCED_FACE ( 'NONE', ( #426 ), #2811, .F. ) ;
#1765 = CARTESIAN_POINT ( 'NONE',  ( -0.2123439580472830379, -1.150000000000000799, 0.7446777659061306620 ) ) ;
#1766 = CARTESIAN_POINT ( 'NONE',  ( -0.2338056406508142449, -1.249999999999988232, 1.712327225525319907 ) ) ;
#1767 = DIRECTION ( 'NONE',  ( 1.000000000000000000, 0.000000000000000000, -0.000000000000000000 ) ) ;
#1768 = LINE ( 'NONE', #600, #1235 ) ;
#1769 = LINE ( 'NONE', #2745, #2306 ) ;
#1770 =( BOUNDED_CURVE ( )  B_SPLINE_CURVE ( 3, ( #2406, #2043, #850, #2218 ),
 .UNSPECIFIED., .F., .T. ) 
 B_SPLINE_CURVE_WITH_KNOTS ( ( 4, 4 ),
 ( 3.141592653589792672, 3.926990816987244504 ),
 .UNSPECIFIED. ) 
 CURVE ( )  GEOMETRIC_REPRESENTATION_ITEM ( )  RATIONAL_B_SPLINE_CURVE ( ( 1.000000000000000000, 0.9492530216741906779, 0.9492530216741906779, 1.000000000000000000 ) ) 
 REPRESENTATION_ITEM ( '' )  );
#1771 = UNCERTAINTY_MEASURE_WITH_UNIT (LENGTH_MEASURE( 1.000000000000000082E-05 ), #2429, 'distance_accuracy_value', 'NONE');
#1772 = EDGE_LOOP ( 'NONE', ( #695, #3055, #2076, #1105 ) ) ;
#1773 = DIRECTION ( 'NONE',  ( 0.9848077530122085754, 8.341646135128160883E-17, 0.1736481776669273891 ) ) ;
#1774 = CARTESIAN_POINT ( 'NONE',  ( 0.2713058649105610787, -1.150000000000000133, 1.101537600361817582 ) ) ;
#1775 = VERTEX_POINT ( 'NONE', #1136 ) ;
#1776 = FACE_OUTER_BOUND ( 'NONE', #1601, .T. ) ;
#1777 = ORIENTED_EDGE ( 'NONE', *, *, #926, .F. ) ;
#1778 = CARTESIAN_POINT ( 'NONE',  ( 0.2494911852965862598, -1.210020284928577272, 0.8485733467014753284 ) ) ;
#1779 = EDGE_LOOP ( 'NONE', ( #2292, #732, #1181, #2080, #94, #2301, #1692, #954, #1663, #814, #1408, #1247, #3016, #2611, #736, #391, #1325, #1588, #2604, #3071, #812, #316 ) ) ;
#1780 = CARTESIAN_POINT ( 'NONE',  ( 1.019999999999999796, 0.000000000000000000, 2.500000000000000000 ) ) ;
#1781 = CARTESIAN_POINT ( 'NONE',  ( -0.1581755106426706581, -1.150000000000000355, 0.7336620086532135154 ) ) ;
#1782 = EDGE_CURVE ( 'NONE', #1951, #43, #2093, .T. ) ;
#1783 = CARTESIAN_POINT ( 'NONE',  ( 0.09036144578313230757, -1.250000000000000000, 1.095301204819277396 ) ) ;
#1784 = CARTESIAN_POINT ( 'NONE',  ( 0.2216643011576611144, -1.250000000000001110, 1.157682800369860932 ) ) ;
#1785 = CARTESIAN_POINT ( 'NONE',  ( 0.2250554584389091728, -1.249999999999997558, 1.150945051200795266 ) ) ;
#1786 = ORIENTED_EDGE ( 'NONE', *, *, #563, .F. ) ;
#1787 = STYLED_ITEM ( 'NONE', ( #2345 ), #596 ) ;
#1788 = FACE_OUTER_BOUND ( 'NONE', #2326, .T. ) ;
#1789 = COLOUR_RGB ( '',0.9686274509803921573, 0.8784313725490195957, 0.5999999999999999778 ) ;
#1790 = COLOUR_RGB ( '',0.9686274509803921573, 0.8784313725490195957, 0.5999999999999999778 ) ;
#1791 = FILL_AREA_STYLE ('',( #1569 ) ) ;
#1792 = ORIENTED_EDGE ( 'NONE', *, *, #2826, .F. ) ;
#1793 = DIRECTION ( 'NONE',  ( 0.7213041043845912492, 0.000000000000000000, -0.6926185017727599647 ) ) ;
#1794 = VERTEX_POINT ( 'NONE', #644 ) ;
#1795 = CARTESIAN_POINT ( 'NONE',  ( 0.2713367824627648250, -1.149999999999999911, 0.8481160656645677642 ) ) ;
#1796 = ORIENTED_EDGE ( 'NONE', *, *, #384, .F. ) ;
#1797 = AXIS2_PLACEMENT_3D ( 'NONE', #1936, #1220, #1666 ) ;
#1798 = DIRECTION ( 'NONE',  ( 0.000000000000000000, -1.000000000000000000, 0.000000000000000000 ) ) ;
#1799 = VECTOR ( 'NONE', #2191, 1000.000000000000000 ) ;
#1800 = CARTESIAN_POINT ( 'NONE',  ( 0.3200000000000000622, 0.2559999999999993947, 7.909999999999988596 ) ) ;
#1801 = EDGE_CURVE ( 'NONE', #445, #1344, #3075, .T. ) ;
#1802 = DIRECTION ( 'NONE',  ( 0.000000000000000000, -0.000000000000000000, 1.000000000000000000 ) ) ;
#1803 = PRESENTATION_LAYER_ASSIGNMENT (  '', '', ( #424 ) ) ;
#1804 = ORIENTED_EDGE ( 'NONE', *, *, #1652, .T. ) ;
#1805 = DIRECTION ( 'NONE',  ( 0.000000000000000000, 0.000000000000000000, -1.000000000000000000 ) ) ;
#1806 = ADVANCED_FACE ( 'NONE', ( #2079 ), #3044, .F. ) ;
#1807 = CARTESIAN_POINT ( 'NONE',  ( 0.1568957002885583152, -1.183333333787205843, 1.794264682119217413 ) ) ;
#1808 = ORIENTED_EDGE ( 'NONE', *, *, #2000, .T. ) ;
#1809 = FILL_AREA_STYLE ('',( #2500 ) ) ;
#1810 = DIRECTION ( 'NONE',  ( -0.7071067811865435759, -0.000000000000000000, 0.7071067811865515695 ) ) ;
#1811 = EDGE_CURVE ( 'NONE', #2920, #1971, #2574, .T. ) ;
#1812 = CARTESIAN_POINT ( 'NONE',  ( -0.1565682309120723370, -1.210017572091696580, 1.784552413652316982 ) ) ;
#1813 = CARTESIAN_POINT ( 'NONE',  ( 0.3200000000000001177, -0.2560000000000002829, -2.359999999999988773 ) ) ;
#1814 = ORIENTED_EDGE ( 'NONE', *, *, #2634, .T. ) ;
#1815 = ORIENTED_EDGE ( 'NONE', *, *, #2355, .F. ) ;
#1816 = CARTESIAN_POINT ( 'NONE',  ( -0.2713153150985220807, -1.149999999999996581, 1.692396429142078773 ) ) ;
#1817 = FILL_AREA_STYLE ('',( #205 ) ) ;
#1818 = CARTESIAN_POINT ( 'NONE',  ( 0.2069451709529500638, -1.250000000000001110, 0.7832384112981745083 ) ) ;
#1819 = VERTEX_POINT ( 'NONE', #2343 ) ;
#1820 = FACE_OUTER_BOUND ( 'NONE', #2633, .T. ) ;
#1821 = CARTESIAN_POINT ( 'NONE',  ( -0.2275784156327415042, -1.250000000000000444, 0.8074457306935133305 ) ) ;
#1822 = ORIENTED_EDGE ( 'NONE', *, *, #7, .F. ) ;
#1823 = PRODUCT_RELATED_PRODUCT_CATEGORY ( 'part', '', ( #2173 ) ) ;
#1824 =( LENGTH_UNIT ( ) NAMED_UNIT ( * ) SI_UNIT ( .MILLI., .METRE. ) );
#1825 = SURFACE_STYLE_FILL_AREA ( #1791 ) ;
#1826 = CARTESIAN_POINT ( 'NONE',  ( 0.3200000000000001177, -0.2732007105321405116, -2.359999999999986997 ) ) ;
#1827 = ORIENTED_EDGE ( 'NONE', *, *, #2418, .T. ) ;
#1828 = CARTESIAN_POINT ( 'NONE',  ( 0.2713367824627647140, -1.149999999999999911, 1.693229588980317502 ) ) ;
#1829 = EDGE_CURVE ( 'NONE', #546, #2916, #1577, .T. ) ;
#1830 = ORIENTED_EDGE ( 'NONE', *, *, #1532, .T. ) ;
#1831 = CARTESIAN_POINT ( 'NONE',  ( -0.2608839580572240857, -1.149999999999997469, 1.748070688497446179 ) ) ;
#1832 = CARTESIAN_POINT ( 'NONE',  ( 0.1539821883141191949, -1.250000000000000888, 0.7698550621375672698 ) ) ;
#1833 = DIRECTION ( 'NONE',  ( 1.000000000000000000, 0.000000000000000000, 0.000000000000000000 ) ) ;
#1834 = FACE_OUTER_BOUND ( 'NONE', #777, .T. ) ;
#1835 = UNCERTAINTY_MEASURE_WITH_UNIT (LENGTH_MEASURE( 1.000000000000000082E-05 ), #2078, 'distance_accuracy_value', 'NONE');
#1836 = EDGE_LOOP ( 'NONE', ( #2364, #710, #1970, #2525 ) ) ;
#1837 = CARTESIAN_POINT ( 'NONE',  ( 0.2713260487806462007, -1.149999999999989919, 0.8478598182612470113 ) ) ;
#1838 = VECTOR ( 'NONE', #2302, 1000.000000000000000 ) ;
#1839 = DIRECTION ( 'NONE',  ( 0.000000000000000000, 0.000000000000000000, -1.000000000000000000 ) ) ;
#1840 = PLANE ( 'NONE',  #160 ) ;
#1841 = AXIS2_PLACEMENT_3D ( 'NONE', #688, #2605, #468 ) ;
#1842 = CARTESIAN_POINT ( 'NONE',  ( -0.3199999999999999512, 0.3199999999999993405, 7.909999999999988596 ) ) ;
#1843 = VERTEX_POINT ( 'NONE', #3029 ) ;
#1844 = AXIS2_PLACEMENT_3D ( 'NONE', #3019, #2590, #181 ) ;
#1845 = VECTOR ( 'NONE', #1090, 999.9999999999998863 ) ;
#1846 = CARTESIAN_POINT ( 'NONE',  ( 0.3464101615137756829, -1.046666666666666856, 2.449999999999999734 ) ) ;
#1847 = EDGE_CURVE ( 'NONE', #918, #17, #165, .T. ) ;
#1848 = CARTESIAN_POINT ( 'NONE',  ( -0.7699999999999996847, -1.250000000000000000, 0.000000000000000000 ) ) ;
#1849 = PRESENTATION_LAYER_ASSIGNMENT (  '', '', ( #2403 ) ) ;
#1850 = VECTOR ( 'NONE', #78, 1000.000000000000227 ) ;
#1851 = PLANE ( 'NONE',  #2739 ) ;
#1852 = DIRECTION ( 'NONE',  ( 4.224164308385081333E-16, -1.000000000000000000, 0.000000000000000000 ) ) ;
#1853 = COLOUR_RGB ( '',0.9686274509803921573, 0.8784313725490195957, 0.5999999999999999778 ) ;
#1854 = PLANE ( 'NONE',  #2102 ) ;
#1855 = CARTESIAN_POINT ( 'NONE',  ( -0.2349397590361443355, -1.250000000000001332, 0.8488780120481929092 ) ) ;
#1856 = EDGE_LOOP ( 'NONE', ( #2640, #333, #1983, #592 ) ) ;
#1857 = PLANE ( 'NONE',  #2808 ) ;
#1858 = B_SPLINE_CURVE_WITH_KNOTS ( 'NONE', 3,
 ( #2091, #2040, #1816, #2775, #3028, #879, #1831, #2890, #219, #244, #3072, #2632, #2868, #34, #925, #2399 ),
 .UNSPECIFIED., .F., .F.,
 ( 4, 3, 2, 2, 2, 3, 4 ),
 ( 0.000000000000000000, 1.104703206887443376E-06, 4.554924001585093104E-05, 8.999377682481443945E-05, 0.0001344383136337779275, 0.0001788828504427414292, 0.0001807251478150377589 ),
 .UNSPECIFIED. ) ;
#1859 = DIRECTION ( 'NONE',  ( 0.000000000000000000, 0.000000000000000000, 1.000000000000000000 ) ) ;
#1860 = DIRECTION ( 'NONE',  ( 0.3236155771181856711, -0.8891264907159878161, 0.3236155771181852270 ) ) ;
#1861 = EDGE_LOOP ( 'NONE', ( #133, #1636, #1341, #2522 ) ) ;
#1862 = CARTESIAN_POINT ( 'NONE',  ( 0.2713367824627648250, -1.149999999999999911, 0.8481160656645677642 ) ) ;
#1863 = EDGE_CURVE ( 'NONE', #542, #2956, #915, .T. ) ;
#1864 = CARTESIAN_POINT ( 'NONE',  ( 1.019999999999999796, -0.7700000000000002398, 0.000000000000000000 ) ) ;
#1865 = CARTESIAN_POINT ( 'NONE',  ( 0.2349397590361444188, -1.250000000000000000, 1.692439759036144631 ) ) ;
#1866 = ADVANCED_FACE ( 'NONE', ( #1562 ), #255, .F. ) ;
#1867 =( NAMED_UNIT ( * ) SI_UNIT ( $, .STERADIAN. ) SOLID_ANGLE_UNIT ( ) );
#1868 = DIRECTION ( 'NONE',  ( 0.000000000000000000, 0.000000000000000000, -1.000000000000000000 ) ) ;
#1869 = ADVANCED_FACE ( 'NONE', ( #469 ), #2377, .F. ) ;
#1870 = LINE ( 'NONE', #1392, #1038 ) ;
#1871 = DIRECTION ( 'NONE',  ( 0.000000000000000000, 0.000000000000000000, 1.000000000000000000 ) ) ;
#1872 = PRODUCT_DEFINITION_CONTEXT ( 'detailed design', #2614, 'design' ) ;
#1873 = EDGE_LOOP ( 'NONE', ( #2422, #2487, #394, #472 ) ) ;
#1874 = CARTESIAN_POINT ( 'NONE',  ( -0.2349397590361447796, -1.250000000000000000, 0.8488780120481929092 ) ) ;
#1875 = CARTESIAN_POINT ( 'NONE',  ( 0.3464101615137756829, -1.046666666666666856, 2.449999999999999734 ) ) ;
#1876 = ORIENTED_EDGE ( 'NONE', *, *, #2666, .F. ) ;
#1877 = CARTESIAN_POINT ( 'NONE',  ( 0.2349397590361444188, -1.250000000000000000, 1.100007530120482135 ) ) ;
#1878 = ORIENTED_EDGE ( 'NONE', *, *, #1745, .F. ) ;
#1879 = DIRECTION ( 'NONE',  ( 0.7071067811865449082, -0.7071067811865501263, 0.000000000000000000 ) ) ;
#1880 = CARTESIAN_POINT ( 'NONE',  ( 0.2221105522436115642, -1.250000000000001110, 0.7980297930901474324 ) ) ;
#1881 = CARTESIAN_POINT ( 'NONE',  ( -0.2349397590361447796, -1.250000000000000000, 1.458064759036144631 ) ) ;
#1882 = EDGE_CURVE ( 'NONE', #226, #2096, #248, .T. ) ;
#1883 = ORIENTED_EDGE ( 'NONE', *, *, #523, .F. ) ;
#1884 = CARTESIAN_POINT ( 'NONE',  ( 0.2123439580472825938, -1.149999999999990807, 0.7446777659061273313 ) ) ;
#1885 =( NAMED_UNIT ( * ) SI_UNIT ( $, .STERADIAN. ) SOLID_ANGLE_UNIT ( ) );
#1886 = DIRECTION ( 'NONE',  ( -1.000000000000000000, -0.000000000000000000, -0.000000000000000000 ) ) ;
#1887 = ORIENTED_EDGE ( 'NONE', *, *, #2408, .F. ) ;
#1888 = AXIS2_PLACEMENT_3D ( 'NONE', #2482, #1321, #2001 ) ;
#1889 = DIRECTION ( 'NONE',  ( 4.224164308385081333E-16, -1.000000000000000000, -0.000000000000000000 ) ) ;
#1890 = SURFACE_STYLE_FILL_AREA ( #2147 ) ;
#1891 = VECTOR ( 'NONE', #2816, 1000.000000000000000 ) ;
#1892 = DIRECTION ( 'NONE',  ( 1.000000000000000000, 0.000000000000000000, -0.000000000000000000 ) ) ;
#1893 = VECTOR ( 'NONE', #963, 1000.000000000000000 ) ;
#1894 = EDGE_LOOP ( 'NONE', ( #1544, #2869, #965, #2964, #853, #2671 ) ) ;
#1895 = LINE ( 'NONE', #1164, #2992 ) ;
#1896 =( GEOMETRIC_REPRESENTATION_CONTEXT ( 3 ) GLOBAL_UNCERTAINTY_ASSIGNED_CONTEXT ( ( #837 ) ) GLOBAL_UNIT_ASSIGNED_CONTEXT ( ( #1467, #2421, #758 ) ) REPRESENTATION_CONTEXT ( 'NONE', 'WORKASPACE' ) );
#1897 = DIRECTION ( 'NONE',  ( 0.000000000000000000, 1.000000000000000000, 0.000000000000000000 ) ) ;
#1898 = VERTEX_POINT ( 'NONE', #962 ) ;
#1899 = VECTOR ( 'NONE', #2186, 1000.000000000000000 ) ;
#1900 = EDGE_CURVE ( 'NONE', #1169, #2348, #20, .T. ) ;
#1901 = PLANE ( 'NONE',  #2690 ) ;
#1902 = CARTESIAN_POINT ( 'NONE',  ( 0.3200000000000001177, -0.2560000000000007825, 7.909999999999988596 ) ) ;
#1903 = VECTOR ( 'NONE', #825, 1000.000000000000000 ) ;
#1904 = ORIENTED_EDGE ( 'NONE', *, *, #2084, .T. ) ;
#1905 = CIRCLE ( 'NONE', #3008, 0.6500000000000000222 ) ;
#1906 = EDGE_CURVE ( 'NONE', #2151, #3027, #2170, .T. ) ;
#1907 = CARTESIAN_POINT ( 'NONE',  ( -1.269999999999999796, 0.9999999999999983347, 2.500000000000000000 ) ) ;
#1908 = CARTESIAN_POINT ( 'NONE',  ( -0.1591065173733900995, -1.129999999999999227, 1.813570170368244527 ) ) ;
#1909 = ORIENTED_EDGE ( 'NONE', *, *, #364, .T. ) ;
#1910 = MECHANICAL_DESIGN_GEOMETRIC_PRESENTATION_REPRESENTATION (  '', ( #911 ), #2609 ) ;
#1911 = SURFACE_STYLE_USAGE ( .BOTH. , #683 ) ;
#1912 = CARTESIAN_POINT ( 'NONE',  ( 0.1855341649809205129, -1.129999999999999449, 1.811311901614275355 ) ) ;
#1913 = FACE_OUTER_BOUND ( 'NONE', #128, .T. ) ;
#1914 = ORIENTED_EDGE ( 'NONE', *, *, #1811, .T. ) ;
#1915 = CARTESIAN_POINT ( 'NONE',  ( -0.2129247039508551376, -1.212505626073918208, 1.368925552519210109 ) ) ;
#1916 = CARTESIAN_POINT ( 'NONE',  ( -1.815899543548296566E-16, -1.149999999999999911, 0.7336029765733799168 ) ) ;
#1917 = DIRECTION ( 'NONE',  ( 0.000000000000000000, -0.9396926207859082059, 0.3420201433256694901 ) ) ;
#1918 = ORIENTED_EDGE ( 'NONE', *, *, #2024, .T. ) ;
#1919 = DIRECTION ( 'NONE',  ( 1.000000000000000000, 3.533888243307264380E-16, 0.000000000000000000 ) ) ;
#1920 = CARTESIAN_POINT ( 'NONE',  ( -0.3012548339959391086, -0.3012548339959393862, -2.466309119164536767 ) ) ;
#1921 = VERTEX_POINT ( 'NONE', #484 ) ;
#1922 = LINE ( 'NONE', #1677, #1107 ) ;
#1923 = CARTESIAN_POINT ( 'NONE',  ( 0.2349397590361441412, -1.250000000000000888, 1.692439759036144631 ) ) ;
#1924 = EDGE_CURVE ( 'NONE', #716, #2213, #1699, .T. ) ;
#1925 = ORIENTED_EDGE ( 'NONE', *, *, #952, .F. ) ;
#1926 = CARTESIAN_POINT ( 'NONE',  ( 1.270000000000000462, 0.7700000000000006839, 0.6000000000000000888 ) ) ;
#1927 = CARTESIAN_POINT ( 'NONE',  ( 0.2785775458924492631, -1.129999999999999227, 0.8470411857358884911 ) ) ;
#1928 = B_SPLINE_CURVE_WITH_KNOTS ( 'NONE', 3,
 ( #2924, #1731, #2513, #2694, #553, #2204, #71, #1008, #2233, #97, #1039, #1056, #2013, #2960, #2022, #350, #813, #1828 ),
 .UNSPECIFIED., .F., .F.,
 ( 4, 3, 2, 2, 2, 2, 3, 4 ),
 ( 0.000000000000000000, 1.833824245708969421E-06, 4.598207138390354341E-05, 6.805619495300083231E-05, 9.013031852209813476E-05, 0.0001342785656602927126, 0.0001784268127984872904, 0.0001795734167606751884 ),
 .UNSPECIFIED. ) ;
#1929 = CARTESIAN_POINT ( 'NONE',  ( -1.019999999999999796, 0.9999999999999983347, 2.500000000000000000 ) ) ;
#1930 = CARTESIAN_POINT ( 'NONE',  ( -0.2300749665017324253, -1.149999999999999911, 1.353970648056181725 ) ) ;
#1931 = CARTESIAN_POINT ( 'NONE',  ( -0.2344989567605762493, -1.250000000000004441, 1.701643011501012825 ) ) ;
#1932 = ORIENTED_EDGE ( 'NONE', *, *, #2537, .T. ) ;
#1933 = DIRECTION ( 'NONE',  ( 6.842277657836020854E-49, -5.078189165123089681E-17, 1.000000000000000000 ) ) ;
#1934 = CARTESIAN_POINT ( 'NONE',  ( 0.2104599683874022742, -1.250000000000001110, 1.753582719337713369 ) ) ;
#1935 = ADVANCED_FACE ( 'NONE', ( #65 ), #1004, .F. ) ;
#1936 = CARTESIAN_POINT ( 'NONE',  ( -9.912051728362340580E-17, -1.149999999999999911, 1.270000000000000018 ) ) ;
#1937 = COLOUR_RGB ( '',0.9686274509803921573, 0.8784313725490195957, 0.5999999999999999778 ) ;
#1938 = ORIENTED_EDGE ( 'NONE', *, *, #115, .T. ) ;
#1939 = EDGE_CURVE ( 'NONE', #349, #1898, #1639, .T. ) ;
#1940 = FACE_OUTER_BOUND ( 'NONE', #2338, .T. ) ;
#1941 = DIRECTION ( 'NONE',  ( 0.000000000000000000, -0.000000000000000000, 1.000000000000000000 ) ) ;
#1942 =( GEOMETRIC_REPRESENTATION_CONTEXT ( 3 ) GLOBAL_UNCERTAINTY_ASSIGNED_CONTEXT ( ( #1644 ) ) GLOBAL_UNIT_ASSIGNED_CONTEXT ( ( #2776, #3013, #1867 ) ) REPRESENTATION_CONTEXT ( 'NONE', 'WORKASPACE' ) );
#1943 = MECHANICAL_DESIGN_GEOMETRIC_PRESENTATION_REPRESENTATION (  '', ( #792 ), #1638 ) ;
#1944 = DIRECTION ( 'NONE',  ( -0.7071067811865435759, -0.000000000000000000, 0.7071067811865515695 ) ) ;
#1945 =( NAMED_UNIT ( * ) SI_UNIT ( $, .STERADIAN. ) SOLID_ANGLE_UNIT ( ) );
#1946 = AXIS2_PLACEMENT_3D ( 'NONE', #494, #689, #1406 ) ;
#1947 = B_SPLINE_CURVE_WITH_KNOTS ( 'NONE', 3,
 ( #1587, #1540, #1077, #2771, #2035, #623, #2505, #2551, #1131, #419 ),
 .UNSPECIFIED., .F., .F.,
 ( 4, 3, 3, 4 ),
 ( 0.000000000000000000, 3.193694500262069170E-05, 6.387389000524107169E-05, 0.0001064205049631835459 ),
 .UNSPECIFIED. ) ;
#1948 = DIRECTION ( 'NONE',  ( -6.842277657836020854E-49, 5.078189165123089681E-17, -1.000000000000000000 ) ) ;
#1949 = AXIS2_PLACEMENT_3D ( 'NONE', #1046, #2193, #1505 ) ;
#1950 = CARTESIAN_POINT ( 'NONE',  ( -0.2338056406508105534, -1.249999999999999556, 1.712327225525318353 ) ) ;
#1951 = VERTEX_POINT ( 'NONE', #1432 ) ;
#1952 = STYLED_ITEM ( 'NONE', ( #657 ), #2782 ) ;
#1953 = CARTESIAN_POINT ( 'NONE',  ( 0.2143969062482591337, -1.129999999999999449, 1.801881640390415429 ) ) ;
#1954 = COLOUR_RGB ( '',0.000000000000000000, 0.3411764705882353033, 0.7215686274509803821 ) ;
#1955 = DIRECTION ( 'NONE',  ( 1.408054769461693942E-16, 1.000000000000000000, -0.000000000000000000 ) ) ;
#1956 = ORIENTED_EDGE ( 'NONE', *, *, #1524, .T. ) ;
#1957 = LINE ( 'NONE', #840, #210 ) ;
#1958 = SURFACE_SIDE_STYLE ('',( #816 ) ) ;
#1959 = EDGE_CURVE ( 'NONE', #1344, #1381, #3, .T. ) ;
#1960 =( NAMED_UNIT ( * ) SI_UNIT ( $, .STERADIAN. ) SOLID_ANGLE_UNIT ( ) );
#1961 = CARTESIAN_POINT ( 'NONE',  ( 1.170000000000000595, 0.9999999999999983347, 0.5999999999999998668 ) ) ;
#1962 = EDGE_CURVE ( 'NONE', #349, #2083, #1419, .T. ) ;
#1963 = PLANE ( 'NONE',  #2945 ) ;
#1964 = B_SPLINE_CURVE_WITH_KNOTS ( 'NONE', 3,
 ( #2931, #791, #2290, #2032, #1982, #2982, #2949, #1275, #149, #1554, #2052, #1774, #1518, #1061 ),
 .UNSPECIFIED., .F., .F.,
 ( 4, 3, 2, 2, 3, 4 ),
 ( 0.000000000000000000, 1.463809135176860971E-06, 2.991038687301428954E-05, 5.835696461085171344E-05, 0.0001152501200865265748, 0.0001164441600854332164 ),
 .UNSPECIFIED. ) ;
#1965 = CARTESIAN_POINT ( 'NONE',  ( -0.2349815657172335259, -1.149999999999999911, 1.359373991834637696 ) ) ;
#1966 = CARTESIAN_POINT ( 'NONE',  ( -0.2578255419175424223, -1.129999999999999005, 1.768147135491489941 ) ) ;
#1967 = VERTEX_POINT ( 'NONE', #2881 ) ;
#1968 = PLANE ( 'NONE',  #2653 ) ;
#1969 = CARTESIAN_POINT ( 'NONE',  ( 0.2572625420838001165, -1.129999999999999449, 1.769420625901144017 ) ) ;
#1970 = ORIENTED_EDGE ( 'NONE', *, *, #2974, .T. ) ;
#1971 = VERTEX_POINT ( 'NONE', #1657 ) ;
#1972 = CARTESIAN_POINT ( 'NONE',  ( -0.2071507323465823780, 0.2071507323465822670, -3.000000000000000000 ) ) ;
#1973 = CARTESIAN_POINT ( 'NONE',  ( -0.1573284206430661802, -1.149999999999999911, 1.806397023426620674 ) ) ;
#1974 = CARTESIAN_POINT ( 'NONE',  ( -0.2713260487806428145, -1.150000000000000355, 0.8478598182612379075 ) ) ;
#1975 = DIRECTION ( 'NONE',  ( 8.470329472543003391E-17, -1.000000000000000000, 0.000000000000000000 ) ) ;
#1976 = CARTESIAN_POINT ( 'NONE',  ( -1.019999999999999574, -0.9999999999999988898, 2.500000000000000000 ) ) ;
#1977 = CARTESIAN_POINT ( 'NONE',  ( -0.2684810187246345903, -1.149999999999999689, 1.420307087382407074 ) ) ;
#1978 = EDGE_CURVE ( 'NONE', #2126, #2117, #2895, .T. ) ;
#1979 = DIRECTION ( 'NONE',  ( 0.7071067811865490160, 0.7071067811865460184, -0.000000000000000000 ) ) ;
#1980 = VERTEX_POINT ( 'NONE', #2183 ) ;
#1981 = DIRECTION ( 'NONE',  ( 0.000000000000000000, 0.000000000000000000, -1.000000000000000000 ) ) ;
#1982 = CARTESIAN_POINT ( 'NONE',  ( 0.2349034627014277565, -1.150000000000000355, 1.200170890463817086 ) ) ;
#1983 = ORIENTED_EDGE ( 'NONE', *, *, #39, .F. ) ;
#1984 = PLANE ( 'NONE',  #1949 ) ;
#1985 = ORIENTED_EDGE ( 'NONE', *, *, #929, .T. ) ;
#1986 = ORIENTED_EDGE ( 'NONE', *, *, #1065, .T. ) ;
#1987 = PRESENTATION_STYLE_ASSIGNMENT (( #129 ) ) ;
#1988 = STYLED_ITEM ( 'NONE', ( #2783 ), #220 ) ;
#1989 =( NAMED_UNIT ( * ) PLANE_ANGLE_UNIT ( ) SI_UNIT ( $, .RADIAN. ) );
#1990 = VECTOR ( 'NONE', #389, 1000.000000000000114 ) ;
#1991 = DIRECTION ( 'NONE',  ( -0.3420201433256691015, -0.9396926207859083169, 0.000000000000000000 ) ) ;
#1992 = VECTOR ( 'NONE', #1860, 1000.000000000000227 ) ;
#1993 = ADVANCED_FACE ( 'NONE', ( #2871 ), #726, .F. ) ;
#1994 = DIRECTION ( 'NONE',  ( 4.224164308385081333E-16, -1.000000000000000000, -0.000000000000000000 ) ) ;
#1995 = CARTESIAN_POINT ( 'NONE',  ( 0.2081842810550315337, -1.250000000000001110, 1.175455635456971182 ) ) ;
#1996 = CARTESIAN_POINT ( 'NONE',  ( 0.2349397590361444188, -1.250000000000000000, 1.456746987951807348 ) ) ;
#1997 = VECTOR ( 'NONE', #551, 1000.000000000000000 ) ;
#1998 = ORIENTED_EDGE ( 'NONE', *, *, #2840, .F. ) ;
#1999 = FACE_OUTER_BOUND ( 'NONE', #1292, .T. ) ;
#2000 = EDGE_CURVE ( 'NONE', #2126, #960, #1018, .T. ) ;
#2001 = DIRECTION ( 'NONE',  ( 0.7196877547425333255, 0.000000000000000000, -0.6942978724392371292 ) ) ;
#2002 = ORIENTED_EDGE ( 'NONE', *, *, #216, .T. ) ;
#2003 = DIRECTION ( 'NONE',  ( -6.842277657836020854E-49, 5.078189165123089681E-17, -1.000000000000000000 ) ) ;
#2004 = VERTEX_POINT ( 'NONE', #779 ) ;
#2005 = AXIS2_PLACEMENT_3D ( 'NONE', #1559, #139, #638 ) ;
#2006 = EDGE_CURVE ( 'NONE', #2213, #306, #2957, .T. ) ;
#2007 = VERTEX_POINT ( 'NONE', #2009 ) ;
#2008 = PRODUCT_DEFINITION_FORMATION_WITH_SPECIFIED_SOURCE ( 'ANY', '', #2173, .NOT_KNOWN. ) ;
#2009 = CARTESIAN_POINT ( 'NONE',  ( -1.019999999999999796, -0.7700000000000002398, 0.4499999999999996780 ) ) ;
#2010 = CARTESIAN_POINT ( 'NONE',  ( -0.2786088852086245904, -1.129999999999999227, 1.456812854656623690 ) ) ;
#2011 = DIRECTION ( 'NONE',  ( -0.9396926207859083169, 0.3420201433256690460, 0.000000000000000000 ) ) ;
#2012 = B_SPLINE_CURVE_WITH_KNOTS ( 'NONE', 3,
 ( #159, #439, #2777, #2825, #1120, #1331, #407, #1151 ),
 .UNSPECIFIED., .F., .F.,
 ( 4, 2, 2, 4 ),
 ( 0.000000000000000000, 2.207589316411049293E-05, 4.415178632822098587E-05, 8.830357265644197173E-05 ),
 .UNSPECIFIED. ) ;
#2013 = CARTESIAN_POINT ( 'NONE',  ( 0.2700262538617162478, -1.149999999999999023, 1.719529022210933622 ) ) ;
#2014 = CARTESIAN_POINT ( 'NONE',  ( 0.2031249999999996114, -1.250000000000001110, 1.180956325301204979 ) ) ;
#2015 = DIRECTION ( 'NONE',  ( -0.7071067811865460184, 0.7071067811865490160, 0.000000000000000000 ) ) ;
#2016 = ADVANCED_FACE ( 'NONE', ( #1265 ), #2264, .F. ) ;
#2017 = ORIENTED_EDGE ( 'NONE', *, *, #1043, .T. ) ;
#2018 = PRESENTATION_STYLE_ASSIGNMENT (( #2749 ) ) ;
#2019 = PLANE ( 'NONE',  #2046 ) ;
#2020 = ORIENTED_EDGE ( 'NONE', *, *, #1005, .T. ) ;
#2021 = VERTEX_POINT ( 'NONE', #2025 ) ;
#2022 = CARTESIAN_POINT ( 'NONE',  ( 0.2713021793734518017, -1.149999999999999245, 1.694026485707925689 ) ) ;
#2023 = ORIENTED_EDGE ( 'NONE', *, *, #234, .T. ) ;
#2024 = EDGE_CURVE ( 'NONE', #306, #43, #2973, .T. ) ;
#2025 = CARTESIAN_POINT ( 'NONE',  ( 0.3200000000000000622, 0.2559999999999999498, -2.359999999999988773 ) ) ;
#2026 = CARTESIAN_POINT ( 'NONE',  ( -0.2785596718136650884, -1.129999999999999227, 1.455843592248305507 ) ) ;
#2027 = CARTESIAN_POINT ( 'NONE',  ( -0.2349397590361447796, -1.250000000000000000, 0.8488780120481929092 ) ) ;
#2028 = DIRECTION ( 'NONE',  ( 1.000000000000000000, 3.336006684570782608E-16, 0.000000000000000000 ) ) ;
#2029 = DIRECTION ( 'NONE',  ( 0.7071067811865435759, -0.000000000000000000, -0.7071067811865515695 ) ) ;
#2030 = VERTEX_POINT ( 'NONE', #2921 ) ;
#2031 =( NAMED_UNIT ( * ) SI_UNIT ( $, .STERADIAN. ) SOLID_ANGLE_UNIT ( ) );
#2032 = CARTESIAN_POINT ( 'NONE',  ( 0.2299185854234832849, -1.150000000000000355, 1.205590591973311199 ) ) ;
#2033 = CARTESIAN_POINT ( 'NONE',  ( -0.1563994110147697847, -1.223345048151481596, 1.779701609068659929 ) ) ;
#2034 = EDGE_LOOP ( 'NONE', ( #2536, #61, #2237, #1155 ) ) ;
#2035 = CARTESIAN_POINT ( 'NONE',  ( -0.2567730509801751659, -1.190013523391416195, 1.691579096022318263 ) ) ;
#2036 = VERTEX_POINT ( 'NONE', #1973 ) ;
#2037 = CARTESIAN_POINT ( 'NONE',  ( 1.270000000000000462, -0.7700000000000002398, 0.6000000000000000888 ) ) ;
#2038 = ADVANCED_FACE ( 'NONE', ( #1748 ), #1508, .F. ) ;
#2039 = ORIENTED_EDGE ( 'NONE', *, *, #1043, .F. ) ;
#2040 = CARTESIAN_POINT ( 'NONE',  ( -0.2713260487806442578, -1.149999999999996581, 1.692140181738762461 ) ) ;
#2041 = EDGE_CURVE ( 'NONE', #1971, #542, #564, .T. ) ;
#2042 = CARTESIAN_POINT ( 'NONE',  ( -0.2559999999999999498, -0.3200000000000006728, 7.909999999999988596 ) ) ;
#2043 = CARTESIAN_POINT ( 'NONE',  ( -0.3199999999999999512, 0.2732007105321401230, -2.359999999999986997 ) ) ;
#2044 = PRESENTATION_LAYER_ASSIGNMENT (  '', '', ( #1196 ) ) ;
#2045 = EDGE_CURVE ( 'NONE', #2920, #2704, #2509, .T. ) ;
#2046 = AXIS2_PLACEMENT_3D ( 'NONE', #2224, #2239, #380 ) ;
#2047 = ORIENTED_EDGE ( 'NONE', *, *, #2558, .T. ) ;
#2048 = CARTESIAN_POINT ( 'NONE',  ( 0.2345216763773549096, -1.129999999999999449, 1.211338980832543655 ) ) ;
#2049 = CARTESIAN_POINT ( 'NONE',  ( -1.169999999999999707, 0.9999999999999983347, 2.350000000000000089 ) ) ;
#2050 = ORIENTED_EDGE ( 'NONE', *, *, #1509, .F. ) ;
#2051 = VECTOR ( 'NONE', #2196, 1000.000000000000000 ) ;
#2052 = CARTESIAN_POINT ( 'NONE',  ( 0.2712904061344593720, -1.150000000000000133, 1.101844312593097230 ) ) ;
#2053 = VECTOR ( 'NONE', #2129, 1000.000000000000000 ) ;
#2054 = CARTESIAN_POINT ( 'NONE',  ( -0.1570750383009144602, -1.170005857523106929, 1.799115486777239203 ) ) ;
#2055 = SURFACE_STYLE_FILL_AREA ( #2291 ) ;
#2056 = VERTEX_POINT ( 'NONE', #593 ) ;
#2057 = VECTOR ( 'NONE', #1464, 1000.000000000000227 ) ;
#2058 = EDGE_LOOP ( 'NONE', ( #1878, #1804, #460, #2222, #615, #571 ) ) ;
#2059 = AXIS2_PLACEMENT_3D ( 'NONE', #2296, #2538, #437 ) ;
#2060 = CARTESIAN_POINT ( 'NONE',  ( 0.2652706118112037603, -1.166666666887721915, 1.693097982358320319 ) ) ;
#2061 = SURFACE_STYLE_USAGE ( .BOTH. , #158 ) ;
#2062 = DIRECTION ( 'NONE',  ( 0.000000000000000000, 0.9396926207859082059, 0.3420201433256694901 ) ) ;
#2063 = EDGE_CURVE ( 'NONE', #2970, #1921, #372, .T. ) ;
#2064 = ORIENTED_EDGE ( 'NONE', *, *, #161, .T. ) ;
#2065 = DIRECTION ( 'NONE',  ( 0.000000000000000000, -1.000000000000000000, 0.000000000000000000 ) ) ;
#2066 = EDGE_CURVE ( 'NONE', #1951, #2151, #1345, .T. ) ;
#2067 = EDGE_LOOP ( 'NONE', ( #650, #584, #678, #2103, #1212, #1938 ) ) ;
#2068 =( LENGTH_UNIT ( ) NAMED_UNIT ( * ) SI_UNIT ( .MILLI., .METRE. ) );
#2069 =( BOUNDED_CURVE ( )  B_SPLINE_CURVE ( 3, ( #1920, #1661, #2874, #731 ),
 .UNSPECIFIED., .F., .F. ) 
 B_SPLINE_CURVE_WITH_KNOTS ( ( 4, 4 ),
 ( 2.356194490192341728, 3.141592653589793560 ),
 .UNSPECIFIED. ) 
 CURVE ( )  GEOMETRIC_REPRESENTATION_ITEM ( )  RATIONAL_B_SPLINE_CURVE ( ( 1.000000000000000000, 0.9492530216741906779, 0.9492530216741906779, 1.000000000000000000 ) ) 
 REPRESENTATION_ITEM ( '' )  );
#2070 = FACE_OUTER_BOUND ( 'NONE', #2818, .T. ) ;
#2071 = CARTESIAN_POINT ( 'NONE',  ( 1.170000000000000595, -0.7700000000000002398, 0.6000000000000000888 ) ) ;
#2072 = CARTESIAN_POINT ( 'NONE',  ( -1.019999999999999796, 0.9999999999999983347, 0.000000000000000000 ) ) ;
#2073 = VERTEX_POINT ( 'NONE', #2108 ) ;
#2074 = CARTESIAN_POINT ( 'NONE',  ( -0.3199999999999999512, 0.3199999999999998401, -2.359999999999988773 ) ) ;
#2075 = B_SPLINE_CURVE_WITH_KNOTS ( 'NONE', 3,
 ( #521, #2859, #755, #2157, #1420, #1701, #237, #5, #945, #2378 ),
 .UNSPECIFIED., .F., .F.,
 ( 4, 3, 3, 4 ),
 ( 0.000000000000000000, 3.193694500260363584E-05, 6.387389000520681090E-05, 0.0001064253154868430827 ),
 .UNSPECIFIED. ) ;
#2076 = ORIENTED_EDGE ( 'NONE', *, *, #2109, .T. ) ;
#2077 = CARTESIAN_POINT ( 'NONE',  ( -1.169999999999998597, 0.7700000000000006839, 0.6000000000000000888 ) ) ;
#2078 =( LENGTH_UNIT ( ) NAMED_UNIT ( * ) SI_UNIT ( .MILLI., .METRE. ) );
#2079 = FACE_OUTER_BOUND ( 'NONE', #1370, .T. ) ;
#2080 = ORIENTED_EDGE ( 'NONE', *, *, #2495, .F. ) ;
#2081 = SURFACE_STYLE_FILL_AREA ( #1122 ) ;
#2082 = CARTESIAN_POINT ( 'NONE',  ( 0.2560000000000001719, 0.3199999999999993960, 7.909999999999988596 ) ) ;
#2083 = VERTEX_POINT ( 'NONE', #1848 ) ;
#2084 = EDGE_CURVE ( 'NONE', #306, #2007, #2572, .T. ) ;
#2085 = LINE ( 'NONE', #634, #894 ) ;
#2086 = CARTESIAN_POINT ( 'NONE',  ( -0.7699999999999999067, 1.250000000000000222, 0.000000000000000000 ) ) ;
#2087 = CARTESIAN_POINT ( 'NONE',  ( -0.09036144578313276554, -1.250000000000000000, 1.462771084337349370 ) ) ;
#2088 = EDGE_LOOP ( 'NONE', ( #2064, #1221, #2928, #2903, #3007, #682 ) ) ;
#2089 = DIRECTION ( 'NONE',  ( 1.000000000000000000, 3.336006684570782608E-16, 0.000000000000000000 ) ) ;
#2090 =( NAMED_UNIT ( * ) SI_UNIT ( $, .STERADIAN. ) SOLID_ANGLE_UNIT ( ) );
#2091 = CARTESIAN_POINT ( 'NONE',  ( -0.2713367824627651581, -1.149999999999999911, 1.691883934335445705 ) ) ;
#2092 =( NAMED_UNIT ( * ) PLANE_ANGLE_UNIT ( ) SI_UNIT ( $, .RADIAN. ) );
#2093 = LINE ( 'NONE', #222, #1734 ) ;
#2094 = CARTESIAN_POINT ( 'NONE',  ( -0.09036144578313276554, -1.250000000000000000, 1.095301204819277396 ) ) ;
#2095 = CARTESIAN_POINT ( 'NONE',  ( -0.2786199085238558748, -1.129999999999998561, 0.8480525636577989079 ) ) ;
#2096 = VERTEX_POINT ( 'NONE', #2341 ) ;
#2097 = EDGE_CURVE ( 'NONE', #1381, #1374, #2989, .T. ) ;
#2098 =( NAMED_UNIT ( * ) PLANE_ANGLE_UNIT ( ) SI_UNIT ( $, .RADIAN. ) );
#2099 = PRESENTATION_LAYER_ASSIGNMENT (  '', '', ( #156 ) ) ;
#2100 = DIRECTION ( 'NONE',  ( 4.224164308385081333E-16, -1.000000000000000000, 0.000000000000000000 ) ) ;
#2101 = PLANE ( 'NONE',  #1239 ) ;
#2102 = AXIS2_PLACEMENT_3D ( 'NONE', #990, #2652, #1192 ) ;
#2103 = ORIENTED_EDGE ( 'NONE', *, *, #27, .F. ) ;
#2104 = CARTESIAN_POINT ( 'NONE',  ( 0.1969625335676264410, -1.249999999999996447, 1.761663957567181749 ) ) ;
#2105 = VECTOR ( 'NONE', #2320, 1000.000000000000000 ) ;
#2106 = PRESENTATION_LAYER_ASSIGNMENT (  '', '', ( #2849 ) ) ;
#2107 = CARTESIAN_POINT ( 'NONE',  ( -0.6136029765733796992, -1.150000000000000133, 1.270000000000000018 ) ) ;
#2108 = CARTESIAN_POINT ( 'NONE',  ( 0.3464101615137756829, -1.046666666666666856, 2.500000000000000000 ) ) ;
#2109 = EDGE_CURVE ( 'NONE', #918, #1501, #2807, .T. ) ;
#2110 = CARTESIAN_POINT ( 'NONE',  ( 1.020000000000000240, 0.9999999999999983347, 2.500000000000000000 ) ) ;
#2111 = CARTESIAN_POINT ( 'NONE',  ( 0.2349614701416065377, -1.250000000000000222, 0.8493962104888764797 ) ) ;
#2112 = CONICAL_SURFACE ( 'NONE', #2507, 0.6500000000000000222, 0.3490658503988666728 ) ;
#2113 = CARTESIAN_POINT ( 'NONE',  ( -0.2349614701416065654, -1.250000000000001332, 0.8493962104888719278 ) ) ;
#2114 = ORIENTED_EDGE ( 'NONE', *, *, #658, .F. ) ;
#2115 = CARTESIAN_POINT ( 'NONE',  ( -1.498304512629999863, -1.250000000000000222, 2.350000000000000089 ) ) ;
#2116 = CARTESIAN_POINT ( 'NONE',  ( 0.000000000000000000, 0.000000000000000000, 2.500000000000000000 ) ) ;
#2117 = VERTEX_POINT ( 'NONE', #387 ) ;
#2118 = CARTESIAN_POINT ( 'NONE',  ( 0.2337715950550458832, -1.249999999999996225, 1.713467453397172324 ) ) ;
#2119 = CARTESIAN_POINT ( 'NONE',  ( -0.2560000000000000053, 0.3199999999999993405, 8.550000000000000711 ) ) ;
#2120 = ADVANCED_FACE ( 'NONE', ( #2328 ), #628, .F. ) ;
#2121 = CARTESIAN_POINT ( 'NONE',  ( 0.2713367824627647140, -1.149999999999999911, 1.693229588980317502 ) ) ;
#2122 = CARTESIAN_POINT ( 'NONE',  ( 0.2349831812470689063, -1.249999999999999556, 0.8499144089295601612 ) ) ;
#2123 = CARTESIAN_POINT ( 'NONE',  ( -0.1560617469879519992, -1.250000000000000000, 1.770000000000000240 ) ) ;
#2124 = CARTESIAN_POINT ( 'NONE',  ( -0.2069451709529502581, -1.250000000000001776, 0.7832384112981728430 ) ) ;
#2125 = UNCERTAINTY_MEASURE_WITH_UNIT (LENGTH_MEASURE( 1.000000000000000082E-05 ), #599, 'distance_accuracy_value', 'NONE');
#2126 = VERTEX_POINT ( 'NONE', #1561 ) ;
#2127 =( LENGTH_UNIT ( ) NAMED_UNIT ( * ) SI_UNIT ( .MILLI., .METRE. ) );
#2128 = LINE ( 'NONE', #2366, #2300 ) ;
#2129 = DIRECTION ( 'NONE',  ( -0.1710878697460330999, 0.1710878697460331277, -0.9702875252478148083 ) ) ;
#2130 = ORIENTED_EDGE ( 'NONE', *, *, #182, .F. ) ;
#2131 = DIRECTION ( 'NONE',  ( 0.000000000000000000, 0.000000000000000000, -1.000000000000000000 ) ) ;
#2132 = EDGE_CURVE ( 'NONE', #1501, #1625, #217, .T. ) ;
#2133 = ORIENTED_EDGE ( 'NONE', *, *, #2897, .T. ) ;
#2134 = DIRECTION ( 'NONE',  ( -0.000000000000000000, 0.000000000000000000, 1.000000000000000000 ) ) ;
#2135 = DIRECTION ( 'NONE',  ( -1.000000000000000000, -4.224164308385081333E-16, 1.537470072901852402E-16 ) ) ;
#2136 = ADVANCED_FACE ( 'NONE', ( #847 ), #190, .T. ) ;
#2137 = CARTESIAN_POINT ( 'NONE',  ( 0.2349397590361444188, -1.250000000000000000, 1.456746987951807348 ) ) ;
#2138 = CARTESIAN_POINT ( 'NONE',  ( -0.2446407098541426572, -1.223346856680310957, 0.8486748927485816552 ) ) ;
#2139 = ORIENTED_EDGE ( 'NONE', *, *, #7, .T. ) ;
#2140 = ADVANCED_FACE ( 'NONE', ( #1575 ), #866, .F. ) ;
#2141 = DIRECTION ( 'NONE',  ( -0.9848077530122085754, -8.341646135128160883E-17, 0.1736481776669278332 ) ) ;
#2142 = SURFACE_SIDE_STYLE ('',( #241 ) ) ;
#2143 = DIRECTION ( 'NONE',  ( 0.000000000000000000, 0.000000000000000000, 1.000000000000000000 ) ) ;
#2144 = ORIENTED_EDGE ( 'NONE', *, *, #558, .T. ) ;
#2145 = VECTOR ( 'NONE', #967, 1000.000000000000000 ) ;
#2146 = SURFACE_STYLE_FILL_AREA ( #3038 ) ;
#2147 = FILL_AREA_STYLE ('',( #2601 ) ) ;
#2148 =( GEOMETRIC_REPRESENTATION_CONTEXT ( 3 ) GLOBAL_UNCERTAINTY_ASSIGNED_CONTEXT ( ( #2712 ) ) GLOBAL_UNIT_ASSIGNED_CONTEXT ( ( #3017, #1598, #411 ) ) REPRESENTATION_CONTEXT ( 'NONE', 'WORKASPACE' ) );
#2149 =( NAMED_UNIT ( * ) PLANE_ANGLE_UNIT ( ) SI_UNIT ( $, .RADIAN. ) );
#2150 = VECTOR ( 'NONE', #530, 1000.000000000000000 ) ;
#2151 = VERTEX_POINT ( 'NONE', #660 ) ;
#2152 = CARTESIAN_POINT ( 'NONE',  ( 1.020000000000000240, 0.9999999999999983347, 2.500000000000000000 ) ) ;
#2153 = AXIS2_PLACEMENT_3D ( 'NONE', #2281, #2215, #2460 ) ;
#2154 = VECTOR ( 'NONE', #2356, 1000.000000000000000 ) ;
#2155 = CARTESIAN_POINT ( 'NONE',  ( 0.2675450665421203467, -1.129999999999999449, 0.7888260276643649371 ) ) ;
#2156 = PRESENTATION_LAYER_ASSIGNMENT (  '', '', ( #2854 ) ) ;
#2157 = CARTESIAN_POINT ( 'NONE',  ( -0.1569483399696858794, -1.180008786204564286, 0.7445252815182995532 ) ) ;
#2158 = DIRECTION ( 'NONE',  ( -8.470329472543003391E-17, 1.000000000000000000, 0.000000000000000000 ) ) ;
#2159 = ORIENTED_EDGE ( 'NONE', *, *, #857, .T. ) ;
#2160 = AXIS2_PLACEMENT_3D ( 'NONE', #805, #116, #2709 ) ;
#2161 = LINE ( 'NONE', #28, #2145 ) ;
#2162 = EDGE_CURVE ( 'NONE', #841, #1617, #474, .T. ) ;
#2163 = LINE ( 'NONE', #968, #2996 ) ;
#2164 = ORIENTED_EDGE ( 'NONE', *, *, #1612, .F. ) ;
#2165 = CARTESIAN_POINT ( 'NONE',  ( 0.2732007105321403451, -0.3200000000000007838, 7.909999999999986819 ) ) ;
#2166 = CARTESIAN_POINT ( 'NONE',  ( 0.1560617469879515273, -1.250000000000000888, 1.770000000000000018 ) ) ;
#2167 = SURFACE_SIDE_STYLE ('',( #2373 ) ) ;
#2168 = ORIENTED_EDGE ( 'NONE', *, *, #1165, .F. ) ;
#2169 = CARTESIAN_POINT ( 'NONE',  ( -0.2254491123403467856, -1.164586146388946197, 1.356773624004602441 ) ) ;
#2170 = LINE ( 'NONE', #2428, #2497 ) ;
#2171 = CARTESIAN_POINT ( 'NONE',  ( -0.2485863161563956203, -1.212506392458813753, 1.457718508457244377 ) ) ;
#2172 = CARTESIAN_POINT ( 'NONE',  ( 5.421010862427522170E-17, -0.4466666666666664898, 2.449999999999999734 ) ) ;
#2173 = PRODUCT ( 'DS1021_blue_1x01p_100mil_Type1_rev1.0', 'DS1021_blue_1x01p_100mil_Type1_rev1.0', '', ( #2203 ) ) ;
#2174 = CARTESIAN_POINT ( 'NONE',  ( -0.3464101615137760160, -1.046666666666666856, 2.500000000000000000 ) ) ;
#2175 = VERTEX_POINT ( 'NONE', #2314 ) ;
#2176 = FACE_OUTER_BOUND ( 'NONE', #1307, .T. ) ;
#2177 = EDGE_CURVE ( 'NONE', #2263, #2853, #176, .T. ) ;
#2178 = FACE_BOUND ( 'NONE', #2322, .T. ) ;
#2179 = LINE ( 'NONE', #722, #2449 ) ;
#2180 = B_SPLINE_CURVE_WITH_KNOTS ( 'NONE', 3,
 ( #975, #2169, #1450, #1668, #1915, #2386, #2893 ),
 .UNSPECIFIED., .F., .F.,
 ( 4, 3, 4 ),
 ( 0.000000000000000000, 4.656973448363045139E-05, 0.0001064245802757178262 ),
 .UNSPECIFIED. ) ;
#2181 = ORIENTED_EDGE ( 'NONE', *, *, #2408, .T. ) ;
#2182 = DIRECTION ( 'NONE',  ( -0.000000000000000000, 1.000000000000000000, 0.000000000000000000 ) ) ;
#2183 = CARTESIAN_POINT ( 'NONE',  ( -0.1560617469879519992, -1.250000000000000000, 0.7700000000000001288 ) ) ;
#2184 =( BOUNDED_CURVE ( )  B_SPLINE_CURVE ( 3, ( #36, #2662, #2360, #1418 ),
 .UNSPECIFIED., .F., .F. ) 
 B_SPLINE_CURVE_WITH_KNOTS ( ( 4, 4 ),
 ( 5.497787143782140618, 6.283185307179586232 ),
 .UNSPECIFIED. ) 
 CURVE ( )  GEOMETRIC_REPRESENTATION_ITEM ( )  RATIONAL_B_SPLINE_CURVE ( ( 1.000000000000000000, 0.9492530216741915661, 0.9492530216741915661, 1.000000000000000000 ) ) 
 REPRESENTATION_ITEM ( '' )  );
#2185 =( NAMED_UNIT ( * ) PLANE_ANGLE_UNIT ( ) SI_UNIT ( $, .RADIAN. ) );
#2186 = DIRECTION ( 'NONE',  ( 0.000000000000000000, 1.000000000000000000, 0.000000000000000000 ) ) ;
#2187 = FACE_OUTER_BOUND ( 'NONE', #932, .T. ) ;
#2188 = EDGE_CURVE ( 'NONE', #1121, #2667, #2526, .T. ) ;
#2189 = ORIENTED_EDGE ( 'NONE', *, *, #933, .F. ) ;
#2190 = B_SPLINE_CURVE_WITH_KNOTS ( 'NONE', 3,
 ( #2883, #1211, #766, #1452, #1007, #715, #1672, #2138, #992, #742 ),
 .UNSPECIFIED., .F., .F.,
 ( 4, 3, 3, 4 ),
 ( 0.000000000000000000, 3.193694500260459130E-05, 6.387389000520873536E-05, 0.0001064205049631835188 ),
 .UNSPECIFIED. ) ;
#2191 = DIRECTION ( 'NONE',  ( 0.000000000000000000, 0.000000000000000000, -1.000000000000000000 ) ) ;
#2192 = DIRECTION ( 'NONE',  ( 0.3236155771181856711, -0.8891264907159878161, 0.3236155771181852270 ) ) ;
#2193 = DIRECTION ( 'NONE',  ( 0.000000000000000000, -1.000000000000000000, 0.000000000000000000 ) ) ;
#2194 = PRESENTATION_LAYER_ASSIGNMENT (  '', '', ( #1583 ) ) ;
#2195 = VERTEX_POINT ( 'NONE', #1387 ) ;
#2196 = DIRECTION ( 'NONE',  ( 1.000000000000000000, -0.000000000000000000, 0.000000000000000000 ) ) ;
#2197 = EDGE_CURVE ( 'NONE', #3049, #2030, #2357, .T. ) ;
#2198 = CARTESIAN_POINT ( 'NONE',  ( 0.1591065173733838545, -1.129999999999999227, 0.7264298296317553971 ) ) ;
#2199 = B_SPLINE_SURFACE_WITH_KNOTS ( 'NONE', 1, 3, ( 
 ( #671, #446, #2878, #2166, #76, #528, #2918, #2660, #2413, #1934, #14, #33, #1243, #262, #1923, #748, #1719, #318 ),
 ( #1013, #276, #2397, #1229, #1709, #1912, #1488, #1953, #540, #2905, #1969, #301, #2454, #1202, #1260, #2631, #1471, #490 ) ),
 .UNSPECIFIED., .F., .F., .F.,
 ( 2, 2 ),
 ( 4, 3, 2, 2, 2, 2, 3, 4 ),
 ( 0.000000000000000000, 1.000000000000000000 ),
 ( -0.01648573236192130836, 0.000000000000000000, 0.2500000000000000000, 0.3750000000000000000, 0.5000000000000000000, 0.7500000000000000000, 1.000000000000000000, 1.012594183274089010 ),
 .UNSPECIFIED. ) ;
#2200 = VECTOR ( 'NONE', #519, 1000.000000000000000 ) ;
#2201 =( BOUNDED_CURVE ( )  B_SPLINE_CURVE ( 3, ( #1503, #365, #839, #1030 ),
 .UNSPECIFIED., .F., .F. ) 
 B_SPLINE_CURVE_WITH_KNOTS ( ( 4, 4 ),
 ( 5.497787143782138841, 6.283185307179586232 ),
 .UNSPECIFIED. ) 
 CURVE ( )  GEOMETRIC_REPRESENTATION_ITEM ( )  RATIONAL_B_SPLINE_CURVE ( ( 1.000000000000000000, 0.9492530216741912330, 0.9492530216741912330, 1.000000000000000000 ) ) 
 REPRESENTATION_ITEM ( '' )  );
#2202 = AXIS2_PLACEMENT_3D ( 'NONE', #2938, #1068, #1724 ) ;
#2203 = PRODUCT_CONTEXT ( 'NONE', #686, 'mechanical' ) ;
#2204 = CARTESIAN_POINT ( 'NONE',  ( 0.1841118460939785983, -1.149999999999999467, 1.804131856196682149 ) ) ;
#2205 = CARTESIAN_POINT ( 'NONE',  ( 0.2069451709529567807, -1.249999999999969136, 0.7832384112981648494 ) ) ;
#2206 = VECTOR ( 'NONE', #2259, 1000.000000000000114 ) ;
#2207 = CARTESIAN_POINT ( 'NONE',  ( -0.2785987272081527077, -1.129999999999999005, 1.692453125303157169 ) ) ;
#2208 = VERTEX_POINT ( 'NONE', #1098 ) ;
#2209 = PRESENTATION_LAYER_ASSIGNMENT (  '', '', ( #1952 ) ) ;
#2210 = DIRECTION ( 'NONE',  ( -0.7213041043845912492, 0.000000000000000000, 0.6926185017727599647 ) ) ;
#2211 = CARTESIAN_POINT ( 'NONE',  ( 0.08156717307178730503, -1.225837934305053611, 1.091565657200894490 ) ) ;
#2212 = DIRECTION ( 'NONE',  ( 1.000000000000000000, 4.224164308385081333E-16, 1.537470072901852402E-16 ) ) ;
#2213 = VERTEX_POINT ( 'NONE', #640 ) ;
#2214 = CARTESIAN_POINT ( 'NONE',  ( -1.269999999999999796, 0.7700000000000006839, 0.6000000000000000888 ) ) ;
#2215 = DIRECTION ( 'NONE',  ( -0.000000000000000000, 1.000000000000000000, 5.078189165123089681E-17 ) ) ;
#2216 = EDGE_CURVE ( 'NONE', #1650, #2036, #1858, .T. ) ;
#2217 = CARTESIAN_POINT ( 'NONE',  ( -0.2700724310048517318, -1.150000000000001688, 0.8217727567765085173 ) ) ;
#2218 = CARTESIAN_POINT ( 'NONE',  ( -0.3012548339959390531, 0.3012548339959389421, -2.466309119164537655 ) ) ;
#2219 = CARTESIAN_POINT ( 'NONE',  ( -0.2890920949374356508, 0.3134175730544415672, 7.947330798265292984 ) ) ;
#2220 = FACE_OUTER_BOUND ( 'NONE', #890, .T. ) ;
#2221 = UNCERTAINTY_MEASURE_WITH_UNIT (LENGTH_MEASURE( 1.000000000000000082E-05 ), #396, 'distance_accuracy_value', 'NONE');
#2222 = ORIENTED_EDGE ( 'NONE', *, *, #477, .F. ) ;
#2223 = CARTESIAN_POINT ( 'NONE',  ( 0.2560000000000002274, -0.3200000000000006728, 7.909999999999988596 ) ) ;
#2224 = CARTESIAN_POINT ( 'NONE',  ( -1.019999999999999796, -1.250000000000000222, 0.5999999999999999778 ) ) ;
#2225 = ORIENTED_EDGE ( 'NONE', *, *, #3014, .F. ) ;
#2226 = PLANE ( 'NONE',  #168 ) ;
#2227 = EDGE_LOOP ( 'NONE', ( #1539, #2189, #2114, #1159 ) ) ;
#2228 = ORIENTED_EDGE ( 'NONE', *, *, #245, .T. ) ;
#2229 =( LENGTH_UNIT ( ) NAMED_UNIT ( * ) SI_UNIT ( .MILLI., .METRE. ) );
#2230 = EDGE_CURVE ( 'NONE', #151, #716, #2618, .T. ) ;
#2231 = DIRECTION ( 'NONE',  ( -0.000000000000000000, 0.9848077530122085754, 0.1736481776669278887 ) ) ;
#2232 = CARTESIAN_POINT ( 'NONE',  ( -0.1665885810817076262, -1.249999999999989564, 1.769266317007096356 ) ) ;
#2233 = CARTESIAN_POINT ( 'NONE',  ( 0.2261468053802073164, -1.149999999999999467, 1.787290790624488590 ) ) ;
#2234 = LINE ( 'NONE', #1530, #2684 ) ;
#2235 = LINE ( 'NONE', #2287, #1590 ) ;
#2236 = EDGE_CURVE ( 'NONE', #1385, #1084, #263, .T. ) ;
#2237 = ORIENTED_EDGE ( 'NONE', *, *, #2646, .F. ) ;
#2238 = CARTESIAN_POINT ( 'NONE',  ( 1.270000000000000462, 0.7700000000000006839, 0.6000000000000000888 ) ) ;
#2239 = DIRECTION ( 'NONE',  ( 1.000000000000000000, 0.000000000000000000, 0.000000000000000000 ) ) ;
#2240 = ORIENTED_EDGE ( 'NONE', *, *, #2578, .F. ) ;
#2241 = DIRECTION ( 'NONE',  ( -0.000000000000000000, -0.000000000000000000, -1.000000000000000000 ) ) ;
#2242 = ORIENTED_EDGE ( 'NONE', *, *, #929, .F. ) ;
#2243 = CARTESIAN_POINT ( 'NONE',  ( -0.2071507323465819339, 0.2071507323465813233, 8.550000000000000711 ) ) ;
#2244 = ORIENTED_EDGE ( 'NONE', *, *, #127, .T. ) ;
#2245 = VECTOR ( 'NONE', #2566, 1000.000000000000000 ) ;
#2246 = CARTESIAN_POINT ( 'NONE',  ( -0.2023345116037619795, -1.250000000000000888, 1.377563203366691802 ) ) ;
#2247 = CARTESIAN_POINT ( 'NONE',  ( 1.220000000000001084, 0.7700000000000006839, 0.6500000000000000222 ) ) ;
#2248 = VECTOR ( 'NONE', #2784, 1000.000000000000000 ) ;
#2249 = VECTOR ( 'NONE', #659, 1000.000000000000000 ) ;
#2250 = DIRECTION ( 'NONE',  ( 0.000000000000000000, -0.9396926207859082059, 0.3420201433256694901 ) ) ;
#2251 = DIRECTION ( 'NONE',  ( 0.000000000000000000, -0.9396926207859082059, 0.3420201433256694901 ) ) ;
#2252 = CARTESIAN_POINT ( 'NONE',  ( 0.07143487197225222018, -1.197999665826966043, 0.9335048870638922303 ) ) ;
#2253 = AXIS2_PLACEMENT_3D ( 'NONE', #2650, #1897, #1941 ) ;
#2254 = VERTEX_POINT ( 'NONE', #1877 ) ;
#2255 = CARTESIAN_POINT ( 'NONE',  ( -0.3199999999999999512, 0.3199999999999993405, -2.359999999999988773 ) ) ;
#2256 = VECTOR ( 'NONE', #1679, 1000.000000000000000 ) ;
#2257 = EDGE_CURVE ( 'NONE', #2988, #687, #2834, .T. ) ;
#2258 = EDGE_LOOP ( 'NONE', ( #2528, #1760, #104, #2427 ) ) ;
#2259 = DIRECTION ( 'NONE',  ( -0.1710878697460326558, -0.1710878697460326836, -0.9702875252478149193 ) ) ;
#2260 = ORIENTED_EDGE ( 'NONE', *, *, #1300, .T. ) ;
#2261 =( GEOMETRIC_REPRESENTATION_CONTEXT ( 3 ) GLOBAL_UNCERTAINTY_ASSIGNED_CONTEXT ( ( #1272 ) ) GLOBAL_UNIT_ASSIGNED_CONTEXT ( ( #773, #2714, #2965 ) ) REPRESENTATION_CONTEXT ( 'NONE', 'WORKASPACE' ) );
#2262 = CARTESIAN_POINT ( 'NONE',  ( 0.2531321181320720370, -1.200016904177328980, 0.8484971227639197533 ) ) ;
#2263 = VERTEX_POINT ( 'NONE', #466 ) ;
#2264 = PLANE ( 'NONE',  #2202 ) ;
#2265 = CARTESIAN_POINT ( 'NONE',  ( -0.2468160340960198484, -1.129999999999999449, 1.361406071841797960 ) ) ;
#2266 = PLANE ( 'NONE',  #645 ) ;
#2267 = FACE_OUTER_BOUND ( 'NONE', #1772, .T. ) ;
#2268 = PLANE ( 'NONE',  #538 ) ;
#2269 = CARTESIAN_POINT ( 'NONE',  ( 0.2341917180556510047, -1.249999999999997780, 1.114848042196724176 ) ) ;
#2270 = VERTEX_POINT ( 'NONE', #491 ) ;
#2271 = EDGE_CURVE ( 'NONE', #986, #3049, #2179, .T. ) ;
#2272 = DIRECTION ( 'NONE',  ( -1.000000000000000000, 0.000000000000000000, 0.000000000000000000 ) ) ;
#2273 = LINE ( 'NONE', #572, #2839 ) ;
#2274 = LINE ( 'NONE', #2214, #2150 ) ;
#2275 = ORIENTED_EDGE ( 'NONE', *, *, #2278, .F. ) ;
#2276 = CARTESIAN_POINT ( 'NONE',  ( 0.3134175730544422889, -0.2890920949374362059, -2.397330798265291385 ) ) ;
#2277 = ORIENTED_EDGE ( 'NONE', *, *, #1119, .F. ) ;
#2278 = EDGE_CURVE ( 'NONE', #2030, #1534, #1459, .T. ) ;
#2279 =( NAMED_UNIT ( * ) SI_UNIT ( $, .STERADIAN. ) SOLID_ANGLE_UNIT ( ) );
#2280 = ORIENTED_EDGE ( 'NONE', *, *, #1924, .T. ) ;
#2281 = CARTESIAN_POINT ( 'NONE',  ( -0.3199999999999998956, -0.3200000000000007283, 8.550000000000000711 ) ) ;
#2282 = EDGE_CURVE ( 'NONE', #1741, #1819, #1415, .T. ) ;
#2283 = DIRECTION ( 'NONE',  ( -0.7071067811865449082, 0.7071067811865501263, 0.000000000000000000 ) ) ;
#2284 = PLANE ( 'NONE',  #547 ) ;
#2285 = ORIENTED_EDGE ( 'NONE', *, *, #2388, .T. ) ;
#2286 = LINE ( 'NONE', #785, #1479 ) ;
#2287 = CARTESIAN_POINT ( 'NONE',  ( 0.1560617469879515551, -1.250000000000000000, 0.7700000000000001288 ) ) ;
#2288 = ORIENTED_EDGE ( 'NONE', *, *, #1285, .T. ) ;
#2289 = LINE ( 'NONE', #859, #1597 ) ;
#2290 = CARTESIAN_POINT ( 'NONE',  ( 0.2296620727081599145, -1.150000000000000355, 1.205869479952478507 ) ) ;
#2291 = FILL_AREA_STYLE ('',( #1324 ) ) ;
#2292 = ORIENTED_EDGE ( 'NONE', *, *, #309, .F. ) ;
#2293 = PLANE ( 'NONE',  #2557 ) ;
#2294 = ORIENTED_EDGE ( 'NONE', *, *, #576, .T. ) ;
#2295 = ADVANCED_FACE ( 'NONE', ( #1634 ), #1163, .T. ) ;
#2296 = CARTESIAN_POINT ( 'NONE',  ( -1.019999999999999796, -1.250000000000000222, 0.5999999999999999778 ) ) ;
#2297 = ADVANCED_FACE ( 'NONE', ( #2851 ), #517, .F. ) ;
#2298 = CARTESIAN_POINT ( 'NONE',  ( -0.3199999999999998956, -0.3200000000000001732, -2.359999999999988773 ) ) ;
#2299 = PRESENTATION_LAYER_ASSIGNMENT (  '', '', ( #1988 ) ) ;
#2300 = VECTOR ( 'NONE', #1859, 1000.000000000000000 ) ;
#2301 = ORIENTED_EDGE ( 'NONE', *, *, #1829, .F. ) ;
#2302 = DIRECTION ( 'NONE',  ( -1.000000000000000000, -0.000000000000000000, -0.000000000000000000 ) ) ;
#2303 = DIRECTION ( 'NONE',  ( 0.000000000000000000, 1.000000000000000000, 0.000000000000000000 ) ) ;
#2304 = ORIENTED_EDGE ( 'NONE', *, *, #565, .T. ) ;
#2305 = CARTESIAN_POINT ( 'NONE',  ( -0.7699999999999996847, -1.250000000000000000, 0.000000000000000000 ) ) ;
#2306 = VECTOR ( 'NONE', #377, 1000.000000000000000 ) ;
#2307 = DIRECTION ( 'NONE',  ( -1.000000000000000000, -8.470329472543003391E-17, -4.301393535249064745E-33 ) ) ;
#2308 = CARTESIAN_POINT ( 'NONE',  ( -0.2732007105321401230, 0.3199999999999998401, -2.359999999999988773 ) ) ;
#2309 = ORIENTED_EDGE ( 'NONE', *, *, #602, .F. ) ;
#2310 = AXIS2_PLACEMENT_3D ( 'NONE', #900, #1852, #1365 ) ;
#2311 =( NAMED_UNIT ( * ) PLANE_ANGLE_UNIT ( ) SI_UNIT ( $, .RADIAN. ) );
#2312 = ORIENTED_EDGE ( 'NONE', *, *, #2006, .T. ) ;
#2313 = AXIS2_PLACEMENT_3D ( 'NONE', #2414, #708, #958 ) ;
#2314 = CARTESIAN_POINT ( 'NONE',  ( 0.7700000000000001288, 1.250000000000000222, 0.000000000000000000 ) ) ;
#2315 = CARTESIAN_POINT ( 'NONE',  ( 0.000000000000000000, 0.000000000000000000, 0.000000000000000000 ) ) ;
#2316 = CARTESIAN_POINT ( 'NONE',  ( -1.169999999999999707, -0.9999999999999988898, 2.350000000000000089 ) ) ;
#2317 = ADVANCED_FACE ( 'NONE', ( #1913, #277 ), #1448, .T. ) ;
#2318 = ORIENTED_EDGE ( 'NONE', *, *, #62, .T. ) ;
#2319 = DIRECTION ( 'NONE',  ( -0.3236155771181848939, -0.8891264907159881492, -0.3236155771181852825 ) ) ;
#2320 = DIRECTION ( 'NONE',  ( 0.7071067811865441310, 0.7071067811865507924, -0.000000000000000000 ) ) ;
#2321 = UNCERTAINTY_MEASURE_WITH_UNIT (LENGTH_MEASURE( 1.000000000000000082E-05 ), #486, 'distance_accuracy_value', 'NONE');
#2322 = EDGE_LOOP ( 'NONE', ( #2758, #526 ) ) ;
#2323 =( NAMED_UNIT ( * ) PLANE_ANGLE_UNIT ( ) SI_UNIT ( $, .RADIAN. ) );
#2324 = CARTESIAN_POINT ( 'NONE',  ( -0.3199999999999999512, 0.2071507323465813233, 8.550000000000000711 ) ) ;
#2325 = CARTESIAN_POINT ( 'NONE',  ( -0.7699999999999999067, 1.250000000000000222, 2.500000000000000000 ) ) ;
#2326 = EDGE_LOOP ( 'NONE', ( #2953, #826, #1523, #2591 ) ) ;
#2327 =( LENGTH_UNIT ( ) NAMED_UNIT ( * ) SI_UNIT ( .MILLI., .METRE. ) );
#2328 = FACE_OUTER_BOUND ( 'NONE', #2369, .T. ) ;
#2329 = DIRECTION ( 'NONE',  ( 0.000000000000000000, -0.000000000000000000, 1.000000000000000000 ) ) ;
#2330 = EDGE_CURVE ( 'NONE', #2096, #2970, #59, .T. ) ;
#2331 = DIRECTION ( 'NONE',  ( -0.000000000000000000, -0.000000000000000000, -1.000000000000000000 ) ) ;
#2332 = FILL_AREA_STYLE ('',( #631 ) ) ;
#2333 = CARTESIAN_POINT ( 'NONE',  ( -0.1692625335108565165, -1.129999999999998561, 0.7271375653299390063 ) ) ;
#2334 = ORIENTED_EDGE ( 'NONE', *, *, #1524, .F. ) ;
#2335 = CARTESIAN_POINT ( 'NONE',  ( 0.1688168747726651597, -1.149999999999990807, 0.7344035849404356719 ) ) ;
#2336 = DIRECTION ( 'NONE',  ( 0.000000000000000000, -0.9848077530122085754, 0.1736481776669278054 ) ) ;
#2337 = DIRECTION ( 'NONE',  ( -1.000000000000000000, 0.000000000000000000, 0.000000000000000000 ) ) ;
#2338 = EDGE_LOOP ( 'NONE', ( #2401, #2260, #2275, #2864, #1777, #2288, #2294, #362, #154, #2615, #1493, #1067 ) ) ;
#2339 = LINE ( 'NONE', #275, #173 ) ;
#2340 = FACE_OUTER_BOUND ( 'NONE', #2506, .T. ) ;
#2341 = CARTESIAN_POINT ( 'NONE',  ( -0.05396442235651247726, -1.149999999999999911, 1.589024663320367736 ) ) ;
#2342 = CARTESIAN_POINT ( 'NONE',  ( 0.2560000000000002274, -0.3200000000000001732, -2.359999999999988773 ) ) ;
#2343 = CARTESIAN_POINT ( 'NONE',  ( -1.269999999999999574, -0.9999999999999988898, 2.350000000000000089 ) ) ;
#2344 = B_SPLINE_CURVE_WITH_KNOTS ( 'NONE', 3,
 ( #781, #326, #1766, #1729, #2976, #1526, #1751, #2491, #2232, #819 ),
 .UNSPECIFIED., .F., .F.,
 ( 4, 2, 2, 2, 4 ),
 ( 0.000000000000000000, 3.115297871150322153E-05, 6.230595742300644305E-05, 9.345893613450965780E-05, 0.0001246119148460128861 ),
 .UNSPECIFIED. ) ;
#2345 = PRESENTATION_STYLE_ASSIGNMENT (( #1379 ) ) ;
#2346 = CARTESIAN_POINT ( 'NONE',  ( -0.1973794752863955726, -1.250000000000001554, 0.7781227024462215036 ) ) ;
#2347 = UNCERTAINTY_MEASURE_WITH_UNIT (LENGTH_MEASURE( 1.000000000000000082E-05 ), #1356, 'distance_accuracy_value', 'NONE');
#2348 = VERTEX_POINT ( 'NONE', #1472 ) ;
#2349 = DIRECTION ( 'NONE',  ( -8.470329472543003391E-17, 1.000000000000000000, 0.000000000000000000 ) ) ;
#2350 =( GEOMETRIC_REPRESENTATION_CONTEXT ( 3 ) GLOBAL_UNCERTAINTY_ASSIGNED_CONTEXT ( ( #3066 ) ) GLOBAL_UNIT_ASSIGNED_CONTEXT ( ( #1824, #3035, #1885 ) ) REPRESENTATION_CONTEXT ( 'NONE', 'WORKASPACE' ) );
#2351 = CARTESIAN_POINT ( 'NONE',  ( 0.05396442235651190827, -1.149999999999999911, 1.589024663320367736 ) ) ;
#2352 = CARTESIAN_POINT ( 'NONE',  ( 1.019999999999999796, 0.7700000000000006839, 0.4500000000000005107 ) ) ;
#2353 = ORIENTED_EDGE ( 'NONE', *, *, #664, .F. ) ;
#2354 =( NAMED_UNIT ( * ) PLANE_ANGLE_UNIT ( ) SI_UNIT ( $, .RADIAN. ) );
#2355 = EDGE_CURVE ( 'NONE', #2467, #467, #1277, .T. ) ;
#2356 = DIRECTION ( 'NONE',  ( -0.000000000000000000, 1.000000000000000000, 0.000000000000000000 ) ) ;
#2357 = LINE ( 'NONE', #1363, #2553 ) ;
#2358 = MECHANICAL_DESIGN_GEOMETRIC_PRESENTATION_REPRESENTATION (  '', ( #2649 ), #458 ) ;
#2359 = AXIS2_PLACEMENT_3D ( 'NONE', #15, #940, #1892 ) ;
#2360 = CARTESIAN_POINT ( 'NONE',  ( 0.2732007105321402896, 0.3199999999999993960, 7.909999999999990372 ) ) ;
#2361 = CARTESIAN_POINT ( 'NONE',  ( 0.1665885810817074597, -1.250000000000000888, 0.7707336829929043454 ) ) ;
#2362 = CARTESIAN_POINT ( 'NONE',  ( 0.2785605355541227457, -1.129999999999999227, 1.102211669087620471 ) ) ;
#2363 = CARTESIAN_POINT ( 'NONE',  ( -0.1855040689101490614, -1.129999999999998783, 0.7285820478135650591 ) ) ;
#2364 = ORIENTED_EDGE ( 'NONE', *, *, #297, .F. ) ;
#2365 = CARTESIAN_POINT ( 'NONE',  ( 0.1581755106426736279, -1.149999999999990807, 0.7336620086532098517 ) ) ;
#2366 = CARTESIAN_POINT ( 'NONE',  ( -0.2349397590361447796, -1.250000000000000000, 0.8488780120481929092 ) ) ;
#2367 = SURFACE_STYLE_FILL_AREA ( #1397 ) ;
#2368 = EDGE_CURVE ( 'NONE', #2036, #1560, #332, .T. ) ;
#2369 = EDGE_LOOP ( 'NONE', ( #322, #187, #145, #2440 ) ) ;
#2370 = CARTESIAN_POINT ( 'NONE',  ( 0.3200000000000001177, -0.2560000000000007825, 8.550000000000000711 ) ) ;
#2371 = ORIENTED_EDGE ( 'NONE', *, *, #1703, .T. ) ;
#2372 = ADVANCED_FACE ( 'NONE', ( #999 ), #2226, .F. ) ;
#2373 = SURFACE_STYLE_FILL_AREA ( #1402 ) ;
#2374 = VERTEX_POINT ( 'NONE', #1490 ) ;
#2375 = LINE ( 'NONE', #235, #302 ) ;
#2376 = ADVANCED_FACE ( 'NONE', ( #1776 ), #1984, .F. ) ;
#2377 = PLANE ( 'NONE',  #2253 ) ;
#2378 = CARTESIAN_POINT ( 'NONE',  ( -0.1560617469879519992, -1.250000000000000000, 0.7700000000000001288 ) ) ;
#2379 = SURFACE_STYLE_FILL_AREA ( #2899 ) ;
#2380 = EDGE_LOOP ( 'NONE', ( #2552, #1194, #1558, #30 ) ) ;
#2381 = CARTESIAN_POINT ( 'NONE',  ( 0.2518730436385708260, -1.149999999999990807, 0.7762156859387957519 ) ) ;
#2382 = CARTESIAN_POINT ( 'NONE',  ( 0.3464101615137756829, -1.046666666666666856, 2.449999999999999734 ) ) ;
#2383 = ORIENTED_EDGE ( 'NONE', *, *, #2524, .T. ) ;
#2384 = CARTESIAN_POINT ( 'NONE',  ( -1.269999999999999574, -0.9999999999999988898, 2.350000000000000089 ) ) ;
#2385 = ORIENTED_EDGE ( 'NONE', *, *, #1863, .T. ) ;
#2386 = CARTESIAN_POINT ( 'NONE',  ( -0.2080248574915261051, -1.231252813118717926, 1.373679649092328647 ) ) ;
#2387 = FILL_AREA_STYLE ('',( #739 ) ) ;
#2388 = EDGE_CURVE ( 'NONE', #1468, #824, #320, .T. ) ;
#2389 = FILL_AREA_STYLE ('',( #977 ) ) ;
#2390 = CARTESIAN_POINT ( 'NONE',  ( 1.144999999999999130, -0.9999999999999978906, 2.374999999999999556 ) ) ;
#2391 = ORIENTED_EDGE ( 'NONE', *, *, #2768, .F. ) ;
#2392 = CARTESIAN_POINT ( 'NONE',  ( 0.2275784156327516072, -1.249999999999969136, 0.8074457306935094447 ) ) ;
#2393 = CARTESIAN_POINT ( 'NONE',  ( -0.2069451709529503136, -1.250000000000000666, 1.756761588701826415 ) ) ;
#2394 = VERTEX_POINT ( 'NONE', #1245 ) ;
#2395 = CIRCLE ( 'NONE', #6, 0.6136029765733795882 ) ;
#2396 = CARTESIAN_POINT ( 'NONE',  ( -1.169999999999998597, 0.7700000000000006839, 0.6000000000000000888 ) ) ;
#2397 = CARTESIAN_POINT ( 'NONE',  ( 0.1584097649297321608, -1.129999999999999227, 1.813618140975422177 ) ) ;
#2398 = MECHANICAL_DESIGN_GEOMETRIC_PRESENTATION_REPRESENTATION (  '', ( #641 ), #1942 ) ;
#2399 = CARTESIAN_POINT ( 'NONE',  ( -0.1573284206430661802, -1.149999999999999911, 1.806397023426620674 ) ) ;
#2400 = PRESENTATION_LAYER_ASSIGNMENT (  '', '', ( #792 ) ) ;
#2401 = ORIENTED_EDGE ( 'NONE', *, *, #1343, .F. ) ;
#2402 = CARTESIAN_POINT ( 'NONE',  ( 1.220000000000001084, -0.7700000000000002398, 0.6500000000000000222 ) ) ;
#2403 = STYLED_ITEM ( 'NONE', ( #989 ), #1993 ) ;
#2404 = SURFACE_STYLE_FILL_AREA ( #2387 ) ;
#2405 = VECTOR ( 'NONE', #1570, 1000.000000000000000 ) ;
#2406 = CARTESIAN_POINT ( 'NONE',  ( -0.3199999999999999512, 0.2559999999999998943, -2.359999999999988773 ) ) ;
#2407 = VECTOR ( 'NONE', #1326, 1000.000000000000000 ) ;
#2408 = EDGE_CURVE ( 'NONE', #2073, #478, #2906, .T. ) ;
#2409 = ORIENTED_EDGE ( 'NONE', *, *, #2687, .F. ) ;
#2410 = CARTESIAN_POINT ( 'NONE',  ( -0.2295325812726605741, -1.149999999999999911, 1.353373351695848381 ) ) ;
#2411 = DIRECTION ( 'NONE',  ( 0.000000000000000000, 0.000000000000000000, 1.000000000000000000 ) ) ;
#2412 = VERTEX_POINT ( 'NONE', #811 ) ;
#2413 = CARTESIAN_POINT ( 'NONE',  ( 0.2061859094075594867, -1.250000000000001110, 1.756700574110172441 ) ) ;
#2414 = CARTESIAN_POINT ( 'NONE',  ( 1.020000000000000462, -0.9999999999999978906, 2.500000000000000000 ) ) ;
#2415 = ORIENTED_EDGE ( 'NONE', *, *, #1158, .F. ) ;
#2416 = DIRECTION ( 'NONE',  ( -0.7071067811865506814, -0.000000000000000000, -0.7071067811865443531 ) ) ;
#2417 = CARTESIAN_POINT ( 'NONE',  ( -0.7699999999999996847, -1.250000000000000000, 2.500000000000000000 ) ) ;
#2418 = EDGE_CURVE ( 'NONE', #687, #1468, #2702, .T. ) ;
#2419 = CARTESIAN_POINT ( 'NONE',  ( -0.2349397590361447796, -1.250000000000000000, 1.458064759036144631 ) ) ;
#2420 = CARTESIAN_POINT ( 'NONE',  ( 0.3200000000000000622, -0.2732007105321409557, 7.909999999999986819 ) ) ;
#2421 =( NAMED_UNIT ( * ) PLANE_ANGLE_UNIT ( ) SI_UNIT ( $, .RADIAN. ) );
#2422 = ORIENTED_EDGE ( 'NONE', *, *, #754, .T. ) ;
#2423 = CARTESIAN_POINT ( 'NONE',  ( -1.019999999999999796, 0.7700000000000006839, 0.000000000000000000 ) ) ;
#2424 = EDGE_CURVE ( 'NONE', #2270, #1404, #92, .T. ) ;
#2425 = CARTESIAN_POINT ( 'NONE',  ( 0.1563994110147653438, -1.223345048151484260, 0.7602983909313413280 ) ) ;
#2426 = CARTESIAN_POINT ( 'NONE',  ( -1.815899543548297060E-16, -1.149999999999999911, 1.806397023426620674 ) ) ;
#2427 = ORIENTED_EDGE ( 'NONE', *, *, #1863, .F. ) ;
#2428 = CARTESIAN_POINT ( 'NONE',  ( 2.170000000000000817, -0.9999999999999978906, 1.599999999999991651 ) ) ;
#2429 =( LENGTH_UNIT ( ) NAMED_UNIT ( * ) SI_UNIT ( .MILLI., .METRE. ) );
#2430 = CARTESIAN_POINT ( 'NONE',  ( 0.05396442235651192215, -1.149999999999999911, 1.079840822973017644 ) ) ;
#2431 = EDGE_CURVE ( 'NONE', #1094, #2933, #574, .T. ) ;
#2432 = CARTESIAN_POINT ( 'NONE',  ( 1.270000000000000240, 0.9999999999999983347, 2.500000000000000000 ) ) ;
#2433 = DIRECTION ( 'NONE',  ( 0.000000000000000000, 1.000000000000000000, 0.000000000000000000 ) ) ;
#2434 = ORIENTED_EDGE ( 'NONE', *, *, #2278, .T. ) ;
#2435 = CARTESIAN_POINT ( 'NONE',  ( 0.05396442235651190827, -1.149999999999999911, 1.420349964525186914 ) ) ;
#2436 = LINE ( 'NONE', #2669, #2549 ) ;
#2437 = AXIS2_PLACEMENT_3D ( 'NONE', #1458, #516, #984 ) ;
#2438 = EDGE_CURVE ( 'NONE', #960, #2933, #124, .T. ) ;
#2439 =( GEOMETRIC_REPRESENTATION_CONTEXT ( 3 ) GLOBAL_UNCERTAINTY_ASSIGNED_CONTEXT ( ( #2221 ) ) GLOBAL_UNIT_ASSIGNED_CONTEXT ( ( #396, #1290, #809 ) ) REPRESENTATION_CONTEXT ( 'NONE', 'WORKASPACE' ) );
#2440 = ORIENTED_EDGE ( 'NONE', *, *, #2006, .F. ) ;
#2441 = CARTESIAN_POINT ( 'NONE',  ( -1.169999999999998597, -0.9999999999999986677, 0.6000000000000000888 ) ) ;
#2442 = VECTOR ( 'NONE', #366, 1000.000000000000000 ) ;
#2443 = VECTOR ( 'NONE', #2411, 1000.000000000000000 ) ;
#2444 = AXIS2_PLACEMENT_3D ( 'NONE', #203, #684, #3084 ) ;
#2445 = CARTESIAN_POINT ( 'NONE',  ( -0.2608839580572228645, -1.149999999999999689, 0.7919293115025519691 ) ) ;
#2446 = PLANE ( 'NONE',  #1542 ) ;
#2447 = COLOUR_RGB ( '',0.9686274509803921573, 0.8784313725490195957, 0.5999999999999999778 ) ;
#2448 = DIRECTION ( 'NONE',  ( -1.084202172485505790E-16, 1.000000000000000000, 0.000000000000000000 ) ) ;
#2449 = VECTOR ( 'NONE', #749, 1000.000000000000000 ) ;
#2450 = PRESENTATION_STYLE_ASSIGNMENT (( #296 ) ) ;
#2451 = ORIENTED_EDGE ( 'NONE', *, *, #388, .F. ) ;
#2452 = VECTOR ( 'NONE', #2616, 1000.000000000000114 ) ;
#2453 = CARTESIAN_POINT ( 'NONE',  ( 0.2291490472775132015, -1.149999999999999689, 1.206427255910813345 ) ) ;
#2454 = CARTESIAN_POINT ( 'NONE',  ( 0.2772771856230505927, -1.129999999999999005, 1.720741335973686059 ) ) ;
#2455 = ADVANCED_FACE ( 'NONE', ( #1032 ), #1721, .T. ) ;
#2456 = ORIENTED_EDGE ( 'NONE', *, *, #908, .T. ) ;
#2457 = EDGE_LOOP ( 'NONE', ( #1335, #2732, #1311, #138, #1998, #1830 ) ) ;
#2458 = EDGE_LOOP ( 'NONE', ( #610, #1814, #401, #2277, #2713, #1710 ) ) ;
#2459 = ADVANCED_FACE ( 'NONE', ( #1557 ), #1093, .T. ) ;
#2460 = DIRECTION ( 'NONE',  ( 0.000000000000000000, -5.078189165123089681E-17, 1.000000000000000000 ) ) ;
#2461 = EDGE_CURVE ( 'NONE', #1650, #2056, #1947, .T. ) ;
#2462 = CARTESIAN_POINT ( 'NONE',  ( -0.2346826363381523672, -1.129999999999999227, 1.348216507526515340 ) ) ;
#2463 = CARTESIAN_POINT ( 'NONE',  ( 0.2349397590361444188, -1.250000000000000000, 1.692439759036144631 ) ) ;
#2464 = DIRECTION ( 'NONE',  ( 8.470329472543003391E-17, -1.000000000000000000, 0.000000000000000000 ) ) ;
#2465 = CARTESIAN_POINT ( 'NONE',  ( 1.019999999999999796, -1.250000000000000222, 0.5999999999999999778 ) ) ;
#2466 = DIRECTION ( 'NONE',  ( -0.000000000000000000, 1.000000000000000000, 0.000000000000000000 ) ) ;
#2467 = VERTEX_POINT ( 'NONE', #368 ) ;
#2468 = SURFACE_STYLE_FILL_AREA ( #2699 ) ;
#2469 = VERTEX_POINT ( 'NONE', #876 ) ;
#2470 = SURFACE_SIDE_STYLE ('',( #560 ) ) ;
#2471 = EDGE_LOOP ( 'NONE', ( #724, #2164, #1064, #1914, #1746 ) ) ;
#2472 = VERTEX_POINT ( 'NONE', #1359 ) ;
#2473 = CARTESIAN_POINT ( 'NONE',  ( 1.019999999999999796, 0.9999999999999986677, 2.500000000000000000 ) ) ;
#2474 = EDGE_CURVE ( 'NONE', #43, #1404, #2802, .T. ) ;
#2475 = DIRECTION ( 'NONE',  ( 0.000000000000000000, 0.9396926207859082059, 0.3420201433256694901 ) ) ;
#2476 = DIRECTION ( 'NONE',  ( -0.3420201433256690460, -0.9396926207859083169, 0.000000000000000000 ) ) ;
#2477 = EDGE_CURVE ( 'NONE', #3002, #2004, #186, .T. ) ;
#2478 = CARTESIAN_POINT ( 'NONE',  ( -0.3199999999999998956, -0.3200000000000001732, -2.359999999999988773 ) ) ;
#2479 = CARTESIAN_POINT ( 'NONE',  ( 0.2341438633119422297, -1.129999999999999449, 1.211749748594949105 ) ) ;
#2480 = CARTESIAN_POINT ( 'NONE',  ( -1.169999999999999707, 0.9999999999999983347, 2.350000000000000089 ) ) ;
#2481 = ORIENTED_EDGE ( 'NONE', *, *, #2045, .F. ) ;
#2482 = CARTESIAN_POINT ( 'NONE',  ( 0.09036144578313230757, -1.250000000000000000, 1.095301204819277396 ) ) ;
#2483 = ORIENTED_EDGE ( 'NONE', *, *, #2829, .T. ) ;
#2484 = CARTESIAN_POINT ( 'NONE',  ( 1.020000000000000462, -0.9999999999999978906, 0.000000000000000000 ) ) ;
#2485 = ORIENTED_EDGE ( 'NONE', *, *, #99, .F. ) ;
#2486 = CARTESIAN_POINT ( 'NONE',  ( 0.2640549167020749266, -1.170006761748994872, 0.8482684769004060765 ) ) ;
#2487 = ORIENTED_EDGE ( 'NONE', *, *, #336, .T. ) ;
#2488 = FACE_OUTER_BOUND ( 'NONE', #319, .T. ) ;
#2489 = COLOUR_RGB ( '',0.9686274509803921573, 0.8784313725490195957, 0.5999999999999999778 ) ;
#2490 = EDGE_CURVE ( 'NONE', #1775, #1042, #799, .T. ) ;
#2491 = CARTESIAN_POINT ( 'NONE',  ( -0.1771939946250035980, -1.249999999999989786, 1.768241958426034932 ) ) ;
#2492 = STYLED_ITEM ( 'NONE', ( #2664 ), #1470 ) ;
#2493 = CARTESIAN_POINT ( 'NONE',  ( -0.2732007105321400675, 0.3199999999999993405, 7.909999999999988596 ) ) ;
#2494 = CARTESIAN_POINT ( 'NONE',  ( 0.2023557992669519356, -1.250000000000001110, 1.181792636748311587 ) ) ;
#2495 = EDGE_CURVE ( 'NONE', #2412, #2997, #1340, .T. ) ;
#2496 = CARTESIAN_POINT ( 'NONE',  ( 0.2349397590361444188, -1.250000000000000000, 1.100007530120482135 ) ) ;
#2497 = VECTOR ( 'NONE', #976, 1000.000000000000114 ) ;
#2498 = UNCERTAINTY_MEASURE_WITH_UNIT (LENGTH_MEASURE( 1.000000000000000082E-05 ), #1763, 'distance_accuracy_value', 'NONE');
#2499 = ORIENTED_EDGE ( 'NONE', *, *, #483, .T. ) ;
#2500 = FILL_AREA_STYLE_COLOUR ( '', #510 ) ;
#2501 = AXIS2_PLACEMENT_3D ( 'NONE', #2478, #2677, #1767 ) ;
#2502 = FILL_AREA_STYLE_COLOUR ( '', #1937 ) ;
#2503 = DIRECTION ( 'NONE',  ( -0.000000000000000000, -0.000000000000000000, -1.000000000000000000 ) ) ;
#2504 = ORIENTED_EDGE ( 'NONE', *, *, #1347, .T. ) ;
#2505 = CARTESIAN_POINT ( 'NONE',  ( -0.2494911852965882026, -1.210020284928572831, 1.691426653298531368 ) ) ;
#2506 = EDGE_LOOP ( 'NONE', ( #2703, #2020, #2718, #215 ) ) ;
#2507 = AXIS2_PLACEMENT_3D ( 'NONE', #2724, #1994, #2028 ) ;
#2508 = ORIENTED_EDGE ( 'NONE', *, *, #2822, .T. ) ;
#2509 = LINE ( 'NONE', #1780, #2693 ) ;
#2510 = DIRECTION ( 'NONE',  ( 1.000000000000000000, 0.000000000000000000, 0.000000000000000000 ) ) ;
#2511 = DIRECTION ( 'NONE',  ( -0.9396926207859083169, 0.3420201433256691015, 0.000000000000000000 ) ) ;
#2512 = EDGE_CURVE ( 'NONE', #17, #1625, #2533, .T. ) ;
#2513 = CARTESIAN_POINT ( 'NONE',  ( 0.1581493721355243798, -1.149999999999999467, 1.806339440747603886 ) ) ;
#2514 = CARTESIAN_POINT ( 'NONE',  ( 5.421010862427522170E-17, -0.4466666666666664898, 2.500000000000000000 ) ) ;
#2515 = CARTESIAN_POINT ( 'NONE',  ( 0.2081842810550322553, -1.249999999999997780, 1.175455635456971848 ) ) ;
#2516 = VERTEX_POINT ( 'NONE', #137 ) ;
#2517 = FILL_AREA_STYLE_COLOUR ( '', #1954 ) ;
#2518 = EDGE_CURVE ( 'NONE', #321, #2988, #1124, .T. ) ;
#2519 = CARTESIAN_POINT ( 'NONE',  ( -0.2010872110020788806, -0.2010872110020796577, 8.584387938363944315 ) ) ;
#2520 = ORIENTED_EDGE ( 'NONE', *, *, #286, .T. ) ;
#2521 = PLANE ( 'NONE',  #2501 ) ;
#2522 = ORIENTED_EDGE ( 'NONE', *, *, #2578, .T. ) ;
#2523 = PLANE ( 'NONE',  #2005 ) ;
#2524 = EDGE_CURVE ( 'NONE', #2688, #3002, #3024, .T. ) ;
#2525 = ORIENTED_EDGE ( 'NONE', *, *, #2109, .F. ) ;
#2526 = LINE ( 'NONE', #447, #1350 ) ;
#2527 = CARTESIAN_POINT ( 'NONE',  ( 0.2350048923525313027, -1.249999999999998890, 0.8504326073702437316 ) ) ;
#2528 = ORIENTED_EDGE ( 'NONE', *, *, #2041, .F. ) ;
#2529 = CARTESIAN_POINT ( 'NONE',  ( 0.2760754353395321603, -1.129999999999999005, 1.138962689903151970 ) ) ;
#2530 = CARTESIAN_POINT ( 'NONE',  ( 0.1566872219846692782, -1.200000000451067139, 1.788198511549135228 ) ) ;
#2531 = ORIENTED_EDGE ( 'NONE', *, *, #985, .T. ) ;
#2532 = PLANE ( 'NONE',  #949 ) ;
#2533 = LINE ( 'NONE', #398, #3056 ) ;
#2534 = ORIENTED_EDGE ( 'NONE', *, *, #82, .F. ) ;
#2535 = LINE ( 'NONE', #1573, #2407 ) ;
#2536 = ORIENTED_EDGE ( 'NONE', *, *, #2747, .T. ) ;
#2537 = EDGE_CURVE ( 'NONE', #575, #1014, #889, .T. ) ;
#2538 = DIRECTION ( 'NONE',  ( 1.000000000000000000, 0.000000000000000000, 0.000000000000000000 ) ) ;
#2539 = DIRECTION ( 'NONE',  ( -6.842277657836020854E-49, 5.078189165123089681E-17, -1.000000000000000000 ) ) ;
#2540 = CARTESIAN_POINT ( 'NONE',  ( 0.1553685607633407684, -1.250000000000000888, 0.7699516873791893978 ) ) ;
#2541 = PRESENTATION_LAYER_ASSIGNMENT (  '', '', ( #641 ) ) ;
#2542 = ORIENTED_EDGE ( 'NONE', *, *, #2438, .F. ) ;
#2543 = CARTESIAN_POINT ( 'NONE',  ( 5.421010862427522170E-17, -0.4466666666666664898, 2.449999999999999734 ) ) ;
#2544 = CARTESIAN_POINT ( 'NONE',  ( -1.269999999999999574, -0.9999999999999988898, 0.5999999999999998668 ) ) ;
#2545 = ORIENTED_EDGE ( 'NONE', *, *, #2518, .F. ) ;
#2546 = VECTOR ( 'NONE', #2550, 1000.000000000000000 ) ;
#2547 = FILL_AREA_STYLE ('',( #417 ) ) ;
#2548 = VECTOR ( 'NONE', #280, 1000.000000000000000 ) ;
#2549 = VECTOR ( 'NONE', #721, 1000.000000000000000 ) ;
#2550 = DIRECTION ( 'NONE',  ( 1.000000000000000000, 0.000000000000000000, 0.000000000000000000 ) ) ;
#2551 = CARTESIAN_POINT ( 'NONE',  ( -0.2446407098541352743, -1.223346856680331163, 1.691325107251418824 ) ) ;
#2552 = ORIENTED_EDGE ( 'NONE', *, *, #304, .F. ) ;
#2553 = VECTOR ( 'NONE', #1134, 1000.000000000000000 ) ;
#2554 = ADVANCED_FACE ( 'NONE', ( #1605 ), #2521, .F. ) ;
#2555 = FACE_OUTER_BOUND ( 'NONE', #93, .T. ) ;
#2556 = CARTESIAN_POINT ( 'NONE',  ( 0.6499999999999999112, -1.249999999999999778, 1.270000000000000018 ) ) ;
#2557 = AXIS2_PLACEMENT_3D ( 'NONE', #2074, #878, #126 ) ;
#2558 = EDGE_CURVE ( 'NONE', #2933, #1697, #1301, .T. ) ;
#2559 = PLANE ( 'NONE',  #1841 ) ;
#2560 = LINE ( 'NONE', #2298, #1487 ) ;
#2561 = ADVANCED_FACE ( 'NONE', ( #86 ), #784, .F. ) ;
#2562 = LINE ( 'NONE', #452, #2795 ) ;
#2563 = CARTESIAN_POINT ( 'NONE',  ( -0.2350048923525309974, -1.250000000000001332, 0.8504326073702300759 ) ) ;
#2564 = ORIENTED_EDGE ( 'NONE', *, *, #1567, .F. ) ;
#2565 = CARTESIAN_POINT ( 'NONE',  ( 0.2280098402426338211, -1.149999999999990807, 0.7529413584738515741 ) ) ;
#2566 = DIRECTION ( 'NONE',  ( 1.084202172485506529E-16, -1.000000000000000000, 0.000000000000000000 ) ) ;
#2567 = LINE ( 'NONE', #2324, #2248 ) ;
#2568 = DIRECTION ( 'NONE',  ( -0.000000000000000000, -0.000000000000000000, -1.000000000000000000 ) ) ;
#2569 = ORIENTED_EDGE ( 'NONE', *, *, #2066, .T. ) ;
#2570 = CARTESIAN_POINT ( 'NONE',  ( -1.269999999999999574, -0.9999999999999988898, 2.500000000000000000 ) ) ;
#2571 = DIRECTION ( 'NONE',  ( 8.470329472543003391E-17, -1.000000000000000000, 0.000000000000000000 ) ) ;
#2572 = LINE ( 'NONE', #2821, #1101 ) ;
#2573 = DIRECTION ( 'NONE',  ( 1.000000000000000000, 0.000000000000000000, -0.000000000000000000 ) ) ;
#2574 = LINE ( 'NONE', #1596, #1348 ) ;
#2575 = SURFACE_SIDE_STYLE ('',( #2812 ) ) ;
#2576 = CARTESIAN_POINT ( 'NONE',  ( -0.2785775458924499848, -1.129999999999998561, 0.8470411857358883800 ) ) ;
#2577 = B_SPLINE_CURVE_WITH_KNOTS ( 'NONE', 3,
 ( #555, #2515, #1500, #603, #1785, #1086, #2269, #2496 ),
 .UNSPECIFIED., .F., .F.,
 ( 4, 2, 2, 4 ),
 ( 8.131516293641282051E-20, 2.242865849681359832E-05, 4.485731699362711532E-05, 8.971463398725414932E-05 ),
 .UNSPECIFIED. ) ;
#2578 = EDGE_CURVE ( 'NONE', #1232, #1489, #1283, .T. ) ;
#2579 = VERTEX_POINT ( 'NONE', #1783 ) ;
#2580 = DIRECTION ( 'NONE',  ( -0.7071067811865506814, 0.000000000000000000, -0.7071067811865443531 ) ) ;
#2581 = DIRECTION ( 'NONE',  ( -6.842277657836020854E-49, 5.078189165123089681E-17, -1.000000000000000000 ) ) ;
#2582 = DIRECTION ( 'NONE',  ( -0.7071067811865515695, -0.000000000000000000, -0.7071067811865435759 ) ) ;
#2583 = ORIENTED_EDGE ( 'NONE', *, *, #2368, .F. ) ;
#2584 = CARTESIAN_POINT ( 'NONE',  ( 0.2061859094075604582, -1.249999999999996447, 1.756700574110173996 ) ) ;
#2585 = DIRECTION ( 'NONE',  ( 0.000000000000000000, -1.000000000000000000, 0.000000000000000000 ) ) ;
#2586 = CARTESIAN_POINT ( 'NONE',  ( 0.3012548339959390531, 0.3012548339959383870, 8.016309119164537478 ) ) ;
#2587 = CARTESIAN_POINT ( 'NONE',  ( 0.09036144578313230757, -1.250000000000000000, 1.456746987951807348 ) ) ;
#2588 = EDGE_CURVE ( 'NONE', #2394, #716, #1255, .T. ) ;
#2589 = PLANE ( 'NONE',  #351 ) ;
#2590 = DIRECTION ( 'NONE',  ( 0.000000000000000000, 1.000000000000000000, -0.000000000000000000 ) ) ;
#2591 = ORIENTED_EDGE ( 'NONE', *, *, #58, .T. ) ;
#2592 = MECHANICAL_DESIGN_GEOMETRIC_PRESENTATION_REPRESENTATION (  '', ( #1583 ), #2990 ) ;
#2593 = ADVANCED_FACE ( 'NONE', ( #2267 ), #2112, .F. ) ;
#2594 = SURFACE_STYLE_FILL_AREA ( #2547 ) ;
#2595 = LINE ( 'NONE', #2086, #2599 ) ;
#2596 = MECHANICAL_DESIGN_GEOMETRIC_PRESENTATION_REPRESENTATION (  '', ( #1787 ), #404 ) ;
#2597 = ORIENTED_EDGE ( 'NONE', *, *, #946, .F. ) ;
#2598 = LINE ( 'NONE', #2370, #3059 ) ;
#2599 = VECTOR ( 'NONE', #1886, 1000.000000000000000 ) ;
#2600 = ADVANCED_FACE ( 'NONE', ( #358 ), #1963, .F. ) ;
#2601 = FILL_AREA_STYLE_COLOUR ( '', #1100 ) ;
#2602 = FILL_AREA_STYLE_COLOUR ( '', #1394 ) ;
#2603 = AXIS2_PLACEMENT_3D ( 'NONE', #2587, #449, #1102 ) ;
#2604 = ORIENTED_EDGE ( 'NONE', *, *, #1104, .F. ) ;
#2605 = DIRECTION ( 'NONE',  ( 0.000000000000000000, 0.000000000000000000, 1.000000000000000000 ) ) ;
#2606 = CARTESIAN_POINT ( 'NONE',  ( 0.2578255419175595198, -1.129999999999999449, 0.7718528645085277473 ) ) ;
#2607 = COLOUR_RGB ( '',1.000000000000000000, 0.000000000000000000, 0.000000000000000000 ) ;
#2608 = CARTESIAN_POINT ( 'NONE',  ( -0.2607186573092984405, -1.179173059096093379, 1.457410702692492510 ) ) ;
#2609 =( GEOMETRIC_REPRESENTATION_CONTEXT ( 3 ) GLOBAL_UNCERTAINTY_ASSIGNED_CONTEXT ( ( #649 ) ) GLOBAL_UNIT_ASSIGNED_CONTEXT ( ( #2068, #585, #2031 ) ) REPRESENTATION_CONTEXT ( 'NONE', 'WORKASPACE' ) );
#2610 = CARTESIAN_POINT ( 'NONE',  ( -0.1553685607633366328, -1.250000000000001332, 0.7699516873791895089 ) ) ;
#2611 = ORIENTED_EDGE ( 'NONE', *, *, #1757, .F. ) ;
#2612 = CARTESIAN_POINT ( 'NONE',  ( 1.270000000000000240, 0.9999999999999983347, 2.350000000000000089 ) ) ;
#2613 = CARTESIAN_POINT ( 'NONE',  ( -0.2349397590361447796, -1.250000000000000000, 1.095301204819277396 ) ) ;
#2614 = APPLICATION_CONTEXT ( 'automotive_design' ) ;
#2615 = ORIENTED_EDGE ( 'NONE', *, *, #971, .T. ) ;
#2616 = DIRECTION ( 'NONE',  ( -0.1710878697460327114, 0.1710878697460326836, -0.9702875252478149193 ) ) ;
#2617 = CARTESIAN_POINT ( 'NONE',  ( -0.2713367824627651026, -1.150000000000000133, 1.270000000000000018 ) ) ;
#2618 = LINE ( 'NONE', #480, #2943 ) ;
#2619 = ADVANCED_FACE ( 'NONE', ( #1237 ), #1070, .F. ) ;
#2620 = ORIENTED_EDGE ( 'NONE', *, *, #2788, .T. ) ;
#2621 = LINE ( 'NONE', #482, #1683 ) ;
#2622 = DIRECTION ( 'NONE',  ( -0.1710878697460326558, -0.1710878697460326836, 0.9702875252478149193 ) ) ;
#2623 = B_SPLINE_SURFACE_WITH_KNOTS ( 'NONE', 1, 3, ( 
 ( #806, #2494, #1040, #2014, #1995, #1071, #1784, #1753, #146, #1085, #535, #2710, #569, #1512 ),
 ( #2479, #2048, #2998, #340, #117, #1057, #1564, #902, #2529, #392, #2362, #916, #3077, #2779 ) ),
 .UNSPECIFIED., .F., .F., .F.,
 ( 2, 2 ),
 ( 4, 3, 2, 2, 3, 4 ),
 ( 0.000000000000000000, 1.000000000000000000 ),
 ( -0.01900469465623488841, 0.000000000000000000, 0.2500000000000000000, 0.5000000000000000000, 1.000000000000000000, 1.016633854666653125 ),
 .UNSPECIFIED. ) ;
#2624 = LINE ( 'NONE', #727, #1535 ) ;
#2625 = LINE ( 'NONE', #964, #1899 ) ;
#2626 = EDGE_LOOP ( 'NONE', ( #1707, #2534, #537, #746 ) ) ;
#2627 = CARTESIAN_POINT ( 'NONE',  ( -1.019999999999999796, -0.7700000000000002398, 0.000000000000000000 ) ) ;
#2628 = B_SPLINE_CURVE_WITH_KNOTS ( 'NONE', 3,
 ( #485, #2663, #2608, #511, #2171, #2636, #2419 ),
 .UNSPECIFIED., .F., .F.,
 ( 4, 3, 4 ),
 ( 0.000000000000000000, 4.656973448362500327E-05, 0.0001064217836431323894 ),
 .UNSPECIFIED. ) ;
#2629 = ORIENTED_EDGE ( 'NONE', *, *, #1882, .T. ) ;
#2630 = FACE_OUTER_BOUND ( 'NONE', #1861, .T. ) ;
#2631 = CARTESIAN_POINT ( 'NONE',  ( 0.2785969470547811078, -1.129999999999999227, 1.693830622814569420 ) ) ;
#2632 = CARTESIAN_POINT ( 'NONE',  ( -0.1688168747726602748, -1.149999999999996581, 1.805596415059560922 ) ) ;
#2633 = EDGE_LOOP ( 'NONE', ( #1200, #775, #1827, #2285 ) ) ;
#2634 = EDGE_CURVE ( 'NONE', #687, #1062, #2823, .T. ) ;
#2635 = CARTESIAN_POINT ( 'NONE',  ( -5.007143004635796034E-17, -1.149999999999999911, 1.589024663320367736 ) ) ;
#2636 = CARTESIAN_POINT ( 'NONE',  ( -0.2417630375826165801, -1.231253196266919980, 1.457891629146800705 ) ) ;
#2637 = DIRECTION ( 'NONE',  ( -0.7071067811865445751, -0.7071067811865504593, -0.000000000000000000 ) ) ;
#2638 = ORIENTED_EDGE ( 'NONE', *, *, #2518, .T. ) ;
#2639 = CARTESIAN_POINT ( 'NONE',  ( -0.1855040689101464524, -1.129999999999999449, 1.811417952186437086 ) ) ;
#2640 = ORIENTED_EDGE ( 'NONE', *, *, #606, .T. ) ;
#2641 = AXIS2_PLACEMENT_3D ( 'NONE', #2115, #3080, #1627 ) ;
#2642 = DIRECTION ( 'NONE',  ( -6.842277657836020854E-49, 5.078189165123089681E-17, -1.000000000000000000 ) ) ;
#2643 = CARTESIAN_POINT ( 'NONE',  ( 0.1569483399696933457, -1.180008786204581606, 0.7445252815183058814 ) ) ;
#2644 = AXIS2_PLACEMENT_3D ( 'NONE', #1926, #987, #753 ) ;
#2645 = VECTOR ( 'NONE', #856, 999.9999999999998863 ) ;
#2646 = EDGE_CURVE ( 'NONE', #1560, #841, #1928, .T. ) ;
#2647 = ORIENTED_EDGE ( 'NONE', *, *, #1473, .F. ) ;
#2648 = CARTESIAN_POINT ( 'NONE',  ( -0.09036144578313276554, -1.250000000000000000, 1.625421686746987948 ) ) ;
#2649 = STYLED_ITEM ( 'NONE', ( #1987 ), #2016 ) ;
#2650 = CARTESIAN_POINT ( 'NONE',  ( -1.269999999999999574, -0.9999999999999988898, 2.500000000000000000 ) ) ;
#2651 = VECTOR ( 'NONE', #1427, 1000.000000000000000 ) ;
#2652 = DIRECTION ( 'NONE',  ( 0.000000000000000000, -1.000000000000000000, -5.078189165123089681E-17 ) ) ;
#2653 = AXIS2_PLACEMENT_3D ( 'NONE', #2255, #1773, #1060 ) ;
#2654 = EDGE_CURVE ( 'NONE', #239, #1139, #1761, .T. ) ;
#2655 = SHAPE_DEFINITION_REPRESENTATION ( #1366, #2785 ) ;
#2656 = CARTESIAN_POINT ( 'NONE',  ( 0.2338056406508219887, -1.249999999999969358, 0.8276727744746812387 ) ) ;
#2657 = PLANE ( 'NONE',  #994 ) ;
#2658 = ORIENTED_EDGE ( 'NONE', *, *, #891, .F. ) ;
#2659 = SURFACE_STYLE_FILL_AREA ( #1228 ) ;
#2660 = CARTESIAN_POINT ( 'NONE',  ( 0.1969625335676257194, -1.250000000000001110, 1.761663957567180194 ) ) ;
#2661 = ORIENTED_EDGE ( 'NONE', *, *, #1403, .T. ) ;
#2662 = CARTESIAN_POINT ( 'NONE',  ( 0.2890920949374359283, 0.3134175730544416782, 7.947330798265292984 ) ) ;
#2663 = CARTESIAN_POINT ( 'NONE',  ( -0.2660277198773449148, -1.164586529571913553, 1.457276013884454047 ) ) ;
#2664 = PRESENTATION_STYLE_ASSIGNMENT (( #268 ) ) ;
#2665 = DIRECTION ( 'NONE',  ( -0.000000000000000000, -0.000000000000000000, -1.000000000000000000 ) ) ;
#2666 = EDGE_CURVE ( 'NONE', #2096, #2916, #2535, .T. ) ;
#2667 = VERTEX_POINT ( 'NONE', #1309 ) ;
#2668 = DIRECTION ( 'NONE',  ( 0.000000000000000000, 0.000000000000000000, -1.000000000000000000 ) ) ;
#2669 = CARTESIAN_POINT ( 'NONE',  ( 5.421010862427522170E-17, -0.4466666666666664898, 2.449999999999999734 ) ) ;
#2670 =( NAMED_UNIT ( * ) PLANE_ANGLE_UNIT ( ) SI_UNIT ( $, .RADIAN. ) );
#2671 = ORIENTED_EDGE ( 'NONE', *, *, #756, .F. ) ;
#2672 =( LENGTH_UNIT ( ) NAMED_UNIT ( * ) SI_UNIT ( .MILLI., .METRE. ) );
#2673 =( NAMED_UNIT ( * ) PLANE_ANGLE_UNIT ( ) SI_UNIT ( $, .RADIAN. ) );
#2674 = DIRECTION ( 'NONE',  ( 1.000000000000000000, 4.224164308385081333E-16, 1.537470072901852402E-16 ) ) ;
#2675 = DIRECTION ( 'NONE',  ( 0.000000000000000000, 0.000000000000000000, 1.000000000000000000 ) ) ;
#2676 = EDGE_CURVE ( 'NONE', #877, #1507, #422, .T. ) ;
#2677 = DIRECTION ( 'NONE',  ( 0.000000000000000000, 0.9848077530122085754, 0.1736481776669273891 ) ) ;
#2678 = DIRECTION ( 'NONE',  ( -1.000000000000000000, 0.000000000000000000, 0.000000000000000000 ) ) ;
#2679 = CARTESIAN_POINT ( 'NONE',  ( -0.1539821883141158920, -1.250000000000000888, 1.770144937862433876 ) ) ;
#2680 = VERTEX_POINT ( 'NONE', #2734 ) ;
#2681 = SURFACE_STYLE_USAGE ( .BOTH. , #1201 ) ;
#2682 = EDGE_CURVE ( 'NONE', #824, #1094, #700, .T. ) ;
#2683 = CARTESIAN_POINT ( 'NONE',  ( 0.1568216416384742018, -1.190011714886054728, 0.7481660498138497095 ) ) ;
#2684 = VECTOR ( 'NONE', #2029, 999.9999999999998863 ) ;
#2685 = ORIENTED_EDGE ( 'NONE', *, *, #1882, .F. ) ;
#2686 = DIRECTION ( 'NONE',  ( 0.9848077530122085754, 8.341646135128160883E-17, 0.1736481776669278332 ) ) ;
#2687 = EDGE_CURVE ( 'NONE', #2828, #371, #1035, .T. ) ;
#2688 = VERTEX_POINT ( 'NONE', #611 ) ;
#2689 = DIRECTION ( 'NONE',  ( 0.000000000000000000, -0.000000000000000000, -1.000000000000000000 ) ) ;
#2690 = AXIS2_PLACEMENT_3D ( 'NONE', #95, #2231, #2510 ) ;
#2691 = CARTESIAN_POINT ( 'NONE',  ( -0.2080741993322297034, -1.250000000000000888, 1.383884079689430058 ) ) ;
#2692 = CARTESIAN_POINT ( 'NONE',  ( 0.2349397590361444188, -1.250000000000000000, 1.692439759036144631 ) ) ;
#2693 = VECTOR ( 'NONE', #2736, 1000.000000000000000 ) ;
#2694 = CARTESIAN_POINT ( 'NONE',  ( 0.1585677505554677902, -1.149999999999999245, 1.806310649408094715 ) ) ;
#2695 = CARTESIAN_POINT ( 'NONE',  ( 5.421010862427522170E-17, -0.4466666666666665453, 2.500000000000000000 ) ) ;
#2696 = CARTESIAN_POINT ( 'NONE',  ( -0.05396442235651247726, -1.149999999999999911, 0.9509753366796325214 ) ) ;
#2697 = EDGE_LOOP ( 'NONE', ( #1808, #573, #2047, #2835 ) ) ;
#2698 = MECHANICAL_DESIGN_GEOMETRIC_PRESENTATION_REPRESENTATION (  '', ( #1647 ), #2261 ) ;
#2699 = FILL_AREA_STYLE ('',( #2517 ) ) ;
#2700 = FACE_OUTER_BOUND ( 'NONE', #667, .T. ) ;
#2701 = ORIENTED_EDGE ( 'NONE', *, *, #2097, .F. ) ;
#2702 = LINE ( 'NONE', #589, #1000 ) ;
#2703 = ORIENTED_EDGE ( 'NONE', *, *, #27, .T. ) ;
#2704 = VERTEX_POINT ( 'NONE', #625 ) ;
#2705 = ADVANCED_FACE ( 'NONE', ( #591 ), #2523, .F. ) ;
#2706 = DIRECTION ( 'NONE',  ( 0.000000000000000000, -1.000000000000000000, 0.000000000000000000 ) ) ;
#2707 = CARTESIAN_POINT ( 'NONE',  ( -0.2756422869894946115, -1.129999999999999005, 1.418644907060404581 ) ) ;
#2708 = DIRECTION ( 'NONE',  ( 0.7071067811865506814, -0.000000000000000000, 0.7071067811865443531 ) ) ;
#2709 = DIRECTION ( 'NONE',  ( 1.084202172485506529E-16, -1.000000000000000000, 0.000000000000000000 ) ) ;
#2710 = CARTESIAN_POINT ( 'NONE',  ( 0.2349646446460526283, -1.250000000000000888, 1.099513820278372300 ) ) ;
#2711 = DIRECTION ( 'NONE',  ( -1.000000000000000000, 0.000000000000000000, 0.000000000000000000 ) ) ;
#2712 = UNCERTAINTY_MEASURE_WITH_UNIT (LENGTH_MEASURE( 1.000000000000000082E-05 ), #3017, 'distance_accuracy_value', 'NONE');
#2713 = ORIENTED_EDGE ( 'NONE', *, *, #2654, .F. ) ;
#2714 =( NAMED_UNIT ( * ) PLANE_ANGLE_UNIT ( ) SI_UNIT ( $, .RADIAN. ) );
#2715 =( BOUNDED_CURVE ( )  B_SPLINE_CURVE ( 3, ( #1800, #1620, #1135, #2586 ),
 .UNSPECIFIED., .F., .F. ) 
 B_SPLINE_CURVE_WITH_KNOTS ( ( 4, 4 ),
 ( 4.653770160119201278E-16, 0.7853981633974501664 ),
 .UNSPECIFIED. ) 
 CURVE ( )  GEOMETRIC_REPRESENTATION_ITEM ( )  RATIONAL_B_SPLINE_CURVE ( ( 1.000000000000000000, 0.9492530216741910110, 0.9492530216741910110, 1.000000000000000000 ) ) 
 REPRESENTATION_ITEM ( '' )  );
#2716 = ORIENTED_EDGE ( 'NONE', *, *, #1553, .T. ) ;
#2717 = DIRECTION ( 'NONE',  ( 1.000000000000000000, 0.000000000000000000, 0.000000000000000000 ) ) ;
#2718 = ORIENTED_EDGE ( 'NONE', *, *, #3023, .T. ) ;
#2719 = DIRECTION ( 'NONE',  ( -0.1710878697460330722, -0.1710878697460331554, 0.9702875252478149193 ) ) ;
#2720 = ORIENTED_EDGE ( 'NONE', *, *, #2912, .F. ) ;
#2721 = ADVANCED_FACE ( 'NONE', ( #3009 ), #2293, .F. ) ;
#2722 = CARTESIAN_POINT ( 'NONE',  ( -0.2342914746061890430, -1.129999999999999227, 1.347785745950039971 ) ) ;
#2723 = CARTESIAN_POINT ( 'NONE',  ( -0.09036144578313276554, -1.250000000000000000, 1.095301204819277396 ) ) ;
#2724 = CARTESIAN_POINT ( 'NONE',  ( -5.687887419977258754E-17, -1.250000000000000000, 1.270000000000000018 ) ) ;
#2725 = DIRECTION ( 'NONE',  ( -1.084202172485505790E-16, 1.000000000000000000, 0.000000000000000000 ) ) ;
#2726 = LINE ( 'NONE', #1996, #2645 ) ;
#2727 = ORIENTED_EDGE ( 'NONE', *, *, #2930, .T. ) ;
#2728 = CARTESIAN_POINT ( 'NONE',  ( 1.170000000000000595, -0.9999999999999978906, 0.5999999999999998668 ) ) ;
#2729 = SURFACE_STYLE_FILL_AREA ( #557 ) ;
#2730 = LINE ( 'NONE', #1233, #2442 ) ;
#2731 = ORIENTED_EDGE ( 'NONE', *, *, #1939, .T. ) ;
#2732 = ORIENTED_EDGE ( 'NONE', *, *, #790, .T. ) ;
#2733 =( BOUNDED_CURVE ( )  B_SPLINE_CURVE ( 3, ( #2810, #1082, #177, #2042 ),
 .UNSPECIFIED., .F., .F. ) 
 B_SPLINE_CURVE_WITH_KNOTS ( ( 4, 4 ),
 ( 5.497787143782138841, 6.283185307179586232 ),
 .UNSPECIFIED. ) 
 CURVE ( )  GEOMETRIC_REPRESENTATION_ITEM ( )  RATIONAL_B_SPLINE_CURVE ( ( 1.000000000000000000, 0.9492530216741912330, 0.9492530216741912330, 1.000000000000000000 ) ) 
 REPRESENTATION_ITEM ( '' )  );
#2734 = CARTESIAN_POINT ( 'NONE',  ( -0.2071507323465818784, -0.2071507323465826833, 8.550000000000000711 ) ) ;
#2735 = VERTEX_POINT ( 'NONE', #2243 ) ;
#2736 = DIRECTION ( 'NONE',  ( 0.000000000000000000, -1.000000000000000000, 0.000000000000000000 ) ) ;
#2737 = ADVANCED_FACE ( 'NONE', ( #107 ), #1066, .F. ) ;
#2738 = COLOUR_RGB ( '',0.9686274509803921573, 0.8784313725490195957, 0.5999999999999999778 ) ;
#2739 = AXIS2_PLACEMENT_3D ( 'NONE', #2315, #2329, #2573 ) ;
#2740 = DIRECTION ( 'NONE',  ( 0.000000000000000000, -1.000000000000000000, 0.000000000000000000 ) ) ;
#2741 = ADVANCED_FACE ( 'NONE', ( #955 ), #1693, .F. ) ;
#2742 = VECTOR ( 'NONE', #2867, 1000.000000000000000 ) ;
#2743 = CARTESIAN_POINT ( 'NONE',  ( -0.2560000000000000608, 0.3199999999999993960, 7.909999999999988596 ) ) ;
#2744 = PLANE ( 'NONE',  #783 ) ;
#2745 = CARTESIAN_POINT ( 'NONE',  ( -0.3199999999999998956, -0.2560000000000006715, 8.550000000000000711 ) ) ;
#2746 = VECTOR ( 'NONE', #1658, 1000.000000000000114 ) ;
#2747 = EDGE_CURVE ( 'NONE', #367, #1617, #771, .T. ) ;
#2748 = ORIENTED_EDGE ( 'NONE', *, *, #576, .F. ) ;
#2749 = SURFACE_STYLE_USAGE ( .BOTH. , #102 ) ;
#2750 = STYLED_ITEM ( 'NONE', ( #1063 ), #2455 ) ;
#2751 = LINE ( 'NONE', #860, #1477 ) ;
#2752 = SURFACE_SIDE_STYLE ('',( #1825 ) ) ;
#2753 = ORIENTED_EDGE ( 'NONE', *, *, #2930, .F. ) ;
#2754 = CARTESIAN_POINT ( 'NONE',  ( -0.2890920949374358173, 0.3134175730544420668, -2.397330798265292717 ) ) ;
#2755 = ORIENTED_EDGE ( 'NONE', *, *, #558, .F. ) ;
#2756 = VECTOR ( 'NONE', #2668, 1000.000000000000000 ) ;
#2757 = CARTESIAN_POINT ( 'NONE',  ( 0.2446407098541338865, -1.223346856680334271, 0.8486748927485863181 ) ) ;
#2758 = ORIENTED_EDGE ( 'NONE', *, *, #2132, .F. ) ;
#2759 = CARTESIAN_POINT ( 'NONE',  ( 0.2531382706299649121, -1.200000000328294902, 1.692834721091164951 ) ) ;
#2760 = FACE_OUTER_BOUND ( 'NONE', #2697, .T. ) ;
#2761 = DIRECTION ( 'NONE',  ( 0.9396926207859079838, 0.3420201433256698231, 0.000000000000000000 ) ) ;
#2762 = B_SPLINE_CURVE_WITH_KNOTS ( 'NONE', 3,
 ( #63, #1075, #2054, #778, #2770, #1250, #1812, #2033, #1555, #622 ),
 .UNSPECIFIED., .F., .F.,
 ( 4, 3, 3, 4 ),
 ( 0.000000000000000000, 3.193694500262012927E-05, 6.387389000523998749E-05, 0.0001064253154868432995 ),
 .UNSPECIFIED. ) ;
#2763 = ORIENTED_EDGE ( 'NONE', *, *, #2967, .F. ) ;
#2764 = CARTESIAN_POINT ( 'NONE',  ( 1.270000000000000462, -0.7700000000000002398, 0.6000000000000000888 ) ) ;
#2765 = LINE ( 'NONE', #361, #2848 ) ;
#2766 = ORIENTED_EDGE ( 'NONE', *, *, #706, .F. ) ;
#2767 = PRESENTATION_STYLE_ASSIGNMENT (( #363 ) ) ;
#2768 = EDGE_CURVE ( 'NONE', #2004, #467, #938, .T. ) ;
#2769 = DIRECTION ( 'NONE',  ( 1.000000000000000000, 0.000000000000000000, 0.000000000000000000 ) ) ;
#2770 = CARTESIAN_POINT ( 'NONE',  ( -0.1568216416384762280, -1.190011714886052285, 1.791833950186151547 ) ) ;
#2771 = CARTESIAN_POINT ( 'NONE',  ( -0.2604139838411255736, -1.180010142570204756, 1.691655309560959219 ) ) ;
#2772 = ORIENTED_EDGE ( 'NONE', *, *, #723, .T. ) ;
#2773 = CARTESIAN_POINT ( 'NONE',  ( 0.2732007105321402896, 0.3199999999999998401, -2.359999999999988773 ) ) ;
#2774 = ORIENTED_EDGE ( 'NONE', *, *, #1962, .F. ) ;
#2775 = CARTESIAN_POINT ( 'NONE',  ( -0.2713045814163999592, -1.149999999999996581, 1.692652676545395307 ) ) ;
#2776 =( LENGTH_UNIT ( ) NAMED_UNIT ( * ) SI_UNIT ( .MILLI., .METRE. ) );
#2777 = CARTESIAN_POINT ( 'NONE',  ( -0.2130215703124279381, -1.249999999999999112, 1.389336511127181817 ) ) ;
#2778 = ORIENTED_EDGE ( 'NONE', *, *, #2216, .F. ) ;
#2779 = CARTESIAN_POINT ( 'NONE',  ( 0.2786338190285479466, -1.129999999999999227, 1.100757654848132816 ) ) ;
#2780 = CARTESIAN_POINT ( 'NONE',  ( 1.019999999999999796, 0.7700000000000006839, 0.6000000000000000888 ) ) ;
#2781 = EDGE_LOOP ( 'NONE', ( #1087, #1430, #1932, #375 ) ) ;
#2782 = ADVANCED_FACE ( 'NONE', ( #2630 ), #892, .F. ) ;
#2783 = PRESENTATION_STYLE_ASSIGNMENT (( #1584 ) ) ;
#2784 = DIRECTION ( 'NONE',  ( -1.000000000000000000, 0.000000000000000000, 0.000000000000000000 ) ) ;
#2785 = ADVANCED_BREP_SHAPE_REPRESENTATION ( 'DS1021_blue_1x01p_100mil_Type1_rev1.0', ( #3042, #3048, #1205 ), #2950 ) ;
#2786 = DIRECTION ( 'NONE',  ( 0.000000000000000000, -1.000000000000000000, 0.000000000000000000 ) ) ;
#2787 = ORIENTED_EDGE ( 'NONE', *, *, #2845, .F. ) ;
#2788 = EDGE_CURVE ( 'NONE', #445, #492, #1607, .T. ) ;
#2789 = PRESENTATION_STYLE_ASSIGNMENT (( #1095 ) ) ;
#2790 =( NAMED_UNIT ( * ) SI_UNIT ( $, .STERADIAN. ) SOLID_ANGLE_UNIT ( ) );
#2791 = DIRECTION ( 'NONE',  ( 0.9396926207859079838, 0.3420201433256698231, 0.000000000000000000 ) ) ;
#2792 = EDGE_CURVE ( 'NONE', #2208, #1775, #2598, .T. ) ;
#2793 = CARTESIAN_POINT ( 'NONE',  ( 0.7700000000000001288, 1.250000000000000222, 2.500000000000000000 ) ) ;
#2794 = CARTESIAN_POINT ( 'NONE',  ( 0.2786410898395584868, -1.129999999999997229, 0.8485582526187676056 ) ) ;
#2795 = VECTOR ( 'NONE', #1805, 1000.000000000000000 ) ;
#2796 = FILL_AREA_STYLE_COLOUR ( '', #1282 ) ;
#2797 = CARTESIAN_POINT ( 'NONE',  ( -0.2344989567605756109, -1.250000000000001332, 0.8383569884989860999 ) ) ;
#2798 = ORIENTED_EDGE ( 'NONE', *, *, #2788, .F. ) ;
#2799 = CARTESIAN_POINT ( 'NONE',  ( 0.000000000000000000, 0.000000000000000000, 0.000000000000000000 ) ) ;
#2800 = VECTOR ( 'NONE', #3015, 1000.000000000000000 ) ;
#2801 = DIRECTION ( 'NONE',  ( 0.000000000000000000, -0.000000000000000000, 1.000000000000000000 ) ) ;
#2802 = LINE ( 'NONE', #1113, #2405 ) ;
#2803 = EDGE_LOOP ( 'NONE', ( #627, #1416, #2242, #1438, #1655 ) ) ;
#2804 = CARTESIAN_POINT ( 'NONE',  ( -0.3464101615137760160, -1.046666666666666856, 2.449999999999999734 ) ) ;
#2805 = LINE ( 'NONE', #2617, #2249 ) ;
#2806 = STYLED_ITEM ( 'NONE', ( #2789 ), #2721 ) ;
#2807 = LINE ( 'NONE', #2556, #852 ) ;
#2808 = AXIS2_PLACEMENT_3D ( 'NONE', #934, #2141, #2349 ) ;
#2809 = EDGE_CURVE ( 'NONE', #1617, #1385, #231, .T. ) ;
#2810 = CARTESIAN_POINT ( 'NONE',  ( -0.3012548339959390531, -0.3012548339959397747, 8.016309119164535701 ) ) ;
#2811 = PLANE ( 'NONE',  #2603 ) ;
#2812 = SURFACE_STYLE_FILL_AREA ( #2332 ) ;
#2813 = CARTESIAN_POINT ( 'NONE',  ( -0.2349831812470687953, -1.250000000000001332, 0.8499144089295510573 ) ) ;
#2814 = ORIENTED_EDGE ( 'NONE', *, *, #1378, .T. ) ;
#2815 = FILL_AREA_STYLE_COLOUR ( '', #24 ) ;
#2816 = DIRECTION ( 'NONE',  ( 0.000000000000000000, -1.000000000000000000, 0.000000000000000000 ) ) ;
#2817 = CARTESIAN_POINT ( 'NONE',  ( 0.3012548339959392751, 0.3012548339959391086, -2.466309119164536767 ) ) ;
#2818 = EDGE_LOOP ( 'NONE', ( #1116, #669, #352, #109 ) ) ;
#2819 = CARTESIAN_POINT ( 'NONE',  ( 0.3012665221284894224, -0.3012665221284895334, -2.466242832470900037 ) ) ;
#2820 = FACE_OUTER_BOUND ( 'NONE', #2034, .T. ) ;
#2821 = CARTESIAN_POINT ( 'NONE',  ( -1.019999999999999796, -0.7700000000000002398, 0.6000000000000000888 ) ) ;
#2822 = EDGE_CURVE ( 'NONE', #1042, #1697, #1651, .T. ) ;
#2823 =( BOUNDED_CURVE ( )  B_SPLINE_CURVE ( 3, ( #2743, #2493, #2219, #1023 ),
 .UNSPECIFIED., .F., .F. ) 
 B_SPLINE_CURVE_WITH_KNOTS ( ( 4, 4 ),
 ( 8.470329472542986627E-16, 0.7853981633974443932 ),
 .UNSPECIFIED. ) 
 CURVE ( )  GEOMETRIC_REPRESENTATION_ITEM ( )  RATIONAL_B_SPLINE_CURVE ( ( 1.000000000000000000, 0.9492530216741916771, 0.9492530216741916771, 1.000000000000000000 ) ) 
 REPRESENTATION_ITEM ( '' )  );
#2824 = LINE ( 'NONE', #2110, #993 ) ;
#2825 = CARTESIAN_POINT ( 'NONE',  ( -0.2213400359742180024, -1.249999999999999112, 1.401401803917047051 ) ) ;
#2826 = EDGE_CURVE ( 'NONE', #1819, #196, #2865, .T. ) ;
#2827 = DIRECTION ( 'NONE',  ( 0.000000000000000000, 0.000000000000000000, 1.000000000000000000 ) ) ;
#2828 = VERTEX_POINT ( 'NONE', #1862 ) ;
#2829 = EDGE_CURVE ( 'NONE', #1327, #2467, #912, .T. ) ;
#2830 = CARTESIAN_POINT ( 'NONE',  ( 0.2071507323465821004, -0.2071507323465826833, 8.550000000000000711 ) ) ;
#2831 = CARTESIAN_POINT ( 'NONE',  ( 0.09036144578313230757, -1.250000000000000000, 1.456746987951807348 ) ) ;
#2832 = EDGE_LOOP ( 'NONE', ( #2661, #556, #1360, #604 ) ) ;
#2833 =( LENGTH_UNIT ( ) NAMED_UNIT ( * ) SI_UNIT ( .MILLI., .METRE. ) );
#2834 = LINE ( 'NONE', #2119, #2256 ) ;
#2835 = ORIENTED_EDGE ( 'NONE', *, *, #477, .T. ) ;
#2836 = LINE ( 'NONE', #1222, #3046 ) ;
#2837 = CARTESIAN_POINT ( 'NONE',  ( -1.019999999999999796, -0.9999999999999986677, 2.500000000000000000 ) ) ;
#2838 = SURFACE_STYLE_USAGE ( .BOTH. , #470 ) ;
#2839 = VECTOR ( 'NONE', #134, 1000.000000000000000 ) ;
#2840 = EDGE_CURVE ( 'NONE', #2472, #246, #2339, .T. ) ;
#2841 = LINE ( 'NONE', #2544, #1685 ) ;
#2842 = ORIENTED_EDGE ( 'NONE', *, *, #1231, .F. ) ;
#2843 = AXIS2_PLACEMENT_3D ( 'NONE', #823, #2581, #920 ) ;
#2844 = PLANE ( 'NONE',  #2641 ) ;
#2845 = EDGE_CURVE ( 'NONE', #2195, #2472, #817, .T. ) ;
#2846 = DIRECTION ( 'NONE',  ( -0.000000000000000000, -0.000000000000000000, 1.000000000000000000 ) ) ;
#2847 = ORIENTED_EDGE ( 'NONE', *, *, #985, .F. ) ;
#2848 = VECTOR ( 'NONE', #1025, 1000.000000000000000 ) ;
#2849 = STYLED_ITEM ( 'NONE', ( #3058 ), #32 ) ;
#2850 = PRESENTATION_STYLE_ASSIGNMENT (( #1632 ) ) ;
#2851 = FACE_OUTER_BOUND ( 'NONE', #2803, .T. ) ;
#2852 = AXIS2_PLACEMENT_3D ( 'NONE', #1180, #52, #2158 ) ;
#2853 = VERTEX_POINT ( 'NONE', #2396 ) ;
#2854 = STYLED_ITEM ( 'NONE', ( #232 ), #2295 ) ;
#2855 = CARTESIAN_POINT ( 'NONE',  ( 0.05396442235651191521, -1.149999999999999911, 0.9509753366796325214 ) ) ;
#2856 = DIRECTION ( 'NONE',  ( 0.000000000000000000, -0.000000000000000000, -1.000000000000000000 ) ) ;
#2857 = ORIENTED_EDGE ( 'NONE', *, *, #2490, .T. ) ;
#2858 = AXIS2_PLACEMENT_3D ( 'NONE', #2037, #462, #720 ) ;
#2859 = CARTESIAN_POINT ( 'NONE',  ( -0.1572017319021906112, -1.160002928788726573, 0.7372437449079609628 ) ) ;
#2860 = PRESENTATION_LAYER_ASSIGNMENT (  '', '', ( #911 ) ) ;
#2861 = EDGE_LOOP ( 'NONE', ( #2228, #2798, #2415, #172 ) ) ;
#2862 = LINE ( 'NONE', #1423, #1633 ) ;
#2863 = CARTESIAN_POINT ( 'NONE',  ( -0.1577689812403562652, -1.129999999999999227, 1.813663378379748004 ) ) ;
#2864 = ORIENTED_EDGE ( 'NONE', *, *, #2197, .F. ) ;
#2865 = LINE ( 'NONE', #2570, #1002 ) ;
#2866 = EDGE_CURVE ( 'NONE', #2254, #371, #1457, .T. ) ;
#2867 = DIRECTION ( 'NONE',  ( 0.3384669027138036412, -0.9299301724389166246, 0.1437707555626365208 ) ) ;
#2868 = CARTESIAN_POINT ( 'NONE',  ( -0.1585990556424838327, -1.149999999999996581, 1.806308475306871442 ) ) ;
#2869 = ORIENTED_EDGE ( 'NONE', *, *, #1310, .F. ) ;
#2870 =( NAMED_UNIT ( * ) SI_UNIT ( $, .STERADIAN. ) SOLID_ANGLE_UNIT ( ) );
#2871 = FACE_OUTER_BOUND ( 'NONE', #1097, .T. ) ;
#2872 = ORIENTED_EDGE ( 'NONE', *, *, #67, .F. ) ;
#2873 = LINE ( 'NONE', #2432, #450 ) ;
#2874 = CARTESIAN_POINT ( 'NONE',  ( -0.3199999999999998956, -0.2732007105321404006, -2.359999999999986997 ) ) ;
#2875 = EDGE_CURVE ( 'NONE', #1014, #1722, #1012, .T. ) ;
#2876 = EDGE_LOOP ( 'NONE', ( #561, #3010, #793, #2772, #344, #633, #487, #183, #3069, #752, #201, #101, #868, #562, #590, #2727, #2972, #1261, #2629, #209, #174, #1519 ) ) ;
#2877 = CARTESIAN_POINT ( 'NONE',  ( -0.09036144578313276554, -1.250000000000000000, 1.462771084337349370 ) ) ;
#2878 = CARTESIAN_POINT ( 'NONE',  ( 0.1553725301157396765, -1.250000000000000888, 1.770047435557180249 ) ) ;
#2879 = ORIENTED_EDGE ( 'NONE', *, *, #2676, .F. ) ;
#2880 = DIRECTION ( 'NONE',  ( -0.7071067811865449082, 0.7071067811865501263, 0.000000000000000000 ) ) ;
#2881 = CARTESIAN_POINT ( 'NONE',  ( -0.2713367824627651026, -1.150000000000000133, 1.457141330931055911 ) ) ;
#2882 = CARTESIAN_POINT ( 'NONE',  ( -1.269999999999999796, 0.9999999999999983347, 0.5999999999999998668 ) ) ;
#2883 = CARTESIAN_POINT ( 'NONE',  ( -0.2713367824627651026, -1.149999999999999911, 0.8481160656645542195 ) ) ;
#2884 = CARTESIAN_POINT ( 'NONE',  ( 0.2349397590361444188, -1.250000000000000000, 0.8488780120481929092 ) ) ;
#2885 = CARTESIAN_POINT ( 'NONE',  ( -0.2785775458924497627, -1.129999999999999227, 1.692958814264112766 ) ) ;
#2886 = ORIENTED_EDGE ( 'NONE', *, *, #1959, .F. ) ;
#2887 = VECTOR ( 'NONE', #1810, 999.9999999999998863 ) ;
#2888 = CARTESIAN_POINT ( 'NONE',  ( -0.05396442235651247726, -1.149999999999999911, 1.478281562544640160 ) ) ;
#2889 = CARTESIAN_POINT ( 'NONE',  ( 0.1562305829448806249, -1.236672524119857508, 0.7651491954817275509 ) ) ;
#2890 = CARTESIAN_POINT ( 'NONE',  ( -0.2518730436385548943, -1.149999999999996358, 1.763784314061217495 ) ) ;
#2891 = PRESENTATION_LAYER_ASSIGNMENT (  '', '', ( #2492 ) ) ;
#2892 = ORIENTED_EDGE ( 'NONE', *, *, #286, .F. ) ;
#2893 = CARTESIAN_POINT ( 'NONE',  ( -0.2031250000000001665, -1.250000000000000000, 1.378433734939759292 ) ) ;
#2894 =( GEOMETRIC_REPRESENTATION_CONTEXT ( 3 ) GLOBAL_UNCERTAINTY_ASSIGNED_CONTEXT ( ( #2321 ) ) GLOBAL_UNIT_ASSIGNED_CONTEXT ( ( #486, #69, #1945 ) ) REPRESENTATION_CONTEXT ( 'NONE', 'WORKASPACE' ) );
#2895 = LINE ( 'NONE', #712, #355 ) ;
#2896 =( GEOMETRIC_REPRESENTATION_CONTEXT ( 3 ) GLOBAL_UNCERTAINTY_ASSIGNED_CONTEXT ( ( #1125 ) ) GLOBAL_UNIT_ASSIGNED_CONTEXT ( ( #973, #2149, #1696 ) ) REPRESENTATION_CONTEXT ( 'NONE', 'WORKASPACE' ) );
#2897 = EDGE_CURVE ( 'NONE', #1232, #1121, #1217, .T. ) ;
#2898 = PLANE ( 'NONE',  #541 ) ;
#2899 = FILL_AREA_STYLE ('',( #903 ) ) ;
#2900 = VECTOR ( 'NONE', #3083, 1000.000000000000114 ) ;
#2901 = DIRECTION ( 'NONE',  ( 6.842277657836020854E-49, -5.078189165123089681E-17, 1.000000000000000000 ) ) ;
#2902 = CARTESIAN_POINT ( 'NONE',  ( -0.1973794752863957946, -1.250000000000001110, 1.761877297553778643 ) ) ;
#2903 = ORIENTED_EDGE ( 'NONE', *, *, #2845, .T. ) ;
#2904 = CARTESIAN_POINT ( 'NONE',  ( 0.3012548339959392751, -0.3012548339959398302, 8.016309119164535701 ) ) ;
#2905 = CARTESIAN_POINT ( 'NONE',  ( 0.2378197055768297985, -1.129999999999999449, 1.787825101371925074 ) ) ;
#2906 = LINE ( 'NONE', #1759, #1850 ) ;
#2907 = ORIENTED_EDGE ( 'NONE', *, *, #1572, .F. ) ;
#2908 = CARTESIAN_POINT ( 'NONE',  ( 1.270000000000000462, -0.9999999999999978906, 2.350000000000000089 ) ) ;
#2909 = EDGE_CURVE ( 'NONE', #2516, #1374, #504, .T. ) ;
#2910 = CARTESIAN_POINT ( 'NONE',  ( -0.2786334919061043136, -1.129999999999999227, 1.457297485860782782 ) ) ;
#2911 = CARTESIAN_POINT ( 'NONE',  ( 0.2713367824627647695, -1.149999999999999689, 1.420349964525186914 ) ) ;
#2912 = EDGE_CURVE ( 'NONE', #1921, #2997, #1185, .T. ) ;
#2913 =( LENGTH_UNIT ( ) NAMED_UNIT ( * ) SI_UNIT ( .MILLI., .METRE. ) );
#2914 = CARTESIAN_POINT ( 'NONE',  ( -0.2322227741005871982, -1.129999999999999005, 1.793118052090991510 ) ) ;
#2915 = ADVANCED_FACE ( 'NONE', ( #2176 ), #747, .F. ) ;
#2916 = VERTEX_POINT ( 'NONE', #789 ) ;
#2917 = PRESENTATION_STYLE_ASSIGNMENT (( #2681 ) ) ;
#2918 = CARTESIAN_POINT ( 'NONE',  ( 0.1920371650743205316, -1.250000000000001110, 1.763573935885105248 ) ) ;
#2919 = ORIENTED_EDGE ( 'NONE', *, *, #1745, .T. ) ;
#2920 = VERTEX_POINT ( 'NONE', #760 ) ;
#2921 = CARTESIAN_POINT ( 'NONE',  ( 1.270000000000000240, 0.9999999999999983347, 0.5999999999999998668 ) ) ;
#2922 = LINE ( 'NONE', #1298, #944 ) ;
#2923 = FACE_OUTER_BOUND ( 'NONE', #35, .T. ) ;
#2924 = CARTESIAN_POINT ( 'NONE',  ( 0.1573126152956376422, -1.149999999999999689, 1.806397023426620896 ) ) ;
#2925 = PRODUCT_DEFINITION ( 'UNKNOWN', '', #2008, #1872 ) ;
#2926 = DIRECTION ( 'NONE',  ( 1.000000000000000000, 1.084202172485505790E-16, -0.000000000000000000 ) ) ;
#2927 = DIRECTION ( 'NONE',  ( 0.7071067811865445751, 0.7071067811865504593, 0.000000000000000000 ) ) ;
#2928 = ORIENTED_EDGE ( 'NONE', *, *, #127, .F. ) ;
#2929 = CARTESIAN_POINT ( 'NONE',  ( 0.2080934730406488464, -1.230908229216363559, 1.185819156262297280 ) ) ;
#2930 = EDGE_CURVE ( 'NONE', #841, #1541, #1029, .T. ) ;
#2931 = CARTESIAN_POINT ( 'NONE',  ( 0.2291490472775132015, -1.149999999999999689, 1.206427255910813345 ) ) ;
#2932 = VECTOR ( 'NONE', #2319, 1000.000000000000000 ) ;
#2933 = VERTEX_POINT ( 'NONE', #1469 ) ;
#2934 = CARTESIAN_POINT ( 'NONE',  ( 0.000000000000000000, 0.2071507323465822670, -3.000000000000000000 ) ) ;
#2935 = ORIENTED_EDGE ( 'NONE', *, *, #2477, .T. ) ;
#2936 = MECHANICAL_DESIGN_GEOMETRIC_PRESENTATION_REPRESENTATION (  '', ( #3045 ), #2148 ) ;
#2937 = VERTEX_POINT ( 'NONE', #970 ) ;
#2938 = CARTESIAN_POINT ( 'NONE',  ( -0.3199999999999999512, 0.3199999999999993405, 8.550000000000000711 ) ) ;
#2939 = MECHANICAL_DESIGN_GEOMETRIC_PRESENTATION_REPRESENTATION (  '', ( #353 ), #1896 ) ;
#2940 = AXIS2_PLACEMENT_3D ( 'NONE', #2994, #1802, #96 ) ;
#2941 = CARTESIAN_POINT ( 'NONE',  ( -0.2349648623439420103, -1.250000000000000888, 1.458559114078988861 ) ) ;
#2942 = DIRECTION ( 'NONE',  ( -0.3420201433256698231, 0.9396926207859079838, 0.000000000000000000 ) ) ;
#2943 = VECTOR ( 'NONE', #735, 999.9999999999998863 ) ;
#2944 = CARTESIAN_POINT ( 'NONE',  ( -1.269999999999999796, 0.9999999999999983347, 2.500000000000000000 ) ) ;
#2945 = AXIS2_PLACEMENT_3D ( 'NONE', #534, #1529, #834 ) ;
#2946 = CARTESIAN_POINT ( 'NONE',  ( 1.270000000000000462, 0.7700000000000006839, 0.6000000000000000888 ) ) ;
#2947 = VERTEX_POINT ( 'NONE', #2423 ) ;
#2948 = SURFACE_SIDE_STYLE ('',( #1502 ) ) ;
#2949 = CARTESIAN_POINT ( 'NONE',  ( 0.2535467056952659948, -1.150000000000000355, 1.175550503132069213 ) ) ;
#2950 =( GEOMETRIC_REPRESENTATION_CONTEXT ( 3 ) GLOBAL_UNCERTAINTY_ASSIGNED_CONTEXT ( ( #342 ) ) GLOBAL_UNIT_ASSIGNED_CONTEXT ( ( #2127, #2323, #227 ) ) REPRESENTATION_CONTEXT ( 'NONE', 'WORKASPACE' ) );
#2951 = VERTEX_POINT ( 'NONE', #2435 ) ;
#2952 = DIRECTION ( 'NONE',  ( 0.000000000000000000, 0.000000000000000000, -1.000000000000000000 ) ) ;
#2953 = ORIENTED_EDGE ( 'NONE', *, *, #751, .T. ) ;
#2954 = EDGE_CURVE ( 'NONE', #1456, #2374, #1922, .T. ) ;
#2955 = SURFACE_STYLE_FILL_AREA ( #385 ) ;
#2956 = VERTEX_POINT ( 'NONE', #285 ) ;
#2957 = LINE ( 'NONE', #142, #951 ) ;
#2958 = CARTESIAN_POINT ( 'NONE',  ( -1.019999999999999796, -0.9999999999999986677, 0.4499999999999994560 ) ) ;
#2959 = CARTESIAN_POINT ( 'NONE',  ( -0.2713367824627651581, -1.149999999999999911, 1.691883934335445705 ) ) ;
#2960 = CARTESIAN_POINT ( 'NONE',  ( 0.2708580662099645542, -1.149999999999999245, 1.704254252467922726 ) ) ;
#2961 = DIRECTION ( 'NONE',  ( -0.7196877547425332144, -3.040079326765205562E-16, 0.6942978724392372403 ) ) ;
#2962 = CARTESIAN_POINT ( 'NONE',  ( -0.1539821883141059833, -1.250000000000001332, 0.7698550621375673808 ) ) ;
#2963 = UNCERTAINTY_MEASURE_WITH_UNIT (LENGTH_MEASURE( 1.000000000000000082E-05 ), #1110, 'distance_accuracy_value', 'NONE');
#2964 = ORIENTED_EDGE ( 'NONE', *, *, #1652, .F. ) ;
#2965 =( NAMED_UNIT ( * ) SI_UNIT ( $, .STERADIAN. ) SOLID_ANGLE_UNIT ( ) );
#2966 = LINE ( 'NONE', #1740, #2887 ) ;
#2967 = EDGE_CURVE ( 'NONE', #787, #2195, #539, .T. ) ;
#2968 = ORIENTED_EDGE ( 'NONE', *, *, #1347, .F. ) ;
#2969 = CARTESIAN_POINT ( 'NONE',  ( 0.2560000000000001719, 0.3199999999999993405, 8.550000000000000711 ) ) ;
#2970 = VERTEX_POINT ( 'NONE', #2888 ) ;
#2971 = CARTESIAN_POINT ( 'NONE',  ( 0.2560000000000001719, 0.3199999999999998401, -2.359999999999988773 ) ) ;
#2972 = ORIENTED_EDGE ( 'NONE', *, *, #67, .T. ) ;
#2973 = LINE ( 'NONE', #830, #848 ) ;
#2974 = EDGE_CURVE ( 'NONE', #1625, #1501, #1905, .T. ) ;
#2975 = CARTESIAN_POINT ( 'NONE',  ( -0.1577519656428612582, -1.150000000000000355, 0.7336324926132966606 ) ) ;
#2976 = CARTESIAN_POINT ( 'NONE',  ( -0.2221105522436152835, -1.249999999999989342, 1.741970206909854380 ) ) ;
#2977 = CARTESIAN_POINT ( 'NONE',  ( 0.09036144578313230757, -1.250000000000000000, 1.625421686746987948 ) ) ;
#2978 = CARTESIAN_POINT ( 'NONE',  ( -0.2411836234654209932, -1.150000000000000133, 1.366061145056028936 ) ) ;
#2979 = CARTESIAN_POINT ( 'NONE',  ( 0.1571041649877051860, -1.166666666973068534, 1.800330852743996290 ) ) ;
#2980 = ORIENTED_EDGE ( 'NONE', *, *, #2912, .T. ) ;
#2981 = DIRECTION ( 'NONE',  ( -0.000000000000000000, 1.000000000000000000, 0.000000000000000000 ) ) ;
#2982 = CARTESIAN_POINT ( 'NONE',  ( 0.2413707663489050859, -1.150000000000000355, 1.193284726940151641 ) ) ;
#2983 = DIRECTION ( 'NONE',  ( -0.000000000000000000, 0.000000000000000000, -1.000000000000000000 ) ) ;
#2984 = ORIENTED_EDGE ( 'NONE', *, *, #483, .F. ) ;
#2985 = CARTESIAN_POINT ( 'NONE',  ( 1.019999999999999796, -1.250000000000000222, 2.500000000000000000 ) ) ;
#2986 = ORIENTED_EDGE ( 'NONE', *, *, #3014, .T. ) ;
#2987 = CARTESIAN_POINT ( 'NONE',  ( 0.2567730509801736671, -1.190013523391419303, 0.8484209039776858807 ) ) ;
#2988 = VERTEX_POINT ( 'NONE', #317 ) ;
#2989 = LINE ( 'NONE', #3061, #1051 ) ;
#2990 =( GEOMETRIC_REPRESENTATION_CONTEXT ( 3 ) GLOBAL_UNCERTAINTY_ASSIGNED_CONTEXT ( ( #1581 ) ) GLOBAL_UNIT_ASSIGNED_CONTEXT ( ( #2913, #1674, #1689 ) ) REPRESENTATION_CONTEXT ( 'NONE', 'WORKASPACE' ) );
#2991 = FACE_OUTER_BOUND ( 'NONE', #759, .T. ) ;
#2992 = VECTOR ( 'NONE', #2880, 1000.000000000000000 ) ;
#2993 = CLOSED_SHELL ( 'NONE', ( #596, #988, #1993, #2016, #797, #22, #677, #3076, #2455, #220, #2554, #1470, #2995, #2721, #1193, #324, #211, #769 ) ) ;
#2994 = CARTESIAN_POINT ( 'NONE',  ( 0.000000000000000000, 0.000000000000000000, 0.000000000000000000 ) ) ;
#2995 = ADVANCED_FACE ( 'NONE', ( #1425 ), #1968, .F. ) ;
#2996 = VECTOR ( 'NONE', #1226, 1000.000000000000227 ) ;
#2997 = VERTEX_POINT ( 'NONE', #1320 ) ;
#2998 = CARTESIAN_POINT ( 'NONE',  ( 0.2348994894427675895, -1.129999999999999449, 1.210928213070138204 ) ) ;
#2999 = LINE ( 'NONE', #2480, #1730 ) ;
#3000 = VECTOR ( 'NONE', #110, 1000.000000000000000 ) ;
#3001 = UNCERTAINTY_MEASURE_WITH_UNIT (LENGTH_MEASURE( 1.000000000000000082E-05 ), #2833, 'distance_accuracy_value', 'NONE');
#3002 = VERTEX_POINT ( 'NONE', #345 ) ;
#3003 = VECTOR ( 'NONE', #1793, 1000.000000000000000 ) ;
#3004 = FACE_OUTER_BOUND ( 'NONE', #399, .T. ) ;
#3005 = DIRECTION ( 'NONE',  ( -1.000000000000000000, 0.000000000000000000, 0.000000000000000000 ) ) ;
#3006 = SURFACE_SIDE_STYLE ('',( #2055 ) ) ;
#3007 = ORIENTED_EDGE ( 'NONE', *, *, #2840, .T. ) ;
#3008 = AXIS2_PLACEMENT_3D ( 'NONE', #260, #489, #300 ) ;
#3009 = FACE_OUTER_BOUND ( 'NONE', #383, .T. ) ;
#3010 = ORIENTED_EDGE ( 'NONE', *, *, #3073, .T. ) ;
#3011 = MECHANICAL_DESIGN_GEOMETRIC_PRESENTATION_REPRESENTATION (  '', ( #1251 ), #1749 ) ;
#3012 = CARTESIAN_POINT ( 'NONE',  ( 0.2410059295283514258, -1.233333333550099553, 1.692571428441517867 ) ) ;
#3013 =( NAMED_UNIT ( * ) PLANE_ANGLE_UNIT ( ) SI_UNIT ( $, .RADIAN. ) );
#3014 = EDGE_CURVE ( 'NONE', #2956, #2947, #1088, .T. ) ;
#3015 = DIRECTION ( 'NONE',  ( -1.000000000000000000, 0.000000000000000000, 0.000000000000000000 ) ) ;
#3016 = ORIENTED_EDGE ( 'NONE', *, *, #606, .F. ) ;
#3017 =( LENGTH_UNIT ( ) NAMED_UNIT ( * ) SI_UNIT ( .MILLI., .METRE. ) );
#3018 = EDGE_CURVE ( 'NONE', #2970, #2412, #2289, .T. ) ;
#3019 = CARTESIAN_POINT ( 'NONE',  ( 1.270000000000000462, -0.9999999999999978906, 2.500000000000000000 ) ) ;
#3020 = ORIENTED_EDGE ( 'NONE', *, *, #1209, .F. ) ;
#3021 = DIRECTION ( 'NONE',  ( -0.3384441987003333763, -0.9298677936745785022, -0.1442269414945100137 ) ) ;
#3022 = CARTESIAN_POINT ( 'NONE',  ( -0.1665885810817080981, -1.249999999999993117, 0.7707336829928979061 ) ) ;
#3023 = EDGE_CURVE ( 'NONE', #246, #1139, #121, .T. ) ;
#3024 = LINE ( 'NONE', #2325, #1442 ) ;
#3025 = ORIENTED_EDGE ( 'NONE', *, *, #1252, .T. ) ;
#3026 = SURFACE_SIDE_STYLE ('',( #2955 ) ) ;
#3027 = VERTEX_POINT ( 'NONE', #2728 ) ;
#3028 = CARTESIAN_POINT ( 'NONE',  ( -0.2708727427766636220, -1.149999999999999911, 1.702962049305333236 ) ) ;
#3029 = CARTESIAN_POINT ( 'NONE',  ( 0.3200000000000000622, 0.2559999999999993947, 7.909999999999988596 ) ) ;
#3030 = ORIENTED_EDGE ( 'NONE', *, *, #2495, .T. ) ;
#3031 = CARTESIAN_POINT ( 'NONE',  ( 1.019999999999999796, 0.9999999999999983347, 0.000000000000000000 ) ) ;
#3032 = CARTESIAN_POINT ( 'NONE',  ( -0.2153368545994607808, -1.129999999999998783, 0.7379887785981118498 ) ) ;
#3033 = ORIENTED_EDGE ( 'NONE', *, *, #1906, .F. ) ;
#3034 = CARTESIAN_POINT ( 'NONE',  ( 0.2700724310048543964, -1.149999999999990807, 0.8217727567765057417 ) ) ;
#3035 =( NAMED_UNIT ( * ) PLANE_ANGLE_UNIT ( ) SI_UNIT ( $, .RADIAN. ) );
#3036 = DIRECTION ( 'NONE',  ( 1.000000000000000000, 0.000000000000000000, 0.000000000000000000 ) ) ;
#3037 = ORIENTED_EDGE ( 'NONE', *, *, #2809, .T. ) ;
#3038 = FILL_AREA_STYLE ('',( #3070 ) ) ;
#3039 = ADVANCED_FACE ( 'NONE', ( #1999 ), #1274, .F. ) ;
#3040 = DIRECTION ( 'NONE',  ( 0.8660254037844387076, 0.4999999999999999445, 0.000000000000000000 ) ) ;
#3041 = DIRECTION ( 'NONE',  ( -0.3236155771181848939, -0.8891264907159881492, -0.3236155771181852825 ) ) ;
#3042 = MANIFOLD_SOLID_BREP ( 'Fillet1', #2993 ) ;
#3043 = SURFACE_STYLE_FILL_AREA ( #1610 ) ;
#3044 = PLANE ( 'NONE',  #1739 ) ;
#3045 = STYLED_ITEM ( 'NONE', ( #1106 ), #580 ) ;
#3046 = VECTOR ( 'NONE', #2182, 1000.000000000000000 ) ;
#3047 = CARTESIAN_POINT ( 'NONE',  ( 1.019999999999999796, -1.250000000000000222, 0.5999999999999999778 ) ) ;
#3048 = MANIFOLD_SOLID_BREP ( 'SIGmark', #995 ) ;
#3049 = VERTEX_POINT ( 'NONE', #1371 ) ;
#3050 = AXIS2_PLACEMENT_3D ( 'NONE', #1338, #2307, #170 ) ;
#3051 = CARTESIAN_POINT ( 'NONE',  ( 0.1841190565292910863, -1.149999999999990807, 0.7357780467736286800 ) ) ;
#3052 = CARTESIAN_POINT ( 'NONE',  ( -0.2069451709529519789, -1.249999999999993561, 0.7832384112981702895 ) ) ;
#3053 = VECTOR ( 'NONE', #2637, 1000.000000000000114 ) ;
#3054 = LINE ( 'NONE', #185, #643 ) ;
#3055 = ORIENTED_EDGE ( 'NONE', *, *, #1847, .F. ) ;
#3056 = VECTOR ( 'NONE', #636, 1000.000000000000114 ) ;
#3057 = CARTESIAN_POINT ( 'NONE',  ( -0.2349397590361447796, -1.250000000000000000, 1.095301204819277396 ) ) ;
#3058 = PRESENTATION_STYLE_ASSIGNMENT (( #1362 ) ) ;
#3059 = VECTOR ( 'NONE', #1143, 1000.000000000000000 ) ;
#3060 = EDGE_CURVE ( 'NONE', #2394, #1741, #395, .T. ) ;
#3061 = CARTESIAN_POINT ( 'NONE',  ( -0.07143487197225274754, -1.197999665826966043, 0.9335048870638922303 ) ) ;
#3062 = SURFACE_STYLE_USAGE ( .BOTH. , #1118 ) ;
#3063 = CARTESIAN_POINT ( 'NONE',  ( 1.019999999999999796, -0.000000000000000000, 0.000000000000000000 ) ) ;
#3064 = DIRECTION ( 'NONE',  ( -0.8660254037844384856, 0.5000000000000004441, 0.000000000000000000 ) ) ;
#3065 = LINE ( 'NONE', #2780, #111 ) ;
#3066 = UNCERTAINTY_MEASURE_WITH_UNIT (LENGTH_MEASURE( 1.000000000000000082E-05 ), #1824, 'distance_accuracy_value', 'NONE');
#3067 = ORIENTED_EDGE ( 'NONE', *, *, #62, .F. ) ;
#3068 = CYLINDRICAL_SURFACE ( 'NONE', #1346, 0.06399999999999998745 ) ;
#3069 = ORIENTED_EDGE ( 'NONE', *, *, #2676, .T. ) ;
#3070 = FILL_AREA_STYLE_COLOUR ( '', #2607 ) ;
#3071 = ORIENTED_EDGE ( 'NONE', *, *, #245, .F. ) ;
#3072 = CARTESIAN_POINT ( 'NONE',  ( -0.1841190565292893933, -1.149999999999997025, 1.804221953226370356 ) ) ;
#3073 = EDGE_CURVE ( 'NONE', #2828, #1169, #1318, .T. ) ;
#3074 = DIRECTION ( 'NONE',  ( -0.9396926207859083169, 0.3420201433256690460, 0.000000000000000000 ) ) ;
#3075 = LINE ( 'NONE', #1377, #796 ) ;
#3076 = ADVANCED_FACE ( 'NONE', ( #679 ), #1857, .T. ) ;
#3077 = CARTESIAN_POINT ( 'NONE',  ( 0.2786093912037395648, -1.129999999999999227, 1.101242326261295368 ) ) ;
#3078 = CARTESIAN_POINT ( 'NONE',  ( -0.2221105522436119806, -1.250000000000001776, 0.7980297930901494308 ) ) ;
#3079 = ORIENTED_EDGE ( 'NONE', *, *, #2000, .F. ) ;
#3080 = DIRECTION ( 'NONE',  ( 0.000000000000000000, 0.000000000000000000, -1.000000000000000000 ) ) ;
#3081 = SURFACE_SIDE_STYLE ('',( #2367 ) ) ;
#3082 = ORIENTED_EDGE ( 'NONE', *, *, #2282, .T. ) ;
#3083 = DIRECTION ( 'NONE',  ( 0.3236155771181856156, -0.8891264907159879272, -0.3236155771181851715 ) ) ;
#3084 = DIRECTION ( 'NONE',  ( 1.000000000000000000, 0.000000000000000000, 0.000000000000000000 ) ) ;
#3085 = SURFACE_STYLE_USAGE ( .BOTH. , #2167 ) ;
ENDSEC;
END-ISO-10303-21;
