ISO-10303-21;
HEADER;
FILE_DESCRIPTION((''),'2;1');
FILE_NAME('C-5-103639-3','2020-10-13T13:53:09',('workeradm'),(
'TE Connectivity Ltd.'),'CREO PARAMETRIC BY PTC INC, 2019292',
'CREO PARAMETRIC BY PTC INC, 2019292','');
FILE_SCHEMA(('AUTOMOTIVE_DESIGN { 1 0 10303 214 1 1 1 1 }'));
ENDSEC;
DATA;
#134=DIRECTION('',(0.E0,0.E0,1.E0));
#135=VECTOR('',#134,1.52E0);
#136=CARTESIAN_POINT('',(-6.285E0,1.3E-1,-1.52E0));
#137=LINE('',#136,#135);
#138=DIRECTION('',(0.E0,1.E0,0.E0));
#139=VECTOR('',#138,1.52E0);
#140=CARTESIAN_POINT('',(-6.285E0,-1.39E0,-1.52E0));
#141=LINE('',#140,#139);
#142=DIRECTION('',(0.E0,0.E0,-1.E0));
#143=VECTOR('',#142,1.52E0);
#144=CARTESIAN_POINT('',(-6.285E0,-1.39E0,0.E0));
#145=LINE('',#144,#143);
#146=DIRECTION('',(0.E0,-1.E0,0.E0));
#147=VECTOR('',#146,1.15E0);
#148=CARTESIAN_POINT('',(-6.285E0,-1.39E0,0.E0));
#149=LINE('',#148,#147);
#150=DIRECTION('',(0.E0,0.E0,-1.E0));
#151=VECTOR('',#150,1.2255E1);
#152=CARTESIAN_POINT('',(-6.285E0,-2.54E0,0.E0));
#153=LINE('',#152,#151);
#154=DIRECTION('',(0.E0,1.E0,0.E0));
#155=VECTOR('',#154,5.08E0);
#156=CARTESIAN_POINT('',(-6.285E0,-2.54E0,-1.2255E1));
#157=LINE('',#156,#155);
#158=DIRECTION('',(0.E0,-1.E0,0.E0));
#159=VECTOR('',#158,2.41E0);
#160=CARTESIAN_POINT('',(-6.285E0,2.54E0,0.E0));
#161=LINE('',#160,#159);
#162=DIRECTION('',(-7.071067811865E-1,0.E0,7.071067811865E-1));
#163=VECTOR('',#162,7.212489168103E-1);
#164=CARTESIAN_POINT('',(-5.335E0,1.3E-1,-5.1E-1));
#165=LINE('',#164,#163);
#166=DIRECTION('',(-5.773502691896E-1,5.773502691896E-1,5.773502691896E-1));
#167=VECTOR('',#166,8.833459118601E-1);
#168=CARTESIAN_POINT('',(-5.335E0,1.52E0,-5.1E-1));
#169=LINE('',#168,#167);
#170=DIRECTION('',(1.E0,0.E0,0.E0));
#171=VECTOR('',#170,3.81E0);
#172=CARTESIAN_POINT('',(-1.905E0,-2.03E0,0.E0));
#173=LINE('',#172,#171);
#174=DIRECTION('',(0.E0,-1.E0,0.E0));
#175=VECTOR('',#174,5.1E-1);
#176=CARTESIAN_POINT('',(1.905E0,-2.03E0,0.E0));
#177=LINE('',#176,#175);
#178=DIRECTION('',(0.E0,1.E0,0.E0));
#179=VECTOR('',#178,5.1E-1);
#180=CARTESIAN_POINT('',(-1.905E0,-2.54E0,0.E0));
#181=LINE('',#180,#179);
#182=DIRECTION('',(1.E0,0.E0,0.E0));
#183=VECTOR('',#182,4.4E-1);
#184=CARTESIAN_POINT('',(-6.285E0,-1.39E0,0.E0));
#185=LINE('',#184,#183);
#186=DIRECTION('',(0.E0,1.E0,0.E0));
#187=VECTOR('',#186,6.4E-1);
#188=CARTESIAN_POINT('',(-5.845E0,-2.03E0,0.E0));
#189=LINE('',#188,#187);
#190=DIRECTION('',(1.E0,0.E0,0.E0));
#191=VECTOR('',#190,2.67E0);
#192=CARTESIAN_POINT('',(-5.845E0,-2.03E0,0.E0));
#193=LINE('',#192,#191);
#194=DIRECTION('',(0.E0,-1.E0,0.E0));
#195=VECTOR('',#194,5.1E-1);
#196=CARTESIAN_POINT('',(-3.175E0,-2.03E0,0.E0));
#197=LINE('',#196,#195);
#198=DIRECTION('',(0.E0,1.E0,0.E0));
#199=VECTOR('',#198,5.1E-1);
#200=CARTESIAN_POINT('',(3.175E0,-2.54E0,0.E0));
#201=LINE('',#200,#199);
#202=DIRECTION('',(1.E0,0.E0,0.E0));
#203=VECTOR('',#202,2.67E0);
#204=CARTESIAN_POINT('',(3.175E0,-2.03E0,0.E0));
#205=LINE('',#204,#203);
#206=DIRECTION('',(0.E0,-1.E0,0.E0));
#207=VECTOR('',#206,6.4E-1);
#208=CARTESIAN_POINT('',(5.845E0,-1.39E0,0.E0));
#209=LINE('',#208,#207);
#210=DIRECTION('',(-1.E0,0.E0,0.E0));
#211=VECTOR('',#210,4.4E-1);
#212=CARTESIAN_POINT('',(6.285E0,-1.39E0,0.E0));
#213=LINE('',#212,#211);
#214=DIRECTION('',(-1.E0,0.E0,0.E0));
#215=VECTOR('',#214,5.1E-1);
#216=CARTESIAN_POINT('',(-3.305E0,3.55E0,0.E0));
#217=LINE('',#216,#215);
#218=DIRECTION('',(0.E0,1.E0,0.E0));
#219=VECTOR('',#218,1.52E0);
#220=CARTESIAN_POINT('',(-3.305E0,2.03E0,0.E0));
#221=LINE('',#220,#219);
#222=DIRECTION('',(1.E0,0.E0,0.E0));
#223=VECTOR('',#222,2.54E0);
#224=CARTESIAN_POINT('',(-5.845E0,2.03E0,0.E0));
#225=LINE('',#224,#223);
#226=DIRECTION('',(0.E0,1.E0,0.E0));
#227=VECTOR('',#226,1.9E0);
#228=CARTESIAN_POINT('',(-5.845E0,1.3E-1,0.E0));
#229=LINE('',#228,#227);
#230=DIRECTION('',(1.E0,0.E0,0.E0));
#231=VECTOR('',#230,4.4E-1);
#232=CARTESIAN_POINT('',(-6.285E0,1.3E-1,0.E0));
#233=LINE('',#232,#231);
#234=DIRECTION('',(1.E0,0.E0,0.E0));
#235=VECTOR('',#234,2.47E0);
#236=CARTESIAN_POINT('',(-6.285E0,2.54E0,0.E0));
#237=LINE('',#236,#235);
#238=DIRECTION('',(0.E0,-1.E0,0.E0));
#239=VECTOR('',#238,1.01E0);
#240=CARTESIAN_POINT('',(-3.815E0,3.55E0,0.E0));
#241=LINE('',#240,#239);
#242=DIRECTION('',(0.E0,1.E0,0.E0));
#243=VECTOR('',#242,2.6E-1);
#244=CARTESIAN_POINT('',(2.165E0,3.55E0,0.E0));
#245=LINE('',#244,#243);
#246=DIRECTION('',(1.E0,0.E0,0.E0));
#247=VECTOR('',#246,1.27E0);
#248=CARTESIAN_POINT('',(2.165E0,3.81E0,0.E0));
#249=LINE('',#248,#247);
#250=DIRECTION('',(0.E0,-1.E0,0.E0));
#251=VECTOR('',#250,2.5E-1);
#252=CARTESIAN_POINT('',(3.435E0,4.06E0,0.E0));
#253=LINE('',#252,#251);
#254=DIRECTION('',(1.E0,0.E0,0.E0));
#255=VECTOR('',#254,3.8E-1);
#256=CARTESIAN_POINT('',(3.435E0,4.06E0,0.E0));
#257=LINE('',#256,#255);
#258=DIRECTION('',(0.E0,-1.E0,0.E0));
#259=VECTOR('',#258,1.52E0);
#260=CARTESIAN_POINT('',(3.815E0,4.06E0,0.E0));
#261=LINE('',#260,#259);
#262=DIRECTION('',(-1.E0,0.E0,0.E0));
#263=VECTOR('',#262,2.47E0);
#264=CARTESIAN_POINT('',(6.285E0,2.54E0,0.E0));
#265=LINE('',#264,#263);
#266=DIRECTION('',(-1.E0,0.E0,0.E0));
#267=VECTOR('',#266,4.4E-1);
#268=CARTESIAN_POINT('',(6.285E0,1.3E-1,0.E0));
#269=LINE('',#268,#267);
#270=DIRECTION('',(0.E0,-1.E0,0.E0));
#271=VECTOR('',#270,1.9E0);
#272=CARTESIAN_POINT('',(5.845E0,2.03E0,0.E0));
#273=LINE('',#272,#271);
#274=DIRECTION('',(1.E0,0.E0,0.E0));
#275=VECTOR('',#274,2.54E0);
#276=CARTESIAN_POINT('',(3.305E0,2.03E0,0.E0));
#277=LINE('',#276,#275);
#278=DIRECTION('',(0.E0,-1.E0,0.E0));
#279=VECTOR('',#278,1.52E0);
#280=CARTESIAN_POINT('',(3.305E0,3.55E0,0.E0));
#281=LINE('',#280,#279);
#282=DIRECTION('',(1.E0,0.E0,0.E0));
#283=VECTOR('',#282,1.14E0);
#284=CARTESIAN_POINT('',(2.165E0,3.55E0,0.E0));
#285=LINE('',#284,#283);
#286=DIRECTION('',(0.E0,-7.071067811865E-1,7.071067811865E-1));
#287=VECTOR('',#286,7.212489168103E-1);
#288=CARTESIAN_POINT('',(1.905E0,-1.52E0,-5.1E-1));
#289=LINE('',#288,#287);
#290=DIRECTION('',(1.E0,0.E0,0.E0));
#291=VECTOR('',#290,2.16E0);
#292=CARTESIAN_POINT('',(-5.335E0,-1.52E0,-5.1E-1));
#293=LINE('',#292,#291);
#294=DIRECTION('',(0.E0,0.E0,-1.E0));
#295=VECTOR('',#294,8.38E0);
#296=CARTESIAN_POINT('',(-3.175E0,-1.52E0,-5.1E-1));
#297=LINE('',#296,#295);
#298=DIRECTION('',(1.E0,0.E0,0.E0));
#299=VECTOR('',#298,2.16E0);
#300=CARTESIAN_POINT('',(3.175E0,-1.52E0,-5.1E-1));
#301=LINE('',#300,#299);
#302=DIRECTION('',(0.E0,0.E0,-1.E0));
#303=VECTOR('',#302,8.38E0);
#304=CARTESIAN_POINT('',(3.175E0,-1.52E0,-5.1E-1));
#305=LINE('',#304,#303);
#306=DIRECTION('',(1.E0,0.E0,0.E0));
#307=VECTOR('',#306,3.81E0);
#308=CARTESIAN_POINT('',(-1.905E0,-1.52E0,-5.1E-1));
#309=LINE('',#308,#307);
#310=DIRECTION('',(0.E0,0.E0,-1.E0));
#311=VECTOR('',#310,8.38E0);
#312=CARTESIAN_POINT('',(-1.905E0,-1.52E0,-5.1E-1));
#313=LINE('',#312,#311);
#314=DIRECTION('',(0.E0,0.E0,-1.E0));
#315=VECTOR('',#314,8.38E0);
#316=CARTESIAN_POINT('',(1.905E0,-1.52E0,-5.1E-1));
#317=LINE('',#316,#315);
#318=DIRECTION('',(-5.773502691896E-1,-5.773502691896E-1,5.773502691896E-1));
#319=VECTOR('',#318,8.833459118601E-1);
#320=CARTESIAN_POINT('',(-5.335E0,-1.52E0,-5.1E-1));
#321=LINE('',#320,#319);
#322=DIRECTION('',(7.071067811865E-1,0.E0,-7.071067811865E-1));
#323=VECTOR('',#322,7.212489168103E-1);
#324=CARTESIAN_POINT('',(-5.845E0,-1.39E0,0.E0));
#325=LINE('',#324,#323);
#326=DIRECTION('',(-1.E0,0.E0,0.E0));
#327=VECTOR('',#326,9.5E-1);
#328=CARTESIAN_POINT('',(-5.335E0,1.3E-1,-1.52E0));
#329=LINE('',#328,#327);
#330=DIRECTION('',(1.E0,0.E0,0.E0));
#331=VECTOR('',#330,9.5E-1);
#332=CARTESIAN_POINT('',(-6.285E0,-1.39E0,-1.52E0));
#333=LINE('',#332,#331);
#334=DIRECTION('',(1.E0,0.E0,0.E0));
#335=VECTOR('',#334,9.5E-1);
#336=CARTESIAN_POINT('',(5.335E0,-1.39E0,-1.52E0));
#337=LINE('',#336,#335);
#338=DIRECTION('',(-1.E0,0.E0,0.E0));
#339=VECTOR('',#338,9.5E-1);
#340=CARTESIAN_POINT('',(6.285E0,1.3E-1,-1.52E0));
#341=LINE('',#340,#339);
#342=DIRECTION('',(0.E0,1.E0,0.E0));
#343=VECTOR('',#342,1.39E0);
#344=CARTESIAN_POINT('',(-5.335E0,1.3E-1,-5.1E-1));
#345=LINE('',#344,#343);
#346=DIRECTION('',(0.E0,0.E0,-1.E0));
#347=VECTOR('',#346,8.38E0);
#348=CARTESIAN_POINT('',(-5.335E0,1.52E0,-5.1E-1));
#349=LINE('',#348,#347);
#350=DIRECTION('',(0.E0,-1.E0,0.E0));
#351=VECTOR('',#350,3.04E0);
#352=CARTESIAN_POINT('',(-5.335E0,1.52E0,-8.89E0));
#353=LINE('',#352,#351);
#354=DIRECTION('',(0.E0,0.E0,1.E0));
#355=VECTOR('',#354,8.38E0);
#356=CARTESIAN_POINT('',(-5.335E0,-1.52E0,-8.89E0));
#357=LINE('',#356,#355);
#358=DIRECTION('',(0.E0,1.E0,0.E0));
#359=VECTOR('',#358,1.3E-1);
#360=CARTESIAN_POINT('',(-5.335E0,-1.52E0,-5.1E-1));
#361=LINE('',#360,#359);
#362=DIRECTION('',(0.E0,0.E0,-1.E0));
#363=VECTOR('',#362,1.01E0);
#364=CARTESIAN_POINT('',(-5.335E0,-1.39E0,-5.1E-1));
#365=LINE('',#364,#363);
#366=DIRECTION('',(0.E0,1.E0,0.E0));
#367=VECTOR('',#366,1.52E0);
#368=CARTESIAN_POINT('',(-5.335E0,-1.39E0,-1.52E0));
#369=LINE('',#368,#367);
#370=DIRECTION('',(0.E0,0.E0,-1.E0));
#371=VECTOR('',#370,1.01E0);
#372=CARTESIAN_POINT('',(-5.335E0,1.3E-1,-5.1E-1));
#373=LINE('',#372,#371);
#374=DIRECTION('',(1.E0,0.E0,0.E0));
#375=VECTOR('',#374,2.54E0);
#376=CARTESIAN_POINT('',(-5.335E0,1.52E0,-5.1E-1));
#377=LINE('',#376,#375);
#378=DIRECTION('',(1.745240643728E-2,0.E0,-9.998476951564E-1));
#379=VECTOR('',#378,2.800426518523E0);
#380=CARTESIAN_POINT('',(-2.795E0,1.52E0,-1.52E0));
#381=LINE('',#380,#379);
#382=DIRECTION('',(-1.745240643728E-2,0.E0,9.998476951564E-1));
#383=VECTOR('',#382,4.570696139161E0);
#384=CARTESIAN_POINT('',(-1.525E0,1.52E0,-8.89E0));
#385=LINE('',#384,#383);
#386=DIRECTION('',(-1.E0,0.E0,0.E0));
#387=VECTOR('',#386,1.78E0);
#388=CARTESIAN_POINT('',(-1.525E0,1.52E0,-8.89E0));
#389=LINE('',#388,#387);
#390=DIRECTION('',(0.E0,0.E0,1.E0));
#391=VECTOR('',#390,8.375E0);
#392=CARTESIAN_POINT('',(-3.305E0,1.52E0,-8.89E0));
#393=LINE('',#392,#391);
#394=DIRECTION('',(1.E0,0.E0,0.E0));
#395=VECTOR('',#394,5.1E-1);
#396=CARTESIAN_POINT('',(-3.815E0,1.52E0,-5.15E-1));
#397=LINE('',#396,#395);
#398=DIRECTION('',(0.E0,0.E0,1.E0));
#399=VECTOR('',#398,8.375E0);
#400=CARTESIAN_POINT('',(-3.815E0,1.52E0,-8.89E0));
#401=LINE('',#400,#399);
#402=DIRECTION('',(-1.E0,0.E0,0.E0));
#403=VECTOR('',#402,1.52E0);
#404=CARTESIAN_POINT('',(-3.815E0,1.52E0,-8.89E0));
#405=LINE('',#404,#403);
#406=DIRECTION('',(1.E0,0.E0,0.E0));
#407=VECTOR('',#406,2.54E0);
#408=CARTESIAN_POINT('',(2.795E0,1.52E0,-5.1E-1));
#409=LINE('',#408,#407);
#410=DIRECTION('',(-1.E0,0.E0,0.E0));
#411=VECTOR('',#410,1.52E0);
#412=CARTESIAN_POINT('',(5.335E0,1.52E0,-8.89E0));
#413=LINE('',#412,#411);
#414=DIRECTION('',(0.E0,0.E0,1.E0));
#415=VECTOR('',#414,8.375E0);
#416=CARTESIAN_POINT('',(3.815E0,1.52E0,-8.89E0));
#417=LINE('',#416,#415);
#418=DIRECTION('',(1.E0,0.E0,0.E0));
#419=VECTOR('',#418,5.1E-1);
#420=CARTESIAN_POINT('',(3.305E0,1.52E0,-5.15E-1));
#421=LINE('',#420,#419);
#422=DIRECTION('',(0.E0,0.E0,1.E0));
#423=VECTOR('',#422,8.375E0);
#424=CARTESIAN_POINT('',(3.305E0,1.52E0,-8.89E0));
#425=LINE('',#424,#423);
#426=DIRECTION('',(-1.E0,0.E0,0.E0));
#427=VECTOR('',#426,1.78E0);
#428=CARTESIAN_POINT('',(3.305E0,1.52E0,-8.89E0));
#429=LINE('',#428,#427);
#430=DIRECTION('',(1.745240643728E-2,0.E0,9.998476951564E-1));
#431=VECTOR('',#430,4.570696139161E0);
#432=CARTESIAN_POINT('',(1.525E0,1.52E0,-8.89E0));
#433=LINE('',#432,#431);
#434=DIRECTION('',(1.745240643728E-2,0.E0,9.998476951564E-1));
#435=VECTOR('',#434,2.800426518523E0);
#436=CARTESIAN_POINT('',(2.746125818201E0,1.52E0,-4.32E0));
#437=LINE('',#436,#435);
#438=DIRECTION('',(-5.773502691896E-1,5.773502691896E-1,5.773502691896E-1));
#439=VECTOR('',#438,8.833459118601E-1);
#440=CARTESIAN_POINT('',(-2.795E0,1.52E0,-5.1E-1));
#441=LINE('',#440,#439);
#442=DIRECTION('',(-5.773502691896E-1,5.773502691896E-1,5.773502691896E-1));
#443=VECTOR('',#442,8.833459118601E-1);
#444=CARTESIAN_POINT('',(-2.795E0,3.04E0,-5.1E-1));
#445=LINE('',#444,#443);
#446=DIRECTION('',(-1.E0,0.E0,0.E0));
#447=VECTOR('',#446,5.47E0);
#448=CARTESIAN_POINT('',(2.165E0,3.55E0,0.E0));
#449=LINE('',#448,#447);
#450=DIRECTION('',(5.773502691896E-1,5.773502691896E-1,5.773502691896E-1));
#451=VECTOR('',#450,8.833459118601E-1);
#452=CARTESIAN_POINT('',(2.795E0,3.04E0,-5.1E-1));
#453=LINE('',#452,#451);
#454=CARTESIAN_POINT('',(2.177563611349E0,3.81E0,-7.125178063039E-2));
#455=CARTESIAN_POINT('',(2.169204688855E0,3.730003028433E0,-2.384597545769E-2));
#456=CARTESIAN_POINT('',(2.165E0,3.643363255134E0,0.E0));
#457=CARTESIAN_POINT('',(2.165E0,3.55E0,0.E0));
#459=CARTESIAN_POINT('',(-3.815E0,3.55E0,-5.1E-1));
#460=DIRECTION('',(-1.E0,0.E0,0.E0));
#461=DIRECTION('',(0.E0,0.E0,1.E0));
#462=AXIS2_PLACEMENT_3D('',#459,#460,#461);
#464=DIRECTION('',(0.E0,0.E0,-1.E0));
#465=VECTOR('',#464,3.81E0);
#466=CARTESIAN_POINT('',(-3.815E0,2.54E0,0.E0));
#467=LINE('',#466,#465);
#468=DIRECTION('',(1.E0,0.E0,0.E0));
#469=VECTOR('',#468,1.141356171479E0);
#470=CARTESIAN_POINT('',(-2.755027901314E0,2.54E0,-3.81E0));
#471=LINE('',#470,#469);
#472=DIRECTION('',(0.E0,0.E0,-1.E0));
#473=VECTOR('',#472,1.2255E1);
#474=CARTESIAN_POINT('',(-6.285E0,2.54E0,0.E0));
#475=LINE('',#474,#473);
#476=DIRECTION('',(1.E0,0.E0,0.E0));
#477=VECTOR('',#476,3.429E-1);
#478=CARTESIAN_POINT('',(-6.285E0,2.54E0,-1.2255E1));
#479=LINE('',#478,#477);
#480=DIRECTION('',(0.E0,0.E0,-1.E0));
#481=VECTOR('',#480,6.655059546608E-1);
#482=CARTESIAN_POINT('',(-5.9421E0,2.54E0,-1.2255E1));
#483=LINE('',#482,#481);
#484=CARTESIAN_POINT('',(-5.8171E0,2.54E0,-1.292050595466E1));
#485=DIRECTION('',(0.E0,1.E0,0.E0));
#486=DIRECTION('',(-8.660254037844E-1,0.E0,-5.E-1));
#487=AXIS2_PLACEMENT_3D('',#484,#485,#486);
#489=DIRECTION('',(5.E-1,0.E0,-8.660254037844E-1));
#490=VECTOR('',#489,7.008963509461E-1);
#491=CARTESIAN_POINT('',(-5.925353175473E0,2.54E0,-1.298300595466E1));
#492=LINE('',#491,#490);
#493=DIRECTION('',(1.E0,0.E0,0.E0));
#494=VECTOR('',#493,1.114981E1);
#495=CARTESIAN_POINT('',(-5.574905E0,2.54E0,-1.359E1));
#496=LINE('',#495,#494);
#497=DIRECTION('',(5.E-1,0.E0,8.660254037844E-1));
#498=VECTOR('',#497,7.008963509461E-1);
#499=CARTESIAN_POINT('',(5.574905E0,2.54E0,-1.359E1));
#500=LINE('',#499,#498);
#501=CARTESIAN_POINT('',(5.8171E0,2.54E0,-1.292050595466E1));
#502=DIRECTION('',(0.E0,1.E0,0.E0));
#503=DIRECTION('',(1.E0,0.E0,0.E0));
#504=AXIS2_PLACEMENT_3D('',#501,#502,#503);
#506=DIRECTION('',(0.E0,0.E0,1.E0));
#507=VECTOR('',#506,6.655059546608E-1);
#508=CARTESIAN_POINT('',(5.9421E0,2.54E0,-1.292050595466E1));
#509=LINE('',#508,#507);
#510=DIRECTION('',(-1.E0,0.E0,0.E0));
#511=VECTOR('',#510,3.429E-1);
#512=CARTESIAN_POINT('',(6.285E0,2.54E0,-1.2255E1));
#513=LINE('',#512,#511);
#514=DIRECTION('',(0.E0,0.E0,1.E0));
#515=VECTOR('',#514,1.2255E1);
#516=CARTESIAN_POINT('',(6.285E0,2.54E0,-1.2255E1));
#517=LINE('',#516,#515);
#518=DIRECTION('',(0.E0,0.E0,-1.E0));
#519=VECTOR('',#518,3.81E0);
#520=CARTESIAN_POINT('',(3.815E0,2.54E0,0.E0));
#521=LINE('',#520,#519);
#522=DIRECTION('',(1.E0,0.E0,0.E0));
#523=VECTOR('',#522,1.141356171479E0);
#524=CARTESIAN_POINT('',(1.613671729835E0,2.54E0,-3.81E0));
#525=LINE('',#524,#523);
#526=DIRECTION('',(-1.745240643728E-2,0.E0,-9.998476951564E-1));
#527=VECTOR('',#526,5.080773826463E0);
#528=CARTESIAN_POINT('',(1.613671729835E0,2.54E0,-3.81E0));
#529=LINE('',#528,#527);
#530=DIRECTION('',(-1.E0,0.E0,0.E0));
#531=VECTOR('',#530,3.05E0);
#532=CARTESIAN_POINT('',(1.525E0,2.54E0,-8.89E0));
#533=LINE('',#532,#531);
#534=DIRECTION('',(1.745240643728E-2,0.E0,-9.998476951564E-1));
#535=VECTOR('',#534,5.080773826463E0);
#536=CARTESIAN_POINT('',(-1.613671729835E0,2.54E0,-3.81E0));
#537=LINE('',#536,#535);
#538=DIRECTION('',(0.E0,1.E0,0.E0));
#539=VECTOR('',#538,5.1E-1);
#540=CARTESIAN_POINT('',(-2.755027901314E0,2.03E0,-3.81E0));
#541=LINE('',#540,#539);
#542=DIRECTION('',(0.E0,1.E0,0.E0));
#543=VECTOR('',#542,5.1E-1);
#544=CARTESIAN_POINT('',(-1.613671729835E0,2.03E0,-3.81E0));
#545=LINE('',#544,#543);
#546=DIRECTION('',(-1.E0,0.E0,0.E0));
#547=VECTOR('',#546,1.141356171479E0);
#548=CARTESIAN_POINT('',(-1.613671729835E0,2.03E0,-3.81E0));
#549=LINE('',#548,#547);
#550=DIRECTION('',(0.E0,1.E0,0.E0));
#551=VECTOR('',#550,5.1E-1);
#552=CARTESIAN_POINT('',(2.755027901314E0,2.03E0,-3.81E0));
#553=LINE('',#552,#551);
#554=DIRECTION('',(-1.E0,0.E0,0.E0));
#555=VECTOR('',#554,1.141356171479E0);
#556=CARTESIAN_POINT('',(2.755027901314E0,2.03E0,-3.81E0));
#557=LINE('',#556,#555);
#558=DIRECTION('',(0.E0,1.E0,0.E0));
#559=VECTOR('',#558,5.1E-1);
#560=CARTESIAN_POINT('',(1.613671729835E0,2.03E0,-3.81E0));
#561=LINE('',#560,#559);
#562=DIRECTION('',(1.E0,0.E0,0.E0));
#563=VECTOR('',#562,1.059972098686E0);
#564=CARTESIAN_POINT('',(-3.815E0,2.54E0,-3.81E0));
#565=LINE('',#564,#563);
#566=DIRECTION('',(-1.454146514423E-2,5.529613842164E-1,8.330799801681E-1));
#567=VECTOR('',#566,2.748835711474E0);
#568=CARTESIAN_POINT('',(-2.755027901314E0,2.54E0,-3.81E0));
#569=LINE('',#568,#567);
#570=DIRECTION('',(0.E0,5.530198564957E-1,8.331680732731E-1));
#571=VECTOR('',#570,2.748545069669E0);
#572=CARTESIAN_POINT('',(-3.815E0,2.54E0,-3.81E0));
#573=LINE('',#572,#571);
#574=DIRECTION('',(1.E0,0.E0,0.E0));
#575=VECTOR('',#574,1.059972098686E0);
#576=CARTESIAN_POINT('',(2.755027901314E0,2.54E0,-3.81E0));
#577=LINE('',#576,#575);
#578=DIRECTION('',(0.E0,5.530198564957E-1,8.331680732731E-1));
#579=VECTOR('',#578,2.748545069669E0);
#580=CARTESIAN_POINT('',(3.815E0,2.54E0,-3.81E0));
#581=LINE('',#580,#579);
#582=DIRECTION('',(1.E0,0.E0,0.E0));
#583=VECTOR('',#582,3.719829893231E-1);
#584=CARTESIAN_POINT('',(2.795E0,4.06E0,-1.52E0));
#585=LINE('',#584,#583);
#586=DIRECTION('',(-1.736481776669E-1,0.E0,-9.848077530122E-1));
#587=VECTOR('',#586,1.543448450066E0);
#588=CARTESIAN_POINT('',(3.435E0,4.06E0,0.E0));
#589=LINE('',#588,#587);
#590=DIRECTION('',(1.E0,0.E0,0.E0));
#591=VECTOR('',#590,6.480170106769E-1);
#592=CARTESIAN_POINT('',(3.166982989323E0,4.06E0,-1.52E0));
#593=LINE('',#592,#591);
#594=DIRECTION('',(0.E0,0.E0,1.E0));
#595=VECTOR('',#594,1.52E0);
#596=CARTESIAN_POINT('',(3.815E0,4.06E0,-1.52E0));
#597=LINE('',#596,#595);
#598=DIRECTION('',(-1.E0,0.E0,0.E0));
#599=VECTOR('',#598,6.069926760161E0);
#600=CARTESIAN_POINT('',(2.254926760161E0,4.06E0,-5.1E-1));
#601=LINE('',#600,#599);
#602=DIRECTION('',(0.E0,0.E0,1.E0));
#603=VECTOR('',#602,1.01E0);
#604=CARTESIAN_POINT('',(-3.815E0,4.06E0,-1.52E0));
#605=LINE('',#604,#603);
#606=DIRECTION('',(1.E0,0.E0,0.E0));
#607=VECTOR('',#606,1.02E0);
#608=CARTESIAN_POINT('',(-3.815E0,4.06E0,-1.52E0));
#609=LINE('',#608,#607);
#610=DIRECTION('',(1.E0,0.E0,0.E0));
#611=VECTOR('',#610,5.228017010677E0);
#612=CARTESIAN_POINT('',(-2.795E0,4.06E0,-1.52E0));
#613=LINE('',#612,#611);
#614=DIRECTION('',(-1.736481776669E-1,0.E0,9.848077530122E-1));
#615=VECTOR('',#614,1.025580878005E0);
#616=CARTESIAN_POINT('',(2.433017010677E0,4.06E0,-1.52E0));
#617=LINE('',#616,#615);
#618=DIRECTION('',(-1.736481776669E-1,0.E0,9.848077530122E-1));
#619=VECTOR('',#618,7.235095419635E-2);
#620=CARTESIAN_POINT('',(2.177563611349E0,3.81E0,-7.125178063039E-2));
#621=LINE('',#620,#619);
#622=DIRECTION('',(-1.736481776669E-1,0.E0,9.848077530122E-1));
#623=VECTOR('',#622,1.471097495870E0);
#624=CARTESIAN_POINT('',(2.433017010677E0,3.81E0,-1.52E0));
#625=LINE('',#624,#623);
#626=DIRECTION('',(-1.E0,0.E0,0.E0));
#627=VECTOR('',#626,3.719829893231E-1);
#628=CARTESIAN_POINT('',(3.166982989323E0,3.81E0,-1.52E0));
#629=LINE('',#628,#627);
#630=DIRECTION('',(-1.736481776669E-1,0.E0,-9.848077530122E-1));
#631=VECTOR('',#630,1.543448450066E0);
#632=CARTESIAN_POINT('',(3.435E0,3.81E0,0.E0));
#633=LINE('',#632,#631);
#634=CARTESIAN_POINT('',(2.254926760161E0,4.06E0,-5.1E-1));
#635=CARTESIAN_POINT('',(2.237942415605E0,4.06E0,-4.136769955021E-1));
#636=CARTESIAN_POINT('',(2.208884282632E0,4.009979908322E0,-2.488801342568E-1));
#637=CARTESIAN_POINT('',(2.186320561448E0,3.893806194945E0,-1.209149125219E-1));
#638=CARTESIAN_POINT('',(2.177563611349E0,3.81E0,-7.125178063039E-2));
#640=DIRECTION('',(-1.E0,0.E0,0.E0));
#641=VECTOR('',#640,3.619829893231E-1);
#642=CARTESIAN_POINT('',(2.795E0,3.81E0,-1.52E0));
#643=LINE('',#642,#641);
#644=DIRECTION('',(0.E0,-1.E0,0.E0));
#645=VECTOR('',#644,2.5E-1);
#646=CARTESIAN_POINT('',(2.433017010677E0,4.06E0,-1.52E0));
#647=LINE('',#646,#645);
#648=DIRECTION('',(0.E0,1.E0,0.E0));
#649=VECTOR('',#648,1.02E0);
#650=CARTESIAN_POINT('',(-2.795E0,3.04E0,-1.52E0));
#651=LINE('',#650,#649);
#652=DIRECTION('',(0.E0,1.E0,1.066967582107E-14));
#653=VECTOR('',#652,7.7E-1);
#654=CARTESIAN_POINT('',(2.795E0,3.04E0,-1.52E0));
#655=LINE('',#654,#653);
#656=DIRECTION('',(1.E0,0.E0,0.E0));
#657=VECTOR('',#656,5.59E0);
#658=CARTESIAN_POINT('',(-2.795E0,3.04E0,-5.1E-1));
#659=LINE('',#658,#657);
#660=DIRECTION('',(-1.E0,0.E0,0.E0));
#661=VECTOR('',#660,5.59E0);
#662=CARTESIAN_POINT('',(2.795E0,3.04E0,-1.52E0));
#663=LINE('',#662,#661);
#664=DIRECTION('',(0.E0,-1.E0,0.E0));
#665=VECTOR('',#664,1.52E0);
#666=CARTESIAN_POINT('',(2.795E0,3.04E0,-5.1E-1));
#667=LINE('',#666,#665);
#668=DIRECTION('',(0.E0,0.E0,-1.E0));
#669=VECTOR('',#668,1.01E0);
#670=CARTESIAN_POINT('',(2.795E0,1.52E0,-5.1E-1));
#671=LINE('',#670,#669);
#672=DIRECTION('',(0.E0,1.E0,0.E0));
#673=VECTOR('',#672,1.52E0);
#674=CARTESIAN_POINT('',(2.795E0,1.52E0,-1.52E0));
#675=LINE('',#674,#673);
#676=DIRECTION('',(0.E0,0.E0,1.E0));
#677=VECTOR('',#676,1.01E0);
#678=CARTESIAN_POINT('',(2.795E0,3.04E0,-1.52E0));
#679=LINE('',#678,#677);
#680=DIRECTION('',(5.773502691896E-1,5.773502691896E-1,5.773502691896E-1));
#681=VECTOR('',#680,8.833459118601E-1);
#682=CARTESIAN_POINT('',(2.795E0,1.52E0,-5.1E-1));
#683=LINE('',#682,#681);
#684=DIRECTION('',(5.773502691896E-1,5.773502691896E-1,5.773502691896E-1));
#685=VECTOR('',#684,8.833459118601E-1);
#686=CARTESIAN_POINT('',(5.335E0,1.52E0,-5.1E-1));
#687=LINE('',#686,#685);
#688=DIRECTION('',(-7.071067811865E-1,0.E0,-7.071067811865E-1));
#689=VECTOR('',#688,7.212489168103E-1);
#690=CARTESIAN_POINT('',(5.845E0,1.3E-1,0.E0));
#691=LINE('',#690,#689);
#692=DIRECTION('',(0.E0,1.E0,0.E0));
#693=VECTOR('',#692,1.52E0);
#694=CARTESIAN_POINT('',(6.285E0,-1.39E0,-1.52E0));
#695=LINE('',#694,#693);
#696=DIRECTION('',(0.E0,0.E0,-1.E0));
#697=VECTOR('',#696,1.52E0);
#698=CARTESIAN_POINT('',(6.285E0,1.3E-1,0.E0));
#699=LINE('',#698,#697);
#700=DIRECTION('',(0.E0,-1.E0,0.E0));
#701=VECTOR('',#700,2.41E0);
#702=CARTESIAN_POINT('',(6.285E0,2.54E0,0.E0));
#703=LINE('',#702,#701);
#704=DIRECTION('',(0.E0,1.E0,0.E0));
#705=VECTOR('',#704,5.08E0);
#706=CARTESIAN_POINT('',(6.285E0,-2.54E0,-1.2255E1));
#707=LINE('',#706,#705);
#708=DIRECTION('',(0.E0,0.E0,-1.E0));
#709=VECTOR('',#708,1.2255E1);
#710=CARTESIAN_POINT('',(6.285E0,-2.54E0,0.E0));
#711=LINE('',#710,#709);
#712=DIRECTION('',(0.E0,-1.E0,0.E0));
#713=VECTOR('',#712,1.15E0);
#714=CARTESIAN_POINT('',(6.285E0,-1.39E0,0.E0));
#715=LINE('',#714,#713);
#716=DIRECTION('',(0.E0,0.E0,-1.E0));
#717=VECTOR('',#716,1.52E0);
#718=CARTESIAN_POINT('',(6.285E0,-1.39E0,0.E0));
#719=LINE('',#718,#717);
#720=DIRECTION('',(0.E0,-1.E0,0.E0));
#721=VECTOR('',#720,5.08E0);
#722=CARTESIAN_POINT('',(5.9421E0,2.54E0,-1.2255E1));
#723=LINE('',#722,#721);
#724=DIRECTION('',(1.E0,0.E0,0.E0));
#725=VECTOR('',#724,1.27E0);
#726=CARTESIAN_POINT('',(1.905E0,-2.54E0,-8.89E0));
#727=LINE('',#726,#725);
#728=DIRECTION('',(0.E0,0.E0,-1.E0));
#729=VECTOR('',#728,8.89E0);
#730=CARTESIAN_POINT('',(3.175E0,-2.54E0,0.E0));
#731=LINE('',#730,#729);
#732=DIRECTION('',(1.E0,0.E0,0.E0));
#733=VECTOR('',#732,3.11E0);
#734=CARTESIAN_POINT('',(3.175E0,-2.54E0,0.E0));
#735=LINE('',#734,#733);
#736=DIRECTION('',(-1.E0,0.E0,0.E0));
#737=VECTOR('',#736,3.429E-1);
#738=CARTESIAN_POINT('',(6.285E0,-2.54E0,-1.2255E1));
#739=LINE('',#738,#737);
#740=DIRECTION('',(0.E0,0.E0,1.E0));
#741=VECTOR('',#740,6.655059546608E-1);
#742=CARTESIAN_POINT('',(5.9421E0,-2.54E0,-1.292050595466E1));
#743=LINE('',#742,#741);
#744=CARTESIAN_POINT('',(5.8171E0,-2.54E0,-1.292050595466E1));
#745=DIRECTION('',(0.E0,1.E0,0.E0));
#746=DIRECTION('',(1.E0,0.E0,0.E0));
#747=AXIS2_PLACEMENT_3D('',#744,#745,#746);
#749=DIRECTION('',(5.E-1,0.E0,8.660254037844E-1));
#750=VECTOR('',#749,7.008963509461E-1);
#751=CARTESIAN_POINT('',(5.574905E0,-2.54E0,-1.359E1));
#752=LINE('',#751,#750);
#753=DIRECTION('',(5.E-1,0.E0,-8.660254037844E-1));
#754=VECTOR('',#753,7.008963509461E-1);
#755=CARTESIAN_POINT('',(-5.925353175473E0,-2.54E0,-1.298300595466E1));
#756=LINE('',#755,#754);
#757=CARTESIAN_POINT('',(-5.8171E0,-2.54E0,-1.292050595466E1));
#758=DIRECTION('',(0.E0,1.E0,0.E0));
#759=DIRECTION('',(-8.660254037844E-1,0.E0,-5.E-1));
#760=AXIS2_PLACEMENT_3D('',#757,#758,#759);
#762=DIRECTION('',(0.E0,0.E0,-1.E0));
#763=VECTOR('',#762,6.655059546608E-1);
#764=CARTESIAN_POINT('',(-5.9421E0,-2.54E0,-1.2255E1));
#765=LINE('',#764,#763);
#766=DIRECTION('',(1.E0,0.E0,0.E0));
#767=VECTOR('',#766,3.429E-1);
#768=CARTESIAN_POINT('',(-6.285E0,-2.54E0,-1.2255E1));
#769=LINE('',#768,#767);
#770=DIRECTION('',(1.E0,0.E0,0.E0));
#771=VECTOR('',#770,3.11E0);
#772=CARTESIAN_POINT('',(-6.285E0,-2.54E0,0.E0));
#773=LINE('',#772,#771);
#774=DIRECTION('',(0.E0,0.E0,-1.E0));
#775=VECTOR('',#774,8.89E0);
#776=CARTESIAN_POINT('',(-3.175E0,-2.54E0,0.E0));
#777=LINE('',#776,#775);
#778=DIRECTION('',(1.E0,0.E0,0.E0));
#779=VECTOR('',#778,1.27E0);
#780=CARTESIAN_POINT('',(-3.175E0,-2.54E0,-8.89E0));
#781=LINE('',#780,#779);
#782=DIRECTION('',(0.E0,0.E0,-1.E0));
#783=VECTOR('',#782,8.89E0);
#784=CARTESIAN_POINT('',(-1.905E0,-2.54E0,0.E0));
#785=LINE('',#784,#783);
#786=DIRECTION('',(1.E0,0.E0,0.E0));
#787=VECTOR('',#786,3.81E0);
#788=CARTESIAN_POINT('',(-1.905E0,-2.54E0,0.E0));
#789=LINE('',#788,#787);
#790=DIRECTION('',(0.E0,0.E0,-1.E0));
#791=VECTOR('',#790,8.89E0);
#792=CARTESIAN_POINT('',(1.905E0,-2.54E0,0.E0));
#793=LINE('',#792,#791);
#794=DIRECTION('',(0.E0,1.E0,0.E0));
#795=VECTOR('',#794,7.316E-1);
#796=CARTESIAN_POINT('',(3.495E0,-3.658E-1,-8.89E0));
#797=LINE('',#796,#795);
#798=DIRECTION('',(1.E0,0.E0,0.E0));
#799=VECTOR('',#798,6.4E-1);
#800=CARTESIAN_POINT('',(3.495E0,-3.658E-1,-8.89E0));
#801=LINE('',#800,#799);
#802=DIRECTION('',(0.E0,1.E0,0.E0));
#803=VECTOR('',#802,7.316E-1);
#804=CARTESIAN_POINT('',(4.135E0,-3.658E-1,-8.89E0));
#805=LINE('',#804,#803);
#806=DIRECTION('',(1.E0,0.E0,0.E0));
#807=VECTOR('',#806,6.4E-1);
#808=CARTESIAN_POINT('',(3.495E0,3.658E-1,-8.89E0));
#809=LINE('',#808,#807);
#810=DIRECTION('',(0.E0,1.E0,0.E0));
#811=VECTOR('',#810,7.316E-1);
#812=CARTESIAN_POINT('',(9.55E-1,-3.658E-1,-8.89E0));
#813=LINE('',#812,#811);
#814=DIRECTION('',(1.E0,0.E0,0.E0));
#815=VECTOR('',#814,6.4E-1);
#816=CARTESIAN_POINT('',(9.55E-1,-3.658E-1,-8.89E0));
#817=LINE('',#816,#815);
#818=DIRECTION('',(0.E0,1.E0,0.E0));
#819=VECTOR('',#818,7.316E-1);
#820=CARTESIAN_POINT('',(1.595E0,-3.658E-1,-8.89E0));
#821=LINE('',#820,#819);
#822=DIRECTION('',(1.E0,0.E0,0.E0));
#823=VECTOR('',#822,6.4E-1);
#824=CARTESIAN_POINT('',(9.55E-1,3.658E-1,-8.89E0));
#825=LINE('',#824,#823);
#826=DIRECTION('',(0.E0,1.E0,0.E0));
#827=VECTOR('',#826,7.316E-1);
#828=CARTESIAN_POINT('',(-1.585E0,-3.658E-1,-8.89E0));
#829=LINE('',#828,#827);
#830=DIRECTION('',(1.E0,0.E0,0.E0));
#831=VECTOR('',#830,6.4E-1);
#832=CARTESIAN_POINT('',(-1.585E0,-3.658E-1,-8.89E0));
#833=LINE('',#832,#831);
#834=DIRECTION('',(0.E0,1.E0,0.E0));
#835=VECTOR('',#834,7.316E-1);
#836=CARTESIAN_POINT('',(-9.45E-1,-3.658E-1,-8.89E0));
#837=LINE('',#836,#835);
#838=DIRECTION('',(1.E0,0.E0,0.E0));
#839=VECTOR('',#838,6.4E-1);
#840=CARTESIAN_POINT('',(-1.585E0,3.658E-1,-8.89E0));
#841=LINE('',#840,#839);
#842=DIRECTION('',(0.E0,1.E0,0.E0));
#843=VECTOR('',#842,7.316E-1);
#844=CARTESIAN_POINT('',(-4.125E0,-3.658E-1,-8.89E0));
#845=LINE('',#844,#843);
#846=DIRECTION('',(1.E0,0.E0,0.E0));
#847=VECTOR('',#846,6.4E-1);
#848=CARTESIAN_POINT('',(-4.125E0,-3.658E-1,-8.89E0));
#849=LINE('',#848,#847);
#850=DIRECTION('',(0.E0,1.E0,0.E0));
#851=VECTOR('',#850,7.316E-1);
#852=CARTESIAN_POINT('',(-3.485E0,-3.658E-1,-8.89E0));
#853=LINE('',#852,#851);
#854=DIRECTION('',(1.E0,0.E0,0.E0));
#855=VECTOR('',#854,6.4E-1);
#856=CARTESIAN_POINT('',(-4.125E0,3.658E-1,-8.89E0));
#857=LINE('',#856,#855);
#858=DIRECTION('',(0.E0,-1.E0,0.E0));
#859=VECTOR('',#858,1.02E0);
#860=CARTESIAN_POINT('',(-3.175E0,-1.52E0,-8.89E0));
#861=LINE('',#860,#859);
#862=DIRECTION('',(-1.E0,0.E0,0.E0));
#863=VECTOR('',#862,2.16E0);
#864=CARTESIAN_POINT('',(-3.175E0,-1.52E0,-8.89E0));
#865=LINE('',#864,#863);
#866=DIRECTION('',(0.E0,-1.E0,0.E0));
#867=VECTOR('',#866,2.8E-1);
#868=CARTESIAN_POINT('',(-3.815E0,1.52E0,-8.89E0));
#869=LINE('',#868,#867);
#870=DIRECTION('',(1.E0,0.E0,0.E0));
#871=VECTOR('',#870,5.1E-1);
#872=CARTESIAN_POINT('',(-3.815E0,1.24E0,-8.89E0));
#873=LINE('',#872,#871);
#874=DIRECTION('',(0.E0,1.E0,0.E0));
#875=VECTOR('',#874,2.8E-1);
#876=CARTESIAN_POINT('',(-3.305E0,1.24E0,-8.89E0));
#877=LINE('',#876,#875);
#878=DIRECTION('',(0.E0,-1.E0,0.E0));
#879=VECTOR('',#878,1.02E0);
#880=CARTESIAN_POINT('',(1.525E0,2.54E0,-8.89E0));
#881=LINE('',#880,#879);
#882=DIRECTION('',(0.E0,-1.E0,0.E0));
#883=VECTOR('',#882,2.8E-1);
#884=CARTESIAN_POINT('',(3.305E0,1.52E0,-8.89E0));
#885=LINE('',#884,#883);
#886=DIRECTION('',(1.E0,0.E0,0.E0));
#887=VECTOR('',#886,5.1E-1);
#888=CARTESIAN_POINT('',(3.305E0,1.24E0,-8.89E0));
#889=LINE('',#888,#887);
#890=DIRECTION('',(0.E0,1.E0,0.E0));
#891=VECTOR('',#890,2.8E-1);
#892=CARTESIAN_POINT('',(3.815E0,1.24E0,-8.89E0));
#893=LINE('',#892,#891);
#894=DIRECTION('',(-1.E0,0.E0,0.E0));
#895=VECTOR('',#894,2.16E0);
#896=CARTESIAN_POINT('',(5.335E0,-1.52E0,-8.89E0));
#897=LINE('',#896,#895);
#898=DIRECTION('',(0.E0,1.E0,0.E0));
#899=VECTOR('',#898,1.02E0);
#900=CARTESIAN_POINT('',(3.175E0,-2.54E0,-8.89E0));
#901=LINE('',#900,#899);
#902=DIRECTION('',(0.E0,-1.E0,0.E0));
#903=VECTOR('',#902,1.02E0);
#904=CARTESIAN_POINT('',(1.905E0,-1.52E0,-8.89E0));
#905=LINE('',#904,#903);
#906=DIRECTION('',(-1.E0,0.E0,0.E0));
#907=VECTOR('',#906,3.81E0);
#908=CARTESIAN_POINT('',(1.905E0,-1.52E0,-8.89E0));
#909=LINE('',#908,#907);
#910=DIRECTION('',(0.E0,1.E0,0.E0));
#911=VECTOR('',#910,1.02E0);
#912=CARTESIAN_POINT('',(-1.905E0,-2.54E0,-8.89E0));
#913=LINE('',#912,#911);
#914=DIRECTION('',(0.E0,0.E0,1.E0));
#915=VECTOR('',#914,6.35E-2);
#916=CARTESIAN_POINT('',(3.495E0,3.658E-1,-8.89E0));
#917=LINE('',#916,#915);
#918=DIRECTION('',(0.E0,-1.E0,0.E0));
#919=VECTOR('',#918,4.58E-2);
#920=CARTESIAN_POINT('',(3.495E0,3.658E-1,-8.8265E0));
#921=LINE('',#920,#919);
#922=DIRECTION('',(0.E0,0.E0,1.E0));
#923=VECTOR('',#922,5.7765E0);
#924=CARTESIAN_POINT('',(3.495E0,3.2E-1,-8.8265E0));
#925=LINE('',#924,#923);
#926=DIRECTION('',(0.E0,-1.E0,0.E0));
#927=VECTOR('',#926,6.4E-1);
#928=CARTESIAN_POINT('',(3.495E0,3.2E-1,-3.05E0));
#929=LINE('',#928,#927);
#930=DIRECTION('',(0.E0,0.E0,-1.E0));
#931=VECTOR('',#930,5.7765E0);
#932=CARTESIAN_POINT('',(3.495E0,-3.2E-1,-3.05E0));
#933=LINE('',#932,#931);
#934=DIRECTION('',(0.E0,-1.E0,0.E0));
#935=VECTOR('',#934,4.58E-2);
#936=CARTESIAN_POINT('',(3.495E0,-3.2E-1,-8.8265E0));
#937=LINE('',#936,#935);
#938=DIRECTION('',(0.E0,0.E0,-1.E0));
#939=VECTOR('',#938,6.35E-2);
#940=CARTESIAN_POINT('',(3.495E0,-3.658E-1,-8.8265E0));
#941=LINE('',#940,#939);
#942=DIRECTION('',(0.E0,0.E0,-1.E0));
#943=VECTOR('',#942,3.3E0);
#944=CARTESIAN_POINT('',(3.495E0,-3.2E-1,-1.359E1));
#945=LINE('',#944,#943);
#946=DIRECTION('',(0.E0,1.E0,-1.110223024625E-14));
#947=VECTOR('',#946,6.4E-1);
#948=CARTESIAN_POINT('',(3.495E0,-3.2E-1,-1.689E1));
#949=LINE('',#948,#947);
#950=DIRECTION('',(0.E0,0.E0,1.E0));
#951=VECTOR('',#950,3.3E0);
#952=CARTESIAN_POINT('',(3.495E0,3.2E-1,-1.689E1));
#953=LINE('',#952,#951);
#954=DIRECTION('',(0.E0,0.E0,-1.E0));
#955=VECTOR('',#954,6.35E-2);
#956=CARTESIAN_POINT('',(4.135E0,-3.658E-1,-8.8265E0));
#957=LINE('',#956,#955);
#958=DIRECTION('',(0.E0,-1.E0,0.E0));
#959=VECTOR('',#958,4.58E-2);
#960=CARTESIAN_POINT('',(4.135E0,-3.2E-1,-8.8265E0));
#961=LINE('',#960,#959);
#962=DIRECTION('',(0.E0,0.E0,-1.E0));
#963=VECTOR('',#962,5.7765E0);
#964=CARTESIAN_POINT('',(4.135E0,-3.2E-1,-3.05E0));
#965=LINE('',#964,#963);
#966=DIRECTION('',(0.E0,-1.E0,0.E0));
#967=VECTOR('',#966,6.4E-1);
#968=CARTESIAN_POINT('',(4.135E0,3.2E-1,-3.05E0));
#969=LINE('',#968,#967);
#970=DIRECTION('',(0.E0,0.E0,1.E0));
#971=VECTOR('',#970,5.7765E0);
#972=CARTESIAN_POINT('',(4.135E0,3.2E-1,-8.8265E0));
#973=LINE('',#972,#971);
#974=DIRECTION('',(0.E0,-1.E0,0.E0));
#975=VECTOR('',#974,4.58E-2);
#976=CARTESIAN_POINT('',(4.135E0,3.658E-1,-8.8265E0));
#977=LINE('',#976,#975);
#978=DIRECTION('',(0.E0,0.E0,1.E0));
#979=VECTOR('',#978,6.35E-2);
#980=CARTESIAN_POINT('',(4.135E0,3.658E-1,-8.89E0));
#981=LINE('',#980,#979);
#982=DIRECTION('',(0.E0,0.E0,-1.E0));
#983=VECTOR('',#982,3.3E0);
#984=CARTESIAN_POINT('',(4.135E0,-3.2E-1,-1.359E1));
#985=LINE('',#984,#983);
#986=DIRECTION('',(0.E0,0.E0,1.E0));
#987=VECTOR('',#986,3.3E0);
#988=CARTESIAN_POINT('',(4.135E0,3.2E-1,-1.689E1));
#989=LINE('',#988,#987);
#990=DIRECTION('',(0.E0,1.E0,-1.110223024625E-14));
#991=VECTOR('',#990,6.4E-1);
#992=CARTESIAN_POINT('',(4.135E0,-3.2E-1,-1.689E1));
#993=LINE('',#992,#991);
#994=DIRECTION('',(1.E0,0.E0,0.E0));
#995=VECTOR('',#994,6.4E-1);
#996=CARTESIAN_POINT('',(3.495E0,-3.658E-1,-8.8265E0));
#997=LINE('',#996,#995);
#998=DIRECTION('',(1.E0,0.E0,0.E0));
#999=VECTOR('',#998,6.4E-1);
#1000=CARTESIAN_POINT('',(3.495E0,-3.2E-1,-8.8265E0));
#1001=LINE('',#1000,#999);
#1002=DIRECTION('',(1.E0,0.E0,0.E0));
#1003=VECTOR('',#1002,6.4E-1);
#1004=CARTESIAN_POINT('',(3.495E0,-3.2E-1,-3.05E0));
#1005=LINE('',#1004,#1003);
#1006=DIRECTION('',(1.E0,0.E0,0.E0));
#1007=VECTOR('',#1006,6.4E-1);
#1008=CARTESIAN_POINT('',(3.495E0,3.2E-1,-3.05E0));
#1009=LINE('',#1008,#1007);
#1010=DIRECTION('',(1.E0,0.E0,0.E0));
#1011=VECTOR('',#1010,6.4E-1);
#1012=CARTESIAN_POINT('',(3.495E0,3.2E-1,-8.8265E0));
#1013=LINE('',#1012,#1011);
#1014=DIRECTION('',(1.E0,0.E0,0.E0));
#1015=VECTOR('',#1014,6.4E-1);
#1016=CARTESIAN_POINT('',(3.495E0,3.658E-1,-8.8265E0));
#1017=LINE('',#1016,#1015);
#1018=DIRECTION('',(0.E0,-1.E0,0.E0));
#1019=VECTOR('',#1018,6.4E-1);
#1020=CARTESIAN_POINT('',(3.495E0,3.2E-1,-1.359E1));
#1021=LINE('',#1020,#1019);
#1022=DIRECTION('',(1.E0,0.E0,0.E0));
#1023=VECTOR('',#1022,6.4E-1);
#1024=CARTESIAN_POINT('',(3.495E0,3.2E-1,-1.359E1));
#1025=LINE('',#1024,#1023);
#1026=DIRECTION('',(0.E0,-1.E0,0.E0));
#1027=VECTOR('',#1026,6.4E-1);
#1028=CARTESIAN_POINT('',(4.135E0,3.2E-1,-1.359E1));
#1029=LINE('',#1028,#1027);
#1030=DIRECTION('',(-1.E0,0.E0,0.E0));
#1031=VECTOR('',#1030,6.4E-1);
#1032=CARTESIAN_POINT('',(4.135E0,-3.2E-1,-1.359E1));
#1033=LINE('',#1032,#1031);
#1034=DIRECTION('',(0.E0,-1.E0,0.E0));
#1035=VECTOR('',#1034,6.4E-1);
#1036=CARTESIAN_POINT('',(9.55E-1,3.2E-1,-1.359E1));
#1037=LINE('',#1036,#1035);
#1038=DIRECTION('',(1.E0,0.E0,0.E0));
#1039=VECTOR('',#1038,6.4E-1);
#1040=CARTESIAN_POINT('',(9.55E-1,3.2E-1,-1.359E1));
#1041=LINE('',#1040,#1039);
#1042=DIRECTION('',(0.E0,-1.E0,0.E0));
#1043=VECTOR('',#1042,6.4E-1);
#1044=CARTESIAN_POINT('',(1.595E0,3.2E-1,-1.359E1));
#1045=LINE('',#1044,#1043);
#1046=DIRECTION('',(-1.E0,0.E0,0.E0));
#1047=VECTOR('',#1046,6.4E-1);
#1048=CARTESIAN_POINT('',(1.595E0,-3.2E-1,-1.359E1));
#1049=LINE('',#1048,#1047);
#1050=DIRECTION('',(0.E0,-1.E0,0.E0));
#1051=VECTOR('',#1050,6.4E-1);
#1052=CARTESIAN_POINT('',(-1.585E0,3.2E-1,-1.359E1));
#1053=LINE('',#1052,#1051);
#1054=DIRECTION('',(1.E0,0.E0,0.E0));
#1055=VECTOR('',#1054,6.4E-1);
#1056=CARTESIAN_POINT('',(-1.585E0,3.2E-1,-1.359E1));
#1057=LINE('',#1056,#1055);
#1058=DIRECTION('',(0.E0,-1.E0,0.E0));
#1059=VECTOR('',#1058,6.4E-1);
#1060=CARTESIAN_POINT('',(-9.45E-1,3.2E-1,-1.359E1));
#1061=LINE('',#1060,#1059);
#1062=DIRECTION('',(-1.E0,0.E0,0.E0));
#1063=VECTOR('',#1062,6.4E-1);
#1064=CARTESIAN_POINT('',(-9.45E-1,-3.2E-1,-1.359E1));
#1065=LINE('',#1064,#1063);
#1066=DIRECTION('',(0.E0,-1.E0,0.E0));
#1067=VECTOR('',#1066,6.4E-1);
#1068=CARTESIAN_POINT('',(-4.125E0,3.2E-1,-1.359E1));
#1069=LINE('',#1068,#1067);
#1070=DIRECTION('',(1.E0,0.E0,0.E0));
#1071=VECTOR('',#1070,6.4E-1);
#1072=CARTESIAN_POINT('',(-4.125E0,3.2E-1,-1.359E1));
#1073=LINE('',#1072,#1071);
#1074=DIRECTION('',(0.E0,-1.E0,0.E0));
#1075=VECTOR('',#1074,6.4E-1);
#1076=CARTESIAN_POINT('',(-3.485E0,3.2E-1,-1.359E1));
#1077=LINE('',#1076,#1075);
#1078=DIRECTION('',(-1.E0,0.E0,0.E0));
#1079=VECTOR('',#1078,6.4E-1);
#1080=CARTESIAN_POINT('',(-3.485E0,-3.2E-1,-1.359E1));
#1081=LINE('',#1080,#1079);
#1082=DIRECTION('',(0.E0,1.E0,0.E0));
#1083=VECTOR('',#1082,5.08E0);
#1084=CARTESIAN_POINT('',(5.574905E0,-2.54E0,-1.359E1));
#1085=LINE('',#1084,#1083);
#1086=DIRECTION('',(0.E0,1.E0,0.E0));
#1087=VECTOR('',#1086,5.08E0);
#1088=CARTESIAN_POINT('',(-5.574905E0,-2.54E0,-1.359E1));
#1089=LINE('',#1088,#1087);
#1090=DIRECTION('',(1.E0,0.E0,0.E0));
#1091=VECTOR('',#1090,1.114981E1);
#1092=CARTESIAN_POINT('',(-5.574905E0,-2.54E0,-1.359E1));
#1093=LINE('',#1092,#1091);
#1094=DIRECTION('',(1.E0,0.E0,0.E0));
#1095=VECTOR('',#1094,6.4E-1);
#1096=CARTESIAN_POINT('',(3.495E0,3.2E-1,-1.689E1));
#1097=LINE('',#1096,#1095);
#1098=DIRECTION('',(1.E0,0.E0,0.E0));
#1099=VECTOR('',#1098,6.4E-1);
#1100=CARTESIAN_POINT('',(3.495E0,-3.2E-1,-1.689E1));
#1101=LINE('',#1100,#1099);
#1102=DIRECTION('',(0.E0,0.E0,-1.E0));
#1103=VECTOR('',#1102,3.3E0);
#1104=CARTESIAN_POINT('',(9.55E-1,-3.2E-1,-1.359E1));
#1105=LINE('',#1104,#1103);
#1106=DIRECTION('',(0.E0,1.E0,-1.110223024625E-14));
#1107=VECTOR('',#1106,6.4E-1);
#1108=CARTESIAN_POINT('',(9.55E-1,-3.2E-1,-1.689E1));
#1109=LINE('',#1108,#1107);
#1110=DIRECTION('',(0.E0,0.E0,1.E0));
#1111=VECTOR('',#1110,3.3E0);
#1112=CARTESIAN_POINT('',(9.55E-1,3.2E-1,-1.689E1));
#1113=LINE('',#1112,#1111);
#1114=DIRECTION('',(0.E0,0.E0,1.E0));
#1115=VECTOR('',#1114,6.35E-2);
#1116=CARTESIAN_POINT('',(9.55E-1,3.658E-1,-8.89E0));
#1117=LINE('',#1116,#1115);
#1118=DIRECTION('',(0.E0,-1.E0,0.E0));
#1119=VECTOR('',#1118,4.58E-2);
#1120=CARTESIAN_POINT('',(9.55E-1,3.658E-1,-8.8265E0));
#1121=LINE('',#1120,#1119);
#1122=DIRECTION('',(0.E0,0.E0,1.E0));
#1123=VECTOR('',#1122,5.7765E0);
#1124=CARTESIAN_POINT('',(9.55E-1,3.2E-1,-8.8265E0));
#1125=LINE('',#1124,#1123);
#1126=DIRECTION('',(0.E0,-1.E0,0.E0));
#1127=VECTOR('',#1126,6.4E-1);
#1128=CARTESIAN_POINT('',(9.55E-1,3.2E-1,-3.05E0));
#1129=LINE('',#1128,#1127);
#1130=DIRECTION('',(0.E0,0.E0,-1.E0));
#1131=VECTOR('',#1130,5.7765E0);
#1132=CARTESIAN_POINT('',(9.55E-1,-3.2E-1,-3.05E0));
#1133=LINE('',#1132,#1131);
#1134=DIRECTION('',(0.E0,-1.E0,0.E0));
#1135=VECTOR('',#1134,4.58E-2);
#1136=CARTESIAN_POINT('',(9.55E-1,-3.2E-1,-8.8265E0));
#1137=LINE('',#1136,#1135);
#1138=DIRECTION('',(0.E0,0.E0,-1.E0));
#1139=VECTOR('',#1138,6.35E-2);
#1140=CARTESIAN_POINT('',(9.55E-1,-3.658E-1,-8.8265E0));
#1141=LINE('',#1140,#1139);
#1142=DIRECTION('',(0.E0,0.E0,1.E0));
#1143=VECTOR('',#1142,3.3E0);
#1144=CARTESIAN_POINT('',(1.595E0,3.2E-1,-1.689E1));
#1145=LINE('',#1144,#1143);
#1146=DIRECTION('',(0.E0,1.E0,-1.110223024625E-14));
#1147=VECTOR('',#1146,6.4E-1);
#1148=CARTESIAN_POINT('',(1.595E0,-3.2E-1,-1.689E1));
#1149=LINE('',#1148,#1147);
#1150=DIRECTION('',(0.E0,0.E0,-1.E0));
#1151=VECTOR('',#1150,3.3E0);
#1152=CARTESIAN_POINT('',(1.595E0,-3.2E-1,-1.359E1));
#1153=LINE('',#1152,#1151);
#1154=DIRECTION('',(0.E0,0.E0,-1.E0));
#1155=VECTOR('',#1154,6.35E-2);
#1156=CARTESIAN_POINT('',(1.595E0,-3.658E-1,-8.8265E0));
#1157=LINE('',#1156,#1155);
#1158=DIRECTION('',(0.E0,-1.E0,0.E0));
#1159=VECTOR('',#1158,4.58E-2);
#1160=CARTESIAN_POINT('',(1.595E0,-3.2E-1,-8.8265E0));
#1161=LINE('',#1160,#1159);
#1162=DIRECTION('',(0.E0,0.E0,-1.E0));
#1163=VECTOR('',#1162,5.7765E0);
#1164=CARTESIAN_POINT('',(1.595E0,-3.2E-1,-3.05E0));
#1165=LINE('',#1164,#1163);
#1166=DIRECTION('',(0.E0,-1.E0,0.E0));
#1167=VECTOR('',#1166,6.4E-1);
#1168=CARTESIAN_POINT('',(1.595E0,3.2E-1,-3.05E0));
#1169=LINE('',#1168,#1167);
#1170=DIRECTION('',(0.E0,0.E0,1.E0));
#1171=VECTOR('',#1170,5.7765E0);
#1172=CARTESIAN_POINT('',(1.595E0,3.2E-1,-8.8265E0));
#1173=LINE('',#1172,#1171);
#1174=DIRECTION('',(0.E0,-1.E0,0.E0));
#1175=VECTOR('',#1174,4.58E-2);
#1176=CARTESIAN_POINT('',(1.595E0,3.658E-1,-8.8265E0));
#1177=LINE('',#1176,#1175);
#1178=DIRECTION('',(0.E0,0.E0,1.E0));
#1179=VECTOR('',#1178,6.35E-2);
#1180=CARTESIAN_POINT('',(1.595E0,3.658E-1,-8.89E0));
#1181=LINE('',#1180,#1179);
#1182=DIRECTION('',(1.E0,0.E0,0.E0));
#1183=VECTOR('',#1182,6.4E-1);
#1184=CARTESIAN_POINT('',(9.55E-1,3.2E-1,-1.689E1));
#1185=LINE('',#1184,#1183);
#1186=DIRECTION('',(1.E0,0.E0,0.E0));
#1187=VECTOR('',#1186,6.4E-1);
#1188=CARTESIAN_POINT('',(9.55E-1,-3.2E-1,-1.689E1));
#1189=LINE('',#1188,#1187);
#1190=DIRECTION('',(1.E0,0.E0,0.E0));
#1191=VECTOR('',#1190,6.4E-1);
#1192=CARTESIAN_POINT('',(9.55E-1,-3.658E-1,-8.8265E0));
#1193=LINE('',#1192,#1191);
#1194=DIRECTION('',(1.E0,0.E0,0.E0));
#1195=VECTOR('',#1194,6.4E-1);
#1196=CARTESIAN_POINT('',(9.55E-1,-3.2E-1,-8.8265E0));
#1197=LINE('',#1196,#1195);
#1198=DIRECTION('',(1.E0,0.E0,0.E0));
#1199=VECTOR('',#1198,6.4E-1);
#1200=CARTESIAN_POINT('',(9.55E-1,-3.2E-1,-3.05E0));
#1201=LINE('',#1200,#1199);
#1202=DIRECTION('',(1.E0,0.E0,0.E0));
#1203=VECTOR('',#1202,6.4E-1);
#1204=CARTESIAN_POINT('',(9.55E-1,3.2E-1,-3.05E0));
#1205=LINE('',#1204,#1203);
#1206=DIRECTION('',(1.E0,0.E0,0.E0));
#1207=VECTOR('',#1206,6.4E-1);
#1208=CARTESIAN_POINT('',(9.55E-1,3.2E-1,-8.8265E0));
#1209=LINE('',#1208,#1207);
#1210=DIRECTION('',(1.E0,0.E0,0.E0));
#1211=VECTOR('',#1210,6.4E-1);
#1212=CARTESIAN_POINT('',(9.55E-1,3.658E-1,-8.8265E0));
#1213=LINE('',#1212,#1211);
#1214=DIRECTION('',(0.E0,0.E0,-1.E0));
#1215=VECTOR('',#1214,3.3E0);
#1216=CARTESIAN_POINT('',(-1.585E0,-3.2E-1,-1.359E1));
#1217=LINE('',#1216,#1215);
#1218=DIRECTION('',(0.E0,1.E0,-1.110223024625E-14));
#1219=VECTOR('',#1218,6.4E-1);
#1220=CARTESIAN_POINT('',(-1.585E0,-3.2E-1,-1.689E1));
#1221=LINE('',#1220,#1219);
#1222=DIRECTION('',(0.E0,0.E0,1.E0));
#1223=VECTOR('',#1222,3.3E0);
#1224=CARTESIAN_POINT('',(-1.585E0,3.2E-1,-1.689E1));
#1225=LINE('',#1224,#1223);
#1226=DIRECTION('',(0.E0,0.E0,1.E0));
#1227=VECTOR('',#1226,6.35E-2);
#1228=CARTESIAN_POINT('',(-1.585E0,3.658E-1,-8.89E0));
#1229=LINE('',#1228,#1227);
#1230=DIRECTION('',(0.E0,-1.E0,0.E0));
#1231=VECTOR('',#1230,4.58E-2);
#1232=CARTESIAN_POINT('',(-1.585E0,3.658E-1,-8.8265E0));
#1233=LINE('',#1232,#1231);
#1234=DIRECTION('',(0.E0,0.E0,1.E0));
#1235=VECTOR('',#1234,5.7765E0);
#1236=CARTESIAN_POINT('',(-1.585E0,3.2E-1,-8.8265E0));
#1237=LINE('',#1236,#1235);
#1238=DIRECTION('',(0.E0,-1.E0,0.E0));
#1239=VECTOR('',#1238,6.4E-1);
#1240=CARTESIAN_POINT('',(-1.585E0,3.2E-1,-3.05E0));
#1241=LINE('',#1240,#1239);
#1242=DIRECTION('',(0.E0,0.E0,-1.E0));
#1243=VECTOR('',#1242,5.7765E0);
#1244=CARTESIAN_POINT('',(-1.585E0,-3.2E-1,-3.05E0));
#1245=LINE('',#1244,#1243);
#1246=DIRECTION('',(0.E0,-1.E0,0.E0));
#1247=VECTOR('',#1246,4.58E-2);
#1248=CARTESIAN_POINT('',(-1.585E0,-3.2E-1,-8.8265E0));
#1249=LINE('',#1248,#1247);
#1250=DIRECTION('',(0.E0,0.E0,-1.E0));
#1251=VECTOR('',#1250,6.35E-2);
#1252=CARTESIAN_POINT('',(-1.585E0,-3.658E-1,-8.8265E0));
#1253=LINE('',#1252,#1251);
#1254=DIRECTION('',(0.E0,0.E0,1.E0));
#1255=VECTOR('',#1254,3.3E0);
#1256=CARTESIAN_POINT('',(-9.45E-1,3.2E-1,-1.689E1));
#1257=LINE('',#1256,#1255);
#1258=DIRECTION('',(0.E0,1.E0,-1.110223024625E-14));
#1259=VECTOR('',#1258,6.4E-1);
#1260=CARTESIAN_POINT('',(-9.45E-1,-3.2E-1,-1.689E1));
#1261=LINE('',#1260,#1259);
#1262=DIRECTION('',(0.E0,0.E0,-1.E0));
#1263=VECTOR('',#1262,3.3E0);
#1264=CARTESIAN_POINT('',(-9.45E-1,-3.2E-1,-1.359E1));
#1265=LINE('',#1264,#1263);
#1266=DIRECTION('',(0.E0,0.E0,-1.E0));
#1267=VECTOR('',#1266,6.35E-2);
#1268=CARTESIAN_POINT('',(-9.45E-1,-3.658E-1,-8.8265E0));
#1269=LINE('',#1268,#1267);
#1270=DIRECTION('',(0.E0,-1.E0,0.E0));
#1271=VECTOR('',#1270,4.58E-2);
#1272=CARTESIAN_POINT('',(-9.45E-1,-3.2E-1,-8.8265E0));
#1273=LINE('',#1272,#1271);
#1274=DIRECTION('',(0.E0,0.E0,-1.E0));
#1275=VECTOR('',#1274,5.7765E0);
#1276=CARTESIAN_POINT('',(-9.45E-1,-3.2E-1,-3.05E0));
#1277=LINE('',#1276,#1275);
#1278=DIRECTION('',(0.E0,-1.E0,0.E0));
#1279=VECTOR('',#1278,6.4E-1);
#1280=CARTESIAN_POINT('',(-9.45E-1,3.2E-1,-3.05E0));
#1281=LINE('',#1280,#1279);
#1282=DIRECTION('',(0.E0,0.E0,1.E0));
#1283=VECTOR('',#1282,5.7765E0);
#1284=CARTESIAN_POINT('',(-9.45E-1,3.2E-1,-8.8265E0));
#1285=LINE('',#1284,#1283);
#1286=DIRECTION('',(0.E0,-1.E0,0.E0));
#1287=VECTOR('',#1286,4.58E-2);
#1288=CARTESIAN_POINT('',(-9.45E-1,3.658E-1,-8.8265E0));
#1289=LINE('',#1288,#1287);
#1290=DIRECTION('',(0.E0,0.E0,1.E0));
#1291=VECTOR('',#1290,6.35E-2);
#1292=CARTESIAN_POINT('',(-9.45E-1,3.658E-1,-8.89E0));
#1293=LINE('',#1292,#1291);
#1294=DIRECTION('',(1.E0,0.E0,0.E0));
#1295=VECTOR('',#1294,6.4E-1);
#1296=CARTESIAN_POINT('',(-1.585E0,3.2E-1,-1.689E1));
#1297=LINE('',#1296,#1295);
#1298=DIRECTION('',(1.E0,0.E0,0.E0));
#1299=VECTOR('',#1298,6.4E-1);
#1300=CARTESIAN_POINT('',(-1.585E0,-3.2E-1,-1.689E1));
#1301=LINE('',#1300,#1299);
#1302=DIRECTION('',(1.E0,0.E0,0.E0));
#1303=VECTOR('',#1302,6.4E-1);
#1304=CARTESIAN_POINT('',(-1.585E0,-3.658E-1,-8.8265E0));
#1305=LINE('',#1304,#1303);
#1306=DIRECTION('',(1.E0,0.E0,0.E0));
#1307=VECTOR('',#1306,6.4E-1);
#1308=CARTESIAN_POINT('',(-1.585E0,-3.2E-1,-8.8265E0));
#1309=LINE('',#1308,#1307);
#1310=DIRECTION('',(1.E0,0.E0,0.E0));
#1311=VECTOR('',#1310,6.4E-1);
#1312=CARTESIAN_POINT('',(-1.585E0,-3.2E-1,-3.05E0));
#1313=LINE('',#1312,#1311);
#1314=DIRECTION('',(1.E0,0.E0,0.E0));
#1315=VECTOR('',#1314,6.4E-1);
#1316=CARTESIAN_POINT('',(-1.585E0,3.2E-1,-3.05E0));
#1317=LINE('',#1316,#1315);
#1318=DIRECTION('',(1.E0,0.E0,0.E0));
#1319=VECTOR('',#1318,6.4E-1);
#1320=CARTESIAN_POINT('',(-1.585E0,3.2E-1,-8.8265E0));
#1321=LINE('',#1320,#1319);
#1322=DIRECTION('',(1.E0,0.E0,0.E0));
#1323=VECTOR('',#1322,6.4E-1);
#1324=CARTESIAN_POINT('',(-1.585E0,3.658E-1,-8.8265E0));
#1325=LINE('',#1324,#1323);
#1326=DIRECTION('',(0.E0,0.E0,-1.E0));
#1327=VECTOR('',#1326,3.3E0);
#1328=CARTESIAN_POINT('',(-4.125E0,-3.2E-1,-1.359E1));
#1329=LINE('',#1328,#1327);
#1330=DIRECTION('',(0.E0,1.E0,-1.110223024625E-14));
#1331=VECTOR('',#1330,6.4E-1);
#1332=CARTESIAN_POINT('',(-4.125E0,-3.2E-1,-1.689E1));
#1333=LINE('',#1332,#1331);
#1334=DIRECTION('',(0.E0,0.E0,1.E0));
#1335=VECTOR('',#1334,3.3E0);
#1336=CARTESIAN_POINT('',(-4.125E0,3.2E-1,-1.689E1));
#1337=LINE('',#1336,#1335);
#1338=DIRECTION('',(0.E0,0.E0,1.E0));
#1339=VECTOR('',#1338,6.35E-2);
#1340=CARTESIAN_POINT('',(-4.125E0,3.658E-1,-8.89E0));
#1341=LINE('',#1340,#1339);
#1342=DIRECTION('',(0.E0,-1.E0,0.E0));
#1343=VECTOR('',#1342,4.58E-2);
#1344=CARTESIAN_POINT('',(-4.125E0,3.658E-1,-8.8265E0));
#1345=LINE('',#1344,#1343);
#1346=DIRECTION('',(0.E0,0.E0,1.E0));
#1347=VECTOR('',#1346,5.7765E0);
#1348=CARTESIAN_POINT('',(-4.125E0,3.2E-1,-8.8265E0));
#1349=LINE('',#1348,#1347);
#1350=DIRECTION('',(0.E0,-1.E0,0.E0));
#1351=VECTOR('',#1350,6.4E-1);
#1352=CARTESIAN_POINT('',(-4.125E0,3.2E-1,-3.05E0));
#1353=LINE('',#1352,#1351);
#1354=DIRECTION('',(0.E0,0.E0,-1.E0));
#1355=VECTOR('',#1354,5.7765E0);
#1356=CARTESIAN_POINT('',(-4.125E0,-3.2E-1,-3.05E0));
#1357=LINE('',#1356,#1355);
#1358=DIRECTION('',(0.E0,-1.E0,0.E0));
#1359=VECTOR('',#1358,4.58E-2);
#1360=CARTESIAN_POINT('',(-4.125E0,-3.2E-1,-8.8265E0));
#1361=LINE('',#1360,#1359);
#1362=DIRECTION('',(0.E0,0.E0,-1.E0));
#1363=VECTOR('',#1362,6.35E-2);
#1364=CARTESIAN_POINT('',(-4.125E0,-3.658E-1,-8.8265E0));
#1365=LINE('',#1364,#1363);
#1366=DIRECTION('',(0.E0,0.E0,1.E0));
#1367=VECTOR('',#1366,3.3E0);
#1368=CARTESIAN_POINT('',(-3.485E0,3.2E-1,-1.689E1));
#1369=LINE('',#1368,#1367);
#1370=DIRECTION('',(0.E0,1.E0,-1.110223024625E-14));
#1371=VECTOR('',#1370,6.4E-1);
#1372=CARTESIAN_POINT('',(-3.485E0,-3.2E-1,-1.689E1));
#1373=LINE('',#1372,#1371);
#1374=DIRECTION('',(0.E0,0.E0,-1.E0));
#1375=VECTOR('',#1374,3.3E0);
#1376=CARTESIAN_POINT('',(-3.485E0,-3.2E-1,-1.359E1));
#1377=LINE('',#1376,#1375);
#1378=DIRECTION('',(0.E0,0.E0,-1.E0));
#1379=VECTOR('',#1378,6.35E-2);
#1380=CARTESIAN_POINT('',(-3.485E0,-3.658E-1,-8.8265E0));
#1381=LINE('',#1380,#1379);
#1382=DIRECTION('',(0.E0,-1.E0,0.E0));
#1383=VECTOR('',#1382,4.58E-2);
#1384=CARTESIAN_POINT('',(-3.485E0,-3.2E-1,-8.8265E0));
#1385=LINE('',#1384,#1383);
#1386=DIRECTION('',(0.E0,0.E0,-1.E0));
#1387=VECTOR('',#1386,5.7765E0);
#1388=CARTESIAN_POINT('',(-3.485E0,-3.2E-1,-3.05E0));
#1389=LINE('',#1388,#1387);
#1390=DIRECTION('',(0.E0,-1.E0,0.E0));
#1391=VECTOR('',#1390,6.4E-1);
#1392=CARTESIAN_POINT('',(-3.485E0,3.2E-1,-3.05E0));
#1393=LINE('',#1392,#1391);
#1394=DIRECTION('',(0.E0,0.E0,1.E0));
#1395=VECTOR('',#1394,5.7765E0);
#1396=CARTESIAN_POINT('',(-3.485E0,3.2E-1,-8.8265E0));
#1397=LINE('',#1396,#1395);
#1398=DIRECTION('',(0.E0,-1.E0,0.E0));
#1399=VECTOR('',#1398,4.58E-2);
#1400=CARTESIAN_POINT('',(-3.485E0,3.658E-1,-8.8265E0));
#1401=LINE('',#1400,#1399);
#1402=DIRECTION('',(0.E0,0.E0,1.E0));
#1403=VECTOR('',#1402,6.35E-2);
#1404=CARTESIAN_POINT('',(-3.485E0,3.658E-1,-8.89E0));
#1405=LINE('',#1404,#1403);
#1406=DIRECTION('',(1.E0,0.E0,0.E0));
#1407=VECTOR('',#1406,6.4E-1);
#1408=CARTESIAN_POINT('',(-4.125E0,3.2E-1,-1.689E1));
#1409=LINE('',#1408,#1407);
#1410=DIRECTION('',(1.E0,0.E0,0.E0));
#1411=VECTOR('',#1410,6.4E-1);
#1412=CARTESIAN_POINT('',(-4.125E0,-3.2E-1,-1.689E1));
#1413=LINE('',#1412,#1411);
#1414=DIRECTION('',(1.E0,0.E0,0.E0));
#1415=VECTOR('',#1414,6.4E-1);
#1416=CARTESIAN_POINT('',(-4.125E0,-3.658E-1,-8.8265E0));
#1417=LINE('',#1416,#1415);
#1418=DIRECTION('',(1.E0,0.E0,0.E0));
#1419=VECTOR('',#1418,6.4E-1);
#1420=CARTESIAN_POINT('',(-4.125E0,-3.2E-1,-8.8265E0));
#1421=LINE('',#1420,#1419);
#1422=DIRECTION('',(1.E0,0.E0,0.E0));
#1423=VECTOR('',#1422,6.4E-1);
#1424=CARTESIAN_POINT('',(-4.125E0,-3.2E-1,-3.05E0));
#1425=LINE('',#1424,#1423);
#1426=DIRECTION('',(1.E0,0.E0,0.E0));
#1427=VECTOR('',#1426,6.4E-1);
#1428=CARTESIAN_POINT('',(-4.125E0,3.2E-1,-3.05E0));
#1429=LINE('',#1428,#1427);
#1430=DIRECTION('',(1.E0,0.E0,0.E0));
#1431=VECTOR('',#1430,6.4E-1);
#1432=CARTESIAN_POINT('',(-4.125E0,3.2E-1,-8.8265E0));
#1433=LINE('',#1432,#1431);
#1434=DIRECTION('',(1.E0,0.E0,0.E0));
#1435=VECTOR('',#1434,6.4E-1);
#1436=CARTESIAN_POINT('',(-4.125E0,3.658E-1,-8.8265E0));
#1437=LINE('',#1436,#1435);
#1438=DIRECTION('',(0.E0,-1.E0,0.E0));
#1439=VECTOR('',#1438,5.08E0);
#1440=CARTESIAN_POINT('',(5.925353175473E0,2.54E0,-1.298300595466E1));
#1441=LINE('',#1440,#1439);
#1442=DIRECTION('',(0.E0,-1.E0,0.E0));
#1443=VECTOR('',#1442,5.08E0);
#1444=CARTESIAN_POINT('',(5.9421E0,2.54E0,-1.292050595466E1));
#1445=LINE('',#1444,#1443);
#1446=DIRECTION('',(0.E0,-1.E0,0.E0));
#1447=VECTOR('',#1446,5.08E0);
#1448=CARTESIAN_POINT('',(-5.925353175473E0,2.54E0,-1.298300595466E1));
#1449=LINE('',#1448,#1447);
#1450=DIRECTION('',(0.E0,-1.E0,0.E0));
#1451=VECTOR('',#1450,5.08E0);
#1452=CARTESIAN_POINT('',(-5.9421E0,2.54E0,-1.292050595466E1));
#1453=LINE('',#1452,#1451);
#1454=DIRECTION('',(0.E0,-1.E0,0.E0));
#1455=VECTOR('',#1454,5.08E0);
#1456=CARTESIAN_POINT('',(-5.9421E0,2.54E0,-1.2255E1));
#1457=LINE('',#1456,#1455);
#1458=DIRECTION('',(0.E0,-7.071067811865E-1,7.071067811865E-1));
#1459=VECTOR('',#1458,7.212489168103E-1);
#1460=CARTESIAN_POINT('',(-3.175E0,-1.52E0,-5.1E-1));
#1461=LINE('',#1460,#1459);
#1462=DIRECTION('',(0.E0,-1.E0,0.E0));
#1463=VECTOR('',#1462,2.8E-1);
#1464=CARTESIAN_POINT('',(-3.815E0,1.52E0,-5.15E-1));
#1465=LINE('',#1464,#1463);
#1466=DIRECTION('',(0.E0,1.E0,0.E0));
#1467=VECTOR('',#1466,2.8E-1);
#1468=CARTESIAN_POINT('',(-3.305E0,1.24E0,-5.15E-1));
#1469=LINE('',#1468,#1467);
#1470=DIRECTION('',(1.E0,0.E0,0.E0));
#1471=VECTOR('',#1470,5.1E-1);
#1472=CARTESIAN_POINT('',(-3.815E0,1.24E0,-5.15E-1));
#1473=LINE('',#1472,#1471);
#1474=DIRECTION('',(0.E0,-1.E0,0.E0));
#1475=VECTOR('',#1474,2.8E-1);
#1476=CARTESIAN_POINT('',(3.305E0,1.52E0,-5.15E-1));
#1477=LINE('',#1476,#1475);
#1478=DIRECTION('',(0.E0,1.E0,0.E0));
#1479=VECTOR('',#1478,2.8E-1);
#1480=CARTESIAN_POINT('',(3.815E0,1.24E0,-5.15E-1));
#1481=LINE('',#1480,#1479);
#1482=DIRECTION('',(1.E0,0.E0,0.E0));
#1483=VECTOR('',#1482,5.1E-1);
#1484=CARTESIAN_POINT('',(3.305E0,1.24E0,-5.15E-1));
#1485=LINE('',#1484,#1483);
#1486=DIRECTION('',(0.E0,0.E0,1.E0));
#1487=VECTOR('',#1486,8.375E0);
#1488=CARTESIAN_POINT('',(-3.305E0,1.24E0,-8.89E0));
#1489=LINE('',#1488,#1487);
#1490=DIRECTION('',(0.E0,0.E0,1.E0));
#1491=VECTOR('',#1490,8.375E0);
#1492=CARTESIAN_POINT('',(-3.815E0,1.24E0,-8.89E0));
#1493=LINE('',#1492,#1491);
#1494=DIRECTION('',(0.E0,0.E0,1.E0));
#1495=VECTOR('',#1494,8.375E0);
#1496=CARTESIAN_POINT('',(3.305E0,1.24E0,-8.89E0));
#1497=LINE('',#1496,#1495);
#1498=DIRECTION('',(0.E0,0.E0,1.E0));
#1499=VECTOR('',#1498,8.375E0);
#1500=CARTESIAN_POINT('',(3.815E0,1.24E0,-8.89E0));
#1501=LINE('',#1500,#1499);
#1502=DIRECTION('',(0.E0,-1.E0,0.E0));
#1503=VECTOR('',#1502,1.02E0);
#1504=CARTESIAN_POINT('',(-1.525E0,2.54E0,-8.89E0));
#1505=LINE('',#1504,#1503);
#1506=DIRECTION('',(-1.234165475094E-2,7.070529271412E-1,7.070529271412E-1));
#1507=VECTOR('',#1506,7.213038521204E-1);
#1508=CARTESIAN_POINT('',(-2.746125818201E0,1.52E0,-4.32E0));
#1509=LINE('',#1508,#1507);
#1510=DIRECTION('',(-1.234165475094E-2,7.070529271412E-1,7.070529271412E-1));
#1511=VECTOR('',#1510,7.213038521204E-1);
#1512=CARTESIAN_POINT('',(-1.604769646722E0,1.52E0,-4.32E0));
#1513=LINE('',#1512,#1511);
#1514=DIRECTION('',(-1.E0,0.E0,0.E0));
#1515=VECTOR('',#1514,1.141356171479E0);
#1516=CARTESIAN_POINT('',(-1.604769646722E0,1.52E0,-4.32E0));
#1517=LINE('',#1516,#1515);
#1518=DIRECTION('',(1.234165475094E-2,7.070529271412E-1,7.070529271412E-1));
#1519=VECTOR('',#1518,7.213038521204E-1);
#1520=CARTESIAN_POINT('',(2.746125818201E0,1.52E0,-4.32E0));
#1521=LINE('',#1520,#1519);
#1522=DIRECTION('',(-1.E0,0.E0,0.E0));
#1523=VECTOR('',#1522,1.141356171479E0);
#1524=CARTESIAN_POINT('',(2.746125818201E0,1.52E0,-4.32E0));
#1525=LINE('',#1524,#1523);
#1526=DIRECTION('',(1.234165475094E-2,7.070529271412E-1,7.070529271412E-1));
#1527=VECTOR('',#1526,7.213038521204E-1);
#1528=CARTESIAN_POINT('',(1.604769646722E0,1.52E0,-4.32E0));
#1529=LINE('',#1528,#1527);
#1530=DIRECTION('',(0.E0,-1.E0,0.E0));
#1531=VECTOR('',#1530,2.5E-1);
#1532=CARTESIAN_POINT('',(2.795E0,4.06E0,-1.52E0));
#1533=LINE('',#1532,#1531);
#1534=DIRECTION('',(1.454146514423E-2,5.529613842164E-1,8.330799801681E-1));
#1535=VECTOR('',#1534,2.748835711474E0);
#1536=CARTESIAN_POINT('',(2.755027901314E0,2.54E0,-3.81E0));
#1537=LINE('',#1536,#1535);
#1538=DIRECTION('',(0.E0,-1.E0,0.E0));
#1539=VECTOR('',#1538,2.5E-1);
#1540=CARTESIAN_POINT('',(3.166982989323E0,4.06E0,-1.52E0));
#1541=LINE('',#1540,#1539);
#1542=DIRECTION('',(0.E0,-1.E0,0.E0));
#1543=VECTOR('',#1542,1.39E0);
#1544=CARTESIAN_POINT('',(5.335E0,1.52E0,-5.1E-1));
#1545=LINE('',#1544,#1543);
#1546=DIRECTION('',(0.E0,0.E0,-1.E0));
#1547=VECTOR('',#1546,1.01E0);
#1548=CARTESIAN_POINT('',(5.335E0,1.3E-1,-5.1E-1));
#1549=LINE('',#1548,#1547);
#1550=DIRECTION('',(0.E0,1.E0,0.E0));
#1551=VECTOR('',#1550,1.52E0);
#1552=CARTESIAN_POINT('',(5.335E0,-1.39E0,-1.52E0));
#1553=LINE('',#1552,#1551);
#1554=DIRECTION('',(0.E0,0.E0,-1.E0));
#1555=VECTOR('',#1554,1.01E0);
#1556=CARTESIAN_POINT('',(5.335E0,-1.39E0,-5.1E-1));
#1557=LINE('',#1556,#1555);
#1558=DIRECTION('',(0.E0,-1.E0,0.E0));
#1559=VECTOR('',#1558,1.3E-1);
#1560=CARTESIAN_POINT('',(5.335E0,-1.39E0,-5.1E-1));
#1561=LINE('',#1560,#1559);
#1562=DIRECTION('',(0.E0,0.E0,1.E0));
#1563=VECTOR('',#1562,8.38E0);
#1564=CARTESIAN_POINT('',(5.335E0,-1.52E0,-8.89E0));
#1565=LINE('',#1564,#1563);
#1566=DIRECTION('',(0.E0,-1.E0,0.E0));
#1567=VECTOR('',#1566,3.04E0);
#1568=CARTESIAN_POINT('',(5.335E0,1.52E0,-8.89E0));
#1569=LINE('',#1568,#1567);
#1570=DIRECTION('',(0.E0,0.E0,-1.E0));
#1571=VECTOR('',#1570,8.38E0);
#1572=CARTESIAN_POINT('',(5.335E0,1.52E0,-5.1E-1));
#1573=LINE('',#1572,#1571);
#1574=DIRECTION('',(7.071067811865E-1,0.E0,7.071067811865E-1));
#1575=VECTOR('',#1574,7.212489168103E-1);
#1576=CARTESIAN_POINT('',(5.335E0,-1.39E0,-5.1E-1));
#1577=LINE('',#1576,#1575);
#1578=DIRECTION('',(5.773502691896E-1,-5.773502691896E-1,5.773502691896E-1));
#1579=VECTOR('',#1578,8.833459118601E-1);
#1580=CARTESIAN_POINT('',(5.335E0,-1.52E0,-5.1E-1));
#1581=LINE('',#1580,#1579);
#1582=DIRECTION('',(0.E0,7.071067811865E-1,-7.071067811865E-1));
#1583=VECTOR('',#1582,7.212489168103E-1);
#1584=CARTESIAN_POINT('',(3.175E0,-2.03E0,0.E0));
#1585=LINE('',#1584,#1583);
#1586=DIRECTION('',(0.E0,7.071067811865E-1,-7.071067811865E-1));
#1587=VECTOR('',#1586,7.212489168103E-1);
#1588=CARTESIAN_POINT('',(-1.905E0,-2.03E0,0.E0));
#1589=LINE('',#1588,#1587);
#1590=DIRECTION('',(0.E0,1.E0,0.E0));
#1591=VECTOR('',#1590,1.52E0);
#1592=CARTESIAN_POINT('',(-2.795E0,1.52E0,-5.1E-1));
#1593=LINE('',#1592,#1591);
#1594=DIRECTION('',(0.E0,0.E0,1.E0));
#1595=VECTOR('',#1594,1.01E0);
#1596=CARTESIAN_POINT('',(-2.795E0,3.04E0,-1.52E0));
#1597=LINE('',#1596,#1595);
#1598=DIRECTION('',(0.E0,1.E0,0.E0));
#1599=VECTOR('',#1598,1.52E0);
#1600=CARTESIAN_POINT('',(-2.795E0,1.52E0,-1.52E0));
#1601=LINE('',#1600,#1599);
#1602=DIRECTION('',(0.E0,0.E0,-1.E0));
#1603=VECTOR('',#1602,1.01E0);
#1604=CARTESIAN_POINT('',(-2.795E0,1.52E0,-5.1E-1));
#1605=LINE('',#1604,#1603);
#1606=CARTESIAN_POINT('',(3.435E0,4.06E0,0.E0));
#1607=CARTESIAN_POINT('',(3.435E0,3.81E0,0.E0));
#1608=VERTEX_POINT('',#1606);
#1609=VERTEX_POINT('',#1607);
#1610=CARTESIAN_POINT('',(2.795E0,4.06E0,-1.52E0));
#1611=CARTESIAN_POINT('',(3.166982989323E0,4.06E0,-1.52E0));
#1612=VERTEX_POINT('',#1610);
#1613=VERTEX_POINT('',#1611);
#1614=CARTESIAN_POINT('',(2.795E0,3.81E0,-1.52E0));
#1615=CARTESIAN_POINT('',(2.433017010677E0,3.81E0,-1.52E0));
#1616=VERTEX_POINT('',#1614);
#1617=VERTEX_POINT('',#1615);
#1618=CARTESIAN_POINT('',(2.433017010677E0,4.06E0,-1.52E0));
#1619=VERTEX_POINT('',#1618);
#1620=CARTESIAN_POINT('',(3.166982989323E0,3.81E0,-1.52E0));
#1621=VERTEX_POINT('',#1620);
#1622=CARTESIAN_POINT('',(5.574905E0,-2.54E0,-1.359E1));
#1623=CARTESIAN_POINT('',(5.925353175473E0,-2.54E0,-1.298300595466E1));
#1624=VERTEX_POINT('',#1622);
#1625=VERTEX_POINT('',#1623);
#1626=CARTESIAN_POINT('',(5.9421E0,-2.54E0,-1.292050595466E1));
#1627=CARTESIAN_POINT('',(5.9421E0,-2.54E0,-1.2255E1));
#1628=VERTEX_POINT('',#1626);
#1629=VERTEX_POINT('',#1627);
#1630=CARTESIAN_POINT('',(6.285E0,-2.54E0,-1.2255E1));
#1631=VERTEX_POINT('',#1630);
#1632=CARTESIAN_POINT('',(5.574905E0,2.54E0,-1.359E1));
#1633=VERTEX_POINT('',#1632);
#1634=CARTESIAN_POINT('',(5.925353175473E0,2.54E0,-1.298300595466E1));
#1635=VERTEX_POINT('',#1634);
#1636=CARTESIAN_POINT('',(5.9421E0,2.54E0,-1.292050595466E1));
#1637=CARTESIAN_POINT('',(5.9421E0,2.54E0,-1.2255E1));
#1638=VERTEX_POINT('',#1636);
#1639=VERTEX_POINT('',#1637);
#1640=CARTESIAN_POINT('',(6.285E0,2.54E0,-1.2255E1));
#1641=VERTEX_POINT('',#1640);
#1642=CARTESIAN_POINT('',(-6.285E0,-2.54E0,0.E0));
#1643=CARTESIAN_POINT('',(-6.285E0,-2.54E0,-1.2255E1));
#1644=VERTEX_POINT('',#1642);
#1645=VERTEX_POINT('',#1643);
#1646=CARTESIAN_POINT('',(6.285E0,-2.54E0,0.E0));
#1647=VERTEX_POINT('',#1646);
#1648=CARTESIAN_POINT('',(-6.285E0,1.3E-1,-1.52E0));
#1649=CARTESIAN_POINT('',(-6.285E0,1.3E-1,0.E0));
#1650=VERTEX_POINT('',#1648);
#1651=VERTEX_POINT('',#1649);
#1652=CARTESIAN_POINT('',(-6.285E0,-1.39E0,0.E0));
#1653=CARTESIAN_POINT('',(-6.285E0,-1.39E0,-1.52E0));
#1654=VERTEX_POINT('',#1652);
#1655=VERTEX_POINT('',#1653);
#1656=CARTESIAN_POINT('',(-5.335E0,1.3E-1,-1.52E0));
#1657=VERTEX_POINT('',#1656);
#1658=CARTESIAN_POINT('',(-5.335E0,-1.39E0,-1.52E0));
#1659=VERTEX_POINT('',#1658);
#1660=CARTESIAN_POINT('',(6.285E0,-1.39E0,-1.52E0));
#1661=CARTESIAN_POINT('',(6.285E0,1.3E-1,-1.52E0));
#1662=VERTEX_POINT('',#1660);
#1663=VERTEX_POINT('',#1661);
#1664=CARTESIAN_POINT('',(6.285E0,-1.39E0,0.E0));
#1665=VERTEX_POINT('',#1664);
#1666=CARTESIAN_POINT('',(6.285E0,1.3E-1,0.E0));
#1667=VERTEX_POINT('',#1666);
#1668=CARTESIAN_POINT('',(5.335E0,-1.39E0,-1.52E0));
#1669=VERTEX_POINT('',#1668);
#1670=CARTESIAN_POINT('',(5.335E0,1.3E-1,-1.52E0));
#1671=VERTEX_POINT('',#1670);
#1672=CARTESIAN_POINT('',(3.495E0,3.2E-1,-3.05E0));
#1673=CARTESIAN_POINT('',(3.495E0,-3.2E-1,-3.05E0));
#1674=VERTEX_POINT('',#1672);
#1675=VERTEX_POINT('',#1673);
#1676=CARTESIAN_POINT('',(3.495E0,3.2E-1,-8.8265E0));
#1677=VERTEX_POINT('',#1676);
#1678=CARTESIAN_POINT('',(4.135E0,3.2E-1,-3.05E0));
#1679=CARTESIAN_POINT('',(4.135E0,-3.2E-1,-3.05E0));
#1680=VERTEX_POINT('',#1678);
#1681=VERTEX_POINT('',#1679);
#1682=CARTESIAN_POINT('',(4.135E0,3.2E-1,-8.8265E0));
#1683=VERTEX_POINT('',#1682);
#1684=CARTESIAN_POINT('',(3.495E0,-3.658E-1,-8.89E0));
#1685=CARTESIAN_POINT('',(3.495E0,3.658E-1,-8.89E0));
#1686=VERTEX_POINT('',#1684);
#1687=VERTEX_POINT('',#1685);
#1688=CARTESIAN_POINT('',(4.135E0,-3.658E-1,-8.89E0));
#1689=CARTESIAN_POINT('',(4.135E0,3.658E-1,-8.89E0));
#1690=VERTEX_POINT('',#1688);
#1691=VERTEX_POINT('',#1689);
#1692=CARTESIAN_POINT('',(3.495E0,-3.2E-1,-1.359E1));
#1693=CARTESIAN_POINT('',(3.495E0,-3.2E-1,-1.689E1));
#1694=VERTEX_POINT('',#1692);
#1695=VERTEX_POINT('',#1693);
#1696=CARTESIAN_POINT('',(4.135E0,-3.2E-1,-1.359E1));
#1697=CARTESIAN_POINT('',(4.135E0,-3.2E-1,-1.689E1));
#1698=VERTEX_POINT('',#1696);
#1699=VERTEX_POINT('',#1697);
#1700=CARTESIAN_POINT('',(-6.285E0,2.54E0,0.E0));
#1701=CARTESIAN_POINT('',(-3.815E0,2.54E0,0.E0));
#1702=VERTEX_POINT('',#1700);
#1703=VERTEX_POINT('',#1701);
#1704=CARTESIAN_POINT('',(6.285E0,2.54E0,0.E0));
#1705=CARTESIAN_POINT('',(3.815E0,2.54E0,0.E0));
#1706=VERTEX_POINT('',#1704);
#1707=VERTEX_POINT('',#1705);
#1708=CARTESIAN_POINT('',(3.815E0,4.06E0,0.E0));
#1709=VERTEX_POINT('',#1708);
#1710=CARTESIAN_POINT('',(-3.815E0,2.54E0,-3.81E0));
#1711=CARTESIAN_POINT('',(-3.815E0,4.06E0,-1.52E0));
#1712=VERTEX_POINT('',#1710);
#1713=VERTEX_POINT('',#1711);
#1714=CARTESIAN_POINT('',(3.815E0,2.54E0,-3.81E0));
#1715=CARTESIAN_POINT('',(3.815E0,4.06E0,-1.52E0));
#1716=VERTEX_POINT('',#1714);
#1717=VERTEX_POINT('',#1715);
#1718=CARTESIAN_POINT('',(5.335E0,1.52E0,-8.89E0));
#1719=CARTESIAN_POINT('',(5.335E0,-1.52E0,-8.89E0));
#1720=VERTEX_POINT('',#1718);
#1721=VERTEX_POINT('',#1719);
#1722=CARTESIAN_POINT('',(-5.335E0,1.52E0,-8.89E0));
#1723=CARTESIAN_POINT('',(-5.335E0,-1.52E0,-8.89E0));
#1724=VERTEX_POINT('',#1722);
#1725=VERTEX_POINT('',#1723);
#1726=CARTESIAN_POINT('',(-6.285E0,2.54E0,-1.2255E1));
#1727=VERTEX_POINT('',#1726);
#1728=CARTESIAN_POINT('',(-5.335E0,1.3E-1,-5.1E-1));
#1729=CARTESIAN_POINT('',(-5.845E0,1.3E-1,0.E0));
#1730=VERTEX_POINT('',#1728);
#1731=VERTEX_POINT('',#1729);
#1732=CARTESIAN_POINT('',(-5.845E0,2.03E0,0.E0));
#1733=VERTEX_POINT('',#1732);
#1734=CARTESIAN_POINT('',(-5.335E0,1.52E0,-5.1E-1));
#1735=VERTEX_POINT('',#1734);
#1736=CARTESIAN_POINT('',(-3.305E0,2.03E0,0.E0));
#1737=VERTEX_POINT('',#1736);
#1738=CARTESIAN_POINT('',(-2.795E0,1.52E0,-5.1E-1));
#1739=VERTEX_POINT('',#1738);
#1740=CARTESIAN_POINT('',(-2.795E0,3.04E0,-5.1E-1));
#1741=VERTEX_POINT('',#1740);
#1742=CARTESIAN_POINT('',(2.795E0,3.04E0,-5.1E-1));
#1743=VERTEX_POINT('',#1742);
#1744=CARTESIAN_POINT('',(2.795E0,1.52E0,-5.1E-1));
#1745=VERTEX_POINT('',#1744);
#1746=CARTESIAN_POINT('',(3.305E0,3.55E0,0.E0));
#1747=CARTESIAN_POINT('',(3.305E0,2.03E0,0.E0));
#1748=VERTEX_POINT('',#1746);
#1749=VERTEX_POINT('',#1747);
#1750=CARTESIAN_POINT('',(5.335E0,1.52E0,-5.1E-1));
#1751=VERTEX_POINT('',#1750);
#1752=CARTESIAN_POINT('',(5.845E0,2.03E0,0.E0));
#1753=VERTEX_POINT('',#1752);
#1754=CARTESIAN_POINT('',(5.845E0,1.3E-1,0.E0));
#1755=CARTESIAN_POINT('',(5.335E0,1.3E-1,-5.1E-1));
#1756=VERTEX_POINT('',#1754);
#1757=VERTEX_POINT('',#1755);
#1758=CARTESIAN_POINT('',(5.335E0,-1.39E0,-5.1E-1));
#1759=CARTESIAN_POINT('',(5.845E0,-1.39E0,0.E0));
#1760=VERTEX_POINT('',#1758);
#1761=VERTEX_POINT('',#1759);
#1762=CARTESIAN_POINT('',(5.845E0,-2.03E0,0.E0));
#1763=VERTEX_POINT('',#1762);
#1764=CARTESIAN_POINT('',(5.335E0,-1.52E0,-5.1E-1));
#1765=VERTEX_POINT('',#1764);
#1766=CARTESIAN_POINT('',(-5.845E0,-2.03E0,0.E0));
#1767=CARTESIAN_POINT('',(-3.175E0,-2.03E0,0.E0));
#1768=VERTEX_POINT('',#1766);
#1769=VERTEX_POINT('',#1767);
#1770=CARTESIAN_POINT('',(-5.335E0,-1.52E0,-5.1E-1));
#1771=CARTESIAN_POINT('',(-3.175E0,-1.52E0,-5.1E-1));
#1772=VERTEX_POINT('',#1770);
#1773=VERTEX_POINT('',#1771);
#1774=CARTESIAN_POINT('',(-5.845E0,-1.39E0,0.E0));
#1775=CARTESIAN_POINT('',(-5.335E0,-1.39E0,-5.1E-1));
#1776=VERTEX_POINT('',#1774);
#1777=VERTEX_POINT('',#1775);
#1778=CARTESIAN_POINT('',(1.905E0,-2.54E0,0.E0));
#1779=CARTESIAN_POINT('',(1.905E0,-2.54E0,-8.89E0));
#1780=VERTEX_POINT('',#1778);
#1781=VERTEX_POINT('',#1779);
#1782=CARTESIAN_POINT('',(3.175E0,-2.54E0,0.E0));
#1783=CARTESIAN_POINT('',(3.175E0,-2.54E0,-8.89E0));
#1784=VERTEX_POINT('',#1782);
#1785=VERTEX_POINT('',#1783);
#1786=CARTESIAN_POINT('',(-3.175E0,-2.54E0,0.E0));
#1787=CARTESIAN_POINT('',(-3.175E0,-2.54E0,-8.89E0));
#1788=VERTEX_POINT('',#1786);
#1789=VERTEX_POINT('',#1787);
#1790=CARTESIAN_POINT('',(-1.905E0,-2.54E0,0.E0));
#1791=CARTESIAN_POINT('',(-1.905E0,-2.54E0,-8.89E0));
#1792=VERTEX_POINT('',#1790);
#1793=VERTEX_POINT('',#1791);
#1794=CARTESIAN_POINT('',(3.175E0,-1.52E0,-8.89E0));
#1795=VERTEX_POINT('',#1794);
#1796=CARTESIAN_POINT('',(1.905E0,-1.52E0,-8.89E0));
#1797=CARTESIAN_POINT('',(-1.905E0,-1.52E0,-8.89E0));
#1798=VERTEX_POINT('',#1796);
#1799=VERTEX_POINT('',#1797);
#1800=CARTESIAN_POINT('',(-3.175E0,-1.52E0,-8.89E0));
#1801=VERTEX_POINT('',#1800);
#1802=CARTESIAN_POINT('',(3.175E0,-2.03E0,0.E0));
#1803=CARTESIAN_POINT('',(3.175E0,-1.52E0,-5.1E-1));
#1804=VERTEX_POINT('',#1802);
#1805=VERTEX_POINT('',#1803);
#1806=CARTESIAN_POINT('',(1.905E0,-1.52E0,-5.1E-1));
#1807=CARTESIAN_POINT('',(1.905E0,-2.03E0,0.E0));
#1808=VERTEX_POINT('',#1806);
#1809=VERTEX_POINT('',#1807);
#1810=CARTESIAN_POINT('',(-1.905E0,-2.03E0,0.E0));
#1811=VERTEX_POINT('',#1810);
#1812=CARTESIAN_POINT('',(-1.905E0,-1.52E0,-5.1E-1));
#1813=VERTEX_POINT('',#1812);
#1814=CARTESIAN_POINT('',(1.525E0,2.54E0,-8.89E0));
#1815=CARTESIAN_POINT('',(-1.525E0,2.54E0,-8.89E0));
#1816=VERTEX_POINT('',#1814);
#1817=VERTEX_POINT('',#1815);
#1818=CARTESIAN_POINT('',(-1.613671729835E0,2.54E0,-3.81E0));
#1819=VERTEX_POINT('',#1818);
#1820=CARTESIAN_POINT('',(1.613671729835E0,2.54E0,-3.81E0));
#1821=VERTEX_POINT('',#1820);
#1822=CARTESIAN_POINT('',(-1.525E0,1.52E0,-8.89E0));
#1823=CARTESIAN_POINT('',(-1.604769646722E0,1.52E0,-4.32E0));
#1824=VERTEX_POINT('',#1822);
#1825=VERTEX_POINT('',#1823);
#1826=CARTESIAN_POINT('',(1.525E0,1.52E0,-8.89E0));
#1827=CARTESIAN_POINT('',(1.604769646722E0,1.52E0,-4.32E0));
#1828=VERTEX_POINT('',#1826);
#1829=VERTEX_POINT('',#1827);
#1830=CARTESIAN_POINT('',(-1.613671729835E0,2.03E0,-3.81E0));
#1831=VERTEX_POINT('',#1830);
#1832=CARTESIAN_POINT('',(1.613671729835E0,2.03E0,-3.81E0));
#1833=VERTEX_POINT('',#1832);
#1834=CARTESIAN_POINT('',(-3.815E0,1.24E0,-5.15E-1));
#1835=CARTESIAN_POINT('',(-3.305E0,1.24E0,-5.15E-1));
#1836=VERTEX_POINT('',#1834);
#1837=VERTEX_POINT('',#1835);
#1838=CARTESIAN_POINT('',(3.305E0,1.24E0,-5.15E-1));
#1839=CARTESIAN_POINT('',(3.815E0,1.24E0,-5.15E-1));
#1840=VERTEX_POINT('',#1838);
#1841=VERTEX_POINT('',#1839);
#1842=CARTESIAN_POINT('',(-3.815E0,1.52E0,-8.89E0));
#1843=CARTESIAN_POINT('',(-3.815E0,1.24E0,-8.89E0));
#1844=VERTEX_POINT('',#1842);
#1845=VERTEX_POINT('',#1843);
#1846=CARTESIAN_POINT('',(-3.305E0,1.24E0,-8.89E0));
#1847=VERTEX_POINT('',#1846);
#1848=CARTESIAN_POINT('',(-3.305E0,1.52E0,-8.89E0));
#1849=VERTEX_POINT('',#1848);
#1850=CARTESIAN_POINT('',(3.305E0,1.52E0,-8.89E0));
#1851=CARTESIAN_POINT('',(3.305E0,1.24E0,-8.89E0));
#1852=VERTEX_POINT('',#1850);
#1853=VERTEX_POINT('',#1851);
#1854=CARTESIAN_POINT('',(3.815E0,1.24E0,-8.89E0));
#1855=VERTEX_POINT('',#1854);
#1856=CARTESIAN_POINT('',(3.815E0,1.52E0,-8.89E0));
#1857=VERTEX_POINT('',#1856);
#1858=CARTESIAN_POINT('',(-3.815E0,1.52E0,-5.15E-1));
#1859=VERTEX_POINT('',#1858);
#1860=CARTESIAN_POINT('',(-3.305E0,1.52E0,-5.15E-1));
#1861=VERTEX_POINT('',#1860);
#1862=CARTESIAN_POINT('',(3.305E0,1.52E0,-5.15E-1));
#1863=VERTEX_POINT('',#1862);
#1864=CARTESIAN_POINT('',(3.815E0,1.52E0,-5.15E-1));
#1865=VERTEX_POINT('',#1864);
#1866=CARTESIAN_POINT('',(3.495E0,3.2E-1,-1.689E1));
#1867=VERTEX_POINT('',#1866);
#1868=CARTESIAN_POINT('',(4.135E0,3.2E-1,-1.689E1));
#1869=VERTEX_POINT('',#1868);
#1870=CARTESIAN_POINT('',(3.495E0,3.2E-1,-1.359E1));
#1871=VERTEX_POINT('',#1870);
#1872=CARTESIAN_POINT('',(4.135E0,3.2E-1,-1.359E1));
#1873=VERTEX_POINT('',#1872);
#1874=CARTESIAN_POINT('',(-5.574905E0,-2.54E0,-1.359E1));
#1875=VERTEX_POINT('',#1874);
#1876=CARTESIAN_POINT('',(-5.574905E0,2.54E0,-1.359E1));
#1877=VERTEX_POINT('',#1876);
#1878=CARTESIAN_POINT('',(9.55E-1,3.2E-1,-3.05E0));
#1879=CARTESIAN_POINT('',(9.55E-1,-3.2E-1,-3.05E0));
#1880=VERTEX_POINT('',#1878);
#1881=VERTEX_POINT('',#1879);
#1882=CARTESIAN_POINT('',(9.55E-1,-3.2E-1,-1.689E1));
#1883=CARTESIAN_POINT('',(9.55E-1,3.2E-1,-1.689E1));
#1884=VERTEX_POINT('',#1882);
#1885=VERTEX_POINT('',#1883);
#1886=CARTESIAN_POINT('',(9.55E-1,3.2E-1,-8.8265E0));
#1887=VERTEX_POINT('',#1886);
#1888=CARTESIAN_POINT('',(1.595E0,3.2E-1,-3.05E0));
#1889=CARTESIAN_POINT('',(1.595E0,-3.2E-1,-3.05E0));
#1890=VERTEX_POINT('',#1888);
#1891=VERTEX_POINT('',#1889);
#1892=CARTESIAN_POINT('',(1.595E0,-3.2E-1,-1.689E1));
#1893=CARTESIAN_POINT('',(1.595E0,3.2E-1,-1.689E1));
#1894=VERTEX_POINT('',#1892);
#1895=VERTEX_POINT('',#1893);
#1896=CARTESIAN_POINT('',(1.595E0,3.2E-1,-8.8265E0));
#1897=VERTEX_POINT('',#1896);
#1898=CARTESIAN_POINT('',(9.55E-1,3.2E-1,-1.359E1));
#1899=CARTESIAN_POINT('',(9.55E-1,-3.2E-1,-1.359E1));
#1900=VERTEX_POINT('',#1898);
#1901=VERTEX_POINT('',#1899);
#1902=CARTESIAN_POINT('',(1.595E0,3.2E-1,-1.359E1));
#1903=CARTESIAN_POINT('',(1.595E0,-3.2E-1,-1.359E1));
#1904=VERTEX_POINT('',#1902);
#1905=VERTEX_POINT('',#1903);
#1906=CARTESIAN_POINT('',(-1.585E0,3.2E-1,-3.05E0));
#1907=CARTESIAN_POINT('',(-1.585E0,-3.2E-1,-3.05E0));
#1908=VERTEX_POINT('',#1906);
#1909=VERTEX_POINT('',#1907);
#1910=CARTESIAN_POINT('',(-1.585E0,-3.2E-1,-1.689E1));
#1911=CARTESIAN_POINT('',(-1.585E0,3.2E-1,-1.689E1));
#1912=VERTEX_POINT('',#1910);
#1913=VERTEX_POINT('',#1911);
#1914=CARTESIAN_POINT('',(-1.585E0,3.2E-1,-8.8265E0));
#1915=VERTEX_POINT('',#1914);
#1916=CARTESIAN_POINT('',(-9.45E-1,3.2E-1,-3.05E0));
#1917=CARTESIAN_POINT('',(-9.45E-1,-3.2E-1,-3.05E0));
#1918=VERTEX_POINT('',#1916);
#1919=VERTEX_POINT('',#1917);
#1920=CARTESIAN_POINT('',(-9.45E-1,-3.2E-1,-1.689E1));
#1921=CARTESIAN_POINT('',(-9.45E-1,3.2E-1,-1.689E1));
#1922=VERTEX_POINT('',#1920);
#1923=VERTEX_POINT('',#1921);
#1924=CARTESIAN_POINT('',(-9.45E-1,3.2E-1,-8.8265E0));
#1925=VERTEX_POINT('',#1924);
#1926=CARTESIAN_POINT('',(-1.585E0,3.2E-1,-1.359E1));
#1927=CARTESIAN_POINT('',(-1.585E0,-3.2E-1,-1.359E1));
#1928=VERTEX_POINT('',#1926);
#1929=VERTEX_POINT('',#1927);
#1930=CARTESIAN_POINT('',(-9.45E-1,3.2E-1,-1.359E1));
#1931=CARTESIAN_POINT('',(-9.45E-1,-3.2E-1,-1.359E1));
#1932=VERTEX_POINT('',#1930);
#1933=VERTEX_POINT('',#1931);
#1934=CARTESIAN_POINT('',(-4.125E0,3.2E-1,-3.05E0));
#1935=CARTESIAN_POINT('',(-4.125E0,-3.2E-1,-3.05E0));
#1936=VERTEX_POINT('',#1934);
#1937=VERTEX_POINT('',#1935);
#1938=CARTESIAN_POINT('',(-4.125E0,-3.2E-1,-1.689E1));
#1939=CARTESIAN_POINT('',(-4.125E0,3.2E-1,-1.689E1));
#1940=VERTEX_POINT('',#1938);
#1941=VERTEX_POINT('',#1939);
#1942=CARTESIAN_POINT('',(-4.125E0,3.2E-1,-8.8265E0));
#1943=VERTEX_POINT('',#1942);
#1944=CARTESIAN_POINT('',(-3.485E0,3.2E-1,-3.05E0));
#1945=CARTESIAN_POINT('',(-3.485E0,-3.2E-1,-3.05E0));
#1946=VERTEX_POINT('',#1944);
#1947=VERTEX_POINT('',#1945);
#1948=CARTESIAN_POINT('',(-3.485E0,-3.2E-1,-1.689E1));
#1949=CARTESIAN_POINT('',(-3.485E0,3.2E-1,-1.689E1));
#1950=VERTEX_POINT('',#1948);
#1951=VERTEX_POINT('',#1949);
#1952=CARTESIAN_POINT('',(-3.485E0,3.2E-1,-8.8265E0));
#1953=VERTEX_POINT('',#1952);
#1954=CARTESIAN_POINT('',(-4.125E0,3.2E-1,-1.359E1));
#1955=CARTESIAN_POINT('',(-4.125E0,-3.2E-1,-1.359E1));
#1956=VERTEX_POINT('',#1954);
#1957=VERTEX_POINT('',#1955);
#1958=CARTESIAN_POINT('',(-3.485E0,3.2E-1,-1.359E1));
#1959=CARTESIAN_POINT('',(-3.485E0,-3.2E-1,-1.359E1));
#1960=VERTEX_POINT('',#1958);
#1961=VERTEX_POINT('',#1959);
#1962=CARTESIAN_POINT('',(9.55E-1,-3.658E-1,-8.89E0));
#1963=CARTESIAN_POINT('',(9.55E-1,3.658E-1,-8.89E0));
#1964=VERTEX_POINT('',#1962);
#1965=VERTEX_POINT('',#1963);
#1966=CARTESIAN_POINT('',(1.595E0,-3.658E-1,-8.89E0));
#1967=CARTESIAN_POINT('',(1.595E0,3.658E-1,-8.89E0));
#1968=VERTEX_POINT('',#1966);
#1969=VERTEX_POINT('',#1967);
#1970=CARTESIAN_POINT('',(-1.585E0,-3.658E-1,-8.89E0));
#1971=CARTESIAN_POINT('',(-1.585E0,3.658E-1,-8.89E0));
#1972=VERTEX_POINT('',#1970);
#1973=VERTEX_POINT('',#1971);
#1974=CARTESIAN_POINT('',(-9.45E-1,-3.658E-1,-8.89E0));
#1975=CARTESIAN_POINT('',(-9.45E-1,3.658E-1,-8.89E0));
#1976=VERTEX_POINT('',#1974);
#1977=VERTEX_POINT('',#1975);
#1978=CARTESIAN_POINT('',(-4.125E0,-3.658E-1,-8.89E0));
#1979=CARTESIAN_POINT('',(-4.125E0,3.658E-1,-8.89E0));
#1980=VERTEX_POINT('',#1978);
#1981=VERTEX_POINT('',#1979);
#1982=CARTESIAN_POINT('',(-3.485E0,-3.658E-1,-8.89E0));
#1983=CARTESIAN_POINT('',(-3.485E0,3.658E-1,-8.89E0));
#1984=VERTEX_POINT('',#1982);
#1985=VERTEX_POINT('',#1983);
#1986=CARTESIAN_POINT('',(3.495E0,-3.2E-1,-8.8265E0));
#1987=VERTEX_POINT('',#1986);
#1988=CARTESIAN_POINT('',(3.495E0,-3.658E-1,-8.8265E0));
#1989=VERTEX_POINT('',#1988);
#1990=CARTESIAN_POINT('',(3.495E0,3.658E-1,-8.8265E0));
#1991=VERTEX_POINT('',#1990);
#1992=CARTESIAN_POINT('',(4.135E0,-3.2E-1,-8.8265E0));
#1993=VERTEX_POINT('',#1992);
#1994=CARTESIAN_POINT('',(4.135E0,-3.658E-1,-8.8265E0));
#1995=VERTEX_POINT('',#1994);
#1996=CARTESIAN_POINT('',(4.135E0,3.658E-1,-8.8265E0));
#1997=VERTEX_POINT('',#1996);
#1998=CARTESIAN_POINT('',(9.55E-1,-3.2E-1,-8.8265E0));
#1999=VERTEX_POINT('',#1998);
#2000=CARTESIAN_POINT('',(9.55E-1,-3.658E-1,-8.8265E0));
#2001=VERTEX_POINT('',#2000);
#2002=CARTESIAN_POINT('',(9.55E-1,3.658E-1,-8.8265E0));
#2003=VERTEX_POINT('',#2002);
#2004=CARTESIAN_POINT('',(1.595E0,-3.2E-1,-8.8265E0));
#2005=VERTEX_POINT('',#2004);
#2006=CARTESIAN_POINT('',(1.595E0,-3.658E-1,-8.8265E0));
#2007=VERTEX_POINT('',#2006);
#2008=CARTESIAN_POINT('',(1.595E0,3.658E-1,-8.8265E0));
#2009=VERTEX_POINT('',#2008);
#2010=CARTESIAN_POINT('',(-1.585E0,-3.2E-1,-8.8265E0));
#2011=VERTEX_POINT('',#2010);
#2012=CARTESIAN_POINT('',(-1.585E0,-3.658E-1,-8.8265E0));
#2013=VERTEX_POINT('',#2012);
#2014=CARTESIAN_POINT('',(-1.585E0,3.658E-1,-8.8265E0));
#2015=VERTEX_POINT('',#2014);
#2016=CARTESIAN_POINT('',(-9.45E-1,-3.2E-1,-8.8265E0));
#2017=VERTEX_POINT('',#2016);
#2018=CARTESIAN_POINT('',(-9.45E-1,-3.658E-1,-8.8265E0));
#2019=VERTEX_POINT('',#2018);
#2020=CARTESIAN_POINT('',(-9.45E-1,3.658E-1,-8.8265E0));
#2021=VERTEX_POINT('',#2020);
#2022=CARTESIAN_POINT('',(-4.125E0,-3.2E-1,-8.8265E0));
#2023=VERTEX_POINT('',#2022);
#2024=CARTESIAN_POINT('',(-4.125E0,-3.658E-1,-8.8265E0));
#2025=VERTEX_POINT('',#2024);
#2026=CARTESIAN_POINT('',(-4.125E0,3.658E-1,-8.8265E0));
#2027=VERTEX_POINT('',#2026);
#2028=CARTESIAN_POINT('',(-3.485E0,-3.2E-1,-8.8265E0));
#2029=VERTEX_POINT('',#2028);
#2030=CARTESIAN_POINT('',(-3.485E0,-3.658E-1,-8.8265E0));
#2031=VERTEX_POINT('',#2030);
#2032=CARTESIAN_POINT('',(-3.485E0,3.658E-1,-8.8265E0));
#2033=VERTEX_POINT('',#2032);
#2034=CARTESIAN_POINT('',(-5.9421E0,-2.54E0,-1.2255E1));
#2035=VERTEX_POINT('',#2034);
#2036=CARTESIAN_POINT('',(-5.9421E0,-2.54E0,-1.292050595466E1));
#2037=VERTEX_POINT('',#2036);
#2038=CARTESIAN_POINT('',(-5.925353175473E0,-2.54E0,-1.298300595466E1));
#2039=VERTEX_POINT('',#2038);
#2040=CARTESIAN_POINT('',(-5.9421E0,2.54E0,-1.2255E1));
#2041=VERTEX_POINT('',#2040);
#2042=CARTESIAN_POINT('',(-5.9421E0,2.54E0,-1.292050595466E1));
#2043=VERTEX_POINT('',#2042);
#2044=CARTESIAN_POINT('',(-5.925353175473E0,2.54E0,-1.298300595466E1));
#2045=VERTEX_POINT('',#2044);
#2046=CARTESIAN_POINT('',(-3.815E0,3.55E0,0.E0));
#2047=CARTESIAN_POINT('',(-3.815E0,4.06E0,-5.1E-1));
#2048=VERTEX_POINT('',#2046);
#2049=VERTEX_POINT('',#2047);
#2050=CARTESIAN_POINT('',(2.254926760161E0,4.06E0,-5.1E-1));
#2051=VERTEX_POINT('',#2050);
#2052=VERTEX_POINT('',#638);
#2053=CARTESIAN_POINT('',(2.165E0,3.55E0,0.E0));
#2054=CARTESIAN_POINT('',(-3.305E0,3.55E0,0.E0));
#2055=VERTEX_POINT('',#2053);
#2056=VERTEX_POINT('',#2054);
#2057=CARTESIAN_POINT('',(2.165E0,3.81E0,0.E0));
#2058=VERTEX_POINT('',#2057);
#2059=CARTESIAN_POINT('',(2.795E0,1.52E0,-1.52E0));
#2060=CARTESIAN_POINT('',(2.795E0,3.04E0,-1.52E0));
#2061=VERTEX_POINT('',#2059);
#2062=VERTEX_POINT('',#2060);
#2063=CARTESIAN_POINT('',(-2.795E0,1.52E0,-1.52E0));
#2064=CARTESIAN_POINT('',(-2.795E0,3.04E0,-1.52E0));
#2065=VERTEX_POINT('',#2063);
#2066=VERTEX_POINT('',#2064);
#2067=CARTESIAN_POINT('',(-2.795E0,4.06E0,-1.52E0));
#2068=VERTEX_POINT('',#2067);
#2069=CARTESIAN_POINT('',(-2.746125818201E0,1.52E0,-4.32E0));
#2070=CARTESIAN_POINT('',(-2.755027901314E0,2.03E0,-3.81E0));
#2071=VERTEX_POINT('',#2069);
#2072=VERTEX_POINT('',#2070);
#2073=CARTESIAN_POINT('',(2.746125818201E0,1.52E0,-4.32E0));
#2074=CARTESIAN_POINT('',(2.755027901314E0,2.03E0,-3.81E0));
#2075=VERTEX_POINT('',#2073);
#2076=VERTEX_POINT('',#2074);
#2077=CARTESIAN_POINT('',(-2.755027901314E0,2.54E0,-3.81E0));
#2078=VERTEX_POINT('',#2077);
#2079=CARTESIAN_POINT('',(2.755027901314E0,2.54E0,-3.81E0));
#2080=VERTEX_POINT('',#2079);
#2081=CARTESIAN_POINT('',(-6.285E0,0.E0,0.E0));
#2082=DIRECTION('',(1.E0,0.E0,0.E0));
#2083=DIRECTION('',(0.E0,0.E0,-1.E0));
#2084=AXIS2_PLACEMENT_3D('',#2081,#2082,#2083);
#2085=PLANE('',#2084);
#2087=ORIENTED_EDGE('',*,*,#2086,.F.);
#2089=ORIENTED_EDGE('',*,*,#2088,.F.);
#2091=ORIENTED_EDGE('',*,*,#2090,.F.);
#2093=ORIENTED_EDGE('',*,*,#2092,.T.);
#2095=ORIENTED_EDGE('',*,*,#2094,.T.);
#2097=ORIENTED_EDGE('',*,*,#2096,.T.);
#2099=ORIENTED_EDGE('',*,*,#2098,.F.);
#2101=ORIENTED_EDGE('',*,*,#2100,.T.);
#2102=EDGE_LOOP('',(#2087,#2089,#2091,#2093,#2095,#2097,#2099,#2101));
#2103=FACE_OUTER_BOUND('',#2102,.F.);
#2105=CARTESIAN_POINT('',(-5.335E0,1.3E-1,0.E0));
#2106=DIRECTION('',(0.E0,1.E0,0.E0));
#2107=DIRECTION('',(-1.E0,0.E0,0.E0));
#2108=AXIS2_PLACEMENT_3D('',#2105,#2106,#2107);
#2109=PLANE('',#2108);
#2111=ORIENTED_EDGE('',*,*,#2110,.F.);
#2113=ORIENTED_EDGE('',*,*,#2112,.T.);
#2115=ORIENTED_EDGE('',*,*,#2114,.T.);
#2116=ORIENTED_EDGE('',*,*,#2086,.T.);
#2118=ORIENTED_EDGE('',*,*,#2117,.T.);
#2119=EDGE_LOOP('',(#2111,#2113,#2115,#2116,#2118));
#2120=FACE_OUTER_BOUND('',#2119,.F.);
#2122=CARTESIAN_POINT('',(-5.59E0,8.25E-1,-2.55E-1));
#2123=DIRECTION('',(7.071067811865E-1,0.E0,7.071067811865E-1));
#2124=DIRECTION('',(7.071067811865E-1,0.E0,-7.071067811865E-1));
#2125=AXIS2_PLACEMENT_3D('',#2122,#2123,#2124);
#2126=PLANE('',#2125);
#2127=ORIENTED_EDGE('',*,*,#2110,.T.);
#2129=ORIENTED_EDGE('',*,*,#2128,.T.);
#2131=ORIENTED_EDGE('',*,*,#2130,.F.);
#2133=ORIENTED_EDGE('',*,*,#2132,.F.);
#2134=EDGE_LOOP('',(#2127,#2129,#2131,#2133));
#2135=FACE_OUTER_BOUND('',#2134,.F.);
#2137=CARTESIAN_POINT('',(-6.285E0,4.06E0,0.E0));
#2138=DIRECTION('',(0.E0,0.E0,1.E0));
#2139=DIRECTION('',(0.E0,-1.E0,0.E0));
#2140=AXIS2_PLACEMENT_3D('',#2137,#2138,#2139);
#2141=PLANE('',#2140);
#2143=ORIENTED_EDGE('',*,*,#2142,.T.);
#2145=ORIENTED_EDGE('',*,*,#2144,.T.);
#2147=ORIENTED_EDGE('',*,*,#2146,.F.);
#2149=ORIENTED_EDGE('',*,*,#2148,.T.);
#2150=EDGE_LOOP('',(#2143,#2145,#2147,#2149));
#2151=FACE_OUTER_BOUND('',#2150,.F.);
#2153=CARTESIAN_POINT('',(-6.285E0,4.06E0,0.E0));
#2154=DIRECTION('',(0.E0,0.E0,1.E0));
#2155=DIRECTION('',(0.E0,-1.E0,0.E0));
#2156=AXIS2_PLACEMENT_3D('',#2153,#2154,#2155);
#2157=PLANE('',#2156);
#2159=ORIENTED_EDGE('',*,*,#2158,.F.);
#2160=ORIENTED_EDGE('',*,*,#2092,.F.);
#2162=ORIENTED_EDGE('',*,*,#2161,.T.);
#2164=ORIENTED_EDGE('',*,*,#2163,.F.);
#2166=ORIENTED_EDGE('',*,*,#2165,.T.);
#2168=ORIENTED_EDGE('',*,*,#2167,.T.);
#2169=EDGE_LOOP('',(#2159,#2160,#2162,#2164,#2166,#2168));
#2170=FACE_OUTER_BOUND('',#2169,.F.);
#2172=CARTESIAN_POINT('',(-6.285E0,4.06E0,0.E0));
#2173=DIRECTION('',(0.E0,0.E0,1.E0));
#2174=DIRECTION('',(0.E0,-1.E0,0.E0));
#2175=AXIS2_PLACEMENT_3D('',#2172,#2173,#2174);
#2176=PLANE('',#2175);
#2178=ORIENTED_EDGE('',*,*,#2177,.F.);
#2180=ORIENTED_EDGE('',*,*,#2179,.T.);
#2182=ORIENTED_EDGE('',*,*,#2181,.T.);
#2184=ORIENTED_EDGE('',*,*,#2183,.F.);
#2186=ORIENTED_EDGE('',*,*,#2185,.F.);
#2188=ORIENTED_EDGE('',*,*,#2187,.T.);
#2189=EDGE_LOOP('',(#2178,#2180,#2182,#2184,#2186,#2188));
#2190=FACE_OUTER_BOUND('',#2189,.F.);
#2192=CARTESIAN_POINT('',(-6.285E0,4.06E0,0.E0));
#2193=DIRECTION('',(0.E0,0.E0,1.E0));
#2194=DIRECTION('',(0.E0,-1.E0,0.E0));
#2195=AXIS2_PLACEMENT_3D('',#2192,#2193,#2194);
#2196=PLANE('',#2195);
#2198=ORIENTED_EDGE('',*,*,#2197,.F.);
#2200=ORIENTED_EDGE('',*,*,#2199,.F.);
#2202=ORIENTED_EDGE('',*,*,#2201,.F.);
#2203=ORIENTED_EDGE('',*,*,#2128,.F.);
#2204=ORIENTED_EDGE('',*,*,#2117,.F.);
#2205=ORIENTED_EDGE('',*,*,#2100,.F.);
#2207=ORIENTED_EDGE('',*,*,#2206,.T.);
#2209=ORIENTED_EDGE('',*,*,#2208,.F.);
#2210=EDGE_LOOP('',(#2198,#2200,#2202,#2203,#2204,#2205,#2207,#2209));
#2211=FACE_OUTER_BOUND('',#2210,.F.);
#2213=CARTESIAN_POINT('',(-6.285E0,4.06E0,0.E0));
#2214=DIRECTION('',(0.E0,0.E0,1.E0));
#2215=DIRECTION('',(0.E0,-1.E0,0.E0));
#2216=AXIS2_PLACEMENT_3D('',#2213,#2214,#2215);
#2217=PLANE('',#2216);
#2219=ORIENTED_EDGE('',*,*,#2218,.T.);
#2221=ORIENTED_EDGE('',*,*,#2220,.T.);
#2223=ORIENTED_EDGE('',*,*,#2222,.F.);
#2225=ORIENTED_EDGE('',*,*,#2224,.T.);
#2227=ORIENTED_EDGE('',*,*,#2226,.T.);
#2229=ORIENTED_EDGE('',*,*,#2228,.F.);
#2231=ORIENTED_EDGE('',*,*,#2230,.T.);
#2233=ORIENTED_EDGE('',*,*,#2232,.T.);
#2235=ORIENTED_EDGE('',*,*,#2234,.F.);
#2237=ORIENTED_EDGE('',*,*,#2236,.F.);
#2239=ORIENTED_EDGE('',*,*,#2238,.F.);
#2241=ORIENTED_EDGE('',*,*,#2240,.F.);
#2242=EDGE_LOOP('',(#2219,#2221,#2223,#2225,#2227,#2229,#2231,#2233,#2235,#2237,
#2239,#2241));
#2243=FACE_OUTER_BOUND('',#2242,.F.);
#2245=CARTESIAN_POINT('',(0.E0,-1.775E0,-2.55E-1));
#2246=DIRECTION('',(0.E0,7.071067811865E-1,7.071067811865E-1));
#2247=DIRECTION('',(0.E0,-7.071067811865E-1,7.071067811865E-1));
#2248=AXIS2_PLACEMENT_3D('',#2245,#2246,#2247);
#2249=PLANE('',#2248);
#2251=ORIENTED_EDGE('',*,*,#2250,.T.);
#2252=ORIENTED_EDGE('',*,*,#2142,.F.);
#2254=ORIENTED_EDGE('',*,*,#2253,.T.);
#2256=ORIENTED_EDGE('',*,*,#2255,.T.);
#2257=EDGE_LOOP('',(#2251,#2252,#2254,#2256));
#2258=FACE_OUTER_BOUND('',#2257,.F.);
#2260=CARTESIAN_POINT('',(1.905E0,-1.52E0,0.E0));
#2261=DIRECTION('',(-1.E0,0.E0,0.E0));
#2262=DIRECTION('',(0.E0,-1.E0,0.E0));
#2263=AXIS2_PLACEMENT_3D('',#2260,#2261,#2262);
#2264=PLANE('',#2263);
#2265=ORIENTED_EDGE('',*,*,#2250,.F.);
#2267=ORIENTED_EDGE('',*,*,#2266,.T.);
#2269=ORIENTED_EDGE('',*,*,#2268,.T.);
#2271=ORIENTED_EDGE('',*,*,#2270,.F.);
#2272=ORIENTED_EDGE('',*,*,#2144,.F.);
#2273=EDGE_LOOP('',(#2265,#2267,#2269,#2271,#2272));
#2274=FACE_OUTER_BOUND('',#2273,.F.);
#2276=CARTESIAN_POINT('',(2.795E0,-1.52E0,0.E0));
#2277=DIRECTION('',(0.E0,-1.E0,0.E0));
#2278=DIRECTION('',(0.E0,0.E0,-1.E0));
#2279=AXIS2_PLACEMENT_3D('',#2276,#2277,#2278);
#2280=PLANE('',#2279);
#2282=ORIENTED_EDGE('',*,*,#2281,.F.);
#2284=ORIENTED_EDGE('',*,*,#2283,.F.);
#2286=ORIENTED_EDGE('',*,*,#2285,.F.);
#2288=ORIENTED_EDGE('',*,*,#2287,.F.);
#2289=EDGE_LOOP('',(#2282,#2284,#2286,#2288));
#2290=FACE_OUTER_BOUND('',#2289,.F.);
#2292=CARTESIAN_POINT('',(2.795E0,-1.52E0,0.E0));
#2293=DIRECTION('',(0.E0,-1.E0,0.E0));
#2294=DIRECTION('',(0.E0,0.E0,-1.E0));
#2295=AXIS2_PLACEMENT_3D('',#2292,#2293,#2294);
#2296=PLANE('',#2295);
#2298=ORIENTED_EDGE('',*,*,#2297,.T.);
#2300=ORIENTED_EDGE('',*,*,#2299,.F.);
#2302=ORIENTED_EDGE('',*,*,#2301,.T.);
#2304=ORIENTED_EDGE('',*,*,#2303,.F.);
#2305=EDGE_LOOP('',(#2298,#2300,#2302,#2304));
#2306=FACE_OUTER_BOUND('',#2305,.F.);
#2308=CARTESIAN_POINT('',(2.795E0,-1.52E0,0.E0));
#2309=DIRECTION('',(0.E0,-1.E0,0.E0));
#2310=DIRECTION('',(0.E0,0.E0,-1.E0));
#2311=AXIS2_PLACEMENT_3D('',#2308,#2309,#2310);
#2312=PLANE('',#2311);
#2313=ORIENTED_EDGE('',*,*,#2255,.F.);
#2315=ORIENTED_EDGE('',*,*,#2314,.T.);
#2317=ORIENTED_EDGE('',*,*,#2316,.F.);
#2318=ORIENTED_EDGE('',*,*,#2266,.F.);
#2319=EDGE_LOOP('',(#2313,#2315,#2317,#2318));
#2320=FACE_OUTER_BOUND('',#2319,.F.);
#2322=CARTESIAN_POINT('',(-4.255E0,-1.775E0,-2.55E-1));
#2323=DIRECTION('',(0.E0,7.071067811865E-1,7.071067811865E-1));
#2324=DIRECTION('',(0.E0,-7.071067811865E-1,7.071067811865E-1));
#2325=AXIS2_PLACEMENT_3D('',#2322,#2323,#2324);
#2326=PLANE('',#2325);
#2327=ORIENTED_EDGE('',*,*,#2165,.F.);
#2329=ORIENTED_EDGE('',*,*,#2328,.F.);
#2330=ORIENTED_EDGE('',*,*,#2281,.T.);
#2332=ORIENTED_EDGE('',*,*,#2331,.T.);
#2333=EDGE_LOOP('',(#2327,#2329,#2330,#2332));
#2334=FACE_OUTER_BOUND('',#2333,.F.);
#2336=CARTESIAN_POINT('',(-5.59E0,-1.455E0,-2.55E-1));
#2337=DIRECTION('',(7.071067811865E-1,0.E0,7.071067811865E-1));
#2338=DIRECTION('',(7.071067811865E-1,0.E0,-7.071067811865E-1));
#2339=AXIS2_PLACEMENT_3D('',#2336,#2337,#2338);
#2340=PLANE('',#2339);
#2342=ORIENTED_EDGE('',*,*,#2341,.T.);
#2344=ORIENTED_EDGE('',*,*,#2343,.F.);
#2345=ORIENTED_EDGE('',*,*,#2328,.T.);
#2346=ORIENTED_EDGE('',*,*,#2163,.T.);
#2347=EDGE_LOOP('',(#2342,#2344,#2345,#2346));
#2348=FACE_OUTER_BOUND('',#2347,.F.);
#2350=CARTESIAN_POINT('',(-6.285E0,-1.39E0,0.E0));
#2351=DIRECTION('',(0.E0,-1.E0,0.E0));
#2352=DIRECTION('',(1.E0,0.E0,0.E0));
#2353=AXIS2_PLACEMENT_3D('',#2350,#2351,#2352);
#2354=PLANE('',#2353);
#2355=ORIENTED_EDGE('',*,*,#2341,.F.);
#2356=ORIENTED_EDGE('',*,*,#2161,.F.);
#2357=ORIENTED_EDGE('',*,*,#2090,.T.);
#2359=ORIENTED_EDGE('',*,*,#2358,.T.);
#2361=ORIENTED_EDGE('',*,*,#2360,.F.);
#2362=EDGE_LOOP('',(#2355,#2356,#2357,#2359,#2361));
#2363=FACE_OUTER_BOUND('',#2362,.F.);
#2365=CARTESIAN_POINT('',(-6.285E0,0.E0,-1.52E0));
#2366=DIRECTION('',(0.E0,0.E0,1.E0));
#2367=DIRECTION('',(1.E0,0.E0,0.E0));
#2368=AXIS2_PLACEMENT_3D('',#2365,#2366,#2367);
#2369=PLANE('',#2368);
#2370=ORIENTED_EDGE('',*,*,#2088,.T.);
#2371=ORIENTED_EDGE('',*,*,#2114,.F.);
#2373=ORIENTED_EDGE('',*,*,#2372,.F.);
#2374=ORIENTED_EDGE('',*,*,#2358,.F.);
#2375=EDGE_LOOP('',(#2370,#2371,#2373,#2374));
#2376=FACE_OUTER_BOUND('',#2375,.F.);
#2378=CARTESIAN_POINT('',(-6.285E0,0.E0,-1.52E0));
#2379=DIRECTION('',(0.E0,0.E0,1.E0));
#2380=DIRECTION('',(1.E0,0.E0,0.E0));
#2381=AXIS2_PLACEMENT_3D('',#2378,#2379,#2380);
#2382=PLANE('',#2381);
#2384=ORIENTED_EDGE('',*,*,#2383,.F.);
#2386=ORIENTED_EDGE('',*,*,#2385,.F.);
#2388=ORIENTED_EDGE('',*,*,#2387,.T.);
#2390=ORIENTED_EDGE('',*,*,#2389,.F.);
#2391=EDGE_LOOP('',(#2384,#2386,#2388,#2390));
#2392=FACE_OUTER_BOUND('',#2391,.F.);
#2394=CARTESIAN_POINT('',(-5.335E0,0.E0,0.E0));
#2395=DIRECTION('',(1.E0,0.E0,0.E0));
#2396=DIRECTION('',(0.E0,0.E0,-1.E0));
#2397=AXIS2_PLACEMENT_3D('',#2394,#2395,#2396);
#2398=PLANE('',#2397);
#2399=ORIENTED_EDGE('',*,*,#2132,.T.);
#2401=ORIENTED_EDGE('',*,*,#2400,.T.);
#2403=ORIENTED_EDGE('',*,*,#2402,.T.);
#2404=ORIENTED_EDGE('',*,*,#2283,.T.);
#2405=ORIENTED_EDGE('',*,*,#2343,.T.);
#2406=ORIENTED_EDGE('',*,*,#2360,.T.);
#2407=ORIENTED_EDGE('',*,*,#2372,.T.);
#2408=ORIENTED_EDGE('',*,*,#2112,.F.);
#2409=EDGE_LOOP('',(#2399,#2401,#2403,#2404,#2405,#2406,#2407,#2408));
#2410=FACE_OUTER_BOUND('',#2409,.F.);
#2412=CARTESIAN_POINT('',(2.795E0,1.52E0,-8.89E0));
#2413=DIRECTION('',(0.E0,1.E0,0.E0));
#2414=DIRECTION('',(0.E0,0.E0,1.E0));
#2415=AXIS2_PLACEMENT_3D('',#2412,#2413,#2414);
#2416=PLANE('',#2415);
#2418=ORIENTED_EDGE('',*,*,#2417,.T.);
#2420=ORIENTED_EDGE('',*,*,#2419,.T.);
#2422=ORIENTED_EDGE('',*,*,#2421,.T.);
#2424=ORIENTED_EDGE('',*,*,#2423,.F.);
#2426=ORIENTED_EDGE('',*,*,#2425,.F.);
#2428=ORIENTED_EDGE('',*,*,#2427,.T.);
#2430=ORIENTED_EDGE('',*,*,#2429,.T.);
#2432=ORIENTED_EDGE('',*,*,#2431,.F.);
#2434=ORIENTED_EDGE('',*,*,#2433,.F.);
#2436=ORIENTED_EDGE('',*,*,#2435,.T.);
#2437=ORIENTED_EDGE('',*,*,#2400,.F.);
#2438=EDGE_LOOP('',(#2418,#2420,#2422,#2424,#2426,#2428,#2430,#2432,#2434,#2436,
#2437));
#2439=FACE_OUTER_BOUND('',#2438,.F.);
#2441=CARTESIAN_POINT('',(2.795E0,1.52E0,-8.89E0));
#2442=DIRECTION('',(0.E0,1.E0,0.E0));
#2443=DIRECTION('',(0.E0,0.E0,1.E0));
#2444=AXIS2_PLACEMENT_3D('',#2441,#2442,#2443);
#2445=PLANE('',#2444);
#2447=ORIENTED_EDGE('',*,*,#2446,.T.);
#2449=ORIENTED_EDGE('',*,*,#2448,.T.);
#2451=ORIENTED_EDGE('',*,*,#2450,.T.);
#2453=ORIENTED_EDGE('',*,*,#2452,.T.);
#2455=ORIENTED_EDGE('',*,*,#2454,.F.);
#2457=ORIENTED_EDGE('',*,*,#2456,.F.);
#2459=ORIENTED_EDGE('',*,*,#2458,.T.);
#2461=ORIENTED_EDGE('',*,*,#2460,.T.);
#2463=ORIENTED_EDGE('',*,*,#2462,.F.);
#2465=ORIENTED_EDGE('',*,*,#2464,.T.);
#2467=ORIENTED_EDGE('',*,*,#2466,.F.);
#2468=EDGE_LOOP('',(#2447,#2449,#2451,#2453,#2455,#2457,#2459,#2461,#2463,#2465,
#2467));
#2469=FACE_OUTER_BOUND('',#2468,.F.);
#2471=CARTESIAN_POINT('',(-4.065E0,1.775E0,-2.55E-1));
#2472=DIRECTION('',(0.E0,-7.071067811865E-1,7.071067811865E-1));
#2473=DIRECTION('',(0.E0,-7.071067811865E-1,-7.071067811865E-1));
#2474=AXIS2_PLACEMENT_3D('',#2471,#2472,#2473);
#2475=PLANE('',#2474);
#2476=ORIENTED_EDGE('',*,*,#2201,.T.);
#2478=ORIENTED_EDGE('',*,*,#2477,.F.);
#2479=ORIENTED_EDGE('',*,*,#2417,.F.);
#2480=ORIENTED_EDGE('',*,*,#2130,.T.);
#2481=EDGE_LOOP('',(#2476,#2478,#2479,#2480));
#2482=FACE_OUTER_BOUND('',#2481,.F.);
#2484=CARTESIAN_POINT('',(-3.05E0,2.28E0,-2.55E-1));
#2485=DIRECTION('',(7.071067811865E-1,0.E0,7.071067811865E-1));
#2486=DIRECTION('',(7.071067811865E-1,0.E0,-7.071067811865E-1));
#2487=AXIS2_PLACEMENT_3D('',#2484,#2485,#2486);
#2488=PLANE('',#2487);
#2489=ORIENTED_EDGE('',*,*,#2199,.T.);
#2491=ORIENTED_EDGE('',*,*,#2490,.F.);
#2493=ORIENTED_EDGE('',*,*,#2492,.F.);
#2494=ORIENTED_EDGE('',*,*,#2477,.T.);
#2495=EDGE_LOOP('',(#2489,#2491,#2493,#2494));
#2496=FACE_OUTER_BOUND('',#2495,.F.);
#2498=CARTESIAN_POINT('',(0.E0,3.295E0,-2.55E-1));
#2499=DIRECTION('',(0.E0,-7.071067811865E-1,7.071067811865E-1));
#2500=DIRECTION('',(0.E0,-7.071067811865E-1,-7.071067811865E-1));
#2501=AXIS2_PLACEMENT_3D('',#2498,#2499,#2500);
#2502=PLANE('',#2501);
#2504=ORIENTED_EDGE('',*,*,#2503,.F.);
#2505=ORIENTED_EDGE('',*,*,#2240,.T.);
#2507=ORIENTED_EDGE('',*,*,#2506,.F.);
#2509=ORIENTED_EDGE('',*,*,#2508,.F.);
#2510=ORIENTED_EDGE('',*,*,#2490,.T.);
#2511=EDGE_LOOP('',(#2504,#2505,#2507,#2509,#2510));
#2512=FACE_OUTER_BOUND('',#2511,.F.);
#2514=CARTESIAN_POINT('',(2.2671252E1,3.55E0,-5.1E-1));
#2515=DIRECTION('',(-1.E0,0.E0,0.E0));
#2516=DIRECTION('',(0.E0,0.E0,1.E0));
#2517=AXIS2_PLACEMENT_3D('',#2514,#2515,#2516);
#2518=CYLINDRICAL_SURFACE('',#2517,5.1E-1);
#2520=ORIENTED_EDGE('',*,*,#2519,.T.);
#2522=ORIENTED_EDGE('',*,*,#2521,.F.);
#2524=ORIENTED_EDGE('',*,*,#2523,.T.);
#2526=ORIENTED_EDGE('',*,*,#2525,.T.);
#2527=ORIENTED_EDGE('',*,*,#2503,.T.);
#2528=ORIENTED_EDGE('',*,*,#2197,.T.);
#2529=EDGE_LOOP('',(#2520,#2522,#2524,#2526,#2527,#2528));
#2530=FACE_OUTER_BOUND('',#2529,.F.);
#2532=CARTESIAN_POINT('',(-3.815E0,2.54E0,0.E0));
#2533=DIRECTION('',(1.E0,0.E0,0.E0));
#2534=DIRECTION('',(0.E0,1.E0,0.E0));
#2535=AXIS2_PLACEMENT_3D('',#2532,#2533,#2534);
#2536=PLANE('',#2535);
#2537=ORIENTED_EDGE('',*,*,#2519,.F.);
#2538=ORIENTED_EDGE('',*,*,#2208,.T.);
#2540=ORIENTED_EDGE('',*,*,#2539,.T.);
#2542=ORIENTED_EDGE('',*,*,#2541,.T.);
#2544=ORIENTED_EDGE('',*,*,#2543,.T.);
#2545=EDGE_LOOP('',(#2537,#2538,#2540,#2542,#2544));
#2546=FACE_OUTER_BOUND('',#2545,.F.);
#2548=CARTESIAN_POINT('',(-6.285E0,2.54E0,-1.359E1));
#2549=DIRECTION('',(0.E0,1.E0,0.E0));
#2550=DIRECTION('',(0.E0,0.E0,1.E0));
#2551=AXIS2_PLACEMENT_3D('',#2548,#2549,#2550);
#2552=PLANE('',#2551);
#2554=ORIENTED_EDGE('',*,*,#2553,.F.);
#2556=ORIENTED_EDGE('',*,*,#2555,.F.);
#2557=ORIENTED_EDGE('',*,*,#2539,.F.);
#2558=ORIENTED_EDGE('',*,*,#2206,.F.);
#2559=ORIENTED_EDGE('',*,*,#2098,.T.);
#2561=ORIENTED_EDGE('',*,*,#2560,.T.);
#2563=ORIENTED_EDGE('',*,*,#2562,.T.);
#2565=ORIENTED_EDGE('',*,*,#2564,.F.);
#2567=ORIENTED_EDGE('',*,*,#2566,.T.);
#2569=ORIENTED_EDGE('',*,*,#2568,.T.);
#2571=ORIENTED_EDGE('',*,*,#2570,.T.);
#2573=ORIENTED_EDGE('',*,*,#2572,.F.);
#2575=ORIENTED_EDGE('',*,*,#2574,.T.);
#2577=ORIENTED_EDGE('',*,*,#2576,.F.);
#2579=ORIENTED_EDGE('',*,*,#2578,.T.);
#2580=ORIENTED_EDGE('',*,*,#2228,.T.);
#2582=ORIENTED_EDGE('',*,*,#2581,.T.);
#2584=ORIENTED_EDGE('',*,*,#2583,.F.);
#2586=ORIENTED_EDGE('',*,*,#2585,.F.);
#2588=ORIENTED_EDGE('',*,*,#2587,.T.);
#2590=ORIENTED_EDGE('',*,*,#2589,.T.);
#2592=ORIENTED_EDGE('',*,*,#2591,.F.);
#2593=EDGE_LOOP('',(#2554,#2556,#2557,#2558,#2559,#2561,#2563,#2565,#2567,#2569,
#2571,#2573,#2575,#2577,#2579,#2580,#2582,#2584,#2586,#2588,#2590,#2592));
#2594=FACE_OUTER_BOUND('',#2593,.F.);
#2596=CARTESIAN_POINT('',(2.795E0,2.03E0,-3.81E0));
#2597=DIRECTION('',(0.E0,0.E0,-1.E0));
#2598=DIRECTION('',(0.E0,1.E0,0.E0));
#2599=AXIS2_PLACEMENT_3D('',#2596,#2597,#2598);
#2600=PLANE('',#2599);
#2602=ORIENTED_EDGE('',*,*,#2601,.T.);
#2603=ORIENTED_EDGE('',*,*,#2553,.T.);
#2605=ORIENTED_EDGE('',*,*,#2604,.F.);
#2607=ORIENTED_EDGE('',*,*,#2606,.T.);
#2608=EDGE_LOOP('',(#2602,#2603,#2605,#2607));
#2609=FACE_OUTER_BOUND('',#2608,.F.);
#2611=CARTESIAN_POINT('',(2.795E0,2.03E0,-3.81E0));
#2612=DIRECTION('',(0.E0,0.E0,-1.E0));
#2613=DIRECTION('',(0.E0,1.E0,0.E0));
#2614=AXIS2_PLACEMENT_3D('',#2611,#2612,#2613);
#2615=PLANE('',#2614);
#2617=ORIENTED_EDGE('',*,*,#2616,.F.);
#2619=ORIENTED_EDGE('',*,*,#2618,.T.);
#2621=ORIENTED_EDGE('',*,*,#2620,.T.);
#2622=ORIENTED_EDGE('',*,*,#2585,.T.);
#2623=EDGE_LOOP('',(#2617,#2619,#2621,#2622));
#2624=FACE_OUTER_BOUND('',#2623,.F.);
#2626=CARTESIAN_POINT('',(-2.795E0,4.06E0,-1.52E0));
#2627=DIRECTION('',(9.998476951564E-1,0.E0,1.745240643728E-2));
#2628=DIRECTION('',(1.745240643728E-2,0.E0,-9.998476951564E-1));
#2629=AXIS2_PLACEMENT_3D('',#2626,#2627,#2628);
#2630=PLANE('',#2629);
#2632=ORIENTED_EDGE('',*,*,#2631,.F.);
#2633=ORIENTED_EDGE('',*,*,#2601,.F.);
#2635=ORIENTED_EDGE('',*,*,#2634,.F.);
#2636=ORIENTED_EDGE('',*,*,#2421,.F.);
#2638=ORIENTED_EDGE('',*,*,#2637,.T.);
#2640=ORIENTED_EDGE('',*,*,#2639,.T.);
#2641=EDGE_LOOP('',(#2632,#2633,#2635,#2636,#2638,#2640));
#2642=FACE_OUTER_BOUND('',#2641,.F.);
#2644=CARTESIAN_POINT('',(-6.285E0,2.54E0,-3.81E0));
#2645=DIRECTION('',(0.E0,8.331680732731E-1,-5.530198564957E-1));
#2646=DIRECTION('',(0.E0,5.530198564957E-1,8.331680732731E-1));
#2647=AXIS2_PLACEMENT_3D('',#2644,#2645,#2646);
#2648=PLANE('',#2647);
#2649=ORIENTED_EDGE('',*,*,#2555,.T.);
#2650=ORIENTED_EDGE('',*,*,#2631,.T.);
#2652=ORIENTED_EDGE('',*,*,#2651,.F.);
#2653=ORIENTED_EDGE('',*,*,#2541,.F.);
#2654=EDGE_LOOP('',(#2649,#2650,#2652,#2653));
#2655=FACE_OUTER_BOUND('',#2654,.F.);
#2657=CARTESIAN_POINT('',(-6.285E0,2.54E0,-3.81E0));
#2658=DIRECTION('',(0.E0,8.331680732731E-1,-5.530198564957E-1));
#2659=DIRECTION('',(0.E0,5.530198564957E-1,8.331680732731E-1));
#2660=AXIS2_PLACEMENT_3D('',#2657,#2658,#2659);
#2661=PLANE('',#2660);
#2663=ORIENTED_EDGE('',*,*,#2662,.F.);
#2664=ORIENTED_EDGE('',*,*,#2583,.T.);
#2666=ORIENTED_EDGE('',*,*,#2665,.T.);
#2668=ORIENTED_EDGE('',*,*,#2667,.F.);
#2670=ORIENTED_EDGE('',*,*,#2669,.F.);
#2671=EDGE_LOOP('',(#2663,#2664,#2666,#2668,#2670));
#2672=FACE_OUTER_BOUND('',#2671,.F.);
#2674=CARTESIAN_POINT('',(-6.285E0,4.06E0,-1.52E0));
#2675=DIRECTION('',(0.E0,1.E0,0.E0));
#2676=DIRECTION('',(0.E0,0.E0,1.E0));
#2677=AXIS2_PLACEMENT_3D('',#2674,#2675,#2676);
#2678=PLANE('',#2677);
#2680=ORIENTED_EDGE('',*,*,#2679,.T.);
#2681=ORIENTED_EDGE('',*,*,#2667,.T.);
#2683=ORIENTED_EDGE('',*,*,#2682,.T.);
#2684=ORIENTED_EDGE('',*,*,#2224,.F.);
#2685=EDGE_LOOP('',(#2680,#2681,#2683,#2684));
#2686=FACE_OUTER_BOUND('',#2685,.F.);
#2688=CARTESIAN_POINT('',(-6.285E0,4.06E0,-1.52E0));
#2689=DIRECTION('',(0.E0,1.E0,0.E0));
#2690=DIRECTION('',(0.E0,0.E0,1.E0));
#2691=AXIS2_PLACEMENT_3D('',#2688,#2689,#2690);
#2692=PLANE('',#2691);
#2693=ORIENTED_EDGE('',*,*,#2521,.T.);
#2694=ORIENTED_EDGE('',*,*,#2543,.F.);
#2695=ORIENTED_EDGE('',*,*,#2651,.T.);
#2697=ORIENTED_EDGE('',*,*,#2696,.T.);
#2699=ORIENTED_EDGE('',*,*,#2698,.T.);
#2700=EDGE_LOOP('',(#2693,#2694,#2695,#2697,#2699));
#2701=FACE_OUTER_BOUND('',#2700,.F.);
#2703=CARTESIAN_POINT('',(3.435E0,4.06E0,0.E0));
#2704=DIRECTION('',(9.848077530122E-1,0.E0,-1.736481776669E-1));
#2705=DIRECTION('',(-1.736481776669E-1,0.E0,-9.848077530122E-1));
#2706=AXIS2_PLACEMENT_3D('',#2703,#2704,#2705);
#2707=PLANE('',#2706);
#2708=ORIENTED_EDGE('',*,*,#2222,.T.);
#2710=ORIENTED_EDGE('',*,*,#2709,.T.);
#2712=ORIENTED_EDGE('',*,*,#2711,.F.);
#2713=ORIENTED_EDGE('',*,*,#2679,.F.);
#2714=EDGE_LOOP('',(#2708,#2710,#2712,#2713));
#2715=FACE_OUTER_BOUND('',#2714,.F.);
#2717=CARTESIAN_POINT('',(-6.285E0,3.81E0,0.E0));
#2718=DIRECTION('',(0.E0,1.E0,0.E0));
#2719=DIRECTION('',(1.E0,0.E0,0.E0));
#2720=AXIS2_PLACEMENT_3D('',#2717,#2718,#2719);
#2721=PLANE('',#2720);
#2723=ORIENTED_EDGE('',*,*,#2722,.F.);
#2725=ORIENTED_EDGE('',*,*,#2724,.F.);
#2727=ORIENTED_EDGE('',*,*,#2726,.F.);
#2729=ORIENTED_EDGE('',*,*,#2728,.F.);
#2730=ORIENTED_EDGE('',*,*,#2709,.F.);
#2731=ORIENTED_EDGE('',*,*,#2220,.F.);
#2732=EDGE_LOOP('',(#2723,#2725,#2727,#2729,#2730,#2731));
#2733=FACE_OUTER_BOUND('',#2732,.F.);
#2735=CARTESIAN_POINT('',(2.433017010677E0,4.06E0,-1.52E0));
#2736=DIRECTION('',(-9.848077530122E-1,0.E0,-1.736481776669E-1));
#2737=DIRECTION('',(-1.736481776669E-1,0.E0,9.848077530122E-1));
#2738=AXIS2_PLACEMENT_3D('',#2735,#2736,#2737);
#2739=PLANE('',#2738);
#2740=ORIENTED_EDGE('',*,*,#2722,.T.);
#2741=ORIENTED_EDGE('',*,*,#2218,.F.);
#2742=ORIENTED_EDGE('',*,*,#2525,.F.);
#2743=EDGE_LOOP('',(#2740,#2741,#2742));
#2744=FACE_OUTER_BOUND('',#2743,.F.);
#2746=CARTESIAN_POINT('',(2.433017010677E0,4.06E0,-1.52E0));
#2747=DIRECTION('',(-9.848077530122E-1,0.E0,-1.736481776669E-1));
#2748=DIRECTION('',(-1.736481776669E-1,0.E0,9.848077530122E-1));
#2749=AXIS2_PLACEMENT_3D('',#2746,#2747,#2748);
#2750=PLANE('',#2749);
#2751=ORIENTED_EDGE('',*,*,#2523,.F.);
#2752=ORIENTED_EDGE('',*,*,#2698,.F.);
#2754=ORIENTED_EDGE('',*,*,#2753,.T.);
#2755=ORIENTED_EDGE('',*,*,#2724,.T.);
#2756=EDGE_LOOP('',(#2751,#2752,#2754,#2755));
#2757=FACE_OUTER_BOUND('',#2756,.F.);
#2759=CARTESIAN_POINT('',(2.795E0,4.06E0,-1.52E0));
#2760=DIRECTION('',(0.E0,0.E0,1.E0));
#2761=DIRECTION('',(0.E0,-1.E0,0.E0));
#2762=AXIS2_PLACEMENT_3D('',#2759,#2760,#2761);
#2763=PLANE('',#2762);
#2764=ORIENTED_EDGE('',*,*,#2726,.T.);
#2765=ORIENTED_EDGE('',*,*,#2753,.F.);
#2766=ORIENTED_EDGE('',*,*,#2696,.F.);
#2767=ORIENTED_EDGE('',*,*,#2639,.F.);
#2769=ORIENTED_EDGE('',*,*,#2768,.F.);
#2771=ORIENTED_EDGE('',*,*,#2770,.T.);
#2772=EDGE_LOOP('',(#2764,#2765,#2766,#2767,#2769,#2771));
#2773=FACE_OUTER_BOUND('',#2772,.F.);
#2775=CARTESIAN_POINT('',(2.795E0,3.04E0,-1.52E0));
#2776=DIRECTION('',(0.E0,1.E0,0.E0));
#2777=DIRECTION('',(0.E0,0.E0,1.E0));
#2778=AXIS2_PLACEMENT_3D('',#2775,#2776,#2777);
#2779=PLANE('',#2778);
#2780=ORIENTED_EDGE('',*,*,#2508,.T.);
#2782=ORIENTED_EDGE('',*,*,#2781,.F.);
#2783=ORIENTED_EDGE('',*,*,#2768,.T.);
#2785=ORIENTED_EDGE('',*,*,#2784,.T.);
#2786=EDGE_LOOP('',(#2780,#2782,#2783,#2785));
#2787=FACE_OUTER_BOUND('',#2786,.F.);
#2789=CARTESIAN_POINT('',(2.795E0,0.E0,0.E0));
#2790=DIRECTION('',(1.E0,0.E0,0.E0));
#2791=DIRECTION('',(0.E0,0.E0,-1.E0));
#2792=AXIS2_PLACEMENT_3D('',#2789,#2790,#2791);
#2793=PLANE('',#2792);
#2795=ORIENTED_EDGE('',*,*,#2794,.T.);
#2796=ORIENTED_EDGE('',*,*,#2466,.T.);
#2798=ORIENTED_EDGE('',*,*,#2797,.T.);
#2799=ORIENTED_EDGE('',*,*,#2781,.T.);
#2800=EDGE_LOOP('',(#2795,#2796,#2798,#2799));
#2801=FACE_OUTER_BOUND('',#2800,.F.);
#2803=CARTESIAN_POINT('',(3.05E0,2.28E0,-2.55E-1));
#2804=DIRECTION('',(-7.071067811865E-1,0.E0,7.071067811865E-1));
#2805=DIRECTION('',(-7.071067811865E-1,0.E0,-7.071067811865E-1));
#2806=AXIS2_PLACEMENT_3D('',#2803,#2804,#2805);
#2807=PLANE('',#2806);
#2808=ORIENTED_EDGE('',*,*,#2794,.F.);
#2809=ORIENTED_EDGE('',*,*,#2506,.T.);
#2810=ORIENTED_EDGE('',*,*,#2238,.T.);
#2812=ORIENTED_EDGE('',*,*,#2811,.F.);
#2813=EDGE_LOOP('',(#2808,#2809,#2810,#2812));
#2814=FACE_OUTER_BOUND('',#2813,.F.);
#2816=CARTESIAN_POINT('',(4.065E0,1.775E0,-2.55E-1));
#2817=DIRECTION('',(0.E0,-7.071067811865E-1,7.071067811865E-1));
#2818=DIRECTION('',(0.E0,-7.071067811865E-1,-7.071067811865E-1));
#2819=AXIS2_PLACEMENT_3D('',#2816,#2817,#2818);
#2820=PLANE('',#2819);
#2821=ORIENTED_EDGE('',*,*,#2446,.F.);
#2822=ORIENTED_EDGE('',*,*,#2811,.T.);
#2823=ORIENTED_EDGE('',*,*,#2236,.T.);
#2825=ORIENTED_EDGE('',*,*,#2824,.F.);
#2826=EDGE_LOOP('',(#2821,#2822,#2823,#2825));
#2827=FACE_OUTER_BOUND('',#2826,.F.);
#2829=CARTESIAN_POINT('',(5.59E0,8.25E-1,-2.55E-1));
#2830=DIRECTION('',(-7.071067811865E-1,0.E0,7.071067811865E-1));
#2831=DIRECTION('',(-7.071067811865E-1,0.E0,-7.071067811865E-1));
#2832=AXIS2_PLACEMENT_3D('',#2829,#2830,#2831);
#2833=PLANE('',#2832);
#2835=ORIENTED_EDGE('',*,*,#2834,.T.);
#2837=ORIENTED_EDGE('',*,*,#2836,.F.);
#2838=ORIENTED_EDGE('',*,*,#2824,.T.);
#2839=ORIENTED_EDGE('',*,*,#2234,.T.);
#2840=EDGE_LOOP('',(#2835,#2837,#2838,#2839));
#2841=FACE_OUTER_BOUND('',#2840,.F.);
#2843=CARTESIAN_POINT('',(6.285E0,1.3E-1,0.E0));
#2844=DIRECTION('',(0.E0,1.E0,0.E0));
#2845=DIRECTION('',(-1.E0,0.E0,0.E0));
#2846=AXIS2_PLACEMENT_3D('',#2843,#2844,#2845);
#2847=PLANE('',#2846);
#2848=ORIENTED_EDGE('',*,*,#2834,.F.);
#2849=ORIENTED_EDGE('',*,*,#2232,.F.);
#2851=ORIENTED_EDGE('',*,*,#2850,.T.);
#2852=ORIENTED_EDGE('',*,*,#2389,.T.);
#2854=ORIENTED_EDGE('',*,*,#2853,.F.);
#2855=EDGE_LOOP('',(#2848,#2849,#2851,#2852,#2854));
#2856=FACE_OUTER_BOUND('',#2855,.F.);
#2858=CARTESIAN_POINT('',(6.285E0,0.E0,0.E0));
#2859=DIRECTION('',(1.E0,0.E0,0.E0));
#2860=DIRECTION('',(0.E0,0.E0,-1.E0));
#2861=AXIS2_PLACEMENT_3D('',#2858,#2859,#2860);
#2862=PLANE('',#2861);
#2863=ORIENTED_EDGE('',*,*,#2383,.T.);
#2864=ORIENTED_EDGE('',*,*,#2850,.F.);
#2865=ORIENTED_EDGE('',*,*,#2230,.F.);
#2866=ORIENTED_EDGE('',*,*,#2578,.F.);
#2868=ORIENTED_EDGE('',*,*,#2867,.F.);
#2870=ORIENTED_EDGE('',*,*,#2869,.F.);
#2871=ORIENTED_EDGE('',*,*,#2187,.F.);
#2873=ORIENTED_EDGE('',*,*,#2872,.T.);
#2874=EDGE_LOOP('',(#2863,#2864,#2865,#2866,#2868,#2870,#2871,#2873));
#2875=FACE_OUTER_BOUND('',#2874,.F.);
#2877=CARTESIAN_POINT('',(5.9421E0,2.54E0,-1.2255E1));
#2878=DIRECTION('',(0.E0,0.E0,1.E0));
#2879=DIRECTION('',(1.E0,0.E0,0.E0));
#2880=AXIS2_PLACEMENT_3D('',#2877,#2878,#2879);
#2881=PLANE('',#2880);
#2883=ORIENTED_EDGE('',*,*,#2882,.F.);
#2884=ORIENTED_EDGE('',*,*,#2867,.T.);
#2885=ORIENTED_EDGE('',*,*,#2576,.T.);
#2887=ORIENTED_EDGE('',*,*,#2886,.T.);
#2888=EDGE_LOOP('',(#2883,#2884,#2885,#2887));
#2889=FACE_OUTER_BOUND('',#2888,.F.);
#2891=CARTESIAN_POINT('',(-6.285E0,-2.54E0,0.E0));
#2892=DIRECTION('',(0.E0,-1.E0,0.E0));
#2893=DIRECTION('',(0.E0,0.E0,-1.E0));
#2894=AXIS2_PLACEMENT_3D('',#2891,#2892,#2893);
#2895=PLANE('',#2894);
#2897=ORIENTED_EDGE('',*,*,#2896,.T.);
#2899=ORIENTED_EDGE('',*,*,#2898,.F.);
#2900=ORIENTED_EDGE('',*,*,#2177,.T.);
#2901=ORIENTED_EDGE('',*,*,#2869,.T.);
#2902=ORIENTED_EDGE('',*,*,#2882,.T.);
#2904=ORIENTED_EDGE('',*,*,#2903,.F.);
#2906=ORIENTED_EDGE('',*,*,#2905,.T.);
#2908=ORIENTED_EDGE('',*,*,#2907,.F.);
#2910=ORIENTED_EDGE('',*,*,#2909,.F.);
#2912=ORIENTED_EDGE('',*,*,#2911,.F.);
#2914=ORIENTED_EDGE('',*,*,#2913,.T.);
#2916=ORIENTED_EDGE('',*,*,#2915,.F.);
#2918=ORIENTED_EDGE('',*,*,#2917,.F.);
#2919=ORIENTED_EDGE('',*,*,#2094,.F.);
#2920=ORIENTED_EDGE('',*,*,#2158,.T.);
#2922=ORIENTED_EDGE('',*,*,#2921,.T.);
#2924=ORIENTED_EDGE('',*,*,#2923,.T.);
#2926=ORIENTED_EDGE('',*,*,#2925,.F.);
#2927=ORIENTED_EDGE('',*,*,#2146,.T.);
#2928=ORIENTED_EDGE('',*,*,#2270,.T.);
#2929=EDGE_LOOP('',(#2897,#2899,#2900,#2901,#2902,#2904,#2906,#2908,#2910,#2912,
#2914,#2916,#2918,#2919,#2920,#2922,#2924,#2926,#2927,#2928));
#2930=FACE_OUTER_BOUND('',#2929,.F.);
#2932=CARTESIAN_POINT('',(2.795E0,-1.52E0,-8.89E0));
#2933=DIRECTION('',(0.E0,0.E0,-1.E0));
#2934=DIRECTION('',(0.E0,1.E0,0.E0));
#2935=AXIS2_PLACEMENT_3D('',#2932,#2933,#2934);
#2936=PLANE('',#2935);
#2937=ORIENTED_EDGE('',*,*,#2923,.F.);
#2939=ORIENTED_EDGE('',*,*,#2938,.F.);
#2940=ORIENTED_EDGE('',*,*,#2285,.T.);
#2941=ORIENTED_EDGE('',*,*,#2402,.F.);
#2942=ORIENTED_EDGE('',*,*,#2435,.F.);
#2944=ORIENTED_EDGE('',*,*,#2943,.T.);
#2946=ORIENTED_EDGE('',*,*,#2945,.T.);
#2948=ORIENTED_EDGE('',*,*,#2947,.T.);
#2949=ORIENTED_EDGE('',*,*,#2427,.F.);
#2951=ORIENTED_EDGE('',*,*,#2950,.F.);
#2952=ORIENTED_EDGE('',*,*,#2589,.F.);
#2954=ORIENTED_EDGE('',*,*,#2953,.T.);
#2955=ORIENTED_EDGE('',*,*,#2458,.F.);
#2957=ORIENTED_EDGE('',*,*,#2956,.T.);
#2959=ORIENTED_EDGE('',*,*,#2958,.T.);
#2961=ORIENTED_EDGE('',*,*,#2960,.T.);
#2962=ORIENTED_EDGE('',*,*,#2450,.F.);
#2964=ORIENTED_EDGE('',*,*,#2963,.T.);
#2965=ORIENTED_EDGE('',*,*,#2303,.T.);
#2967=ORIENTED_EDGE('',*,*,#2966,.F.);
#2968=ORIENTED_EDGE('',*,*,#2896,.F.);
#2969=ORIENTED_EDGE('',*,*,#2268,.F.);
#2970=ORIENTED_EDGE('',*,*,#2316,.T.);
#2972=ORIENTED_EDGE('',*,*,#2971,.F.);
#2973=EDGE_LOOP('',(#2937,#2939,#2940,#2941,#2942,#2944,#2946,#2948,#2949,#2951,
#2952,#2954,#2955,#2957,#2959,#2961,#2962,#2964,#2965,#2967,#2968,#2969,#2970,
#2972));
#2974=FACE_OUTER_BOUND('',#2973,.F.);
#2976=ORIENTED_EDGE('',*,*,#2975,.F.);
#2978=ORIENTED_EDGE('',*,*,#2977,.T.);
#2980=ORIENTED_EDGE('',*,*,#2979,.T.);
#2982=ORIENTED_EDGE('',*,*,#2981,.F.);
#2983=EDGE_LOOP('',(#2976,#2978,#2980,#2982));
#2984=FACE_BOUND('',#2983,.F.);
#2986=ORIENTED_EDGE('',*,*,#2985,.F.);
#2988=ORIENTED_EDGE('',*,*,#2987,.T.);
#2990=ORIENTED_EDGE('',*,*,#2989,.T.);
#2992=ORIENTED_EDGE('',*,*,#2991,.F.);
#2993=EDGE_LOOP('',(#2986,#2988,#2990,#2992));
#2994=FACE_BOUND('',#2993,.F.);
#2996=ORIENTED_EDGE('',*,*,#2995,.F.);
#2998=ORIENTED_EDGE('',*,*,#2997,.T.);
#3000=ORIENTED_EDGE('',*,*,#2999,.T.);
#3002=ORIENTED_EDGE('',*,*,#3001,.F.);
#3003=EDGE_LOOP('',(#2996,#2998,#3000,#3002));
#3004=FACE_BOUND('',#3003,.F.);
#3006=ORIENTED_EDGE('',*,*,#3005,.F.);
#3008=ORIENTED_EDGE('',*,*,#3007,.T.);
#3010=ORIENTED_EDGE('',*,*,#3009,.T.);
#3012=ORIENTED_EDGE('',*,*,#3011,.F.);
#3013=EDGE_LOOP('',(#3006,#3008,#3010,#3012));
#3014=FACE_BOUND('',#3013,.F.);
#3016=CARTESIAN_POINT('',(3.495E0,0.E0,0.E0));
#3017=DIRECTION('',(1.E0,0.E0,0.E0));
#3018=DIRECTION('',(0.E0,0.E0,-1.E0));
#3019=AXIS2_PLACEMENT_3D('',#3016,#3017,#3018);
#3020=PLANE('',#3019);
#3021=ORIENTED_EDGE('',*,*,#3005,.T.);
#3023=ORIENTED_EDGE('',*,*,#3022,.T.);
#3025=ORIENTED_EDGE('',*,*,#3024,.T.);
#3027=ORIENTED_EDGE('',*,*,#3026,.T.);
#3029=ORIENTED_EDGE('',*,*,#3028,.T.);
#3031=ORIENTED_EDGE('',*,*,#3030,.T.);
#3033=ORIENTED_EDGE('',*,*,#3032,.T.);
#3035=ORIENTED_EDGE('',*,*,#3034,.T.);
#3036=EDGE_LOOP('',(#3021,#3023,#3025,#3027,#3029,#3031,#3033,#3035));
#3037=FACE_OUTER_BOUND('',#3036,.F.);
#3039=CARTESIAN_POINT('',(3.495E0,0.E0,0.E0));
#3040=DIRECTION('',(1.E0,0.E0,0.E0));
#3041=DIRECTION('',(0.E0,0.E0,-1.E0));
#3042=AXIS2_PLACEMENT_3D('',#3039,#3040,#3041);
#3043=PLANE('',#3042);
#3045=ORIENTED_EDGE('',*,*,#3044,.T.);
#3047=ORIENTED_EDGE('',*,*,#3046,.T.);
#3049=ORIENTED_EDGE('',*,*,#3048,.T.);
#3051=ORIENTED_EDGE('',*,*,#3050,.T.);
#3052=EDGE_LOOP('',(#3045,#3047,#3049,#3051));
#3053=FACE_OUTER_BOUND('',#3052,.F.);
#3055=CARTESIAN_POINT('',(3.495E0,3.658E-1,-8.89E0));
#3056=DIRECTION('',(0.E0,1.E0,0.E0));
#3057=DIRECTION('',(0.E0,0.E0,1.E0));
#3058=AXIS2_PLACEMENT_3D('',#3055,#3056,#3057);
#3059=PLANE('',#3058);
#3060=ORIENTED_EDGE('',*,*,#3011,.T.);
#3062=ORIENTED_EDGE('',*,*,#3061,.T.);
#3064=ORIENTED_EDGE('',*,*,#3063,.F.);
#3065=ORIENTED_EDGE('',*,*,#3022,.F.);
#3066=EDGE_LOOP('',(#3060,#3062,#3064,#3065));
#3067=FACE_OUTER_BOUND('',#3066,.F.);
#3069=CARTESIAN_POINT('',(4.135E0,0.E0,0.E0));
#3070=DIRECTION('',(1.E0,0.E0,0.E0));
#3071=DIRECTION('',(0.E0,0.E0,-1.E0));
#3072=AXIS2_PLACEMENT_3D('',#3069,#3070,#3071);
#3073=PLANE('',#3072);
#3074=ORIENTED_EDGE('',*,*,#3009,.F.);
#3076=ORIENTED_EDGE('',*,*,#3075,.F.);
#3078=ORIENTED_EDGE('',*,*,#3077,.F.);
#3080=ORIENTED_EDGE('',*,*,#3079,.F.);
#3082=ORIENTED_EDGE('',*,*,#3081,.F.);
#3084=ORIENTED_EDGE('',*,*,#3083,.F.);
#3086=ORIENTED_EDGE('',*,*,#3085,.F.);
#3087=ORIENTED_EDGE('',*,*,#3061,.F.);
#3088=EDGE_LOOP('',(#3074,#3076,#3078,#3080,#3082,#3084,#3086,#3087));
#3089=FACE_OUTER_BOUND('',#3088,.F.);
#3091=CARTESIAN_POINT('',(4.135E0,0.E0,0.E0));
#3092=DIRECTION('',(1.E0,0.E0,0.E0));
#3093=DIRECTION('',(0.E0,0.E0,-1.E0));
#3094=AXIS2_PLACEMENT_3D('',#3091,#3092,#3093);
#3095=PLANE('',#3094);
#3097=ORIENTED_EDGE('',*,*,#3096,.F.);
#3099=ORIENTED_EDGE('',*,*,#3098,.F.);
#3101=ORIENTED_EDGE('',*,*,#3100,.F.);
#3103=ORIENTED_EDGE('',*,*,#3102,.F.);
#3104=EDGE_LOOP('',(#3097,#3099,#3101,#3103));
#3105=FACE_OUTER_BOUND('',#3104,.F.);
#3107=CARTESIAN_POINT('',(3.495E0,-3.658E-1,-8.8265E0));
#3108=DIRECTION('',(0.E0,-1.E0,0.E0));
#3109=DIRECTION('',(0.E0,0.E0,-1.E0));
#3110=AXIS2_PLACEMENT_3D('',#3107,#3108,#3109);
#3111=PLANE('',#3110);
#3112=ORIENTED_EDGE('',*,*,#3007,.F.);
#3113=ORIENTED_EDGE('',*,*,#3034,.F.);
#3115=ORIENTED_EDGE('',*,*,#3114,.T.);
#3116=ORIENTED_EDGE('',*,*,#3075,.T.);
#3117=EDGE_LOOP('',(#3112,#3113,#3115,#3116));
#3118=FACE_OUTER_BOUND('',#3117,.F.);
#3120=CARTESIAN_POINT('',(3.495E0,-3.2E-1,-8.8265E0));
#3121=DIRECTION('',(0.E0,0.E0,1.E0));
#3122=DIRECTION('',(0.E0,-1.E0,0.E0));
#3123=AXIS2_PLACEMENT_3D('',#3120,#3121,#3122);
#3124=PLANE('',#3123);
#3125=ORIENTED_EDGE('',*,*,#3032,.F.);
#3127=ORIENTED_EDGE('',*,*,#3126,.T.);
#3128=ORIENTED_EDGE('',*,*,#3077,.T.);
#3129=ORIENTED_EDGE('',*,*,#3114,.F.);
#3130=EDGE_LOOP('',(#3125,#3127,#3128,#3129));
#3131=FACE_OUTER_BOUND('',#3130,.F.);
#3133=CARTESIAN_POINT('',(3.495E0,-3.2E-1,-3.05E0));
#3134=DIRECTION('',(0.E0,-1.E0,0.E0));
#3135=DIRECTION('',(0.E0,0.E0,-1.E0));
#3136=AXIS2_PLACEMENT_3D('',#3133,#3134,#3135);
#3137=PLANE('',#3136);
#3138=ORIENTED_EDGE('',*,*,#3030,.F.);
#3140=ORIENTED_EDGE('',*,*,#3139,.T.);
#3141=ORIENTED_EDGE('',*,*,#3079,.T.);
#3142=ORIENTED_EDGE('',*,*,#3126,.F.);
#3143=EDGE_LOOP('',(#3138,#3140,#3141,#3142));
#3144=FACE_OUTER_BOUND('',#3143,.F.);
#3146=CARTESIAN_POINT('',(3.495E0,3.2E-1,-3.05E0));
#3147=DIRECTION('',(0.E0,0.E0,1.E0));
#3148=DIRECTION('',(0.E0,-1.E0,0.E0));
#3149=AXIS2_PLACEMENT_3D('',#3146,#3147,#3148);
#3150=PLANE('',#3149);
#3151=ORIENTED_EDGE('',*,*,#3028,.F.);
#3153=ORIENTED_EDGE('',*,*,#3152,.T.);
#3154=ORIENTED_EDGE('',*,*,#3081,.T.);
#3155=ORIENTED_EDGE('',*,*,#3139,.F.);
#3156=EDGE_LOOP('',(#3151,#3153,#3154,#3155));
#3157=FACE_OUTER_BOUND('',#3156,.F.);
#3159=CARTESIAN_POINT('',(3.495E0,3.2E-1,-8.8265E0));
#3160=DIRECTION('',(0.E0,1.E0,0.E0));
#3161=DIRECTION('',(0.E0,0.E0,1.E0));
#3162=AXIS2_PLACEMENT_3D('',#3159,#3160,#3161);
#3163=PLANE('',#3162);
#3164=ORIENTED_EDGE('',*,*,#3026,.F.);
#3166=ORIENTED_EDGE('',*,*,#3165,.T.);
#3167=ORIENTED_EDGE('',*,*,#3083,.T.);
#3168=ORIENTED_EDGE('',*,*,#3152,.F.);
#3169=EDGE_LOOP('',(#3164,#3166,#3167,#3168));
#3170=FACE_OUTER_BOUND('',#3169,.F.);
#3172=CARTESIAN_POINT('',(3.495E0,3.658E-1,-8.8265E0));
#3173=DIRECTION('',(0.E0,0.E0,1.E0));
#3174=DIRECTION('',(0.E0,-1.E0,0.E0));
#3175=AXIS2_PLACEMENT_3D('',#3172,#3173,#3174);
#3176=PLANE('',#3175);
#3177=ORIENTED_EDGE('',*,*,#3024,.F.);
#3178=ORIENTED_EDGE('',*,*,#3063,.T.);
#3179=ORIENTED_EDGE('',*,*,#3085,.T.);
#3180=ORIENTED_EDGE('',*,*,#3165,.F.);
#3181=EDGE_LOOP('',(#3177,#3178,#3179,#3180));
#3182=FACE_OUTER_BOUND('',#3181,.F.);
#3184=CARTESIAN_POINT('',(3.495E0,-3.2E-1,-8.89E0));
#3185=DIRECTION('',(0.E0,-1.E0,0.E0));
#3186=DIRECTION('',(0.E0,0.E0,-1.E0));
#3187=AXIS2_PLACEMENT_3D('',#3184,#3185,#3186);
#3188=PLANE('',#3187);
#3189=ORIENTED_EDGE('',*,*,#3044,.F.);
#3191=ORIENTED_EDGE('',*,*,#3190,.F.);
#3192=ORIENTED_EDGE('',*,*,#3096,.T.);
#3194=ORIENTED_EDGE('',*,*,#3193,.F.);
#3195=EDGE_LOOP('',(#3189,#3191,#3192,#3194));
#3196=FACE_OUTER_BOUND('',#3195,.F.);
#3198=CARTESIAN_POINT('',(-6.285E0,-2.54E0,-1.359E1));
#3199=DIRECTION('',(0.E0,0.E0,-1.E0));
#3200=DIRECTION('',(0.E0,1.E0,0.E0));
#3201=AXIS2_PLACEMENT_3D('',#3198,#3199,#3200);
#3202=PLANE('',#3201);
#3204=ORIENTED_EDGE('',*,*,#3203,.T.);
#3205=ORIENTED_EDGE('',*,*,#2568,.F.);
#3207=ORIENTED_EDGE('',*,*,#3206,.F.);
#3208=ORIENTED_EDGE('',*,*,#2909,.T.);
#3209=EDGE_LOOP('',(#3204,#3205,#3207,#3208));
#3210=FACE_OUTER_BOUND('',#3209,.F.);
#3212=ORIENTED_EDGE('',*,*,#3211,.F.);
#3214=ORIENTED_EDGE('',*,*,#3213,.T.);
#3216=ORIENTED_EDGE('',*,*,#3215,.T.);
#3218=ORIENTED_EDGE('',*,*,#3217,.T.);
#3219=EDGE_LOOP('',(#3212,#3214,#3216,#3218));
#3220=FACE_BOUND('',#3219,.F.);
#3222=ORIENTED_EDGE('',*,*,#3221,.F.);
#3224=ORIENTED_EDGE('',*,*,#3223,.T.);
#3226=ORIENTED_EDGE('',*,*,#3225,.T.);
#3228=ORIENTED_EDGE('',*,*,#3227,.T.);
#3229=EDGE_LOOP('',(#3222,#3224,#3226,#3228));
#3230=FACE_BOUND('',#3229,.F.);
#3232=ORIENTED_EDGE('',*,*,#3231,.F.);
#3234=ORIENTED_EDGE('',*,*,#3233,.T.);
#3236=ORIENTED_EDGE('',*,*,#3235,.T.);
#3238=ORIENTED_EDGE('',*,*,#3237,.T.);
#3239=EDGE_LOOP('',(#3232,#3234,#3236,#3238));
#3240=FACE_BOUND('',#3239,.F.);
#3241=ORIENTED_EDGE('',*,*,#3050,.F.);
#3243=ORIENTED_EDGE('',*,*,#3242,.T.);
#3244=ORIENTED_EDGE('',*,*,#3098,.T.);
#3245=ORIENTED_EDGE('',*,*,#3190,.T.);
#3246=EDGE_LOOP('',(#3241,#3243,#3244,#3245));
#3247=FACE_BOUND('',#3246,.F.);
#3249=CARTESIAN_POINT('',(3.495E0,3.2E-1,-1.689E1));
#3250=DIRECTION('',(0.E0,1.E0,0.E0));
#3251=DIRECTION('',(0.E0,0.E0,1.E0));
#3252=AXIS2_PLACEMENT_3D('',#3249,#3250,#3251);
#3253=PLANE('',#3252);
#3254=ORIENTED_EDGE('',*,*,#3242,.F.);
#3255=ORIENTED_EDGE('',*,*,#3048,.F.);
#3257=ORIENTED_EDGE('',*,*,#3256,.T.);
#3258=ORIENTED_EDGE('',*,*,#3100,.T.);
#3259=EDGE_LOOP('',(#3254,#3255,#3257,#3258));
#3260=FACE_OUTER_BOUND('',#3259,.F.);
#3262=CARTESIAN_POINT('',(3.495E0,-3.2E-1,-1.689E1));
#3263=DIRECTION('',(0.E0,0.E0,-1.E0));
#3264=DIRECTION('',(0.E0,1.E0,0.E0));
#3265=AXIS2_PLACEMENT_3D('',#3262,#3263,#3264);
#3266=PLANE('',#3265);
#3267=ORIENTED_EDGE('',*,*,#3046,.F.);
#3268=ORIENTED_EDGE('',*,*,#3193,.T.);
#3269=ORIENTED_EDGE('',*,*,#3102,.T.);
#3270=ORIENTED_EDGE('',*,*,#3256,.F.);
#3271=EDGE_LOOP('',(#3267,#3268,#3269,#3270));
#3272=FACE_OUTER_BOUND('',#3271,.F.);
#3274=CARTESIAN_POINT('',(9.55E-1,0.E0,0.E0));
#3275=DIRECTION('',(1.E0,0.E0,0.E0));
#3276=DIRECTION('',(0.E0,0.E0,-1.E0));
#3277=AXIS2_PLACEMENT_3D('',#3274,#3275,#3276);
#3278=PLANE('',#3277);
#3279=ORIENTED_EDGE('',*,*,#3211,.T.);
#3281=ORIENTED_EDGE('',*,*,#3280,.T.);
#3283=ORIENTED_EDGE('',*,*,#3282,.T.);
#3285=ORIENTED_EDGE('',*,*,#3284,.T.);
#3286=EDGE_LOOP('',(#3279,#3281,#3283,#3285));
#3287=FACE_OUTER_BOUND('',#3286,.F.);
#3289=CARTESIAN_POINT('',(9.55E-1,0.E0,0.E0));
#3290=DIRECTION('',(1.E0,0.E0,0.E0));
#3291=DIRECTION('',(0.E0,0.E0,-1.E0));
#3292=AXIS2_PLACEMENT_3D('',#3289,#3290,#3291);
#3293=PLANE('',#3292);
#3294=ORIENTED_EDGE('',*,*,#2975,.T.);
#3296=ORIENTED_EDGE('',*,*,#3295,.T.);
#3298=ORIENTED_EDGE('',*,*,#3297,.T.);
#3300=ORIENTED_EDGE('',*,*,#3299,.T.);
#3302=ORIENTED_EDGE('',*,*,#3301,.T.);
#3304=ORIENTED_EDGE('',*,*,#3303,.T.);
#3306=ORIENTED_EDGE('',*,*,#3305,.T.);
#3308=ORIENTED_EDGE('',*,*,#3307,.T.);
#3309=EDGE_LOOP('',(#3294,#3296,#3298,#3300,#3302,#3304,#3306,#3308));
#3310=FACE_OUTER_BOUND('',#3309,.F.);
#3312=CARTESIAN_POINT('',(9.55E-1,-3.2E-1,-8.89E0));
#3313=DIRECTION('',(0.E0,-1.E0,0.E0));
#3314=DIRECTION('',(0.E0,0.E0,-1.E0));
#3315=AXIS2_PLACEMENT_3D('',#3312,#3313,#3314);
#3316=PLANE('',#3315);
#3317=ORIENTED_EDGE('',*,*,#3217,.F.);
#3319=ORIENTED_EDGE('',*,*,#3318,.T.);
#3321=ORIENTED_EDGE('',*,*,#3320,.F.);
#3322=ORIENTED_EDGE('',*,*,#3280,.F.);
#3323=EDGE_LOOP('',(#3317,#3319,#3321,#3322));
#3324=FACE_OUTER_BOUND('',#3323,.F.);
#3326=CARTESIAN_POINT('',(1.595E0,0.E0,0.E0));
#3327=DIRECTION('',(1.E0,0.E0,0.E0));
#3328=DIRECTION('',(0.E0,0.E0,-1.E0));
#3329=AXIS2_PLACEMENT_3D('',#3326,#3327,#3328);
#3330=PLANE('',#3329);
#3331=ORIENTED_EDGE('',*,*,#3215,.F.);
#3333=ORIENTED_EDGE('',*,*,#3332,.F.);
#3335=ORIENTED_EDGE('',*,*,#3334,.F.);
#3336=ORIENTED_EDGE('',*,*,#3318,.F.);
#3337=EDGE_LOOP('',(#3331,#3333,#3335,#3336));
#3338=FACE_OUTER_BOUND('',#3337,.F.);
#3340=CARTESIAN_POINT('',(1.595E0,0.E0,0.E0));
#3341=DIRECTION('',(1.E0,0.E0,0.E0));
#3342=DIRECTION('',(0.E0,0.E0,-1.E0));
#3343=AXIS2_PLACEMENT_3D('',#3340,#3341,#3342);
#3344=PLANE('',#3343);
#3345=ORIENTED_EDGE('',*,*,#2979,.F.);
#3347=ORIENTED_EDGE('',*,*,#3346,.F.);
#3349=ORIENTED_EDGE('',*,*,#3348,.F.);
#3351=ORIENTED_EDGE('',*,*,#3350,.F.);
#3353=ORIENTED_EDGE('',*,*,#3352,.F.);
#3355=ORIENTED_EDGE('',*,*,#3354,.F.);
#3357=ORIENTED_EDGE('',*,*,#3356,.F.);
#3359=ORIENTED_EDGE('',*,*,#3358,.F.);
#3360=EDGE_LOOP('',(#3345,#3347,#3349,#3351,#3353,#3355,#3357,#3359));
#3361=FACE_OUTER_BOUND('',#3360,.F.);
#3363=CARTESIAN_POINT('',(9.55E-1,3.2E-1,-1.689E1));
#3364=DIRECTION('',(0.E0,1.E0,0.E0));
#3365=DIRECTION('',(0.E0,0.E0,1.E0));
#3366=AXIS2_PLACEMENT_3D('',#3363,#3364,#3365);
#3367=PLANE('',#3366);
#3368=ORIENTED_EDGE('',*,*,#3213,.F.);
#3369=ORIENTED_EDGE('',*,*,#3284,.F.);
#3371=ORIENTED_EDGE('',*,*,#3370,.T.);
#3372=ORIENTED_EDGE('',*,*,#3332,.T.);
#3373=EDGE_LOOP('',(#3368,#3369,#3371,#3372));
#3374=FACE_OUTER_BOUND('',#3373,.F.);
#3376=CARTESIAN_POINT('',(9.55E-1,-3.2E-1,-1.689E1));
#3377=DIRECTION('',(0.E0,0.E0,-1.E0));
#3378=DIRECTION('',(0.E0,1.E0,0.E0));
#3379=AXIS2_PLACEMENT_3D('',#3376,#3377,#3378);
#3380=PLANE('',#3379);
#3381=ORIENTED_EDGE('',*,*,#3282,.F.);
#3382=ORIENTED_EDGE('',*,*,#3320,.T.);
#3383=ORIENTED_EDGE('',*,*,#3334,.T.);
#3384=ORIENTED_EDGE('',*,*,#3370,.F.);
#3385=EDGE_LOOP('',(#3381,#3382,#3383,#3384));
#3386=FACE_OUTER_BOUND('',#3385,.F.);
#3388=CARTESIAN_POINT('',(9.55E-1,-3.658E-1,-8.8265E0));
#3389=DIRECTION('',(0.E0,-1.E0,0.E0));
#3390=DIRECTION('',(0.E0,0.E0,-1.E0));
#3391=AXIS2_PLACEMENT_3D('',#3388,#3389,#3390);
#3392=PLANE('',#3391);
#3393=ORIENTED_EDGE('',*,*,#2977,.F.);
#3394=ORIENTED_EDGE('',*,*,#3307,.F.);
#3396=ORIENTED_EDGE('',*,*,#3395,.T.);
#3397=ORIENTED_EDGE('',*,*,#3346,.T.);
#3398=EDGE_LOOP('',(#3393,#3394,#3396,#3397));
#3399=FACE_OUTER_BOUND('',#3398,.F.);
#3401=CARTESIAN_POINT('',(9.55E-1,-3.2E-1,-8.8265E0));
#3402=DIRECTION('',(0.E0,0.E0,1.E0));
#3403=DIRECTION('',(0.E0,-1.E0,0.E0));
#3404=AXIS2_PLACEMENT_3D('',#3401,#3402,#3403);
#3405=PLANE('',#3404);
#3406=ORIENTED_EDGE('',*,*,#3305,.F.);
#3408=ORIENTED_EDGE('',*,*,#3407,.T.);
#3409=ORIENTED_EDGE('',*,*,#3348,.T.);
#3410=ORIENTED_EDGE('',*,*,#3395,.F.);
#3411=EDGE_LOOP('',(#3406,#3408,#3409,#3410));
#3412=FACE_OUTER_BOUND('',#3411,.F.);
#3414=CARTESIAN_POINT('',(9.55E-1,-3.2E-1,-3.05E0));
#3415=DIRECTION('',(0.E0,-1.E0,0.E0));
#3416=DIRECTION('',(0.E0,0.E0,-1.E0));
#3417=AXIS2_PLACEMENT_3D('',#3414,#3415,#3416);
#3418=PLANE('',#3417);
#3419=ORIENTED_EDGE('',*,*,#3303,.F.);
#3421=ORIENTED_EDGE('',*,*,#3420,.T.);
#3422=ORIENTED_EDGE('',*,*,#3350,.T.);
#3423=ORIENTED_EDGE('',*,*,#3407,.F.);
#3424=EDGE_LOOP('',(#3419,#3421,#3422,#3423));
#3425=FACE_OUTER_BOUND('',#3424,.F.);
#3427=CARTESIAN_POINT('',(9.55E-1,3.2E-1,-3.05E0));
#3428=DIRECTION('',(0.E0,0.E0,1.E0));
#3429=DIRECTION('',(0.E0,-1.E0,0.E0));
#3430=AXIS2_PLACEMENT_3D('',#3427,#3428,#3429);
#3431=PLANE('',#3430);
#3432=ORIENTED_EDGE('',*,*,#3301,.F.);
#3434=ORIENTED_EDGE('',*,*,#3433,.T.);
#3435=ORIENTED_EDGE('',*,*,#3352,.T.);
#3436=ORIENTED_EDGE('',*,*,#3420,.F.);
#3437=EDGE_LOOP('',(#3432,#3434,#3435,#3436));
#3438=FACE_OUTER_BOUND('',#3437,.F.);
#3440=CARTESIAN_POINT('',(9.55E-1,3.2E-1,-8.8265E0));
#3441=DIRECTION('',(0.E0,1.E0,0.E0));
#3442=DIRECTION('',(0.E0,0.E0,1.E0));
#3443=AXIS2_PLACEMENT_3D('',#3440,#3441,#3442);
#3444=PLANE('',#3443);
#3445=ORIENTED_EDGE('',*,*,#3299,.F.);
#3447=ORIENTED_EDGE('',*,*,#3446,.T.);
#3448=ORIENTED_EDGE('',*,*,#3354,.T.);
#3449=ORIENTED_EDGE('',*,*,#3433,.F.);
#3450=EDGE_LOOP('',(#3445,#3447,#3448,#3449));
#3451=FACE_OUTER_BOUND('',#3450,.F.);
#3453=CARTESIAN_POINT('',(9.55E-1,3.658E-1,-8.8265E0));
#3454=DIRECTION('',(0.E0,0.E0,1.E0));
#3455=DIRECTION('',(0.E0,-1.E0,0.E0));
#3456=AXIS2_PLACEMENT_3D('',#3453,#3454,#3455);
#3457=PLANE('',#3456);
#3458=ORIENTED_EDGE('',*,*,#3297,.F.);
#3460=ORIENTED_EDGE('',*,*,#3459,.T.);
#3461=ORIENTED_EDGE('',*,*,#3356,.T.);
#3462=ORIENTED_EDGE('',*,*,#3446,.F.);
#3463=EDGE_LOOP('',(#3458,#3460,#3461,#3462));
#3464=FACE_OUTER_BOUND('',#3463,.F.);
#3466=CARTESIAN_POINT('',(9.55E-1,3.658E-1,-8.89E0));
#3467=DIRECTION('',(0.E0,1.E0,0.E0));
#3468=DIRECTION('',(0.E0,0.E0,1.E0));
#3469=AXIS2_PLACEMENT_3D('',#3466,#3467,#3468);
#3470=PLANE('',#3469);
#3471=ORIENTED_EDGE('',*,*,#2981,.T.);
#3472=ORIENTED_EDGE('',*,*,#3358,.T.);
#3473=ORIENTED_EDGE('',*,*,#3459,.F.);
#3474=ORIENTED_EDGE('',*,*,#3295,.F.);
#3475=EDGE_LOOP('',(#3471,#3472,#3473,#3474));
#3476=FACE_OUTER_BOUND('',#3475,.F.);
#3478=CARTESIAN_POINT('',(-1.585E0,0.E0,0.E0));
#3479=DIRECTION('',(1.E0,0.E0,0.E0));
#3480=DIRECTION('',(0.E0,0.E0,-1.E0));
#3481=AXIS2_PLACEMENT_3D('',#3478,#3479,#3480);
#3482=PLANE('',#3481);
#3483=ORIENTED_EDGE('',*,*,#3221,.T.);
#3485=ORIENTED_EDGE('',*,*,#3484,.T.);
#3487=ORIENTED_EDGE('',*,*,#3486,.T.);
#3489=ORIENTED_EDGE('',*,*,#3488,.T.);
#3490=EDGE_LOOP('',(#3483,#3485,#3487,#3489));
#3491=FACE_OUTER_BOUND('',#3490,.F.);
#3493=CARTESIAN_POINT('',(-1.585E0,0.E0,0.E0));
#3494=DIRECTION('',(1.E0,0.E0,0.E0));
#3495=DIRECTION('',(0.E0,0.E0,-1.E0));
#3496=AXIS2_PLACEMENT_3D('',#3493,#3494,#3495);
#3497=PLANE('',#3496);
#3498=ORIENTED_EDGE('',*,*,#2985,.T.);
#3500=ORIENTED_EDGE('',*,*,#3499,.T.);
#3502=ORIENTED_EDGE('',*,*,#3501,.T.);
#3504=ORIENTED_EDGE('',*,*,#3503,.T.);
#3506=ORIENTED_EDGE('',*,*,#3505,.T.);
#3508=ORIENTED_EDGE('',*,*,#3507,.T.);
#3510=ORIENTED_EDGE('',*,*,#3509,.T.);
#3512=ORIENTED_EDGE('',*,*,#3511,.T.);
#3513=EDGE_LOOP('',(#3498,#3500,#3502,#3504,#3506,#3508,#3510,#3512));
#3514=FACE_OUTER_BOUND('',#3513,.F.);
#3516=CARTESIAN_POINT('',(-1.585E0,-3.2E-1,-8.89E0));
#3517=DIRECTION('',(0.E0,-1.E0,0.E0));
#3518=DIRECTION('',(0.E0,0.E0,-1.E0));
#3519=AXIS2_PLACEMENT_3D('',#3516,#3517,#3518);
#3520=PLANE('',#3519);
#3521=ORIENTED_EDGE('',*,*,#3227,.F.);
#3523=ORIENTED_EDGE('',*,*,#3522,.T.);
#3525=ORIENTED_EDGE('',*,*,#3524,.F.);
#3526=ORIENTED_EDGE('',*,*,#3484,.F.);
#3527=EDGE_LOOP('',(#3521,#3523,#3525,#3526));
#3528=FACE_OUTER_BOUND('',#3527,.F.);
#3530=CARTESIAN_POINT('',(-9.45E-1,0.E0,0.E0));
#3531=DIRECTION('',(1.E0,0.E0,0.E0));
#3532=DIRECTION('',(0.E0,0.E0,-1.E0));
#3533=AXIS2_PLACEMENT_3D('',#3530,#3531,#3532);
#3534=PLANE('',#3533);
#3535=ORIENTED_EDGE('',*,*,#3225,.F.);
#3537=ORIENTED_EDGE('',*,*,#3536,.F.);
#3539=ORIENTED_EDGE('',*,*,#3538,.F.);
#3540=ORIENTED_EDGE('',*,*,#3522,.F.);
#3541=EDGE_LOOP('',(#3535,#3537,#3539,#3540));
#3542=FACE_OUTER_BOUND('',#3541,.F.);
#3544=CARTESIAN_POINT('',(-9.45E-1,0.E0,0.E0));
#3545=DIRECTION('',(1.E0,0.E0,0.E0));
#3546=DIRECTION('',(0.E0,0.E0,-1.E0));
#3547=AXIS2_PLACEMENT_3D('',#3544,#3545,#3546);
#3548=PLANE('',#3547);
#3549=ORIENTED_EDGE('',*,*,#2989,.F.);
#3551=ORIENTED_EDGE('',*,*,#3550,.F.);
#3553=ORIENTED_EDGE('',*,*,#3552,.F.);
#3555=ORIENTED_EDGE('',*,*,#3554,.F.);
#3557=ORIENTED_EDGE('',*,*,#3556,.F.);
#3559=ORIENTED_EDGE('',*,*,#3558,.F.);
#3561=ORIENTED_EDGE('',*,*,#3560,.F.);
#3563=ORIENTED_EDGE('',*,*,#3562,.F.);
#3564=EDGE_LOOP('',(#3549,#3551,#3553,#3555,#3557,#3559,#3561,#3563));
#3565=FACE_OUTER_BOUND('',#3564,.F.);
#3567=CARTESIAN_POINT('',(-1.585E0,3.2E-1,-1.689E1));
#3568=DIRECTION('',(0.E0,1.E0,0.E0));
#3569=DIRECTION('',(0.E0,0.E0,1.E0));
#3570=AXIS2_PLACEMENT_3D('',#3567,#3568,#3569);
#3571=PLANE('',#3570);
#3572=ORIENTED_EDGE('',*,*,#3223,.F.);
#3573=ORIENTED_EDGE('',*,*,#3488,.F.);
#3575=ORIENTED_EDGE('',*,*,#3574,.T.);
#3576=ORIENTED_EDGE('',*,*,#3536,.T.);
#3577=EDGE_LOOP('',(#3572,#3573,#3575,#3576));
#3578=FACE_OUTER_BOUND('',#3577,.F.);
#3580=CARTESIAN_POINT('',(-1.585E0,-3.2E-1,-1.689E1));
#3581=DIRECTION('',(0.E0,0.E0,-1.E0));
#3582=DIRECTION('',(0.E0,1.E0,0.E0));
#3583=AXIS2_PLACEMENT_3D('',#3580,#3581,#3582);
#3584=PLANE('',#3583);
#3585=ORIENTED_EDGE('',*,*,#3486,.F.);
#3586=ORIENTED_EDGE('',*,*,#3524,.T.);
#3587=ORIENTED_EDGE('',*,*,#3538,.T.);
#3588=ORIENTED_EDGE('',*,*,#3574,.F.);
#3589=EDGE_LOOP('',(#3585,#3586,#3587,#3588));
#3590=FACE_OUTER_BOUND('',#3589,.F.);
#3592=CARTESIAN_POINT('',(-1.585E0,-3.658E-1,-8.8265E0));
#3593=DIRECTION('',(0.E0,-1.E0,0.E0));
#3594=DIRECTION('',(0.E0,0.E0,-1.E0));
#3595=AXIS2_PLACEMENT_3D('',#3592,#3593,#3594);
#3596=PLANE('',#3595);
#3597=ORIENTED_EDGE('',*,*,#2987,.F.);
#3598=ORIENTED_EDGE('',*,*,#3511,.F.);
#3600=ORIENTED_EDGE('',*,*,#3599,.T.);
#3601=ORIENTED_EDGE('',*,*,#3550,.T.);
#3602=EDGE_LOOP('',(#3597,#3598,#3600,#3601));
#3603=FACE_OUTER_BOUND('',#3602,.F.);
#3605=CARTESIAN_POINT('',(-1.585E0,-3.2E-1,-8.8265E0));
#3606=DIRECTION('',(0.E0,0.E0,1.E0));
#3607=DIRECTION('',(0.E0,-1.E0,0.E0));
#3608=AXIS2_PLACEMENT_3D('',#3605,#3606,#3607);
#3609=PLANE('',#3608);
#3610=ORIENTED_EDGE('',*,*,#3509,.F.);
#3612=ORIENTED_EDGE('',*,*,#3611,.T.);
#3613=ORIENTED_EDGE('',*,*,#3552,.T.);
#3614=ORIENTED_EDGE('',*,*,#3599,.F.);
#3615=EDGE_LOOP('',(#3610,#3612,#3613,#3614));
#3616=FACE_OUTER_BOUND('',#3615,.F.);
#3618=CARTESIAN_POINT('',(-1.585E0,-3.2E-1,-3.05E0));
#3619=DIRECTION('',(0.E0,-1.E0,0.E0));
#3620=DIRECTION('',(0.E0,0.E0,-1.E0));
#3621=AXIS2_PLACEMENT_3D('',#3618,#3619,#3620);
#3622=PLANE('',#3621);
#3623=ORIENTED_EDGE('',*,*,#3507,.F.);
#3625=ORIENTED_EDGE('',*,*,#3624,.T.);
#3626=ORIENTED_EDGE('',*,*,#3554,.T.);
#3627=ORIENTED_EDGE('',*,*,#3611,.F.);
#3628=EDGE_LOOP('',(#3623,#3625,#3626,#3627));
#3629=FACE_OUTER_BOUND('',#3628,.F.);
#3631=CARTESIAN_POINT('',(-1.585E0,3.2E-1,-3.05E0));
#3632=DIRECTION('',(0.E0,0.E0,1.E0));
#3633=DIRECTION('',(0.E0,-1.E0,0.E0));
#3634=AXIS2_PLACEMENT_3D('',#3631,#3632,#3633);
#3635=PLANE('',#3634);
#3636=ORIENTED_EDGE('',*,*,#3505,.F.);
#3638=ORIENTED_EDGE('',*,*,#3637,.T.);
#3639=ORIENTED_EDGE('',*,*,#3556,.T.);
#3640=ORIENTED_EDGE('',*,*,#3624,.F.);
#3641=EDGE_LOOP('',(#3636,#3638,#3639,#3640));
#3642=FACE_OUTER_BOUND('',#3641,.F.);
#3644=CARTESIAN_POINT('',(-1.585E0,3.2E-1,-8.8265E0));
#3645=DIRECTION('',(0.E0,1.E0,0.E0));
#3646=DIRECTION('',(0.E0,0.E0,1.E0));
#3647=AXIS2_PLACEMENT_3D('',#3644,#3645,#3646);
#3648=PLANE('',#3647);
#3649=ORIENTED_EDGE('',*,*,#3503,.F.);
#3651=ORIENTED_EDGE('',*,*,#3650,.T.);
#3652=ORIENTED_EDGE('',*,*,#3558,.T.);
#3653=ORIENTED_EDGE('',*,*,#3637,.F.);
#3654=EDGE_LOOP('',(#3649,#3651,#3652,#3653));
#3655=FACE_OUTER_BOUND('',#3654,.F.);
#3657=CARTESIAN_POINT('',(-1.585E0,3.658E-1,-8.8265E0));
#3658=DIRECTION('',(0.E0,0.E0,1.E0));
#3659=DIRECTION('',(0.E0,-1.E0,0.E0));
#3660=AXIS2_PLACEMENT_3D('',#3657,#3658,#3659);
#3661=PLANE('',#3660);
#3662=ORIENTED_EDGE('',*,*,#3501,.F.);
#3664=ORIENTED_EDGE('',*,*,#3663,.T.);
#3665=ORIENTED_EDGE('',*,*,#3560,.T.);
#3666=ORIENTED_EDGE('',*,*,#3650,.F.);
#3667=EDGE_LOOP('',(#3662,#3664,#3665,#3666));
#3668=FACE_OUTER_BOUND('',#3667,.F.);
#3670=CARTESIAN_POINT('',(-1.585E0,3.658E-1,-8.89E0));
#3671=DIRECTION('',(0.E0,1.E0,0.E0));
#3672=DIRECTION('',(0.E0,0.E0,1.E0));
#3673=AXIS2_PLACEMENT_3D('',#3670,#3671,#3672);
#3674=PLANE('',#3673);
#3675=ORIENTED_EDGE('',*,*,#2991,.T.);
#3676=ORIENTED_EDGE('',*,*,#3562,.T.);
#3677=ORIENTED_EDGE('',*,*,#3663,.F.);
#3678=ORIENTED_EDGE('',*,*,#3499,.F.);
#3679=EDGE_LOOP('',(#3675,#3676,#3677,#3678));
#3680=FACE_OUTER_BOUND('',#3679,.F.);
#3682=CARTESIAN_POINT('',(-4.125E0,0.E0,0.E0));
#3683=DIRECTION('',(1.E0,0.E0,0.E0));
#3684=DIRECTION('',(0.E0,0.E0,-1.E0));
#3685=AXIS2_PLACEMENT_3D('',#3682,#3683,#3684);
#3686=PLANE('',#3685);
#3687=ORIENTED_EDGE('',*,*,#3231,.T.);
#3689=ORIENTED_EDGE('',*,*,#3688,.T.);
#3691=ORIENTED_EDGE('',*,*,#3690,.T.);
#3693=ORIENTED_EDGE('',*,*,#3692,.T.);
#3694=EDGE_LOOP('',(#3687,#3689,#3691,#3693));
#3695=FACE_OUTER_BOUND('',#3694,.F.);
#3697=CARTESIAN_POINT('',(-4.125E0,0.E0,0.E0));
#3698=DIRECTION('',(1.E0,0.E0,0.E0));
#3699=DIRECTION('',(0.E0,0.E0,-1.E0));
#3700=AXIS2_PLACEMENT_3D('',#3697,#3698,#3699);
#3701=PLANE('',#3700);
#3702=ORIENTED_EDGE('',*,*,#2995,.T.);
#3704=ORIENTED_EDGE('',*,*,#3703,.T.);
#3706=ORIENTED_EDGE('',*,*,#3705,.T.);
#3708=ORIENTED_EDGE('',*,*,#3707,.T.);
#3710=ORIENTED_EDGE('',*,*,#3709,.T.);
#3712=ORIENTED_EDGE('',*,*,#3711,.T.);
#3714=ORIENTED_EDGE('',*,*,#3713,.T.);
#3716=ORIENTED_EDGE('',*,*,#3715,.T.);
#3717=EDGE_LOOP('',(#3702,#3704,#3706,#3708,#3710,#3712,#3714,#3716));
#3718=FACE_OUTER_BOUND('',#3717,.F.);
#3720=CARTESIAN_POINT('',(-4.125E0,-3.2E-1,-8.89E0));
#3721=DIRECTION('',(0.E0,-1.E0,0.E0));
#3722=DIRECTION('',(0.E0,0.E0,-1.E0));
#3723=AXIS2_PLACEMENT_3D('',#3720,#3721,#3722);
#3724=PLANE('',#3723);
#3725=ORIENTED_EDGE('',*,*,#3237,.F.);
#3727=ORIENTED_EDGE('',*,*,#3726,.T.);
#3729=ORIENTED_EDGE('',*,*,#3728,.F.);
#3730=ORIENTED_EDGE('',*,*,#3688,.F.);
#3731=EDGE_LOOP('',(#3725,#3727,#3729,#3730));
#3732=FACE_OUTER_BOUND('',#3731,.F.);
#3734=CARTESIAN_POINT('',(-3.485E0,0.E0,0.E0));
#3735=DIRECTION('',(1.E0,0.E0,0.E0));
#3736=DIRECTION('',(0.E0,0.E0,-1.E0));
#3737=AXIS2_PLACEMENT_3D('',#3734,#3735,#3736);
#3738=PLANE('',#3737);
#3739=ORIENTED_EDGE('',*,*,#3235,.F.);
#3741=ORIENTED_EDGE('',*,*,#3740,.F.);
#3743=ORIENTED_EDGE('',*,*,#3742,.F.);
#3744=ORIENTED_EDGE('',*,*,#3726,.F.);
#3745=EDGE_LOOP('',(#3739,#3741,#3743,#3744));
#3746=FACE_OUTER_BOUND('',#3745,.F.);
#3748=CARTESIAN_POINT('',(-3.485E0,0.E0,0.E0));
#3749=DIRECTION('',(1.E0,0.E0,0.E0));
#3750=DIRECTION('',(0.E0,0.E0,-1.E0));
#3751=AXIS2_PLACEMENT_3D('',#3748,#3749,#3750);
#3752=PLANE('',#3751);
#3753=ORIENTED_EDGE('',*,*,#2999,.F.);
#3755=ORIENTED_EDGE('',*,*,#3754,.F.);
#3757=ORIENTED_EDGE('',*,*,#3756,.F.);
#3759=ORIENTED_EDGE('',*,*,#3758,.F.);
#3761=ORIENTED_EDGE('',*,*,#3760,.F.);
#3763=ORIENTED_EDGE('',*,*,#3762,.F.);
#3765=ORIENTED_EDGE('',*,*,#3764,.F.);
#3767=ORIENTED_EDGE('',*,*,#3766,.F.);
#3768=EDGE_LOOP('',(#3753,#3755,#3757,#3759,#3761,#3763,#3765,#3767));
#3769=FACE_OUTER_BOUND('',#3768,.F.);
#3771=CARTESIAN_POINT('',(-4.125E0,3.2E-1,-1.689E1));
#3772=DIRECTION('',(0.E0,1.E0,0.E0));
#3773=DIRECTION('',(0.E0,0.E0,1.E0));
#3774=AXIS2_PLACEMENT_3D('',#3771,#3772,#3773);
#3775=PLANE('',#3774);
#3776=ORIENTED_EDGE('',*,*,#3233,.F.);
#3777=ORIENTED_EDGE('',*,*,#3692,.F.);
#3779=ORIENTED_EDGE('',*,*,#3778,.T.);
#3780=ORIENTED_EDGE('',*,*,#3740,.T.);
#3781=EDGE_LOOP('',(#3776,#3777,#3779,#3780));
#3782=FACE_OUTER_BOUND('',#3781,.F.);
#3784=CARTESIAN_POINT('',(-4.125E0,-3.2E-1,-1.689E1));
#3785=DIRECTION('',(0.E0,0.E0,-1.E0));
#3786=DIRECTION('',(0.E0,1.E0,0.E0));
#3787=AXIS2_PLACEMENT_3D('',#3784,#3785,#3786);
#3788=PLANE('',#3787);
#3789=ORIENTED_EDGE('',*,*,#3690,.F.);
#3790=ORIENTED_EDGE('',*,*,#3728,.T.);
#3791=ORIENTED_EDGE('',*,*,#3742,.T.);
#3792=ORIENTED_EDGE('',*,*,#3778,.F.);
#3793=EDGE_LOOP('',(#3789,#3790,#3791,#3792));
#3794=FACE_OUTER_BOUND('',#3793,.F.);
#3796=CARTESIAN_POINT('',(-4.125E0,-3.658E-1,-8.8265E0));
#3797=DIRECTION('',(0.E0,-1.E0,0.E0));
#3798=DIRECTION('',(0.E0,0.E0,-1.E0));
#3799=AXIS2_PLACEMENT_3D('',#3796,#3797,#3798);
#3800=PLANE('',#3799);
#3801=ORIENTED_EDGE('',*,*,#2997,.F.);
#3802=ORIENTED_EDGE('',*,*,#3715,.F.);
#3804=ORIENTED_EDGE('',*,*,#3803,.T.);
#3805=ORIENTED_EDGE('',*,*,#3754,.T.);
#3806=EDGE_LOOP('',(#3801,#3802,#3804,#3805));
#3807=FACE_OUTER_BOUND('',#3806,.F.);
#3809=CARTESIAN_POINT('',(-4.125E0,-3.2E-1,-8.8265E0));
#3810=DIRECTION('',(0.E0,0.E0,1.E0));
#3811=DIRECTION('',(0.E0,-1.E0,0.E0));
#3812=AXIS2_PLACEMENT_3D('',#3809,#3810,#3811);
#3813=PLANE('',#3812);
#3814=ORIENTED_EDGE('',*,*,#3713,.F.);
#3816=ORIENTED_EDGE('',*,*,#3815,.T.);
#3817=ORIENTED_EDGE('',*,*,#3756,.T.);
#3818=ORIENTED_EDGE('',*,*,#3803,.F.);
#3819=EDGE_LOOP('',(#3814,#3816,#3817,#3818));
#3820=FACE_OUTER_BOUND('',#3819,.F.);
#3822=CARTESIAN_POINT('',(-4.125E0,-3.2E-1,-3.05E0));
#3823=DIRECTION('',(0.E0,-1.E0,0.E0));
#3824=DIRECTION('',(0.E0,0.E0,-1.E0));
#3825=AXIS2_PLACEMENT_3D('',#3822,#3823,#3824);
#3826=PLANE('',#3825);
#3827=ORIENTED_EDGE('',*,*,#3711,.F.);
#3829=ORIENTED_EDGE('',*,*,#3828,.T.);
#3830=ORIENTED_EDGE('',*,*,#3758,.T.);
#3831=ORIENTED_EDGE('',*,*,#3815,.F.);
#3832=EDGE_LOOP('',(#3827,#3829,#3830,#3831));
#3833=FACE_OUTER_BOUND('',#3832,.F.);
#3835=CARTESIAN_POINT('',(-4.125E0,3.2E-1,-3.05E0));
#3836=DIRECTION('',(0.E0,0.E0,1.E0));
#3837=DIRECTION('',(0.E0,-1.E0,0.E0));
#3838=AXIS2_PLACEMENT_3D('',#3835,#3836,#3837);
#3839=PLANE('',#3838);
#3840=ORIENTED_EDGE('',*,*,#3709,.F.);
#3842=ORIENTED_EDGE('',*,*,#3841,.T.);
#3843=ORIENTED_EDGE('',*,*,#3760,.T.);
#3844=ORIENTED_EDGE('',*,*,#3828,.F.);
#3845=EDGE_LOOP('',(#3840,#3842,#3843,#3844));
#3846=FACE_OUTER_BOUND('',#3845,.F.);
#3848=CARTESIAN_POINT('',(-4.125E0,3.2E-1,-8.8265E0));
#3849=DIRECTION('',(0.E0,1.E0,0.E0));
#3850=DIRECTION('',(0.E0,0.E0,1.E0));
#3851=AXIS2_PLACEMENT_3D('',#3848,#3849,#3850);
#3852=PLANE('',#3851);
#3853=ORIENTED_EDGE('',*,*,#3707,.F.);
#3855=ORIENTED_EDGE('',*,*,#3854,.T.);
#3856=ORIENTED_EDGE('',*,*,#3762,.T.);
#3857=ORIENTED_EDGE('',*,*,#3841,.F.);
#3858=EDGE_LOOP('',(#3853,#3855,#3856,#3857));
#3859=FACE_OUTER_BOUND('',#3858,.F.);
#3861=CARTESIAN_POINT('',(-4.125E0,3.658E-1,-8.8265E0));
#3862=DIRECTION('',(0.E0,0.E0,1.E0));
#3863=DIRECTION('',(0.E0,-1.E0,0.E0));
#3864=AXIS2_PLACEMENT_3D('',#3861,#3862,#3863);
#3865=PLANE('',#3864);
#3866=ORIENTED_EDGE('',*,*,#3705,.F.);
#3868=ORIENTED_EDGE('',*,*,#3867,.T.);
#3869=ORIENTED_EDGE('',*,*,#3764,.T.);
#3870=ORIENTED_EDGE('',*,*,#3854,.F.);
#3871=EDGE_LOOP('',(#3866,#3868,#3869,#3870));
#3872=FACE_OUTER_BOUND('',#3871,.F.);
#3874=CARTESIAN_POINT('',(-4.125E0,3.658E-1,-8.89E0));
#3875=DIRECTION('',(0.E0,1.E0,0.E0));
#3876=DIRECTION('',(0.E0,0.E0,1.E0));
#3877=AXIS2_PLACEMENT_3D('',#3874,#3875,#3876);
#3878=PLANE('',#3877);
#3879=ORIENTED_EDGE('',*,*,#3001,.T.);
#3880=ORIENTED_EDGE('',*,*,#3766,.T.);
#3881=ORIENTED_EDGE('',*,*,#3867,.F.);
#3882=ORIENTED_EDGE('',*,*,#3703,.F.);
#3883=EDGE_LOOP('',(#3879,#3880,#3881,#3882));
#3884=FACE_OUTER_BOUND('',#3883,.F.);
#3886=CARTESIAN_POINT('',(5.574905E0,2.54E0,-1.359E1));
#3887=DIRECTION('',(-8.660254037844E-1,0.E0,5.E-1));
#3888=DIRECTION('',(5.E-1,0.E0,8.660254037844E-1));
#3889=AXIS2_PLACEMENT_3D('',#3886,#3887,#3888);
#3890=PLANE('',#3889);
#3891=ORIENTED_EDGE('',*,*,#2907,.T.);
#3893=ORIENTED_EDGE('',*,*,#3892,.F.);
#3894=ORIENTED_EDGE('',*,*,#2570,.F.);
#3895=ORIENTED_EDGE('',*,*,#3203,.F.);
#3896=EDGE_LOOP('',(#3891,#3893,#3894,#3895));
#3897=FACE_OUTER_BOUND('',#3896,.F.);
#3899=CARTESIAN_POINT('',(5.8171E0,2.54E0,-1.292050595466E1));
#3900=DIRECTION('',(0.E0,1.E0,0.E0));
#3901=DIRECTION('',(1.E0,0.E0,0.E0));
#3902=AXIS2_PLACEMENT_3D('',#3899,#3900,#3901);
#3903=CYLINDRICAL_SURFACE('',#3902,1.25E-1);
#3904=ORIENTED_EDGE('',*,*,#2905,.F.);
#3906=ORIENTED_EDGE('',*,*,#3905,.F.);
#3907=ORIENTED_EDGE('',*,*,#2572,.T.);
#3908=ORIENTED_EDGE('',*,*,#3892,.T.);
#3909=EDGE_LOOP('',(#3904,#3906,#3907,#3908));
#3910=FACE_OUTER_BOUND('',#3909,.F.);
#3912=CARTESIAN_POINT('',(5.9421E0,2.54E0,-1.292050595466E1));
#3913=DIRECTION('',(-1.E0,0.E0,0.E0));
#3914=DIRECTION('',(0.E0,0.E0,1.E0));
#3915=AXIS2_PLACEMENT_3D('',#3912,#3913,#3914);
#3916=PLANE('',#3915);
#3917=ORIENTED_EDGE('',*,*,#2903,.T.);
#3918=ORIENTED_EDGE('',*,*,#2886,.F.);
#3919=ORIENTED_EDGE('',*,*,#2574,.F.);
#3920=ORIENTED_EDGE('',*,*,#3905,.T.);
#3921=EDGE_LOOP('',(#3917,#3918,#3919,#3920));
#3922=FACE_OUTER_BOUND('',#3921,.F.);
#3924=CARTESIAN_POINT('',(-5.925353175473E0,2.54E0,-1.298300595466E1));
#3925=DIRECTION('',(8.660254037844E-1,0.E0,5.E-1));
#3926=DIRECTION('',(5.E-1,0.E0,-8.660254037844E-1));
#3927=AXIS2_PLACEMENT_3D('',#3924,#3925,#3926);
#3928=PLANE('',#3927);
#3929=ORIENTED_EDGE('',*,*,#2911,.T.);
#3930=ORIENTED_EDGE('',*,*,#3206,.T.);
#3931=ORIENTED_EDGE('',*,*,#2566,.F.);
#3933=ORIENTED_EDGE('',*,*,#3932,.T.);
#3934=EDGE_LOOP('',(#3929,#3930,#3931,#3933));
#3935=FACE_OUTER_BOUND('',#3934,.F.);
#3937=CARTESIAN_POINT('',(-5.8171E0,2.54E0,-1.292050595466E1));
#3938=DIRECTION('',(0.E0,1.E0,0.E0));
#3939=DIRECTION('',(1.E0,0.E0,0.E0));
#3940=AXIS2_PLACEMENT_3D('',#3937,#3938,#3939);
#3941=CYLINDRICAL_SURFACE('',#3940,1.25E-1);
#3942=ORIENTED_EDGE('',*,*,#2913,.F.);
#3943=ORIENTED_EDGE('',*,*,#3932,.F.);
#3944=ORIENTED_EDGE('',*,*,#2564,.T.);
#3946=ORIENTED_EDGE('',*,*,#3945,.T.);
#3947=EDGE_LOOP('',(#3942,#3943,#3944,#3946));
#3948=FACE_OUTER_BOUND('',#3947,.F.);
#3950=CARTESIAN_POINT('',(-5.9421E0,2.54E0,-1.2255E1));
#3951=DIRECTION('',(1.E0,0.E0,0.E0));
#3952=DIRECTION('',(0.E0,0.E0,-1.E0));
#3953=AXIS2_PLACEMENT_3D('',#3950,#3951,#3952);
#3954=PLANE('',#3953);
#3955=ORIENTED_EDGE('',*,*,#2915,.T.);
#3956=ORIENTED_EDGE('',*,*,#3945,.F.);
#3957=ORIENTED_EDGE('',*,*,#2562,.F.);
#3959=ORIENTED_EDGE('',*,*,#3958,.T.);
#3960=EDGE_LOOP('',(#3955,#3956,#3957,#3959));
#3961=FACE_OUTER_BOUND('',#3960,.F.);
#3963=CARTESIAN_POINT('',(-6.285E0,2.54E0,-1.2255E1));
#3964=DIRECTION('',(0.E0,0.E0,1.E0));
#3965=DIRECTION('',(1.E0,0.E0,0.E0));
#3966=AXIS2_PLACEMENT_3D('',#3963,#3964,#3965);
#3967=PLANE('',#3966);
#3968=ORIENTED_EDGE('',*,*,#2096,.F.);
#3969=ORIENTED_EDGE('',*,*,#2917,.T.);
#3970=ORIENTED_EDGE('',*,*,#3958,.F.);
#3971=ORIENTED_EDGE('',*,*,#2560,.F.);
#3972=EDGE_LOOP('',(#3968,#3969,#3970,#3971));
#3973=FACE_OUTER_BOUND('',#3972,.F.);
#3975=CARTESIAN_POINT('',(-3.175E0,-1.52E0,0.E0));
#3976=DIRECTION('',(-1.E0,0.E0,0.E0));
#3977=DIRECTION('',(0.E0,-1.E0,0.E0));
#3978=AXIS2_PLACEMENT_3D('',#3975,#3976,#3977);
#3979=PLANE('',#3978);
#3980=ORIENTED_EDGE('',*,*,#2331,.F.);
#3981=ORIENTED_EDGE('',*,*,#2287,.T.);
#3982=ORIENTED_EDGE('',*,*,#2938,.T.);
#3983=ORIENTED_EDGE('',*,*,#2921,.F.);
#3984=ORIENTED_EDGE('',*,*,#2167,.F.);
#3985=EDGE_LOOP('',(#3980,#3981,#3982,#3983,#3984));
#3986=FACE_OUTER_BOUND('',#3985,.F.);
#3988=CARTESIAN_POINT('',(-3.815E0,1.52E0,-8.89E0));
#3989=DIRECTION('',(-1.E0,0.E0,0.E0));
#3990=DIRECTION('',(0.E0,-1.E0,0.E0));
#3991=AXIS2_PLACEMENT_3D('',#3988,#3989,#3990);
#3992=PLANE('',#3991);
#3993=ORIENTED_EDGE('',*,*,#2943,.F.);
#3994=ORIENTED_EDGE('',*,*,#2433,.T.);
#3996=ORIENTED_EDGE('',*,*,#3995,.T.);
#3998=ORIENTED_EDGE('',*,*,#3997,.F.);
#3999=EDGE_LOOP('',(#3993,#3994,#3996,#3998));
#4000=FACE_OUTER_BOUND('',#3999,.F.);
#4002=CARTESIAN_POINT('',(2.795E0,0.E0,-5.15E-1));
#4003=DIRECTION('',(0.E0,0.E0,1.E0));
#4004=DIRECTION('',(1.E0,0.E0,0.E0));
#4005=AXIS2_PLACEMENT_3D('',#4002,#4003,#4004);
#4006=PLANE('',#4005);
#4007=ORIENTED_EDGE('',*,*,#3995,.F.);
#4008=ORIENTED_EDGE('',*,*,#2431,.T.);
#4010=ORIENTED_EDGE('',*,*,#4009,.F.);
#4012=ORIENTED_EDGE('',*,*,#4011,.F.);
#4013=EDGE_LOOP('',(#4007,#4008,#4010,#4012));
#4014=FACE_OUTER_BOUND('',#4013,.F.);
#4016=CARTESIAN_POINT('',(2.795E0,0.E0,-5.15E-1));
#4017=DIRECTION('',(0.E0,0.E0,1.E0));
#4018=DIRECTION('',(1.E0,0.E0,0.E0));
#4019=AXIS2_PLACEMENT_3D('',#4016,#4017,#4018);
#4020=PLANE('',#4019);
#4022=ORIENTED_EDGE('',*,*,#4021,.F.);
#4023=ORIENTED_EDGE('',*,*,#2454,.T.);
#4025=ORIENTED_EDGE('',*,*,#4024,.F.);
#4027=ORIENTED_EDGE('',*,*,#4026,.F.);
#4028=EDGE_LOOP('',(#4022,#4023,#4025,#4027));
#4029=FACE_OUTER_BOUND('',#4028,.F.);
#4031=CARTESIAN_POINT('',(-3.305E0,1.24E0,-8.89E0));
#4032=DIRECTION('',(1.E0,0.E0,0.E0));
#4033=DIRECTION('',(0.E0,1.E0,0.E0));
#4034=AXIS2_PLACEMENT_3D('',#4031,#4032,#4033);
#4035=PLANE('',#4034);
#4036=ORIENTED_EDGE('',*,*,#2947,.F.);
#4038=ORIENTED_EDGE('',*,*,#4037,.T.);
#4039=ORIENTED_EDGE('',*,*,#4009,.T.);
#4040=ORIENTED_EDGE('',*,*,#2429,.F.);
#4041=EDGE_LOOP('',(#4036,#4038,#4039,#4040));
#4042=FACE_OUTER_BOUND('',#4041,.F.);
#4044=CARTESIAN_POINT('',(-3.815E0,1.24E0,-8.89E0));
#4045=DIRECTION('',(0.E0,-1.E0,0.E0));
#4046=DIRECTION('',(1.E0,0.E0,0.E0));
#4047=AXIS2_PLACEMENT_3D('',#4044,#4045,#4046);
#4048=PLANE('',#4047);
#4049=ORIENTED_EDGE('',*,*,#2945,.F.);
#4050=ORIENTED_EDGE('',*,*,#3997,.T.);
#4051=ORIENTED_EDGE('',*,*,#4011,.T.);
#4052=ORIENTED_EDGE('',*,*,#4037,.F.);
#4053=EDGE_LOOP('',(#4049,#4050,#4051,#4052));
#4054=FACE_OUTER_BOUND('',#4053,.F.);
#4056=CARTESIAN_POINT('',(3.305E0,1.52E0,-8.89E0));
#4057=DIRECTION('',(-1.E0,0.E0,0.E0));
#4058=DIRECTION('',(0.E0,-1.E0,0.E0));
#4059=AXIS2_PLACEMENT_3D('',#4056,#4057,#4058);
#4060=PLANE('',#4059);
#4061=ORIENTED_EDGE('',*,*,#2956,.F.);
#4062=ORIENTED_EDGE('',*,*,#2456,.T.);
#4063=ORIENTED_EDGE('',*,*,#4021,.T.);
#4065=ORIENTED_EDGE('',*,*,#4064,.F.);
#4066=EDGE_LOOP('',(#4061,#4062,#4063,#4065));
#4067=FACE_OUTER_BOUND('',#4066,.F.);
#4069=CARTESIAN_POINT('',(3.305E0,1.24E0,-8.89E0));
#4070=DIRECTION('',(0.E0,-1.E0,0.E0));
#4071=DIRECTION('',(1.E0,0.E0,0.E0));
#4072=AXIS2_PLACEMENT_3D('',#4069,#4070,#4071);
#4073=PLANE('',#4072);
#4074=ORIENTED_EDGE('',*,*,#2958,.F.);
#4075=ORIENTED_EDGE('',*,*,#4064,.T.);
#4076=ORIENTED_EDGE('',*,*,#4026,.T.);
#4078=ORIENTED_EDGE('',*,*,#4077,.F.);
#4079=EDGE_LOOP('',(#4074,#4075,#4076,#4078));
#4080=FACE_OUTER_BOUND('',#4079,.F.);
#4082=CARTESIAN_POINT('',(3.815E0,1.24E0,-8.89E0));
#4083=DIRECTION('',(1.E0,0.E0,0.E0));
#4084=DIRECTION('',(0.E0,1.E0,0.E0));
#4085=AXIS2_PLACEMENT_3D('',#4082,#4083,#4084);
#4086=PLANE('',#4085);
#4087=ORIENTED_EDGE('',*,*,#2960,.F.);
#4088=ORIENTED_EDGE('',*,*,#4077,.T.);
#4089=ORIENTED_EDGE('',*,*,#4024,.T.);
#4090=ORIENTED_EDGE('',*,*,#2452,.F.);
#4091=EDGE_LOOP('',(#4087,#4088,#4089,#4090));
#4092=FACE_OUTER_BOUND('',#4091,.F.);
#4094=CARTESIAN_POINT('',(-1.525E0,1.253827827149E0,-8.89E0));
#4095=DIRECTION('',(-9.998476951564E-1,0.E0,-1.745240643728E-2));
#4096=DIRECTION('',(0.E0,-1.E0,0.E0));
#4097=AXIS2_PLACEMENT_3D('',#4094,#4095,#4096);
#4098=PLANE('',#4097);
#4099=ORIENTED_EDGE('',*,*,#2591,.T.);
#4100=ORIENTED_EDGE('',*,*,#2950,.T.);
#4101=ORIENTED_EDGE('',*,*,#2425,.T.);
#4103=ORIENTED_EDGE('',*,*,#4102,.T.);
#4104=ORIENTED_EDGE('',*,*,#2604,.T.);
#4105=EDGE_LOOP('',(#4099,#4100,#4101,#4103,#4104));
#4106=FACE_OUTER_BOUND('',#4105,.F.);
#4108=CARTESIAN_POINT('',(2.795E0,1.52E0,-4.32E0));
#4109=DIRECTION('',(0.E0,7.071067811865E-1,-7.071067811865E-1));
#4110=DIRECTION('',(0.E0,7.071067811865E-1,7.071067811865E-1));
#4111=AXIS2_PLACEMENT_3D('',#4108,#4109,#4110);
#4112=PLANE('',#4111);
#4113=ORIENTED_EDGE('',*,*,#2634,.T.);
#4114=ORIENTED_EDGE('',*,*,#2606,.F.);
#4115=ORIENTED_EDGE('',*,*,#4102,.F.);
#4116=ORIENTED_EDGE('',*,*,#2423,.T.);
#4117=EDGE_LOOP('',(#4113,#4114,#4115,#4116));
#4118=FACE_OUTER_BOUND('',#4117,.F.);
#4120=CARTESIAN_POINT('',(2.795E0,1.52E0,-4.32E0));
#4121=DIRECTION('',(0.E0,7.071067811865E-1,-7.071067811865E-1));
#4122=DIRECTION('',(0.E0,7.071067811865E-1,7.071067811865E-1));
#4123=AXIS2_PLACEMENT_3D('',#4120,#4121,#4122);
#4124=PLANE('',#4123);
#4126=ORIENTED_EDGE('',*,*,#4125,.F.);
#4127=ORIENTED_EDGE('',*,*,#2462,.T.);
#4129=ORIENTED_EDGE('',*,*,#4128,.T.);
#4130=ORIENTED_EDGE('',*,*,#2618,.F.);
#4131=EDGE_LOOP('',(#4126,#4127,#4129,#4130));
#4132=FACE_OUTER_BOUND('',#4131,.F.);
#4134=CARTESIAN_POINT('',(2.746125818201E0,4.06E0,-4.32E0));
#4135=DIRECTION('',(-9.998476951564E-1,0.E0,1.745240643728E-2));
#4136=DIRECTION('',(1.745240643728E-2,0.E0,9.998476951564E-1));
#4137=AXIS2_PLACEMENT_3D('',#4134,#4135,#4136);
#4138=PLANE('',#4137);
#4140=ORIENTED_EDGE('',*,*,#4139,.T.);
#4141=ORIENTED_EDGE('',*,*,#2770,.F.);
#4142=ORIENTED_EDGE('',*,*,#2797,.F.);
#4143=ORIENTED_EDGE('',*,*,#2464,.F.);
#4144=ORIENTED_EDGE('',*,*,#4125,.T.);
#4145=ORIENTED_EDGE('',*,*,#2616,.T.);
#4146=ORIENTED_EDGE('',*,*,#2662,.T.);
#4147=EDGE_LOOP('',(#4140,#4141,#4142,#4143,#4144,#4145,#4146));
#4148=FACE_OUTER_BOUND('',#4147,.F.);
#4150=CARTESIAN_POINT('',(3.166982989323E0,4.06E0,-1.52E0));
#4151=DIRECTION('',(0.E0,0.E0,-1.E0));
#4152=DIRECTION('',(-1.E0,0.E0,0.E0));
#4153=AXIS2_PLACEMENT_3D('',#4150,#4151,#4152);
#4154=PLANE('',#4153);
#4155=ORIENTED_EDGE('',*,*,#2669,.T.);
#4156=ORIENTED_EDGE('',*,*,#2711,.T.);
#4157=ORIENTED_EDGE('',*,*,#2728,.T.);
#4158=ORIENTED_EDGE('',*,*,#4139,.F.);
#4159=EDGE_LOOP('',(#4155,#4156,#4157,#4158));
#4160=FACE_OUTER_BOUND('',#4159,.F.);
#4162=CARTESIAN_POINT('',(1.525E0,1.253827827149E0,-8.89E0));
#4163=DIRECTION('',(9.998476951564E-1,0.E0,-1.745240643728E-2));
#4164=DIRECTION('',(0.E0,1.E0,0.E0));
#4165=AXIS2_PLACEMENT_3D('',#4162,#4163,#4164);
#4166=PLANE('',#4165);
#4167=ORIENTED_EDGE('',*,*,#2587,.F.);
#4168=ORIENTED_EDGE('',*,*,#2620,.F.);
#4169=ORIENTED_EDGE('',*,*,#4128,.F.);
#4170=ORIENTED_EDGE('',*,*,#2460,.F.);
#4171=ORIENTED_EDGE('',*,*,#2953,.F.);
#4172=EDGE_LOOP('',(#4167,#4168,#4169,#4170,#4171));
#4173=FACE_OUTER_BOUND('',#4172,.F.);
#4175=CARTESIAN_POINT('',(5.335E0,0.E0,0.E0));
#4176=DIRECTION('',(1.E0,0.E0,0.E0));
#4177=DIRECTION('',(0.E0,0.E0,-1.E0));
#4178=AXIS2_PLACEMENT_3D('',#4175,#4176,#4177);
#4179=PLANE('',#4178);
#4180=ORIENTED_EDGE('',*,*,#2836,.T.);
#4181=ORIENTED_EDGE('',*,*,#2853,.T.);
#4182=ORIENTED_EDGE('',*,*,#2387,.F.);
#4184=ORIENTED_EDGE('',*,*,#4183,.F.);
#4186=ORIENTED_EDGE('',*,*,#4185,.T.);
#4187=ORIENTED_EDGE('',*,*,#2297,.F.);
#4188=ORIENTED_EDGE('',*,*,#2963,.F.);
#4189=ORIENTED_EDGE('',*,*,#2448,.F.);
#4190=EDGE_LOOP('',(#4180,#4181,#4182,#4184,#4186,#4187,#4188,#4189));
#4191=FACE_OUTER_BOUND('',#4190,.F.);
#4193=CARTESIAN_POINT('',(5.335E0,-1.39E0,0.E0));
#4194=DIRECTION('',(0.E0,-1.E0,0.E0));
#4195=DIRECTION('',(1.E0,0.E0,0.E0));
#4196=AXIS2_PLACEMENT_3D('',#4193,#4194,#4195);
#4197=PLANE('',#4196);
#4199=ORIENTED_EDGE('',*,*,#4198,.F.);
#4200=ORIENTED_EDGE('',*,*,#4183,.T.);
#4201=ORIENTED_EDGE('',*,*,#2385,.T.);
#4202=ORIENTED_EDGE('',*,*,#2872,.F.);
#4203=ORIENTED_EDGE('',*,*,#2185,.T.);
#4204=EDGE_LOOP('',(#4199,#4200,#4201,#4202,#4203));
#4205=FACE_OUTER_BOUND('',#4204,.F.);
#4207=CARTESIAN_POINT('',(5.59E0,-1.455E0,-2.55E-1));
#4208=DIRECTION('',(-7.071067811865E-1,0.E0,7.071067811865E-1));
#4209=DIRECTION('',(-7.071067811865E-1,0.E0,-7.071067811865E-1));
#4210=AXIS2_PLACEMENT_3D('',#4207,#4208,#4209);
#4211=PLANE('',#4210);
#4212=ORIENTED_EDGE('',*,*,#4198,.T.);
#4213=ORIENTED_EDGE('',*,*,#2183,.T.);
#4215=ORIENTED_EDGE('',*,*,#4214,.F.);
#4216=ORIENTED_EDGE('',*,*,#4185,.F.);
#4217=EDGE_LOOP('',(#4212,#4213,#4215,#4216));
#4218=FACE_OUTER_BOUND('',#4217,.F.);
#4220=CARTESIAN_POINT('',(4.255E0,-1.775E0,-2.55E-1));
#4221=DIRECTION('',(0.E0,7.071067811865E-1,7.071067811865E-1));
#4222=DIRECTION('',(0.E0,-7.071067811865E-1,7.071067811865E-1));
#4223=AXIS2_PLACEMENT_3D('',#4220,#4221,#4222);
#4224=PLANE('',#4223);
#4226=ORIENTED_EDGE('',*,*,#4225,.T.);
#4227=ORIENTED_EDGE('',*,*,#2299,.T.);
#4228=ORIENTED_EDGE('',*,*,#4214,.T.);
#4229=ORIENTED_EDGE('',*,*,#2181,.F.);
#4230=EDGE_LOOP('',(#4226,#4227,#4228,#4229));
#4231=FACE_OUTER_BOUND('',#4230,.F.);
#4233=CARTESIAN_POINT('',(3.175E0,-2.54E0,0.E0));
#4234=DIRECTION('',(1.E0,0.E0,0.E0));
#4235=DIRECTION('',(0.E0,1.E0,0.E0));
#4236=AXIS2_PLACEMENT_3D('',#4233,#4234,#4235);
#4237=PLANE('',#4236);
#4238=ORIENTED_EDGE('',*,*,#4225,.F.);
#4239=ORIENTED_EDGE('',*,*,#2179,.F.);
#4240=ORIENTED_EDGE('',*,*,#2898,.T.);
#4241=ORIENTED_EDGE('',*,*,#2966,.T.);
#4242=ORIENTED_EDGE('',*,*,#2301,.F.);
#4243=EDGE_LOOP('',(#4238,#4239,#4240,#4241,#4242));
#4244=FACE_OUTER_BOUND('',#4243,.F.);
#4246=CARTESIAN_POINT('',(-1.905E0,-2.54E0,0.E0));
#4247=DIRECTION('',(1.E0,0.E0,0.E0));
#4248=DIRECTION('',(0.E0,1.E0,0.E0));
#4249=AXIS2_PLACEMENT_3D('',#4246,#4247,#4248);
#4250=PLANE('',#4249);
#4251=ORIENTED_EDGE('',*,*,#2253,.F.);
#4252=ORIENTED_EDGE('',*,*,#2148,.F.);
#4253=ORIENTED_EDGE('',*,*,#2925,.T.);
#4254=ORIENTED_EDGE('',*,*,#2971,.T.);
#4255=ORIENTED_EDGE('',*,*,#2314,.F.);
#4256=EDGE_LOOP('',(#4251,#4252,#4253,#4254,#4255));
#4257=FACE_OUTER_BOUND('',#4256,.F.);
#4259=CARTESIAN_POINT('',(-2.795E0,0.E0,0.E0));
#4260=DIRECTION('',(1.E0,0.E0,0.E0));
#4261=DIRECTION('',(0.E0,0.E0,-1.E0));
#4262=AXIS2_PLACEMENT_3D('',#4259,#4260,#4261);
#4263=PLANE('',#4262);
#4264=ORIENTED_EDGE('',*,*,#2492,.T.);
#4265=ORIENTED_EDGE('',*,*,#2784,.F.);
#4266=ORIENTED_EDGE('',*,*,#2637,.F.);
#4267=ORIENTED_EDGE('',*,*,#2419,.F.);
#4268=EDGE_LOOP('',(#4264,#4265,#4266,#4267));
#4269=FACE_OUTER_BOUND('',#4268,.F.);
#4271=CARTESIAN_POINT('',(3.815E0,4.06E0,0.E0));
#4272=DIRECTION('',(-1.E0,0.E0,0.E0));
#4273=DIRECTION('',(0.E0,-1.E0,0.E0));
#4274=AXIS2_PLACEMENT_3D('',#4271,#4272,#4273);
#4275=PLANE('',#4274);
#4276=ORIENTED_EDGE('',*,*,#2226,.F.);
#4277=ORIENTED_EDGE('',*,*,#2682,.F.);
#4278=ORIENTED_EDGE('',*,*,#2665,.F.);
#4279=ORIENTED_EDGE('',*,*,#2581,.F.);
#4280=EDGE_LOOP('',(#4276,#4277,#4278,#4279));
#4281=FACE_OUTER_BOUND('',#4280,.F.);
#4283=CLOSED_SHELL('',(#2104,#2121,#2136,#2152,#2171,#2191,#2212,#2244,#2259,
#2275,#2291,#2307,#2321,#2335,#2349,#2364,#2377,#2393,#2411,#2440,#2470,#2483,
#2497,#2513,#2531,#2547,#2595,#2610,#2625,#2643,#2656,#2673,#2687,#2702,#2716,
#2734,#2745,#2758,#2774,#2788,#2802,#2815,#2828,#2842,#2857,#2876,#2890,#2931,
#3015,#3038,#3054,#3068,#3090,#3106,#3119,#3132,#3145,#3158,#3171,#3183,#3197,
#3248,#3261,#3273,#3288,#3311,#3325,#3339,#3362,#3375,#3387,#3400,#3413,#3426,
#3439,#3452,#3465,#3477,#3492,#3515,#3529,#3543,#3566,#3579,#3591,#3604,#3617,
#3630,#3643,#3656,#3669,#3681,#3696,#3719,#3733,#3747,#3770,#3783,#3795,#3808,
#3821,#3834,#3847,#3860,#3873,#3885,#3898,#3911,#3923,#3936,#3949,#3962,#3974,
#3987,#4001,#4015,#4030,#4043,#4055,#4068,#4081,#4093,#4107,#4119,#4133,#4149,
#4161,#4174,#4192,#4206,#4219,#4232,#4245,#4258,#4270,#4282));
#4284=MANIFOLD_SOLID_BREP('',#4283);
#4287=PLANE_ANGLE_MEASURE_WITH_UNIT(PLANE_ANGLE_MEASURE(1.745329251994E-2),
#4286);
#4288=(CONVERSION_BASED_UNIT('DEGREE',#4287)NAMED_UNIT(*)PLANE_ANGLE_UNIT());
#4290=UNCERTAINTY_MEASURE_WITH_UNIT(LENGTH_MEASURE(2.218012716364E-3),#4285,
'distance_accuracy_value',
'Maximum model space distance between geometric entities at asserted connectivities');
#4293=APPLICATION_CONTEXT('automotive_design');
#4294=APPLICATION_PROTOCOL_DEFINITION('international standard',
'automotive_design',2001,#4293);
#4295=PRODUCT_DEFINITION_CONTEXT('part definition',#4293,'design');
#4296=PRODUCT_CONTEXT('',#4293,'mechanical');
#4297=PRODUCT('C-5-103639-3','C-5-103639-3','NOT SPECIFIED',(#4296));
#4298=PRODUCT_DEFINITION_FORMATION('1','LAST_VERSION',#4297);
#4306=DERIVED_UNIT_ELEMENT(#4305,2.E0);
#4307=DERIVED_UNIT((#4306));
#4308=MEASURE_REPRESENTATION_ITEM('surface area measure',AREA_MEASURE(
9.162761216713E2),#4307);
#4313=DERIVED_UNIT_ELEMENT(#4312,3.E0);
#4314=DERIVED_UNIT((#4313));
#4315=MEASURE_REPRESENTATION_ITEM('volume measure',VOLUME_MEASURE(
5.382137966343E2),#4314);
#4319=CARTESIAN_POINT('centre point',(-1.334529928855E-3,4.998074307281E-2,
-8.280113708902E0));
#4324=DERIVED_UNIT_ELEMENT(#4323,2.E0);
#4325=DERIVED_UNIT((#4324));
#4326=MEASURE_REPRESENTATION_ITEM('surface area measure',AREA_MEASURE(
9.162761216713E2),#4325);
#4331=DERIVED_UNIT_ELEMENT(#4330,3.E0);
#4332=DERIVED_UNIT((#4331));
#4333=MEASURE_REPRESENTATION_ITEM('volume measure',VOLUME_MEASURE(
5.382137966343E2),#4332);
#4337=CARTESIAN_POINT('centre point',(-1.334529928855E-3,4.998074307281E-2,
-8.280113708902E0));
#4342=PRODUCT_RELATED_PRODUCT_CATEGORY('part','',(#4297));
#4344=GENERAL_PROPERTY('','PART_NO','user defined attribute');
#4345=GENERAL_PROPERTY_ASSOCIATION('user defined attribute','',#4344,#4343);
#4346=DESCRIPTIVE_REPRESENTATION_ITEM('PART_NO','103639');
#4350=GENERAL_PROPERTY('','DWG_TITLE','user defined attribute');
#4351=GENERAL_PROPERTY_ASSOCIATION('user defined attribute','',#4350,#4349);
#4352=DESCRIPTIVE_REPRESENTATION_ITEM('DWG_TITLE',
'HDR ASY,VERT,SNGL ROW 2.54[.100]C/L 0.64[.025]SQ PST,');
#4356=GENERAL_PROPERTY('','DWG_TITLE_2','user defined attribute');
#4357=GENERAL_PROPERTY_ASSOCIATION('user defined attribute','',#4356,#4355);
#4358=DESCRIPTIVE_REPRESENTATION_ITEM('DWG_TITLE_2',
'WTH PLZN&LTCHNG,AMPMODU MTE');
#4362=GENERAL_PROPERTY('','DESC','user defined attribute');
#4363=GENERAL_PROPERTY_ASSOCIATION('user defined attribute','',#4362,#4361);
#4364=DESCRIPTIVE_REPRESENTATION_ITEM('DESC',
'HDR ASY,VERT,SNGL ROW 2.54[.100]C/L 0.64[.025]SQ PST, WTH PLZN&LTCHNG,AMPMODU MT');
#4368=GENERAL_PROPERTY('','DOC_STATUS','user defined attribute');
#4369=GENERAL_PROPERTY_ASSOCIATION('user defined attribute','',#4368,#4367);
#4370=DESCRIPTIVE_REPRESENTATION_ITEM('DOC_STATUS','Active');
#4374=GENERAL_PROPERTY('','MOD_NUM','user defined attribute');
#4375=GENERAL_PROPERTY_ASSOCIATION('user defined attribute','',#4374,#4373);
#4376=DESCRIPTIVE_REPRESENTATION_ITEM('MOD_NUM','MOD61056');
#4380=GENERAL_PROPERTY('','PROI_CREATED_BY','user defined attribute');
#4381=GENERAL_PROPERTY_ASSOCIATION('user defined attribute','',#4380,#4379);
#4382=DESCRIPTIVE_REPRESENTATION_ITEM('PROI_CREATED_BY','US0T4958');
#4386=GENERAL_PROPERTY('','PROI_CREATED_ON','user defined attribute');
#4387=GENERAL_PROPERTY_ASSOCIATION('user defined attribute','',#4386,#4385);
#4388=DESCRIPTIVE_REPRESENTATION_ITEM('PROI_CREATED_ON','3/9/2006 2:47:20 PM');
#4392=GENERAL_PROPERTY('','PROI_LOCATION','user defined attribute');
#4393=GENERAL_PROPERTY_ASSOCIATION('user defined attribute','',#4392,#4391);
#4394=DESCRIPTIVE_REPRESENTATION_ITEM('PROI_LOCATION',
'Root Folder/EMCS MOD SVCS/GPL-296');
#4398=GENERAL_PROPERTY('','PTC_COMMON_NAME','user defined attribute');
#4399=GENERAL_PROPERTY_ASSOCIATION('user defined attribute','',#4398,#4397);
#4400=DESCRIPTIVE_REPRESENTATION_ITEM('PTC_COMMON_NAME','c-5-103639-3.prt');
#4404=GENERAL_PROPERTY('','EXPORT_RESTRICTED','user defined attribute');
#4405=GENERAL_PROPERTY_ASSOCIATION('user defined attribute','',#4404,#4403);
#4406=DESCRIPTIVE_REPRESENTATION_ITEM('EXPORT_RESTRICTED','NULL');
#4410=GENERAL_PROPERTY('','PART_REV','user defined attribute');
#4411=GENERAL_PROPERTY_ASSOCIATION('user defined attribute','',#4410,#4409);
#4412=DESCRIPTIVE_REPRESENTATION_ITEM('PART_REV','AA');
#4416=GENERAL_PROPERTY('','COMMENTS','user defined attribute');
#4417=GENERAL_PROPERTY_ASSOCIATION('user defined attribute','',#4416,#4415);
#4418=DESCRIPTIVE_REPRESENTATION_ITEM('COMMENTS','-');
#4422=GENERAL_PROPERTY('','PTC_MODIFIED','user defined attribute');
#4423=GENERAL_PROPERTY_ASSOCIATION('user defined attribute','',#4422,#4421);
#4424=DESCRIPTIVE_REPRESENTATION_ITEM('PTC_MODIFIED','NO');
#4427=DESCRIPTIVE_REPRESENTATION_ITEM('attribute description','Yes No');
#4432=GENERAL_PROPERTY('','PTC_ORGANIZATION_ID','user defined attribute');
#4433=GENERAL_PROPERTY_ASSOCIATION('user defined attribute','',#4432,#4431);
#4434=DESCRIPTIVE_REPRESENTATION_ITEM('PTC_ORGANIZATION_ID','TE');
#4438=GENERAL_PROPERTY('','PTC_WM_REVISION','user defined attribute');
#4439=GENERAL_PROPERTY_ASSOCIATION('user defined attribute','',#4438,#4437);
#4440=DESCRIPTIVE_REPRESENTATION_ITEM('PTC_WM_REVISION','GN1');
#4444=GENERAL_PROPERTY('','PTC_WM_ITERATION','user defined attribute');
#4445=GENERAL_PROPERTY_ASSOCIATION('user defined attribute','',#4444,#4443);
#4446=DESCRIPTIVE_REPRESENTATION_ITEM('PTC_WM_ITERATION','1');
#4450=GENERAL_PROPERTY('','PTC_WM_VERSION','user defined attribute');
#4451=GENERAL_PROPERTY_ASSOCIATION('user defined attribute','',#4450,#4449);
#4452=DESCRIPTIVE_REPRESENTATION_ITEM('PTC_WM_VERSION','GN1.1');
#4456=GENERAL_PROPERTY('','PTC_WM_LIFECYCLE_STATE','user defined attribute');
#4457=GENERAL_PROPERTY_ASSOCIATION('user defined attribute','',#4456,#4455);
#4458=DESCRIPTIVE_REPRESENTATION_ITEM('PTC_WM_LIFECYCLE_STATE','Released');
#4462=GENERAL_PROPERTY('','PTC_WM_LIFECYCLE','user defined attribute');
#4463=GENERAL_PROPERTY_ASSOCIATION('user defined attribute','',#4462,#4461);
#4464=DESCRIPTIVE_REPRESENTATION_ITEM('PTC_WM_LIFECYCLE',
'TE Standard Lifecycle - Restricted Access');
#4468=GENERAL_PROPERTY('','PTC_WM_LOCATION','user defined attribute');
#4469=GENERAL_PROPERTY_ASSOCIATION('user defined attribute','',#4468,#4467);
#4470=DESCRIPTIVE_REPRESENTATION_ITEM('PTC_WM_LOCATION',
'/Libraries/CVM Library/Documentation/GPL-296');
#4474=GENERAL_PROPERTY('','PTC_WM_CREATED_BY','user defined attribute');
#4475=GENERAL_PROPERTY_ASSOCIATION('user defined attribute','',#4474,#4473);
#4476=DESCRIPTIVE_REPRESENTATION_ITEM('PTC_WM_CREATED_BY','A, Neelakandan');
#4480=GENERAL_PROPERTY('','PTC_WM_CREATED_ON','user defined attribute');
#4481=GENERAL_PROPERTY_ASSOCIATION('user defined attribute','',#4480,#4479);
#4482=DESCRIPTIVE_REPRESENTATION_ITEM('PTC_WM_CREATED_ON','13OCT2020');
#4486=GENERAL_PROPERTY('','PTC_WM_MODIFIED_BY','user defined attribute');
#4487=GENERAL_PROPERTY_ASSOCIATION('user defined attribute','',#4486,#4485);
#4488=DESCRIPTIVE_REPRESENTATION_ITEM('PTC_WM_MODIFIED_BY','A, Neelakandan');
#4492=GENERAL_PROPERTY('','PTC_WM_MODIFIED_ON','user defined attribute');
#4493=GENERAL_PROPERTY_ASSOCIATION('user defined attribute','',#4492,#4491);
#4494=DESCRIPTIVE_REPRESENTATION_ITEM('PTC_WM_MODIFIED_ON','13OCT2020');
#4498=GENERAL_PROPERTY('','PTC_WM_TEAM','user defined attribute');
#4499=GENERAL_PROPERTY_ASSOCIATION('user defined attribute','',#4498,#4497);
#4500=DESCRIPTIVE_REPRESENTATION_ITEM('PTC_WM_TEAM','Access Denied');
#4504=GENERAL_PROPERTY('','DOC_NUMBER','user defined attribute');
#4505=GENERAL_PROPERTY_ASSOCIATION('user defined attribute','',#4504,#4503);
#4506=DESCRIPTIVE_REPRESENTATION_ITEM('DOC_NUMBER','g-103639.prt');
#1=DRAUGHTING_PRE_DEFINED_COLOUR('black');
#2=COLOUR_RGB('',0.E0,0.E0,3.6E-1);
#3=COLOUR_RGB('',0.E0,0.E0,4.8E-1);
#4=DRAUGHTING_PRE_DEFINED_COLOUR('blue');
#5=COLOUR_RGB('',0.E0,5.8824E-2,4.58824E-1);
#6=COLOUR_RGB('',0.E0,1.80392E-1,4.78431E-1);
#7=COLOUR_RGB('',0.E0,3.6E-1,9.E-2);
#8=COLOUR_RGB('',0.E0,3.6E-1,2.7E-1);
#9=COLOUR_RGB('',0.E0,5.6E-1,6.4E-1);
#10=COLOUR_RGB('',0.E0,5.8E-1,8.E-1);
#11=COLOUR_RGB('',0.E0,7.1E-1,6.6E-1);
#12=COLOUR_RGB('',0.E0,7.13E-1,0.E0);
#13=COLOUR_RGB('',0.E0,9.5E-1,8.4E-1);
#14=DRAUGHTING_PRE_DEFINED_COLOUR('green');
#15=DRAUGHTING_PRE_DEFINED_COLOUR('cyan');
#16=COLOUR_RGB('',1.1765E-2,1.9608E-2,3.9216E-2);
#17=COLOUR_RGB('',4.E-2,0.E0,1.6E-1);
#18=COLOUR_RGB('',3.9216E-2,2.19608E-1,1.21569E-1);
#19=COLOUR_RGB('',3.9216E-2,3.60784E-1,2.E-1);
#20=COLOUR_RGB('',5.098E-2,7.0588E-2,1.01961E-1);
#21=COLOUR_RGB('',9.E-2,0.E0,1.2E-1);
#22=COLOUR_RGB('',9.0196E-2,1.60784E-1,1.09804E-1);
#23=COLOUR_RGB('',9.0196E-2,3.80392E-1,6.70588E-1);
#24=COLOUR_RGB('',1.E-1,0.E0,2.5E-1);
#25=COLOUR_RGB('',1.01961E-1,4.78431E-1,3.88235E-1);
#26=COLOUR_RGB('',1.09804E-1,1.4902E-1,9.0196E-2);
#27=COLOUR_RGB('',1.4902E-1,3.09804E-1,5.29412E-1);
#28=COLOUR_RGB('',1.4902E-1,4.E-1,1.60784E-1);
#29=COLOUR_RGB('',1.6E-1,3.2E-2,0.E0);
#30=COLOUR_RGB('',1.60784E-1,4.5098E-1,7.21569E-1);
#31=COLOUR_RGB('',1.6E-1,4.6E-1,6.5E-1);
#32=COLOUR_RGB('',1.6E-1,1.E0,1.6E-1);
#33=COLOUR_RGB('',2.E-1,3.2E-2,0.E0);
#34=COLOUR_RGB('',2.11765E-1,4.11765E-1,1.4902E-1);
#35=COLOUR_RGB('',2.39216E-1,2.39216E-1,2.31373E-1);
#36=COLOUR_RGB('',2.39216E-1,2.70588E-1,1.80392E-1);
#37=COLOUR_RGB('',2.5098E-1,2.90196E-1,3.29412E-1);
#38=COLOUR_RGB('',2.90196E-1,4.31373E-1,2.E-1);
#39=COLOUR_RGB('',3.1E-1,3.1E-1,5.6E-1);
#40=COLOUR_RGB('',3.09804E-1,6.58824E-1,2.E-1);
#41=COLOUR_RGB('',3.2E-1,1.5E-1,0.E0);
#42=COLOUR_RGB('',3.60784E-1,3.1373E-2,1.68627E-1);
#43=COLOUR_RGB('',3.68627E-1,2.E-1,1.21569E-1);
#44=COLOUR_RGB('',3.88235E-1,2.39216E-1,6.11765E-1);
#45=COLOUR_RGB('',4.E-1,4.E-1,4.E-1);
#46=COLOUR_RGB('',4.11765E-1,5.8824E-2,7.8431E-2);
#47=COLOUR_RGB('',4.11765E-1,3.29412E-1,2.19608E-1);
#48=COLOUR_RGB('',4.2E-1,4.2E-1,1.E0);
#49=COLOUR_RGB('',4.4E-1,8.5E-1,1.E0);
#50=COLOUR_RGB('',4.58824E-1,4.5098E-1,3.09804E-1);
#51=COLOUR_RGB('',4.70588E-1,5.09804E-1,5.4902E-1);
#52=COLOUR_RGB('',4.78431E-1,4.90196E-1,4.58824E-1);
#53=COLOUR_RGB('',4.90196E-1,3.60784E-1,2.19608E-1);
#54=COLOUR_RGB('',4.9E-1,4.9E-1,0.E0);
#55=COLOUR_RGB('',4.9E-1,1.E0,0.E0);
#56=COLOUR_RGB('',5.E-1,0.E0,0.E0);
#57=COLOUR_RGB('',5.E-1,0.E0,2.3E-1);
#58=COLOUR_RGB('',5.E-1,5.E-1,5.E-1);
#59=COLOUR_RGB('',5.21569E-1,2.19608E-1,1.68627E-1);
#60=COLOUR_RGB('',5.3E-1,0.E0,0.E0);
#61=COLOUR_RGB('',5.29412E-1,5.80392E-1,6.5098E-1);
#62=COLOUR_RGB('',5.4E-1,0.E0,4.4E-1);
#63=COLOUR_RGB('',5.5E-1,3.E-1,0.E0);
#64=COLOUR_RGB('',5.6E-1,1.E-1,5.E-2);
#65=COLOUR_RGB('',5.60784E-1,5.80392E-1,6.19608E-1);
#66=COLOUR_RGB('',5.68627E-1,5.8824E-2,4.E-1);
#67=COLOUR_RGB('',5.8E-1,2.2E-1,1.E-2);
#68=COLOUR_RGB('',5.88235E-1,1.21569E-1,1.09804E-1);
#69=COLOUR_RGB('',6.E-1,6.E-1,6.E-1);
#70=COLOUR_RGB('',6.11765E-1,5.60784E-1,3.80392E-1);
#71=COLOUR_RGB('',6.11765E-1,6.11765E-1,6.5098E-1);
#72=COLOUR_RGB('',6.2E-1,0.E0,5.5E-1);
#73=COLOUR_RGB('',6.19608E-1,6.39216E-1,6.90196E-1);
#74=COLOUR_RGB('',6.35294E-1,6.86275E-1,7.4902E-1);
#75=COLOUR_RGB('',6.4E-1,0.E0,2.5E-1);
#76=COLOUR_RGB('',6.4E-1,1.E-2,0.E0);
#77=COLOUR_RGB('',6.39216E-1,5.4902E-1,4.78431E-1);
#78=COLOUR_RGB('',6.5098E-1,6.70588E-1,7.09804E-1);
#79=COLOUR_RGB('',6.70588E-1,1.21569E-1,1.09804E-1);
#80=COLOUR_RGB('',6.78431E-1,4.78431E-1,3.09804E-1);
#81=COLOUR_RGB('',6.8E-1,7.5E-1,1.E0);
#82=COLOUR_RGB('',7.09804E-1,7.0588E-2,2.E-1);
#83=COLOUR_RGB('',7.1E-1,3.1E-1,0.E0);
#84=COLOUR_RGB('',7.2E-1,7.2E-1,7.2E-1);
#85=COLOUR_RGB('',7.29412E-1,7.41176E-1,7.29412E-1);
#86=COLOUR_RGB('',7.41176E-1,7.29412E-1,6.70588E-1);
#87=COLOUR_RGB('',7.4E-1,1.E0,2.6E-1);
#88=COLOUR_RGB('',7.5E-1,3.E-2,0.E0);
#89=COLOUR_RGB('',7.4902E-1,8.90196E-1,7.29412E-1);
#90=COLOUR_RGB('',7.6E-1,0.E0,4.7E-1);
#91=COLOUR_RGB('',7.80392E-1,9.0196E-2,7.0588E-2);
#92=COLOUR_RGB('',7.88235E-1,2.19608E-1,5.4902E-1);
#93=COLOUR_RGB('',8.1E-1,4.E-2,0.E0);
#94=COLOUR_RGB('',8.1E-1,6.1E-1,0.E0);
#95=COLOUR_RGB('',8.2E-1,4.E-2,6.6E-1);
#96=COLOUR_RGB('',8.31373E-1,8.5098E-1,8.58824E-1);
#97=COLOUR_RGB('',8.5098E-1,7.29412E-1,5.4902E-1);
#98=COLOUR_RGB('',8.5E-1,8.5E-1,8.5E-1);
#99=COLOUR_RGB('',8.78431E-1,3.68627E-1,1.21569E-1);
#100=COLOUR_RGB('',8.784E-1,9.49E-1,1.E0);
#101=COLOUR_RGB('',8.90196E-1,5.88235E-1,1.41176E-1);
#102=COLOUR_RGB('',9.E-1,1.E0,0.E0);
#103=COLOUR_RGB('',9.09804E-1,6.11765E-1,7.09804E-1);
#104=COLOUR_RGB('',9.37E-1,7.85E-1,0.E0);
#105=COLOUR_RGB('',9.41176E-1,9.29412E-1,9.01961E-1);
#106=COLOUR_RGB('',9.5E-1,2.2E-1,8.1E-1);
#107=COLOUR_RGB('',9.6E-1,3.7E-1,3.E-1);
#108=COLOUR_RGB('',9.6E-1,7.1E-1,3.75E-1);
#109=COLOUR_RGB('',9.80392E-1,1.E0,1.E0);
#110=COLOUR_RGB('',9.88235E-1,1.09804E-1,7.8431E-2);
#111=COLOUR_RGB('',9.88235E-1,7.21569E-1,1.29412E-1);
#112=COLOUR_RGB('',9.88235E-1,9.21569E-1,8.E-1);
#113=DRAUGHTING_PRE_DEFINED_COLOUR('red');
#114=COLOUR_RGB('',1.E0,0.E0,6.1E-1);
#115=COLOUR_RGB('',1.E0,4.E-2,0.E0);
#116=COLOUR_RGB('',1.E0,2.3E-1,0.E0);
#117=COLOUR_RGB('',1.E0,3.5E-1,5.2E-1);
#118=COLOUR_RGB('',1.E0,3.6E-1,0.E0);
#119=COLOUR_RGB('',1.E0,3.88235E-1,2.11765E-1);
#120=COLOUR_RGB('',1.E0,4.9E-1,3.7E-1);
#121=COLOUR_RGB('',1.E0,5.E-1,0.E0);
#122=COLOUR_RGB('',1.E0,5.6E-1,7.8E-1);
#123=COLOUR_RGB('',1.E0,6.4E-1,4.9E-1);
#124=COLOUR_RGB('',1.E0,6.7E-1,0.E0);
#125=COLOUR_RGB('',1.E0,7.6E-1,6.5E-1);
#126=COLOUR_RGB('',1.E0,8.39216E-1,3.01961E-1);
#127=COLOUR_RGB('',1.E0,8.6E-1,4.E-2);
#128=COLOUR_RGB('',1.E0,9.60784E-1,2.58824E-1);
#129=COLOUR_RGB('',1.E0,9.60784E-1,8.90196E-1);
#130=COLOUR_RGB('',1.E0,9.8E-1,7.2E-1);
#131=DRAUGHTING_PRE_DEFINED_COLOUR('yellow');
#132=COLOUR_RGB('',1.E0,1.E0,3.9216E-2);
#133=DRAUGHTING_PRE_DEFINED_COLOUR('white');
#458=B_SPLINE_CURVE_WITH_KNOTS('',3,(#454,#455,#456,#457),.UNSPECIFIED.,.F.,.F.,
(4,4),(0.E0,1.E0),.UNSPECIFIED.);
#463=CIRCLE('',#462,5.1E-1);
#488=CIRCLE('',#487,1.25E-1);
#505=CIRCLE('',#504,1.25E-1);
#639=B_SPLINE_CURVE_WITH_KNOTS('',3,(#634,#635,#636,#637,#638),.UNSPECIFIED.,
.F.,.F.,(4,1,4),(0.E0,5.E-1,1.E0),.UNSPECIFIED.);
#748=CIRCLE('',#747,1.25E-1);
#761=CIRCLE('',#760,1.25E-1);
#2086=EDGE_CURVE('',#1650,#1651,#137,.T.);
#2088=EDGE_CURVE('',#1655,#1650,#141,.T.);
#2090=EDGE_CURVE('',#1654,#1655,#145,.T.);
#2092=EDGE_CURVE('',#1654,#1644,#149,.T.);
#2094=EDGE_CURVE('',#1644,#1645,#153,.T.);
#2096=EDGE_CURVE('',#1645,#1727,#157,.T.);
#2098=EDGE_CURVE('',#1702,#1727,#475,.T.);
#2100=EDGE_CURVE('',#1702,#1651,#161,.T.);
#2104=ADVANCED_FACE('',(#2103),#2085,.F.);
#2110=EDGE_CURVE('',#1730,#1731,#165,.T.);
#2112=EDGE_CURVE('',#1730,#1657,#373,.T.);
#2114=EDGE_CURVE('',#1657,#1650,#329,.T.);
#2117=EDGE_CURVE('',#1651,#1731,#233,.T.);
#2121=ADVANCED_FACE('',(#2120),#2109,.F.);
#2128=EDGE_CURVE('',#1731,#1733,#229,.T.);
#2130=EDGE_CURVE('',#1735,#1733,#169,.T.);
#2132=EDGE_CURVE('',#1730,#1735,#345,.T.);
#2136=ADVANCED_FACE('',(#2135),#2126,.T.);
#2142=EDGE_CURVE('',#1811,#1809,#173,.T.);
#2144=EDGE_CURVE('',#1809,#1780,#177,.T.);
#2146=EDGE_CURVE('',#1792,#1780,#789,.T.);
#2148=EDGE_CURVE('',#1792,#1811,#181,.T.);
#2152=ADVANCED_FACE('',(#2151),#2141,.T.);
#2158=EDGE_CURVE('',#1644,#1788,#773,.T.);
#2161=EDGE_CURVE('',#1654,#1776,#185,.T.);
#2163=EDGE_CURVE('',#1768,#1776,#189,.T.);
#2165=EDGE_CURVE('',#1768,#1769,#193,.T.);
#2167=EDGE_CURVE('',#1769,#1788,#197,.T.);
#2171=ADVANCED_FACE('',(#2170),#2157,.T.);
#2177=EDGE_CURVE('',#1784,#1647,#735,.T.);
#2179=EDGE_CURVE('',#1784,#1804,#201,.T.);
#2181=EDGE_CURVE('',#1804,#1763,#205,.T.);
#2183=EDGE_CURVE('',#1761,#1763,#209,.T.);
#2185=EDGE_CURVE('',#1665,#1761,#213,.T.);
#2187=EDGE_CURVE('',#1665,#1647,#715,.T.);
#2191=ADVANCED_FACE('',(#2190),#2176,.T.);
#2197=EDGE_CURVE('',#2056,#2048,#217,.T.);
#2199=EDGE_CURVE('',#1737,#2056,#221,.T.);
#2201=EDGE_CURVE('',#1733,#1737,#225,.T.);
#2206=EDGE_CURVE('',#1702,#1703,#237,.T.);
#2208=EDGE_CURVE('',#2048,#1703,#241,.T.);
#2212=ADVANCED_FACE('',(#2211),#2196,.T.);
#2218=EDGE_CURVE('',#2055,#2058,#245,.T.);
#2220=EDGE_CURVE('',#2058,#1609,#249,.T.);
#2222=EDGE_CURVE('',#1608,#1609,#253,.T.);
#2224=EDGE_CURVE('',#1608,#1709,#257,.T.);
#2226=EDGE_CURVE('',#1709,#1707,#261,.T.);
#2228=EDGE_CURVE('',#1706,#1707,#265,.T.);
#2230=EDGE_CURVE('',#1706,#1667,#703,.T.);
#2232=EDGE_CURVE('',#1667,#1756,#269,.T.);
#2234=EDGE_CURVE('',#1753,#1756,#273,.T.);
#2236=EDGE_CURVE('',#1749,#1753,#277,.T.);
#2238=EDGE_CURVE('',#1748,#1749,#281,.T.);
#2240=EDGE_CURVE('',#2055,#1748,#285,.T.);
#2244=ADVANCED_FACE('',(#2243),#2217,.T.);
#2250=EDGE_CURVE('',#1808,#1809,#289,.T.);
#2253=EDGE_CURVE('',#1811,#1813,#1589,.T.);
#2255=EDGE_CURVE('',#1813,#1808,#309,.T.);
#2259=ADVANCED_FACE('',(#2258),#2249,.T.);
#2266=EDGE_CURVE('',#1808,#1798,#317,.T.);
#2268=EDGE_CURVE('',#1798,#1781,#905,.T.);
#2270=EDGE_CURVE('',#1780,#1781,#793,.T.);
#2275=ADVANCED_FACE('',(#2274),#2264,.F.);
#2281=EDGE_CURVE('',#1772,#1773,#293,.T.);
#2283=EDGE_CURVE('',#1725,#1772,#357,.T.);
#2285=EDGE_CURVE('',#1801,#1725,#865,.T.);
#2287=EDGE_CURVE('',#1773,#1801,#297,.T.);
#2291=ADVANCED_FACE('',(#2290),#2280,.F.);
#2297=EDGE_CURVE('',#1721,#1765,#1565,.T.);
#2299=EDGE_CURVE('',#1805,#1765,#301,.T.);
#2301=EDGE_CURVE('',#1805,#1795,#305,.T.);
#2303=EDGE_CURVE('',#1721,#1795,#897,.T.);
#2307=ADVANCED_FACE('',(#2306),#2296,.F.);
#2314=EDGE_CURVE('',#1813,#1799,#313,.T.);
#2316=EDGE_CURVE('',#1798,#1799,#909,.T.);
#2321=ADVANCED_FACE('',(#2320),#2312,.F.);
#2328=EDGE_CURVE('',#1772,#1768,#321,.T.);
#2331=EDGE_CURVE('',#1773,#1769,#1461,.T.);
#2335=ADVANCED_FACE('',(#2334),#2326,.T.);
#2341=EDGE_CURVE('',#1776,#1777,#325,.T.);
#2343=EDGE_CURVE('',#1772,#1777,#361,.T.);
#2349=ADVANCED_FACE('',(#2348),#2340,.T.);
#2358=EDGE_CURVE('',#1655,#1659,#333,.T.);
#2360=EDGE_CURVE('',#1777,#1659,#365,.T.);
#2364=ADVANCED_FACE('',(#2363),#2354,.F.);
#2372=EDGE_CURVE('',#1659,#1657,#369,.T.);
#2377=ADVANCED_FACE('',(#2376),#2369,.T.);
#2383=EDGE_CURVE('',#1662,#1663,#695,.T.);
#2385=EDGE_CURVE('',#1669,#1662,#337,.T.);
#2387=EDGE_CURVE('',#1669,#1671,#1553,.T.);
#2389=EDGE_CURVE('',#1663,#1671,#341,.T.);
#2393=ADVANCED_FACE('',(#2392),#2382,.T.);
#2400=EDGE_CURVE('',#1735,#1724,#349,.T.);
#2402=EDGE_CURVE('',#1724,#1725,#353,.T.);
#2411=ADVANCED_FACE('',(#2410),#2398,.T.);
#2417=EDGE_CURVE('',#1735,#1739,#377,.T.);
#2419=EDGE_CURVE('',#1739,#2065,#1605,.T.);
#2421=EDGE_CURVE('',#2065,#2071,#381,.T.);
#2423=EDGE_CURVE('',#1825,#2071,#1517,.T.);
#2425=EDGE_CURVE('',#1824,#1825,#385,.T.);
#2427=EDGE_CURVE('',#1824,#1849,#389,.T.);
#2429=EDGE_CURVE('',#1849,#1861,#393,.T.);
#2431=EDGE_CURVE('',#1859,#1861,#397,.T.);
#2433=EDGE_CURVE('',#1844,#1859,#401,.T.);
#2435=EDGE_CURVE('',#1844,#1724,#405,.T.);
#2440=ADVANCED_FACE('',(#2439),#2416,.F.);
#2446=EDGE_CURVE('',#1745,#1751,#409,.T.);
#2448=EDGE_CURVE('',#1751,#1720,#1573,.T.);
#2450=EDGE_CURVE('',#1720,#1857,#413,.T.);
#2452=EDGE_CURVE('',#1857,#1865,#417,.T.);
#2454=EDGE_CURVE('',#1863,#1865,#421,.T.);
#2456=EDGE_CURVE('',#1852,#1863,#425,.T.);
#2458=EDGE_CURVE('',#1852,#1828,#429,.T.);
#2460=EDGE_CURVE('',#1828,#1829,#433,.T.);
#2462=EDGE_CURVE('',#2075,#1829,#1525,.T.);
#2464=EDGE_CURVE('',#2075,#2061,#437,.T.);
#2466=EDGE_CURVE('',#1745,#2061,#671,.T.);
#2470=ADVANCED_FACE('',(#2469),#2445,.F.);
#2477=EDGE_CURVE('',#1739,#1737,#441,.T.);
#2483=ADVANCED_FACE('',(#2482),#2475,.T.);
#2490=EDGE_CURVE('',#1741,#2056,#445,.T.);
#2492=EDGE_CURVE('',#1739,#1741,#1593,.T.);
#2497=ADVANCED_FACE('',(#2496),#2488,.T.);
#2503=EDGE_CURVE('',#2055,#2056,#449,.T.);
#2506=EDGE_CURVE('',#1743,#1748,#453,.T.);
#2508=EDGE_CURVE('',#1741,#1743,#659,.T.);
#2513=ADVANCED_FACE('',(#2512),#2502,.T.);
#2519=EDGE_CURVE('',#2048,#2049,#463,.T.);
#2521=EDGE_CURVE('',#2051,#2049,#601,.T.);
#2523=EDGE_CURVE('',#2051,#2052,#639,.T.);
#2525=EDGE_CURVE('',#2052,#2055,#458,.T.);
#2531=ADVANCED_FACE('',(#2530),#2518,.T.);
#2539=EDGE_CURVE('',#1703,#1712,#467,.T.);
#2541=EDGE_CURVE('',#1712,#1713,#573,.T.);
#2543=EDGE_CURVE('',#1713,#2049,#605,.T.);
#2547=ADVANCED_FACE('',(#2546),#2536,.F.);
#2553=EDGE_CURVE('',#2078,#1819,#471,.T.);
#2555=EDGE_CURVE('',#1712,#2078,#565,.T.);
#2560=EDGE_CURVE('',#1727,#2041,#479,.T.);
#2562=EDGE_CURVE('',#2041,#2043,#483,.T.);
#2564=EDGE_CURVE('',#2045,#2043,#488,.T.);
#2566=EDGE_CURVE('',#2045,#1877,#492,.T.);
#2568=EDGE_CURVE('',#1877,#1633,#496,.T.);
#2570=EDGE_CURVE('',#1633,#1635,#500,.T.);
#2572=EDGE_CURVE('',#1638,#1635,#505,.T.);
#2574=EDGE_CURVE('',#1638,#1639,#509,.T.);
#2576=EDGE_CURVE('',#1641,#1639,#513,.T.);
#2578=EDGE_CURVE('',#1641,#1706,#517,.T.);
#2581=EDGE_CURVE('',#1707,#1716,#521,.T.);
#2583=EDGE_CURVE('',#2080,#1716,#577,.T.);
#2585=EDGE_CURVE('',#1821,#2080,#525,.T.);
#2587=EDGE_CURVE('',#1821,#1816,#529,.T.);
#2589=EDGE_CURVE('',#1816,#1817,#533,.T.);
#2591=EDGE_CURVE('',#1819,#1817,#537,.T.);
#2595=ADVANCED_FACE('',(#2594),#2552,.T.);
#2601=EDGE_CURVE('',#2072,#2078,#541,.T.);
#2604=EDGE_CURVE('',#1831,#1819,#545,.T.);
#2606=EDGE_CURVE('',#1831,#2072,#549,.T.);
#2610=ADVANCED_FACE('',(#2609),#2600,.F.);
#2616=EDGE_CURVE('',#2076,#2080,#553,.T.);
#2618=EDGE_CURVE('',#2076,#1833,#557,.T.);
#2620=EDGE_CURVE('',#1833,#1821,#561,.T.);
#2625=ADVANCED_FACE('',(#2624),#2615,.F.);
#2631=EDGE_CURVE('',#2078,#2068,#569,.T.);
#2634=EDGE_CURVE('',#2071,#2072,#1509,.T.);
#2637=EDGE_CURVE('',#2065,#2066,#1601,.T.);
#2639=EDGE_CURVE('',#2066,#2068,#651,.T.);
#2643=ADVANCED_FACE('',(#2642),#2630,.T.);
#2651=EDGE_CURVE('',#1713,#2068,#609,.T.);
#2656=ADVANCED_FACE('',(#2655),#2648,.T.);
#2662=EDGE_CURVE('',#2080,#1612,#1537,.T.);
#2665=EDGE_CURVE('',#1716,#1717,#581,.T.);
#2667=EDGE_CURVE('',#1613,#1717,#593,.T.);
#2669=EDGE_CURVE('',#1612,#1613,#585,.T.);
#2673=ADVANCED_FACE('',(#2672),#2661,.T.);
#2679=EDGE_CURVE('',#1608,#1613,#589,.T.);
#2682=EDGE_CURVE('',#1717,#1709,#597,.T.);
#2687=ADVANCED_FACE('',(#2686),#2678,.T.);
#2696=EDGE_CURVE('',#2068,#1619,#613,.T.);
#2698=EDGE_CURVE('',#1619,#2051,#617,.T.);
#2702=ADVANCED_FACE('',(#2701),#2692,.T.);
#2709=EDGE_CURVE('',#1609,#1621,#633,.T.);
#2711=EDGE_CURVE('',#1613,#1621,#1541,.T.);
#2716=ADVANCED_FACE('',(#2715),#2707,.F.);
#2722=EDGE_CURVE('',#2052,#2058,#621,.T.);
#2724=EDGE_CURVE('',#1617,#2052,#625,.T.);
#2726=EDGE_CURVE('',#1616,#1617,#643,.T.);
#2728=EDGE_CURVE('',#1621,#1616,#629,.T.);
#2734=ADVANCED_FACE('',(#2733),#2721,.T.);
#2745=ADVANCED_FACE('',(#2744),#2739,.T.);
#2753=EDGE_CURVE('',#1619,#1617,#647,.T.);
#2758=ADVANCED_FACE('',(#2757),#2750,.F.);
#2768=EDGE_CURVE('',#2062,#2066,#663,.T.);
#2770=EDGE_CURVE('',#2062,#1616,#655,.T.);
#2774=ADVANCED_FACE('',(#2773),#2763,.F.);
#2781=EDGE_CURVE('',#2062,#1743,#679,.T.);
#2784=EDGE_CURVE('',#2066,#1741,#1597,.T.);
#2788=ADVANCED_FACE('',(#2787),#2779,.F.);
#2794=EDGE_CURVE('',#1743,#1745,#667,.T.);
#2797=EDGE_CURVE('',#2061,#2062,#675,.T.);
#2802=ADVANCED_FACE('',(#2801),#2793,.F.);
#2811=EDGE_CURVE('',#1745,#1749,#683,.T.);
#2815=ADVANCED_FACE('',(#2814),#2807,.T.);
#2824=EDGE_CURVE('',#1751,#1753,#687,.T.);
#2828=ADVANCED_FACE('',(#2827),#2820,.T.);
#2834=EDGE_CURVE('',#1756,#1757,#691,.T.);
#2836=EDGE_CURVE('',#1751,#1757,#1545,.T.);
#2842=ADVANCED_FACE('',(#2841),#2833,.T.);
#2850=EDGE_CURVE('',#1667,#1663,#699,.T.);
#2853=EDGE_CURVE('',#1757,#1671,#1549,.T.);
#2857=ADVANCED_FACE('',(#2856),#2847,.F.);
#2867=EDGE_CURVE('',#1631,#1641,#707,.T.);
#2869=EDGE_CURVE('',#1647,#1631,#711,.T.);
#2872=EDGE_CURVE('',#1665,#1662,#719,.T.);
#2876=ADVANCED_FACE('',(#2875),#2862,.T.);
#2882=EDGE_CURVE('',#1631,#1629,#739,.T.);
#2886=EDGE_CURVE('',#1639,#1629,#723,.T.);
#2890=ADVANCED_FACE('',(#2889),#2881,.F.);
#2896=EDGE_CURVE('',#1781,#1785,#727,.T.);
#2898=EDGE_CURVE('',#1784,#1785,#731,.T.);
#2903=EDGE_CURVE('',#1628,#1629,#743,.T.);
#2905=EDGE_CURVE('',#1628,#1625,#748,.T.);
#2907=EDGE_CURVE('',#1624,#1625,#752,.T.);
#2909=EDGE_CURVE('',#1875,#1624,#1093,.T.);
#2911=EDGE_CURVE('',#2039,#1875,#756,.T.);
#2913=EDGE_CURVE('',#2039,#2037,#761,.T.);
#2915=EDGE_CURVE('',#2035,#2037,#765,.T.);
#2917=EDGE_CURVE('',#1645,#2035,#769,.T.);
#2921=EDGE_CURVE('',#1788,#1789,#777,.T.);
#2923=EDGE_CURVE('',#1789,#1793,#781,.T.);
#2925=EDGE_CURVE('',#1792,#1793,#785,.T.);
#2931=ADVANCED_FACE('',(#2930),#2895,.T.);
#2938=EDGE_CURVE('',#1801,#1789,#861,.T.);
#2943=EDGE_CURVE('',#1844,#1845,#869,.T.);
#2945=EDGE_CURVE('',#1845,#1847,#873,.T.);
#2947=EDGE_CURVE('',#1847,#1849,#877,.T.);
#2950=EDGE_CURVE('',#1817,#1824,#1505,.T.);
#2953=EDGE_CURVE('',#1816,#1828,#881,.T.);
#2956=EDGE_CURVE('',#1852,#1853,#885,.T.);
#2958=EDGE_CURVE('',#1853,#1855,#889,.T.);
#2960=EDGE_CURVE('',#1855,#1857,#893,.T.);
#2963=EDGE_CURVE('',#1720,#1721,#1569,.T.);
#2966=EDGE_CURVE('',#1785,#1795,#901,.T.);
#2971=EDGE_CURVE('',#1793,#1799,#913,.T.);
#2975=EDGE_CURVE('',#1964,#1965,#813,.T.);
#2977=EDGE_CURVE('',#1964,#1968,#817,.T.);
#2979=EDGE_CURVE('',#1968,#1969,#821,.T.);
#2981=EDGE_CURVE('',#1965,#1969,#825,.T.);
#2985=EDGE_CURVE('',#1972,#1973,#829,.T.);
#2987=EDGE_CURVE('',#1972,#1976,#833,.T.);
#2989=EDGE_CURVE('',#1976,#1977,#837,.T.);
#2991=EDGE_CURVE('',#1973,#1977,#841,.T.);
#2995=EDGE_CURVE('',#1980,#1981,#845,.T.);
#2997=EDGE_CURVE('',#1980,#1984,#849,.T.);
#2999=EDGE_CURVE('',#1984,#1985,#853,.T.);
#3001=EDGE_CURVE('',#1981,#1985,#857,.T.);
#3005=EDGE_CURVE('',#1686,#1687,#797,.T.);
#3007=EDGE_CURVE('',#1686,#1690,#801,.T.);
#3009=EDGE_CURVE('',#1690,#1691,#805,.T.);
#3011=EDGE_CURVE('',#1687,#1691,#809,.T.);
#3015=ADVANCED_FACE('',(#2974,#2984,#2994,#3004,#3014),#2936,.F.);
#3022=EDGE_CURVE('',#1687,#1991,#917,.T.);
#3024=EDGE_CURVE('',#1991,#1677,#921,.T.);
#3026=EDGE_CURVE('',#1677,#1674,#925,.T.);
#3028=EDGE_CURVE('',#1674,#1675,#929,.T.);
#3030=EDGE_CURVE('',#1675,#1987,#933,.T.);
#3032=EDGE_CURVE('',#1987,#1989,#937,.T.);
#3034=EDGE_CURVE('',#1989,#1686,#941,.T.);
#3038=ADVANCED_FACE('',(#3037),#3020,.F.);
#3044=EDGE_CURVE('',#1694,#1695,#945,.T.);
#3046=EDGE_CURVE('',#1695,#1867,#949,.T.);
#3048=EDGE_CURVE('',#1867,#1871,#953,.T.);
#3050=EDGE_CURVE('',#1871,#1694,#1021,.T.);
#3054=ADVANCED_FACE('',(#3053),#3043,.F.);
#3061=EDGE_CURVE('',#1691,#1997,#981,.T.);
#3063=EDGE_CURVE('',#1991,#1997,#1017,.T.);
#3068=ADVANCED_FACE('',(#3067),#3059,.T.);
#3075=EDGE_CURVE('',#1995,#1690,#957,.T.);
#3077=EDGE_CURVE('',#1993,#1995,#961,.T.);
#3079=EDGE_CURVE('',#1681,#1993,#965,.T.);
#3081=EDGE_CURVE('',#1680,#1681,#969,.T.);
#3083=EDGE_CURVE('',#1683,#1680,#973,.T.);
#3085=EDGE_CURVE('',#1997,#1683,#977,.T.);
#3090=ADVANCED_FACE('',(#3089),#3073,.T.);
#3096=EDGE_CURVE('',#1698,#1699,#985,.T.);
#3098=EDGE_CURVE('',#1873,#1698,#1029,.T.);
#3100=EDGE_CURVE('',#1869,#1873,#989,.T.);
#3102=EDGE_CURVE('',#1699,#1869,#993,.T.);
#3106=ADVANCED_FACE('',(#3105),#3095,.T.);
#3114=EDGE_CURVE('',#1989,#1995,#997,.T.);
#3119=ADVANCED_FACE('',(#3118),#3111,.T.);
#3126=EDGE_CURVE('',#1987,#1993,#1001,.T.);
#3132=ADVANCED_FACE('',(#3131),#3124,.T.);
#3139=EDGE_CURVE('',#1675,#1681,#1005,.T.);
#3145=ADVANCED_FACE('',(#3144),#3137,.T.);
#3152=EDGE_CURVE('',#1674,#1680,#1009,.T.);
#3158=ADVANCED_FACE('',(#3157),#3150,.T.);
#3165=EDGE_CURVE('',#1677,#1683,#1013,.T.);
#3171=ADVANCED_FACE('',(#3170),#3163,.T.);
#3183=ADVANCED_FACE('',(#3182),#3176,.T.);
#3190=EDGE_CURVE('',#1698,#1694,#1033,.T.);
#3193=EDGE_CURVE('',#1695,#1699,#1101,.T.);
#3197=ADVANCED_FACE('',(#3196),#3188,.T.);
#3203=EDGE_CURVE('',#1624,#1633,#1085,.T.);
#3206=EDGE_CURVE('',#1875,#1877,#1089,.T.);
#3211=EDGE_CURVE('',#1900,#1901,#1037,.T.);
#3213=EDGE_CURVE('',#1900,#1904,#1041,.T.);
#3215=EDGE_CURVE('',#1904,#1905,#1045,.T.);
#3217=EDGE_CURVE('',#1905,#1901,#1049,.T.);
#3221=EDGE_CURVE('',#1928,#1929,#1053,.T.);
#3223=EDGE_CURVE('',#1928,#1932,#1057,.T.);
#3225=EDGE_CURVE('',#1932,#1933,#1061,.T.);
#3227=EDGE_CURVE('',#1933,#1929,#1065,.T.);
#3231=EDGE_CURVE('',#1956,#1957,#1069,.T.);
#3233=EDGE_CURVE('',#1956,#1960,#1073,.T.);
#3235=EDGE_CURVE('',#1960,#1961,#1077,.T.);
#3237=EDGE_CURVE('',#1961,#1957,#1081,.T.);
#3242=EDGE_CURVE('',#1871,#1873,#1025,.T.);
#3248=ADVANCED_FACE('',(#3210,#3220,#3230,#3240,#3247),#3202,.T.);
#3256=EDGE_CURVE('',#1867,#1869,#1097,.T.);
#3261=ADVANCED_FACE('',(#3260),#3253,.T.);
#3273=ADVANCED_FACE('',(#3272),#3266,.T.);
#3280=EDGE_CURVE('',#1901,#1884,#1105,.T.);
#3282=EDGE_CURVE('',#1884,#1885,#1109,.T.);
#3284=EDGE_CURVE('',#1885,#1900,#1113,.T.);
#3288=ADVANCED_FACE('',(#3287),#3278,.F.);
#3295=EDGE_CURVE('',#1965,#2003,#1117,.T.);
#3297=EDGE_CURVE('',#2003,#1887,#1121,.T.);
#3299=EDGE_CURVE('',#1887,#1880,#1125,.T.);
#3301=EDGE_CURVE('',#1880,#1881,#1129,.T.);
#3303=EDGE_CURVE('',#1881,#1999,#1133,.T.);
#3305=EDGE_CURVE('',#1999,#2001,#1137,.T.);
#3307=EDGE_CURVE('',#2001,#1964,#1141,.T.);
#3311=ADVANCED_FACE('',(#3310),#3293,.F.);
#3318=EDGE_CURVE('',#1905,#1894,#1153,.T.);
#3320=EDGE_CURVE('',#1884,#1894,#1189,.T.);
#3325=ADVANCED_FACE('',(#3324),#3316,.T.);
#3332=EDGE_CURVE('',#1895,#1904,#1145,.T.);
#3334=EDGE_CURVE('',#1894,#1895,#1149,.T.);
#3339=ADVANCED_FACE('',(#3338),#3330,.T.);
#3346=EDGE_CURVE('',#2007,#1968,#1157,.T.);
#3348=EDGE_CURVE('',#2005,#2007,#1161,.T.);
#3350=EDGE_CURVE('',#1891,#2005,#1165,.T.);
#3352=EDGE_CURVE('',#1890,#1891,#1169,.T.);
#3354=EDGE_CURVE('',#1897,#1890,#1173,.T.);
#3356=EDGE_CURVE('',#2009,#1897,#1177,.T.);
#3358=EDGE_CURVE('',#1969,#2009,#1181,.T.);
#3362=ADVANCED_FACE('',(#3361),#3344,.T.);
#3370=EDGE_CURVE('',#1885,#1895,#1185,.T.);
#3375=ADVANCED_FACE('',(#3374),#3367,.T.);
#3387=ADVANCED_FACE('',(#3386),#3380,.T.);
#3395=EDGE_CURVE('',#2001,#2007,#1193,.T.);
#3400=ADVANCED_FACE('',(#3399),#3392,.T.);
#3407=EDGE_CURVE('',#1999,#2005,#1197,.T.);
#3413=ADVANCED_FACE('',(#3412),#3405,.T.);
#3420=EDGE_CURVE('',#1881,#1891,#1201,.T.);
#3426=ADVANCED_FACE('',(#3425),#3418,.T.);
#3433=EDGE_CURVE('',#1880,#1890,#1205,.T.);
#3439=ADVANCED_FACE('',(#3438),#3431,.T.);
#3446=EDGE_CURVE('',#1887,#1897,#1209,.T.);
#3452=ADVANCED_FACE('',(#3451),#3444,.T.);
#3459=EDGE_CURVE('',#2003,#2009,#1213,.T.);
#3465=ADVANCED_FACE('',(#3464),#3457,.T.);
#3477=ADVANCED_FACE('',(#3476),#3470,.T.);
#3484=EDGE_CURVE('',#1929,#1912,#1217,.T.);
#3486=EDGE_CURVE('',#1912,#1913,#1221,.T.);
#3488=EDGE_CURVE('',#1913,#1928,#1225,.T.);
#3492=ADVANCED_FACE('',(#3491),#3482,.F.);
#3499=EDGE_CURVE('',#1973,#2015,#1229,.T.);
#3501=EDGE_CURVE('',#2015,#1915,#1233,.T.);
#3503=EDGE_CURVE('',#1915,#1908,#1237,.T.);
#3505=EDGE_CURVE('',#1908,#1909,#1241,.T.);
#3507=EDGE_CURVE('',#1909,#2011,#1245,.T.);
#3509=EDGE_CURVE('',#2011,#2013,#1249,.T.);
#3511=EDGE_CURVE('',#2013,#1972,#1253,.T.);
#3515=ADVANCED_FACE('',(#3514),#3497,.F.);
#3522=EDGE_CURVE('',#1933,#1922,#1265,.T.);
#3524=EDGE_CURVE('',#1912,#1922,#1301,.T.);
#3529=ADVANCED_FACE('',(#3528),#3520,.T.);
#3536=EDGE_CURVE('',#1923,#1932,#1257,.T.);
#3538=EDGE_CURVE('',#1922,#1923,#1261,.T.);
#3543=ADVANCED_FACE('',(#3542),#3534,.T.);
#3550=EDGE_CURVE('',#2019,#1976,#1269,.T.);
#3552=EDGE_CURVE('',#2017,#2019,#1273,.T.);
#3554=EDGE_CURVE('',#1919,#2017,#1277,.T.);
#3556=EDGE_CURVE('',#1918,#1919,#1281,.T.);
#3558=EDGE_CURVE('',#1925,#1918,#1285,.T.);
#3560=EDGE_CURVE('',#2021,#1925,#1289,.T.);
#3562=EDGE_CURVE('',#1977,#2021,#1293,.T.);
#3566=ADVANCED_FACE('',(#3565),#3548,.T.);
#3574=EDGE_CURVE('',#1913,#1923,#1297,.T.);
#3579=ADVANCED_FACE('',(#3578),#3571,.T.);
#3591=ADVANCED_FACE('',(#3590),#3584,.T.);
#3599=EDGE_CURVE('',#2013,#2019,#1305,.T.);
#3604=ADVANCED_FACE('',(#3603),#3596,.T.);
#3611=EDGE_CURVE('',#2011,#2017,#1309,.T.);
#3617=ADVANCED_FACE('',(#3616),#3609,.T.);
#3624=EDGE_CURVE('',#1909,#1919,#1313,.T.);
#3630=ADVANCED_FACE('',(#3629),#3622,.T.);
#3637=EDGE_CURVE('',#1908,#1918,#1317,.T.);
#3643=ADVANCED_FACE('',(#3642),#3635,.T.);
#3650=EDGE_CURVE('',#1915,#1925,#1321,.T.);
#3656=ADVANCED_FACE('',(#3655),#3648,.T.);
#3663=EDGE_CURVE('',#2015,#2021,#1325,.T.);
#3669=ADVANCED_FACE('',(#3668),#3661,.T.);
#3681=ADVANCED_FACE('',(#3680),#3674,.T.);
#3688=EDGE_CURVE('',#1957,#1940,#1329,.T.);
#3690=EDGE_CURVE('',#1940,#1941,#1333,.T.);
#3692=EDGE_CURVE('',#1941,#1956,#1337,.T.);
#3696=ADVANCED_FACE('',(#3695),#3686,.F.);
#3703=EDGE_CURVE('',#1981,#2027,#1341,.T.);
#3705=EDGE_CURVE('',#2027,#1943,#1345,.T.);
#3707=EDGE_CURVE('',#1943,#1936,#1349,.T.);
#3709=EDGE_CURVE('',#1936,#1937,#1353,.T.);
#3711=EDGE_CURVE('',#1937,#2023,#1357,.T.);
#3713=EDGE_CURVE('',#2023,#2025,#1361,.T.);
#3715=EDGE_CURVE('',#2025,#1980,#1365,.T.);
#3719=ADVANCED_FACE('',(#3718),#3701,.F.);
#3726=EDGE_CURVE('',#1961,#1950,#1377,.T.);
#3728=EDGE_CURVE('',#1940,#1950,#1413,.T.);
#3733=ADVANCED_FACE('',(#3732),#3724,.T.);
#3740=EDGE_CURVE('',#1951,#1960,#1369,.T.);
#3742=EDGE_CURVE('',#1950,#1951,#1373,.T.);
#3747=ADVANCED_FACE('',(#3746),#3738,.T.);
#3754=EDGE_CURVE('',#2031,#1984,#1381,.T.);
#3756=EDGE_CURVE('',#2029,#2031,#1385,.T.);
#3758=EDGE_CURVE('',#1947,#2029,#1389,.T.);
#3760=EDGE_CURVE('',#1946,#1947,#1393,.T.);
#3762=EDGE_CURVE('',#1953,#1946,#1397,.T.);
#3764=EDGE_CURVE('',#2033,#1953,#1401,.T.);
#3766=EDGE_CURVE('',#1985,#2033,#1405,.T.);
#3770=ADVANCED_FACE('',(#3769),#3752,.T.);
#3778=EDGE_CURVE('',#1941,#1951,#1409,.T.);
#3783=ADVANCED_FACE('',(#3782),#3775,.T.);
#3795=ADVANCED_FACE('',(#3794),#3788,.T.);
#3803=EDGE_CURVE('',#2025,#2031,#1417,.T.);
#3808=ADVANCED_FACE('',(#3807),#3800,.T.);
#3815=EDGE_CURVE('',#2023,#2029,#1421,.T.);
#3821=ADVANCED_FACE('',(#3820),#3813,.T.);
#3828=EDGE_CURVE('',#1937,#1947,#1425,.T.);
#3834=ADVANCED_FACE('',(#3833),#3826,.T.);
#3841=EDGE_CURVE('',#1936,#1946,#1429,.T.);
#3847=ADVANCED_FACE('',(#3846),#3839,.T.);
#3854=EDGE_CURVE('',#1943,#1953,#1433,.T.);
#3860=ADVANCED_FACE('',(#3859),#3852,.T.);
#3867=EDGE_CURVE('',#2027,#2033,#1437,.T.);
#3873=ADVANCED_FACE('',(#3872),#3865,.T.);
#3885=ADVANCED_FACE('',(#3884),#3878,.T.);
#3892=EDGE_CURVE('',#1635,#1625,#1441,.T.);
#3898=ADVANCED_FACE('',(#3897),#3890,.F.);
#3905=EDGE_CURVE('',#1638,#1628,#1445,.T.);
#3911=ADVANCED_FACE('',(#3910),#3903,.T.);
#3923=ADVANCED_FACE('',(#3922),#3916,.F.);
#3932=EDGE_CURVE('',#2045,#2039,#1449,.T.);
#3936=ADVANCED_FACE('',(#3935),#3928,.F.);
#3945=EDGE_CURVE('',#2043,#2037,#1453,.T.);
#3949=ADVANCED_FACE('',(#3948),#3941,.T.);
#3958=EDGE_CURVE('',#2041,#2035,#1457,.T.);
#3962=ADVANCED_FACE('',(#3961),#3954,.F.);
#3974=ADVANCED_FACE('',(#3973),#3967,.F.);
#3987=ADVANCED_FACE('',(#3986),#3979,.F.);
#3995=EDGE_CURVE('',#1859,#1836,#1465,.T.);
#3997=EDGE_CURVE('',#1845,#1836,#1493,.T.);
#4001=ADVANCED_FACE('',(#4000),#3992,.T.);
#4009=EDGE_CURVE('',#1837,#1861,#1469,.T.);
#4011=EDGE_CURVE('',#1836,#1837,#1473,.T.);
#4015=ADVANCED_FACE('',(#4014),#4006,.T.);
#4021=EDGE_CURVE('',#1863,#1840,#1477,.T.);
#4024=EDGE_CURVE('',#1841,#1865,#1481,.T.);
#4026=EDGE_CURVE('',#1840,#1841,#1485,.T.);
#4030=ADVANCED_FACE('',(#4029),#4020,.T.);
#4037=EDGE_CURVE('',#1847,#1837,#1489,.T.);
#4043=ADVANCED_FACE('',(#4042),#4035,.T.);
#4055=ADVANCED_FACE('',(#4054),#4048,.T.);
#4064=EDGE_CURVE('',#1853,#1840,#1497,.T.);
#4068=ADVANCED_FACE('',(#4067),#4060,.T.);
#4077=EDGE_CURVE('',#1855,#1841,#1501,.T.);
#4081=ADVANCED_FACE('',(#4080),#4073,.T.);
#4093=ADVANCED_FACE('',(#4092),#4086,.T.);
#4102=EDGE_CURVE('',#1825,#1831,#1513,.T.);
#4107=ADVANCED_FACE('',(#4106),#4098,.F.);
#4119=ADVANCED_FACE('',(#4118),#4112,.F.);
#4125=EDGE_CURVE('',#2075,#2076,#1521,.T.);
#4128=EDGE_CURVE('',#1829,#1833,#1529,.T.);
#4133=ADVANCED_FACE('',(#4132),#4124,.F.);
#4139=EDGE_CURVE('',#1612,#1616,#1533,.T.);
#4149=ADVANCED_FACE('',(#4148),#4138,.T.);
#4161=ADVANCED_FACE('',(#4160),#4154,.F.);
#4174=ADVANCED_FACE('',(#4173),#4166,.F.);
#4183=EDGE_CURVE('',#1760,#1669,#1557,.T.);
#4185=EDGE_CURVE('',#1760,#1765,#1561,.T.);
#4192=ADVANCED_FACE('',(#4191),#4179,.F.);
#4198=EDGE_CURVE('',#1760,#1761,#1577,.T.);
#4206=ADVANCED_FACE('',(#4205),#4197,.F.);
#4214=EDGE_CURVE('',#1765,#1763,#1581,.T.);
#4219=ADVANCED_FACE('',(#4218),#4211,.T.);
#4225=EDGE_CURVE('',#1804,#1805,#1585,.T.);
#4232=ADVANCED_FACE('',(#4231),#4224,.T.);
#4245=ADVANCED_FACE('',(#4244),#4237,.F.);
#4258=ADVANCED_FACE('',(#4257),#4250,.F.);
#4270=ADVANCED_FACE('',(#4269),#4263,.T.);
#4282=ADVANCED_FACE('',(#4281),#4275,.F.);
#4285=(LENGTH_UNIT()NAMED_UNIT(*)SI_UNIT(.MILLI.,.METRE.));
#4286=(NAMED_UNIT(*)PLANE_ANGLE_UNIT()SI_UNIT($,.RADIAN.));
#4289=(NAMED_UNIT(*)SI_UNIT($,.STERADIAN.)SOLID_ANGLE_UNIT());
#4291=(GEOMETRIC_REPRESENTATION_CONTEXT(3)GLOBAL_UNCERTAINTY_ASSIGNED_CONTEXT((
#4290))GLOBAL_UNIT_ASSIGNED_CONTEXT((#4285,#4288,#4289))REPRESENTATION_CONTEXT(
'ID1','3'));
#4292=ADVANCED_BREP_SHAPE_REPRESENTATION('',(#4284),#4291);
#4299=PRODUCT_DEFINITION('part definition','',#4298,#4295);
#4300=PRODUCT_DEFINITION_SHAPE('','SHAPE FOR C-5-103639-3.',#4299);
#4301=SHAPE_ASPECT('','solid data associated with C-5-103639-3',#4300,.F.);
#4302=PROPERTY_DEFINITION('',
'shape for solid data with which properties are associated',#4301);
#4303=SHAPE_REPRESENTATION('',(#4284),#4291);
#4304=SHAPE_DEFINITION_REPRESENTATION(#4302,#4303);
#4305=(LENGTH_UNIT()NAMED_UNIT(*)SI_UNIT(.MILLI.,.METRE.));
#4309=PROPERTY_DEFINITION('geometric validation property',
'area of C-5-103639-3',#4301);
#4310=REPRESENTATION('surface area',(#4308),#4291);
#4311=PROPERTY_DEFINITION_REPRESENTATION(#4309,#4310);
#4312=(LENGTH_UNIT()NAMED_UNIT(*)SI_UNIT(.MILLI.,.METRE.));
#4316=PROPERTY_DEFINITION('geometric validation property',
'volume of C-5-103639-3',#4301);
#4317=REPRESENTATION('volume',(#4315),#4291);
#4318=PROPERTY_DEFINITION_REPRESENTATION(#4316,#4317);
#4320=PROPERTY_DEFINITION('geometric validation property',
'centroid of C-5-103639-3',#4301);
#4321=REPRESENTATION('centroid',(#4319),#4291);
#4322=PROPERTY_DEFINITION_REPRESENTATION(#4320,#4321);
#4323=(LENGTH_UNIT()NAMED_UNIT(*)SI_UNIT(.MILLI.,.METRE.));
#4327=PROPERTY_DEFINITION('geometric validation property',
'area of C-5-103639-3',#4300);
#4328=REPRESENTATION('surface area',(#4326),#4291);
#4329=PROPERTY_DEFINITION_REPRESENTATION(#4327,#4328);
#4330=(LENGTH_UNIT()NAMED_UNIT(*)SI_UNIT(.MILLI.,.METRE.));
#4334=PROPERTY_DEFINITION('geometric validation property',
'volume of C-5-103639-3',#4300);
#4335=REPRESENTATION('volume',(#4333),#4291);
#4336=PROPERTY_DEFINITION_REPRESENTATION(#4334,#4335);
#4338=PROPERTY_DEFINITION('geometric validation property',
'centroid of C-5-103639-3',#4300);
#4339=REPRESENTATION('centroid',(#4337),#4291);
#4340=PROPERTY_DEFINITION_REPRESENTATION(#4338,#4339);
#4341=SHAPE_DEFINITION_REPRESENTATION(#4300,#4292);
#4343=PROPERTY_DEFINITION('PART_NO','user defined attribute',#4299);
#4347=REPRESENTATION('',(#4346),#4291);
#4348=PROPERTY_DEFINITION_REPRESENTATION(#4343,#4347);
#4349=PROPERTY_DEFINITION('DWG_TITLE','user defined attribute',#4299);
#4353=REPRESENTATION('',(#4352),#4291);
#4354=PROPERTY_DEFINITION_REPRESENTATION(#4349,#4353);
#4355=PROPERTY_DEFINITION('DWG_TITLE_2','user defined attribute',#4299);
#4359=REPRESENTATION('',(#4358),#4291);
#4360=PROPERTY_DEFINITION_REPRESENTATION(#4355,#4359);
#4361=PROPERTY_DEFINITION('DESC','user defined attribute',#4299);
#4365=REPRESENTATION('',(#4364),#4291);
#4366=PROPERTY_DEFINITION_REPRESENTATION(#4361,#4365);
#4367=PROPERTY_DEFINITION('DOC_STATUS','user defined attribute',#4299);
#4371=REPRESENTATION('',(#4370),#4291);
#4372=PROPERTY_DEFINITION_REPRESENTATION(#4367,#4371);
#4373=PROPERTY_DEFINITION('MOD_NUM','user defined attribute',#4299);
#4377=REPRESENTATION('',(#4376),#4291);
#4378=PROPERTY_DEFINITION_REPRESENTATION(#4373,#4377);
#4379=PROPERTY_DEFINITION('PROI_CREATED_BY','user defined attribute',#4299);
#4383=REPRESENTATION('',(#4382),#4291);
#4384=PROPERTY_DEFINITION_REPRESENTATION(#4379,#4383);
#4385=PROPERTY_DEFINITION('PROI_CREATED_ON','user defined attribute',#4299);
#4389=REPRESENTATION('',(#4388),#4291);
#4390=PROPERTY_DEFINITION_REPRESENTATION(#4385,#4389);
#4391=PROPERTY_DEFINITION('PROI_LOCATION','user defined attribute',#4299);
#4395=REPRESENTATION('',(#4394),#4291);
#4396=PROPERTY_DEFINITION_REPRESENTATION(#4391,#4395);
#4397=PROPERTY_DEFINITION('PTC_COMMON_NAME','user defined attribute',#4299);
#4401=REPRESENTATION('',(#4400),#4291);
#4402=PROPERTY_DEFINITION_REPRESENTATION(#4397,#4401);
#4403=PROPERTY_DEFINITION('EXPORT_RESTRICTED','user defined attribute',#4299);
#4407=REPRESENTATION('',(#4406),#4291);
#4408=PROPERTY_DEFINITION_REPRESENTATION(#4403,#4407);
#4409=PROPERTY_DEFINITION('PART_REV','user defined attribute',#4299);
#4413=REPRESENTATION('',(#4412),#4291);
#4414=PROPERTY_DEFINITION_REPRESENTATION(#4409,#4413);
#4415=PROPERTY_DEFINITION('COMMENTS','user defined attribute',#4299);
#4419=REPRESENTATION('',(#4418),#4291);
#4420=PROPERTY_DEFINITION_REPRESENTATION(#4415,#4419);
#4421=PROPERTY_DEFINITION('PTC_MODIFIED','user defined attribute',#4299);
#4425=REPRESENTATION('',(#4424),#4291);
#4426=PROPERTY_DEFINITION_REPRESENTATION(#4421,#4425);
#4428=REPRESENTATION('',(#4427),#4291);
#4429=PROPERTY_DEFINITION('attribute type designation','Yes No',#4422);
#4430=PROPERTY_DEFINITION_REPRESENTATION(#4429,#4428);
#4431=PROPERTY_DEFINITION('PTC_ORGANIZATION_ID','user defined attribute',#4299);
#4435=REPRESENTATION('',(#4434),#4291);
#4436=PROPERTY_DEFINITION_REPRESENTATION(#4431,#4435);
#4437=PROPERTY_DEFINITION('PTC_WM_REVISION','user defined attribute',#4299);
#4441=REPRESENTATION('',(#4440),#4291);
#4442=PROPERTY_DEFINITION_REPRESENTATION(#4437,#4441);
#4443=PROPERTY_DEFINITION('PTC_WM_ITERATION','user defined attribute',#4299);
#4447=REPRESENTATION('',(#4446),#4291);
#4448=PROPERTY_DEFINITION_REPRESENTATION(#4443,#4447);
#4449=PROPERTY_DEFINITION('PTC_WM_VERSION','user defined attribute',#4299);
#4453=REPRESENTATION('',(#4452),#4291);
#4454=PROPERTY_DEFINITION_REPRESENTATION(#4449,#4453);
#4455=PROPERTY_DEFINITION('PTC_WM_LIFECYCLE_STATE','user defined attribute',
#4299);
#4459=REPRESENTATION('',(#4458),#4291);
#4460=PROPERTY_DEFINITION_REPRESENTATION(#4455,#4459);
#4461=PROPERTY_DEFINITION('PTC_WM_LIFECYCLE','user defined attribute',#4299);
#4465=REPRESENTATION('',(#4464),#4291);
#4466=PROPERTY_DEFINITION_REPRESENTATION(#4461,#4465);
#4467=PROPERTY_DEFINITION('PTC_WM_LOCATION','user defined attribute',#4299);
#4471=REPRESENTATION('',(#4470),#4291);
#4472=PROPERTY_DEFINITION_REPRESENTATION(#4467,#4471);
#4473=PROPERTY_DEFINITION('PTC_WM_CREATED_BY','user defined attribute',#4299);
#4477=REPRESENTATION('',(#4476),#4291);
#4478=PROPERTY_DEFINITION_REPRESENTATION(#4473,#4477);
#4479=PROPERTY_DEFINITION('PTC_WM_CREATED_ON','user defined attribute',#4299);
#4483=REPRESENTATION('',(#4482),#4291);
#4484=PROPERTY_DEFINITION_REPRESENTATION(#4479,#4483);
#4485=PROPERTY_DEFINITION('PTC_WM_MODIFIED_BY','user defined attribute',#4299);
#4489=REPRESENTATION('',(#4488),#4291);
#4490=PROPERTY_DEFINITION_REPRESENTATION(#4485,#4489);
#4491=PROPERTY_DEFINITION('PTC_WM_MODIFIED_ON','user defined attribute',#4299);
#4495=REPRESENTATION('',(#4494),#4291);
#4496=PROPERTY_DEFINITION_REPRESENTATION(#4491,#4495);
#4497=PROPERTY_DEFINITION('PTC_WM_TEAM','user defined attribute',#4299);
#4501=REPRESENTATION('',(#4500),#4291);
#4502=PROPERTY_DEFINITION_REPRESENTATION(#4497,#4501);
#4503=PROPERTY_DEFINITION('DOC_NUMBER','user defined attribute',#4299);
#4507=REPRESENTATION('',(#4506),#4291);
#4508=PROPERTY_DEFINITION_REPRESENTATION(#4503,#4507);
ENDSEC;
END-ISO-10303-21;
