ISO-10303-21;
HEADER;
/* Generated by software containing ST-Developer
 * from STEP Tools, Inc. (www.steptools.com) 
 */
/* OPTION: using custom schema-name function */

FILE_DESCRIPTION(
/* description */ (''),
/* implementation_level */ '2;1');

FILE_NAME(
/* name */ '100072961ugm000_b.stp',
/* time_stamp */ '2022-04-26T17:08:22+02:00',
/* author */ (''),
/* organization */ (''),
/* preprocessor_version */ 'ST-DEVELOPER v16.7',
/* originating_system */ 'SIEMENS PLM Software NX 1911',
/* authorisation */ '');

FILE_SCHEMA (('AUTOMOTIVE_DESIGN { 1 0 10303 214 3 1 1 1 }'));
ENDSEC;

DATA;
#10=SHAPE_REPRESENTATION_RELATIONSHIP('None',
'relationship between 100072961ugm000_b-None and 100072961ugm000_b-Non
e',#22,#11);
#11=ADVANCED_BREP_SHAPE_REPRESENTATION('100072961ugm000_b-None',(#376),
#6137);
#12=SHAPE_DEFINITION_REPRESENTATION(#13,#22);
#13=PRODUCT_DEFINITION_SHAPE('','',#14);
#14=PRODUCT_DEFINITION(' ','',#16,#15);
#15=PRODUCT_DEFINITION_CONTEXT('part definition',#21,'design');
#16=PRODUCT_DEFINITION_FORMATION_WITH_SPECIFIED_SOURCE(' ',' ',#18,
 .NOT_KNOWN.);
#17=PRODUCT_RELATED_PRODUCT_CATEGORY('part','',(#18));
#18=PRODUCT('100072961ugm000_b','100072961ugm000_b',' ',(#19));
#19=PRODUCT_CONTEXT(' ',#21,'mechanical');
#20=APPLICATION_PROTOCOL_DEFINITION('international standard',
'automotive_design',2010,#21);
#21=APPLICATION_CONTEXT(
'core data for automotive mechanical design processes');
#22=SHAPE_REPRESENTATION('100072961ugm000_b-None',(#3436),#6137);
#23=OVER_RIDING_STYLED_ITEM('',(#75),#1225,#73);
#24=OVER_RIDING_STYLED_ITEM('',(#76),#1226,#73);
#25=OVER_RIDING_STYLED_ITEM('',(#77),#1227,#73);
#26=OVER_RIDING_STYLED_ITEM('',(#78),#1236,#73);
#27=OVER_RIDING_STYLED_ITEM('',(#79),#1237,#73);
#28=OVER_RIDING_STYLED_ITEM('',(#80),#1238,#73);
#29=OVER_RIDING_STYLED_ITEM('',(#81),#1239,#73);
#30=OVER_RIDING_STYLED_ITEM('',(#82),#1240,#73);
#31=OVER_RIDING_STYLED_ITEM('',(#83),#1241,#73);
#32=OVER_RIDING_STYLED_ITEM('',(#84),#1242,#73);
#33=OVER_RIDING_STYLED_ITEM('',(#85),#1243,#73);
#34=OVER_RIDING_STYLED_ITEM('',(#86),#1244,#73);
#35=OVER_RIDING_STYLED_ITEM('',(#87),#1245,#73);
#36=OVER_RIDING_STYLED_ITEM('',(#88),#1246,#73);
#37=OVER_RIDING_STYLED_ITEM('',(#89),#1247,#73);
#38=OVER_RIDING_STYLED_ITEM('',(#90),#1248,#73);
#39=OVER_RIDING_STYLED_ITEM('',(#91),#1249,#73);
#40=OVER_RIDING_STYLED_ITEM('',(#92),#1250,#73);
#41=OVER_RIDING_STYLED_ITEM('',(#93),#1251,#73);
#42=OVER_RIDING_STYLED_ITEM('',(#94),#1252,#73);
#43=OVER_RIDING_STYLED_ITEM('',(#95),#1253,#73);
#44=OVER_RIDING_STYLED_ITEM('',(#96),#1254,#73);
#45=OVER_RIDING_STYLED_ITEM('',(#97),#1255,#73);
#46=OVER_RIDING_STYLED_ITEM('',(#98),#1256,#73);
#47=OVER_RIDING_STYLED_ITEM('',(#99),#1257,#73);
#48=OVER_RIDING_STYLED_ITEM('',(#100),#1258,#73);
#49=OVER_RIDING_STYLED_ITEM('',(#101),#1259,#73);
#50=OVER_RIDING_STYLED_ITEM('',(#102),#1260,#73);
#51=OVER_RIDING_STYLED_ITEM('',(#103),#1261,#73);
#52=OVER_RIDING_STYLED_ITEM('',(#104),#1262,#73);
#53=OVER_RIDING_STYLED_ITEM('',(#105),#1263,#73);
#54=OVER_RIDING_STYLED_ITEM('',(#106),#1264,#73);
#55=OVER_RIDING_STYLED_ITEM('',(#107),#1265,#73);
#56=OVER_RIDING_STYLED_ITEM('',(#108),#1266,#73);
#57=OVER_RIDING_STYLED_ITEM('',(#109),#1267,#73);
#58=OVER_RIDING_STYLED_ITEM('',(#110),#1268,#73);
#59=OVER_RIDING_STYLED_ITEM('',(#111),#1269,#73);
#60=OVER_RIDING_STYLED_ITEM('',(#112),#1270,#73);
#61=OVER_RIDING_STYLED_ITEM('',(#113),#1271,#73);
#62=OVER_RIDING_STYLED_ITEM('',(#114),#1272,#73);
#63=OVER_RIDING_STYLED_ITEM('',(#115),#1273,#73);
#64=OVER_RIDING_STYLED_ITEM('',(#116),#1274,#73);
#65=OVER_RIDING_STYLED_ITEM('',(#117),#1275,#73);
#66=OVER_RIDING_STYLED_ITEM('',(#118),#1276,#73);
#67=OVER_RIDING_STYLED_ITEM('',(#119),#1277,#73);
#68=OVER_RIDING_STYLED_ITEM('',(#120),#1278,#73);
#69=OVER_RIDING_STYLED_ITEM('',(#121),#1279,#73);
#70=OVER_RIDING_STYLED_ITEM('',(#122),#1280,#73);
#71=OVER_RIDING_STYLED_ITEM('',(#123),#1281,#73);
#72=PRESENTATION_LAYER_ASSIGNMENT('1','Layer 1',(#376));
#73=STYLED_ITEM('',(#74),#376);
#74=PRESENTATION_STYLE_ASSIGNMENT((#124));
#75=PRESENTATION_STYLE_ASSIGNMENT((#125));
#76=PRESENTATION_STYLE_ASSIGNMENT((#126));
#77=PRESENTATION_STYLE_ASSIGNMENT((#127));
#78=PRESENTATION_STYLE_ASSIGNMENT((#128));
#79=PRESENTATION_STYLE_ASSIGNMENT((#129));
#80=PRESENTATION_STYLE_ASSIGNMENT((#130));
#81=PRESENTATION_STYLE_ASSIGNMENT((#131));
#82=PRESENTATION_STYLE_ASSIGNMENT((#132));
#83=PRESENTATION_STYLE_ASSIGNMENT((#133));
#84=PRESENTATION_STYLE_ASSIGNMENT((#134));
#85=PRESENTATION_STYLE_ASSIGNMENT((#135));
#86=PRESENTATION_STYLE_ASSIGNMENT((#136));
#87=PRESENTATION_STYLE_ASSIGNMENT((#137));
#88=PRESENTATION_STYLE_ASSIGNMENT((#138));
#89=PRESENTATION_STYLE_ASSIGNMENT((#139));
#90=PRESENTATION_STYLE_ASSIGNMENT((#140));
#91=PRESENTATION_STYLE_ASSIGNMENT((#141));
#92=PRESENTATION_STYLE_ASSIGNMENT((#142));
#93=PRESENTATION_STYLE_ASSIGNMENT((#143));
#94=PRESENTATION_STYLE_ASSIGNMENT((#144));
#95=PRESENTATION_STYLE_ASSIGNMENT((#145));
#96=PRESENTATION_STYLE_ASSIGNMENT((#146));
#97=PRESENTATION_STYLE_ASSIGNMENT((#147));
#98=PRESENTATION_STYLE_ASSIGNMENT((#148));
#99=PRESENTATION_STYLE_ASSIGNMENT((#149));
#100=PRESENTATION_STYLE_ASSIGNMENT((#150));
#101=PRESENTATION_STYLE_ASSIGNMENT((#151));
#102=PRESENTATION_STYLE_ASSIGNMENT((#152));
#103=PRESENTATION_STYLE_ASSIGNMENT((#153));
#104=PRESENTATION_STYLE_ASSIGNMENT((#154));
#105=PRESENTATION_STYLE_ASSIGNMENT((#155));
#106=PRESENTATION_STYLE_ASSIGNMENT((#156));
#107=PRESENTATION_STYLE_ASSIGNMENT((#157));
#108=PRESENTATION_STYLE_ASSIGNMENT((#158));
#109=PRESENTATION_STYLE_ASSIGNMENT((#159));
#110=PRESENTATION_STYLE_ASSIGNMENT((#160));
#111=PRESENTATION_STYLE_ASSIGNMENT((#161));
#112=PRESENTATION_STYLE_ASSIGNMENT((#162));
#113=PRESENTATION_STYLE_ASSIGNMENT((#163));
#114=PRESENTATION_STYLE_ASSIGNMENT((#164));
#115=PRESENTATION_STYLE_ASSIGNMENT((#165));
#116=PRESENTATION_STYLE_ASSIGNMENT((#166));
#117=PRESENTATION_STYLE_ASSIGNMENT((#167));
#118=PRESENTATION_STYLE_ASSIGNMENT((#168));
#119=PRESENTATION_STYLE_ASSIGNMENT((#169));
#120=PRESENTATION_STYLE_ASSIGNMENT((#170));
#121=PRESENTATION_STYLE_ASSIGNMENT((#171));
#122=PRESENTATION_STYLE_ASSIGNMENT((#172));
#123=PRESENTATION_STYLE_ASSIGNMENT((#173));
#124=SURFACE_STYLE_USAGE(.BOTH.,#174);
#125=SURFACE_STYLE_USAGE(.BOTH.,#175);
#126=SURFACE_STYLE_USAGE(.BOTH.,#176);
#127=SURFACE_STYLE_USAGE(.BOTH.,#177);
#128=SURFACE_STYLE_USAGE(.BOTH.,#178);
#129=SURFACE_STYLE_USAGE(.BOTH.,#179);
#130=SURFACE_STYLE_USAGE(.BOTH.,#180);
#131=SURFACE_STYLE_USAGE(.BOTH.,#181);
#132=SURFACE_STYLE_USAGE(.BOTH.,#182);
#133=SURFACE_STYLE_USAGE(.BOTH.,#183);
#134=SURFACE_STYLE_USAGE(.BOTH.,#184);
#135=SURFACE_STYLE_USAGE(.BOTH.,#185);
#136=SURFACE_STYLE_USAGE(.BOTH.,#186);
#137=SURFACE_STYLE_USAGE(.BOTH.,#187);
#138=SURFACE_STYLE_USAGE(.BOTH.,#188);
#139=SURFACE_STYLE_USAGE(.BOTH.,#189);
#140=SURFACE_STYLE_USAGE(.BOTH.,#190);
#141=SURFACE_STYLE_USAGE(.BOTH.,#191);
#142=SURFACE_STYLE_USAGE(.BOTH.,#192);
#143=SURFACE_STYLE_USAGE(.BOTH.,#193);
#144=SURFACE_STYLE_USAGE(.BOTH.,#194);
#145=SURFACE_STYLE_USAGE(.BOTH.,#195);
#146=SURFACE_STYLE_USAGE(.BOTH.,#196);
#147=SURFACE_STYLE_USAGE(.BOTH.,#197);
#148=SURFACE_STYLE_USAGE(.BOTH.,#198);
#149=SURFACE_STYLE_USAGE(.BOTH.,#199);
#150=SURFACE_STYLE_USAGE(.BOTH.,#200);
#151=SURFACE_STYLE_USAGE(.BOTH.,#201);
#152=SURFACE_STYLE_USAGE(.BOTH.,#202);
#153=SURFACE_STYLE_USAGE(.BOTH.,#203);
#154=SURFACE_STYLE_USAGE(.BOTH.,#204);
#155=SURFACE_STYLE_USAGE(.BOTH.,#205);
#156=SURFACE_STYLE_USAGE(.BOTH.,#206);
#157=SURFACE_STYLE_USAGE(.BOTH.,#207);
#158=SURFACE_STYLE_USAGE(.BOTH.,#208);
#159=SURFACE_STYLE_USAGE(.BOTH.,#209);
#160=SURFACE_STYLE_USAGE(.BOTH.,#210);
#161=SURFACE_STYLE_USAGE(.BOTH.,#211);
#162=SURFACE_STYLE_USAGE(.BOTH.,#212);
#163=SURFACE_STYLE_USAGE(.BOTH.,#213);
#164=SURFACE_STYLE_USAGE(.BOTH.,#214);
#165=SURFACE_STYLE_USAGE(.BOTH.,#215);
#166=SURFACE_STYLE_USAGE(.BOTH.,#216);
#167=SURFACE_STYLE_USAGE(.BOTH.,#217);
#168=SURFACE_STYLE_USAGE(.BOTH.,#218);
#169=SURFACE_STYLE_USAGE(.BOTH.,#219);
#170=SURFACE_STYLE_USAGE(.BOTH.,#220);
#171=SURFACE_STYLE_USAGE(.BOTH.,#221);
#172=SURFACE_STYLE_USAGE(.BOTH.,#222);
#173=SURFACE_STYLE_USAGE(.BOTH.,#223);
#174=SURFACE_SIDE_STYLE('',(#224));
#175=SURFACE_SIDE_STYLE('',(#225));
#176=SURFACE_SIDE_STYLE('',(#226));
#177=SURFACE_SIDE_STYLE('',(#227));
#178=SURFACE_SIDE_STYLE('',(#228));
#179=SURFACE_SIDE_STYLE('',(#229));
#180=SURFACE_SIDE_STYLE('',(#230));
#181=SURFACE_SIDE_STYLE('',(#231));
#182=SURFACE_SIDE_STYLE('',(#232));
#183=SURFACE_SIDE_STYLE('',(#233));
#184=SURFACE_SIDE_STYLE('',(#234));
#185=SURFACE_SIDE_STYLE('',(#235));
#186=SURFACE_SIDE_STYLE('',(#236));
#187=SURFACE_SIDE_STYLE('',(#237));
#188=SURFACE_SIDE_STYLE('',(#238));
#189=SURFACE_SIDE_STYLE('',(#239));
#190=SURFACE_SIDE_STYLE('',(#240));
#191=SURFACE_SIDE_STYLE('',(#241));
#192=SURFACE_SIDE_STYLE('',(#242));
#193=SURFACE_SIDE_STYLE('',(#243));
#194=SURFACE_SIDE_STYLE('',(#244));
#195=SURFACE_SIDE_STYLE('',(#245));
#196=SURFACE_SIDE_STYLE('',(#246));
#197=SURFACE_SIDE_STYLE('',(#247));
#198=SURFACE_SIDE_STYLE('',(#248));
#199=SURFACE_SIDE_STYLE('',(#249));
#200=SURFACE_SIDE_STYLE('',(#250));
#201=SURFACE_SIDE_STYLE('',(#251));
#202=SURFACE_SIDE_STYLE('',(#252));
#203=SURFACE_SIDE_STYLE('',(#253));
#204=SURFACE_SIDE_STYLE('',(#254));
#205=SURFACE_SIDE_STYLE('',(#255));
#206=SURFACE_SIDE_STYLE('',(#256));
#207=SURFACE_SIDE_STYLE('',(#257));
#208=SURFACE_SIDE_STYLE('',(#258));
#209=SURFACE_SIDE_STYLE('',(#259));
#210=SURFACE_SIDE_STYLE('',(#260));
#211=SURFACE_SIDE_STYLE('',(#261));
#212=SURFACE_SIDE_STYLE('',(#262));
#213=SURFACE_SIDE_STYLE('',(#263));
#214=SURFACE_SIDE_STYLE('',(#264));
#215=SURFACE_SIDE_STYLE('',(#265));
#216=SURFACE_SIDE_STYLE('',(#266));
#217=SURFACE_SIDE_STYLE('',(#267));
#218=SURFACE_SIDE_STYLE('',(#268));
#219=SURFACE_SIDE_STYLE('',(#269));
#220=SURFACE_SIDE_STYLE('',(#270));
#221=SURFACE_SIDE_STYLE('',(#271));
#222=SURFACE_SIDE_STYLE('',(#272));
#223=SURFACE_SIDE_STYLE('',(#273));
#224=SURFACE_STYLE_FILL_AREA(#274);
#225=SURFACE_STYLE_FILL_AREA(#275);
#226=SURFACE_STYLE_FILL_AREA(#276);
#227=SURFACE_STYLE_FILL_AREA(#277);
#228=SURFACE_STYLE_FILL_AREA(#278);
#229=SURFACE_STYLE_FILL_AREA(#279);
#230=SURFACE_STYLE_FILL_AREA(#280);
#231=SURFACE_STYLE_FILL_AREA(#281);
#232=SURFACE_STYLE_FILL_AREA(#282);
#233=SURFACE_STYLE_FILL_AREA(#283);
#234=SURFACE_STYLE_FILL_AREA(#284);
#235=SURFACE_STYLE_FILL_AREA(#285);
#236=SURFACE_STYLE_FILL_AREA(#286);
#237=SURFACE_STYLE_FILL_AREA(#287);
#238=SURFACE_STYLE_FILL_AREA(#288);
#239=SURFACE_STYLE_FILL_AREA(#289);
#240=SURFACE_STYLE_FILL_AREA(#290);
#241=SURFACE_STYLE_FILL_AREA(#291);
#242=SURFACE_STYLE_FILL_AREA(#292);
#243=SURFACE_STYLE_FILL_AREA(#293);
#244=SURFACE_STYLE_FILL_AREA(#294);
#245=SURFACE_STYLE_FILL_AREA(#295);
#246=SURFACE_STYLE_FILL_AREA(#296);
#247=SURFACE_STYLE_FILL_AREA(#297);
#248=SURFACE_STYLE_FILL_AREA(#298);
#249=SURFACE_STYLE_FILL_AREA(#299);
#250=SURFACE_STYLE_FILL_AREA(#300);
#251=SURFACE_STYLE_FILL_AREA(#301);
#252=SURFACE_STYLE_FILL_AREA(#302);
#253=SURFACE_STYLE_FILL_AREA(#303);
#254=SURFACE_STYLE_FILL_AREA(#304);
#255=SURFACE_STYLE_FILL_AREA(#305);
#256=SURFACE_STYLE_FILL_AREA(#306);
#257=SURFACE_STYLE_FILL_AREA(#307);
#258=SURFACE_STYLE_FILL_AREA(#308);
#259=SURFACE_STYLE_FILL_AREA(#309);
#260=SURFACE_STYLE_FILL_AREA(#310);
#261=SURFACE_STYLE_FILL_AREA(#311);
#262=SURFACE_STYLE_FILL_AREA(#312);
#263=SURFACE_STYLE_FILL_AREA(#313);
#264=SURFACE_STYLE_FILL_AREA(#314);
#265=SURFACE_STYLE_FILL_AREA(#315);
#266=SURFACE_STYLE_FILL_AREA(#316);
#267=SURFACE_STYLE_FILL_AREA(#317);
#268=SURFACE_STYLE_FILL_AREA(#318);
#269=SURFACE_STYLE_FILL_AREA(#319);
#270=SURFACE_STYLE_FILL_AREA(#320);
#271=SURFACE_STYLE_FILL_AREA(#321);
#272=SURFACE_STYLE_FILL_AREA(#322);
#273=SURFACE_STYLE_FILL_AREA(#323);
#274=FILL_AREA_STYLE('',(#324));
#275=FILL_AREA_STYLE('',(#325));
#276=FILL_AREA_STYLE('',(#326));
#277=FILL_AREA_STYLE('',(#327));
#278=FILL_AREA_STYLE('',(#328));
#279=FILL_AREA_STYLE('',(#329));
#280=FILL_AREA_STYLE('',(#330));
#281=FILL_AREA_STYLE('',(#331));
#282=FILL_AREA_STYLE('',(#332));
#283=FILL_AREA_STYLE('',(#333));
#284=FILL_AREA_STYLE('',(#334));
#285=FILL_AREA_STYLE('',(#335));
#286=FILL_AREA_STYLE('',(#336));
#287=FILL_AREA_STYLE('',(#337));
#288=FILL_AREA_STYLE('',(#338));
#289=FILL_AREA_STYLE('',(#339));
#290=FILL_AREA_STYLE('',(#340));
#291=FILL_AREA_STYLE('',(#341));
#292=FILL_AREA_STYLE('',(#342));
#293=FILL_AREA_STYLE('',(#343));
#294=FILL_AREA_STYLE('',(#344));
#295=FILL_AREA_STYLE('',(#345));
#296=FILL_AREA_STYLE('',(#346));
#297=FILL_AREA_STYLE('',(#347));
#298=FILL_AREA_STYLE('',(#348));
#299=FILL_AREA_STYLE('',(#349));
#300=FILL_AREA_STYLE('',(#350));
#301=FILL_AREA_STYLE('',(#351));
#302=FILL_AREA_STYLE('',(#352));
#303=FILL_AREA_STYLE('',(#353));
#304=FILL_AREA_STYLE('',(#354));
#305=FILL_AREA_STYLE('',(#355));
#306=FILL_AREA_STYLE('',(#356));
#307=FILL_AREA_STYLE('',(#357));
#308=FILL_AREA_STYLE('',(#358));
#309=FILL_AREA_STYLE('',(#359));
#310=FILL_AREA_STYLE('',(#360));
#311=FILL_AREA_STYLE('',(#361));
#312=FILL_AREA_STYLE('',(#362));
#313=FILL_AREA_STYLE('',(#363));
#314=FILL_AREA_STYLE('',(#364));
#315=FILL_AREA_STYLE('',(#365));
#316=FILL_AREA_STYLE('',(#366));
#317=FILL_AREA_STYLE('',(#367));
#318=FILL_AREA_STYLE('',(#368));
#319=FILL_AREA_STYLE('',(#369));
#320=FILL_AREA_STYLE('',(#370));
#321=FILL_AREA_STYLE('',(#371));
#322=FILL_AREA_STYLE('',(#372));
#323=FILL_AREA_STYLE('',(#373));
#324=FILL_AREA_STYLE_COLOUR('',#374);
#325=FILL_AREA_STYLE_COLOUR('',#375);
#326=FILL_AREA_STYLE_COLOUR('',#375);
#327=FILL_AREA_STYLE_COLOUR('',#375);
#328=FILL_AREA_STYLE_COLOUR('',#375);
#329=FILL_AREA_STYLE_COLOUR('',#375);
#330=FILL_AREA_STYLE_COLOUR('',#375);
#331=FILL_AREA_STYLE_COLOUR('',#375);
#332=FILL_AREA_STYLE_COLOUR('',#375);
#333=FILL_AREA_STYLE_COLOUR('',#375);
#334=FILL_AREA_STYLE_COLOUR('',#375);
#335=FILL_AREA_STYLE_COLOUR('',#375);
#336=FILL_AREA_STYLE_COLOUR('',#375);
#337=FILL_AREA_STYLE_COLOUR('',#375);
#338=FILL_AREA_STYLE_COLOUR('',#375);
#339=FILL_AREA_STYLE_COLOUR('',#375);
#340=FILL_AREA_STYLE_COLOUR('',#375);
#341=FILL_AREA_STYLE_COLOUR('',#375);
#342=FILL_AREA_STYLE_COLOUR('',#375);
#343=FILL_AREA_STYLE_COLOUR('',#375);
#344=FILL_AREA_STYLE_COLOUR('',#375);
#345=FILL_AREA_STYLE_COLOUR('',#375);
#346=FILL_AREA_STYLE_COLOUR('',#375);
#347=FILL_AREA_STYLE_COLOUR('',#375);
#348=FILL_AREA_STYLE_COLOUR('',#375);
#349=FILL_AREA_STYLE_COLOUR('',#375);
#350=FILL_AREA_STYLE_COLOUR('',#375);
#351=FILL_AREA_STYLE_COLOUR('',#375);
#352=FILL_AREA_STYLE_COLOUR('',#375);
#353=FILL_AREA_STYLE_COLOUR('',#375);
#354=FILL_AREA_STYLE_COLOUR('',#375);
#355=FILL_AREA_STYLE_COLOUR('',#375);
#356=FILL_AREA_STYLE_COLOUR('',#375);
#357=FILL_AREA_STYLE_COLOUR('',#375);
#358=FILL_AREA_STYLE_COLOUR('',#375);
#359=FILL_AREA_STYLE_COLOUR('',#375);
#360=FILL_AREA_STYLE_COLOUR('',#375);
#361=FILL_AREA_STYLE_COLOUR('',#375);
#362=FILL_AREA_STYLE_COLOUR('',#375);
#363=FILL_AREA_STYLE_COLOUR('',#375);
#364=FILL_AREA_STYLE_COLOUR('',#375);
#365=FILL_AREA_STYLE_COLOUR('',#375);
#366=FILL_AREA_STYLE_COLOUR('',#375);
#367=FILL_AREA_STYLE_COLOUR('',#375);
#368=FILL_AREA_STYLE_COLOUR('',#375);
#369=FILL_AREA_STYLE_COLOUR('',#375);
#370=FILL_AREA_STYLE_COLOUR('',#375);
#371=FILL_AREA_STYLE_COLOUR('',#375);
#372=FILL_AREA_STYLE_COLOUR('',#375);
#373=FILL_AREA_STYLE_COLOUR('',#375);
#374=COLOUR_RGB('LIGHT_BLUE',0.,0.65999847409781,1.);
#375=COLOUR_RGB('GOLDEN_ORANGE',1.,0.65999847409781,0.);
#376=MANIFOLD_SOLID_BREP('',#377);
#377=CLOSED_SHELL('',(#1043,#1044,#1045,#1046,#1047,#1048,#1049,#1050,#1051,
#1052,#1053,#1054,#1055,#1056,#1057,#1058,#1059,#1060,#1061,#1062,#1063,
#1064,#1065,#1066,#1067,#1068,#1069,#1070,#1071,#1072,#1073,#1074,#1075,
#1076,#1077,#1078,#1079,#1080,#1081,#1082,#1083,#1084,#1085,#1086,#1087,
#1088,#1089,#1090,#1091,#1092,#1093,#1094,#1095,#1096,#1097,#1098,#1099,
#1100,#1101,#1102,#1103,#1104,#1105,#1106,#1107,#1108,#1109,#1110,#1111,
#1112,#1113,#1114,#1115,#1116,#1117,#1118,#1119,#1120,#1121,#1122,#1123,
#1124,#1125,#1126,#1127,#1128,#1129,#1130,#1131,#1132,#1133,#1134,#1135,
#1136,#1137,#1138,#1139,#1140,#1141,#1142,#1143,#1144,#1145,#1146,#1147,
#1148,#1149,#1150,#1151,#1152,#1153,#1154,#1155,#1156,#1157,#1158,#1159,
#1160,#1161,#1162,#1163,#1164,#1165,#1166,#1167,#1168,#1169,#1170,#1171,
#1172,#1173,#1174,#1175,#1176,#1177,#1178,#1179,#1180,#1181,#1182,#1183,
#1184,#1185,#1186,#1187,#1188,#1189,#1190,#1191,#1192,#1193,#1194,#1195,
#1196,#1197,#1198,#1199,#1200,#1201,#1202,#1203,#1204,#1205,#1206,#1207,
#1208,#1209,#1210,#1211,#1212,#1213,#1214,#1215,#1216,#1217,#1218,#1219,
#1220,#1221,#1222,#1223,#1224,#1225,#1226,#1227,#1228,#1229,#1230,#1231,
#1232,#1233,#1234,#1235,#1236,#1237,#1238,#1239,#1240,#1241,#1242,#1243,
#1244,#1245,#1246,#1247,#1248,#1249,#1250,#1251,#1252,#1253,#1254,#1255,
#1256,#1257,#1258,#1259,#1260,#1261,#1262,#1263,#1264,#1265,#1266,#1267,
#1268,#1269,#1270,#1271,#1272,#1273,#1274,#1275,#1276,#1277,#1278,#1279,
#1280,#1281,#1282,#1283));
#378=LINE('',#5872,#494);
#379=LINE('',#5875,#495);
#380=LINE('',#5877,#496);
#381=LINE('',#5879,#497);
#382=LINE('',#5905,#498);
#383=LINE('',#5908,#499);
#384=LINE('',#5910,#500);
#385=LINE('',#5912,#501);
#386=LINE('',#5914,#502);
#387=LINE('',#5917,#503);
#388=LINE('',#5918,#504);
#389=LINE('',#5920,#505);
#390=LINE('',#5922,#506);
#391=LINE('',#5924,#507);
#392=LINE('',#5926,#508);
#393=LINE('',#5928,#509);
#394=LINE('',#5930,#510);
#395=LINE('',#5932,#511);
#396=LINE('',#5934,#512);
#397=LINE('',#5936,#513);
#398=LINE('',#5938,#514);
#399=LINE('',#5941,#515);
#400=LINE('',#5943,#516);
#401=LINE('',#5945,#517);
#402=LINE('',#5947,#518);
#403=LINE('',#5949,#519);
#404=LINE('',#5951,#520);
#405=LINE('',#5953,#521);
#406=LINE('',#5954,#522);
#407=LINE('',#5956,#523);
#408=LINE('',#5958,#524);
#409=LINE('',#5960,#525);
#410=LINE('',#5962,#526);
#411=LINE('',#5964,#527);
#412=LINE('',#5966,#528);
#413=LINE('',#5968,#529);
#414=LINE('',#5970,#530);
#415=LINE('',#5972,#531);
#416=LINE('',#5974,#532);
#417=LINE('',#5976,#533);
#418=LINE('',#5978,#534);
#419=LINE('',#5980,#535);
#420=LINE('',#5982,#536);
#421=LINE('',#5984,#537);
#422=LINE('',#5986,#538);
#423=LINE('',#5988,#539);
#424=LINE('',#5990,#540);
#425=LINE('',#5992,#541);
#426=LINE('',#5994,#542);
#427=LINE('',#5996,#543);
#428=LINE('',#5998,#544);
#429=LINE('',#6000,#545);
#430=LINE('',#6002,#546);
#431=LINE('',#6004,#547);
#432=LINE('',#6006,#548);
#433=LINE('',#6008,#549);
#434=LINE('',#6010,#550);
#435=LINE('',#6012,#551);
#436=LINE('',#6014,#552);
#437=LINE('',#6016,#553);
#438=LINE('',#6018,#554);
#439=LINE('',#6021,#555);
#440=LINE('',#6023,#556);
#441=LINE('',#6025,#557);
#442=LINE('',#6027,#558);
#443=LINE('',#6030,#559);
#444=LINE('',#6032,#560);
#445=LINE('',#6034,#561);
#446=LINE('',#6036,#562);
#447=LINE('',#6038,#563);
#448=LINE('',#6040,#564);
#449=LINE('',#6042,#565);
#450=LINE('',#6045,#566);
#451=LINE('',#6047,#567);
#452=LINE('',#6048,#568);
#453=LINE('',#6049,#569);
#454=LINE('',#6051,#570);
#455=LINE('',#6053,#571);
#456=LINE('',#6055,#572);
#457=LINE('',#6057,#573);
#458=LINE('',#6059,#574);
#459=LINE('',#6061,#575);
#460=LINE('',#6064,#576);
#461=LINE('',#6065,#577);
#462=LINE('',#6067,#578);
#463=LINE('',#6069,#579);
#464=LINE('',#6070,#580);
#465=LINE('',#6072,#581);
#466=LINE('',#6074,#582);
#467=LINE('',#6076,#583);
#468=LINE('',#6078,#584);
#469=LINE('',#6081,#585);
#470=LINE('',#6083,#586);
#471=LINE('',#6085,#587);
#472=LINE('',#6087,#588);
#473=LINE('',#6088,#589);
#474=LINE('',#6090,#590);
#475=LINE('',#6092,#591);
#476=LINE('',#6094,#592);
#477=LINE('',#6096,#593);
#478=LINE('',#6098,#594);
#479=LINE('',#6100,#595);
#480=LINE('',#6103,#596);
#481=LINE('',#6105,#597);
#482=LINE('',#6106,#598);
#483=LINE('',#6108,#599);
#484=LINE('',#6110,#600);
#485=LINE('',#6112,#601);
#486=LINE('',#6114,#602);
#487=LINE('',#6116,#603);
#488=LINE('',#6118,#604);
#489=LINE('',#6120,#605);
#490=LINE('',#6122,#606);
#491=LINE('',#6124,#607);
#492=LINE('',#6126,#608);
#493=LINE('',#6128,#609);
#494=VECTOR('',#4616,1.);
#495=VECTOR('',#4617,1.);
#496=VECTOR('',#4618,1.);
#497=VECTOR('',#4619,1.);
#498=VECTOR('',#4654,1.);
#499=VECTOR('',#4655,1.);
#500=VECTOR('',#4656,1.);
#501=VECTOR('',#4657,1.);
#502=VECTOR('',#4660,1.);
#503=VECTOR('',#4661,1.);
#504=VECTOR('',#4662,1.);
#505=VECTOR('',#4663,1.);
#506=VECTOR('',#4666,1.);
#507=VECTOR('',#4667,1.);
#508=VECTOR('',#4670,1.);
#509=VECTOR('',#4671,1.);
#510=VECTOR('',#4672,1.);
#511=VECTOR('',#4675,1.);
#512=VECTOR('',#4676,1.);
#513=VECTOR('',#4677,1.);
#514=VECTOR('',#4680,1.);
#515=VECTOR('',#4681,1.);
#516=VECTOR('',#4682,1.);
#517=VECTOR('',#4683,1.);
#518=VECTOR('',#4686,1.);
#519=VECTOR('',#4687,1.);
#520=VECTOR('',#4688,1.);
#521=VECTOR('',#4691,1.);
#522=VECTOR('',#4692,1.);
#523=VECTOR('',#4693,1.);
#524=VECTOR('',#4696,1.);
#525=VECTOR('',#4697,1.);
#526=VECTOR('',#4700,1.);
#527=VECTOR('',#4703,1.);
#528=VECTOR('',#4704,1.);
#529=VECTOR('',#4707,1.);
#530=VECTOR('',#4710,1.);
#531=VECTOR('',#4713,1.);
#532=VECTOR('',#4714,1.);
#533=VECTOR('',#4717,1.);
#534=VECTOR('',#4718,1.);
#535=VECTOR('',#4719,1.);
#536=VECTOR('',#4722,1.);
#537=VECTOR('',#4723,1.);
#538=VECTOR('',#4726,1.);
#539=VECTOR('',#4727,1.);
#540=VECTOR('',#4730,1.);
#541=VECTOR('',#4731,1.);
#542=VECTOR('',#4734,1.);
#543=VECTOR('',#4735,1.);
#544=VECTOR('',#4738,1.);
#545=VECTOR('',#4739,1.);
#546=VECTOR('',#4740,1.);
#547=VECTOR('',#4743,1.);
#548=VECTOR('',#4746,1.);
#549=VECTOR('',#4747,1.);
#550=VECTOR('',#4750,1.);
#551=VECTOR('',#4753,1.);
#552=VECTOR('',#4754,1.);
#553=VECTOR('',#4757,1.);
#554=VECTOR('',#4760,1.);
#555=VECTOR('',#4761,1.);
#556=VECTOR('',#4762,1.);
#557=VECTOR('',#4763,1.);
#558=VECTOR('',#4766,1.);
#559=VECTOR('',#4767,1.);
#560=VECTOR('',#4768,1.);
#561=VECTOR('',#4769,1.);
#562=VECTOR('',#4772,1.);
#563=VECTOR('',#4773,1.);
#564=VECTOR('',#4774,1.);
#565=VECTOR('',#4777,1.);
#566=VECTOR('',#4778,1.);
#567=VECTOR('',#4779,1.);
#568=VECTOR('',#4780,1.);
#569=VECTOR('',#4781,1.);
#570=VECTOR('',#4784,1.);
#571=VECTOR('',#4785,1.);
#572=VECTOR('',#4786,1.);
#573=VECTOR('',#4789,1.);
#574=VECTOR('',#4790,1.);
#575=VECTOR('',#4793,1.);
#576=VECTOR('',#4794,1.);
#577=VECTOR('',#4795,1.);
#578=VECTOR('',#4798,1.);
#579=VECTOR('',#4799,1.);
#580=VECTOR('',#4800,1.);
#581=VECTOR('',#4801,1.);
#582=VECTOR('',#4804,1.);
#583=VECTOR('',#4805,1.);
#584=VECTOR('',#4808,1.);
#585=VECTOR('',#4809,1.);
#586=VECTOR('',#4810,1.);
#587=VECTOR('',#4811,1.);
#588=VECTOR('',#4812,1.);
#589=VECTOR('',#4813,1.);
#590=VECTOR('',#4816,1.);
#591=VECTOR('',#4817,1.);
#592=VECTOR('',#4818,1.);
#593=VECTOR('',#4821,1.);
#594=VECTOR('',#4822,1.);
#595=VECTOR('',#4825,1.);
#596=VECTOR('',#4826,1.);
#597=VECTOR('',#4827,1.);
#598=VECTOR('',#4828,1.);
#599=VECTOR('',#4831,1.);
#600=VECTOR('',#4832,1.);
#601=VECTOR('',#4835,1.);
#602=VECTOR('',#4836,1.);
#603=VECTOR('',#4839,1.);
#604=VECTOR('',#4842,1.);
#605=VECTOR('',#4843,1.);
#606=VECTOR('',#4846,1.);
#607=VECTOR('',#4847,1.);
#608=VECTOR('',#4850,1.);
#609=VECTOR('',#4853,1.);
#610=CYLINDRICAL_SURFACE('',#3445,0.300000000000005);
#611=CYLINDRICAL_SURFACE('',#3446,0.300000000000007);
#612=CYLINDRICAL_SURFACE('',#3451,0.300000000000005);
#613=CYLINDRICAL_SURFACE('',#3452,0.300000000000004);
#614=CYLINDRICAL_SURFACE('',#3455,0.300000000000005);
#615=CYLINDRICAL_SURFACE('',#3460,0.300000000000005);
#616=CYLINDRICAL_SURFACE('',#3469,0.300000000000005);
#617=CYLINDRICAL_SURFACE('',#3470,0.300000000000007);
#618=CYLINDRICAL_SURFACE('',#3475,0.300000000000005);
#619=CYLINDRICAL_SURFACE('',#3476,0.300000000000004);
#620=CYLINDRICAL_SURFACE('',#3479,0.300000000000005);
#621=CYLINDRICAL_SURFACE('',#3484,0.300000000000005);
#622=CYLINDRICAL_SURFACE('',#3493,0.300000000000005);
#623=CYLINDRICAL_SURFACE('',#3494,0.300000000000007);
#624=CYLINDRICAL_SURFACE('',#3499,0.300000000000005);
#625=CYLINDRICAL_SURFACE('',#3500,0.300000000000004);
#626=CYLINDRICAL_SURFACE('',#3503,0.300000000000005);
#627=CYLINDRICAL_SURFACE('',#3508,0.300000000000005);
#628=CYLINDRICAL_SURFACE('',#3517,0.300000000000005);
#629=CYLINDRICAL_SURFACE('',#3518,0.300000000000007);
#630=CYLINDRICAL_SURFACE('',#3523,0.300000000000005);
#631=CYLINDRICAL_SURFACE('',#3524,0.300000000000004);
#632=CYLINDRICAL_SURFACE('',#3527,0.300000000000005);
#633=CYLINDRICAL_SURFACE('',#3532,0.300000000000005);
#634=CYLINDRICAL_SURFACE('',#3541,0.300000000000005);
#635=CYLINDRICAL_SURFACE('',#3542,0.300000000000007);
#636=CYLINDRICAL_SURFACE('',#3547,0.300000000000005);
#637=CYLINDRICAL_SURFACE('',#3548,0.300000000000004);
#638=CYLINDRICAL_SURFACE('',#3551,0.300000000000005);
#639=CYLINDRICAL_SURFACE('',#3556,0.300000000000005);
#640=CYLINDRICAL_SURFACE('',#3565,0.300000000000005);
#641=CYLINDRICAL_SURFACE('',#3566,0.300000000000007);
#642=CYLINDRICAL_SURFACE('',#3571,0.300000000000005);
#643=CYLINDRICAL_SURFACE('',#3572,0.300000000000004);
#644=CYLINDRICAL_SURFACE('',#3575,0.300000000000005);
#645=CYLINDRICAL_SURFACE('',#3580,0.300000000000005);
#646=CYLINDRICAL_SURFACE('',#3589,0.300000000000005);
#647=CYLINDRICAL_SURFACE('',#3590,0.300000000000007);
#648=CYLINDRICAL_SURFACE('',#3595,0.300000000000005);
#649=CYLINDRICAL_SURFACE('',#3596,0.300000000000004);
#650=CYLINDRICAL_SURFACE('',#3599,0.300000000000005);
#651=CYLINDRICAL_SURFACE('',#3604,0.300000000000005);
#652=CYLINDRICAL_SURFACE('',#3613,0.300000000000005);
#653=CYLINDRICAL_SURFACE('',#3614,0.300000000000007);
#654=CYLINDRICAL_SURFACE('',#3619,0.300000000000005);
#655=CYLINDRICAL_SURFACE('',#3620,0.300000000000004);
#656=CYLINDRICAL_SURFACE('',#3623,0.300000000000005);
#657=CYLINDRICAL_SURFACE('',#3628,0.300000000000005);
#658=CYLINDRICAL_SURFACE('',#3637,0.300000000000005);
#659=CYLINDRICAL_SURFACE('',#3638,0.300000000000007);
#660=CYLINDRICAL_SURFACE('',#3643,0.300000000000005);
#661=CYLINDRICAL_SURFACE('',#3644,0.300000000000004);
#662=CYLINDRICAL_SURFACE('',#3647,0.300000000000005);
#663=CYLINDRICAL_SURFACE('',#3652,0.300000000000005);
#664=CYLINDRICAL_SURFACE('',#3661,0.300000000000005);
#665=CYLINDRICAL_SURFACE('',#3662,0.300000000000007);
#666=CYLINDRICAL_SURFACE('',#3667,0.300000000000005);
#667=CYLINDRICAL_SURFACE('',#3668,0.300000000000004);
#668=CYLINDRICAL_SURFACE('',#3671,0.300000000000005);
#669=CYLINDRICAL_SURFACE('',#3676,0.300000000000005);
#670=CYLINDRICAL_SURFACE('',#3685,0.300000000000005);
#671=CYLINDRICAL_SURFACE('',#3686,0.300000000000007);
#672=CYLINDRICAL_SURFACE('',#3691,0.300000000000005);
#673=CYLINDRICAL_SURFACE('',#3692,0.300000000000004);
#674=CYLINDRICAL_SURFACE('',#3695,0.300000000000005);
#675=CYLINDRICAL_SURFACE('',#3700,0.300000000000005);
#676=CYLINDRICAL_SURFACE('',#3709,0.300000000000005);
#677=CYLINDRICAL_SURFACE('',#3710,0.300000000000007);
#678=CYLINDRICAL_SURFACE('',#3715,0.300000000000005);
#679=CYLINDRICAL_SURFACE('',#3716,0.300000000000004);
#680=CYLINDRICAL_SURFACE('',#3719,0.300000000000005);
#681=CYLINDRICAL_SURFACE('',#3724,0.300000000000005);
#682=CYLINDRICAL_SURFACE('',#3733,0.300000000000005);
#683=CYLINDRICAL_SURFACE('',#3734,0.300000000000007);
#684=CYLINDRICAL_SURFACE('',#3739,0.300000000000005);
#685=CYLINDRICAL_SURFACE('',#3740,0.300000000000004);
#686=CYLINDRICAL_SURFACE('',#3743,0.300000000000005);
#687=CYLINDRICAL_SURFACE('',#3748,0.300000000000005);
#688=CYLINDRICAL_SURFACE('',#3757,0.300000000000005);
#689=CYLINDRICAL_SURFACE('',#3758,0.300000000000007);
#690=CYLINDRICAL_SURFACE('',#3763,0.300000000000005);
#691=CYLINDRICAL_SURFACE('',#3764,0.300000000000004);
#692=CYLINDRICAL_SURFACE('',#3767,0.300000000000005);
#693=CYLINDRICAL_SURFACE('',#3772,0.300000000000005);
#694=CYLINDRICAL_SURFACE('',#3776,0.300000000000004);
#695=CYLINDRICAL_SURFACE('',#3780,0.300000000000003);
#696=CYLINDRICAL_SURFACE('',#3784,0.3);
#697=CYLINDRICAL_SURFACE('',#3788,0.3);
#698=CYLINDRICAL_SURFACE('',#3792,0.3);
#699=CYLINDRICAL_SURFACE('',#3796,0.300000000000007);
#700=CYLINDRICAL_SURFACE('',#3800,0.300000000000005);
#701=CYLINDRICAL_SURFACE('',#3803,1.25000000000001);
#702=CYLINDRICAL_SURFACE('',#3806,1.25);
#703=CYLINDRICAL_SURFACE('',#3811,0.3);
#704=CYLINDRICAL_SURFACE('',#3815,0.3);
#705=CYLINDRICAL_SURFACE('',#3819,0.300000000000005);
#706=CYLINDRICAL_SURFACE('',#3823,0.300000000000005);
#707=CYLINDRICAL_SURFACE('',#3872,0.300000000000005);
#708=FACE_BOUND('',#1535,.T.);
#709=FACE_BOUND('',#1536,.T.);
#710=FACE_BOUND('',#1537,.T.);
#711=FACE_BOUND('',#1538,.T.);
#712=FACE_BOUND('',#1540,.T.);
#713=FACE_BOUND('',#1541,.T.);
#714=FACE_BOUND('',#1542,.T.);
#715=FACE_BOUND('',#1543,.T.);
#716=FACE_BOUND('',#1544,.T.);
#717=FACE_BOUND('',#1545,.T.);
#718=FACE_BOUND('',#1548,.T.);
#719=FACE_BOUND('',#1549,.T.);
#720=FACE_BOUND('',#1553,.T.);
#721=FACE_BOUND('',#1554,.T.);
#722=FACE_BOUND('',#1555,.T.);
#723=FACE_BOUND('',#1556,.T.);
#724=FACE_BOUND('',#1558,.T.);
#725=FACE_BOUND('',#1559,.T.);
#726=FACE_BOUND('',#1560,.T.);
#727=FACE_BOUND('',#1561,.T.);
#728=FACE_BOUND('',#1562,.T.);
#729=FACE_BOUND('',#1563,.T.);
#730=FACE_BOUND('',#1566,.T.);
#731=FACE_BOUND('',#1567,.T.);
#732=FACE_BOUND('',#1571,.T.);
#733=FACE_BOUND('',#1572,.T.);
#734=FACE_BOUND('',#1573,.T.);
#735=FACE_BOUND('',#1574,.T.);
#736=FACE_BOUND('',#1576,.T.);
#737=FACE_BOUND('',#1577,.T.);
#738=FACE_BOUND('',#1578,.T.);
#739=FACE_BOUND('',#1579,.T.);
#740=FACE_BOUND('',#1580,.T.);
#741=FACE_BOUND('',#1581,.T.);
#742=FACE_BOUND('',#1584,.T.);
#743=FACE_BOUND('',#1585,.T.);
#744=FACE_BOUND('',#1589,.T.);
#745=FACE_BOUND('',#1590,.T.);
#746=FACE_BOUND('',#1591,.T.);
#747=FACE_BOUND('',#1592,.T.);
#748=FACE_BOUND('',#1594,.T.);
#749=FACE_BOUND('',#1595,.T.);
#750=FACE_BOUND('',#1596,.T.);
#751=FACE_BOUND('',#1597,.T.);
#752=FACE_BOUND('',#1598,.T.);
#753=FACE_BOUND('',#1599,.T.);
#754=FACE_BOUND('',#1602,.T.);
#755=FACE_BOUND('',#1603,.T.);
#756=FACE_BOUND('',#1607,.T.);
#757=FACE_BOUND('',#1608,.T.);
#758=FACE_BOUND('',#1609,.T.);
#759=FACE_BOUND('',#1610,.T.);
#760=FACE_BOUND('',#1612,.T.);
#761=FACE_BOUND('',#1613,.T.);
#762=FACE_BOUND('',#1614,.T.);
#763=FACE_BOUND('',#1615,.T.);
#764=FACE_BOUND('',#1616,.T.);
#765=FACE_BOUND('',#1617,.T.);
#766=FACE_BOUND('',#1620,.T.);
#767=FACE_BOUND('',#1621,.T.);
#768=FACE_BOUND('',#1625,.T.);
#769=FACE_BOUND('',#1626,.T.);
#770=FACE_BOUND('',#1627,.T.);
#771=FACE_BOUND('',#1628,.T.);
#772=FACE_BOUND('',#1630,.T.);
#773=FACE_BOUND('',#1631,.T.);
#774=FACE_BOUND('',#1632,.T.);
#775=FACE_BOUND('',#1633,.T.);
#776=FACE_BOUND('',#1634,.T.);
#777=FACE_BOUND('',#1635,.T.);
#778=FACE_BOUND('',#1638,.T.);
#779=FACE_BOUND('',#1639,.T.);
#780=FACE_BOUND('',#1643,.T.);
#781=FACE_BOUND('',#1644,.T.);
#782=FACE_BOUND('',#1645,.T.);
#783=FACE_BOUND('',#1646,.T.);
#784=FACE_BOUND('',#1648,.T.);
#785=FACE_BOUND('',#1649,.T.);
#786=FACE_BOUND('',#1650,.T.);
#787=FACE_BOUND('',#1651,.T.);
#788=FACE_BOUND('',#1652,.T.);
#789=FACE_BOUND('',#1653,.T.);
#790=FACE_BOUND('',#1656,.T.);
#791=FACE_BOUND('',#1657,.T.);
#792=FACE_BOUND('',#1661,.T.);
#793=FACE_BOUND('',#1662,.T.);
#794=FACE_BOUND('',#1663,.T.);
#795=FACE_BOUND('',#1664,.T.);
#796=FACE_BOUND('',#1666,.T.);
#797=FACE_BOUND('',#1667,.T.);
#798=FACE_BOUND('',#1668,.T.);
#799=FACE_BOUND('',#1669,.T.);
#800=FACE_BOUND('',#1670,.T.);
#801=FACE_BOUND('',#1671,.T.);
#802=FACE_BOUND('',#1674,.T.);
#803=FACE_BOUND('',#1675,.T.);
#804=FACE_BOUND('',#1679,.T.);
#805=FACE_BOUND('',#1680,.T.);
#806=FACE_BOUND('',#1681,.T.);
#807=FACE_BOUND('',#1682,.T.);
#808=FACE_BOUND('',#1684,.T.);
#809=FACE_BOUND('',#1685,.T.);
#810=FACE_BOUND('',#1686,.T.);
#811=FACE_BOUND('',#1687,.T.);
#812=FACE_BOUND('',#1688,.T.);
#813=FACE_BOUND('',#1689,.T.);
#814=FACE_BOUND('',#1692,.T.);
#815=FACE_BOUND('',#1693,.T.);
#816=FACE_BOUND('',#1697,.T.);
#817=FACE_BOUND('',#1698,.T.);
#818=FACE_BOUND('',#1699,.T.);
#819=FACE_BOUND('',#1700,.T.);
#820=FACE_BOUND('',#1702,.T.);
#821=FACE_BOUND('',#1703,.T.);
#822=FACE_BOUND('',#1704,.T.);
#823=FACE_BOUND('',#1705,.T.);
#824=FACE_BOUND('',#1706,.T.);
#825=FACE_BOUND('',#1707,.T.);
#826=FACE_BOUND('',#1710,.T.);
#827=FACE_BOUND('',#1711,.T.);
#828=FACE_BOUND('',#1715,.T.);
#829=FACE_BOUND('',#1716,.T.);
#830=FACE_BOUND('',#1717,.T.);
#831=FACE_BOUND('',#1718,.T.);
#832=FACE_BOUND('',#1720,.T.);
#833=FACE_BOUND('',#1721,.T.);
#834=FACE_BOUND('',#1722,.T.);
#835=FACE_BOUND('',#1723,.T.);
#836=FACE_BOUND('',#1724,.T.);
#837=FACE_BOUND('',#1725,.T.);
#838=FACE_BOUND('',#1728,.T.);
#839=FACE_BOUND('',#1729,.T.);
#840=FACE_BOUND('',#1733,.T.);
#841=FACE_BOUND('',#1734,.T.);
#842=FACE_BOUND('',#1735,.T.);
#843=FACE_BOUND('',#1736,.T.);
#844=FACE_BOUND('',#1738,.T.);
#845=FACE_BOUND('',#1739,.T.);
#846=FACE_BOUND('',#1740,.T.);
#847=FACE_BOUND('',#1741,.T.);
#848=FACE_BOUND('',#1742,.T.);
#849=FACE_BOUND('',#1743,.T.);
#850=FACE_BOUND('',#1746,.T.);
#851=FACE_BOUND('',#1747,.T.);
#852=FACE_BOUND('',#1751,.T.);
#853=FACE_BOUND('',#1752,.T.);
#854=FACE_BOUND('',#1753,.T.);
#855=FACE_BOUND('',#1754,.T.);
#856=FACE_BOUND('',#1756,.T.);
#857=FACE_BOUND('',#1757,.T.);
#858=FACE_BOUND('',#1758,.T.);
#859=FACE_BOUND('',#1759,.T.);
#860=FACE_BOUND('',#1760,.T.);
#861=FACE_BOUND('',#1761,.T.);
#862=FACE_BOUND('',#1764,.T.);
#863=FACE_BOUND('',#1765,.T.);
#864=FACE_BOUND('',#1769,.T.);
#865=FACE_BOUND('',#1770,.T.);
#866=FACE_BOUND('',#1771,.T.);
#867=FACE_BOUND('',#1772,.T.);
#868=FACE_BOUND('',#1774,.T.);
#869=FACE_BOUND('',#1775,.T.);
#870=FACE_BOUND('',#1776,.T.);
#871=FACE_BOUND('',#1777,.T.);
#872=FACE_BOUND('',#1778,.T.);
#873=FACE_BOUND('',#1779,.T.);
#874=FACE_BOUND('',#1782,.T.);
#875=FACE_BOUND('',#1783,.T.);
#876=FACE_BOUND('',#1785,.T.);
#877=FACE_BOUND('',#1786,.T.);
#878=FACE_BOUND('',#1788,.T.);
#879=FACE_BOUND('',#1789,.T.);
#880=FACE_BOUND('',#1791,.T.);
#881=FACE_BOUND('',#1792,.T.);
#882=FACE_BOUND('',#1794,.T.);
#883=FACE_BOUND('',#1795,.T.);
#884=FACE_BOUND('',#1797,.T.);
#885=FACE_BOUND('',#1798,.T.);
#886=FACE_BOUND('',#1800,.T.);
#887=FACE_BOUND('',#1801,.T.);
#888=FACE_BOUND('',#1803,.T.);
#889=FACE_BOUND('',#1804,.T.);
#890=FACE_BOUND('',#1805,.T.);
#891=FACE_BOUND('',#1806,.T.);
#892=FACE_BOUND('',#1807,.T.);
#893=FACE_BOUND('',#1808,.T.);
#894=FACE_BOUND('',#1811,.T.);
#895=FACE_BOUND('',#1812,.T.);
#896=FACE_BOUND('',#1814,.T.);
#897=FACE_BOUND('',#1815,.T.);
#898=FACE_BOUND('',#1817,.T.);
#899=FACE_BOUND('',#1818,.T.);
#900=FACE_BOUND('',#1820,.T.);
#901=FACE_BOUND('',#1821,.T.);
#902=FACE_BOUND('',#1832,.T.);
#903=FACE_BOUND('',#1833,.T.);
#904=FACE_BOUND('',#1834,.T.);
#905=FACE_BOUND('',#1835,.T.);
#906=FACE_BOUND('',#1836,.T.);
#907=FACE_BOUND('',#1837,.T.);
#908=FACE_BOUND('',#1838,.T.);
#909=FACE_BOUND('',#1839,.T.);
#910=FACE_BOUND('',#1840,.T.);
#911=FACE_BOUND('',#1841,.T.);
#912=FACE_BOUND('',#1842,.T.);
#913=FACE_BOUND('',#1843,.T.);
#914=FACE_BOUND('',#1844,.T.);
#915=FACE_BOUND('',#1845,.T.);
#916=FACE_BOUND('',#1846,.T.);
#917=FACE_BOUND('',#1847,.T.);
#918=FACE_BOUND('',#1848,.T.);
#919=FACE_BOUND('',#1849,.T.);
#920=FACE_BOUND('',#1850,.T.);
#921=FACE_BOUND('',#1851,.T.);
#922=FACE_BOUND('',#1852,.T.);
#923=FACE_BOUND('',#1853,.T.);
#924=FACE_BOUND('',#1854,.T.);
#925=FACE_BOUND('',#1855,.T.);
#926=FACE_BOUND('',#1856,.T.);
#927=FACE_BOUND('',#1857,.T.);
#928=FACE_BOUND('',#1858,.T.);
#929=FACE_BOUND('',#1859,.T.);
#930=FACE_BOUND('',#1860,.T.);
#931=FACE_BOUND('',#1861,.T.);
#932=FACE_BOUND('',#1862,.T.);
#933=FACE_BOUND('',#1863,.T.);
#934=FACE_BOUND('',#1864,.T.);
#935=FACE_BOUND('',#1879,.T.);
#936=FACE_BOUND('',#1880,.T.);
#937=FACE_BOUND('',#1887,.T.);
#938=FACE_BOUND('',#1888,.T.);
#939=FACE_BOUND('',#1890,.T.);
#940=FACE_BOUND('',#1891,.T.);
#941=FACE_BOUND('',#1892,.T.);
#942=FACE_BOUND('',#1902,.T.);
#943=FACE_BOUND('',#1903,.T.);
#944=FACE_BOUND('',#1904,.T.);
#945=FACE_BOUND('',#1905,.T.);
#946=FACE_BOUND('',#1906,.T.);
#947=FACE_BOUND('',#1907,.T.);
#948=FACE_BOUND('',#1908,.T.);
#949=FACE_BOUND('',#1909,.T.);
#950=FACE_BOUND('',#1910,.T.);
#951=FACE_BOUND('',#1911,.T.);
#952=FACE_BOUND('',#1912,.T.);
#953=FACE_BOUND('',#1913,.T.);
#954=FACE_BOUND('',#1914,.T.);
#955=FACE_BOUND('',#1915,.T.);
#956=FACE_BOUND('',#1916,.T.);
#957=FACE_BOUND('',#1917,.T.);
#958=FACE_BOUND('',#1918,.T.);
#959=FACE_BOUND('',#1919,.T.);
#960=FACE_BOUND('',#1920,.T.);
#961=FACE_BOUND('',#1921,.T.);
#962=FACE_BOUND('',#1922,.T.);
#963=FACE_BOUND('',#1923,.T.);
#964=FACE_BOUND('',#1924,.T.);
#965=FACE_BOUND('',#1925,.T.);
#966=FACE_BOUND('',#1926,.T.);
#967=FACE_BOUND('',#1927,.T.);
#968=FACE_BOUND('',#1928,.T.);
#969=FACE_BOUND('',#1929,.T.);
#970=FACE_BOUND('',#1930,.T.);
#971=FACE_BOUND('',#1931,.T.);
#972=FACE_BOUND('',#1932,.T.);
#973=FACE_BOUND('',#1933,.T.);
#974=FACE_BOUND('',#1934,.T.);
#975=FACE_BOUND('',#1935,.T.);
#976=FACE_BOUND('',#1936,.T.);
#977=FACE_BOUND('',#1937,.T.);
#978=FACE_BOUND('',#1938,.T.);
#979=B_SPLINE_CURVE_WITH_KNOTS('',3,(#4878,#4879,#4880,#4881,#4882,#4883,
#4884,#4885,#4886,#4887,#4888,#4889,#4890,#4891),.UNSPECIFIED.,.F.,.F.,
(4,2,2,2,2,2,4),(0.,0.249999999999998,0.499999999999995,0.749999999999993,
0.812499999999993,0.874999999999994,1.),.UNSPECIFIED.);
#980=B_SPLINE_CURVE_WITH_KNOTS('',3,(#4901,#4902,#4903,#4904,#4905,#4906,
#4907,#4908,#4909,#4910,#4911,#4912,#4913,#4914),.UNSPECIFIED.,.F.,.F.,
(4,2,2,2,2,2,4),(0.,0.250000000000001,0.500000000000001,0.750000000000002,
0.812500000000001,0.875000000000001,1.),.UNSPECIFIED.);
#981=B_SPLINE_CURVE_WITH_KNOTS('',3,(#4942,#4943,#4944,#4945,#4946,#4947,
#4948,#4949,#4950,#4951,#4952,#4953,#4954,#4955),.UNSPECIFIED.,.F.,.F.,
(4,2,2,2,2,2,4),(0.,0.249999999999999,0.499999999999997,0.749999999999996,
0.812499999999996,0.874999999999996,1.),.UNSPECIFIED.);
#982=B_SPLINE_CURVE_WITH_KNOTS('',3,(#4965,#4966,#4967,#4968,#4969,#4970,
#4971,#4972,#4973,#4974,#4975,#4976,#4977,#4978),.UNSPECIFIED.,.F.,.F.,
(4,2,2,2,2,2,4),(0.,0.250000000000002,0.500000000000004,0.750000000000006,
0.812500000000004,0.875000000000003,1.),.UNSPECIFIED.);
#983=B_SPLINE_CURVE_WITH_KNOTS('',3,(#5006,#5007,#5008,#5009,#5010,#5011,
#5012,#5013,#5014,#5015,#5016,#5017,#5018,#5019),.UNSPECIFIED.,.F.,.F.,
(4,2,2,2,2,2,4),(0.,0.249999999999999,0.499999999999997,0.749999999999996,
0.812499999999996,0.874999999999996,1.),.UNSPECIFIED.);
#984=B_SPLINE_CURVE_WITH_KNOTS('',3,(#5029,#5030,#5031,#5032,#5033,#5034,
#5035,#5036,#5037,#5038,#5039,#5040,#5041,#5042),.UNSPECIFIED.,.F.,.F.,
(4,2,2,2,2,2,4),(0.,0.250000000000002,0.500000000000004,0.750000000000006,
0.812500000000004,0.875000000000003,1.),.UNSPECIFIED.);
#985=B_SPLINE_CURVE_WITH_KNOTS('',3,(#5070,#5071,#5072,#5073,#5074,#5075,
#5076,#5077,#5078,#5079,#5080,#5081,#5082,#5083),.UNSPECIFIED.,.F.,.F.,
(4,2,2,2,2,2,4),(0.,0.249999999999999,0.499999999999997,0.749999999999996,
0.812499999999996,0.874999999999996,1.),.UNSPECIFIED.);
#986=B_SPLINE_CURVE_WITH_KNOTS('',3,(#5093,#5094,#5095,#5096,#5097,#5098,
#5099,#5100,#5101,#5102,#5103,#5104,#5105,#5106),.UNSPECIFIED.,.F.,.F.,
(4,2,2,2,2,2,4),(0.,0.250000000000002,0.500000000000004,0.750000000000006,
0.812500000000004,0.875000000000003,1.),.UNSPECIFIED.);
#987=B_SPLINE_CURVE_WITH_KNOTS('',3,(#5134,#5135,#5136,#5137,#5138,#5139,
#5140,#5141,#5142,#5143,#5144,#5145,#5146,#5147),.UNSPECIFIED.,.F.,.F.,
(4,2,2,2,2,2,4),(0.,0.249999999999996,0.499999999999992,0.749999999999988,
0.812499999999989,0.874999999999991,1.),.UNSPECIFIED.);
#988=B_SPLINE_CURVE_WITH_KNOTS('',3,(#5157,#5158,#5159,#5160,#5161,#5162,
#5163,#5164,#5165,#5166,#5167,#5168,#5169,#5170),.UNSPECIFIED.,.F.,.F.,
(4,2,2,2,2,2,4),(0.,0.249999999999999,0.499999999999998,0.749999999999998,
0.812499999999998,0.874999999999998,1.),.UNSPECIFIED.);
#989=B_SPLINE_CURVE_WITH_KNOTS('',3,(#5198,#5199,#5200,#5201,#5202,#5203,
#5204,#5205,#5206,#5207,#5208,#5209,#5210,#5211),.UNSPECIFIED.,.F.,.F.,
(4,2,2,2,2,2,4),(0.,0.249999999999996,0.499999999999992,0.749999999999988,
0.812499999999989,0.874999999999991,1.),.UNSPECIFIED.);
#990=B_SPLINE_CURVE_WITH_KNOTS('',3,(#5221,#5222,#5223,#5224,#5225,#5226,
#5227,#5228,#5229,#5230,#5231,#5232,#5233,#5234),.UNSPECIFIED.,.F.,.F.,
(4,2,2,2,2,2,4),(0.,0.249999999999999,0.499999999999998,0.749999999999998,
0.812499999999998,0.874999999999998,1.),.UNSPECIFIED.);
#991=B_SPLINE_CURVE_WITH_KNOTS('',3,(#5262,#5263,#5264,#5265,#5266,#5267,
#5268,#5269,#5270,#5271,#5272,#5273,#5274,#5275),.UNSPECIFIED.,.F.,.F.,
(4,2,2,2,2,2,4),(0.,0.249999999999996,0.499999999999992,0.749999999999988,
0.812499999999989,0.874999999999991,1.),.UNSPECIFIED.);
#992=B_SPLINE_CURVE_WITH_KNOTS('',3,(#5285,#5286,#5287,#5288,#5289,#5290,
#5291,#5292,#5293,#5294,#5295,#5296,#5297,#5298),.UNSPECIFIED.,.F.,.F.,
(4,2,2,2,2,2,4),(0.,0.249999999999999,0.499999999999998,0.749999999999998,
0.812499999999998,0.874999999999998,1.),.UNSPECIFIED.);
#993=B_SPLINE_CURVE_WITH_KNOTS('',3,(#5326,#5327,#5328,#5329,#5330,#5331,
#5332,#5333,#5334,#5335,#5336,#5337,#5338,#5339),.UNSPECIFIED.,.F.,.F.,
(4,2,2,2,2,2,4),(0.,0.249999999999996,0.499999999999992,0.749999999999988,
0.812499999999989,0.874999999999991,1.),.UNSPECIFIED.);
#994=B_SPLINE_CURVE_WITH_KNOTS('',3,(#5349,#5350,#5351,#5352,#5353,#5354,
#5355,#5356,#5357,#5358,#5359,#5360,#5361,#5362),.UNSPECIFIED.,.F.,.F.,
(4,2,2,2,2,2,4),(0.,0.249999999999999,0.499999999999998,0.749999999999998,
0.812499999999998,0.874999999999998,1.),.UNSPECIFIED.);
#995=B_SPLINE_CURVE_WITH_KNOTS('',3,(#5390,#5391,#5392,#5393,#5394,#5395,
#5396,#5397,#5398,#5399,#5400,#5401,#5402,#5403),.UNSPECIFIED.,.F.,.F.,
(4,2,2,2,2,2,4),(0.,0.249999999999996,0.499999999999992,0.749999999999988,
0.812499999999989,0.874999999999991,1.),.UNSPECIFIED.);
#996=B_SPLINE_CURVE_WITH_KNOTS('',3,(#5413,#5414,#5415,#5416,#5417,#5418,
#5419,#5420,#5421,#5422,#5423,#5424,#5425,#5426),.UNSPECIFIED.,.F.,.F.,
(4,2,2,2,2,2,4),(0.,0.249999999999999,0.499999999999998,0.749999999999998,
0.812499999999998,0.874999999999998,1.),.UNSPECIFIED.);
#997=B_SPLINE_CURVE_WITH_KNOTS('',3,(#5454,#5455,#5456,#5457,#5458,#5459,
#5460,#5461,#5462,#5463,#5464,#5465,#5466,#5467),.UNSPECIFIED.,.F.,.F.,
(4,2,2,2,2,2,4),(0.,0.249999999999996,0.499999999999992,0.749999999999988,
0.812499999999989,0.874999999999991,1.),.UNSPECIFIED.);
#998=B_SPLINE_CURVE_WITH_KNOTS('',3,(#5477,#5478,#5479,#5480,#5481,#5482,
#5483,#5484,#5485,#5486,#5487,#5488,#5489,#5490),.UNSPECIFIED.,.F.,.F.,
(4,2,2,2,2,2,4),(0.,0.249999999999999,0.499999999999998,0.749999999999998,
0.812499999999998,0.874999999999998,1.),.UNSPECIFIED.);
#999=B_SPLINE_CURVE_WITH_KNOTS('',3,(#5518,#5519,#5520,#5521,#5522,#5523,
#5524,#5525,#5526,#5527,#5528,#5529,#5530,#5531),.UNSPECIFIED.,.F.,.F.,
(4,2,2,2,2,2,4),(0.,0.249999999999992,0.499999999999983,0.749999999999975,
0.81249999999998,0.874999999999985,1.),.UNSPECIFIED.);
#1000=B_SPLINE_CURVE_WITH_KNOTS('',3,(#5541,#5542,#5543,#5544,#5545,#5546,
#5547,#5548,#5549,#5550,#5551,#5552,#5553,#5554),.UNSPECIFIED.,.F.,.F.,
(4,2,2,2,2,2,4),(0.,0.250000000000003,0.500000000000007,0.75000000000001,
0.812500000000007,0.875000000000005,1.),.UNSPECIFIED.);
#1001=B_SPLINE_CURVE_WITH_KNOTS('',3,(#5582,#5583,#5584,#5585,#5586,#5587,
#5588,#5589,#5590,#5591,#5592,#5593,#5594,#5595),.UNSPECIFIED.,.F.,.F.,
(4,2,2,2,2,2,4),(0.,0.249999999999992,0.499999999999983,0.749999999999975,
0.81249999999998,0.874999999999985,1.),.UNSPECIFIED.);
#1002=B_SPLINE_CURVE_WITH_KNOTS('',3,(#5605,#5606,#5607,#5608,#5609,#5610,
#5611,#5612,#5613,#5614,#5615,#5616,#5617,#5618),.UNSPECIFIED.,.F.,.F.,
(4,2,2,2,2,2,4),(0.,0.250000000000003,0.500000000000007,0.75000000000001,
0.812500000000007,0.875000000000005,1.),.UNSPECIFIED.);
#1003=B_SPLINE_CURVE_WITH_KNOTS('',3,(#5646,#5647,#5648,#5649,#5650,#5651,
#5652,#5653,#5654,#5655,#5656,#5657,#5658,#5659),.UNSPECIFIED.,.F.,.F.,
(4,2,2,2,2,2,4),(0.,0.249999999999992,0.499999999999983,0.749999999999975,
0.81249999999998,0.874999999999985,1.),.UNSPECIFIED.);
#1004=B_SPLINE_CURVE_WITH_KNOTS('',3,(#5669,#5670,#5671,#5672,#5673,#5674,
#5675,#5676,#5677,#5678,#5679,#5680,#5681,#5682),.UNSPECIFIED.,.F.,.F.,
(4,2,2,2,2,2,4),(0.,0.250000000000003,0.500000000000007,0.75000000000001,
0.812500000000007,0.875000000000005,1.),.UNSPECIFIED.);
#1005=B_SPLINE_CURVE_WITH_KNOTS('',3,(#5710,#5711,#5712,#5713,#5714,#5715,
#5716,#5717,#5718,#5719,#5720,#5721,#5722,#5723),.UNSPECIFIED.,.F.,.F.,
(4,2,2,2,2,2,4),(0.,0.249999999999992,0.499999999999983,0.749999999999975,
0.81249999999998,0.874999999999985,1.),.UNSPECIFIED.);
#1006=B_SPLINE_CURVE_WITH_KNOTS('',3,(#5733,#5734,#5735,#5736,#5737,#5738,
#5739,#5740,#5741,#5742,#5743,#5744,#5745,#5746),.UNSPECIFIED.,.F.,.F.,
(4,2,2,2,2,2,4),(0.,0.250000000000003,0.500000000000007,0.75000000000001,
0.812500000000007,0.875000000000005,1.),.UNSPECIFIED.);
#1007=B_SPLINE_CURVE_WITH_KNOTS('',3,(#5766,#5767,#5768,#5769,#5770,#5771,
#5772,#5773,#5774,#5775,#5776,#5777,#5778,#5779),.UNSPECIFIED.,.F.,.F.,
(4,2,2,2,2,2,4),(0.,0.250000000000003,0.500000000000007,0.75000000000001,
0.812500000000007,0.875000000000005,1.),.UNSPECIFIED.);
#1008=B_SPLINE_CURVE_WITH_KNOTS('',3,(#5787,#5788,#5789,#5790,#5791,#5792,
#5793,#5794,#5795,#5796,#5797,#5798,#5799,#5800),.UNSPECIFIED.,.F.,.F.,
(4,2,2,2,2,2,4),(0.,0.250000000000001,0.500000000000002,0.750000000000004,
0.812500000000004,0.875000000000004,1.),.UNSPECIFIED.);
#1009=B_SPLINE_CURVE_WITH_KNOTS('',3,(#5813,#5814,#5815,#5816,#5817,#5818,
#5819,#5820,#5821,#5822,#5823,#5824,#5825,#5826),.UNSPECIFIED.,.F.,.F.,
(4,2,2,2,2,2,4),(0.,0.25,0.500000000000001,0.750000000000002,0.812500000000003,
0.875000000000004,1.),.UNSPECIFIED.);
#1010=B_SPLINE_CURVE_WITH_KNOTS('',3,(#5839,#5840,#5841,#5842,#5843,#5844,
#5845,#5846,#5847,#5848,#5849,#5850,#5851,#5852),.UNSPECIFIED.,.F.,.F.,
(4,2,2,2,2,2,4),(0.,0.249999999999992,0.499999999999983,0.749999999999975,
0.81249999999998,0.874999999999985,1.),.UNSPECIFIED.);
#1011=SPHERICAL_SURFACE('',#3443,0.300000000000019);
#1012=SPHERICAL_SURFACE('',#3449,0.300000000000019);
#1013=SPHERICAL_SURFACE('',#3467,0.300000000000019);
#1014=SPHERICAL_SURFACE('',#3473,0.300000000000019);
#1015=SPHERICAL_SURFACE('',#3491,0.300000000000019);
#1016=SPHERICAL_SURFACE('',#3497,0.300000000000019);
#1017=SPHERICAL_SURFACE('',#3515,0.300000000000019);
#1018=SPHERICAL_SURFACE('',#3521,0.300000000000019);
#1019=SPHERICAL_SURFACE('',#3539,0.300000000000019);
#1020=SPHERICAL_SURFACE('',#3545,0.300000000000019);
#1021=SPHERICAL_SURFACE('',#3563,0.300000000000019);
#1022=SPHERICAL_SURFACE('',#3569,0.300000000000019);
#1023=SPHERICAL_SURFACE('',#3587,0.300000000000019);
#1024=SPHERICAL_SURFACE('',#3593,0.300000000000019);
#1025=SPHERICAL_SURFACE('',#3611,0.300000000000019);
#1026=SPHERICAL_SURFACE('',#3617,0.300000000000019);
#1027=SPHERICAL_SURFACE('',#3635,0.300000000000019);
#1028=SPHERICAL_SURFACE('',#3641,0.300000000000019);
#1029=SPHERICAL_SURFACE('',#3659,0.300000000000019);
#1030=SPHERICAL_SURFACE('',#3665,0.300000000000019);
#1031=SPHERICAL_SURFACE('',#3683,0.300000000000019);
#1032=SPHERICAL_SURFACE('',#3689,0.300000000000019);
#1033=SPHERICAL_SURFACE('',#3707,0.300000000000019);
#1034=SPHERICAL_SURFACE('',#3713,0.300000000000019);
#1035=SPHERICAL_SURFACE('',#3731,0.300000000000019);
#1036=SPHERICAL_SURFACE('',#3737,0.300000000000019);
#1037=SPHERICAL_SURFACE('',#3755,0.300000000000019);
#1038=SPHERICAL_SURFACE('',#3761,0.300000000000019);
#1039=SPHERICAL_SURFACE('',#3782,0.300000000000001);
#1040=SPHERICAL_SURFACE('',#3790,0.300000000000001);
#1041=SPHERICAL_SURFACE('',#3798,0.300000000000019);
#1042=SPHERICAL_SURFACE('',#3873,0.300000000000019);
#1043=ADVANCED_FACE('',(#1395),#1284,.T.);
#1044=ADVANCED_FACE('',(#1396),#1285,.T.);
#1045=ADVANCED_FACE('',(#1397),#1011,.T.);
#1046=ADVANCED_FACE('',(#708,#709),#610,.T.);
#1047=ADVANCED_FACE('',(#710,#711),#611,.T.);
#1048=ADVANCED_FACE('',(#1398),#1012,.T.);
#1049=ADVANCED_FACE('',(#712,#713),#612,.T.);
#1050=ADVANCED_FACE('',(#714,#715),#613,.T.);
#1051=ADVANCED_FACE('',(#716,#717),#614,.T.);
#1052=ADVANCED_FACE('',(#1399),#1286,.T.);
#1053=ADVANCED_FACE('',(#1400),#1287,.T.);
#1054=ADVANCED_FACE('',(#718,#719),#615,.T.);
#1055=ADVANCED_FACE('',(#1401),#1288,.T.);
#1056=ADVANCED_FACE('',(#1402),#1289,.T.);
#1057=ADVANCED_FACE('',(#1403),#1013,.T.);
#1058=ADVANCED_FACE('',(#720,#721),#616,.T.);
#1059=ADVANCED_FACE('',(#722,#723),#617,.T.);
#1060=ADVANCED_FACE('',(#1404),#1014,.T.);
#1061=ADVANCED_FACE('',(#724,#725),#618,.T.);
#1062=ADVANCED_FACE('',(#726,#727),#619,.T.);
#1063=ADVANCED_FACE('',(#728,#729),#620,.T.);
#1064=ADVANCED_FACE('',(#1405),#1290,.T.);
#1065=ADVANCED_FACE('',(#1406),#1291,.T.);
#1066=ADVANCED_FACE('',(#730,#731),#621,.T.);
#1067=ADVANCED_FACE('',(#1407),#1292,.T.);
#1068=ADVANCED_FACE('',(#1408),#1293,.T.);
#1069=ADVANCED_FACE('',(#1409),#1015,.T.);
#1070=ADVANCED_FACE('',(#732,#733),#622,.T.);
#1071=ADVANCED_FACE('',(#734,#735),#623,.T.);
#1072=ADVANCED_FACE('',(#1410),#1016,.T.);
#1073=ADVANCED_FACE('',(#736,#737),#624,.T.);
#1074=ADVANCED_FACE('',(#738,#739),#625,.T.);
#1075=ADVANCED_FACE('',(#740,#741),#626,.T.);
#1076=ADVANCED_FACE('',(#1411),#1294,.T.);
#1077=ADVANCED_FACE('',(#1412),#1295,.T.);
#1078=ADVANCED_FACE('',(#742,#743),#627,.T.);
#1079=ADVANCED_FACE('',(#1413),#1296,.T.);
#1080=ADVANCED_FACE('',(#1414),#1297,.T.);
#1081=ADVANCED_FACE('',(#1415),#1017,.T.);
#1082=ADVANCED_FACE('',(#744,#745),#628,.T.);
#1083=ADVANCED_FACE('',(#746,#747),#629,.T.);
#1084=ADVANCED_FACE('',(#1416),#1018,.T.);
#1085=ADVANCED_FACE('',(#748,#749),#630,.T.);
#1086=ADVANCED_FACE('',(#750,#751),#631,.T.);
#1087=ADVANCED_FACE('',(#752,#753),#632,.T.);
#1088=ADVANCED_FACE('',(#1417),#1298,.T.);
#1089=ADVANCED_FACE('',(#1418),#1299,.T.);
#1090=ADVANCED_FACE('',(#754,#755),#633,.T.);
#1091=ADVANCED_FACE('',(#1419),#1300,.T.);
#1092=ADVANCED_FACE('',(#1420),#1301,.T.);
#1093=ADVANCED_FACE('',(#1421),#1019,.T.);
#1094=ADVANCED_FACE('',(#756,#757),#634,.T.);
#1095=ADVANCED_FACE('',(#758,#759),#635,.T.);
#1096=ADVANCED_FACE('',(#1422),#1020,.T.);
#1097=ADVANCED_FACE('',(#760,#761),#636,.T.);
#1098=ADVANCED_FACE('',(#762,#763),#637,.T.);
#1099=ADVANCED_FACE('',(#764,#765),#638,.T.);
#1100=ADVANCED_FACE('',(#1423),#1302,.T.);
#1101=ADVANCED_FACE('',(#1424),#1303,.T.);
#1102=ADVANCED_FACE('',(#766,#767),#639,.T.);
#1103=ADVANCED_FACE('',(#1425),#1304,.T.);
#1104=ADVANCED_FACE('',(#1426),#1305,.T.);
#1105=ADVANCED_FACE('',(#1427),#1021,.T.);
#1106=ADVANCED_FACE('',(#768,#769),#640,.T.);
#1107=ADVANCED_FACE('',(#770,#771),#641,.T.);
#1108=ADVANCED_FACE('',(#1428),#1022,.T.);
#1109=ADVANCED_FACE('',(#772,#773),#642,.T.);
#1110=ADVANCED_FACE('',(#774,#775),#643,.T.);
#1111=ADVANCED_FACE('',(#776,#777),#644,.T.);
#1112=ADVANCED_FACE('',(#1429),#1306,.T.);
#1113=ADVANCED_FACE('',(#1430),#1307,.T.);
#1114=ADVANCED_FACE('',(#778,#779),#645,.T.);
#1115=ADVANCED_FACE('',(#1431),#1308,.T.);
#1116=ADVANCED_FACE('',(#1432),#1309,.T.);
#1117=ADVANCED_FACE('',(#1433),#1023,.T.);
#1118=ADVANCED_FACE('',(#780,#781),#646,.T.);
#1119=ADVANCED_FACE('',(#782,#783),#647,.T.);
#1120=ADVANCED_FACE('',(#1434),#1024,.T.);
#1121=ADVANCED_FACE('',(#784,#785),#648,.T.);
#1122=ADVANCED_FACE('',(#786,#787),#649,.T.);
#1123=ADVANCED_FACE('',(#788,#789),#650,.T.);
#1124=ADVANCED_FACE('',(#1435),#1310,.T.);
#1125=ADVANCED_FACE('',(#1436),#1311,.T.);
#1126=ADVANCED_FACE('',(#790,#791),#651,.T.);
#1127=ADVANCED_FACE('',(#1437),#1312,.T.);
#1128=ADVANCED_FACE('',(#1438),#1313,.T.);
#1129=ADVANCED_FACE('',(#1439),#1025,.T.);
#1130=ADVANCED_FACE('',(#792,#793),#652,.T.);
#1131=ADVANCED_FACE('',(#794,#795),#653,.T.);
#1132=ADVANCED_FACE('',(#1440),#1026,.T.);
#1133=ADVANCED_FACE('',(#796,#797),#654,.T.);
#1134=ADVANCED_FACE('',(#798,#799),#655,.T.);
#1135=ADVANCED_FACE('',(#800,#801),#656,.T.);
#1136=ADVANCED_FACE('',(#1441),#1314,.T.);
#1137=ADVANCED_FACE('',(#1442),#1315,.T.);
#1138=ADVANCED_FACE('',(#802,#803),#657,.T.);
#1139=ADVANCED_FACE('',(#1443),#1316,.T.);
#1140=ADVANCED_FACE('',(#1444),#1317,.T.);
#1141=ADVANCED_FACE('',(#1445),#1027,.T.);
#1142=ADVANCED_FACE('',(#804,#805),#658,.T.);
#1143=ADVANCED_FACE('',(#806,#807),#659,.T.);
#1144=ADVANCED_FACE('',(#1446),#1028,.T.);
#1145=ADVANCED_FACE('',(#808,#809),#660,.T.);
#1146=ADVANCED_FACE('',(#810,#811),#661,.T.);
#1147=ADVANCED_FACE('',(#812,#813),#662,.T.);
#1148=ADVANCED_FACE('',(#1447),#1318,.T.);
#1149=ADVANCED_FACE('',(#1448),#1319,.T.);
#1150=ADVANCED_FACE('',(#814,#815),#663,.T.);
#1151=ADVANCED_FACE('',(#1449),#1320,.T.);
#1152=ADVANCED_FACE('',(#1450),#1321,.T.);
#1153=ADVANCED_FACE('',(#1451),#1029,.T.);
#1154=ADVANCED_FACE('',(#816,#817),#664,.T.);
#1155=ADVANCED_FACE('',(#818,#819),#665,.T.);
#1156=ADVANCED_FACE('',(#1452),#1030,.T.);
#1157=ADVANCED_FACE('',(#820,#821),#666,.T.);
#1158=ADVANCED_FACE('',(#822,#823),#667,.T.);
#1159=ADVANCED_FACE('',(#824,#825),#668,.T.);
#1160=ADVANCED_FACE('',(#1453),#1322,.T.);
#1161=ADVANCED_FACE('',(#1454),#1323,.T.);
#1162=ADVANCED_FACE('',(#826,#827),#669,.T.);
#1163=ADVANCED_FACE('',(#1455),#1324,.T.);
#1164=ADVANCED_FACE('',(#1456),#1325,.T.);
#1165=ADVANCED_FACE('',(#1457),#1031,.T.);
#1166=ADVANCED_FACE('',(#828,#829),#670,.T.);
#1167=ADVANCED_FACE('',(#830,#831),#671,.T.);
#1168=ADVANCED_FACE('',(#1458),#1032,.T.);
#1169=ADVANCED_FACE('',(#832,#833),#672,.T.);
#1170=ADVANCED_FACE('',(#834,#835),#673,.T.);
#1171=ADVANCED_FACE('',(#836,#837),#674,.T.);
#1172=ADVANCED_FACE('',(#1459),#1326,.T.);
#1173=ADVANCED_FACE('',(#1460),#1327,.T.);
#1174=ADVANCED_FACE('',(#838,#839),#675,.T.);
#1175=ADVANCED_FACE('',(#1461),#1328,.T.);
#1176=ADVANCED_FACE('',(#1462),#1329,.T.);
#1177=ADVANCED_FACE('',(#1463),#1033,.T.);
#1178=ADVANCED_FACE('',(#840,#841),#676,.T.);
#1179=ADVANCED_FACE('',(#842,#843),#677,.T.);
#1180=ADVANCED_FACE('',(#1464),#1034,.T.);
#1181=ADVANCED_FACE('',(#844,#845),#678,.T.);
#1182=ADVANCED_FACE('',(#846,#847),#679,.T.);
#1183=ADVANCED_FACE('',(#848,#849),#680,.T.);
#1184=ADVANCED_FACE('',(#1465),#1330,.T.);
#1185=ADVANCED_FACE('',(#1466),#1331,.T.);
#1186=ADVANCED_FACE('',(#850,#851),#681,.T.);
#1187=ADVANCED_FACE('',(#1467),#1332,.T.);
#1188=ADVANCED_FACE('',(#1468),#1333,.T.);
#1189=ADVANCED_FACE('',(#1469),#1035,.T.);
#1190=ADVANCED_FACE('',(#852,#853),#682,.T.);
#1191=ADVANCED_FACE('',(#854,#855),#683,.T.);
#1192=ADVANCED_FACE('',(#1470),#1036,.T.);
#1193=ADVANCED_FACE('',(#856,#857),#684,.T.);
#1194=ADVANCED_FACE('',(#858,#859),#685,.T.);
#1195=ADVANCED_FACE('',(#860,#861),#686,.T.);
#1196=ADVANCED_FACE('',(#1471),#1334,.T.);
#1197=ADVANCED_FACE('',(#1472),#1335,.T.);
#1198=ADVANCED_FACE('',(#862,#863),#687,.T.);
#1199=ADVANCED_FACE('',(#1473),#1336,.T.);
#1200=ADVANCED_FACE('',(#1474),#1337,.T.);
#1201=ADVANCED_FACE('',(#1475),#1037,.T.);
#1202=ADVANCED_FACE('',(#864,#865),#688,.T.);
#1203=ADVANCED_FACE('',(#866,#867),#689,.T.);
#1204=ADVANCED_FACE('',(#1476),#1038,.T.);
#1205=ADVANCED_FACE('',(#868,#869),#690,.T.);
#1206=ADVANCED_FACE('',(#870,#871),#691,.T.);
#1207=ADVANCED_FACE('',(#872,#873),#692,.T.);
#1208=ADVANCED_FACE('',(#1477),#1338,.T.);
#1209=ADVANCED_FACE('',(#1478),#1339,.T.);
#1210=ADVANCED_FACE('',(#874,#875),#693,.T.);
#1211=ADVANCED_FACE('',(#1479),#1340,.T.);
#1212=ADVANCED_FACE('',(#876,#877),#694,.T.);
#1213=ADVANCED_FACE('',(#1480),#1341,.T.);
#1214=ADVANCED_FACE('',(#878,#879),#695,.T.);
#1215=ADVANCED_FACE('',(#1481),#1039,.T.);
#1216=ADVANCED_FACE('',(#880,#881),#696,.T.);
#1217=ADVANCED_FACE('',(#1482),#1342,.T.);
#1218=ADVANCED_FACE('',(#882,#883),#697,.T.);
#1219=ADVANCED_FACE('',(#1483),#1040,.T.);
#1220=ADVANCED_FACE('',(#884,#885),#698,.T.);
#1221=ADVANCED_FACE('',(#1484),#1343,.T.);
#1222=ADVANCED_FACE('',(#886,#887),#699,.T.);
#1223=ADVANCED_FACE('',(#1485),#1041,.T.);
#1224=ADVANCED_FACE('',(#888,#889),#700,.T.);
#1225=ADVANCED_FACE('',(#890,#891),#701,.F.);
#1226=ADVANCED_FACE('',(#892,#893),#702,.F.);
#1227=ADVANCED_FACE('',(#1486),#1344,.T.);
#1228=ADVANCED_FACE('',(#1487),#1345,.T.);
#1229=ADVANCED_FACE('',(#894,#895),#703,.T.);
#1230=ADVANCED_FACE('',(#1488),#1346,.T.);
#1231=ADVANCED_FACE('',(#896,#897),#704,.T.);
#1232=ADVANCED_FACE('',(#1489),#1347,.T.);
#1233=ADVANCED_FACE('',(#898,#899),#705,.T.);
#1234=ADVANCED_FACE('',(#1490),#1348,.T.);
#1235=ADVANCED_FACE('',(#900,#901),#706,.T.);
#1236=ADVANCED_FACE('',(#1491),#1349,.T.);
#1237=ADVANCED_FACE('',(#1492),#1350,.F.);
#1238=ADVANCED_FACE('',(#1493),#1351,.F.);
#1239=ADVANCED_FACE('',(#1494),#1352,.F.);
#1240=ADVANCED_FACE('',(#1495),#1353,.F.);
#1241=ADVANCED_FACE('',(#1496),#1354,.T.);
#1242=ADVANCED_FACE('',(#1497),#1355,.T.);
#1243=ADVANCED_FACE('',(#1498),#1356,.T.);
#1244=ADVANCED_FACE('',(#1499),#1357,.T.);
#1245=ADVANCED_FACE('',(#1500),#1358,.T.);
#1246=ADVANCED_FACE('',(#902,#903,#904,#905,#906,#907,#908,#909,#910,#911,
#912,#913,#914,#915,#916,#917,#918,#919,#920,#921,#922,#923,#924,#925,#926,
#927,#928,#929,#930,#931,#932,#933,#934),#1359,.F.);
#1247=ADVANCED_FACE('',(#1501),#1360,.T.);
#1248=ADVANCED_FACE('',(#1502),#1361,.T.);
#1249=ADVANCED_FACE('',(#1503),#1362,.F.);
#1250=ADVANCED_FACE('',(#1504),#1363,.T.);
#1251=ADVANCED_FACE('',(#1505),#1364,.T.);
#1252=ADVANCED_FACE('',(#1506),#1365,.T.);
#1253=ADVANCED_FACE('',(#1507),#1366,.T.);
#1254=ADVANCED_FACE('',(#1508),#1367,.T.);
#1255=ADVANCED_FACE('',(#1509),#1368,.T.);
#1256=ADVANCED_FACE('',(#1510),#1369,.F.);
#1257=ADVANCED_FACE('',(#1511),#1370,.F.);
#1258=ADVANCED_FACE('',(#1512),#1371,.F.);
#1259=ADVANCED_FACE('',(#1513),#1372,.T.);
#1260=ADVANCED_FACE('',(#1514),#1373,.T.);
#1261=ADVANCED_FACE('',(#935,#936),#1374,.T.);
#1262=ADVANCED_FACE('',(#1515),#1375,.F.);
#1263=ADVANCED_FACE('',(#1516),#1376,.F.);
#1264=ADVANCED_FACE('',(#1517),#1377,.T.);
#1265=ADVANCED_FACE('',(#1518),#1378,.F.);
#1266=ADVANCED_FACE('',(#1519),#1379,.F.);
#1267=ADVANCED_FACE('',(#1520),#1380,.T.);
#1268=ADVANCED_FACE('',(#937,#938),#1381,.T.);
#1269=ADVANCED_FACE('',(#1521),#1382,.T.);
#1270=ADVANCED_FACE('',(#939,#940,#941),#1383,.T.);
#1271=ADVANCED_FACE('',(#1522),#1384,.T.);
#1272=ADVANCED_FACE('',(#1523),#1385,.T.);
#1273=ADVANCED_FACE('',(#1524),#1386,.T.);
#1274=ADVANCED_FACE('',(#1525),#1387,.T.);
#1275=ADVANCED_FACE('',(#1526),#1388,.T.);
#1276=ADVANCED_FACE('',(#1527),#1389,.T.);
#1277=ADVANCED_FACE('',(#1528),#1390,.T.);
#1278=ADVANCED_FACE('',(#1529),#1391,.T.);
#1279=ADVANCED_FACE('',(#1530),#1392,.T.);
#1280=ADVANCED_FACE('',(#942,#943),#1393,.T.);
#1281=ADVANCED_FACE('',(#944,#945,#946,#947,#948,#949,#950,#951,#952,#953,
#954,#955,#956,#957,#958,#959,#960,#961,#962,#963,#964,#965,#966,#967,#968,
#969,#970,#971,#972,#973,#974,#975,#976),#1394,.T.);
#1282=ADVANCED_FACE('',(#977,#978),#707,.T.);
#1283=ADVANCED_FACE('',(#1531),#1042,.T.);
#1284=PLANE('',#3438);
#1285=PLANE('',#3440);
#1286=PLANE('',#3456);
#1287=PLANE('',#3458);
#1288=PLANE('',#3462);
#1289=PLANE('',#3464);
#1290=PLANE('',#3480);
#1291=PLANE('',#3482);
#1292=PLANE('',#3486);
#1293=PLANE('',#3488);
#1294=PLANE('',#3504);
#1295=PLANE('',#3506);
#1296=PLANE('',#3510);
#1297=PLANE('',#3512);
#1298=PLANE('',#3528);
#1299=PLANE('',#3530);
#1300=PLANE('',#3534);
#1301=PLANE('',#3536);
#1302=PLANE('',#3552);
#1303=PLANE('',#3554);
#1304=PLANE('',#3558);
#1305=PLANE('',#3560);
#1306=PLANE('',#3576);
#1307=PLANE('',#3578);
#1308=PLANE('',#3582);
#1309=PLANE('',#3584);
#1310=PLANE('',#3600);
#1311=PLANE('',#3602);
#1312=PLANE('',#3606);
#1313=PLANE('',#3608);
#1314=PLANE('',#3624);
#1315=PLANE('',#3626);
#1316=PLANE('',#3630);
#1317=PLANE('',#3632);
#1318=PLANE('',#3648);
#1319=PLANE('',#3650);
#1320=PLANE('',#3654);
#1321=PLANE('',#3656);
#1322=PLANE('',#3672);
#1323=PLANE('',#3674);
#1324=PLANE('',#3678);
#1325=PLANE('',#3680);
#1326=PLANE('',#3696);
#1327=PLANE('',#3698);
#1328=PLANE('',#3702);
#1329=PLANE('',#3704);
#1330=PLANE('',#3720);
#1331=PLANE('',#3722);
#1332=PLANE('',#3726);
#1333=PLANE('',#3728);
#1334=PLANE('',#3744);
#1335=PLANE('',#3746);
#1336=PLANE('',#3750);
#1337=PLANE('',#3752);
#1338=PLANE('',#3768);
#1339=PLANE('',#3770);
#1340=PLANE('',#3774);
#1341=PLANE('',#3778);
#1342=PLANE('',#3786);
#1343=PLANE('',#3794);
#1344=PLANE('',#3807);
#1345=PLANE('',#3809);
#1346=PLANE('',#3813);
#1347=PLANE('',#3817);
#1348=PLANE('',#3821);
#1349=PLANE('',#3824);
#1350=PLANE('',#3825);
#1351=PLANE('',#3826);
#1352=PLANE('',#3827);
#1353=PLANE('',#3828);
#1354=PLANE('',#3829);
#1355=PLANE('',#3830);
#1356=PLANE('',#3831);
#1357=PLANE('',#3832);
#1358=PLANE('',#3833);
#1359=PLANE('',#3834);
#1360=PLANE('',#3835);
#1361=PLANE('',#3836);
#1362=PLANE('',#3837);
#1363=PLANE('',#3838);
#1364=PLANE('',#3839);
#1365=PLANE('',#3840);
#1366=PLANE('',#3841);
#1367=PLANE('',#3842);
#1368=PLANE('',#3843);
#1369=PLANE('',#3844);
#1370=PLANE('',#3845);
#1371=PLANE('',#3846);
#1372=PLANE('',#3847);
#1373=PLANE('',#3848);
#1374=PLANE('',#3849);
#1375=PLANE('',#3850);
#1376=PLANE('',#3851);
#1377=PLANE('',#3852);
#1378=PLANE('',#3853);
#1379=PLANE('',#3854);
#1380=PLANE('',#3855);
#1381=PLANE('',#3856);
#1382=PLANE('',#3857);
#1383=PLANE('',#3858);
#1384=PLANE('',#3859);
#1385=PLANE('',#3860);
#1386=PLANE('',#3861);
#1387=PLANE('',#3862);
#1388=PLANE('',#3863);
#1389=PLANE('',#3864);
#1390=PLANE('',#3865);
#1391=PLANE('',#3866);
#1392=PLANE('',#3867);
#1393=PLANE('',#3868);
#1394=PLANE('',#3870);
#1395=FACE_OUTER_BOUND('',#1532,.T.);
#1396=FACE_OUTER_BOUND('',#1533,.T.);
#1397=FACE_OUTER_BOUND('',#1534,.T.);
#1398=FACE_OUTER_BOUND('',#1539,.T.);
#1399=FACE_OUTER_BOUND('',#1546,.T.);
#1400=FACE_OUTER_BOUND('',#1547,.T.);
#1401=FACE_OUTER_BOUND('',#1550,.T.);
#1402=FACE_OUTER_BOUND('',#1551,.T.);
#1403=FACE_OUTER_BOUND('',#1552,.T.);
#1404=FACE_OUTER_BOUND('',#1557,.T.);
#1405=FACE_OUTER_BOUND('',#1564,.T.);
#1406=FACE_OUTER_BOUND('',#1565,.T.);
#1407=FACE_OUTER_BOUND('',#1568,.T.);
#1408=FACE_OUTER_BOUND('',#1569,.T.);
#1409=FACE_OUTER_BOUND('',#1570,.T.);
#1410=FACE_OUTER_BOUND('',#1575,.T.);
#1411=FACE_OUTER_BOUND('',#1582,.T.);
#1412=FACE_OUTER_BOUND('',#1583,.T.);
#1413=FACE_OUTER_BOUND('',#1586,.T.);
#1414=FACE_OUTER_BOUND('',#1587,.T.);
#1415=FACE_OUTER_BOUND('',#1588,.T.);
#1416=FACE_OUTER_BOUND('',#1593,.T.);
#1417=FACE_OUTER_BOUND('',#1600,.T.);
#1418=FACE_OUTER_BOUND('',#1601,.T.);
#1419=FACE_OUTER_BOUND('',#1604,.T.);
#1420=FACE_OUTER_BOUND('',#1605,.T.);
#1421=FACE_OUTER_BOUND('',#1606,.T.);
#1422=FACE_OUTER_BOUND('',#1611,.T.);
#1423=FACE_OUTER_BOUND('',#1618,.T.);
#1424=FACE_OUTER_BOUND('',#1619,.T.);
#1425=FACE_OUTER_BOUND('',#1622,.T.);
#1426=FACE_OUTER_BOUND('',#1623,.T.);
#1427=FACE_OUTER_BOUND('',#1624,.T.);
#1428=FACE_OUTER_BOUND('',#1629,.T.);
#1429=FACE_OUTER_BOUND('',#1636,.T.);
#1430=FACE_OUTER_BOUND('',#1637,.T.);
#1431=FACE_OUTER_BOUND('',#1640,.T.);
#1432=FACE_OUTER_BOUND('',#1641,.T.);
#1433=FACE_OUTER_BOUND('',#1642,.T.);
#1434=FACE_OUTER_BOUND('',#1647,.T.);
#1435=FACE_OUTER_BOUND('',#1654,.T.);
#1436=FACE_OUTER_BOUND('',#1655,.T.);
#1437=FACE_OUTER_BOUND('',#1658,.T.);
#1438=FACE_OUTER_BOUND('',#1659,.T.);
#1439=FACE_OUTER_BOUND('',#1660,.T.);
#1440=FACE_OUTER_BOUND('',#1665,.T.);
#1441=FACE_OUTER_BOUND('',#1672,.T.);
#1442=FACE_OUTER_BOUND('',#1673,.T.);
#1443=FACE_OUTER_BOUND('',#1676,.T.);
#1444=FACE_OUTER_BOUND('',#1677,.T.);
#1445=FACE_OUTER_BOUND('',#1678,.T.);
#1446=FACE_OUTER_BOUND('',#1683,.T.);
#1447=FACE_OUTER_BOUND('',#1690,.T.);
#1448=FACE_OUTER_BOUND('',#1691,.T.);
#1449=FACE_OUTER_BOUND('',#1694,.T.);
#1450=FACE_OUTER_BOUND('',#1695,.T.);
#1451=FACE_OUTER_BOUND('',#1696,.T.);
#1452=FACE_OUTER_BOUND('',#1701,.T.);
#1453=FACE_OUTER_BOUND('',#1708,.T.);
#1454=FACE_OUTER_BOUND('',#1709,.T.);
#1455=FACE_OUTER_BOUND('',#1712,.T.);
#1456=FACE_OUTER_BOUND('',#1713,.T.);
#1457=FACE_OUTER_BOUND('',#1714,.T.);
#1458=FACE_OUTER_BOUND('',#1719,.T.);
#1459=FACE_OUTER_BOUND('',#1726,.T.);
#1460=FACE_OUTER_BOUND('',#1727,.T.);
#1461=FACE_OUTER_BOUND('',#1730,.T.);
#1462=FACE_OUTER_BOUND('',#1731,.T.);
#1463=FACE_OUTER_BOUND('',#1732,.T.);
#1464=FACE_OUTER_BOUND('',#1737,.T.);
#1465=FACE_OUTER_BOUND('',#1744,.T.);
#1466=FACE_OUTER_BOUND('',#1745,.T.);
#1467=FACE_OUTER_BOUND('',#1748,.T.);
#1468=FACE_OUTER_BOUND('',#1749,.T.);
#1469=FACE_OUTER_BOUND('',#1750,.T.);
#1470=FACE_OUTER_BOUND('',#1755,.T.);
#1471=FACE_OUTER_BOUND('',#1762,.T.);
#1472=FACE_OUTER_BOUND('',#1763,.T.);
#1473=FACE_OUTER_BOUND('',#1766,.T.);
#1474=FACE_OUTER_BOUND('',#1767,.T.);
#1475=FACE_OUTER_BOUND('',#1768,.T.);
#1476=FACE_OUTER_BOUND('',#1773,.T.);
#1477=FACE_OUTER_BOUND('',#1780,.T.);
#1478=FACE_OUTER_BOUND('',#1781,.T.);
#1479=FACE_OUTER_BOUND('',#1784,.T.);
#1480=FACE_OUTER_BOUND('',#1787,.T.);
#1481=FACE_OUTER_BOUND('',#1790,.T.);
#1482=FACE_OUTER_BOUND('',#1793,.T.);
#1483=FACE_OUTER_BOUND('',#1796,.T.);
#1484=FACE_OUTER_BOUND('',#1799,.T.);
#1485=FACE_OUTER_BOUND('',#1802,.T.);
#1486=FACE_OUTER_BOUND('',#1809,.T.);
#1487=FACE_OUTER_BOUND('',#1810,.T.);
#1488=FACE_OUTER_BOUND('',#1813,.T.);
#1489=FACE_OUTER_BOUND('',#1816,.T.);
#1490=FACE_OUTER_BOUND('',#1819,.T.);
#1491=FACE_OUTER_BOUND('',#1822,.T.);
#1492=FACE_OUTER_BOUND('',#1823,.T.);
#1493=FACE_OUTER_BOUND('',#1824,.T.);
#1494=FACE_OUTER_BOUND('',#1825,.T.);
#1495=FACE_OUTER_BOUND('',#1826,.T.);
#1496=FACE_OUTER_BOUND('',#1827,.T.);
#1497=FACE_OUTER_BOUND('',#1828,.T.);
#1498=FACE_OUTER_BOUND('',#1829,.T.);
#1499=FACE_OUTER_BOUND('',#1830,.T.);
#1500=FACE_OUTER_BOUND('',#1831,.T.);
#1501=FACE_OUTER_BOUND('',#1865,.T.);
#1502=FACE_OUTER_BOUND('',#1866,.T.);
#1503=FACE_OUTER_BOUND('',#1867,.T.);
#1504=FACE_OUTER_BOUND('',#1868,.T.);
#1505=FACE_OUTER_BOUND('',#1869,.T.);
#1506=FACE_OUTER_BOUND('',#1870,.T.);
#1507=FACE_OUTER_BOUND('',#1871,.T.);
#1508=FACE_OUTER_BOUND('',#1872,.T.);
#1509=FACE_OUTER_BOUND('',#1873,.T.);
#1510=FACE_OUTER_BOUND('',#1874,.T.);
#1511=FACE_OUTER_BOUND('',#1875,.T.);
#1512=FACE_OUTER_BOUND('',#1876,.T.);
#1513=FACE_OUTER_BOUND('',#1877,.T.);
#1514=FACE_OUTER_BOUND('',#1878,.T.);
#1515=FACE_OUTER_BOUND('',#1881,.T.);
#1516=FACE_OUTER_BOUND('',#1882,.T.);
#1517=FACE_OUTER_BOUND('',#1883,.T.);
#1518=FACE_OUTER_BOUND('',#1884,.T.);
#1519=FACE_OUTER_BOUND('',#1885,.T.);
#1520=FACE_OUTER_BOUND('',#1886,.T.);
#1521=FACE_OUTER_BOUND('',#1889,.T.);
#1522=FACE_OUTER_BOUND('',#1893,.T.);
#1523=FACE_OUTER_BOUND('',#1894,.T.);
#1524=FACE_OUTER_BOUND('',#1895,.T.);
#1525=FACE_OUTER_BOUND('',#1896,.T.);
#1526=FACE_OUTER_BOUND('',#1897,.T.);
#1527=FACE_OUTER_BOUND('',#1898,.T.);
#1528=FACE_OUTER_BOUND('',#1899,.T.);
#1529=FACE_OUTER_BOUND('',#1900,.T.);
#1530=FACE_OUTER_BOUND('',#1901,.T.);
#1531=FACE_OUTER_BOUND('',#1939,.T.);
#1532=EDGE_LOOP('',(#1940));
#1533=EDGE_LOOP('',(#1941));
#1534=EDGE_LOOP('',(#1942,#1943));
#1535=EDGE_LOOP('',(#1944,#1945));
#1536=EDGE_LOOP('',(#1946));
#1537=EDGE_LOOP('',(#1947));
#1538=EDGE_LOOP('',(#1948,#1949));
#1539=EDGE_LOOP('',(#1950,#1951));
#1540=EDGE_LOOP('',(#1952,#1953));
#1541=EDGE_LOOP('',(#1954));
#1542=EDGE_LOOP('',(#1955));
#1543=EDGE_LOOP('',(#1956,#1957));
#1544=EDGE_LOOP('',(#1958));
#1545=EDGE_LOOP('',(#1959));
#1546=EDGE_LOOP('',(#1960));
#1547=EDGE_LOOP('',(#1961));
#1548=EDGE_LOOP('',(#1962));
#1549=EDGE_LOOP('',(#1963));
#1550=EDGE_LOOP('',(#1964));
#1551=EDGE_LOOP('',(#1965));
#1552=EDGE_LOOP('',(#1966,#1967));
#1553=EDGE_LOOP('',(#1968,#1969));
#1554=EDGE_LOOP('',(#1970));
#1555=EDGE_LOOP('',(#1971));
#1556=EDGE_LOOP('',(#1972,#1973));
#1557=EDGE_LOOP('',(#1974,#1975));
#1558=EDGE_LOOP('',(#1976,#1977));
#1559=EDGE_LOOP('',(#1978));
#1560=EDGE_LOOP('',(#1979));
#1561=EDGE_LOOP('',(#1980,#1981));
#1562=EDGE_LOOP('',(#1982));
#1563=EDGE_LOOP('',(#1983));
#1564=EDGE_LOOP('',(#1984));
#1565=EDGE_LOOP('',(#1985));
#1566=EDGE_LOOP('',(#1986));
#1567=EDGE_LOOP('',(#1987));
#1568=EDGE_LOOP('',(#1988));
#1569=EDGE_LOOP('',(#1989));
#1570=EDGE_LOOP('',(#1990,#1991));
#1571=EDGE_LOOP('',(#1992,#1993));
#1572=EDGE_LOOP('',(#1994));
#1573=EDGE_LOOP('',(#1995));
#1574=EDGE_LOOP('',(#1996,#1997));
#1575=EDGE_LOOP('',(#1998,#1999));
#1576=EDGE_LOOP('',(#2000,#2001));
#1577=EDGE_LOOP('',(#2002));
#1578=EDGE_LOOP('',(#2003));
#1579=EDGE_LOOP('',(#2004,#2005));
#1580=EDGE_LOOP('',(#2006));
#1581=EDGE_LOOP('',(#2007));
#1582=EDGE_LOOP('',(#2008));
#1583=EDGE_LOOP('',(#2009));
#1584=EDGE_LOOP('',(#2010));
#1585=EDGE_LOOP('',(#2011));
#1586=EDGE_LOOP('',(#2012));
#1587=EDGE_LOOP('',(#2013));
#1588=EDGE_LOOP('',(#2014,#2015));
#1589=EDGE_LOOP('',(#2016,#2017));
#1590=EDGE_LOOP('',(#2018));
#1591=EDGE_LOOP('',(#2019));
#1592=EDGE_LOOP('',(#2020,#2021));
#1593=EDGE_LOOP('',(#2022,#2023));
#1594=EDGE_LOOP('',(#2024,#2025));
#1595=EDGE_LOOP('',(#2026));
#1596=EDGE_LOOP('',(#2027));
#1597=EDGE_LOOP('',(#2028,#2029));
#1598=EDGE_LOOP('',(#2030));
#1599=EDGE_LOOP('',(#2031));
#1600=EDGE_LOOP('',(#2032));
#1601=EDGE_LOOP('',(#2033));
#1602=EDGE_LOOP('',(#2034));
#1603=EDGE_LOOP('',(#2035));
#1604=EDGE_LOOP('',(#2036));
#1605=EDGE_LOOP('',(#2037));
#1606=EDGE_LOOP('',(#2038,#2039));
#1607=EDGE_LOOP('',(#2040,#2041));
#1608=EDGE_LOOP('',(#2042));
#1609=EDGE_LOOP('',(#2043));
#1610=EDGE_LOOP('',(#2044,#2045));
#1611=EDGE_LOOP('',(#2046,#2047));
#1612=EDGE_LOOP('',(#2048,#2049));
#1613=EDGE_LOOP('',(#2050));
#1614=EDGE_LOOP('',(#2051));
#1615=EDGE_LOOP('',(#2052,#2053));
#1616=EDGE_LOOP('',(#2054));
#1617=EDGE_LOOP('',(#2055));
#1618=EDGE_LOOP('',(#2056));
#1619=EDGE_LOOP('',(#2057));
#1620=EDGE_LOOP('',(#2058));
#1621=EDGE_LOOP('',(#2059));
#1622=EDGE_LOOP('',(#2060));
#1623=EDGE_LOOP('',(#2061));
#1624=EDGE_LOOP('',(#2062,#2063));
#1625=EDGE_LOOP('',(#2064,#2065));
#1626=EDGE_LOOP('',(#2066));
#1627=EDGE_LOOP('',(#2067));
#1628=EDGE_LOOP('',(#2068,#2069));
#1629=EDGE_LOOP('',(#2070,#2071));
#1630=EDGE_LOOP('',(#2072,#2073));
#1631=EDGE_LOOP('',(#2074));
#1632=EDGE_LOOP('',(#2075));
#1633=EDGE_LOOP('',(#2076,#2077));
#1634=EDGE_LOOP('',(#2078));
#1635=EDGE_LOOP('',(#2079));
#1636=EDGE_LOOP('',(#2080));
#1637=EDGE_LOOP('',(#2081));
#1638=EDGE_LOOP('',(#2082));
#1639=EDGE_LOOP('',(#2083));
#1640=EDGE_LOOP('',(#2084));
#1641=EDGE_LOOP('',(#2085));
#1642=EDGE_LOOP('',(#2086,#2087));
#1643=EDGE_LOOP('',(#2088,#2089));
#1644=EDGE_LOOP('',(#2090));
#1645=EDGE_LOOP('',(#2091));
#1646=EDGE_LOOP('',(#2092,#2093));
#1647=EDGE_LOOP('',(#2094,#2095));
#1648=EDGE_LOOP('',(#2096,#2097));
#1649=EDGE_LOOP('',(#2098));
#1650=EDGE_LOOP('',(#2099));
#1651=EDGE_LOOP('',(#2100,#2101));
#1652=EDGE_LOOP('',(#2102));
#1653=EDGE_LOOP('',(#2103));
#1654=EDGE_LOOP('',(#2104));
#1655=EDGE_LOOP('',(#2105));
#1656=EDGE_LOOP('',(#2106));
#1657=EDGE_LOOP('',(#2107));
#1658=EDGE_LOOP('',(#2108));
#1659=EDGE_LOOP('',(#2109));
#1660=EDGE_LOOP('',(#2110,#2111));
#1661=EDGE_LOOP('',(#2112,#2113));
#1662=EDGE_LOOP('',(#2114));
#1663=EDGE_LOOP('',(#2115));
#1664=EDGE_LOOP('',(#2116,#2117));
#1665=EDGE_LOOP('',(#2118,#2119));
#1666=EDGE_LOOP('',(#2120,#2121));
#1667=EDGE_LOOP('',(#2122));
#1668=EDGE_LOOP('',(#2123));
#1669=EDGE_LOOP('',(#2124,#2125));
#1670=EDGE_LOOP('',(#2126));
#1671=EDGE_LOOP('',(#2127));
#1672=EDGE_LOOP('',(#2128));
#1673=EDGE_LOOP('',(#2129));
#1674=EDGE_LOOP('',(#2130));
#1675=EDGE_LOOP('',(#2131));
#1676=EDGE_LOOP('',(#2132));
#1677=EDGE_LOOP('',(#2133));
#1678=EDGE_LOOP('',(#2134,#2135));
#1679=EDGE_LOOP('',(#2136,#2137));
#1680=EDGE_LOOP('',(#2138));
#1681=EDGE_LOOP('',(#2139));
#1682=EDGE_LOOP('',(#2140,#2141));
#1683=EDGE_LOOP('',(#2142,#2143));
#1684=EDGE_LOOP('',(#2144,#2145));
#1685=EDGE_LOOP('',(#2146));
#1686=EDGE_LOOP('',(#2147));
#1687=EDGE_LOOP('',(#2148,#2149));
#1688=EDGE_LOOP('',(#2150));
#1689=EDGE_LOOP('',(#2151));
#1690=EDGE_LOOP('',(#2152));
#1691=EDGE_LOOP('',(#2153));
#1692=EDGE_LOOP('',(#2154));
#1693=EDGE_LOOP('',(#2155));
#1694=EDGE_LOOP('',(#2156));
#1695=EDGE_LOOP('',(#2157));
#1696=EDGE_LOOP('',(#2158,#2159));
#1697=EDGE_LOOP('',(#2160,#2161));
#1698=EDGE_LOOP('',(#2162));
#1699=EDGE_LOOP('',(#2163));
#1700=EDGE_LOOP('',(#2164,#2165));
#1701=EDGE_LOOP('',(#2166,#2167));
#1702=EDGE_LOOP('',(#2168,#2169));
#1703=EDGE_LOOP('',(#2170));
#1704=EDGE_LOOP('',(#2171));
#1705=EDGE_LOOP('',(#2172,#2173));
#1706=EDGE_LOOP('',(#2174));
#1707=EDGE_LOOP('',(#2175));
#1708=EDGE_LOOP('',(#2176));
#1709=EDGE_LOOP('',(#2177));
#1710=EDGE_LOOP('',(#2178));
#1711=EDGE_LOOP('',(#2179));
#1712=EDGE_LOOP('',(#2180));
#1713=EDGE_LOOP('',(#2181));
#1714=EDGE_LOOP('',(#2182,#2183));
#1715=EDGE_LOOP('',(#2184,#2185));
#1716=EDGE_LOOP('',(#2186));
#1717=EDGE_LOOP('',(#2187));
#1718=EDGE_LOOP('',(#2188,#2189));
#1719=EDGE_LOOP('',(#2190,#2191));
#1720=EDGE_LOOP('',(#2192,#2193));
#1721=EDGE_LOOP('',(#2194));
#1722=EDGE_LOOP('',(#2195));
#1723=EDGE_LOOP('',(#2196,#2197));
#1724=EDGE_LOOP('',(#2198));
#1725=EDGE_LOOP('',(#2199));
#1726=EDGE_LOOP('',(#2200));
#1727=EDGE_LOOP('',(#2201));
#1728=EDGE_LOOP('',(#2202));
#1729=EDGE_LOOP('',(#2203));
#1730=EDGE_LOOP('',(#2204));
#1731=EDGE_LOOP('',(#2205));
#1732=EDGE_LOOP('',(#2206,#2207));
#1733=EDGE_LOOP('',(#2208,#2209));
#1734=EDGE_LOOP('',(#2210));
#1735=EDGE_LOOP('',(#2211));
#1736=EDGE_LOOP('',(#2212,#2213));
#1737=EDGE_LOOP('',(#2214,#2215));
#1738=EDGE_LOOP('',(#2216,#2217));
#1739=EDGE_LOOP('',(#2218));
#1740=EDGE_LOOP('',(#2219));
#1741=EDGE_LOOP('',(#2220,#2221));
#1742=EDGE_LOOP('',(#2222));
#1743=EDGE_LOOP('',(#2223));
#1744=EDGE_LOOP('',(#2224));
#1745=EDGE_LOOP('',(#2225));
#1746=EDGE_LOOP('',(#2226));
#1747=EDGE_LOOP('',(#2227));
#1748=EDGE_LOOP('',(#2228));
#1749=EDGE_LOOP('',(#2229));
#1750=EDGE_LOOP('',(#2230,#2231));
#1751=EDGE_LOOP('',(#2232,#2233));
#1752=EDGE_LOOP('',(#2234));
#1753=EDGE_LOOP('',(#2235));
#1754=EDGE_LOOP('',(#2236,#2237));
#1755=EDGE_LOOP('',(#2238,#2239));
#1756=EDGE_LOOP('',(#2240,#2241));
#1757=EDGE_LOOP('',(#2242));
#1758=EDGE_LOOP('',(#2243));
#1759=EDGE_LOOP('',(#2244,#2245));
#1760=EDGE_LOOP('',(#2246));
#1761=EDGE_LOOP('',(#2247));
#1762=EDGE_LOOP('',(#2248));
#1763=EDGE_LOOP('',(#2249));
#1764=EDGE_LOOP('',(#2250));
#1765=EDGE_LOOP('',(#2251));
#1766=EDGE_LOOP('',(#2252));
#1767=EDGE_LOOP('',(#2253));
#1768=EDGE_LOOP('',(#2254,#2255));
#1769=EDGE_LOOP('',(#2256,#2257));
#1770=EDGE_LOOP('',(#2258));
#1771=EDGE_LOOP('',(#2259));
#1772=EDGE_LOOP('',(#2260,#2261));
#1773=EDGE_LOOP('',(#2262,#2263));
#1774=EDGE_LOOP('',(#2264,#2265));
#1775=EDGE_LOOP('',(#2266));
#1776=EDGE_LOOP('',(#2267));
#1777=EDGE_LOOP('',(#2268,#2269));
#1778=EDGE_LOOP('',(#2270));
#1779=EDGE_LOOP('',(#2271));
#1780=EDGE_LOOP('',(#2272));
#1781=EDGE_LOOP('',(#2273));
#1782=EDGE_LOOP('',(#2274));
#1783=EDGE_LOOP('',(#2275));
#1784=EDGE_LOOP('',(#2276));
#1785=EDGE_LOOP('',(#2277));
#1786=EDGE_LOOP('',(#2278,#2279));
#1787=EDGE_LOOP('',(#2280));
#1788=EDGE_LOOP('',(#2281));
#1789=EDGE_LOOP('',(#2282,#2283));
#1790=EDGE_LOOP('',(#2284,#2285));
#1791=EDGE_LOOP('',(#2286,#2287));
#1792=EDGE_LOOP('',(#2288));
#1793=EDGE_LOOP('',(#2289));
#1794=EDGE_LOOP('',(#2290));
#1795=EDGE_LOOP('',(#2291,#2292));
#1796=EDGE_LOOP('',(#2293,#2294));
#1797=EDGE_LOOP('',(#2295,#2296));
#1798=EDGE_LOOP('',(#2297));
#1799=EDGE_LOOP('',(#2298));
#1800=EDGE_LOOP('',(#2299));
#1801=EDGE_LOOP('',(#2300,#2301));
#1802=EDGE_LOOP('',(#2302,#2303));
#1803=EDGE_LOOP('',(#2304,#2305));
#1804=EDGE_LOOP('',(#2306));
#1805=EDGE_LOOP('',(#2307));
#1806=EDGE_LOOP('',(#2308));
#1807=EDGE_LOOP('',(#2309));
#1808=EDGE_LOOP('',(#2310));
#1809=EDGE_LOOP('',(#2311,#2312,#2313,#2314));
#1810=EDGE_LOOP('',(#2315));
#1811=EDGE_LOOP('',(#2316));
#1812=EDGE_LOOP('',(#2317));
#1813=EDGE_LOOP('',(#2318));
#1814=EDGE_LOOP('',(#2319));
#1815=EDGE_LOOP('',(#2320));
#1816=EDGE_LOOP('',(#2321));
#1817=EDGE_LOOP('',(#2322));
#1818=EDGE_LOOP('',(#2323));
#1819=EDGE_LOOP('',(#2324));
#1820=EDGE_LOOP('',(#2325));
#1821=EDGE_LOOP('',(#2326));
#1822=EDGE_LOOP('',(#2327,#2328,#2329,#2330));
#1823=EDGE_LOOP('',(#2331,#2332,#2333,#2334));
#1824=EDGE_LOOP('',(#2335,#2336,#2337,#2338));
#1825=EDGE_LOOP('',(#2339,#2340,#2341,#2342));
#1826=EDGE_LOOP('',(#2343,#2344,#2345,#2346));
#1827=EDGE_LOOP('',(#2347,#2348,#2349,#2350));
#1828=EDGE_LOOP('',(#2351,#2352,#2353,#2354));
#1829=EDGE_LOOP('',(#2355,#2356,#2357,#2358));
#1830=EDGE_LOOP('',(#2359,#2360,#2361,#2362));
#1831=EDGE_LOOP('',(#2363,#2364,#2365,#2366));
#1832=EDGE_LOOP('',(#2367));
#1833=EDGE_LOOP('',(#2368));
#1834=EDGE_LOOP('',(#2369));
#1835=EDGE_LOOP('',(#2370));
#1836=EDGE_LOOP('',(#2371));
#1837=EDGE_LOOP('',(#2372));
#1838=EDGE_LOOP('',(#2373));
#1839=EDGE_LOOP('',(#2374));
#1840=EDGE_LOOP('',(#2375));
#1841=EDGE_LOOP('',(#2376));
#1842=EDGE_LOOP('',(#2377));
#1843=EDGE_LOOP('',(#2378));
#1844=EDGE_LOOP('',(#2379));
#1845=EDGE_LOOP('',(#2380));
#1846=EDGE_LOOP('',(#2381));
#1847=EDGE_LOOP('',(#2382));
#1848=EDGE_LOOP('',(#2383));
#1849=EDGE_LOOP('',(#2384));
#1850=EDGE_LOOP('',(#2385));
#1851=EDGE_LOOP('',(#2386));
#1852=EDGE_LOOP('',(#2387));
#1853=EDGE_LOOP('',(#2388));
#1854=EDGE_LOOP('',(#2389));
#1855=EDGE_LOOP('',(#2390));
#1856=EDGE_LOOP('',(#2391));
#1857=EDGE_LOOP('',(#2392));
#1858=EDGE_LOOP('',(#2393));
#1859=EDGE_LOOP('',(#2394));
#1860=EDGE_LOOP('',(#2395));
#1861=EDGE_LOOP('',(#2396));
#1862=EDGE_LOOP('',(#2397));
#1863=EDGE_LOOP('',(#2398));
#1864=EDGE_LOOP('',(#2399,#2400,#2401,#2402,#2403,#2404,#2405,#2406));
#1865=EDGE_LOOP('',(#2407,#2408,#2409,#2410));
#1866=EDGE_LOOP('',(#2411,#2412,#2413,#2414));
#1867=EDGE_LOOP('',(#2415,#2416,#2417,#2418));
#1868=EDGE_LOOP('',(#2419,#2420,#2421,#2422));
#1869=EDGE_LOOP('',(#2423,#2424,#2425,#2426));
#1870=EDGE_LOOP('',(#2427,#2428,#2429,#2430));
#1871=EDGE_LOOP('',(#2431,#2432,#2433,#2434));
#1872=EDGE_LOOP('',(#2435,#2436,#2437,#2438));
#1873=EDGE_LOOP('',(#2439,#2440,#2441,#2442));
#1874=EDGE_LOOP('',(#2443,#2444,#2445,#2446));
#1875=EDGE_LOOP('',(#2447,#2448,#2449,#2450));
#1876=EDGE_LOOP('',(#2451,#2452,#2453,#2454));
#1877=EDGE_LOOP('',(#2455,#2456,#2457,#2458));
#1878=EDGE_LOOP('',(#2459,#2460,#2461,#2462));
#1879=EDGE_LOOP('',(#2463,#2464,#2465,#2466,#2467,#2468,#2469,#2470));
#1880=EDGE_LOOP('',(#2471,#2472,#2473,#2474));
#1881=EDGE_LOOP('',(#2475,#2476,#2477,#2478));
#1882=EDGE_LOOP('',(#2479,#2480,#2481,#2482));
#1883=EDGE_LOOP('',(#2483,#2484,#2485,#2486,#2487,#2488,#2489,#2490));
#1884=EDGE_LOOP('',(#2491,#2492,#2493,#2494));
#1885=EDGE_LOOP('',(#2495,#2496,#2497,#2498));
#1886=EDGE_LOOP('',(#2499,#2500,#2501,#2502,#2503,#2504));
#1887=EDGE_LOOP('',(#2505));
#1888=EDGE_LOOP('',(#2506,#2507,#2508,#2509,#2510,#2511,#2512,#2513));
#1889=EDGE_LOOP('',(#2514,#2515,#2516,#2517));
#1890=EDGE_LOOP('',(#2518));
#1891=EDGE_LOOP('',(#2519));
#1892=EDGE_LOOP('',(#2520,#2521,#2522,#2523,#2524,#2525,#2526,#2527));
#1893=EDGE_LOOP('',(#2528,#2529,#2530,#2531));
#1894=EDGE_LOOP('',(#2532,#2533,#2534,#2535));
#1895=EDGE_LOOP('',(#2536,#2537,#2538,#2539,#2540,#2541));
#1896=EDGE_LOOP('',(#2542,#2543,#2544,#2545));
#1897=EDGE_LOOP('',(#2546,#2547,#2548,#2549,#2550,#2551));
#1898=EDGE_LOOP('',(#2552,#2553,#2554,#2555));
#1899=EDGE_LOOP('',(#2556,#2557,#2558,#2559,#2560,#2561,#2562,#2563));
#1900=EDGE_LOOP('',(#2564,#2565,#2566,#2567));
#1901=EDGE_LOOP('',(#2568,#2569,#2570,#2571,#2572,#2573));
#1902=EDGE_LOOP('',(#2574));
#1903=EDGE_LOOP('',(#2575,#2576,#2577,#2578,#2579,#2580,#2581,#2582));
#1904=EDGE_LOOP('',(#2583));
#1905=EDGE_LOOP('',(#2584));
#1906=EDGE_LOOP('',(#2585));
#1907=EDGE_LOOP('',(#2586));
#1908=EDGE_LOOP('',(#2587));
#1909=EDGE_LOOP('',(#2588));
#1910=EDGE_LOOP('',(#2589));
#1911=EDGE_LOOP('',(#2590));
#1912=EDGE_LOOP('',(#2591));
#1913=EDGE_LOOP('',(#2592));
#1914=EDGE_LOOP('',(#2593));
#1915=EDGE_LOOP('',(#2594));
#1916=EDGE_LOOP('',(#2595));
#1917=EDGE_LOOP('',(#2596));
#1918=EDGE_LOOP('',(#2597));
#1919=EDGE_LOOP('',(#2598));
#1920=EDGE_LOOP('',(#2599));
#1921=EDGE_LOOP('',(#2600));
#1922=EDGE_LOOP('',(#2601));
#1923=EDGE_LOOP('',(#2602));
#1924=EDGE_LOOP('',(#2603));
#1925=EDGE_LOOP('',(#2604));
#1926=EDGE_LOOP('',(#2605));
#1927=EDGE_LOOP('',(#2606));
#1928=EDGE_LOOP('',(#2607));
#1929=EDGE_LOOP('',(#2608));
#1930=EDGE_LOOP('',(#2609));
#1931=EDGE_LOOP('',(#2610));
#1932=EDGE_LOOP('',(#2611));
#1933=EDGE_LOOP('',(#2612));
#1934=EDGE_LOOP('',(#2613));
#1935=EDGE_LOOP('',(#2614));
#1936=EDGE_LOOP('',(#2615,#2616,#2617,#2618,#2619,#2620,#2621,#2622));
#1937=EDGE_LOOP('',(#2623,#2624));
#1938=EDGE_LOOP('',(#2625));
#1939=EDGE_LOOP('',(#2626,#2627));
#1940=ORIENTED_EDGE('',*,*,#2896,.F.);
#1941=ORIENTED_EDGE('',*,*,#2897,.F.);
#1942=ORIENTED_EDGE('',*,*,#2898,.F.);
#1943=ORIENTED_EDGE('',*,*,#2899,.F.);
#1944=ORIENTED_EDGE('',*,*,#2898,.T.);
#1945=ORIENTED_EDGE('',*,*,#2900,.T.);
#1946=ORIENTED_EDGE('',*,*,#2901,.F.);
#1947=ORIENTED_EDGE('',*,*,#2897,.T.);
#1948=ORIENTED_EDGE('',*,*,#2900,.F.);
#1949=ORIENTED_EDGE('',*,*,#2899,.T.);
#1950=ORIENTED_EDGE('',*,*,#2902,.F.);
#1951=ORIENTED_EDGE('',*,*,#2903,.F.);
#1952=ORIENTED_EDGE('',*,*,#2902,.T.);
#1953=ORIENTED_EDGE('',*,*,#2904,.T.);
#1954=ORIENTED_EDGE('',*,*,#2905,.F.);
#1955=ORIENTED_EDGE('',*,*,#2896,.T.);
#1956=ORIENTED_EDGE('',*,*,#2904,.F.);
#1957=ORIENTED_EDGE('',*,*,#2903,.T.);
#1958=ORIENTED_EDGE('',*,*,#2906,.T.);
#1959=ORIENTED_EDGE('',*,*,#2907,.T.);
#1960=ORIENTED_EDGE('',*,*,#2906,.F.);
#1961=ORIENTED_EDGE('',*,*,#2908,.F.);
#1962=ORIENTED_EDGE('',*,*,#2908,.T.);
#1963=ORIENTED_EDGE('',*,*,#2909,.T.);
#1964=ORIENTED_EDGE('',*,*,#2910,.F.);
#1965=ORIENTED_EDGE('',*,*,#2911,.F.);
#1966=ORIENTED_EDGE('',*,*,#2912,.F.);
#1967=ORIENTED_EDGE('',*,*,#2913,.F.);
#1968=ORIENTED_EDGE('',*,*,#2912,.T.);
#1969=ORIENTED_EDGE('',*,*,#2914,.T.);
#1970=ORIENTED_EDGE('',*,*,#2915,.F.);
#1971=ORIENTED_EDGE('',*,*,#2911,.T.);
#1972=ORIENTED_EDGE('',*,*,#2914,.F.);
#1973=ORIENTED_EDGE('',*,*,#2913,.T.);
#1974=ORIENTED_EDGE('',*,*,#2916,.F.);
#1975=ORIENTED_EDGE('',*,*,#2917,.F.);
#1976=ORIENTED_EDGE('',*,*,#2916,.T.);
#1977=ORIENTED_EDGE('',*,*,#2918,.T.);
#1978=ORIENTED_EDGE('',*,*,#2919,.F.);
#1979=ORIENTED_EDGE('',*,*,#2910,.T.);
#1980=ORIENTED_EDGE('',*,*,#2918,.F.);
#1981=ORIENTED_EDGE('',*,*,#2917,.T.);
#1982=ORIENTED_EDGE('',*,*,#2920,.T.);
#1983=ORIENTED_EDGE('',*,*,#2921,.T.);
#1984=ORIENTED_EDGE('',*,*,#2920,.F.);
#1985=ORIENTED_EDGE('',*,*,#2922,.F.);
#1986=ORIENTED_EDGE('',*,*,#2922,.T.);
#1987=ORIENTED_EDGE('',*,*,#2923,.T.);
#1988=ORIENTED_EDGE('',*,*,#2924,.F.);
#1989=ORIENTED_EDGE('',*,*,#2925,.F.);
#1990=ORIENTED_EDGE('',*,*,#2926,.F.);
#1991=ORIENTED_EDGE('',*,*,#2927,.F.);
#1992=ORIENTED_EDGE('',*,*,#2926,.T.);
#1993=ORIENTED_EDGE('',*,*,#2928,.T.);
#1994=ORIENTED_EDGE('',*,*,#2929,.F.);
#1995=ORIENTED_EDGE('',*,*,#2925,.T.);
#1996=ORIENTED_EDGE('',*,*,#2928,.F.);
#1997=ORIENTED_EDGE('',*,*,#2927,.T.);
#1998=ORIENTED_EDGE('',*,*,#2930,.F.);
#1999=ORIENTED_EDGE('',*,*,#2931,.F.);
#2000=ORIENTED_EDGE('',*,*,#2930,.T.);
#2001=ORIENTED_EDGE('',*,*,#2932,.T.);
#2002=ORIENTED_EDGE('',*,*,#2933,.F.);
#2003=ORIENTED_EDGE('',*,*,#2924,.T.);
#2004=ORIENTED_EDGE('',*,*,#2932,.F.);
#2005=ORIENTED_EDGE('',*,*,#2931,.T.);
#2006=ORIENTED_EDGE('',*,*,#2934,.T.);
#2007=ORIENTED_EDGE('',*,*,#2935,.T.);
#2008=ORIENTED_EDGE('',*,*,#2934,.F.);
#2009=ORIENTED_EDGE('',*,*,#2936,.F.);
#2010=ORIENTED_EDGE('',*,*,#2936,.T.);
#2011=ORIENTED_EDGE('',*,*,#2937,.T.);
#2012=ORIENTED_EDGE('',*,*,#2938,.F.);
#2013=ORIENTED_EDGE('',*,*,#2939,.F.);
#2014=ORIENTED_EDGE('',*,*,#2940,.F.);
#2015=ORIENTED_EDGE('',*,*,#2941,.F.);
#2016=ORIENTED_EDGE('',*,*,#2940,.T.);
#2017=ORIENTED_EDGE('',*,*,#2942,.T.);
#2018=ORIENTED_EDGE('',*,*,#2943,.F.);
#2019=ORIENTED_EDGE('',*,*,#2939,.T.);
#2020=ORIENTED_EDGE('',*,*,#2942,.F.);
#2021=ORIENTED_EDGE('',*,*,#2941,.T.);
#2022=ORIENTED_EDGE('',*,*,#2944,.F.);
#2023=ORIENTED_EDGE('',*,*,#2945,.F.);
#2024=ORIENTED_EDGE('',*,*,#2944,.T.);
#2025=ORIENTED_EDGE('',*,*,#2946,.T.);
#2026=ORIENTED_EDGE('',*,*,#2947,.F.);
#2027=ORIENTED_EDGE('',*,*,#2938,.T.);
#2028=ORIENTED_EDGE('',*,*,#2946,.F.);
#2029=ORIENTED_EDGE('',*,*,#2945,.T.);
#2030=ORIENTED_EDGE('',*,*,#2948,.T.);
#2031=ORIENTED_EDGE('',*,*,#2949,.T.);
#2032=ORIENTED_EDGE('',*,*,#2948,.F.);
#2033=ORIENTED_EDGE('',*,*,#2950,.F.);
#2034=ORIENTED_EDGE('',*,*,#2950,.T.);
#2035=ORIENTED_EDGE('',*,*,#2951,.T.);
#2036=ORIENTED_EDGE('',*,*,#2952,.F.);
#2037=ORIENTED_EDGE('',*,*,#2953,.F.);
#2038=ORIENTED_EDGE('',*,*,#2954,.F.);
#2039=ORIENTED_EDGE('',*,*,#2955,.F.);
#2040=ORIENTED_EDGE('',*,*,#2954,.T.);
#2041=ORIENTED_EDGE('',*,*,#2956,.T.);
#2042=ORIENTED_EDGE('',*,*,#2957,.F.);
#2043=ORIENTED_EDGE('',*,*,#2953,.T.);
#2044=ORIENTED_EDGE('',*,*,#2956,.F.);
#2045=ORIENTED_EDGE('',*,*,#2955,.T.);
#2046=ORIENTED_EDGE('',*,*,#2958,.F.);
#2047=ORIENTED_EDGE('',*,*,#2959,.F.);
#2048=ORIENTED_EDGE('',*,*,#2958,.T.);
#2049=ORIENTED_EDGE('',*,*,#2960,.T.);
#2050=ORIENTED_EDGE('',*,*,#2961,.F.);
#2051=ORIENTED_EDGE('',*,*,#2952,.T.);
#2052=ORIENTED_EDGE('',*,*,#2960,.F.);
#2053=ORIENTED_EDGE('',*,*,#2959,.T.);
#2054=ORIENTED_EDGE('',*,*,#2962,.T.);
#2055=ORIENTED_EDGE('',*,*,#2963,.T.);
#2056=ORIENTED_EDGE('',*,*,#2962,.F.);
#2057=ORIENTED_EDGE('',*,*,#2964,.F.);
#2058=ORIENTED_EDGE('',*,*,#2964,.T.);
#2059=ORIENTED_EDGE('',*,*,#2965,.T.);
#2060=ORIENTED_EDGE('',*,*,#2966,.F.);
#2061=ORIENTED_EDGE('',*,*,#2967,.F.);
#2062=ORIENTED_EDGE('',*,*,#2968,.F.);
#2063=ORIENTED_EDGE('',*,*,#2969,.F.);
#2064=ORIENTED_EDGE('',*,*,#2968,.T.);
#2065=ORIENTED_EDGE('',*,*,#2970,.T.);
#2066=ORIENTED_EDGE('',*,*,#2971,.F.);
#2067=ORIENTED_EDGE('',*,*,#2967,.T.);
#2068=ORIENTED_EDGE('',*,*,#2970,.F.);
#2069=ORIENTED_EDGE('',*,*,#2969,.T.);
#2070=ORIENTED_EDGE('',*,*,#2972,.F.);
#2071=ORIENTED_EDGE('',*,*,#2973,.F.);
#2072=ORIENTED_EDGE('',*,*,#2972,.T.);
#2073=ORIENTED_EDGE('',*,*,#2974,.T.);
#2074=ORIENTED_EDGE('',*,*,#2975,.F.);
#2075=ORIENTED_EDGE('',*,*,#2966,.T.);
#2076=ORIENTED_EDGE('',*,*,#2974,.F.);
#2077=ORIENTED_EDGE('',*,*,#2973,.T.);
#2078=ORIENTED_EDGE('',*,*,#2976,.T.);
#2079=ORIENTED_EDGE('',*,*,#2977,.T.);
#2080=ORIENTED_EDGE('',*,*,#2976,.F.);
#2081=ORIENTED_EDGE('',*,*,#2978,.F.);
#2082=ORIENTED_EDGE('',*,*,#2978,.T.);
#2083=ORIENTED_EDGE('',*,*,#2979,.T.);
#2084=ORIENTED_EDGE('',*,*,#2980,.F.);
#2085=ORIENTED_EDGE('',*,*,#2981,.F.);
#2086=ORIENTED_EDGE('',*,*,#2982,.F.);
#2087=ORIENTED_EDGE('',*,*,#2983,.F.);
#2088=ORIENTED_EDGE('',*,*,#2982,.T.);
#2089=ORIENTED_EDGE('',*,*,#2984,.T.);
#2090=ORIENTED_EDGE('',*,*,#2985,.F.);
#2091=ORIENTED_EDGE('',*,*,#2981,.T.);
#2092=ORIENTED_EDGE('',*,*,#2984,.F.);
#2093=ORIENTED_EDGE('',*,*,#2983,.T.);
#2094=ORIENTED_EDGE('',*,*,#2986,.F.);
#2095=ORIENTED_EDGE('',*,*,#2987,.F.);
#2096=ORIENTED_EDGE('',*,*,#2986,.T.);
#2097=ORIENTED_EDGE('',*,*,#2988,.T.);
#2098=ORIENTED_EDGE('',*,*,#2989,.F.);
#2099=ORIENTED_EDGE('',*,*,#2980,.T.);
#2100=ORIENTED_EDGE('',*,*,#2988,.F.);
#2101=ORIENTED_EDGE('',*,*,#2987,.T.);
#2102=ORIENTED_EDGE('',*,*,#2990,.T.);
#2103=ORIENTED_EDGE('',*,*,#2991,.T.);
#2104=ORIENTED_EDGE('',*,*,#2990,.F.);
#2105=ORIENTED_EDGE('',*,*,#2992,.F.);
#2106=ORIENTED_EDGE('',*,*,#2992,.T.);
#2107=ORIENTED_EDGE('',*,*,#2993,.T.);
#2108=ORIENTED_EDGE('',*,*,#2994,.F.);
#2109=ORIENTED_EDGE('',*,*,#2995,.F.);
#2110=ORIENTED_EDGE('',*,*,#2996,.F.);
#2111=ORIENTED_EDGE('',*,*,#2997,.F.);
#2112=ORIENTED_EDGE('',*,*,#2996,.T.);
#2113=ORIENTED_EDGE('',*,*,#2998,.T.);
#2114=ORIENTED_EDGE('',*,*,#2999,.F.);
#2115=ORIENTED_EDGE('',*,*,#2995,.T.);
#2116=ORIENTED_EDGE('',*,*,#2998,.F.);
#2117=ORIENTED_EDGE('',*,*,#2997,.T.);
#2118=ORIENTED_EDGE('',*,*,#3000,.F.);
#2119=ORIENTED_EDGE('',*,*,#3001,.F.);
#2120=ORIENTED_EDGE('',*,*,#3000,.T.);
#2121=ORIENTED_EDGE('',*,*,#3002,.T.);
#2122=ORIENTED_EDGE('',*,*,#3003,.F.);
#2123=ORIENTED_EDGE('',*,*,#2994,.T.);
#2124=ORIENTED_EDGE('',*,*,#3002,.F.);
#2125=ORIENTED_EDGE('',*,*,#3001,.T.);
#2126=ORIENTED_EDGE('',*,*,#3004,.T.);
#2127=ORIENTED_EDGE('',*,*,#3005,.T.);
#2128=ORIENTED_EDGE('',*,*,#3004,.F.);
#2129=ORIENTED_EDGE('',*,*,#3006,.F.);
#2130=ORIENTED_EDGE('',*,*,#3006,.T.);
#2131=ORIENTED_EDGE('',*,*,#3007,.T.);
#2132=ORIENTED_EDGE('',*,*,#3008,.F.);
#2133=ORIENTED_EDGE('',*,*,#3009,.F.);
#2134=ORIENTED_EDGE('',*,*,#3010,.F.);
#2135=ORIENTED_EDGE('',*,*,#3011,.F.);
#2136=ORIENTED_EDGE('',*,*,#3010,.T.);
#2137=ORIENTED_EDGE('',*,*,#3012,.T.);
#2138=ORIENTED_EDGE('',*,*,#3013,.F.);
#2139=ORIENTED_EDGE('',*,*,#3009,.T.);
#2140=ORIENTED_EDGE('',*,*,#3012,.F.);
#2141=ORIENTED_EDGE('',*,*,#3011,.T.);
#2142=ORIENTED_EDGE('',*,*,#3014,.F.);
#2143=ORIENTED_EDGE('',*,*,#3015,.F.);
#2144=ORIENTED_EDGE('',*,*,#3014,.T.);
#2145=ORIENTED_EDGE('',*,*,#3016,.T.);
#2146=ORIENTED_EDGE('',*,*,#3017,.F.);
#2147=ORIENTED_EDGE('',*,*,#3008,.T.);
#2148=ORIENTED_EDGE('',*,*,#3016,.F.);
#2149=ORIENTED_EDGE('',*,*,#3015,.T.);
#2150=ORIENTED_EDGE('',*,*,#3018,.T.);
#2151=ORIENTED_EDGE('',*,*,#3019,.T.);
#2152=ORIENTED_EDGE('',*,*,#3018,.F.);
#2153=ORIENTED_EDGE('',*,*,#3020,.F.);
#2154=ORIENTED_EDGE('',*,*,#3020,.T.);
#2155=ORIENTED_EDGE('',*,*,#3021,.T.);
#2156=ORIENTED_EDGE('',*,*,#3022,.F.);
#2157=ORIENTED_EDGE('',*,*,#3023,.F.);
#2158=ORIENTED_EDGE('',*,*,#3024,.F.);
#2159=ORIENTED_EDGE('',*,*,#3025,.F.);
#2160=ORIENTED_EDGE('',*,*,#3024,.T.);
#2161=ORIENTED_EDGE('',*,*,#3026,.T.);
#2162=ORIENTED_EDGE('',*,*,#3027,.F.);
#2163=ORIENTED_EDGE('',*,*,#3023,.T.);
#2164=ORIENTED_EDGE('',*,*,#3026,.F.);
#2165=ORIENTED_EDGE('',*,*,#3025,.T.);
#2166=ORIENTED_EDGE('',*,*,#3028,.F.);
#2167=ORIENTED_EDGE('',*,*,#3029,.F.);
#2168=ORIENTED_EDGE('',*,*,#3028,.T.);
#2169=ORIENTED_EDGE('',*,*,#3030,.T.);
#2170=ORIENTED_EDGE('',*,*,#3031,.F.);
#2171=ORIENTED_EDGE('',*,*,#3022,.T.);
#2172=ORIENTED_EDGE('',*,*,#3030,.F.);
#2173=ORIENTED_EDGE('',*,*,#3029,.T.);
#2174=ORIENTED_EDGE('',*,*,#3032,.T.);
#2175=ORIENTED_EDGE('',*,*,#3033,.T.);
#2176=ORIENTED_EDGE('',*,*,#3032,.F.);
#2177=ORIENTED_EDGE('',*,*,#3034,.F.);
#2178=ORIENTED_EDGE('',*,*,#3034,.T.);
#2179=ORIENTED_EDGE('',*,*,#3035,.T.);
#2180=ORIENTED_EDGE('',*,*,#3036,.F.);
#2181=ORIENTED_EDGE('',*,*,#3037,.F.);
#2182=ORIENTED_EDGE('',*,*,#3038,.F.);
#2183=ORIENTED_EDGE('',*,*,#3039,.F.);
#2184=ORIENTED_EDGE('',*,*,#3038,.T.);
#2185=ORIENTED_EDGE('',*,*,#3040,.T.);
#2186=ORIENTED_EDGE('',*,*,#3041,.F.);
#2187=ORIENTED_EDGE('',*,*,#3037,.T.);
#2188=ORIENTED_EDGE('',*,*,#3040,.F.);
#2189=ORIENTED_EDGE('',*,*,#3039,.T.);
#2190=ORIENTED_EDGE('',*,*,#3042,.F.);
#2191=ORIENTED_EDGE('',*,*,#3043,.F.);
#2192=ORIENTED_EDGE('',*,*,#3042,.T.);
#2193=ORIENTED_EDGE('',*,*,#3044,.T.);
#2194=ORIENTED_EDGE('',*,*,#3045,.F.);
#2195=ORIENTED_EDGE('',*,*,#3036,.T.);
#2196=ORIENTED_EDGE('',*,*,#3044,.F.);
#2197=ORIENTED_EDGE('',*,*,#3043,.T.);
#2198=ORIENTED_EDGE('',*,*,#3046,.T.);
#2199=ORIENTED_EDGE('',*,*,#3047,.T.);
#2200=ORIENTED_EDGE('',*,*,#3046,.F.);
#2201=ORIENTED_EDGE('',*,*,#3048,.F.);
#2202=ORIENTED_EDGE('',*,*,#3048,.T.);
#2203=ORIENTED_EDGE('',*,*,#3049,.T.);
#2204=ORIENTED_EDGE('',*,*,#3050,.F.);
#2205=ORIENTED_EDGE('',*,*,#3051,.F.);
#2206=ORIENTED_EDGE('',*,*,#3052,.F.);
#2207=ORIENTED_EDGE('',*,*,#3053,.F.);
#2208=ORIENTED_EDGE('',*,*,#3052,.T.);
#2209=ORIENTED_EDGE('',*,*,#3054,.T.);
#2210=ORIENTED_EDGE('',*,*,#3055,.F.);
#2211=ORIENTED_EDGE('',*,*,#3051,.T.);
#2212=ORIENTED_EDGE('',*,*,#3054,.F.);
#2213=ORIENTED_EDGE('',*,*,#3053,.T.);
#2214=ORIENTED_EDGE('',*,*,#3056,.F.);
#2215=ORIENTED_EDGE('',*,*,#3057,.F.);
#2216=ORIENTED_EDGE('',*,*,#3056,.T.);
#2217=ORIENTED_EDGE('',*,*,#3058,.T.);
#2218=ORIENTED_EDGE('',*,*,#3059,.F.);
#2219=ORIENTED_EDGE('',*,*,#3050,.T.);
#2220=ORIENTED_EDGE('',*,*,#3058,.F.);
#2221=ORIENTED_EDGE('',*,*,#3057,.T.);
#2222=ORIENTED_EDGE('',*,*,#3060,.T.);
#2223=ORIENTED_EDGE('',*,*,#3061,.T.);
#2224=ORIENTED_EDGE('',*,*,#3060,.F.);
#2225=ORIENTED_EDGE('',*,*,#3062,.F.);
#2226=ORIENTED_EDGE('',*,*,#3062,.T.);
#2227=ORIENTED_EDGE('',*,*,#3063,.T.);
#2228=ORIENTED_EDGE('',*,*,#3064,.F.);
#2229=ORIENTED_EDGE('',*,*,#3065,.F.);
#2230=ORIENTED_EDGE('',*,*,#3066,.F.);
#2231=ORIENTED_EDGE('',*,*,#3067,.F.);
#2232=ORIENTED_EDGE('',*,*,#3066,.T.);
#2233=ORIENTED_EDGE('',*,*,#3068,.T.);
#2234=ORIENTED_EDGE('',*,*,#3069,.F.);
#2235=ORIENTED_EDGE('',*,*,#3065,.T.);
#2236=ORIENTED_EDGE('',*,*,#3068,.F.);
#2237=ORIENTED_EDGE('',*,*,#3067,.T.);
#2238=ORIENTED_EDGE('',*,*,#3070,.F.);
#2239=ORIENTED_EDGE('',*,*,#3071,.F.);
#2240=ORIENTED_EDGE('',*,*,#3070,.T.);
#2241=ORIENTED_EDGE('',*,*,#3072,.T.);
#2242=ORIENTED_EDGE('',*,*,#3073,.F.);
#2243=ORIENTED_EDGE('',*,*,#3064,.T.);
#2244=ORIENTED_EDGE('',*,*,#3072,.F.);
#2245=ORIENTED_EDGE('',*,*,#3071,.T.);
#2246=ORIENTED_EDGE('',*,*,#3074,.T.);
#2247=ORIENTED_EDGE('',*,*,#3075,.T.);
#2248=ORIENTED_EDGE('',*,*,#3074,.F.);
#2249=ORIENTED_EDGE('',*,*,#3076,.F.);
#2250=ORIENTED_EDGE('',*,*,#3076,.T.);
#2251=ORIENTED_EDGE('',*,*,#3077,.T.);
#2252=ORIENTED_EDGE('',*,*,#3078,.F.);
#2253=ORIENTED_EDGE('',*,*,#3079,.F.);
#2254=ORIENTED_EDGE('',*,*,#3080,.F.);
#2255=ORIENTED_EDGE('',*,*,#3081,.F.);
#2256=ORIENTED_EDGE('',*,*,#3080,.T.);
#2257=ORIENTED_EDGE('',*,*,#3082,.T.);
#2258=ORIENTED_EDGE('',*,*,#3083,.F.);
#2259=ORIENTED_EDGE('',*,*,#3079,.T.);
#2260=ORIENTED_EDGE('',*,*,#3082,.F.);
#2261=ORIENTED_EDGE('',*,*,#3081,.T.);
#2262=ORIENTED_EDGE('',*,*,#3084,.F.);
#2263=ORIENTED_EDGE('',*,*,#3085,.F.);
#2264=ORIENTED_EDGE('',*,*,#3084,.T.);
#2265=ORIENTED_EDGE('',*,*,#3086,.T.);
#2266=ORIENTED_EDGE('',*,*,#3087,.F.);
#2267=ORIENTED_EDGE('',*,*,#3078,.T.);
#2268=ORIENTED_EDGE('',*,*,#3086,.F.);
#2269=ORIENTED_EDGE('',*,*,#3085,.T.);
#2270=ORIENTED_EDGE('',*,*,#3088,.T.);
#2271=ORIENTED_EDGE('',*,*,#3089,.T.);
#2272=ORIENTED_EDGE('',*,*,#3088,.F.);
#2273=ORIENTED_EDGE('',*,*,#3090,.F.);
#2274=ORIENTED_EDGE('',*,*,#3090,.T.);
#2275=ORIENTED_EDGE('',*,*,#3091,.T.);
#2276=ORIENTED_EDGE('',*,*,#3092,.F.);
#2277=ORIENTED_EDGE('',*,*,#3092,.T.);
#2278=ORIENTED_EDGE('',*,*,#3093,.F.);
#2279=ORIENTED_EDGE('',*,*,#3094,.T.);
#2280=ORIENTED_EDGE('',*,*,#3095,.F.);
#2281=ORIENTED_EDGE('',*,*,#3095,.T.);
#2282=ORIENTED_EDGE('',*,*,#3096,.F.);
#2283=ORIENTED_EDGE('',*,*,#3097,.T.);
#2284=ORIENTED_EDGE('',*,*,#3098,.F.);
#2285=ORIENTED_EDGE('',*,*,#3097,.F.);
#2286=ORIENTED_EDGE('',*,*,#3098,.T.);
#2287=ORIENTED_EDGE('',*,*,#3096,.T.);
#2288=ORIENTED_EDGE('',*,*,#3099,.F.);
#2289=ORIENTED_EDGE('',*,*,#3100,.F.);
#2290=ORIENTED_EDGE('',*,*,#3100,.T.);
#2291=ORIENTED_EDGE('',*,*,#3101,.F.);
#2292=ORIENTED_EDGE('',*,*,#3102,.T.);
#2293=ORIENTED_EDGE('',*,*,#3103,.F.);
#2294=ORIENTED_EDGE('',*,*,#3102,.F.);
#2295=ORIENTED_EDGE('',*,*,#3103,.T.);
#2296=ORIENTED_EDGE('',*,*,#3101,.T.);
#2297=ORIENTED_EDGE('',*,*,#3104,.F.);
#2298=ORIENTED_EDGE('',*,*,#3105,.F.);
#2299=ORIENTED_EDGE('',*,*,#3105,.T.);
#2300=ORIENTED_EDGE('',*,*,#3106,.F.);
#2301=ORIENTED_EDGE('',*,*,#3107,.T.);
#2302=ORIENTED_EDGE('',*,*,#3108,.F.);
#2303=ORIENTED_EDGE('',*,*,#3107,.F.);
#2304=ORIENTED_EDGE('',*,*,#3108,.T.);
#2305=ORIENTED_EDGE('',*,*,#3106,.T.);
#2306=ORIENTED_EDGE('',*,*,#3109,.F.);
#2307=ORIENTED_EDGE('',*,*,#3110,.F.);
#2308=ORIENTED_EDGE('',*,*,#3111,.F.);
#2309=ORIENTED_EDGE('',*,*,#3112,.F.);
#2310=ORIENTED_EDGE('',*,*,#3113,.F.);
#2311=ORIENTED_EDGE('',*,*,#3114,.F.);
#2312=ORIENTED_EDGE('',*,*,#3115,.T.);
#2313=ORIENTED_EDGE('',*,*,#3116,.F.);
#2314=ORIENTED_EDGE('',*,*,#3117,.F.);
#2315=ORIENTED_EDGE('',*,*,#3118,.F.);
#2316=ORIENTED_EDGE('',*,*,#3118,.T.);
#2317=ORIENTED_EDGE('',*,*,#3119,.T.);
#2318=ORIENTED_EDGE('',*,*,#3120,.F.);
#2319=ORIENTED_EDGE('',*,*,#3120,.T.);
#2320=ORIENTED_EDGE('',*,*,#3121,.T.);
#2321=ORIENTED_EDGE('',*,*,#3122,.F.);
#2322=ORIENTED_EDGE('',*,*,#3122,.T.);
#2323=ORIENTED_EDGE('',*,*,#3123,.T.);
#2324=ORIENTED_EDGE('',*,*,#3124,.F.);
#2325=ORIENTED_EDGE('',*,*,#3124,.T.);
#2326=ORIENTED_EDGE('',*,*,#3125,.T.);
#2327=ORIENTED_EDGE('',*,*,#3126,.F.);
#2328=ORIENTED_EDGE('',*,*,#3127,.T.);
#2329=ORIENTED_EDGE('',*,*,#3128,.T.);
#2330=ORIENTED_EDGE('',*,*,#3129,.T.);
#2331=ORIENTED_EDGE('',*,*,#3130,.F.);
#2332=ORIENTED_EDGE('',*,*,#3131,.F.);
#2333=ORIENTED_EDGE('',*,*,#3132,.F.);
#2334=ORIENTED_EDGE('',*,*,#3133,.F.);
#2335=ORIENTED_EDGE('',*,*,#3132,.T.);
#2336=ORIENTED_EDGE('',*,*,#3127,.F.);
#2337=ORIENTED_EDGE('',*,*,#3134,.T.);
#2338=ORIENTED_EDGE('',*,*,#3135,.F.);
#2339=ORIENTED_EDGE('',*,*,#3134,.F.);
#2340=ORIENTED_EDGE('',*,*,#3136,.F.);
#2341=ORIENTED_EDGE('',*,*,#3137,.T.);
#2342=ORIENTED_EDGE('',*,*,#3138,.F.);
#2343=ORIENTED_EDGE('',*,*,#3137,.F.);
#2344=ORIENTED_EDGE('',*,*,#3139,.F.);
#2345=ORIENTED_EDGE('',*,*,#3140,.T.);
#2346=ORIENTED_EDGE('',*,*,#3141,.F.);
#2347=ORIENTED_EDGE('',*,*,#3142,.F.);
#2348=ORIENTED_EDGE('',*,*,#3143,.T.);
#2349=ORIENTED_EDGE('',*,*,#3144,.T.);
#2350=ORIENTED_EDGE('',*,*,#3145,.T.);
#2351=ORIENTED_EDGE('',*,*,#3144,.F.);
#2352=ORIENTED_EDGE('',*,*,#3146,.T.);
#2353=ORIENTED_EDGE('',*,*,#3147,.T.);
#2354=ORIENTED_EDGE('',*,*,#3148,.T.);
#2355=ORIENTED_EDGE('',*,*,#3147,.F.);
#2356=ORIENTED_EDGE('',*,*,#3149,.T.);
#2357=ORIENTED_EDGE('',*,*,#3150,.T.);
#2358=ORIENTED_EDGE('',*,*,#3151,.T.);
#2359=ORIENTED_EDGE('',*,*,#3150,.F.);
#2360=ORIENTED_EDGE('',*,*,#3139,.T.);
#2361=ORIENTED_EDGE('',*,*,#3152,.F.);
#2362=ORIENTED_EDGE('',*,*,#3153,.T.);
#2363=ORIENTED_EDGE('',*,*,#3152,.T.);
#2364=ORIENTED_EDGE('',*,*,#3136,.T.);
#2365=ORIENTED_EDGE('',*,*,#3126,.T.);
#2366=ORIENTED_EDGE('',*,*,#3154,.T.);
#2367=ORIENTED_EDGE('',*,*,#2907,.F.);
#2368=ORIENTED_EDGE('',*,*,#2909,.F.);
#2369=ORIENTED_EDGE('',*,*,#2921,.F.);
#2370=ORIENTED_EDGE('',*,*,#2923,.F.);
#2371=ORIENTED_EDGE('',*,*,#2935,.F.);
#2372=ORIENTED_EDGE('',*,*,#2937,.F.);
#2373=ORIENTED_EDGE('',*,*,#2949,.F.);
#2374=ORIENTED_EDGE('',*,*,#2951,.F.);
#2375=ORIENTED_EDGE('',*,*,#2963,.F.);
#2376=ORIENTED_EDGE('',*,*,#2965,.F.);
#2377=ORIENTED_EDGE('',*,*,#2977,.F.);
#2378=ORIENTED_EDGE('',*,*,#2979,.F.);
#2379=ORIENTED_EDGE('',*,*,#2991,.F.);
#2380=ORIENTED_EDGE('',*,*,#2993,.F.);
#2381=ORIENTED_EDGE('',*,*,#3005,.F.);
#2382=ORIENTED_EDGE('',*,*,#3007,.F.);
#2383=ORIENTED_EDGE('',*,*,#3019,.F.);
#2384=ORIENTED_EDGE('',*,*,#3021,.F.);
#2385=ORIENTED_EDGE('',*,*,#3033,.F.);
#2386=ORIENTED_EDGE('',*,*,#3035,.F.);
#2387=ORIENTED_EDGE('',*,*,#3047,.F.);
#2388=ORIENTED_EDGE('',*,*,#3049,.F.);
#2389=ORIENTED_EDGE('',*,*,#3061,.F.);
#2390=ORIENTED_EDGE('',*,*,#3063,.F.);
#2391=ORIENTED_EDGE('',*,*,#3075,.F.);
#2392=ORIENTED_EDGE('',*,*,#3077,.F.);
#2393=ORIENTED_EDGE('',*,*,#3089,.F.);
#2394=ORIENTED_EDGE('',*,*,#3091,.F.);
#2395=ORIENTED_EDGE('',*,*,#3119,.F.);
#2396=ORIENTED_EDGE('',*,*,#3121,.F.);
#2397=ORIENTED_EDGE('',*,*,#3123,.F.);
#2398=ORIENTED_EDGE('',*,*,#3125,.F.);
#2399=ORIENTED_EDGE('',*,*,#3129,.F.);
#2400=ORIENTED_EDGE('',*,*,#3155,.F.);
#2401=ORIENTED_EDGE('',*,*,#3156,.F.);
#2402=ORIENTED_EDGE('',*,*,#3145,.F.);
#2403=ORIENTED_EDGE('',*,*,#3148,.F.);
#2404=ORIENTED_EDGE('',*,*,#3151,.F.);
#2405=ORIENTED_EDGE('',*,*,#3153,.F.);
#2406=ORIENTED_EDGE('',*,*,#3154,.F.);
#2407=ORIENTED_EDGE('',*,*,#3157,.T.);
#2408=ORIENTED_EDGE('',*,*,#3155,.T.);
#2409=ORIENTED_EDGE('',*,*,#3128,.F.);
#2410=ORIENTED_EDGE('',*,*,#3131,.T.);
#2411=ORIENTED_EDGE('',*,*,#3157,.F.);
#2412=ORIENTED_EDGE('',*,*,#3158,.T.);
#2413=ORIENTED_EDGE('',*,*,#3142,.T.);
#2414=ORIENTED_EDGE('',*,*,#3156,.T.);
#2415=ORIENTED_EDGE('',*,*,#3159,.F.);
#2416=ORIENTED_EDGE('',*,*,#3158,.F.);
#2417=ORIENTED_EDGE('',*,*,#3130,.T.);
#2418=ORIENTED_EDGE('',*,*,#3160,.F.);
#2419=ORIENTED_EDGE('',*,*,#3161,.T.);
#2420=ORIENTED_EDGE('',*,*,#3160,.T.);
#2421=ORIENTED_EDGE('',*,*,#3162,.T.);
#2422=ORIENTED_EDGE('',*,*,#3163,.F.);
#2423=ORIENTED_EDGE('',*,*,#3162,.F.);
#2424=ORIENTED_EDGE('',*,*,#3133,.T.);
#2425=ORIENTED_EDGE('',*,*,#3164,.F.);
#2426=ORIENTED_EDGE('',*,*,#3165,.F.);
#2427=ORIENTED_EDGE('',*,*,#3166,.T.);
#2428=ORIENTED_EDGE('',*,*,#3167,.F.);
#2429=ORIENTED_EDGE('',*,*,#3164,.T.);
#2430=ORIENTED_EDGE('',*,*,#3135,.T.);
#2431=ORIENTED_EDGE('',*,*,#3166,.F.);
#2432=ORIENTED_EDGE('',*,*,#3138,.T.);
#2433=ORIENTED_EDGE('',*,*,#3168,.T.);
#2434=ORIENTED_EDGE('',*,*,#3169,.F.);
#2435=ORIENTED_EDGE('',*,*,#3170,.T.);
#2436=ORIENTED_EDGE('',*,*,#3171,.F.);
#2437=ORIENTED_EDGE('',*,*,#3168,.F.);
#2438=ORIENTED_EDGE('',*,*,#3141,.T.);
#2439=ORIENTED_EDGE('',*,*,#3170,.F.);
#2440=ORIENTED_EDGE('',*,*,#3172,.T.);
#2441=ORIENTED_EDGE('',*,*,#3173,.T.);
#2442=ORIENTED_EDGE('',*,*,#3174,.F.);
#2443=ORIENTED_EDGE('',*,*,#3140,.F.);
#2444=ORIENTED_EDGE('',*,*,#3149,.F.);
#2445=ORIENTED_EDGE('',*,*,#3175,.T.);
#2446=ORIENTED_EDGE('',*,*,#3172,.F.);
#2447=ORIENTED_EDGE('',*,*,#3175,.F.);
#2448=ORIENTED_EDGE('',*,*,#3146,.F.);
#2449=ORIENTED_EDGE('',*,*,#3176,.T.);
#2450=ORIENTED_EDGE('',*,*,#3177,.F.);
#2451=ORIENTED_EDGE('',*,*,#3176,.F.);
#2452=ORIENTED_EDGE('',*,*,#3143,.F.);
#2453=ORIENTED_EDGE('',*,*,#3159,.T.);
#2454=ORIENTED_EDGE('',*,*,#3178,.F.);
#2455=ORIENTED_EDGE('',*,*,#3179,.F.);
#2456=ORIENTED_EDGE('',*,*,#3178,.T.);
#2457=ORIENTED_EDGE('',*,*,#3161,.F.);
#2458=ORIENTED_EDGE('',*,*,#3180,.F.);
#2459=ORIENTED_EDGE('',*,*,#3179,.T.);
#2460=ORIENTED_EDGE('',*,*,#3181,.F.);
#2461=ORIENTED_EDGE('',*,*,#3173,.F.);
#2462=ORIENTED_EDGE('',*,*,#3177,.T.);
#2463=ORIENTED_EDGE('',*,*,#3181,.T.);
#2464=ORIENTED_EDGE('',*,*,#3180,.T.);
#2465=ORIENTED_EDGE('',*,*,#3163,.T.);
#2466=ORIENTED_EDGE('',*,*,#3165,.T.);
#2467=ORIENTED_EDGE('',*,*,#3167,.T.);
#2468=ORIENTED_EDGE('',*,*,#3169,.T.);
#2469=ORIENTED_EDGE('',*,*,#3171,.T.);
#2470=ORIENTED_EDGE('',*,*,#3174,.T.);
#2471=ORIENTED_EDGE('',*,*,#3182,.T.);
#2472=ORIENTED_EDGE('',*,*,#3183,.T.);
#2473=ORIENTED_EDGE('',*,*,#3184,.T.);
#2474=ORIENTED_EDGE('',*,*,#3185,.F.);
#2475=ORIENTED_EDGE('',*,*,#3186,.F.);
#2476=ORIENTED_EDGE('',*,*,#3187,.F.);
#2477=ORIENTED_EDGE('',*,*,#3188,.F.);
#2478=ORIENTED_EDGE('',*,*,#3189,.F.);
#2479=ORIENTED_EDGE('',*,*,#3188,.T.);
#2480=ORIENTED_EDGE('',*,*,#3190,.F.);
#2481=ORIENTED_EDGE('',*,*,#3191,.F.);
#2482=ORIENTED_EDGE('',*,*,#3192,.F.);
#2483=ORIENTED_EDGE('',*,*,#3193,.T.);
#2484=ORIENTED_EDGE('',*,*,#3194,.T.);
#2485=ORIENTED_EDGE('',*,*,#3195,.F.);
#2486=ORIENTED_EDGE('',*,*,#3190,.T.);
#2487=ORIENTED_EDGE('',*,*,#3187,.T.);
#2488=ORIENTED_EDGE('',*,*,#3196,.T.);
#2489=ORIENTED_EDGE('',*,*,#3183,.F.);
#2490=ORIENTED_EDGE('',*,*,#3197,.T.);
#2491=ORIENTED_EDGE('',*,*,#3198,.F.);
#2492=ORIENTED_EDGE('',*,*,#3194,.F.);
#2493=ORIENTED_EDGE('',*,*,#3199,.F.);
#2494=ORIENTED_EDGE('',*,*,#3200,.F.);
#2495=ORIENTED_EDGE('',*,*,#3199,.T.);
#2496=ORIENTED_EDGE('',*,*,#3193,.F.);
#2497=ORIENTED_EDGE('',*,*,#3201,.F.);
#2498=ORIENTED_EDGE('',*,*,#3202,.F.);
#2499=ORIENTED_EDGE('',*,*,#3203,.T.);
#2500=ORIENTED_EDGE('',*,*,#3204,.T.);
#2501=ORIENTED_EDGE('',*,*,#3201,.T.);
#2502=ORIENTED_EDGE('',*,*,#3197,.F.);
#2503=ORIENTED_EDGE('',*,*,#3182,.F.);
#2504=ORIENTED_EDGE('',*,*,#3205,.F.);
#2505=ORIENTED_EDGE('',*,*,#3113,.T.);
#2506=ORIENTED_EDGE('',*,*,#3204,.F.);
#2507=ORIENTED_EDGE('',*,*,#3206,.T.);
#2508=ORIENTED_EDGE('',*,*,#3207,.T.);
#2509=ORIENTED_EDGE('',*,*,#3114,.T.);
#2510=ORIENTED_EDGE('',*,*,#3208,.F.);
#2511=ORIENTED_EDGE('',*,*,#3209,.F.);
#2512=ORIENTED_EDGE('',*,*,#3200,.T.);
#2513=ORIENTED_EDGE('',*,*,#3202,.T.);
#2514=ORIENTED_EDGE('',*,*,#3210,.F.);
#2515=ORIENTED_EDGE('',*,*,#3208,.T.);
#2516=ORIENTED_EDGE('',*,*,#3117,.T.);
#2517=ORIENTED_EDGE('',*,*,#3211,.F.);
#2518=ORIENTED_EDGE('',*,*,#3110,.T.);
#2519=ORIENTED_EDGE('',*,*,#3112,.T.);
#2520=ORIENTED_EDGE('',*,*,#3212,.T.);
#2521=ORIENTED_EDGE('',*,*,#3213,.T.);
#2522=ORIENTED_EDGE('',*,*,#3214,.T.);
#2523=ORIENTED_EDGE('',*,*,#3215,.T.);
#2524=ORIENTED_EDGE('',*,*,#3216,.F.);
#2525=ORIENTED_EDGE('',*,*,#3211,.T.);
#2526=ORIENTED_EDGE('',*,*,#3116,.T.);
#2527=ORIENTED_EDGE('',*,*,#3217,.T.);
#2528=ORIENTED_EDGE('',*,*,#3218,.F.);
#2529=ORIENTED_EDGE('',*,*,#3215,.F.);
#2530=ORIENTED_EDGE('',*,*,#3219,.T.);
#2531=ORIENTED_EDGE('',*,*,#3220,.T.);
#2532=ORIENTED_EDGE('',*,*,#3221,.F.);
#2533=ORIENTED_EDGE('',*,*,#3219,.F.);
#2534=ORIENTED_EDGE('',*,*,#3214,.F.);
#2535=ORIENTED_EDGE('',*,*,#3222,.F.);
#2536=ORIENTED_EDGE('',*,*,#3223,.F.);
#2537=ORIENTED_EDGE('',*,*,#3224,.F.);
#2538=ORIENTED_EDGE('',*,*,#3225,.F.);
#2539=ORIENTED_EDGE('',*,*,#3222,.T.);
#2540=ORIENTED_EDGE('',*,*,#3213,.F.);
#2541=ORIENTED_EDGE('',*,*,#3226,.F.);
#2542=ORIENTED_EDGE('',*,*,#3227,.T.);
#2543=ORIENTED_EDGE('',*,*,#3226,.T.);
#2544=ORIENTED_EDGE('',*,*,#3212,.F.);
#2545=ORIENTED_EDGE('',*,*,#3228,.T.);
#2546=ORIENTED_EDGE('',*,*,#3229,.F.);
#2547=ORIENTED_EDGE('',*,*,#3228,.F.);
#2548=ORIENTED_EDGE('',*,*,#3217,.F.);
#2549=ORIENTED_EDGE('',*,*,#3115,.F.);
#2550=ORIENTED_EDGE('',*,*,#3207,.F.);
#2551=ORIENTED_EDGE('',*,*,#3230,.T.);
#2552=ORIENTED_EDGE('',*,*,#3231,.F.);
#2553=ORIENTED_EDGE('',*,*,#3230,.F.);
#2554=ORIENTED_EDGE('',*,*,#3206,.F.);
#2555=ORIENTED_EDGE('',*,*,#3203,.F.);
#2556=ORIENTED_EDGE('',*,*,#3231,.T.);
#2557=ORIENTED_EDGE('',*,*,#3205,.T.);
#2558=ORIENTED_EDGE('',*,*,#3185,.T.);
#2559=ORIENTED_EDGE('',*,*,#3232,.T.);
#2560=ORIENTED_EDGE('',*,*,#3233,.T.);
#2561=ORIENTED_EDGE('',*,*,#3223,.T.);
#2562=ORIENTED_EDGE('',*,*,#3227,.F.);
#2563=ORIENTED_EDGE('',*,*,#3229,.T.);
#2564=ORIENTED_EDGE('',*,*,#3233,.F.);
#2565=ORIENTED_EDGE('',*,*,#3234,.F.);
#2566=ORIENTED_EDGE('',*,*,#3235,.F.);
#2567=ORIENTED_EDGE('',*,*,#3224,.T.);
#2568=ORIENTED_EDGE('',*,*,#3234,.T.);
#2569=ORIENTED_EDGE('',*,*,#3232,.F.);
#2570=ORIENTED_EDGE('',*,*,#3184,.F.);
#2571=ORIENTED_EDGE('',*,*,#3196,.F.);
#2572=ORIENTED_EDGE('',*,*,#3186,.T.);
#2573=ORIENTED_EDGE('',*,*,#3236,.T.);
#2574=ORIENTED_EDGE('',*,*,#3111,.T.);
#2575=ORIENTED_EDGE('',*,*,#3236,.F.);
#2576=ORIENTED_EDGE('',*,*,#3189,.T.);
#2577=ORIENTED_EDGE('',*,*,#3192,.T.);
#2578=ORIENTED_EDGE('',*,*,#3237,.F.);
#2579=ORIENTED_EDGE('',*,*,#3220,.F.);
#2580=ORIENTED_EDGE('',*,*,#3221,.T.);
#2581=ORIENTED_EDGE('',*,*,#3225,.T.);
#2582=ORIENTED_EDGE('',*,*,#3235,.T.);
#2583=ORIENTED_EDGE('',*,*,#2905,.T.);
#2584=ORIENTED_EDGE('',*,*,#2901,.T.);
#2585=ORIENTED_EDGE('',*,*,#2919,.T.);
#2586=ORIENTED_EDGE('',*,*,#2915,.T.);
#2587=ORIENTED_EDGE('',*,*,#2933,.T.);
#2588=ORIENTED_EDGE('',*,*,#2929,.T.);
#2589=ORIENTED_EDGE('',*,*,#2947,.T.);
#2590=ORIENTED_EDGE('',*,*,#2943,.T.);
#2591=ORIENTED_EDGE('',*,*,#2961,.T.);
#2592=ORIENTED_EDGE('',*,*,#2957,.T.);
#2593=ORIENTED_EDGE('',*,*,#2975,.T.);
#2594=ORIENTED_EDGE('',*,*,#2971,.T.);
#2595=ORIENTED_EDGE('',*,*,#2989,.T.);
#2596=ORIENTED_EDGE('',*,*,#2985,.T.);
#2597=ORIENTED_EDGE('',*,*,#3003,.T.);
#2598=ORIENTED_EDGE('',*,*,#2999,.T.);
#2599=ORIENTED_EDGE('',*,*,#3017,.T.);
#2600=ORIENTED_EDGE('',*,*,#3013,.T.);
#2601=ORIENTED_EDGE('',*,*,#3031,.T.);
#2602=ORIENTED_EDGE('',*,*,#3027,.T.);
#2603=ORIENTED_EDGE('',*,*,#3045,.T.);
#2604=ORIENTED_EDGE('',*,*,#3041,.T.);
#2605=ORIENTED_EDGE('',*,*,#3059,.T.);
#2606=ORIENTED_EDGE('',*,*,#3055,.T.);
#2607=ORIENTED_EDGE('',*,*,#3073,.T.);
#2608=ORIENTED_EDGE('',*,*,#3069,.T.);
#2609=ORIENTED_EDGE('',*,*,#3087,.T.);
#2610=ORIENTED_EDGE('',*,*,#3083,.T.);
#2611=ORIENTED_EDGE('',*,*,#3099,.T.);
#2612=ORIENTED_EDGE('',*,*,#3104,.T.);
#2613=ORIENTED_EDGE('',*,*,#3109,.T.);
#2614=ORIENTED_EDGE('',*,*,#3238,.T.);
#2615=ORIENTED_EDGE('',*,*,#3237,.T.);
#2616=ORIENTED_EDGE('',*,*,#3191,.T.);
#2617=ORIENTED_EDGE('',*,*,#3195,.T.);
#2618=ORIENTED_EDGE('',*,*,#3198,.T.);
#2619=ORIENTED_EDGE('',*,*,#3209,.T.);
#2620=ORIENTED_EDGE('',*,*,#3210,.T.);
#2621=ORIENTED_EDGE('',*,*,#3216,.T.);
#2622=ORIENTED_EDGE('',*,*,#3218,.T.);
#2623=ORIENTED_EDGE('',*,*,#3239,.T.);
#2624=ORIENTED_EDGE('',*,*,#3093,.T.);
#2625=ORIENTED_EDGE('',*,*,#3238,.F.);
#2626=ORIENTED_EDGE('',*,*,#3239,.F.);
#2627=ORIENTED_EDGE('',*,*,#3094,.F.);
#2628=VERTEX_POINT('',#4868);
#2629=VERTEX_POINT('',#4871);
#2630=VERTEX_POINT('',#4874);
#2631=VERTEX_POINT('',#4875);
#2632=VERTEX_POINT('',#4893);
#2633=VERTEX_POINT('',#4897);
#2634=VERTEX_POINT('',#4898);
#2635=VERTEX_POINT('',#4916);
#2636=VERTEX_POINT('',#4920);
#2637=VERTEX_POINT('',#4922);
#2638=VERTEX_POINT('',#4926);
#2639=VERTEX_POINT('',#4929);
#2640=VERTEX_POINT('',#4932);
#2641=VERTEX_POINT('',#4935);
#2642=VERTEX_POINT('',#4938);
#2643=VERTEX_POINT('',#4939);
#2644=VERTEX_POINT('',#4957);
#2645=VERTEX_POINT('',#4961);
#2646=VERTEX_POINT('',#4962);
#2647=VERTEX_POINT('',#4980);
#2648=VERTEX_POINT('',#4984);
#2649=VERTEX_POINT('',#4986);
#2650=VERTEX_POINT('',#4990);
#2651=VERTEX_POINT('',#4993);
#2652=VERTEX_POINT('',#4996);
#2653=VERTEX_POINT('',#4999);
#2654=VERTEX_POINT('',#5002);
#2655=VERTEX_POINT('',#5003);
#2656=VERTEX_POINT('',#5021);
#2657=VERTEX_POINT('',#5025);
#2658=VERTEX_POINT('',#5026);
#2659=VERTEX_POINT('',#5044);
#2660=VERTEX_POINT('',#5048);
#2661=VERTEX_POINT('',#5050);
#2662=VERTEX_POINT('',#5054);
#2663=VERTEX_POINT('',#5057);
#2664=VERTEX_POINT('',#5060);
#2665=VERTEX_POINT('',#5063);
#2666=VERTEX_POINT('',#5066);
#2667=VERTEX_POINT('',#5067);
#2668=VERTEX_POINT('',#5085);
#2669=VERTEX_POINT('',#5089);
#2670=VERTEX_POINT('',#5090);
#2671=VERTEX_POINT('',#5108);
#2672=VERTEX_POINT('',#5112);
#2673=VERTEX_POINT('',#5114);
#2674=VERTEX_POINT('',#5118);
#2675=VERTEX_POINT('',#5121);
#2676=VERTEX_POINT('',#5124);
#2677=VERTEX_POINT('',#5127);
#2678=VERTEX_POINT('',#5130);
#2679=VERTEX_POINT('',#5131);
#2680=VERTEX_POINT('',#5149);
#2681=VERTEX_POINT('',#5153);
#2682=VERTEX_POINT('',#5154);
#2683=VERTEX_POINT('',#5172);
#2684=VERTEX_POINT('',#5176);
#2685=VERTEX_POINT('',#5178);
#2686=VERTEX_POINT('',#5182);
#2687=VERTEX_POINT('',#5185);
#2688=VERTEX_POINT('',#5188);
#2689=VERTEX_POINT('',#5191);
#2690=VERTEX_POINT('',#5194);
#2691=VERTEX_POINT('',#5195);
#2692=VERTEX_POINT('',#5213);
#2693=VERTEX_POINT('',#5217);
#2694=VERTEX_POINT('',#5218);
#2695=VERTEX_POINT('',#5236);
#2696=VERTEX_POINT('',#5240);
#2697=VERTEX_POINT('',#5242);
#2698=VERTEX_POINT('',#5246);
#2699=VERTEX_POINT('',#5249);
#2700=VERTEX_POINT('',#5252);
#2701=VERTEX_POINT('',#5255);
#2702=VERTEX_POINT('',#5258);
#2703=VERTEX_POINT('',#5259);
#2704=VERTEX_POINT('',#5277);
#2705=VERTEX_POINT('',#5281);
#2706=VERTEX_POINT('',#5282);
#2707=VERTEX_POINT('',#5300);
#2708=VERTEX_POINT('',#5304);
#2709=VERTEX_POINT('',#5306);
#2710=VERTEX_POINT('',#5310);
#2711=VERTEX_POINT('',#5313);
#2712=VERTEX_POINT('',#5316);
#2713=VERTEX_POINT('',#5319);
#2714=VERTEX_POINT('',#5322);
#2715=VERTEX_POINT('',#5323);
#2716=VERTEX_POINT('',#5341);
#2717=VERTEX_POINT('',#5345);
#2718=VERTEX_POINT('',#5346);
#2719=VERTEX_POINT('',#5364);
#2720=VERTEX_POINT('',#5368);
#2721=VERTEX_POINT('',#5370);
#2722=VERTEX_POINT('',#5374);
#2723=VERTEX_POINT('',#5377);
#2724=VERTEX_POINT('',#5380);
#2725=VERTEX_POINT('',#5383);
#2726=VERTEX_POINT('',#5386);
#2727=VERTEX_POINT('',#5387);
#2728=VERTEX_POINT('',#5405);
#2729=VERTEX_POINT('',#5409);
#2730=VERTEX_POINT('',#5410);
#2731=VERTEX_POINT('',#5428);
#2732=VERTEX_POINT('',#5432);
#2733=VERTEX_POINT('',#5434);
#2734=VERTEX_POINT('',#5438);
#2735=VERTEX_POINT('',#5441);
#2736=VERTEX_POINT('',#5444);
#2737=VERTEX_POINT('',#5447);
#2738=VERTEX_POINT('',#5450);
#2739=VERTEX_POINT('',#5451);
#2740=VERTEX_POINT('',#5469);
#2741=VERTEX_POINT('',#5473);
#2742=VERTEX_POINT('',#5474);
#2743=VERTEX_POINT('',#5492);
#2744=VERTEX_POINT('',#5496);
#2745=VERTEX_POINT('',#5498);
#2746=VERTEX_POINT('',#5502);
#2747=VERTEX_POINT('',#5505);
#2748=VERTEX_POINT('',#5508);
#2749=VERTEX_POINT('',#5511);
#2750=VERTEX_POINT('',#5514);
#2751=VERTEX_POINT('',#5515);
#2752=VERTEX_POINT('',#5533);
#2753=VERTEX_POINT('',#5537);
#2754=VERTEX_POINT('',#5538);
#2755=VERTEX_POINT('',#5556);
#2756=VERTEX_POINT('',#5560);
#2757=VERTEX_POINT('',#5562);
#2758=VERTEX_POINT('',#5566);
#2759=VERTEX_POINT('',#5569);
#2760=VERTEX_POINT('',#5572);
#2761=VERTEX_POINT('',#5575);
#2762=VERTEX_POINT('',#5578);
#2763=VERTEX_POINT('',#5579);
#2764=VERTEX_POINT('',#5597);
#2765=VERTEX_POINT('',#5601);
#2766=VERTEX_POINT('',#5602);
#2767=VERTEX_POINT('',#5620);
#2768=VERTEX_POINT('',#5624);
#2769=VERTEX_POINT('',#5626);
#2770=VERTEX_POINT('',#5630);
#2771=VERTEX_POINT('',#5633);
#2772=VERTEX_POINT('',#5636);
#2773=VERTEX_POINT('',#5639);
#2774=VERTEX_POINT('',#5642);
#2775=VERTEX_POINT('',#5643);
#2776=VERTEX_POINT('',#5661);
#2777=VERTEX_POINT('',#5665);
#2778=VERTEX_POINT('',#5666);
#2779=VERTEX_POINT('',#5684);
#2780=VERTEX_POINT('',#5688);
#2781=VERTEX_POINT('',#5690);
#2782=VERTEX_POINT('',#5694);
#2783=VERTEX_POINT('',#5697);
#2784=VERTEX_POINT('',#5700);
#2785=VERTEX_POINT('',#5703);
#2786=VERTEX_POINT('',#5706);
#2787=VERTEX_POINT('',#5707);
#2788=VERTEX_POINT('',#5725);
#2789=VERTEX_POINT('',#5729);
#2790=VERTEX_POINT('',#5730);
#2791=VERTEX_POINT('',#5748);
#2792=VERTEX_POINT('',#5752);
#2793=VERTEX_POINT('',#5754);
#2794=VERTEX_POINT('',#5758);
#2795=VERTEX_POINT('',#5761);
#2796=VERTEX_POINT('',#5764);
#2797=VERTEX_POINT('',#5780);
#2798=VERTEX_POINT('',#5781);
#2799=VERTEX_POINT('',#5785);
#2800=VERTEX_POINT('',#5801);
#2801=VERTEX_POINT('',#5802);
#2802=VERTEX_POINT('',#5808);
#2803=VERTEX_POINT('',#5811);
#2804=VERTEX_POINT('',#5827);
#2805=VERTEX_POINT('',#5828);
#2806=VERTEX_POINT('',#5834);
#2807=VERTEX_POINT('',#5837);
#2808=VERTEX_POINT('',#5853);
#2809=VERTEX_POINT('',#5854);
#2810=VERTEX_POINT('',#5860);
#2811=VERTEX_POINT('',#5863);
#2812=VERTEX_POINT('',#5865);
#2813=VERTEX_POINT('',#5868);
#2814=VERTEX_POINT('',#5870);
#2815=VERTEX_POINT('',#5873);
#2816=VERTEX_POINT('',#5874);
#2817=VERTEX_POINT('',#5876);
#2818=VERTEX_POINT('',#5878);
#2819=VERTEX_POINT('',#5882);
#2820=VERTEX_POINT('',#5885);
#2821=VERTEX_POINT('',#5888);
#2822=VERTEX_POINT('',#5891);
#2823=VERTEX_POINT('',#5894);
#2824=VERTEX_POINT('',#5897);
#2825=VERTEX_POINT('',#5900);
#2826=VERTEX_POINT('',#5903);
#2827=VERTEX_POINT('',#5906);
#2828=VERTEX_POINT('',#5907);
#2829=VERTEX_POINT('',#5909);
#2830=VERTEX_POINT('',#5911);
#2831=VERTEX_POINT('',#5915);
#2832=VERTEX_POINT('',#5916);
#2833=VERTEX_POINT('',#5919);
#2834=VERTEX_POINT('',#5923);
#2835=VERTEX_POINT('',#5927);
#2836=VERTEX_POINT('',#5929);
#2837=VERTEX_POINT('',#5933);
#2838=VERTEX_POINT('',#5935);
#2839=VERTEX_POINT('',#5939);
#2840=VERTEX_POINT('',#5940);
#2841=VERTEX_POINT('',#5942);
#2842=VERTEX_POINT('',#5944);
#2843=VERTEX_POINT('',#5948);
#2844=VERTEX_POINT('',#5950);
#2845=VERTEX_POINT('',#5955);
#2846=VERTEX_POINT('',#5959);
#2847=VERTEX_POINT('',#5965);
#2848=VERTEX_POINT('',#5973);
#2849=VERTEX_POINT('',#5977);
#2850=VERTEX_POINT('',#5979);
#2851=VERTEX_POINT('',#5983);
#2852=VERTEX_POINT('',#5987);
#2853=VERTEX_POINT('',#5991);
#2854=VERTEX_POINT('',#5995);
#2855=VERTEX_POINT('',#5999);
#2856=VERTEX_POINT('',#6001);
#2857=VERTEX_POINT('',#6007);
#2858=VERTEX_POINT('',#6013);
#2859=VERTEX_POINT('',#6019);
#2860=VERTEX_POINT('',#6020);
#2861=VERTEX_POINT('',#6022);
#2862=VERTEX_POINT('',#6024);
#2863=VERTEX_POINT('',#6028);
#2864=VERTEX_POINT('',#6029);
#2865=VERTEX_POINT('',#6031);
#2866=VERTEX_POINT('',#6033);
#2867=VERTEX_POINT('',#6037);
#2868=VERTEX_POINT('',#6039);
#2869=VERTEX_POINT('',#6043);
#2870=VERTEX_POINT('',#6044);
#2871=VERTEX_POINT('',#6046);
#2872=VERTEX_POINT('',#6052);
#2873=VERTEX_POINT('',#6054);
#2874=VERTEX_POINT('',#6058);
#2875=VERTEX_POINT('',#6062);
#2876=VERTEX_POINT('',#6063);
#2877=VERTEX_POINT('',#6068);
#2878=VERTEX_POINT('',#6071);
#2879=VERTEX_POINT('',#6075);
#2880=VERTEX_POINT('',#6079);
#2881=VERTEX_POINT('',#6080);
#2882=VERTEX_POINT('',#6082);
#2883=VERTEX_POINT('',#6084);
#2884=VERTEX_POINT('',#6086);
#2885=VERTEX_POINT('',#6091);
#2886=VERTEX_POINT('',#6093);
#2887=VERTEX_POINT('',#6097);
#2888=VERTEX_POINT('',#6101);
#2889=VERTEX_POINT('',#6102);
#2890=VERTEX_POINT('',#6104);
#2891=VERTEX_POINT('',#6109);
#2892=VERTEX_POINT('',#6113);
#2893=VERTEX_POINT('',#6119);
#2894=VERTEX_POINT('',#6123);
#2895=VERTEX_POINT('',#6131);
#2896=EDGE_CURVE('',#2628,#2628,#3240,.T.);
#2897=EDGE_CURVE('',#2629,#2629,#3241,.T.);
#2898=EDGE_CURVE('',#2630,#2631,#3242,.T.);
#2899=EDGE_CURVE('',#2631,#2630,#3243,.T.);
#2900=EDGE_CURVE('',#2631,#2630,#979,.T.);
#2901=EDGE_CURVE('',#2632,#2632,#3244,.T.);
#2902=EDGE_CURVE('',#2633,#2634,#3245,.T.);
#2903=EDGE_CURVE('',#2634,#2633,#3246,.T.);
#2904=EDGE_CURVE('',#2634,#2633,#980,.T.);
#2905=EDGE_CURVE('',#2635,#2635,#3247,.T.);
#2906=EDGE_CURVE('',#2636,#2636,#3248,.T.);
#2907=EDGE_CURVE('',#2637,#2637,#3249,.T.);
#2908=EDGE_CURVE('',#2638,#2638,#3250,.T.);
#2909=EDGE_CURVE('',#2639,#2639,#3251,.T.);
#2910=EDGE_CURVE('',#2640,#2640,#3252,.T.);
#2911=EDGE_CURVE('',#2641,#2641,#3253,.T.);
#2912=EDGE_CURVE('',#2642,#2643,#3254,.T.);
#2913=EDGE_CURVE('',#2643,#2642,#3255,.T.);
#2914=EDGE_CURVE('',#2643,#2642,#981,.T.);
#2915=EDGE_CURVE('',#2644,#2644,#3256,.T.);
#2916=EDGE_CURVE('',#2645,#2646,#3257,.T.);
#2917=EDGE_CURVE('',#2646,#2645,#3258,.T.);
#2918=EDGE_CURVE('',#2646,#2645,#982,.T.);
#2919=EDGE_CURVE('',#2647,#2647,#3259,.T.);
#2920=EDGE_CURVE('',#2648,#2648,#3260,.T.);
#2921=EDGE_CURVE('',#2649,#2649,#3261,.T.);
#2922=EDGE_CURVE('',#2650,#2650,#3262,.T.);
#2923=EDGE_CURVE('',#2651,#2651,#3263,.T.);
#2924=EDGE_CURVE('',#2652,#2652,#3264,.T.);
#2925=EDGE_CURVE('',#2653,#2653,#3265,.T.);
#2926=EDGE_CURVE('',#2654,#2655,#3266,.T.);
#2927=EDGE_CURVE('',#2655,#2654,#3267,.T.);
#2928=EDGE_CURVE('',#2655,#2654,#983,.T.);
#2929=EDGE_CURVE('',#2656,#2656,#3268,.T.);
#2930=EDGE_CURVE('',#2657,#2658,#3269,.T.);
#2931=EDGE_CURVE('',#2658,#2657,#3270,.T.);
#2932=EDGE_CURVE('',#2658,#2657,#984,.T.);
#2933=EDGE_CURVE('',#2659,#2659,#3271,.T.);
#2934=EDGE_CURVE('',#2660,#2660,#3272,.T.);
#2935=EDGE_CURVE('',#2661,#2661,#3273,.T.);
#2936=EDGE_CURVE('',#2662,#2662,#3274,.T.);
#2937=EDGE_CURVE('',#2663,#2663,#3275,.T.);
#2938=EDGE_CURVE('',#2664,#2664,#3276,.T.);
#2939=EDGE_CURVE('',#2665,#2665,#3277,.T.);
#2940=EDGE_CURVE('',#2666,#2667,#3278,.T.);
#2941=EDGE_CURVE('',#2667,#2666,#3279,.T.);
#2942=EDGE_CURVE('',#2667,#2666,#985,.T.);
#2943=EDGE_CURVE('',#2668,#2668,#3280,.T.);
#2944=EDGE_CURVE('',#2669,#2670,#3281,.T.);
#2945=EDGE_CURVE('',#2670,#2669,#3282,.T.);
#2946=EDGE_CURVE('',#2670,#2669,#986,.T.);
#2947=EDGE_CURVE('',#2671,#2671,#3283,.T.);
#2948=EDGE_CURVE('',#2672,#2672,#3284,.T.);
#2949=EDGE_CURVE('',#2673,#2673,#3285,.T.);
#2950=EDGE_CURVE('',#2674,#2674,#3286,.T.);
#2951=EDGE_CURVE('',#2675,#2675,#3287,.T.);
#2952=EDGE_CURVE('',#2676,#2676,#3288,.T.);
#2953=EDGE_CURVE('',#2677,#2677,#3289,.T.);
#2954=EDGE_CURVE('',#2678,#2679,#3290,.T.);
#2955=EDGE_CURVE('',#2679,#2678,#3291,.T.);
#2956=EDGE_CURVE('',#2679,#2678,#987,.T.);
#2957=EDGE_CURVE('',#2680,#2680,#3292,.T.);
#2958=EDGE_CURVE('',#2681,#2682,#3293,.T.);
#2959=EDGE_CURVE('',#2682,#2681,#3294,.T.);
#2960=EDGE_CURVE('',#2682,#2681,#988,.T.);
#2961=EDGE_CURVE('',#2683,#2683,#3295,.T.);
#2962=EDGE_CURVE('',#2684,#2684,#3296,.T.);
#2963=EDGE_CURVE('',#2685,#2685,#3297,.T.);
#2964=EDGE_CURVE('',#2686,#2686,#3298,.T.);
#2965=EDGE_CURVE('',#2687,#2687,#3299,.T.);
#2966=EDGE_CURVE('',#2688,#2688,#3300,.T.);
#2967=EDGE_CURVE('',#2689,#2689,#3301,.T.);
#2968=EDGE_CURVE('',#2690,#2691,#3302,.T.);
#2969=EDGE_CURVE('',#2691,#2690,#3303,.T.);
#2970=EDGE_CURVE('',#2691,#2690,#989,.T.);
#2971=EDGE_CURVE('',#2692,#2692,#3304,.T.);
#2972=EDGE_CURVE('',#2693,#2694,#3305,.T.);
#2973=EDGE_CURVE('',#2694,#2693,#3306,.T.);
#2974=EDGE_CURVE('',#2694,#2693,#990,.T.);
#2975=EDGE_CURVE('',#2695,#2695,#3307,.T.);
#2976=EDGE_CURVE('',#2696,#2696,#3308,.T.);
#2977=EDGE_CURVE('',#2697,#2697,#3309,.T.);
#2978=EDGE_CURVE('',#2698,#2698,#3310,.T.);
#2979=EDGE_CURVE('',#2699,#2699,#3311,.T.);
#2980=EDGE_CURVE('',#2700,#2700,#3312,.T.);
#2981=EDGE_CURVE('',#2701,#2701,#3313,.T.);
#2982=EDGE_CURVE('',#2702,#2703,#3314,.T.);
#2983=EDGE_CURVE('',#2703,#2702,#3315,.T.);
#2984=EDGE_CURVE('',#2703,#2702,#991,.T.);
#2985=EDGE_CURVE('',#2704,#2704,#3316,.T.);
#2986=EDGE_CURVE('',#2705,#2706,#3317,.T.);
#2987=EDGE_CURVE('',#2706,#2705,#3318,.T.);
#2988=EDGE_CURVE('',#2706,#2705,#992,.T.);
#2989=EDGE_CURVE('',#2707,#2707,#3319,.T.);
#2990=EDGE_CURVE('',#2708,#2708,#3320,.T.);
#2991=EDGE_CURVE('',#2709,#2709,#3321,.T.);
#2992=EDGE_CURVE('',#2710,#2710,#3322,.T.);
#2993=EDGE_CURVE('',#2711,#2711,#3323,.T.);
#2994=EDGE_CURVE('',#2712,#2712,#3324,.T.);
#2995=EDGE_CURVE('',#2713,#2713,#3325,.T.);
#2996=EDGE_CURVE('',#2714,#2715,#3326,.T.);
#2997=EDGE_CURVE('',#2715,#2714,#3327,.T.);
#2998=EDGE_CURVE('',#2715,#2714,#993,.T.);
#2999=EDGE_CURVE('',#2716,#2716,#3328,.T.);
#3000=EDGE_CURVE('',#2717,#2718,#3329,.T.);
#3001=EDGE_CURVE('',#2718,#2717,#3330,.T.);
#3002=EDGE_CURVE('',#2718,#2717,#994,.T.);
#3003=EDGE_CURVE('',#2719,#2719,#3331,.T.);
#3004=EDGE_CURVE('',#2720,#2720,#3332,.T.);
#3005=EDGE_CURVE('',#2721,#2721,#3333,.T.);
#3006=EDGE_CURVE('',#2722,#2722,#3334,.T.);
#3007=EDGE_CURVE('',#2723,#2723,#3335,.T.);
#3008=EDGE_CURVE('',#2724,#2724,#3336,.T.);
#3009=EDGE_CURVE('',#2725,#2725,#3337,.T.);
#3010=EDGE_CURVE('',#2726,#2727,#3338,.T.);
#3011=EDGE_CURVE('',#2727,#2726,#3339,.T.);
#3012=EDGE_CURVE('',#2727,#2726,#995,.T.);
#3013=EDGE_CURVE('',#2728,#2728,#3340,.T.);
#3014=EDGE_CURVE('',#2729,#2730,#3341,.T.);
#3015=EDGE_CURVE('',#2730,#2729,#3342,.T.);
#3016=EDGE_CURVE('',#2730,#2729,#996,.T.);
#3017=EDGE_CURVE('',#2731,#2731,#3343,.T.);
#3018=EDGE_CURVE('',#2732,#2732,#3344,.T.);
#3019=EDGE_CURVE('',#2733,#2733,#3345,.T.);
#3020=EDGE_CURVE('',#2734,#2734,#3346,.T.);
#3021=EDGE_CURVE('',#2735,#2735,#3347,.T.);
#3022=EDGE_CURVE('',#2736,#2736,#3348,.T.);
#3023=EDGE_CURVE('',#2737,#2737,#3349,.T.);
#3024=EDGE_CURVE('',#2738,#2739,#3350,.T.);
#3025=EDGE_CURVE('',#2739,#2738,#3351,.T.);
#3026=EDGE_CURVE('',#2739,#2738,#997,.T.);
#3027=EDGE_CURVE('',#2740,#2740,#3352,.T.);
#3028=EDGE_CURVE('',#2741,#2742,#3353,.T.);
#3029=EDGE_CURVE('',#2742,#2741,#3354,.T.);
#3030=EDGE_CURVE('',#2742,#2741,#998,.T.);
#3031=EDGE_CURVE('',#2743,#2743,#3355,.T.);
#3032=EDGE_CURVE('',#2744,#2744,#3356,.T.);
#3033=EDGE_CURVE('',#2745,#2745,#3357,.T.);
#3034=EDGE_CURVE('',#2746,#2746,#3358,.T.);
#3035=EDGE_CURVE('',#2747,#2747,#3359,.T.);
#3036=EDGE_CURVE('',#2748,#2748,#3360,.T.);
#3037=EDGE_CURVE('',#2749,#2749,#3361,.T.);
#3038=EDGE_CURVE('',#2750,#2751,#3362,.T.);
#3039=EDGE_CURVE('',#2751,#2750,#3363,.T.);
#3040=EDGE_CURVE('',#2751,#2750,#999,.T.);
#3041=EDGE_CURVE('',#2752,#2752,#3364,.T.);
#3042=EDGE_CURVE('',#2753,#2754,#3365,.T.);
#3043=EDGE_CURVE('',#2754,#2753,#3366,.T.);
#3044=EDGE_CURVE('',#2754,#2753,#1000,.T.);
#3045=EDGE_CURVE('',#2755,#2755,#3367,.T.);
#3046=EDGE_CURVE('',#2756,#2756,#3368,.T.);
#3047=EDGE_CURVE('',#2757,#2757,#3369,.T.);
#3048=EDGE_CURVE('',#2758,#2758,#3370,.T.);
#3049=EDGE_CURVE('',#2759,#2759,#3371,.T.);
#3050=EDGE_CURVE('',#2760,#2760,#3372,.T.);
#3051=EDGE_CURVE('',#2761,#2761,#3373,.T.);
#3052=EDGE_CURVE('',#2762,#2763,#3374,.T.);
#3053=EDGE_CURVE('',#2763,#2762,#3375,.T.);
#3054=EDGE_CURVE('',#2763,#2762,#1001,.T.);
#3055=EDGE_CURVE('',#2764,#2764,#3376,.T.);
#3056=EDGE_CURVE('',#2765,#2766,#3377,.T.);
#3057=EDGE_CURVE('',#2766,#2765,#3378,.T.);
#3058=EDGE_CURVE('',#2766,#2765,#1002,.T.);
#3059=EDGE_CURVE('',#2767,#2767,#3379,.T.);
#3060=EDGE_CURVE('',#2768,#2768,#3380,.T.);
#3061=EDGE_CURVE('',#2769,#2769,#3381,.T.);
#3062=EDGE_CURVE('',#2770,#2770,#3382,.T.);
#3063=EDGE_CURVE('',#2771,#2771,#3383,.T.);
#3064=EDGE_CURVE('',#2772,#2772,#3384,.T.);
#3065=EDGE_CURVE('',#2773,#2773,#3385,.T.);
#3066=EDGE_CURVE('',#2774,#2775,#3386,.T.);
#3067=EDGE_CURVE('',#2775,#2774,#3387,.T.);
#3068=EDGE_CURVE('',#2775,#2774,#1003,.T.);
#3069=EDGE_CURVE('',#2776,#2776,#3388,.T.);
#3070=EDGE_CURVE('',#2777,#2778,#3389,.T.);
#3071=EDGE_CURVE('',#2778,#2777,#3390,.T.);
#3072=EDGE_CURVE('',#2778,#2777,#1004,.T.);
#3073=EDGE_CURVE('',#2779,#2779,#3391,.T.);
#3074=EDGE_CURVE('',#2780,#2780,#3392,.T.);
#3075=EDGE_CURVE('',#2781,#2781,#3393,.T.);
#3076=EDGE_CURVE('',#2782,#2782,#3394,.T.);
#3077=EDGE_CURVE('',#2783,#2783,#3395,.T.);
#3078=EDGE_CURVE('',#2784,#2784,#3396,.T.);
#3079=EDGE_CURVE('',#2785,#2785,#3397,.T.);
#3080=EDGE_CURVE('',#2786,#2787,#3398,.T.);
#3081=EDGE_CURVE('',#2787,#2786,#3399,.T.);
#3082=EDGE_CURVE('',#2787,#2786,#1005,.T.);
#3083=EDGE_CURVE('',#2788,#2788,#3400,.T.);
#3084=EDGE_CURVE('',#2789,#2790,#3401,.T.);
#3085=EDGE_CURVE('',#2790,#2789,#3402,.T.);
#3086=EDGE_CURVE('',#2790,#2789,#1006,.T.);
#3087=EDGE_CURVE('',#2791,#2791,#3403,.T.);
#3088=EDGE_CURVE('',#2792,#2792,#3404,.T.);
#3089=EDGE_CURVE('',#2793,#2793,#3405,.T.);
#3090=EDGE_CURVE('',#2794,#2794,#3406,.T.);
#3091=EDGE_CURVE('',#2795,#2795,#3407,.T.);
#3092=EDGE_CURVE('',#2796,#2796,#3408,.T.);
#3093=EDGE_CURVE('',#2797,#2798,#1007,.T.);
#3094=EDGE_CURVE('',#2797,#2798,#3409,.T.);
#3095=EDGE_CURVE('',#2799,#2799,#3410,.T.);
#3096=EDGE_CURVE('',#2800,#2801,#1008,.T.);
#3097=EDGE_CURVE('',#2800,#2801,#3411,.T.);
#3098=EDGE_CURVE('',#2801,#2800,#3412,.T.);
#3099=EDGE_CURVE('',#2802,#2802,#3413,.T.);
#3100=EDGE_CURVE('',#2803,#2803,#3414,.T.);
#3101=EDGE_CURVE('',#2804,#2805,#1009,.T.);
#3102=EDGE_CURVE('',#2804,#2805,#3415,.T.);
#3103=EDGE_CURVE('',#2805,#2804,#3416,.T.);
#3104=EDGE_CURVE('',#2806,#2806,#3417,.T.);
#3105=EDGE_CURVE('',#2807,#2807,#3418,.T.);
#3106=EDGE_CURVE('',#2808,#2809,#1010,.T.);
#3107=EDGE_CURVE('',#2808,#2809,#3419,.T.);
#3108=EDGE_CURVE('',#2809,#2808,#3420,.T.);
#3109=EDGE_CURVE('',#2810,#2810,#3421,.T.);
#3110=EDGE_CURVE('',#2811,#2811,#3422,.T.);
#3111=EDGE_CURVE('',#2812,#2812,#3423,.T.);
#3112=EDGE_CURVE('',#2813,#2813,#3424,.T.);
#3113=EDGE_CURVE('',#2814,#2814,#3425,.T.);
#3114=EDGE_CURVE('',#2815,#2816,#378,.T.);
#3115=EDGE_CURVE('',#2815,#2817,#379,.T.);
#3116=EDGE_CURVE('',#2818,#2817,#380,.T.);
#3117=EDGE_CURVE('',#2816,#2818,#381,.T.);
#3118=EDGE_CURVE('',#2819,#2819,#3426,.T.);
#3119=EDGE_CURVE('',#2820,#2820,#3427,.T.);
#3120=EDGE_CURVE('',#2821,#2821,#3428,.T.);
#3121=EDGE_CURVE('',#2822,#2822,#3429,.T.);
#3122=EDGE_CURVE('',#2823,#2823,#3430,.T.);
#3123=EDGE_CURVE('',#2824,#2824,#3431,.T.);
#3124=EDGE_CURVE('',#2825,#2825,#3432,.T.);
#3125=EDGE_CURVE('',#2826,#2826,#3433,.T.);
#3126=EDGE_CURVE('',#2827,#2828,#382,.T.);
#3127=EDGE_CURVE('',#2827,#2829,#383,.T.);
#3128=EDGE_CURVE('',#2829,#2830,#384,.T.);
#3129=EDGE_CURVE('',#2830,#2828,#385,.T.);
#3130=EDGE_CURVE('',#2831,#2832,#386,.T.);
#3131=EDGE_CURVE('',#2829,#2831,#387,.T.);
#3132=EDGE_CURVE('',#2833,#2829,#388,.T.);
#3133=EDGE_CURVE('',#2832,#2833,#389,.T.);
#3134=EDGE_CURVE('',#2827,#2834,#390,.T.);
#3135=EDGE_CURVE('',#2833,#2834,#391,.T.);
#3136=EDGE_CURVE('',#2835,#2827,#392,.T.);
#3137=EDGE_CURVE('',#2835,#2836,#393,.T.);
#3138=EDGE_CURVE('',#2834,#2836,#394,.T.);
#3139=EDGE_CURVE('',#2837,#2835,#395,.T.);
#3140=EDGE_CURVE('',#2837,#2838,#396,.T.);
#3141=EDGE_CURVE('',#2836,#2838,#397,.T.);
#3142=EDGE_CURVE('',#2839,#2840,#398,.T.);
#3143=EDGE_CURVE('',#2839,#2841,#399,.T.);
#3144=EDGE_CURVE('',#2841,#2842,#400,.T.);
#3145=EDGE_CURVE('',#2842,#2840,#401,.T.);
#3146=EDGE_CURVE('',#2841,#2843,#402,.T.);
#3147=EDGE_CURVE('',#2843,#2844,#403,.T.);
#3148=EDGE_CURVE('',#2844,#2842,#404,.T.);
#3149=EDGE_CURVE('',#2843,#2837,#405,.T.);
#3150=EDGE_CURVE('',#2837,#2845,#406,.T.);
#3151=EDGE_CURVE('',#2845,#2844,#407,.T.);
#3152=EDGE_CURVE('',#2846,#2835,#408,.T.);
#3153=EDGE_CURVE('',#2846,#2845,#409,.T.);
#3154=EDGE_CURVE('',#2828,#2846,#410,.T.);
#3155=EDGE_CURVE('',#2847,#2830,#411,.T.);
#3156=EDGE_CURVE('',#2840,#2847,#412,.T.);
#3157=EDGE_CURVE('',#2831,#2847,#413,.T.);
#3158=EDGE_CURVE('',#2831,#2839,#414,.T.);
#3159=EDGE_CURVE('',#2839,#2848,#415,.T.);
#3160=EDGE_CURVE('',#2848,#2832,#416,.T.);
#3161=EDGE_CURVE('',#2849,#2848,#417,.T.);
#3162=EDGE_CURVE('',#2832,#2850,#418,.T.);
#3163=EDGE_CURVE('',#2849,#2850,#419,.T.);
#3164=EDGE_CURVE('',#2851,#2833,#420,.T.);
#3165=EDGE_CURVE('',#2850,#2851,#421,.T.);
#3166=EDGE_CURVE('',#2834,#2852,#422,.T.);
#3167=EDGE_CURVE('',#2851,#2852,#423,.T.);
#3168=EDGE_CURVE('',#2836,#2853,#424,.T.);
#3169=EDGE_CURVE('',#2852,#2853,#425,.T.);
#3170=EDGE_CURVE('',#2838,#2854,#426,.T.);
#3171=EDGE_CURVE('',#2853,#2854,#427,.T.);
#3172=EDGE_CURVE('',#2838,#2855,#428,.T.);
#3173=EDGE_CURVE('',#2855,#2856,#429,.T.);
#3174=EDGE_CURVE('',#2854,#2856,#430,.T.);
#3175=EDGE_CURVE('',#2843,#2855,#431,.T.);
#3176=EDGE_CURVE('',#2841,#2857,#432,.T.);
#3177=EDGE_CURVE('',#2855,#2857,#433,.T.);
#3178=EDGE_CURVE('',#2857,#2848,#434,.T.);
#3179=EDGE_CURVE('',#2857,#2858,#435,.T.);
#3180=EDGE_CURVE('',#2858,#2849,#436,.T.);
#3181=EDGE_CURVE('',#2856,#2858,#437,.T.);
#3182=EDGE_CURVE('',#2859,#2860,#438,.T.);
#3183=EDGE_CURVE('',#2860,#2861,#439,.T.);
#3184=EDGE_CURVE('',#2861,#2862,#440,.T.);
#3185=EDGE_CURVE('',#2859,#2862,#441,.T.);
#3186=EDGE_CURVE('',#2863,#2864,#442,.T.);
#3187=EDGE_CURVE('',#2865,#2863,#443,.T.);
#3188=EDGE_CURVE('',#2866,#2865,#444,.T.);
#3189=EDGE_CURVE('',#2864,#2866,#445,.T.);
#3190=EDGE_CURVE('',#2867,#2865,#446,.T.);
#3191=EDGE_CURVE('',#2868,#2867,#447,.T.);
#3192=EDGE_CURVE('',#2866,#2868,#448,.T.);
#3193=EDGE_CURVE('',#2869,#2870,#449,.T.);
#3194=EDGE_CURVE('',#2870,#2871,#450,.T.);
#3195=EDGE_CURVE('',#2867,#2871,#451,.T.);
#3196=EDGE_CURVE('',#2863,#2861,#452,.T.);
#3197=EDGE_CURVE('',#2860,#2869,#453,.T.);
#3198=EDGE_CURVE('',#2871,#2872,#454,.T.);
#3199=EDGE_CURVE('',#2873,#2870,#455,.T.);
#3200=EDGE_CURVE('',#2872,#2873,#456,.T.);
#3201=EDGE_CURVE('',#2874,#2869,#457,.T.);
#3202=EDGE_CURVE('',#2873,#2874,#458,.T.);
#3203=EDGE_CURVE('',#2875,#2876,#459,.T.);
#3204=EDGE_CURVE('',#2876,#2874,#460,.T.);
#3205=EDGE_CURVE('',#2875,#2859,#461,.T.);
#3206=EDGE_CURVE('',#2876,#2877,#462,.T.);
#3207=EDGE_CURVE('',#2877,#2815,#463,.T.);
#3208=EDGE_CURVE('',#2878,#2816,#464,.T.);
#3209=EDGE_CURVE('',#2872,#2878,#465,.T.);
#3210=EDGE_CURVE('',#2878,#2879,#466,.T.);
#3211=EDGE_CURVE('',#2879,#2818,#467,.T.);
#3212=EDGE_CURVE('',#2880,#2881,#468,.T.);
#3213=EDGE_CURVE('',#2881,#2882,#469,.T.);
#3214=EDGE_CURVE('',#2882,#2883,#470,.T.);
#3215=EDGE_CURVE('',#2883,#2884,#471,.T.);
#3216=EDGE_CURVE('',#2879,#2884,#472,.T.);
#3217=EDGE_CURVE('',#2817,#2880,#473,.T.);
#3218=EDGE_CURVE('',#2884,#2885,#474,.T.);
#3219=EDGE_CURVE('',#2883,#2886,#475,.T.);
#3220=EDGE_CURVE('',#2886,#2885,#476,.T.);
#3221=EDGE_CURVE('',#2886,#2887,#477,.T.);
#3222=EDGE_CURVE('',#2887,#2882,#478,.T.);
#3223=EDGE_CURVE('',#2888,#2889,#479,.T.);
#3224=EDGE_CURVE('',#2890,#2888,#480,.T.);
#3225=EDGE_CURVE('',#2887,#2890,#481,.T.);
#3226=EDGE_CURVE('',#2889,#2881,#482,.T.);
#3227=EDGE_CURVE('',#2891,#2889,#483,.T.);
#3228=EDGE_CURVE('',#2880,#2891,#484,.T.);
#3229=EDGE_CURVE('',#2891,#2892,#485,.T.);
#3230=EDGE_CURVE('',#2877,#2892,#486,.T.);
#3231=EDGE_CURVE('',#2892,#2875,#487,.T.);
#3232=EDGE_CURVE('',#2862,#2893,#488,.T.);
#3233=EDGE_CURVE('',#2893,#2888,#489,.T.);
#3234=EDGE_CURVE('',#2894,#2893,#490,.T.);
#3235=EDGE_CURVE('',#2890,#2894,#491,.T.);
#3236=EDGE_CURVE('',#2864,#2894,#492,.T.);
#3237=EDGE_CURVE('',#2885,#2868,#493,.T.);
#3238=EDGE_CURVE('',#2895,#2895,#3434,.T.);
#3239=EDGE_CURVE('',#2798,#2797,#3435,.T.);
#3240=CIRCLE('',#3437,0.299999999999998);
#3241=CIRCLE('',#3439,0.299999999999996);
#3242=CIRCLE('',#3441,0.300000000000006);
#3243=CIRCLE('',#3442,0.299999999999994);
#3244=CIRCLE('',#3444,0.300000000000008);
#3245=CIRCLE('',#3447,0.300000000000004);
#3246=CIRCLE('',#3448,0.299999999999996);
#3247=CIRCLE('',#3450,0.300000000000001);
#3248=CIRCLE('',#3453,0.299999999999998);
#3249=CIRCLE('',#3454,0.300000000000002);
#3250=CIRCLE('',#3457,0.299999999999998);
#3251=CIRCLE('',#3459,0.300000000000008);
#3252=CIRCLE('',#3461,0.299999999999998);
#3253=CIRCLE('',#3463,0.299999999999996);
#3254=CIRCLE('',#3465,0.300000000000006);
#3255=CIRCLE('',#3466,0.299999999999994);
#3256=CIRCLE('',#3468,0.300000000000008);
#3257=CIRCLE('',#3471,0.300000000000004);
#3258=CIRCLE('',#3472,0.299999999999996);
#3259=CIRCLE('',#3474,0.300000000000001);
#3260=CIRCLE('',#3477,0.299999999999998);
#3261=CIRCLE('',#3478,0.300000000000002);
#3262=CIRCLE('',#3481,0.299999999999998);
#3263=CIRCLE('',#3483,0.300000000000008);
#3264=CIRCLE('',#3485,0.299999999999998);
#3265=CIRCLE('',#3487,0.299999999999996);
#3266=CIRCLE('',#3489,0.300000000000006);
#3267=CIRCLE('',#3490,0.299999999999994);
#3268=CIRCLE('',#3492,0.300000000000008);
#3269=CIRCLE('',#3495,0.300000000000004);
#3270=CIRCLE('',#3496,0.299999999999996);
#3271=CIRCLE('',#3498,0.300000000000001);
#3272=CIRCLE('',#3501,0.299999999999998);
#3273=CIRCLE('',#3502,0.300000000000002);
#3274=CIRCLE('',#3505,0.299999999999998);
#3275=CIRCLE('',#3507,0.300000000000008);
#3276=CIRCLE('',#3509,0.299999999999998);
#3277=CIRCLE('',#3511,0.299999999999996);
#3278=CIRCLE('',#3513,0.300000000000006);
#3279=CIRCLE('',#3514,0.299999999999994);
#3280=CIRCLE('',#3516,0.300000000000008);
#3281=CIRCLE('',#3519,0.300000000000004);
#3282=CIRCLE('',#3520,0.299999999999996);
#3283=CIRCLE('',#3522,0.300000000000001);
#3284=CIRCLE('',#3525,0.299999999999998);
#3285=CIRCLE('',#3526,0.300000000000002);
#3286=CIRCLE('',#3529,0.299999999999998);
#3287=CIRCLE('',#3531,0.300000000000008);
#3288=CIRCLE('',#3533,0.299999999999998);
#3289=CIRCLE('',#3535,0.299999999999996);
#3290=CIRCLE('',#3537,0.300000000000006);
#3291=CIRCLE('',#3538,0.299999999999994);
#3292=CIRCLE('',#3540,0.300000000000008);
#3293=CIRCLE('',#3543,0.300000000000004);
#3294=CIRCLE('',#3544,0.299999999999996);
#3295=CIRCLE('',#3546,0.300000000000001);
#3296=CIRCLE('',#3549,0.299999999999998);
#3297=CIRCLE('',#3550,0.300000000000002);
#3298=CIRCLE('',#3553,0.299999999999998);
#3299=CIRCLE('',#3555,0.300000000000008);
#3300=CIRCLE('',#3557,0.299999999999998);
#3301=CIRCLE('',#3559,0.299999999999996);
#3302=CIRCLE('',#3561,0.300000000000006);
#3303=CIRCLE('',#3562,0.299999999999994);
#3304=CIRCLE('',#3564,0.300000000000008);
#3305=CIRCLE('',#3567,0.300000000000004);
#3306=CIRCLE('',#3568,0.299999999999996);
#3307=CIRCLE('',#3570,0.300000000000001);
#3308=CIRCLE('',#3573,0.299999999999998);
#3309=CIRCLE('',#3574,0.300000000000002);
#3310=CIRCLE('',#3577,0.299999999999998);
#3311=CIRCLE('',#3579,0.300000000000008);
#3312=CIRCLE('',#3581,0.299999999999998);
#3313=CIRCLE('',#3583,0.299999999999996);
#3314=CIRCLE('',#3585,0.300000000000006);
#3315=CIRCLE('',#3586,0.299999999999994);
#3316=CIRCLE('',#3588,0.300000000000008);
#3317=CIRCLE('',#3591,0.300000000000004);
#3318=CIRCLE('',#3592,0.299999999999996);
#3319=CIRCLE('',#3594,0.300000000000001);
#3320=CIRCLE('',#3597,0.299999999999998);
#3321=CIRCLE('',#3598,0.300000000000002);
#3322=CIRCLE('',#3601,0.299999999999998);
#3323=CIRCLE('',#3603,0.300000000000008);
#3324=CIRCLE('',#3605,0.299999999999998);
#3325=CIRCLE('',#3607,0.299999999999996);
#3326=CIRCLE('',#3609,0.300000000000006);
#3327=CIRCLE('',#3610,0.299999999999994);
#3328=CIRCLE('',#3612,0.300000000000008);
#3329=CIRCLE('',#3615,0.300000000000004);
#3330=CIRCLE('',#3616,0.299999999999996);
#3331=CIRCLE('',#3618,0.300000000000001);
#3332=CIRCLE('',#3621,0.299999999999998);
#3333=CIRCLE('',#3622,0.300000000000002);
#3334=CIRCLE('',#3625,0.299999999999998);
#3335=CIRCLE('',#3627,0.300000000000008);
#3336=CIRCLE('',#3629,0.299999999999998);
#3337=CIRCLE('',#3631,0.299999999999996);
#3338=CIRCLE('',#3633,0.300000000000006);
#3339=CIRCLE('',#3634,0.299999999999994);
#3340=CIRCLE('',#3636,0.300000000000008);
#3341=CIRCLE('',#3639,0.300000000000004);
#3342=CIRCLE('',#3640,0.299999999999996);
#3343=CIRCLE('',#3642,0.300000000000001);
#3344=CIRCLE('',#3645,0.299999999999998);
#3345=CIRCLE('',#3646,0.300000000000002);
#3346=CIRCLE('',#3649,0.299999999999998);
#3347=CIRCLE('',#3651,0.300000000000008);
#3348=CIRCLE('',#3653,0.299999999999998);
#3349=CIRCLE('',#3655,0.299999999999996);
#3350=CIRCLE('',#3657,0.300000000000006);
#3351=CIRCLE('',#3658,0.299999999999994);
#3352=CIRCLE('',#3660,0.300000000000008);
#3353=CIRCLE('',#3663,0.300000000000004);
#3354=CIRCLE('',#3664,0.299999999999996);
#3355=CIRCLE('',#3666,0.300000000000001);
#3356=CIRCLE('',#3669,0.299999999999998);
#3357=CIRCLE('',#3670,0.300000000000002);
#3358=CIRCLE('',#3673,0.299999999999998);
#3359=CIRCLE('',#3675,0.300000000000008);
#3360=CIRCLE('',#3677,0.299999999999998);
#3361=CIRCLE('',#3679,0.299999999999996);
#3362=CIRCLE('',#3681,0.300000000000006);
#3363=CIRCLE('',#3682,0.299999999999994);
#3364=CIRCLE('',#3684,0.300000000000008);
#3365=CIRCLE('',#3687,0.300000000000004);
#3366=CIRCLE('',#3688,0.299999999999996);
#3367=CIRCLE('',#3690,0.300000000000001);
#3368=CIRCLE('',#3693,0.299999999999998);
#3369=CIRCLE('',#3694,0.300000000000002);
#3370=CIRCLE('',#3697,0.299999999999998);
#3371=CIRCLE('',#3699,0.300000000000008);
#3372=CIRCLE('',#3701,0.299999999999998);
#3373=CIRCLE('',#3703,0.299999999999996);
#3374=CIRCLE('',#3705,0.300000000000006);
#3375=CIRCLE('',#3706,0.299999999999994);
#3376=CIRCLE('',#3708,0.300000000000008);
#3377=CIRCLE('',#3711,0.300000000000004);
#3378=CIRCLE('',#3712,0.299999999999996);
#3379=CIRCLE('',#3714,0.300000000000001);
#3380=CIRCLE('',#3717,0.299999999999998);
#3381=CIRCLE('',#3718,0.300000000000002);
#3382=CIRCLE('',#3721,0.299999999999998);
#3383=CIRCLE('',#3723,0.300000000000008);
#3384=CIRCLE('',#3725,0.299999999999998);
#3385=CIRCLE('',#3727,0.299999999999996);
#3386=CIRCLE('',#3729,0.300000000000006);
#3387=CIRCLE('',#3730,0.299999999999994);
#3388=CIRCLE('',#3732,0.300000000000008);
#3389=CIRCLE('',#3735,0.300000000000004);
#3390=CIRCLE('',#3736,0.299999999999996);
#3391=CIRCLE('',#3738,0.300000000000001);
#3392=CIRCLE('',#3741,0.299999999999998);
#3393=CIRCLE('',#3742,0.300000000000002);
#3394=CIRCLE('',#3745,0.299999999999998);
#3395=CIRCLE('',#3747,0.300000000000008);
#3396=CIRCLE('',#3749,0.299999999999998);
#3397=CIRCLE('',#3751,0.299999999999996);
#3398=CIRCLE('',#3753,0.300000000000006);
#3399=CIRCLE('',#3754,0.299999999999994);
#3400=CIRCLE('',#3756,0.300000000000008);
#3401=CIRCLE('',#3759,0.300000000000004);
#3402=CIRCLE('',#3760,0.299999999999996);
#3403=CIRCLE('',#3762,0.300000000000001);
#3404=CIRCLE('',#3765,0.299999999999998);
#3405=CIRCLE('',#3766,0.300000000000002);
#3406=CIRCLE('',#3769,0.299999999999998);
#3407=CIRCLE('',#3771,0.300000000000008);
#3408=CIRCLE('',#3773,0.299999999999998);
#3409=CIRCLE('',#3775,0.299999999999996);
#3410=CIRCLE('',#3777,0.299999999999995);
#3411=CIRCLE('',#3779,0.300000000000004);
#3412=CIRCLE('',#3781,0.300000000000014);
#3413=CIRCLE('',#3783,0.3);
#3414=CIRCLE('',#3785,0.299999999999997);
#3415=CIRCLE('',#3787,0.300000000000007);
#3416=CIRCLE('',#3789,0.300000000000012);
#3417=CIRCLE('',#3791,0.299999999999999);
#3418=CIRCLE('',#3793,0.299999999999996);
#3419=CIRCLE('',#3795,0.299999999999994);
#3420=CIRCLE('',#3797,0.300000000000006);
#3421=CIRCLE('',#3799,0.300000000000008);
#3422=CIRCLE('',#3801,1.25000000000001);
#3423=CIRCLE('',#3802,1.25000000000001);
#3424=CIRCLE('',#3804,1.25);
#3425=CIRCLE('',#3805,1.25);
#3426=CIRCLE('',#3808,0.3);
#3427=CIRCLE('',#3810,0.299999999999999);
#3428=CIRCLE('',#3812,0.3);
#3429=CIRCLE('',#3814,0.3);
#3430=CIRCLE('',#3816,0.299999999999998);
#3431=CIRCLE('',#3818,0.300000000000008);
#3432=CIRCLE('',#3820,0.299999999999998);
#3433=CIRCLE('',#3822,0.300000000000002);
#3434=CIRCLE('',#3869,0.300000000000001);
#3435=CIRCLE('',#3871,0.300000000000004);
#3436=AXIS2_PLACEMENT_3D('',#4866,#3874,#3875);
#3437=AXIS2_PLACEMENT_3D('',#4867,#3876,#3877);
#3438=AXIS2_PLACEMENT_3D('',#4869,#3878,#3879);
#3439=AXIS2_PLACEMENT_3D('',#4870,#3880,#3881);
#3440=AXIS2_PLACEMENT_3D('',#4872,#3882,#3883);
#3441=AXIS2_PLACEMENT_3D('',#4873,#3884,#3885);
#3442=AXIS2_PLACEMENT_3D('',#4876,#3886,#3887);
#3443=AXIS2_PLACEMENT_3D('',#4877,#3888,#3889);
#3444=AXIS2_PLACEMENT_3D('',#4892,#3890,#3891);
#3445=AXIS2_PLACEMENT_3D('',#4894,#3892,#3893);
#3446=AXIS2_PLACEMENT_3D('',#4895,#3894,#3895);
#3447=AXIS2_PLACEMENT_3D('',#4896,#3896,#3897);
#3448=AXIS2_PLACEMENT_3D('',#4899,#3898,#3899);
#3449=AXIS2_PLACEMENT_3D('',#4900,#3900,#3901);
#3450=AXIS2_PLACEMENT_3D('',#4915,#3902,#3903);
#3451=AXIS2_PLACEMENT_3D('',#4917,#3904,#3905);
#3452=AXIS2_PLACEMENT_3D('',#4918,#3906,#3907);
#3453=AXIS2_PLACEMENT_3D('',#4919,#3908,#3909);
#3454=AXIS2_PLACEMENT_3D('',#4921,#3910,#3911);
#3455=AXIS2_PLACEMENT_3D('',#4923,#3912,#3913);
#3456=AXIS2_PLACEMENT_3D('',#4924,#3914,#3915);
#3457=AXIS2_PLACEMENT_3D('',#4925,#3916,#3917);
#3458=AXIS2_PLACEMENT_3D('',#4927,#3918,#3919);
#3459=AXIS2_PLACEMENT_3D('',#4928,#3920,#3921);
#3460=AXIS2_PLACEMENT_3D('',#4930,#3922,#3923);
#3461=AXIS2_PLACEMENT_3D('',#4931,#3924,#3925);
#3462=AXIS2_PLACEMENT_3D('',#4933,#3926,#3927);
#3463=AXIS2_PLACEMENT_3D('',#4934,#3928,#3929);
#3464=AXIS2_PLACEMENT_3D('',#4936,#3930,#3931);
#3465=AXIS2_PLACEMENT_3D('',#4937,#3932,#3933);
#3466=AXIS2_PLACEMENT_3D('',#4940,#3934,#3935);
#3467=AXIS2_PLACEMENT_3D('',#4941,#3936,#3937);
#3468=AXIS2_PLACEMENT_3D('',#4956,#3938,#3939);
#3469=AXIS2_PLACEMENT_3D('',#4958,#3940,#3941);
#3470=AXIS2_PLACEMENT_3D('',#4959,#3942,#3943);
#3471=AXIS2_PLACEMENT_3D('',#4960,#3944,#3945);
#3472=AXIS2_PLACEMENT_3D('',#4963,#3946,#3947);
#3473=AXIS2_PLACEMENT_3D('',#4964,#3948,#3949);
#3474=AXIS2_PLACEMENT_3D('',#4979,#3950,#3951);
#3475=AXIS2_PLACEMENT_3D('',#4981,#3952,#3953);
#3476=AXIS2_PLACEMENT_3D('',#4982,#3954,#3955);
#3477=AXIS2_PLACEMENT_3D('',#4983,#3956,#3957);
#3478=AXIS2_PLACEMENT_3D('',#4985,#3958,#3959);
#3479=AXIS2_PLACEMENT_3D('',#4987,#3960,#3961);
#3480=AXIS2_PLACEMENT_3D('',#4988,#3962,#3963);
#3481=AXIS2_PLACEMENT_3D('',#4989,#3964,#3965);
#3482=AXIS2_PLACEMENT_3D('',#4991,#3966,#3967);
#3483=AXIS2_PLACEMENT_3D('',#4992,#3968,#3969);
#3484=AXIS2_PLACEMENT_3D('',#4994,#3970,#3971);
#3485=AXIS2_PLACEMENT_3D('',#4995,#3972,#3973);
#3486=AXIS2_PLACEMENT_3D('',#4997,#3974,#3975);
#3487=AXIS2_PLACEMENT_3D('',#4998,#3976,#3977);
#3488=AXIS2_PLACEMENT_3D('',#5000,#3978,#3979);
#3489=AXIS2_PLACEMENT_3D('',#5001,#3980,#3981);
#3490=AXIS2_PLACEMENT_3D('',#5004,#3982,#3983);
#3491=AXIS2_PLACEMENT_3D('',#5005,#3984,#3985);
#3492=AXIS2_PLACEMENT_3D('',#5020,#3986,#3987);
#3493=AXIS2_PLACEMENT_3D('',#5022,#3988,#3989);
#3494=AXIS2_PLACEMENT_3D('',#5023,#3990,#3991);
#3495=AXIS2_PLACEMENT_3D('',#5024,#3992,#3993);
#3496=AXIS2_PLACEMENT_3D('',#5027,#3994,#3995);
#3497=AXIS2_PLACEMENT_3D('',#5028,#3996,#3997);
#3498=AXIS2_PLACEMENT_3D('',#5043,#3998,#3999);
#3499=AXIS2_PLACEMENT_3D('',#5045,#4000,#4001);
#3500=AXIS2_PLACEMENT_3D('',#5046,#4002,#4003);
#3501=AXIS2_PLACEMENT_3D('',#5047,#4004,#4005);
#3502=AXIS2_PLACEMENT_3D('',#5049,#4006,#4007);
#3503=AXIS2_PLACEMENT_3D('',#5051,#4008,#4009);
#3504=AXIS2_PLACEMENT_3D('',#5052,#4010,#4011);
#3505=AXIS2_PLACEMENT_3D('',#5053,#4012,#4013);
#3506=AXIS2_PLACEMENT_3D('',#5055,#4014,#4015);
#3507=AXIS2_PLACEMENT_3D('',#5056,#4016,#4017);
#3508=AXIS2_PLACEMENT_3D('',#5058,#4018,#4019);
#3509=AXIS2_PLACEMENT_3D('',#5059,#4020,#4021);
#3510=AXIS2_PLACEMENT_3D('',#5061,#4022,#4023);
#3511=AXIS2_PLACEMENT_3D('',#5062,#4024,#4025);
#3512=AXIS2_PLACEMENT_3D('',#5064,#4026,#4027);
#3513=AXIS2_PLACEMENT_3D('',#5065,#4028,#4029);
#3514=AXIS2_PLACEMENT_3D('',#5068,#4030,#4031);
#3515=AXIS2_PLACEMENT_3D('',#5069,#4032,#4033);
#3516=AXIS2_PLACEMENT_3D('',#5084,#4034,#4035);
#3517=AXIS2_PLACEMENT_3D('',#5086,#4036,#4037);
#3518=AXIS2_PLACEMENT_3D('',#5087,#4038,#4039);
#3519=AXIS2_PLACEMENT_3D('',#5088,#4040,#4041);
#3520=AXIS2_PLACEMENT_3D('',#5091,#4042,#4043);
#3521=AXIS2_PLACEMENT_3D('',#5092,#4044,#4045);
#3522=AXIS2_PLACEMENT_3D('',#5107,#4046,#4047);
#3523=AXIS2_PLACEMENT_3D('',#5109,#4048,#4049);
#3524=AXIS2_PLACEMENT_3D('',#5110,#4050,#4051);
#3525=AXIS2_PLACEMENT_3D('',#5111,#4052,#4053);
#3526=AXIS2_PLACEMENT_3D('',#5113,#4054,#4055);
#3527=AXIS2_PLACEMENT_3D('',#5115,#4056,#4057);
#3528=AXIS2_PLACEMENT_3D('',#5116,#4058,#4059);
#3529=AXIS2_PLACEMENT_3D('',#5117,#4060,#4061);
#3530=AXIS2_PLACEMENT_3D('',#5119,#4062,#4063);
#3531=AXIS2_PLACEMENT_3D('',#5120,#4064,#4065);
#3532=AXIS2_PLACEMENT_3D('',#5122,#4066,#4067);
#3533=AXIS2_PLACEMENT_3D('',#5123,#4068,#4069);
#3534=AXIS2_PLACEMENT_3D('',#5125,#4070,#4071);
#3535=AXIS2_PLACEMENT_3D('',#5126,#4072,#4073);
#3536=AXIS2_PLACEMENT_3D('',#5128,#4074,#4075);
#3537=AXIS2_PLACEMENT_3D('',#5129,#4076,#4077);
#3538=AXIS2_PLACEMENT_3D('',#5132,#4078,#4079);
#3539=AXIS2_PLACEMENT_3D('',#5133,#4080,#4081);
#3540=AXIS2_PLACEMENT_3D('',#5148,#4082,#4083);
#3541=AXIS2_PLACEMENT_3D('',#5150,#4084,#4085);
#3542=AXIS2_PLACEMENT_3D('',#5151,#4086,#4087);
#3543=AXIS2_PLACEMENT_3D('',#5152,#4088,#4089);
#3544=AXIS2_PLACEMENT_3D('',#5155,#4090,#4091);
#3545=AXIS2_PLACEMENT_3D('',#5156,#4092,#4093);
#3546=AXIS2_PLACEMENT_3D('',#5171,#4094,#4095);
#3547=AXIS2_PLACEMENT_3D('',#5173,#4096,#4097);
#3548=AXIS2_PLACEMENT_3D('',#5174,#4098,#4099);
#3549=AXIS2_PLACEMENT_3D('',#5175,#4100,#4101);
#3550=AXIS2_PLACEMENT_3D('',#5177,#4102,#4103);
#3551=AXIS2_PLACEMENT_3D('',#5179,#4104,#4105);
#3552=AXIS2_PLACEMENT_3D('',#5180,#4106,#4107);
#3553=AXIS2_PLACEMENT_3D('',#5181,#4108,#4109);
#3554=AXIS2_PLACEMENT_3D('',#5183,#4110,#4111);
#3555=AXIS2_PLACEMENT_3D('',#5184,#4112,#4113);
#3556=AXIS2_PLACEMENT_3D('',#5186,#4114,#4115);
#3557=AXIS2_PLACEMENT_3D('',#5187,#4116,#4117);
#3558=AXIS2_PLACEMENT_3D('',#5189,#4118,#4119);
#3559=AXIS2_PLACEMENT_3D('',#5190,#4120,#4121);
#3560=AXIS2_PLACEMENT_3D('',#5192,#4122,#4123);
#3561=AXIS2_PLACEMENT_3D('',#5193,#4124,#4125);
#3562=AXIS2_PLACEMENT_3D('',#5196,#4126,#4127);
#3563=AXIS2_PLACEMENT_3D('',#5197,#4128,#4129);
#3564=AXIS2_PLACEMENT_3D('',#5212,#4130,#4131);
#3565=AXIS2_PLACEMENT_3D('',#5214,#4132,#4133);
#3566=AXIS2_PLACEMENT_3D('',#5215,#4134,#4135);
#3567=AXIS2_PLACEMENT_3D('',#5216,#4136,#4137);
#3568=AXIS2_PLACEMENT_3D('',#5219,#4138,#4139);
#3569=AXIS2_PLACEMENT_3D('',#5220,#4140,#4141);
#3570=AXIS2_PLACEMENT_3D('',#5235,#4142,#4143);
#3571=AXIS2_PLACEMENT_3D('',#5237,#4144,#4145);
#3572=AXIS2_PLACEMENT_3D('',#5238,#4146,#4147);
#3573=AXIS2_PLACEMENT_3D('',#5239,#4148,#4149);
#3574=AXIS2_PLACEMENT_3D('',#5241,#4150,#4151);
#3575=AXIS2_PLACEMENT_3D('',#5243,#4152,#4153);
#3576=AXIS2_PLACEMENT_3D('',#5244,#4154,#4155);
#3577=AXIS2_PLACEMENT_3D('',#5245,#4156,#4157);
#3578=AXIS2_PLACEMENT_3D('',#5247,#4158,#4159);
#3579=AXIS2_PLACEMENT_3D('',#5248,#4160,#4161);
#3580=AXIS2_PLACEMENT_3D('',#5250,#4162,#4163);
#3581=AXIS2_PLACEMENT_3D('',#5251,#4164,#4165);
#3582=AXIS2_PLACEMENT_3D('',#5253,#4166,#4167);
#3583=AXIS2_PLACEMENT_3D('',#5254,#4168,#4169);
#3584=AXIS2_PLACEMENT_3D('',#5256,#4170,#4171);
#3585=AXIS2_PLACEMENT_3D('',#5257,#4172,#4173);
#3586=AXIS2_PLACEMENT_3D('',#5260,#4174,#4175);
#3587=AXIS2_PLACEMENT_3D('',#5261,#4176,#4177);
#3588=AXIS2_PLACEMENT_3D('',#5276,#4178,#4179);
#3589=AXIS2_PLACEMENT_3D('',#5278,#4180,#4181);
#3590=AXIS2_PLACEMENT_3D('',#5279,#4182,#4183);
#3591=AXIS2_PLACEMENT_3D('',#5280,#4184,#4185);
#3592=AXIS2_PLACEMENT_3D('',#5283,#4186,#4187);
#3593=AXIS2_PLACEMENT_3D('',#5284,#4188,#4189);
#3594=AXIS2_PLACEMENT_3D('',#5299,#4190,#4191);
#3595=AXIS2_PLACEMENT_3D('',#5301,#4192,#4193);
#3596=AXIS2_PLACEMENT_3D('',#5302,#4194,#4195);
#3597=AXIS2_PLACEMENT_3D('',#5303,#4196,#4197);
#3598=AXIS2_PLACEMENT_3D('',#5305,#4198,#4199);
#3599=AXIS2_PLACEMENT_3D('',#5307,#4200,#4201);
#3600=AXIS2_PLACEMENT_3D('',#5308,#4202,#4203);
#3601=AXIS2_PLACEMENT_3D('',#5309,#4204,#4205);
#3602=AXIS2_PLACEMENT_3D('',#5311,#4206,#4207);
#3603=AXIS2_PLACEMENT_3D('',#5312,#4208,#4209);
#3604=AXIS2_PLACEMENT_3D('',#5314,#4210,#4211);
#3605=AXIS2_PLACEMENT_3D('',#5315,#4212,#4213);
#3606=AXIS2_PLACEMENT_3D('',#5317,#4214,#4215);
#3607=AXIS2_PLACEMENT_3D('',#5318,#4216,#4217);
#3608=AXIS2_PLACEMENT_3D('',#5320,#4218,#4219);
#3609=AXIS2_PLACEMENT_3D('',#5321,#4220,#4221);
#3610=AXIS2_PLACEMENT_3D('',#5324,#4222,#4223);
#3611=AXIS2_PLACEMENT_3D('',#5325,#4224,#4225);
#3612=AXIS2_PLACEMENT_3D('',#5340,#4226,#4227);
#3613=AXIS2_PLACEMENT_3D('',#5342,#4228,#4229);
#3614=AXIS2_PLACEMENT_3D('',#5343,#4230,#4231);
#3615=AXIS2_PLACEMENT_3D('',#5344,#4232,#4233);
#3616=AXIS2_PLACEMENT_3D('',#5347,#4234,#4235);
#3617=AXIS2_PLACEMENT_3D('',#5348,#4236,#4237);
#3618=AXIS2_PLACEMENT_3D('',#5363,#4238,#4239);
#3619=AXIS2_PLACEMENT_3D('',#5365,#4240,#4241);
#3620=AXIS2_PLACEMENT_3D('',#5366,#4242,#4243);
#3621=AXIS2_PLACEMENT_3D('',#5367,#4244,#4245);
#3622=AXIS2_PLACEMENT_3D('',#5369,#4246,#4247);
#3623=AXIS2_PLACEMENT_3D('',#5371,#4248,#4249);
#3624=AXIS2_PLACEMENT_3D('',#5372,#4250,#4251);
#3625=AXIS2_PLACEMENT_3D('',#5373,#4252,#4253);
#3626=AXIS2_PLACEMENT_3D('',#5375,#4254,#4255);
#3627=AXIS2_PLACEMENT_3D('',#5376,#4256,#4257);
#3628=AXIS2_PLACEMENT_3D('',#5378,#4258,#4259);
#3629=AXIS2_PLACEMENT_3D('',#5379,#4260,#4261);
#3630=AXIS2_PLACEMENT_3D('',#5381,#4262,#4263);
#3631=AXIS2_PLACEMENT_3D('',#5382,#4264,#4265);
#3632=AXIS2_PLACEMENT_3D('',#5384,#4266,#4267);
#3633=AXIS2_PLACEMENT_3D('',#5385,#4268,#4269);
#3634=AXIS2_PLACEMENT_3D('',#5388,#4270,#4271);
#3635=AXIS2_PLACEMENT_3D('',#5389,#4272,#4273);
#3636=AXIS2_PLACEMENT_3D('',#5404,#4274,#4275);
#3637=AXIS2_PLACEMENT_3D('',#5406,#4276,#4277);
#3638=AXIS2_PLACEMENT_3D('',#5407,#4278,#4279);
#3639=AXIS2_PLACEMENT_3D('',#5408,#4280,#4281);
#3640=AXIS2_PLACEMENT_3D('',#5411,#4282,#4283);
#3641=AXIS2_PLACEMENT_3D('',#5412,#4284,#4285);
#3642=AXIS2_PLACEMENT_3D('',#5427,#4286,#4287);
#3643=AXIS2_PLACEMENT_3D('',#5429,#4288,#4289);
#3644=AXIS2_PLACEMENT_3D('',#5430,#4290,#4291);
#3645=AXIS2_PLACEMENT_3D('',#5431,#4292,#4293);
#3646=AXIS2_PLACEMENT_3D('',#5433,#4294,#4295);
#3647=AXIS2_PLACEMENT_3D('',#5435,#4296,#4297);
#3648=AXIS2_PLACEMENT_3D('',#5436,#4298,#4299);
#3649=AXIS2_PLACEMENT_3D('',#5437,#4300,#4301);
#3650=AXIS2_PLACEMENT_3D('',#5439,#4302,#4303);
#3651=AXIS2_PLACEMENT_3D('',#5440,#4304,#4305);
#3652=AXIS2_PLACEMENT_3D('',#5442,#4306,#4307);
#3653=AXIS2_PLACEMENT_3D('',#5443,#4308,#4309);
#3654=AXIS2_PLACEMENT_3D('',#5445,#4310,#4311);
#3655=AXIS2_PLACEMENT_3D('',#5446,#4312,#4313);
#3656=AXIS2_PLACEMENT_3D('',#5448,#4314,#4315);
#3657=AXIS2_PLACEMENT_3D('',#5449,#4316,#4317);
#3658=AXIS2_PLACEMENT_3D('',#5452,#4318,#4319);
#3659=AXIS2_PLACEMENT_3D('',#5453,#4320,#4321);
#3660=AXIS2_PLACEMENT_3D('',#5468,#4322,#4323);
#3661=AXIS2_PLACEMENT_3D('',#5470,#4324,#4325);
#3662=AXIS2_PLACEMENT_3D('',#5471,#4326,#4327);
#3663=AXIS2_PLACEMENT_3D('',#5472,#4328,#4329);
#3664=AXIS2_PLACEMENT_3D('',#5475,#4330,#4331);
#3665=AXIS2_PLACEMENT_3D('',#5476,#4332,#4333);
#3666=AXIS2_PLACEMENT_3D('',#5491,#4334,#4335);
#3667=AXIS2_PLACEMENT_3D('',#5493,#4336,#4337);
#3668=AXIS2_PLACEMENT_3D('',#5494,#4338,#4339);
#3669=AXIS2_PLACEMENT_3D('',#5495,#4340,#4341);
#3670=AXIS2_PLACEMENT_3D('',#5497,#4342,#4343);
#3671=AXIS2_PLACEMENT_3D('',#5499,#4344,#4345);
#3672=AXIS2_PLACEMENT_3D('',#5500,#4346,#4347);
#3673=AXIS2_PLACEMENT_3D('',#5501,#4348,#4349);
#3674=AXIS2_PLACEMENT_3D('',#5503,#4350,#4351);
#3675=AXIS2_PLACEMENT_3D('',#5504,#4352,#4353);
#3676=AXIS2_PLACEMENT_3D('',#5506,#4354,#4355);
#3677=AXIS2_PLACEMENT_3D('',#5507,#4356,#4357);
#3678=AXIS2_PLACEMENT_3D('',#5509,#4358,#4359);
#3679=AXIS2_PLACEMENT_3D('',#5510,#4360,#4361);
#3680=AXIS2_PLACEMENT_3D('',#5512,#4362,#4363);
#3681=AXIS2_PLACEMENT_3D('',#5513,#4364,#4365);
#3682=AXIS2_PLACEMENT_3D('',#5516,#4366,#4367);
#3683=AXIS2_PLACEMENT_3D('',#5517,#4368,#4369);
#3684=AXIS2_PLACEMENT_3D('',#5532,#4370,#4371);
#3685=AXIS2_PLACEMENT_3D('',#5534,#4372,#4373);
#3686=AXIS2_PLACEMENT_3D('',#5535,#4374,#4375);
#3687=AXIS2_PLACEMENT_3D('',#5536,#4376,#4377);
#3688=AXIS2_PLACEMENT_3D('',#5539,#4378,#4379);
#3689=AXIS2_PLACEMENT_3D('',#5540,#4380,#4381);
#3690=AXIS2_PLACEMENT_3D('',#5555,#4382,#4383);
#3691=AXIS2_PLACEMENT_3D('',#5557,#4384,#4385);
#3692=AXIS2_PLACEMENT_3D('',#5558,#4386,#4387);
#3693=AXIS2_PLACEMENT_3D('',#5559,#4388,#4389);
#3694=AXIS2_PLACEMENT_3D('',#5561,#4390,#4391);
#3695=AXIS2_PLACEMENT_3D('',#5563,#4392,#4393);
#3696=AXIS2_PLACEMENT_3D('',#5564,#4394,#4395);
#3697=AXIS2_PLACEMENT_3D('',#5565,#4396,#4397);
#3698=AXIS2_PLACEMENT_3D('',#5567,#4398,#4399);
#3699=AXIS2_PLACEMENT_3D('',#5568,#4400,#4401);
#3700=AXIS2_PLACEMENT_3D('',#5570,#4402,#4403);
#3701=AXIS2_PLACEMENT_3D('',#5571,#4404,#4405);
#3702=AXIS2_PLACEMENT_3D('',#5573,#4406,#4407);
#3703=AXIS2_PLACEMENT_3D('',#5574,#4408,#4409);
#3704=AXIS2_PLACEMENT_3D('',#5576,#4410,#4411);
#3705=AXIS2_PLACEMENT_3D('',#5577,#4412,#4413);
#3706=AXIS2_PLACEMENT_3D('',#5580,#4414,#4415);
#3707=AXIS2_PLACEMENT_3D('',#5581,#4416,#4417);
#3708=AXIS2_PLACEMENT_3D('',#5596,#4418,#4419);
#3709=AXIS2_PLACEMENT_3D('',#5598,#4420,#4421);
#3710=AXIS2_PLACEMENT_3D('',#5599,#4422,#4423);
#3711=AXIS2_PLACEMENT_3D('',#5600,#4424,#4425);
#3712=AXIS2_PLACEMENT_3D('',#5603,#4426,#4427);
#3713=AXIS2_PLACEMENT_3D('',#5604,#4428,#4429);
#3714=AXIS2_PLACEMENT_3D('',#5619,#4430,#4431);
#3715=AXIS2_PLACEMENT_3D('',#5621,#4432,#4433);
#3716=AXIS2_PLACEMENT_3D('',#5622,#4434,#4435);
#3717=AXIS2_PLACEMENT_3D('',#5623,#4436,#4437);
#3718=AXIS2_PLACEMENT_3D('',#5625,#4438,#4439);
#3719=AXIS2_PLACEMENT_3D('',#5627,#4440,#4441);
#3720=AXIS2_PLACEMENT_3D('',#5628,#4442,#4443);
#3721=AXIS2_PLACEMENT_3D('',#5629,#4444,#4445);
#3722=AXIS2_PLACEMENT_3D('',#5631,#4446,#4447);
#3723=AXIS2_PLACEMENT_3D('',#5632,#4448,#4449);
#3724=AXIS2_PLACEMENT_3D('',#5634,#4450,#4451);
#3725=AXIS2_PLACEMENT_3D('',#5635,#4452,#4453);
#3726=AXIS2_PLACEMENT_3D('',#5637,#4454,#4455);
#3727=AXIS2_PLACEMENT_3D('',#5638,#4456,#4457);
#3728=AXIS2_PLACEMENT_3D('',#5640,#4458,#4459);
#3729=AXIS2_PLACEMENT_3D('',#5641,#4460,#4461);
#3730=AXIS2_PLACEMENT_3D('',#5644,#4462,#4463);
#3731=AXIS2_PLACEMENT_3D('',#5645,#4464,#4465);
#3732=AXIS2_PLACEMENT_3D('',#5660,#4466,#4467);
#3733=AXIS2_PLACEMENT_3D('',#5662,#4468,#4469);
#3734=AXIS2_PLACEMENT_3D('',#5663,#4470,#4471);
#3735=AXIS2_PLACEMENT_3D('',#5664,#4472,#4473);
#3736=AXIS2_PLACEMENT_3D('',#5667,#4474,#4475);
#3737=AXIS2_PLACEMENT_3D('',#5668,#4476,#4477);
#3738=AXIS2_PLACEMENT_3D('',#5683,#4478,#4479);
#3739=AXIS2_PLACEMENT_3D('',#5685,#4480,#4481);
#3740=AXIS2_PLACEMENT_3D('',#5686,#4482,#4483);
#3741=AXIS2_PLACEMENT_3D('',#5687,#4484,#4485);
#3742=AXIS2_PLACEMENT_3D('',#5689,#4486,#4487);
#3743=AXIS2_PLACEMENT_3D('',#5691,#4488,#4489);
#3744=AXIS2_PLACEMENT_3D('',#5692,#4490,#4491);
#3745=AXIS2_PLACEMENT_3D('',#5693,#4492,#4493);
#3746=AXIS2_PLACEMENT_3D('',#5695,#4494,#4495);
#3747=AXIS2_PLACEMENT_3D('',#5696,#4496,#4497);
#3748=AXIS2_PLACEMENT_3D('',#5698,#4498,#4499);
#3749=AXIS2_PLACEMENT_3D('',#5699,#4500,#4501);
#3750=AXIS2_PLACEMENT_3D('',#5701,#4502,#4503);
#3751=AXIS2_PLACEMENT_3D('',#5702,#4504,#4505);
#3752=AXIS2_PLACEMENT_3D('',#5704,#4506,#4507);
#3753=AXIS2_PLACEMENT_3D('',#5705,#4508,#4509);
#3754=AXIS2_PLACEMENT_3D('',#5708,#4510,#4511);
#3755=AXIS2_PLACEMENT_3D('',#5709,#4512,#4513);
#3756=AXIS2_PLACEMENT_3D('',#5724,#4514,#4515);
#3757=AXIS2_PLACEMENT_3D('',#5726,#4516,#4517);
#3758=AXIS2_PLACEMENT_3D('',#5727,#4518,#4519);
#3759=AXIS2_PLACEMENT_3D('',#5728,#4520,#4521);
#3760=AXIS2_PLACEMENT_3D('',#5731,#4522,#4523);
#3761=AXIS2_PLACEMENT_3D('',#5732,#4524,#4525);
#3762=AXIS2_PLACEMENT_3D('',#5747,#4526,#4527);
#3763=AXIS2_PLACEMENT_3D('',#5749,#4528,#4529);
#3764=AXIS2_PLACEMENT_3D('',#5750,#4530,#4531);
#3765=AXIS2_PLACEMENT_3D('',#5751,#4532,#4533);
#3766=AXIS2_PLACEMENT_3D('',#5753,#4534,#4535);
#3767=AXIS2_PLACEMENT_3D('',#5755,#4536,#4537);
#3768=AXIS2_PLACEMENT_3D('',#5756,#4538,#4539);
#3769=AXIS2_PLACEMENT_3D('',#5757,#4540,#4541);
#3770=AXIS2_PLACEMENT_3D('',#5759,#4542,#4543);
#3771=AXIS2_PLACEMENT_3D('',#5760,#4544,#4545);
#3772=AXIS2_PLACEMENT_3D('',#5762,#4546,#4547);
#3773=AXIS2_PLACEMENT_3D('',#5763,#4548,#4549);
#3774=AXIS2_PLACEMENT_3D('',#5765,#4550,#4551);
#3775=AXIS2_PLACEMENT_3D('',#5782,#4552,#4553);
#3776=AXIS2_PLACEMENT_3D('',#5783,#4554,#4555);
#3777=AXIS2_PLACEMENT_3D('',#5784,#4556,#4557);
#3778=AXIS2_PLACEMENT_3D('',#5786,#4558,#4559);
#3779=AXIS2_PLACEMENT_3D('',#5803,#4560,#4561);
#3780=AXIS2_PLACEMENT_3D('',#5804,#4562,#4563);
#3781=AXIS2_PLACEMENT_3D('',#5805,#4564,#4565);
#3782=AXIS2_PLACEMENT_3D('',#5806,#4566,#4567);
#3783=AXIS2_PLACEMENT_3D('',#5807,#4568,#4569);
#3784=AXIS2_PLACEMENT_3D('',#5809,#4570,#4571);
#3785=AXIS2_PLACEMENT_3D('',#5810,#4572,#4573);
#3786=AXIS2_PLACEMENT_3D('',#5812,#4574,#4575);
#3787=AXIS2_PLACEMENT_3D('',#5829,#4576,#4577);
#3788=AXIS2_PLACEMENT_3D('',#5830,#4578,#4579);
#3789=AXIS2_PLACEMENT_3D('',#5831,#4580,#4581);
#3790=AXIS2_PLACEMENT_3D('',#5832,#4582,#4583);
#3791=AXIS2_PLACEMENT_3D('',#5833,#4584,#4585);
#3792=AXIS2_PLACEMENT_3D('',#5835,#4586,#4587);
#3793=AXIS2_PLACEMENT_3D('',#5836,#4588,#4589);
#3794=AXIS2_PLACEMENT_3D('',#5838,#4590,#4591);
#3795=AXIS2_PLACEMENT_3D('',#5855,#4592,#4593);
#3796=AXIS2_PLACEMENT_3D('',#5856,#4594,#4595);
#3797=AXIS2_PLACEMENT_3D('',#5857,#4596,#4597);
#3798=AXIS2_PLACEMENT_3D('',#5858,#4598,#4599);
#3799=AXIS2_PLACEMENT_3D('',#5859,#4600,#4601);
#3800=AXIS2_PLACEMENT_3D('',#5861,#4602,#4603);
#3801=AXIS2_PLACEMENT_3D('',#5862,#4604,#4605);
#3802=AXIS2_PLACEMENT_3D('',#5864,#4606,#4607);
#3803=AXIS2_PLACEMENT_3D('',#5866,#4608,#4609);
#3804=AXIS2_PLACEMENT_3D('',#5867,#4610,#4611);
#3805=AXIS2_PLACEMENT_3D('',#5869,#4612,#4613);
#3806=AXIS2_PLACEMENT_3D('',#5871,#4614,#4615);
#3807=AXIS2_PLACEMENT_3D('',#5880,#4620,#4621);
#3808=AXIS2_PLACEMENT_3D('',#5881,#4622,#4623);
#3809=AXIS2_PLACEMENT_3D('',#5883,#4624,#4625);
#3810=AXIS2_PLACEMENT_3D('',#5884,#4626,#4627);
#3811=AXIS2_PLACEMENT_3D('',#5886,#4628,#4629);
#3812=AXIS2_PLACEMENT_3D('',#5887,#4630,#4631);
#3813=AXIS2_PLACEMENT_3D('',#5889,#4632,#4633);
#3814=AXIS2_PLACEMENT_3D('',#5890,#4634,#4635);
#3815=AXIS2_PLACEMENT_3D('',#5892,#4636,#4637);
#3816=AXIS2_PLACEMENT_3D('',#5893,#4638,#4639);
#3817=AXIS2_PLACEMENT_3D('',#5895,#4640,#4641);
#3818=AXIS2_PLACEMENT_3D('',#5896,#4642,#4643);
#3819=AXIS2_PLACEMENT_3D('',#5898,#4644,#4645);
#3820=AXIS2_PLACEMENT_3D('',#5899,#4646,#4647);
#3821=AXIS2_PLACEMENT_3D('',#5901,#4648,#4649);
#3822=AXIS2_PLACEMENT_3D('',#5902,#4650,#4651);
#3823=AXIS2_PLACEMENT_3D('',#5904,#4652,#4653);
#3824=AXIS2_PLACEMENT_3D('',#5913,#4658,#4659);
#3825=AXIS2_PLACEMENT_3D('',#5921,#4664,#4665);
#3826=AXIS2_PLACEMENT_3D('',#5925,#4668,#4669);
#3827=AXIS2_PLACEMENT_3D('',#5931,#4673,#4674);
#3828=AXIS2_PLACEMENT_3D('',#5937,#4678,#4679);
#3829=AXIS2_PLACEMENT_3D('',#5946,#4684,#4685);
#3830=AXIS2_PLACEMENT_3D('',#5952,#4689,#4690);
#3831=AXIS2_PLACEMENT_3D('',#5957,#4694,#4695);
#3832=AXIS2_PLACEMENT_3D('',#5961,#4698,#4699);
#3833=AXIS2_PLACEMENT_3D('',#5963,#4701,#4702);
#3834=AXIS2_PLACEMENT_3D('',#5967,#4705,#4706);
#3835=AXIS2_PLACEMENT_3D('',#5969,#4708,#4709);
#3836=AXIS2_PLACEMENT_3D('',#5971,#4711,#4712);
#3837=AXIS2_PLACEMENT_3D('',#5975,#4715,#4716);
#3838=AXIS2_PLACEMENT_3D('',#5981,#4720,#4721);
#3839=AXIS2_PLACEMENT_3D('',#5985,#4724,#4725);
#3840=AXIS2_PLACEMENT_3D('',#5989,#4728,#4729);
#3841=AXIS2_PLACEMENT_3D('',#5993,#4732,#4733);
#3842=AXIS2_PLACEMENT_3D('',#5997,#4736,#4737);
#3843=AXIS2_PLACEMENT_3D('',#6003,#4741,#4742);
#3844=AXIS2_PLACEMENT_3D('',#6005,#4744,#4745);
#3845=AXIS2_PLACEMENT_3D('',#6009,#4748,#4749);
#3846=AXIS2_PLACEMENT_3D('',#6011,#4751,#4752);
#3847=AXIS2_PLACEMENT_3D('',#6015,#4755,#4756);
#3848=AXIS2_PLACEMENT_3D('',#6017,#4758,#4759);
#3849=AXIS2_PLACEMENT_3D('',#6026,#4764,#4765);
#3850=AXIS2_PLACEMENT_3D('',#6035,#4770,#4771);
#3851=AXIS2_PLACEMENT_3D('',#6041,#4775,#4776);
#3852=AXIS2_PLACEMENT_3D('',#6050,#4782,#4783);
#3853=AXIS2_PLACEMENT_3D('',#6056,#4787,#4788);
#3854=AXIS2_PLACEMENT_3D('',#6060,#4791,#4792);
#3855=AXIS2_PLACEMENT_3D('',#6066,#4796,#4797);
#3856=AXIS2_PLACEMENT_3D('',#6073,#4802,#4803);
#3857=AXIS2_PLACEMENT_3D('',#6077,#4806,#4807);
#3858=AXIS2_PLACEMENT_3D('',#6089,#4814,#4815);
#3859=AXIS2_PLACEMENT_3D('',#6095,#4819,#4820);
#3860=AXIS2_PLACEMENT_3D('',#6099,#4823,#4824);
#3861=AXIS2_PLACEMENT_3D('',#6107,#4829,#4830);
#3862=AXIS2_PLACEMENT_3D('',#6111,#4833,#4834);
#3863=AXIS2_PLACEMENT_3D('',#6115,#4837,#4838);
#3864=AXIS2_PLACEMENT_3D('',#6117,#4840,#4841);
#3865=AXIS2_PLACEMENT_3D('',#6121,#4844,#4845);
#3866=AXIS2_PLACEMENT_3D('',#6125,#4848,#4849);
#3867=AXIS2_PLACEMENT_3D('',#6127,#4851,#4852);
#3868=AXIS2_PLACEMENT_3D('',#6129,#4854,#4855);
#3869=AXIS2_PLACEMENT_3D('',#6130,#4856,#4857);
#3870=AXIS2_PLACEMENT_3D('',#6132,#4858,#4859);
#3871=AXIS2_PLACEMENT_3D('',#6133,#4860,#4861);
#3872=AXIS2_PLACEMENT_3D('',#6134,#4862,#4863);
#3873=AXIS2_PLACEMENT_3D('',#6135,#4864,#4865);
#3874=DIRECTION('',(0.,0.,1.));
#3875=DIRECTION('',(1.,0.,0.));
#3876=DIRECTION('',(1.,-2.22565125738837E-15,1.28498035257544E-15));
#3877=DIRECTION('',(0.,-1.73472347597682E-14,-1.));
#3878=DIRECTION('',(-1.,0.,0.));
#3879=DIRECTION('',(0.,0.,-1.));
#3880=DIRECTION('',(1.,-2.22565125738838E-15,1.28498035257544E-15));
#3881=DIRECTION('',(0.,-1.73472347597683E-14,-1.));
#3882=DIRECTION('',(-1.,0.,0.));
#3883=DIRECTION('',(0.,0.,-1.));
#3884=DIRECTION('',(0.,-1.,0.));
#3885=DIRECTION('',(2.45752492430043E-14,0.,-0.999999999999999));
#3886=DIRECTION('',(-1.,4.85542915283076E-15,-1.24448443602288E-14));
#3887=DIRECTION('',(-1.22876246215026E-14,-5.78241158658948E-15,1.));
#3888=DIRECTION('',(-1.51788304147961E-14,5.78241158658899E-15,0.999999999999999));
#3889=DIRECTION('',(1.,5.78241158658899E-15,1.44560289664725E-14));
#3890=DIRECTION('',(-4.45130251477657E-15,-1.,2.56996070515087E-15));
#3891=DIRECTION('',(-3.54172709678589E-14,0.,-1.));
#3892=DIRECTION('',(-2.22565125738842E-15,-1.,-1.28498035257548E-15));
#3893=DIRECTION('',(-1.80700362080914E-14,0.,-1.));
#3894=DIRECTION('',(-1.,-2.22565125738839E-15,4.28326784191804E-16));
#3895=DIRECTION('',(-7.22801448323653E-16,1.73472347597677E-14,-0.999999999999999));
#3896=DIRECTION('',(-4.088782444489E-15,-1.,1.69362914210033E-15));
#3897=DIRECTION('',(2.45752492430044E-14,0.,-0.999999999999999));
#3898=DIRECTION('',(-1.,3.57768463892795E-15,-1.36969049154588E-14));
#3899=DIRECTION('',(-1.37332275181499E-14,-5.78241158658943E-15,1.));
#3900=DIRECTION('',(-1.51788304147961E-14,5.78241158658899E-15,0.999999999999999));
#3901=DIRECTION('',(1.,5.78241158658899E-15,1.44560289664725E-14));
#3902=DIRECTION('',(4.45130251477673E-15,-1.,7.70988211545231E-15));
#3903=DIRECTION('',(0.,-5.78241158658934E-15,-0.999999999999999));
#3904=DIRECTION('',(6.10115869318169E-29,-1.,3.42661427353452E-15));
#3905=DIRECTION('',(-1.80700362080914E-14,-5.78241158658926E-15,-1.));
#3906=DIRECTION('',(-1.,0.,0.));
#3907=DIRECTION('',(0.,1.73472347597678E-14,-1.));
#3908=DIRECTION('',(-5.56412814347093E-16,1.,-3.21245088143864E-16));
#3909=DIRECTION('',(1.80700362080919E-14,0.,-1.));
#3910=DIRECTION('',(6.10115869318141E-29,-1.,3.4266142735344E-15));
#3911=DIRECTION('',(-1.80700362080916E-14,-2.89120579329466E-15,-0.999999999999999));
#3912=DIRECTION('',(6.10115869318169E-29,-1.,3.42661427353452E-15));
#3913=DIRECTION('',(-1.80700362080914E-14,-5.78241158658926E-15,-1.));
#3914=DIRECTION('',(0.,-1.,0.));
#3915=DIRECTION('',(0.,0.,-1.));
#3916=DIRECTION('',(2.78206407173546E-15,1.,2.03455222491112E-15));
#3917=DIRECTION('',(1.80700362080918E-14,2.16840434497102E-15,-0.999999999999999));
#3918=DIRECTION('',(0.,-1.,0.));
#3919=DIRECTION('',(0.,0.,-1.));
#3920=DIRECTION('',(2.22565125738829E-15,-1.,-1.28498035257544E-15));
#3921=DIRECTION('',(-3.54172709678589E-14,0.,-1.));
#3922=DIRECTION('',(-2.22565125738842E-15,-1.,-1.28498035257548E-15));
#3923=DIRECTION('',(-1.80700362080914E-14,0.,-1.));
#3924=DIRECTION('',(1.,-2.22565125738837E-15,1.28498035257544E-15));
#3925=DIRECTION('',(0.,-1.73472347597682E-14,-1.));
#3926=DIRECTION('',(-1.,0.,0.));
#3927=DIRECTION('',(0.,0.,-1.));
#3928=DIRECTION('',(1.,-2.22565125738838E-15,1.28498035257544E-15));
#3929=DIRECTION('',(0.,-1.73472347597683E-14,-0.999999999999997));
#3930=DIRECTION('',(-1.,0.,0.));
#3931=DIRECTION('',(0.,0.,-1.));
#3932=DIRECTION('',(0.,-1.,0.));
#3933=DIRECTION('',(2.45752492430043E-14,0.,-1.));
#3934=DIRECTION('',(-1.,4.85542915283076E-15,-1.24448443602288E-14));
#3935=DIRECTION('',(-1.22876246215026E-14,-5.78241158658948E-15,0.999999999999998));
#3936=DIRECTION('',(-1.51788304147961E-14,5.78241158658899E-15,0.999999999999999));
#3937=DIRECTION('',(1.,5.78241158658899E-15,1.7347234759767E-14));
#3938=DIRECTION('',(-4.45130251477657E-15,-1.,2.56996070515087E-15));
#3939=DIRECTION('',(-3.54172709678589E-14,0.,-1.));
#3940=DIRECTION('',(-2.22565125738842E-15,-1.,-1.28498035257548E-15));
#3941=DIRECTION('',(-1.80700362080914E-14,0.,-1.));
#3942=DIRECTION('',(-1.,-2.22565125738839E-15,4.28326784191804E-16));
#3943=DIRECTION('',(-7.22801448323653E-16,1.73472347597677E-14,-0.999999999999999));
#3944=DIRECTION('',(-4.088782444489E-15,-1.,1.69362914210033E-15));
#3945=DIRECTION('',(2.45752492430044E-14,0.,-1.));
#3946=DIRECTION('',(-1.,3.57768463892795E-15,-1.36969049154588E-14));
#3947=DIRECTION('',(-1.37332275181499E-14,-5.78241158658943E-15,1.));
#3948=DIRECTION('',(-1.51788304147961E-14,5.78241158658899E-15,0.999999999999999));
#3949=DIRECTION('',(1.,5.78241158658899E-15,1.7347234759767E-14));
#3950=DIRECTION('',(4.45130251477673E-15,-1.,7.70988211545231E-15));
#3951=DIRECTION('',(0.,-5.78241158658934E-15,-1.));
#3952=DIRECTION('',(6.10115869318169E-29,-1.,3.42661427353452E-15));
#3953=DIRECTION('',(-1.80700362080914E-14,-5.78241158658926E-15,-1.));
#3954=DIRECTION('',(-1.,0.,0.));
#3955=DIRECTION('',(0.,1.73472347597678E-14,-1.));
#3956=DIRECTION('',(-5.56412814347093E-16,1.,-3.21245088143864E-16));
#3957=DIRECTION('',(1.80700362080919E-14,0.,-1.));
#3958=DIRECTION('',(6.10115869318141E-29,-1.,3.4266142735344E-15));
#3959=DIRECTION('',(-1.80700362080916E-14,-2.89120579329466E-15,-0.999999999999999));
#3960=DIRECTION('',(6.10115869318169E-29,-1.,3.42661427353452E-15));
#3961=DIRECTION('',(-1.80700362080914E-14,-5.78241158658926E-15,-1.));
#3962=DIRECTION('',(0.,-1.,0.));
#3963=DIRECTION('',(0.,0.,-1.));
#3964=DIRECTION('',(2.78206407173546E-15,1.,2.03455222491112E-15));
#3965=DIRECTION('',(1.80700362080918E-14,2.16840434497102E-15,-0.999999999999999));
#3966=DIRECTION('',(0.,-1.,0.));
#3967=DIRECTION('',(0.,0.,-1.));
#3968=DIRECTION('',(2.22565125738829E-15,-1.,-1.28498035257544E-15));
#3969=DIRECTION('',(-3.54172709678589E-14,0.,-0.999999999999997));
#3970=DIRECTION('',(-2.22565125738842E-15,-1.,-1.28498035257548E-15));
#3971=DIRECTION('',(-1.80700362080914E-14,0.,-1.));
#3972=DIRECTION('',(1.,-2.22565125738837E-15,1.28498035257544E-15));
#3973=DIRECTION('',(0.,-1.73472347597682E-14,-1.));
#3974=DIRECTION('',(-1.,0.,0.));
#3975=DIRECTION('',(0.,0.,-1.));
#3976=DIRECTION('',(1.,-2.22565125738838E-15,1.28498035257544E-15));
#3977=DIRECTION('',(0.,-1.73472347597683E-14,-0.999999999999997));
#3978=DIRECTION('',(-1.,0.,0.));
#3979=DIRECTION('',(0.,0.,-1.));
#3980=DIRECTION('',(0.,-1.,0.));
#3981=DIRECTION('',(2.45752492430043E-14,0.,-1.));
#3982=DIRECTION('',(-1.,4.85542915283076E-15,-1.24448443602288E-14));
#3983=DIRECTION('',(-1.22876246215026E-14,-5.78241158658948E-15,0.999999999999998));
#3984=DIRECTION('',(-1.51788304147961E-14,5.78241158658899E-15,0.999999999999999));
#3985=DIRECTION('',(1.,5.78241158658899E-15,1.7347234759767E-14));
#3986=DIRECTION('',(-4.45130251477657E-15,-1.,2.56996070515087E-15));
#3987=DIRECTION('',(-3.54172709678589E-14,0.,-1.));
#3988=DIRECTION('',(-2.22565125738842E-15,-1.,-1.28498035257548E-15));
#3989=DIRECTION('',(-1.80700362080914E-14,0.,-1.));
#3990=DIRECTION('',(-1.,-2.22565125738839E-15,4.28326784191804E-16));
#3991=DIRECTION('',(-7.22801448323653E-16,1.73472347597677E-14,-0.999999999999999));
#3992=DIRECTION('',(-4.088782444489E-15,-1.,1.69362914210033E-15));
#3993=DIRECTION('',(2.45752492430044E-14,0.,-1.));
#3994=DIRECTION('',(-1.,3.57768463892795E-15,-1.36969049154588E-14));
#3995=DIRECTION('',(-1.37332275181499E-14,-5.78241158658943E-15,1.));
#3996=DIRECTION('',(-1.51788304147961E-14,5.78241158658899E-15,0.999999999999999));
#3997=DIRECTION('',(1.,5.78241158658899E-15,1.7347234759767E-14));
#3998=DIRECTION('',(4.45130251477673E-15,-1.,7.70988211545231E-15));
#3999=DIRECTION('',(0.,-5.78241158658934E-15,-1.));
#4000=DIRECTION('',(6.10115869318169E-29,-1.,3.42661427353452E-15));
#4001=DIRECTION('',(-1.80700362080914E-14,-5.78241158658926E-15,-1.));
#4002=DIRECTION('',(-1.,0.,0.));
#4003=DIRECTION('',(0.,1.73472347597678E-14,-1.));
#4004=DIRECTION('',(-5.56412814347093E-16,1.,-3.21245088143864E-16));
#4005=DIRECTION('',(1.80700362080919E-14,0.,-1.));
#4006=DIRECTION('',(6.10115869318141E-29,-1.,3.4266142735344E-15));
#4007=DIRECTION('',(-1.80700362080916E-14,-2.89120579329466E-15,-0.999999999999999));
#4008=DIRECTION('',(6.10115869318169E-29,-1.,3.42661427353452E-15));
#4009=DIRECTION('',(-1.80700362080914E-14,-5.78241158658926E-15,-1.));
#4010=DIRECTION('',(0.,-1.,0.));
#4011=DIRECTION('',(0.,0.,-1.));
#4012=DIRECTION('',(2.78206407173546E-15,1.,2.03455222491112E-15));
#4013=DIRECTION('',(1.80700362080918E-14,2.16840434497102E-15,-0.999999999999999));
#4014=DIRECTION('',(0.,-1.,0.));
#4015=DIRECTION('',(0.,0.,-1.));
#4016=DIRECTION('',(2.22565125738829E-15,-1.,-1.28498035257544E-15));
#4017=DIRECTION('',(-3.54172709678589E-14,0.,-0.999999999999997));
#4018=DIRECTION('',(-2.22565125738842E-15,-1.,-1.28498035257548E-15));
#4019=DIRECTION('',(-1.80700362080914E-14,0.,-1.));
#4020=DIRECTION('',(1.,-2.22565125738837E-15,1.28498035257544E-15));
#4021=DIRECTION('',(0.,-1.73472347597682E-14,-1.));
#4022=DIRECTION('',(-1.,0.,0.));
#4023=DIRECTION('',(0.,0.,-1.));
#4024=DIRECTION('',(1.,-2.22565125738838E-15,1.28498035257544E-15));
#4025=DIRECTION('',(0.,-1.73472347597683E-14,-0.999999999999997));
#4026=DIRECTION('',(-1.,0.,0.));
#4027=DIRECTION('',(0.,0.,-1.));
#4028=DIRECTION('',(0.,-1.,0.));
#4029=DIRECTION('',(2.45752492430043E-14,0.,-1.));
#4030=DIRECTION('',(-1.,4.85542915283076E-15,-1.24448443602288E-14));
#4031=DIRECTION('',(-1.22876246215026E-14,-5.78241158658948E-15,0.999999999999998));
#4032=DIRECTION('',(-1.51788304147961E-14,5.78241158658899E-15,0.999999999999999));
#4033=DIRECTION('',(1.,5.78241158658899E-15,1.7347234759767E-14));
#4034=DIRECTION('',(-4.45130251477657E-15,-1.,2.56996070515087E-15));
#4035=DIRECTION('',(-3.54172709678589E-14,0.,-1.));
#4036=DIRECTION('',(-2.22565125738842E-15,-1.,-1.28498035257548E-15));
#4037=DIRECTION('',(-1.80700362080914E-14,0.,-1.));
#4038=DIRECTION('',(-1.,-2.22565125738839E-15,4.28326784191804E-16));
#4039=DIRECTION('',(-7.22801448323653E-16,1.73472347597677E-14,-0.999999999999999));
#4040=DIRECTION('',(-4.088782444489E-15,-1.,1.69362914210033E-15));
#4041=DIRECTION('',(2.45752492430044E-14,0.,-1.));
#4042=DIRECTION('',(-1.,3.57768463892795E-15,-1.36969049154588E-14));
#4043=DIRECTION('',(-1.37332275181499E-14,-5.78241158658943E-15,1.));
#4044=DIRECTION('',(-1.51788304147961E-14,5.78241158658899E-15,0.999999999999999));
#4045=DIRECTION('',(1.,5.78241158658899E-15,1.7347234759767E-14));
#4046=DIRECTION('',(4.45130251477673E-15,-1.,7.70988211545231E-15));
#4047=DIRECTION('',(0.,-5.78241158658934E-15,-1.));
#4048=DIRECTION('',(6.10115869318169E-29,-1.,3.42661427353452E-15));
#4049=DIRECTION('',(-1.80700362080914E-14,-5.78241158658926E-15,-1.));
#4050=DIRECTION('',(-1.,0.,0.));
#4051=DIRECTION('',(0.,1.73472347597678E-14,-1.));
#4052=DIRECTION('',(-5.56412814347093E-16,1.,-3.21245088143864E-16));
#4053=DIRECTION('',(1.80700362080919E-14,0.,-1.));
#4054=DIRECTION('',(6.10115869318141E-29,-1.,3.4266142735344E-15));
#4055=DIRECTION('',(-1.80700362080916E-14,-2.89120579329466E-15,-0.999999999999999));
#4056=DIRECTION('',(6.10115869318169E-29,-1.,3.42661427353452E-15));
#4057=DIRECTION('',(-1.80700362080914E-14,-5.78241158658926E-15,-1.));
#4058=DIRECTION('',(0.,-1.,0.));
#4059=DIRECTION('',(0.,0.,-1.));
#4060=DIRECTION('',(2.78206407173546E-15,1.,2.03455222491112E-15));
#4061=DIRECTION('',(1.80700362080918E-14,2.16840434497102E-15,-0.999999999999999));
#4062=DIRECTION('',(0.,-1.,0.));
#4063=DIRECTION('',(0.,0.,-1.));
#4064=DIRECTION('',(2.22565125738829E-15,-1.,-1.28498035257544E-15));
#4065=DIRECTION('',(-3.54172709678589E-14,0.,-0.999999999999997));
#4066=DIRECTION('',(-2.22565125738842E-15,-1.,-1.28498035257548E-15));
#4067=DIRECTION('',(-1.80700362080914E-14,0.,-1.));
#4068=DIRECTION('',(1.,-2.22565125738837E-15,1.28498035257544E-15));
#4069=DIRECTION('',(0.,-1.73472347597682E-14,-1.));
#4070=DIRECTION('',(-1.,0.,0.));
#4071=DIRECTION('',(0.,0.,-1.));
#4072=DIRECTION('',(1.,-2.22565125738838E-15,1.28498035257544E-15));
#4073=DIRECTION('',(0.,-1.73472347597683E-14,-0.999999999999997));
#4074=DIRECTION('',(-1.,0.,0.));
#4075=DIRECTION('',(0.,0.,-1.));
#4076=DIRECTION('',(0.,-1.,0.));
#4077=DIRECTION('',(2.45752492430043E-14,0.,-0.999999999999996));
#4078=DIRECTION('',(-1.,4.85542915283076E-15,-1.24448443602288E-14));
#4079=DIRECTION('',(-1.22876246215026E-14,-5.78241158658948E-15,1.));
#4080=DIRECTION('',(-1.51788304147961E-14,5.78241158658899E-15,0.999999999999999));
#4081=DIRECTION('',(1.,5.78241158658899E-15,1.1564823173178E-14));
#4082=DIRECTION('',(-4.45130251477657E-15,-1.,2.56996070515087E-15));
#4083=DIRECTION('',(-3.54172709678589E-14,0.,-1.));
#4084=DIRECTION('',(-2.22565125738842E-15,-1.,-1.28498035257548E-15));
#4085=DIRECTION('',(-1.80700362080914E-14,0.,-1.));
#4086=DIRECTION('',(-1.,-2.22565125738839E-15,4.28326784191804E-16));
#4087=DIRECTION('',(-7.22801448323653E-16,1.73472347597677E-14,-1.00000000000001));
#4088=DIRECTION('',(-4.088782444489E-15,-1.,1.69362914210033E-15));
#4089=DIRECTION('',(2.45752492430044E-14,0.,-1.));
#4090=DIRECTION('',(-1.,3.57768463892795E-15,-1.36969049154588E-14));
#4091=DIRECTION('',(-1.37332275181499E-14,-5.78241158658943E-15,0.999999999999995));
#4092=DIRECTION('',(-1.51788304147961E-14,5.78241158658899E-15,0.999999999999999));
#4093=DIRECTION('',(1.,5.78241158658899E-15,1.1564823173178E-14));
#4094=DIRECTION('',(4.45130251477673E-15,-1.,7.70988211545231E-15));
#4095=DIRECTION('',(0.,-5.78241158658934E-15,-1.));
#4096=DIRECTION('',(6.10115869318169E-29,-1.,3.42661427353452E-15));
#4097=DIRECTION('',(-1.80700362080914E-14,-5.78241158658926E-15,-1.));
#4098=DIRECTION('',(-1.,0.,0.));
#4099=DIRECTION('',(0.,1.73472347597678E-14,-1.));
#4100=DIRECTION('',(-5.56412814347093E-16,1.,-3.21245088143864E-16));
#4101=DIRECTION('',(1.80700362080919E-14,0.,-1.));
#4102=DIRECTION('',(6.10115869318141E-29,-1.,3.4266142735344E-15));
#4103=DIRECTION('',(-1.80700362080916E-14,-2.89120579329466E-15,-0.999999999999999));
#4104=DIRECTION('',(6.10115869318169E-29,-1.,3.42661427353452E-15));
#4105=DIRECTION('',(-1.80700362080914E-14,-5.78241158658926E-15,-1.));
#4106=DIRECTION('',(0.,-1.,0.));
#4107=DIRECTION('',(0.,0.,-1.));
#4108=DIRECTION('',(2.78206407173546E-15,1.,2.03455222491112E-15));
#4109=DIRECTION('',(1.80700362080918E-14,2.16840434497102E-15,-0.999999999999999));
#4110=DIRECTION('',(0.,-1.,0.));
#4111=DIRECTION('',(0.,0.,-1.));
#4112=DIRECTION('',(2.22565125738829E-15,-1.,-1.28498035257544E-15));
#4113=DIRECTION('',(-3.54172709678589E-14,0.,-1.));
#4114=DIRECTION('',(-2.22565125738842E-15,-1.,-1.28498035257548E-15));
#4115=DIRECTION('',(-1.80700362080914E-14,0.,-1.));
#4116=DIRECTION('',(1.,-2.22565125738837E-15,1.28498035257544E-15));
#4117=DIRECTION('',(0.,-1.73472347597682E-14,-1.));
#4118=DIRECTION('',(-1.,0.,0.));
#4119=DIRECTION('',(0.,0.,-1.));
#4120=DIRECTION('',(1.,-2.22565125738838E-15,1.28498035257544E-15));
#4121=DIRECTION('',(0.,-1.73472347597683E-14,-0.999999999999997));
#4122=DIRECTION('',(-1.,0.,0.));
#4123=DIRECTION('',(0.,0.,-1.));
#4124=DIRECTION('',(0.,-1.,0.));
#4125=DIRECTION('',(2.45752492430043E-14,0.,-0.999999999999996));
#4126=DIRECTION('',(-1.,4.85542915283076E-15,-1.24448443602288E-14));
#4127=DIRECTION('',(-1.22876246215026E-14,-5.78241158658948E-15,1.));
#4128=DIRECTION('',(-1.51788304147961E-14,5.78241158658899E-15,0.999999999999999));
#4129=DIRECTION('',(1.,5.78241158658899E-15,1.1564823173178E-14));
#4130=DIRECTION('',(-4.45130251477657E-15,-1.,2.56996070515087E-15));
#4131=DIRECTION('',(-3.54172709678589E-14,0.,-1.));
#4132=DIRECTION('',(-2.22565125738842E-15,-1.,-1.28498035257548E-15));
#4133=DIRECTION('',(-1.80700362080914E-14,0.,-1.));
#4134=DIRECTION('',(-1.,-2.22565125738839E-15,4.28326784191804E-16));
#4135=DIRECTION('',(-7.22801448323653E-16,1.73472347597677E-14,-1.00000000000001));
#4136=DIRECTION('',(-4.088782444489E-15,-1.,1.69362914210033E-15));
#4137=DIRECTION('',(2.45752492430044E-14,0.,-1.));
#4138=DIRECTION('',(-1.,3.57768463892795E-15,-1.36969049154588E-14));
#4139=DIRECTION('',(-1.37332275181499E-14,-5.78241158658943E-15,0.999999999999995));
#4140=DIRECTION('',(-1.51788304147961E-14,5.78241158658899E-15,0.999999999999999));
#4141=DIRECTION('',(1.,5.78241158658899E-15,1.1564823173178E-14));
#4142=DIRECTION('',(4.45130251477673E-15,-1.,7.70988211545231E-15));
#4143=DIRECTION('',(0.,-5.78241158658934E-15,-1.));
#4144=DIRECTION('',(6.10115869318169E-29,-1.,3.42661427353452E-15));
#4145=DIRECTION('',(-1.80700362080914E-14,-5.78241158658926E-15,-1.));
#4146=DIRECTION('',(-1.,0.,0.));
#4147=DIRECTION('',(0.,1.73472347597678E-14,-1.));
#4148=DIRECTION('',(-5.56412814347093E-16,1.,-3.21245088143864E-16));
#4149=DIRECTION('',(1.80700362080919E-14,0.,-1.));
#4150=DIRECTION('',(6.10115869318141E-29,-1.,3.4266142735344E-15));
#4151=DIRECTION('',(-1.80700362080916E-14,-2.89120579329466E-15,-0.999999999999999));
#4152=DIRECTION('',(6.10115869318169E-29,-1.,3.42661427353452E-15));
#4153=DIRECTION('',(-1.80700362080914E-14,-5.78241158658926E-15,-1.));
#4154=DIRECTION('',(0.,-1.,0.));
#4155=DIRECTION('',(0.,0.,-1.));
#4156=DIRECTION('',(2.78206407173546E-15,1.,2.03455222491112E-15));
#4157=DIRECTION('',(1.80700362080918E-14,2.16840434497102E-15,-0.999999999999999));
#4158=DIRECTION('',(0.,-1.,0.));
#4159=DIRECTION('',(0.,0.,-1.));
#4160=DIRECTION('',(2.22565125738829E-15,-1.,-1.28498035257544E-15));
#4161=DIRECTION('',(-3.54172709678589E-14,0.,-1.));
#4162=DIRECTION('',(-2.22565125738842E-15,-1.,-1.28498035257548E-15));
#4163=DIRECTION('',(-1.80700362080914E-14,0.,-1.));
#4164=DIRECTION('',(1.,-2.22565125738837E-15,1.28498035257544E-15));
#4165=DIRECTION('',(0.,-1.73472347597682E-14,-1.));
#4166=DIRECTION('',(-1.,0.,0.));
#4167=DIRECTION('',(0.,0.,-1.));
#4168=DIRECTION('',(1.,-2.22565125738838E-15,1.28498035257544E-15));
#4169=DIRECTION('',(0.,-1.73472347597683E-14,-0.999999999999997));
#4170=DIRECTION('',(-1.,0.,0.));
#4171=DIRECTION('',(0.,0.,-1.));
#4172=DIRECTION('',(0.,-1.,0.));
#4173=DIRECTION('',(2.45752492430043E-14,0.,-0.999999999999996));
#4174=DIRECTION('',(-1.,4.85542915283076E-15,-1.24448443602288E-14));
#4175=DIRECTION('',(-1.22876246215026E-14,-5.78241158658948E-15,1.));
#4176=DIRECTION('',(-1.51788304147961E-14,5.78241158658899E-15,0.999999999999999));
#4177=DIRECTION('',(1.,5.78241158658899E-15,1.1564823173178E-14));
#4178=DIRECTION('',(-4.45130251477657E-15,-1.,2.56996070515087E-15));
#4179=DIRECTION('',(-3.54172709678589E-14,0.,-1.));
#4180=DIRECTION('',(-2.22565125738842E-15,-1.,-1.28498035257548E-15));
#4181=DIRECTION('',(-1.80700362080914E-14,0.,-1.));
#4182=DIRECTION('',(-1.,-2.22565125738839E-15,4.28326784191804E-16));
#4183=DIRECTION('',(-7.22801448323653E-16,1.73472347597677E-14,-1.00000000000001));
#4184=DIRECTION('',(-4.088782444489E-15,-1.,1.69362914210033E-15));
#4185=DIRECTION('',(2.45752492430044E-14,0.,-1.));
#4186=DIRECTION('',(-1.,3.57768463892795E-15,-1.36969049154588E-14));
#4187=DIRECTION('',(-1.37332275181499E-14,-5.78241158658943E-15,0.999999999999995));
#4188=DIRECTION('',(-1.51788304147961E-14,5.78241158658899E-15,0.999999999999999));
#4189=DIRECTION('',(1.,5.78241158658899E-15,1.1564823173178E-14));
#4190=DIRECTION('',(4.45130251477673E-15,-1.,7.70988211545231E-15));
#4191=DIRECTION('',(0.,-5.78241158658934E-15,-1.));
#4192=DIRECTION('',(6.10115869318169E-29,-1.,3.42661427353452E-15));
#4193=DIRECTION('',(-1.80700362080914E-14,-5.78241158658926E-15,-1.));
#4194=DIRECTION('',(-1.,0.,0.));
#4195=DIRECTION('',(0.,1.73472347597678E-14,-1.));
#4196=DIRECTION('',(-5.56412814347093E-16,1.,-3.21245088143864E-16));
#4197=DIRECTION('',(1.80700362080919E-14,0.,-1.));
#4198=DIRECTION('',(6.10115869318141E-29,-1.,3.4266142735344E-15));
#4199=DIRECTION('',(-1.80700362080916E-14,-2.89120579329466E-15,-0.999999999999999));
#4200=DIRECTION('',(6.10115869318169E-29,-1.,3.42661427353452E-15));
#4201=DIRECTION('',(-1.80700362080914E-14,-5.78241158658926E-15,-1.));
#4202=DIRECTION('',(0.,-1.,0.));
#4203=DIRECTION('',(0.,0.,-1.));
#4204=DIRECTION('',(2.78206407173546E-15,1.,2.03455222491112E-15));
#4205=DIRECTION('',(1.80700362080918E-14,2.16840434497102E-15,-0.999999999999999));
#4206=DIRECTION('',(0.,-1.,0.));
#4207=DIRECTION('',(0.,0.,-1.));
#4208=DIRECTION('',(2.22565125738829E-15,-1.,-1.28498035257544E-15));
#4209=DIRECTION('',(-3.54172709678589E-14,0.,-1.));
#4210=DIRECTION('',(-2.22565125738842E-15,-1.,-1.28498035257548E-15));
#4211=DIRECTION('',(-1.80700362080914E-14,0.,-1.));
#4212=DIRECTION('',(1.,-2.22565125738837E-15,1.28498035257544E-15));
#4213=DIRECTION('',(0.,-1.73472347597682E-14,-1.));
#4214=DIRECTION('',(-1.,0.,0.));
#4215=DIRECTION('',(0.,0.,-1.));
#4216=DIRECTION('',(1.,-2.22565125738838E-15,1.28498035257544E-15));
#4217=DIRECTION('',(0.,-1.73472347597683E-14,-0.999999999999997));
#4218=DIRECTION('',(-1.,0.,0.));
#4219=DIRECTION('',(0.,0.,-1.));
#4220=DIRECTION('',(0.,-1.,0.));
#4221=DIRECTION('',(2.45752492430043E-14,0.,-0.999999999999996));
#4222=DIRECTION('',(-1.,4.85542915283076E-15,-1.24448443602288E-14));
#4223=DIRECTION('',(-1.22876246215026E-14,-5.78241158658948E-15,1.));
#4224=DIRECTION('',(-1.51788304147961E-14,5.78241158658899E-15,0.999999999999999));
#4225=DIRECTION('',(1.,5.78241158658899E-15,1.1564823173178E-14));
#4226=DIRECTION('',(-4.45130251477657E-15,-1.,2.56996070515087E-15));
#4227=DIRECTION('',(-3.54172709678589E-14,0.,-1.));
#4228=DIRECTION('',(-2.22565125738842E-15,-1.,-1.28498035257548E-15));
#4229=DIRECTION('',(-1.80700362080914E-14,0.,-1.));
#4230=DIRECTION('',(-1.,-2.22565125738839E-15,4.28326784191804E-16));
#4231=DIRECTION('',(-7.22801448323653E-16,1.73472347597677E-14,-1.00000000000001));
#4232=DIRECTION('',(-4.088782444489E-15,-1.,1.69362914210033E-15));
#4233=DIRECTION('',(2.45752492430044E-14,0.,-1.));
#4234=DIRECTION('',(-1.,3.57768463892795E-15,-1.36969049154588E-14));
#4235=DIRECTION('',(-1.37332275181499E-14,-5.78241158658943E-15,0.999999999999995));
#4236=DIRECTION('',(-1.51788304147961E-14,5.78241158658899E-15,0.999999999999999));
#4237=DIRECTION('',(1.,5.78241158658899E-15,1.1564823173178E-14));
#4238=DIRECTION('',(4.45130251477673E-15,-1.,7.70988211545231E-15));
#4239=DIRECTION('',(0.,-5.78241158658934E-15,-1.));
#4240=DIRECTION('',(6.10115869318169E-29,-1.,3.42661427353452E-15));
#4241=DIRECTION('',(-1.80700362080914E-14,-5.78241158658926E-15,-1.));
#4242=DIRECTION('',(-1.,0.,0.));
#4243=DIRECTION('',(0.,1.73472347597678E-14,-1.));
#4244=DIRECTION('',(-5.56412814347093E-16,1.,-3.21245088143864E-16));
#4245=DIRECTION('',(1.80700362080919E-14,0.,-1.));
#4246=DIRECTION('',(6.10115869318141E-29,-1.,3.4266142735344E-15));
#4247=DIRECTION('',(-1.80700362080916E-14,-2.89120579329466E-15,-0.999999999999999));
#4248=DIRECTION('',(6.10115869318169E-29,-1.,3.42661427353452E-15));
#4249=DIRECTION('',(-1.80700362080914E-14,-5.78241158658926E-15,-1.));
#4250=DIRECTION('',(0.,-1.,0.));
#4251=DIRECTION('',(0.,0.,-1.));
#4252=DIRECTION('',(2.78206407173546E-15,1.,2.03455222491112E-15));
#4253=DIRECTION('',(1.80700362080918E-14,2.16840434497102E-15,-0.999999999999999));
#4254=DIRECTION('',(0.,-1.,0.));
#4255=DIRECTION('',(0.,0.,-1.));
#4256=DIRECTION('',(2.22565125738829E-15,-1.,-1.28498035257544E-15));
#4257=DIRECTION('',(-3.54172709678589E-14,0.,-1.));
#4258=DIRECTION('',(-2.22565125738842E-15,-1.,-1.28498035257548E-15));
#4259=DIRECTION('',(-1.80700362080914E-14,0.,-1.));
#4260=DIRECTION('',(1.,-2.22565125738837E-15,1.28498035257544E-15));
#4261=DIRECTION('',(0.,-1.73472347597682E-14,-1.));
#4262=DIRECTION('',(-1.,0.,0.));
#4263=DIRECTION('',(0.,0.,-1.));
#4264=DIRECTION('',(1.,-2.22565125738838E-15,1.28498035257544E-15));
#4265=DIRECTION('',(0.,-1.73472347597683E-14,-0.999999999999997));
#4266=DIRECTION('',(-1.,0.,0.));
#4267=DIRECTION('',(0.,0.,-1.));
#4268=DIRECTION('',(0.,-1.,0.));
#4269=DIRECTION('',(2.45752492430043E-14,0.,-0.999999999999996));
#4270=DIRECTION('',(-1.,4.85542915283076E-15,-1.24448443602288E-14));
#4271=DIRECTION('',(-1.22876246215026E-14,-5.78241158658948E-15,1.));
#4272=DIRECTION('',(-1.51788304147961E-14,5.78241158658899E-15,0.999999999999999));
#4273=DIRECTION('',(1.,5.78241158658899E-15,1.1564823173178E-14));
#4274=DIRECTION('',(-4.45130251477657E-15,-1.,2.56996070515087E-15));
#4275=DIRECTION('',(-3.54172709678589E-14,0.,-1.));
#4276=DIRECTION('',(-2.22565125738842E-15,-1.,-1.28498035257548E-15));
#4277=DIRECTION('',(-1.80700362080914E-14,0.,-1.));
#4278=DIRECTION('',(-1.,-2.22565125738839E-15,4.28326784191804E-16));
#4279=DIRECTION('',(-7.22801448323653E-16,1.73472347597677E-14,-1.00000000000001));
#4280=DIRECTION('',(-4.088782444489E-15,-1.,1.69362914210033E-15));
#4281=DIRECTION('',(2.45752492430044E-14,0.,-1.));
#4282=DIRECTION('',(-1.,3.57768463892795E-15,-1.36969049154588E-14));
#4283=DIRECTION('',(-1.37332275181499E-14,-5.78241158658943E-15,0.999999999999995));
#4284=DIRECTION('',(-1.51788304147961E-14,5.78241158658899E-15,0.999999999999999));
#4285=DIRECTION('',(1.,5.78241158658899E-15,1.1564823173178E-14));
#4286=DIRECTION('',(4.45130251477673E-15,-1.,7.70988211545231E-15));
#4287=DIRECTION('',(0.,-5.78241158658934E-15,-1.));
#4288=DIRECTION('',(6.10115869318169E-29,-1.,3.42661427353452E-15));
#4289=DIRECTION('',(-1.80700362080914E-14,-5.78241158658926E-15,-1.));
#4290=DIRECTION('',(-1.,0.,0.));
#4291=DIRECTION('',(0.,1.73472347597678E-14,-1.));
#4292=DIRECTION('',(-5.56412814347093E-16,1.,-3.21245088143864E-16));
#4293=DIRECTION('',(1.80700362080919E-14,0.,-1.));
#4294=DIRECTION('',(6.10115869318141E-29,-1.,3.4266142735344E-15));
#4295=DIRECTION('',(-1.80700362080916E-14,-2.89120579329466E-15,-0.999999999999999));
#4296=DIRECTION('',(6.10115869318169E-29,-1.,3.42661427353452E-15));
#4297=DIRECTION('',(-1.80700362080914E-14,-5.78241158658926E-15,-1.));
#4298=DIRECTION('',(0.,-1.,0.));
#4299=DIRECTION('',(0.,0.,-1.));
#4300=DIRECTION('',(2.78206407173546E-15,1.,2.03455222491112E-15));
#4301=DIRECTION('',(1.80700362080918E-14,2.16840434497102E-15,-0.999999999999999));
#4302=DIRECTION('',(0.,-1.,0.));
#4303=DIRECTION('',(0.,0.,-1.));
#4304=DIRECTION('',(2.22565125738829E-15,-1.,-1.28498035257544E-15));
#4305=DIRECTION('',(-3.54172709678589E-14,0.,-1.));
#4306=DIRECTION('',(-2.22565125738842E-15,-1.,-1.28498035257548E-15));
#4307=DIRECTION('',(-1.80700362080914E-14,0.,-1.));
#4308=DIRECTION('',(1.,-2.22565125738837E-15,1.28498035257544E-15));
#4309=DIRECTION('',(0.,-1.73472347597682E-14,-1.));
#4310=DIRECTION('',(-1.,0.,0.));
#4311=DIRECTION('',(0.,0.,-1.));
#4312=DIRECTION('',(1.,-2.22565125738838E-15,1.28498035257544E-15));
#4313=DIRECTION('',(0.,-1.73472347597683E-14,-0.999999999999997));
#4314=DIRECTION('',(-1.,0.,0.));
#4315=DIRECTION('',(0.,0.,-1.));
#4316=DIRECTION('',(0.,-1.,0.));
#4317=DIRECTION('',(2.45752492430043E-14,0.,-0.999999999999996));
#4318=DIRECTION('',(-1.,4.85542915283076E-15,-1.24448443602288E-14));
#4319=DIRECTION('',(-1.22876246215026E-14,-5.78241158658948E-15,1.));
#4320=DIRECTION('',(-1.51788304147961E-14,5.78241158658899E-15,0.999999999999999));
#4321=DIRECTION('',(1.,5.78241158658899E-15,1.1564823173178E-14));
#4322=DIRECTION('',(-4.45130251477657E-15,-1.,2.56996070515087E-15));
#4323=DIRECTION('',(-3.54172709678589E-14,0.,-1.));
#4324=DIRECTION('',(-2.22565125738842E-15,-1.,-1.28498035257548E-15));
#4325=DIRECTION('',(-1.80700362080914E-14,0.,-1.));
#4326=DIRECTION('',(-1.,-2.22565125738839E-15,4.28326784191804E-16));
#4327=DIRECTION('',(-7.22801448323653E-16,1.73472347597677E-14,-1.00000000000001));
#4328=DIRECTION('',(-4.088782444489E-15,-1.,1.69362914210033E-15));
#4329=DIRECTION('',(2.45752492430044E-14,0.,-1.));
#4330=DIRECTION('',(-1.,3.57768463892795E-15,-1.36969049154588E-14));
#4331=DIRECTION('',(-1.37332275181499E-14,-5.78241158658943E-15,0.999999999999995));
#4332=DIRECTION('',(-1.51788304147961E-14,5.78241158658899E-15,0.999999999999999));
#4333=DIRECTION('',(1.,5.78241158658899E-15,1.1564823173178E-14));
#4334=DIRECTION('',(4.45130251477673E-15,-1.,7.70988211545231E-15));
#4335=DIRECTION('',(0.,-5.78241158658934E-15,-1.));
#4336=DIRECTION('',(6.10115869318169E-29,-1.,3.42661427353452E-15));
#4337=DIRECTION('',(-1.80700362080914E-14,-5.78241158658926E-15,-1.));
#4338=DIRECTION('',(-1.,0.,0.));
#4339=DIRECTION('',(0.,1.73472347597678E-14,-1.));
#4340=DIRECTION('',(-5.56412814347093E-16,1.,-3.21245088143864E-16));
#4341=DIRECTION('',(1.80700362080919E-14,0.,-1.));
#4342=DIRECTION('',(6.10115869318141E-29,-1.,3.4266142735344E-15));
#4343=DIRECTION('',(-1.80700362080916E-14,-2.89120579329466E-15,-0.999999999999999));
#4344=DIRECTION('',(6.10115869318169E-29,-1.,3.42661427353452E-15));
#4345=DIRECTION('',(-1.80700362080914E-14,-5.78241158658926E-15,-1.));
#4346=DIRECTION('',(0.,-1.,0.));
#4347=DIRECTION('',(0.,0.,-1.));
#4348=DIRECTION('',(2.78206407173546E-15,1.,2.03455222491112E-15));
#4349=DIRECTION('',(1.80700362080918E-14,2.16840434497102E-15,-0.999999999999999));
#4350=DIRECTION('',(0.,-1.,0.));
#4351=DIRECTION('',(0.,0.,-1.));
#4352=DIRECTION('',(2.22565125738829E-15,-1.,-1.28498035257544E-15));
#4353=DIRECTION('',(-3.54172709678589E-14,0.,-1.));
#4354=DIRECTION('',(-2.22565125738842E-15,-1.,-1.28498035257548E-15));
#4355=DIRECTION('',(-1.80700362080914E-14,0.,-1.));
#4356=DIRECTION('',(1.,-2.22565125738837E-15,1.28498035257544E-15));
#4357=DIRECTION('',(0.,-1.73472347597682E-14,-0.999999999999988));
#4358=DIRECTION('',(-1.,0.,0.));
#4359=DIRECTION('',(0.,0.,-1.));
#4360=DIRECTION('',(1.,-2.22565125738838E-15,1.28498035257544E-15));
#4361=DIRECTION('',(0.,-1.73472347597683E-14,-0.999999999999997));
#4362=DIRECTION('',(-1.,0.,0.));
#4363=DIRECTION('',(0.,0.,-1.));
#4364=DIRECTION('',(0.,-1.,0.));
#4365=DIRECTION('',(2.45752492430043E-14,0.,-1.00000000000001));
#4366=DIRECTION('',(-1.,4.85542915283076E-15,-1.24448443602288E-14));
#4367=DIRECTION('',(-1.22876246215026E-14,-5.78241158658948E-15,1.));
#4368=DIRECTION('',(-1.51788304147961E-14,5.78241158658899E-15,1.00000000000001));
#4369=DIRECTION('',(1.,5.78241158658899E-15,2.31296463463559E-14));
#4370=DIRECTION('',(-4.45130251477657E-15,-1.,2.56996070515087E-15));
#4371=DIRECTION('',(-3.54172709678589E-14,0.,-1.));
#4372=DIRECTION('',(-2.22565125738842E-15,-1.,-1.28498035257548E-15));
#4373=DIRECTION('',(-1.80700362080914E-14,0.,-1.00000000000001));
#4374=DIRECTION('',(-1.,-2.22565125738839E-15,4.28326784191804E-16));
#4375=DIRECTION('',(-7.22801448323653E-16,1.73472347597677E-14,-1.00000000000001));
#4376=DIRECTION('',(-4.088782444489E-15,-1.,1.69362914210033E-15));
#4377=DIRECTION('',(2.45752492430044E-14,0.,-0.999999999999991));
#4378=DIRECTION('',(-1.,3.57768463892795E-15,-1.36969049154588E-14));
#4379=DIRECTION('',(-1.37332275181499E-14,-5.78241158658943E-15,0.999999999999995));
#4380=DIRECTION('',(-1.51788304147961E-14,5.78241158658899E-15,1.00000000000001));
#4381=DIRECTION('',(1.,5.78241158658899E-15,2.31296463463559E-14));
#4382=DIRECTION('',(4.45130251477673E-15,-1.,7.70988211545231E-15));
#4383=DIRECTION('',(0.,-5.78241158658934E-15,-1.));
#4384=DIRECTION('',(6.10115869318169E-29,-1.,3.42661427353452E-15));
#4385=DIRECTION('',(-1.80700362080914E-14,-5.78241158658926E-15,-0.999999999999989));
#4386=DIRECTION('',(-1.,0.,0.));
#4387=DIRECTION('',(0.,1.73472347597678E-14,-0.999999999999991));
#4388=DIRECTION('',(-5.56412814347093E-16,1.,-3.21245088143864E-16));
#4389=DIRECTION('',(1.80700362080919E-14,0.,-0.999999999999989));
#4390=DIRECTION('',(6.10115869318141E-29,-1.,3.4266142735344E-15));
#4391=DIRECTION('',(-1.80700362080916E-14,-2.89120579329466E-15,-0.999999999999999));
#4392=DIRECTION('',(6.10115869318169E-29,-1.,3.42661427353452E-15));
#4393=DIRECTION('',(-1.80700362080914E-14,-5.78241158658926E-15,-0.999999999999989));
#4394=DIRECTION('',(0.,-1.,0.));
#4395=DIRECTION('',(0.,0.,-1.));
#4396=DIRECTION('',(2.78206407173546E-15,1.,2.03455222491112E-15));
#4397=DIRECTION('',(1.80700362080918E-14,2.16840434497102E-15,-1.00000000000001));
#4398=DIRECTION('',(0.,-1.,0.));
#4399=DIRECTION('',(0.,0.,-1.));
#4400=DIRECTION('',(2.22565125738829E-15,-1.,-1.28498035257544E-15));
#4401=DIRECTION('',(-3.54172709678589E-14,0.,-1.));
#4402=DIRECTION('',(-2.22565125738842E-15,-1.,-1.28498035257548E-15));
#4403=DIRECTION('',(-1.80700362080914E-14,0.,-1.00000000000001));
#4404=DIRECTION('',(1.,-2.22565125738837E-15,1.28498035257544E-15));
#4405=DIRECTION('',(0.,-1.73472347597682E-14,-0.999999999999988));
#4406=DIRECTION('',(-1.,0.,0.));
#4407=DIRECTION('',(0.,0.,-1.));
#4408=DIRECTION('',(1.,-2.22565125738838E-15,1.28498035257544E-15));
#4409=DIRECTION('',(0.,-1.73472347597683E-14,-0.999999999999997));
#4410=DIRECTION('',(-1.,0.,0.));
#4411=DIRECTION('',(0.,0.,-1.));
#4412=DIRECTION('',(0.,-1.,0.));
#4413=DIRECTION('',(2.45752492430043E-14,0.,-1.00000000000001));
#4414=DIRECTION('',(-1.,4.85542915283076E-15,-1.24448443602288E-14));
#4415=DIRECTION('',(-1.22876246215026E-14,-5.78241158658948E-15,1.));
#4416=DIRECTION('',(-1.51788304147961E-14,5.78241158658899E-15,1.00000000000001));
#4417=DIRECTION('',(1.,5.78241158658899E-15,2.31296463463559E-14));
#4418=DIRECTION('',(-4.45130251477657E-15,-1.,2.56996070515087E-15));
#4419=DIRECTION('',(-3.54172709678589E-14,0.,-1.));
#4420=DIRECTION('',(-2.22565125738842E-15,-1.,-1.28498035257548E-15));
#4421=DIRECTION('',(-1.80700362080914E-14,0.,-1.00000000000001));
#4422=DIRECTION('',(-1.,-2.22565125738839E-15,4.28326784191804E-16));
#4423=DIRECTION('',(-7.22801448323653E-16,1.73472347597677E-14,-1.00000000000001));
#4424=DIRECTION('',(-4.088782444489E-15,-1.,1.69362914210033E-15));
#4425=DIRECTION('',(2.45752492430044E-14,0.,-0.999999999999991));
#4426=DIRECTION('',(-1.,3.57768463892795E-15,-1.36969049154588E-14));
#4427=DIRECTION('',(-1.37332275181499E-14,-5.78241158658943E-15,0.999999999999995));
#4428=DIRECTION('',(-1.51788304147961E-14,5.78241158658899E-15,1.00000000000001));
#4429=DIRECTION('',(1.,5.78241158658899E-15,2.31296463463559E-14));
#4430=DIRECTION('',(4.45130251477673E-15,-1.,7.70988211545231E-15));
#4431=DIRECTION('',(0.,-5.78241158658934E-15,-1.));
#4432=DIRECTION('',(6.10115869318169E-29,-1.,3.42661427353452E-15));
#4433=DIRECTION('',(-1.80700362080914E-14,-5.78241158658926E-15,-0.999999999999989));
#4434=DIRECTION('',(-1.,0.,0.));
#4435=DIRECTION('',(0.,1.73472347597678E-14,-0.999999999999991));
#4436=DIRECTION('',(-5.56412814347093E-16,1.,-3.21245088143864E-16));
#4437=DIRECTION('',(1.80700362080919E-14,0.,-0.999999999999989));
#4438=DIRECTION('',(6.10115869318141E-29,-1.,3.4266142735344E-15));
#4439=DIRECTION('',(-1.80700362080916E-14,-2.89120579329466E-15,-0.999999999999999));
#4440=DIRECTION('',(6.10115869318169E-29,-1.,3.42661427353452E-15));
#4441=DIRECTION('',(-1.80700362080914E-14,-5.78241158658926E-15,-0.999999999999989));
#4442=DIRECTION('',(0.,-1.,0.));
#4443=DIRECTION('',(0.,0.,-1.));
#4444=DIRECTION('',(2.78206407173546E-15,1.,2.03455222491112E-15));
#4445=DIRECTION('',(1.80700362080918E-14,2.16840434497102E-15,-1.00000000000001));
#4446=DIRECTION('',(0.,-1.,0.));
#4447=DIRECTION('',(0.,0.,-1.));
#4448=DIRECTION('',(2.22565125738829E-15,-1.,-1.28498035257544E-15));
#4449=DIRECTION('',(-3.54172709678589E-14,0.,-1.));
#4450=DIRECTION('',(-2.22565125738842E-15,-1.,-1.28498035257548E-15));
#4451=DIRECTION('',(-1.80700362080914E-14,0.,-1.00000000000001));
#4452=DIRECTION('',(1.,-2.22565125738837E-15,1.28498035257544E-15));
#4453=DIRECTION('',(0.,-1.73472347597682E-14,-0.999999999999988));
#4454=DIRECTION('',(-1.,0.,0.));
#4455=DIRECTION('',(0.,0.,-1.));
#4456=DIRECTION('',(1.,-2.22565125738838E-15,1.28498035257544E-15));
#4457=DIRECTION('',(0.,-1.73472347597683E-14,-0.999999999999997));
#4458=DIRECTION('',(-1.,0.,0.));
#4459=DIRECTION('',(0.,0.,-1.));
#4460=DIRECTION('',(0.,-1.,0.));
#4461=DIRECTION('',(2.45752492430043E-14,0.,-1.00000000000001));
#4462=DIRECTION('',(-1.,4.85542915283076E-15,-1.24448443602288E-14));
#4463=DIRECTION('',(-1.22876246215026E-14,-5.78241158658948E-15,1.));
#4464=DIRECTION('',(-1.51788304147961E-14,5.78241158658899E-15,1.00000000000001));
#4465=DIRECTION('',(1.,5.78241158658899E-15,2.31296463463559E-14));
#4466=DIRECTION('',(-4.45130251477657E-15,-1.,2.56996070515087E-15));
#4467=DIRECTION('',(-3.54172709678589E-14,0.,-1.));
#4468=DIRECTION('',(-2.22565125738842E-15,-1.,-1.28498035257548E-15));
#4469=DIRECTION('',(-1.80700362080914E-14,0.,-1.00000000000001));
#4470=DIRECTION('',(-1.,-2.22565125738839E-15,4.28326784191804E-16));
#4471=DIRECTION('',(-7.22801448323653E-16,1.73472347597677E-14,-1.00000000000001));
#4472=DIRECTION('',(-4.088782444489E-15,-1.,1.69362914210033E-15));
#4473=DIRECTION('',(2.45752492430044E-14,0.,-0.999999999999991));
#4474=DIRECTION('',(-1.,3.57768463892795E-15,-1.36969049154588E-14));
#4475=DIRECTION('',(-1.37332275181499E-14,-5.78241158658943E-15,0.999999999999995));
#4476=DIRECTION('',(-1.51788304147961E-14,5.78241158658899E-15,1.00000000000001));
#4477=DIRECTION('',(1.,5.78241158658899E-15,2.31296463463559E-14));
#4478=DIRECTION('',(4.45130251477673E-15,-1.,7.70988211545231E-15));
#4479=DIRECTION('',(0.,-5.78241158658934E-15,-1.));
#4480=DIRECTION('',(6.10115869318169E-29,-1.,3.42661427353452E-15));
#4481=DIRECTION('',(-1.80700362080914E-14,-5.78241158658926E-15,-0.999999999999989));
#4482=DIRECTION('',(-1.,0.,0.));
#4483=DIRECTION('',(0.,1.73472347597678E-14,-0.999999999999991));
#4484=DIRECTION('',(-5.56412814347093E-16,1.,-3.21245088143864E-16));
#4485=DIRECTION('',(1.80700362080919E-14,0.,-0.999999999999989));
#4486=DIRECTION('',(6.10115869318141E-29,-1.,3.4266142735344E-15));
#4487=DIRECTION('',(-1.80700362080916E-14,-2.89120579329466E-15,-0.999999999999999));
#4488=DIRECTION('',(6.10115869318169E-29,-1.,3.42661427353452E-15));
#4489=DIRECTION('',(-1.80700362080914E-14,-5.78241158658926E-15,-0.999999999999989));
#4490=DIRECTION('',(0.,-1.,0.));
#4491=DIRECTION('',(0.,0.,-1.));
#4492=DIRECTION('',(2.78206407173546E-15,1.,2.03455222491112E-15));
#4493=DIRECTION('',(1.80700362080918E-14,2.16840434497102E-15,-1.00000000000001));
#4494=DIRECTION('',(0.,-1.,0.));
#4495=DIRECTION('',(0.,0.,-1.));
#4496=DIRECTION('',(2.22565125738829E-15,-1.,-1.28498035257544E-15));
#4497=DIRECTION('',(-3.54172709678589E-14,0.,-1.));
#4498=DIRECTION('',(-2.22565125738842E-15,-1.,-1.28498035257548E-15));
#4499=DIRECTION('',(-1.80700362080914E-14,0.,-1.00000000000001));
#4500=DIRECTION('',(1.,-2.22565125738837E-15,1.28498035257544E-15));
#4501=DIRECTION('',(0.,-1.73472347597682E-14,-0.999999999999988));
#4502=DIRECTION('',(-1.,0.,0.));
#4503=DIRECTION('',(0.,0.,-1.));
#4504=DIRECTION('',(1.,-2.22565125738838E-15,1.28498035257544E-15));
#4505=DIRECTION('',(0.,-1.73472347597683E-14,-0.999999999999997));
#4506=DIRECTION('',(-1.,0.,0.));
#4507=DIRECTION('',(0.,0.,-1.));
#4508=DIRECTION('',(0.,-1.,0.));
#4509=DIRECTION('',(2.45752492430043E-14,0.,-1.00000000000001));
#4510=DIRECTION('',(-1.,4.85542915283076E-15,-1.24448443602288E-14));
#4511=DIRECTION('',(-1.22876246215026E-14,-5.78241158658948E-15,1.));
#4512=DIRECTION('',(-1.51788304147961E-14,5.78241158658899E-15,1.00000000000001));
#4513=DIRECTION('',(1.,5.78241158658899E-15,2.31296463463559E-14));
#4514=DIRECTION('',(-4.45130251477657E-15,-1.,2.56996070515087E-15));
#4515=DIRECTION('',(-3.54172709678589E-14,0.,-1.));
#4516=DIRECTION('',(-2.22565125738842E-15,-1.,-1.28498035257548E-15));
#4517=DIRECTION('',(-1.80700362080914E-14,0.,-1.00000000000001));
#4518=DIRECTION('',(-1.,-2.22565125738839E-15,4.28326784191804E-16));
#4519=DIRECTION('',(-7.22801448323653E-16,1.73472347597677E-14,-1.00000000000001));
#4520=DIRECTION('',(-4.088782444489E-15,-1.,1.69362914210033E-15));
#4521=DIRECTION('',(2.45752492430044E-14,0.,-0.999999999999991));
#4522=DIRECTION('',(-1.,3.57768463892795E-15,-1.36969049154588E-14));
#4523=DIRECTION('',(-1.37332275181499E-14,-5.78241158658943E-15,0.999999999999995));
#4524=DIRECTION('',(-1.51788304147961E-14,5.78241158658899E-15,1.00000000000001));
#4525=DIRECTION('',(1.,5.78241158658899E-15,2.31296463463559E-14));
#4526=DIRECTION('',(4.45130251477673E-15,-1.,7.70988211545231E-15));
#4527=DIRECTION('',(0.,-5.78241158658934E-15,-1.));
#4528=DIRECTION('',(6.10115869318169E-29,-1.,3.42661427353452E-15));
#4529=DIRECTION('',(-1.80700362080914E-14,-5.78241158658926E-15,-0.999999999999989));
#4530=DIRECTION('',(-1.,0.,0.));
#4531=DIRECTION('',(0.,1.73472347597678E-14,-0.999999999999991));
#4532=DIRECTION('',(-5.56412814347093E-16,1.,-3.21245088143864E-16));
#4533=DIRECTION('',(1.80700362080919E-14,0.,-0.999999999999989));
#4534=DIRECTION('',(6.10115869318141E-29,-1.,3.4266142735344E-15));
#4535=DIRECTION('',(-1.80700362080916E-14,-2.89120579329466E-15,-0.999999999999999));
#4536=DIRECTION('',(6.10115869318169E-29,-1.,3.42661427353452E-15));
#4537=DIRECTION('',(-1.80700362080914E-14,-5.78241158658926E-15,-0.999999999999989));
#4538=DIRECTION('',(0.,-1.,0.));
#4539=DIRECTION('',(0.,0.,-1.));
#4540=DIRECTION('',(2.78206407173546E-15,1.,2.03455222491112E-15));
#4541=DIRECTION('',(1.80700362080918E-14,2.16840434497102E-15,-1.00000000000001));
#4542=DIRECTION('',(0.,-1.,0.));
#4543=DIRECTION('',(0.,0.,-1.));
#4544=DIRECTION('',(2.22565125738829E-15,-1.,-1.28498035257544E-15));
#4545=DIRECTION('',(-3.54172709678589E-14,0.,-1.));
#4546=DIRECTION('',(-2.22565125738842E-15,-1.,-1.28498035257548E-15));
#4547=DIRECTION('',(-1.80700362080914E-14,0.,-1.00000000000001));
#4548=DIRECTION('',(1.,-2.22565125738837E-15,1.28498035257544E-15));
#4549=DIRECTION('',(0.,-1.73472347597682E-14,-0.999999999999988));
#4550=DIRECTION('',(-1.,0.,0.));
#4551=DIRECTION('',(0.,0.,-1.));
#4552=DIRECTION('',(-1.,3.57768463892795E-15,-1.36969049154588E-14));
#4553=DIRECTION('',(-1.37332275181499E-14,-5.78241158658943E-15,0.999999999999995));
#4554=DIRECTION('',(-1.,0.,0.));
#4555=DIRECTION('',(0.,1.73472347597678E-14,-0.999999999999991));
#4556=DIRECTION('',(1.,-2.2256512573884E-15,1.28498035257544E-15));
#4557=DIRECTION('',(0.,0.,-1.));
#4558=DIRECTION('',(-1.,0.,0.));
#4559=DIRECTION('',(0.,0.,-1.));
#4560=DIRECTION('',(-1.,4.85542915283054E-15,-1.24448443602292E-14));
#4561=DIRECTION('',(-1.22876246215022E-14,1.15648231731785E-14,0.999999999999999));
#4562=DIRECTION('',(-1.,-2.22565125738838E-15,4.28326784191797E-16));
#4563=DIRECTION('',(-7.22801448323663E-16,-1.15648231731786E-14,-1.));
#4564=DIRECTION('',(0.,-1.,0.));
#4565=DIRECTION('',(2.45752492430036E-14,0.,-0.999999999999999));
#4566=DIRECTION('',(-1.15648231731787E-14,0.,1.));
#4567=DIRECTION('',(1.,5.78241158658934E-15,1.15648231731787E-14));
#4568=DIRECTION('',(-4.45130251477682E-15,-1.,2.56996070515074E-15));
#4569=DIRECTION('',(2.09612420013864E-14,0.,-0.999999999999999));
#4570=DIRECTION('',(-2.22565125738837E-15,-1.,-1.28498035257546E-15));
#4571=DIRECTION('',(2.02384405530628E-14,0.,-1.));
#4572=DIRECTION('',(1.,-2.22565125738839E-15,1.28498035257544E-15));
#4573=DIRECTION('',(0.,0.,-0.999999999999999));
#4574=DIRECTION('',(-1.,0.,0.));
#4575=DIRECTION('',(0.,0.,-1.));
#4576=DIRECTION('',(-1.,3.57768463892771E-15,-1.36969049154593E-14));
#4577=DIRECTION('',(-1.37332275181494E-14,1.15648231731784E-14,1.));
#4578=DIRECTION('',(-1.,0.,0.));
#4579=DIRECTION('',(0.,-1.15648231731787E-14,-1.));
#4580=DIRECTION('',(-4.088782444489E-15,-1.,1.69362914210037E-15));
#4581=DIRECTION('',(2.45752492430038E-14,0.,-1.));
#4582=DIRECTION('',(-1.15648231731787E-14,0.,1.));
#4583=DIRECTION('',(1.,5.78241158658934E-15,1.15648231731787E-14));
#4584=DIRECTION('',(4.45130251477661E-15,-1.,7.70988211545256E-15));
#4585=DIRECTION('',(2.09612420013865E-14,-5.78241158658937E-15,-0.999999999999999));
#4586=DIRECTION('',(-6.86380352982928E-29,-1.,3.42661427353445E-15));
#4587=DIRECTION('',(2.02384405530628E-14,-5.78241158658937E-15,-1.));
#4588=DIRECTION('',(1.,-2.22565125738838E-15,1.28498035257544E-15));
#4589=DIRECTION('',(0.,-1.73472347597683E-14,-0.999999999999997));
#4590=DIRECTION('',(-1.,0.,0.));
#4591=DIRECTION('',(0.,0.,-1.));
#4592=DIRECTION('',(-1.,4.85542915283076E-15,-1.24448443602288E-14));
#4593=DIRECTION('',(-1.22876246215026E-14,-5.78241158658948E-15,1.));
#4594=DIRECTION('',(-1.,-2.22565125738839E-15,4.28326784191804E-16));
#4595=DIRECTION('',(-7.22801448323653E-16,1.73472347597677E-14,-1.00000000000001));
#4596=DIRECTION('',(0.,-1.,0.));
#4597=DIRECTION('',(2.45752492430043E-14,0.,-1.00000000000001));
#4598=DIRECTION('',(-1.51788304147961E-14,5.78241158658899E-15,1.00000000000001));
#4599=DIRECTION('',(1.,5.78241158658899E-15,2.31296463463559E-14));
#4600=DIRECTION('',(-4.45130251477657E-15,-1.,2.56996070515087E-15));
#4601=DIRECTION('',(-3.54172709678589E-14,0.,-1.));
#4602=DIRECTION('',(-2.22565125738842E-15,-1.,-1.28498035257548E-15));
#4603=DIRECTION('',(-1.80700362080914E-14,0.,-1.00000000000001));
#4604=DIRECTION('',(1.,-7.22801448323668E-16,1.76375794652431E-16));
#4605=DIRECTION('',(-3.4694469519536E-16,4.16333634234432E-15,1.));
#4606=DIRECTION('',(-1.,2.89120579329467E-16,1.66923844304129E-16));
#4607=DIRECTION('',(0.,0.,1.));
#4608=DIRECTION('',(1.,-4.33680868994201E-16,5.07815036786695E-17));
#4609=DIRECTION('',(0.,0.,1.));
#4610=DIRECTION('',(1.,-7.2280144832367E-16,4.17309610760322E-16));
#4611=DIRECTION('',(-3.46944695195362E-16,0.,1.));
#4612=DIRECTION('',(-1.,5.78241158658935E-16,-1.48019943607521E-16));
#4613=DIRECTION('',(0.,0.,1.));
#4614=DIRECTION('',(1.,-4.33680868994202E-16,5.07815036786691E-17));
#4615=DIRECTION('',(0.,0.,1.));
#4616=DIRECTION('',(0.,0.,1.));
#4617=DIRECTION('',(-1.,5.78241158658936E-16,0.));
#4618=DIRECTION('',(0.,0.,-1.));
#4619=DIRECTION('',(-1.,5.78241158658936E-16,0.));
#4620=DIRECTION('',(5.78241158658936E-16,1.,0.));
#4621=DIRECTION('',(0.,0.,-1.));
#4622=DIRECTION('',(2.78206407173546E-15,1.,2.03455222491114E-15));
#4623=DIRECTION('',(1.44560289664734E-14,2.16840434497101E-15,-1.));
#4624=DIRECTION('',(0.,-1.,0.));
#4625=DIRECTION('',(0.,0.,-1.));
#4626=DIRECTION('',(2.22565125738841E-15,-1.,-1.28498035257536E-15));
#4627=DIRECTION('',(2.09612420013865E-14,0.,-0.999999999999999));
#4628=DIRECTION('',(-2.22565125738837E-15,-1.,-1.28498035257546E-15));
#4629=DIRECTION('',(2.02384405530628E-14,0.,-1.));
#4630=DIRECTION('',(-5.56412814347094E-16,1.,-3.21245088143866E-16));
#4631=DIRECTION('',(1.44560289664734E-14,0.,-1.));
#4632=DIRECTION('',(0.,-1.,0.));
#4633=DIRECTION('',(0.,0.,-1.));
#4634=DIRECTION('',(-6.86380352982922E-29,-1.,3.42661427353444E-15));
#4635=DIRECTION('',(2.02384405530627E-14,-2.89120579329468E-15,-0.999999999999999));
#4636=DIRECTION('',(-6.86380352982928E-29,-1.,3.42661427353445E-15));
#4637=DIRECTION('',(2.02384405530628E-14,-5.78241158658937E-15,-1.));
#4638=DIRECTION('',(2.78206407173546E-15,1.,2.03455222491112E-15));
#4639=DIRECTION('',(1.80700362080918E-14,2.16840434497102E-15,-1.00000000000001));
#4640=DIRECTION('',(0.,-1.,0.));
#4641=DIRECTION('',(0.,0.,-1.));
#4642=DIRECTION('',(2.22565125738829E-15,-1.,-1.28498035257544E-15));
#4643=DIRECTION('',(-3.54172709678589E-14,0.,-1.));
#4644=DIRECTION('',(-2.22565125738842E-15,-1.,-1.28498035257548E-15));
#4645=DIRECTION('',(-1.80700362080914E-14,0.,-1.00000000000001));
#4646=DIRECTION('',(-5.56412814347093E-16,1.,-3.21245088143864E-16));
#4647=DIRECTION('',(1.80700362080919E-14,0.,-0.999999999999989));
#4648=DIRECTION('',(0.,-1.,0.));
#4649=DIRECTION('',(0.,0.,-1.));
#4650=DIRECTION('',(6.10115869318141E-29,-1.,3.4266142735344E-15));
#4651=DIRECTION('',(-1.80700362080916E-14,-2.89120579329466E-15,-0.999999999999999));
#4652=DIRECTION('',(6.10115869318169E-29,-1.,3.42661427353452E-15));
#4653=DIRECTION('',(-1.80700362080914E-14,-5.78241158658926E-15,-0.999999999999989));
#4654=DIRECTION('',(-0.577350269189625,0.577350269189625,0.577350269189627));
#4655=DIRECTION('',(-4.06258425287308E-17,0.,1.));
#4656=DIRECTION('',(-0.57735026918962,0.577350269189621,-0.577350269189637));
#4657=DIRECTION('',(2.0800041678379E-17,0.,-1.));
#4658=DIRECTION('',(-0.707106781186548,-0.707106781186547,-2.87268087434824E-17));
#4659=DIRECTION('',(-4.0766001685455E-17,0.,1.));
#4660=DIRECTION('',(2.06514699521049E-17,-1.,1.32169407693471E-15));
#4661=DIRECTION('',(-1.,0.,-5.78241158661938E-15));
#4662=DIRECTION('',(0.,1.,1.32169407693471E-15));
#4663=DIRECTION('',(1.,4.51750905204639E-17,2.89120579330969E-15));
#4664=DIRECTION('',(-2.40933816109141E-15,0.,1.));
#4665=DIRECTION('',(-1.,0.,-2.40779618465581E-15));
#4666=DIRECTION('',(0.,-1.,8.26058798084194E-17));
#4667=DIRECTION('',(4.06258425287308E-17,2.53911515804568E-18,-1.));
#4668=DIRECTION('',(1.,0.,3.68488367607536E-17));
#4669=DIRECTION('',(-3.68628738645072E-17,0.,1.));
#4670=DIRECTION('',(1.,-7.22801448327422E-16,-5.96311194870123E-15));
#4671=DIRECTION('',(2.06514699521048E-17,-1.,8.26058798084194E-17));
#4672=DIRECTION('',(-1.,4.96925995725103E-16,5.96311194870123E-15));
#4673=DIRECTION('',(-5.72217813259209E-15,-6.91124913807877E-17,-1.));
#4674=DIRECTION('',(1.,0.,-5.7219853855095E-15));
#4675=DIRECTION('',(-2.2825308894432E-16,0.,1.));
#4676=DIRECTION('',(-2.06514699521049E-17,-1.,0.));
#4677=DIRECTION('',(1.1412654447216E-16,2.28253088944319E-16,-1.));
#4678=DIRECTION('',(1.,-1.72781228533135E-17,-1.31459497080941E-32));
#4679=DIRECTION('',(0.,-7.6067624421583E-16,1.));
#4680=DIRECTION('',(-0.577350269189622,0.577350269189623,-0.577350269189631));
#4681=DIRECTION('',(-1.,-2.28253088943568E-16,-1.82602471154855E-15));
#4682=DIRECTION('',(0.577350269189626,0.577350269189626,-0.577350269189626));
#4683=DIRECTION('',(1.,-3.09772049280194E-16,-2.47817639424155E-15));
#4684=DIRECTION('',(1.45259376316896E-15,-0.707106781186548,-0.707106781186547));
#4685=DIRECTION('',(-1.,-2.2811613709095E-16,-1.8249290967276E-15));
#4686=DIRECTION('',(1.45856794504776E-16,0.,-1.));
#4687=DIRECTION('',(0.577350269189626,0.577350269189627,0.577350269189626));
#4688=DIRECTION('',(-1.2930851598451E-16,0.,1.));
#4689=DIRECTION('',(0.707106781186548,-0.707106781186547,1.0313632847646E-16));
#4690=DIRECTION('',(1.45716771982052E-16,0.,-1.));
#4691=DIRECTION('',(1.,0.,5.70632722358921E-17));
#4692=DIRECTION('',(-0.577350269189626,0.577350269189626,0.577350269189626));
#4693=DIRECTION('',(-1.,3.09772049280194E-16,-7.74430123200486E-17));
#4694=DIRECTION('',(-4.03498267546934E-17,-0.707106781186547,0.707106781186548));
#4695=DIRECTION('',(1.,0.,5.70290342727375E-17));
#4696=DIRECTION('',(0.577350269189624,-0.577350269189625,-0.577350269189628));
#4697=DIRECTION('',(4.56506177888637E-16,0.,-1.));
#4698=DIRECTION('',(-0.707106781186548,-0.707106781186547,-5.28721867821857E-17));
#4699=DIRECTION('',(-7.48099499014998E-17,0.,1.));
#4700=DIRECTION('',(-1.,0.,5.96311194870123E-15));
#4701=DIRECTION('',(4.12403056902817E-15,-0.707106781186547,0.707106781186547));
#4702=DIRECTION('',(1.,0.,-5.83214032623403E-15));
#4703=DIRECTION('',(1.,-3.61400724163711E-16,2.89120579330969E-15));
#4704=DIRECTION('',(4.56506177888637E-16,0.,-1.));
#4705=DIRECTION('',(1.27179140467508E-16,1.,1.79878223092978E-32));
#4706=DIRECTION('',(-1.4137996329211E-16,0.,1.));
#4707=DIRECTION('',(-0.577350269189627,0.577350269189629,-0.577350269189621));
#4708=DIRECTION('',(1.48042122990755E-15,-0.707106781186547,-0.707106781186547));
#4709=DIRECTION('',(-1.,2.99239799605999E-16,-2.39391839684799E-15));
#4710=DIRECTION('',(1.14126544472156E-16,0.,1.));
#4711=DIRECTION('',(-0.707106781186548,-0.707106781186546,5.28721867821849E-17));
#4712=DIRECTION('',(7.48099499014998E-17,0.,1.));
#4713=DIRECTION('',(2.06514699521049E-17,-1.,1.32169407693471E-15));
#4714=DIRECTION('',(2.28253088944317E-16,0.,-1.));
#4715=DIRECTION('',(1.,0.,0.));
#4716=DIRECTION('',(0.,1.52135248843166E-15,1.));
#4717=DIRECTION('',(-0.577350269189632,0.57735026918963,-0.577350269189615));
#4718=DIRECTION('',(0.577350269189624,-0.577350269189625,0.577350269189629));
#4719=DIRECTION('',(4.56506177888637E-16,0.,-1.));
#4720=DIRECTION('',(-0.707106781186548,-0.707106781186547,4.79154192713553E-17));
#4721=DIRECTION('',(0.,-6.7762635780344E-17,-1.));
#4722=DIRECTION('',(-0.577350269189625,0.577350269189624,-0.577350269189628));
#4723=DIRECTION('',(1.,0.,-2.89120579330969E-15));
#4724=DIRECTION('',(0.,-0.707106781186546,-0.707106781186549));
#4725=DIRECTION('',(1.,0.,0.));
#4726=DIRECTION('',(0.577350269189625,-0.577350269189624,-0.577350269189628));
#4727=DIRECTION('',(2.95691501586956E-17,0.,-1.));
#4728=DIRECTION('',(-0.707106781186547,-0.707106781186548,-2.61356832389211E-17));
#4729=DIRECTION('',(3.94649590784724E-17,-2.49366499671666E-18,-1.));
#4730=DIRECTION('',(0.577350269189625,-0.577350269189625,-0.577350269189628));
#4731=DIRECTION('',(-1.,0.,5.96311194870123E-15));
#4732=DIRECTION('',(3.94634535115201E-15,-0.707106781186548,0.707106781186547));
#4733=DIRECTION('',(-1.,3.91071723615521E-16,5.97178556605016E-15));
#4734=DIRECTION('',(0.577350269189626,-0.577350269189626,-0.577350269189626));
#4735=DIRECTION('',(-2.2825308894432E-16,0.,-1.));
#4736=DIRECTION('',(-0.707106781186547,-0.707106781186548,-1.43746257814067E-16));
#4737=DIRECTION('',(6.7762635780344E-17,1.35525271560688E-16,-1.));
#4738=DIRECTION('',(-1.,-5.70632722358921E-17,-1.71189816707676E-16));
#4739=DIRECTION('',(-0.577350269189626,-0.577350269189626,-0.577350269189626));
#4740=DIRECTION('',(-1.,0.,-8.50354645084593E-17));
#4741=DIRECTION('',(-1.35290595589379E-16,-0.707106781186548,0.707106781186547));
#4742=DIRECTION('',(-1.,6.37510877421477E-17,-1.27502175484295E-16));
#4743=DIRECTION('',(8.26058798084194E-17,-1.,-4.13029399042097E-17));
#4744=DIRECTION('',(4.75527268632434E-17,0.,-1.));
#4745=DIRECTION('',(1.,-1.8995222061946E-16,4.74880551548651E-17));
#4746=DIRECTION('',(8.26058798084194E-17,-1.,0.));
#4747=DIRECTION('',(-1.55580580805095E-16,-2.43094657507961E-18,1.));
#4748=DIRECTION('',(-1.,0.,-1.49935933882461E-16));
#4749=DIRECTION('',(1.50053580671994E-16,0.,-1.));
#4750=DIRECTION('',(1.,1.99721452825622E-16,1.82602471154855E-15));
#4751=DIRECTION('',(-1.52168725962379E-15,0.,1.));
#4752=DIRECTION('',(-1.,0.,-1.51961776495568E-15));
#4753=DIRECTION('',(-0.577350269189631,-0.577350269189631,0.577350269189616));
#4754=DIRECTION('',(1.,0.,0.));
#4755=DIRECTION('',(-1.02219561111976E-15,-0.707106781186542,-0.707106781186553));
#4756=DIRECTION('',(1.,-8.50014503228635E-17,-1.36002320516582E-15));
#4757=DIRECTION('',(-1.41725774181112E-16,0.,1.));
#4758=DIRECTION('',(0.707106781186548,-0.707106781186547,8.85234761266001E-17));
#4759=DIRECTION('',(-1.41813644161104E-16,-1.65882932390282E-17,1.));
#4760=DIRECTION('',(1.,0.,0.));
#4761=DIRECTION('',(0.,0.,1.));
#4762=DIRECTION('',(-1.,0.,0.));
#4763=DIRECTION('',(0.,0.,1.));
#4764=DIRECTION('',(0.,-1.,0.));
#4765=DIRECTION('',(1.,0.,0.));
#4766=DIRECTION('',(-1.,0.,0.));
#4767=DIRECTION('',(0.,-0.500000000000003,0.866025403784437));
#4768=DIRECTION('',(1.,0.,0.));
#4769=DIRECTION('',(1.73077718748518E-16,0.500000000000001,-0.866025403784438));
#4770=DIRECTION('',(0.,-0.866025403784437,-0.500000000000003));
#4771=DIRECTION('',(0.,0.500000000000003,-0.866025403784437));
#4772=DIRECTION('',(0.,-1.,0.));
#4773=DIRECTION('',(1.,0.,0.));
#4774=DIRECTION('',(4.80061233112507E-16,1.,0.));
#4775=DIRECTION('',(0.,0.,-1.));
#4776=DIRECTION('',(0.,1.,0.));
#4777=DIRECTION('',(0.,0.499999999999998,0.86602540378444));
#4778=DIRECTION('',(0.,1.,0.));
#4779=DIRECTION('',(2.0379740084314E-17,0.,-1.));
#4780=DIRECTION('',(0.,-1.,9.20231720954485E-16));
#4781=DIRECTION('',(0.,1.,0.));
#4782=DIRECTION('',(1.,0.,0.));
#4783=DIRECTION('',(0.,1.,0.));
#4784=DIRECTION('',(-1.,-2.09002828430946E-15,0.));
#4785=DIRECTION('',(1.,0.,0.));
#4786=DIRECTION('',(-4.80061233112501E-16,-1.,0.));
#4787=DIRECTION('',(0.,0.,1.));
#4788=DIRECTION('',(0.,-1.,0.));
#4789=DIRECTION('',(1.,0.,0.));
#4790=DIRECTION('',(-3.46155437497045E-16,-0.499999999999998,-0.86602540378444));
#4791=DIRECTION('',(0.,-0.86602540378444,0.499999999999998));
#4792=DIRECTION('',(0.,-0.499999999999998,-0.86602540378444));
#4793=DIRECTION('',(1.,1.2145665286191E-11,0.));
#4794=DIRECTION('',(5.02259986033301E-16,1.,0.));
#4795=DIRECTION('',(-1.75224593536308E-16,-1.,0.));
#4796=DIRECTION('',(0.,0.,-1.));
#4797=DIRECTION('',(1.,0.,0.));
#4798=DIRECTION('',(0.,2.44327250137578E-16,-1.));
#4799=DIRECTION('',(4.30987199000449E-16,1.,0.));
#4800=DIRECTION('',(1.80700362080917E-16,1.,0.));
#4801=DIRECTION('',(0.,0.,1.));
#4802=DIRECTION('',(1.,-4.40782362614095E-16,0.));
#4803=DIRECTION('',(0.,0.,1.));
#4804=DIRECTION('',(-1.,-2.89120579329468E-16,0.));
#4805=DIRECTION('',(3.61400724161833E-16,1.,0.));
#4806=DIRECTION('',(0.,0.,1.));
#4807=DIRECTION('',(3.36536354339501E-16,1.,0.));
#4808=DIRECTION('',(0.,1.91744768211303E-12,1.));
#4809=DIRECTION('',(4.37325246045072E-16,1.,0.));
#4810=DIRECTION('',(0.,-2.95523590456015E-16,-1.));
#4811=DIRECTION('',(-3.61400724161835E-16,-1.,0.));
#4812=DIRECTION('',(1.02622070277852E-17,-4.10488281111407E-17,1.));
#4813=DIRECTION('',(-4.37325246037461E-16,-1.,0.));
#4814=DIRECTION('',(-1.,1.93816633565338E-16,0.));
#4815=DIRECTION('',(-1.93855348440408E-16,-1.,0.));
#4816=DIRECTION('',(1.,0.,0.));
#4817=DIRECTION('',(1.,-2.89120579329468E-16,0.));
#4818=DIRECTION('',(-3.61400724161835E-16,-1.,0.));
#4819=DIRECTION('',(0.,0.,-1.));
#4820=DIRECTION('',(-5.04804531509251E-16,-1.,0.));
#4821=DIRECTION('',(0.,2.95523590456015E-16,1.));
#4822=DIRECTION('',(-1.,2.89120579329468E-16,0.));
#4823=DIRECTION('',(2.89120579329468E-16,1.,-2.95523590456015E-16));
#4824=DIRECTION('',(0.,-2.94902990916057E-16,-1.));
#4825=DIRECTION('',(-1.91728247035343E-12,1.,-1.91645641155534E-12));
#4826=DIRECTION('',(-1.,4.70433485010236E-13,0.));
#4827=DIRECTION('',(-4.30987199000448E-16,-1.,0.));
#4828=DIRECTION('',(1.,1.91754463272646E-12,0.));
#4829=DIRECTION('',(-2.79495472367921E-13,8.41078048958568E-16,1.));
#4830=DIRECTION('',(4.20670442924376E-16,1.,-8.39606162372775E-16));
#4831=DIRECTION('',(0.,1.91744768211303E-12,1.));
#4832=DIRECTION('',(-1.,-1.91754463272646E-12,0.));
#4833=DIRECTION('',(0.,1.,-1.48971778947123E-12));
#4834=DIRECTION('',(-1.,0.,0.));
#4835=DIRECTION('',(1.91728247035342E-12,-1.,1.91976064674767E-12));
#4836=DIRECTION('',(-1.,-1.30322514694795E-11,1.80935955773168E-15));
#4837=DIRECTION('',(2.78338255309615E-13,-1.31418445148177E-15,-1.));
#4838=DIRECTION('',(-4.20670442924376E-16,-1.,1.31405303305243E-15));
#4839=DIRECTION('',(0.,1.91552564107862E-12,1.));
#4840=DIRECTION('',(1.3241098003437E-11,-1.,9.57567358739197E-13));
#4841=DIRECTION('',(0.,9.57567358739198E-13,1.));
#4842=DIRECTION('',(3.50449187066249E-16,1.,0.));
#4843=DIRECTION('',(0.,1.91748025907972E-12,1.));
#4844=DIRECTION('',(-1.,-1.2783414330101E-12,0.));
#4845=DIRECTION('',(1.27834114821423E-12,-1.,0.));
#4846=DIRECTION('',(-1.,-4.17057378057152E-13,0.));
#4847=DIRECTION('',(0.,0.,-1.));
#4848=DIRECTION('',(-1.86036418516282E-13,-1.,9.58723841056515E-13));
#4849=DIRECTION('',(0.,9.58723551935936E-13,1.));
#4850=DIRECTION('',(-5.02259986033303E-16,-1.,0.));
#4851=DIRECTION('',(0.,0.,1.));
#4852=DIRECTION('',(1.,0.,0.));
#4853=DIRECTION('',(-2.891205793295E-15,0.,1.));
#4854=DIRECTION('',(1.,-4.40782362614095E-16,1.18419624008548E-31));
#4855=DIRECTION('',(0.,2.68882138776405E-16,1.));
#4856=DIRECTION('',(4.45130251477673E-15,-1.,7.70988211545231E-15));
#4857=DIRECTION('',(0.,-5.78241158658934E-15,-1.));
#4858=DIRECTION('',(0.,1.,0.));
#4859=DIRECTION('',(-1.,0.,0.));
#4860=DIRECTION('',(-4.088782444489E-15,-1.,1.69362914210033E-15));
#4861=DIRECTION('',(2.45752492430044E-14,0.,-0.999999999999991));
#4862=DIRECTION('',(6.10115869318169E-29,-1.,3.42661427353452E-15));
#4863=DIRECTION('',(-1.80700362080914E-14,-5.78241158658926E-15,-0.999999999999989));
#4864=DIRECTION('',(-1.51788304147961E-14,5.78241158658899E-15,1.00000000000001));
#4865=DIRECTION('',(1.,5.78241158658899E-15,2.31296463463559E-14));
#4866=CARTESIAN_POINT('',(0.,0.,0.));
#4867=CARTESIAN_POINT('',(-5.58000000000002,15.18,6.94));
#4868=CARTESIAN_POINT('',(-5.58000000000002,15.18,6.64));
#4869=CARTESIAN_POINT('',(-5.58000000000002,15.5066152951416,7.26999999999998));
#4870=CARTESIAN_POINT('',(-5.58000000000002,12.64,6.94));
#4871=CARTESIAN_POINT('',(-5.58000000000002,12.64,6.64));
#4872=CARTESIAN_POINT('',(-5.58000000000002,12.9666152951416,7.26999999999998));
#4873=CARTESIAN_POINT('',(-1.27000000000002,12.64,6.94));
#4874=CARTESIAN_POINT('',(-1.27000000000001,12.64,6.63999999999999));
#4875=CARTESIAN_POINT('',(-1.27000000269584,12.6400000026958,7.24));
#4876=CARTESIAN_POINT('',(-1.27000000000001,12.64,6.94));
#4877=CARTESIAN_POINT('',(-1.27000000000003,12.64,6.94));
#4878=CARTESIAN_POINT('',(-1.27000000000002,12.64,7.24000000000001));
#4879=CARTESIAN_POINT('',(-1.3602518591726,12.5497481415052,7.24000000000001));
#4880=CARTESIAN_POINT('',(-1.40199377149957,12.5080132811852,7.22271283968901));
#4881=CARTESIAN_POINT('',(-1.53143995064346,12.3784119197293,7.11028816061972));
#4882=CARTESIAN_POINT('',(-1.56904122575601,12.3409450329465,7.0324835355768));
#4883=CARTESIAN_POINT('',(-1.57092540272838,12.3390124196991,6.8538445530033));
#4884=CARTESIAN_POINT('',(-1.51597628906799,12.3940353557846,6.75610617704813));
#4885=CARTESIAN_POINT('',(-1.4538285184783,12.4561687989067,6.70235077245962));
#4886=CARTESIAN_POINT('',(-1.43977595085717,12.470261156685,6.69198132592186));
#4887=CARTESIAN_POINT('',(-1.40826246888934,12.5017772105491,6.67312807214403));
#4888=CARTESIAN_POINT('',(-1.38262707163148,12.5273721298061,6.66170196834428));
#4889=CARTESIAN_POINT('',(-1.34987698753721,12.5601265560119,6.64989954565202));
#4890=CARTESIAN_POINT('',(-1.31597020127967,12.5940297987203,6.64000000000001));
#4891=CARTESIAN_POINT('',(-1.27,12.64,6.64));
#4892=CARTESIAN_POINT('',(-1.27,10.6,6.94000000000001));
#4893=CARTESIAN_POINT('',(-1.27000000000001,10.6,6.64));
#4894=CARTESIAN_POINT('',(-1.27,12.64,6.94000000000001));
#4895=CARTESIAN_POINT('',(-1.27000000000002,12.64,6.94));
#4896=CARTESIAN_POINT('',(1.26999999999998,15.18,6.93999999999999));
#4897=CARTESIAN_POINT('',(1.26999999999999,15.18,6.63999999999999));
#4898=CARTESIAN_POINT('',(1.26999999730415,15.1800000026958,7.23999999999999));
#4899=CARTESIAN_POINT('',(1.26999999999999,15.18,6.94));
#4900=CARTESIAN_POINT('',(1.26999999999997,15.18,6.93999999999999));
#4901=CARTESIAN_POINT('',(1.26999999999998,15.18,7.23999999999998));
#4902=CARTESIAN_POINT('',(1.17974814083376,15.0897481415158,7.23999999999998));
#4903=CARTESIAN_POINT('',(1.13800622874716,15.0480132814009,7.22271283978749));
#4904=CARTESIAN_POINT('',(1.0085600495717,14.9184119199413,7.11028816092234));
#4905=CARTESIAN_POINT('',(0.97095877433241,14.880945033041,7.03248353592224));
#4906=CARTESIAN_POINT('',(0.969074597189182,14.8790124196106,6.85384455322725));
#4907=CARTESIAN_POINT('',(1.02402371079596,14.9340353556426,6.75610617720157));
#4908=CARTESIAN_POINT('',(1.08617148143882,14.9961687988254,6.7023507725223));
#4909=CARTESIAN_POINT('',(1.10022404906953,15.010261156613,6.69198132597118));
#4910=CARTESIAN_POINT('',(1.13173753105147,15.0417772104903,6.67312807217391));
#4911=CARTESIAN_POINT('',(1.15737292830648,15.0673721297439,6.66170196836896));
#4912=CARTESIAN_POINT('',(1.1901230124249,15.1001265559744,6.64989954566091));
#4913=CARTESIAN_POINT('',(1.22402979870078,15.1340297987008,6.63999999999997));
#4914=CARTESIAN_POINT('',(1.26999999999999,15.18,6.63999999999997));
#4915=CARTESIAN_POINT('',(1.26999999999999,10.6,6.93999999999999));
#4916=CARTESIAN_POINT('',(1.26999999999999,10.6,6.63999999999999));
#4917=CARTESIAN_POINT('',(1.26999999999999,15.18,6.93999999999997));
#4918=CARTESIAN_POINT('',(1.26999999999998,15.18,6.94));
#4919=CARTESIAN_POINT('',(1.26999999999998,1.6,6.93999999999999));
#4920=CARTESIAN_POINT('',(1.26999999999998,1.6,6.63999999999999));
#4921=CARTESIAN_POINT('',(1.26999999999999,6.4,6.94));
#4922=CARTESIAN_POINT('',(1.26999999999999,6.4,6.64));
#4923=CARTESIAN_POINT('',(1.26999999999999,15.18,6.93999999999997));
#4924=CARTESIAN_POINT('',(0.943384704858421,1.6,7.26999999999999));
#4925=CARTESIAN_POINT('',(-1.27000000000002,1.6,6.94));
#4926=CARTESIAN_POINT('',(-1.27000000000002,1.6,6.64));
#4927=CARTESIAN_POINT('',(-1.59661529514158,1.6,7.26999999999999));
#4928=CARTESIAN_POINT('',(-1.27000000000001,6.4,6.94));
#4929=CARTESIAN_POINT('',(-1.27000000000002,6.4,6.63999999999999));
#4930=CARTESIAN_POINT('',(-1.27,12.64,6.94000000000001));
#4931=CARTESIAN_POINT('',(-5.58000000000002,15.18,9.48));
#4932=CARTESIAN_POINT('',(-5.58000000000002,15.18,9.18));
#4933=CARTESIAN_POINT('',(-5.58000000000002,15.5066152951416,9.80999999999998));
#4934=CARTESIAN_POINT('',(-5.58000000000002,12.64,9.48));
#4935=CARTESIAN_POINT('',(-5.58000000000002,12.64,9.18));
#4936=CARTESIAN_POINT('',(-5.58000000000002,12.9666152951416,9.80999999999998));
#4937=CARTESIAN_POINT('',(-1.27000000000002,12.64,9.48));
#4938=CARTESIAN_POINT('',(-1.27000000000001,12.64,9.17999999999999));
#4939=CARTESIAN_POINT('',(-1.27000000269584,12.6400000026958,9.78));
#4940=CARTESIAN_POINT('',(-1.27000000000001,12.64,9.48));
#4941=CARTESIAN_POINT('',(-1.27000000000003,12.64,9.48));
#4942=CARTESIAN_POINT('',(-1.27000000000002,12.64,9.78000000000001));
#4943=CARTESIAN_POINT('',(-1.3602518591726,12.5497481415052,9.78000000000001));
#4944=CARTESIAN_POINT('',(-1.40199377149957,12.5080132811852,9.76271283968901));
#4945=CARTESIAN_POINT('',(-1.53143995064346,12.3784119197293,9.65028816061972));
#4946=CARTESIAN_POINT('',(-1.56904122575601,12.3409450329465,9.5724835355768));
#4947=CARTESIAN_POINT('',(-1.57092540272838,12.3390124196991,9.39384455300329));
#4948=CARTESIAN_POINT('',(-1.51597628906799,12.3940353557846,9.29610617704813));
#4949=CARTESIAN_POINT('',(-1.4538285184783,12.4561687989067,9.24235077245962));
#4950=CARTESIAN_POINT('',(-1.43977595085717,12.470261156685,9.23198132592186));
#4951=CARTESIAN_POINT('',(-1.40826246888934,12.5017772105491,9.21312807214404));
#4952=CARTESIAN_POINT('',(-1.38262707163148,12.5273721298061,9.20170196834428));
#4953=CARTESIAN_POINT('',(-1.34987698753721,12.5601265560119,9.18989954565202));
#4954=CARTESIAN_POINT('',(-1.31597020127967,12.5940297987203,9.18));
#4955=CARTESIAN_POINT('',(-1.27,12.64,9.18));
#4956=CARTESIAN_POINT('',(-1.27,10.6,9.48000000000001));
#4957=CARTESIAN_POINT('',(-1.27000000000001,10.6,9.18));
#4958=CARTESIAN_POINT('',(-1.27,12.64,9.48000000000001));
#4959=CARTESIAN_POINT('',(-1.27000000000002,12.64,9.48));
#4960=CARTESIAN_POINT('',(1.26999999999998,15.18,9.47999999999999));
#4961=CARTESIAN_POINT('',(1.26999999999999,15.18,9.17999999999999));
#4962=CARTESIAN_POINT('',(1.26999999730415,15.1800000026958,9.77999999999999));
#4963=CARTESIAN_POINT('',(1.26999999999999,15.18,9.48));
#4964=CARTESIAN_POINT('',(1.26999999999997,15.18,9.47999999999999));
#4965=CARTESIAN_POINT('',(1.26999999999998,15.18,9.77999999999998));
#4966=CARTESIAN_POINT('',(1.17974814083376,15.0897481415158,9.77999999999998));
#4967=CARTESIAN_POINT('',(1.13800622874716,15.0480132814009,9.76271283978749));
#4968=CARTESIAN_POINT('',(1.0085600495717,14.9184119199413,9.65028816092234));
#4969=CARTESIAN_POINT('',(0.97095877433241,14.880945033041,9.57248353592224));
#4970=CARTESIAN_POINT('',(0.969074597189182,14.8790124196106,9.39384455322726));
#4971=CARTESIAN_POINT('',(1.02402371079596,14.9340353556426,9.29610617720157));
#4972=CARTESIAN_POINT('',(1.08617148143882,14.9961687988254,9.2423507725223));
#4973=CARTESIAN_POINT('',(1.10022404906953,15.010261156613,9.23198132597117));
#4974=CARTESIAN_POINT('',(1.13173753105147,15.0417772104903,9.21312807217391));
#4975=CARTESIAN_POINT('',(1.15737292830648,15.0673721297439,9.20170196836897));
#4976=CARTESIAN_POINT('',(1.1901230124249,15.1001265559744,9.18989954566091));
#4977=CARTESIAN_POINT('',(1.22402979870078,15.1340297987008,9.17999999999997));
#4978=CARTESIAN_POINT('',(1.26999999999999,15.18,9.17999999999997));
#4979=CARTESIAN_POINT('',(1.26999999999999,10.6,9.47999999999999));
#4980=CARTESIAN_POINT('',(1.26999999999999,10.6,9.17999999999999));
#4981=CARTESIAN_POINT('',(1.26999999999999,15.18,9.47999999999997));
#4982=CARTESIAN_POINT('',(1.26999999999998,15.18,9.48));
#4983=CARTESIAN_POINT('',(1.26999999999998,1.6,9.47999999999999));
#4984=CARTESIAN_POINT('',(1.26999999999998,1.6,9.17999999999999));
#4985=CARTESIAN_POINT('',(1.26999999999999,6.4,9.48));
#4986=CARTESIAN_POINT('',(1.26999999999999,6.4,9.18));
#4987=CARTESIAN_POINT('',(1.26999999999999,15.18,9.47999999999997));
#4988=CARTESIAN_POINT('',(0.943384704858421,1.6,9.80999999999999));
#4989=CARTESIAN_POINT('',(-1.27000000000002,1.6,9.48));
#4990=CARTESIAN_POINT('',(-1.27000000000002,1.6,9.18));
#4991=CARTESIAN_POINT('',(-1.59661529514158,1.6,9.80999999999999));
#4992=CARTESIAN_POINT('',(-1.27000000000001,6.4,9.48));
#4993=CARTESIAN_POINT('',(-1.27000000000002,6.4,9.18));
#4994=CARTESIAN_POINT('',(-1.27,12.64,9.48000000000001));
#4995=CARTESIAN_POINT('',(-5.58000000000002,15.18,12.02));
#4996=CARTESIAN_POINT('',(-5.58000000000002,15.18,11.72));
#4997=CARTESIAN_POINT('',(-5.58000000000002,15.5066152951416,12.35));
#4998=CARTESIAN_POINT('',(-5.58000000000002,12.64,12.02));
#4999=CARTESIAN_POINT('',(-5.58000000000002,12.64,11.72));
#5000=CARTESIAN_POINT('',(-5.58000000000002,12.9666152951416,12.35));
#5001=CARTESIAN_POINT('',(-1.27000000000002,12.64,12.02));
#5002=CARTESIAN_POINT('',(-1.27000000000001,12.64,11.72));
#5003=CARTESIAN_POINT('',(-1.27000000269584,12.6400000026958,12.32));
#5004=CARTESIAN_POINT('',(-1.27000000000001,12.64,12.02));
#5005=CARTESIAN_POINT('',(-1.27000000000003,12.64,12.02));
#5006=CARTESIAN_POINT('',(-1.27000000000002,12.64,12.32));
#5007=CARTESIAN_POINT('',(-1.3602518591726,12.5497481415052,12.32));
#5008=CARTESIAN_POINT('',(-1.40199377149957,12.5080132811852,12.302712839689));
#5009=CARTESIAN_POINT('',(-1.53143995064346,12.3784119197293,12.1902881606197));
#5010=CARTESIAN_POINT('',(-1.56904122575601,12.3409450329465,12.1124835355768));
#5011=CARTESIAN_POINT('',(-1.57092540272838,12.3390124196991,11.9338445530033));
#5012=CARTESIAN_POINT('',(-1.51597628906799,12.3940353557846,11.8361061770481));
#5013=CARTESIAN_POINT('',(-1.4538285184783,12.4561687989067,11.7823507724596));
#5014=CARTESIAN_POINT('',(-1.43977595085717,12.470261156685,11.7719813259219));
#5015=CARTESIAN_POINT('',(-1.40826246888934,12.5017772105491,11.753128072144));
#5016=CARTESIAN_POINT('',(-1.38262707163148,12.5273721298061,11.7417019683443));
#5017=CARTESIAN_POINT('',(-1.34987698753721,12.5601265560119,11.729899545652));
#5018=CARTESIAN_POINT('',(-1.31597020127967,12.5940297987203,11.72));
#5019=CARTESIAN_POINT('',(-1.27,12.64,11.72));
#5020=CARTESIAN_POINT('',(-1.27,10.6,12.02));
#5021=CARTESIAN_POINT('',(-1.27000000000001,10.6,11.72));
#5022=CARTESIAN_POINT('',(-1.27,12.64,12.02));
#5023=CARTESIAN_POINT('',(-1.27000000000002,12.64,12.02));
#5024=CARTESIAN_POINT('',(1.26999999999998,15.18,12.02));
#5025=CARTESIAN_POINT('',(1.26999999999999,15.18,11.72));
#5026=CARTESIAN_POINT('',(1.26999999730415,15.1800000026958,12.32));
#5027=CARTESIAN_POINT('',(1.26999999999999,15.18,12.02));
#5028=CARTESIAN_POINT('',(1.26999999999997,15.18,12.02));
#5029=CARTESIAN_POINT('',(1.26999999999998,15.18,12.32));
#5030=CARTESIAN_POINT('',(1.17974814083376,15.0897481415158,12.32));
#5031=CARTESIAN_POINT('',(1.13800622874716,15.0480132814009,12.3027128397875));
#5032=CARTESIAN_POINT('',(1.0085600495717,14.9184119199413,12.1902881609223));
#5033=CARTESIAN_POINT('',(0.97095877433241,14.880945033041,12.1124835359222));
#5034=CARTESIAN_POINT('',(0.969074597189182,14.8790124196106,11.9338445532273));
#5035=CARTESIAN_POINT('',(1.02402371079596,14.9340353556426,11.8361061772016));
#5036=CARTESIAN_POINT('',(1.08617148143882,14.9961687988254,11.7823507725223));
#5037=CARTESIAN_POINT('',(1.10022404906953,15.010261156613,11.7719813259712));
#5038=CARTESIAN_POINT('',(1.13173753105147,15.0417772104903,11.7531280721739));
#5039=CARTESIAN_POINT('',(1.15737292830648,15.0673721297439,11.741701968369));
#5040=CARTESIAN_POINT('',(1.1901230124249,15.1001265559744,11.7298995456609));
#5041=CARTESIAN_POINT('',(1.22402979870078,15.1340297987008,11.72));
#5042=CARTESIAN_POINT('',(1.26999999999999,15.18,11.72));
#5043=CARTESIAN_POINT('',(1.26999999999999,10.6,12.02));
#5044=CARTESIAN_POINT('',(1.26999999999999,10.6,11.72));
#5045=CARTESIAN_POINT('',(1.26999999999999,15.18,12.02));
#5046=CARTESIAN_POINT('',(1.26999999999998,15.18,12.02));
#5047=CARTESIAN_POINT('',(1.26999999999998,1.6,12.02));
#5048=CARTESIAN_POINT('',(1.26999999999998,1.6,11.72));
#5049=CARTESIAN_POINT('',(1.26999999999999,6.4,12.02));
#5050=CARTESIAN_POINT('',(1.26999999999999,6.4,11.72));
#5051=CARTESIAN_POINT('',(1.26999999999999,15.18,12.02));
#5052=CARTESIAN_POINT('',(0.943384704858421,1.6,12.35));
#5053=CARTESIAN_POINT('',(-1.27000000000002,1.6,12.02));
#5054=CARTESIAN_POINT('',(-1.27000000000002,1.6,11.72));
#5055=CARTESIAN_POINT('',(-1.59661529514158,1.6,12.35));
#5056=CARTESIAN_POINT('',(-1.27000000000001,6.4,12.02));
#5057=CARTESIAN_POINT('',(-1.27000000000002,6.4,11.72));
#5058=CARTESIAN_POINT('',(-1.27,12.64,12.02));
#5059=CARTESIAN_POINT('',(-5.58000000000002,15.18,14.56));
#5060=CARTESIAN_POINT('',(-5.58000000000002,15.18,14.26));
#5061=CARTESIAN_POINT('',(-5.58000000000002,15.5066152951416,14.89));
#5062=CARTESIAN_POINT('',(-5.58000000000002,12.64,14.56));
#5063=CARTESIAN_POINT('',(-5.58000000000002,12.64,14.26));
#5064=CARTESIAN_POINT('',(-5.58000000000002,12.9666152951416,14.89));
#5065=CARTESIAN_POINT('',(-1.27000000000002,12.64,14.56));
#5066=CARTESIAN_POINT('',(-1.27000000000001,12.64,14.26));
#5067=CARTESIAN_POINT('',(-1.27000000269584,12.6400000026958,14.86));
#5068=CARTESIAN_POINT('',(-1.27000000000001,12.64,14.56));
#5069=CARTESIAN_POINT('',(-1.27000000000003,12.64,14.56));
#5070=CARTESIAN_POINT('',(-1.27000000000002,12.64,14.86));
#5071=CARTESIAN_POINT('',(-1.3602518591726,12.5497481415052,14.86));
#5072=CARTESIAN_POINT('',(-1.40199377149957,12.5080132811852,14.842712839689));
#5073=CARTESIAN_POINT('',(-1.53143995064346,12.3784119197293,14.7302881606197));
#5074=CARTESIAN_POINT('',(-1.56904122575601,12.3409450329465,14.6524835355768));
#5075=CARTESIAN_POINT('',(-1.57092540272838,12.3390124196991,14.4738445530033));
#5076=CARTESIAN_POINT('',(-1.51597628906799,12.3940353557846,14.3761061770481));
#5077=CARTESIAN_POINT('',(-1.4538285184783,12.4561687989067,14.3223507724596));
#5078=CARTESIAN_POINT('',(-1.43977595085717,12.470261156685,14.3119813259219));
#5079=CARTESIAN_POINT('',(-1.40826246888934,12.5017772105491,14.293128072144));
#5080=CARTESIAN_POINT('',(-1.38262707163148,12.5273721298061,14.2817019683443));
#5081=CARTESIAN_POINT('',(-1.34987698753721,12.5601265560119,14.269899545652));
#5082=CARTESIAN_POINT('',(-1.31597020127967,12.5940297987203,14.26));
#5083=CARTESIAN_POINT('',(-1.27,12.64,14.26));
#5084=CARTESIAN_POINT('',(-1.27,10.6,14.56));
#5085=CARTESIAN_POINT('',(-1.27000000000001,10.6,14.26));
#5086=CARTESIAN_POINT('',(-1.27,12.64,14.56));
#5087=CARTESIAN_POINT('',(-1.27000000000002,12.64,14.56));
#5088=CARTESIAN_POINT('',(1.26999999999998,15.18,14.56));
#5089=CARTESIAN_POINT('',(1.26999999999999,15.18,14.26));
#5090=CARTESIAN_POINT('',(1.26999999730415,15.1800000026958,14.86));
#5091=CARTESIAN_POINT('',(1.26999999999999,15.18,14.56));
#5092=CARTESIAN_POINT('',(1.26999999999997,15.18,14.56));
#5093=CARTESIAN_POINT('',(1.26999999999998,15.18,14.86));
#5094=CARTESIAN_POINT('',(1.17974814083376,15.0897481415158,14.86));
#5095=CARTESIAN_POINT('',(1.13800622874716,15.0480132814009,14.8427128397875));
#5096=CARTESIAN_POINT('',(1.0085600495717,14.9184119199413,14.7302881609223));
#5097=CARTESIAN_POINT('',(0.97095877433241,14.880945033041,14.6524835359222));
#5098=CARTESIAN_POINT('',(0.969074597189182,14.8790124196106,14.4738445532273));
#5099=CARTESIAN_POINT('',(1.02402371079596,14.9340353556426,14.3761061772016));
#5100=CARTESIAN_POINT('',(1.08617148143882,14.9961687988254,14.3223507725223));
#5101=CARTESIAN_POINT('',(1.10022404906953,15.010261156613,14.3119813259712));
#5102=CARTESIAN_POINT('',(1.13173753105147,15.0417772104903,14.2931280721739));
#5103=CARTESIAN_POINT('',(1.15737292830648,15.0673721297439,14.281701968369));
#5104=CARTESIAN_POINT('',(1.1901230124249,15.1001265559744,14.2698995456609));
#5105=CARTESIAN_POINT('',(1.22402979870078,15.1340297987008,14.26));
#5106=CARTESIAN_POINT('',(1.26999999999999,15.18,14.26));
#5107=CARTESIAN_POINT('',(1.26999999999999,10.6,14.56));
#5108=CARTESIAN_POINT('',(1.26999999999999,10.6,14.26));
#5109=CARTESIAN_POINT('',(1.26999999999999,15.18,14.56));
#5110=CARTESIAN_POINT('',(1.26999999999998,15.18,14.56));
#5111=CARTESIAN_POINT('',(1.26999999999998,1.6,14.56));
#5112=CARTESIAN_POINT('',(1.26999999999998,1.6,14.26));
#5113=CARTESIAN_POINT('',(1.26999999999999,6.4,14.56));
#5114=CARTESIAN_POINT('',(1.26999999999999,6.4,14.26));
#5115=CARTESIAN_POINT('',(1.26999999999999,15.18,14.56));
#5116=CARTESIAN_POINT('',(0.943384704858421,1.6,14.89));
#5117=CARTESIAN_POINT('',(-1.27000000000002,1.6,14.56));
#5118=CARTESIAN_POINT('',(-1.27000000000002,1.6,14.26));
#5119=CARTESIAN_POINT('',(-1.59661529514158,1.6,14.89));
#5120=CARTESIAN_POINT('',(-1.27000000000001,6.4,14.56));
#5121=CARTESIAN_POINT('',(-1.27000000000002,6.4,14.26));
#5122=CARTESIAN_POINT('',(-1.27,12.64,14.56));
#5123=CARTESIAN_POINT('',(-5.58000000000002,15.18,17.1));
#5124=CARTESIAN_POINT('',(-5.58000000000002,15.18,16.8));
#5125=CARTESIAN_POINT('',(-5.58000000000002,15.5066152951416,17.43));
#5126=CARTESIAN_POINT('',(-5.58000000000002,12.64,17.1));
#5127=CARTESIAN_POINT('',(-5.58000000000002,12.64,16.8));
#5128=CARTESIAN_POINT('',(-5.58000000000002,12.9666152951416,17.43));
#5129=CARTESIAN_POINT('',(-1.27000000000002,12.64,17.1));
#5130=CARTESIAN_POINT('',(-1.27000000000001,12.64,16.8));
#5131=CARTESIAN_POINT('',(-1.27000000269584,12.6400000026958,17.4));
#5132=CARTESIAN_POINT('',(-1.27000000000001,12.64,17.1));
#5133=CARTESIAN_POINT('',(-1.27000000000003,12.64,17.1));
#5134=CARTESIAN_POINT('',(-1.27000000000002,12.64,17.4));
#5135=CARTESIAN_POINT('',(-1.3602518591726,12.5497481415052,17.4));
#5136=CARTESIAN_POINT('',(-1.40199377149957,12.5080132811852,17.382712839689));
#5137=CARTESIAN_POINT('',(-1.53143995064346,12.3784119197293,17.2702881606197));
#5138=CARTESIAN_POINT('',(-1.56904122575601,12.3409450329465,17.1924835355768));
#5139=CARTESIAN_POINT('',(-1.57092540272838,12.3390124196991,17.0138445530033));
#5140=CARTESIAN_POINT('',(-1.51597628906799,12.3940353557846,16.9161061770481));
#5141=CARTESIAN_POINT('',(-1.4538285184783,12.4561687989067,16.8623507724596));
#5142=CARTESIAN_POINT('',(-1.43977595085717,12.470261156685,16.8519813259219));
#5143=CARTESIAN_POINT('',(-1.40826246888934,12.5017772105491,16.833128072144));
#5144=CARTESIAN_POINT('',(-1.38262707163148,12.5273721298061,16.8217019683443));
#5145=CARTESIAN_POINT('',(-1.34987698753721,12.5601265560119,16.809899545652));
#5146=CARTESIAN_POINT('',(-1.31597020127967,12.5940297987203,16.8));
#5147=CARTESIAN_POINT('',(-1.27,12.64,16.8));
#5148=CARTESIAN_POINT('',(-1.27,10.6,17.1));
#5149=CARTESIAN_POINT('',(-1.27000000000001,10.6,16.8));
#5150=CARTESIAN_POINT('',(-1.27,12.64,17.1));
#5151=CARTESIAN_POINT('',(-1.27000000000002,12.64,17.1));
#5152=CARTESIAN_POINT('',(1.26999999999998,15.18,17.1));
#5153=CARTESIAN_POINT('',(1.26999999999999,15.18,16.8));
#5154=CARTESIAN_POINT('',(1.26999999730415,15.1800000026958,17.4));
#5155=CARTESIAN_POINT('',(1.26999999999999,15.18,17.1));
#5156=CARTESIAN_POINT('',(1.26999999999997,15.18,17.1));
#5157=CARTESIAN_POINT('',(1.26999999999998,15.18,17.4));
#5158=CARTESIAN_POINT('',(1.17974814083376,15.0897481415158,17.4));
#5159=CARTESIAN_POINT('',(1.13800622874716,15.0480132814009,17.3827128397875));
#5160=CARTESIAN_POINT('',(1.0085600495717,14.9184119199413,17.2702881609223));
#5161=CARTESIAN_POINT('',(0.97095877433241,14.880945033041,17.1924835359222));
#5162=CARTESIAN_POINT('',(0.969074597189182,14.8790124196106,17.0138445532273));
#5163=CARTESIAN_POINT('',(1.02402371079596,14.9340353556426,16.9161061772016));
#5164=CARTESIAN_POINT('',(1.08617148143882,14.9961687988254,16.8623507725223));
#5165=CARTESIAN_POINT('',(1.10022404906953,15.010261156613,16.8519813259712));
#5166=CARTESIAN_POINT('',(1.13173753105147,15.0417772104903,16.8331280721739));
#5167=CARTESIAN_POINT('',(1.15737292830648,15.0673721297439,16.821701968369));
#5168=CARTESIAN_POINT('',(1.1901230124249,15.1001265559744,16.8098995456609));
#5169=CARTESIAN_POINT('',(1.22402979870078,15.1340297987008,16.8));
#5170=CARTESIAN_POINT('',(1.26999999999999,15.18,16.8));
#5171=CARTESIAN_POINT('',(1.26999999999999,10.6,17.1));
#5172=CARTESIAN_POINT('',(1.26999999999999,10.6,16.8));
#5173=CARTESIAN_POINT('',(1.26999999999999,15.18,17.1));
#5174=CARTESIAN_POINT('',(1.26999999999998,15.18,17.1));
#5175=CARTESIAN_POINT('',(1.26999999999998,1.6,17.1));
#5176=CARTESIAN_POINT('',(1.26999999999998,1.6,16.8));
#5177=CARTESIAN_POINT('',(1.26999999999999,6.4,17.1));
#5178=CARTESIAN_POINT('',(1.26999999999999,6.4,16.8));
#5179=CARTESIAN_POINT('',(1.26999999999999,15.18,17.1));
#5180=CARTESIAN_POINT('',(0.943384704858421,1.6,17.43));
#5181=CARTESIAN_POINT('',(-1.27000000000002,1.6,17.1));
#5182=CARTESIAN_POINT('',(-1.27000000000002,1.6,16.8));
#5183=CARTESIAN_POINT('',(-1.59661529514158,1.6,17.43));
#5184=CARTESIAN_POINT('',(-1.27000000000001,6.4,17.1));
#5185=CARTESIAN_POINT('',(-1.27000000000002,6.4,16.8));
#5186=CARTESIAN_POINT('',(-1.27,12.64,17.1));
#5187=CARTESIAN_POINT('',(-5.58000000000002,15.18,19.64));
#5188=CARTESIAN_POINT('',(-5.58000000000002,15.18,19.34));
#5189=CARTESIAN_POINT('',(-5.58000000000002,15.5066152951416,19.97));
#5190=CARTESIAN_POINT('',(-5.58000000000002,12.64,19.64));
#5191=CARTESIAN_POINT('',(-5.58000000000002,12.64,19.34));
#5192=CARTESIAN_POINT('',(-5.58000000000002,12.9666152951416,19.97));
#5193=CARTESIAN_POINT('',(-1.27000000000002,12.64,19.64));
#5194=CARTESIAN_POINT('',(-1.27000000000001,12.64,19.34));
#5195=CARTESIAN_POINT('',(-1.27000000269584,12.6400000026958,19.94));
#5196=CARTESIAN_POINT('',(-1.27000000000001,12.64,19.64));
#5197=CARTESIAN_POINT('',(-1.27000000000003,12.64,19.64));
#5198=CARTESIAN_POINT('',(-1.27000000000002,12.64,19.94));
#5199=CARTESIAN_POINT('',(-1.3602518591726,12.5497481415052,19.94));
#5200=CARTESIAN_POINT('',(-1.40199377149957,12.5080132811852,19.922712839689));
#5201=CARTESIAN_POINT('',(-1.53143995064346,12.3784119197293,19.8102881606197));
#5202=CARTESIAN_POINT('',(-1.56904122575601,12.3409450329465,19.7324835355768));
#5203=CARTESIAN_POINT('',(-1.57092540272838,12.3390124196991,19.5538445530033));
#5204=CARTESIAN_POINT('',(-1.51597628906799,12.3940353557846,19.4561061770481));
#5205=CARTESIAN_POINT('',(-1.4538285184783,12.4561687989067,19.4023507724596));
#5206=CARTESIAN_POINT('',(-1.43977595085717,12.470261156685,19.3919813259219));
#5207=CARTESIAN_POINT('',(-1.40826246888934,12.5017772105491,19.373128072144));
#5208=CARTESIAN_POINT('',(-1.38262707163148,12.5273721298061,19.3617019683443));
#5209=CARTESIAN_POINT('',(-1.34987698753721,12.5601265560119,19.349899545652));
#5210=CARTESIAN_POINT('',(-1.31597020127967,12.5940297987203,19.34));
#5211=CARTESIAN_POINT('',(-1.27,12.64,19.34));
#5212=CARTESIAN_POINT('',(-1.27,10.6,19.64));
#5213=CARTESIAN_POINT('',(-1.27000000000001,10.6,19.34));
#5214=CARTESIAN_POINT('',(-1.27,12.64,19.64));
#5215=CARTESIAN_POINT('',(-1.27000000000002,12.64,19.64));
#5216=CARTESIAN_POINT('',(1.26999999999998,15.18,19.64));
#5217=CARTESIAN_POINT('',(1.26999999999999,15.18,19.34));
#5218=CARTESIAN_POINT('',(1.26999999730415,15.1800000026958,19.94));
#5219=CARTESIAN_POINT('',(1.26999999999999,15.18,19.64));
#5220=CARTESIAN_POINT('',(1.26999999999997,15.18,19.64));
#5221=CARTESIAN_POINT('',(1.26999999999998,15.18,19.94));
#5222=CARTESIAN_POINT('',(1.17974814083376,15.0897481415158,19.94));
#5223=CARTESIAN_POINT('',(1.13800622874716,15.0480132814009,19.9227128397875));
#5224=CARTESIAN_POINT('',(1.0085600495717,14.9184119199413,19.8102881609223));
#5225=CARTESIAN_POINT('',(0.97095877433241,14.880945033041,19.7324835359222));
#5226=CARTESIAN_POINT('',(0.969074597189182,14.8790124196106,19.5538445532273));
#5227=CARTESIAN_POINT('',(1.02402371079596,14.9340353556426,19.4561061772016));
#5228=CARTESIAN_POINT('',(1.08617148143882,14.9961687988254,19.4023507725223));
#5229=CARTESIAN_POINT('',(1.10022404906953,15.010261156613,19.3919813259712));
#5230=CARTESIAN_POINT('',(1.13173753105147,15.0417772104903,19.3731280721739));
#5231=CARTESIAN_POINT('',(1.15737292830648,15.0673721297439,19.361701968369));
#5232=CARTESIAN_POINT('',(1.1901230124249,15.1001265559744,19.3498995456609));
#5233=CARTESIAN_POINT('',(1.22402979870078,15.1340297987008,19.34));
#5234=CARTESIAN_POINT('',(1.26999999999999,15.18,19.34));
#5235=CARTESIAN_POINT('',(1.26999999999999,10.6,19.64));
#5236=CARTESIAN_POINT('',(1.26999999999999,10.6,19.34));
#5237=CARTESIAN_POINT('',(1.26999999999999,15.18,19.64));
#5238=CARTESIAN_POINT('',(1.26999999999998,15.18,19.64));
#5239=CARTESIAN_POINT('',(1.26999999999998,1.6,19.64));
#5240=CARTESIAN_POINT('',(1.26999999999998,1.6,19.34));
#5241=CARTESIAN_POINT('',(1.26999999999999,6.4,19.64));
#5242=CARTESIAN_POINT('',(1.26999999999999,6.4,19.34));
#5243=CARTESIAN_POINT('',(1.26999999999999,15.18,19.64));
#5244=CARTESIAN_POINT('',(0.943384704858421,1.6,19.97));
#5245=CARTESIAN_POINT('',(-1.27000000000002,1.6,19.64));
#5246=CARTESIAN_POINT('',(-1.27000000000002,1.6,19.34));
#5247=CARTESIAN_POINT('',(-1.59661529514158,1.6,19.97));
#5248=CARTESIAN_POINT('',(-1.27000000000001,6.4,19.64));
#5249=CARTESIAN_POINT('',(-1.27000000000002,6.4,19.34));
#5250=CARTESIAN_POINT('',(-1.27,12.64,19.64));
#5251=CARTESIAN_POINT('',(-5.58000000000002,15.18,22.18));
#5252=CARTESIAN_POINT('',(-5.58000000000002,15.18,21.88));
#5253=CARTESIAN_POINT('',(-5.58000000000002,15.5066152951416,22.51));
#5254=CARTESIAN_POINT('',(-5.58000000000002,12.64,22.18));
#5255=CARTESIAN_POINT('',(-5.58000000000002,12.64,21.88));
#5256=CARTESIAN_POINT('',(-5.58000000000002,12.9666152951416,22.51));
#5257=CARTESIAN_POINT('',(-1.27000000000002,12.64,22.18));
#5258=CARTESIAN_POINT('',(-1.27000000000001,12.64,21.88));
#5259=CARTESIAN_POINT('',(-1.27000000269584,12.6400000026958,22.48));
#5260=CARTESIAN_POINT('',(-1.27000000000001,12.64,22.18));
#5261=CARTESIAN_POINT('',(-1.27000000000003,12.64,22.18));
#5262=CARTESIAN_POINT('',(-1.27000000000002,12.64,22.48));
#5263=CARTESIAN_POINT('',(-1.3602518591726,12.5497481415052,22.48));
#5264=CARTESIAN_POINT('',(-1.40199377149957,12.5080132811852,22.462712839689));
#5265=CARTESIAN_POINT('',(-1.53143995064346,12.3784119197293,22.3502881606197));
#5266=CARTESIAN_POINT('',(-1.56904122575601,12.3409450329465,22.2724835355768));
#5267=CARTESIAN_POINT('',(-1.57092540272838,12.3390124196991,22.0938445530033));
#5268=CARTESIAN_POINT('',(-1.51597628906799,12.3940353557846,21.9961061770481));
#5269=CARTESIAN_POINT('',(-1.4538285184783,12.4561687989067,21.9423507724596));
#5270=CARTESIAN_POINT('',(-1.43977595085717,12.470261156685,21.9319813259219));
#5271=CARTESIAN_POINT('',(-1.40826246888934,12.5017772105491,21.913128072144));
#5272=CARTESIAN_POINT('',(-1.38262707163148,12.5273721298061,21.9017019683443));
#5273=CARTESIAN_POINT('',(-1.34987698753721,12.5601265560119,21.889899545652));
#5274=CARTESIAN_POINT('',(-1.31597020127967,12.5940297987203,21.88));
#5275=CARTESIAN_POINT('',(-1.27,12.64,21.88));
#5276=CARTESIAN_POINT('',(-1.27,10.6,22.18));
#5277=CARTESIAN_POINT('',(-1.27000000000001,10.6,21.88));
#5278=CARTESIAN_POINT('',(-1.27,12.64,22.18));
#5279=CARTESIAN_POINT('',(-1.27000000000002,12.64,22.18));
#5280=CARTESIAN_POINT('',(1.26999999999998,15.18,22.18));
#5281=CARTESIAN_POINT('',(1.26999999999999,15.18,21.88));
#5282=CARTESIAN_POINT('',(1.26999999730415,15.1800000026958,22.48));
#5283=CARTESIAN_POINT('',(1.26999999999999,15.18,22.18));
#5284=CARTESIAN_POINT('',(1.26999999999997,15.18,22.18));
#5285=CARTESIAN_POINT('',(1.26999999999998,15.18,22.48));
#5286=CARTESIAN_POINT('',(1.17974814083376,15.0897481415158,22.48));
#5287=CARTESIAN_POINT('',(1.13800622874716,15.0480132814009,22.4627128397875));
#5288=CARTESIAN_POINT('',(1.0085600495717,14.9184119199413,22.3502881609223));
#5289=CARTESIAN_POINT('',(0.97095877433241,14.880945033041,22.2724835359222));
#5290=CARTESIAN_POINT('',(0.969074597189182,14.8790124196106,22.0938445532273));
#5291=CARTESIAN_POINT('',(1.02402371079596,14.9340353556426,21.9961061772016));
#5292=CARTESIAN_POINT('',(1.08617148143882,14.9961687988254,21.9423507725223));
#5293=CARTESIAN_POINT('',(1.10022404906953,15.010261156613,21.9319813259712));
#5294=CARTESIAN_POINT('',(1.13173753105147,15.0417772104903,21.9131280721739));
#5295=CARTESIAN_POINT('',(1.15737292830648,15.0673721297439,21.901701968369));
#5296=CARTESIAN_POINT('',(1.1901230124249,15.1001265559744,21.8898995456609));
#5297=CARTESIAN_POINT('',(1.22402979870078,15.1340297987008,21.88));
#5298=CARTESIAN_POINT('',(1.26999999999999,15.18,21.88));
#5299=CARTESIAN_POINT('',(1.26999999999999,10.6,22.18));
#5300=CARTESIAN_POINT('',(1.26999999999999,10.6,21.88));
#5301=CARTESIAN_POINT('',(1.26999999999999,15.18,22.18));
#5302=CARTESIAN_POINT('',(1.26999999999998,15.18,22.18));
#5303=CARTESIAN_POINT('',(1.26999999999998,1.6,22.18));
#5304=CARTESIAN_POINT('',(1.26999999999998,1.6,21.88));
#5305=CARTESIAN_POINT('',(1.26999999999999,6.4,22.18));
#5306=CARTESIAN_POINT('',(1.26999999999999,6.4,21.88));
#5307=CARTESIAN_POINT('',(1.26999999999999,15.18,22.18));
#5308=CARTESIAN_POINT('',(0.943384704858421,1.6,22.51));
#5309=CARTESIAN_POINT('',(-1.27000000000002,1.6,22.18));
#5310=CARTESIAN_POINT('',(-1.27000000000002,1.6,21.88));
#5311=CARTESIAN_POINT('',(-1.59661529514158,1.6,22.51));
#5312=CARTESIAN_POINT('',(-1.27000000000001,6.4,22.18));
#5313=CARTESIAN_POINT('',(-1.27000000000002,6.4,21.88));
#5314=CARTESIAN_POINT('',(-1.27,12.64,22.18));
#5315=CARTESIAN_POINT('',(-5.58000000000002,15.18,24.72));
#5316=CARTESIAN_POINT('',(-5.58000000000002,15.18,24.42));
#5317=CARTESIAN_POINT('',(-5.58000000000002,15.5066152951416,25.05));
#5318=CARTESIAN_POINT('',(-5.58000000000002,12.64,24.72));
#5319=CARTESIAN_POINT('',(-5.58000000000002,12.64,24.42));
#5320=CARTESIAN_POINT('',(-5.58000000000002,12.9666152951416,25.05));
#5321=CARTESIAN_POINT('',(-1.27000000000002,12.64,24.72));
#5322=CARTESIAN_POINT('',(-1.27000000000001,12.64,24.42));
#5323=CARTESIAN_POINT('',(-1.27000000269584,12.6400000026958,25.02));
#5324=CARTESIAN_POINT('',(-1.27000000000001,12.64,24.72));
#5325=CARTESIAN_POINT('',(-1.27000000000003,12.64,24.72));
#5326=CARTESIAN_POINT('',(-1.27000000000002,12.64,25.02));
#5327=CARTESIAN_POINT('',(-1.3602518591726,12.5497481415052,25.02));
#5328=CARTESIAN_POINT('',(-1.40199377149957,12.5080132811852,25.002712839689));
#5329=CARTESIAN_POINT('',(-1.53143995064346,12.3784119197293,24.8902881606197));
#5330=CARTESIAN_POINT('',(-1.56904122575601,12.3409450329465,24.8124835355768));
#5331=CARTESIAN_POINT('',(-1.57092540272838,12.3390124196991,24.6338445530033));
#5332=CARTESIAN_POINT('',(-1.51597628906799,12.3940353557846,24.5361061770481));
#5333=CARTESIAN_POINT('',(-1.4538285184783,12.4561687989067,24.4823507724596));
#5334=CARTESIAN_POINT('',(-1.43977595085717,12.470261156685,24.4719813259219));
#5335=CARTESIAN_POINT('',(-1.40826246888934,12.5017772105491,24.453128072144));
#5336=CARTESIAN_POINT('',(-1.38262707163148,12.5273721298061,24.4417019683443));
#5337=CARTESIAN_POINT('',(-1.34987698753721,12.5601265560119,24.429899545652));
#5338=CARTESIAN_POINT('',(-1.31597020127967,12.5940297987203,24.42));
#5339=CARTESIAN_POINT('',(-1.27,12.64,24.42));
#5340=CARTESIAN_POINT('',(-1.27,10.6,24.72));
#5341=CARTESIAN_POINT('',(-1.27000000000001,10.6,24.42));
#5342=CARTESIAN_POINT('',(-1.27,12.64,24.72));
#5343=CARTESIAN_POINT('',(-1.27000000000002,12.64,24.72));
#5344=CARTESIAN_POINT('',(1.26999999999998,15.18,24.72));
#5345=CARTESIAN_POINT('',(1.26999999999999,15.18,24.42));
#5346=CARTESIAN_POINT('',(1.26999999730415,15.1800000026958,25.02));
#5347=CARTESIAN_POINT('',(1.26999999999999,15.18,24.72));
#5348=CARTESIAN_POINT('',(1.26999999999997,15.18,24.72));
#5349=CARTESIAN_POINT('',(1.26999999999998,15.18,25.02));
#5350=CARTESIAN_POINT('',(1.17974814083376,15.0897481415158,25.02));
#5351=CARTESIAN_POINT('',(1.13800622874716,15.0480132814009,25.0027128397875));
#5352=CARTESIAN_POINT('',(1.0085600495717,14.9184119199413,24.8902881609223));
#5353=CARTESIAN_POINT('',(0.97095877433241,14.880945033041,24.8124835359222));
#5354=CARTESIAN_POINT('',(0.969074597189182,14.8790124196106,24.6338445532273));
#5355=CARTESIAN_POINT('',(1.02402371079596,14.9340353556426,24.5361061772016));
#5356=CARTESIAN_POINT('',(1.08617148143882,14.9961687988254,24.4823507725223));
#5357=CARTESIAN_POINT('',(1.10022404906953,15.010261156613,24.4719813259712));
#5358=CARTESIAN_POINT('',(1.13173753105147,15.0417772104903,24.4531280721739));
#5359=CARTESIAN_POINT('',(1.15737292830648,15.0673721297439,24.441701968369));
#5360=CARTESIAN_POINT('',(1.1901230124249,15.1001265559744,24.4298995456609));
#5361=CARTESIAN_POINT('',(1.22402979870078,15.1340297987008,24.42));
#5362=CARTESIAN_POINT('',(1.26999999999999,15.18,24.42));
#5363=CARTESIAN_POINT('',(1.26999999999999,10.6,24.72));
#5364=CARTESIAN_POINT('',(1.26999999999999,10.6,24.42));
#5365=CARTESIAN_POINT('',(1.26999999999999,15.18,24.72));
#5366=CARTESIAN_POINT('',(1.26999999999998,15.18,24.72));
#5367=CARTESIAN_POINT('',(1.26999999999998,1.6,24.72));
#5368=CARTESIAN_POINT('',(1.26999999999998,1.6,24.42));
#5369=CARTESIAN_POINT('',(1.26999999999999,6.4,24.72));
#5370=CARTESIAN_POINT('',(1.26999999999999,6.4,24.42));
#5371=CARTESIAN_POINT('',(1.26999999999999,15.18,24.72));
#5372=CARTESIAN_POINT('',(0.943384704858421,1.6,25.05));
#5373=CARTESIAN_POINT('',(-1.27000000000002,1.6,24.72));
#5374=CARTESIAN_POINT('',(-1.27000000000002,1.6,24.42));
#5375=CARTESIAN_POINT('',(-1.59661529514158,1.6,25.05));
#5376=CARTESIAN_POINT('',(-1.27000000000001,6.4,24.72));
#5377=CARTESIAN_POINT('',(-1.27000000000002,6.4,24.42));
#5378=CARTESIAN_POINT('',(-1.27,12.64,24.72));
#5379=CARTESIAN_POINT('',(-5.58000000000002,15.18,27.26));
#5380=CARTESIAN_POINT('',(-5.58000000000002,15.18,26.96));
#5381=CARTESIAN_POINT('',(-5.58000000000002,15.5066152951416,27.59));
#5382=CARTESIAN_POINT('',(-5.58000000000002,12.64,27.26));
#5383=CARTESIAN_POINT('',(-5.58000000000002,12.64,26.96));
#5384=CARTESIAN_POINT('',(-5.58000000000002,12.9666152951416,27.59));
#5385=CARTESIAN_POINT('',(-1.27000000000002,12.64,27.26));
#5386=CARTESIAN_POINT('',(-1.27000000000001,12.64,26.96));
#5387=CARTESIAN_POINT('',(-1.27000000269584,12.6400000026958,27.56));
#5388=CARTESIAN_POINT('',(-1.27000000000001,12.64,27.26));
#5389=CARTESIAN_POINT('',(-1.27000000000003,12.64,27.26));
#5390=CARTESIAN_POINT('',(-1.27000000000002,12.64,27.56));
#5391=CARTESIAN_POINT('',(-1.3602518591726,12.5497481415052,27.56));
#5392=CARTESIAN_POINT('',(-1.40199377149957,12.5080132811852,27.542712839689));
#5393=CARTESIAN_POINT('',(-1.53143995064346,12.3784119197293,27.4302881606197));
#5394=CARTESIAN_POINT('',(-1.56904122575601,12.3409450329465,27.3524835355768));
#5395=CARTESIAN_POINT('',(-1.57092540272838,12.3390124196991,27.1738445530033));
#5396=CARTESIAN_POINT('',(-1.51597628906799,12.3940353557846,27.0761061770481));
#5397=CARTESIAN_POINT('',(-1.4538285184783,12.4561687989067,27.0223507724596));
#5398=CARTESIAN_POINT('',(-1.43977595085717,12.470261156685,27.0119813259219));
#5399=CARTESIAN_POINT('',(-1.40826246888934,12.5017772105491,26.993128072144));
#5400=CARTESIAN_POINT('',(-1.38262707163148,12.5273721298061,26.9817019683443));
#5401=CARTESIAN_POINT('',(-1.34987698753721,12.5601265560119,26.969899545652));
#5402=CARTESIAN_POINT('',(-1.31597020127967,12.5940297987203,26.96));
#5403=CARTESIAN_POINT('',(-1.27,12.64,26.96));
#5404=CARTESIAN_POINT('',(-1.27,10.6,27.26));
#5405=CARTESIAN_POINT('',(-1.27000000000001,10.6,26.96));
#5406=CARTESIAN_POINT('',(-1.27,12.64,27.26));
#5407=CARTESIAN_POINT('',(-1.27000000000002,12.64,27.26));
#5408=CARTESIAN_POINT('',(1.26999999999998,15.18,27.26));
#5409=CARTESIAN_POINT('',(1.26999999999999,15.18,26.96));
#5410=CARTESIAN_POINT('',(1.26999999730415,15.1800000026958,27.56));
#5411=CARTESIAN_POINT('',(1.26999999999999,15.18,27.26));
#5412=CARTESIAN_POINT('',(1.26999999999997,15.18,27.26));
#5413=CARTESIAN_POINT('',(1.26999999999998,15.18,27.56));
#5414=CARTESIAN_POINT('',(1.17974814083376,15.0897481415158,27.56));
#5415=CARTESIAN_POINT('',(1.13800622874716,15.0480132814009,27.5427128397875));
#5416=CARTESIAN_POINT('',(1.0085600495717,14.9184119199413,27.4302881609223));
#5417=CARTESIAN_POINT('',(0.97095877433241,14.880945033041,27.3524835359222));
#5418=CARTESIAN_POINT('',(0.969074597189182,14.8790124196106,27.1738445532273));
#5419=CARTESIAN_POINT('',(1.02402371079596,14.9340353556426,27.0761061772016));
#5420=CARTESIAN_POINT('',(1.08617148143882,14.9961687988254,27.0223507725223));
#5421=CARTESIAN_POINT('',(1.10022404906953,15.010261156613,27.0119813259712));
#5422=CARTESIAN_POINT('',(1.13173753105147,15.0417772104903,26.9931280721739));
#5423=CARTESIAN_POINT('',(1.15737292830648,15.0673721297439,26.981701968369));
#5424=CARTESIAN_POINT('',(1.1901230124249,15.1001265559744,26.9698995456609));
#5425=CARTESIAN_POINT('',(1.22402979870078,15.1340297987008,26.96));
#5426=CARTESIAN_POINT('',(1.26999999999999,15.18,26.96));
#5427=CARTESIAN_POINT('',(1.26999999999999,10.6,27.26));
#5428=CARTESIAN_POINT('',(1.26999999999999,10.6,26.96));
#5429=CARTESIAN_POINT('',(1.26999999999999,15.18,27.26));
#5430=CARTESIAN_POINT('',(1.26999999999998,15.18,27.26));
#5431=CARTESIAN_POINT('',(1.26999999999998,1.6,27.26));
#5432=CARTESIAN_POINT('',(1.26999999999998,1.6,26.96));
#5433=CARTESIAN_POINT('',(1.26999999999999,6.4,27.26));
#5434=CARTESIAN_POINT('',(1.26999999999999,6.4,26.96));
#5435=CARTESIAN_POINT('',(1.26999999999999,15.18,27.26));
#5436=CARTESIAN_POINT('',(0.943384704858421,1.6,27.59));
#5437=CARTESIAN_POINT('',(-1.27000000000002,1.6,27.26));
#5438=CARTESIAN_POINT('',(-1.27000000000002,1.6,26.96));
#5439=CARTESIAN_POINT('',(-1.59661529514158,1.6,27.59));
#5440=CARTESIAN_POINT('',(-1.27000000000001,6.4,27.26));
#5441=CARTESIAN_POINT('',(-1.27000000000002,6.4,26.96));
#5442=CARTESIAN_POINT('',(-1.27,12.64,27.26));
#5443=CARTESIAN_POINT('',(-5.58000000000002,15.18,29.8));
#5444=CARTESIAN_POINT('',(-5.58000000000002,15.18,29.5));
#5445=CARTESIAN_POINT('',(-5.58000000000002,15.5066152951416,30.13));
#5446=CARTESIAN_POINT('',(-5.58000000000002,12.64,29.8));
#5447=CARTESIAN_POINT('',(-5.58000000000002,12.64,29.5));
#5448=CARTESIAN_POINT('',(-5.58000000000002,12.9666152951416,30.13));
#5449=CARTESIAN_POINT('',(-1.27000000000002,12.64,29.8));
#5450=CARTESIAN_POINT('',(-1.27000000000001,12.64,29.5));
#5451=CARTESIAN_POINT('',(-1.27000000269584,12.6400000026958,30.1));
#5452=CARTESIAN_POINT('',(-1.27000000000001,12.64,29.8));
#5453=CARTESIAN_POINT('',(-1.27000000000003,12.64,29.8));
#5454=CARTESIAN_POINT('',(-1.27000000000002,12.64,30.1));
#5455=CARTESIAN_POINT('',(-1.3602518591726,12.5497481415052,30.1));
#5456=CARTESIAN_POINT('',(-1.40199377149957,12.5080132811852,30.082712839689));
#5457=CARTESIAN_POINT('',(-1.53143995064346,12.3784119197293,29.9702881606197));
#5458=CARTESIAN_POINT('',(-1.56904122575601,12.3409450329465,29.8924835355768));
#5459=CARTESIAN_POINT('',(-1.57092540272838,12.3390124196991,29.7138445530033));
#5460=CARTESIAN_POINT('',(-1.51597628906799,12.3940353557846,29.6161061770481));
#5461=CARTESIAN_POINT('',(-1.4538285184783,12.4561687989067,29.5623507724596));
#5462=CARTESIAN_POINT('',(-1.43977595085717,12.470261156685,29.5519813259219));
#5463=CARTESIAN_POINT('',(-1.40826246888934,12.5017772105491,29.533128072144));
#5464=CARTESIAN_POINT('',(-1.38262707163148,12.5273721298061,29.5217019683443));
#5465=CARTESIAN_POINT('',(-1.34987698753721,12.5601265560119,29.509899545652));
#5466=CARTESIAN_POINT('',(-1.31597020127967,12.5940297987203,29.5));
#5467=CARTESIAN_POINT('',(-1.27,12.64,29.5));
#5468=CARTESIAN_POINT('',(-1.27,10.6,29.8));
#5469=CARTESIAN_POINT('',(-1.27000000000001,10.6,29.5));
#5470=CARTESIAN_POINT('',(-1.27,12.64,29.8));
#5471=CARTESIAN_POINT('',(-1.27000000000002,12.64,29.8));
#5472=CARTESIAN_POINT('',(1.26999999999998,15.18,29.8));
#5473=CARTESIAN_POINT('',(1.26999999999999,15.18,29.5));
#5474=CARTESIAN_POINT('',(1.26999999730415,15.1800000026958,30.1));
#5475=CARTESIAN_POINT('',(1.26999999999999,15.18,29.8));
#5476=CARTESIAN_POINT('',(1.26999999999997,15.18,29.8));
#5477=CARTESIAN_POINT('',(1.26999999999998,15.18,30.1));
#5478=CARTESIAN_POINT('',(1.17974814083376,15.0897481415158,30.1));
#5479=CARTESIAN_POINT('',(1.13800622874716,15.0480132814009,30.0827128397875));
#5480=CARTESIAN_POINT('',(1.0085600495717,14.9184119199413,29.9702881609223));
#5481=CARTESIAN_POINT('',(0.97095877433241,14.880945033041,29.8924835359222));
#5482=CARTESIAN_POINT('',(0.969074597189182,14.8790124196106,29.7138445532272));
#5483=CARTESIAN_POINT('',(1.02402371079596,14.9340353556426,29.6161061772016));
#5484=CARTESIAN_POINT('',(1.08617148143882,14.9961687988254,29.5623507725223));
#5485=CARTESIAN_POINT('',(1.10022404906953,15.010261156613,29.5519813259712));
#5486=CARTESIAN_POINT('',(1.13173753105147,15.0417772104903,29.5331280721739));
#5487=CARTESIAN_POINT('',(1.15737292830648,15.0673721297439,29.521701968369));
#5488=CARTESIAN_POINT('',(1.1901230124249,15.1001265559744,29.5098995456609));
#5489=CARTESIAN_POINT('',(1.22402979870078,15.1340297987008,29.5));
#5490=CARTESIAN_POINT('',(1.26999999999999,15.18,29.5));
#5491=CARTESIAN_POINT('',(1.26999999999999,10.6,29.8));
#5492=CARTESIAN_POINT('',(1.26999999999999,10.6,29.5));
#5493=CARTESIAN_POINT('',(1.26999999999999,15.18,29.8));
#5494=CARTESIAN_POINT('',(1.26999999999998,15.18,29.8));
#5495=CARTESIAN_POINT('',(1.26999999999998,1.6,29.8));
#5496=CARTESIAN_POINT('',(1.26999999999998,1.6,29.5));
#5497=CARTESIAN_POINT('',(1.26999999999999,6.4,29.8));
#5498=CARTESIAN_POINT('',(1.26999999999999,6.4,29.5));
#5499=CARTESIAN_POINT('',(1.26999999999999,15.18,29.8));
#5500=CARTESIAN_POINT('',(0.943384704858421,1.6,30.13));
#5501=CARTESIAN_POINT('',(-1.27000000000002,1.6,29.8));
#5502=CARTESIAN_POINT('',(-1.27000000000002,1.6,29.5));
#5503=CARTESIAN_POINT('',(-1.59661529514158,1.6,30.13));
#5504=CARTESIAN_POINT('',(-1.27000000000001,6.4,29.8));
#5505=CARTESIAN_POINT('',(-1.27000000000002,6.4,29.5));
#5506=CARTESIAN_POINT('',(-1.27,12.64,29.8));
#5507=CARTESIAN_POINT('',(-5.58000000000002,15.18,32.34));
#5508=CARTESIAN_POINT('',(-5.58000000000002,15.18,32.04));
#5509=CARTESIAN_POINT('',(-5.58000000000002,15.5066152951416,32.67));
#5510=CARTESIAN_POINT('',(-5.58000000000002,12.64,32.34));
#5511=CARTESIAN_POINT('',(-5.58000000000002,12.64,32.04));
#5512=CARTESIAN_POINT('',(-5.58000000000002,12.9666152951416,32.67));
#5513=CARTESIAN_POINT('',(-1.27000000000002,12.64,32.34));
#5514=CARTESIAN_POINT('',(-1.27000000000001,12.64,32.04));
#5515=CARTESIAN_POINT('',(-1.27000000269584,12.6400000026958,32.64));
#5516=CARTESIAN_POINT('',(-1.27000000000001,12.64,32.34));
#5517=CARTESIAN_POINT('',(-1.27000000000003,12.64,32.34));
#5518=CARTESIAN_POINT('',(-1.27000000000002,12.64,32.64));
#5519=CARTESIAN_POINT('',(-1.3602518591726,12.5497481415052,32.64));
#5520=CARTESIAN_POINT('',(-1.40199377149957,12.5080132811852,32.622712839689));
#5521=CARTESIAN_POINT('',(-1.53143995064346,12.3784119197293,32.5102881606197));
#5522=CARTESIAN_POINT('',(-1.56904122575601,12.3409450329465,32.4324835355768));
#5523=CARTESIAN_POINT('',(-1.57092540272838,12.3390124196991,32.2538445530033));
#5524=CARTESIAN_POINT('',(-1.51597628906799,12.3940353557846,32.1561061770481));
#5525=CARTESIAN_POINT('',(-1.4538285184783,12.4561687989067,32.1023507724596));
#5526=CARTESIAN_POINT('',(-1.43977595085717,12.470261156685,32.0919813259219));
#5527=CARTESIAN_POINT('',(-1.40826246888934,12.5017772105491,32.073128072144));
#5528=CARTESIAN_POINT('',(-1.38262707163148,12.5273721298061,32.0617019683443));
#5529=CARTESIAN_POINT('',(-1.34987698753721,12.5601265560119,32.049899545652));
#5530=CARTESIAN_POINT('',(-1.31597020127967,12.5940297987203,32.04));
#5531=CARTESIAN_POINT('',(-1.27,12.64,32.04));
#5532=CARTESIAN_POINT('',(-1.27,10.6,32.34));
#5533=CARTESIAN_POINT('',(-1.27000000000001,10.6,32.04));
#5534=CARTESIAN_POINT('',(-1.27,12.64,32.34));
#5535=CARTESIAN_POINT('',(-1.27000000000002,12.64,32.34));
#5536=CARTESIAN_POINT('',(1.26999999999998,15.18,32.34));
#5537=CARTESIAN_POINT('',(1.26999999999999,15.18,32.04));
#5538=CARTESIAN_POINT('',(1.26999999730415,15.1800000026958,32.64));
#5539=CARTESIAN_POINT('',(1.26999999999999,15.18,32.34));
#5540=CARTESIAN_POINT('',(1.26999999999997,15.18,32.34));
#5541=CARTESIAN_POINT('',(1.26999999999998,15.18,32.64));
#5542=CARTESIAN_POINT('',(1.17974814083376,15.0897481415158,32.64));
#5543=CARTESIAN_POINT('',(1.13800622874716,15.0480132814009,32.6227128397875));
#5544=CARTESIAN_POINT('',(1.0085600495717,14.9184119199413,32.5102881609223));
#5545=CARTESIAN_POINT('',(0.97095877433241,14.880945033041,32.4324835359223));
#5546=CARTESIAN_POINT('',(0.969074597189182,14.8790124196106,32.2538445532273));
#5547=CARTESIAN_POINT('',(1.02402371079596,14.9340353556426,32.1561061772016));
#5548=CARTESIAN_POINT('',(1.08617148143883,14.9961687988254,32.1023507725223));
#5549=CARTESIAN_POINT('',(1.10022404906953,15.010261156613,32.0919813259712));
#5550=CARTESIAN_POINT('',(1.13173753105147,15.0417772104903,32.0731280721739));
#5551=CARTESIAN_POINT('',(1.15737292830648,15.0673721297439,32.061701968369));
#5552=CARTESIAN_POINT('',(1.1901230124249,15.1001265559744,32.0498995456609));
#5553=CARTESIAN_POINT('',(1.22402979870078,15.1340297987008,32.04));
#5554=CARTESIAN_POINT('',(1.26999999999999,15.18,32.04));
#5555=CARTESIAN_POINT('',(1.26999999999999,10.6,32.34));
#5556=CARTESIAN_POINT('',(1.26999999999999,10.6,32.04));
#5557=CARTESIAN_POINT('',(1.26999999999999,15.18,32.34));
#5558=CARTESIAN_POINT('',(1.26999999999998,15.18,32.34));
#5559=CARTESIAN_POINT('',(1.26999999999998,1.6,32.34));
#5560=CARTESIAN_POINT('',(1.26999999999998,1.6,32.04));
#5561=CARTESIAN_POINT('',(1.26999999999999,6.4,32.34));
#5562=CARTESIAN_POINT('',(1.26999999999999,6.4,32.04));
#5563=CARTESIAN_POINT('',(1.26999999999999,15.18,32.34));
#5564=CARTESIAN_POINT('',(0.943384704858421,1.6,32.67));
#5565=CARTESIAN_POINT('',(-1.27000000000002,1.6,32.34));
#5566=CARTESIAN_POINT('',(-1.27000000000002,1.6,32.04));
#5567=CARTESIAN_POINT('',(-1.59661529514158,1.6,32.67));
#5568=CARTESIAN_POINT('',(-1.27000000000001,6.4,32.34));
#5569=CARTESIAN_POINT('',(-1.27000000000002,6.4,32.04));
#5570=CARTESIAN_POINT('',(-1.27,12.64,32.34));
#5571=CARTESIAN_POINT('',(-5.58000000000002,15.18,34.88));
#5572=CARTESIAN_POINT('',(-5.58000000000002,15.18,34.58));
#5573=CARTESIAN_POINT('',(-5.58000000000002,15.5066152951416,35.21));
#5574=CARTESIAN_POINT('',(-5.58000000000002,12.64,34.88));
#5575=CARTESIAN_POINT('',(-5.58000000000002,12.64,34.58));
#5576=CARTESIAN_POINT('',(-5.58000000000002,12.9666152951416,35.21));
#5577=CARTESIAN_POINT('',(-1.27000000000002,12.64,34.88));
#5578=CARTESIAN_POINT('',(-1.27000000000001,12.64,34.58));
#5579=CARTESIAN_POINT('',(-1.27000000269584,12.6400000026958,35.18));
#5580=CARTESIAN_POINT('',(-1.27000000000001,12.64,34.88));
#5581=CARTESIAN_POINT('',(-1.27000000000003,12.64,34.88));
#5582=CARTESIAN_POINT('',(-1.27000000000002,12.64,35.18));
#5583=CARTESIAN_POINT('',(-1.3602518591726,12.5497481415052,35.18));
#5584=CARTESIAN_POINT('',(-1.40199377149957,12.5080132811852,35.162712839689));
#5585=CARTESIAN_POINT('',(-1.53143995064346,12.3784119197293,35.0502881606197));
#5586=CARTESIAN_POINT('',(-1.56904122575601,12.3409450329465,34.9724835355768));
#5587=CARTESIAN_POINT('',(-1.57092540272838,12.3390124196991,34.7938445530033));
#5588=CARTESIAN_POINT('',(-1.51597628906799,12.3940353557846,34.6961061770481));
#5589=CARTESIAN_POINT('',(-1.4538285184783,12.4561687989067,34.6423507724596));
#5590=CARTESIAN_POINT('',(-1.43977595085717,12.470261156685,34.6319813259219));
#5591=CARTESIAN_POINT('',(-1.40826246888934,12.5017772105491,34.613128072144));
#5592=CARTESIAN_POINT('',(-1.38262707163148,12.5273721298061,34.6017019683443));
#5593=CARTESIAN_POINT('',(-1.34987698753721,12.5601265560119,34.589899545652));
#5594=CARTESIAN_POINT('',(-1.31597020127967,12.5940297987203,34.58));
#5595=CARTESIAN_POINT('',(-1.27,12.64,34.58));
#5596=CARTESIAN_POINT('',(-1.27,10.6,34.88));
#5597=CARTESIAN_POINT('',(-1.27000000000001,10.6,34.58));
#5598=CARTESIAN_POINT('',(-1.27,12.64,34.88));
#5599=CARTESIAN_POINT('',(-1.27000000000002,12.64,34.88));
#5600=CARTESIAN_POINT('',(1.26999999999998,15.18,34.88));
#5601=CARTESIAN_POINT('',(1.26999999999999,15.18,34.58));
#5602=CARTESIAN_POINT('',(1.26999999730415,15.1800000026958,35.18));
#5603=CARTESIAN_POINT('',(1.26999999999999,15.18,34.88));
#5604=CARTESIAN_POINT('',(1.26999999999997,15.18,34.88));
#5605=CARTESIAN_POINT('',(1.26999999999998,15.18,35.18));
#5606=CARTESIAN_POINT('',(1.17974814083376,15.0897481415158,35.18));
#5607=CARTESIAN_POINT('',(1.13800622874716,15.0480132814009,35.1627128397875));
#5608=CARTESIAN_POINT('',(1.0085600495717,14.9184119199413,35.0502881609223));
#5609=CARTESIAN_POINT('',(0.97095877433241,14.880945033041,34.9724835359223));
#5610=CARTESIAN_POINT('',(0.969074597189182,14.8790124196106,34.7938445532272));
#5611=CARTESIAN_POINT('',(1.02402371079596,14.9340353556426,34.6961061772016));
#5612=CARTESIAN_POINT('',(1.08617148143883,14.9961687988254,34.6423507725223));
#5613=CARTESIAN_POINT('',(1.10022404906953,15.010261156613,34.6319813259712));
#5614=CARTESIAN_POINT('',(1.13173753105147,15.0417772104903,34.6131280721739));
#5615=CARTESIAN_POINT('',(1.15737292830648,15.0673721297439,34.601701968369));
#5616=CARTESIAN_POINT('',(1.1901230124249,15.1001265559744,34.5898995456609));
#5617=CARTESIAN_POINT('',(1.22402979870078,15.1340297987008,34.58));
#5618=CARTESIAN_POINT('',(1.26999999999999,15.18,34.58));
#5619=CARTESIAN_POINT('',(1.26999999999999,10.6,34.88));
#5620=CARTESIAN_POINT('',(1.26999999999999,10.6,34.58));
#5621=CARTESIAN_POINT('',(1.26999999999999,15.18,34.88));
#5622=CARTESIAN_POINT('',(1.26999999999998,15.18,34.88));
#5623=CARTESIAN_POINT('',(1.26999999999998,1.6,34.88));
#5624=CARTESIAN_POINT('',(1.26999999999998,1.6,34.58));
#5625=CARTESIAN_POINT('',(1.26999999999999,6.4,34.88));
#5626=CARTESIAN_POINT('',(1.26999999999999,6.4,34.58));
#5627=CARTESIAN_POINT('',(1.26999999999999,15.18,34.88));
#5628=CARTESIAN_POINT('',(0.943384704858421,1.6,35.21));
#5629=CARTESIAN_POINT('',(-1.27000000000002,1.6,34.88));
#5630=CARTESIAN_POINT('',(-1.27000000000002,1.6,34.58));
#5631=CARTESIAN_POINT('',(-1.59661529514158,1.6,35.21));
#5632=CARTESIAN_POINT('',(-1.27000000000001,6.4,34.88));
#5633=CARTESIAN_POINT('',(-1.27000000000002,6.4,34.58));
#5634=CARTESIAN_POINT('',(-1.27,12.64,34.88));
#5635=CARTESIAN_POINT('',(-5.58000000000002,15.18,37.42));
#5636=CARTESIAN_POINT('',(-5.58000000000002,15.18,37.12));
#5637=CARTESIAN_POINT('',(-5.58000000000002,15.5066152951416,37.75));
#5638=CARTESIAN_POINT('',(-5.58000000000002,12.64,37.42));
#5639=CARTESIAN_POINT('',(-5.58000000000002,12.64,37.12));
#5640=CARTESIAN_POINT('',(-5.58000000000002,12.9666152951416,37.75));
#5641=CARTESIAN_POINT('',(-1.27000000000002,12.64,37.42));
#5642=CARTESIAN_POINT('',(-1.27000000000001,12.64,37.12));
#5643=CARTESIAN_POINT('',(-1.27000000269584,12.6400000026958,37.72));
#5644=CARTESIAN_POINT('',(-1.27000000000001,12.64,37.42));
#5645=CARTESIAN_POINT('',(-1.27000000000003,12.64,37.42));
#5646=CARTESIAN_POINT('',(-1.27000000000002,12.64,37.72));
#5647=CARTESIAN_POINT('',(-1.3602518591726,12.5497481415052,37.72));
#5648=CARTESIAN_POINT('',(-1.40199377149957,12.5080132811852,37.702712839689));
#5649=CARTESIAN_POINT('',(-1.53143995064346,12.3784119197293,37.5902881606197));
#5650=CARTESIAN_POINT('',(-1.56904122575601,12.3409450329465,37.5124835355768));
#5651=CARTESIAN_POINT('',(-1.57092540272838,12.3390124196991,37.3338445530033));
#5652=CARTESIAN_POINT('',(-1.51597628906799,12.3940353557846,37.2361061770481));
#5653=CARTESIAN_POINT('',(-1.4538285184783,12.4561687989067,37.1823507724596));
#5654=CARTESIAN_POINT('',(-1.43977595085717,12.470261156685,37.1719813259219));
#5655=CARTESIAN_POINT('',(-1.40826246888934,12.5017772105491,37.153128072144));
#5656=CARTESIAN_POINT('',(-1.38262707163148,12.5273721298061,37.1417019683443));
#5657=CARTESIAN_POINT('',(-1.34987698753721,12.5601265560119,37.129899545652));
#5658=CARTESIAN_POINT('',(-1.31597020127967,12.5940297987203,37.12));
#5659=CARTESIAN_POINT('',(-1.27,12.64,37.12));
#5660=CARTESIAN_POINT('',(-1.27,10.6,37.42));
#5661=CARTESIAN_POINT('',(-1.27000000000001,10.6,37.12));
#5662=CARTESIAN_POINT('',(-1.27,12.64,37.42));
#5663=CARTESIAN_POINT('',(-1.27000000000002,12.64,37.42));
#5664=CARTESIAN_POINT('',(1.26999999999998,15.18,37.42));
#5665=CARTESIAN_POINT('',(1.26999999999999,15.18,37.12));
#5666=CARTESIAN_POINT('',(1.26999999730415,15.1800000026958,37.72));
#5667=CARTESIAN_POINT('',(1.26999999999999,15.18,37.42));
#5668=CARTESIAN_POINT('',(1.26999999999997,15.18,37.42));
#5669=CARTESIAN_POINT('',(1.26999999999998,15.18,37.72));
#5670=CARTESIAN_POINT('',(1.17974814083376,15.0897481415158,37.72));
#5671=CARTESIAN_POINT('',(1.13800622874716,15.0480132814009,37.7027128397875));
#5672=CARTESIAN_POINT('',(1.0085600495717,14.9184119199413,37.5902881609223));
#5673=CARTESIAN_POINT('',(0.97095877433241,14.880945033041,37.5124835359223));
#5674=CARTESIAN_POINT('',(0.969074597189182,14.8790124196106,37.3338445532273));
#5675=CARTESIAN_POINT('',(1.02402371079596,14.9340353556426,37.2361061772016));
#5676=CARTESIAN_POINT('',(1.08617148143883,14.9961687988254,37.1823507725223));
#5677=CARTESIAN_POINT('',(1.10022404906953,15.010261156613,37.1719813259712));
#5678=CARTESIAN_POINT('',(1.13173753105147,15.0417772104903,37.1531280721739));
#5679=CARTESIAN_POINT('',(1.15737292830648,15.0673721297439,37.141701968369));
#5680=CARTESIAN_POINT('',(1.1901230124249,15.1001265559744,37.1298995456609));
#5681=CARTESIAN_POINT('',(1.22402979870078,15.1340297987008,37.12));
#5682=CARTESIAN_POINT('',(1.26999999999999,15.18,37.12));
#5683=CARTESIAN_POINT('',(1.26999999999999,10.6,37.42));
#5684=CARTESIAN_POINT('',(1.26999999999999,10.6,37.12));
#5685=CARTESIAN_POINT('',(1.26999999999999,15.18,37.42));
#5686=CARTESIAN_POINT('',(1.26999999999998,15.18,37.42));
#5687=CARTESIAN_POINT('',(1.26999999999998,1.6,37.42));
#5688=CARTESIAN_POINT('',(1.26999999999998,1.6,37.12));
#5689=CARTESIAN_POINT('',(1.26999999999999,6.4,37.42));
#5690=CARTESIAN_POINT('',(1.26999999999999,6.4,37.12));
#5691=CARTESIAN_POINT('',(1.26999999999999,15.18,37.42));
#5692=CARTESIAN_POINT('',(0.943384704858421,1.6,37.75));
#5693=CARTESIAN_POINT('',(-1.27000000000002,1.6,37.42));
#5694=CARTESIAN_POINT('',(-1.27000000000002,1.6,37.12));
#5695=CARTESIAN_POINT('',(-1.59661529514158,1.6,37.75));
#5696=CARTESIAN_POINT('',(-1.27000000000001,6.4,37.42));
#5697=CARTESIAN_POINT('',(-1.27000000000002,6.4,37.12));
#5698=CARTESIAN_POINT('',(-1.27,12.64,37.42));
#5699=CARTESIAN_POINT('',(-5.58000000000002,15.18,39.96));
#5700=CARTESIAN_POINT('',(-5.58000000000002,15.18,39.66));
#5701=CARTESIAN_POINT('',(-5.58000000000002,15.5066152951416,40.29));
#5702=CARTESIAN_POINT('',(-5.58000000000002,12.64,39.96));
#5703=CARTESIAN_POINT('',(-5.58000000000002,12.64,39.66));
#5704=CARTESIAN_POINT('',(-5.58000000000002,12.9666152951416,40.29));
#5705=CARTESIAN_POINT('',(-1.27000000000002,12.64,39.96));
#5706=CARTESIAN_POINT('',(-1.27000000000001,12.64,39.66));
#5707=CARTESIAN_POINT('',(-1.27000000269584,12.6400000026958,40.26));
#5708=CARTESIAN_POINT('',(-1.27000000000001,12.64,39.96));
#5709=CARTESIAN_POINT('',(-1.27000000000003,12.64,39.96));
#5710=CARTESIAN_POINT('',(-1.27000000000002,12.64,40.26));
#5711=CARTESIAN_POINT('',(-1.3602518591726,12.5497481415052,40.26));
#5712=CARTESIAN_POINT('',(-1.40199377149957,12.5080132811852,40.242712839689));
#5713=CARTESIAN_POINT('',(-1.53143995064346,12.3784119197293,40.1302881606197));
#5714=CARTESIAN_POINT('',(-1.56904122575601,12.3409450329465,40.0524835355768));
#5715=CARTESIAN_POINT('',(-1.57092540272838,12.3390124196991,39.8738445530033));
#5716=CARTESIAN_POINT('',(-1.51597628906799,12.3940353557846,39.7761061770481));
#5717=CARTESIAN_POINT('',(-1.4538285184783,12.4561687989067,39.7223507724596));
#5718=CARTESIAN_POINT('',(-1.43977595085717,12.470261156685,39.7119813259219));
#5719=CARTESIAN_POINT('',(-1.40826246888934,12.5017772105491,39.693128072144));
#5720=CARTESIAN_POINT('',(-1.38262707163148,12.5273721298061,39.6817019683443));
#5721=CARTESIAN_POINT('',(-1.34987698753721,12.5601265560119,39.669899545652));
#5722=CARTESIAN_POINT('',(-1.31597020127967,12.5940297987203,39.66));
#5723=CARTESIAN_POINT('',(-1.27,12.64,39.66));
#5724=CARTESIAN_POINT('',(-1.27,10.6,39.96));
#5725=CARTESIAN_POINT('',(-1.27000000000001,10.6,39.66));
#5726=CARTESIAN_POINT('',(-1.27,12.64,39.96));
#5727=CARTESIAN_POINT('',(-1.27000000000002,12.64,39.96));
#5728=CARTESIAN_POINT('',(1.26999999999998,15.18,39.96));
#5729=CARTESIAN_POINT('',(1.26999999999999,15.18,39.66));
#5730=CARTESIAN_POINT('',(1.26999999730415,15.1800000026958,40.26));
#5731=CARTESIAN_POINT('',(1.26999999999999,15.18,39.96));
#5732=CARTESIAN_POINT('',(1.26999999999997,15.18,39.96));
#5733=CARTESIAN_POINT('',(1.26999999999998,15.18,40.26));
#5734=CARTESIAN_POINT('',(1.17974814083376,15.0897481415158,40.26));
#5735=CARTESIAN_POINT('',(1.13800622874716,15.0480132814009,40.2427128397875));
#5736=CARTESIAN_POINT('',(1.0085600495717,14.9184119199413,40.1302881609223));
#5737=CARTESIAN_POINT('',(0.97095877433241,14.880945033041,40.0524835359222));
#5738=CARTESIAN_POINT('',(0.969074597189182,14.8790124196106,39.8738445532273));
#5739=CARTESIAN_POINT('',(1.02402371079596,14.9340353556426,39.7761061772016));
#5740=CARTESIAN_POINT('',(1.08617148143883,14.9961687988254,39.7223507725223));
#5741=CARTESIAN_POINT('',(1.10022404906953,15.010261156613,39.7119813259712));
#5742=CARTESIAN_POINT('',(1.13173753105147,15.0417772104903,39.6931280721739));
#5743=CARTESIAN_POINT('',(1.15737292830648,15.0673721297439,39.681701968369));
#5744=CARTESIAN_POINT('',(1.1901230124249,15.1001265559744,39.6698995456609));
#5745=CARTESIAN_POINT('',(1.22402979870078,15.1340297987008,39.66));
#5746=CARTESIAN_POINT('',(1.26999999999999,15.18,39.66));
#5747=CARTESIAN_POINT('',(1.26999999999999,10.6,39.96));
#5748=CARTESIAN_POINT('',(1.26999999999999,10.6,39.66));
#5749=CARTESIAN_POINT('',(1.26999999999999,15.18,39.96));
#5750=CARTESIAN_POINT('',(1.26999999999998,15.18,39.96));
#5751=CARTESIAN_POINT('',(1.26999999999998,1.6,39.96));
#5752=CARTESIAN_POINT('',(1.26999999999998,1.6,39.66));
#5753=CARTESIAN_POINT('',(1.26999999999999,6.4,39.96));
#5754=CARTESIAN_POINT('',(1.26999999999999,6.4,39.66));
#5755=CARTESIAN_POINT('',(1.26999999999999,15.18,39.96));
#5756=CARTESIAN_POINT('',(0.943384704858421,1.6,40.29));
#5757=CARTESIAN_POINT('',(-1.27000000000002,1.6,39.96));
#5758=CARTESIAN_POINT('',(-1.27000000000002,1.6,39.66));
#5759=CARTESIAN_POINT('',(-1.59661529514158,1.6,40.29));
#5760=CARTESIAN_POINT('',(-1.27000000000001,6.4,39.96));
#5761=CARTESIAN_POINT('',(-1.27000000000002,6.4,39.66));
#5762=CARTESIAN_POINT('',(-1.27,12.64,39.96));
#5763=CARTESIAN_POINT('',(-5.58000000000002,15.18,42.5));
#5764=CARTESIAN_POINT('',(-5.58000000000002,15.18,42.2));
#5765=CARTESIAN_POINT('',(-5.58000000000002,15.5066152951416,42.83));
#5766=CARTESIAN_POINT('',(1.26999999999998,15.18,42.8));
#5767=CARTESIAN_POINT('',(1.17974814083376,15.0897481415158,42.8));
#5768=CARTESIAN_POINT('',(1.13800622874716,15.0480132814009,42.7827128397875));
#5769=CARTESIAN_POINT('',(1.0085600495717,14.9184119199413,42.6702881609223));
#5770=CARTESIAN_POINT('',(0.97095877433241,14.880945033041,42.5924835359222));
#5771=CARTESIAN_POINT('',(0.969074597189182,14.8790124196106,42.4138445532272));
#5772=CARTESIAN_POINT('',(1.02402371079596,14.9340353556426,42.3161061772016));
#5773=CARTESIAN_POINT('',(1.08617148143883,14.9961687988254,42.2623507725223));
#5774=CARTESIAN_POINT('',(1.10022404906953,15.010261156613,42.2519813259712));
#5775=CARTESIAN_POINT('',(1.13173753105147,15.0417772104903,42.2331280721739));
#5776=CARTESIAN_POINT('',(1.15737292830648,15.0673721297439,42.221701968369));
#5777=CARTESIAN_POINT('',(1.1901230124249,15.1001265559744,42.2098995456609));
#5778=CARTESIAN_POINT('',(1.22402979870078,15.1340297987008,42.2));
#5779=CARTESIAN_POINT('',(1.26999999999999,15.18,42.2));
#5780=CARTESIAN_POINT('',(1.26999999730415,15.1800000026958,42.8));
#5781=CARTESIAN_POINT('',(1.26999999999999,15.18,42.2));
#5782=CARTESIAN_POINT('',(1.26999999999999,15.18,42.5));
#5783=CARTESIAN_POINT('',(1.26999999999998,15.18,42.5));
#5784=CARTESIAN_POINT('',(-5.58000000000002,12.64,4.39999999999999));
#5785=CARTESIAN_POINT('',(-5.58000000000002,12.64,4.09999999999999));
#5786=CARTESIAN_POINT('',(-5.58000000000002,12.9666152951416,4.72999999999999));
#5787=CARTESIAN_POINT('',(-1.27000000000002,12.64,4.7));
#5788=CARTESIAN_POINT('',(-1.36025185920923,12.5497481414687,4.7));
#5789=CARTESIAN_POINT('',(-1.40199377150606,12.5080132811785,4.68271283968336));
#5790=CARTESIAN_POINT('',(-1.53143995063696,12.3784119197361,4.57028816062536));
#5791=CARTESIAN_POINT('',(-1.56904122575601,12.3409450329466,4.49248353557756));
#5792=CARTESIAN_POINT('',(-1.5709254027284,12.339012419699,4.31384455300253));
#5793=CARTESIAN_POINT('',(-1.51597628906174,12.3940353557915,4.21610617704271));
#5794=CARTESIAN_POINT('',(-1.45382851847987,12.456168798905,4.16235077246097));
#5795=CARTESIAN_POINT('',(-1.43977595085974,12.4702611566824,4.15198132592361));
#5796=CARTESIAN_POINT('',(-1.4082624688921,12.5017772105465,4.13312807214546));
#5797=CARTESIAN_POINT('',(-1.3826270716293,12.5273721298084,4.12170196834349));
#5798=CARTESIAN_POINT('',(-1.34987698754157,12.5601265560073,4.10989954565358));
#5799=CARTESIAN_POINT('',(-1.31597020128431,12.5940297987157,4.1));
#5800=CARTESIAN_POINT('',(-1.27,12.64,4.1));
#5801=CARTESIAN_POINT('',(-1.27000000269584,12.6400000026958,4.7));
#5802=CARTESIAN_POINT('',(-1.27000000000001,12.64,4.09999999999999));
#5803=CARTESIAN_POINT('',(-1.27000000000001,12.64,4.39999999999998));
#5804=CARTESIAN_POINT('',(-1.27000000000002,12.64,4.4));
#5805=CARTESIAN_POINT('',(-1.27000000000002,12.64,4.4));
#5806=CARTESIAN_POINT('',(-1.27000000000001,12.64,4.39999999999999));
#5807=CARTESIAN_POINT('',(-1.27000000000001,10.6,4.4));
#5808=CARTESIAN_POINT('',(-1.27000000000001,10.6,4.1));
#5809=CARTESIAN_POINT('',(-1.27000000000001,12.64,4.4));
#5810=CARTESIAN_POINT('',(-5.58000000000002,15.18,4.39999999999999));
#5811=CARTESIAN_POINT('',(-5.58000000000002,15.18,4.09999999999999));
#5812=CARTESIAN_POINT('',(-5.58000000000002,15.5066152951416,4.72999999999999));
#5813=CARTESIAN_POINT('',(1.26999999999998,15.18,4.69999999999997));
#5814=CARTESIAN_POINT('',(1.17974814082905,15.0897481415111,4.69999999999997));
#5815=CARTESIAN_POINT('',(1.13800622875556,15.0480132814057,4.68271283979478));
#5816=CARTESIAN_POINT('',(1.00856004956331,14.9184119199365,4.57028816091505));
#5817=CARTESIAN_POINT('',(0.970958774332255,14.880945033041,4.49248353590804));
#5818=CARTESIAN_POINT('',(0.969074597189325,14.8790124196107,4.31384455324145));
#5819=CARTESIAN_POINT('',(1.02402371082912,14.9340353556838,4.21610617717288));
#5820=CARTESIAN_POINT('',(1.08617148143054,14.9961687988151,4.16235077252946));
#5821=CARTESIAN_POINT('',(1.10022404905595,15.0102611565976,4.15198132598047));
#5822=CARTESIAN_POINT('',(1.13173753103685,15.0417772104749,4.13312807218148));
#5823=CARTESIAN_POINT('',(1.15737292830649,15.0673721297439,4.12170196836896));
#5824=CARTESIAN_POINT('',(1.19012301242488,15.1001265559743,4.10989954566092));
#5825=CARTESIAN_POINT('',(1.22402979870076,15.1340297987008,4.09999999999997));
#5826=CARTESIAN_POINT('',(1.26999999999999,15.18,4.09999999999997));
#5827=CARTESIAN_POINT('',(1.26999999730415,15.1800000026958,4.7));
#5828=CARTESIAN_POINT('',(1.26999999999999,15.18,4.09999999999999));
#5829=CARTESIAN_POINT('',(1.26999999999999,15.18,4.39999999999998));
#5830=CARTESIAN_POINT('',(1.26999999999998,15.18,4.4));
#5831=CARTESIAN_POINT('',(1.26999999999998,15.18,4.4));
#5832=CARTESIAN_POINT('',(1.26999999999999,15.18,4.39999999999999));
#5833=CARTESIAN_POINT('',(1.26999999999998,10.6,4.39999999999998));
#5834=CARTESIAN_POINT('',(1.26999999999999,10.6,4.09999999999998));
#5835=CARTESIAN_POINT('',(1.26999999999998,15.18,4.39999999999997));
#5836=CARTESIAN_POINT('',(-5.58000000000002,12.64,42.5));
#5837=CARTESIAN_POINT('',(-5.58000000000002,12.64,42.2));
#5838=CARTESIAN_POINT('',(-5.58000000000002,12.9666152951416,42.83));
#5839=CARTESIAN_POINT('',(-1.27000000000002,12.64,42.8));
#5840=CARTESIAN_POINT('',(-1.3602518591726,12.5497481415052,42.8));
#5841=CARTESIAN_POINT('',(-1.40199377149957,12.5080132811852,42.782712839689));
#5842=CARTESIAN_POINT('',(-1.53143995064346,12.3784119197293,42.6702881606197));
#5843=CARTESIAN_POINT('',(-1.56904122575601,12.3409450329465,42.5924835355768));
#5844=CARTESIAN_POINT('',(-1.57092540272838,12.3390124196991,42.4138445530033));
#5845=CARTESIAN_POINT('',(-1.51597628906799,12.3940353557846,42.3161061770481));
#5846=CARTESIAN_POINT('',(-1.4538285184783,12.4561687989067,42.2623507724596));
#5847=CARTESIAN_POINT('',(-1.43977595085717,12.470261156685,42.2519813259219));
#5848=CARTESIAN_POINT('',(-1.40826246888934,12.5017772105491,42.233128072144));
#5849=CARTESIAN_POINT('',(-1.38262707163148,12.5273721298061,42.2217019683443));
#5850=CARTESIAN_POINT('',(-1.34987698753721,12.5601265560119,42.209899545652));
#5851=CARTESIAN_POINT('',(-1.31597020127967,12.5940297987203,42.2));
#5852=CARTESIAN_POINT('',(-1.27,12.64,42.2));
#5853=CARTESIAN_POINT('',(-1.27000000269584,12.6400000026958,42.8));
#5854=CARTESIAN_POINT('',(-1.27000000000001,12.64,42.2));
#5855=CARTESIAN_POINT('',(-1.27000000000001,12.64,42.5));
#5856=CARTESIAN_POINT('',(-1.27000000000002,12.64,42.5));
#5857=CARTESIAN_POINT('',(-1.27000000000002,12.64,42.5));
#5858=CARTESIAN_POINT('',(-1.27000000000003,12.64,42.5));
#5859=CARTESIAN_POINT('',(-1.27,10.6,42.5));
#5860=CARTESIAN_POINT('',(-1.27000000000001,10.6,42.2));
#5861=CARTESIAN_POINT('',(-1.27,12.64,42.5));
#5862=CARTESIAN_POINT('',(-2.58,10.1,47.58));
#5863=CARTESIAN_POINT('',(-2.58,10.1,48.83));
#5864=CARTESIAN_POINT('',(3.42,10.1,47.58));
#5865=CARTESIAN_POINT('',(3.42,10.1,48.83));
#5866=CARTESIAN_POINT('',(-2.58,10.1,47.58));
#5867=CARTESIAN_POINT('',(-2.58,10.1,-0.679999999999998));
#5868=CARTESIAN_POINT('',(-2.58,10.1,0.570000000000001));
#5869=CARTESIAN_POINT('',(3.42,10.1,-0.68));
#5870=CARTESIAN_POINT('',(3.42,10.1,0.570000000000001));
#5871=CARTESIAN_POINT('',(-2.58,10.1,-0.679999999999997));
#5872=CARTESIAN_POINT('',(3.42,13.,-3.55));
#5873=CARTESIAN_POINT('',(3.42,13.,-3.55));
#5874=CARTESIAN_POINT('',(3.42,13.,2.32));
#5875=CARTESIAN_POINT('',(3.42,13.,-3.55));
#5876=CARTESIAN_POINT('',(-2.58,13.,-3.55));
#5877=CARTESIAN_POINT('',(-2.58,13.,2.32));
#5878=CARTESIAN_POINT('',(-2.58,13.,2.32));
#5879=CARTESIAN_POINT('',(3.42,13.,2.32));
#5880=CARTESIAN_POINT('',(3.42,13.,2.32));
#5881=CARTESIAN_POINT('',(-1.27000000000002,1.6,4.39999999999999));
#5882=CARTESIAN_POINT('',(-1.27000000000002,1.6,4.09999999999999));
#5883=CARTESIAN_POINT('',(-1.59661529514158,1.6,4.72999999999999));
#5884=CARTESIAN_POINT('',(-1.27000000000002,6.4,4.39999999999999));
#5885=CARTESIAN_POINT('',(-1.27000000000002,6.4,4.09999999999999));
#5886=CARTESIAN_POINT('',(-1.27000000000001,12.64,4.4));
#5887=CARTESIAN_POINT('',(1.26999999999998,1.6,4.39999999999999));
#5888=CARTESIAN_POINT('',(1.26999999999998,1.6,4.09999999999999));
#5889=CARTESIAN_POINT('',(0.943384704858421,1.6,4.72999999999999));
#5890=CARTESIAN_POINT('',(1.26999999999998,6.4,4.4));
#5891=CARTESIAN_POINT('',(1.26999999999999,6.4,4.1));
#5892=CARTESIAN_POINT('',(1.26999999999998,15.18,4.39999999999997));
#5893=CARTESIAN_POINT('',(-1.27000000000002,1.6,42.5));
#5894=CARTESIAN_POINT('',(-1.27000000000002,1.6,42.2));
#5895=CARTESIAN_POINT('',(-1.59661529514158,1.6,42.83));
#5896=CARTESIAN_POINT('',(-1.27000000000001,6.4,42.5));
#5897=CARTESIAN_POINT('',(-1.27000000000002,6.4,42.2));
#5898=CARTESIAN_POINT('',(-1.27,12.64,42.5));
#5899=CARTESIAN_POINT('',(1.26999999999998,1.6,42.5));
#5900=CARTESIAN_POINT('',(1.26999999999998,1.6,42.2));
#5901=CARTESIAN_POINT('',(0.943384704858421,1.6,42.83));
#5902=CARTESIAN_POINT('',(1.26999999999999,6.4,42.5));
#5903=CARTESIAN_POINT('',(1.26999999999999,6.4,42.2));
#5904=CARTESIAN_POINT('',(1.26999999999999,15.18,42.5));
#5905=CARTESIAN_POINT('',(3.09999999999998,5.9,2.09999999999997));
#5906=CARTESIAN_POINT('',(3.09999999999998,5.9,2.09999999999997));
#5907=CARTESIAN_POINT('',(2.59999999999998,6.4,2.59999999999998));
#5908=CARTESIAN_POINT('',(3.09999999999998,5.9,2.09999999999997));
#5909=CARTESIAN_POINT('',(3.09999999999998,5.9,44.8));
#5910=CARTESIAN_POINT('',(3.09999999999998,5.9,44.8));
#5911=CARTESIAN_POINT('',(2.59999999999998,6.4,44.3));
#5912=CARTESIAN_POINT('',(2.59999999999998,6.4,44.3));
#5913=CARTESIAN_POINT('',(3.09999999999998,5.9,2.09999999999997));
#5914=CARTESIAN_POINT('',(0.700000000012441,5.9,44.8));
#5915=CARTESIAN_POINT('',(0.700000000012441,5.9,44.8));
#5916=CARTESIAN_POINT('',(0.700000000012441,0.65,44.8));
#5917=CARTESIAN_POINT('',(3.09999999999998,5.9,44.8));
#5918=CARTESIAN_POINT('',(3.09999999999998,0.65,44.8));
#5919=CARTESIAN_POINT('',(3.09999999999998,0.65,44.8));
#5920=CARTESIAN_POINT('',(0.700000000012441,0.65,44.8));
#5921=CARTESIAN_POINT('',(3.33999999999874,6.4,44.8));
#5922=CARTESIAN_POINT('',(3.09999999999998,5.9,2.09999999999997));
#5923=CARTESIAN_POINT('',(3.09999999999998,0.65,2.09999999999997));
#5924=CARTESIAN_POINT('',(3.09999999999998,0.65,44.8));
#5925=CARTESIAN_POINT('',(3.09999999999998,6.4,-0.141750000000028));
#5926=CARTESIAN_POINT('',(0.700000000012442,5.9,2.09999999999999));
#5927=CARTESIAN_POINT('',(0.700000000012442,5.9,2.09999999999999));
#5928=CARTESIAN_POINT('',(0.700000000012442,5.9,2.09999999999999));
#5929=CARTESIAN_POINT('',(0.700000000012442,0.650000000000001,2.09999999999999));
#5930=CARTESIAN_POINT('',(3.09999999999998,0.65,2.09999999999997));
#5931=CARTESIAN_POINT('',(0.460000000013688,6.4,2.09999999999999));
#5932=CARTESIAN_POINT('',(0.700000000012443,5.9,1.15));
#5933=CARTESIAN_POINT('',(0.700000000012443,5.9,1.15));
#5934=CARTESIAN_POINT('',(0.700000000012443,5.9,1.15));
#5935=CARTESIAN_POINT('',(0.700000000012443,0.65,1.15));
#5936=CARTESIAN_POINT('',(0.700000000012443,0.65,2.09999999999999));
#5937=CARTESIAN_POINT('',(0.700000000012442,6.4,1.055));
#5938=CARTESIAN_POINT('',(0.700000000012441,5.9,45.75));
#5939=CARTESIAN_POINT('',(0.700000000012441,5.9,45.75));
#5940=CARTESIAN_POINT('',(0.200000000012441,6.4,45.25));
#5941=CARTESIAN_POINT('',(0.700000000012441,5.9,45.75));
#5942=CARTESIAN_POINT('',(-3.10000000000002,5.9,45.75));
#5943=CARTESIAN_POINT('',(-3.10000000000002,5.9,45.75));
#5944=CARTESIAN_POINT('',(-2.60000000000002,6.4,45.25));
#5945=CARTESIAN_POINT('',(-2.60000000000002,6.4,45.25));
#5946=CARTESIAN_POINT('',(0.700000000012441,5.9,45.75));
#5947=CARTESIAN_POINT('',(-3.10000000000002,5.9,45.75));
#5948=CARTESIAN_POINT('',(-3.10000000000002,5.9,1.15));
#5949=CARTESIAN_POINT('',(-3.10000000000001,5.9,1.15));
#5950=CARTESIAN_POINT('',(-2.60000000000002,6.4,1.65));
#5951=CARTESIAN_POINT('',(-2.60000000000002,6.4,1.65));
#5952=CARTESIAN_POINT('',(-3.10000000000002,5.9,45.75));
#5953=CARTESIAN_POINT('',(-3.10000000000001,5.9,1.15));
#5954=CARTESIAN_POINT('',(0.700000000012443,5.9,1.15));
#5955=CARTESIAN_POINT('',(0.200000000012443,6.4,1.65));
#5956=CARTESIAN_POINT('',(0.200000000012443,6.4,1.65));
#5957=CARTESIAN_POINT('',(-3.10000000000001,5.9,1.15));
#5958=CARTESIAN_POINT('',(0.200000000012442,6.4,2.59999999999999));
#5959=CARTESIAN_POINT('',(0.200000000012442,6.4,2.59999999999999));
#5960=CARTESIAN_POINT('',(0.200000000012442,6.4,2.59999999999999));
#5961=CARTESIAN_POINT('',(0.700000000012443,5.9,1.15));
#5962=CARTESIAN_POINT('',(2.59999999999998,6.4,2.59999999999998));
#5963=CARTESIAN_POINT('',(0.200000000012439,5.9,2.09999999999999));
#5964=CARTESIAN_POINT('',(0.200000000012442,6.4,44.3));
#5965=CARTESIAN_POINT('',(0.200000000012442,6.4,44.3));
#5966=CARTESIAN_POINT('',(0.200000000012441,6.4,45.25));
#5967=CARTESIAN_POINT('',(-3.41000000000002,6.4,-1.08));
#5968=CARTESIAN_POINT('',(0.70000000001244,5.9,44.8));
#5969=CARTESIAN_POINT('',(3.09999999999998,5.9,44.8));
#5970=CARTESIAN_POINT('',(0.700000000012441,5.9,44.8));
#5971=CARTESIAN_POINT('',(0.700000000012441,5.9,44.3));
#5972=CARTESIAN_POINT('',(0.700000000012441,5.9,45.75));
#5973=CARTESIAN_POINT('',(0.700000000012441,0.65,45.75));
#5974=CARTESIAN_POINT('',(0.700000000012441,0.65,45.75));
#5975=CARTESIAN_POINT('',(0.700000000012441,6.4,44.705));
#5976=CARTESIAN_POINT('',(1.35000000001244,0.,46.4));
#5977=CARTESIAN_POINT('',(1.35000000001244,0.,46.4));
#5978=CARTESIAN_POINT('',(0.700000000012441,0.65,44.8));
#5979=CARTESIAN_POINT('',(1.35000000001244,0.,45.45));
#5980=CARTESIAN_POINT('',(1.35000000001244,0.,46.4));
#5981=CARTESIAN_POINT('',(0.700000000012441,0.65,46.4));
#5982=CARTESIAN_POINT('',(3.74999999999998,0.,45.45));
#5983=CARTESIAN_POINT('',(3.74999999999998,0.,45.45));
#5984=CARTESIAN_POINT('',(1.35000000001244,0.,45.45));
#5985=CARTESIAN_POINT('',(0.700000000012441,0.65,44.8));
#5986=CARTESIAN_POINT('',(3.09999999999998,0.65,2.09999999999997));
#5987=CARTESIAN_POINT('',(3.74999999999998,0.,1.44999999999997));
#5988=CARTESIAN_POINT('',(3.74999999999998,0.,45.45));
#5989=CARTESIAN_POINT('',(3.09999999999998,0.65,45.45));
#5990=CARTESIAN_POINT('',(0.700000000012442,0.650000000000001,2.09999999999999));
#5991=CARTESIAN_POINT('',(1.35000000001244,0.,1.44999999999998));
#5992=CARTESIAN_POINT('',(3.74999999999998,0.,1.44999999999997));
#5993=CARTESIAN_POINT('',(3.74999999999999,0.65,2.09999999999997));
#5994=CARTESIAN_POINT('',(0.700000000012442,0.65,1.15));
#5995=CARTESIAN_POINT('',(1.35000000001244,0.,0.499999999999998));
#5996=CARTESIAN_POINT('',(1.35000000001244,0.,1.44999999999998));
#5997=CARTESIAN_POINT('',(0.700000000012443,0.65,2.09999999999999));
#5998=CARTESIAN_POINT('',(0.700000000012443,0.65,1.15));
#5999=CARTESIAN_POINT('',(-3.10000000000001,0.65,1.15));
#6000=CARTESIAN_POINT('',(-3.10000000000001,0.65,1.15));
#6001=CARTESIAN_POINT('',(-3.75000000000002,0.,0.499999999999998));
#6002=CARTESIAN_POINT('',(1.35000000001244,0.,0.499999999999998));
#6003=CARTESIAN_POINT('',(1.35000000001244,0.65,1.15));
#6004=CARTESIAN_POINT('',(-3.10000000000001,5.9,1.15));
#6005=CARTESIAN_POINT('',(-3.48000000000126,6.4,1.15));
#6006=CARTESIAN_POINT('',(-3.10000000000002,5.9,45.75));
#6007=CARTESIAN_POINT('',(-3.10000000000002,0.65,45.75));
#6008=CARTESIAN_POINT('',(-3.10000000000001,0.65,1.15));
#6009=CARTESIAN_POINT('',(-3.10000000000002,6.4,48.0915));
#6010=CARTESIAN_POINT('',(-3.10000000000002,0.65,45.75));
#6011=CARTESIAN_POINT('',(1.08000000001369,6.4,45.75));
#6012=CARTESIAN_POINT('',(-3.10000000000002,0.65,45.75));
#6013=CARTESIAN_POINT('',(-3.75000000000002,0.,46.4));
#6014=CARTESIAN_POINT('',(-3.75000000000002,0.,46.4));
#6015=CARTESIAN_POINT('',(-3.75000000000002,0.65,45.75));
#6016=CARTESIAN_POINT('',(-3.75000000000002,0.,0.499999999999998));
#6017=CARTESIAN_POINT('',(-3.10000000000002,0.65,0.499999999999999));
#6018=CARTESIAN_POINT('',(-4.25000000000002,0.,0.));
#6019=CARTESIAN_POINT('',(-4.25000000000002,0.,0.));
#6020=CARTESIAN_POINT('',(4.24999999999998,0.,0.));
#6021=CARTESIAN_POINT('',(4.24999999999998,0.,0.));
#6022=CARTESIAN_POINT('',(4.24999999999998,0.,46.9));
#6023=CARTESIAN_POINT('',(4.24999999999998,0.,46.9));
#6024=CARTESIAN_POINT('',(-4.25000000000002,0.,46.9));
#6025=CARTESIAN_POINT('',(-4.25000000000002,0.,0.));
#6026=CARTESIAN_POINT('',(-4.25000000000002,0.,0.));
#6027=CARTESIAN_POINT('',(4.24999999999998,7.54037678326286,46.9));
#6028=CARTESIAN_POINT('',(4.24999999999998,7.54037678326286,46.9));
#6029=CARTESIAN_POINT('',(3.42,7.54037678326286,46.9));
#6030=CARTESIAN_POINT('',(4.24999999999998,8.79322686740437,44.73));
#6031=CARTESIAN_POINT('',(4.24999999999998,8.79322686740437,44.73));
#6032=CARTESIAN_POINT('',(3.42,8.79322686740437,44.73));
#6033=CARTESIAN_POINT('',(3.42,8.79322686740437,44.73));
#6034=CARTESIAN_POINT('',(3.42,7.54037678326286,46.9));
#6035=CARTESIAN_POINT('',(1.503,7.54037678326286,46.9));
#6036=CARTESIAN_POINT('',(4.24999999999998,10.6,44.73));
#6037=CARTESIAN_POINT('',(4.24999999999998,10.6,44.73));
#6038=CARTESIAN_POINT('',(3.42,10.6,44.73));
#6039=CARTESIAN_POINT('',(3.42,10.6,44.73));
#6040=CARTESIAN_POINT('',(3.42,8.79322686740437,44.73));
#6041=CARTESIAN_POINT('',(1.503,8.79322686740437,44.73));
#6042=CARTESIAN_POINT('',(4.24999999999998,7.54037678326289,0.));
#6043=CARTESIAN_POINT('',(4.24999999999998,7.54037678326289,0.));
#6044=CARTESIAN_POINT('',(4.24999999999998,8.79322686740436,2.16999999999998));
#6045=CARTESIAN_POINT('',(4.24999999999998,8.79322686740436,2.16999999999998));
#6046=CARTESIAN_POINT('',(4.24999999999998,10.6,2.16999999999998));
#6047=CARTESIAN_POINT('',(4.24999999999998,10.6,44.73));
#6048=CARTESIAN_POINT('',(4.24999999999998,7.54037678326286,46.9));
#6049=CARTESIAN_POINT('',(4.24999999999998,0.,0.));
#6050=CARTESIAN_POINT('',(4.24999999999998,0.,0.));
#6051=CARTESIAN_POINT('',(4.24999999999998,10.6,2.16999999999998));
#6052=CARTESIAN_POINT('',(3.42,10.6,2.16999999999998));
#6053=CARTESIAN_POINT('',(3.42,8.79322686740436,2.16999999999998));
#6054=CARTESIAN_POINT('',(3.42,8.79322686740436,2.16999999999998));
#6055=CARTESIAN_POINT('',(3.42,10.6,2.16999999999998));
#6056=CARTESIAN_POINT('',(1.503,10.6,2.16999999999998));
#6057=CARTESIAN_POINT('',(3.42,7.54037678326289,0.));
#6058=CARTESIAN_POINT('',(3.42,7.54037678326289,0.));
#6059=CARTESIAN_POINT('',(3.42,8.79322686740436,2.16999999999998));
#6060=CARTESIAN_POINT('',(1.503,8.79322686740436,2.16999999999998));
#6061=CARTESIAN_POINT('',(-4.2500000000069,4.94999999990684,0.));
#6062=CARTESIAN_POINT('',(-4.2500000000069,4.94999999990684,0.));
#6063=CARTESIAN_POINT('',(3.42,4.95,0.));
#6064=CARTESIAN_POINT('',(3.42,4.95,0.));
#6065=CARTESIAN_POINT('',(-4.25000000000002,4.94999999990684,0.));
#6066=CARTESIAN_POINT('',(-4.67500000000002,7.8993391049366,0.));
#6067=CARTESIAN_POINT('',(3.42,4.95,0.));
#6068=CARTESIAN_POINT('',(3.42,4.95,-3.55));
#6069=CARTESIAN_POINT('',(3.42,4.95,-3.55));
#6070=CARTESIAN_POINT('',(3.42,10.6,2.32));
#6071=CARTESIAN_POINT('',(3.42,10.6,2.32));
#6072=CARTESIAN_POINT('',(3.42,10.6,2.16999999999998));
#6073=CARTESIAN_POINT('',(3.42,13.4025,-3.84350000000001));
#6074=CARTESIAN_POINT('',(3.42,10.6,2.32));
#6075=CARTESIAN_POINT('',(-2.58,10.6,2.32));
#6076=CARTESIAN_POINT('',(-2.58,10.6,2.32));
#6077=CARTESIAN_POINT('',(3.42,10.4229829407783,2.32));
#6078=CARTESIAN_POINT('',(-2.58000000001093,7.04999999990324,-3.55000000000402));
#6079=CARTESIAN_POINT('',(-2.58,7.04999999990324,-3.55000000000201));
#6080=CARTESIAN_POINT('',(-2.58,7.05000000000678,50.449999999996));
#6081=CARTESIAN_POINT('',(-2.58,7.05000000000679,50.45));
#6082=CARTESIAN_POINT('',(-2.58,13.,50.45));
#6083=CARTESIAN_POINT('',(-2.58,13.,50.45));
#6084=CARTESIAN_POINT('',(-2.58,13.,44.58));
#6085=CARTESIAN_POINT('',(-2.58,13.,44.58));
#6086=CARTESIAN_POINT('',(-2.58,10.6,44.58));
#6087=CARTESIAN_POINT('',(-2.58,10.6,2.32));
#6088=CARTESIAN_POINT('',(-2.58,13.,-3.55));
#6089=CARTESIAN_POINT('',(-2.58,13.5025,-3.94350000000001));
#6090=CARTESIAN_POINT('',(-2.58,10.6,44.58));
#6091=CARTESIAN_POINT('',(3.42,10.6,44.58));
#6092=CARTESIAN_POINT('',(-2.58,13.,44.58));
#6093=CARTESIAN_POINT('',(3.42,13.,44.58));
#6094=CARTESIAN_POINT('',(3.42,13.,44.58));
#6095=CARTESIAN_POINT('',(3.42,13.,44.58));
#6096=CARTESIAN_POINT('',(3.42,13.,44.58));
#6097=CARTESIAN_POINT('',(3.42,13.,50.45));
#6098=CARTESIAN_POINT('',(3.42,13.,50.45));
#6099=CARTESIAN_POINT('',(3.42,13.,50.45));
#6100=CARTESIAN_POINT('',(-4.2500000000069,4.95000000000359,50.45));
#6101=CARTESIAN_POINT('',(-4.2500000000069,4.95000000000359,50.45));
#6102=CARTESIAN_POINT('',(-4.25000000001093,7.05000000000358,50.449999999996));
#6103=CARTESIAN_POINT('',(3.42,4.94999999999999,50.45));
#6104=CARTESIAN_POINT('',(3.42,4.94999999999999,50.45));
#6105=CARTESIAN_POINT('',(3.42,13.,50.45));
#6106=CARTESIAN_POINT('',(-4.25000000001093,7.05000000000358,50.449999999996));
#6107=CARTESIAN_POINT('',(3.52,4.84999999999999,50.4500000000004));
#6108=CARTESIAN_POINT('',(-4.25000000001093,7.04999999990004,-3.55000000000402));
#6109=CARTESIAN_POINT('',(-4.25000000001093,7.04999999990004,-3.55000000000402));
#6110=CARTESIAN_POINT('',(-2.58000000001093,7.04999999990324,-3.55000000000402));
#6111=CARTESIAN_POINT('',(-2.48,7.04999999992857,-3.65000000000402));
#6112=CARTESIAN_POINT('',(-4.25000000001093,7.04999999990004,-3.55000000000402));
#6113=CARTESIAN_POINT('',(-4.2500000000069,4.94999999990004,-3.54999999999999));
#6114=CARTESIAN_POINT('',(3.42,4.95,-3.55));
#6115=CARTESIAN_POINT('',(3.52,13.1,-3.54999999999962));
#6116=CARTESIAN_POINT('',(-4.2500000000069,4.94999999990004,-3.54999999999999));
#6117=CARTESIAN_POINT('',(3.52,4.95000000001717,-3.65));
#6118=CARTESIAN_POINT('',(-4.25000000000002,0.,46.9));
#6119=CARTESIAN_POINT('',(-4.2500000000069,4.94999999999678,46.9));
#6120=CARTESIAN_POINT('',(-4.2500000000069,4.94999999999679,46.9));
#6121=CARTESIAN_POINT('',(-4.25000000000861,7.25500000000392,-3.82750000000422));
#6122=CARTESIAN_POINT('',(3.42,4.94999999999999,46.9));
#6123=CARTESIAN_POINT('',(3.42,4.94999999999999,46.9));
#6124=CARTESIAN_POINT('',(3.42,4.94999999999999,50.45));
#6125=CARTESIAN_POINT('',(3.52,4.94999999999816,46.8));
#6126=CARTESIAN_POINT('',(3.42,7.54037678326286,46.9));
#6127=CARTESIAN_POINT('',(-4.67500000000002,-0.53,46.9));
#6128=CARTESIAN_POINT('',(3.42,10.6,44.58));
#6129=CARTESIAN_POINT('',(3.42,13.4025,44.2865));
#6130=CARTESIAN_POINT('',(1.26999999999999,10.6,42.5));
#6131=CARTESIAN_POINT('',(1.26999999999999,10.6,42.2));
#6132=CARTESIAN_POINT('',(4.24999999999998,10.6,0.));
#6133=CARTESIAN_POINT('',(1.26999999999998,15.18,42.5));
#6134=CARTESIAN_POINT('',(1.26999999999999,15.18,42.5));
#6135=CARTESIAN_POINT('',(1.26999999999997,15.18,42.5));
#6136=MECHANICAL_DESIGN_GEOMETRIC_PRESENTATION_REPRESENTATION('',(#73,#23,
#24,#25,#26,#27,#28,#29,#30,#31,#32,#33,#34,#35,#36,#37,#38,#39,#40,#41,
#42,#43,#44,#45,#46,#47,#48,#49,#50,#51,#52,#53,#54,#55,#56,#57,#58,#59,
#60,#61,#62,#63,#64,#65,#66,#67,#68,#69,#70,#71),#6137);
#6137=(
GEOMETRIC_REPRESENTATION_CONTEXT(3)
GLOBAL_UNCERTAINTY_ASSIGNED_CONTEXT((#6138))
GLOBAL_UNIT_ASSIGNED_CONTEXT((#6144,#6140,#6139))
REPRESENTATION_CONTEXT('100072961ugm000_b','TOP_LEVEL_ASSEMBLY_PART')
);
#6138=UNCERTAINTY_MEASURE_WITH_UNIT(LENGTH_MEASURE(0.02),#6144,
'DISTANCE_ACCURACY_VALUE','Maximum Tolerance applied to model');
#6139=(
NAMED_UNIT(*)
SI_UNIT($,.STERADIAN.)
SOLID_ANGLE_UNIT()
);
#6140=(
CONVERSION_BASED_UNIT('DEGREE',#6142)
NAMED_UNIT(#6141)
PLANE_ANGLE_UNIT()
);
#6141=DIMENSIONAL_EXPONENTS(0.,0.,0.,0.,0.,0.,0.);
#6142=PLANE_ANGLE_MEASURE_WITH_UNIT(PLANE_ANGLE_MEASURE(0.0174532925),#6143);
#6143=(
NAMED_UNIT(*)
PLANE_ANGLE_UNIT()
SI_UNIT($,.RADIAN.)
);
#6144=(
LENGTH_UNIT()
NAMED_UNIT(*)
SI_UNIT(.MILLI.,.METRE.)
);
ENDSEC;
END-ISO-10303-21;
