ISO-10303-21;
HEADER;
FILE_DESCRIPTION (( 'STEP AP214' ),
    '1' );
FILE_NAME ('B2P3-VH.STEP',
    '2023-12-10T21:44:25',
    ( '' ),
    ( '' ),
    'SwSTEP 2.0',
    'SolidWorks 2021',
    '' );
FILE_SCHEMA (( 'AUTOMOTIVE_DESIGN' ));
ENDSEC;

DATA;
#1 = ORIENTED_EDGE ( 'NONE', *, *, #400, .F. ) ;
#2 = FACE_OUTER_BOUND ( 'NONE', #384, .T. ) ;
#3 = DIRECTION ( 'NONE',  ( 1.000000000000000000, 0.000000000000000000, 0.000000000000000000 ) ) ;
#4 = DIRECTION ( 'NONE',  ( 1.000000000000000000, 0.000000000000000000, 0.000000000000000000 ) ) ;
#5 = ADVANCED_FACE ( 'NONE', ( #945 ), #1378, .T. ) ;
#6 = CARTESIAN_POINT ( 'NONE',  ( 8.489999999999998437, -4.336808689942014778E-16, -0.5699999999999999512 ) ) ;
#7 = DIRECTION ( 'NONE',  ( 0.000000000000000000, 1.000000000000000000, 0.000000000000000000 ) ) ;
#8 = SHAPE_REPRESENTATION ( 'B2P3-VH', ( #33, #221 ), #668 ) ;
#9 = SURFACE_SIDE_STYLE ('',( #1343 ) ) ;
#10 = DIRECTION ( 'NONE',  ( 0.000000000000000000, -9.061988307341510612E-16, 1.000000000000000000 ) ) ;
#11 = EDGE_CURVE ( 'NONE', #29, #62, #712, .T. ) ;
#12 = VECTOR ( 'NONE', #952, 1000.000000000000000 ) ;
#13 = PLANE ( 'NONE',  #854 ) ;
#14 = DIRECTION ( 'NONE',  ( 0.000000000000000000, 1.000000000000000000, 0.000000000000000000 ) ) ;
#15 = LINE ( 'NONE', #325, #308 ) ;
#16 = LINE ( 'NONE', #254, #790 ) ;
#17 = EDGE_CURVE ( 'NONE', #225, #391, #162, .T. ) ;
#18 = ADVANCED_FACE ( 'NONE', ( #1385 ), #620, .F. ) ;
#19 = ORIENTED_EDGE ( 'NONE', *, *, #457, .F. ) ;
#20 = VECTOR ( 'NONE', #791, 1000.000000000000000 ) ;
#21 = DIRECTION ( 'NONE',  ( -0.000000000000000000, 1.000000000000000000, 0.000000000000000000 ) ) ;
#22 = AXIS2_PLACEMENT_3D ( 'NONE', #1398, #871, #399 ) ;
#23 = CARTESIAN_POINT ( 'NONE',  ( 4.530000000000000249, -4.336808689942014778E-16, -0.5699999999999999512 ) ) ;
#24 = CARTESIAN_POINT ( 'NONE',  ( 0.5699999999999999512, -3.700000000000000178, 0.3556406460551010396 ) ) ;
#25 = PLANE ( 'NONE',  #203 ) ;
#26 = ADVANCED_BREP_SHAPE_REPRESENTATION ( '', ( #1104, #585 ), #641 ) ;
#27 = ORIENTED_EDGE ( 'NONE', *, *, #1335, .F. ) ;
#28 = LINE ( 'NONE', #917, #286 ) ;
#29 = VERTEX_POINT ( 'NONE', #1261 ) ;
#30 = CARTESIAN_POINT ( 'NONE',  ( 3.389999999999999680, -4.336808689942014778E-16, -0.5699999999999999512 ) ) ;
#31 = EDGE_CURVE ( 'NONE', #181, #293, #1060, .T. ) ;
#32 = ADVANCED_FACE ( 'NONE', ( #291 ), #272, .T. ) ;
#33 = AXIS2_PLACEMENT_3D ( 'NONE', #275, #1279, #1056 ) ;
#34 = VECTOR ( 'NONE', #1075, 1000.000000000000000 ) ;
#35 =( NAMED_UNIT ( * ) PLANE_ANGLE_UNIT ( ) SI_UNIT ( $, .RADIAN. ) );
#36 = FACE_OUTER_BOUND ( 'NONE', #1300, .T. ) ;
#37 = ORIENTED_EDGE ( 'NONE', *, *, #711, .T. ) ;
#38 = VECTOR ( 'NONE', #56, 1000.000000000000227 ) ;
#39 = AXIS2_PLACEMENT_3D ( 'NONE', #684, #1148, #796 ) ;
#40 =( LENGTH_UNIT ( ) NAMED_UNIT ( * ) SI_UNIT ( .MILLI., .METRE. ) );
#41 = CARTESIAN_POINT ( 'NONE',  ( 4.530000000000000249, -4.336808689942014778E-16, -0.5699999999999999512 ) ) ;
#42 = PLANE ( 'NONE',  #1285 ) ;
#43 = LINE ( 'NONE', #1280, #1314 ) ;
#44 = CARTESIAN_POINT ( 'NONE',  ( 8.489999999999998437, -4.336808689942014778E-16, -0.5699999999999999512 ) ) ;
#45 = EDGE_CURVE ( 'NONE', #1083, #89, #848, .T. ) ;
#46 = CARTESIAN_POINT ( 'NONE',  ( -0.5699999999999999512, 3.200000000000000178, -0.5699999999999999512 ) ) ;
#47 = FACE_OUTER_BOUND ( 'NONE', #1345, .T. ) ;
#48 = CARTESIAN_POINT ( 'NONE',  ( -0.3556406460551005400, 10.90000000000000036, 0.5699999999999999512 ) ) ;
#49 = EDGE_CURVE ( 'NONE', #1178, #758, #1156, .T. ) ;
#50 = ORIENTED_EDGE ( 'NONE', *, *, #1192, .T. ) ;
#51 = ORIENTED_EDGE ( 'NONE', *, *, #1037, .T. ) ;
#52 = VERTEX_POINT ( 'NONE', #602 ) ;
#53 = VECTOR ( 'NONE', #67, 1000.000000000000000 ) ;
#54 = SHAPE_DEFINITION_REPRESENTATION ( #542, #1289 ) ;
#55 = AXIS2_PLACEMENT_3D ( 'NONE', #1047, #628, #1151 ) ;
#56 = DIRECTION ( 'NONE',  ( 0.000000000000000000, -0.9396926207859082059, 0.3420201433256691015 ) ) ;
#57 = ORIENTED_EDGE ( 'NONE', *, *, #1085, .T. ) ;
#58 = AXIS2_PLACEMENT_3D ( 'NONE', #60, #812, #1249 ) ;
#59 = DIRECTION ( 'NONE',  ( 0.000000000000000000, 0.000000000000000000, -1.000000000000000000 ) ) ;
#60 = CARTESIAN_POINT ( 'NONE',  ( 8.489999999999998437, -4.336808689942014778E-16, -0.5699999999999999512 ) ) ;
#61 = ORIENTED_EDGE ( 'NONE', *, *, #1422, .T. ) ;
#62 = VERTEX_POINT ( 'NONE', #483 ) ;
#63 =( NAMED_UNIT ( * ) PLANE_ANGLE_UNIT ( ) SI_UNIT ( $, .RADIAN. ) );
#64 = CARTESIAN_POINT ( 'NONE',  ( 9.870000000000000995, -4.336808689942014778E-16, -2.000000000000000000 ) ) ;
#65 = ORIENTED_EDGE ( 'NONE', *, *, #1318, .F. ) ;
#66 = CARTESIAN_POINT ( 'NONE',  ( 0.5699999999999999512, 10.90000000000000036, 0.5699999999999999512 ) ) ;
#67 = DIRECTION ( 'NONE',  ( 0.000000000000000000, 0.000000000000000000, 1.000000000000000000 ) ) ;
#68 = SURFACE_STYLE_USAGE ( .BOTH. , #1061 ) ;
#69 = EDGE_LOOP ( 'NONE', ( #770, #1401, #811, #576 ) ) ;
#70 = ITEM_DEFINED_TRANSFORMATION ( 'NONE', 'NONE', #1138,  #585 ) ;
#71 = EDGE_CURVE ( 'NONE', #501, #168, #388, .T. ) ;
#72 = FACE_OUTER_BOUND ( 'NONE', #1055, .T. ) ;
#73 = EDGE_CURVE ( 'NONE', #1160, #219, #1283, .T. ) ;
#74 = ORIENTED_EDGE ( 'NONE', *, *, #523, .F. ) ;
#75 = PLANE ( 'NONE',  #481 ) ;
#76 = CARTESIAN_POINT ( 'NONE',  ( 0.5699999999999999512, -4.336808689942014778E-16, -0.5699999999999999512 ) ) ;
#77 = VECTOR ( 'NONE', #1274, 1000.000000000000000 ) ;
#78 = ORIENTED_EDGE ( 'NONE', *, *, #680, .T. ) ;
#79 = ORIENTED_EDGE ( 'NONE', *, *, #1403, .T. ) ;
#80 = CONTEXT_DEPENDENT_SHAPE_REPRESENTATION ( #937, #1291 ) ;
#81 = CARTESIAN_POINT ( 'NONE',  ( 9.870000000000000995, 3.200000000000000178, -2.000000000000000000 ) ) ;
#82 = EDGE_LOOP ( 'NONE', ( #1135, #311, #1349, #1379 ) ) ;
#83 = CARTESIAN_POINT ( 'NONE',  ( -1.949999999999999956, -4.336808689942014778E-16, 4.799999999999999822 ) ) ;
#84 = DIRECTION ( 'NONE',  ( -1.000000000000000000, 0.000000000000000000, 0.000000000000000000 ) ) ;
#85 = AXIS2_PLACEMENT_3D ( 'NONE', #447, #993, #299 ) ;
#86 = VECTOR ( 'NONE', #923, 1000.000000000000000 ) ;
#87 = ORIENTED_EDGE ( 'NONE', *, *, #343, .T. ) ;
#88 = PLANE ( 'NONE',  #810 ) ;
#89 = VERTEX_POINT ( 'NONE', #938 ) ;
#90 = ORIENTED_EDGE ( 'NONE', *, *, #611, .F. ) ;
#91 = PRODUCT_DEFINITION_CONTEXT ( 'detailed design', #649, 'design' ) ;
#92 = DIRECTION ( 'NONE',  ( 0.000000000000000000, -1.000000000000000000, 0.000000000000000000 ) ) ;
#93 = ORIENTED_EDGE ( 'NONE', *, *, #1175, .F. ) ;
#94 = FACE_OUTER_BOUND ( 'NONE', #734, .T. ) ;
#95 = DIRECTION ( 'NONE',  ( 1.000000000000000000, 0.000000000000000000, 0.000000000000000000 ) ) ;
#96 = EDGE_LOOP ( 'NONE', ( #1198, #1065, #912, #1372 ) ) ;
#97 = ADVANCED_FACE ( 'NONE', ( #1368 ), #831, .F. ) ;
#98 = EDGE_LOOP ( 'NONE', ( #1172, #821, #1062, #614 ) ) ;
#99 = CARTESIAN_POINT ( 'NONE',  ( 0.3556406460551010396, -3.700000000000000178, 0.5699999999999999512 ) ) ;
#100 = DIRECTION ( 'NONE',  ( 0.000000000000000000, -1.000000000000000000, 0.000000000000000000 ) ) ;
#101 = VERTEX_POINT ( 'NONE', #610 ) ;
#102 = CARTESIAN_POINT ( 'NONE',  ( 0.5699999999999999512, 10.09999999999999964, 0.5699999999999999512 ) ) ;
#103 = FACE_BOUND ( 'NONE', #498, .T. ) ;
#104 = VERTEX_POINT ( 'NONE', #1174 ) ;
#105 = FACE_OUTER_BOUND ( 'NONE', #69, .T. ) ;
#106 = VERTEX_POINT ( 'NONE', #838 ) ;
#107 =( GEOMETRIC_REPRESENTATION_CONTEXT ( 3 ) GLOBAL_UNCERTAINTY_ASSIGNED_CONTEXT ( ( #1092 ) ) GLOBAL_UNIT_ASSIGNED_CONTEXT ( ( #40, #919, #916 ) ) REPRESENTATION_CONTEXT ( 'NONE', 'WORKASPACE' ) );
#108 = LINE ( 'NONE', #889, #134 ) ;
#109 = ORIENTED_EDGE ( 'NONE', *, *, #989, .T. ) ;
#110 =( NAMED_UNIT ( * ) PLANE_ANGLE_UNIT ( ) SI_UNIT ( $, .RADIAN. ) );
#111 = FACE_OUTER_BOUND ( 'NONE', #163, .T. ) ;
#112 =( NAMED_UNIT ( * ) SI_UNIT ( $, .STERADIAN. ) SOLID_ANGLE_UNIT ( ) );
#113 = PRODUCT_RELATED_PRODUCT_CATEGORY ( 'part', '', ( #1087 ) ) ;
#114 = VECTOR ( 'NONE', #982, 1000.000000000000000 ) ;
#115 = VECTOR ( 'NONE', #1221, 1000.000000000000000 ) ;
#116 = DIRECTION ( 'NONE',  ( 0.000000000000000000, 0.000000000000000000, 1.000000000000000000 ) ) ;
#117 = DIRECTION ( 'NONE',  ( 0.000000000000000000, 0.000000000000000000, -1.000000000000000000 ) ) ;
#118 =( LENGTH_UNIT ( ) NAMED_UNIT ( * ) SI_UNIT ( .MILLI., .METRE. ) );
#119 = FACE_OUTER_BOUND ( 'NONE', #1141, .T. ) ;
#120 = LINE ( 'NONE', #232, #358 ) ;
#121 = ADVANCED_FACE ( 'NONE', ( #1165 ), #1067, .F. ) ;
#122 = CARTESIAN_POINT ( 'NONE',  ( 0.000000000000000000, 0.000000000000000000, 0.000000000000000000 ) ) ;
#123 = EDGE_CURVE ( 'NONE', #836, #282, #598, .T. ) ;
#124 = FACE_OUTER_BOUND ( 'NONE', #525, .T. ) ;
#125 = CARTESIAN_POINT ( 'NONE',  ( 3.389999999999999680, 3.200000000000000178, -0.5699999999999999512 ) ) ;
#126 = LINE ( 'NONE', #125, #1338 ) ;
#127 = FACE_OUTER_BOUND ( 'NONE', #893, .T. ) ;
#128 = DIRECTION ( 'NONE',  ( 0.000000000000000000, 0.000000000000000000, -1.000000000000000000 ) ) ;
#129 = CARTESIAN_POINT ( 'NONE',  ( 0.5699999999999999512, -2.899999999999999911, 0.000000000000000000 ) ) ;
#130 = ORIENTED_EDGE ( 'NONE', *, *, #230, .T. ) ;
#131 = VECTOR ( 'NONE', #3, 1000.000000000000000 ) ;
#132 = ORIENTED_EDGE ( 'NONE', *, *, #473, .F. ) ;
#133 = FACE_OUTER_BOUND ( 'NONE', #274, .T. ) ;
#134 = VECTOR ( 'NONE', #1071, 1000.000000000000000 ) ;
#135 = PLANE ( 'NONE',  #872 ) ;
#136 = DIRECTION ( 'NONE',  ( 0.000000000000000000, 1.000000000000000000, 0.000000000000000000 ) ) ;
#137 = EDGE_CURVE ( 'NONE', #555, #386, #514, .T. ) ;
#138 = EDGE_CURVE ( 'NONE', #192, #52, #1302, .T. ) ;
#139 = ORIENTED_EDGE ( 'NONE', *, *, #1175, .T. ) ;
#140 = LINE ( 'NONE', #467, #288 ) ;
#141 = CARTESIAN_POINT ( 'NONE',  ( 0.000000000000000000, 0.000000000000000000, 0.000000000000000000 ) ) ;
#142 = CARTESIAN_POINT ( 'NONE',  ( 16.41000000000000014, 9.400000000000000355, -3.299632742307099686 ) ) ;
#143 = ORIENTED_EDGE ( 'NONE', *, *, #1422, .F. ) ;
#144 = PLANE ( 'NONE',  #825 ) ;
#145 = VECTOR ( 'NONE', #550, 1000.000000000000000 ) ;
#146 = DIRECTION ( 'NONE',  ( -1.000000000000000000, 0.000000000000000000, 0.000000000000000000 ) ) ;
#147 = MANIFOLD_SOLID_BREP ( 'NONE', #572 ) ;
#148 = SHAPE_REPRESENTATION ( 'pin.STEP', ( #585 ), #641 ) ;
#149 = CARTESIAN_POINT ( 'NONE',  ( 8.489999999999998437, 0.000000000000000000, -2.000000000000000000 ) ) ;
#150 = EDGE_LOOP ( 'NONE', ( #1044, #629, #1046, #1395 ) ) ;
#151 = DIRECTION ( 'NONE',  ( 0.000000000000000000, 0.000000000000000000, 1.000000000000000000 ) ) ;
#152 = VECTOR ( 'NONE', #1171, 1000.000000000000000 ) ;
#153 = VECTOR ( 'NONE', #427, 1000.000000000000000 ) ;
#154 = SHAPE_REPRESENTATION_RELATIONSHIP ( 'NONE' , 'NONE' ,  #1289, #1112 ) ;
#155 = CARTESIAN_POINT ( 'NONE',  ( 0.5699999999999999512, 10.90000000000000036, 0.5699999999999999512 ) ) ;
#156 = ADVANCED_FACE ( 'NONE', ( #103, #1103, #1311, #111 ), #531, .T. ) ;
#157 = DIRECTION ( 'NONE',  ( 0.9659258262890689783, 0.2588190451025185190, 0.000000000000000000 ) ) ;
#158 = LINE ( 'NONE', #149, #1146 ) ;
#159 = ORIENTED_EDGE ( 'NONE', *, *, #45, .T. ) ;
#160 = DIRECTION ( 'NONE',  ( 0.000000000000000000, 0.000000000000000000, 1.000000000000000000 ) ) ;
#161 = FACE_OUTER_BOUND ( 'NONE', #1303, .T. ) ;
#162 = LINE ( 'NONE', #1269, #1312 ) ;
#163 = EDGE_LOOP ( 'NONE', ( #1421, #174, #1193, #159, #277, #169, #184, #981 ) ) ;
#164 = ORIENTED_EDGE ( 'NONE', *, *, #1247, .F. ) ;
#165 = CARTESIAN_POINT ( 'NONE',  ( 0.5699999999999999512, 10.90000000000000036, -0.3556406460551005400 ) ) ;
#166 = EDGE_LOOP ( 'NONE', ( #1152, #164, #1399, #438 ) ) ;
#167 = CARTESIAN_POINT ( 'NONE',  ( -0.3690984950570179723, -3.649774623764254766, 0.3690984950570179723 ) ) ;
#168 = VERTEX_POINT ( 'NONE', #1195 ) ;
#169 = ORIENTED_EDGE ( 'NONE', *, *, #1038, .F. ) ;
#170 = APPLICATION_PROTOCOL_DEFINITION ( 'draft international standard', 'automotive_design', 1998, #713 ) ;
#171 = AXIS2_PLACEMENT_3D ( 'NONE', #1000, #10, #340 ) ;
#172 = LINE ( 'NONE', #1045, #38 ) ;
#173 = VECTOR ( 'NONE', #313, 1000.000000000000114 ) ;
#174 = ORIENTED_EDGE ( 'NONE', *, *, #972, .F. ) ;
#175 = ORIENTED_EDGE ( 'NONE', *, *, #524, .T. ) ;
#176 = DIRECTION ( 'NONE',  ( -1.000000000000000000, 0.000000000000000000, 0.000000000000000000 ) ) ;
#177 = AXIS2_PLACEMENT_3D ( 'NONE', #195, #434, #640 ) ;
#178 = DIRECTION ( 'NONE',  ( 0.000000000000000000, 3.741739237146844796E-15, 1.000000000000000000 ) ) ;
#179 = ORIENTED_EDGE ( 'NONE', *, *, #201, .T. ) ;
#180 = ADVANCED_FACE ( 'NONE', ( #423 ), #413, .F. ) ;
#181 = VERTEX_POINT ( 'NONE', #227 ) ;
#182 = APPLICATION_PROTOCOL_DEFINITION ( 'draft international standard', 'automotive_design', 1998, #480 ) ;
#183 = LINE ( 'NONE', #1266, #317 ) ;
#184 = ORIENTED_EDGE ( 'NONE', *, *, #1357, .T. ) ;
#185 = CARTESIAN_POINT ( 'NONE',  ( 16.41000000000000014, 7.488675134594829252, -3.699999999999920242 ) ) ;
#186 = DIRECTION ( 'NONE',  ( 0.2505628070857293666, -0.9351131265310305141, -0.2505628070857293666 ) ) ;
#187 = ORIENTED_EDGE ( 'NONE', *, *, #1158, .F. ) ;
#188 = ORIENTED_EDGE ( 'NONE', *, *, #950, .F. ) ;
#189 = APPLICATION_PROTOCOL_DEFINITION ( 'draft international standard', 'automotive_design', 1998, #366 ) ;
#190 = LINE ( 'NONE', #1209, #153 ) ;
#191 = EDGE_CURVE ( 'NONE', #721, #736, #1183, .T. ) ;
#192 = VERTEX_POINT ( 'NONE', #891 ) ;
#193 = DIRECTION ( 'NONE',  ( 0.000000000000000000, 1.000000000000000000, 0.000000000000000000 ) ) ;
#194 =( GEOMETRIC_REPRESENTATION_CONTEXT ( 3 ) GLOBAL_UNCERTAINTY_ASSIGNED_CONTEXT ( ( #1307 ) ) GLOBAL_UNIT_ASSIGNED_CONTEXT ( ( #1233, #110, #778 ) ) REPRESENTATION_CONTEXT ( 'NONE', 'WORKASPACE' ) );
#195 = CARTESIAN_POINT ( 'NONE',  ( 3.389999999999999680, -4.336808689942014778E-16, 0.5699999999999999512 ) ) ;
#196 = VERTEX_POINT ( 'NONE', #676 ) ;
#197 = CARTESIAN_POINT ( 'NONE',  ( 4.530000000000000249, 3.200000000000000178, -0.5699999999999999512 ) ) ;
#198 = EDGE_CURVE ( 'NONE', #196, #314, #1204, .T. ) ;
#199 = ORIENTED_EDGE ( 'NONE', *, *, #820, .F. ) ;
#200 = DIRECTION ( 'NONE',  ( 0.000000000000000000, 1.000000000000000000, 0.000000000000000000 ) ) ;
#201 = EDGE_CURVE ( 'NONE', #984, #501, #551, .T. ) ;
#202 = DIRECTION ( 'NONE',  ( 0.000000000000000000, -0.3420201433256691015, -0.9396926207859082059 ) ) ;
#203 = AXIS2_PLACEMENT_3D ( 'NONE', #142, #906, #453 ) ;
#204 = AXIS2_PLACEMENT_3D ( 'NONE', #369, #1114, #679 ) ;
#205 = EDGE_LOOP ( 'NONE', ( #1391, #1078, #846, #534 ) ) ;
#206 = ORIENTED_EDGE ( 'NONE', *, *, #73, .F. ) ;
#207 = ORIENTED_EDGE ( 'NONE', *, *, #828, .T. ) ;
#208 = CARTESIAN_POINT ( 'NONE',  ( -0.5699999999999999512, -4.336808689942014778E-16, 0.5699999999999999512 ) ) ;
#209 = PRODUCT_DEFINITION_CONTEXT ( 'detailed design', #798, 'design' ) ;
#210 = CARTESIAN_POINT ( 'NONE',  ( -0.5699999999999999512, -2.899999999999999911, 0.000000000000000000 ) ) ;
#211 = ORIENTED_EDGE ( 'NONE', *, *, #351, .T. ) ;
#212 = CARTESIAN_POINT ( 'NONE',  ( 9.870000000000000995, -4.336808689942014778E-16, -2.000000000000000000 ) ) ;
#213 = CARTESIAN_POINT ( 'NONE',  ( 16.41000000000000014, 8.300000000000000711, -2.000000000000000000 ) ) ;
#214 = EDGE_CURVE ( 'NONE', #863, #1199, #333, .T. ) ;
#215 = ORIENTED_EDGE ( 'NONE', *, *, #950, .T. ) ;
#216 = ORIENTED_EDGE ( 'NONE', *, *, #1158, .T. ) ;
#217 = PLANE ( 'NONE',  #708 ) ;
#218 = DIRECTION ( 'NONE',  ( 0.000000000000000000, 0.000000000000000000, -1.000000000000000000 ) ) ;
#219 = VERTEX_POINT ( 'NONE', #1096 ) ;
#220 = LINE ( 'NONE', #884, #245 ) ;
#221 = AXIS2_PLACEMENT_3D ( 'NONE', #1161, #285, #409 ) ;
#222 = VECTOR ( 'NONE', #395, 1000.000000000000000 ) ;
#223 = FACE_OUTER_BOUND ( 'NONE', #98, .T. ) ;
#224 = LINE ( 'NONE', #957, #768 ) ;
#225 = VERTEX_POINT ( 'NONE', #430 ) ;
#226 = FILL_AREA_STYLE ('',( #910 ) ) ;
#227 = CARTESIAN_POINT ( 'NONE',  ( 8.489999999999998437, 0.5000000000000000000, -3.199999999999930456 ) ) ;
#228 = VERTEX_POINT ( 'NONE', #522 ) ;
#229 = VECTOR ( 'NONE', #1342, 1000.000000000000000 ) ;
#230 = EDGE_CURVE ( 'NONE', #314, #715, #220, .T. ) ;
#231 = PLANE ( 'NONE',  #1051 ) ;
#232 = CARTESIAN_POINT ( 'NONE',  ( 9.870000000000000995, -4.336808689942014778E-16, 4.799999999999999822 ) ) ;
#233 = DIRECTION ( 'NONE',  ( 0.000000000000000000, 0.7071067811865480168, -0.7071067811865470176 ) ) ;
#234 = CARTESIAN_POINT ( 'NONE',  ( -0.5699999999999999512, 0.000000000000000000, 0.000000000000000000 ) ) ;
#235 = PLANE ( 'NONE',  #204 ) ;
#236 = DIRECTION ( 'NONE',  ( 0.9659258262890689783, -0.2588190451025185190, 0.000000000000000000 ) ) ;
#237 = AXIS2_PLACEMENT_3D ( 'NONE', #66, #864, #729 ) ;
#238 = DIRECTION ( 'NONE',  ( 0.000000000000000000, 0.9396926207859080948, 0.3420201433256694901 ) ) ;
#239 = CARTESIAN_POINT ( 'NONE',  ( 0.5699999999999999512, -2.899999999999999911, 0.5699999999999999512 ) ) ;
#240 = LINE ( 'NONE', #452, #145 ) ;
#241 = LINE ( 'NONE', #797, #1351 ) ;
#242 = EDGE_CURVE ( 'NONE', #652, #106, #970, .T. ) ;
#243 = ADVANCED_FACE ( 'NONE', ( #559 ), #1212, .F. ) ;
#244 =( REPRESENTATION_RELATIONSHIP ('NONE','NONE', #8, #492 ) REPRESENTATION_RELATIONSHIP_WITH_TRANSFORMATION ( #1389 )SHAPE_REPRESENTATION_RELATIONSHIP( ) );
#245 = VECTOR ( 'NONE', #669, 1000.000000000000000 ) ;
#246 = VECTOR ( 'NONE', #751, 1000.000000000000000 ) ;
#247 = ORIENTED_EDGE ( 'NONE', *, *, #588, .F. ) ;
#248 = FILL_AREA_STYLE_COLOUR ( '', #1377 ) ;
#249 = AXIS2_PLACEMENT_3D ( 'NONE', #645, #665, #92 ) ;
#250 = CARTESIAN_POINT ( 'NONE',  ( 8.489999999999998437, 3.200000000000000178, 0.5699999999999999512 ) ) ;
#251 = ORIENTED_EDGE ( 'NONE', *, *, #138, .F. ) ;
#252 = LINE ( 'NONE', #1142, #907 ) ;
#253 =( NAMED_UNIT ( * ) SI_UNIT ( $, .STERADIAN. ) SOLID_ANGLE_UNIT ( ) );
#254 = CARTESIAN_POINT ( 'NONE',  ( 16.41000000000000014, -4.336808689942014778E-16, -2.699999999999930456 ) ) ;
#255 = EDGE_CURVE ( 'NONE', #886, #314, #920, .T. ) ;
#256 = CARTESIAN_POINT ( 'NONE',  ( -1.949999999999999956, -4.336808689942014778E-16, 4.799999999999999822 ) ) ;
#257 = MECHANICAL_DESIGN_GEOMETRIC_PRESENTATION_REPRESENTATION (  '', ( #1329 ), #107 ) ;
#258 = SURFACE_STYLE_USAGE ( .BOTH. , #583 ) ;
#259 = DIRECTION ( 'NONE',  ( 0.000000000000000000, 0.000000000000000000, -1.000000000000000000 ) ) ;
#260 = CARTESIAN_POINT ( 'NONE',  ( -0.5699999999999999512, 10.90000000000000036, 0.5699999999999999512 ) ) ;
#261 = ORIENTED_EDGE ( 'NONE', *, *, #850, .T. ) ;
#262 = VECTOR ( 'NONE', #773, 1000.000000000000000 ) ;
#263 = EDGE_CURVE ( 'NONE', #826, #196, #241, .T. ) ;
#264 = VECTOR ( 'NONE', #458, 1000.000000000000000 ) ;
#265 = DIRECTION ( 'NONE',  ( 0.000000000000000000, 0.000000000000000000, -1.000000000000000000 ) ) ;
#266 = CARTESIAN_POINT ( 'NONE',  ( 16.41000000000000014, 8.300000000000000711, -3.699999999999925127 ) ) ;
#267 = CARTESIAN_POINT ( 'NONE',  ( 4.530000000000000249, 3.200000000000000178, 0.5699999999999999512 ) ) ;
#268 = ORIENTED_EDGE ( 'NONE', *, *, #746, .T. ) ;
#269 = PRESENTATION_STYLE_ASSIGNMENT (( #258 ) ) ;
#270 = LINE ( 'NONE', #1150, #1284 ) ;
#271 = EDGE_LOOP ( 'NONE', ( #1235, #745, #477, #944 ) ) ;
#272 = PLANE ( 'NONE',  #485 ) ;
#273 = ORIENTED_EDGE ( 'NONE', *, *, #932, .F. ) ;
#274 = EDGE_LOOP ( 'NONE', ( #674, #840, #93, #1415 ) ) ;
#275 = CARTESIAN_POINT ( 'NONE',  ( 0.000000000000000000, 0.000000000000000000, 0.000000000000000000 ) ) ;
#276 = DIRECTION ( 'NONE',  ( 0.000000000000000000, 0.000000000000000000, -1.000000000000000000 ) ) ;
#277 = ORIENTED_EDGE ( 'NONE', *, *, #368, .F. ) ;
#278 = FACE_OUTER_BOUND ( 'NONE', #271, .T. ) ;
#279 = CARTESIAN_POINT ( 'NONE',  ( -0.5699999999999999512, 0.000000000000000000, -2.000000000000000000 ) ) ;
#280 = ADVANCED_FACE ( 'NONE', ( #124 ), #25, .F. ) ;
#281 = EDGE_CURVE ( 'NONE', #1210, #692, #1119, .T. ) ;
#282 = VERTEX_POINT ( 'NONE', #1024 ) ;
#283 = DIRECTION ( 'NONE',  ( -1.000000000000000000, 0.000000000000000000, 0.000000000000000000 ) ) ;
#284 = ORIENTED_EDGE ( 'NONE', *, *, #869, .F. ) ;
#285 = DIRECTION ( 'NONE',  ( 0.000000000000000000, 0.000000000000000000, 1.000000000000000000 ) ) ;
#286 = VECTOR ( 'NONE', #1348, 1000.000000000000000 ) ;
#287 = CARTESIAN_POINT ( 'NONE',  ( 7.349999999999999645, -4.336808689942014778E-16, -0.5699999999999999512 ) ) ;
#288 = VECTOR ( 'NONE', #1358, 1000.000000000000000 ) ;
#289 = EDGE_LOOP ( 'NONE', ( #951, #188, #609, #1248 ) ) ;
#290 = LINE ( 'NONE', #992, #393 ) ;
#291 = FACE_OUTER_BOUND ( 'NONE', #488, .T. ) ;
#292 = ORIENTED_EDGE ( 'NONE', *, *, #587, .F. ) ;
#293 = VERTEX_POINT ( 'NONE', #689 ) ;
#294 = PRODUCT ( 'BxP-VH_3.STEP', 'BxP-VH_3.STEP', '', ( #947 ) ) ;
#295 =( LENGTH_UNIT ( ) NAMED_UNIT ( * ) SI_UNIT ( .MILLI., .METRE. ) );
#296 = CARTESIAN_POINT ( 'NONE',  ( 0.5699999999999999512, 10.09999999999999964, 0.5699999999999999512 ) ) ;
#297 = ORIENTED_EDGE ( 'NONE', *, *, #350, .F. ) ;
#298 = CARTESIAN_POINT ( 'NONE',  ( 3.389999999999999680, 3.200000000000000178, 0.5699999999999999512 ) ) ;
#299 = DIRECTION ( 'NONE',  ( 0.000000000000000000, 0.000000000000000000, -1.000000000000000000 ) ) ;
#300 = LINE ( 'NONE', #752, #922 ) ;
#301 = VERTEX_POINT ( 'NONE', #1128 ) ;
#302 = EDGE_CURVE ( 'NONE', #301, #181, #347, .T. ) ;
#303 = UNCERTAINTY_MEASURE_WITH_UNIT (LENGTH_MEASURE( 1.000000000000000082E-05 ), #694, 'distance_accuracy_value', 'NONE');
#304 = LINE ( 'NONE', #856, #1352 ) ;
#305 = ORIENTED_EDGE ( 'NONE', *, *, #807, .T. ) ;
#306 = CARTESIAN_POINT ( 'NONE',  ( 0.5699999999999999512, -2.899999999999999911, -0.5699999999999999512 ) ) ;
#307 = CARTESIAN_POINT ( 'NONE',  ( 16.41000000000000014, 9.400000000000000355, -2.400367257692824996 ) ) ;
#308 = VECTOR ( 'NONE', #128, 1000.000000000000000 ) ;
#309 = ORIENTED_EDGE ( 'NONE', *, *, #137, .F. ) ;
#310 = DIRECTION ( 'NONE',  ( 0.000000000000000000, -1.000000000000000000, 0.000000000000000000 ) ) ;
#311 = ORIENTED_EDGE ( 'NONE', *, *, #564, .T. ) ;
#312 = EDGE_LOOP ( 'NONE', ( #370, #1159, #549, #273 ) ) ;
#313 = DIRECTION ( 'NONE',  ( 0.000000000000000000, 0.5000000000000067724, -0.8660254037844345998 ) ) ;
#314 = VERTEX_POINT ( 'NONE', #468 ) ;
#315 = CARTESIAN_POINT ( 'NONE',  ( 8.489999999999998437, -4.336808689942014778E-16, 0.5699999999999999512 ) ) ;
#316 = CARTESIAN_POINT ( 'NONE',  ( 16.41000000000000014, 8.300000000000000711, -2.000000000000000000 ) ) ;
#317 = VECTOR ( 'NONE', #930, 1000.000000000000000 ) ;
#318 = AXIS2_PLACEMENT_3D ( 'NONE', #1361, #1040, #117 ) ;
#319 = PLANE ( 'NONE',  #177 ) ;
#320 = ORIENTED_EDGE ( 'NONE', *, *, #462, .F. ) ;
#321 =( REPRESENTATION_RELATIONSHIP ('NONE','NONE', #492, #148 ) REPRESENTATION_RELATIONSHIP_WITH_TRANSFORMATION ( #418 )SHAPE_REPRESENTATION_RELATIONSHIP( ) );
#322 = DIRECTION ( 'NONE',  ( 0.000000000000000000, -0.9659258262890689783, 0.2588190451025185190 ) ) ;
#323 = CARTESIAN_POINT ( 'NONE',  ( 4.530000000000000249, -4.336808689942014778E-16, -0.5699999999999999512 ) ) ;
#324 = ORIENTED_EDGE ( 'NONE', *, *, #914, .F. ) ;
#325 = CARTESIAN_POINT ( 'NONE',  ( 0.5699999999999999512, 3.200000000000000178, -0.5699999999999999512 ) ) ;
#326 = SURFACE_STYLE_USAGE ( .BOTH. , #540 ) ;
#327 = PLANE ( 'NONE',  #360 ) ;
#328 = ORIENTED_EDGE ( 'NONE', *, *, #138, .T. ) ;
#329 = LINE ( 'NONE', #795, #552 ) ;
#330 = CARTESIAN_POINT ( 'NONE',  ( 9.870000000000000995, 3.200000000000000178, 4.799999999999999822 ) ) ;
#331 = ORIENTED_EDGE ( 'NONE', *, *, #709, .T. ) ;
#332 = DIRECTION ( 'NONE',  ( 1.000000000000000000, 0.000000000000000000, 0.000000000000000000 ) ) ;
#333 = LINE ( 'NONE', #1428, #643 ) ;
#334 = CARTESIAN_POINT ( 'NONE',  ( -1.949999999999999956, 3.200000000000000178, -2.000000000000000000 ) ) ;
#335 = ADVANCED_FACE ( 'NONE', ( #1234 ), #1012, .T. ) ;
#336 = ORIENTED_EDGE ( 'NONE', *, *, #545, .T. ) ;
#337 = CARTESIAN_POINT ( 'NONE',  ( -1.949999999999999956, -4.336808689942014778E-16, 4.799999999999999822 ) ) ;
#338 = FACE_OUTER_BOUND ( 'NONE', #1027, .T. ) ;
#339 = CARTESIAN_POINT ( 'NONE',  ( -0.5699999999999999512, 8.300000000000000711, -3.699999999999925127 ) ) ;
#340 = DIRECTION ( 'NONE',  ( 0.000000000000000000, -1.000000000000000000, -9.061988307341510612E-16 ) ) ;
#341 = VECTOR ( 'NONE', #584, 1000.000000000000000 ) ;
#342 = VECTOR ( 'NONE', #1202, 1000.000000000000000 ) ;
#343 = EDGE_CURVE ( 'NONE', #62, #1210, #687, .T. ) ;
#344 = CARTESIAN_POINT ( 'NONE',  ( -0.5699999999999999512, -4.336808689942014778E-16, -0.5699999999999999512 ) ) ;
#345 = DIRECTION ( 'NONE',  ( 0.000000000000000000, 0.000000000000000000, 1.000000000000000000 ) ) ;
#346 = CARTESIAN_POINT ( 'NONE',  ( 16.41000000000000014, 0.000000000000000000, -2.000000000000000000 ) ) ;
#347 = LINE ( 'NONE', #1005, #986 ) ;
#348 = DIRECTION ( 'NONE',  ( 0.000000000000000000, 1.000000000000000000, 0.000000000000000000 ) ) ;
#349 = LINE ( 'NONE', #800, #737 ) ;
#350 = EDGE_CURVE ( 'NONE', #832, #613, #571, .T. ) ;
#351 = EDGE_CURVE ( 'NONE', #386, #1241, #911, .T. ) ;
#352 = LINE ( 'NONE', #339, #372 ) ;
#353 = PLANE ( 'NONE',  #1402 ) ;
#354 = VERTEX_POINT ( 'NONE', #471 ) ;
#355 = LINE ( 'NONE', #839, #809 ) ;
#356 = EDGE_CURVE ( 'NONE', #228, #416, #465, .T. ) ;
#357 = DIRECTION ( 'NONE',  ( 0.000000000000000000, 0.000000000000000000, 1.000000000000000000 ) ) ;
#358 = VECTOR ( 'NONE', #445, 1000.000000000000000 ) ;
#359 = EDGE_LOOP ( 'NONE', ( #402, #1268, #405, #1296 ) ) ;
#360 = AXIS2_PLACEMENT_3D ( 'NONE', #1304, #310, #761 ) ;
#361 = PRODUCT_RELATED_PRODUCT_CATEGORY ( 'part', '', ( #510 ) ) ;
#362 = SURFACE_STYLE_FILL_AREA ( #464 ) ;
#363 = CARTESIAN_POINT ( 'NONE',  ( 8.489999999999998437, -4.336808689942014778E-16, -0.5699999999999999512 ) ) ;
#364 = CARTESIAN_POINT ( 'NONE',  ( 3.389999999999999680, 3.200000000000000178, -0.5699999999999999512 ) ) ;
#365 = CARTESIAN_POINT ( 'NONE',  ( -0.5699999999999999512, 8.300000000000000711, -2.000000000000000000 ) ) ;
#366 = APPLICATION_CONTEXT ( 'automotive_design' ) ;
#367 = ADVANCED_FACE ( 'NONE', ( #1344 ), #353, .F. ) ;
#368 = EDGE_CURVE ( 'NONE', #301, #89, #16, .T. ) ;
#369 = CARTESIAN_POINT ( 'NONE',  ( 0.5699999999999999512, 0.000000000000000000, 0.000000000000000000 ) ) ;
#370 = ORIENTED_EDGE ( 'NONE', *, *, #1318, .T. ) ;
#371 = PRODUCT_DEFINITION_FORMATION_WITH_SPECIFIED_SOURCE ( 'ANY', '', #408, .NOT_KNOWN. ) ;
#372 = VECTOR ( 'NONE', #439, 1000.000000000000000 ) ;
#373 = DIRECTION ( 'NONE',  ( 1.000000000000000000, 0.000000000000000000, 0.000000000000000000 ) ) ;
#374 = ORIENTED_EDGE ( 'NONE', *, *, #1404, .F. ) ;
#375 = DIRECTION ( 'NONE',  ( 1.000000000000000000, 0.000000000000000000, 0.000000000000000000 ) ) ;
#376 = PLANE ( 'NONE',  #39 ) ;
#377 = ORIENTED_EDGE ( 'NONE', *, *, #1239, .T. ) ;
#378 = AXIS2_PLACEMENT_3D ( 'NONE', #617, #943, #373 ) ;
#379 = VECTOR ( 'NONE', #967, 1000.000000000000000 ) ;
#380 = DIRECTION ( 'NONE',  ( 0.000000000000000000, 0.000000000000000000, 1.000000000000000000 ) ) ;
#381 = CARTESIAN_POINT ( 'NONE',  ( 7.349999999999999645, 3.200000000000000178, -0.5699999999999999512 ) ) ;
#382 = DIRECTION ( 'NONE',  ( 0.000000000000000000, 1.000000000000000000, 9.061988307341510612E-16 ) ) ;
#383 = ORIENTED_EDGE ( 'NONE', *, *, #462, .T. ) ;
#384 = EDGE_LOOP ( 'NONE', ( #1275, #606, #1384, #526, #336, #841, #377, #566, #414, #207 ) ) ;
#385 = CARTESIAN_POINT ( 'NONE',  ( 8.489999999999998437, 8.300000000000000711, -3.699999999999925127 ) ) ;
#386 = VERTEX_POINT ( 'NONE', #802 ) ;
#387 = CARTESIAN_POINT ( 'NONE',  ( -0.5699999999999999512, 0.5000000000000000000, -3.199999999999930456 ) ) ;
#388 = LINE ( 'NONE', #279, #426 ) ;
#389 = CARTESIAN_POINT ( 'NONE',  ( 3.389999999999999680, -4.336808689942014778E-16, 0.5699999999999999512 ) ) ;
#390 = VERTEX_POINT ( 'NONE', #1240 ) ;
#391 = VERTEX_POINT ( 'NONE', #813 ) ;
#392 = DIRECTION ( 'NONE',  ( 0.000000000000000000, -1.000000000000000000, 0.000000000000000000 ) ) ;
#393 = VECTOR ( 'NONE', #1332, 1000.000000000000000 ) ;
#394 = ORIENTED_EDGE ( 'NONE', *, *, #807, .F. ) ;
#395 = DIRECTION ( 'NONE',  ( -1.000000000000000000, 0.000000000000000000, 0.000000000000000000 ) ) ;
#396 = DIRECTION ( 'NONE',  ( -1.000000000000000000, 0.000000000000000000, 0.000000000000000000 ) ) ;
#397 = ORIENTED_EDGE ( 'NONE', *, *, #868, .F. ) ;
#398 = PRESENTATION_LAYER_ASSIGNMENT (  '', '', ( #1048 ) ) ;
#399 = DIRECTION ( 'NONE',  ( 1.000000000000000000, 0.000000000000000000, 0.000000000000000000 ) ) ;
#400 = EDGE_CURVE ( 'NONE', #1241, #104, #28, .T. ) ;
#401 = VECTOR ( 'NONE', #1117, 1000.000000000000000 ) ;
#402 = ORIENTED_EDGE ( 'NONE', *, *, #1143, .T. ) ;
#403 = DIRECTION ( 'NONE',  ( 0.000000000000000000, 0.000000000000000000, 1.000000000000000000 ) ) ;
#404 = DIRECTION ( 'NONE',  ( 0.000000000000000000, 0.000000000000000000, 1.000000000000000000 ) ) ;
#405 = ORIENTED_EDGE ( 'NONE', *, *, #73, .T. ) ;
#406 = ORIENTED_EDGE ( 'NONE', *, *, #1190, .T. ) ;
#407 = ADVANCED_FACE ( 'NONE', ( #36 ), #1251, .T. ) ;
#408 = PRODUCT ( 'B2P3-VH.STEP', 'B2P3-VH.STEP', '', ( #844 ) ) ;
#409 = DIRECTION ( 'NONE',  ( 1.000000000000000000, 0.000000000000000000, 0.000000000000000000 ) ) ;
#410 = PLANE ( 'NONE',  #519 ) ;
#411 = ORIENTED_EDGE ( 'NONE', *, *, #604, .F. ) ;
#412 = DIRECTION ( 'NONE',  ( 1.000000000000000000, 0.000000000000000000, 0.000000000000000000 ) ) ;
#413 = PLANE ( 'NONE',  #904 ) ;
#414 = ORIENTED_EDGE ( 'NONE', *, *, #487, .T. ) ;
#415 = DIRECTION ( 'NONE',  ( 0.2505628070857293666, 0.9351131265310305141, 0.2505628070857293666 ) ) ;
#416 = VERTEX_POINT ( 'NONE', #1137 ) ;
#417 = EDGE_CURVE ( 'NONE', #1123, #1412, #589, .T. ) ;
#418 = ITEM_DEFINED_TRANSFORMATION ( 'NONE', 'NONE', #1004,  #585 ) ;
#419 = UNCERTAINTY_MEASURE_WITH_UNIT (LENGTH_MEASURE( 1.000000000000000082E-05 ), #905, 'distance_accuracy_value', 'NONE');
#420 = LINE ( 'NONE', #1317, #379 ) ;
#421 = ORIENTED_EDGE ( 'NONE', *, *, #281, .T. ) ;
#422 = PLANE ( 'NONE',  #237 ) ;
#423 = FACE_OUTER_BOUND ( 'NONE', #637, .T. ) ;
#424 = PRODUCT_DEFINITION_SHAPE ( 'NONE', 'NONE',  #1432 ) ;
#425 = DIRECTION ( 'NONE',  ( 0.000000000000000000, -0.2588190451025185190, -0.9659258262890689783 ) ) ;
#426 = VECTOR ( 'NONE', #1147, 1000.000000000000000 ) ;
#427 = DIRECTION ( 'NONE',  ( 0.000000000000000000, 1.000000000000000000, 0.000000000000000000 ) ) ;
#428 = VECTOR ( 'NONE', #1030, 1000.000000000000000 ) ;
#429 = ORIENTED_EDGE ( 'NONE', *, *, #263, .T. ) ;
#430 = CARTESIAN_POINT ( 'NONE',  ( -0.5699999999999999512, 3.200000000000000178, 0.5699999999999999512 ) ) ;
#431 = STYLED_ITEM ( 'NONE', ( #1018 ), #1104 ) ;
#432 = VECTOR ( 'NONE', #238, 1000.000000000000114 ) ;
#433 = ORIENTED_EDGE ( 'NONE', *, *, #1179, .T. ) ;
#434 = DIRECTION ( 'NONE',  ( 0.000000000000000000, 0.000000000000000000, 1.000000000000000000 ) ) ;
#435 = ORIENTED_EDGE ( 'NONE', *, *, #137, .T. ) ;
#436 = LINE ( 'NONE', #210, #1224 ) ;
#437 = ADVANCED_FACE ( 'NONE', ( #1333 ), #936, .F. ) ;
#438 = ORIENTED_EDGE ( 'NONE', *, *, #1356, .T. ) ;
#439 = DIRECTION ( 'NONE',  ( 0.000000000000000000, 1.000000000000000000, -3.741739237146844796E-15 ) ) ;
#440 = EDGE_CURVE ( 'NONE', #1219, #106, #183, .T. ) ;
#441 = DIRECTION ( 'NONE',  ( 0.000000000000000000, -0.9396926207859082059, 0.3420201433256691015 ) ) ;
#442 = LINE ( 'NONE', #892, #616 ) ;
#443 = ORIENTED_EDGE ( 'NONE', *, *, #356, .F. ) ;
#444 = LINE ( 'NONE', #908, #455 ) ;
#445 = DIRECTION ( 'NONE',  ( 0.000000000000000000, 0.000000000000000000, 1.000000000000000000 ) ) ;
#446 = SURFACE_STYLE_USAGE ( .BOTH. , #9 ) ;
#447 = CARTESIAN_POINT ( 'NONE',  ( 0.000000000000000000, -4.336808689942014778E-16, 0.000000000000000000 ) ) ;
#448 = ADVANCED_FACE ( 'NONE', ( #72 ), #949, .F. ) ;
#449 = VECTOR ( 'NONE', #176, 1000.000000000000000 ) ;
#450 = CARTESIAN_POINT ( 'NONE',  ( 0.5699999999999999512, 10.09999999999999964, 0.5699999999999999512 ) ) ;
#451 = LINE ( 'NONE', #260, #1201 ) ;
#452 = CARTESIAN_POINT ( 'NONE',  ( -0.5699999999999999512, 9.400000000000000355, -2.400367257692824996 ) ) ;
#453 = DIRECTION ( 'NONE',  ( -1.000000000000000000, 0.000000000000000000, 0.000000000000000000 ) ) ;
#454 = VECTOR ( 'NONE', #146, 1000.000000000000000 ) ;
#455 = VECTOR ( 'NONE', #348, 1000.000000000000000 ) ;
#456 = ADVANCED_FACE ( 'NONE', ( #161 ), #596, .F. ) ;
#457 = EDGE_CURVE ( 'NONE', #1326, #652, #1036, .T. ) ;
#458 = DIRECTION ( 'NONE',  ( -1.000000000000000000, 0.000000000000000000, 0.000000000000000000 ) ) ;
#459 = CARTESIAN_POINT ( 'NONE',  ( 16.41000000000000014, 0.5000000000000000000, -3.199999999999930456 ) ) ;
#460 = DIRECTION ( 'NONE',  ( 0.000000000000000000, 0.000000000000000000, 1.000000000000000000 ) ) ;
#461 = CARTESIAN_POINT ( 'NONE',  ( 0.5342144194320320727, 10.23355360485800070, -0.5342144194320320727 ) ) ;
#462 = EDGE_CURVE ( 'NONE', #529, #228, #500, .T. ) ;
#463 = ORIENTED_EDGE ( 'NONE', *, *, #1382, .F. ) ;
#464 = FILL_AREA_STYLE ('',( #1029 ) ) ;
#465 = LINE ( 'NONE', #1115, #1242 ) ;
#466 = EDGE_LOOP ( 'NONE', ( #1097, #857, #973, #1132 ) ) ;
#467 = CARTESIAN_POINT ( 'NONE',  ( -0.3556406460551010396, -3.700000000000000178, 0.5699999999999999512 ) ) ;
#468 = CARTESIAN_POINT ( 'NONE',  ( 0.5699999999999999512, 10.09999999999999964, -0.5699999999999999512 ) ) ;
#469 = VECTOR ( 'NONE', #601, 1000.000000000000000 ) ;
#470 = AXIS2_PLACEMENT_3D ( 'NONE', #234, #683, #1341 ) ;
#471 = CARTESIAN_POINT ( 'NONE',  ( -0.5699999999999999512, 8.300000000000000711, -3.699999999999925127 ) ) ;
#472 = EDGE_CURVE ( 'NONE', #626, #1123, #625, .T. ) ;
#473 = EDGE_CURVE ( 'NONE', #168, #1083, #270, .T. ) ;
#474 = CARTESIAN_POINT ( 'NONE',  ( -0.5699999999999999512, 3.200000000000000178, -0.5699999999999999512 ) ) ;
#475 = CARTESIAN_POINT ( 'NONE',  ( -3.959999999999999964, 0.000000000000000000, 0.000000000000000000 ) ) ;
#476 = DIRECTION ( 'NONE',  ( -1.000000000000000000, 0.000000000000000000, 0.000000000000000000 ) ) ;
#477 = ORIENTED_EDGE ( 'NONE', *, *, #1144, .F. ) ;
#478 = DIRECTION ( 'NONE',  ( -0.000000000000000000, 0.2588190451025185190, 0.9659258262890689783 ) ) ;
#479 = ORIENTED_EDGE ( 'NONE', *, *, #604, .T. ) ;
#480 = APPLICATION_CONTEXT ( 'automotive_design' ) ;
#481 = AXIS2_PLACEMENT_3D ( 'NONE', #185, #750, #1400 ) ;
#482 = PLANE ( 'NONE',  #673 ) ;
#483 = CARTESIAN_POINT ( 'NONE',  ( 4.530000000000000249, -4.336808689942014778E-16, 0.5699999999999999512 ) ) ;
#484 = ORIENTED_EDGE ( 'NONE', *, *, #544, .F. ) ;
#485 = AXIS2_PLACEMENT_3D ( 'NONE', #705, #859, #1393 ) ;
#486 = EDGE_CURVE ( 'NONE', #1219, #1278, #726, .T. ) ;
#487 = EDGE_CURVE ( 'NONE', #984, #963, #1162, .T. ) ;
#488 = EDGE_LOOP ( 'NONE', ( #741, #656, #1088, #1397 ) ) ;
#489 = VECTOR ( 'NONE', #830, 1000.000000000000000 ) ;
#490 = VECTOR ( 'NONE', #504, 1000.000000000000000 ) ;
#491 = APPLICATION_PROTOCOL_DEFINITION ( 'draft international standard', 'automotive_design', 1998, #649 ) ;
#492 = SHAPE_REPRESENTATION ( 'B2P3-VH.STEP', ( #1186, #1138, #1004, #539 ), #723 ) ;
#493 = DIRECTION ( 'NONE',  ( 0.000000000000000000, -1.000000000000000000, 0.000000000000000000 ) ) ;
#494 = ORIENTED_EDGE ( 'NONE', *, *, #1122, .T. ) ;
#495 = CARTESIAN_POINT ( 'NONE',  ( 3.389999999999999680, -4.336808689942014778E-16, 0.5699999999999999512 ) ) ;
#496 = CARTESIAN_POINT ( 'NONE',  ( -0.5699999999999999512, -4.336808689942014778E-16, -2.000000000000000000 ) ) ;
#497 = ORIENTED_EDGE ( 'NONE', *, *, #473, .T. ) ;
#498 = EDGE_LOOP ( 'NONE', ( #1414, #309, #374, #1 ) ) ;
#499 =( NAMED_UNIT ( * ) SI_UNIT ( $, .STERADIAN. ) SOLID_ANGLE_UNIT ( ) );
#500 = LINE ( 'NONE', #608, #469 ) ;
#501 = VERTEX_POINT ( 'NONE', #365 ) ;
#502 = CARTESIAN_POINT ( 'NONE',  ( 8.489999999999998437, 9.400000000000000355, -2.400367257692824996 ) ) ;
#503 = DIRECTION ( 'NONE',  ( 0.000000000000000000, -1.000000000000000000, 3.741739237146844796E-15 ) ) ;
#504 = DIRECTION ( 'NONE',  ( 0.000000000000000000, 1.000000000000000000, 0.000000000000000000 ) ) ;
#505 = ORIENTED_EDGE ( 'NONE', *, *, #214, .T. ) ;
#506 = PRODUCT_DEFINITION ( 'UNKNOWN', '', #565, #535 ) ;
#507 = CONTEXT_DEPENDENT_SHAPE_REPRESENTATION ( #244, #744 ) ;
#508 = CARTESIAN_POINT ( 'NONE',  ( 3.389999999999999680, -4.336808689942014778E-16, -0.5699999999999999512 ) ) ;
#509 = VECTOR ( 'NONE', #200, 1000.000000000000000 ) ;
#510 = PRODUCT ( 'pin.STEP', 'pin.STEP', '', ( #739 ) ) ;
#511 = EDGE_LOOP ( 'NONE', ( #320, #324, #65, #443 ) ) ;
#512 = CARTESIAN_POINT ( 'NONE',  ( 4.530000000000000249, -4.336808689942014778E-16, -0.5699999999999999512 ) ) ;
#513 = ADVANCED_FACE ( 'NONE', ( #47 ), #482, .T. ) ;
#514 = LINE ( 'NONE', #44, #131 ) ;
#515 = ORIENTED_EDGE ( 'NONE', *, *, #1253, .F. ) ;
#516 = APPLICATION_CONTEXT ( 'automotive_design' ) ;
#517 = VECTOR ( 'NONE', #186, 1000.000000000000000 ) ;
#518 = LINE ( 'NONE', #1218, #1260 ) ;
#519 = AXIS2_PLACEMENT_3D ( 'NONE', #672, #862, #218 ) ;
#520 = EDGE_LOOP ( 'NONE', ( #139, #940, #87, #421 ) ) ;
#521 = PLANE ( 'NONE',  #1306 ) ;
#522 = CARTESIAN_POINT ( 'NONE',  ( -0.3556406460551010396, -3.700000000000000178, -0.3556406460551010396 ) ) ;
#523 = EDGE_CURVE ( 'NONE', #192, #984, #172, .T. ) ;
#524 = EDGE_CURVE ( 'NONE', #715, #826, #43, .T. ) ;
#525 = EDGE_LOOP ( 'NONE', ( #861, #261, #1181, #1407 ) ) ;
#526 = ORIENTED_EDGE ( 'NONE', *, *, #1347, .T. ) ;
#527 = APPLICATION_PROTOCOL_DEFINITION ( 'draft international standard', 'automotive_design', 1998, #569 ) ;
#528 = DIRECTION ( 'NONE',  ( 1.000000000000000000, 0.000000000000000000, 0.000000000000000000 ) ) ;
#529 = VERTEX_POINT ( 'NONE', #815 ) ;
#530 = LINE ( 'NONE', #298, #1394 ) ;
#531 = PLANE ( 'NONE',  #85 ) ;
#532 = ORIENTED_EDGE ( 'NONE', *, *, #1015, .T. ) ;
#533 = CARTESIAN_POINT ( 'NONE',  ( 16.41000000000000014, 7.200000000000000178, -3.199999999999925127 ) ) ;
#534 = ORIENTED_EDGE ( 'NONE', *, *, #787, .T. ) ;
#535 = PRODUCT_DEFINITION_CONTEXT ( 'detailed design', #1090, 'design' ) ;
#536 = CARTESIAN_POINT ( 'NONE',  ( 8.489999999999998437, -4.336808689942014778E-16, -2.000000000000000000 ) ) ;
#537 = ORIENTED_EDGE ( 'NONE', *, *, #997, .F. ) ;
#538 = FACE_OUTER_BOUND ( 'NONE', #1050, .T. ) ;
#539 = AXIS2_PLACEMENT_3D ( 'NONE', #1373, #380, #829 ) ;
#540 = SURFACE_SIDE_STYLE ('',( #760 ) ) ;
#541 = FACE_OUTER_BOUND ( 'NONE', #1022, .T. ) ;
#542 = PRODUCT_DEFINITION_SHAPE ( 'NONE', 'NONE',  #506 ) ;
#543 = VERTEX_POINT ( 'NONE', #822 ) ;
#544 = EDGE_CURVE ( 'NONE', #758, #1032, #1057, .T. ) ;
#545 = EDGE_CURVE ( 'NONE', #958, #1168, #1375, .T. ) ;
#546 = CARTESIAN_POINT ( 'NONE',  ( 8.489999999999998437, 8.300000000000000711, -2.000000000000000000 ) ) ;
#547 = LINE ( 'NONE', #330, #1080 ) ;
#548 = VECTOR ( 'NONE', #835, 1000.000000000000000 ) ;
#549 = ORIENTED_EDGE ( 'NONE', *, *, #1143, .F. ) ;
#550 = DIRECTION ( 'NONE',  ( 0.000000000000000000, 0.000000000000000000, 1.000000000000000000 ) ) ;
#551 = LINE ( 'NONE', #213, #591 ) ;
#552 = VECTOR ( 'NONE', #894, 1000.000000000000000 ) ;
#553 = AXIS2_PLACEMENT_3D ( 'NONE', #1287, #4, #962 ) ;
#554 = CARTESIAN_POINT ( 'NONE',  ( 0.5342144194320320727, -3.033553604857994745, 0.5342144194320320727 ) ) ;
#555 = VERTEX_POINT ( 'NONE', #287 ) ;
#556 = DIRECTION ( 'NONE',  ( 0.000000000000000000, -1.000000000000000000, 0.000000000000000000 ) ) ;
#557 = LINE ( 'NONE', #996, #1405 ) ;
#558 = FACE_OUTER_BOUND ( 'NONE', #876, .T. ) ;
#559 = FACE_OUTER_BOUND ( 'NONE', #622, .T. ) ;
#560 = PRODUCT_RELATED_PRODUCT_CATEGORY ( 'part', '', ( #294 ) ) ;
#561 = DIRECTION ( 'NONE',  ( 0.000000000000000000, 0.000000000000000000, -1.000000000000000000 ) ) ;
#562 = PLANE ( 'NONE',  #901 ) ;
#563 = DIRECTION ( 'NONE',  ( 1.000000000000000000, 0.000000000000000000, 0.000000000000000000 ) ) ;
#564 = EDGE_CURVE ( 'NONE', #1412, #1017, #740, .T. ) ;
#565 = PRODUCT_DEFINITION_FORMATION_WITH_SPECIFIED_SOURCE ( 'ANY', '', #294, .NOT_KNOWN. ) ;
#566 = ORIENTED_EDGE ( 'NONE', *, *, #523, .T. ) ;
#567 = DIRECTION ( 'NONE',  ( 1.000000000000000000, 0.000000000000000000, 0.000000000000000000 ) ) ;
#568 = DIRECTION ( 'NONE',  ( 0.9659258262890689783, 0.2588190451025185190, 0.000000000000000000 ) ) ;
#569 = APPLICATION_CONTEXT ( 'automotive_design' ) ;
#570 = LINE ( 'NONE', #1118, #1256 ) ;
#571 = LINE ( 'NONE', #682, #428 ) ;
#572 = CLOSED_SHELL ( 'NONE', ( #1371, #580, #794, #915, #1073, #513, #1121, #1214, #948, #367, #1297, #5, #32, #1107, #407, #733, #603, #1053, #1130, #156, #18, #243, #1232, #121, #280, #1157, #180, #849, #1370 ) ) ;
#573 = AXIS2_PLACEMENT_3D ( 'NONE', #165, #1258, #476 ) ;
#574 = EDGE_CURVE ( 'NONE', #1032, #886, #1255, .T. ) ;
#575 = AXIS2_PLACEMENT_3D ( 'NONE', #1316, #21, #567 ) ;
#576 = ORIENTED_EDGE ( 'NONE', *, *, #972, .T. ) ;
#577 = PLANE ( 'NONE',  #553 ) ;
#578 = FACE_OUTER_BOUND ( 'NONE', #359, .T. ) ;
#579 = CARTESIAN_POINT ( 'NONE',  ( 3.389999999999999680, -4.336808689942014778E-16, -0.5699999999999999512 ) ) ;
#580 = ADVANCED_FACE ( 'NONE', ( #704 ), #1145, .F. ) ;
#581 = ORIENTED_EDGE ( 'NONE', *, *, #793, .T. ) ;
#582 = LINE ( 'NONE', #804, #432 ) ;
#583 = SURFACE_SIDE_STYLE ('',( #362 ) ) ;
#584 = DIRECTION ( 'NONE',  ( -1.000000000000000000, 0.000000000000000000, 0.000000000000000000 ) ) ;
#585 = AXIS2_PLACEMENT_3D ( 'NONE', #122, #460, #332 ) ;
#586 = ORIENTED_EDGE ( 'NONE', *, *, #819, .T. ) ;
#587 = EDGE_CURVE ( 'NONE', #777, #612, #1308, .T. ) ;
#588 = EDGE_CURVE ( 'NONE', #853, #225, #190, .T. ) ;
#589 = LINE ( 'NONE', #250, #454 ) ;
#590 = CLOSED_SHELL ( 'NONE', ( #900, #456, #448, #1298, #747, #899, #974, #808, #686, #437, #769, #335, #97, #1423 ) ) ;
#591 = VECTOR ( 'NONE', #84, 1000.000000000000000 ) ;
#592 = DIRECTION ( 'NONE',  ( 0.000000000000000000, -1.000000000000000000, -5.225070710773519302E-17 ) ) ;
#593 = VECTOR ( 'NONE', #1299, 1000.000000000000000 ) ;
#594 = ORIENTED_EDGE ( 'NONE', *, *, #45, .F. ) ;
#595 = CARTESIAN_POINT ( 'NONE',  ( 7.349999999999999645, 3.200000000000000178, -0.5699999999999999512 ) ) ;
#596 = PLANE ( 'NONE',  #378 ) ;
#597 = EDGE_CURVE ( 'NONE', #1017, #626, #633, .T. ) ;
#598 = LINE ( 'NONE', #76, #1049 ) ;
#599 = CARTESIAN_POINT ( 'NONE',  ( 0.5699999999999999512, -4.336808689942014778E-16, 0.5699999999999999512 ) ) ;
#600 = DIRECTION ( 'NONE',  ( 1.000000000000000000, 0.000000000000000000, 0.000000000000000000 ) ) ;
#601 = DIRECTION ( 'NONE',  ( 0.2505628070857293666, -0.9351131265310305141, 0.2505628070857293666 ) ) ;
#602 = CARTESIAN_POINT ( 'NONE',  ( -0.5699999999999999512, 9.400000000000000355, -2.400367257692824996 ) ) ;
#603 = ADVANCED_FACE ( 'NONE', ( #1109 ), #748, .F. ) ;
#604 = EDGE_CURVE ( 'NONE', #963, #652, #754, .T. ) ;
#605 = ORIENTED_EDGE ( 'NONE', *, *, #191, .T. ) ;
#606 = ORIENTED_EDGE ( 'NONE', *, *, #302, .T. ) ;
#607 = ORIENTED_EDGE ( 'NONE', *, *, #545, .F. ) ;
#608 = CARTESIAN_POINT ( 'NONE',  ( -0.2975273339210824930, -3.916881833480269748, -0.2975273339210824930 ) ) ;
#609 = ORIENTED_EDGE ( 'NONE', *, *, #663, .T. ) ;
#610 = CARTESIAN_POINT ( 'NONE',  ( 8.489999999999998437, 9.400000000000000355, -3.299632742307099686 ) ) ;
#611 = EDGE_CURVE ( 'NONE', #282, #721, #224, .T. ) ;
#612 = VERTEX_POINT ( 'NONE', #1416 ) ;
#613 = VERTEX_POINT ( 'NONE', #197 ) ;
#614 = ORIENTED_EDGE ( 'NONE', *, *, #356, .T. ) ;
#615 = MECHANICAL_DESIGN_GEOMETRIC_PRESENTATION_REPRESENTATION (  '', ( #431 ), #1167 ) ;
#616 = VECTOR ( 'NONE', #1328, 1000.000000000000000 ) ;
#617 = CARTESIAN_POINT ( 'NONE',  ( 0.5699999999999999512, -3.700000000000000178, -0.5699999999999999512 ) ) ;
#618 = ORIENTED_EDGE ( 'NONE', *, *, #198, .F. ) ;
#619 = LINE ( 'NONE', #759, #12 ) ;
#620 = PLANE ( 'NONE',  #55 ) ;
#621 = PRODUCT_RELATED_PRODUCT_CATEGORY ( 'part', '', ( #408 ) ) ;
#622 = EDGE_LOOP ( 'NONE', ( #586, #1309, #187, #1381 ) ) ;
#623 = FILL_AREA_STYLE ('',( #248 ) ) ;
#624 = EDGE_LOOP ( 'NONE', ( #1215, #331, #1270, #631 ) ) ;
#625 = LINE ( 'NONE', #1064, #489 ) ;
#626 = VERTEX_POINT ( 'NONE', #1191 ) ;
#627 = CARTESIAN_POINT ( 'NONE',  ( -1.949999999999999956, -4.336808689942014778E-16, -2.000000000000000000 ) ) ;
#628 = DIRECTION ( 'NONE',  ( -0.000000000000000000, 0.7071067811865470176, 0.7071067811865480168 ) ) ;
#629 = ORIENTED_EDGE ( 'NONE', *, *, #1356, .F. ) ;
#630 = DIRECTION ( 'NONE',  ( 0.000000000000000000, 0.000000000000000000, 1.000000000000000000 ) ) ;
#631 = ORIENTED_EDGE ( 'NONE', *, *, #302, .F. ) ;
#632 = SHAPE_DEFINITION_REPRESENTATION ( #653, #8 ) ;
#633 = LINE ( 'NONE', #988, #1129 ) ;
#634 = EDGE_CURVE ( 'NONE', #1264, #777, #108, .T. ) ;
#635 = AXIS2_PLACEMENT_3D ( 'NONE', #837, #858, #1084 ) ;
#636 = PRODUCT_DEFINITION_SHAPE ( 'NONE', 'NONE',  #727 ) ;
#637 = EDGE_LOOP ( 'NONE', ( #328, #827, #971, #74 ) ) ;
#638 = LINE ( 'NONE', #1066, #1187 ) ;
#639 = DIRECTION ( 'NONE',  ( 0.000000000000000000, 1.000000000000000000, 0.000000000000000000 ) ) ;
#640 = DIRECTION ( 'NONE',  ( 1.000000000000000000, 0.000000000000000000, 0.000000000000000000 ) ) ;
#641 =( GEOMETRIC_REPRESENTATION_CONTEXT ( 3 ) GLOBAL_UNCERTAINTY_ASSIGNED_CONTEXT ( ( #1425 ) ) GLOBAL_UNIT_ASSIGNED_CONTEXT ( ( #1254, #35, #253 ) ) REPRESENTATION_CONTEXT ( 'NONE', 'WORKASPACE' ) );
#642 = ORIENTED_EDGE ( 'NONE', *, *, #880, .T. ) ;
#643 = VECTOR ( 'NONE', #658, 1000.000000000000000 ) ;
#644 = UNCERTAINTY_MEASURE_WITH_UNIT (LENGTH_MEASURE( 1.000000000000000082E-05 ), #295, 'distance_accuracy_value', 'NONE');
#645 = CARTESIAN_POINT ( 'NONE',  ( 3.389999999999999680, -4.336808689942014778E-16, -0.5699999999999999512 ) ) ;
#646 = VECTOR ( 'NONE', #1023, 1000.000000000000000 ) ;
#647 = ORIENTED_EDGE ( 'NONE', *, *, #242, .F. ) ;
#648 = LINE ( 'NONE', #1282, #222 ) ;
#649 = APPLICATION_CONTEXT ( 'automotive_design' ) ;
#650 = LINE ( 'NONE', #1366, #990 ) ;
#651 = ORIENTED_EDGE ( 'NONE', *, *, #230, .F. ) ;
#652 = VERTEX_POINT ( 'NONE', #81 ) ;
#653 = PRODUCT_DEFINITION_SHAPE ( 'NONE', 'NONE',  #924 ) ;
#654 = PLANE ( 'NONE',  #470 ) ;
#655 = CARTESIAN_POINT ( 'NONE',  ( -1.949999999999999956, -4.336808689942014778E-16, -2.000000000000000000 ) ) ;
#656 = ORIENTED_EDGE ( 'NONE', *, *, #772, .F. ) ;
#657 = LINE ( 'NONE', #1095, #818 ) ;
#658 = DIRECTION ( 'NONE',  ( 0.000000000000000000, 0.000000000000000000, -1.000000000000000000 ) ) ;
#659 = ORIENTED_EDGE ( 'NONE', *, *, #587, .T. ) ;
#660 = DIRECTION ( 'NONE',  ( 0.000000000000000000, 0.000000000000000000, 1.000000000000000000 ) ) ;
#661 = ORIENTED_EDGE ( 'NONE', *, *, #914, .T. ) ;
#662 = EDGE_CURVE ( 'NONE', #867, #219, #518, .T. ) ;
#663 = EDGE_CURVE ( 'NONE', #1199, #1178, #420, .T. ) ;
#664 = LINE ( 'NONE', #1099, #86 ) ;
#665 = DIRECTION ( 'NONE',  ( 0.000000000000000000, 0.000000000000000000, -1.000000000000000000 ) ) ;
#666 = ORIENTED_EDGE ( 'NONE', *, *, #440, .T. ) ;
#667 = DIRECTION ( 'NONE',  ( -1.000000000000000000, 0.000000000000000000, 0.000000000000000000 ) ) ;
#668 =( GEOMETRIC_REPRESENTATION_CONTEXT ( 3 ) GLOBAL_UNCERTAINTY_ASSIGNED_CONTEXT ( ( #644 ) ) GLOBAL_UNIT_ASSIGNED_CONTEXT ( ( #295, #63, #499 ) ) REPRESENTATION_CONTEXT ( 'NONE', 'WORKASPACE' ) );
#669 = DIRECTION ( 'NONE',  ( 0.000000000000000000, 0.000000000000000000, 1.000000000000000000 ) ) ;
#670 = CARTESIAN_POINT ( 'NONE',  ( 16.41000000000000014, 7.488675134594829252, -3.699999999999920242 ) ) ;
#671 = DIRECTION ( 'NONE',  ( 0.000000000000000000, 0.000000000000000000, -1.000000000000000000 ) ) ;
#672 = CARTESIAN_POINT ( 'NONE',  ( -0.3556406460551005400, 10.90000000000000036, 0.5699999999999999512 ) ) ;
#673 = AXIS2_PLACEMENT_3D ( 'NONE', #1154, #276, #392 ) ;
#674 = ORIENTED_EDGE ( 'NONE', *, *, #1252, .T. ) ;
#675 = CARTESIAN_POINT ( 'NONE',  ( 7.349999999999999645, 3.200000000000000178, 0.5699999999999999512 ) ) ;
#676 = CARTESIAN_POINT ( 'NONE',  ( 0.5699999999999999512, -2.899999999999999911, -0.5699999999999999512 ) ) ;
#677 = VECTOR ( 'NONE', #1208, 1000.000000000000227 ) ;
#678 = LINE ( 'NONE', #344, #792 ) ;
#679 = DIRECTION ( 'NONE',  ( 0.000000000000000000, 1.000000000000000000, 0.000000000000000000 ) ) ;
#680 = EDGE_CURVE ( 'NONE', #529, #1160, #436, .T. ) ;
#681 = DIRECTION ( 'NONE',  ( 1.000000000000000000, 0.000000000000000000, 0.000000000000000000 ) ) ;
#682 = CARTESIAN_POINT ( 'NONE',  ( 4.530000000000000249, 3.200000000000000178, -0.5699999999999999512 ) ) ;
#683 = DIRECTION ( 'NONE',  ( 1.000000000000000000, 0.000000000000000000, 0.000000000000000000 ) ) ;
#684 = CARTESIAN_POINT ( 'NONE',  ( 7.349999999999999645, -4.336808689942014778E-16, -0.5699999999999999512 ) ) ;
#685 = LINE ( 'NONE', #1110, #1367 ) ;
#686 = ADVANCED_FACE ( 'NONE', ( #1429 ), #410, .F. ) ;
#687 = LINE ( 'NONE', #41, #1025 ) ;
#688 = CARTESIAN_POINT ( 'NONE',  ( 8.489999999999998437, 0.000000000000000000, 0.000000000000000000 ) ) ;
#689 = CARTESIAN_POINT ( 'NONE',  ( 8.489999999999998437, 7.200000000000000178, -3.199999999999925127 ) ) ;
#690 = VECTOR ( 'NONE', #1383, 1000.000000000000000 ) ;
#691 = VECTOR ( 'NONE', #732, 1000.000000000000000 ) ;
#692 = VERTEX_POINT ( 'NONE', #508 ) ;
#693 = ORIENTED_EDGE ( 'NONE', *, *, #1321, .T. ) ;
#694 =( LENGTH_UNIT ( ) NAMED_UNIT ( * ) SI_UNIT ( .MILLI., .METRE. ) );
#695 = CARTESIAN_POINT ( 'NONE',  ( 0.5699999999999999512, -4.336808689942014778E-16, -0.5699999999999999512 ) ) ;
#696 = EDGE_CURVE ( 'NONE', #1292, #1196, #1325, .T. ) ;
#697 = ORIENTED_EDGE ( 'NONE', *, *, #611, .T. ) ;
#698 = PLANE ( 'NONE',  #58 ) ;
#699 = DIRECTION ( 'NONE',  ( 1.000000000000000000, 0.000000000000000000, 0.000000000000000000 ) ) ;
#700 = FACE_BOUND ( 'NONE', #1185, .T. ) ;
#701 = PRESENTATION_LAYER_ASSIGNMENT (  '', '', ( #1329 ) ) ;
#702 = ORIENTED_EDGE ( 'NONE', *, *, #1228, .F. ) ;
#703 = CARTESIAN_POINT ( 'NONE',  ( 0.5699999999999999512, -4.336808689942014778E-16, 0.5699999999999999512 ) ) ;
#704 = FACE_OUTER_BOUND ( 'NONE', #166, .T. ) ;
#705 = CARTESIAN_POINT ( 'NONE',  ( 9.870000000000000995, 0.000000000000000000, 0.000000000000000000 ) ) ;
#706 = AXIS2_PLACEMENT_3D ( 'NONE', #266, #178, #503 ) ;
#707 = LINE ( 'NONE', #459, #229 ) ;
#708 = AXIS2_PLACEMENT_3D ( 'NONE', #775, #561, #1108 ) ;
#709 = EDGE_CURVE ( 'NONE', #89, #1264, #304, .T. ) ;
#710 = CARTESIAN_POINT ( 'NONE',  ( 0.5699999999999999512, 10.90000000000000036, 0.3556406460551005400 ) ) ;
#711 = EDGE_CURVE ( 'NONE', #529, #1199, #1290, .T. ) ;
#712 = LINE ( 'NONE', #495, #763 ) ;
#713 = APPLICATION_CONTEXT ( 'automotive_design' ) ;
#714 = FACE_OUTER_BOUND ( 'NONE', #511, .T. ) ;
#715 = VERTEX_POINT ( 'NONE', #296 ) ;
#716 = DIRECTION ( 'NONE',  ( 0.000000000000000000, 0.000000000000000000, 1.000000000000000000 ) ) ;
#717 = DIRECTION ( 'NONE',  ( 0.000000000000000000, 1.000000000000000000, 0.000000000000000000 ) ) ;
#718 = EDGE_CURVE ( 'NONE', #106, #543, #547, .T. ) ;
#719 = ORIENTED_EDGE ( 'NONE', *, *, #1357, .F. ) ;
#720 = DIRECTION ( 'NONE',  ( 0.000000000000000000, -6.195440985632059782E-16, -1.000000000000000000 ) ) ;
#721 = VERTEX_POINT ( 'NONE', #782 ) ;
#722 = ORIENTED_EDGE ( 'NONE', *, *, #793, .F. ) ;
#723 =( GEOMETRIC_REPRESENTATION_CONTEXT ( 3 ) GLOBAL_UNCERTAINTY_ASSIGNED_CONTEXT ( ( #1189 ) ) GLOBAL_UNIT_ASSIGNED_CONTEXT ( ( #1346, #1244, #1408 ) ) REPRESENTATION_CONTEXT ( 'NONE', 'WORKASPACE' ) );
#724 = VERTEX_POINT ( 'NONE', #536 ) ;
#725 = DIRECTION ( 'NONE',  ( 1.000000000000000000, 0.000000000000000000, 0.000000000000000000 ) ) ;
#726 = LINE ( 'NONE', #925, #1166 ) ;
#727 = PRODUCT_DEFINITION ( 'UNKNOWN', '', #842, #209 ) ;
#728 = EDGE_LOOP ( 'NONE', ( #594, #132, #890, #284, #143, #1207, #833, #292, #1155, #1007 ) ) ;
#729 = DIRECTION ( 'NONE',  ( 0.000000000000000000, -1.000000000000000000, 0.000000000000000000 ) ) ;
#730 = CARTESIAN_POINT ( 'NONE',  ( -0.3556406460551010396, -3.700000000000000178, 0.5699999999999999512 ) ) ;
#731 = ORIENTED_EDGE ( 'NONE', *, *, #49, .F. ) ;
#732 = DIRECTION ( 'NONE',  ( 1.000000000000000000, 0.000000000000000000, 0.000000000000000000 ) ) ;
#733 = ADVANCED_FACE ( 'NONE', ( #983 ), #1426, .F. ) ;
#734 = EDGE_LOOP ( 'NONE', ( #268, #247, #1305, #605 ) ) ;
#735 = MECHANICAL_DESIGN_GEOMETRIC_PRESENTATION_REPRESENTATION (  '', ( #1048 ), #823 ) ;
#736 = VERTEX_POINT ( 'NONE', #474 ) ;
#737 = VECTOR ( 'NONE', #7, 1000.000000000000000 ) ;
#738 = VECTOR ( 'NONE', #630, 1000.000000000000000 ) ;
#739 = PRODUCT_CONTEXT ( 'NONE', #713, 'mechanical' ) ;
#740 = LINE ( 'NONE', #381, #152 ) ;
#741 = ORIENTED_EDGE ( 'NONE', *, *, #718, .T. ) ;
#742 = LINE ( 'NONE', #502, #956 ) ;
#743 = CARTESIAN_POINT ( 'NONE',  ( -0.5699999999999999512, -4.336808689942014778E-16, -2.699999999999930456 ) ) ;
#744 = PRODUCT_DEFINITION_SHAPE ( 'NONE', 'NONE',  #1430 ) ;
#745 = ORIENTED_EDGE ( 'NONE', *, *, #1037, .F. ) ;
#746 = EDGE_CURVE ( 'NONE', #736, #225, #1262, .T. ) ;
#747 = ADVANCED_FACE ( 'NONE', ( #338 ), #235, .T. ) ;
#748 = PLANE ( 'NONE',  #249 ) ;
#749 = EDGE_LOOP ( 'NONE', ( #383, #537, #206, #882 ) ) ;
#750 = DIRECTION ( 'NONE',  ( -0.000000000000000000, 0.8660254037844347108, 0.5000000000000067724 ) ) ;
#751 = DIRECTION ( 'NONE',  ( -1.000000000000000000, 0.000000000000000000, 0.000000000000000000 ) ) ;
#752 = CARTESIAN_POINT ( 'NONE',  ( 0.5699999999999999512, 10.09999999999999964, 0.5699999999999999512 ) ) ;
#753 = ORIENTED_EDGE ( 'NONE', *, *, #1247, .T. ) ;
#754 = LINE ( 'NONE', #879, #342 ) ;
#755 = VECTOR ( 'NONE', #660, 1000.000000000000000 ) ;
#756 = MECHANICAL_DESIGN_GEOMETRIC_PRESENTATION_REPRESENTATION (  '', ( #1006 ), #1072 ) ;
#757 = PRODUCT_DEFINITION_SHAPE ( 'NONE', 'NONE',  #816 ) ;
#758 = VERTEX_POINT ( 'NONE', #1369 ) ;
#759 = CARTESIAN_POINT ( 'NONE',  ( 7.349999999999999645, -4.336808689942014778E-16, -0.5699999999999999512 ) ) ;
#760 = SURFACE_STYLE_FILL_AREA ( #897 ) ;
#761 = DIRECTION ( 'NONE',  ( 0.000000000000000000, 0.000000000000000000, -1.000000000000000000 ) ) ;
#762 = EDGE_LOOP ( 'NONE', ( #873, #1054, #211, #753 ) ) ;
#763 = VECTOR ( 'NONE', #375, 1000.000000000000000 ) ;
#764 = ORIENTED_EDGE ( 'NONE', *, *, #524, .F. ) ;
#765 = APPLICATION_PROTOCOL_DEFINITION ( 'draft international standard', 'automotive_design', 1998, #516 ) ;
#766 = PRODUCT_DEFINITION_CONTEXT ( 'detailed design', #516, 'design' ) ;
#767 = CARTESIAN_POINT ( 'NONE',  ( -0.5699999999999999512, 7.488675134594829252, -3.699999999999920242 ) ) ;
#768 = VECTOR ( 'NONE', #1180, 1000.000000000000000 ) ;
#769 = ADVANCED_FACE ( 'NONE', ( #714 ), #824, .F. ) ;
#770 = ORIENTED_EDGE ( 'NONE', *, *, #486, .F. ) ;
#771 = CARTESIAN_POINT ( 'NONE',  ( 8.489999999999998437, -4.336808689942014778E-16, 0.5699999999999999512 ) ) ;
#772 = EDGE_CURVE ( 'NONE', #1326, #543, #120, .T. ) ;
#773 = DIRECTION ( 'NONE',  ( 0.000000000000000000, 1.000000000000000000, 0.000000000000000000 ) ) ;
#774 = DIRECTION ( 'NONE',  ( 0.000000000000000000, -1.000000000000000000, 0.000000000000000000 ) ) ;
#775 = CARTESIAN_POINT ( 'NONE',  ( -0.5699999999999999512, -4.336808689942014778E-16, -0.5699999999999999512 ) ) ;
#776 = DIRECTION ( 'NONE',  ( 1.000000000000000000, 0.000000000000000000, 0.000000000000000000 ) ) ;
#777 = VERTEX_POINT ( 'NONE', #1002 ) ;
#778 =( NAMED_UNIT ( * ) SI_UNIT ( $, .STERADIAN. ) SOLID_ANGLE_UNIT ( ) );
#779 = DIRECTION ( 'NONE',  ( 0.000000000000000000, 0.000000000000000000, 1.000000000000000000 ) ) ;
#780 = LINE ( 'NONE', #1105, #738 ) ;
#781 = CARTESIAN_POINT ( 'NONE',  ( 0.3556406460551005400, 10.90000000000000036, -0.3556406460551005400 ) ) ;
#782 = CARTESIAN_POINT ( 'NONE',  ( -0.5699999999999999512, -4.336808689942014778E-16, -0.5699999999999999512 ) ) ;
#783 = EDGE_LOOP ( 'NONE', ( #406, #79, #27, #607 ) ) ;
#784 = PRESENTATION_LAYER_ASSIGNMENT (  '', '', ( #1006 ) ) ;
#785 = CARTESIAN_POINT ( 'NONE',  ( -0.5699999999999999512, 10.09999999999999964, -0.5699999999999999512 ) ) ;
#786 = EDGE_LOOP ( 'NONE', ( #515, #1365, #1273, #297 ) ) ;
#787 = EDGE_CURVE ( 'NONE', #1210, #613, #933, .T. ) ;
#788 = DIRECTION ( 'NONE',  ( 0.000000000000000000, 0.000000000000000000, 1.000000000000000000 ) ) ;
#789 = FACE_OUTER_BOUND ( 'NONE', #150, .T. ) ;
#790 = VECTOR ( 'NONE', #1134, 1000.000000000000000 ) ;
#791 = DIRECTION ( 'NONE',  ( 0.2505628070857293666, -0.9351131265310305141, -0.2505628070857293666 ) ) ;
#792 = VECTOR ( 'NONE', #987, 1000.000000000000000 ) ;
#793 = EDGE_CURVE ( 'NONE', #863, #1160, #451, .T. ) ;
#794 = ADVANCED_FACE ( 'NONE', ( #789 ), #376, .F. ) ;
#795 = CARTESIAN_POINT ( 'NONE',  ( -0.5699999999999999512, 3.200000000000000178, -0.5699999999999999512 ) ) ;
#796 = DIRECTION ( 'NONE',  ( 0.000000000000000000, 0.000000000000000000, 1.000000000000000000 ) ) ;
#797 = CARTESIAN_POINT ( 'NONE',  ( 0.5699999999999999512, -2.899999999999999911, -0.5699999999999999512 ) ) ;
#798 = APPLICATION_CONTEXT ( 'automotive_design' ) ;
#799 = LINE ( 'NONE', #99, #1315 ) ;
#800 = CARTESIAN_POINT ( 'NONE',  ( 0.5699999999999999512, -4.336808689942014778E-16, -0.5699999999999999512 ) ) ;
#801 = DIRECTION ( 'NONE',  ( 0.000000000000000000, 0.2588190451025185190, -0.9659258262890689783 ) ) ;
#802 = CARTESIAN_POINT ( 'NONE',  ( 8.489999999999998437, -4.336808689942014778E-16, -0.5699999999999999512 ) ) ;
#803 = ORIENTED_EDGE ( 'NONE', *, *, #1190, .F. ) ;
#804 = CARTESIAN_POINT ( 'NONE',  ( 8.489999999999998437, 9.400000000000000355, -3.299632742307099686 ) ) ;
#805 = CARTESIAN_POINT ( 'NONE',  ( -1.949999999999999956, -4.336808689942014778E-16, 4.799999999999999822 ) ) ;
#806 = AXIS2_PLACEMENT_3D ( 'NONE', #805, #1245, #699 ) ;
#807 = EDGE_CURVE ( 'NONE', #168, #1196, #1339, .T. ) ;
#808 = ADVANCED_FACE ( 'NONE', ( #127 ), #42, .T. ) ;
#809 = VECTOR ( 'NONE', #1277, 1000.000000000000000 ) ;
#810 = AXIS2_PLACEMENT_3D ( 'NONE', #1406, #1295, #774 ) ;
#811 = ORIENTED_EDGE ( 'NONE', *, *, #696, .F. ) ;
#812 = DIRECTION ( 'NONE',  ( 1.000000000000000000, 0.000000000000000000, 0.000000000000000000 ) ) ;
#813 = CARTESIAN_POINT ( 'NONE',  ( 0.5699999999999999512, 3.200000000000000178, 0.5699999999999999512 ) ) ;
#814 = ORIENTED_EDGE ( 'NONE', *, *, #1267, .T. ) ;
#815 = CARTESIAN_POINT ( 'NONE',  ( -0.5699999999999999512, -2.899999999999999911, -0.5699999999999999512 ) ) ;
#816 = PRODUCT_DEFINITION ( 'UNKNOWN', '', #371, #91 ) ;
#817 = FACE_BOUND ( 'NONE', #786, .T. ) ;
#818 = VECTOR ( 'NONE', #847, 1000.000000000000114 ) ;
#819 = EDGE_CURVE ( 'NONE', #181, #1264, #707, .T. ) ;
#820 = EDGE_CURVE ( 'NONE', #282, #390, #349, .T. ) ;
#821 = ORIENTED_EDGE ( 'NONE', *, *, #662, .T. ) ;
#822 = CARTESIAN_POINT ( 'NONE',  ( 9.870000000000000995, -4.336808689942014778E-16, 4.799999999999999822 ) ) ;
#823 =( GEOMETRIC_REPRESENTATION_CONTEXT ( 3 ) GLOBAL_UNCERTAINTY_ASSIGNED_CONTEXT ( ( #975 ) ) GLOBAL_UNIT_ASSIGNED_CONTEXT ( ( #118, #1327, #1220 ) ) REPRESENTATION_CONTEXT ( 'NONE', 'WORKASPACE' ) );
#824 = PLANE ( 'NONE',  #881 ) ;
#825 = AXIS2_PLACEMENT_3D ( 'NONE', #30, #283, #151 ) ;
#826 = VERTEX_POINT ( 'NONE', #239 ) ;
#827 = ORIENTED_EDGE ( 'NONE', *, *, #869, .T. ) ;
#828 = EDGE_CURVE ( 'NONE', #963, #724, #158, .T. ) ;
#829 = DIRECTION ( 'NONE',  ( 1.000000000000000000, 0.000000000000000000, 0.000000000000000000 ) ) ;
#830 = DIRECTION ( 'NONE',  ( 0.000000000000000000, 0.000000000000000000, 1.000000000000000000 ) ) ;
#831 = PLANE ( 'NONE',  #1336 ) ;
#832 = VERTEX_POINT ( 'NONE', #267 ) ;
#833 = ORIENTED_EDGE ( 'NONE', *, *, #1403, .F. ) ;
#834 = SHAPE_DEFINITION_REPRESENTATION ( #757, #492 ) ;
#835 = DIRECTION ( 'NONE',  ( 0.000000000000000000, 1.000000000000000000, -3.741739237146844796E-15 ) ) ;
#836 = VERTEX_POINT ( 'NONE', #599 ) ;
#837 = CARTESIAN_POINT ( 'NONE',  ( -0.5699999999999999512, -4.336808689942014778E-16, -0.5699999999999999512 ) ) ;
#838 = CARTESIAN_POINT ( 'NONE',  ( 9.870000000000000995, 3.200000000000000178, 4.799999999999999822 ) ) ;
#839 = CARTESIAN_POINT ( 'NONE',  ( -0.3690984950570179723, 10.84977462376425983, 0.3690984950570179723 ) ) ;
#840 = ORIENTED_EDGE ( 'NONE', *, *, #999, .F. ) ;
#841 = ORIENTED_EDGE ( 'NONE', *, *, #1016, .T. ) ;
#842 = PRODUCT_DEFINITION_FORMATION_WITH_SPECIFIED_SOURCE ( 'ANY', '', #510, .NOT_KNOWN. ) ;
#843 = VECTOR ( 'NONE', #1310, 1000.000000000000000 ) ;
#844 = PRODUCT_CONTEXT ( 'NONE', #569, 'mechanical' ) ;
#845 = DIRECTION ( 'NONE',  ( 0.000000000000000000, -1.000000000000000000, 0.000000000000000000 ) ) ;
#846 = ORIENTED_EDGE ( 'NONE', *, *, #281, .F. ) ;
#847 = DIRECTION ( 'NONE',  ( 0.000000000000000000, 0.5000000000000067724, -0.8660254037844345998 ) ) ;
#848 = LINE ( 'NONE', #743, #877 ) ;
#849 = ADVANCED_FACE ( 'NONE', ( #700, #817, #1140, #1033 ), #927, .F. ) ;
#850 = EDGE_CURVE ( 'NONE', #354, #1094, #557, .T. ) ;
#851 = VERTEX_POINT ( 'NONE', #1331 ) ;
#852 = CARTESIAN_POINT ( 'NONE',  ( -0.5699999999999999512, -2.899999999999999911, 0.5699999999999999512 ) ) ;
#853 = VERTEX_POINT ( 'NONE', #208 ) ;
#854 = AXIS2_PLACEMENT_3D ( 'NONE', #450, #425, #322 ) ;
#855 = CARTESIAN_POINT ( 'NONE',  ( 0.000000000000000000, 0.000000000000000000, 0.000000000000000000 ) ) ;
#856 = CARTESIAN_POINT ( 'NONE',  ( -0.5699999999999999512, 0.5000000000000000000, -3.199999999999930456 ) ) ;
#857 = ORIENTED_EDGE ( 'NONE', *, *, #1231, .F. ) ;
#858 = DIRECTION ( 'NONE',  ( -1.000000000000000000, 0.000000000000000000, 0.000000000000000000 ) ) ;
#859 = DIRECTION ( 'NONE',  ( 1.000000000000000000, 0.000000000000000000, 0.000000000000000000 ) ) ;
#860 = ORIENTED_EDGE ( 'NONE', *, *, #440, .F. ) ;
#861 = ORIENTED_EDGE ( 'NONE', *, *, #1335, .T. ) ;
#862 = DIRECTION ( 'NONE',  ( 0.9659258262890689783, -0.2588190451025185190, 0.000000000000000000 ) ) ;
#863 = VERTEX_POINT ( 'NONE', #902 ) ;
#864 = DIRECTION ( 'NONE',  ( 0.000000000000000000, 0.000000000000000000, -1.000000000000000000 ) ) ;
#865 = CARTESIAN_POINT ( 'NONE',  ( -0.5699999999999999512, -4.336808689942014778E-16, -0.5699999999999999512 ) ) ;
#866 = ORIENTED_EDGE ( 'NONE', *, *, #1228, .T. ) ;
#867 = VERTEX_POINT ( 'NONE', #1324 ) ;
#868 = EDGE_CURVE ( 'NONE', #390, #736, #329, .T. ) ;
#869 = EDGE_CURVE ( 'NONE', #52, #501, #1337, .T. ) ;
#870 = CONTEXT_DEPENDENT_SHAPE_REPRESENTATION ( #1153, #1070 ) ;
#871 = DIRECTION ( 'NONE',  ( 0.000000000000000000, 0.000000000000000000, 1.000000000000000000 ) ) ;
#872 = AXIS2_PLACEMENT_3D ( 'NONE', #24, #801, #1102 ) ;
#873 = ORIENTED_EDGE ( 'NONE', *, *, #472, .F. ) ;
#874 = DIRECTION ( 'NONE',  ( -1.000000000000000000, 0.000000000000000000, 0.000000000000000000 ) ) ;
#875 = PRESENTATION_STYLE_ASSIGNMENT (( #326 ) ) ;
#876 = EDGE_LOOP ( 'NONE', ( #179, #968, #1163, #1263 ) ) ;
#877 = VECTOR ( 'NONE', #720, 1000.000000000000000 ) ;
#878 = LINE ( 'NONE', #888, #114 ) ;
#879 = CARTESIAN_POINT ( 'NONE',  ( 9.870000000000000995, 3.200000000000000178, -2.000000000000000000 ) ) ;
#880 = EDGE_CURVE ( 'NONE', #721, #853, #678, .T. ) ;
#881 = AXIS2_PLACEMENT_3D ( 'NONE', #1257, #478, #1225 ) ;
#882 = ORIENTED_EDGE ( 'NONE', *, *, #680, .F. ) ;
#883 = CARTESIAN_POINT ( 'NONE',  ( 0.5699999999999999512, -2.899999999999999911, 0.5699999999999999512 ) ) ;
#884 = CARTESIAN_POINT ( 'NONE',  ( 0.5699999999999999512, 10.09999999999999964, 0.5699999999999999512 ) ) ;
#885 = CARTESIAN_POINT ( 'NONE',  ( 3.389999999999999680, -4.336808689942014778E-16, -0.5699999999999999512 ) ) ;
#886 = VERTEX_POINT ( 'NONE', #781 ) ;
#887 = EDGE_CURVE ( 'NONE', #613, #1014, #126, .T. ) ;
#888 = CARTESIAN_POINT ( 'NONE',  ( 0.5699999999999999512, 10.09999999999999964, -0.5699999999999999512 ) ) ;
#889 = CARTESIAN_POINT ( 'NONE',  ( -0.5699999999999999512, 7.200000000000000178, -3.199999999999925127 ) ) ;
#890 = ORIENTED_EDGE ( 'NONE', *, *, #71, .F. ) ;
#891 = CARTESIAN_POINT ( 'NONE',  ( 8.489999999999998437, 9.400000000000000355, -2.400367257692824996 ) ) ;
#892 = CARTESIAN_POINT ( 'NONE',  ( -1.949999999999999956, 3.200000000000000178, -2.000000000000000000 ) ) ;
#893 = EDGE_LOOP ( 'NONE', ( #866, #651, #1294, #1089 ) ) ;
#894 = DIRECTION ( 'NONE',  ( -1.000000000000000000, 0.000000000000000000, 0.000000000000000000 ) ) ;
#895 = DIRECTION ( 'NONE',  ( 0.000000000000000000, 0.9396926207859080948, 0.3420201433256694901 ) ) ;
#896 = PRODUCT_DEFINITION_FORMATION_WITH_SPECIFIED_SOURCE ( 'ANY', '', #1087, .NOT_KNOWN. ) ;
#897 = FILL_AREA_STYLE ('',( #1419 ) ) ;
#898 = AXIS2_PLACEMENT_3D ( 'NONE', #346, #1003, #667 ) ;
#899 = ADVANCED_FACE ( 'NONE', ( #119 ), #654, .F. ) ;
#900 = ADVANCED_FACE ( 'NONE', ( #223 ), #1116, .F. ) ;
#901 = AXIS2_PLACEMENT_3D ( 'NONE', #688, #1211, #1011 ) ;
#902 = CARTESIAN_POINT ( 'NONE',  ( -0.5699999999999999512, 10.09999999999999964, 0.5699999999999999512 ) ) ;
#903 = DIRECTION ( 'NONE',  ( 0.000000000000000000, 1.000000000000000000, 0.000000000000000000 ) ) ;
#904 = AXIS2_PLACEMENT_3D ( 'NONE', #316, #202, #441 ) ;
#905 =( LENGTH_UNIT ( ) NAMED_UNIT ( * ) SI_UNIT ( .MILLI., .METRE. ) );
#906 = DIRECTION ( 'NONE',  ( 0.000000000000000000, -0.3420201433256695456, 0.9396926207859080948 ) ) ;
#907 = VECTOR ( 'NONE', #1124, 1000.000000000000000 ) ;
#908 = CARTESIAN_POINT ( 'NONE',  ( 8.489999999999998437, -4.336808689942014778E-16, -0.5699999999999999512 ) ) ;
#909 = DIRECTION ( 'NONE',  ( 0.000000000000000000, -1.000000000000000000, 0.000000000000000000 ) ) ;
#910 = FILL_AREA_STYLE_COLOUR ( '', #1120 ) ;
#911 = LINE ( 'NONE', #363, #1010 ) ;
#912 = ORIENTED_EDGE ( 'NONE', *, *, #343, .F. ) ;
#913 = LINE ( 'NONE', #256, #691 ) ;
#914 = EDGE_CURVE ( 'NONE', #196, #529, #1091, .T. ) ;
#915 = ADVANCED_FACE ( 'NONE', ( #995 ), #231, .F. ) ;
#916 =( NAMED_UNIT ( * ) SI_UNIT ( $, .STERADIAN. ) SOLID_ANGLE_UNIT ( ) );
#917 = CARTESIAN_POINT ( 'NONE',  ( 8.489999999999998437, -4.336808689942014778E-16, 0.5699999999999999512 ) ) ;
#918 = ORIENTED_EDGE ( 'NONE', *, *, #711, .F. ) ;
#919 =( NAMED_UNIT ( * ) PLANE_ANGLE_UNIT ( ) SI_UNIT ( $, .RADIAN. ) );
#920 = LINE ( 'NONE', #461, #20 ) ;
#921 = VECTOR ( 'NONE', #788, 1000.000000000000000 ) ;
#922 = VECTOR ( 'NONE', #1177, 1000.000000000000000 ) ;
#923 = DIRECTION ( 'NONE',  ( -1.000000000000000000, 0.000000000000000000, 0.000000000000000000 ) ) ;
#924 = PRODUCT_DEFINITION ( 'UNKNOWN', '', #896, #766 ) ;
#925 = CARTESIAN_POINT ( 'NONE',  ( -1.949999999999999956, 3.200000000000000178, 4.799999999999999822 ) ) ;
#926 = EDGE_CURVE ( 'NONE', #386, #626, #444, .T. ) ;
#927 = PLANE ( 'NONE',  #318 ) ;
#928 = ORIENTED_EDGE ( 'NONE', *, *, #123, .T. ) ;
#929 = DIRECTION ( 'NONE',  ( 0.000000000000000000, 0.000000000000000000, 1.000000000000000000 ) ) ;
#930 = DIRECTION ( 'NONE',  ( 1.000000000000000000, 0.000000000000000000, 0.000000000000000000 ) ) ;
#931 = ORIENTED_EDGE ( 'NONE', *, *, #1360, .T. ) ;
#932 = EDGE_CURVE ( 'NONE', #416, #867, #799, .T. ) ;
#933 = LINE ( 'NONE', #23, #1013 ) ;
#934 = ORIENTED_EDGE ( 'NONE', *, *, #574, .T. ) ;
#935 = ORIENTED_EDGE ( 'NONE', *, *, #191, .F. ) ;
#936 = PLANE ( 'NONE',  #573 ) ;
#937 =( REPRESENTATION_RELATIONSHIP ('NONE','NONE', #492, #1289 ) REPRESENTATION_RELATIONSHIP_WITH_TRANSFORMATION ( #70 )SHAPE_REPRESENTATION_RELATIONSHIP( ) );
#938 = CARTESIAN_POINT ( 'NONE',  ( -0.5699999999999999512, -4.336808689942014778E-16, -2.699999999999930456 ) ) ;
#939 = AXIS2_PLACEMENT_3D ( 'NONE', #155, #1364, #265 ) ;
#940 = ORIENTED_EDGE ( 'NONE', *, *, #11, .T. ) ;
#941 = AXIS2_PLACEMENT_3D ( 'NONE', #323, #776, #903 ) ;
#942 = DIRECTION ( 'NONE',  ( 0.000000000000000000, 0.000000000000000000, 1.000000000000000000 ) ) ;
#943 = DIRECTION ( 'NONE',  ( 0.000000000000000000, 0.000000000000000000, 1.000000000000000000 ) ) ;
#944 = ORIENTED_EDGE ( 'NONE', *, *, #588, .T. ) ;
#945 = FACE_OUTER_BOUND ( 'NONE', #728, .T. ) ;
#946 = ORIENTED_EDGE ( 'NONE', *, *, #1239, .F. ) ;
#947 = PRODUCT_CONTEXT ( 'NONE', #366, 'mechanical' ) ;
#948 = ADVANCED_FACE ( 'NONE', ( #1330 ), #217, .F. ) ;
#949 = PLANE ( 'NONE',  #939 ) ;
#950 = EDGE_CURVE ( 'NONE', #1199, #314, #878, .T. ) ;
#951 = ORIENTED_EDGE ( 'NONE', *, *, #255, .T. ) ;
#952 = DIRECTION ( 'NONE',  ( 0.000000000000000000, 1.000000000000000000, 0.000000000000000000 ) ) ;
#953 = CARTESIAN_POINT ( 'NONE',  ( -0.5699999999999999512, 0.000000000000000000, 0.000000000000000000 ) ) ;
#954 = CARTESIAN_POINT ( 'NONE',  ( -0.5699999999999999512, 9.400000000000000355, -3.299632742307099686 ) ) ;
#955 = ORIENTED_EDGE ( 'NONE', *, *, #820, .T. ) ;
#956 = VECTOR ( 'NONE', #403, 1000.000000000000000 ) ;
#957 = CARTESIAN_POINT ( 'NONE',  ( -0.5699999999999999512, -4.336808689942014778E-16, -0.5699999999999999512 ) ) ;
#958 = VERTEX_POINT ( 'NONE', #1113 ) ;
#959 = PLANE ( 'NONE',  #635 ) ;
#960 = DIRECTION ( 'NONE',  ( 1.000000000000000000, 0.000000000000000000, 0.000000000000000000 ) ) ;
#961 = EDGE_LOOP ( 'NONE', ( #693, #61, #251, #946 ) ) ;
#962 = DIRECTION ( 'NONE',  ( 0.000000000000000000, 1.000000000000000000, 0.000000000000000000 ) ) ;
#963 = VERTEX_POINT ( 'NONE', #1223 ) ;
#964 = AXIS2_PLACEMENT_3D ( 'NONE', #129, #236, #1354 ) ;
#965 = VECTOR ( 'NONE', #976, 1000.000000000000000 ) ;
#966 = CONTEXT_DEPENDENT_SHAPE_REPRESENTATION ( #321, #424 ) ;
#967 = DIRECTION ( 'NONE',  ( 0.2505628070857293666, 0.9351131265310305141, 0.2505628070857293666 ) ) ;
#968 = ORIENTED_EDGE ( 'NONE', *, *, #71, .T. ) ;
#969 = CARTESIAN_POINT ( 'NONE',  ( -0.5699999999999999512, -4.336808689942014778E-16, 0.5699999999999999512 ) ) ;
#970 = LINE ( 'NONE', #1322, #1079 ) ;
#971 = ORIENTED_EDGE ( 'NONE', *, *, #201, .F. ) ;
#972 = EDGE_CURVE ( 'NONE', #1292, #1278, #1001, .T. ) ;
#973 = ORIENTED_EDGE ( 'NONE', *, *, #11, .F. ) ;
#974 = ADVANCED_FACE ( 'NONE', ( #1424 ), #13, .F. ) ;
#975 = UNCERTAINTY_MEASURE_WITH_UNIT (LENGTH_MEASURE( 1.000000000000000082E-05 ), #118, 'distance_accuracy_value', 'NONE');
#976 = DIRECTION ( 'NONE',  ( 0.000000000000000000, 1.000000000000000000, 0.000000000000000000 ) ) ;
#977 = ORIENTED_EDGE ( 'NONE', *, *, #597, .F. ) ;
#978 = CARTESIAN_POINT ( 'NONE',  ( 3.389999999999999680, 3.200000000000000178, -0.5699999999999999512 ) ) ;
#979 = DIRECTION ( 'NONE',  ( -1.000000000000000000, 0.000000000000000000, 0.000000000000000000 ) ) ;
#980 = EDGE_LOOP ( 'NONE', ( #764, #494, #581, #931 ) ) ;
#981 = ORIENTED_EDGE ( 'NONE', *, *, #772, .T. ) ;
#982 = DIRECTION ( 'NONE',  ( 1.000000000000000000, 0.000000000000000000, 0.000000000000000000 ) ) ;
#983 = FACE_OUTER_BOUND ( 'NONE', #96, .T. ) ;
#984 = VERTEX_POINT ( 'NONE', #546 ) ;
#985 = LINE ( 'NONE', #102, #77 ) ;
#986 = VECTOR ( 'NONE', #233, 1000.000000000000000 ) ;
#987 = DIRECTION ( 'NONE',  ( 0.000000000000000000, 0.000000000000000000, 1.000000000000000000 ) ) ;
#988 = CARTESIAN_POINT ( 'NONE',  ( 8.489999999999998437, 3.200000000000000178, -0.5699999999999999512 ) ) ;
#989 = EDGE_CURVE ( 'NONE', #1083, #1292, #664, .T. ) ;
#990 = VECTOR ( 'NONE', #95, 1000.000000000000000 ) ;
#991 = ORIENTED_EDGE ( 'NONE', *, *, #696, .T. ) ;
#992 = CARTESIAN_POINT ( 'NONE',  ( 7.349999999999999645, -4.336808689942014778E-16, 0.5699999999999999512 ) ) ;
#993 = DIRECTION ( 'NONE',  ( 0.000000000000000000, -1.000000000000000000, 0.000000000000000000 ) ) ;
#994 = FACE_OUTER_BOUND ( 'NONE', #961, .T. ) ;
#995 = FACE_OUTER_BOUND ( 'NONE', #1058, .T. ) ;
#996 = CARTESIAN_POINT ( 'NONE',  ( -0.5699999999999999512, 9.400000000000000355, -3.299632742307099686 ) ) ;
#997 = EDGE_CURVE ( 'NONE', #219, #228, #140, .T. ) ;
#998 = LINE ( 'NONE', #883, #1216 ) ;
#999 = EDGE_CURVE ( 'NONE', #29, #851, #1133, .T. ) ;
#1000 = CARTESIAN_POINT ( 'NONE',  ( 16.41000000000000014, 7.200000000000000178, -3.199999999999925127 ) ) ;
#1001 = LINE ( 'NONE', #337, #921 ) ;
#1002 = CARTESIAN_POINT ( 'NONE',  ( -0.5699999999999999512, 7.200000000000000178, -3.199999999999925127 ) ) ;
#1003 = DIRECTION ( 'NONE',  ( 0.000000000000000000, 5.225070710773519302E-17, -1.000000000000000000 ) ) ;
#1004 = AXIS2_PLACEMENT_3D ( 'NONE', #1363, #160, #600 ) ;
#1005 = CARTESIAN_POINT ( 'NONE',  ( 8.489999999999998437, 0.5000000000000000000, -3.199999999999930456 ) ) ;
#1006 = STYLED_ITEM ( 'NONE', ( #1226 ), #1112 ) ;
#1007 = ORIENTED_EDGE ( 'NONE', *, *, #709, .F. ) ;
#1008 = CARTESIAN_POINT ( 'NONE',  ( 0.5699999999999999512, -2.899999999999999911, -0.5699999999999999512 ) ) ;
#1009 = DIRECTION ( 'NONE',  ( 0.000000000000000000, 0.000000000000000000, -1.000000000000000000 ) ) ;
#1010 = VECTOR ( 'NONE', #357, 1000.000000000000000 ) ;
#1011 = DIRECTION ( 'NONE',  ( 0.000000000000000000, 1.000000000000000000, 0.000000000000000000 ) ) ;
#1012 = PLANE ( 'NONE',  #964 ) ;
#1013 = VECTOR ( 'NONE', #14, 1000.000000000000000 ) ;
#1014 = VERTEX_POINT ( 'NONE', #364 ) ;
#1015 = EDGE_CURVE ( 'NONE', #1278, #543, #913, .T. ) ;
#1016 = EDGE_CURVE ( 'NONE', #1168, #101, #582, .T. ) ;
#1017 = VERTEX_POINT ( 'NONE', #595 ) ;
#1018 = PRESENTATION_STYLE_ASSIGNMENT (( #68 ) ) ;
#1019 = DIRECTION ( 'NONE',  ( 1.000000000000000000, 0.000000000000000000, 0.000000000000000000 ) ) ;
#1020 = DIRECTION ( 'NONE',  ( 1.000000000000000000, 0.000000000000000000, 0.000000000000000000 ) ) ;
#1021 = ORIENTED_EDGE ( 'NONE', *, *, #1382, .T. ) ;
#1022 = EDGE_LOOP ( 'NONE', ( #394, #497, #109, #991 ) ) ;
#1023 = DIRECTION ( 'NONE',  ( 0.000000000000000000, 1.000000000000000000, 0.000000000000000000 ) ) ;
#1024 = CARTESIAN_POINT ( 'NONE',  ( 0.5699999999999999512, -4.336808689942014778E-16, -0.5699999999999999512 ) ) ;
#1025 = VECTOR ( 'NONE', #1227, 1000.000000000000000 ) ;
#1026 = VECTOR ( 'NONE', #193, 1000.000000000000000 ) ;
#1027 = EDGE_LOOP ( 'NONE', ( #1286, #130, #175, #429 ) ) ;
#1028 = CARTESIAN_POINT ( 'NONE',  ( 8.489999999999998437, -4.336808689942014778E-16, -2.699999999999930456 ) ) ;
#1029 = FILL_AREA_STYLE_COLOUR ( '', #1139 ) ;
#1030 = DIRECTION ( 'NONE',  ( 0.000000000000000000, 0.000000000000000000, -1.000000000000000000 ) ) ;
#1031 = VECTOR ( 'NONE', #345, 1000.000000000000000 ) ;
#1032 = VERTEX_POINT ( 'NONE', #1386 ) ;
#1033 = FACE_OUTER_BOUND ( 'NONE', #1319, .T. ) ;
#1034 = ORIENTED_EDGE ( 'NONE', *, *, #746, .F. ) ;
#1035 = FACE_OUTER_BOUND ( 'NONE', #762, .T. ) ;
#1036 = LINE ( 'NONE', #64, #1126 ) ;
#1037 = EDGE_CURVE ( 'NONE', #836, #391, #1350, .T. ) ;
#1038 = EDGE_CURVE ( 'NONE', #724, #301, #1396, .T. ) ;
#1039 = DIRECTION ( 'NONE',  ( 0.000000000000000000, 0.000000000000000000, -1.000000000000000000 ) ) ;
#1040 = DIRECTION ( 'NONE',  ( 0.000000000000000000, -1.000000000000000000, 0.000000000000000000 ) ) ;
#1041 = DIRECTION ( 'NONE',  ( 0.000000000000000000, -1.000000000000000000, -5.225070710773519302E-17 ) ) ;
#1042 = CARTESIAN_POINT ( 'NONE',  ( 8.489999999999998437, 7.200000000000000178, -3.199999999999925127 ) ) ;
#1043 = ORIENTED_EDGE ( 'NONE', *, *, #123, .F. ) ;
#1044 = ORIENTED_EDGE ( 'NONE', *, *, #564, .F. ) ;
#1045 = CARTESIAN_POINT ( 'NONE',  ( 8.489999999999998437, 8.300000000000000711, -2.000000000000000000 ) ) ;
#1046 = ORIENTED_EDGE ( 'NONE', *, *, #1404, .T. ) ;
#1047 = CARTESIAN_POINT ( 'NONE',  ( 16.41000000000000014, 0.5000000000000000000, -3.199999999999930456 ) ) ;
#1048 = STYLED_ITEM ( 'NONE', ( #875 ), #147 ) ;
#1049 = VECTOR ( 'NONE', #1039, 1000.000000000000000 ) ;
#1050 = EDGE_LOOP ( 'NONE', ( #216, #659, #803, #1131 ) ) ;
#1051 = AXIS2_PLACEMENT_3D ( 'NONE', #6, #671, #556 ) ;
#1052 = EDGE_CURVE ( 'NONE', #692, #1014, #252, .T. ) ;
#1053 = ADVANCED_FACE ( 'NONE', ( #133 ), #144, .F. ) ;
#1054 = ORIENTED_EDGE ( 'NONE', *, *, #926, .F. ) ;
#1055 = EDGE_LOOP ( 'NONE', ( #934, #814, #1101, #1098 ) ) ;
#1056 = DIRECTION ( 'NONE',  ( 1.000000000000000000, 0.000000000000000000, 0.000000000000000000 ) ) ;
#1057 = LINE ( 'NONE', #710, #690 ) ;
#1058 = EDGE_LOOP ( 'NONE', ( #977, #1288, #435, #1076 ) ) ;
#1059 = LINE ( 'NONE', #771, #509 ) ;
#1060 = LINE ( 'NONE', #1042, #1125 ) ;
#1061 = SURFACE_SIDE_STYLE ('',( #1136 ) ) ;
#1062 = ORIENTED_EDGE ( 'NONE', *, *, #997, .T. ) ;
#1063 = SHAPE_DEFINITION_REPRESENTATION ( #636, #148 ) ;
#1064 = CARTESIAN_POINT ( 'NONE',  ( 8.489999999999998437, 3.200000000000000178, -0.5699999999999999512 ) ) ;
#1065 = ORIENTED_EDGE ( 'NONE', *, *, #787, .F. ) ;
#1066 = CARTESIAN_POINT ( 'NONE',  ( 0.5699999999999999512, 10.90000000000000036, -0.3556406460551005400 ) ) ;
#1067 = PLANE ( 'NONE',  #706 ) ;
#1068 = EDGE_LOOP ( 'NONE', ( #1205, #935, #90, #955 ) ) ;
#1069 = ORIENTED_EDGE ( 'NONE', *, *, #486, .T. ) ;
#1070 = PRODUCT_DEFINITION_SHAPE ( 'NONE', 'NONE',  #1433 ) ;
#1071 = DIRECTION ( 'NONE',  ( 0.000000000000000000, 1.000000000000000000, 9.061988307341510612E-16 ) ) ;
#1072 =( GEOMETRIC_REPRESENTATION_CONTEXT ( 3 ) GLOBAL_UNCERTAINTY_ASSIGNED_CONTEXT ( ( #419 ) ) GLOBAL_UNIT_ASSIGNED_CONTEXT ( ( #905, #1265, #1250 ) ) REPRESENTATION_CONTEXT ( 'NONE', 'WORKASPACE' ) );
#1073 = ADVANCED_FACE ( 'NONE', ( #1035 ), #698, .F. ) ;
#1074 = ORIENTED_EDGE ( 'NONE', *, *, #1085, .F. ) ;
#1075 = DIRECTION ( 'NONE',  ( 0.000000000000000000, 0.000000000000000000, 1.000000000000000000 ) ) ;
#1076 = ORIENTED_EDGE ( 'NONE', *, *, #926, .T. ) ;
#1077 = LINE ( 'NONE', #554, #1355 ) ;
#1078 = ORIENTED_EDGE ( 'NONE', *, *, #1052, .F. ) ;
#1079 = VECTOR ( 'NONE', #779, 1000.000000000000000 ) ;
#1080 = VECTOR ( 'NONE', #100, 1000.000000000000000 ) ;
#1081 = ITEM_DEFINED_TRANSFORMATION ( 'NONE', 'NONE', #539,  #585 ) ;
#1082 = CARTESIAN_POINT ( 'NONE',  ( -0.5699999999999999512, -3.700000000000000178, -0.5699999999999999512 ) ) ;
#1083 = VERTEX_POINT ( 'NONE', #496 ) ;
#1084 = DIRECTION ( 'NONE',  ( 0.000000000000000000, 0.000000000000000000, 1.000000000000000000 ) ) ;
#1085 = EDGE_CURVE ( 'NONE', #863, #758, #355, .T. ) ;
#1086 = FACE_OUTER_BOUND ( 'NONE', #466, .T. ) ;
#1087 = PRODUCT ( 'B2P3-VH', 'B2P3-VH', '', ( #1170 ) ) ;
#1088 = ORIENTED_EDGE ( 'NONE', *, *, #457, .T. ) ;
#1089 = ORIENTED_EDGE ( 'NONE', *, *, #574, .F. ) ;
#1090 = APPLICATION_CONTEXT ( 'automotive_design' ) ;
#1091 = LINE ( 'NONE', #1008, #264 ) ;
#1092 = UNCERTAINTY_MEASURE_WITH_UNIT (LENGTH_MEASURE( 1.000000000000000082E-05 ), #40, 'distance_accuracy_value', 'NONE');
#1093 = DIRECTION ( 'NONE',  ( 0.000000000000000000, 0.7071067811865480168, -0.7071067811865470176 ) ) ;
#1094 = VERTEX_POINT ( 'NONE', #954 ) ;
#1095 = CARTESIAN_POINT ( 'NONE',  ( 8.489999999999998437, 7.488675134594829252, -3.699999999999920242 ) ) ;
#1096 = CARTESIAN_POINT ( 'NONE',  ( -0.3556406460551010396, -3.700000000000000178, 0.3556406460551010396 ) ) ;
#1097 = ORIENTED_EDGE ( 'NONE', *, *, #1253, .T. ) ;
#1098 = ORIENTED_EDGE ( 'NONE', *, *, #544, .T. ) ;
#1099 = CARTESIAN_POINT ( 'NONE',  ( -1.949999999999999956, -4.336808689942014778E-16, -2.000000000000000000 ) ) ;
#1100 = DIRECTION ( 'NONE',  ( -1.000000000000000000, 0.000000000000000000, 0.000000000000000000 ) ) ;
#1101 = ORIENTED_EDGE ( 'NONE', *, *, #49, .T. ) ;
#1102 = DIRECTION ( 'NONE',  ( -1.000000000000000000, 0.000000000000000000, 0.000000000000000000 ) ) ;
#1103 = FACE_BOUND ( 'NONE', #1176, .T. ) ;
#1104 = MANIFOLD_SOLID_BREP ( 'NONE', #590 ) ;
#1105 = CARTESIAN_POINT ( 'NONE',  ( -1.949999999999999956, 3.200000000000000178, 4.799999999999999822 ) ) ;
#1106 = COLOUR_RGB ( '',1.000000000000000000, 1.000000000000000000, 1.000000000000000000 ) ;
#1107 = ADVANCED_FACE ( 'NONE', ( #105 ), #577, .F. ) ;
#1108 = DIRECTION ( 'NONE',  ( 0.000000000000000000, -1.000000000000000000, 0.000000000000000000 ) ) ;
#1109 = FACE_OUTER_BOUND ( 'NONE', #205, .T. ) ;
#1110 = CARTESIAN_POINT ( 'NONE',  ( 7.349999999999999645, -4.336808689942014778E-16, -0.5699999999999999512 ) ) ;
#1111 = CARTESIAN_POINT ( 'NONE',  ( 0.5699999999999999512, -3.700000000000000178, -0.5699999999999999512 ) ) ;
#1112 = ADVANCED_BREP_SHAPE_REPRESENTATION ( '', ( #147, #585 ), #194 ) ;
#1113 = CARTESIAN_POINT ( 'NONE',  ( 8.489999999999998437, 7.488675134594829252, -3.699999999999920242 ) ) ;
#1114 = DIRECTION ( 'NONE',  ( 1.000000000000000000, 0.000000000000000000, 0.000000000000000000 ) ) ;
#1115 = CARTESIAN_POINT ( 'NONE',  ( 0.5699999999999999512, -3.700000000000000178, -0.3556406460551010396 ) ) ;
#1116 = PLANE ( 'NONE',  #575 ) ;
#1117 = DIRECTION ( 'NONE',  ( -1.000000000000000000, 0.000000000000000000, 0.000000000000000000 ) ) ;
#1118 = CARTESIAN_POINT ( 'NONE',  ( 9.870000000000000995, -4.336808689942014778E-16, -2.000000000000000000 ) ) ;
#1119 = LINE ( 'NONE', #579, #341 ) ;
#1120 = COLOUR_RGB ( '',1.000000000000000000, 1.000000000000000000, 1.000000000000000000 ) ;
#1121 = ADVANCED_FACE ( 'NONE', ( #541 ), #88, .T. ) ;
#1122 = EDGE_CURVE ( 'NONE', #715, #863, #300, .T. ) ;
#1123 = VERTEX_POINT ( 'NONE', #1184 ) ;
#1124 = DIRECTION ( 'NONE',  ( 0.000000000000000000, 1.000000000000000000, 0.000000000000000000 ) ) ;
#1125 = VECTOR ( 'NONE', #382, 1000.000000000000000 ) ;
#1126 = VECTOR ( 'NONE', #717, 1000.000000000000000 ) ;
#1127 = DIRECTION ( 'NONE',  ( 0.000000000000000000, 0.000000000000000000, -1.000000000000000000 ) ) ;
#1128 = CARTESIAN_POINT ( 'NONE',  ( 8.489999999999998437, -4.336808689942014778E-16, -2.699999999999930456 ) ) ;
#1129 = VECTOR ( 'NONE', #528, 1000.000000000000000 ) ;
#1130 = ADVANCED_FACE ( 'NONE', ( #1086 ), #319, .F. ) ;
#1131 = ORIENTED_EDGE ( 'NONE', *, *, #1347, .F. ) ;
#1132 = ORIENTED_EDGE ( 'NONE', *, *, #999, .T. ) ;
#1133 = LINE ( 'NONE', #389, #490 ) ;
#1134 = DIRECTION ( 'NONE',  ( -1.000000000000000000, 0.000000000000000000, 0.000000000000000000 ) ) ;
#1135 = ORIENTED_EDGE ( 'NONE', *, *, #417, .T. ) ;
#1136 = SURFACE_STYLE_FILL_AREA ( #623 ) ;
#1137 = CARTESIAN_POINT ( 'NONE',  ( 0.3556406460551010396, -3.700000000000000178, -0.3556406460551010396 ) ) ;
#1138 = AXIS2_PLACEMENT_3D ( 'NONE', #475, #929, #1019 ) ;
#1139 = COLOUR_RGB ( '',0.7960784313725489669, 0.8235294117647058432, 0.9372549019607843146 ) ;
#1140 = FACE_BOUND ( 'NONE', #82, .T. ) ;
#1141 = EDGE_LOOP ( 'NONE', ( #722, #505, #918, #78 ) ) ;
#1142 = CARTESIAN_POINT ( 'NONE',  ( 3.389999999999999680, -4.336808689942014778E-16, -0.5699999999999999512 ) ) ;
#1143 = EDGE_CURVE ( 'NONE', #867, #826, #1077, .T. ) ;
#1144 = EDGE_CURVE ( 'NONE', #853, #836, #650, .T. ) ;
#1145 = PLANE ( 'NONE',  #22 ) ;
#1146 = VECTOR ( 'NONE', #592, 1000.000000000000000 ) ;
#1147 = DIRECTION ( 'NONE',  ( 0.000000000000000000, -1.000000000000000000, -5.225070710773519302E-17 ) ) ;
#1148 = DIRECTION ( 'NONE',  ( -1.000000000000000000, 0.000000000000000000, 0.000000000000000000 ) ) ;
#1149 = SHAPE_REPRESENTATION_RELATIONSHIP ( 'NONE' , 'NONE' ,  #148, #26 ) ;
#1150 = CARTESIAN_POINT ( 'NONE',  ( -0.5699999999999999512, 0.000000000000000000, -2.000000000000000000 ) ) ;
#1151 = DIRECTION ( 'NONE',  ( 1.000000000000000000, 0.000000000000000000, 0.000000000000000000 ) ) ;
#1152 = ORIENTED_EDGE ( 'NONE', *, *, #417, .F. ) ;
#1153 =( REPRESENTATION_RELATIONSHIP ('NONE','NONE', #492, #148 ) REPRESENTATION_RELATIONSHIP_WITH_TRANSFORMATION ( #1081 )SHAPE_REPRESENTATION_RELATIONSHIP( ) );
#1154 = CARTESIAN_POINT ( 'NONE',  ( 9.870000000000000995, -4.336808689942014778E-16, -2.000000000000000000 ) ) ;
#1155 = ORIENTED_EDGE ( 'NONE', *, *, #634, .F. ) ;
#1156 = LINE ( 'NONE', #48, #53 ) ;
#1157 = ADVANCED_FACE ( 'NONE', ( #994 ), #327, .F. ) ;
#1158 = EDGE_CURVE ( 'NONE', #293, #777, #1197, .T. ) ;
#1159 = ORIENTED_EDGE ( 'NONE', *, *, #263, .F. ) ;
#1160 = VERTEX_POINT ( 'NONE', #852 ) ;
#1161 = CARTESIAN_POINT ( 'NONE',  ( 0.000000000000000000, 0.000000000000000000, 0.000000000000000000 ) ) ;
#1162 = LINE ( 'NONE', #1390, #1200 ) ;
#1163 = ORIENTED_EDGE ( 'NONE', *, *, #1192, .F. ) ;
#1164 = CARTESIAN_POINT ( 'NONE',  ( 16.41000000000000014, 9.400000000000000355, -3.299632742307099686 ) ) ;
#1165 = FACE_OUTER_BOUND ( 'NONE', #783, .T. ) ;
#1166 = VECTOR ( 'NONE', #845, 1000.000000000000000 ) ;
#1167 =( GEOMETRIC_REPRESENTATION_CONTEXT ( 3 ) GLOBAL_UNCERTAINTY_ASSIGNED_CONTEXT ( ( #303 ) ) GLOBAL_UNIT_ASSIGNED_CONTEXT ( ( #694, #1413, #112 ) ) REPRESENTATION_CONTEXT ( 'NONE', 'WORKASPACE' ) );
#1168 = VERTEX_POINT ( 'NONE', #1420 ) ;
#1169 = VECTOR ( 'NONE', #979, 1000.000000000000000 ) ;
#1170 = PRODUCT_CONTEXT ( 'NONE', #480, 'mechanical' ) ;
#1171 = DIRECTION ( 'NONE',  ( 0.000000000000000000, 0.000000000000000000, -1.000000000000000000 ) ) ;
#1172 = ORIENTED_EDGE ( 'NONE', *, *, #932, .T. ) ;
#1173 = CARTESIAN_POINT ( 'NONE',  ( -1.949999999999999956, 3.200000000000000178, 4.799999999999999822 ) ) ;
#1174 = CARTESIAN_POINT ( 'NONE',  ( 7.349999999999999645, -4.336808689942014778E-16, 0.5699999999999999512 ) ) ;
#1175 = EDGE_CURVE ( 'NONE', #692, #29, #1206, .T. ) ;
#1176 = EDGE_LOOP ( 'NONE', ( #642, #1388, #928, #697 ) ) ;
#1177 = DIRECTION ( 'NONE',  ( -1.000000000000000000, 0.000000000000000000, 0.000000000000000000 ) ) ;
#1178 = VERTEX_POINT ( 'NONE', #1323 ) ;
#1179 = EDGE_CURVE ( 'NONE', #1196, #1219, #780, .T. ) ;
#1180 = DIRECTION ( 'NONE',  ( -1.000000000000000000, 0.000000000000000000, 0.000000000000000000 ) ) ;
#1181 = ORIENTED_EDGE ( 'NONE', *, *, #1321, .F. ) ;
#1182 = CARTESIAN_POINT ( 'NONE',  ( 4.530000000000000249, -4.336808689942014778E-16, 0.5699999999999999512 ) ) ;
#1183 = LINE ( 'NONE', #865, #262 ) ;
#1184 = CARTESIAN_POINT ( 'NONE',  ( 8.489999999999998437, 3.200000000000000178, 0.5699999999999999512 ) ) ;
#1185 = EDGE_LOOP ( 'NONE', ( #1427, #1034, #397, #463 ) ) ;
#1186 = AXIS2_PLACEMENT_3D ( 'NONE', #141, #716, #1353 ) ;
#1187 = VECTOR ( 'NONE', #874, 1000.000000000000000 ) ;
#1188 = APPLICATION_PROTOCOL_DEFINITION ( 'draft international standard', 'automotive_design', 1998, #798 ) ;
#1189 = UNCERTAINTY_MEASURE_WITH_UNIT (LENGTH_MEASURE( 1.000000000000000082E-05 ), #1346, 'distance_accuracy_value', 'NONE');
#1190 = EDGE_CURVE ( 'NONE', #958, #612, #1213, .T. ) ;
#1191 = CARTESIAN_POINT ( 'NONE',  ( 8.489999999999998437, 3.200000000000000178, -0.5699999999999999512 ) ) ;
#1192 = EDGE_CURVE ( 'NONE', #963, #168, #442, .T. ) ;
#1193 = ORIENTED_EDGE ( 'NONE', *, *, #989, .F. ) ;
#1194 = LINE ( 'NONE', #1182, #1026 ) ;
#1195 = CARTESIAN_POINT ( 'NONE',  ( -0.5699999999999999512, 3.200000000000000178, -2.000000000000000000 ) ) ;
#1196 = VERTEX_POINT ( 'NONE', #334 ) ;
#1197 = LINE ( 'NONE', #533, #1169 ) ;
#1198 = ORIENTED_EDGE ( 'NONE', *, *, #350, .T. ) ;
#1199 = VERTEX_POINT ( 'NONE', #785 ) ;
#1200 = VECTOR ( 'NONE', #1359, 1000.000000000000000 ) ;
#1201 = VECTOR ( 'NONE', #909, 1000.000000000000000 ) ;
#1202 = DIRECTION ( 'NONE',  ( 1.000000000000000000, 0.000000000000000000, 0.000000000000000000 ) ) ;
#1203 = LINE ( 'NONE', #1164, #449 ) ;
#1204 = LINE ( 'NONE', #1111, #1222 ) ;
#1205 = ORIENTED_EDGE ( 'NONE', *, *, #868, .T. ) ;
#1206 = LINE ( 'NONE', #885, #755 ) ;
#1207 = ORIENTED_EDGE ( 'NONE', *, *, #850, .F. ) ;
#1208 = DIRECTION ( 'NONE',  ( 0.000000000000000000, -0.9396926207859082059, 0.3420201433256691015 ) ) ;
#1209 = CARTESIAN_POINT ( 'NONE',  ( -0.5699999999999999512, -4.336808689942014778E-16, 0.5699999999999999512 ) ) ;
#1210 = VERTEX_POINT ( 'NONE', #512 ) ;
#1211 = DIRECTION ( 'NONE',  ( 1.000000000000000000, 0.000000000000000000, 0.000000000000000000 ) ) ;
#1212 = PLANE ( 'NONE',  #171 ) ;
#1213 = LINE ( 'NONE', #670, #115 ) ;
#1214 = ADVANCED_FACE ( 'NONE', ( #94 ), #959, .F. ) ;
#1215 = ORIENTED_EDGE ( 'NONE', *, *, #368, .T. ) ;
#1216 = VECTOR ( 'NONE', #681, 1000.000000000000000 ) ;
#1217 = CARTESIAN_POINT ( 'NONE',  ( -0.5699999999999999512, 8.300000000000000711, -2.000000000000000000 ) ) ;
#1218 = CARTESIAN_POINT ( 'NONE',  ( 0.5699999999999999512, -3.700000000000000178, 0.3556406460551010396 ) ) ;
#1219 = VERTEX_POINT ( 'NONE', #1173 ) ;
#1220 =( NAMED_UNIT ( * ) SI_UNIT ( $, .STERADIAN. ) SOLID_ANGLE_UNIT ( ) );
#1221 = DIRECTION ( 'NONE',  ( -1.000000000000000000, 0.000000000000000000, 0.000000000000000000 ) ) ;
#1222 = VECTOR ( 'NONE', #639, 1000.000000000000000 ) ;
#1223 = CARTESIAN_POINT ( 'NONE',  ( 8.489999999999998437, 3.200000000000000178, -2.000000000000000000 ) ) ;
#1224 = VECTOR ( 'NONE', #1409, 1000.000000000000000 ) ;
#1225 = DIRECTION ( 'NONE',  ( 1.000000000000000000, 0.000000000000000000, 0.000000000000000000 ) ) ;
#1226 = PRESENTATION_STYLE_ASSIGNMENT (( #446 ) ) ;
#1227 = DIRECTION ( 'NONE',  ( 0.000000000000000000, 0.000000000000000000, -1.000000000000000000 ) ) ;
#1228 = EDGE_CURVE ( 'NONE', #1032, #715, #985, .T. ) ;
#1229 = DIRECTION ( 'NONE',  ( -1.000000000000000000, 0.000000000000000000, 0.000000000000000000 ) ) ;
#1230 = CARTESIAN_POINT ( 'NONE',  ( -1.949999999999999956, 3.200000000000000178, -2.000000000000000000 ) ) ;
#1231 = EDGE_CURVE ( 'NONE', #62, #832, #1194, .T. ) ;
#1232 = ADVANCED_FACE ( 'NONE', ( #538 ), #75, .F. ) ;
#1233 =( LENGTH_UNIT ( ) NAMED_UNIT ( * ) SI_UNIT ( .MILLI., .METRE. ) );
#1234 = FACE_OUTER_BOUND ( 'NONE', #312, .T. ) ;
#1235 = ORIENTED_EDGE ( 'NONE', *, *, #17, .T. ) ;
#1236 = DIRECTION ( 'NONE',  ( 0.000000000000000000, -6.195440985632059782E-16, -1.000000000000000000 ) ) ;
#1237 = CARTESIAN_POINT ( 'NONE',  ( 0.5699999999999999512, 10.09999999999999964, 0.000000000000000000 ) ) ;
#1238 = DIRECTION ( 'NONE',  ( 1.000000000000000000, 0.000000000000000000, 0.000000000000000000 ) ) ;
#1239 = EDGE_CURVE ( 'NONE', #101, #192, #742, .T. ) ;
#1240 = CARTESIAN_POINT ( 'NONE',  ( 0.5699999999999999512, 3.200000000000000178, -0.5699999999999999512 ) ) ;
#1241 = VERTEX_POINT ( 'NONE', #315 ) ;
#1242 = VECTOR ( 'NONE', #563, 1000.000000000000000 ) ;
#1243 = PRESENTATION_LAYER_ASSIGNMENT (  '', '', ( #431 ) ) ;
#1244 =( NAMED_UNIT ( * ) PLANE_ANGLE_UNIT ( ) SI_UNIT ( $, .RADIAN. ) );
#1245 = DIRECTION ( 'NONE',  ( 0.000000000000000000, 0.000000000000000000, 1.000000000000000000 ) ) ;
#1246 = VECTOR ( 'NONE', #1236, 1000.000000000000000 ) ;
#1247 = EDGE_CURVE ( 'NONE', #1241, #1123, #1059, .T. ) ;
#1248 = ORIENTED_EDGE ( 'NONE', *, *, #1267, .F. ) ;
#1249 = DIRECTION ( 'NONE',  ( 0.000000000000000000, 1.000000000000000000, 0.000000000000000000 ) ) ;
#1250 =( NAMED_UNIT ( * ) SI_UNIT ( $, .STERADIAN. ) SOLID_ANGLE_UNIT ( ) );
#1251 = PLANE ( 'NONE',  #806 ) ;
#1252 = EDGE_CURVE ( 'NONE', #1014, #851, #1293, .T. ) ;
#1253 = EDGE_CURVE ( 'NONE', #851, #832, #530, .T. ) ;
#1254 =( LENGTH_UNIT ( ) NAMED_UNIT ( * ) SI_UNIT ( .MILLI., .METRE. ) );
#1255 = LINE ( 'NONE', #1272, #1376 ) ;
#1256 = VECTOR ( 'NONE', #1238, 1000.000000000000000 ) ;
#1257 = CARTESIAN_POINT ( 'NONE',  ( 0.5699999999999999512, -2.899999999999999911, -0.5699999999999999512 ) ) ;
#1258 = DIRECTION ( 'NONE',  ( 0.000000000000000000, -0.2588190451025185190, 0.9659258262890689783 ) ) ;
#1259 = EDGE_LOOP ( 'NONE', ( #1074, #1387, #702, #484 ) ) ;
#1260 = VECTOR ( 'NONE', #1100, 1000.000000000000000 ) ;
#1261 = CARTESIAN_POINT ( 'NONE',  ( 3.389999999999999680, -4.336808689942014778E-16, 0.5699999999999999512 ) ) ;
#1262 = LINE ( 'NONE', #46, #1031 ) ;
#1263 = ORIENTED_EDGE ( 'NONE', *, *, #487, .F. ) ;
#1264 = VERTEX_POINT ( 'NONE', #387 ) ;
#1265 =( NAMED_UNIT ( * ) PLANE_ANGLE_UNIT ( ) SI_UNIT ( $, .RADIAN. ) );
#1266 = CARTESIAN_POINT ( 'NONE',  ( -1.949999999999999956, 3.200000000000000178, 4.799999999999999822 ) ) ;
#1267 = EDGE_CURVE ( 'NONE', #886, #1178, #638, .T. ) ;
#1268 = ORIENTED_EDGE ( 'NONE', *, *, #1360, .F. ) ;
#1269 = CARTESIAN_POINT ( 'NONE',  ( -0.5699999999999999512, 3.200000000000000178, 0.5699999999999999512 ) ) ;
#1270 = ORIENTED_EDGE ( 'NONE', *, *, #819, .F. ) ;
#1271 = APPLICATION_PROTOCOL_DEFINITION ( 'draft international standard', 'automotive_design', 1998, #1090 ) ;
#1272 = CARTESIAN_POINT ( 'NONE',  ( 0.3556406460551005400, 10.90000000000000036, -0.5699999999999999512 ) ) ;
#1273 = ORIENTED_EDGE ( 'NONE', *, *, #887, .F. ) ;
#1274 = DIRECTION ( 'NONE',  ( 0.2505628070857293666, -0.9351131265310305141, 0.2505628070857293666 ) ) ;
#1275 = ORIENTED_EDGE ( 'NONE', *, *, #1038, .T. ) ;
#1276 = AXIS2_PLACEMENT_3D ( 'NONE', #855, #942, #725 ) ;
#1277 = DIRECTION ( 'NONE',  ( 0.2505628070857293666, 0.9351131265310305141, -0.2505628070857293666 ) ) ;
#1278 = VERTEX_POINT ( 'NONE', #83 ) ;
#1279 = DIRECTION ( 'NONE',  ( 0.000000000000000000, 0.000000000000000000, 1.000000000000000000 ) ) ;
#1280 = CARTESIAN_POINT ( 'NONE',  ( 0.5699999999999999512, 10.90000000000000036, 0.5699999999999999512 ) ) ;
#1281 = ORIENTED_EDGE ( 'NONE', *, *, #214, .F. ) ;
#1282 = CARTESIAN_POINT ( 'NONE',  ( 16.41000000000000014, 8.300000000000000711, -3.699999999999925127 ) ) ;
#1283 = LINE ( 'NONE', #167, #517 ) ;
#1284 = VECTOR ( 'NONE', #1041, 1000.000000000000000 ) ;
#1285 = AXIS2_PLACEMENT_3D ( 'NONE', #1237, #568, #1009 ) ;
#1286 = ORIENTED_EDGE ( 'NONE', *, *, #198, .T. ) ;
#1287 = CARTESIAN_POINT ( 'NONE',  ( -1.949999999999999956, 0.000000000000000000, 0.000000000000000000 ) ) ;
#1288 = ORIENTED_EDGE ( 'NONE', *, *, #1334, .F. ) ;
#1289 = SHAPE_REPRESENTATION ( 'BxP-VH_3.STEP', ( #585 ), #194 ) ;
#1290 = LINE ( 'NONE', #1082, #965 ) ;
#1291 = PRODUCT_DEFINITION_SHAPE ( 'NONE', 'NONE',  #1431 ) ;
#1292 = VERTEX_POINT ( 'NONE', #627 ) ;
#1293 = LINE ( 'NONE', #978, #34 ) ;
#1294 = ORIENTED_EDGE ( 'NONE', *, *, #255, .F. ) ;
#1295 = DIRECTION ( 'NONE',  ( 0.000000000000000000, 0.000000000000000000, -1.000000000000000000 ) ) ;
#1296 = ORIENTED_EDGE ( 'NONE', *, *, #662, .F. ) ;
#1297 = ADVANCED_FACE ( 'NONE', ( #278 ), #521, .F. ) ;
#1298 = ADVANCED_FACE ( 'NONE', ( #1418 ), #422, .F. ) ;
#1299 = DIRECTION ( 'NONE',  ( 0.000000000000000000, 1.000000000000000000, 0.000000000000000000 ) ) ;
#1300 = EDGE_LOOP ( 'NONE', ( #532, #1313, #860, #1069 ) ) ;
#1301 = LINE ( 'NONE', #306, #843 ) ;
#1302 = LINE ( 'NONE', #307, #246 ) ;
#1303 = EDGE_LOOP ( 'NONE', ( #37, #215, #618, #661 ) ) ;
#1304 = CARTESIAN_POINT ( 'NONE',  ( 16.41000000000000014, 9.400000000000000355, -2.400367257692824996 ) ) ;
#1305 = ORIENTED_EDGE ( 'NONE', *, *, #880, .F. ) ;
#1306 = AXIS2_PLACEMENT_3D ( 'NONE', #969, #1411, #412 ) ;
#1307 = UNCERTAINTY_MEASURE_WITH_UNIT (LENGTH_MEASURE( 1.000000000000000082E-05 ), #1233, 'distance_accuracy_value', 'NONE');
#1308 = LINE ( 'NONE', #767, #173 ) ;
#1309 = ORIENTED_EDGE ( 'NONE', *, *, #634, .T. ) ;
#1310 = DIRECTION ( 'NONE',  ( 0.2505628070857293666, 0.9351131265310305141, -0.2505628070857293666 ) ) ;
#1311 = FACE_BOUND ( 'NONE', #520, .T. ) ;
#1312 = VECTOR ( 'NONE', #960, 1000.000000000000000 ) ;
#1313 = ORIENTED_EDGE ( 'NONE', *, *, #718, .F. ) ;
#1314 = VECTOR ( 'NONE', #493, 1000.000000000000000 ) ;
#1315 = VECTOR ( 'NONE', #116, 1000.000000000000000 ) ;
#1316 = CARTESIAN_POINT ( 'NONE',  ( 0.5699999999999999512, -3.700000000000000178, 0.5699999999999999512 ) ) ;
#1317 = CARTESIAN_POINT ( 'NONE',  ( -0.2975273339210819934, 11.11688183348025838, -0.2975273339210819934 ) ) ;
#1318 = EDGE_CURVE ( 'NONE', #416, #196, #1301, .T. ) ;
#1319 = EDGE_LOOP ( 'NONE', ( #411, #50, #305, #433, #666, #647 ) ) ;
#1320 = PLANE ( 'NONE',  #898 ) ;
#1321 = EDGE_CURVE ( 'NONE', #101, #1094, #1203, .T. ) ;
#1322 = CARTESIAN_POINT ( 'NONE',  ( 9.870000000000000995, 3.200000000000000178, 4.799999999999999822 ) ) ;
#1323 = CARTESIAN_POINT ( 'NONE',  ( -0.3556406460551005400, 10.90000000000000036, -0.3556406460551005400 ) ) ;
#1324 = CARTESIAN_POINT ( 'NONE',  ( 0.3556406460551010396, -3.700000000000000178, 0.3556406460551010396 ) ) ;
#1325 = LINE ( 'NONE', #655, #593 ) ;
#1326 = VERTEX_POINT ( 'NONE', #212 ) ;
#1327 =( NAMED_UNIT ( * ) PLANE_ANGLE_UNIT ( ) SI_UNIT ( $, .RADIAN. ) );
#1328 = DIRECTION ( 'NONE',  ( -1.000000000000000000, 0.000000000000000000, 0.000000000000000000 ) ) ;
#1329 = STYLED_ITEM ( 'NONE', ( #269 ), #26 ) ;
#1330 = FACE_OUTER_BOUND ( 'NONE', #1068, .T. ) ;
#1331 = CARTESIAN_POINT ( 'NONE',  ( 3.389999999999999680, 3.200000000000000178, 0.5699999999999999512 ) ) ;
#1332 = DIRECTION ( 'NONE',  ( 0.000000000000000000, 1.000000000000000000, 0.000000000000000000 ) ) ;
#1333 = FACE_OUTER_BOUND ( 'NONE', #289, .T. ) ;
#1334 = EDGE_CURVE ( 'NONE', #555, #1017, #619, .T. ) ;
#1335 = EDGE_CURVE ( 'NONE', #1168, #354, #648, .T. ) ;
#1336 = AXIS2_PLACEMENT_3D ( 'NONE', #730, #157, #59 ) ;
#1337 = LINE ( 'NONE', #1217, #677 ) ;
#1338 = VECTOR ( 'NONE', #1229, 1000.000000000000000 ) ;
#1339 = LINE ( 'NONE', #1230, #401 ) ;
#1340 = DIRECTION ( 'NONE',  ( 0.000000000000000000, 0.000000000000000000, -1.000000000000000000 ) ) ;
#1341 = DIRECTION ( 'NONE',  ( 0.000000000000000000, 1.000000000000000000, 0.000000000000000000 ) ) ;
#1342 = DIRECTION ( 'NONE',  ( -1.000000000000000000, 0.000000000000000000, 0.000000000000000000 ) ) ;
#1343 = SURFACE_STYLE_FILL_AREA ( #226 ) ;
#1344 = FACE_OUTER_BOUND ( 'NONE', #1362, .T. ) ;
#1345 = EDGE_LOOP ( 'NONE', ( #479, #19, #719, #1410 ) ) ;
#1346 =( LENGTH_UNIT ( ) NAMED_UNIT ( * ) SI_UNIT ( .MILLI., .METRE. ) );
#1347 = EDGE_CURVE ( 'NONE', #293, #958, #657, .T. ) ;
#1348 = DIRECTION ( 'NONE',  ( -1.000000000000000000, 0.000000000000000000, 0.000000000000000000 ) ) ;
#1349 = ORIENTED_EDGE ( 'NONE', *, *, #597, .T. ) ;
#1350 = LINE ( 'NONE', #703, #646 ) ;
#1351 = VECTOR ( 'NONE', #1340, 1000.000000000000000 ) ;
#1352 = VECTOR ( 'NONE', #1093, 1000.000000000000000 ) ;
#1353 = DIRECTION ( 'NONE',  ( 1.000000000000000000, 0.000000000000000000, 0.000000000000000000 ) ) ;
#1354 = DIRECTION ( 'NONE',  ( 0.000000000000000000, 0.000000000000000000, -1.000000000000000000 ) ) ;
#1355 = VECTOR ( 'NONE', #415, 1000.000000000000000 ) ;
#1356 = EDGE_CURVE ( 'NONE', #104, #1412, #290, .T. ) ;
#1357 = EDGE_CURVE ( 'NONE', #724, #1326, #570, .T. ) ;
#1358 = DIRECTION ( 'NONE',  ( 0.000000000000000000, 0.000000000000000000, -1.000000000000000000 ) ) ;
#1359 = DIRECTION ( 'NONE',  ( 0.000000000000000000, -1.000000000000000000, -5.225070710773519302E-17 ) ) ;
#1360 = EDGE_CURVE ( 'NONE', #1160, #826, #998, .T. ) ;
#1361 = CARTESIAN_POINT ( 'NONE',  ( 0.000000000000000000, 3.200000000000000178, 0.000000000000000000 ) ) ;
#1362 = EDGE_LOOP ( 'NONE', ( #1021, #199, #1043, #51 ) ) ;
#1363 = CARTESIAN_POINT ( 'NONE',  ( -3.959999999999999964, 0.000000000000000000, 0.000000000000000000 ) ) ;
#1364 = DIRECTION ( 'NONE',  ( 0.000000000000000000, -1.000000000000000000, 0.000000000000000000 ) ) ;
#1365 = ORIENTED_EDGE ( 'NONE', *, *, #1252, .F. ) ;
#1366 = CARTESIAN_POINT ( 'NONE',  ( -0.5699999999999999512, -4.336808689942014778E-16, 0.5699999999999999512 ) ) ;
#1367 = VECTOR ( 'NONE', #1127, 1000.000000000000000 ) ;
#1368 = FACE_OUTER_BOUND ( 'NONE', #749, .T. ) ;
#1369 = CARTESIAN_POINT ( 'NONE',  ( -0.3556406460551005400, 10.90000000000000036, 0.3556406460551005400 ) ) ;
#1370 = ADVANCED_FACE ( 'NONE', ( #558 ), #1320, .F. ) ;
#1371 = ADVANCED_FACE ( 'NONE', ( #2 ), #562, .T. ) ;
#1372 = ORIENTED_EDGE ( 'NONE', *, *, #1231, .T. ) ;
#1373 = CARTESIAN_POINT ( 'NONE',  ( 3.959999999999999964, 0.000000000000000000, 0.000000000000000000 ) ) ;
#1374 = AXIS2_PLACEMENT_3D ( 'NONE', #953, #396, #404 ) ;
#1375 = LINE ( 'NONE', #385, #548 ) ;
#1376 = VECTOR ( 'NONE', #259, 1000.000000000000000 ) ;
#1377 = COLOUR_RGB ( '',0.7960784313725489669, 0.8235294117647058432, 0.9372549019607843146 ) ;
#1378 = PLANE ( 'NONE',  #1374 ) ;
#1379 = ORIENTED_EDGE ( 'NONE', *, *, #472, .T. ) ;
#1380 = EDGE_LOOP ( 'NONE', ( #57, #731, #1417, #1281 ) ) ;
#1381 = ORIENTED_EDGE ( 'NONE', *, *, #31, .F. ) ;
#1382 = EDGE_CURVE ( 'NONE', #391, #390, #15, .T. ) ;
#1383 = DIRECTION ( 'NONE',  ( 1.000000000000000000, 0.000000000000000000, 0.000000000000000000 ) ) ;
#1384 = ORIENTED_EDGE ( 'NONE', *, *, #31, .T. ) ;
#1385 = FACE_OUTER_BOUND ( 'NONE', #624, .T. ) ;
#1386 = CARTESIAN_POINT ( 'NONE',  ( 0.3556406460551005400, 10.90000000000000036, 0.3556406460551005400 ) ) ;
#1387 = ORIENTED_EDGE ( 'NONE', *, *, #1122, .F. ) ;
#1388 = ORIENTED_EDGE ( 'NONE', *, *, #1144, .T. ) ;
#1389 = ITEM_DEFINED_TRANSFORMATION ( 'NONE', 'NONE', #221,  #1186 ) ;
#1390 = CARTESIAN_POINT ( 'NONE',  ( 8.489999999999998437, 0.000000000000000000, -2.000000000000000000 ) ) ;
#1391 = ORIENTED_EDGE ( 'NONE', *, *, #887, .T. ) ;
#1392 = DIRECTION ( 'NONE',  ( 1.000000000000000000, 0.000000000000000000, 0.000000000000000000 ) ) ;
#1393 = DIRECTION ( 'NONE',  ( 0.000000000000000000, 1.000000000000000000, 0.000000000000000000 ) ) ;
#1394 = VECTOR ( 'NONE', #1392, 1000.000000000000000 ) ;
#1395 = ORIENTED_EDGE ( 'NONE', *, *, #1334, .T. ) ;
#1396 = LINE ( 'NONE', #1028, #1246 ) ;
#1397 = ORIENTED_EDGE ( 'NONE', *, *, #242, .T. ) ;
#1398 = CARTESIAN_POINT ( 'NONE',  ( 8.489999999999998437, -4.336808689942014778E-16, 0.5699999999999999512 ) ) ;
#1399 = ORIENTED_EDGE ( 'NONE', *, *, #400, .T. ) ;
#1400 = DIRECTION ( 'NONE',  ( 1.000000000000000000, 0.000000000000000000, 0.000000000000000000 ) ) ;
#1401 = ORIENTED_EDGE ( 'NONE', *, *, #1179, .F. ) ;
#1402 = AXIS2_PLACEMENT_3D ( 'NONE', #695, #1020, #136 ) ;
#1403 = EDGE_CURVE ( 'NONE', #612, #354, #352, .T. ) ;
#1404 = EDGE_CURVE ( 'NONE', #104, #555, #685, .T. ) ;
#1405 = VECTOR ( 'NONE', #895, 1000.000000000000114 ) ;
#1406 = CARTESIAN_POINT ( 'NONE',  ( -1.949999999999999956, -4.336808689942014778E-16, -2.000000000000000000 ) ) ;
#1407 = ORIENTED_EDGE ( 'NONE', *, *, #1016, .F. ) ;
#1408 =( NAMED_UNIT ( * ) SI_UNIT ( $, .STERADIAN. ) SOLID_ANGLE_UNIT ( ) );
#1409 = DIRECTION ( 'NONE',  ( 0.000000000000000000, 0.000000000000000000, 1.000000000000000000 ) ) ;
#1410 = ORIENTED_EDGE ( 'NONE', *, *, #828, .F. ) ;
#1411 = DIRECTION ( 'NONE',  ( 0.000000000000000000, 0.000000000000000000, 1.000000000000000000 ) ) ;
#1412 = VERTEX_POINT ( 'NONE', #675 ) ;
#1413 =( NAMED_UNIT ( * ) PLANE_ANGLE_UNIT ( ) SI_UNIT ( $, .RADIAN. ) );
#1414 = ORIENTED_EDGE ( 'NONE', *, *, #351, .F. ) ;
#1415 = ORIENTED_EDGE ( 'NONE', *, *, #1052, .T. ) ;
#1416 = CARTESIAN_POINT ( 'NONE',  ( -0.5699999999999999512, 7.488675134594829252, -3.699999999999920242 ) ) ;
#1417 = ORIENTED_EDGE ( 'NONE', *, *, #663, .F. ) ;
#1418 = FACE_OUTER_BOUND ( 'NONE', #980, .T. ) ;
#1419 = FILL_AREA_STYLE_COLOUR ( '', #1106 ) ;
#1420 = CARTESIAN_POINT ( 'NONE',  ( 8.489999999999998437, 8.300000000000000711, -3.699999999999925127 ) ) ;
#1421 = ORIENTED_EDGE ( 'NONE', *, *, #1015, .F. ) ;
#1422 = EDGE_CURVE ( 'NONE', #1094, #52, #240, .T. ) ;
#1423 = ADVANCED_FACE ( 'NONE', ( #578 ), #135, .F. ) ;
#1424 = FACE_OUTER_BOUND ( 'NONE', #1259, .T. ) ;
#1425 = UNCERTAINTY_MEASURE_WITH_UNIT (LENGTH_MEASURE( 1.000000000000000082E-05 ), #1254, 'distance_accuracy_value', 'NONE');
#1426 = PLANE ( 'NONE',  #941 ) ;
#1427 = ORIENTED_EDGE ( 'NONE', *, *, #17, .F. ) ;
#1428 = CARTESIAN_POINT ( 'NONE',  ( -0.5699999999999999512, 10.09999999999999964, 0.000000000000000000 ) ) ;
#1429 = FACE_OUTER_BOUND ( 'NONE', #1380, .T. ) ;
#1430 = NEXT_ASSEMBLY_USAGE_OCCURRENCE ( 'NAUO1', ' ', ' ', #924, #816, $ ) ;
#1431 = NEXT_ASSEMBLY_USAGE_OCCURRENCE ( 'NAUO2', ' ', ' ', #816, #506, $ ) ;
#1432 = NEXT_ASSEMBLY_USAGE_OCCURRENCE ( 'NAUO3', ' ', ' ', #816, #727, $ ) ;
#1433 = NEXT_ASSEMBLY_USAGE_OCCURRENCE ( 'NAUO4', ' ', ' ', #816, #727, $ ) ;
ENDSEC;
END-ISO-10303-21;
