ISO-10303-21;
HEADER;
/* Generated by software containing ST-Developer
 * from STEP Tools, Inc. (www.steptools.com) 
 */

FILE_DESCRIPTION(
/* description */ (''),
/* implementation_level */ '2;1');

FILE_NAME(
/* name */ 'Y:\\Drawings, 3D Files\\CIT\\Relays\\J123F Series\\J123F1C.
stp',
/* time_stamp */ '2023-03-15T10:35:53-05:00',
/* author */ ('cnher'),
/* organization */ (''),
/* preprocessor_version */ 'ST-DEVELOPER v19',
/* originating_system */ 'Autodesk Inventor 2023',
/* authorisation */ '');

FILE_SCHEMA (('AUTOMOTIVE_DESIGN { 1 0 10303 214 3 1 1 }'));
ENDSEC;

DATA;
#10=MECHANICAL_DESIGN_GEOMETRIC_PRESENTATION_REPRESENTATION('',(#282,#283,
#284,#285),#6498);
#11=ITEM_DEFINED_TRANSFORMATION($,$,#3713,#3991);
#12=ITEM_DEFINED_TRANSFORMATION($,$,#3980,#3992);
#13=ITEM_DEFINED_TRANSFORMATION($,$,#3973,#3993);
#14=ITEM_DEFINED_TRANSFORMATION($,$,#3980,#3994);
#15=ITEM_DEFINED_TRANSFORMATION($,$,#3973,#3995);
#16=ITEM_DEFINED_TRANSFORMATION($,$,#3980,#3996);
#17=(
REPRESENTATION_RELATIONSHIP($,$,#6518,#6517)
REPRESENTATION_RELATIONSHIP_WITH_TRANSFORMATION(#11)
SHAPE_REPRESENTATION_RELATIONSHIP()
);
#18=(
REPRESENTATION_RELATIONSHIP($,$,#6520,#6517)
REPRESENTATION_RELATIONSHIP_WITH_TRANSFORMATION(#12)
SHAPE_REPRESENTATION_RELATIONSHIP()
);
#19=(
REPRESENTATION_RELATIONSHIP($,$,#6519,#6517)
REPRESENTATION_RELATIONSHIP_WITH_TRANSFORMATION(#13)
SHAPE_REPRESENTATION_RELATIONSHIP()
);
#20=(
REPRESENTATION_RELATIONSHIP($,$,#6520,#6517)
REPRESENTATION_RELATIONSHIP_WITH_TRANSFORMATION(#14)
SHAPE_REPRESENTATION_RELATIONSHIP()
);
#21=(
REPRESENTATION_RELATIONSHIP($,$,#6519,#6517)
REPRESENTATION_RELATIONSHIP_WITH_TRANSFORMATION(#15)
SHAPE_REPRESENTATION_RELATIONSHIP()
);
#22=(
REPRESENTATION_RELATIONSHIP($,$,#6520,#6517)
REPRESENTATION_RELATIONSHIP_WITH_TRANSFORMATION(#16)
SHAPE_REPRESENTATION_RELATIONSHIP()
);
#23=CONTEXT_DEPENDENT_SHAPE_REPRESENTATION(#17,#6511);
#24=CONTEXT_DEPENDENT_SHAPE_REPRESENTATION(#18,#6512);
#25=CONTEXT_DEPENDENT_SHAPE_REPRESENTATION(#19,#6513);
#26=CONTEXT_DEPENDENT_SHAPE_REPRESENTATION(#20,#6514);
#27=CONTEXT_DEPENDENT_SHAPE_REPRESENTATION(#21,#6515);
#28=CONTEXT_DEPENDENT_SHAPE_REPRESENTATION(#22,#6516);
#29=NEXT_ASSEMBLY_USAGE_OCCURRENCE('J123F1C12VDC_Cover:1',
'J123F1C12VDC_Cover:1','J123F1C12VDC_Cover:1',#6522,#6523,
'J123F1C12VDC_Cover:1');
#30=NEXT_ASSEMBLY_USAGE_OCCURRENCE('J123F_Terminal 1:1',
'J123F_Terminal 1:1','J123F_Terminal 1:1',#6522,#6525,
'J123F_Terminal 1:1');
#31=NEXT_ASSEMBLY_USAGE_OCCURRENCE('J123F_Terminal 2:1',
'J123F_Terminal 2:1','J123F_Terminal 2:1',#6522,#6524,
'J123F_Terminal 2:1');
#32=NEXT_ASSEMBLY_USAGE_OCCURRENCE('J123F_Terminal 1:3',
'J123F_Terminal 1:3','J123F_Terminal 1:3',#6522,#6525,
'J123F_Terminal 1:3');
#33=NEXT_ASSEMBLY_USAGE_OCCURRENCE('J123F_Terminal 2:2',
'J123F_Terminal 2:2','J123F_Terminal 2:2',#6522,#6524,
'J123F_Terminal 2:2');
#34=NEXT_ASSEMBLY_USAGE_OCCURRENCE('J123F_Terminal 1:5',
'J123F_Terminal 1:5','J123F_Terminal 1:5',#6522,#6525,
'J123F_Terminal 1:5');
#35=SHAPE_REPRESENTATION_RELATIONSHIP('SRR','None',#6518,#38);
#36=SHAPE_REPRESENTATION_RELATIONSHIP('SRR','None',#6519,#39);
#37=SHAPE_REPRESENTATION_RELATIONSHIP('SRR','None',#6520,#40);
#38=ADVANCED_BREP_SHAPE_REPRESENTATION('',(#41),#6495);
#39=ADVANCED_BREP_SHAPE_REPRESENTATION('',(#42),#6496);
#40=ADVANCED_BREP_SHAPE_REPRESENTATION('',(#43),#6497);
#41=MANIFOLD_SOLID_BREP('Solid1',#3621);
#42=MANIFOLD_SOLID_BREP('Solid1',#3622);
#43=MANIFOLD_SOLID_BREP('Solid1',#3623);
#44=ELLIPSE('',#3887,0.200015231064324,0.2);
#45=ELLIPSE('',#3888,0.200015231064324,0.2);
#46=ELLIPSE('',#3891,0.200015231064324,0.2);
#47=ELLIPSE('',#3892,0.200015231064324,0.2);
#48=ELLIPSE('',#3935,0.200015231064324,0.2);
#49=B_SPLINE_SURFACE_WITH_KNOTS('',2,1,((#5564,#5565),(#5566,#5567),(#5568,
#5569),(#5570,#5571)),.UNSPECIFIED.,.F.,.F.,.F.,(3,1,3),(2,2),(0.,1.,2.),
(0.,6.09478465575282),.UNSPECIFIED.);
#50=B_SPLINE_SURFACE_WITH_KNOTS('',2,1,((#5574,#5575),(#5576,#5577),(#5578,
#5579),(#5580,#5581)),.UNSPECIFIED.,.F.,.F.,.F.,(3,1,3),(2,2),(0.,1.,2.),
(0.,6.09478465575282),.UNSPECIFIED.);
#51=B_SPLINE_SURFACE_WITH_KNOTS('',2,1,((#5583,#5584),(#5585,#5586),(#5587,
#5588),(#5589,#5590)),.UNSPECIFIED.,.F.,.F.,.F.,(3,1,3),(2,2),(0.,1.,2.),
(0.,6.09478465575282),.UNSPECIFIED.);
#52=B_SPLINE_SURFACE_WITH_KNOTS('',2,1,((#5592,#5593),(#5594,#5595),(#5596,
#5597)),.UNSPECIFIED.,.F.,.F.,.F.,(3,3),(2,2),(0.,1.),(0.,6.09478465575282),
 .UNSPECIFIED.);
#53=B_SPLINE_SURFACE_WITH_KNOTS('',2,1,((#5605,#5606),(#5607,#5608),(#5609,
#5610),(#5611,#5612)),.UNSPECIFIED.,.F.,.F.,.F.,(3,1,3),(2,2),(0.,1.,2.),
(0.,6.09478465575282),.UNSPECIFIED.);
#54=B_SPLINE_SURFACE_WITH_KNOTS('',2,1,((#5614,#5615),(#5616,#5617),(#5618,
#5619),(#5620,#5621),(#5622,#5623)),.UNSPECIFIED.,.F.,.F.,.F.,(3,1,1,3),
(2,2),(0.,1.,2.,3.),(0.,6.09478465575282),.UNSPECIFIED.);
#55=B_SPLINE_SURFACE_WITH_KNOTS('',2,1,((#5625,#5626),(#5627,#5628),(#5629,
#5630),(#5631,#5632)),.UNSPECIFIED.,.F.,.F.,.F.,(3,1,3),(2,2),(0.,1.,2.),
(0.,6.09478465575282),.UNSPECIFIED.);
#56=B_SPLINE_SURFACE_WITH_KNOTS('',2,1,((#5634,#5635),(#5636,#5637),(#5638,
#5639),(#5640,#5641)),.UNSPECIFIED.,.F.,.F.,.F.,(3,1,3),(2,2),(0.,1.,2.),
(0.,6.09478465575282),.UNSPECIFIED.);
#57=B_SPLINE_SURFACE_WITH_KNOTS('',2,1,((#5645,#5646),(#5647,#5648),(#5649,
#5650),(#5651,#5652)),.UNSPECIFIED.,.F.,.F.,.F.,(3,1,3),(2,2),(0.,1.,2.),
(0.,6.09478465575282),.UNSPECIFIED.);
#58=B_SPLINE_SURFACE_WITH_KNOTS('',2,1,((#5671,#5672),(#5673,#5674),(#5675,
#5676)),.UNSPECIFIED.,.F.,.F.,.F.,(3,3),(2,2),(0.,1.),(0.,6.09478465575282),
 .UNSPECIFIED.);
#59=B_SPLINE_SURFACE_WITH_KNOTS('',2,1,((#5685,#5686),(#5687,#5688),(#5689,
#5690),(#5691,#5692)),.UNSPECIFIED.,.F.,.F.,.F.,(3,1,3),(2,2),(0.,1.,2.),
(0.,6.09478465575282),.UNSPECIFIED.);
#60=B_SPLINE_SURFACE_WITH_KNOTS('',2,1,((#5702,#5703),(#5704,#5705),(#5706,
#5707)),.UNSPECIFIED.,.F.,.F.,.F.,(3,3),(2,2),(0.,1.),(0.,6.09478465575282),
 .UNSPECIFIED.);
#61=B_SPLINE_SURFACE_WITH_KNOTS('',2,1,((#5714,#5715),(#5716,#5717),(#5718,
#5719)),.UNSPECIFIED.,.F.,.F.,.F.,(3,3),(2,2),(0.,1.),(0.,6.09478465575282),
 .UNSPECIFIED.);
#62=B_SPLINE_SURFACE_WITH_KNOTS('',2,1,((#5726,#5727),(#5728,#5729),(#5730,
#5731),(#5732,#5733)),.UNSPECIFIED.,.F.,.F.,.F.,(3,1,3),(2,2),(0.,1.,2.),
(0.,6.09478465575282),.UNSPECIFIED.);
#63=B_SPLINE_SURFACE_WITH_KNOTS('',2,1,((#5747,#5748),(#5749,#5750),(#5751,
#5752),(#5753,#5754)),.UNSPECIFIED.,.F.,.F.,.F.,(3,1,3),(2,2),(0.,1.,2.),
(0.,6.09478465575282),.UNSPECIFIED.);
#64=B_SPLINE_SURFACE_WITH_KNOTS('',2,1,((#5764,#5765),(#5766,#5767),(#5768,
#5769),(#5770,#5771)),.UNSPECIFIED.,.F.,.F.,.F.,(3,1,3),(2,2),(0.,1.,2.),
(0.,6.09478465575282),.UNSPECIFIED.);
#65=B_SPLINE_SURFACE_WITH_KNOTS('',2,1,((#5781,#5782),(#5783,#5784),(#5785,
#5786),(#5787,#5788)),.UNSPECIFIED.,.F.,.F.,.F.,(3,1,3),(2,2),(0.,1.,2.),
(0.,6.09478465575282),.UNSPECIFIED.);
#66=B_SPLINE_SURFACE_WITH_KNOTS('',2,1,((#5798,#5799),(#5800,#5801),(#5802,
#5803),(#5804,#5805)),.UNSPECIFIED.,.F.,.F.,.F.,(3,1,3),(2,2),(0.,1.,2.),
(0.,6.09478465575282),.UNSPECIFIED.);
#67=B_SPLINE_SURFACE_WITH_KNOTS('',2,1,((#5848,#5849),(#5850,#5851),(#5852,
#5853),(#5854,#5855)),.UNSPECIFIED.,.F.,.F.,.F.,(3,1,3),(2,2),(0.,1.,2.),
(0.,6.09478465575282),.UNSPECIFIED.);
#68=B_SPLINE_SURFACE_WITH_KNOTS('',2,1,((#5866,#5867),(#5868,#5869),(#5870,
#5871),(#5872,#5873)),.UNSPECIFIED.,.F.,.F.,.F.,(3,1,3),(2,2),(0.,1.,2.),
(0.,6.09478465575282),.UNSPECIFIED.);
#69=B_SPLINE_SURFACE_WITH_KNOTS('',2,1,((#5876,#5877),(#5878,#5879),(#5880,
#5881),(#5882,#5883)),.UNSPECIFIED.,.F.,.F.,.F.,(3,1,3),(2,2),(0.,1.,2.),
(0.,6.09478465575282),.UNSPECIFIED.);
#70=B_SPLINE_SURFACE_WITH_KNOTS('',2,1,((#5895,#5896),(#5897,#5898),(#5899,
#5900),(#5901,#5902)),.UNSPECIFIED.,.F.,.F.,.F.,(3,1,3),(2,2),(0.,1.,2.),
(0.,6.09478465575282),.UNSPECIFIED.);
#71=B_SPLINE_SURFACE_WITH_KNOTS('',2,1,((#5916,#5917),(#5918,#5919),(#5920,
#5921),(#5922,#5923)),.UNSPECIFIED.,.F.,.F.,.F.,(3,1,3),(2,2),(0.,1.,2.),
(0.,6.09478465575282),.UNSPECIFIED.);
#72=B_SPLINE_SURFACE_WITH_KNOTS('',2,1,((#5933,#5934),(#5935,#5936),(#5937,
#5938),(#5939,#5940),(#5941,#5942)),.UNSPECIFIED.,.F.,.F.,.F.,(3,1,1,3),
(2,2),(0.,1.,2.,3.),(0.,6.09478465575282),.UNSPECIFIED.);
#73=B_SPLINE_SURFACE_WITH_KNOTS('',2,1,((#5955,#5956),(#5957,#5958),(#5959,
#5960),(#5961,#5962)),.UNSPECIFIED.,.F.,.F.,.F.,(3,1,3),(2,2),(0.,1.,2.),
(0.,6.09478465575282),.UNSPECIFIED.);
#74=B_SPLINE_SURFACE_WITH_KNOTS('',2,1,((#5973,#5974),(#5975,#5976),(#5977,
#5978),(#5979,#5980)),.UNSPECIFIED.,.F.,.F.,.F.,(3,1,3),(2,2),(0.,1.,2.),
(0.,6.09478465575282),.UNSPECIFIED.);
#75=B_SPLINE_SURFACE_WITH_KNOTS('',2,1,((#5990,#5991),(#5992,#5993),(#5994,
#5995),(#5996,#5997)),.UNSPECIFIED.,.F.,.F.,.F.,(3,1,3),(2,2),(0.,1.,2.),
(0.,6.09478465575282),.UNSPECIFIED.);
#76=B_SPLINE_SURFACE_WITH_KNOTS('',2,1,((#6007,#6008),(#6009,#6010),(#6011,
#6012),(#6013,#6014)),.UNSPECIFIED.,.F.,.F.,.F.,(3,1,3),(2,2),(0.,1.,2.),
(0.,6.09478465575282),.UNSPECIFIED.);
#77=B_SPLINE_SURFACE_WITH_KNOTS('',2,1,((#6028,#6029),(#6030,#6031),(#6032,
#6033),(#6034,#6035)),.UNSPECIFIED.,.F.,.F.,.F.,(3,1,3),(2,2),(0.,1.,2.),
(0.,6.09478465575282),.UNSPECIFIED.);
#78=B_SPLINE_SURFACE_WITH_KNOTS('',2,1,((#6045,#6046),(#6047,#6048),(#6049,
#6050),(#6051,#6052)),.UNSPECIFIED.,.F.,.F.,.F.,(3,1,3),(2,2),(0.,1.,2.),
(0.,6.09478465575282),.UNSPECIFIED.);
#79=B_SPLINE_SURFACE_WITH_KNOTS('',2,1,((#6062,#6063),(#6064,#6065),(#6066,
#6067),(#6068,#6069)),.UNSPECIFIED.,.F.,.F.,.F.,(3,1,3),(2,2),(0.,1.,2.),
(0.,6.09478465575282),.UNSPECIFIED.);
#80=B_SPLINE_SURFACE_WITH_KNOTS('',2,1,((#6079,#6080),(#6081,#6082),(#6083,
#6084)),.UNSPECIFIED.,.F.,.F.,.F.,(3,3),(2,2),(0.,1.),(0.,6.09478465575282),
 .UNSPECIFIED.);
#81=B_SPLINE_SURFACE_WITH_KNOTS('',2,1,((#6095,#6096),(#6097,#6098),(#6099,
#6100)),.UNSPECIFIED.,.F.,.F.,.F.,(3,3),(2,2),(0.,1.),(0.,6.09478465575282),
 .UNSPECIFIED.);
#82=B_SPLINE_SURFACE_WITH_KNOTS('',2,1,((#6107,#6108),(#6109,#6110),(#6111,
#6112),(#6113,#6114)),.UNSPECIFIED.,.F.,.F.,.F.,(3,1,3),(2,2),(0.,1.,2.),
(0.,6.09478465575282),.UNSPECIFIED.);
#83=B_SPLINE_CURVE_WITH_KNOTS('',2,(#5203,#5204,#5205),.UNSPECIFIED.,.F.,
 .F.,(3,3),(0.,1.),.UNSPECIFIED.);
#84=B_SPLINE_CURVE_WITH_KNOTS('',2,(#5207,#5208,#5209,#5210),
 .UNSPECIFIED.,.F.,.F.,(3,1,3),(0.,1.,2.),.UNSPECIFIED.);
#85=B_SPLINE_CURVE_WITH_KNOTS('',2,(#5212,#5213,#5214),.UNSPECIFIED.,.F.,
 .F.,(3,3),(0.,1.),.UNSPECIFIED.);
#86=B_SPLINE_CURVE_WITH_KNOTS('',2,(#5216,#5217,#5218),.UNSPECIFIED.,.F.,
 .F.,(3,3),(0.,1.),.UNSPECIFIED.);
#87=B_SPLINE_CURVE_WITH_KNOTS('',2,(#5220,#5221,#5222,#5223),
 .UNSPECIFIED.,.F.,.F.,(3,1,3),(0.,1.,2.),.UNSPECIFIED.);
#88=B_SPLINE_CURVE_WITH_KNOTS('',2,(#5227,#5228,#5229,#5230),
 .UNSPECIFIED.,.F.,.F.,(3,1,3),(0.,1.,2.),.UNSPECIFIED.);
#89=B_SPLINE_CURVE_WITH_KNOTS('',2,(#5232,#5233,#5234,#5235),
 .UNSPECIFIED.,.F.,.F.,(3,1,3),(0.,1.,2.),.UNSPECIFIED.);
#90=B_SPLINE_CURVE_WITH_KNOTS('',2,(#5237,#5238,#5239,#5240),
 .UNSPECIFIED.,.F.,.F.,(3,1,3),(0.,1.,2.),.UNSPECIFIED.);
#91=B_SPLINE_CURVE_WITH_KNOTS('',2,(#5242,#5243,#5244,#5245),
 .UNSPECIFIED.,.F.,.F.,(3,1,3),(0.,1.,2.),.UNSPECIFIED.);
#92=B_SPLINE_CURVE_WITH_KNOTS('',2,(#5274,#5275,#5276,#5277),
 .UNSPECIFIED.,.F.,.F.,(3,1,3),(0.,1.,2.),.UNSPECIFIED.);
#93=B_SPLINE_CURVE_WITH_KNOTS('',2,(#5279,#5280,#5281,#5282),
 .UNSPECIFIED.,.F.,.F.,(3,1,3),(0.,1.,2.),.UNSPECIFIED.);
#94=B_SPLINE_CURVE_WITH_KNOTS('',2,(#5286,#5287,#5288,#5289),
 .UNSPECIFIED.,.F.,.F.,(3,1,3),(0.,1.,2.),.UNSPECIFIED.);
#95=B_SPLINE_CURVE_WITH_KNOTS('',2,(#5291,#5292,#5293,#5294),
 .UNSPECIFIED.,.F.,.F.,(3,1,3),(0.,1.,2.),.UNSPECIFIED.);
#96=B_SPLINE_CURVE_WITH_KNOTS('',2,(#5296,#5297,#5298,#5299,#5300),
 .UNSPECIFIED.,.F.,.F.,(3,1,1,3),(0.,1.,2.,3.),.UNSPECIFIED.);
#97=B_SPLINE_CURVE_WITH_KNOTS('',2,(#5302,#5303,#5304,#5305),
 .UNSPECIFIED.,.F.,.F.,(3,1,3),(0.,1.,2.),.UNSPECIFIED.);
#98=B_SPLINE_CURVE_WITH_KNOTS('',2,(#5313,#5314,#5315),.UNSPECIFIED.,.F.,
 .F.,(3,3),(0.,1.),.UNSPECIFIED.);
#99=B_SPLINE_CURVE_WITH_KNOTS('',2,(#5317,#5318,#5319,#5320),
 .UNSPECIFIED.,.F.,.F.,(3,1,3),(0.,1.,2.),.UNSPECIFIED.);
#100=B_SPLINE_CURVE_WITH_KNOTS('',2,(#5321,#5322,#5323,#5324),
 .UNSPECIFIED.,.F.,.F.,(3,1,3),(0.,1.,2.),.UNSPECIFIED.);
#101=B_SPLINE_CURVE_WITH_KNOTS('',2,(#5327,#5328,#5329,#5330),
 .UNSPECIFIED.,.F.,.F.,(3,1,3),(0.,1.,2.),.UNSPECIFIED.);
#102=B_SPLINE_CURVE_WITH_KNOTS('',2,(#5334,#5335,#5336,#5337),
 .UNSPECIFIED.,.F.,.F.,(3,1,3),(0.,1.,2.),.UNSPECIFIED.);
#103=B_SPLINE_CURVE_WITH_KNOTS('',2,(#5347,#5348,#5349,#5350),
 .UNSPECIFIED.,.F.,.F.,(3,1,3),(0.,1.,2.),.UNSPECIFIED.);
#104=B_SPLINE_CURVE_WITH_KNOTS('',2,(#5352,#5353,#5354,#5355),
 .UNSPECIFIED.,.F.,.F.,(3,1,3),(0.,1.,2.),.UNSPECIFIED.);
#105=B_SPLINE_CURVE_WITH_KNOTS('',2,(#5359,#5360,#5361,#5362),
 .UNSPECIFIED.,.F.,.F.,(3,1,3),(0.,1.,2.),.UNSPECIFIED.);
#106=B_SPLINE_CURVE_WITH_KNOTS('',2,(#5364,#5365,#5366,#5367,#5368),
 .UNSPECIFIED.,.F.,.F.,(3,1,1,3),(0.,1.,2.,3.),.UNSPECIFIED.);
#107=B_SPLINE_CURVE_WITH_KNOTS('',2,(#5370,#5371,#5372,#5373),
 .UNSPECIFIED.,.F.,.F.,(3,1,3),(0.,1.,2.),.UNSPECIFIED.);
#108=B_SPLINE_CURVE_WITH_KNOTS('',2,(#5375,#5376,#5377,#5378),
 .UNSPECIFIED.,.F.,.F.,(3,1,3),(0.,1.,2.),.UNSPECIFIED.);
#109=B_SPLINE_CURVE_WITH_KNOTS('',2,(#5380,#5381,#5382,#5383),
 .UNSPECIFIED.,.F.,.F.,(3,1,3),(0.,1.,2.),.UNSPECIFIED.);
#110=B_SPLINE_CURVE_WITH_KNOTS('',2,(#5385,#5386,#5387,#5388),
 .UNSPECIFIED.,.F.,.F.,(3,1,3),(0.,1.,2.),.UNSPECIFIED.);
#111=B_SPLINE_CURVE_WITH_KNOTS('',2,(#5392,#5393,#5394,#5395),
 .UNSPECIFIED.,.F.,.F.,(3,1,3),(0.,1.,2.),.UNSPECIFIED.);
#112=B_SPLINE_CURVE_WITH_KNOTS('',2,(#5397,#5398,#5399,#5400),
 .UNSPECIFIED.,.F.,.F.,(3,1,3),(0.,1.,2.),.UNSPECIFIED.);
#113=B_SPLINE_CURVE_WITH_KNOTS('',2,(#5402,#5403,#5404,#5405),
 .UNSPECIFIED.,.F.,.F.,(3,1,3),(0.,1.,2.),.UNSPECIFIED.);
#114=B_SPLINE_CURVE_WITH_KNOTS('',2,(#5407,#5408,#5409),.UNSPECIFIED.,.F.,
 .F.,(3,3),(0.,1.),.UNSPECIFIED.);
#115=B_SPLINE_CURVE_WITH_KNOTS('',2,(#5413,#5414,#5415),.UNSPECIFIED.,.F.,
 .F.,(3,3),(0.,1.),.UNSPECIFIED.);
#116=B_SPLINE_CURVE_WITH_KNOTS('',2,(#5416,#5417,#5418,#5419),
 .UNSPECIFIED.,.F.,.F.,(3,1,3),(0.,1.,2.),.UNSPECIFIED.);
#117=B_SPLINE_CURVE_WITH_KNOTS('',3,(#5488,#5489,#5490,#5491,#5492,#5493,
#5494),.UNSPECIFIED.,.F.,.F.,(4,3,4),(-0.0616626826310816,-0.0308313413155408,
0.),.UNSPECIFIED.);
#118=B_SPLINE_CURVE_WITH_KNOTS('',3,(#5496,#5497,#5498,#5499,#5500,#5501,
#5502,#5503,#5504,#5505),.UNSPECIFIED.,.F.,.F.,(4,3,3,4),(-0.0398483052277513,
-0.0265655368185009,-0.0132827684092504,0.),.UNSPECIFIED.);
#119=B_SPLINE_CURVE_WITH_KNOTS('',3,(#5507,#5508,#5509,#5510,#5511,#5512,
#5513),.UNSPECIFIED.,.F.,.F.,(4,3,4),(-0.123737617725818,-0.0618688088629092,
0.),.UNSPECIFIED.);
#120=B_SPLINE_CURVE_WITH_KNOTS('',3,(#5515,#5516,#5517,#5518,#5519,#5520,
#5521),.UNSPECIFIED.,.F.,.F.,(4,3,4),(-0.117488474532141,-0.0587442372660704,
0.),.UNSPECIFIED.);
#121=B_SPLINE_CURVE_WITH_KNOTS('',3,(#5525,#5526,#5527,#5528,#5529,#5530,
#5531),.UNSPECIFIED.,.F.,.F.,(4,3,4),(-0.0439667134677028,-0.0219833567338514,
0.),.UNSPECIFIED.);
#122=B_SPLINE_CURVE_WITH_KNOTS('',3,(#5533,#5534,#5535,#5536,#5537,#5538,
#5539),.UNSPECIFIED.,.F.,.F.,(4,3,4),(-0.0626621912272963,-0.0313310956136482,
0.),.UNSPECIFIED.);
#123=B_SPLINE_CURVE_WITH_KNOTS('',3,(#5541,#5542,#5543,#5544,#5545,#5546,
#5547),.UNSPECIFIED.,.F.,.F.,(4,3,4),(-0.0791724772322724,-0.0395862386161362,
0.),.UNSPECIFIED.);
#124=B_SPLINE_CURVE_WITH_KNOTS('',3,(#5549,#5550,#5551,#5552,#5553,#5554,
#5555),.UNSPECIFIED.,.F.,.F.,(4,3,4),(-0.0586836648347726,-0.0293418324173863,
0.),.UNSPECIFIED.);
#125=B_SPLINE_CURVE_WITH_KNOTS('',3,(#5557,#5558,#5559,#5560),
 .UNSPECIFIED.,.F.,.F.,(4,4),(-0.0148713326081411,0.),.UNSPECIFIED.);
#126=B_SPLINE_CURVE_WITH_KNOTS('',3,(#5678,#5679,#5680,#5681,#5682,#5683),
 .UNSPECIFIED.,.F.,.F.,(4,2,4),(-0.0346012810735418,-0.017719177135333,
0.),.UNSPECIFIED.);
#127=B_SPLINE_CURVE_WITH_KNOTS('',3,(#5694,#5695,#5696,#5697,#5698,#5699,
#5700),.UNSPECIFIED.,.F.,.F.,(4,3,4),(-0.0741899239988348,-0.0370949619994174,
0.),.UNSPECIFIED.);
#128=B_SPLINE_CURVE_WITH_KNOTS('',3,(#5709,#5710,#5711,#5712),
 .UNSPECIFIED.,.F.,.F.,(4,4),(-0.0434389256289552,0.),.UNSPECIFIED.);
#129=B_SPLINE_CURVE_WITH_KNOTS('',3,(#5721,#5722,#5723,#5724),
 .UNSPECIFIED.,.F.,.F.,(4,4),(-0.0512934428404984,0.),.UNSPECIFIED.);
#130=B_SPLINE_CURVE_WITH_KNOTS('',3,(#5735,#5736,#5737,#5738,#5739,#5740,
#5741),.UNSPECIFIED.,.F.,.F.,(4,3,4),(-0.11805372052659,-0.0590268602632952,
0.),.UNSPECIFIED.);
#131=B_SPLINE_CURVE_WITH_KNOTS('',3,(#5756,#5757,#5758,#5759,#5760,#5761,
#5762),.UNSPECIFIED.,.F.,.F.,(4,3,4),(-0.0419949126466059,-0.0209974563233029,
0.),.UNSPECIFIED.);
#132=B_SPLINE_CURVE_WITH_KNOTS('',3,(#5773,#5774,#5775,#5776,#5777,#5778,
#5779),.UNSPECIFIED.,.F.,.F.,(4,3,4),(-0.0489687652213225,-0.0244843826106612,
0.),.UNSPECIFIED.);
#133=B_SPLINE_CURVE_WITH_KNOTS('',3,(#5790,#5791,#5792,#5793,#5794,#5795,
#5796),.UNSPECIFIED.,.F.,.F.,(4,3,4),(-0.0875021689491843,-0.0437510844745922,
0.),.UNSPECIFIED.);
#134=B_SPLINE_CURVE_WITH_KNOTS('',3,(#5807,#5808,#5809,#5810,#5811,#5812,
#5813),.UNSPECIFIED.,.F.,.F.,(4,3,4),(-0.0472059453417362,-0.0236029726708681,
0.),.UNSPECIFIED.);
#135=B_SPLINE_CURVE_WITH_KNOTS('',3,(#5829,#5830,#5831,#5832,#5833,#5834),
 .UNSPECIFIED.,.F.,.F.,(4,2,4),(-0.0635413072920959,-0.0367718287283462,
0.),.UNSPECIFIED.);
#136=B_SPLINE_CURVE_WITH_KNOTS('',3,(#5838,#5839,#5840,#5841,#5842,#5843,
#5844),.UNSPECIFIED.,.F.,.F.,(4,3,4),(-0.0432227923241273,-0.0216113961620637,
0.),.UNSPECIFIED.);
#137=B_SPLINE_CURVE_WITH_KNOTS('',3,(#5887,#5888,#5889,#5890,#5891,#5892,
#5893),.UNSPECIFIED.,.F.,.F.,(4,3,4),(-0.0448776406861864,-0.0224388203430932,
0.),.UNSPECIFIED.);
#138=B_SPLINE_CURVE_WITH_KNOTS('',3,(#5904,#5905,#5906,#5907,#5908,#5909,
#5910),.UNSPECIFIED.,.F.,.F.,(4,3,4),(-0.0714127166401917,-0.0357063583200958,
0.),.UNSPECIFIED.);
#139=B_SPLINE_CURVE_WITH_KNOTS('',3,(#5925,#5926,#5927,#5928,#5929,#5930,
#5931),.UNSPECIFIED.,.F.,.F.,(4,3,4),(-0.110776449384878,-0.0553882246924389,
0.),.UNSPECIFIED.);
#140=B_SPLINE_CURVE_WITH_KNOTS('',3,(#5944,#5945,#5946,#5947,#5948,#5949,
#5950,#5951,#5952,#5953),.UNSPECIFIED.,.F.,.F.,(4,3,3,4),(-0.0819764010571972,
-0.0546509340381314,-0.0273254670190657,0.),.UNSPECIFIED.);
#141=B_SPLINE_CURVE_WITH_KNOTS('',3,(#5964,#5965,#5966,#5967,#5968,#5969,
#5970,#5971),.UNSPECIFIED.,.F.,.F.,(4,2,2,4),(-0.0360160336584432,-0.0259550372530614,
-0.014733556999392,0.),.UNSPECIFIED.);
#142=B_SPLINE_CURVE_WITH_KNOTS('',3,(#5982,#5983,#5984,#5985,#5986,#5987,
#5988),.UNSPECIFIED.,.F.,.F.,(4,3,4),(-0.069583038916764,-0.034791519458382,
0.),.UNSPECIFIED.);
#143=B_SPLINE_CURVE_WITH_KNOTS('',3,(#5999,#6000,#6001,#6002,#6003,#6004,
#6005),.UNSPECIFIED.,.F.,.F.,(4,3,4),(-0.0791736193857937,-0.0395868096928969,
0.),.UNSPECIFIED.);
#144=B_SPLINE_CURVE_WITH_KNOTS('',3,(#6016,#6017,#6018,#6019,#6020,#6021,
#6022),.UNSPECIFIED.,.F.,.F.,(4,3,4),(-0.0780310040414395,-0.0390155020207197,
0.),.UNSPECIFIED.);
#145=B_SPLINE_CURVE_WITH_KNOTS('',3,(#6037,#6038,#6039,#6040,#6041,#6042,
#6043),.UNSPECIFIED.,.F.,.F.,(4,3,4),(-0.0484721688314597,-0.0242360844157299,
0.),.UNSPECIFIED.);
#146=B_SPLINE_CURVE_WITH_KNOTS('',3,(#6054,#6055,#6056,#6057,#6058,#6059,
#6060),.UNSPECIFIED.,.F.,.F.,(4,3,4),(-0.0507791856570447,-0.0253895928285224,
0.),.UNSPECIFIED.);
#147=B_SPLINE_CURVE_WITH_KNOTS('',3,(#6071,#6072,#6073,#6074,#6075,#6076,
#6077),.UNSPECIFIED.,.F.,.F.,(4,3,4),(-0.0547185327189003,-0.0273592663594502,
0.),.UNSPECIFIED.);
#148=B_SPLINE_CURVE_WITH_KNOTS('',3,(#6086,#6087,#6088,#6089),
 .UNSPECIFIED.,.F.,.F.,(4,4),(-0.014672269732498,0.),.UNSPECIFIED.);
#149=B_SPLINE_CURVE_WITH_KNOTS('',3,(#6102,#6103,#6104,#6105),
 .UNSPECIFIED.,.F.,.F.,(4,4),(-0.00326738306402938,0.),.UNSPECIFIED.);
#150=B_SPLINE_CURVE_WITH_KNOTS('',3,(#6115,#6116,#6117,#6118,#6119,#6120,
#6121),.UNSPECIFIED.,.F.,.F.,(4,3,4),(-0.0379138693397973,-0.0189569346698987,
0.),.UNSPECIFIED.);
#151=FACE_BOUND('',#1233,.T.);
#152=FACE_BOUND('',#1234,.T.);
#153=FACE_BOUND('',#1235,.T.);
#154=FACE_BOUND('',#1236,.T.);
#155=FACE_BOUND('',#1237,.T.);
#156=FACE_BOUND('',#1238,.T.);
#157=FACE_BOUND('',#1239,.T.);
#158=FACE_BOUND('',#1264,.T.);
#159=FACE_BOUND('',#1265,.T.);
#160=FACE_BOUND('',#1267,.T.);
#161=FACE_BOUND('',#1268,.T.);
#162=FACE_BOUND('',#1269,.T.);
#163=FACE_BOUND('',#1271,.T.);
#164=FACE_BOUND('',#1395,.T.);
#165=FACE_BOUND('',#1396,.T.);
#166=FACE_BOUND('',#1417,.T.);
#167=PLANE('',#3762);
#168=PLANE('',#3825);
#169=PLANE('',#3826);
#170=PLANE('',#3827);
#171=PLANE('',#3828);
#172=PLANE('',#3829);
#173=PLANE('',#3830);
#174=PLANE('',#3831);
#175=PLANE('',#3832);
#176=PLANE('',#3833);
#177=PLANE('',#3834);
#178=PLANE('',#3835);
#179=PLANE('',#3836);
#180=PLANE('',#3837);
#181=PLANE('',#3838);
#182=PLANE('',#3839);
#183=PLANE('',#3840);
#184=PLANE('',#3841);
#185=PLANE('',#3842);
#186=PLANE('',#3843);
#187=PLANE('',#3844);
#188=PLANE('',#3845);
#189=PLANE('',#3846);
#190=PLANE('',#3847);
#191=PLANE('',#3848);
#192=PLANE('',#3849);
#193=PLANE('',#3850);
#194=PLANE('',#3851);
#195=PLANE('',#3852);
#196=PLANE('',#3853);
#197=PLANE('',#3854);
#198=PLANE('',#3855);
#199=PLANE('',#3856);
#200=PLANE('',#3857);
#201=PLANE('',#3858);
#202=PLANE('',#3859);
#203=PLANE('',#3860);
#204=PLANE('',#3861);
#205=PLANE('',#3862);
#206=PLANE('',#3863);
#207=PLANE('',#3864);
#208=PLANE('',#3865);
#209=PLANE('',#3866);
#210=PLANE('',#3867);
#211=PLANE('',#3868);
#212=PLANE('',#3869);
#213=PLANE('',#3870);
#214=PLANE('',#3871);
#215=PLANE('',#3872);
#216=PLANE('',#3873);
#217=PLANE('',#3874);
#218=PLANE('',#3875);
#219=PLANE('',#3876);
#220=PLANE('',#3877);
#221=PLANE('',#3878);
#222=PLANE('',#3879);
#223=PLANE('',#3880);
#224=PLANE('',#3881);
#225=PLANE('',#3882);
#226=PLANE('',#3883);
#227=PLANE('',#3884);
#228=PLANE('',#3885);
#229=PLANE('',#3886);
#230=PLANE('',#3889);
#231=PLANE('',#3890);
#232=PLANE('',#3893);
#233=PLANE('',#3894);
#234=PLANE('',#3895);
#235=PLANE('',#3896);
#236=PLANE('',#3897);
#237=PLANE('',#3898);
#238=PLANE('',#3899);
#239=PLANE('',#3900);
#240=PLANE('',#3901);
#241=PLANE('',#3902);
#242=PLANE('',#3903);
#243=PLANE('',#3904);
#244=PLANE('',#3905);
#245=PLANE('',#3906);
#246=PLANE('',#3907);
#247=PLANE('',#3908);
#248=PLANE('',#3909);
#249=PLANE('',#3910);
#250=PLANE('',#3911);
#251=PLANE('',#3912);
#252=PLANE('',#3913);
#253=PLANE('',#3914);
#254=PLANE('',#3915);
#255=PLANE('',#3916);
#256=PLANE('',#3917);
#257=PLANE('',#3918);
#258=PLANE('',#3927);
#259=PLANE('',#3931);
#260=PLANE('',#3936);
#261=PLANE('',#3957);
#262=PLANE('',#3959);
#263=PLANE('',#3962);
#264=PLANE('',#3966);
#265=PLANE('',#3969);
#266=PLANE('',#3970);
#267=PLANE('',#3971);
#268=PLANE('',#3972);
#269=PLANE('',#3974);
#270=PLANE('',#3975);
#271=PLANE('',#3976);
#272=PLANE('',#3977);
#273=PLANE('',#3978);
#274=PLANE('',#3979);
#275=PLANE('',#3984);
#276=PLANE('',#3985);
#277=PLANE('',#3986);
#278=PLANE('',#3987);
#279=PLANE('',#3988);
#280=PLANE('',#3989);
#281=PLANE('',#3990);
#282=STYLED_ITEM('',(#3662),#3434);
#283=STYLED_ITEM('',(#3661),#41);
#284=STYLED_ITEM('',(#3663),#42);
#285=STYLED_ITEM('',(#3663),#43);
#286=TOROIDAL_SURFACE('',#3734,0.693649167310371,0.2);
#287=TOROIDAL_SURFACE('',#3739,2.54364916731037,0.2);
#288=TOROIDAL_SURFACE('',#3745,0.693649167310371,0.2);
#289=TOROIDAL_SURFACE('',#3749,0.693649167310371,0.2);
#290=TOROIDAL_SURFACE('',#3755,2.54364916731037,0.2);
#291=TOROIDAL_SURFACE('',#3759,0.693649167310371,0.2);
#292=TOROIDAL_SURFACE('',#3774,0.693649167310371,0.2);
#293=TOROIDAL_SURFACE('',#3782,0.69364916731037,0.2);
#294=TOROIDAL_SURFACE('',#3785,0.693649167310371,0.2);
#295=TOROIDAL_SURFACE('',#3792,0.30635083268963,0.2);
#296=TOROIDAL_SURFACE('',#3795,0.69364916731037,0.2);
#297=TOROIDAL_SURFACE('',#3802,0.69364916731037,0.2);
#298=TOROIDAL_SURFACE('',#3805,0.30635083268963,0.2);
#299=TOROIDAL_SURFACE('',#3812,0.69364916731037,0.2);
#300=TOROIDAL_SURFACE('',#3815,0.69364916731037,0.2);
#301=TOROIDAL_SURFACE('',#3818,3.96409750440974,0.2);
#302=TOROIDAL_SURFACE('',#3823,0.69364916731037,0.2);
#303=TOROIDAL_SURFACE('',#3919,0.64,0.2);
#304=TOROIDAL_SURFACE('',#3928,1.04,0.2);
#305=LINE('',#4918,#645);
#306=LINE('',#4920,#646);
#307=LINE('',#4922,#647);
#308=LINE('',#4924,#648);
#309=LINE('',#4926,#649);
#310=LINE('',#4929,#650);
#311=LINE('',#4938,#651);
#312=LINE('',#4939,#652);
#313=LINE('',#4948,#653);
#314=LINE('',#4950,#654);
#315=LINE('',#4952,#655);
#316=LINE('',#4954,#656);
#317=LINE('',#4956,#657);
#318=LINE('',#4957,#658);
#319=LINE('',#4963,#659);
#320=LINE('',#4964,#660);
#321=LINE('',#4984,#661);
#322=LINE('',#4985,#662);
#323=LINE('',#5002,#663);
#324=LINE('',#5003,#664);
#325=LINE('',#5018,#665);
#326=LINE('',#5022,#666);
#327=LINE('',#5026,#667);
#328=LINE('',#5030,#668);
#329=LINE('',#5038,#669);
#330=LINE('',#5042,#670);
#331=LINE('',#5046,#671);
#332=LINE('',#5050,#672);
#333=LINE('',#5053,#673);
#334=LINE('',#5056,#674);
#335=LINE('',#5058,#675);
#336=LINE('',#5060,#676);
#337=LINE('',#5061,#677);
#338=LINE('',#5064,#678);
#339=LINE('',#5066,#679);
#340=LINE('',#5068,#680);
#341=LINE('',#5069,#681);
#342=LINE('',#5072,#682);
#343=LINE('',#5074,#683);
#344=LINE('',#5076,#684);
#345=LINE('',#5077,#685);
#346=LINE('',#5080,#686);
#347=LINE('',#5082,#687);
#348=LINE('',#5084,#688);
#349=LINE('',#5085,#689);
#350=LINE('',#5088,#690);
#351=LINE('',#5090,#691);
#352=LINE('',#5092,#692);
#353=LINE('',#5093,#693);
#354=LINE('',#5103,#694);
#355=LINE('',#5107,#695);
#356=LINE('',#5119,#696);
#357=LINE('',#5123,#697);
#358=LINE('',#5135,#698);
#359=LINE('',#5139,#699);
#360=LINE('',#5151,#700);
#361=LINE('',#5155,#701);
#362=LINE('',#5171,#702);
#363=LINE('',#5176,#703);
#364=LINE('',#5178,#704);
#365=LINE('',#5179,#705);
#366=LINE('',#5182,#706);
#367=LINE('',#5184,#707);
#368=LINE('',#5185,#708);
#369=LINE('',#5188,#709);
#370=LINE('',#5190,#710);
#371=LINE('',#5191,#711);
#372=LINE('',#5195,#712);
#373=LINE('',#5197,#713);
#374=LINE('',#5199,#714);
#375=LINE('',#5201,#715);
#376=LINE('',#5225,#716);
#377=LINE('',#5247,#717);
#378=LINE('',#5248,#718);
#379=LINE('',#5251,#719);
#380=LINE('',#5253,#720);
#381=LINE('',#5255,#721);
#382=LINE('',#5257,#722);
#383=LINE('',#5259,#723);
#384=LINE('',#5261,#724);
#385=LINE('',#5263,#725);
#386=LINE('',#5265,#726);
#387=LINE('',#5267,#727);
#388=LINE('',#5269,#728);
#389=LINE('',#5270,#729);
#390=LINE('',#5284,#730);
#391=LINE('',#5307,#731);
#392=LINE('',#5309,#732);
#393=LINE('',#5311,#733);
#394=LINE('',#5332,#734);
#395=LINE('',#5339,#735);
#396=LINE('',#5341,#736);
#397=LINE('',#5343,#737);
#398=LINE('',#5344,#738);
#399=LINE('',#5357,#739);
#400=LINE('',#5390,#740);
#401=LINE('',#5411,#741);
#402=LINE('',#5423,#742);
#403=LINE('',#5425,#743);
#404=LINE('',#5427,#744);
#405=LINE('',#5429,#745);
#406=LINE('',#5431,#746);
#407=LINE('',#5433,#747);
#408=LINE('',#5435,#748);
#409=LINE('',#5437,#749);
#410=LINE('',#5439,#750);
#411=LINE('',#5441,#751);
#412=LINE('',#5442,#752);
#413=LINE('',#5445,#753);
#414=LINE('',#5447,#754);
#415=LINE('',#5448,#755);
#416=LINE('',#5452,#756);
#417=LINE('',#5453,#757);
#418=LINE('',#5454,#758);
#419=LINE('',#5457,#759);
#420=LINE('',#5458,#760);
#421=LINE('',#5460,#761);
#422=LINE('',#5461,#762);
#423=LINE('',#5463,#763);
#424=LINE('',#5465,#764);
#425=LINE('',#5467,#765);
#426=LINE('',#5469,#766);
#427=LINE('',#5471,#767);
#428=LINE('',#5473,#768);
#429=LINE('',#5475,#769);
#430=LINE('',#5477,#770);
#431=LINE('',#5479,#771);
#432=LINE('',#5481,#772);
#433=LINE('',#5486,#773);
#434=LINE('',#5523,#774);
#435=LINE('',#5562,#775);
#436=LINE('',#5563,#776);
#437=LINE('',#5572,#777);
#438=LINE('',#5573,#778);
#439=LINE('',#5582,#779);
#440=LINE('',#5591,#780);
#441=LINE('',#5598,#781);
#442=LINE('',#5600,#782);
#443=LINE('',#5602,#783);
#444=LINE('',#5604,#784);
#445=LINE('',#5613,#785);
#446=LINE('',#5624,#786);
#447=LINE('',#5633,#787);
#448=LINE('',#5642,#788);
#449=LINE('',#5644,#789);
#450=LINE('',#5655,#790);
#451=LINE('',#5657,#791);
#452=LINE('',#5658,#792);
#453=LINE('',#5661,#793);
#454=LINE('',#5662,#794);
#455=LINE('',#5665,#795);
#456=LINE('',#5666,#796);
#457=LINE('',#5669,#797);
#458=LINE('',#5670,#798);
#459=LINE('',#5684,#799);
#460=LINE('',#5701,#800);
#461=LINE('',#5713,#801);
#462=LINE('',#5725,#802);
#463=LINE('',#5742,#803);
#464=LINE('',#5745,#804);
#465=LINE('',#5746,#805);
#466=LINE('',#5763,#806);
#467=LINE('',#5780,#807);
#468=LINE('',#5797,#808);
#469=LINE('',#5814,#809);
#470=LINE('',#5817,#810);
#471=LINE('',#5818,#811);
#472=LINE('',#5820,#812);
#473=LINE('',#5825,#813);
#474=LINE('',#5827,#814);
#475=LINE('',#5836,#815);
#476=LINE('',#5846,#816);
#477=LINE('',#5847,#817);
#478=LINE('',#5856,#818);
#479=LINE('',#5857,#819);
#480=LINE('',#5859,#820);
#481=LINE('',#5861,#821);
#482=LINE('',#5863,#822);
#483=LINE('',#5865,#823);
#484=LINE('',#5874,#824);
#485=LINE('',#5885,#825);
#486=LINE('',#5894,#826);
#487=LINE('',#5911,#827);
#488=LINE('',#5914,#828);
#489=LINE('',#5915,#829);
#490=LINE('',#5932,#830);
#491=LINE('',#5954,#831);
#492=LINE('',#5972,#832);
#493=LINE('',#5989,#833);
#494=LINE('',#6006,#834);
#495=LINE('',#6023,#835);
#496=LINE('',#6026,#836);
#497=LINE('',#6027,#837);
#498=LINE('',#6044,#838);
#499=LINE('',#6061,#839);
#500=LINE('',#6078,#840);
#501=LINE('',#6090,#841);
#502=LINE('',#6093,#842);
#503=LINE('',#6094,#843);
#504=LINE('',#6106,#844);
#505=LINE('',#6126,#845);
#506=LINE('',#6128,#846);
#507=LINE('',#6130,#847);
#508=LINE('',#6131,#848);
#509=LINE('',#6134,#849);
#510=LINE('',#6136,#850);
#511=LINE('',#6137,#851);
#512=LINE('',#6139,#852);
#513=LINE('',#6141,#853);
#514=LINE('',#6142,#854);
#515=LINE('',#6144,#855);
#516=LINE('',#6147,#856);
#517=LINE('',#6149,#857);
#518=LINE('',#6150,#858);
#519=LINE('',#6153,#859);
#520=LINE('',#6155,#860);
#521=LINE('',#6156,#861);
#522=LINE('',#6158,#862);
#523=LINE('',#6159,#863);
#524=LINE('',#6164,#864);
#525=LINE('',#6166,#865);
#526=LINE('',#6168,#866);
#527=LINE('',#6169,#867);
#528=LINE('',#6171,#868);
#529=LINE('',#6172,#869);
#530=LINE('',#6174,#870);
#531=LINE('',#6175,#871);
#532=LINE('',#6180,#872);
#533=LINE('',#6182,#873);
#534=LINE('',#6184,#874);
#535=LINE('',#6185,#875);
#536=LINE('',#6187,#876);
#537=LINE('',#6188,#877);
#538=LINE('',#6190,#878);
#539=LINE('',#6191,#879);
#540=LINE('',#6194,#880);
#541=LINE('',#6197,#881);
#542=LINE('',#6201,#882);
#543=LINE('',#6204,#883);
#544=LINE('',#6206,#884);
#545=LINE('',#6209,#885);
#546=LINE('',#6213,#886);
#547=LINE('',#6216,#887);
#548=LINE('',#6220,#888);
#549=LINE('',#6222,#889);
#550=LINE('',#6223,#890);
#551=LINE('',#6226,#891);
#552=LINE('',#6227,#892);
#553=LINE('',#6230,#893);
#554=LINE('',#6232,#894);
#555=LINE('',#6233,#895);
#556=LINE('',#6236,#896);
#557=LINE('',#6237,#897);
#558=LINE('',#6240,#898);
#559=LINE('',#6242,#899);
#560=LINE('',#6243,#900);
#561=LINE('',#6246,#901);
#562=LINE('',#6247,#902);
#563=LINE('',#6250,#903);
#564=LINE('',#6252,#904);
#565=LINE('',#6253,#905);
#566=LINE('',#6256,#906);
#567=LINE('',#6257,#907);
#568=LINE('',#6260,#908);
#569=LINE('',#6262,#909);
#570=LINE('',#6263,#910);
#571=LINE('',#6266,#911);
#572=LINE('',#6267,#912);
#573=LINE('',#6270,#913);
#574=LINE('',#6271,#914);
#575=LINE('',#6273,#915);
#576=LINE('',#6277,#916);
#577=LINE('',#6278,#917);
#578=LINE('',#6280,#918);
#579=LINE('',#6284,#919);
#580=LINE('',#6285,#920);
#581=LINE('',#6287,#921);
#582=LINE('',#6291,#922);
#583=LINE('',#6292,#923);
#584=LINE('',#6294,#924);
#585=LINE('',#6298,#925);
#586=LINE('',#6299,#926);
#587=LINE('',#6301,#927);
#588=LINE('',#6315,#928);
#589=LINE('',#6325,#929);
#590=LINE('',#6327,#930);
#591=LINE('',#6329,#931);
#592=LINE('',#6331,#932);
#593=LINE('',#6333,#933);
#594=LINE('',#6336,#934);
#595=LINE('',#6341,#935);
#596=LINE('',#6344,#936);
#597=LINE('',#6347,#937);
#598=LINE('',#6349,#938);
#599=LINE('',#6351,#939);
#600=LINE('',#6352,#940);
#601=LINE('',#6365,#941);
#602=LINE('',#6367,#942);
#603=LINE('',#6368,#943);
#604=LINE('',#6376,#944);
#605=LINE('',#6378,#945);
#606=LINE('',#6379,#946);
#607=LINE('',#6383,#947);
#608=LINE('',#6388,#948);
#609=LINE('',#6389,#949);
#610=LINE('',#6391,#950);
#611=LINE('',#6395,#951);
#612=LINE('',#6402,#952);
#613=LINE('',#6406,#953);
#614=LINE('',#6408,#954);
#615=LINE('',#6409,#955);
#616=LINE('',#6413,#956);
#617=LINE('',#6421,#957);
#618=LINE('',#6423,#958);
#619=LINE('',#6425,#959);
#620=LINE('',#6426,#960);
#621=LINE('',#6429,#961);
#622=LINE('',#6431,#962);
#623=LINE('',#6432,#963);
#624=LINE('',#6435,#964);
#625=LINE('',#6437,#965);
#626=LINE('',#6438,#966);
#627=LINE('',#6440,#967);
#628=LINE('',#6441,#968);
#629=LINE('',#6450,#969);
#630=LINE('',#6453,#970);
#631=LINE('',#6456,#971);
#632=LINE('',#6458,#972);
#633=LINE('',#6459,#973);
#634=LINE('',#6462,#974);
#635=LINE('',#6464,#975);
#636=LINE('',#6466,#976);
#637=LINE('',#6467,#977);
#638=LINE('',#6470,#978);
#639=LINE('',#6471,#979);
#640=LINE('',#6474,#980);
#641=LINE('',#6475,#981);
#642=LINE('',#6478,#982);
#643=LINE('',#6479,#983);
#644=LINE('',#6481,#984);
#645=VECTOR('',#4011,10.);
#646=VECTOR('',#4012,10.);
#647=VECTOR('',#4013,10.);
#648=VECTOR('',#4014,10.);
#649=VECTOR('',#4015,10.);
#650=VECTOR('',#4018,10.);
#651=VECTOR('',#4029,10.);
#652=VECTOR('',#4030,10.);
#653=VECTOR('',#4041,10.);
#654=VECTOR('',#4042,10.);
#655=VECTOR('',#4043,10.);
#656=VECTOR('',#4044,10.);
#657=VECTOR('',#4045,10.);
#658=VECTOR('',#4046,10.);
#659=VECTOR('',#4055,10.);
#660=VECTOR('',#4056,10.);
#661=VECTOR('',#4079,10.);
#662=VECTOR('',#4080,0.2);
#663=VECTOR('',#4101,0.2);
#664=VECTOR('',#4102,10.);
#665=VECTOR('',#4121,0.2);
#666=VECTOR('',#4124,0.2);
#667=VECTOR('',#4127,0.2);
#668=VECTOR('',#4130,0.2);
#669=VECTOR('',#4137,0.2);
#670=VECTOR('',#4140,0.2);
#671=VECTOR('',#4143,0.2);
#672=VECTOR('',#4146,0.2);
#673=VECTOR('',#4149,0.2);
#674=VECTOR('',#4150,10.);
#675=VECTOR('',#4151,10.);
#676=VECTOR('',#4152,10.);
#677=VECTOR('',#4153,10.);
#678=VECTOR('',#4154,10.);
#679=VECTOR('',#4155,10.);
#680=VECTOR('',#4156,10.);
#681=VECTOR('',#4157,10.);
#682=VECTOR('',#4158,10.);
#683=VECTOR('',#4159,10.);
#684=VECTOR('',#4160,10.);
#685=VECTOR('',#4161,10.);
#686=VECTOR('',#4162,10.);
#687=VECTOR('',#4163,10.);
#688=VECTOR('',#4164,10.);
#689=VECTOR('',#4165,10.);
#690=VECTOR('',#4166,10.);
#691=VECTOR('',#4167,10.);
#692=VECTOR('',#4168,10.);
#693=VECTOR('',#4169,10.);
#694=VECTOR('',#4182,10.);
#695=VECTOR('',#4187,10.);
#696=VECTOR('',#4204,10.);
#697=VECTOR('',#4209,10.);
#698=VECTOR('',#4226,10.);
#699=VECTOR('',#4231,10.);
#700=VECTOR('',#4248,10.);
#701=VECTOR('',#4253,10.);
#702=VECTOR('',#4276,10.);
#703=VECTOR('',#4283,10.);
#704=VECTOR('',#4284,10.);
#705=VECTOR('',#4285,10.);
#706=VECTOR('',#4288,10.);
#707=VECTOR('',#4289,10.);
#708=VECTOR('',#4290,10.);
#709=VECTOR('',#4293,10.);
#710=VECTOR('',#4294,10.);
#711=VECTOR('',#4295,10.);
#712=VECTOR('',#4298,10.);
#713=VECTOR('',#4299,10.);
#714=VECTOR('',#4300,10.);
#715=VECTOR('',#4301,10.);
#716=VECTOR('',#4302,10.);
#717=VECTOR('',#4303,10.);
#718=VECTOR('',#4304,10.);
#719=VECTOR('',#4305,10.);
#720=VECTOR('',#4306,10.);
#721=VECTOR('',#4307,10.);
#722=VECTOR('',#4308,10.);
#723=VECTOR('',#4309,10.);
#724=VECTOR('',#4310,10.);
#725=VECTOR('',#4311,10.);
#726=VECTOR('',#4312,10.);
#727=VECTOR('',#4313,10.);
#728=VECTOR('',#4314,10.);
#729=VECTOR('',#4315,10.);
#730=VECTOR('',#4318,10.);
#731=VECTOR('',#4319,10.);
#732=VECTOR('',#4320,10.);
#733=VECTOR('',#4321,10.);
#734=VECTOR('',#4322,10.);
#735=VECTOR('',#4323,10.);
#736=VECTOR('',#4324,10.);
#737=VECTOR('',#4325,10.);
#738=VECTOR('',#4326,10.);
#739=VECTOR('',#4327,10.);
#740=VECTOR('',#4328,10.);
#741=VECTOR('',#4329,10.);
#742=VECTOR('',#4332,10.);
#743=VECTOR('',#4333,10.);
#744=VECTOR('',#4334,10.);
#745=VECTOR('',#4335,10.);
#746=VECTOR('',#4336,10.);
#747=VECTOR('',#4337,10.);
#748=VECTOR('',#4338,10.);
#749=VECTOR('',#4339,10.);
#750=VECTOR('',#4340,10.);
#751=VECTOR('',#4341,10.);
#752=VECTOR('',#4342,10.);
#753=VECTOR('',#4343,10.);
#754=VECTOR('',#4344,10.);
#755=VECTOR('',#4345,10.);
#756=VECTOR('',#4348,10.);
#757=VECTOR('',#4349,10.);
#758=VECTOR('',#4350,10.);
#759=VECTOR('',#4353,10.);
#760=VECTOR('',#4354,10.);
#761=VECTOR('',#4357,10.);
#762=VECTOR('',#4358,10.);
#763=VECTOR('',#4361,10.);
#764=VECTOR('',#4364,10.);
#765=VECTOR('',#4367,10.);
#766=VECTOR('',#4370,10.);
#767=VECTOR('',#4373,10.);
#768=VECTOR('',#4376,10.);
#769=VECTOR('',#4379,10.);
#770=VECTOR('',#4382,10.);
#771=VECTOR('',#4385,10.);
#772=VECTOR('',#4388,10.);
#773=VECTOR('',#4393,10.);
#774=VECTOR('',#4394,10.);
#775=VECTOR('',#4395,10.);
#776=VECTOR('',#4396,10.);
#777=VECTOR('',#4397,10.);
#778=VECTOR('',#4398,10.);
#779=VECTOR('',#4399,10.);
#780=VECTOR('',#4400,10.);
#781=VECTOR('',#4401,10.);
#782=VECTOR('',#4404,10.);
#783=VECTOR('',#4407,10.);
#784=VECTOR('',#4410,10.);
#785=VECTOR('',#4411,10.);
#786=VECTOR('',#4412,10.);
#787=VECTOR('',#4413,10.);
#788=VECTOR('',#4414,10.);
#789=VECTOR('',#4417,10.);
#790=VECTOR('',#4420,10.);
#791=VECTOR('',#4421,10.);
#792=VECTOR('',#4422,10.);
#793=VECTOR('',#4425,10.);
#794=VECTOR('',#4426,10.);
#795=VECTOR('',#4429,10.);
#796=VECTOR('',#4430,10.);
#797=VECTOR('',#4433,10.);
#798=VECTOR('',#4434,10.);
#799=VECTOR('',#4435,10.);
#800=VECTOR('',#4436,10.);
#801=VECTOR('',#4437,10.);
#802=VECTOR('',#4438,10.);
#803=VECTOR('',#4439,10.);
#804=VECTOR('',#4442,10.);
#805=VECTOR('',#4443,10.);
#806=VECTOR('',#4444,10.);
#807=VECTOR('',#4445,10.);
#808=VECTOR('',#4446,10.);
#809=VECTOR('',#4447,10.);
#810=VECTOR('',#4450,10.);
#811=VECTOR('',#4451,10.);
#812=VECTOR('',#4454,10.);
#813=VECTOR('',#4459,10.);
#814=VECTOR('',#4460,10.);
#815=VECTOR('',#4461,10.);
#816=VECTOR('',#4462,10.);
#817=VECTOR('',#4463,10.);
#818=VECTOR('',#4464,10.);
#819=VECTOR('',#4465,10.);
#820=VECTOR('',#4468,10.);
#821=VECTOR('',#4471,10.);
#822=VECTOR('',#4474,10.);
#823=VECTOR('',#4477,10.);
#824=VECTOR('',#4478,10.);
#825=VECTOR('',#4481,10.);
#826=VECTOR('',#4482,10.);
#827=VECTOR('',#4483,10.);
#828=VECTOR('',#4486,10.);
#829=VECTOR('',#4487,10.);
#830=VECTOR('',#4488,10.);
#831=VECTOR('',#4489,10.);
#832=VECTOR('',#4490,10.);
#833=VECTOR('',#4491,10.);
#834=VECTOR('',#4492,10.);
#835=VECTOR('',#4493,10.);
#836=VECTOR('',#4496,10.);
#837=VECTOR('',#4497,10.);
#838=VECTOR('',#4498,10.);
#839=VECTOR('',#4499,10.);
#840=VECTOR('',#4500,10.);
#841=VECTOR('',#4501,10.);
#842=VECTOR('',#4504,10.);
#843=VECTOR('',#4505,10.);
#844=VECTOR('',#4506,10.);
#845=VECTOR('',#4513,10.);
#846=VECTOR('',#4514,10.);
#847=VECTOR('',#4515,10.);
#848=VECTOR('',#4516,10.);
#849=VECTOR('',#4519,10.);
#850=VECTOR('',#4520,10.);
#851=VECTOR('',#4521,10.);
#852=VECTOR('',#4524,10.);
#853=VECTOR('',#4525,10.);
#854=VECTOR('',#4526,10.);
#855=VECTOR('',#4529,10.);
#856=VECTOR('',#4532,10.);
#857=VECTOR('',#4533,10.);
#858=VECTOR('',#4534,10.);
#859=VECTOR('',#4537,10.);
#860=VECTOR('',#4538,10.);
#861=VECTOR('',#4539,10.);
#862=VECTOR('',#4542,10.);
#863=VECTOR('',#4543,10.);
#864=VECTOR('',#4548,10.);
#865=VECTOR('',#4549,10.);
#866=VECTOR('',#4550,10.);
#867=VECTOR('',#4551,10.);
#868=VECTOR('',#4554,10.);
#869=VECTOR('',#4555,10.);
#870=VECTOR('',#4558,10.);
#871=VECTOR('',#4559,10.);
#872=VECTOR('',#4564,10.);
#873=VECTOR('',#4565,10.);
#874=VECTOR('',#4566,10.);
#875=VECTOR('',#4567,10.);
#876=VECTOR('',#4570,10.);
#877=VECTOR('',#4571,10.);
#878=VECTOR('',#4574,10.);
#879=VECTOR('',#4575,10.);
#880=VECTOR('',#4580,10.);
#881=VECTOR('',#4583,10.);
#882=VECTOR('',#4586,10.);
#883=VECTOR('',#4589,10.);
#884=VECTOR('',#4592,10.);
#885=VECTOR('',#4595,10.);
#886=VECTOR('',#4598,10.);
#887=VECTOR('',#4601,10.);
#888=VECTOR('',#4606,10.);
#889=VECTOR('',#4607,10.);
#890=VECTOR('',#4608,10.);
#891=VECTOR('',#4611,10.);
#892=VECTOR('',#4612,10.);
#893=VECTOR('',#4615,10.);
#894=VECTOR('',#4616,10.);
#895=VECTOR('',#4617,10.);
#896=VECTOR('',#4620,10.);
#897=VECTOR('',#4621,10.);
#898=VECTOR('',#4624,10.);
#899=VECTOR('',#4625,10.);
#900=VECTOR('',#4626,10.);
#901=VECTOR('',#4629,10.);
#902=VECTOR('',#4630,10.);
#903=VECTOR('',#4633,10.);
#904=VECTOR('',#4634,10.);
#905=VECTOR('',#4635,10.);
#906=VECTOR('',#4638,10.);
#907=VECTOR('',#4639,10.);
#908=VECTOR('',#4642,10.);
#909=VECTOR('',#4643,10.);
#910=VECTOR('',#4644,10.);
#911=VECTOR('',#4647,10.);
#912=VECTOR('',#4648,10.);
#913=VECTOR('',#4651,10.);
#914=VECTOR('',#4652,10.);
#915=VECTOR('',#4655,10.);
#916=VECTOR('',#4660,10.);
#917=VECTOR('',#4661,10.);
#918=VECTOR('',#4664,10.);
#919=VECTOR('',#4669,10.);
#920=VECTOR('',#4670,10.);
#921=VECTOR('',#4673,10.);
#922=VECTOR('',#4678,10.);
#923=VECTOR('',#4679,10.);
#924=VECTOR('',#4682,10.);
#925=VECTOR('',#4687,10.);
#926=VECTOR('',#4688,10.);
#927=VECTOR('',#4691,10.);
#928=VECTOR('',#4708,0.84);
#929=VECTOR('',#4721,10.);
#930=VECTOR('',#4722,10.);
#931=VECTOR('',#4723,10.);
#932=VECTOR('',#4724,10.);
#933=VECTOR('',#4725,10.);
#934=VECTOR('',#4728,10.);
#935=VECTOR('',#4733,10.);
#936=VECTOR('',#4736,10.);
#937=VECTOR('',#4739,10.);
#938=VECTOR('',#4740,10.);
#939=VECTOR('',#4741,10.);
#940=VECTOR('',#4742,10.);
#941=VECTOR('',#4761,10.);
#942=VECTOR('',#4764,10.);
#943=VECTOR('',#4765,10.);
#944=VECTOR('',#4776,10.);
#945=VECTOR('',#4779,10.);
#946=VECTOR('',#4780,10.);
#947=VECTOR('',#4785,10.);
#948=VECTOR('',#4792,10.);
#949=VECTOR('',#4793,10.);
#950=VECTOR('',#4796,10.);
#951=VECTOR('',#4801,0.84);
#952=VECTOR('',#4810,0.84);
#953=VECTOR('',#4815,10.);
#954=VECTOR('',#4816,10.);
#955=VECTOR('',#4817,10.);
#956=VECTOR('',#4824,10.);
#957=VECTOR('',#4835,10.);
#958=VECTOR('',#4836,10.);
#959=VECTOR('',#4837,10.);
#960=VECTOR('',#4838,10.);
#961=VECTOR('',#4841,10.);
#962=VECTOR('',#4842,10.);
#963=VECTOR('',#4843,10.);
#964=VECTOR('',#4846,10.);
#965=VECTOR('',#4847,10.);
#966=VECTOR('',#4848,10.);
#967=VECTOR('',#4851,10.);
#968=VECTOR('',#4852,10.);
#969=VECTOR('',#4863,0.3);
#970=VECTOR('',#4866,0.3);
#971=VECTOR('',#4869,10.);
#972=VECTOR('',#4870,10.);
#973=VECTOR('',#4871,10.);
#974=VECTOR('',#4874,10.);
#975=VECTOR('',#4875,10.);
#976=VECTOR('',#4876,10.);
#977=VECTOR('',#4877,10.);
#978=VECTOR('',#4880,10.);
#979=VECTOR('',#4881,10.);
#980=VECTOR('',#4884,10.);
#981=VECTOR('',#4885,10.);
#982=VECTOR('',#4888,10.);
#983=VECTOR('',#4889,10.);
#984=VECTOR('',#4892,10.);
#985=CYLINDRICAL_SURFACE('',#3718,0.2);
#986=CYLINDRICAL_SURFACE('',#3724,0.2);
#987=CYLINDRICAL_SURFACE('',#3729,0.2);
#988=CYLINDRICAL_SURFACE('',#3733,0.2);
#989=CYLINDRICAL_SURFACE('',#3743,0.199999999999999);
#990=CYLINDRICAL_SURFACE('',#3753,0.200000000000001);
#991=CYLINDRICAL_SURFACE('',#3778,0.2);
#992=CYLINDRICAL_SURFACE('',#3780,0.2);
#993=CYLINDRICAL_SURFACE('',#3788,0.2);
#994=CYLINDRICAL_SURFACE('',#3790,0.2);
#995=CYLINDRICAL_SURFACE('',#3798,0.2);
#996=CYLINDRICAL_SURFACE('',#3800,0.200000000000001);
#997=CYLINDRICAL_SURFACE('',#3808,0.2);
#998=CYLINDRICAL_SURFACE('',#3810,0.2);
#999=CYLINDRICAL_SURFACE('',#3821,0.2);
#1000=CYLINDRICAL_SURFACE('',#3924,0.84);
#1001=CYLINDRICAL_SURFACE('',#3934,0.2);
#1002=CYLINDRICAL_SURFACE('',#3937,0.2);
#1003=CYLINDRICAL_SURFACE('',#3944,0.2);
#1004=CYLINDRICAL_SURFACE('',#3946,0.2);
#1005=CYLINDRICAL_SURFACE('',#3951,0.2);
#1006=CYLINDRICAL_SURFACE('',#3952,0.2);
#1007=CYLINDRICAL_SURFACE('',#3953,0.2);
#1008=CYLINDRICAL_SURFACE('',#3958,0.2);
#1009=CYLINDRICAL_SURFACE('',#3960,0.84);
#1010=CYLINDRICAL_SURFACE('',#3963,0.84);
#1011=CYLINDRICAL_SURFACE('',#3967,0.5);
#1012=CYLINDRICAL_SURFACE('',#3981,0.3);
#1013=FACE_OUTER_BOUND('',#1216,.T.);
#1014=FACE_OUTER_BOUND('',#1217,.T.);
#1015=FACE_OUTER_BOUND('',#1218,.T.);
#1016=FACE_OUTER_BOUND('',#1219,.T.);
#1017=FACE_OUTER_BOUND('',#1220,.T.);
#1018=FACE_OUTER_BOUND('',#1221,.T.);
#1019=FACE_OUTER_BOUND('',#1222,.T.);
#1020=FACE_OUTER_BOUND('',#1223,.T.);
#1021=FACE_OUTER_BOUND('',#1224,.T.);
#1022=FACE_OUTER_BOUND('',#1225,.T.);
#1023=FACE_OUTER_BOUND('',#1226,.T.);
#1024=FACE_OUTER_BOUND('',#1227,.T.);
#1025=FACE_OUTER_BOUND('',#1228,.T.);
#1026=FACE_OUTER_BOUND('',#1229,.T.);
#1027=FACE_OUTER_BOUND('',#1230,.T.);
#1028=FACE_OUTER_BOUND('',#1231,.T.);
#1029=FACE_OUTER_BOUND('',#1232,.T.);
#1030=FACE_OUTER_BOUND('',#1240,.T.);
#1031=FACE_OUTER_BOUND('',#1241,.T.);
#1032=FACE_OUTER_BOUND('',#1242,.T.);
#1033=FACE_OUTER_BOUND('',#1243,.T.);
#1034=FACE_OUTER_BOUND('',#1244,.T.);
#1035=FACE_OUTER_BOUND('',#1245,.T.);
#1036=FACE_OUTER_BOUND('',#1246,.T.);
#1037=FACE_OUTER_BOUND('',#1247,.T.);
#1038=FACE_OUTER_BOUND('',#1248,.T.);
#1039=FACE_OUTER_BOUND('',#1249,.T.);
#1040=FACE_OUTER_BOUND('',#1250,.T.);
#1041=FACE_OUTER_BOUND('',#1251,.T.);
#1042=FACE_OUTER_BOUND('',#1252,.T.);
#1043=FACE_OUTER_BOUND('',#1253,.T.);
#1044=FACE_OUTER_BOUND('',#1254,.T.);
#1045=FACE_OUTER_BOUND('',#1255,.T.);
#1046=FACE_OUTER_BOUND('',#1256,.T.);
#1047=FACE_OUTER_BOUND('',#1257,.T.);
#1048=FACE_OUTER_BOUND('',#1258,.T.);
#1049=FACE_OUTER_BOUND('',#1259,.T.);
#1050=FACE_OUTER_BOUND('',#1260,.T.);
#1051=FACE_OUTER_BOUND('',#1261,.T.);
#1052=FACE_OUTER_BOUND('',#1262,.T.);
#1053=FACE_OUTER_BOUND('',#1263,.T.);
#1054=FACE_OUTER_BOUND('',#1266,.T.);
#1055=FACE_OUTER_BOUND('',#1270,.T.);
#1056=FACE_OUTER_BOUND('',#1272,.T.);
#1057=FACE_OUTER_BOUND('',#1273,.T.);
#1058=FACE_OUTER_BOUND('',#1274,.T.);
#1059=FACE_OUTER_BOUND('',#1275,.T.);
#1060=FACE_OUTER_BOUND('',#1276,.T.);
#1061=FACE_OUTER_BOUND('',#1277,.T.);
#1062=FACE_OUTER_BOUND('',#1278,.T.);
#1063=FACE_OUTER_BOUND('',#1279,.T.);
#1064=FACE_OUTER_BOUND('',#1280,.T.);
#1065=FACE_OUTER_BOUND('',#1281,.T.);
#1066=FACE_OUTER_BOUND('',#1282,.T.);
#1067=FACE_OUTER_BOUND('',#1283,.T.);
#1068=FACE_OUTER_BOUND('',#1284,.T.);
#1069=FACE_OUTER_BOUND('',#1285,.T.);
#1070=FACE_OUTER_BOUND('',#1286,.T.);
#1071=FACE_OUTER_BOUND('',#1287,.T.);
#1072=FACE_OUTER_BOUND('',#1288,.T.);
#1073=FACE_OUTER_BOUND('',#1289,.T.);
#1074=FACE_OUTER_BOUND('',#1290,.T.);
#1075=FACE_OUTER_BOUND('',#1291,.T.);
#1076=FACE_OUTER_BOUND('',#1292,.T.);
#1077=FACE_OUTER_BOUND('',#1293,.T.);
#1078=FACE_OUTER_BOUND('',#1294,.T.);
#1079=FACE_OUTER_BOUND('',#1295,.T.);
#1080=FACE_OUTER_BOUND('',#1296,.T.);
#1081=FACE_OUTER_BOUND('',#1297,.T.);
#1082=FACE_OUTER_BOUND('',#1298,.T.);
#1083=FACE_OUTER_BOUND('',#1299,.T.);
#1084=FACE_OUTER_BOUND('',#1300,.T.);
#1085=FACE_OUTER_BOUND('',#1301,.T.);
#1086=FACE_OUTER_BOUND('',#1302,.T.);
#1087=FACE_OUTER_BOUND('',#1303,.T.);
#1088=FACE_OUTER_BOUND('',#1304,.T.);
#1089=FACE_OUTER_BOUND('',#1305,.T.);
#1090=FACE_OUTER_BOUND('',#1306,.T.);
#1091=FACE_OUTER_BOUND('',#1307,.T.);
#1092=FACE_OUTER_BOUND('',#1308,.T.);
#1093=FACE_OUTER_BOUND('',#1309,.T.);
#1094=FACE_OUTER_BOUND('',#1310,.T.);
#1095=FACE_OUTER_BOUND('',#1311,.T.);
#1096=FACE_OUTER_BOUND('',#1312,.T.);
#1097=FACE_OUTER_BOUND('',#1313,.T.);
#1098=FACE_OUTER_BOUND('',#1314,.T.);
#1099=FACE_OUTER_BOUND('',#1315,.T.);
#1100=FACE_OUTER_BOUND('',#1316,.T.);
#1101=FACE_OUTER_BOUND('',#1317,.T.);
#1102=FACE_OUTER_BOUND('',#1318,.T.);
#1103=FACE_OUTER_BOUND('',#1319,.T.);
#1104=FACE_OUTER_BOUND('',#1320,.T.);
#1105=FACE_OUTER_BOUND('',#1321,.T.);
#1106=FACE_OUTER_BOUND('',#1322,.T.);
#1107=FACE_OUTER_BOUND('',#1323,.T.);
#1108=FACE_OUTER_BOUND('',#1324,.T.);
#1109=FACE_OUTER_BOUND('',#1325,.T.);
#1110=FACE_OUTER_BOUND('',#1326,.T.);
#1111=FACE_OUTER_BOUND('',#1327,.T.);
#1112=FACE_OUTER_BOUND('',#1328,.T.);
#1113=FACE_OUTER_BOUND('',#1329,.T.);
#1114=FACE_OUTER_BOUND('',#1330,.T.);
#1115=FACE_OUTER_BOUND('',#1331,.T.);
#1116=FACE_OUTER_BOUND('',#1332,.T.);
#1117=FACE_OUTER_BOUND('',#1333,.T.);
#1118=FACE_OUTER_BOUND('',#1334,.T.);
#1119=FACE_OUTER_BOUND('',#1335,.T.);
#1120=FACE_OUTER_BOUND('',#1336,.T.);
#1121=FACE_OUTER_BOUND('',#1337,.T.);
#1122=FACE_OUTER_BOUND('',#1338,.T.);
#1123=FACE_OUTER_BOUND('',#1339,.T.);
#1124=FACE_OUTER_BOUND('',#1340,.T.);
#1125=FACE_OUTER_BOUND('',#1341,.T.);
#1126=FACE_OUTER_BOUND('',#1342,.T.);
#1127=FACE_OUTER_BOUND('',#1343,.T.);
#1128=FACE_OUTER_BOUND('',#1344,.T.);
#1129=FACE_OUTER_BOUND('',#1345,.T.);
#1130=FACE_OUTER_BOUND('',#1346,.T.);
#1131=FACE_OUTER_BOUND('',#1347,.T.);
#1132=FACE_OUTER_BOUND('',#1348,.T.);
#1133=FACE_OUTER_BOUND('',#1349,.T.);
#1134=FACE_OUTER_BOUND('',#1350,.T.);
#1135=FACE_OUTER_BOUND('',#1351,.T.);
#1136=FACE_OUTER_BOUND('',#1352,.T.);
#1137=FACE_OUTER_BOUND('',#1353,.T.);
#1138=FACE_OUTER_BOUND('',#1354,.T.);
#1139=FACE_OUTER_BOUND('',#1355,.T.);
#1140=FACE_OUTER_BOUND('',#1356,.T.);
#1141=FACE_OUTER_BOUND('',#1357,.T.);
#1142=FACE_OUTER_BOUND('',#1358,.T.);
#1143=FACE_OUTER_BOUND('',#1359,.T.);
#1144=FACE_OUTER_BOUND('',#1360,.T.);
#1145=FACE_OUTER_BOUND('',#1361,.T.);
#1146=FACE_OUTER_BOUND('',#1362,.T.);
#1147=FACE_OUTER_BOUND('',#1363,.T.);
#1148=FACE_OUTER_BOUND('',#1364,.T.);
#1149=FACE_OUTER_BOUND('',#1365,.T.);
#1150=FACE_OUTER_BOUND('',#1366,.T.);
#1151=FACE_OUTER_BOUND('',#1367,.T.);
#1152=FACE_OUTER_BOUND('',#1368,.T.);
#1153=FACE_OUTER_BOUND('',#1369,.T.);
#1154=FACE_OUTER_BOUND('',#1370,.T.);
#1155=FACE_OUTER_BOUND('',#1371,.T.);
#1156=FACE_OUTER_BOUND('',#1372,.T.);
#1157=FACE_OUTER_BOUND('',#1373,.T.);
#1158=FACE_OUTER_BOUND('',#1374,.T.);
#1159=FACE_OUTER_BOUND('',#1375,.T.);
#1160=FACE_OUTER_BOUND('',#1376,.T.);
#1161=FACE_OUTER_BOUND('',#1377,.T.);
#1162=FACE_OUTER_BOUND('',#1378,.T.);
#1163=FACE_OUTER_BOUND('',#1379,.T.);
#1164=FACE_OUTER_BOUND('',#1380,.T.);
#1165=FACE_OUTER_BOUND('',#1381,.T.);
#1166=FACE_OUTER_BOUND('',#1382,.T.);
#1167=FACE_OUTER_BOUND('',#1383,.T.);
#1168=FACE_OUTER_BOUND('',#1384,.T.);
#1169=FACE_OUTER_BOUND('',#1385,.T.);
#1170=FACE_OUTER_BOUND('',#1386,.T.);
#1171=FACE_OUTER_BOUND('',#1387,.T.);
#1172=FACE_OUTER_BOUND('',#1388,.T.);
#1173=FACE_OUTER_BOUND('',#1389,.T.);
#1174=FACE_OUTER_BOUND('',#1390,.T.);
#1175=FACE_OUTER_BOUND('',#1391,.T.);
#1176=FACE_OUTER_BOUND('',#1392,.T.);
#1177=FACE_OUTER_BOUND('',#1393,.T.);
#1178=FACE_OUTER_BOUND('',#1394,.T.);
#1179=FACE_OUTER_BOUND('',#1397,.T.);
#1180=FACE_OUTER_BOUND('',#1398,.T.);
#1181=FACE_OUTER_BOUND('',#1399,.T.);
#1182=FACE_OUTER_BOUND('',#1400,.T.);
#1183=FACE_OUTER_BOUND('',#1401,.T.);
#1184=FACE_OUTER_BOUND('',#1402,.T.);
#1185=FACE_OUTER_BOUND('',#1403,.T.);
#1186=FACE_OUTER_BOUND('',#1404,.T.);
#1187=FACE_OUTER_BOUND('',#1405,.T.);
#1188=FACE_OUTER_BOUND('',#1406,.T.);
#1189=FACE_OUTER_BOUND('',#1407,.T.);
#1190=FACE_OUTER_BOUND('',#1408,.T.);
#1191=FACE_OUTER_BOUND('',#1409,.T.);
#1192=FACE_OUTER_BOUND('',#1410,.T.);
#1193=FACE_OUTER_BOUND('',#1411,.T.);
#1194=FACE_OUTER_BOUND('',#1412,.T.);
#1195=FACE_OUTER_BOUND('',#1413,.T.);
#1196=FACE_OUTER_BOUND('',#1414,.T.);
#1197=FACE_OUTER_BOUND('',#1415,.T.);
#1198=FACE_OUTER_BOUND('',#1416,.T.);
#1199=FACE_OUTER_BOUND('',#1418,.T.);
#1200=FACE_OUTER_BOUND('',#1419,.T.);
#1201=FACE_OUTER_BOUND('',#1420,.T.);
#1202=FACE_OUTER_BOUND('',#1421,.T.);
#1203=FACE_OUTER_BOUND('',#1422,.T.);
#1204=FACE_OUTER_BOUND('',#1423,.T.);
#1205=FACE_OUTER_BOUND('',#1424,.T.);
#1206=FACE_OUTER_BOUND('',#1425,.T.);
#1207=FACE_OUTER_BOUND('',#1426,.T.);
#1208=FACE_OUTER_BOUND('',#1427,.T.);
#1209=FACE_OUTER_BOUND('',#1428,.T.);
#1210=FACE_OUTER_BOUND('',#1429,.T.);
#1211=FACE_OUTER_BOUND('',#1430,.T.);
#1212=FACE_OUTER_BOUND('',#1431,.T.);
#1213=FACE_OUTER_BOUND('',#1432,.T.);
#1214=FACE_OUTER_BOUND('',#1433,.T.);
#1215=FACE_OUTER_BOUND('',#1434,.T.);
#1216=EDGE_LOOP('',(#2383,#2384,#2385));
#1217=EDGE_LOOP('',(#2386,#2387,#2388,#2389,#2390,#2391,#2392,#2393));
#1218=EDGE_LOOP('',(#2394,#2395,#2396));
#1219=EDGE_LOOP('',(#2397,#2398,#2399,#2400));
#1220=EDGE_LOOP('',(#2401,#2402,#2403));
#1221=EDGE_LOOP('',(#2404,#2405,#2406,#2407,#2408,#2409,#2410,#2411));
#1222=EDGE_LOOP('',(#2412,#2413,#2414));
#1223=EDGE_LOOP('',(#2415,#2416,#2417,#2418));
#1224=EDGE_LOOP('',(#2419,#2420,#2421,#2422));
#1225=EDGE_LOOP('',(#2423,#2424,#2425,#2426));
#1226=EDGE_LOOP('',(#2427,#2428,#2429,#2430));
#1227=EDGE_LOOP('',(#2431,#2432,#2433,#2434));
#1228=EDGE_LOOP('',(#2435,#2436,#2437,#2438));
#1229=EDGE_LOOP('',(#2439,#2440,#2441,#2442));
#1230=EDGE_LOOP('',(#2443,#2444,#2445,#2446));
#1231=EDGE_LOOP('',(#2447,#2448,#2449,#2450));
#1232=EDGE_LOOP('',(#2451,#2452,#2453,#2454));
#1233=EDGE_LOOP('',(#2455,#2456,#2457,#2458,#2459,#2460,#2461,#2462,#2463,
#2464,#2465,#2466,#2467,#2468,#2469,#2470,#2471,#2472,#2473,#2474));
#1234=EDGE_LOOP('',(#2475,#2476,#2477,#2478));
#1235=EDGE_LOOP('',(#2479,#2480,#2481,#2482));
#1236=EDGE_LOOP('',(#2483,#2484,#2485,#2486));
#1237=EDGE_LOOP('',(#2487,#2488,#2489,#2490));
#1238=EDGE_LOOP('',(#2491,#2492,#2493,#2494));
#1239=EDGE_LOOP('',(#2495,#2496,#2497,#2498,#2499,#2500,#2501,#2502));
#1240=EDGE_LOOP('',(#2503,#2504,#2505,#2506));
#1241=EDGE_LOOP('',(#2507,#2508,#2509,#2510));
#1242=EDGE_LOOP('',(#2511,#2512,#2513,#2514));
#1243=EDGE_LOOP('',(#2515,#2516,#2517,#2518));
#1244=EDGE_LOOP('',(#2519,#2520,#2521,#2522));
#1245=EDGE_LOOP('',(#2523,#2524,#2525,#2526));
#1246=EDGE_LOOP('',(#2527,#2528,#2529,#2530));
#1247=EDGE_LOOP('',(#2531,#2532,#2533,#2534));
#1248=EDGE_LOOP('',(#2535,#2536,#2537,#2538));
#1249=EDGE_LOOP('',(#2539,#2540,#2541,#2542));
#1250=EDGE_LOOP('',(#2543,#2544,#2545,#2546));
#1251=EDGE_LOOP('',(#2547,#2548,#2549,#2550));
#1252=EDGE_LOOP('',(#2551,#2552,#2553,#2554));
#1253=EDGE_LOOP('',(#2555,#2556,#2557,#2558));
#1254=EDGE_LOOP('',(#2559,#2560,#2561,#2562));
#1255=EDGE_LOOP('',(#2563,#2564,#2565,#2566));
#1256=EDGE_LOOP('',(#2567,#2568,#2569,#2570));
#1257=EDGE_LOOP('',(#2571,#2572,#2573,#2574));
#1258=EDGE_LOOP('',(#2575,#2576,#2577,#2578));
#1259=EDGE_LOOP('',(#2579,#2580,#2581,#2582));
#1260=EDGE_LOOP('',(#2583,#2584,#2585,#2586));
#1261=EDGE_LOOP('',(#2587,#2588,#2589,#2590));
#1262=EDGE_LOOP('',(#2591,#2592,#2593,#2594));
#1263=EDGE_LOOP('',(#2595,#2596,#2597,#2598,#2599,#2600,#2601,#2602));
#1264=EDGE_LOOP('',(#2603,#2604,#2605,#2606,#2607,#2608,#2609,#2610,#2611,
#2612,#2613,#2614,#2615,#2616,#2617,#2618));
#1265=EDGE_LOOP('',(#2619,#2620,#2621,#2622,#2623,#2624,#2625,#2626,#2627,
#2628,#2629));
#1266=EDGE_LOOP('',(#2630,#2631,#2632,#2633,#2634,#2635,#2636,#2637,#2638,
#2639,#2640,#2641,#2642,#2643,#2644,#2645,#2646,#2647,#2648,#2649));
#1267=EDGE_LOOP('',(#2650,#2651,#2652,#2653,#2654,#2655,#2656,#2657,#2658,
#2659,#2660,#2661,#2662));
#1268=EDGE_LOOP('',(#2663,#2664,#2665,#2666,#2667,#2668,#2669));
#1269=EDGE_LOOP('',(#2670,#2671,#2672,#2673,#2674,#2675,#2676,#2677,#2678,
#2679,#2680,#2681,#2682,#2683,#2684,#2685,#2686));
#1270=EDGE_LOOP('',(#2687,#2688,#2689,#2690,#2691,#2692,#2693,#2694,#2695,
#2696,#2697));
#1271=EDGE_LOOP('',(#2698,#2699,#2700));
#1272=EDGE_LOOP('',(#2701,#2702,#2703,#2704));
#1273=EDGE_LOOP('',(#2705,#2706,#2707,#2708));
#1274=EDGE_LOOP('',(#2709,#2710,#2711,#2712));
#1275=EDGE_LOOP('',(#2713,#2714,#2715,#2716));
#1276=EDGE_LOOP('',(#2717,#2718,#2719,#2720));
#1277=EDGE_LOOP('',(#2721,#2722,#2723,#2724));
#1278=EDGE_LOOP('',(#2725,#2726,#2727,#2728));
#1279=EDGE_LOOP('',(#2729,#2730,#2731,#2732));
#1280=EDGE_LOOP('',(#2733,#2734,#2735,#2736));
#1281=EDGE_LOOP('',(#2737,#2738,#2739,#2740));
#1282=EDGE_LOOP('',(#2741,#2742,#2743,#2744));
#1283=EDGE_LOOP('',(#2745,#2746,#2747,#2748));
#1284=EDGE_LOOP('',(#2749,#2750,#2751,#2752));
#1285=EDGE_LOOP('',(#2753,#2754,#2755,#2756));
#1286=EDGE_LOOP('',(#2757,#2758,#2759,#2760,#2761,#2762,#2763,#2764,#2765,
#2766,#2767,#2768,#2769));
#1287=EDGE_LOOP('',(#2770,#2771,#2772,#2773));
#1288=EDGE_LOOP('',(#2774,#2775,#2776,#2777));
#1289=EDGE_LOOP('',(#2778,#2779,#2780,#2781));
#1290=EDGE_LOOP('',(#2782,#2783,#2784,#2785));
#1291=EDGE_LOOP('',(#2786,#2787,#2788,#2789));
#1292=EDGE_LOOP('',(#2790,#2791,#2792,#2793));
#1293=EDGE_LOOP('',(#2794,#2795,#2796,#2797));
#1294=EDGE_LOOP('',(#2798,#2799,#2800,#2801));
#1295=EDGE_LOOP('',(#2802,#2803,#2804,#2805));
#1296=EDGE_LOOP('',(#2806,#2807,#2808,#2809));
#1297=EDGE_LOOP('',(#2810,#2811,#2812,#2813));
#1298=EDGE_LOOP('',(#2814,#2815,#2816,#2817));
#1299=EDGE_LOOP('',(#2818,#2819,#2820,#2821));
#1300=EDGE_LOOP('',(#2822,#2823,#2824,#2825));
#1301=EDGE_LOOP('',(#2826,#2827,#2828,#2829));
#1302=EDGE_LOOP('',(#2830,#2831,#2832,#2833));
#1303=EDGE_LOOP('',(#2834,#2835,#2836,#2837));
#1304=EDGE_LOOP('',(#2838,#2839,#2840,#2841));
#1305=EDGE_LOOP('',(#2842,#2843,#2844,#2845));
#1306=EDGE_LOOP('',(#2846,#2847,#2848,#2849));
#1307=EDGE_LOOP('',(#2850,#2851,#2852,#2853));
#1308=EDGE_LOOP('',(#2854,#2855,#2856,#2857));
#1309=EDGE_LOOP('',(#2858,#2859,#2860,#2861));
#1310=EDGE_LOOP('',(#2862,#2863,#2864,#2865));
#1311=EDGE_LOOP('',(#2866,#2867,#2868,#2869));
#1312=EDGE_LOOP('',(#2870,#2871,#2872,#2873));
#1313=EDGE_LOOP('',(#2874,#2875,#2876,#2877));
#1314=EDGE_LOOP('',(#2878,#2879,#2880,#2881));
#1315=EDGE_LOOP('',(#2882,#2883,#2884,#2885));
#1316=EDGE_LOOP('',(#2886,#2887,#2888,#2889,#2890,#2891,#2892,#2893,#2894,
#2895,#2896,#2897,#2898,#2899,#2900,#2901));
#1317=EDGE_LOOP('',(#2902,#2903,#2904,#2905,#2906,#2907,#2908));
#1318=EDGE_LOOP('',(#2909,#2910,#2911,#2912));
#1319=EDGE_LOOP('',(#2913,#2914,#2915,#2916));
#1320=EDGE_LOOP('',(#2917,#2918,#2919,#2920));
#1321=EDGE_LOOP('',(#2921,#2922,#2923,#2924));
#1322=EDGE_LOOP('',(#2925,#2926,#2927,#2928));
#1323=EDGE_LOOP('',(#2929,#2930,#2931,#2932));
#1324=EDGE_LOOP('',(#2933,#2934,#2935,#2936));
#1325=EDGE_LOOP('',(#2937,#2938,#2939,#2940));
#1326=EDGE_LOOP('',(#2941,#2942,#2943,#2944));
#1327=EDGE_LOOP('',(#2945,#2946,#2947,#2948));
#1328=EDGE_LOOP('',(#2949,#2950,#2951,#2952));
#1329=EDGE_LOOP('',(#2953,#2954,#2955,#2956));
#1330=EDGE_LOOP('',(#2957,#2958,#2959,#2960));
#1331=EDGE_LOOP('',(#2961,#2962,#2963,#2964));
#1332=EDGE_LOOP('',(#2965,#2966,#2967,#2968));
#1333=EDGE_LOOP('',(#2969,#2970,#2971,#2972));
#1334=EDGE_LOOP('',(#2973,#2974,#2975,#2976));
#1335=EDGE_LOOP('',(#2977,#2978,#2979,#2980));
#1336=EDGE_LOOP('',(#2981,#2982,#2983,#2984));
#1337=EDGE_LOOP('',(#2985,#2986,#2987,#2988));
#1338=EDGE_LOOP('',(#2989,#2990,#2991,#2992));
#1339=EDGE_LOOP('',(#2993,#2994,#2995,#2996));
#1340=EDGE_LOOP('',(#2997,#2998,#2999,#3000));
#1341=EDGE_LOOP('',(#3001,#3002,#3003,#3004));
#1342=EDGE_LOOP('',(#3005,#3006,#3007,#3008,#3009,#3010,#3011,#3012,#3013,
#3014,#3015,#3016,#3017,#3018,#3019,#3020,#3021));
#1343=EDGE_LOOP('',(#3022,#3023,#3024));
#1344=EDGE_LOOP('',(#3025,#3026,#3027,#3028));
#1345=EDGE_LOOP('',(#3029,#3030,#3031,#3032));
#1346=EDGE_LOOP('',(#3033,#3034,#3035,#3036));
#1347=EDGE_LOOP('',(#3037,#3038,#3039,#3040));
#1348=EDGE_LOOP('',(#3041,#3042,#3043,#3044));
#1349=EDGE_LOOP('',(#3045,#3046,#3047,#3048));
#1350=EDGE_LOOP('',(#3049,#3050,#3051,#3052));
#1351=EDGE_LOOP('',(#3053,#3054,#3055,#3056));
#1352=EDGE_LOOP('',(#3057,#3058,#3059,#3060));
#1353=EDGE_LOOP('',(#3061,#3062,#3063,#3064));
#1354=EDGE_LOOP('',(#3065,#3066,#3067,#3068));
#1355=EDGE_LOOP('',(#3069,#3070,#3071,#3072));
#1356=EDGE_LOOP('',(#3073,#3074,#3075,#3076));
#1357=EDGE_LOOP('',(#3077,#3078,#3079,#3080));
#1358=EDGE_LOOP('',(#3081,#3082,#3083,#3084));
#1359=EDGE_LOOP('',(#3085,#3086,#3087,#3088));
#1360=EDGE_LOOP('',(#3089,#3090,#3091,#3092));
#1361=EDGE_LOOP('',(#3093,#3094,#3095,#3096,#3097,#3098,#3099,#3100,#3101,
#3102,#3103,#3104));
#1362=EDGE_LOOP('',(#3105,#3106,#3107,#3108));
#1363=EDGE_LOOP('',(#3109,#3110,#3111,#3112,#3113,#3114,#3115,#3116,#3117,
#3118,#3119,#3120));
#1364=EDGE_LOOP('',(#3121,#3122,#3123,#3124));
#1365=EDGE_LOOP('',(#3125,#3126,#3127,#3128));
#1366=EDGE_LOOP('',(#3129,#3130,#3131,#3132));
#1367=EDGE_LOOP('',(#3133,#3134,#3135,#3136));
#1368=EDGE_LOOP('',(#3137,#3138,#3139,#3140));
#1369=EDGE_LOOP('',(#3141,#3142,#3143,#3144));
#1370=EDGE_LOOP('',(#3145,#3146,#3147,#3148));
#1371=EDGE_LOOP('',(#3149,#3150,#3151,#3152));
#1372=EDGE_LOOP('',(#3153,#3154,#3155,#3156));
#1373=EDGE_LOOP('',(#3157,#3158,#3159,#3160));
#1374=EDGE_LOOP('',(#3161,#3162,#3163,#3164));
#1375=EDGE_LOOP('',(#3165,#3166,#3167,#3168));
#1376=EDGE_LOOP('',(#3169,#3170,#3171,#3172));
#1377=EDGE_LOOP('',(#3173,#3174,#3175,#3176));
#1378=EDGE_LOOP('',(#3177,#3178,#3179,#3180));
#1379=EDGE_LOOP('',(#3181,#3182,#3183,#3184));
#1380=EDGE_LOOP('',(#3185,#3186,#3187,#3188));
#1381=EDGE_LOOP('',(#3189,#3190,#3191,#3192));
#1382=EDGE_LOOP('',(#3193,#3194,#3195,#3196));
#1383=EDGE_LOOP('',(#3197,#3198,#3199,#3200));
#1384=EDGE_LOOP('',(#3201,#3202,#3203,#3204));
#1385=EDGE_LOOP('',(#3205,#3206,#3207,#3208));
#1386=EDGE_LOOP('',(#3209,#3210,#3211,#3212));
#1387=EDGE_LOOP('',(#3213,#3214,#3215,#3216));
#1388=EDGE_LOOP('',(#3217,#3218,#3219,#3220));
#1389=EDGE_LOOP('',(#3221,#3222,#3223,#3224));
#1390=EDGE_LOOP('',(#3225,#3226,#3227,#3228,#3229));
#1391=EDGE_LOOP('',(#3230,#3231,#3232,#3233,#3234,#3235));
#1392=EDGE_LOOP('',(#3236));
#1393=EDGE_LOOP('',(#3237,#3238,#3239,#3240,#3241));
#1394=EDGE_LOOP('',(#3242,#3243,#3244,#3245,#3246,#3247,#3248));
#1395=EDGE_LOOP('',(#3249));
#1396=EDGE_LOOP('',(#3250));
#1397=EDGE_LOOP('',(#3251,#3252,#3253,#3254));
#1398=EDGE_LOOP('',(#3255,#3256,#3257,#3258,#3259,#3260));
#1399=EDGE_LOOP('',(#3261,#3262,#3263,#3264));
#1400=EDGE_LOOP('',(#3265,#3266,#3267));
#1401=EDGE_LOOP('',(#3268,#3269,#3270,#3271));
#1402=EDGE_LOOP('',(#3272,#3273,#3274,#3275));
#1403=EDGE_LOOP('',(#3276,#3277,#3278));
#1404=EDGE_LOOP('',(#3279,#3280,#3281,#3282));
#1405=EDGE_LOOP('',(#3283,#3284,#3285,#3286));
#1406=EDGE_LOOP('',(#3287,#3288,#3289,#3290));
#1407=EDGE_LOOP('',(#3291,#3292,#3293));
#1408=EDGE_LOOP('',(#3294,#3295,#3296,#3297,#3298));
#1409=EDGE_LOOP('',(#3299,#3300,#3301,#3302));
#1410=EDGE_LOOP('',(#3303,#3304,#3305,#3306,#3307,#3308,#3309,#3310));
#1411=EDGE_LOOP('',(#3311,#3312,#3313,#3314));
#1412=EDGE_LOOP('',(#3315));
#1413=EDGE_LOOP('',(#3316,#3317,#3318,#3319));
#1414=EDGE_LOOP('',(#3320,#3321,#3322,#3323,#3324));
#1415=EDGE_LOOP('',(#3325,#3326,#3327,#3328));
#1416=EDGE_LOOP('',(#3329,#3330,#3331,#3332,#3333,#3334));
#1417=EDGE_LOOP('',(#3335));
#1418=EDGE_LOOP('',(#3336,#3337,#3338,#3339,#3340,#3341,#3342,#3343,#3344,
#3345));
#1419=EDGE_LOOP('',(#3346));
#1420=EDGE_LOOP('',(#3347,#3348,#3349,#3350));
#1421=EDGE_LOOP('',(#3351,#3352,#3353,#3354));
#1422=EDGE_LOOP('',(#3355,#3356,#3357,#3358));
#1423=EDGE_LOOP('',(#3359,#3360,#3361,#3362));
#1424=EDGE_LOOP('',(#3363,#3364,#3365,#3366));
#1425=EDGE_LOOP('',(#3367,#3368,#3369,#3370));
#1426=EDGE_LOOP('',(#3371,#3372,#3373,#3374));
#1427=EDGE_LOOP('',(#3375,#3376,#3377,#3378));
#1428=EDGE_LOOP('',(#3379,#3380,#3381,#3382));
#1429=EDGE_LOOP('',(#3383,#3384,#3385,#3386,#3387,#3388));
#1430=EDGE_LOOP('',(#3389,#3390,#3391,#3392));
#1431=EDGE_LOOP('',(#3393,#3394,#3395,#3396));
#1432=EDGE_LOOP('',(#3397,#3398,#3399,#3400));
#1433=EDGE_LOOP('',(#3401,#3402,#3403,#3404));
#1434=EDGE_LOOP('',(#3405,#3406,#3407,#3408,#3409,#3410));
#1435=CIRCLE('',#3715,0.2);
#1436=CIRCLE('',#3716,0.2);
#1437=CIRCLE('',#3717,0.2);
#1438=CIRCLE('',#3719,0.2);
#1439=CIRCLE('',#3721,0.2);
#1440=CIRCLE('',#3722,0.2);
#1441=CIRCLE('',#3723,0.200000000000001);
#1442=CIRCLE('',#3726,0.2);
#1443=CIRCLE('',#3727,0.200000000000001);
#1444=CIRCLE('',#3728,0.200000000000001);
#1445=CIRCLE('',#3731,0.2);
#1446=CIRCLE('',#3732,0.200000000000001);
#1447=CIRCLE('',#3735,0.200000000000001);
#1448=CIRCLE('',#3736,0.693649167310371);
#1449=CIRCLE('',#3737,0.2);
#1450=CIRCLE('',#3738,0.5);
#1451=CIRCLE('',#3740,0.2);
#1452=CIRCLE('',#3741,2.54364916731037);
#1453=CIRCLE('',#3742,2.35);
#1454=CIRCLE('',#3744,0.2);
#1455=CIRCLE('',#3746,0.199999999999999);
#1456=CIRCLE('',#3747,0.693649167310371);
#1457=CIRCLE('',#3748,0.5);
#1458=CIRCLE('',#3750,0.2);
#1459=CIRCLE('',#3751,0.5);
#1460=CIRCLE('',#3752,0.693649167310371);
#1461=CIRCLE('',#3754,0.200000000000001);
#1462=CIRCLE('',#3756,0.2);
#1463=CIRCLE('',#3757,2.35);
#1464=CIRCLE('',#3758,2.54364916731037);
#1465=CIRCLE('',#3760,0.693649167310371);
#1466=CIRCLE('',#3761,0.5);
#1467=CIRCLE('',#3763,0.693649167310371);
#1468=CIRCLE('',#3764,0.69364916731037);
#1469=CIRCLE('',#3765,0.30635083268963);
#1470=CIRCLE('',#3766,0.69364916731037);
#1471=CIRCLE('',#3767,0.69364916731037);
#1472=CIRCLE('',#3768,3.96409750440974);
#1473=CIRCLE('',#3769,0.69364916731037);
#1474=CIRCLE('',#3770,0.693649167310371);
#1475=CIRCLE('',#3771,0.30635083268963);
#1476=CIRCLE('',#3772,0.693649167310371);
#1477=CIRCLE('',#3773,0.693649167310371);
#1478=CIRCLE('',#3775,0.200000000000001);
#1479=CIRCLE('',#3776,0.2);
#1480=CIRCLE('',#3777,0.5);
#1481=CIRCLE('',#3779,0.200000000000001);
#1482=CIRCLE('',#3781,0.2);
#1483=CIRCLE('',#3783,0.199999999999999);
#1484=CIRCLE('',#3784,0.5);
#1485=CIRCLE('',#3786,0.2);
#1486=CIRCLE('',#3787,0.5);
#1487=CIRCLE('',#3789,0.2);
#1488=CIRCLE('',#3791,0.2);
#1489=CIRCLE('',#3793,0.2);
#1490=CIRCLE('',#3794,0.5);
#1491=CIRCLE('',#3796,0.2);
#1492=CIRCLE('',#3797,0.5);
#1493=CIRCLE('',#3799,0.200000000000001);
#1494=CIRCLE('',#3801,0.2);
#1495=CIRCLE('',#3803,0.2);
#1496=CIRCLE('',#3804,0.5);
#1497=CIRCLE('',#3806,0.2);
#1498=CIRCLE('',#3807,0.5);
#1499=CIRCLE('',#3809,0.2);
#1500=CIRCLE('',#3811,0.2);
#1501=CIRCLE('',#3813,0.200000000000001);
#1502=CIRCLE('',#3814,0.5);
#1503=CIRCLE('',#3816,0.2);
#1504=CIRCLE('',#3817,0.5);
#1505=CIRCLE('',#3819,0.2);
#1506=CIRCLE('',#3820,4.15774667172011);
#1507=CIRCLE('',#3822,0.2);
#1508=CIRCLE('',#3824,0.5);
#1509=CIRCLE('',#3920,0.64);
#1510=CIRCLE('',#3921,0.2);
#1511=CIRCLE('',#3922,0.84);
#1512=CIRCLE('',#3923,0.84);
#1513=CIRCLE('',#3925,0.84);
#1514=CIRCLE('',#3926,0.84);
#1515=CIRCLE('',#3929,1.04);
#1516=CIRCLE('',#3930,0.2);
#1517=CIRCLE('',#3932,0.5);
#1518=CIRCLE('',#3933,0.84);
#1519=CIRCLE('',#3938,0.2);
#1520=CIRCLE('',#3939,0.199999999999999);
#1521=CIRCLE('',#3941,0.2);
#1522=CIRCLE('',#3942,0.2);
#1523=CIRCLE('',#3943,0.199999999999999);
#1524=CIRCLE('',#3945,0.2);
#1525=CIRCLE('',#3948,0.199999999999999);
#1526=CIRCLE('',#3949,0.199999999999999);
#1527=CIRCLE('',#3950,0.200000000000001);
#1528=CIRCLE('',#3954,0.200000000000001);
#1529=CIRCLE('',#3956,0.200000000000001);
#1530=CIRCLE('',#3961,0.84);
#1531=CIRCLE('',#3964,0.84);
#1532=CIRCLE('',#3965,0.84);
#1533=CIRCLE('',#3968,0.5);
#1534=CIRCLE('',#3982,0.3);
#1535=CIRCLE('',#3983,0.3);
#1536=VERTEX_POINT('',#4910);
#1537=VERTEX_POINT('',#4911);
#1538=VERTEX_POINT('',#4913);
#1539=VERTEX_POINT('',#4917);
#1540=VERTEX_POINT('',#4919);
#1541=VERTEX_POINT('',#4921);
#1542=VERTEX_POINT('',#4923);
#1543=VERTEX_POINT('',#4925);
#1544=VERTEX_POINT('',#4927);
#1545=VERTEX_POINT('',#4931);
#1546=VERTEX_POINT('',#4932);
#1547=VERTEX_POINT('',#4934);
#1548=VERTEX_POINT('',#4941);
#1549=VERTEX_POINT('',#4942);
#1550=VERTEX_POINT('',#4944);
#1551=VERTEX_POINT('',#4949);
#1552=VERTEX_POINT('',#4951);
#1553=VERTEX_POINT('',#4953);
#1554=VERTEX_POINT('',#4955);
#1555=VERTEX_POINT('',#4959);
#1556=VERTEX_POINT('',#4966);
#1557=VERTEX_POINT('',#4967);
#1558=VERTEX_POINT('',#4969);
#1559=VERTEX_POINT('',#4971);
#1560=VERTEX_POINT('',#4975);
#1561=VERTEX_POINT('',#4976);
#1562=VERTEX_POINT('',#4981);
#1563=VERTEX_POINT('',#4982);
#1564=VERTEX_POINT('',#4987);
#1565=VERTEX_POINT('',#4988);
#1566=VERTEX_POINT('',#4993);
#1567=VERTEX_POINT('',#4994);
#1568=VERTEX_POINT('',#4999);
#1569=VERTEX_POINT('',#5000);
#1570=VERTEX_POINT('',#5005);
#1571=VERTEX_POINT('',#5006);
#1572=VERTEX_POINT('',#5014);
#1573=VERTEX_POINT('',#5015);
#1574=VERTEX_POINT('',#5017);
#1575=VERTEX_POINT('',#5019);
#1576=VERTEX_POINT('',#5021);
#1577=VERTEX_POINT('',#5023);
#1578=VERTEX_POINT('',#5025);
#1579=VERTEX_POINT('',#5027);
#1580=VERTEX_POINT('',#5029);
#1581=VERTEX_POINT('',#5031);
#1582=VERTEX_POINT('',#5033);
#1583=VERTEX_POINT('',#5035);
#1584=VERTEX_POINT('',#5037);
#1585=VERTEX_POINT('',#5039);
#1586=VERTEX_POINT('',#5041);
#1587=VERTEX_POINT('',#5043);
#1588=VERTEX_POINT('',#5045);
#1589=VERTEX_POINT('',#5047);
#1590=VERTEX_POINT('',#5049);
#1591=VERTEX_POINT('',#5051);
#1592=VERTEX_POINT('',#5054);
#1593=VERTEX_POINT('',#5055);
#1594=VERTEX_POINT('',#5057);
#1595=VERTEX_POINT('',#5059);
#1596=VERTEX_POINT('',#5062);
#1597=VERTEX_POINT('',#5063);
#1598=VERTEX_POINT('',#5065);
#1599=VERTEX_POINT('',#5067);
#1600=VERTEX_POINT('',#5070);
#1601=VERTEX_POINT('',#5071);
#1602=VERTEX_POINT('',#5073);
#1603=VERTEX_POINT('',#5075);
#1604=VERTEX_POINT('',#5078);
#1605=VERTEX_POINT('',#5079);
#1606=VERTEX_POINT('',#5081);
#1607=VERTEX_POINT('',#5083);
#1608=VERTEX_POINT('',#5086);
#1609=VERTEX_POINT('',#5087);
#1610=VERTEX_POINT('',#5089);
#1611=VERTEX_POINT('',#5091);
#1612=VERTEX_POINT('',#5095);
#1613=VERTEX_POINT('',#5097);
#1614=VERTEX_POINT('',#5101);
#1615=VERTEX_POINT('',#5105);
#1616=VERTEX_POINT('',#5109);
#1617=VERTEX_POINT('',#5113);
#1618=VERTEX_POINT('',#5117);
#1619=VERTEX_POINT('',#5121);
#1620=VERTEX_POINT('',#5125);
#1621=VERTEX_POINT('',#5129);
#1622=VERTEX_POINT('',#5133);
#1623=VERTEX_POINT('',#5137);
#1624=VERTEX_POINT('',#5141);
#1625=VERTEX_POINT('',#5145);
#1626=VERTEX_POINT('',#5149);
#1627=VERTEX_POINT('',#5153);
#1628=VERTEX_POINT('',#5157);
#1629=VERTEX_POINT('',#5161);
#1630=VERTEX_POINT('',#5165);
#1631=VERTEX_POINT('',#5169);
#1632=VERTEX_POINT('',#5175);
#1633=VERTEX_POINT('',#5177);
#1634=VERTEX_POINT('',#5181);
#1635=VERTEX_POINT('',#5183);
#1636=VERTEX_POINT('',#5187);
#1637=VERTEX_POINT('',#5189);
#1638=VERTEX_POINT('',#5193);
#1639=VERTEX_POINT('',#5194);
#1640=VERTEX_POINT('',#5196);
#1641=VERTEX_POINT('',#5198);
#1642=VERTEX_POINT('',#5200);
#1643=VERTEX_POINT('',#5202);
#1644=VERTEX_POINT('',#5206);
#1645=VERTEX_POINT('',#5211);
#1646=VERTEX_POINT('',#5215);
#1647=VERTEX_POINT('',#5219);
#1648=VERTEX_POINT('',#5224);
#1649=VERTEX_POINT('',#5226);
#1650=VERTEX_POINT('',#5231);
#1651=VERTEX_POINT('',#5236);
#1652=VERTEX_POINT('',#5241);
#1653=VERTEX_POINT('',#5246);
#1654=VERTEX_POINT('',#5249);
#1655=VERTEX_POINT('',#5250);
#1656=VERTEX_POINT('',#5252);
#1657=VERTEX_POINT('',#5254);
#1658=VERTEX_POINT('',#5256);
#1659=VERTEX_POINT('',#5258);
#1660=VERTEX_POINT('',#5260);
#1661=VERTEX_POINT('',#5262);
#1662=VERTEX_POINT('',#5264);
#1663=VERTEX_POINT('',#5266);
#1664=VERTEX_POINT('',#5268);
#1665=VERTEX_POINT('',#5272);
#1666=VERTEX_POINT('',#5273);
#1667=VERTEX_POINT('',#5278);
#1668=VERTEX_POINT('',#5283);
#1669=VERTEX_POINT('',#5285);
#1670=VERTEX_POINT('',#5290);
#1671=VERTEX_POINT('',#5295);
#1672=VERTEX_POINT('',#5301);
#1673=VERTEX_POINT('',#5306);
#1674=VERTEX_POINT('',#5308);
#1675=VERTEX_POINT('',#5310);
#1676=VERTEX_POINT('',#5312);
#1677=VERTEX_POINT('',#5316);
#1678=VERTEX_POINT('',#5325);
#1679=VERTEX_POINT('',#5326);
#1680=VERTEX_POINT('',#5331);
#1681=VERTEX_POINT('',#5333);
#1682=VERTEX_POINT('',#5338);
#1683=VERTEX_POINT('',#5340);
#1684=VERTEX_POINT('',#5342);
#1685=VERTEX_POINT('',#5345);
#1686=VERTEX_POINT('',#5346);
#1687=VERTEX_POINT('',#5351);
#1688=VERTEX_POINT('',#5356);
#1689=VERTEX_POINT('',#5358);
#1690=VERTEX_POINT('',#5363);
#1691=VERTEX_POINT('',#5369);
#1692=VERTEX_POINT('',#5374);
#1693=VERTEX_POINT('',#5379);
#1694=VERTEX_POINT('',#5384);
#1695=VERTEX_POINT('',#5389);
#1696=VERTEX_POINT('',#5391);
#1697=VERTEX_POINT('',#5396);
#1698=VERTEX_POINT('',#5401);
#1699=VERTEX_POINT('',#5406);
#1700=VERTEX_POINT('',#5410);
#1701=VERTEX_POINT('',#5412);
#1702=VERTEX_POINT('',#5421);
#1703=VERTEX_POINT('',#5422);
#1704=VERTEX_POINT('',#5424);
#1705=VERTEX_POINT('',#5426);
#1706=VERTEX_POINT('',#5428);
#1707=VERTEX_POINT('',#5430);
#1708=VERTEX_POINT('',#5432);
#1709=VERTEX_POINT('',#5434);
#1710=VERTEX_POINT('',#5436);
#1711=VERTEX_POINT('',#5438);
#1712=VERTEX_POINT('',#5440);
#1713=VERTEX_POINT('',#5443);
#1714=VERTEX_POINT('',#5444);
#1715=VERTEX_POINT('',#5446);
#1716=VERTEX_POINT('',#5450);
#1717=VERTEX_POINT('',#5451);
#1718=VERTEX_POINT('',#5456);
#1719=VERTEX_POINT('',#5484);
#1720=VERTEX_POINT('',#5485);
#1721=VERTEX_POINT('',#5487);
#1722=VERTEX_POINT('',#5495);
#1723=VERTEX_POINT('',#5506);
#1724=VERTEX_POINT('',#5514);
#1725=VERTEX_POINT('',#5522);
#1726=VERTEX_POINT('',#5524);
#1727=VERTEX_POINT('',#5532);
#1728=VERTEX_POINT('',#5540);
#1729=VERTEX_POINT('',#5548);
#1730=VERTEX_POINT('',#5556);
#1731=VERTEX_POINT('',#5561);
#1732=VERTEX_POINT('',#5654);
#1733=VERTEX_POINT('',#5656);
#1734=VERTEX_POINT('',#5660);
#1735=VERTEX_POINT('',#5664);
#1736=VERTEX_POINT('',#5668);
#1737=VERTEX_POINT('',#5677);
#1738=VERTEX_POINT('',#5693);
#1739=VERTEX_POINT('',#5708);
#1740=VERTEX_POINT('',#5720);
#1741=VERTEX_POINT('',#5734);
#1742=VERTEX_POINT('',#5744);
#1743=VERTEX_POINT('',#5755);
#1744=VERTEX_POINT('',#5772);
#1745=VERTEX_POINT('',#5789);
#1746=VERTEX_POINT('',#5806);
#1747=VERTEX_POINT('',#5816);
#1748=VERTEX_POINT('',#5823);
#1749=VERTEX_POINT('',#5824);
#1750=VERTEX_POINT('',#5826);
#1751=VERTEX_POINT('',#5828);
#1752=VERTEX_POINT('',#5835);
#1753=VERTEX_POINT('',#5837);
#1754=VERTEX_POINT('',#5845);
#1755=VERTEX_POINT('',#5884);
#1756=VERTEX_POINT('',#5886);
#1757=VERTEX_POINT('',#5903);
#1758=VERTEX_POINT('',#5913);
#1759=VERTEX_POINT('',#5924);
#1760=VERTEX_POINT('',#5943);
#1761=VERTEX_POINT('',#5963);
#1762=VERTEX_POINT('',#5981);
#1763=VERTEX_POINT('',#5998);
#1764=VERTEX_POINT('',#6015);
#1765=VERTEX_POINT('',#6025);
#1766=VERTEX_POINT('',#6036);
#1767=VERTEX_POINT('',#6053);
#1768=VERTEX_POINT('',#6070);
#1769=VERTEX_POINT('',#6085);
#1770=VERTEX_POINT('',#6092);
#1771=VERTEX_POINT('',#6101);
#1772=VERTEX_POINT('',#6125);
#1773=VERTEX_POINT('',#6127);
#1774=VERTEX_POINT('',#6129);
#1775=VERTEX_POINT('',#6133);
#1776=VERTEX_POINT('',#6135);
#1777=VERTEX_POINT('',#6140);
#1778=VERTEX_POINT('',#6146);
#1779=VERTEX_POINT('',#6148);
#1780=VERTEX_POINT('',#6152);
#1781=VERTEX_POINT('',#6154);
#1782=VERTEX_POINT('',#6162);
#1783=VERTEX_POINT('',#6163);
#1784=VERTEX_POINT('',#6165);
#1785=VERTEX_POINT('',#6167);
#1786=VERTEX_POINT('',#6178);
#1787=VERTEX_POINT('',#6179);
#1788=VERTEX_POINT('',#6181);
#1789=VERTEX_POINT('',#6183);
#1790=VERTEX_POINT('',#6196);
#1791=VERTEX_POINT('',#6198);
#1792=VERTEX_POINT('',#6200);
#1793=VERTEX_POINT('',#6202);
#1794=VERTEX_POINT('',#6208);
#1795=VERTEX_POINT('',#6210);
#1796=VERTEX_POINT('',#6212);
#1797=VERTEX_POINT('',#6214);
#1798=VERTEX_POINT('',#6219);
#1799=VERTEX_POINT('',#6221);
#1800=VERTEX_POINT('',#6225);
#1801=VERTEX_POINT('',#6229);
#1802=VERTEX_POINT('',#6231);
#1803=VERTEX_POINT('',#6235);
#1804=VERTEX_POINT('',#6239);
#1805=VERTEX_POINT('',#6241);
#1806=VERTEX_POINT('',#6245);
#1807=VERTEX_POINT('',#6249);
#1808=VERTEX_POINT('',#6251);
#1809=VERTEX_POINT('',#6255);
#1810=VERTEX_POINT('',#6259);
#1811=VERTEX_POINT('',#6261);
#1812=VERTEX_POINT('',#6265);
#1813=VERTEX_POINT('',#6269);
#1814=VERTEX_POINT('',#6276);
#1815=VERTEX_POINT('',#6283);
#1816=VERTEX_POINT('',#6290);
#1817=VERTEX_POINT('',#6297);
#1818=VERTEX_POINT('',#6304);
#1819=VERTEX_POINT('',#6306);
#1820=VERTEX_POINT('',#6308);
#1821=VERTEX_POINT('',#6312);
#1822=VERTEX_POINT('',#6313);
#1823=VERTEX_POINT('',#6319);
#1824=VERTEX_POINT('',#6323);
#1825=VERTEX_POINT('',#6324);
#1826=VERTEX_POINT('',#6326);
#1827=VERTEX_POINT('',#6328);
#1828=VERTEX_POINT('',#6330);
#1829=VERTEX_POINT('',#6332);
#1830=VERTEX_POINT('',#6334);
#1831=VERTEX_POINT('',#6337);
#1832=VERTEX_POINT('',#6340);
#1833=VERTEX_POINT('',#6342);
#1834=VERTEX_POINT('',#6346);
#1835=VERTEX_POINT('',#6348);
#1836=VERTEX_POINT('',#6350);
#1837=VERTEX_POINT('',#6357);
#1838=VERTEX_POINT('',#6359);
#1839=VERTEX_POINT('',#6363);
#1840=VERTEX_POINT('',#6370);
#1841=VERTEX_POINT('',#6372);
#1842=VERTEX_POINT('',#6381);
#1843=VERTEX_POINT('',#6387);
#1844=VERTEX_POINT('',#6394);
#1845=VERTEX_POINT('',#6399);
#1846=VERTEX_POINT('',#6401);
#1847=VERTEX_POINT('',#6405);
#1848=VERTEX_POINT('',#6407);
#1849=VERTEX_POINT('',#6419);
#1850=VERTEX_POINT('',#6420);
#1851=VERTEX_POINT('',#6422);
#1852=VERTEX_POINT('',#6424);
#1853=VERTEX_POINT('',#6428);
#1854=VERTEX_POINT('',#6430);
#1855=VERTEX_POINT('',#6434);
#1856=VERTEX_POINT('',#6436);
#1857=VERTEX_POINT('',#6446);
#1858=VERTEX_POINT('',#6447);
#1859=VERTEX_POINT('',#6449);
#1860=VERTEX_POINT('',#6451);
#1861=VERTEX_POINT('',#6455);
#1862=VERTEX_POINT('',#6457);
#1863=VERTEX_POINT('',#6461);
#1864=VERTEX_POINT('',#6463);
#1865=VERTEX_POINT('',#6465);
#1866=VERTEX_POINT('',#6469);
#1867=VERTEX_POINT('',#6473);
#1868=VERTEX_POINT('',#6477);
#1869=EDGE_CURVE('',#1536,#1537,#1435,.T.);
#1870=EDGE_CURVE('',#1537,#1538,#1436,.T.);
#1871=EDGE_CURVE('',#1538,#1536,#1437,.T.);
#1872=EDGE_CURVE('',#1539,#1537,#305,.T.);
#1873=EDGE_CURVE('',#1539,#1540,#306,.T.);
#1874=EDGE_CURVE('',#1541,#1540,#307,.T.);
#1875=EDGE_CURVE('',#1541,#1542,#308,.T.);
#1876=EDGE_CURVE('',#1543,#1542,#309,.T.);
#1877=EDGE_CURVE('',#1544,#1543,#1438,.T.);
#1878=EDGE_CURVE('',#1544,#1538,#310,.T.);
#1879=EDGE_CURVE('',#1545,#1546,#1439,.T.);
#1880=EDGE_CURVE('',#1546,#1547,#1440,.T.);
#1881=EDGE_CURVE('',#1547,#1545,#1441,.T.);
#1882=EDGE_CURVE('',#1538,#1547,#311,.T.);
#1883=EDGE_CURVE('',#1536,#1546,#312,.T.);
#1884=EDGE_CURVE('',#1548,#1549,#1442,.T.);
#1885=EDGE_CURVE('',#1549,#1550,#1443,.T.);
#1886=EDGE_CURVE('',#1550,#1548,#1444,.T.);
#1887=EDGE_CURVE('',#1547,#1550,#313,.T.);
#1888=EDGE_CURVE('',#1551,#1549,#314,.T.);
#1889=EDGE_CURVE('',#1551,#1552,#315,.T.);
#1890=EDGE_CURVE('',#1553,#1552,#316,.T.);
#1891=EDGE_CURVE('',#1553,#1554,#317,.T.);
#1892=EDGE_CURVE('',#1545,#1554,#318,.T.);
#1893=EDGE_CURVE('',#1543,#1555,#1445,.T.);
#1894=EDGE_CURVE('',#1555,#1544,#1446,.T.);
#1895=EDGE_CURVE('',#1550,#1544,#319,.T.);
#1896=EDGE_CURVE('',#1548,#1555,#320,.T.);
#1897=EDGE_CURVE('',#1556,#1557,#1447,.T.);
#1898=EDGE_CURVE('',#1557,#1558,#1448,.T.);
#1899=EDGE_CURVE('',#1558,#1559,#1449,.T.);
#1900=EDGE_CURVE('',#1559,#1556,#1450,.T.);
#1901=EDGE_CURVE('',#1560,#1561,#1451,.T.);
#1902=EDGE_CURVE('',#1561,#1557,#1452,.T.);
#1903=EDGE_CURVE('',#1556,#1560,#1453,.T.);
#1904=EDGE_CURVE('',#1562,#1563,#1454,.T.);
#1905=EDGE_CURVE('',#1563,#1559,#321,.T.);
#1906=EDGE_CURVE('',#1558,#1562,#322,.T.);
#1907=EDGE_CURVE('',#1564,#1565,#1455,.T.);
#1908=EDGE_CURVE('',#1565,#1561,#1456,.T.);
#1909=EDGE_CURVE('',#1560,#1564,#1457,.T.);
#1910=EDGE_CURVE('',#1566,#1567,#1458,.T.);
#1911=EDGE_CURVE('',#1567,#1563,#1459,.T.);
#1912=EDGE_CURVE('',#1562,#1566,#1460,.T.);
#1913=EDGE_CURVE('',#1568,#1569,#1461,.T.);
#1914=EDGE_CURVE('',#1569,#1565,#323,.T.);
#1915=EDGE_CURVE('',#1564,#1568,#324,.T.);
#1916=EDGE_CURVE('',#1570,#1571,#1462,.T.);
#1917=EDGE_CURVE('',#1571,#1567,#1463,.T.);
#1918=EDGE_CURVE('',#1566,#1570,#1464,.T.);
#1919=EDGE_CURVE('',#1570,#1569,#1465,.T.);
#1920=EDGE_CURVE('',#1568,#1571,#1466,.T.);
#1921=EDGE_CURVE('',#1572,#1573,#1467,.T.);
#1922=EDGE_CURVE('',#1574,#1572,#325,.T.);
#1923=EDGE_CURVE('',#1575,#1574,#1468,.T.);
#1924=EDGE_CURVE('',#1576,#1575,#326,.T.);
#1925=EDGE_CURVE('',#1577,#1576,#1469,.T.);
#1926=EDGE_CURVE('',#1578,#1577,#327,.T.);
#1927=EDGE_CURVE('',#1579,#1578,#1470,.T.);
#1928=EDGE_CURVE('',#1580,#1579,#328,.T.);
#1929=EDGE_CURVE('',#1581,#1580,#1471,.T.);
#1930=EDGE_CURVE('',#1582,#1581,#1472,.T.);
#1931=EDGE_CURVE('',#1583,#1582,#1473,.T.);
#1932=EDGE_CURVE('',#1584,#1583,#329,.T.);
#1933=EDGE_CURVE('',#1585,#1584,#1474,.T.);
#1934=EDGE_CURVE('',#1586,#1585,#330,.T.);
#1935=EDGE_CURVE('',#1587,#1586,#1475,.T.);
#1936=EDGE_CURVE('',#1588,#1587,#331,.T.);
#1937=EDGE_CURVE('',#1589,#1588,#1476,.T.);
#1938=EDGE_CURVE('',#1590,#1589,#332,.T.);
#1939=EDGE_CURVE('',#1591,#1590,#1477,.T.);
#1940=EDGE_CURVE('',#1573,#1591,#333,.T.);
#1941=EDGE_CURVE('',#1592,#1593,#334,.T.);
#1942=EDGE_CURVE('',#1594,#1592,#335,.T.);
#1943=EDGE_CURVE('',#1595,#1594,#336,.T.);
#1944=EDGE_CURVE('',#1593,#1595,#337,.T.);
#1945=EDGE_CURVE('',#1596,#1597,#338,.T.);
#1946=EDGE_CURVE('',#1598,#1596,#339,.T.);
#1947=EDGE_CURVE('',#1599,#1598,#340,.T.);
#1948=EDGE_CURVE('',#1597,#1599,#341,.T.);
#1949=EDGE_CURVE('',#1600,#1601,#342,.T.);
#1950=EDGE_CURVE('',#1602,#1600,#343,.T.);
#1951=EDGE_CURVE('',#1603,#1602,#344,.T.);
#1952=EDGE_CURVE('',#1601,#1603,#345,.T.);
#1953=EDGE_CURVE('',#1604,#1605,#346,.T.);
#1954=EDGE_CURVE('',#1606,#1604,#347,.T.);
#1955=EDGE_CURVE('',#1607,#1606,#348,.T.);
#1956=EDGE_CURVE('',#1605,#1607,#349,.T.);
#1957=EDGE_CURVE('',#1608,#1609,#350,.T.);
#1958=EDGE_CURVE('',#1610,#1608,#351,.T.);
#1959=EDGE_CURVE('',#1611,#1610,#352,.T.);
#1960=EDGE_CURVE('',#1609,#1611,#353,.T.);
#1961=EDGE_CURVE('',#1612,#1572,#1478,.T.);
#1962=EDGE_CURVE('',#1573,#1613,#1479,.T.);
#1963=EDGE_CURVE('',#1613,#1612,#1480,.T.);
#1964=EDGE_CURVE('',#1614,#1574,#1481,.T.);
#1965=EDGE_CURVE('',#1612,#1614,#354,.T.);
#1966=EDGE_CURVE('',#1591,#1615,#1482,.T.);
#1967=EDGE_CURVE('',#1615,#1613,#355,.T.);
#1968=EDGE_CURVE('',#1616,#1575,#1483,.T.);
#1969=EDGE_CURVE('',#1614,#1616,#1484,.T.);
#1970=EDGE_CURVE('',#1590,#1617,#1485,.T.);
#1971=EDGE_CURVE('',#1617,#1615,#1486,.T.);
#1972=EDGE_CURVE('',#1618,#1576,#1487,.T.);
#1973=EDGE_CURVE('',#1616,#1618,#356,.T.);
#1974=EDGE_CURVE('',#1589,#1619,#1488,.T.);
#1975=EDGE_CURVE('',#1619,#1617,#357,.T.);
#1976=EDGE_CURVE('',#1620,#1577,#1489,.T.);
#1977=EDGE_CURVE('',#1618,#1620,#1490,.T.);
#1978=EDGE_CURVE('',#1588,#1621,#1491,.T.);
#1979=EDGE_CURVE('',#1621,#1619,#1492,.T.);
#1980=EDGE_CURVE('',#1622,#1578,#1493,.T.);
#1981=EDGE_CURVE('',#1620,#1622,#358,.T.);
#1982=EDGE_CURVE('',#1587,#1623,#1494,.T.);
#1983=EDGE_CURVE('',#1623,#1621,#359,.T.);
#1984=EDGE_CURVE('',#1624,#1579,#1495,.T.);
#1985=EDGE_CURVE('',#1622,#1624,#1496,.T.);
#1986=EDGE_CURVE('',#1586,#1625,#1497,.T.);
#1987=EDGE_CURVE('',#1625,#1623,#1498,.T.);
#1988=EDGE_CURVE('',#1626,#1580,#1499,.T.);
#1989=EDGE_CURVE('',#1624,#1626,#360,.T.);
#1990=EDGE_CURVE('',#1585,#1627,#1500,.T.);
#1991=EDGE_CURVE('',#1627,#1625,#361,.T.);
#1992=EDGE_CURVE('',#1628,#1581,#1501,.T.);
#1993=EDGE_CURVE('',#1626,#1628,#1502,.T.);
#1994=EDGE_CURVE('',#1584,#1629,#1503,.T.);
#1995=EDGE_CURVE('',#1629,#1627,#1504,.T.);
#1996=EDGE_CURVE('',#1630,#1582,#1505,.T.);
#1997=EDGE_CURVE('',#1628,#1630,#1506,.T.);
#1998=EDGE_CURVE('',#1583,#1631,#1507,.T.);
#1999=EDGE_CURVE('',#1631,#1629,#362,.T.);
#2000=EDGE_CURVE('',#1630,#1631,#1508,.T.);
#2001=EDGE_CURVE('',#1541,#1632,#363,.T.);
#2002=EDGE_CURVE('',#1633,#1632,#364,.T.);
#2003=EDGE_CURVE('',#1542,#1633,#365,.T.);
#2004=EDGE_CURVE('',#1551,#1634,#366,.T.);
#2005=EDGE_CURVE('',#1635,#1634,#367,.T.);
#2006=EDGE_CURVE('',#1552,#1635,#368,.T.);
#2007=EDGE_CURVE('',#1553,#1636,#369,.T.);
#2008=EDGE_CURVE('',#1637,#1636,#370,.T.);
#2009=EDGE_CURVE('',#1554,#1637,#371,.T.);
#2010=EDGE_CURVE('',#1638,#1639,#372,.T.);
#2011=EDGE_CURVE('',#1639,#1640,#373,.T.);
#2012=EDGE_CURVE('',#1640,#1641,#374,.T.);
#2013=EDGE_CURVE('',#1641,#1642,#375,.T.);
#2014=EDGE_CURVE('',#1642,#1643,#83,.T.);
#2015=EDGE_CURVE('',#1643,#1644,#84,.T.);
#2016=EDGE_CURVE('',#1644,#1645,#85,.T.);
#2017=EDGE_CURVE('',#1645,#1646,#86,.T.);
#2018=EDGE_CURVE('',#1646,#1647,#87,.T.);
#2019=EDGE_CURVE('',#1647,#1648,#376,.T.);
#2020=EDGE_CURVE('',#1648,#1649,#88,.T.);
#2021=EDGE_CURVE('',#1649,#1650,#89,.T.);
#2022=EDGE_CURVE('',#1650,#1651,#90,.T.);
#2023=EDGE_CURVE('',#1651,#1652,#91,.T.);
#2024=EDGE_CURVE('',#1652,#1653,#377,.T.);
#2025=EDGE_CURVE('',#1653,#1638,#378,.T.);
#2026=EDGE_CURVE('',#1654,#1655,#379,.T.);
#2027=EDGE_CURVE('',#1655,#1656,#380,.T.);
#2028=EDGE_CURVE('',#1656,#1657,#381,.T.);
#2029=EDGE_CURVE('',#1657,#1658,#382,.T.);
#2030=EDGE_CURVE('',#1658,#1659,#383,.T.);
#2031=EDGE_CURVE('',#1659,#1660,#384,.T.);
#2032=EDGE_CURVE('',#1660,#1661,#385,.T.);
#2033=EDGE_CURVE('',#1661,#1662,#386,.T.);
#2034=EDGE_CURVE('',#1662,#1663,#387,.T.);
#2035=EDGE_CURVE('',#1663,#1664,#388,.T.);
#2036=EDGE_CURVE('',#1664,#1654,#389,.T.);
#2037=EDGE_CURVE('',#1665,#1666,#92,.T.);
#2038=EDGE_CURVE('',#1666,#1667,#93,.T.);
#2039=EDGE_CURVE('',#1667,#1668,#390,.T.);
#2040=EDGE_CURVE('',#1668,#1669,#94,.T.);
#2041=EDGE_CURVE('',#1669,#1670,#95,.T.);
#2042=EDGE_CURVE('',#1670,#1671,#96,.T.);
#2043=EDGE_CURVE('',#1671,#1672,#97,.T.);
#2044=EDGE_CURVE('',#1672,#1673,#391,.T.);
#2045=EDGE_CURVE('',#1673,#1674,#392,.T.);
#2046=EDGE_CURVE('',#1674,#1675,#393,.T.);
#2047=EDGE_CURVE('',#1675,#1676,#98,.T.);
#2048=EDGE_CURVE('',#1676,#1677,#99,.T.);
#2049=EDGE_CURVE('',#1677,#1665,#100,.T.);
#2050=EDGE_CURVE('',#1678,#1679,#101,.T.);
#2051=EDGE_CURVE('',#1679,#1680,#394,.T.);
#2052=EDGE_CURVE('',#1680,#1681,#102,.T.);
#2053=EDGE_CURVE('',#1681,#1682,#395,.T.);
#2054=EDGE_CURVE('',#1682,#1683,#396,.T.);
#2055=EDGE_CURVE('',#1683,#1684,#397,.T.);
#2056=EDGE_CURVE('',#1684,#1678,#398,.T.);
#2057=EDGE_CURVE('',#1685,#1686,#103,.T.);
#2058=EDGE_CURVE('',#1686,#1687,#104,.T.);
#2059=EDGE_CURVE('',#1687,#1688,#399,.T.);
#2060=EDGE_CURVE('',#1688,#1689,#105,.T.);
#2061=EDGE_CURVE('',#1689,#1690,#106,.T.);
#2062=EDGE_CURVE('',#1690,#1691,#107,.T.);
#2063=EDGE_CURVE('',#1691,#1692,#108,.T.);
#2064=EDGE_CURVE('',#1692,#1693,#109,.T.);
#2065=EDGE_CURVE('',#1693,#1694,#110,.T.);
#2066=EDGE_CURVE('',#1694,#1695,#400,.T.);
#2067=EDGE_CURVE('',#1695,#1696,#111,.T.);
#2068=EDGE_CURVE('',#1696,#1697,#112,.T.);
#2069=EDGE_CURVE('',#1697,#1698,#113,.T.);
#2070=EDGE_CURVE('',#1698,#1699,#114,.T.);
#2071=EDGE_CURVE('',#1699,#1700,#401,.T.);
#2072=EDGE_CURVE('',#1700,#1701,#115,.T.);
#2073=EDGE_CURVE('',#1701,#1685,#116,.T.);
#2074=EDGE_CURVE('',#1702,#1703,#402,.T.);
#2075=EDGE_CURVE('',#1703,#1704,#403,.T.);
#2076=EDGE_CURVE('',#1704,#1705,#404,.T.);
#2077=EDGE_CURVE('',#1705,#1706,#405,.T.);
#2078=EDGE_CURVE('',#1706,#1707,#406,.T.);
#2079=EDGE_CURVE('',#1707,#1708,#407,.T.);
#2080=EDGE_CURVE('',#1708,#1709,#408,.T.);
#2081=EDGE_CURVE('',#1709,#1710,#409,.T.);
#2082=EDGE_CURVE('',#1710,#1711,#410,.T.);
#2083=EDGE_CURVE('',#1711,#1712,#411,.T.);
#2084=EDGE_CURVE('',#1712,#1702,#412,.T.);
#2085=EDGE_CURVE('',#1713,#1714,#413,.T.);
#2086=EDGE_CURVE('',#1714,#1715,#414,.T.);
#2087=EDGE_CURVE('',#1715,#1713,#415,.T.);
#2088=EDGE_CURVE('',#1716,#1717,#416,.T.);
#2089=EDGE_CURVE('',#1713,#1716,#417,.T.);
#2090=EDGE_CURVE('',#1715,#1717,#418,.T.);
#2091=EDGE_CURVE('',#1718,#1716,#419,.T.);
#2092=EDGE_CURVE('',#1714,#1718,#420,.T.);
#2093=EDGE_CURVE('',#1709,#1654,#421,.T.);
#2094=EDGE_CURVE('',#1708,#1655,#422,.T.);
#2095=EDGE_CURVE('',#1710,#1664,#423,.T.);
#2096=EDGE_CURVE('',#1711,#1663,#424,.T.);
#2097=EDGE_CURVE('',#1712,#1662,#425,.T.);
#2098=EDGE_CURVE('',#1702,#1661,#426,.T.);
#2099=EDGE_CURVE('',#1703,#1660,#427,.T.);
#2100=EDGE_CURVE('',#1717,#1718,#428,.T.);
#2101=EDGE_CURVE('',#1704,#1659,#429,.T.);
#2102=EDGE_CURVE('',#1705,#1658,#430,.T.);
#2103=EDGE_CURVE('',#1706,#1657,#431,.T.);
#2104=EDGE_CURVE('',#1707,#1656,#432,.T.);
#2105=EDGE_CURVE('',#1719,#1720,#433,.T.);
#2106=EDGE_CURVE('',#1720,#1721,#117,.T.);
#2107=EDGE_CURVE('',#1721,#1722,#118,.T.);
#2108=EDGE_CURVE('',#1722,#1723,#119,.T.);
#2109=EDGE_CURVE('',#1723,#1724,#120,.T.);
#2110=EDGE_CURVE('',#1724,#1725,#434,.T.);
#2111=EDGE_CURVE('',#1725,#1726,#121,.T.);
#2112=EDGE_CURVE('',#1726,#1727,#122,.T.);
#2113=EDGE_CURVE('',#1727,#1728,#123,.T.);
#2114=EDGE_CURVE('',#1728,#1729,#124,.T.);
#2115=EDGE_CURVE('',#1729,#1730,#125,.T.);
#2116=EDGE_CURVE('',#1730,#1731,#435,.T.);
#2117=EDGE_CURVE('',#1731,#1719,#436,.T.);
#2118=EDGE_CURVE('',#1727,#1665,#437,.T.);
#2119=EDGE_CURVE('',#1726,#1666,#438,.T.);
#2120=EDGE_CURVE('',#1728,#1677,#439,.T.);
#2121=EDGE_CURVE('',#1729,#1676,#440,.T.);
#2122=EDGE_CURVE('',#1730,#1675,#441,.T.);
#2123=EDGE_CURVE('',#1731,#1674,#442,.T.);
#2124=EDGE_CURVE('',#1719,#1673,#443,.T.);
#2125=EDGE_CURVE('',#1720,#1672,#444,.T.);
#2126=EDGE_CURVE('',#1721,#1671,#445,.T.);
#2127=EDGE_CURVE('',#1722,#1670,#446,.T.);
#2128=EDGE_CURVE('',#1723,#1669,#447,.T.);
#2129=EDGE_CURVE('',#1724,#1668,#448,.T.);
#2130=EDGE_CURVE('',#1725,#1667,#449,.T.);
#2131=EDGE_CURVE('',#1732,#1638,#450,.T.);
#2132=EDGE_CURVE('',#1733,#1732,#451,.T.);
#2133=EDGE_CURVE('',#1733,#1639,#452,.T.);
#2134=EDGE_CURVE('',#1734,#1733,#453,.T.);
#2135=EDGE_CURVE('',#1734,#1640,#454,.T.);
#2136=EDGE_CURVE('',#1735,#1734,#455,.T.);
#2137=EDGE_CURVE('',#1735,#1641,#456,.T.);
#2138=EDGE_CURVE('',#1736,#1735,#457,.T.);
#2139=EDGE_CURVE('',#1736,#1642,#458,.T.);
#2140=EDGE_CURVE('',#1737,#1736,#126,.T.);
#2141=EDGE_CURVE('',#1737,#1643,#459,.T.);
#2142=EDGE_CURVE('',#1738,#1737,#127,.T.);
#2143=EDGE_CURVE('',#1738,#1644,#460,.T.);
#2144=EDGE_CURVE('',#1739,#1738,#128,.T.);
#2145=EDGE_CURVE('',#1739,#1645,#461,.T.);
#2146=EDGE_CURVE('',#1740,#1739,#129,.T.);
#2147=EDGE_CURVE('',#1740,#1646,#462,.T.);
#2148=EDGE_CURVE('',#1741,#1740,#130,.T.);
#2149=EDGE_CURVE('',#1741,#1647,#463,.T.);
#2150=EDGE_CURVE('',#1742,#1741,#464,.T.);
#2151=EDGE_CURVE('',#1742,#1648,#465,.T.);
#2152=EDGE_CURVE('',#1743,#1742,#131,.T.);
#2153=EDGE_CURVE('',#1743,#1649,#466,.T.);
#2154=EDGE_CURVE('',#1744,#1743,#132,.T.);
#2155=EDGE_CURVE('',#1744,#1650,#467,.T.);
#2156=EDGE_CURVE('',#1745,#1744,#133,.T.);
#2157=EDGE_CURVE('',#1745,#1651,#468,.T.);
#2158=EDGE_CURVE('',#1746,#1745,#134,.T.);
#2159=EDGE_CURVE('',#1746,#1652,#469,.T.);
#2160=EDGE_CURVE('',#1747,#1746,#470,.T.);
#2161=EDGE_CURVE('',#1747,#1653,#471,.T.);
#2162=EDGE_CURVE('',#1732,#1747,#472,.T.);
#2163=EDGE_CURVE('',#1748,#1749,#473,.T.);
#2164=EDGE_CURVE('',#1749,#1750,#474,.T.);
#2165=EDGE_CURVE('',#1750,#1751,#135,.T.);
#2166=EDGE_CURVE('',#1751,#1752,#475,.T.);
#2167=EDGE_CURVE('',#1752,#1753,#136,.T.);
#2168=EDGE_CURVE('',#1753,#1754,#476,.T.);
#2169=EDGE_CURVE('',#1754,#1748,#477,.T.);
#2170=EDGE_CURVE('',#1753,#1678,#478,.T.);
#2171=EDGE_CURVE('',#1752,#1679,#479,.T.);
#2172=EDGE_CURVE('',#1754,#1684,#480,.T.);
#2173=EDGE_CURVE('',#1748,#1683,#481,.T.);
#2174=EDGE_CURVE('',#1749,#1682,#482,.T.);
#2175=EDGE_CURVE('',#1750,#1681,#483,.T.);
#2176=EDGE_CURVE('',#1751,#1680,#484,.T.);
#2177=EDGE_CURVE('',#1755,#1685,#485,.T.);
#2178=EDGE_CURVE('',#1756,#1755,#137,.T.);
#2179=EDGE_CURVE('',#1756,#1686,#486,.T.);
#2180=EDGE_CURVE('',#1757,#1756,#138,.T.);
#2181=EDGE_CURVE('',#1757,#1687,#487,.T.);
#2182=EDGE_CURVE('',#1758,#1757,#488,.T.);
#2183=EDGE_CURVE('',#1758,#1688,#489,.T.);
#2184=EDGE_CURVE('',#1759,#1758,#139,.T.);
#2185=EDGE_CURVE('',#1759,#1689,#490,.T.);
#2186=EDGE_CURVE('',#1760,#1759,#140,.T.);
#2187=EDGE_CURVE('',#1760,#1690,#491,.T.);
#2188=EDGE_CURVE('',#1761,#1760,#141,.T.);
#2189=EDGE_CURVE('',#1761,#1691,#492,.T.);
#2190=EDGE_CURVE('',#1762,#1761,#142,.T.);
#2191=EDGE_CURVE('',#1762,#1692,#493,.T.);
#2192=EDGE_CURVE('',#1763,#1762,#143,.T.);
#2193=EDGE_CURVE('',#1763,#1693,#494,.T.);
#2194=EDGE_CURVE('',#1764,#1763,#144,.T.);
#2195=EDGE_CURVE('',#1764,#1694,#495,.T.);
#2196=EDGE_CURVE('',#1765,#1764,#496,.T.);
#2197=EDGE_CURVE('',#1765,#1695,#497,.T.);
#2198=EDGE_CURVE('',#1766,#1765,#145,.T.);
#2199=EDGE_CURVE('',#1766,#1696,#498,.T.);
#2200=EDGE_CURVE('',#1767,#1766,#146,.T.);
#2201=EDGE_CURVE('',#1767,#1697,#499,.T.);
#2202=EDGE_CURVE('',#1768,#1767,#147,.T.);
#2203=EDGE_CURVE('',#1768,#1698,#500,.T.);
#2204=EDGE_CURVE('',#1769,#1768,#148,.T.);
#2205=EDGE_CURVE('',#1769,#1699,#501,.T.);
#2206=EDGE_CURVE('',#1770,#1769,#502,.T.);
#2207=EDGE_CURVE('',#1770,#1700,#503,.T.);
#2208=EDGE_CURVE('',#1771,#1770,#149,.T.);
#2209=EDGE_CURVE('',#1771,#1701,#504,.T.);
#2210=EDGE_CURVE('',#1755,#1771,#150,.T.);
#2211=EDGE_CURVE('',#1540,#1772,#505,.T.);
#2212=EDGE_CURVE('',#1540,#1773,#506,.T.);
#2213=EDGE_CURVE('',#1774,#1773,#507,.T.);
#2214=EDGE_CURVE('',#1772,#1774,#508,.T.);
#2215=EDGE_CURVE('',#1772,#1775,#509,.T.);
#2216=EDGE_CURVE('',#1776,#1774,#510,.T.);
#2217=EDGE_CURVE('',#1775,#1776,#511,.T.);
#2218=EDGE_CURVE('',#1775,#1539,#512,.T.);
#2219=EDGE_CURVE('',#1777,#1776,#513,.T.);
#2220=EDGE_CURVE('',#1539,#1777,#514,.T.);
#2221=EDGE_CURVE('',#1773,#1777,#515,.T.);
#2222=EDGE_CURVE('',#1552,#1778,#516,.T.);
#2223=EDGE_CURVE('',#1779,#1635,#517,.T.);
#2224=EDGE_CURVE('',#1778,#1779,#518,.T.);
#2225=EDGE_CURVE('',#1778,#1780,#519,.T.);
#2226=EDGE_CURVE('',#1781,#1779,#520,.T.);
#2227=EDGE_CURVE('',#1780,#1781,#521,.T.);
#2228=EDGE_CURVE('',#1780,#1551,#522,.T.);
#2229=EDGE_CURVE('',#1634,#1781,#523,.T.);
#2230=EDGE_CURVE('',#1782,#1783,#524,.T.);
#2231=EDGE_CURVE('',#1782,#1784,#525,.T.);
#2232=EDGE_CURVE('',#1785,#1784,#526,.T.);
#2233=EDGE_CURVE('',#1783,#1785,#527,.T.);
#2234=EDGE_CURVE('',#1783,#1553,#528,.T.);
#2235=EDGE_CURVE('',#1636,#1785,#529,.T.);
#2236=EDGE_CURVE('',#1554,#1782,#530,.T.);
#2237=EDGE_CURVE('',#1784,#1637,#531,.T.);
#2238=EDGE_CURVE('',#1786,#1787,#532,.T.);
#2239=EDGE_CURVE('',#1786,#1788,#533,.T.);
#2240=EDGE_CURVE('',#1789,#1788,#534,.T.);
#2241=EDGE_CURVE('',#1787,#1789,#535,.T.);
#2242=EDGE_CURVE('',#1787,#1541,#536,.T.);
#2243=EDGE_CURVE('',#1632,#1789,#537,.T.);
#2244=EDGE_CURVE('',#1542,#1786,#538,.T.);
#2245=EDGE_CURVE('',#1788,#1633,#539,.T.);
#2246=EDGE_CURVE('',#1783,#1778,#540,.T.);
#2247=EDGE_CURVE('',#1790,#1786,#541,.T.);
#2248=EDGE_CURVE('',#1791,#1790,#44,.T.);
#2249=EDGE_CURVE('',#1791,#1792,#542,.T.);
#2250=EDGE_CURVE('',#1793,#1792,#45,.T.);
#2251=EDGE_CURVE('',#1780,#1793,#543,.T.);
#2252=EDGE_CURVE('',#1787,#1772,#544,.T.);
#2253=EDGE_CURVE('',#1794,#1782,#545,.T.);
#2254=EDGE_CURVE('',#1795,#1794,#46,.T.);
#2255=EDGE_CURVE('',#1796,#1795,#546,.T.);
#2256=EDGE_CURVE('',#1797,#1796,#47,.T.);
#2257=EDGE_CURVE('',#1775,#1797,#547,.T.);
#2258=EDGE_CURVE('',#1594,#1798,#548,.T.);
#2259=EDGE_CURVE('',#1798,#1799,#549,.T.);
#2260=EDGE_CURVE('',#1595,#1799,#550,.T.);
#2261=EDGE_CURVE('',#1592,#1800,#551,.T.);
#2262=EDGE_CURVE('',#1800,#1798,#552,.T.);
#2263=EDGE_CURVE('',#1598,#1801,#553,.T.);
#2264=EDGE_CURVE('',#1801,#1802,#554,.T.);
#2265=EDGE_CURVE('',#1599,#1802,#555,.T.);
#2266=EDGE_CURVE('',#1596,#1803,#556,.T.);
#2267=EDGE_CURVE('',#1803,#1801,#557,.T.);
#2268=EDGE_CURVE('',#1602,#1804,#558,.T.);
#2269=EDGE_CURVE('',#1804,#1805,#559,.T.);
#2270=EDGE_CURVE('',#1603,#1805,#560,.T.);
#2271=EDGE_CURVE('',#1600,#1806,#561,.T.);
#2272=EDGE_CURVE('',#1806,#1804,#562,.T.);
#2273=EDGE_CURVE('',#1606,#1807,#563,.T.);
#2274=EDGE_CURVE('',#1807,#1808,#564,.T.);
#2275=EDGE_CURVE('',#1607,#1808,#565,.T.);
#2276=EDGE_CURVE('',#1604,#1809,#566,.T.);
#2277=EDGE_CURVE('',#1809,#1807,#567,.T.);
#2278=EDGE_CURVE('',#1610,#1810,#568,.T.);
#2279=EDGE_CURVE('',#1810,#1811,#569,.T.);
#2280=EDGE_CURVE('',#1611,#1811,#570,.T.);
#2281=EDGE_CURVE('',#1608,#1812,#571,.T.);
#2282=EDGE_CURVE('',#1812,#1810,#572,.T.);
#2283=EDGE_CURVE('',#1593,#1813,#573,.T.);
#2284=EDGE_CURVE('',#1813,#1800,#574,.T.);
#2285=EDGE_CURVE('',#1799,#1813,#575,.T.);
#2286=EDGE_CURVE('',#1597,#1814,#576,.T.);
#2287=EDGE_CURVE('',#1814,#1803,#577,.T.);
#2288=EDGE_CURVE('',#1802,#1814,#578,.T.);
#2289=EDGE_CURVE('',#1601,#1815,#579,.T.);
#2290=EDGE_CURVE('',#1815,#1806,#580,.T.);
#2291=EDGE_CURVE('',#1805,#1815,#581,.T.);
#2292=EDGE_CURVE('',#1605,#1816,#582,.T.);
#2293=EDGE_CURVE('',#1816,#1809,#583,.T.);
#2294=EDGE_CURVE('',#1808,#1816,#584,.T.);
#2295=EDGE_CURVE('',#1609,#1817,#585,.T.);
#2296=EDGE_CURVE('',#1817,#1812,#586,.T.);
#2297=EDGE_CURVE('',#1811,#1817,#587,.T.);
#2298=EDGE_CURVE('',#1818,#1818,#1509,.T.);
#2299=EDGE_CURVE('',#1818,#1819,#1510,.T.);
#2300=EDGE_CURVE('',#1819,#1820,#1511,.T.);
#2301=EDGE_CURVE('',#1820,#1819,#1512,.T.);
#2302=EDGE_CURVE('',#1821,#1822,#1513,.T.);
#2303=EDGE_CURVE('',#1821,#1820,#588,.T.);
#2304=EDGE_CURVE('',#1822,#1821,#1514,.T.);
#2305=EDGE_CURVE('',#1823,#1823,#1515,.T.);
#2306=EDGE_CURVE('',#1823,#1822,#1516,.T.);
#2307=EDGE_CURVE('',#1824,#1825,#589,.T.);
#2308=EDGE_CURVE('',#1826,#1824,#590,.T.);
#2309=EDGE_CURVE('',#1827,#1826,#591,.T.);
#2310=EDGE_CURVE('',#1828,#1827,#592,.T.);
#2311=EDGE_CURVE('',#1828,#1829,#593,.T.);
#2312=EDGE_CURVE('',#1829,#1830,#1517,.T.);
#2313=EDGE_CURVE('',#1830,#1825,#594,.T.);
#2314=EDGE_CURVE('',#1831,#1831,#1518,.T.);
#2315=EDGE_CURVE('',#1790,#1832,#595,.T.);
#2316=EDGE_CURVE('',#1832,#1833,#48,.T.);
#2317=EDGE_CURVE('',#1833,#1791,#596,.T.);
#2318=EDGE_CURVE('',#1833,#1834,#597,.F.);
#2319=EDGE_CURVE('',#1834,#1835,#598,.F.);
#2320=EDGE_CURVE('',#1836,#1835,#599,.T.);
#2321=EDGE_CURVE('',#1792,#1836,#600,.T.);
#2322=EDGE_CURVE('',#1835,#1828,#1519,.T.);
#2323=EDGE_CURVE('',#1827,#1836,#1520,.T.);
#2324=EDGE_CURVE('',#1824,#1837,#1521,.F.);
#2325=EDGE_CURVE('',#1838,#1824,#1522,.F.);
#2326=EDGE_CURVE('',#1837,#1838,#1523,.F.);
#2327=EDGE_CURVE('',#1825,#1839,#1524,.T.);
#2328=EDGE_CURVE('',#1839,#1838,#601,.T.);
#2329=EDGE_CURVE('',#1796,#1837,#602,.T.);
#2330=EDGE_CURVE('',#1838,#1797,#603,.T.);
#2331=EDGE_CURVE('',#1826,#1840,#1525,.F.);
#2332=EDGE_CURVE('',#1841,#1826,#1526,.F.);
#2333=EDGE_CURVE('',#1840,#1841,#1527,.F.);
#2334=EDGE_CURVE('',#1837,#1841,#604,.T.);
#2335=EDGE_CURVE('',#1794,#1840,#605,.T.);
#2336=EDGE_CURVE('',#1841,#1795,#606,.T.);
#2337=EDGE_CURVE('',#1842,#1827,#1528,.T.);
#2338=EDGE_CURVE('',#1840,#1842,#607,.T.);
#2339=EDGE_CURVE('',#1842,#1836,#1529,.T.);
#2340=EDGE_CURVE('',#1834,#1843,#608,.T.);
#2341=EDGE_CURVE('',#1829,#1843,#609,.T.);
#2342=EDGE_CURVE('',#1842,#1793,#610,.T.);
#2343=EDGE_CURVE('',#1831,#1844,#611,.T.);
#2344=EDGE_CURVE('',#1844,#1844,#1530,.T.);
#2345=EDGE_CURVE('',#1845,#1845,#1531,.T.);
#2346=EDGE_CURVE('',#1845,#1846,#612,.T.);
#2347=EDGE_CURVE('',#1846,#1846,#1532,.T.);
#2348=EDGE_CURVE('',#1830,#1847,#613,.T.);
#2349=EDGE_CURVE('',#1847,#1848,#614,.T.);
#2350=EDGE_CURVE('',#1839,#1848,#615,.T.);
#2351=EDGE_CURVE('',#1843,#1847,#1533,.T.);
#2352=EDGE_CURVE('',#1848,#1832,#616,.T.);
#2353=EDGE_CURVE('',#1849,#1850,#617,.T.);
#2354=EDGE_CURVE('',#1849,#1851,#618,.T.);
#2355=EDGE_CURVE('',#1852,#1851,#619,.T.);
#2356=EDGE_CURVE('',#1850,#1852,#620,.T.);
#2357=EDGE_CURVE('',#1850,#1853,#621,.T.);
#2358=EDGE_CURVE('',#1854,#1852,#622,.T.);
#2359=EDGE_CURVE('',#1853,#1854,#623,.T.);
#2360=EDGE_CURVE('',#1853,#1855,#624,.T.);
#2361=EDGE_CURVE('',#1856,#1854,#625,.T.);
#2362=EDGE_CURVE('',#1855,#1856,#626,.T.);
#2363=EDGE_CURVE('',#1855,#1849,#627,.T.);
#2364=EDGE_CURVE('',#1851,#1856,#628,.T.);
#2365=EDGE_CURVE('',#1857,#1858,#1534,.T.);
#2366=EDGE_CURVE('',#1858,#1859,#629,.T.);
#2367=EDGE_CURVE('',#1859,#1860,#1535,.T.);
#2368=EDGE_CURVE('',#1860,#1857,#630,.T.);
#2369=EDGE_CURVE('',#1858,#1861,#631,.T.);
#2370=EDGE_CURVE('',#1861,#1862,#632,.T.);
#2371=EDGE_CURVE('',#1862,#1859,#633,.T.);
#2372=EDGE_CURVE('',#1863,#1857,#634,.T.);
#2373=EDGE_CURVE('',#1863,#1864,#635,.T.);
#2374=EDGE_CURVE('',#1864,#1865,#636,.T.);
#2375=EDGE_CURVE('',#1865,#1861,#637,.T.);
#2376=EDGE_CURVE('',#1860,#1866,#638,.T.);
#2377=EDGE_CURVE('',#1866,#1863,#639,.T.);
#2378=EDGE_CURVE('',#1865,#1867,#640,.T.);
#2379=EDGE_CURVE('',#1862,#1867,#641,.T.);
#2380=EDGE_CURVE('',#1868,#1866,#642,.T.);
#2381=EDGE_CURVE('',#1864,#1868,#643,.T.);
#2382=EDGE_CURVE('',#1867,#1868,#644,.T.);
#2383=ORIENTED_EDGE('',*,*,#1869,.T.);
#2384=ORIENTED_EDGE('',*,*,#1870,.T.);
#2385=ORIENTED_EDGE('',*,*,#1871,.T.);
#2386=ORIENTED_EDGE('',*,*,#1870,.F.);
#2387=ORIENTED_EDGE('',*,*,#1872,.F.);
#2388=ORIENTED_EDGE('',*,*,#1873,.T.);
#2389=ORIENTED_EDGE('',*,*,#1874,.F.);
#2390=ORIENTED_EDGE('',*,*,#1875,.T.);
#2391=ORIENTED_EDGE('',*,*,#1876,.F.);
#2392=ORIENTED_EDGE('',*,*,#1877,.F.);
#2393=ORIENTED_EDGE('',*,*,#1878,.T.);
#2394=ORIENTED_EDGE('',*,*,#1879,.T.);
#2395=ORIENTED_EDGE('',*,*,#1880,.T.);
#2396=ORIENTED_EDGE('',*,*,#1881,.T.);
#2397=ORIENTED_EDGE('',*,*,#1871,.F.);
#2398=ORIENTED_EDGE('',*,*,#1882,.T.);
#2399=ORIENTED_EDGE('',*,*,#1880,.F.);
#2400=ORIENTED_EDGE('',*,*,#1883,.F.);
#2401=ORIENTED_EDGE('',*,*,#1884,.T.);
#2402=ORIENTED_EDGE('',*,*,#1885,.T.);
#2403=ORIENTED_EDGE('',*,*,#1886,.T.);
#2404=ORIENTED_EDGE('',*,*,#1881,.F.);
#2405=ORIENTED_EDGE('',*,*,#1887,.T.);
#2406=ORIENTED_EDGE('',*,*,#1885,.F.);
#2407=ORIENTED_EDGE('',*,*,#1888,.F.);
#2408=ORIENTED_EDGE('',*,*,#1889,.T.);
#2409=ORIENTED_EDGE('',*,*,#1890,.F.);
#2410=ORIENTED_EDGE('',*,*,#1891,.T.);
#2411=ORIENTED_EDGE('',*,*,#1892,.F.);
#2412=ORIENTED_EDGE('',*,*,#1893,.T.);
#2413=ORIENTED_EDGE('',*,*,#1894,.T.);
#2414=ORIENTED_EDGE('',*,*,#1877,.T.);
#2415=ORIENTED_EDGE('',*,*,#1886,.F.);
#2416=ORIENTED_EDGE('',*,*,#1895,.T.);
#2417=ORIENTED_EDGE('',*,*,#1894,.F.);
#2418=ORIENTED_EDGE('',*,*,#1896,.F.);
#2419=ORIENTED_EDGE('',*,*,#1897,.T.);
#2420=ORIENTED_EDGE('',*,*,#1898,.T.);
#2421=ORIENTED_EDGE('',*,*,#1899,.T.);
#2422=ORIENTED_EDGE('',*,*,#1900,.T.);
#2423=ORIENTED_EDGE('',*,*,#1901,.T.);
#2424=ORIENTED_EDGE('',*,*,#1902,.T.);
#2425=ORIENTED_EDGE('',*,*,#1897,.F.);
#2426=ORIENTED_EDGE('',*,*,#1903,.T.);
#2427=ORIENTED_EDGE('',*,*,#1904,.T.);
#2428=ORIENTED_EDGE('',*,*,#1905,.T.);
#2429=ORIENTED_EDGE('',*,*,#1899,.F.);
#2430=ORIENTED_EDGE('',*,*,#1906,.T.);
#2431=ORIENTED_EDGE('',*,*,#1907,.T.);
#2432=ORIENTED_EDGE('',*,*,#1908,.T.);
#2433=ORIENTED_EDGE('',*,*,#1901,.F.);
#2434=ORIENTED_EDGE('',*,*,#1909,.T.);
#2435=ORIENTED_EDGE('',*,*,#1910,.T.);
#2436=ORIENTED_EDGE('',*,*,#1911,.T.);
#2437=ORIENTED_EDGE('',*,*,#1904,.F.);
#2438=ORIENTED_EDGE('',*,*,#1912,.T.);
#2439=ORIENTED_EDGE('',*,*,#1913,.T.);
#2440=ORIENTED_EDGE('',*,*,#1914,.T.);
#2441=ORIENTED_EDGE('',*,*,#1907,.F.);
#2442=ORIENTED_EDGE('',*,*,#1915,.T.);
#2443=ORIENTED_EDGE('',*,*,#1916,.T.);
#2444=ORIENTED_EDGE('',*,*,#1917,.T.);
#2445=ORIENTED_EDGE('',*,*,#1910,.F.);
#2446=ORIENTED_EDGE('',*,*,#1918,.T.);
#2447=ORIENTED_EDGE('',*,*,#1916,.F.);
#2448=ORIENTED_EDGE('',*,*,#1919,.T.);
#2449=ORIENTED_EDGE('',*,*,#1913,.F.);
#2450=ORIENTED_EDGE('',*,*,#1920,.T.);
#2451=ORIENTED_EDGE('',*,*,#1882,.F.);
#2452=ORIENTED_EDGE('',*,*,#1878,.F.);
#2453=ORIENTED_EDGE('',*,*,#1895,.F.);
#2454=ORIENTED_EDGE('',*,*,#1887,.F.);
#2455=ORIENTED_EDGE('',*,*,#1921,.F.);
#2456=ORIENTED_EDGE('',*,*,#1922,.F.);
#2457=ORIENTED_EDGE('',*,*,#1923,.F.);
#2458=ORIENTED_EDGE('',*,*,#1924,.F.);
#2459=ORIENTED_EDGE('',*,*,#1925,.F.);
#2460=ORIENTED_EDGE('',*,*,#1926,.F.);
#2461=ORIENTED_EDGE('',*,*,#1927,.F.);
#2462=ORIENTED_EDGE('',*,*,#1928,.F.);
#2463=ORIENTED_EDGE('',*,*,#1929,.F.);
#2464=ORIENTED_EDGE('',*,*,#1930,.F.);
#2465=ORIENTED_EDGE('',*,*,#1931,.F.);
#2466=ORIENTED_EDGE('',*,*,#1932,.F.);
#2467=ORIENTED_EDGE('',*,*,#1933,.F.);
#2468=ORIENTED_EDGE('',*,*,#1934,.F.);
#2469=ORIENTED_EDGE('',*,*,#1935,.F.);
#2470=ORIENTED_EDGE('',*,*,#1936,.F.);
#2471=ORIENTED_EDGE('',*,*,#1937,.F.);
#2472=ORIENTED_EDGE('',*,*,#1938,.F.);
#2473=ORIENTED_EDGE('',*,*,#1939,.F.);
#2474=ORIENTED_EDGE('',*,*,#1940,.F.);
#2475=ORIENTED_EDGE('',*,*,#1941,.F.);
#2476=ORIENTED_EDGE('',*,*,#1942,.F.);
#2477=ORIENTED_EDGE('',*,*,#1943,.F.);
#2478=ORIENTED_EDGE('',*,*,#1944,.F.);
#2479=ORIENTED_EDGE('',*,*,#1945,.F.);
#2480=ORIENTED_EDGE('',*,*,#1946,.F.);
#2481=ORIENTED_EDGE('',*,*,#1947,.F.);
#2482=ORIENTED_EDGE('',*,*,#1948,.F.);
#2483=ORIENTED_EDGE('',*,*,#1949,.F.);
#2484=ORIENTED_EDGE('',*,*,#1950,.F.);
#2485=ORIENTED_EDGE('',*,*,#1951,.F.);
#2486=ORIENTED_EDGE('',*,*,#1952,.F.);
#2487=ORIENTED_EDGE('',*,*,#1953,.F.);
#2488=ORIENTED_EDGE('',*,*,#1954,.F.);
#2489=ORIENTED_EDGE('',*,*,#1955,.F.);
#2490=ORIENTED_EDGE('',*,*,#1956,.F.);
#2491=ORIENTED_EDGE('',*,*,#1957,.F.);
#2492=ORIENTED_EDGE('',*,*,#1958,.F.);
#2493=ORIENTED_EDGE('',*,*,#1959,.F.);
#2494=ORIENTED_EDGE('',*,*,#1960,.F.);
#2495=ORIENTED_EDGE('',*,*,#1898,.F.);
#2496=ORIENTED_EDGE('',*,*,#1902,.F.);
#2497=ORIENTED_EDGE('',*,*,#1908,.F.);
#2498=ORIENTED_EDGE('',*,*,#1914,.F.);
#2499=ORIENTED_EDGE('',*,*,#1919,.F.);
#2500=ORIENTED_EDGE('',*,*,#1918,.F.);
#2501=ORIENTED_EDGE('',*,*,#1912,.F.);
#2502=ORIENTED_EDGE('',*,*,#1906,.F.);
#2503=ORIENTED_EDGE('',*,*,#1961,.T.);
#2504=ORIENTED_EDGE('',*,*,#1921,.T.);
#2505=ORIENTED_EDGE('',*,*,#1962,.T.);
#2506=ORIENTED_EDGE('',*,*,#1963,.T.);
#2507=ORIENTED_EDGE('',*,*,#1964,.T.);
#2508=ORIENTED_EDGE('',*,*,#1922,.T.);
#2509=ORIENTED_EDGE('',*,*,#1961,.F.);
#2510=ORIENTED_EDGE('',*,*,#1965,.T.);
#2511=ORIENTED_EDGE('',*,*,#1966,.T.);
#2512=ORIENTED_EDGE('',*,*,#1967,.T.);
#2513=ORIENTED_EDGE('',*,*,#1962,.F.);
#2514=ORIENTED_EDGE('',*,*,#1940,.T.);
#2515=ORIENTED_EDGE('',*,*,#1968,.T.);
#2516=ORIENTED_EDGE('',*,*,#1923,.T.);
#2517=ORIENTED_EDGE('',*,*,#1964,.F.);
#2518=ORIENTED_EDGE('',*,*,#1969,.T.);
#2519=ORIENTED_EDGE('',*,*,#1970,.T.);
#2520=ORIENTED_EDGE('',*,*,#1971,.T.);
#2521=ORIENTED_EDGE('',*,*,#1966,.F.);
#2522=ORIENTED_EDGE('',*,*,#1939,.T.);
#2523=ORIENTED_EDGE('',*,*,#1972,.T.);
#2524=ORIENTED_EDGE('',*,*,#1924,.T.);
#2525=ORIENTED_EDGE('',*,*,#1968,.F.);
#2526=ORIENTED_EDGE('',*,*,#1973,.T.);
#2527=ORIENTED_EDGE('',*,*,#1974,.T.);
#2528=ORIENTED_EDGE('',*,*,#1975,.T.);
#2529=ORIENTED_EDGE('',*,*,#1970,.F.);
#2530=ORIENTED_EDGE('',*,*,#1938,.T.);
#2531=ORIENTED_EDGE('',*,*,#1976,.T.);
#2532=ORIENTED_EDGE('',*,*,#1925,.T.);
#2533=ORIENTED_EDGE('',*,*,#1972,.F.);
#2534=ORIENTED_EDGE('',*,*,#1977,.T.);
#2535=ORIENTED_EDGE('',*,*,#1978,.T.);
#2536=ORIENTED_EDGE('',*,*,#1979,.T.);
#2537=ORIENTED_EDGE('',*,*,#1974,.F.);
#2538=ORIENTED_EDGE('',*,*,#1937,.T.);
#2539=ORIENTED_EDGE('',*,*,#1980,.T.);
#2540=ORIENTED_EDGE('',*,*,#1926,.T.);
#2541=ORIENTED_EDGE('',*,*,#1976,.F.);
#2542=ORIENTED_EDGE('',*,*,#1981,.T.);
#2543=ORIENTED_EDGE('',*,*,#1982,.T.);
#2544=ORIENTED_EDGE('',*,*,#1983,.T.);
#2545=ORIENTED_EDGE('',*,*,#1978,.F.);
#2546=ORIENTED_EDGE('',*,*,#1936,.T.);
#2547=ORIENTED_EDGE('',*,*,#1984,.T.);
#2548=ORIENTED_EDGE('',*,*,#1927,.T.);
#2549=ORIENTED_EDGE('',*,*,#1980,.F.);
#2550=ORIENTED_EDGE('',*,*,#1985,.T.);
#2551=ORIENTED_EDGE('',*,*,#1986,.T.);
#2552=ORIENTED_EDGE('',*,*,#1987,.T.);
#2553=ORIENTED_EDGE('',*,*,#1982,.F.);
#2554=ORIENTED_EDGE('',*,*,#1935,.T.);
#2555=ORIENTED_EDGE('',*,*,#1988,.T.);
#2556=ORIENTED_EDGE('',*,*,#1928,.T.);
#2557=ORIENTED_EDGE('',*,*,#1984,.F.);
#2558=ORIENTED_EDGE('',*,*,#1989,.T.);
#2559=ORIENTED_EDGE('',*,*,#1990,.T.);
#2560=ORIENTED_EDGE('',*,*,#1991,.T.);
#2561=ORIENTED_EDGE('',*,*,#1986,.F.);
#2562=ORIENTED_EDGE('',*,*,#1934,.T.);
#2563=ORIENTED_EDGE('',*,*,#1992,.T.);
#2564=ORIENTED_EDGE('',*,*,#1929,.T.);
#2565=ORIENTED_EDGE('',*,*,#1988,.F.);
#2566=ORIENTED_EDGE('',*,*,#1993,.T.);
#2567=ORIENTED_EDGE('',*,*,#1994,.T.);
#2568=ORIENTED_EDGE('',*,*,#1995,.T.);
#2569=ORIENTED_EDGE('',*,*,#1990,.F.);
#2570=ORIENTED_EDGE('',*,*,#1933,.T.);
#2571=ORIENTED_EDGE('',*,*,#1996,.T.);
#2572=ORIENTED_EDGE('',*,*,#1930,.T.);
#2573=ORIENTED_EDGE('',*,*,#1992,.F.);
#2574=ORIENTED_EDGE('',*,*,#1997,.T.);
#2575=ORIENTED_EDGE('',*,*,#1998,.T.);
#2576=ORIENTED_EDGE('',*,*,#1999,.T.);
#2577=ORIENTED_EDGE('',*,*,#1994,.F.);
#2578=ORIENTED_EDGE('',*,*,#1932,.T.);
#2579=ORIENTED_EDGE('',*,*,#1998,.F.);
#2580=ORIENTED_EDGE('',*,*,#1931,.T.);
#2581=ORIENTED_EDGE('',*,*,#1996,.F.);
#2582=ORIENTED_EDGE('',*,*,#2000,.T.);
#2583=ORIENTED_EDGE('',*,*,#1875,.F.);
#2584=ORIENTED_EDGE('',*,*,#2001,.T.);
#2585=ORIENTED_EDGE('',*,*,#2002,.F.);
#2586=ORIENTED_EDGE('',*,*,#2003,.F.);
#2587=ORIENTED_EDGE('',*,*,#1889,.F.);
#2588=ORIENTED_EDGE('',*,*,#2004,.T.);
#2589=ORIENTED_EDGE('',*,*,#2005,.F.);
#2590=ORIENTED_EDGE('',*,*,#2006,.F.);
#2591=ORIENTED_EDGE('',*,*,#1891,.F.);
#2592=ORIENTED_EDGE('',*,*,#2007,.T.);
#2593=ORIENTED_EDGE('',*,*,#2008,.F.);
#2594=ORIENTED_EDGE('',*,*,#2009,.F.);
#2595=ORIENTED_EDGE('',*,*,#1900,.F.);
#2596=ORIENTED_EDGE('',*,*,#1905,.F.);
#2597=ORIENTED_EDGE('',*,*,#1911,.F.);
#2598=ORIENTED_EDGE('',*,*,#1917,.F.);
#2599=ORIENTED_EDGE('',*,*,#1920,.F.);
#2600=ORIENTED_EDGE('',*,*,#1915,.F.);
#2601=ORIENTED_EDGE('',*,*,#1909,.F.);
#2602=ORIENTED_EDGE('',*,*,#1903,.F.);
#2603=ORIENTED_EDGE('',*,*,#2010,.T.);
#2604=ORIENTED_EDGE('',*,*,#2011,.T.);
#2605=ORIENTED_EDGE('',*,*,#2012,.T.);
#2606=ORIENTED_EDGE('',*,*,#2013,.T.);
#2607=ORIENTED_EDGE('',*,*,#2014,.T.);
#2608=ORIENTED_EDGE('',*,*,#2015,.T.);
#2609=ORIENTED_EDGE('',*,*,#2016,.T.);
#2610=ORIENTED_EDGE('',*,*,#2017,.T.);
#2611=ORIENTED_EDGE('',*,*,#2018,.T.);
#2612=ORIENTED_EDGE('',*,*,#2019,.T.);
#2613=ORIENTED_EDGE('',*,*,#2020,.T.);
#2614=ORIENTED_EDGE('',*,*,#2021,.T.);
#2615=ORIENTED_EDGE('',*,*,#2022,.T.);
#2616=ORIENTED_EDGE('',*,*,#2023,.T.);
#2617=ORIENTED_EDGE('',*,*,#2024,.T.);
#2618=ORIENTED_EDGE('',*,*,#2025,.T.);
#2619=ORIENTED_EDGE('',*,*,#2026,.T.);
#2620=ORIENTED_EDGE('',*,*,#2027,.T.);
#2621=ORIENTED_EDGE('',*,*,#2028,.T.);
#2622=ORIENTED_EDGE('',*,*,#2029,.T.);
#2623=ORIENTED_EDGE('',*,*,#2030,.T.);
#2624=ORIENTED_EDGE('',*,*,#2031,.T.);
#2625=ORIENTED_EDGE('',*,*,#2032,.T.);
#2626=ORIENTED_EDGE('',*,*,#2033,.T.);
#2627=ORIENTED_EDGE('',*,*,#2034,.T.);
#2628=ORIENTED_EDGE('',*,*,#2035,.T.);
#2629=ORIENTED_EDGE('',*,*,#2036,.T.);
#2630=ORIENTED_EDGE('',*,*,#1963,.F.);
#2631=ORIENTED_EDGE('',*,*,#1967,.F.);
#2632=ORIENTED_EDGE('',*,*,#1971,.F.);
#2633=ORIENTED_EDGE('',*,*,#1975,.F.);
#2634=ORIENTED_EDGE('',*,*,#1979,.F.);
#2635=ORIENTED_EDGE('',*,*,#1983,.F.);
#2636=ORIENTED_EDGE('',*,*,#1987,.F.);
#2637=ORIENTED_EDGE('',*,*,#1991,.F.);
#2638=ORIENTED_EDGE('',*,*,#1995,.F.);
#2639=ORIENTED_EDGE('',*,*,#1999,.F.);
#2640=ORIENTED_EDGE('',*,*,#2000,.F.);
#2641=ORIENTED_EDGE('',*,*,#1997,.F.);
#2642=ORIENTED_EDGE('',*,*,#1993,.F.);
#2643=ORIENTED_EDGE('',*,*,#1989,.F.);
#2644=ORIENTED_EDGE('',*,*,#1985,.F.);
#2645=ORIENTED_EDGE('',*,*,#1981,.F.);
#2646=ORIENTED_EDGE('',*,*,#1977,.F.);
#2647=ORIENTED_EDGE('',*,*,#1973,.F.);
#2648=ORIENTED_EDGE('',*,*,#1969,.F.);
#2649=ORIENTED_EDGE('',*,*,#1965,.F.);
#2650=ORIENTED_EDGE('',*,*,#2037,.T.);
#2651=ORIENTED_EDGE('',*,*,#2038,.T.);
#2652=ORIENTED_EDGE('',*,*,#2039,.T.);
#2653=ORIENTED_EDGE('',*,*,#2040,.T.);
#2654=ORIENTED_EDGE('',*,*,#2041,.T.);
#2655=ORIENTED_EDGE('',*,*,#2042,.T.);
#2656=ORIENTED_EDGE('',*,*,#2043,.T.);
#2657=ORIENTED_EDGE('',*,*,#2044,.T.);
#2658=ORIENTED_EDGE('',*,*,#2045,.T.);
#2659=ORIENTED_EDGE('',*,*,#2046,.T.);
#2660=ORIENTED_EDGE('',*,*,#2047,.T.);
#2661=ORIENTED_EDGE('',*,*,#2048,.T.);
#2662=ORIENTED_EDGE('',*,*,#2049,.T.);
#2663=ORIENTED_EDGE('',*,*,#2050,.T.);
#2664=ORIENTED_EDGE('',*,*,#2051,.T.);
#2665=ORIENTED_EDGE('',*,*,#2052,.T.);
#2666=ORIENTED_EDGE('',*,*,#2053,.T.);
#2667=ORIENTED_EDGE('',*,*,#2054,.T.);
#2668=ORIENTED_EDGE('',*,*,#2055,.T.);
#2669=ORIENTED_EDGE('',*,*,#2056,.T.);
#2670=ORIENTED_EDGE('',*,*,#2057,.T.);
#2671=ORIENTED_EDGE('',*,*,#2058,.T.);
#2672=ORIENTED_EDGE('',*,*,#2059,.T.);
#2673=ORIENTED_EDGE('',*,*,#2060,.T.);
#2674=ORIENTED_EDGE('',*,*,#2061,.T.);
#2675=ORIENTED_EDGE('',*,*,#2062,.T.);
#2676=ORIENTED_EDGE('',*,*,#2063,.T.);
#2677=ORIENTED_EDGE('',*,*,#2064,.T.);
#2678=ORIENTED_EDGE('',*,*,#2065,.T.);
#2679=ORIENTED_EDGE('',*,*,#2066,.T.);
#2680=ORIENTED_EDGE('',*,*,#2067,.T.);
#2681=ORIENTED_EDGE('',*,*,#2068,.T.);
#2682=ORIENTED_EDGE('',*,*,#2069,.T.);
#2683=ORIENTED_EDGE('',*,*,#2070,.T.);
#2684=ORIENTED_EDGE('',*,*,#2071,.T.);
#2685=ORIENTED_EDGE('',*,*,#2072,.T.);
#2686=ORIENTED_EDGE('',*,*,#2073,.T.);
#2687=ORIENTED_EDGE('',*,*,#2074,.T.);
#2688=ORIENTED_EDGE('',*,*,#2075,.T.);
#2689=ORIENTED_EDGE('',*,*,#2076,.T.);
#2690=ORIENTED_EDGE('',*,*,#2077,.T.);
#2691=ORIENTED_EDGE('',*,*,#2078,.T.);
#2692=ORIENTED_EDGE('',*,*,#2079,.T.);
#2693=ORIENTED_EDGE('',*,*,#2080,.T.);
#2694=ORIENTED_EDGE('',*,*,#2081,.T.);
#2695=ORIENTED_EDGE('',*,*,#2082,.T.);
#2696=ORIENTED_EDGE('',*,*,#2083,.T.);
#2697=ORIENTED_EDGE('',*,*,#2084,.T.);
#2698=ORIENTED_EDGE('',*,*,#2085,.T.);
#2699=ORIENTED_EDGE('',*,*,#2086,.T.);
#2700=ORIENTED_EDGE('',*,*,#2087,.T.);
#2701=ORIENTED_EDGE('',*,*,#2088,.F.);
#2702=ORIENTED_EDGE('',*,*,#2089,.F.);
#2703=ORIENTED_EDGE('',*,*,#2087,.F.);
#2704=ORIENTED_EDGE('',*,*,#2090,.T.);
#2705=ORIENTED_EDGE('',*,*,#2091,.F.);
#2706=ORIENTED_EDGE('',*,*,#2092,.F.);
#2707=ORIENTED_EDGE('',*,*,#2085,.F.);
#2708=ORIENTED_EDGE('',*,*,#2089,.T.);
#2709=ORIENTED_EDGE('',*,*,#2026,.F.);
#2710=ORIENTED_EDGE('',*,*,#2093,.F.);
#2711=ORIENTED_EDGE('',*,*,#2080,.F.);
#2712=ORIENTED_EDGE('',*,*,#2094,.T.);
#2713=ORIENTED_EDGE('',*,*,#2036,.F.);
#2714=ORIENTED_EDGE('',*,*,#2095,.F.);
#2715=ORIENTED_EDGE('',*,*,#2081,.F.);
#2716=ORIENTED_EDGE('',*,*,#2093,.T.);
#2717=ORIENTED_EDGE('',*,*,#2035,.F.);
#2718=ORIENTED_EDGE('',*,*,#2096,.F.);
#2719=ORIENTED_EDGE('',*,*,#2082,.F.);
#2720=ORIENTED_EDGE('',*,*,#2095,.T.);
#2721=ORIENTED_EDGE('',*,*,#2034,.F.);
#2722=ORIENTED_EDGE('',*,*,#2097,.F.);
#2723=ORIENTED_EDGE('',*,*,#2083,.F.);
#2724=ORIENTED_EDGE('',*,*,#2096,.T.);
#2725=ORIENTED_EDGE('',*,*,#2033,.F.);
#2726=ORIENTED_EDGE('',*,*,#2098,.F.);
#2727=ORIENTED_EDGE('',*,*,#2084,.F.);
#2728=ORIENTED_EDGE('',*,*,#2097,.T.);
#2729=ORIENTED_EDGE('',*,*,#2032,.F.);
#2730=ORIENTED_EDGE('',*,*,#2099,.F.);
#2731=ORIENTED_EDGE('',*,*,#2074,.F.);
#2732=ORIENTED_EDGE('',*,*,#2098,.T.);
#2733=ORIENTED_EDGE('',*,*,#2100,.F.);
#2734=ORIENTED_EDGE('',*,*,#2090,.F.);
#2735=ORIENTED_EDGE('',*,*,#2086,.F.);
#2736=ORIENTED_EDGE('',*,*,#2092,.T.);
#2737=ORIENTED_EDGE('',*,*,#2031,.F.);
#2738=ORIENTED_EDGE('',*,*,#2101,.F.);
#2739=ORIENTED_EDGE('',*,*,#2075,.F.);
#2740=ORIENTED_EDGE('',*,*,#2099,.T.);
#2741=ORIENTED_EDGE('',*,*,#2030,.F.);
#2742=ORIENTED_EDGE('',*,*,#2102,.F.);
#2743=ORIENTED_EDGE('',*,*,#2076,.F.);
#2744=ORIENTED_EDGE('',*,*,#2101,.T.);
#2745=ORIENTED_EDGE('',*,*,#2029,.F.);
#2746=ORIENTED_EDGE('',*,*,#2103,.F.);
#2747=ORIENTED_EDGE('',*,*,#2077,.F.);
#2748=ORIENTED_EDGE('',*,*,#2102,.T.);
#2749=ORIENTED_EDGE('',*,*,#2028,.F.);
#2750=ORIENTED_EDGE('',*,*,#2104,.F.);
#2751=ORIENTED_EDGE('',*,*,#2078,.F.);
#2752=ORIENTED_EDGE('',*,*,#2103,.T.);
#2753=ORIENTED_EDGE('',*,*,#2027,.F.);
#2754=ORIENTED_EDGE('',*,*,#2094,.F.);
#2755=ORIENTED_EDGE('',*,*,#2079,.F.);
#2756=ORIENTED_EDGE('',*,*,#2104,.T.);
#2757=ORIENTED_EDGE('',*,*,#2105,.T.);
#2758=ORIENTED_EDGE('',*,*,#2106,.T.);
#2759=ORIENTED_EDGE('',*,*,#2107,.T.);
#2760=ORIENTED_EDGE('',*,*,#2108,.T.);
#2761=ORIENTED_EDGE('',*,*,#2109,.T.);
#2762=ORIENTED_EDGE('',*,*,#2110,.T.);
#2763=ORIENTED_EDGE('',*,*,#2111,.T.);
#2764=ORIENTED_EDGE('',*,*,#2112,.T.);
#2765=ORIENTED_EDGE('',*,*,#2113,.T.);
#2766=ORIENTED_EDGE('',*,*,#2114,.T.);
#2767=ORIENTED_EDGE('',*,*,#2115,.T.);
#2768=ORIENTED_EDGE('',*,*,#2116,.T.);
#2769=ORIENTED_EDGE('',*,*,#2117,.T.);
#2770=ORIENTED_EDGE('',*,*,#2037,.F.);
#2771=ORIENTED_EDGE('',*,*,#2118,.F.);
#2772=ORIENTED_EDGE('',*,*,#2112,.F.);
#2773=ORIENTED_EDGE('',*,*,#2119,.T.);
#2774=ORIENTED_EDGE('',*,*,#2049,.F.);
#2775=ORIENTED_EDGE('',*,*,#2120,.F.);
#2776=ORIENTED_EDGE('',*,*,#2113,.F.);
#2777=ORIENTED_EDGE('',*,*,#2118,.T.);
#2778=ORIENTED_EDGE('',*,*,#2048,.F.);
#2779=ORIENTED_EDGE('',*,*,#2121,.F.);
#2780=ORIENTED_EDGE('',*,*,#2114,.F.);
#2781=ORIENTED_EDGE('',*,*,#2120,.T.);
#2782=ORIENTED_EDGE('',*,*,#2047,.F.);
#2783=ORIENTED_EDGE('',*,*,#2122,.F.);
#2784=ORIENTED_EDGE('',*,*,#2115,.F.);
#2785=ORIENTED_EDGE('',*,*,#2121,.T.);
#2786=ORIENTED_EDGE('',*,*,#2046,.F.);
#2787=ORIENTED_EDGE('',*,*,#2123,.F.);
#2788=ORIENTED_EDGE('',*,*,#2116,.F.);
#2789=ORIENTED_EDGE('',*,*,#2122,.T.);
#2790=ORIENTED_EDGE('',*,*,#2045,.F.);
#2791=ORIENTED_EDGE('',*,*,#2124,.F.);
#2792=ORIENTED_EDGE('',*,*,#2117,.F.);
#2793=ORIENTED_EDGE('',*,*,#2123,.T.);
#2794=ORIENTED_EDGE('',*,*,#2044,.F.);
#2795=ORIENTED_EDGE('',*,*,#2125,.F.);
#2796=ORIENTED_EDGE('',*,*,#2105,.F.);
#2797=ORIENTED_EDGE('',*,*,#2124,.T.);
#2798=ORIENTED_EDGE('',*,*,#2043,.F.);
#2799=ORIENTED_EDGE('',*,*,#2126,.F.);
#2800=ORIENTED_EDGE('',*,*,#2106,.F.);
#2801=ORIENTED_EDGE('',*,*,#2125,.T.);
#2802=ORIENTED_EDGE('',*,*,#2042,.F.);
#2803=ORIENTED_EDGE('',*,*,#2127,.F.);
#2804=ORIENTED_EDGE('',*,*,#2107,.F.);
#2805=ORIENTED_EDGE('',*,*,#2126,.T.);
#2806=ORIENTED_EDGE('',*,*,#2041,.F.);
#2807=ORIENTED_EDGE('',*,*,#2128,.F.);
#2808=ORIENTED_EDGE('',*,*,#2108,.F.);
#2809=ORIENTED_EDGE('',*,*,#2127,.T.);
#2810=ORIENTED_EDGE('',*,*,#2040,.F.);
#2811=ORIENTED_EDGE('',*,*,#2129,.F.);
#2812=ORIENTED_EDGE('',*,*,#2109,.F.);
#2813=ORIENTED_EDGE('',*,*,#2128,.T.);
#2814=ORIENTED_EDGE('',*,*,#2039,.F.);
#2815=ORIENTED_EDGE('',*,*,#2130,.F.);
#2816=ORIENTED_EDGE('',*,*,#2110,.F.);
#2817=ORIENTED_EDGE('',*,*,#2129,.T.);
#2818=ORIENTED_EDGE('',*,*,#2038,.F.);
#2819=ORIENTED_EDGE('',*,*,#2119,.F.);
#2820=ORIENTED_EDGE('',*,*,#2111,.F.);
#2821=ORIENTED_EDGE('',*,*,#2130,.T.);
#2822=ORIENTED_EDGE('',*,*,#2010,.F.);
#2823=ORIENTED_EDGE('',*,*,#2131,.F.);
#2824=ORIENTED_EDGE('',*,*,#2132,.F.);
#2825=ORIENTED_EDGE('',*,*,#2133,.T.);
#2826=ORIENTED_EDGE('',*,*,#2011,.F.);
#2827=ORIENTED_EDGE('',*,*,#2133,.F.);
#2828=ORIENTED_EDGE('',*,*,#2134,.F.);
#2829=ORIENTED_EDGE('',*,*,#2135,.T.);
#2830=ORIENTED_EDGE('',*,*,#2012,.F.);
#2831=ORIENTED_EDGE('',*,*,#2135,.F.);
#2832=ORIENTED_EDGE('',*,*,#2136,.F.);
#2833=ORIENTED_EDGE('',*,*,#2137,.T.);
#2834=ORIENTED_EDGE('',*,*,#2013,.F.);
#2835=ORIENTED_EDGE('',*,*,#2137,.F.);
#2836=ORIENTED_EDGE('',*,*,#2138,.F.);
#2837=ORIENTED_EDGE('',*,*,#2139,.T.);
#2838=ORIENTED_EDGE('',*,*,#2014,.F.);
#2839=ORIENTED_EDGE('',*,*,#2139,.F.);
#2840=ORIENTED_EDGE('',*,*,#2140,.F.);
#2841=ORIENTED_EDGE('',*,*,#2141,.T.);
#2842=ORIENTED_EDGE('',*,*,#2015,.F.);
#2843=ORIENTED_EDGE('',*,*,#2141,.F.);
#2844=ORIENTED_EDGE('',*,*,#2142,.F.);
#2845=ORIENTED_EDGE('',*,*,#2143,.T.);
#2846=ORIENTED_EDGE('',*,*,#2016,.F.);
#2847=ORIENTED_EDGE('',*,*,#2143,.F.);
#2848=ORIENTED_EDGE('',*,*,#2144,.F.);
#2849=ORIENTED_EDGE('',*,*,#2145,.T.);
#2850=ORIENTED_EDGE('',*,*,#2017,.F.);
#2851=ORIENTED_EDGE('',*,*,#2145,.F.);
#2852=ORIENTED_EDGE('',*,*,#2146,.F.);
#2853=ORIENTED_EDGE('',*,*,#2147,.T.);
#2854=ORIENTED_EDGE('',*,*,#2018,.F.);
#2855=ORIENTED_EDGE('',*,*,#2147,.F.);
#2856=ORIENTED_EDGE('',*,*,#2148,.F.);
#2857=ORIENTED_EDGE('',*,*,#2149,.T.);
#2858=ORIENTED_EDGE('',*,*,#2019,.F.);
#2859=ORIENTED_EDGE('',*,*,#2149,.F.);
#2860=ORIENTED_EDGE('',*,*,#2150,.F.);
#2861=ORIENTED_EDGE('',*,*,#2151,.T.);
#2862=ORIENTED_EDGE('',*,*,#2020,.F.);
#2863=ORIENTED_EDGE('',*,*,#2151,.F.);
#2864=ORIENTED_EDGE('',*,*,#2152,.F.);
#2865=ORIENTED_EDGE('',*,*,#2153,.T.);
#2866=ORIENTED_EDGE('',*,*,#2021,.F.);
#2867=ORIENTED_EDGE('',*,*,#2153,.F.);
#2868=ORIENTED_EDGE('',*,*,#2154,.F.);
#2869=ORIENTED_EDGE('',*,*,#2155,.T.);
#2870=ORIENTED_EDGE('',*,*,#2022,.F.);
#2871=ORIENTED_EDGE('',*,*,#2155,.F.);
#2872=ORIENTED_EDGE('',*,*,#2156,.F.);
#2873=ORIENTED_EDGE('',*,*,#2157,.T.);
#2874=ORIENTED_EDGE('',*,*,#2023,.F.);
#2875=ORIENTED_EDGE('',*,*,#2157,.F.);
#2876=ORIENTED_EDGE('',*,*,#2158,.F.);
#2877=ORIENTED_EDGE('',*,*,#2159,.T.);
#2878=ORIENTED_EDGE('',*,*,#2024,.F.);
#2879=ORIENTED_EDGE('',*,*,#2159,.F.);
#2880=ORIENTED_EDGE('',*,*,#2160,.F.);
#2881=ORIENTED_EDGE('',*,*,#2161,.T.);
#2882=ORIENTED_EDGE('',*,*,#2025,.F.);
#2883=ORIENTED_EDGE('',*,*,#2161,.F.);
#2884=ORIENTED_EDGE('',*,*,#2162,.F.);
#2885=ORIENTED_EDGE('',*,*,#2131,.T.);
#2886=ORIENTED_EDGE('',*,*,#2148,.T.);
#2887=ORIENTED_EDGE('',*,*,#2146,.T.);
#2888=ORIENTED_EDGE('',*,*,#2144,.T.);
#2889=ORIENTED_EDGE('',*,*,#2142,.T.);
#2890=ORIENTED_EDGE('',*,*,#2140,.T.);
#2891=ORIENTED_EDGE('',*,*,#2138,.T.);
#2892=ORIENTED_EDGE('',*,*,#2136,.T.);
#2893=ORIENTED_EDGE('',*,*,#2134,.T.);
#2894=ORIENTED_EDGE('',*,*,#2132,.T.);
#2895=ORIENTED_EDGE('',*,*,#2162,.T.);
#2896=ORIENTED_EDGE('',*,*,#2160,.T.);
#2897=ORIENTED_EDGE('',*,*,#2158,.T.);
#2898=ORIENTED_EDGE('',*,*,#2156,.T.);
#2899=ORIENTED_EDGE('',*,*,#2154,.T.);
#2900=ORIENTED_EDGE('',*,*,#2152,.T.);
#2901=ORIENTED_EDGE('',*,*,#2150,.T.);
#2902=ORIENTED_EDGE('',*,*,#2163,.T.);
#2903=ORIENTED_EDGE('',*,*,#2164,.T.);
#2904=ORIENTED_EDGE('',*,*,#2165,.T.);
#2905=ORIENTED_EDGE('',*,*,#2166,.T.);
#2906=ORIENTED_EDGE('',*,*,#2167,.T.);
#2907=ORIENTED_EDGE('',*,*,#2168,.T.);
#2908=ORIENTED_EDGE('',*,*,#2169,.T.);
#2909=ORIENTED_EDGE('',*,*,#2050,.F.);
#2910=ORIENTED_EDGE('',*,*,#2170,.F.);
#2911=ORIENTED_EDGE('',*,*,#2167,.F.);
#2912=ORIENTED_EDGE('',*,*,#2171,.T.);
#2913=ORIENTED_EDGE('',*,*,#2056,.F.);
#2914=ORIENTED_EDGE('',*,*,#2172,.F.);
#2915=ORIENTED_EDGE('',*,*,#2168,.F.);
#2916=ORIENTED_EDGE('',*,*,#2170,.T.);
#2917=ORIENTED_EDGE('',*,*,#2055,.F.);
#2918=ORIENTED_EDGE('',*,*,#2173,.F.);
#2919=ORIENTED_EDGE('',*,*,#2169,.F.);
#2920=ORIENTED_EDGE('',*,*,#2172,.T.);
#2921=ORIENTED_EDGE('',*,*,#2054,.F.);
#2922=ORIENTED_EDGE('',*,*,#2174,.F.);
#2923=ORIENTED_EDGE('',*,*,#2163,.F.);
#2924=ORIENTED_EDGE('',*,*,#2173,.T.);
#2925=ORIENTED_EDGE('',*,*,#2053,.F.);
#2926=ORIENTED_EDGE('',*,*,#2175,.F.);
#2927=ORIENTED_EDGE('',*,*,#2164,.F.);
#2928=ORIENTED_EDGE('',*,*,#2174,.T.);
#2929=ORIENTED_EDGE('',*,*,#2052,.F.);
#2930=ORIENTED_EDGE('',*,*,#2176,.F.);
#2931=ORIENTED_EDGE('',*,*,#2165,.F.);
#2932=ORIENTED_EDGE('',*,*,#2175,.T.);
#2933=ORIENTED_EDGE('',*,*,#2051,.F.);
#2934=ORIENTED_EDGE('',*,*,#2171,.F.);
#2935=ORIENTED_EDGE('',*,*,#2166,.F.);
#2936=ORIENTED_EDGE('',*,*,#2176,.T.);
#2937=ORIENTED_EDGE('',*,*,#2057,.F.);
#2938=ORIENTED_EDGE('',*,*,#2177,.F.);
#2939=ORIENTED_EDGE('',*,*,#2178,.F.);
#2940=ORIENTED_EDGE('',*,*,#2179,.T.);
#2941=ORIENTED_EDGE('',*,*,#2058,.F.);
#2942=ORIENTED_EDGE('',*,*,#2179,.F.);
#2943=ORIENTED_EDGE('',*,*,#2180,.F.);
#2944=ORIENTED_EDGE('',*,*,#2181,.T.);
#2945=ORIENTED_EDGE('',*,*,#2059,.F.);
#2946=ORIENTED_EDGE('',*,*,#2181,.F.);
#2947=ORIENTED_EDGE('',*,*,#2182,.F.);
#2948=ORIENTED_EDGE('',*,*,#2183,.T.);
#2949=ORIENTED_EDGE('',*,*,#2060,.F.);
#2950=ORIENTED_EDGE('',*,*,#2183,.F.);
#2951=ORIENTED_EDGE('',*,*,#2184,.F.);
#2952=ORIENTED_EDGE('',*,*,#2185,.T.);
#2953=ORIENTED_EDGE('',*,*,#2061,.F.);
#2954=ORIENTED_EDGE('',*,*,#2185,.F.);
#2955=ORIENTED_EDGE('',*,*,#2186,.F.);
#2956=ORIENTED_EDGE('',*,*,#2187,.T.);
#2957=ORIENTED_EDGE('',*,*,#2062,.F.);
#2958=ORIENTED_EDGE('',*,*,#2187,.F.);
#2959=ORIENTED_EDGE('',*,*,#2188,.F.);
#2960=ORIENTED_EDGE('',*,*,#2189,.T.);
#2961=ORIENTED_EDGE('',*,*,#2063,.F.);
#2962=ORIENTED_EDGE('',*,*,#2189,.F.);
#2963=ORIENTED_EDGE('',*,*,#2190,.F.);
#2964=ORIENTED_EDGE('',*,*,#2191,.T.);
#2965=ORIENTED_EDGE('',*,*,#2064,.F.);
#2966=ORIENTED_EDGE('',*,*,#2191,.F.);
#2967=ORIENTED_EDGE('',*,*,#2192,.F.);
#2968=ORIENTED_EDGE('',*,*,#2193,.T.);
#2969=ORIENTED_EDGE('',*,*,#2065,.F.);
#2970=ORIENTED_EDGE('',*,*,#2193,.F.);
#2971=ORIENTED_EDGE('',*,*,#2194,.F.);
#2972=ORIENTED_EDGE('',*,*,#2195,.T.);
#2973=ORIENTED_EDGE('',*,*,#2066,.F.);
#2974=ORIENTED_EDGE('',*,*,#2195,.F.);
#2975=ORIENTED_EDGE('',*,*,#2196,.F.);
#2976=ORIENTED_EDGE('',*,*,#2197,.T.);
#2977=ORIENTED_EDGE('',*,*,#2067,.F.);
#2978=ORIENTED_EDGE('',*,*,#2197,.F.);
#2979=ORIENTED_EDGE('',*,*,#2198,.F.);
#2980=ORIENTED_EDGE('',*,*,#2199,.T.);
#2981=ORIENTED_EDGE('',*,*,#2068,.F.);
#2982=ORIENTED_EDGE('',*,*,#2199,.F.);
#2983=ORIENTED_EDGE('',*,*,#2200,.F.);
#2984=ORIENTED_EDGE('',*,*,#2201,.T.);
#2985=ORIENTED_EDGE('',*,*,#2069,.F.);
#2986=ORIENTED_EDGE('',*,*,#2201,.F.);
#2987=ORIENTED_EDGE('',*,*,#2202,.F.);
#2988=ORIENTED_EDGE('',*,*,#2203,.T.);
#2989=ORIENTED_EDGE('',*,*,#2070,.F.);
#2990=ORIENTED_EDGE('',*,*,#2203,.F.);
#2991=ORIENTED_EDGE('',*,*,#2204,.F.);
#2992=ORIENTED_EDGE('',*,*,#2205,.T.);
#2993=ORIENTED_EDGE('',*,*,#2071,.F.);
#2994=ORIENTED_EDGE('',*,*,#2205,.F.);
#2995=ORIENTED_EDGE('',*,*,#2206,.F.);
#2996=ORIENTED_EDGE('',*,*,#2207,.T.);
#2997=ORIENTED_EDGE('',*,*,#2072,.F.);
#2998=ORIENTED_EDGE('',*,*,#2207,.F.);
#2999=ORIENTED_EDGE('',*,*,#2208,.F.);
#3000=ORIENTED_EDGE('',*,*,#2209,.T.);
#3001=ORIENTED_EDGE('',*,*,#2073,.F.);
#3002=ORIENTED_EDGE('',*,*,#2209,.F.);
#3003=ORIENTED_EDGE('',*,*,#2210,.F.);
#3004=ORIENTED_EDGE('',*,*,#2177,.T.);
#3005=ORIENTED_EDGE('',*,*,#2194,.T.);
#3006=ORIENTED_EDGE('',*,*,#2192,.T.);
#3007=ORIENTED_EDGE('',*,*,#2190,.T.);
#3008=ORIENTED_EDGE('',*,*,#2188,.T.);
#3009=ORIENTED_EDGE('',*,*,#2186,.T.);
#3010=ORIENTED_EDGE('',*,*,#2184,.T.);
#3011=ORIENTED_EDGE('',*,*,#2182,.T.);
#3012=ORIENTED_EDGE('',*,*,#2180,.T.);
#3013=ORIENTED_EDGE('',*,*,#2178,.T.);
#3014=ORIENTED_EDGE('',*,*,#2210,.T.);
#3015=ORIENTED_EDGE('',*,*,#2208,.T.);
#3016=ORIENTED_EDGE('',*,*,#2206,.T.);
#3017=ORIENTED_EDGE('',*,*,#2204,.T.);
#3018=ORIENTED_EDGE('',*,*,#2202,.T.);
#3019=ORIENTED_EDGE('',*,*,#2200,.T.);
#3020=ORIENTED_EDGE('',*,*,#2198,.T.);
#3021=ORIENTED_EDGE('',*,*,#2196,.T.);
#3022=ORIENTED_EDGE('',*,*,#2088,.T.);
#3023=ORIENTED_EDGE('',*,*,#2100,.T.);
#3024=ORIENTED_EDGE('',*,*,#2091,.T.);
#3025=ORIENTED_EDGE('',*,*,#2211,.F.);
#3026=ORIENTED_EDGE('',*,*,#2212,.T.);
#3027=ORIENTED_EDGE('',*,*,#2213,.F.);
#3028=ORIENTED_EDGE('',*,*,#2214,.F.);
#3029=ORIENTED_EDGE('',*,*,#2215,.F.);
#3030=ORIENTED_EDGE('',*,*,#2214,.T.);
#3031=ORIENTED_EDGE('',*,*,#2216,.F.);
#3032=ORIENTED_EDGE('',*,*,#2217,.F.);
#3033=ORIENTED_EDGE('',*,*,#2218,.F.);
#3034=ORIENTED_EDGE('',*,*,#2217,.T.);
#3035=ORIENTED_EDGE('',*,*,#2219,.F.);
#3036=ORIENTED_EDGE('',*,*,#2220,.F.);
#3037=ORIENTED_EDGE('',*,*,#2219,.T.);
#3038=ORIENTED_EDGE('',*,*,#2216,.T.);
#3039=ORIENTED_EDGE('',*,*,#2213,.T.);
#3040=ORIENTED_EDGE('',*,*,#2221,.T.);
#3041=ORIENTED_EDGE('',*,*,#2222,.F.);
#3042=ORIENTED_EDGE('',*,*,#2006,.T.);
#3043=ORIENTED_EDGE('',*,*,#2223,.F.);
#3044=ORIENTED_EDGE('',*,*,#2224,.F.);
#3045=ORIENTED_EDGE('',*,*,#2225,.F.);
#3046=ORIENTED_EDGE('',*,*,#2224,.T.);
#3047=ORIENTED_EDGE('',*,*,#2226,.F.);
#3048=ORIENTED_EDGE('',*,*,#2227,.F.);
#3049=ORIENTED_EDGE('',*,*,#2228,.F.);
#3050=ORIENTED_EDGE('',*,*,#2227,.T.);
#3051=ORIENTED_EDGE('',*,*,#2229,.F.);
#3052=ORIENTED_EDGE('',*,*,#2004,.F.);
#3053=ORIENTED_EDGE('',*,*,#2005,.T.);
#3054=ORIENTED_EDGE('',*,*,#2229,.T.);
#3055=ORIENTED_EDGE('',*,*,#2226,.T.);
#3056=ORIENTED_EDGE('',*,*,#2223,.T.);
#3057=ORIENTED_EDGE('',*,*,#2230,.F.);
#3058=ORIENTED_EDGE('',*,*,#2231,.T.);
#3059=ORIENTED_EDGE('',*,*,#2232,.F.);
#3060=ORIENTED_EDGE('',*,*,#2233,.F.);
#3061=ORIENTED_EDGE('',*,*,#2234,.F.);
#3062=ORIENTED_EDGE('',*,*,#2233,.T.);
#3063=ORIENTED_EDGE('',*,*,#2235,.F.);
#3064=ORIENTED_EDGE('',*,*,#2007,.F.);
#3065=ORIENTED_EDGE('',*,*,#2236,.F.);
#3066=ORIENTED_EDGE('',*,*,#2009,.T.);
#3067=ORIENTED_EDGE('',*,*,#2237,.F.);
#3068=ORIENTED_EDGE('',*,*,#2231,.F.);
#3069=ORIENTED_EDGE('',*,*,#2237,.T.);
#3070=ORIENTED_EDGE('',*,*,#2008,.T.);
#3071=ORIENTED_EDGE('',*,*,#2235,.T.);
#3072=ORIENTED_EDGE('',*,*,#2232,.T.);
#3073=ORIENTED_EDGE('',*,*,#2238,.F.);
#3074=ORIENTED_EDGE('',*,*,#2239,.T.);
#3075=ORIENTED_EDGE('',*,*,#2240,.F.);
#3076=ORIENTED_EDGE('',*,*,#2241,.F.);
#3077=ORIENTED_EDGE('',*,*,#2242,.F.);
#3078=ORIENTED_EDGE('',*,*,#2241,.T.);
#3079=ORIENTED_EDGE('',*,*,#2243,.F.);
#3080=ORIENTED_EDGE('',*,*,#2001,.F.);
#3081=ORIENTED_EDGE('',*,*,#2244,.F.);
#3082=ORIENTED_EDGE('',*,*,#2003,.T.);
#3083=ORIENTED_EDGE('',*,*,#2245,.F.);
#3084=ORIENTED_EDGE('',*,*,#2239,.F.);
#3085=ORIENTED_EDGE('',*,*,#2245,.T.);
#3086=ORIENTED_EDGE('',*,*,#2002,.T.);
#3087=ORIENTED_EDGE('',*,*,#2243,.T.);
#3088=ORIENTED_EDGE('',*,*,#2240,.T.);
#3089=ORIENTED_EDGE('',*,*,#2222,.T.);
#3090=ORIENTED_EDGE('',*,*,#2246,.F.);
#3091=ORIENTED_EDGE('',*,*,#2234,.T.);
#3092=ORIENTED_EDGE('',*,*,#1890,.T.);
#3093=ORIENTED_EDGE('',*,*,#2228,.T.);
#3094=ORIENTED_EDGE('',*,*,#1888,.T.);
#3095=ORIENTED_EDGE('',*,*,#1884,.F.);
#3096=ORIENTED_EDGE('',*,*,#1896,.T.);
#3097=ORIENTED_EDGE('',*,*,#1893,.F.);
#3098=ORIENTED_EDGE('',*,*,#1876,.T.);
#3099=ORIENTED_EDGE('',*,*,#2244,.T.);
#3100=ORIENTED_EDGE('',*,*,#2247,.F.);
#3101=ORIENTED_EDGE('',*,*,#2248,.F.);
#3102=ORIENTED_EDGE('',*,*,#2249,.T.);
#3103=ORIENTED_EDGE('',*,*,#2250,.F.);
#3104=ORIENTED_EDGE('',*,*,#2251,.F.);
#3105=ORIENTED_EDGE('',*,*,#2211,.T.);
#3106=ORIENTED_EDGE('',*,*,#2252,.F.);
#3107=ORIENTED_EDGE('',*,*,#2242,.T.);
#3108=ORIENTED_EDGE('',*,*,#1874,.T.);
#3109=ORIENTED_EDGE('',*,*,#2218,.T.);
#3110=ORIENTED_EDGE('',*,*,#1872,.T.);
#3111=ORIENTED_EDGE('',*,*,#1869,.F.);
#3112=ORIENTED_EDGE('',*,*,#1883,.T.);
#3113=ORIENTED_EDGE('',*,*,#1879,.F.);
#3114=ORIENTED_EDGE('',*,*,#1892,.T.);
#3115=ORIENTED_EDGE('',*,*,#2236,.T.);
#3116=ORIENTED_EDGE('',*,*,#2253,.F.);
#3117=ORIENTED_EDGE('',*,*,#2254,.F.);
#3118=ORIENTED_EDGE('',*,*,#2255,.F.);
#3119=ORIENTED_EDGE('',*,*,#2256,.F.);
#3120=ORIENTED_EDGE('',*,*,#2257,.F.);
#3121=ORIENTED_EDGE('',*,*,#1873,.F.);
#3122=ORIENTED_EDGE('',*,*,#2220,.T.);
#3123=ORIENTED_EDGE('',*,*,#2221,.F.);
#3124=ORIENTED_EDGE('',*,*,#2212,.F.);
#3125=ORIENTED_EDGE('',*,*,#1943,.T.);
#3126=ORIENTED_EDGE('',*,*,#2258,.T.);
#3127=ORIENTED_EDGE('',*,*,#2259,.T.);
#3128=ORIENTED_EDGE('',*,*,#2260,.F.);
#3129=ORIENTED_EDGE('',*,*,#1942,.T.);
#3130=ORIENTED_EDGE('',*,*,#2261,.T.);
#3131=ORIENTED_EDGE('',*,*,#2262,.T.);
#3132=ORIENTED_EDGE('',*,*,#2258,.F.);
#3133=ORIENTED_EDGE('',*,*,#1947,.T.);
#3134=ORIENTED_EDGE('',*,*,#2263,.T.);
#3135=ORIENTED_EDGE('',*,*,#2264,.T.);
#3136=ORIENTED_EDGE('',*,*,#2265,.F.);
#3137=ORIENTED_EDGE('',*,*,#1946,.T.);
#3138=ORIENTED_EDGE('',*,*,#2266,.T.);
#3139=ORIENTED_EDGE('',*,*,#2267,.T.);
#3140=ORIENTED_EDGE('',*,*,#2263,.F.);
#3141=ORIENTED_EDGE('',*,*,#1951,.T.);
#3142=ORIENTED_EDGE('',*,*,#2268,.T.);
#3143=ORIENTED_EDGE('',*,*,#2269,.T.);
#3144=ORIENTED_EDGE('',*,*,#2270,.F.);
#3145=ORIENTED_EDGE('',*,*,#1950,.T.);
#3146=ORIENTED_EDGE('',*,*,#2271,.T.);
#3147=ORIENTED_EDGE('',*,*,#2272,.T.);
#3148=ORIENTED_EDGE('',*,*,#2268,.F.);
#3149=ORIENTED_EDGE('',*,*,#1955,.T.);
#3150=ORIENTED_EDGE('',*,*,#2273,.T.);
#3151=ORIENTED_EDGE('',*,*,#2274,.T.);
#3152=ORIENTED_EDGE('',*,*,#2275,.F.);
#3153=ORIENTED_EDGE('',*,*,#1954,.T.);
#3154=ORIENTED_EDGE('',*,*,#2276,.T.);
#3155=ORIENTED_EDGE('',*,*,#2277,.T.);
#3156=ORIENTED_EDGE('',*,*,#2273,.F.);
#3157=ORIENTED_EDGE('',*,*,#1959,.T.);
#3158=ORIENTED_EDGE('',*,*,#2278,.T.);
#3159=ORIENTED_EDGE('',*,*,#2279,.T.);
#3160=ORIENTED_EDGE('',*,*,#2280,.F.);
#3161=ORIENTED_EDGE('',*,*,#1958,.T.);
#3162=ORIENTED_EDGE('',*,*,#2281,.T.);
#3163=ORIENTED_EDGE('',*,*,#2282,.T.);
#3164=ORIENTED_EDGE('',*,*,#2278,.F.);
#3165=ORIENTED_EDGE('',*,*,#1941,.T.);
#3166=ORIENTED_EDGE('',*,*,#2283,.T.);
#3167=ORIENTED_EDGE('',*,*,#2284,.T.);
#3168=ORIENTED_EDGE('',*,*,#2261,.F.);
#3169=ORIENTED_EDGE('',*,*,#1944,.T.);
#3170=ORIENTED_EDGE('',*,*,#2260,.T.);
#3171=ORIENTED_EDGE('',*,*,#2285,.T.);
#3172=ORIENTED_EDGE('',*,*,#2283,.F.);
#3173=ORIENTED_EDGE('',*,*,#2262,.F.);
#3174=ORIENTED_EDGE('',*,*,#2284,.F.);
#3175=ORIENTED_EDGE('',*,*,#2285,.F.);
#3176=ORIENTED_EDGE('',*,*,#2259,.F.);
#3177=ORIENTED_EDGE('',*,*,#1945,.T.);
#3178=ORIENTED_EDGE('',*,*,#2286,.T.);
#3179=ORIENTED_EDGE('',*,*,#2287,.T.);
#3180=ORIENTED_EDGE('',*,*,#2266,.F.);
#3181=ORIENTED_EDGE('',*,*,#1948,.T.);
#3182=ORIENTED_EDGE('',*,*,#2265,.T.);
#3183=ORIENTED_EDGE('',*,*,#2288,.T.);
#3184=ORIENTED_EDGE('',*,*,#2286,.F.);
#3185=ORIENTED_EDGE('',*,*,#2267,.F.);
#3186=ORIENTED_EDGE('',*,*,#2287,.F.);
#3187=ORIENTED_EDGE('',*,*,#2288,.F.);
#3188=ORIENTED_EDGE('',*,*,#2264,.F.);
#3189=ORIENTED_EDGE('',*,*,#1949,.T.);
#3190=ORIENTED_EDGE('',*,*,#2289,.T.);
#3191=ORIENTED_EDGE('',*,*,#2290,.T.);
#3192=ORIENTED_EDGE('',*,*,#2271,.F.);
#3193=ORIENTED_EDGE('',*,*,#1952,.T.);
#3194=ORIENTED_EDGE('',*,*,#2270,.T.);
#3195=ORIENTED_EDGE('',*,*,#2291,.T.);
#3196=ORIENTED_EDGE('',*,*,#2289,.F.);
#3197=ORIENTED_EDGE('',*,*,#2272,.F.);
#3198=ORIENTED_EDGE('',*,*,#2290,.F.);
#3199=ORIENTED_EDGE('',*,*,#2291,.F.);
#3200=ORIENTED_EDGE('',*,*,#2269,.F.);
#3201=ORIENTED_EDGE('',*,*,#1953,.T.);
#3202=ORIENTED_EDGE('',*,*,#2292,.T.);
#3203=ORIENTED_EDGE('',*,*,#2293,.T.);
#3204=ORIENTED_EDGE('',*,*,#2276,.F.);
#3205=ORIENTED_EDGE('',*,*,#1956,.T.);
#3206=ORIENTED_EDGE('',*,*,#2275,.T.);
#3207=ORIENTED_EDGE('',*,*,#2294,.T.);
#3208=ORIENTED_EDGE('',*,*,#2292,.F.);
#3209=ORIENTED_EDGE('',*,*,#2277,.F.);
#3210=ORIENTED_EDGE('',*,*,#2293,.F.);
#3211=ORIENTED_EDGE('',*,*,#2294,.F.);
#3212=ORIENTED_EDGE('',*,*,#2274,.F.);
#3213=ORIENTED_EDGE('',*,*,#1957,.T.);
#3214=ORIENTED_EDGE('',*,*,#2295,.T.);
#3215=ORIENTED_EDGE('',*,*,#2296,.T.);
#3216=ORIENTED_EDGE('',*,*,#2281,.F.);
#3217=ORIENTED_EDGE('',*,*,#1960,.T.);
#3218=ORIENTED_EDGE('',*,*,#2280,.T.);
#3219=ORIENTED_EDGE('',*,*,#2297,.T.);
#3220=ORIENTED_EDGE('',*,*,#2295,.F.);
#3221=ORIENTED_EDGE('',*,*,#2282,.F.);
#3222=ORIENTED_EDGE('',*,*,#2296,.F.);
#3223=ORIENTED_EDGE('',*,*,#2297,.F.);
#3224=ORIENTED_EDGE('',*,*,#2279,.F.);
#3225=ORIENTED_EDGE('',*,*,#2298,.T.);
#3226=ORIENTED_EDGE('',*,*,#2299,.T.);
#3227=ORIENTED_EDGE('',*,*,#2300,.T.);
#3228=ORIENTED_EDGE('',*,*,#2301,.T.);
#3229=ORIENTED_EDGE('',*,*,#2299,.F.);
#3230=ORIENTED_EDGE('',*,*,#2302,.F.);
#3231=ORIENTED_EDGE('',*,*,#2303,.T.);
#3232=ORIENTED_EDGE('',*,*,#2300,.F.);
#3233=ORIENTED_EDGE('',*,*,#2301,.F.);
#3234=ORIENTED_EDGE('',*,*,#2303,.F.);
#3235=ORIENTED_EDGE('',*,*,#2304,.F.);
#3236=ORIENTED_EDGE('',*,*,#2298,.F.);
#3237=ORIENTED_EDGE('',*,*,#2305,.T.);
#3238=ORIENTED_EDGE('',*,*,#2306,.T.);
#3239=ORIENTED_EDGE('',*,*,#2304,.T.);
#3240=ORIENTED_EDGE('',*,*,#2302,.T.);
#3241=ORIENTED_EDGE('',*,*,#2306,.F.);
#3242=ORIENTED_EDGE('',*,*,#2307,.F.);
#3243=ORIENTED_EDGE('',*,*,#2308,.F.);
#3244=ORIENTED_EDGE('',*,*,#2309,.F.);
#3245=ORIENTED_EDGE('',*,*,#2310,.F.);
#3246=ORIENTED_EDGE('',*,*,#2311,.T.);
#3247=ORIENTED_EDGE('',*,*,#2312,.T.);
#3248=ORIENTED_EDGE('',*,*,#2313,.T.);
#3249=ORIENTED_EDGE('',*,*,#2314,.T.);
#3250=ORIENTED_EDGE('',*,*,#2305,.F.);
#3251=ORIENTED_EDGE('',*,*,#2248,.T.);
#3252=ORIENTED_EDGE('',*,*,#2315,.T.);
#3253=ORIENTED_EDGE('',*,*,#2316,.T.);
#3254=ORIENTED_EDGE('',*,*,#2317,.T.);
#3255=ORIENTED_EDGE('',*,*,#2317,.F.);
#3256=ORIENTED_EDGE('',*,*,#2318,.T.);
#3257=ORIENTED_EDGE('',*,*,#2319,.T.);
#3258=ORIENTED_EDGE('',*,*,#2320,.F.);
#3259=ORIENTED_EDGE('',*,*,#2321,.F.);
#3260=ORIENTED_EDGE('',*,*,#2249,.F.);
#3261=ORIENTED_EDGE('',*,*,#2322,.T.);
#3262=ORIENTED_EDGE('',*,*,#2310,.T.);
#3263=ORIENTED_EDGE('',*,*,#2323,.T.);
#3264=ORIENTED_EDGE('',*,*,#2320,.T.);
#3265=ORIENTED_EDGE('',*,*,#2324,.F.);
#3266=ORIENTED_EDGE('',*,*,#2325,.F.);
#3267=ORIENTED_EDGE('',*,*,#2326,.F.);
#3268=ORIENTED_EDGE('',*,*,#2327,.T.);
#3269=ORIENTED_EDGE('',*,*,#2328,.T.);
#3270=ORIENTED_EDGE('',*,*,#2325,.T.);
#3271=ORIENTED_EDGE('',*,*,#2307,.T.);
#3272=ORIENTED_EDGE('',*,*,#2256,.T.);
#3273=ORIENTED_EDGE('',*,*,#2329,.T.);
#3274=ORIENTED_EDGE('',*,*,#2326,.T.);
#3275=ORIENTED_EDGE('',*,*,#2330,.T.);
#3276=ORIENTED_EDGE('',*,*,#2331,.F.);
#3277=ORIENTED_EDGE('',*,*,#2332,.F.);
#3278=ORIENTED_EDGE('',*,*,#2333,.F.);
#3279=ORIENTED_EDGE('',*,*,#2332,.T.);
#3280=ORIENTED_EDGE('',*,*,#2308,.T.);
#3281=ORIENTED_EDGE('',*,*,#2324,.T.);
#3282=ORIENTED_EDGE('',*,*,#2334,.T.);
#3283=ORIENTED_EDGE('',*,*,#2254,.T.);
#3284=ORIENTED_EDGE('',*,*,#2335,.T.);
#3285=ORIENTED_EDGE('',*,*,#2333,.T.);
#3286=ORIENTED_EDGE('',*,*,#2336,.T.);
#3287=ORIENTED_EDGE('',*,*,#2337,.T.);
#3288=ORIENTED_EDGE('',*,*,#2309,.T.);
#3289=ORIENTED_EDGE('',*,*,#2331,.T.);
#3290=ORIENTED_EDGE('',*,*,#2338,.T.);
#3291=ORIENTED_EDGE('',*,*,#2337,.F.);
#3292=ORIENTED_EDGE('',*,*,#2339,.T.);
#3293=ORIENTED_EDGE('',*,*,#2323,.F.);
#3294=ORIENTED_EDGE('',*,*,#2322,.F.);
#3295=ORIENTED_EDGE('',*,*,#2319,.F.);
#3296=ORIENTED_EDGE('',*,*,#2340,.T.);
#3297=ORIENTED_EDGE('',*,*,#2341,.F.);
#3298=ORIENTED_EDGE('',*,*,#2311,.F.);
#3299=ORIENTED_EDGE('',*,*,#2339,.F.);
#3300=ORIENTED_EDGE('',*,*,#2342,.T.);
#3301=ORIENTED_EDGE('',*,*,#2250,.T.);
#3302=ORIENTED_EDGE('',*,*,#2321,.T.);
#3303=ORIENTED_EDGE('',*,*,#2338,.F.);
#3304=ORIENTED_EDGE('',*,*,#2335,.F.);
#3305=ORIENTED_EDGE('',*,*,#2253,.T.);
#3306=ORIENTED_EDGE('',*,*,#2230,.T.);
#3307=ORIENTED_EDGE('',*,*,#2246,.T.);
#3308=ORIENTED_EDGE('',*,*,#2225,.T.);
#3309=ORIENTED_EDGE('',*,*,#2251,.T.);
#3310=ORIENTED_EDGE('',*,*,#2342,.F.);
#3311=ORIENTED_EDGE('',*,*,#2314,.F.);
#3312=ORIENTED_EDGE('',*,*,#2343,.T.);
#3313=ORIENTED_EDGE('',*,*,#2344,.T.);
#3314=ORIENTED_EDGE('',*,*,#2343,.F.);
#3315=ORIENTED_EDGE('',*,*,#2344,.F.);
#3316=ORIENTED_EDGE('',*,*,#2345,.T.);
#3317=ORIENTED_EDGE('',*,*,#2346,.T.);
#3318=ORIENTED_EDGE('',*,*,#2347,.F.);
#3319=ORIENTED_EDGE('',*,*,#2346,.F.);
#3320=ORIENTED_EDGE('',*,*,#2327,.F.);
#3321=ORIENTED_EDGE('',*,*,#2313,.F.);
#3322=ORIENTED_EDGE('',*,*,#2348,.T.);
#3323=ORIENTED_EDGE('',*,*,#2349,.T.);
#3324=ORIENTED_EDGE('',*,*,#2350,.F.);
#3325=ORIENTED_EDGE('',*,*,#2312,.F.);
#3326=ORIENTED_EDGE('',*,*,#2341,.T.);
#3327=ORIENTED_EDGE('',*,*,#2351,.T.);
#3328=ORIENTED_EDGE('',*,*,#2348,.F.);
#3329=ORIENTED_EDGE('',*,*,#2316,.F.);
#3330=ORIENTED_EDGE('',*,*,#2352,.F.);
#3331=ORIENTED_EDGE('',*,*,#2349,.F.);
#3332=ORIENTED_EDGE('',*,*,#2351,.F.);
#3333=ORIENTED_EDGE('',*,*,#2340,.F.);
#3334=ORIENTED_EDGE('',*,*,#2318,.F.);
#3335=ORIENTED_EDGE('',*,*,#2345,.F.);
#3336=ORIENTED_EDGE('',*,*,#2315,.F.);
#3337=ORIENTED_EDGE('',*,*,#2247,.T.);
#3338=ORIENTED_EDGE('',*,*,#2238,.T.);
#3339=ORIENTED_EDGE('',*,*,#2252,.T.);
#3340=ORIENTED_EDGE('',*,*,#2215,.T.);
#3341=ORIENTED_EDGE('',*,*,#2257,.T.);
#3342=ORIENTED_EDGE('',*,*,#2330,.F.);
#3343=ORIENTED_EDGE('',*,*,#2328,.F.);
#3344=ORIENTED_EDGE('',*,*,#2350,.T.);
#3345=ORIENTED_EDGE('',*,*,#2352,.T.);
#3346=ORIENTED_EDGE('',*,*,#2347,.T.);
#3347=ORIENTED_EDGE('',*,*,#2329,.F.);
#3348=ORIENTED_EDGE('',*,*,#2255,.T.);
#3349=ORIENTED_EDGE('',*,*,#2336,.F.);
#3350=ORIENTED_EDGE('',*,*,#2334,.F.);
#3351=ORIENTED_EDGE('',*,*,#2353,.F.);
#3352=ORIENTED_EDGE('',*,*,#2354,.T.);
#3353=ORIENTED_EDGE('',*,*,#2355,.F.);
#3354=ORIENTED_EDGE('',*,*,#2356,.F.);
#3355=ORIENTED_EDGE('',*,*,#2357,.F.);
#3356=ORIENTED_EDGE('',*,*,#2356,.T.);
#3357=ORIENTED_EDGE('',*,*,#2358,.F.);
#3358=ORIENTED_EDGE('',*,*,#2359,.F.);
#3359=ORIENTED_EDGE('',*,*,#2360,.F.);
#3360=ORIENTED_EDGE('',*,*,#2359,.T.);
#3361=ORIENTED_EDGE('',*,*,#2361,.F.);
#3362=ORIENTED_EDGE('',*,*,#2362,.F.);
#3363=ORIENTED_EDGE('',*,*,#2363,.F.);
#3364=ORIENTED_EDGE('',*,*,#2362,.T.);
#3365=ORIENTED_EDGE('',*,*,#2364,.F.);
#3366=ORIENTED_EDGE('',*,*,#2354,.F.);
#3367=ORIENTED_EDGE('',*,*,#2364,.T.);
#3368=ORIENTED_EDGE('',*,*,#2361,.T.);
#3369=ORIENTED_EDGE('',*,*,#2358,.T.);
#3370=ORIENTED_EDGE('',*,*,#2355,.T.);
#3371=ORIENTED_EDGE('',*,*,#2363,.T.);
#3372=ORIENTED_EDGE('',*,*,#2353,.T.);
#3373=ORIENTED_EDGE('',*,*,#2357,.T.);
#3374=ORIENTED_EDGE('',*,*,#2360,.T.);
#3375=ORIENTED_EDGE('',*,*,#2365,.T.);
#3376=ORIENTED_EDGE('',*,*,#2366,.T.);
#3377=ORIENTED_EDGE('',*,*,#2367,.T.);
#3378=ORIENTED_EDGE('',*,*,#2368,.T.);
#3379=ORIENTED_EDGE('',*,*,#2366,.F.);
#3380=ORIENTED_EDGE('',*,*,#2369,.T.);
#3381=ORIENTED_EDGE('',*,*,#2370,.T.);
#3382=ORIENTED_EDGE('',*,*,#2371,.T.);
#3383=ORIENTED_EDGE('',*,*,#2365,.F.);
#3384=ORIENTED_EDGE('',*,*,#2372,.F.);
#3385=ORIENTED_EDGE('',*,*,#2373,.T.);
#3386=ORIENTED_EDGE('',*,*,#2374,.T.);
#3387=ORIENTED_EDGE('',*,*,#2375,.T.);
#3388=ORIENTED_EDGE('',*,*,#2369,.F.);
#3389=ORIENTED_EDGE('',*,*,#2368,.F.);
#3390=ORIENTED_EDGE('',*,*,#2376,.T.);
#3391=ORIENTED_EDGE('',*,*,#2377,.T.);
#3392=ORIENTED_EDGE('',*,*,#2372,.T.);
#3393=ORIENTED_EDGE('',*,*,#2370,.F.);
#3394=ORIENTED_EDGE('',*,*,#2375,.F.);
#3395=ORIENTED_EDGE('',*,*,#2378,.T.);
#3396=ORIENTED_EDGE('',*,*,#2379,.F.);
#3397=ORIENTED_EDGE('',*,*,#2377,.F.);
#3398=ORIENTED_EDGE('',*,*,#2380,.F.);
#3399=ORIENTED_EDGE('',*,*,#2381,.F.);
#3400=ORIENTED_EDGE('',*,*,#2373,.F.);
#3401=ORIENTED_EDGE('',*,*,#2374,.F.);
#3402=ORIENTED_EDGE('',*,*,#2381,.T.);
#3403=ORIENTED_EDGE('',*,*,#2382,.F.);
#3404=ORIENTED_EDGE('',*,*,#2378,.F.);
#3405=ORIENTED_EDGE('',*,*,#2367,.F.);
#3406=ORIENTED_EDGE('',*,*,#2371,.F.);
#3407=ORIENTED_EDGE('',*,*,#2379,.T.);
#3408=ORIENTED_EDGE('',*,*,#2382,.T.);
#3409=ORIENTED_EDGE('',*,*,#2380,.T.);
#3410=ORIENTED_EDGE('',*,*,#2376,.F.);
#3411=SPHERICAL_SURFACE('',#3714,0.2);
#3412=SPHERICAL_SURFACE('',#3720,0.2);
#3413=SPHERICAL_SURFACE('',#3725,0.2);
#3414=SPHERICAL_SURFACE('',#3730,0.2);
#3415=SPHERICAL_SURFACE('',#3940,0.2);
#3416=SPHERICAL_SURFACE('',#3947,0.199999999999999);
#3417=SPHERICAL_SURFACE('',#3955,0.2);
#3418=ADVANCED_FACE('',(#1013),#3411,.F.);
#3419=ADVANCED_FACE('',(#1014),#985,.F.);
#3420=ADVANCED_FACE('',(#1015),#3412,.F.);
#3421=ADVANCED_FACE('',(#1016),#986,.F.);
#3422=ADVANCED_FACE('',(#1017),#3413,.F.);
#3423=ADVANCED_FACE('',(#1018),#987,.F.);
#3424=ADVANCED_FACE('',(#1019),#3414,.F.);
#3425=ADVANCED_FACE('',(#1020),#988,.F.);
#3426=ADVANCED_FACE('',(#1021),#286,.F.);
#3427=ADVANCED_FACE('',(#1022),#287,.F.);
#3428=ADVANCED_FACE('',(#1023),#989,.F.);
#3429=ADVANCED_FACE('',(#1024),#288,.F.);
#3430=ADVANCED_FACE('',(#1025),#289,.F.);
#3431=ADVANCED_FACE('',(#1026),#990,.F.);
#3432=ADVANCED_FACE('',(#1027),#290,.F.);
#3433=ADVANCED_FACE('',(#1028),#291,.F.);
#3434=ADVANCED_FACE('',(#1029,#151,#152,#153,#154,#155,#156,#157),#167,
 .F.);
#3435=ADVANCED_FACE('',(#1030),#292,.F.);
#3436=ADVANCED_FACE('',(#1031),#991,.F.);
#3437=ADVANCED_FACE('',(#1032),#992,.F.);
#3438=ADVANCED_FACE('',(#1033),#293,.F.);
#3439=ADVANCED_FACE('',(#1034),#294,.F.);
#3440=ADVANCED_FACE('',(#1035),#993,.F.);
#3441=ADVANCED_FACE('',(#1036),#994,.F.);
#3442=ADVANCED_FACE('',(#1037),#295,.F.);
#3443=ADVANCED_FACE('',(#1038),#296,.F.);
#3444=ADVANCED_FACE('',(#1039),#995,.F.);
#3445=ADVANCED_FACE('',(#1040),#996,.F.);
#3446=ADVANCED_FACE('',(#1041),#297,.F.);
#3447=ADVANCED_FACE('',(#1042),#298,.F.);
#3448=ADVANCED_FACE('',(#1043),#997,.F.);
#3449=ADVANCED_FACE('',(#1044),#998,.F.);
#3450=ADVANCED_FACE('',(#1045),#299,.F.);
#3451=ADVANCED_FACE('',(#1046),#300,.F.);
#3452=ADVANCED_FACE('',(#1047),#301,.F.);
#3453=ADVANCED_FACE('',(#1048),#999,.F.);
#3454=ADVANCED_FACE('',(#1049),#302,.F.);
#3455=ADVANCED_FACE('',(#1050),#168,.F.);
#3456=ADVANCED_FACE('',(#1051),#169,.F.);
#3457=ADVANCED_FACE('',(#1052),#170,.F.);
#3458=ADVANCED_FACE('',(#1053,#158,#159),#171,.T.);
#3459=ADVANCED_FACE('',(#1054,#160,#161,#162),#172,.T.);
#3460=ADVANCED_FACE('',(#1055,#163),#173,.T.);
#3461=ADVANCED_FACE('',(#1056),#174,.F.);
#3462=ADVANCED_FACE('',(#1057),#175,.F.);
#3463=ADVANCED_FACE('',(#1058),#176,.T.);
#3464=ADVANCED_FACE('',(#1059),#177,.T.);
#3465=ADVANCED_FACE('',(#1060),#178,.T.);
#3466=ADVANCED_FACE('',(#1061),#179,.T.);
#3467=ADVANCED_FACE('',(#1062),#180,.T.);
#3468=ADVANCED_FACE('',(#1063),#181,.T.);
#3469=ADVANCED_FACE('',(#1064),#182,.F.);
#3470=ADVANCED_FACE('',(#1065),#183,.T.);
#3471=ADVANCED_FACE('',(#1066),#184,.T.);
#3472=ADVANCED_FACE('',(#1067),#185,.T.);
#3473=ADVANCED_FACE('',(#1068),#186,.T.);
#3474=ADVANCED_FACE('',(#1069),#187,.T.);
#3475=ADVANCED_FACE('',(#1070),#188,.T.);
#3476=ADVANCED_FACE('',(#1071),#49,.T.);
#3477=ADVANCED_FACE('',(#1072),#50,.T.);
#3478=ADVANCED_FACE('',(#1073),#51,.T.);
#3479=ADVANCED_FACE('',(#1074),#52,.T.);
#3480=ADVANCED_FACE('',(#1075),#189,.T.);
#3481=ADVANCED_FACE('',(#1076),#190,.T.);
#3482=ADVANCED_FACE('',(#1077),#191,.T.);
#3483=ADVANCED_FACE('',(#1078),#53,.T.);
#3484=ADVANCED_FACE('',(#1079),#54,.T.);
#3485=ADVANCED_FACE('',(#1080),#55,.T.);
#3486=ADVANCED_FACE('',(#1081),#56,.T.);
#3487=ADVANCED_FACE('',(#1082),#192,.T.);
#3488=ADVANCED_FACE('',(#1083),#57,.T.);
#3489=ADVANCED_FACE('',(#1084),#193,.T.);
#3490=ADVANCED_FACE('',(#1085),#194,.T.);
#3491=ADVANCED_FACE('',(#1086),#195,.T.);
#3492=ADVANCED_FACE('',(#1087),#196,.T.);
#3493=ADVANCED_FACE('',(#1088),#58,.T.);
#3494=ADVANCED_FACE('',(#1089),#59,.T.);
#3495=ADVANCED_FACE('',(#1090),#60,.T.);
#3496=ADVANCED_FACE('',(#1091),#61,.T.);
#3497=ADVANCED_FACE('',(#1092),#62,.T.);
#3498=ADVANCED_FACE('',(#1093),#197,.T.);
#3499=ADVANCED_FACE('',(#1094),#63,.T.);
#3500=ADVANCED_FACE('',(#1095),#64,.T.);
#3501=ADVANCED_FACE('',(#1096),#65,.T.);
#3502=ADVANCED_FACE('',(#1097),#66,.T.);
#3503=ADVANCED_FACE('',(#1098),#198,.T.);
#3504=ADVANCED_FACE('',(#1099),#199,.T.);
#3505=ADVANCED_FACE('',(#1100),#200,.T.);
#3506=ADVANCED_FACE('',(#1101),#201,.T.);
#3507=ADVANCED_FACE('',(#1102),#67,.T.);
#3508=ADVANCED_FACE('',(#1103),#202,.T.);
#3509=ADVANCED_FACE('',(#1104),#203,.T.);
#3510=ADVANCED_FACE('',(#1105),#204,.T.);
#3511=ADVANCED_FACE('',(#1106),#205,.T.);
#3512=ADVANCED_FACE('',(#1107),#68,.T.);
#3513=ADVANCED_FACE('',(#1108),#206,.T.);
#3514=ADVANCED_FACE('',(#1109),#69,.T.);
#3515=ADVANCED_FACE('',(#1110),#70,.T.);
#3516=ADVANCED_FACE('',(#1111),#207,.T.);
#3517=ADVANCED_FACE('',(#1112),#71,.T.);
#3518=ADVANCED_FACE('',(#1113),#72,.T.);
#3519=ADVANCED_FACE('',(#1114),#73,.T.);
#3520=ADVANCED_FACE('',(#1115),#74,.T.);
#3521=ADVANCED_FACE('',(#1116),#75,.T.);
#3522=ADVANCED_FACE('',(#1117),#76,.T.);
#3523=ADVANCED_FACE('',(#1118),#208,.T.);
#3524=ADVANCED_FACE('',(#1119),#77,.T.);
#3525=ADVANCED_FACE('',(#1120),#78,.T.);
#3526=ADVANCED_FACE('',(#1121),#79,.T.);
#3527=ADVANCED_FACE('',(#1122),#80,.T.);
#3528=ADVANCED_FACE('',(#1123),#209,.T.);
#3529=ADVANCED_FACE('',(#1124),#81,.T.);
#3530=ADVANCED_FACE('',(#1125),#82,.T.);
#3531=ADVANCED_FACE('',(#1126),#210,.T.);
#3532=ADVANCED_FACE('',(#1127),#211,.T.);
#3533=ADVANCED_FACE('',(#1128),#212,.T.);
#3534=ADVANCED_FACE('',(#1129),#213,.T.);
#3535=ADVANCED_FACE('',(#1130),#214,.T.);
#3536=ADVANCED_FACE('',(#1131),#215,.T.);
#3537=ADVANCED_FACE('',(#1132),#216,.T.);
#3538=ADVANCED_FACE('',(#1133),#217,.T.);
#3539=ADVANCED_FACE('',(#1134),#218,.T.);
#3540=ADVANCED_FACE('',(#1135),#219,.T.);
#3541=ADVANCED_FACE('',(#1136),#220,.T.);
#3542=ADVANCED_FACE('',(#1137),#221,.T.);
#3543=ADVANCED_FACE('',(#1138),#222,.T.);
#3544=ADVANCED_FACE('',(#1139),#223,.T.);
#3545=ADVANCED_FACE('',(#1140),#224,.T.);
#3546=ADVANCED_FACE('',(#1141),#225,.T.);
#3547=ADVANCED_FACE('',(#1142),#226,.T.);
#3548=ADVANCED_FACE('',(#1143),#227,.T.);
#3549=ADVANCED_FACE('',(#1144),#228,.T.);
#3550=ADVANCED_FACE('',(#1145),#229,.T.);
#3551=ADVANCED_FACE('',(#1146),#230,.T.);
#3552=ADVANCED_FACE('',(#1147),#231,.T.);
#3553=ADVANCED_FACE('',(#1148),#232,.F.);
#3554=ADVANCED_FACE('',(#1149),#233,.F.);
#3555=ADVANCED_FACE('',(#1150),#234,.F.);
#3556=ADVANCED_FACE('',(#1151),#235,.F.);
#3557=ADVANCED_FACE('',(#1152),#236,.F.);
#3558=ADVANCED_FACE('',(#1153),#237,.F.);
#3559=ADVANCED_FACE('',(#1154),#238,.F.);
#3560=ADVANCED_FACE('',(#1155),#239,.F.);
#3561=ADVANCED_FACE('',(#1156),#240,.F.);
#3562=ADVANCED_FACE('',(#1157),#241,.F.);
#3563=ADVANCED_FACE('',(#1158),#242,.F.);
#3564=ADVANCED_FACE('',(#1159),#243,.F.);
#3565=ADVANCED_FACE('',(#1160),#244,.F.);
#3566=ADVANCED_FACE('',(#1161),#245,.T.);
#3567=ADVANCED_FACE('',(#1162),#246,.F.);
#3568=ADVANCED_FACE('',(#1163),#247,.F.);
#3569=ADVANCED_FACE('',(#1164),#248,.T.);
#3570=ADVANCED_FACE('',(#1165),#249,.F.);
#3571=ADVANCED_FACE('',(#1166),#250,.F.);
#3572=ADVANCED_FACE('',(#1167),#251,.T.);
#3573=ADVANCED_FACE('',(#1168),#252,.F.);
#3574=ADVANCED_FACE('',(#1169),#253,.F.);
#3575=ADVANCED_FACE('',(#1170),#254,.T.);
#3576=ADVANCED_FACE('',(#1171),#255,.F.);
#3577=ADVANCED_FACE('',(#1172),#256,.F.);
#3578=ADVANCED_FACE('',(#1173),#257,.T.);
#3579=ADVANCED_FACE('',(#1174),#303,.F.);
#3580=ADVANCED_FACE('',(#1175),#1000,.F.);
#3581=ADVANCED_FACE('',(#1176),#258,.T.);
#3582=ADVANCED_FACE('',(#1177),#304,.T.);
#3583=ADVANCED_FACE('',(#1178,#164,#165),#259,.T.);
#3584=ADVANCED_FACE('',(#1179),#1001,.T.);
#3585=ADVANCED_FACE('',(#1180),#260,.T.);
#3586=ADVANCED_FACE('',(#1181),#1002,.T.);
#3587=ADVANCED_FACE('',(#1182),#3415,.T.);
#3588=ADVANCED_FACE('',(#1183),#1003,.T.);
#3589=ADVANCED_FACE('',(#1184),#1004,.T.);
#3590=ADVANCED_FACE('',(#1185),#3416,.T.);
#3591=ADVANCED_FACE('',(#1186),#1005,.T.);
#3592=ADVANCED_FACE('',(#1187),#1006,.T.);
#3593=ADVANCED_FACE('',(#1188),#1007,.T.);
#3594=ADVANCED_FACE('',(#1189),#3417,.T.);
#3595=ADVANCED_FACE('',(#1190),#261,.F.);
#3596=ADVANCED_FACE('',(#1191),#1008,.T.);
#3597=ADVANCED_FACE('',(#1192),#262,.T.);
#3598=ADVANCED_FACE('',(#1193),#1009,.F.);
#3599=ADVANCED_FACE('',(#1194),#263,.T.);
#3600=ADVANCED_FACE('',(#1195),#1010,.T.);
#3601=ADVANCED_FACE('',(#1196),#264,.F.);
#3602=ADVANCED_FACE('',(#1197),#1011,.F.);
#3603=ADVANCED_FACE('',(#1198,#166),#265,.F.);
#3604=ADVANCED_FACE('',(#1199),#266,.F.);
#3605=ADVANCED_FACE('',(#1200),#267,.T.);
#3606=ADVANCED_FACE('',(#1201),#268,.T.);
#3607=ADVANCED_FACE('',(#1202),#269,.T.);
#3608=ADVANCED_FACE('',(#1203),#270,.T.);
#3609=ADVANCED_FACE('',(#1204),#271,.T.);
#3610=ADVANCED_FACE('',(#1205),#272,.T.);
#3611=ADVANCED_FACE('',(#1206),#273,.T.);
#3612=ADVANCED_FACE('',(#1207),#274,.F.);
#3613=ADVANCED_FACE('',(#1208),#1012,.T.);
#3614=ADVANCED_FACE('',(#1209),#275,.T.);
#3615=ADVANCED_FACE('',(#1210),#276,.F.);
#3616=ADVANCED_FACE('',(#1211),#277,.T.);
#3617=ADVANCED_FACE('',(#1212),#278,.T.);
#3618=ADVANCED_FACE('',(#1213),#279,.T.);
#3619=ADVANCED_FACE('',(#1214),#280,.T.);
#3620=ADVANCED_FACE('',(#1215),#281,.T.);
#3621=CLOSED_SHELL('',(#3418,#3419,#3420,#3421,#3422,#3423,#3424,#3425,
#3426,#3427,#3428,#3429,#3430,#3431,#3432,#3433,#3434,#3435,#3436,#3437,
#3438,#3439,#3440,#3441,#3442,#3443,#3444,#3445,#3446,#3447,#3448,#3449,
#3450,#3451,#3452,#3453,#3454,#3455,#3456,#3457,#3458,#3459,#3460,#3461,
#3462,#3463,#3464,#3465,#3466,#3467,#3468,#3469,#3470,#3471,#3472,#3473,
#3474,#3475,#3476,#3477,#3478,#3479,#3480,#3481,#3482,#3483,#3484,#3485,
#3486,#3487,#3488,#3489,#3490,#3491,#3492,#3493,#3494,#3495,#3496,#3497,
#3498,#3499,#3500,#3501,#3502,#3503,#3504,#3505,#3506,#3507,#3508,#3509,
#3510,#3511,#3512,#3513,#3514,#3515,#3516,#3517,#3518,#3519,#3520,#3521,
#3522,#3523,#3524,#3525,#3526,#3527,#3528,#3529,#3530,#3531,#3532,#3533,
#3534,#3535,#3536,#3537,#3538,#3539,#3540,#3541,#3542,#3543,#3544,#3545,
#3546,#3547,#3548,#3549,#3550,#3551,#3552,#3553,#3554,#3555,#3556,#3557,
#3558,#3559,#3560,#3561,#3562,#3563,#3564,#3565,#3566,#3567,#3568,#3569,
#3570,#3571,#3572,#3573,#3574,#3575,#3576,#3577,#3578,#3579,#3580,#3581,
#3582,#3583,#3584,#3585,#3586,#3587,#3588,#3589,#3590,#3591,#3592,#3593,
#3594,#3595,#3596,#3597,#3598,#3599,#3600,#3601,#3602,#3603,#3604,#3605,
#3606));
#3622=CLOSED_SHELL('',(#3607,#3608,#3609,#3610,#3611,#3612));
#3623=CLOSED_SHELL('',(#3613,#3614,#3615,#3616,#3617,#3618,#3619,#3620));
#3624=DERIVED_UNIT_ELEMENT(#3631,1.);
#3625=DERIVED_UNIT_ELEMENT(#6500,-3.);
#3626=DERIVED_UNIT_ELEMENT(#3631,1.);
#3627=DERIVED_UNIT_ELEMENT(#6500,-3.);
#3628=DERIVED_UNIT_ELEMENT(#3631,1.);
#3629=DERIVED_UNIT_ELEMENT(#6500,-3.);
#3630=DIMENSIONAL_EXPONENTS(1.,0.,0.,0.,0.,0.,0.);
#3631=(
CONVERSION_BASED_UNIT('gram',#3633)
MASS_UNIT()
NAMED_UNIT(#3630)
);
#3632=(
MASS_UNIT()
NAMED_UNIT(*)
SI_UNIT(.KILO.,.GRAM.)
);
#3633=MASS_MEASURE_WITH_UNIT(MASS_MEASURE(0.001),#3632);
#3634=DERIVED_UNIT((#3624,#3625));
#3635=DERIVED_UNIT((#3626,#3627));
#3636=DERIVED_UNIT((#3628,#3629));
#3637=MEASURE_REPRESENTATION_ITEM('density measure',
POSITIVE_RATIO_MEASURE(1.),#3634);
#3638=MEASURE_REPRESENTATION_ITEM('density measure',
POSITIVE_RATIO_MEASURE(1.),#3635);
#3639=MEASURE_REPRESENTATION_ITEM('density measure',
POSITIVE_RATIO_MEASURE(1.),#3636);
#3640=PROPERTY_DEFINITION_REPRESENTATION(#3655,#3646);
#3641=PROPERTY_DEFINITION_REPRESENTATION(#3656,#3647);
#3642=PROPERTY_DEFINITION_REPRESENTATION(#3657,#3648);
#3643=PROPERTY_DEFINITION_REPRESENTATION(#3658,#3649);
#3644=PROPERTY_DEFINITION_REPRESENTATION(#3659,#3650);
#3645=PROPERTY_DEFINITION_REPRESENTATION(#3660,#3651);
#3646=REPRESENTATION('material name',(#3652),#6495);
#3647=REPRESENTATION('density',(#3637),#6495);
#3648=REPRESENTATION('material name',(#3653),#6496);
#3649=REPRESENTATION('density',(#3638),#6496);
#3650=REPRESENTATION('material name',(#3654),#6497);
#3651=REPRESENTATION('density',(#3639),#6497);
#3652=DESCRIPTIVE_REPRESENTATION_ITEM('Generic','Generic');
#3653=DESCRIPTIVE_REPRESENTATION_ITEM('Generic','Generic');
#3654=DESCRIPTIVE_REPRESENTATION_ITEM('Generic','Generic');
#3655=PROPERTY_DEFINITION('material property','material name',#6523);
#3656=PROPERTY_DEFINITION('material property','density of part',#6523);
#3657=PROPERTY_DEFINITION('material property','material name',#6524);
#3658=PROPERTY_DEFINITION('material property','density of part',#6524);
#3659=PROPERTY_DEFINITION('material property','material name',#6525);
#3660=PROPERTY_DEFINITION('material property','density of part',#6525);
#3661=PRESENTATION_STYLE_ASSIGNMENT((#3664));
#3662=PRESENTATION_STYLE_ASSIGNMENT((#3665));
#3663=PRESENTATION_STYLE_ASSIGNMENT((#3666));
#3664=SURFACE_STYLE_USAGE(.BOTH.,#3673);
#3665=SURFACE_STYLE_USAGE(.BOTH.,#3674);
#3666=SURFACE_STYLE_USAGE(.BOTH.,#3675);
#3667=SURFACE_STYLE_RENDERING_WITH_PROPERTIES($,#3685,(#3670));
#3668=SURFACE_STYLE_RENDERING_WITH_PROPERTIES($,#3686,(#3671));
#3669=SURFACE_STYLE_RENDERING_WITH_PROPERTIES($,#3687,(#3672));
#3670=SURFACE_STYLE_TRANSPARENT(0.);
#3671=SURFACE_STYLE_TRANSPARENT(0.);
#3672=SURFACE_STYLE_TRANSPARENT(0.);
#3673=SURFACE_SIDE_STYLE('',(#3676,#3667));
#3674=SURFACE_SIDE_STYLE('',(#3677,#3668));
#3675=SURFACE_SIDE_STYLE('',(#3678,#3669));
#3676=SURFACE_STYLE_FILL_AREA(#3679);
#3677=SURFACE_STYLE_FILL_AREA(#3680);
#3678=SURFACE_STYLE_FILL_AREA(#3681);
#3679=FILL_AREA_STYLE('',(#3682));
#3680=FILL_AREA_STYLE('',(#3683));
#3681=FILL_AREA_STYLE('',(#3684));
#3682=FILL_AREA_STYLE_COLOUR('',#3685);
#3683=FILL_AREA_STYLE_COLOUR('',#3686);
#3684=FILL_AREA_STYLE_COLOUR('',#3687);
#3685=COLOUR_RGB('',0.270588235294118,0.270588235294118,0.270588235294118);
#3686=COLOUR_RGB('',0.,0.,0.);
#3687=COLOUR_RGB('',0.749019607843137,0.749019607843137,0.749019607843137);
#3688=DATE_TIME_ROLE('creation_date');
#3689=DATE_TIME_ROLE('creation_date');
#3690=DATE_TIME_ROLE('creation_date');
#3691=DATE_TIME_ROLE('creation_date');
#3692=APPLIED_DATE_AND_TIME_ASSIGNMENT(#3696,#3688,(#6522));
#3693=APPLIED_DATE_AND_TIME_ASSIGNMENT(#3697,#3689,(#6523));
#3694=APPLIED_DATE_AND_TIME_ASSIGNMENT(#3698,#3690,(#6524));
#3695=APPLIED_DATE_AND_TIME_ASSIGNMENT(#3699,#3691,(#6525));
#3696=DATE_AND_TIME(#3700,#3704);
#3697=DATE_AND_TIME(#3701,#3705);
#3698=DATE_AND_TIME(#3702,#3706);
#3699=DATE_AND_TIME(#3703,#3707);
#3700=CALENDAR_DATE(2022,19,5);
#3701=CALENDAR_DATE(2012,4,10);
#3702=CALENDAR_DATE(2012,4,10);
#3703=CALENDAR_DATE(2012,4,10);
#3704=LOCAL_TIME(0,0,0.,#3708);
#3705=LOCAL_TIME(0,0,0.,#3709);
#3706=LOCAL_TIME(0,0,0.,#3710);
#3707=LOCAL_TIME(0,0,0.,#3711);
#3708=COORDINATED_UNIVERSAL_TIME_OFFSET(0,0,.BEHIND.);
#3709=COORDINATED_UNIVERSAL_TIME_OFFSET(0,0,.BEHIND.);
#3710=COORDINATED_UNIVERSAL_TIME_OFFSET(0,0,.BEHIND.);
#3711=COORDINATED_UNIVERSAL_TIME_OFFSET(0,0,.BEHIND.);
#3712=AXIS2_PLACEMENT_3D('placement',#4907,#3997,#3998);
#3713=AXIS2_PLACEMENT_3D('placement',#4908,#3999,#4000);
#3714=AXIS2_PLACEMENT_3D('',#4909,#4001,#4002);
#3715=AXIS2_PLACEMENT_3D('',#4912,#4003,#4004);
#3716=AXIS2_PLACEMENT_3D('',#4914,#4005,#4006);
#3717=AXIS2_PLACEMENT_3D('',#4915,#4007,#4008);
#3718=AXIS2_PLACEMENT_3D('',#4916,#4009,#4010);
#3719=AXIS2_PLACEMENT_3D('',#4928,#4016,#4017);
#3720=AXIS2_PLACEMENT_3D('',#4930,#4019,#4020);
#3721=AXIS2_PLACEMENT_3D('',#4933,#4021,#4022);
#3722=AXIS2_PLACEMENT_3D('',#4935,#4023,#4024);
#3723=AXIS2_PLACEMENT_3D('',#4936,#4025,#4026);
#3724=AXIS2_PLACEMENT_3D('',#4937,#4027,#4028);
#3725=AXIS2_PLACEMENT_3D('',#4940,#4031,#4032);
#3726=AXIS2_PLACEMENT_3D('',#4943,#4033,#4034);
#3727=AXIS2_PLACEMENT_3D('',#4945,#4035,#4036);
#3728=AXIS2_PLACEMENT_3D('',#4946,#4037,#4038);
#3729=AXIS2_PLACEMENT_3D('',#4947,#4039,#4040);
#3730=AXIS2_PLACEMENT_3D('',#4958,#4047,#4048);
#3731=AXIS2_PLACEMENT_3D('',#4960,#4049,#4050);
#3732=AXIS2_PLACEMENT_3D('',#4961,#4051,#4052);
#3733=AXIS2_PLACEMENT_3D('',#4962,#4053,#4054);
#3734=AXIS2_PLACEMENT_3D('',#4965,#4057,#4058);
#3735=AXIS2_PLACEMENT_3D('',#4968,#4059,#4060);
#3736=AXIS2_PLACEMENT_3D('',#4970,#4061,#4062);
#3737=AXIS2_PLACEMENT_3D('',#4972,#4063,#4064);
#3738=AXIS2_PLACEMENT_3D('',#4973,#4065,#4066);
#3739=AXIS2_PLACEMENT_3D('',#4974,#4067,#4068);
#3740=AXIS2_PLACEMENT_3D('',#4977,#4069,#4070);
#3741=AXIS2_PLACEMENT_3D('',#4978,#4071,#4072);
#3742=AXIS2_PLACEMENT_3D('',#4979,#4073,#4074);
#3743=AXIS2_PLACEMENT_3D('',#4980,#4075,#4076);
#3744=AXIS2_PLACEMENT_3D('',#4983,#4077,#4078);
#3745=AXIS2_PLACEMENT_3D('',#4986,#4081,#4082);
#3746=AXIS2_PLACEMENT_3D('',#4989,#4083,#4084);
#3747=AXIS2_PLACEMENT_3D('',#4990,#4085,#4086);
#3748=AXIS2_PLACEMENT_3D('',#4991,#4087,#4088);
#3749=AXIS2_PLACEMENT_3D('',#4992,#4089,#4090);
#3750=AXIS2_PLACEMENT_3D('',#4995,#4091,#4092);
#3751=AXIS2_PLACEMENT_3D('',#4996,#4093,#4094);
#3752=AXIS2_PLACEMENT_3D('',#4997,#4095,#4096);
#3753=AXIS2_PLACEMENT_3D('',#4998,#4097,#4098);
#3754=AXIS2_PLACEMENT_3D('',#5001,#4099,#4100);
#3755=AXIS2_PLACEMENT_3D('',#5004,#4103,#4104);
#3756=AXIS2_PLACEMENT_3D('',#5007,#4105,#4106);
#3757=AXIS2_PLACEMENT_3D('',#5008,#4107,#4108);
#3758=AXIS2_PLACEMENT_3D('',#5009,#4109,#4110);
#3759=AXIS2_PLACEMENT_3D('',#5010,#4111,#4112);
#3760=AXIS2_PLACEMENT_3D('',#5011,#4113,#4114);
#3761=AXIS2_PLACEMENT_3D('',#5012,#4115,#4116);
#3762=AXIS2_PLACEMENT_3D('',#5013,#4117,#4118);
#3763=AXIS2_PLACEMENT_3D('',#5016,#4119,#4120);
#3764=AXIS2_PLACEMENT_3D('',#5020,#4122,#4123);
#3765=AXIS2_PLACEMENT_3D('',#5024,#4125,#4126);
#3766=AXIS2_PLACEMENT_3D('',#5028,#4128,#4129);
#3767=AXIS2_PLACEMENT_3D('',#5032,#4131,#4132);
#3768=AXIS2_PLACEMENT_3D('',#5034,#4133,#4134);
#3769=AXIS2_PLACEMENT_3D('',#5036,#4135,#4136);
#3770=AXIS2_PLACEMENT_3D('',#5040,#4138,#4139);
#3771=AXIS2_PLACEMENT_3D('',#5044,#4141,#4142);
#3772=AXIS2_PLACEMENT_3D('',#5048,#4144,#4145);
#3773=AXIS2_PLACEMENT_3D('',#5052,#4147,#4148);
#3774=AXIS2_PLACEMENT_3D('',#5094,#4170,#4171);
#3775=AXIS2_PLACEMENT_3D('',#5096,#4172,#4173);
#3776=AXIS2_PLACEMENT_3D('',#5098,#4174,#4175);
#3777=AXIS2_PLACEMENT_3D('',#5099,#4176,#4177);
#3778=AXIS2_PLACEMENT_3D('',#5100,#4178,#4179);
#3779=AXIS2_PLACEMENT_3D('',#5102,#4180,#4181);
#3780=AXIS2_PLACEMENT_3D('',#5104,#4183,#4184);
#3781=AXIS2_PLACEMENT_3D('',#5106,#4185,#4186);
#3782=AXIS2_PLACEMENT_3D('',#5108,#4188,#4189);
#3783=AXIS2_PLACEMENT_3D('',#5110,#4190,#4191);
#3784=AXIS2_PLACEMENT_3D('',#5111,#4192,#4193);
#3785=AXIS2_PLACEMENT_3D('',#5112,#4194,#4195);
#3786=AXIS2_PLACEMENT_3D('',#5114,#4196,#4197);
#3787=AXIS2_PLACEMENT_3D('',#5115,#4198,#4199);
#3788=AXIS2_PLACEMENT_3D('',#5116,#4200,#4201);
#3789=AXIS2_PLACEMENT_3D('',#5118,#4202,#4203);
#3790=AXIS2_PLACEMENT_3D('',#5120,#4205,#4206);
#3791=AXIS2_PLACEMENT_3D('',#5122,#4207,#4208);
#3792=AXIS2_PLACEMENT_3D('',#5124,#4210,#4211);
#3793=AXIS2_PLACEMENT_3D('',#5126,#4212,#4213);
#3794=AXIS2_PLACEMENT_3D('',#5127,#4214,#4215);
#3795=AXIS2_PLACEMENT_3D('',#5128,#4216,#4217);
#3796=AXIS2_PLACEMENT_3D('',#5130,#4218,#4219);
#3797=AXIS2_PLACEMENT_3D('',#5131,#4220,#4221);
#3798=AXIS2_PLACEMENT_3D('',#5132,#4222,#4223);
#3799=AXIS2_PLACEMENT_3D('',#5134,#4224,#4225);
#3800=AXIS2_PLACEMENT_3D('',#5136,#4227,#4228);
#3801=AXIS2_PLACEMENT_3D('',#5138,#4229,#4230);
#3802=AXIS2_PLACEMENT_3D('',#5140,#4232,#4233);
#3803=AXIS2_PLACEMENT_3D('',#5142,#4234,#4235);
#3804=AXIS2_PLACEMENT_3D('',#5143,#4236,#4237);
#3805=AXIS2_PLACEMENT_3D('',#5144,#4238,#4239);
#3806=AXIS2_PLACEMENT_3D('',#5146,#4240,#4241);
#3807=AXIS2_PLACEMENT_3D('',#5147,#4242,#4243);
#3808=AXIS2_PLACEMENT_3D('',#5148,#4244,#4245);
#3809=AXIS2_PLACEMENT_3D('',#5150,#4246,#4247);
#3810=AXIS2_PLACEMENT_3D('',#5152,#4249,#4250);
#3811=AXIS2_PLACEMENT_3D('',#5154,#4251,#4252);
#3812=AXIS2_PLACEMENT_3D('',#5156,#4254,#4255);
#3813=AXIS2_PLACEMENT_3D('',#5158,#4256,#4257);
#3814=AXIS2_PLACEMENT_3D('',#5159,#4258,#4259);
#3815=AXIS2_PLACEMENT_3D('',#5160,#4260,#4261);
#3816=AXIS2_PLACEMENT_3D('',#5162,#4262,#4263);
#3817=AXIS2_PLACEMENT_3D('',#5163,#4264,#4265);
#3818=AXIS2_PLACEMENT_3D('',#5164,#4266,#4267);
#3819=AXIS2_PLACEMENT_3D('',#5166,#4268,#4269);
#3820=AXIS2_PLACEMENT_3D('',#5167,#4270,#4271);
#3821=AXIS2_PLACEMENT_3D('',#5168,#4272,#4273);
#3822=AXIS2_PLACEMENT_3D('',#5170,#4274,#4275);
#3823=AXIS2_PLACEMENT_3D('',#5172,#4277,#4278);
#3824=AXIS2_PLACEMENT_3D('',#5173,#4279,#4280);
#3825=AXIS2_PLACEMENT_3D('',#5174,#4281,#4282);
#3826=AXIS2_PLACEMENT_3D('',#5180,#4286,#4287);
#3827=AXIS2_PLACEMENT_3D('',#5186,#4291,#4292);
#3828=AXIS2_PLACEMENT_3D('',#5192,#4296,#4297);
#3829=AXIS2_PLACEMENT_3D('',#5271,#4316,#4317);
#3830=AXIS2_PLACEMENT_3D('',#5420,#4330,#4331);
#3831=AXIS2_PLACEMENT_3D('',#5449,#4346,#4347);
#3832=AXIS2_PLACEMENT_3D('',#5455,#4351,#4352);
#3833=AXIS2_PLACEMENT_3D('',#5459,#4355,#4356);
#3834=AXIS2_PLACEMENT_3D('',#5462,#4359,#4360);
#3835=AXIS2_PLACEMENT_3D('',#5464,#4362,#4363);
#3836=AXIS2_PLACEMENT_3D('',#5466,#4365,#4366);
#3837=AXIS2_PLACEMENT_3D('',#5468,#4368,#4369);
#3838=AXIS2_PLACEMENT_3D('',#5470,#4371,#4372);
#3839=AXIS2_PLACEMENT_3D('',#5472,#4374,#4375);
#3840=AXIS2_PLACEMENT_3D('',#5474,#4377,#4378);
#3841=AXIS2_PLACEMENT_3D('',#5476,#4380,#4381);
#3842=AXIS2_PLACEMENT_3D('',#5478,#4383,#4384);
#3843=AXIS2_PLACEMENT_3D('',#5480,#4386,#4387);
#3844=AXIS2_PLACEMENT_3D('',#5482,#4389,#4390);
#3845=AXIS2_PLACEMENT_3D('',#5483,#4391,#4392);
#3846=AXIS2_PLACEMENT_3D('',#5599,#4402,#4403);
#3847=AXIS2_PLACEMENT_3D('',#5601,#4405,#4406);
#3848=AXIS2_PLACEMENT_3D('',#5603,#4408,#4409);
#3849=AXIS2_PLACEMENT_3D('',#5643,#4415,#4416);
#3850=AXIS2_PLACEMENT_3D('',#5653,#4418,#4419);
#3851=AXIS2_PLACEMENT_3D('',#5659,#4423,#4424);
#3852=AXIS2_PLACEMENT_3D('',#5663,#4427,#4428);
#3853=AXIS2_PLACEMENT_3D('',#5667,#4431,#4432);
#3854=AXIS2_PLACEMENT_3D('',#5743,#4440,#4441);
#3855=AXIS2_PLACEMENT_3D('',#5815,#4448,#4449);
#3856=AXIS2_PLACEMENT_3D('',#5819,#4452,#4453);
#3857=AXIS2_PLACEMENT_3D('',#5821,#4455,#4456);
#3858=AXIS2_PLACEMENT_3D('',#5822,#4457,#4458);
#3859=AXIS2_PLACEMENT_3D('',#5858,#4466,#4467);
#3860=AXIS2_PLACEMENT_3D('',#5860,#4469,#4470);
#3861=AXIS2_PLACEMENT_3D('',#5862,#4472,#4473);
#3862=AXIS2_PLACEMENT_3D('',#5864,#4475,#4476);
#3863=AXIS2_PLACEMENT_3D('',#5875,#4479,#4480);
#3864=AXIS2_PLACEMENT_3D('',#5912,#4484,#4485);
#3865=AXIS2_PLACEMENT_3D('',#6024,#4494,#4495);
#3866=AXIS2_PLACEMENT_3D('',#6091,#4502,#4503);
#3867=AXIS2_PLACEMENT_3D('',#6122,#4507,#4508);
#3868=AXIS2_PLACEMENT_3D('',#6123,#4509,#4510);
#3869=AXIS2_PLACEMENT_3D('',#6124,#4511,#4512);
#3870=AXIS2_PLACEMENT_3D('',#6132,#4517,#4518);
#3871=AXIS2_PLACEMENT_3D('',#6138,#4522,#4523);
#3872=AXIS2_PLACEMENT_3D('',#6143,#4527,#4528);
#3873=AXIS2_PLACEMENT_3D('',#6145,#4530,#4531);
#3874=AXIS2_PLACEMENT_3D('',#6151,#4535,#4536);
#3875=AXIS2_PLACEMENT_3D('',#6157,#4540,#4541);
#3876=AXIS2_PLACEMENT_3D('',#6160,#4544,#4545);
#3877=AXIS2_PLACEMENT_3D('',#6161,#4546,#4547);
#3878=AXIS2_PLACEMENT_3D('',#6170,#4552,#4553);
#3879=AXIS2_PLACEMENT_3D('',#6173,#4556,#4557);
#3880=AXIS2_PLACEMENT_3D('',#6176,#4560,#4561);
#3881=AXIS2_PLACEMENT_3D('',#6177,#4562,#4563);
#3882=AXIS2_PLACEMENT_3D('',#6186,#4568,#4569);
#3883=AXIS2_PLACEMENT_3D('',#6189,#4572,#4573);
#3884=AXIS2_PLACEMENT_3D('',#6192,#4576,#4577);
#3885=AXIS2_PLACEMENT_3D('',#6193,#4578,#4579);
#3886=AXIS2_PLACEMENT_3D('',#6195,#4581,#4582);
#3887=AXIS2_PLACEMENT_3D('',#6199,#4584,#4585);
#3888=AXIS2_PLACEMENT_3D('',#6203,#4587,#4588);
#3889=AXIS2_PLACEMENT_3D('',#6205,#4590,#4591);
#3890=AXIS2_PLACEMENT_3D('',#6207,#4593,#4594);
#3891=AXIS2_PLACEMENT_3D('',#6211,#4596,#4597);
#3892=AXIS2_PLACEMENT_3D('',#6215,#4599,#4600);
#3893=AXIS2_PLACEMENT_3D('',#6217,#4602,#4603);
#3894=AXIS2_PLACEMENT_3D('',#6218,#4604,#4605);
#3895=AXIS2_PLACEMENT_3D('',#6224,#4609,#4610);
#3896=AXIS2_PLACEMENT_3D('',#6228,#4613,#4614);
#3897=AXIS2_PLACEMENT_3D('',#6234,#4618,#4619);
#3898=AXIS2_PLACEMENT_3D('',#6238,#4622,#4623);
#3899=AXIS2_PLACEMENT_3D('',#6244,#4627,#4628);
#3900=AXIS2_PLACEMENT_3D('',#6248,#4631,#4632);
#3901=AXIS2_PLACEMENT_3D('',#6254,#4636,#4637);
#3902=AXIS2_PLACEMENT_3D('',#6258,#4640,#4641);
#3903=AXIS2_PLACEMENT_3D('',#6264,#4645,#4646);
#3904=AXIS2_PLACEMENT_3D('',#6268,#4649,#4650);
#3905=AXIS2_PLACEMENT_3D('',#6272,#4653,#4654);
#3906=AXIS2_PLACEMENT_3D('',#6274,#4656,#4657);
#3907=AXIS2_PLACEMENT_3D('',#6275,#4658,#4659);
#3908=AXIS2_PLACEMENT_3D('',#6279,#4662,#4663);
#3909=AXIS2_PLACEMENT_3D('',#6281,#4665,#4666);
#3910=AXIS2_PLACEMENT_3D('',#6282,#4667,#4668);
#3911=AXIS2_PLACEMENT_3D('',#6286,#4671,#4672);
#3912=AXIS2_PLACEMENT_3D('',#6288,#4674,#4675);
#3913=AXIS2_PLACEMENT_3D('',#6289,#4676,#4677);
#3914=AXIS2_PLACEMENT_3D('',#6293,#4680,#4681);
#3915=AXIS2_PLACEMENT_3D('',#6295,#4683,#4684);
#3916=AXIS2_PLACEMENT_3D('',#6296,#4685,#4686);
#3917=AXIS2_PLACEMENT_3D('',#6300,#4689,#4690);
#3918=AXIS2_PLACEMENT_3D('',#6302,#4692,#4693);
#3919=AXIS2_PLACEMENT_3D('',#6303,#4694,#4695);
#3920=AXIS2_PLACEMENT_3D('',#6305,#4696,#4697);
#3921=AXIS2_PLACEMENT_3D('',#6307,#4698,#4699);
#3922=AXIS2_PLACEMENT_3D('',#6309,#4700,#4701);
#3923=AXIS2_PLACEMENT_3D('',#6310,#4702,#4703);
#3924=AXIS2_PLACEMENT_3D('',#6311,#4704,#4705);
#3925=AXIS2_PLACEMENT_3D('',#6314,#4706,#4707);
#3926=AXIS2_PLACEMENT_3D('',#6316,#4709,#4710);
#3927=AXIS2_PLACEMENT_3D('',#6317,#4711,#4712);
#3928=AXIS2_PLACEMENT_3D('',#6318,#4713,#4714);
#3929=AXIS2_PLACEMENT_3D('',#6320,#4715,#4716);
#3930=AXIS2_PLACEMENT_3D('',#6321,#4717,#4718);
#3931=AXIS2_PLACEMENT_3D('',#6322,#4719,#4720);
#3932=AXIS2_PLACEMENT_3D('',#6335,#4726,#4727);
#3933=AXIS2_PLACEMENT_3D('',#6338,#4729,#4730);
#3934=AXIS2_PLACEMENT_3D('',#6339,#4731,#4732);
#3935=AXIS2_PLACEMENT_3D('',#6343,#4734,#4735);
#3936=AXIS2_PLACEMENT_3D('',#6345,#4737,#4738);
#3937=AXIS2_PLACEMENT_3D('',#6353,#4743,#4744);
#3938=AXIS2_PLACEMENT_3D('',#6354,#4745,#4746);
#3939=AXIS2_PLACEMENT_3D('',#6355,#4747,#4748);
#3940=AXIS2_PLACEMENT_3D('',#6356,#4749,#4750);
#3941=AXIS2_PLACEMENT_3D('',#6358,#4751,#4752);
#3942=AXIS2_PLACEMENT_3D('',#6360,#4753,#4754);
#3943=AXIS2_PLACEMENT_3D('',#6361,#4755,#4756);
#3944=AXIS2_PLACEMENT_3D('',#6362,#4757,#4758);
#3945=AXIS2_PLACEMENT_3D('',#6364,#4759,#4760);
#3946=AXIS2_PLACEMENT_3D('',#6366,#4762,#4763);
#3947=AXIS2_PLACEMENT_3D('',#6369,#4766,#4767);
#3948=AXIS2_PLACEMENT_3D('',#6371,#4768,#4769);
#3949=AXIS2_PLACEMENT_3D('',#6373,#4770,#4771);
#3950=AXIS2_PLACEMENT_3D('',#6374,#4772,#4773);
#3951=AXIS2_PLACEMENT_3D('',#6375,#4774,#4775);
#3952=AXIS2_PLACEMENT_3D('',#6377,#4777,#4778);
#3953=AXIS2_PLACEMENT_3D('',#6380,#4781,#4782);
#3954=AXIS2_PLACEMENT_3D('',#6382,#4783,#4784);
#3955=AXIS2_PLACEMENT_3D('',#6384,#4786,#4787);
#3956=AXIS2_PLACEMENT_3D('',#6385,#4788,#4789);
#3957=AXIS2_PLACEMENT_3D('',#6386,#4790,#4791);
#3958=AXIS2_PLACEMENT_3D('',#6390,#4794,#4795);
#3959=AXIS2_PLACEMENT_3D('',#6392,#4797,#4798);
#3960=AXIS2_PLACEMENT_3D('',#6393,#4799,#4800);
#3961=AXIS2_PLACEMENT_3D('',#6396,#4802,#4803);
#3962=AXIS2_PLACEMENT_3D('',#6397,#4804,#4805);
#3963=AXIS2_PLACEMENT_3D('',#6398,#4806,#4807);
#3964=AXIS2_PLACEMENT_3D('',#6400,#4808,#4809);
#3965=AXIS2_PLACEMENT_3D('',#6403,#4811,#4812);
#3966=AXIS2_PLACEMENT_3D('',#6404,#4813,#4814);
#3967=AXIS2_PLACEMENT_3D('',#6410,#4818,#4819);
#3968=AXIS2_PLACEMENT_3D('',#6411,#4820,#4821);
#3969=AXIS2_PLACEMENT_3D('',#6412,#4822,#4823);
#3970=AXIS2_PLACEMENT_3D('',#6414,#4825,#4826);
#3971=AXIS2_PLACEMENT_3D('',#6415,#4827,#4828);
#3972=AXIS2_PLACEMENT_3D('',#6416,#4829,#4830);
#3973=AXIS2_PLACEMENT_3D('placement',#6417,#4831,#4832);
#3974=AXIS2_PLACEMENT_3D('',#6418,#4833,#4834);
#3975=AXIS2_PLACEMENT_3D('',#6427,#4839,#4840);
#3976=AXIS2_PLACEMENT_3D('',#6433,#4844,#4845);
#3977=AXIS2_PLACEMENT_3D('',#6439,#4849,#4850);
#3978=AXIS2_PLACEMENT_3D('',#6442,#4853,#4854);
#3979=AXIS2_PLACEMENT_3D('',#6443,#4855,#4856);
#3980=AXIS2_PLACEMENT_3D('placement',#6444,#4857,#4858);
#3981=AXIS2_PLACEMENT_3D('',#6445,#4859,#4860);
#3982=AXIS2_PLACEMENT_3D('',#6448,#4861,#4862);
#3983=AXIS2_PLACEMENT_3D('',#6452,#4864,#4865);
#3984=AXIS2_PLACEMENT_3D('',#6454,#4867,#4868);
#3985=AXIS2_PLACEMENT_3D('',#6460,#4872,#4873);
#3986=AXIS2_PLACEMENT_3D('',#6468,#4878,#4879);
#3987=AXIS2_PLACEMENT_3D('',#6472,#4882,#4883);
#3988=AXIS2_PLACEMENT_3D('',#6476,#4886,#4887);
#3989=AXIS2_PLACEMENT_3D('',#6480,#4890,#4891);
#3990=AXIS2_PLACEMENT_3D('',#6482,#4893,#4894);
#3991=AXIS2_PLACEMENT_3D('',#6483,#4895,#4896);
#3992=AXIS2_PLACEMENT_3D('',#6484,#4897,#4898);
#3993=AXIS2_PLACEMENT_3D('',#6485,#4899,#4900);
#3994=AXIS2_PLACEMENT_3D('',#6486,#4901,#4902);
#3995=AXIS2_PLACEMENT_3D('',#6487,#4903,#4904);
#3996=AXIS2_PLACEMENT_3D('',#6488,#4905,#4906);
#3997=DIRECTION('axis',(0.,0.,1.));
#3998=DIRECTION('refdir',(1.,0.,0.));
#3999=DIRECTION('axis',(0.,0.,1.));
#4000=DIRECTION('refdir',(1.,0.,0.));
#4001=DIRECTION('center_axis',(0.408248290463863,-0.40824829046386,-0.816496580927727));
#4002=DIRECTION('ref_axis',(-0.577350269189628,0.577350269189624,-0.577350269189626));
#4003=DIRECTION('center_axis',(2.27738056333365E-16,-1.,0.));
#4004=DIRECTION('ref_axis',(0.,0.,1.));
#4005=DIRECTION('center_axis',(1.,3.46944695195361E-16,9.10018872643571E-17));
#4006=DIRECTION('ref_axis',(0.,0.707106781186549,-0.707106781186546));
#4007=DIRECTION('center_axis',(1.73472347597681E-16,6.01853107621011E-32,
1.));
#4008=DIRECTION('ref_axis',(-0.707106781186545,0.70710678118655,0.));
#4009=DIRECTION('center_axis',(-1.,-3.46944695195361E-16,-9.10018872643571E-17));
#4010=DIRECTION('ref_axis',(0.,0.707106781186548,-0.707106781186548));
#4011=DIRECTION('',(-1.,-2.27738056333365E-16,-9.10018872643571E-17));
#4012=DIRECTION('',(1.,3.46944695195361E-16,9.10018872643571E-17));
#4013=DIRECTION('',(-1.,-2.27738056333365E-16,-9.10018872643571E-17));
#4014=DIRECTION('',(1.,3.46944695195361E-16,9.10018872643571E-17));
#4015=DIRECTION('',(-1.,-2.27738056333365E-16,-9.10018872643571E-17));
#4016=DIRECTION('center_axis',(-1.,-3.46944695195361E-16,-9.10018872643571E-17));
#4017=DIRECTION('ref_axis',(0.,0.707106781186549,-0.707106781186546));
#4018=DIRECTION('',(-1.,-3.46944695195361E-16,-9.10018872643571E-17));
#4019=DIRECTION('center_axis',(-0.816496580927733,-0.408248290463861,-0.408248290463852));
#4020=DIRECTION('ref_axis',(-0.577350269189618,0.577350269189639,0.577350269189621));
#4021=DIRECTION('center_axis',(2.27738056333365E-16,-1.,0.));
#4022=DIRECTION('ref_axis',(0.,0.,1.));
#4023=DIRECTION('center_axis',(-1.73472347597681E-16,-6.01853107621011E-32,
-1.));
#4024=DIRECTION('ref_axis',(-0.707106781186545,0.70710678118655,0.));
#4025=DIRECTION('center_axis',(1.,3.46944695195361E-16,0.));
#4026=DIRECTION('ref_axis',(0.,0.707106781186547,0.707106781186547));
#4027=DIRECTION('center_axis',(1.73472347597681E-16,6.01853107621011E-32,
1.));
#4028=DIRECTION('ref_axis',(-0.707106781186547,0.707106781186548,0.));
#4029=DIRECTION('',(1.73472347597681E-16,6.01853107621011E-32,1.));
#4030=DIRECTION('',(1.73472347597681E-16,3.95062552694818E-32,1.));
#4031=DIRECTION('center_axis',(0.408248290463863,-0.816496580927726,0.408248290463863));
#4032=DIRECTION('ref_axis',(0.577350269189626,0.577350269189626,0.577350269189626));
#4033=DIRECTION('center_axis',(2.27738056333365E-16,-1.,0.));
#4034=DIRECTION('ref_axis',(0.,0.,1.));
#4035=DIRECTION('center_axis',(-1.,-3.46944695195361E-16,0.));
#4036=DIRECTION('ref_axis',(0.,0.707106781186547,0.707106781186547));
#4037=DIRECTION('center_axis',(0.,0.,-1.));
#4038=DIRECTION('ref_axis',(0.707106781186547,0.707106781186547,0.));
#4039=DIRECTION('center_axis',(1.,3.46944695195361E-16,0.));
#4040=DIRECTION('ref_axis',(0.,0.707106781186548,0.707106781186548));
#4041=DIRECTION('',(1.,3.46944695195361E-16,0.));
#4042=DIRECTION('',(1.,2.27738056333365E-16,0.));
#4043=DIRECTION('',(-1.,-3.46944695195361E-16,0.));
#4044=DIRECTION('',(1.,2.27738056333365E-16,0.));
#4045=DIRECTION('',(-1.,-3.46944695195361E-16,0.));
#4046=DIRECTION('',(1.,2.27738056333365E-16,0.));
#4047=DIRECTION('center_axis',(0.408248290463857,-0.816496580927733,-0.408248290463855));
#4048=DIRECTION('ref_axis',(0.577350269189623,0.577350269189623,-0.577350269189631));
#4049=DIRECTION('center_axis',(2.27738056333365E-16,-1.,0.));
#4050=DIRECTION('ref_axis',(0.,0.,1.));
#4051=DIRECTION('center_axis',(0.,0.,1.));
#4052=DIRECTION('ref_axis',(0.707106781186547,0.707106781186547,0.));
#4053=DIRECTION('center_axis',(0.,0.,-1.));
#4054=DIRECTION('ref_axis',(0.707106781186548,0.707106781186548,0.));
#4055=DIRECTION('',(0.,0.,-1.));
#4056=DIRECTION('',(0.,0.,-1.));
#4057=DIRECTION('center_axis',(2.22044604925031E-16,-1.,0.));
#4058=DIRECTION('ref_axis',(0.885315640765362,0.,-0.464990554975278));
#4059=DIRECTION('center_axis',(-0.82332682225556,0.,-0.567567567567565));
#4060=DIRECTION('ref_axis',(-0.549544934259159,0.249999999999994,0.797182767770416));
#4061=DIRECTION('center_axis',(2.22044604925031E-16,-1.,0.));
#4062=DIRECTION('ref_axis',(-0.885315640765363,-2.00069263567715E-16,0.464990554975276));
#4063=DIRECTION('center_axis',(-2.86658352329952E-15,0.,1.));
#4064=DIRECTION('ref_axis',(0.,1.,0.));
#4065=DIRECTION('center_axis',(-2.22044604925031E-16,1.,0.));
#4066=DIRECTION('ref_axis',(0.885315640765363,0.,-0.464990554975275));
#4067=DIRECTION('center_axis',(2.22044604925031E-16,-1.,0.));
#4068=DIRECTION('ref_axis',(-0.567567567567568,0.,0.823326822255557));
#4069=DIRECTION('center_axis',(-0.823326822255558,1.57531645386002E-15,
0.567567567567567));
#4070=DIRECTION('ref_axis',(0.549544934259161,0.249999999999995,0.797182767770414));
#4071=DIRECTION('center_axis',(2.22044604925031E-16,-1.,0.));
#4072=DIRECTION('ref_axis',(-0.567567567567568,-1.22756797473763E-16,0.823326822255557));
#4073=DIRECTION('center_axis',(-2.22044604925031E-16,1.,0.));
#4074=DIRECTION('ref_axis',(-0.659574468085106,0.,-0.7516392226662));
#4075=DIRECTION('center_axis',(0.,0.,-1.));
#4076=DIRECTION('ref_axis',(-0.968245836551855,0.249999999999996,0.));
#4077=DIRECTION('center_axis',(3.43990022795944E-14,-4.44089209850062E-14,
1.));
#4078=DIRECTION('ref_axis',(0.,1.,4.44089209850062E-14));
#4079=DIRECTION('',(0.,0.,-1.));
#4080=DIRECTION('',(0.,0.,1.));
#4081=DIRECTION('center_axis',(2.22044604925031E-16,-1.,0.));
#4082=DIRECTION('ref_axis',(0.567567567567569,0.,0.823326822255557));
#4083=DIRECTION('center_axis',(-1.43329176164966E-15,5.55111512312578E-15,
1.));
#4084=DIRECTION('ref_axis',(0.968245836551858,0.249999999999985,0.));
#4085=DIRECTION('center_axis',(2.22044604925031E-16,-1.,0.));
#4086=DIRECTION('ref_axis',(0.567567567567568,1.50051947675786E-16,0.823326822255557));
#4087=DIRECTION('center_axis',(-2.22044604925031E-16,1.,0.));
#4088=DIRECTION('ref_axis',(-0.885315640765362,0.,-0.464990554975278));
#4089=DIRECTION('center_axis',(2.22044604925031E-16,-1.,0.));
#4090=DIRECTION('ref_axis',(-1.,0.,1.1926538317581E-14));
#4091=DIRECTION('center_axis',(-0.82332682225556,6.30126581544004E-15,0.567567567567565));
#4092=DIRECTION('ref_axis',(0.,1.,-1.11022302462516E-14));
#4093=DIRECTION('center_axis',(-2.22044604925031E-16,1.,0.));
#4094=DIRECTION('ref_axis',(0.885315640765362,0.,0.464990554975277));
#4095=DIRECTION('center_axis',(2.22044604925031E-16,-1.,0.));
#4096=DIRECTION('ref_axis',(-1.,-2.00069263567715E-16,1.28044328683338E-14));
#4097=DIRECTION('center_axis',(-2.73026776166701E-16,-9.47251916373281E-32,
1.));
#4098=DIRECTION('ref_axis',(0.968245836551859,0.249999999999983,0.));
#4099=DIRECTION('center_axis',(7.73977551290877E-14,9.9920072216264E-14,
1.));
#4100=DIRECTION('ref_axis',(0.968245836551859,0.249999999999983,-9.99200722162637E-14));
#4101=DIRECTION('',(2.73026776166701E-16,9.47251916373281E-32,-1.));
#4102=DIRECTION('',(-2.73026776166701E-16,-6.062412264789E-32,1.));
#4103=DIRECTION('center_axis',(2.22044604925031E-16,-1.,0.));
#4104=DIRECTION('ref_axis',(-0.567567567567568,0.,-0.823326822255558));
#4105=DIRECTION('center_axis',(-0.823326822255552,0.,-0.567567567567577));
#4106=DIRECTION('ref_axis',(0.,1.,0.));
#4107=DIRECTION('center_axis',(-2.22044604925031E-16,1.,0.));
#4108=DIRECTION('ref_axis',(0.659574468085107,0.,0.751639222666199));
#4109=DIRECTION('center_axis',(2.22044604925031E-16,-1.,0.));
#4110=DIRECTION('ref_axis',(-0.567567567567568,-1.22756797473763E-16,-0.823326822255557));
#4111=DIRECTION('center_axis',(2.22044604925031E-16,-1.,0.));
#4112=DIRECTION('ref_axis',(1.,0.,-2.78285894076891E-14));
#4113=DIRECTION('center_axis',(2.22044604925031E-16,-1.,0.));
#4114=DIRECTION('ref_axis',(1.,2.00069263567715E-16,-2.8809973953751E-14));
#4115=DIRECTION('center_axis',(-2.22044604925031E-16,1.,0.));
#4116=DIRECTION('ref_axis',(-0.885315640765362,0.,0.464990554975277));
#4117=DIRECTION('center_axis',(-3.46944695195361E-16,1.,0.));
#4118=DIRECTION('ref_axis',(0.,0.,1.));
#4119=DIRECTION('center_axis',(1.11022302462516E-16,-1.,0.));
#4120=DIRECTION('ref_axis',(-0.707106781186547,-1.00034631783858E-16,0.707106781186548));
#4121=DIRECTION('',(1.,3.46944695195361E-16,3.30844717064843E-16));
#4122=DIRECTION('center_axis',(1.11022302462516E-16,-1.,0.));
#4123=DIRECTION('ref_axis',(3.23311929925428E-15,0.,1.));
#4124=DIRECTION('',(0.753188716645408,2.61314829721126E-16,-0.657804497642));
#4125=DIRECTION('center_axis',(-1.11022302462516E-16,1.,0.));
#4126=DIRECTION('ref_axis',(-0.657804497642,-1.13250775964712E-16,-0.753188716645408));
#4127=DIRECTION('',(1.,3.46944695195361E-16,0.));
#4128=DIRECTION('center_axis',(1.11022302462516E-16,-1.,0.));
#4129=DIRECTION('ref_axis',(4.03339635352514E-15,0.,1.));
#4130=DIRECTION('',(-6.09493869364693E-16,-2.11460664730175E-31,-1.));
#4131=DIRECTION('center_axis',(1.11022302462516E-16,-1.,0.));
#4132=DIRECTION('ref_axis',(1.,1.00034631783858E-16,0.));
#4133=DIRECTION('center_axis',(-1.11022302462516E-16,1.,0.));
#4134=DIRECTION('ref_axis',(-0.904869395895822,-9.6273909582283E-17,0.425689295579687));
#4135=DIRECTION('center_axis',(1.11022302462516E-16,-1.,0.));
#4136=DIRECTION('ref_axis',(0.904869395895822,1.00034631783858E-16,0.425689295579687));
#4137=DIRECTION('',(1.01582311560782E-16,3.52434441216958E-32,-1.));
#4138=DIRECTION('center_axis',(1.11022302462516E-16,-1.,0.));
#4139=DIRECTION('ref_axis',(3.23311929925427E-15,0.,-1.));
#4140=DIRECTION('',(-1.,-3.46944695195361E-16,-1.00892608256953E-15));
#4141=DIRECTION('center_axis',(-1.11022302462516E-16,1.,0.));
#4142=DIRECTION('ref_axis',(-0.657804497642006,-1.13250775964712E-16,0.753188716645403));
#4143=DIRECTION('',(-0.753188716645408,-2.61314829721126E-16,-0.657804497641999));
#4144=DIRECTION('center_axis',(1.11022302462516E-16,-1.,0.));
#4145=DIRECTION('ref_axis',(-1.56854302637089E-15,0.,-1.));
#4146=DIRECTION('',(-1.,-3.46944695195361E-16,0.));
#4147=DIRECTION('center_axis',(1.11022302462516E-16,-1.,0.));
#4148=DIRECTION('ref_axis',(-1.,-1.00034631783857E-16,6.40221643416688E-15));
#4149=DIRECTION('',(0.,0.,1.));
#4150=DIRECTION('',(4.44089209850062E-15,1.54074395550979E-30,1.));
#4151=DIRECTION('',(1.,3.46944695195361E-16,0.));
#4152=DIRECTION('',(0.,0.,-1.));
#4153=DIRECTION('',(-1.,-3.46944695195361E-16,0.));
#4154=DIRECTION('',(1.99840144432528E-14,6.93334779979404E-30,1.));
#4155=DIRECTION('',(1.,3.46944695195361E-16,0.));
#4156=DIRECTION('',(2.1094237467878E-14,7.31853378867148E-30,-1.));
#4157=DIRECTION('',(-1.,-3.46944695195361E-16,0.));
#4158=DIRECTION('',(0.,0.,1.));
#4159=DIRECTION('',(1.,3.46944695195361E-16,5.55111512312578E-16));
#4160=DIRECTION('',(1.11022302462516E-15,3.85185988877447E-31,-1.));
#4161=DIRECTION('',(-1.,-3.46944695195361E-16,-5.55111512312577E-16));
#4162=DIRECTION('',(0.,0.,1.));
#4163=DIRECTION('',(1.,3.46944695195361E-16,0.));
#4164=DIRECTION('',(0.,0.,-1.));
#4165=DIRECTION('',(-1.,-3.46944695195361E-16,0.));
#4166=DIRECTION('',(0.,0.,1.));
#4167=DIRECTION('',(1.,3.46944695195361E-16,2.22044604925031E-15));
#4168=DIRECTION('',(0.,0.,-1.));
#4169=DIRECTION('',(-1.,-3.46944695195361E-16,2.22044604925031E-15));
#4170=DIRECTION('center_axis',(1.11022302462516E-16,-1.,0.));
#4171=DIRECTION('ref_axis',(0.707106781186547,0.,-0.707106781186548));
#4172=DIRECTION('center_axis',(-1.,0.,0.));
#4173=DIRECTION('ref_axis',(0.,0.250000000000005,0.968245836551853));
#4174=DIRECTION('center_axis',(-2.1499376424746E-15,2.77555756156289E-15,
1.));
#4175=DIRECTION('ref_axis',(0.,1.,-2.77555756156289E-15));
#4176=DIRECTION('center_axis',(-1.11022302462516E-16,1.,0.));
#4177=DIRECTION('ref_axis',(0.707106781186547,0.,-0.707106781186548));
#4178=DIRECTION('center_axis',(-1.,-3.46944695195361E-16,-3.30844717064843E-16));
#4179=DIRECTION('ref_axis',(0.,0.250000000000006,0.968245836551853));
#4180=DIRECTION('center_axis',(-1.,1.11022302462516E-14,8.59975056989833E-15));
#4181=DIRECTION('ref_axis',(1.11022302462515E-14,0.250000000000016,0.96824583655185));
#4182=DIRECTION('',(-1.,-1.11022302462516E-16,-3.30844717064843E-16));
#4183=DIRECTION('center_axis',(0.,0.,-1.));
#4184=DIRECTION('ref_axis',(-0.968245836551853,0.250000000000006,0.));
#4185=DIRECTION('center_axis',(1.7199501139797E-14,-2.22044604925031E-14,
1.));
#4186=DIRECTION('ref_axis',(0.,1.,2.22044604925031E-14));
#4187=DIRECTION('',(0.,0.,-1.));
#4188=DIRECTION('center_axis',(1.11022302462516E-16,-1.,0.));
#4189=DIRECTION('ref_axis',(2.98163457939525E-15,0.,1.));
#4190=DIRECTION('center_axis',(-0.753188716645406,0.,0.657804497642001));
#4191=DIRECTION('ref_axis',(0.636916466106951,0.250000000000008,0.729271839029748));
#4192=DIRECTION('center_axis',(-1.11022302462516E-16,1.,0.));
#4193=DIRECTION('ref_axis',(-0.351291391407898,0.,-0.936266179204773));
#4194=DIRECTION('center_axis',(1.11022302462516E-16,-1.,0.));
#4195=DIRECTION('ref_axis',(-1.,0.,5.96326915879051E-15));
#4196=DIRECTION('center_axis',(-1.,0.,1.14663340931979E-14));
#4197=DIRECTION('ref_axis',(0.,1.,0.));
#4198=DIRECTION('center_axis',(-1.11022302462516E-16,1.,0.));
#4199=DIRECTION('ref_axis',(0.707106781186551,0.,0.707106781186544));
#4200=DIRECTION('center_axis',(-0.753188716645408,-2.61314829721126E-16,
0.657804497642));
#4201=DIRECTION('ref_axis',(0.636916466106949,0.250000000000006,0.729271839029749));
#4202=DIRECTION('center_axis',(-0.753188716645408,0.,0.657804497641999));
#4203=DIRECTION('ref_axis',(0.636916466106949,0.250000000000006,0.729271839029749));
#4204=DIRECTION('',(-0.753188716645408,-8.36207455107605E-17,0.657804497642));
#4205=DIRECTION('center_axis',(1.,3.46944695195361E-16,0.));
#4206=DIRECTION('ref_axis',(0.,0.250000000000006,-0.968245836551853));
#4207=DIRECTION('center_axis',(-1.,-5.55111512312578E-15,4.29987528494924E-15));
#4208=DIRECTION('ref_axis',(-5.55111512312578E-15,1.,0.));
#4209=DIRECTION('',(1.,1.11022302462516E-16,0.));
#4210=DIRECTION('center_axis',(1.11022302462516E-16,-1.,0.));
#4211=DIRECTION('ref_axis',(-0.657804497642,0.,-0.753188716645408));
#4212=DIRECTION('center_axis',(-1.,0.,0.));
#4213=DIRECTION('ref_axis',(0.,0.250000000000017,0.96824583655185));
#4214=DIRECTION('center_axis',(1.11022302462516E-16,-1.,0.));
#4215=DIRECTION('ref_axis',(0.351291391407897,0.,0.936266179204773));
#4216=DIRECTION('center_axis',(1.11022302462516E-16,-1.,0.));
#4217=DIRECTION('ref_axis',(-9.93878193131752E-16,0.,-1.));
#4218=DIRECTION('center_axis',(-0.753188716645404,0.,-0.657804497642004));
#4219=DIRECTION('ref_axis',(0.,1.,0.));
#4220=DIRECTION('center_axis',(-1.11022302462516E-16,1.,0.));
#4221=DIRECTION('ref_axis',(-0.351291391407895,0.,0.936266179204774));
#4222=DIRECTION('center_axis',(-1.,-3.46944695195361E-16,0.));
#4223=DIRECTION('ref_axis',(0.,0.250000000000017,0.96824583655185));
#4224=DIRECTION('center_axis',(-1.,1.38777878078144E-14,1.07496882123728E-14));
#4225=DIRECTION('ref_axis',(1.38777878078144E-14,0.250000000000027,0.968245836551847));
#4226=DIRECTION('',(-1.,-1.11022302462516E-16,0.));
#4227=DIRECTION('center_axis',(0.753188716645408,2.61314829721126E-16,0.657804497641999));
#4228=DIRECTION('ref_axis',(0.636916466106946,0.250000000000005,-0.729271839029752));
#4229=DIRECTION('center_axis',(-0.753188716645416,-1.35746529031483E-14,
-0.65780449764199));
#4230=DIRECTION('ref_axis',(-8.32667268468867E-15,1.,-1.11022302462516E-14));
#4231=DIRECTION('',(0.753188716645408,8.36207455107605E-17,0.657804497641999));
#4232=DIRECTION('center_axis',(1.11022302462516E-16,-1.,0.));
#4233=DIRECTION('ref_axis',(3.97551277252701E-15,0.,1.));
#4234=DIRECTION('center_axis',(0.,0.,1.));
#4235=DIRECTION('ref_axis',(0.96824583655185,0.250000000000017,0.));
#4236=DIRECTION('center_axis',(-1.11022302462516E-16,1.,0.));
#4237=DIRECTION('ref_axis',(-0.707106781186548,0.,-0.707106781186547));
#4238=DIRECTION('center_axis',(1.11022302462516E-16,-1.,0.));
#4239=DIRECTION('ref_axis',(-0.657804497642005,0.,0.753188716645403));
#4240=DIRECTION('center_axis',(-1.,0.,0.));
#4241=DIRECTION('ref_axis',(0.,1.,0.));
#4242=DIRECTION('center_axis',(1.11022302462516E-16,-1.,0.));
#4243=DIRECTION('ref_axis',(0.351291391407898,0.,-0.936266179204773));
#4244=DIRECTION('center_axis',(6.09493869364693E-16,2.11460664730175E-31,
1.));
#4245=DIRECTION('ref_axis',(0.96824583655185,0.250000000000017,0.));
#4246=DIRECTION('center_axis',(0.,0.,1.));
#4247=DIRECTION('ref_axis',(0.96824583655185,0.250000000000017,0.));
#4248=DIRECTION('',(6.09493869364693E-16,6.76674127136559E-32,1.));
#4249=DIRECTION('center_axis',(1.,3.46944695195361E-16,1.00892608256953E-15));
#4250=DIRECTION('ref_axis',(0.,0.250000000000017,-0.96824583655185));
#4251=DIRECTION('center_axis',(-1.,8.32667268468867E-15,-6.44981292742377E-15));
#4252=DIRECTION('ref_axis',(8.32667268468867E-15,1.,0.));
#4253=DIRECTION('',(1.,1.11022302462516E-16,1.00892608256953E-15));
#4254=DIRECTION('center_axis',(1.11022302462516E-16,-1.,0.));
#4255=DIRECTION('ref_axis',(1.,0.,0.));
#4256=DIRECTION('center_axis',(0.425689295579687,0.,0.904869395895822));
#4257=DIRECTION('ref_axis',(0.876136025199318,0.250000000000015,-0.412171888109722));
#4258=DIRECTION('center_axis',(-1.11022302462516E-16,1.,0.));
#4259=DIRECTION('ref_axis',(-0.97592760896898,0.,0.218094708904388));
#4260=DIRECTION('center_axis',(1.11022302462516E-16,-1.,0.));
#4261=DIRECTION('ref_axis',(2.98163457939526E-15,0.,-1.));
#4262=DIRECTION('center_axis',(0.,0.,-1.));
#4263=DIRECTION('ref_axis',(-2.77555756156289E-15,1.,0.));
#4264=DIRECTION('center_axis',(-1.11022302462516E-16,1.,0.));
#4265=DIRECTION('ref_axis',(-0.707106781186546,0.,0.707106781186549));
#4266=DIRECTION('center_axis',(1.11022302462516E-16,-1.,0.));
#4267=DIRECTION('ref_axis',(-0.904869395895822,0.,0.425689295579687));
#4268=DIRECTION('center_axis',(-0.425689295579686,0.,0.904869395895822));
#4269=DIRECTION('ref_axis',(0.876136025199315,0.250000000000028,0.412171888109719));
#4270=DIRECTION('center_axis',(1.11022302462516E-16,-1.,0.));
#4271=DIRECTION('ref_axis',(0.893429232315001,0.,-0.449203970201765));
#4272=DIRECTION('center_axis',(-1.01582311560782E-16,-3.52434441216958E-32,
1.));
#4273=DIRECTION('ref_axis',(0.96824583655185,0.250000000000017,0.));
#4274=DIRECTION('center_axis',(0.,0.,-1.));
#4275=DIRECTION('ref_axis',(0.,1.,0.));
#4276=DIRECTION('',(-1.01582311560782E-16,-1.12779021189427E-32,1.));
#4277=DIRECTION('center_axis',(1.11022302462516E-16,-1.,0.));
#4278=DIRECTION('ref_axis',(0.904869395895822,0.,0.425689295579688));
#4279=DIRECTION('center_axis',(-1.11022302462516E-16,1.,0.));
#4280=DIRECTION('ref_axis',(-0.975927608968981,0.,-0.218094708904386));
#4281=DIRECTION('center_axis',(9.10018872643571E-17,3.1572622039135E-32,
-1.));
#4282=DIRECTION('ref_axis',(-1.,-2.27738056333365E-16,-9.10018872643571E-17));
#4283=DIRECTION('',(0.,-1.,0.));
#4284=DIRECTION('',(-1.,-2.27738056333365E-16,1.23908819712629E-16));
#4285=DIRECTION('',(0.,-1.,0.));
#4286=DIRECTION('center_axis',(0.,0.,1.));
#4287=DIRECTION('ref_axis',(1.,2.27738056333365E-16,0.));
#4288=DIRECTION('',(0.,-1.,0.));
#4289=DIRECTION('',(1.,2.27738056333365E-16,7.93016446160825E-16));
#4290=DIRECTION('',(0.,-1.,0.));
#4291=DIRECTION('center_axis',(0.,0.,1.));
#4292=DIRECTION('ref_axis',(1.,2.27738056333365E-16,0.));
#4293=DIRECTION('',(0.,-1.,0.));
#4294=DIRECTION('',(1.,2.27738056333366E-16,0.));
#4295=DIRECTION('',(0.,-1.,0.));
#4296=DIRECTION('center_axis',(2.22044604925031E-16,-1.,0.));
#4297=DIRECTION('ref_axis',(0.,0.,-1.));
#4298=DIRECTION('',(-1.,-2.22044604925031E-16,0.));
#4299=DIRECTION('',(0.,0.,1.));
#4300=DIRECTION('',(1.,2.22044604925031E-16,0.));
#4301=DIRECTION('',(0.197722501107636,4.3903214643234E-17,0.980258033660393));
#4302=DIRECTION('',(-0.996586307440646,-2.21286612909354E-16,-0.0825574455868046));
#4303=DIRECTION('',(0.991342203187438,2.20122187852265E-16,-0.131303603071187));
#4304=DIRECTION('',(-0.185168776217388,-4.11157277596415E-17,-0.982706733626139));
#4305=DIRECTION('',(-1.,-2.22044604925031E-16,0.));
#4306=DIRECTION('',(0.,0.,1.));
#4307=DIRECTION('',(-1.,-2.22044604925031E-16,0.));
#4308=DIRECTION('',(0.,0.,1.));
#4309=DIRECTION('',(1.,2.22044604925031E-16,0.));
#4310=DIRECTION('',(0.,0.,1.));
#4311=DIRECTION('',(1.,2.22044604925031E-16,0.));
#4312=DIRECTION('',(0.,0.,-1.));
#4313=DIRECTION('',(1.,2.22044604925031E-16,0.));
#4314=DIRECTION('',(0.,0.,-1.));
#4315=DIRECTION('',(-0.575398064607993,-1.27764035930509E-16,-0.81787350320534));
#4316=DIRECTION('center_axis',(1.11022302462516E-16,-1.,0.));
#4317=DIRECTION('ref_axis',(0.,0.,-1.));
#4318=DIRECTION('',(0.994797022963534,1.10444655972268E-16,-0.101876803556505));
#4319=DIRECTION('',(-1.,-1.11022302462516E-16,0.));
#4320=DIRECTION('',(0.,0.,1.));
#4321=DIRECTION('',(1.,1.11022302462516E-16,0.));
#4322=DIRECTION('',(0.,0.,-1.));
#4323=DIRECTION('',(-1.,-1.11022302462516E-16,0.));
#4324=DIRECTION('',(0.,0.,1.));
#4325=DIRECTION('',(1.,1.11022302462516E-16,0.));
#4326=DIRECTION('',(0.,0.,-1.));
#4327=DIRECTION('',(0.984162001364296,1.09263931387582E-16,-0.177271416394811));
#4328=DIRECTION('',(-0.991600411186222,-1.10089760772672E-16,-0.129339184067765));
#4329=DIRECTION('',(-0.119700502142591,-1.32894253537897E-17,-0.992810047182648));
#4330=DIRECTION('center_axis',(2.22044604925031E-16,-1.,0.));
#4331=DIRECTION('ref_axis',(0.,0.,-1.));
#4332=DIRECTION('',(-1.,-2.22044604925031E-16,0.));
#4333=DIRECTION('',(0.,0.,-1.));
#4334=DIRECTION('',(-1.,-2.22044604925031E-16,0.));
#4335=DIRECTION('',(0.,0.,-1.));
#4336=DIRECTION('',(1.,2.22044604925031E-16,0.));
#4337=DIRECTION('',(0.,0.,-1.));
#4338=DIRECTION('',(1.,2.22044604925031E-16,0.));
#4339=DIRECTION('',(0.575398064607993,1.27764035930509E-16,0.81787350320534));
#4340=DIRECTION('',(0.,0.,1.));
#4341=DIRECTION('',(-1.,-2.22044604925031E-16,0.));
#4342=DIRECTION('',(0.,0.,1.));
#4343=DIRECTION('',(-0.570291791250504,-1.26630215480207E-16,-0.821442190803644));
#4344=DIRECTION('',(0.,0.,1.));
#4345=DIRECTION('',(1.,2.22044604925031E-16,0.));
#4346=DIRECTION('center_axis',(0.,0.,1.));
#4347=DIRECTION('ref_axis',(1.,0.,0.));
#4348=DIRECTION('',(-1.,-2.22044604925031E-16,0.));
#4349=DIRECTION('',(-2.18591419516795E-16,1.,0.));
#4350=DIRECTION('',(-2.18591419516795E-16,1.,0.));
#4351=DIRECTION('center_axis',(0.821442190803644,1.79560214538754E-16,-0.570291791250504));
#4352=DIRECTION('ref_axis',(-0.570291791250504,0.,-0.821442190803644));
#4353=DIRECTION('',(0.570291791250504,1.26630215480207E-16,0.821442190803644));
#4354=DIRECTION('',(-2.18591419516795E-16,1.,0.));
#4355=DIRECTION('center_axis',(0.,0.,-1.));
#4356=DIRECTION('ref_axis',(-1.,0.,0.));
#4357=DIRECTION('',(-2.18591419516795E-16,1.,0.));
#4358=DIRECTION('',(-2.18591419516795E-16,1.,0.));
#4359=DIRECTION('center_axis',(0.817873503205341,1.78780130050829E-16,-0.575398064607993));
#4360=DIRECTION('ref_axis',(-0.575398064607993,0.,-0.81787350320534));
#4361=DIRECTION('',(-2.18591419516795E-16,1.,0.));
#4362=DIRECTION('center_axis',(1.,2.18591419516795E-16,0.));
#4363=DIRECTION('ref_axis',(0.,0.,-1.));
#4364=DIRECTION('',(-2.18591419516795E-16,1.,0.));
#4365=DIRECTION('center_axis',(0.,0.,1.));
#4366=DIRECTION('ref_axis',(1.,0.,0.));
#4367=DIRECTION('',(-2.18591419516795E-16,1.,0.));
#4368=DIRECTION('center_axis',(1.,2.18591419516795E-16,0.));
#4369=DIRECTION('ref_axis',(0.,0.,-1.));
#4370=DIRECTION('',(-2.18591419516795E-16,1.,0.));
#4371=DIRECTION('center_axis',(0.,0.,1.));
#4372=DIRECTION('ref_axis',(1.,0.,0.));
#4373=DIRECTION('',(-2.18591419516795E-16,1.,0.));
#4374=DIRECTION('center_axis',(-1.,-2.18591419516795E-16,0.));
#4375=DIRECTION('ref_axis',(0.,0.,1.));
#4376=DIRECTION('',(0.,0.,-1.));
#4377=DIRECTION('center_axis',(-1.,-2.18591419516795E-16,0.));
#4378=DIRECTION('ref_axis',(0.,0.,1.));
#4379=DIRECTION('',(-2.18591419516795E-16,1.,0.));
#4380=DIRECTION('center_axis',(0.,0.,1.));
#4381=DIRECTION('ref_axis',(1.,0.,0.));
#4382=DIRECTION('',(-2.18591419516795E-16,1.,0.));
#4383=DIRECTION('center_axis',(-1.,-2.18591419516795E-16,0.));
#4384=DIRECTION('ref_axis',(0.,0.,1.));
#4385=DIRECTION('',(-2.18591419516795E-16,1.,0.));
#4386=DIRECTION('center_axis',(0.,0.,-1.));
#4387=DIRECTION('ref_axis',(-1.,0.,0.));
#4388=DIRECTION('',(-2.18591419516795E-16,1.,0.));
#4389=DIRECTION('center_axis',(-1.,-2.18591419516795E-16,0.));
#4390=DIRECTION('ref_axis',(0.,0.,1.));
#4391=DIRECTION('center_axis',(2.22044604925031E-16,-1.,0.));
#4392=DIRECTION('ref_axis',(0.,0.,-1.));
#4393=DIRECTION('',(1.,2.22044604925031E-16,0.));
#4394=DIRECTION('',(-0.994797022963534,-2.20889311944535E-16,0.101876803556505));
#4395=DIRECTION('',(-1.,-2.22044604925031E-16,0.));
#4396=DIRECTION('',(0.,0.,-1.));
#4397=DIRECTION('',(-2.27699395329995E-16,1.,0.));
#4398=DIRECTION('',(-2.27699395329995E-16,1.,0.));
#4399=DIRECTION('',(-2.27699395329995E-16,1.,0.));
#4400=DIRECTION('',(-2.27699395329995E-16,1.,0.));
#4401=DIRECTION('',(-2.27699395329995E-16,1.,0.));
#4402=DIRECTION('center_axis',(0.,0.,1.));
#4403=DIRECTION('ref_axis',(1.,0.,0.));
#4404=DIRECTION('',(-2.27699395329995E-16,1.,0.));
#4405=DIRECTION('center_axis',(-1.,-2.27699395329995E-16,0.));
#4406=DIRECTION('ref_axis',(0.,0.,1.));
#4407=DIRECTION('',(-2.27699395329995E-16,1.,0.));
#4408=DIRECTION('center_axis',(0.,0.,-1.));
#4409=DIRECTION('ref_axis',(-1.,0.,0.));
#4410=DIRECTION('',(-2.27699395329995E-16,1.,0.));
#4411=DIRECTION('',(-2.27699395329995E-16,1.,0.));
#4412=DIRECTION('',(-2.27699395329995E-16,1.,0.));
#4413=DIRECTION('',(-2.27699395329995E-16,1.,0.));
#4414=DIRECTION('',(-2.27699395329995E-16,1.,0.));
#4415=DIRECTION('center_axis',(0.101876803556505,2.31972865679688E-17,0.994797022963534));
#4416=DIRECTION('ref_axis',(0.994797022963534,0.,-0.101876803556505));
#4417=DIRECTION('',(-2.27699395329995E-16,1.,0.));
#4418=DIRECTION('center_axis',(0.,0.,-1.));
#4419=DIRECTION('ref_axis',(-1.,0.,0.));
#4420=DIRECTION('',(-2.18591419516795E-16,1.,0.));
#4421=DIRECTION('',(1.,2.22044604925031E-16,0.));
#4422=DIRECTION('',(-2.18591419516795E-16,1.,0.));
#4423=DIRECTION('center_axis',(-1.,-2.18591419516795E-16,0.));
#4424=DIRECTION('ref_axis',(0.,0.,1.));
#4425=DIRECTION('',(0.,0.,-1.));
#4426=DIRECTION('',(-2.18591419516795E-16,1.,0.));
#4427=DIRECTION('center_axis',(0.,0.,1.));
#4428=DIRECTION('ref_axis',(1.,0.,0.));
#4429=DIRECTION('',(-1.,-2.22044604925031E-16,0.));
#4430=DIRECTION('',(-2.18591419516795E-16,1.,0.));
#4431=DIRECTION('center_axis',(-0.980258033660393,-2.14275995070567E-16,
0.197722501107636));
#4432=DIRECTION('ref_axis',(0.197722501107636,0.,0.980258033660393));
#4433=DIRECTION('',(-0.197722501107636,-4.3903214643234E-17,-0.980258033660393));
#4434=DIRECTION('',(-2.18591419516795E-16,1.,0.));
#4435=DIRECTION('',(-2.18591419516795E-16,1.,0.));
#4436=DIRECTION('',(-2.18591419516795E-16,1.,0.));
#4437=DIRECTION('',(-2.18591419516795E-16,1.,0.));
#4438=DIRECTION('',(-2.18591419516795E-16,1.,0.));
#4439=DIRECTION('',(-2.18591419516795E-16,1.,0.));
#4440=DIRECTION('center_axis',(0.0825574455868046,1.80463492225002E-17,
-0.996586307440646));
#4441=DIRECTION('ref_axis',(-0.996586307440646,0.,-0.0825574455868046));
#4442=DIRECTION('',(0.996586307440646,2.21286612909354E-16,0.0825574455868046));
#4443=DIRECTION('',(-2.18591419516795E-16,1.,0.));
#4444=DIRECTION('',(-2.18591419516795E-16,1.,0.));
#4445=DIRECTION('',(-2.18591419516795E-16,1.,0.));
#4446=DIRECTION('',(-2.18591419516795E-16,1.,0.));
#4447=DIRECTION('',(-2.18591419516795E-16,1.,0.));
#4448=DIRECTION('center_axis',(0.131303603071187,2.87018409830005E-17,0.991342203187438));
#4449=DIRECTION('ref_axis',(0.991342203187438,0.,-0.131303603071187));
#4450=DIRECTION('',(-0.991342203187438,-2.20122187852265E-16,0.131303603071187));
#4451=DIRECTION('',(-2.18591419516795E-16,1.,0.));
#4452=DIRECTION('center_axis',(0.982706733626139,2.1481125987205E-16,-0.185168776217388));
#4453=DIRECTION('ref_axis',(-0.185168776217388,0.,-0.982706733626139));
#4454=DIRECTION('',(0.185168776217388,4.11157277596415E-17,0.982706733626139));
#4455=DIRECTION('center_axis',(2.22044604925031E-16,-1.,0.));
#4456=DIRECTION('ref_axis',(0.,0.,-1.));
#4457=DIRECTION('center_axis',(2.22044604925031E-16,-1.,0.));
#4458=DIRECTION('ref_axis',(0.,0.,-1.));
#4459=DIRECTION('',(0.,0.,-1.));
#4460=DIRECTION('',(1.,2.22044604925031E-16,0.));
#4461=DIRECTION('',(0.,0.,1.));
#4462=DIRECTION('',(0.,0.,1.));
#4463=DIRECTION('',(-1.,-2.22044604925031E-16,0.));
#4464=DIRECTION('',(-2.27699395329995E-16,1.,0.));
#4465=DIRECTION('',(-2.27699395329995E-16,1.,0.));
#4466=DIRECTION('center_axis',(1.,2.27699395329995E-16,0.));
#4467=DIRECTION('ref_axis',(0.,0.,-1.));
#4468=DIRECTION('',(-2.27699395329995E-16,1.,0.));
#4469=DIRECTION('center_axis',(0.,0.,1.));
#4470=DIRECTION('ref_axis',(1.,0.,0.));
#4471=DIRECTION('',(-2.27699395329995E-16,1.,0.));
#4472=DIRECTION('center_axis',(-1.,-2.27699395329995E-16,0.));
#4473=DIRECTION('ref_axis',(0.,0.,1.));
#4474=DIRECTION('',(-2.27699395329995E-16,1.,0.));
#4475=DIRECTION('center_axis',(0.,0.,-1.));
#4476=DIRECTION('ref_axis',(-1.,0.,0.));
#4477=DIRECTION('',(-2.27699395329995E-16,1.,0.));
#4478=DIRECTION('',(-2.27699395329995E-16,1.,0.));
#4479=DIRECTION('center_axis',(1.,2.27699395329995E-16,0.));
#4480=DIRECTION('ref_axis',(0.,0.,-1.));
#4481=DIRECTION('',(-2.27699395329995E-16,1.,0.));
#4482=DIRECTION('',(-2.27699395329995E-16,1.,0.));
#4483=DIRECTION('',(-2.27699395329995E-16,1.,0.));
#4484=DIRECTION('center_axis',(0.177271416394811,4.03645943223901E-17,0.984162001364297));
#4485=DIRECTION('ref_axis',(0.984162001364296,0.,-0.177271416394811));
#4486=DIRECTION('',(-0.984162001364296,-2.18527862775163E-16,0.177271416394811));
#4487=DIRECTION('',(-2.27699395329995E-16,1.,0.));
#4488=DIRECTION('',(-2.27699395329995E-16,1.,0.));
#4489=DIRECTION('',(-2.27699395329995E-16,1.,0.));
#4490=DIRECTION('',(-2.27699395329995E-16,1.,0.));
#4491=DIRECTION('',(-2.27699395329995E-16,1.,0.));
#4492=DIRECTION('',(-2.27699395329995E-16,1.,0.));
#4493=DIRECTION('',(-2.27699395329995E-16,1.,0.));
#4494=DIRECTION('center_axis',(0.129339184067765,2.9450454004705E-17,-0.991600411186222));
#4495=DIRECTION('ref_axis',(-0.991600411186222,0.,-0.129339184067765));
#4496=DIRECTION('',(0.991600411186222,2.20179521545343E-16,0.129339184067765));
#4497=DIRECTION('',(-2.27699395329995E-16,1.,0.));
#4498=DIRECTION('',(-2.27699395329995E-16,1.,0.));
#4499=DIRECTION('',(-2.27699395329995E-16,1.,0.));
#4500=DIRECTION('',(-2.27699395329995E-16,1.,0.));
#4501=DIRECTION('',(-2.27699395329995E-16,1.,0.));
#4502=DIRECTION('center_axis',(0.992810047182648,2.26062247421032E-16,-0.119700502142591));
#4503=DIRECTION('ref_axis',(-0.119700502142591,0.,-0.992810047182648));
#4504=DIRECTION('',(0.119700502142591,2.65788507075794E-17,0.992810047182648));
#4505=DIRECTION('',(-2.27699395329995E-16,1.,0.));
#4506=DIRECTION('',(-2.27699395329995E-16,1.,0.));
#4507=DIRECTION('center_axis',(2.22044604925031E-16,-1.,0.));
#4508=DIRECTION('ref_axis',(0.,0.,-1.));
#4509=DIRECTION('center_axis',(2.22044604925031E-16,-1.,0.));
#4510=DIRECTION('ref_axis',(0.,0.,-1.));
#4511=DIRECTION('center_axis',(1.,0.,0.));
#4512=DIRECTION('ref_axis',(0.,0.,1.));
#4513=DIRECTION('',(0.,0.,-1.));
#4514=DIRECTION('',(0.,-1.,0.));
#4515=DIRECTION('',(0.,0.,1.));
#4516=DIRECTION('',(0.,-1.,0.));
#4517=DIRECTION('center_axis',(-3.96508223080414E-16,0.,-1.));
#4518=DIRECTION('ref_axis',(1.,2.27738056333365E-16,-3.96508223080414E-16));
#4519=DIRECTION('',(-1.,-2.27738056333365E-16,0.));
#4520=DIRECTION('',(1.,2.27738056333365E-16,-3.96508223080414E-16));
#4521=DIRECTION('',(0.,-1.,0.));
#4522=DIRECTION('center_axis',(-1.,0.,0.));
#4523=DIRECTION('ref_axis',(0.,0.,-1.));
#4524=DIRECTION('',(0.,0.,1.));
#4525=DIRECTION('',(0.,0.,-1.));
#4526=DIRECTION('',(0.,-1.,0.));
#4527=DIRECTION('center_axis',(0.,-1.,0.));
#4528=DIRECTION('ref_axis',(0.,0.,-1.));
#4529=DIRECTION('',(-1.,-2.27738056333365E-16,-2.47817639425259E-16));
#4530=DIRECTION('center_axis',(-1.,0.,0.));
#4531=DIRECTION('ref_axis',(0.,0.,-1.));
#4532=DIRECTION('',(0.,0.,1.));
#4533=DIRECTION('',(0.,0.,-1.));
#4534=DIRECTION('',(0.,-1.,0.));
#4535=DIRECTION('center_axis',(-7.93016446160825E-16,0.,1.));
#4536=DIRECTION('ref_axis',(-1.,-2.27738056333365E-16,-7.93016446160825E-16));
#4537=DIRECTION('',(1.,2.27738056333365E-16,0.));
#4538=DIRECTION('',(-1.,-2.27738056333365E-16,-7.93016446160825E-16));
#4539=DIRECTION('',(0.,-1.,0.));
#4540=DIRECTION('center_axis',(1.,0.,0.));
#4541=DIRECTION('ref_axis',(0.,0.,1.));
#4542=DIRECTION('',(0.,0.,-1.));
#4543=DIRECTION('',(0.,0.,1.));
#4544=DIRECTION('center_axis',(0.,-1.,0.));
#4545=DIRECTION('ref_axis',(0.,0.,-1.));
#4546=DIRECTION('center_axis',(0.,0.,1.));
#4547=DIRECTION('ref_axis',(-1.,-2.27738056333366E-16,0.));
#4548=DIRECTION('',(1.,2.27738056333365E-16,0.));
#4549=DIRECTION('',(0.,-1.,0.));
#4550=DIRECTION('',(-1.,-2.27738056333366E-16,0.));
#4551=DIRECTION('',(0.,-1.,0.));
#4552=DIRECTION('center_axis',(1.,0.,0.));
#4553=DIRECTION('ref_axis',(0.,0.,1.));
#4554=DIRECTION('',(0.,0.,-1.));
#4555=DIRECTION('',(0.,0.,1.));
#4556=DIRECTION('center_axis',(-1.,0.,0.));
#4557=DIRECTION('ref_axis',(0.,0.,-1.));
#4558=DIRECTION('',(0.,0.,1.));
#4559=DIRECTION('',(0.,0.,-1.));
#4560=DIRECTION('center_axis',(0.,-1.,0.));
#4561=DIRECTION('ref_axis',(0.,0.,-1.));
#4562=DIRECTION('center_axis',(5.18972902995149E-16,0.,-1.));
#4563=DIRECTION('ref_axis',(1.,2.27738056333365E-16,5.18972902995149E-16));
#4564=DIRECTION('',(-1.,-2.27738056333365E-16,0.));
#4565=DIRECTION('',(0.,-1.,0.));
#4566=DIRECTION('',(1.,2.27738056333365E-16,5.18972902995149E-16));
#4567=DIRECTION('',(0.,-1.,0.));
#4568=DIRECTION('center_axis',(-1.,0.,0.));
#4569=DIRECTION('ref_axis',(0.,0.,-1.));
#4570=DIRECTION('',(0.,0.,1.));
#4571=DIRECTION('',(0.,0.,-1.));
#4572=DIRECTION('center_axis',(1.,0.,0.));
#4573=DIRECTION('ref_axis',(0.,0.,1.));
#4574=DIRECTION('',(0.,0.,-1.));
#4575=DIRECTION('',(0.,0.,1.));
#4576=DIRECTION('center_axis',(0.,-1.,0.));
#4577=DIRECTION('ref_axis',(0.,0.,-1.));
#4578=DIRECTION('center_axis',(2.27738056333365E-16,-1.,0.));
#4579=DIRECTION('ref_axis',(1.,2.27738056333365E-16,0.));
#4580=DIRECTION('',(1.,2.27738056333365E-16,0.));
#4581=DIRECTION('center_axis',(2.27738056333365E-16,-1.,0.));
#4582=DIRECTION('ref_axis',(1.,2.27738056333365E-16,0.));
#4583=DIRECTION('',(-1.,-2.27738056333365E-16,0.));
#4584=DIRECTION('center_axis',(-2.27738056333365E-16,1.,0.));
#4585=DIRECTION('ref_axis',(0.707106781186541,1.59907642623658E-16,-0.707106781186554));
#4586=DIRECTION('',(0.,0.,1.));
#4587=DIRECTION('center_axis',(-2.27738056333365E-16,1.,0.));
#4588=DIRECTION('ref_axis',(0.707106781186555,1.59907642623658E-16,0.70710678118654));
#4589=DIRECTION('',(1.,2.27738056333365E-16,0.));
#4590=DIRECTION('center_axis',(2.27738056333365E-16,-1.,0.));
#4591=DIRECTION('ref_axis',(1.,2.27738056333365E-16,0.));
#4592=DIRECTION('',(-1.,-2.27738056333365E-16,0.));
#4593=DIRECTION('center_axis',(2.27738056333365E-16,-1.,0.));
#4594=DIRECTION('ref_axis',(1.,2.27738056333365E-16,0.));
#4595=DIRECTION('',(1.,2.27738056333365E-16,0.));
#4596=DIRECTION('center_axis',(-2.27738056333365E-16,1.,0.));
#4597=DIRECTION('ref_axis',(-0.707106781186544,-1.59907642623658E-16,0.707106781186551));
#4598=DIRECTION('',(0.,0.,1.));
#4599=DIRECTION('center_axis',(-2.27738056333365E-16,1.,0.));
#4600=DIRECTION('ref_axis',(-0.707106781186546,-1.59907642623658E-16,-0.707106781186549));
#4601=DIRECTION('',(-1.,-2.27738056333365E-16,0.));
#4602=DIRECTION('center_axis',(9.10018872643571E-17,3.1572622039135E-32,
-1.));
#4603=DIRECTION('ref_axis',(-1.,-2.27738056333365E-16,-9.10018872643571E-17));
#4604=DIRECTION('center_axis',(-1.,0.,0.));
#4605=DIRECTION('ref_axis',(0.,0.,1.));
#4606=DIRECTION('',(0.,1.,0.));
#4607=DIRECTION('',(0.,0.,1.));
#4608=DIRECTION('',(0.,1.,0.));
#4609=DIRECTION('center_axis',(0.,0.,-1.));
#4610=DIRECTION('ref_axis',(-1.,-2.27738056333365E-16,0.));
#4611=DIRECTION('',(0.,1.,0.));
#4612=DIRECTION('',(-1.,-2.27738056333365E-16,0.));
#4613=DIRECTION('center_axis',(-1.,0.,-2.1094237467878E-14));
#4614=DIRECTION('ref_axis',(-2.1094237467878E-14,-4.80396064076898E-30,
1.));
#4615=DIRECTION('',(0.,1.,0.));
#4616=DIRECTION('',(-2.1094237467878E-14,-4.80396064076898E-30,1.));
#4617=DIRECTION('',(0.,1.,0.));
#4618=DIRECTION('center_axis',(0.,0.,-1.));
#4619=DIRECTION('ref_axis',(-1.,-2.27738056333365E-16,0.));
#4620=DIRECTION('',(0.,1.,0.));
#4621=DIRECTION('',(-1.,-2.27738056333365E-16,0.));
#4622=DIRECTION('center_axis',(-1.,0.,-1.11022302462516E-15));
#4623=DIRECTION('ref_axis',(-1.11022302462516E-15,-2.52840033724683E-31,
1.));
#4624=DIRECTION('',(0.,1.,0.));
#4625=DIRECTION('',(-1.11022302462516E-15,-2.52840033724683E-31,1.));
#4626=DIRECTION('',(0.,1.,0.));
#4627=DIRECTION('center_axis',(5.55111512312578E-16,0.,-1.));
#4628=DIRECTION('ref_axis',(-1.,-2.27738056333365E-16,-5.55111512312578E-16));
#4629=DIRECTION('',(0.,1.,0.));
#4630=DIRECTION('',(-1.,-2.27738056333365E-16,-5.55111512312578E-16));
#4631=DIRECTION('center_axis',(-1.,0.,0.));
#4632=DIRECTION('ref_axis',(0.,0.,1.));
#4633=DIRECTION('',(0.,1.,0.));
#4634=DIRECTION('',(0.,0.,1.));
#4635=DIRECTION('',(0.,1.,0.));
#4636=DIRECTION('center_axis',(0.,0.,-1.));
#4637=DIRECTION('ref_axis',(-1.,-2.27738056333365E-16,0.));
#4638=DIRECTION('',(0.,1.,0.));
#4639=DIRECTION('',(-1.,-2.27738056333365E-16,0.));
#4640=DIRECTION('center_axis',(-1.,-2.77555756156289E-16,0.));
#4641=DIRECTION('ref_axis',(0.,0.,1.));
#4642=DIRECTION('',(-2.77555756156289E-16,1.,0.));
#4643=DIRECTION('',(0.,0.,1.));
#4644=DIRECTION('',(-2.77555756156289E-16,1.,0.));
#4645=DIRECTION('center_axis',(2.22044604925031E-15,6.16297582203915E-31,
-1.));
#4646=DIRECTION('ref_axis',(-1.,-2.27738056333365E-16,-2.22044604925031E-15));
#4647=DIRECTION('',(-2.77555756156289E-16,1.,0.));
#4648=DIRECTION('',(-1.,-2.27738056333365E-16,-2.22044604925031E-15));
#4649=DIRECTION('center_axis',(1.,0.,-4.44089209850062E-15));
#4650=DIRECTION('ref_axis',(-4.44089209850062E-15,-1.01136013489873E-30,
-1.));
#4651=DIRECTION('',(0.,1.,0.));
#4652=DIRECTION('',(-4.44089209850062E-15,-1.01136013489873E-30,-1.));
#4653=DIRECTION('center_axis',(0.,0.,1.));
#4654=DIRECTION('ref_axis',(1.,2.27738056333365E-16,0.));
#4655=DIRECTION('',(1.,2.27738056333365E-16,0.));
#4656=DIRECTION('center_axis',(2.22044604925031E-16,-1.,-2.46519032881566E-31));
#4657=DIRECTION('ref_axis',(0.,2.46519032881566E-31,-1.));
#4658=DIRECTION('center_axis',(1.,0.,-1.99840144432528E-14));
#4659=DIRECTION('ref_axis',(-1.99840144432528E-14,-4.5511206070443E-30,
-1.));
#4660=DIRECTION('',(0.,1.,0.));
#4661=DIRECTION('',(-1.99840144432528E-14,-4.5511206070443E-30,-1.));
#4662=DIRECTION('center_axis',(0.,0.,1.));
#4663=DIRECTION('ref_axis',(1.,2.27738056333365E-16,0.));
#4664=DIRECTION('',(1.,2.27738056333365E-16,0.));
#4665=DIRECTION('center_axis',(2.22044604925031E-16,-1.,6.16297582203914E-32));
#4666=DIRECTION('ref_axis',(0.,-6.16297582203914E-32,-1.));
#4667=DIRECTION('center_axis',(1.,0.,0.));
#4668=DIRECTION('ref_axis',(0.,0.,-1.));
#4669=DIRECTION('',(0.,1.,0.));
#4670=DIRECTION('',(0.,0.,-1.));
#4671=DIRECTION('center_axis',(-5.55111512312577E-16,0.,1.));
#4672=DIRECTION('ref_axis',(1.,2.27738056333365E-16,5.55111512312577E-16));
#4673=DIRECTION('',(1.,2.27738056333365E-16,5.55111512312577E-16));
#4674=DIRECTION('center_axis',(2.22044604925031E-16,-1.,0.));
#4675=DIRECTION('ref_axis',(0.,0.,-1.));
#4676=DIRECTION('center_axis',(1.,0.,0.));
#4677=DIRECTION('ref_axis',(0.,0.,-1.));
#4678=DIRECTION('',(0.,1.,0.));
#4679=DIRECTION('',(0.,0.,-1.));
#4680=DIRECTION('center_axis',(0.,0.,1.));
#4681=DIRECTION('ref_axis',(1.,2.27738056333365E-16,0.));
#4682=DIRECTION('',(1.,2.27738056333365E-16,0.));
#4683=DIRECTION('center_axis',(2.27738056333366E-16,-1.,0.));
#4684=DIRECTION('ref_axis',(0.,0.,-1.));
#4685=DIRECTION('center_axis',(1.,2.77555756156289E-16,0.));
#4686=DIRECTION('ref_axis',(0.,0.,-1.));
#4687=DIRECTION('',(-2.77555756156289E-16,1.,0.));
#4688=DIRECTION('',(0.,0.,-1.));
#4689=DIRECTION('center_axis',(2.22044604925031E-15,6.16297582203915E-31,
1.));
#4690=DIRECTION('ref_axis',(1.,2.27738056333365E-16,-2.22044604925031E-15));
#4691=DIRECTION('',(1.,2.27738056333365E-16,-2.22044604925031E-15));
#4692=DIRECTION('center_axis',(2.27738056333365E-16,-1.,0.));
#4693=DIRECTION('ref_axis',(0.,0.,-1.));
#4694=DIRECTION('center_axis',(0.,-1.,0.));
#4695=DIRECTION('ref_axis',(0.,0.,-1.));
#4696=DIRECTION('center_axis',(0.,-1.,0.));
#4697=DIRECTION('ref_axis',(-1.,0.,0.));
#4698=DIRECTION('center_axis',(-1.,0.,0.));
#4699=DIRECTION('ref_axis',(0.,0.,1.));
#4700=DIRECTION('center_axis',(0.,1.,0.));
#4701=DIRECTION('ref_axis',(-1.,0.,0.));
#4702=DIRECTION('center_axis',(0.,1.,0.));
#4703=DIRECTION('ref_axis',(-1.,0.,0.));
#4704=DIRECTION('center_axis',(0.,-1.,0.));
#4705=DIRECTION('ref_axis',(-1.,0.,0.));
#4706=DIRECTION('center_axis',(0.,-1.,0.));
#4707=DIRECTION('ref_axis',(-1.,0.,0.));
#4708=DIRECTION('',(0.,-1.,0.));
#4709=DIRECTION('center_axis',(0.,-1.,0.));
#4710=DIRECTION('ref_axis',(-1.,0.,0.));
#4711=DIRECTION('center_axis',(0.,1.,0.));
#4712=DIRECTION('ref_axis',(0.,0.,1.));
#4713=DIRECTION('center_axis',(0.,-1.,0.));
#4714=DIRECTION('ref_axis',(0.,0.,-1.));
#4715=DIRECTION('center_axis',(0.,1.,0.));
#4716=DIRECTION('ref_axis',(-1.,0.,0.));
#4717=DIRECTION('center_axis',(-1.,0.,0.));
#4718=DIRECTION('ref_axis',(0.,0.,1.));
#4719=DIRECTION('center_axis',(0.,1.,0.));
#4720=DIRECTION('ref_axis',(-1.,0.,0.));
#4721=DIRECTION('',(1.,0.,-1.98743990854566E-18));
#4722=DIRECTION('',(0.,0.,-1.));
#4723=DIRECTION('',(-1.,0.,-1.98743990854566E-18));
#4724=DIRECTION('',(0.,0.,1.));
#4725=DIRECTION('',(-1.,0.,0.));
#4726=DIRECTION('center_axis',(0.,-1.,0.));
#4727=DIRECTION('ref_axis',(-1.,0.,0.));
#4728=DIRECTION('',(0.,0.,-1.));
#4729=DIRECTION('center_axis',(0.,-1.,0.));
#4730=DIRECTION('ref_axis',(-1.,0.,0.));
#4731=DIRECTION('center_axis',(0.00872620324394422,-0.99992385047757,-0.00872620324394422));
#4732=DIRECTION('ref_axis',(0.707052935342847,0.0123407149756063,-0.707052935342861));
#4733=DIRECTION('',(-0.00872620324394422,0.999923850477571,0.00872620324394422));
#4734=DIRECTION('center_axis',(0.,-1.,0.));
#4735=DIRECTION('ref_axis',(0.707106781186541,0.,-0.707106781186554));
#4736=DIRECTION('',(0.00872620324394422,-0.999923850477571,-0.00872620324394422));
#4737=DIRECTION('center_axis',(0.999961923064171,0.00872653549837393,0.));
#4738=DIRECTION('ref_axis',(-0.00872653549837393,0.999961923064171,0.));
#4739=DIRECTION('',(0.,0.,-1.));
#4740=DIRECTION('',(0.00872653549837393,-0.999961923064171,0.));
#4741=DIRECTION('',(0.,0.,-1.));
#4742=DIRECTION('',(-0.00872620324394422,0.999923850477571,-0.00872620324394422));
#4743=DIRECTION('center_axis',(0.,0.,1.));
#4744=DIRECTION('ref_axis',(0.704014724455971,0.710185375623283,0.));
#4745=DIRECTION('center_axis',(0.,0.,1.));
#4746=DIRECTION('ref_axis',(0.704014724455971,0.710185375623283,0.));
#4747=DIRECTION('center_axis',(0.,0.,-1.));
#4748=DIRECTION('ref_axis',(0.,1.,0.));
#4749=DIRECTION('center_axis',(0.,1.,0.));
#4750=DIRECTION('ref_axis',(0.,0.,-1.));
#4751=DIRECTION('center_axis',(0.,0.,-1.));
#4752=DIRECTION('ref_axis',(0.,1.,0.));
#4753=DIRECTION('center_axis',(-1.,0.,0.));
#4754=DIRECTION('ref_axis',(0.,0.00872653549837398,-0.999961923064171));
#4755=DIRECTION('center_axis',(0.00872620324394431,0.99992385047757,0.00872620324394982));
#4756=DIRECTION('ref_axis',(-0.999961923064171,0.00872653549837402,0.));
#4757=DIRECTION('center_axis',(1.,0.,-1.98743990854566E-18));
#4758=DIRECTION('ref_axis',(0.,0.710185375623285,-0.704014724455969));
#4759=DIRECTION('center_axis',(-1.,0.,0.));
#4760=DIRECTION('ref_axis',(0.,0.710185375623285,-0.704014724455969));
#4761=DIRECTION('',(-1.,0.,1.98743990854566E-18));
#4762=DIRECTION('center_axis',(0.00872620324394402,0.99992385047757,0.00872620324394422));
#4763=DIRECTION('ref_axis',(-0.707052935342852,0.0123407149756101,-0.707052935342855));
#4764=DIRECTION('',(0.00872620324394402,0.999923850477571,0.00872620324394422));
#4765=DIRECTION('',(-0.00872620324394402,-0.999923850477571,-0.00872620324394422));
#4766=DIRECTION('center_axis',(0.,1.,0.));
#4767=DIRECTION('ref_axis',(0.,0.,-1.));
#4768=DIRECTION('center_axis',(-1.,0.,0.));
#4769=DIRECTION('ref_axis',(0.,1.,0.));
#4770=DIRECTION('center_axis',(9.68876955415983E-17,1.11022302462516E-14,
1.));
#4771=DIRECTION('ref_axis',(-0.999961923064171,0.00872653549837371,0.));
#4772=DIRECTION('center_axis',(0.00872620324394155,0.999923850477571,-0.00872620324394425));
#4773=DIRECTION('ref_axis',(0.,0.00872653549837396,0.999961923064171));
#4774=DIRECTION('center_axis',(0.,0.,1.));
#4775=DIRECTION('ref_axis',(-0.704014724455966,0.710185375623288,0.));
#4776=DIRECTION('',(0.,0.,1.));
#4777=DIRECTION('center_axis',(-0.00872620324394402,-0.99992385047757,0.00872620324394422));
#4778=DIRECTION('ref_axis',(-0.70705293534285,0.0123407149756101,0.707052935342857));
#4779=DIRECTION('',(0.00872620324394402,0.999923850477571,-0.00872620324394422));
#4780=DIRECTION('',(-0.00872620324394402,-0.999923850477571,0.00872620324394422));
#4781=DIRECTION('center_axis',(-1.,0.,-1.98743990854566E-18));
#4782=DIRECTION('ref_axis',(0.,0.710185375623283,0.704014724455971));
#4783=DIRECTION('center_axis',(-1.,0.,0.));
#4784=DIRECTION('ref_axis',(0.,0.00872653549837674,0.999961923064171));
#4785=DIRECTION('',(1.,0.,1.98743990854566E-18));
#4786=DIRECTION('center_axis',(0.,1.,0.));
#4787=DIRECTION('ref_axis',(0.,0.,-1.));
#4788=DIRECTION('center_axis',(-0.00872620324394422,0.99992385047757,-0.00872620324394422));
#4789=DIRECTION('ref_axis',(0.707052935342865,0.0123407149756005,0.707052935342843));
#4790=DIRECTION('center_axis',(0.,0.,1.));
#4791=DIRECTION('ref_axis',(-1.,0.,0.));
#4792=DIRECTION('',(-1.,0.,0.));
#4793=DIRECTION('',(0.,-1.,0.));
#4794=DIRECTION('center_axis',(-0.00872620324394422,0.99992385047757,-0.00872620324394422));
#4795=DIRECTION('ref_axis',(0.707052935342861,0.0123407149756063,0.707052935342846));
#4796=DIRECTION('',(0.00872620324394422,-0.999923850477571,0.00872620324394422));
#4797=DIRECTION('center_axis',(-1.9873642329238E-18,0.00872653549837393,
0.999961923064171));
#4798=DIRECTION('ref_axis',(1.,8.67156735675622E-21,1.9873642329238E-18));
#4799=DIRECTION('center_axis',(0.,-1.,0.));
#4800=DIRECTION('ref_axis',(-1.,0.,0.));
#4801=DIRECTION('',(0.,-1.,0.));
#4802=DIRECTION('center_axis',(0.,-1.,0.));
#4803=DIRECTION('ref_axis',(-1.,0.,0.));
#4804=DIRECTION('center_axis',(0.,1.,0.));
#4805=DIRECTION('ref_axis',(0.,0.,1.));
#4806=DIRECTION('center_axis',(0.,-1.,0.));
#4807=DIRECTION('ref_axis',(-1.,0.,0.));
#4808=DIRECTION('center_axis',(0.,1.,0.));
#4809=DIRECTION('ref_axis',(-1.,0.,0.));
#4810=DIRECTION('',(0.,1.,0.));
#4811=DIRECTION('center_axis',(0.,1.,0.));
#4812=DIRECTION('ref_axis',(-1.,0.,0.));
#4813=DIRECTION('center_axis',(-1.,0.,0.));
#4814=DIRECTION('ref_axis',(0.,0.,-1.));
#4815=DIRECTION('',(0.,-1.,0.));
#4816=DIRECTION('',(0.,0.,-1.));
#4817=DIRECTION('',(0.,-0.999961923064171,-0.00872653549837393));
#4818=DIRECTION('center_axis',(0.,-1.,0.));
#4819=DIRECTION('ref_axis',(-1.,0.,0.));
#4820=DIRECTION('center_axis',(0.,-1.,0.));
#4821=DIRECTION('ref_axis',(-1.,0.,0.));
#4822=DIRECTION('center_axis',(0.,-1.,0.));
#4823=DIRECTION('ref_axis',(0.,0.,-1.));
#4824=DIRECTION('',(1.,0.,-1.98743990854566E-18));
#4825=DIRECTION('center_axis',(1.9873642329238E-18,-0.00872653549837393,
0.999961923064171));
#4826=DIRECTION('ref_axis',(1.,8.67156735675622E-21,-1.9873642329238E-18));
#4827=DIRECTION('center_axis',(0.,1.,0.));
#4828=DIRECTION('ref_axis',(-1.,0.,0.));
#4829=DIRECTION('center_axis',(-0.999961923064171,0.00872653549837374,0.));
#4830=DIRECTION('ref_axis',(-0.00872653549837374,-0.999961923064171,0.));
#4831=DIRECTION('axis',(0.,0.,1.));
#4832=DIRECTION('refdir',(1.,0.,0.));
#4833=DIRECTION('center_axis',(1.,9.05073117900943E-17,0.));
#4834=DIRECTION('ref_axis',(-9.05073117900943E-17,1.,0.));
#4835=DIRECTION('',(9.05073117900943E-17,-1.,0.));
#4836=DIRECTION('',(0.,0.,1.));
#4837=DIRECTION('',(-9.05073117900943E-17,1.,0.));
#4838=DIRECTION('',(0.,0.,1.));
#4839=DIRECTION('center_axis',(0.,-1.,0.));
#4840=DIRECTION('ref_axis',(1.,0.,0.));
#4841=DIRECTION('',(-1.,0.,0.));
#4842=DIRECTION('',(1.,0.,0.));
#4843=DIRECTION('',(0.,0.,1.));
#4844=DIRECTION('center_axis',(-1.,-1.81014623580189E-16,0.));
#4845=DIRECTION('ref_axis',(1.81014623580189E-16,-1.,0.));
#4846=DIRECTION('',(-1.81014623580189E-16,1.,0.));
#4847=DIRECTION('',(1.81014623580189E-16,-1.,0.));
#4848=DIRECTION('',(0.,0.,1.));
#4849=DIRECTION('center_axis',(0.,1.,0.));
#4850=DIRECTION('ref_axis',(-1.,0.,0.));
#4851=DIRECTION('',(1.,0.,0.));
#4852=DIRECTION('',(-1.,0.,0.));
#4853=DIRECTION('center_axis',(0.,0.,1.));
#4854=DIRECTION('ref_axis',(1.,0.,0.));
#4855=DIRECTION('center_axis',(0.,0.,1.));
#4856=DIRECTION('ref_axis',(1.,0.,0.));
#4857=DIRECTION('axis',(0.,0.,1.));
#4858=DIRECTION('refdir',(1.,0.,0.));
#4859=DIRECTION('center_axis',(0.,0.,1.));
#4860=DIRECTION('ref_axis',(-0.939692620785908,-0.342020143325668,0.));
#4861=DIRECTION('center_axis',(0.,0.,1.));
#4862=DIRECTION('ref_axis',(-0.939692620785908,-0.342020143325668,0.));
#4863=DIRECTION('',(0.,0.,1.));
#4864=DIRECTION('center_axis',(0.,0.,-1.));
#4865=DIRECTION('ref_axis',(-0.939692620785908,-0.342020143325668,0.));
#4866=DIRECTION('',(0.,0.,-1.));
#4867=DIRECTION('center_axis',(0.939692620785908,-0.342020143325669,0.));
#4868=DIRECTION('ref_axis',(0.,0.,-1.));
#4869=DIRECTION('',(0.342020143325669,0.939692620785908,0.));
#4870=DIRECTION('',(0.,0.,1.));
#4871=DIRECTION('',(-0.342020143325669,-0.939692620785908,0.));
#4872=DIRECTION('center_axis',(0.,0.,1.));
#4873=DIRECTION('ref_axis',(1.,0.,0.));
#4874=DIRECTION('',(0.342020143325669,-0.939692620785908,0.));
#4875=DIRECTION('',(-1.79841742649863E-16,1.,0.));
#4876=DIRECTION('',(1.,0.,0.));
#4877=DIRECTION('',(2.99736237749772E-17,-1.,0.));
#4878=DIRECTION('center_axis',(-0.939692620785908,-0.342020143325669,0.));
#4879=DIRECTION('ref_axis',(0.,0.,1.));
#4880=DIRECTION('',(-0.342020143325669,0.939692620785908,0.));
#4881=DIRECTION('',(0.,0.,-1.));
#4882=DIRECTION('center_axis',(1.,2.99736237749772E-17,0.));
#4883=DIRECTION('ref_axis',(-2.99736237749772E-17,1.,0.));
#4884=DIRECTION('',(0.,0.,1.));
#4885=DIRECTION('',(-2.99736237749772E-17,1.,0.));
#4886=DIRECTION('center_axis',(-1.,-1.79841742649863E-16,0.));
#4887=DIRECTION('ref_axis',(1.79841742649863E-16,-1.,0.));
#4888=DIRECTION('',(1.79841742649863E-16,-1.,0.));
#4889=DIRECTION('',(0.,0.,1.));
#4890=DIRECTION('center_axis',(0.,1.,0.));
#4891=DIRECTION('ref_axis',(-1.,0.,0.));
#4892=DIRECTION('',(-1.,0.,0.));
#4893=DIRECTION('center_axis',(0.,0.,1.));
#4894=DIRECTION('ref_axis',(1.,0.,0.));
#4895=DIRECTION('',(0.,0.,1.));
#4896=DIRECTION('',(1.,0.,0.));
#4897=DIRECTION('',(1.,2.28911963840238E-16,-1.13426623441238E-47));
#4898=DIRECTION('',(-6.77738182850395E-47,2.46519032881566E-31,-1.));
#4899=DIRECTION('',(2.1094237467878E-14,6.22336221431077E-30,-1.));
#4900=DIRECTION('',(1.,2.83276944882399E-16,2.1094237467878E-14));
#4901=DIRECTION('',(4.44089209850062E-15,6.49838762659376E-30,1.));
#4902=DIRECTION('',(1.,1.52185372199597E-15,-4.44089209850062E-15));
#4903=DIRECTION('',(4.52257632002063E-46,5.89804334105465E-46,-1.));
#4904=DIRECTION('',(1.,9.05073117900965E-17,4.52257632002063E-46));
#4905=DIRECTION('',(4.46215444636416E-15,7.80099927871389E-17,1.));
#4906=DIRECTION('',(1.,2.04105305961116E-15,-4.46215444636416E-15));
#4907=CARTESIAN_POINT('',(0.,0.,0.));
#4908=CARTESIAN_POINT('',(0.,0.,0.));
#4909=CARTESIAN_POINT('Origin',(0.8,-17.,0.799999999999999));
#4910=CARTESIAN_POINT('',(0.6,-17.,0.799999999999999));
#4911=CARTESIAN_POINT('',(0.800000000000001,-17.,0.599999999999999));
#4912=CARTESIAN_POINT('Origin',(0.8,-17.,0.799999999999999));
#4913=CARTESIAN_POINT('',(0.799999999999999,-16.8,0.799999999999999));
#4914=CARTESIAN_POINT('Origin',(0.800000000000001,-17.,0.799999999999999));
#4915=CARTESIAN_POINT('Origin',(0.799999999999999,-17.,0.799999999999999));
#4916=CARTESIAN_POINT('Origin',(14.325,-17.,0.8));
#4917=CARTESIAN_POINT('',(2.95000000000001,-17.,0.599999999999997));
#4918=CARTESIAN_POINT('',(9.45,-17.,0.6));
#4919=CARTESIAN_POINT('',(5.75,-17.,0.599999999999998));
#4920=CARTESIAN_POINT('',(14.325,-17.,0.6));
#4921=CARTESIAN_POINT('',(13.75,-17.,0.599999999999998));
#4922=CARTESIAN_POINT('',(9.45,-17.,0.6));
#4923=CARTESIAN_POINT('',(16.55,-17.,0.599999999999998));
#4924=CARTESIAN_POINT('',(14.325,-17.,0.6));
#4925=CARTESIAN_POINT('',(18.7,-17.,0.600000000000001));
#4926=CARTESIAN_POINT('',(9.45,-17.,0.6));
#4927=CARTESIAN_POINT('',(18.7,-16.8,0.800000000000001));
#4928=CARTESIAN_POINT('Origin',(18.7,-17.,0.800000000000001));
#4929=CARTESIAN_POINT('',(14.325,-16.8,0.8));
#4930=CARTESIAN_POINT('Origin',(0.800000000000001,-17.,15.2));
#4931=CARTESIAN_POINT('',(0.800000000000001,-17.,15.4));
#4932=CARTESIAN_POINT('',(0.600000000000002,-17.,15.2));
#4933=CARTESIAN_POINT('Origin',(0.800000000000001,-17.,15.2));
#4934=CARTESIAN_POINT('',(0.800000000000002,-16.8,15.2));
#4935=CARTESIAN_POINT('Origin',(0.800000000000002,-17.,15.2));
#4936=CARTESIAN_POINT('Origin',(0.800000000000001,-17.,15.2));
#4937=CARTESIAN_POINT('Origin',(0.8,-17.,4.3));
#4938=CARTESIAN_POINT('',(0.8,-16.8,4.3));
#4939=CARTESIAN_POINT('',(0.599999999999999,-17.,0.299999999999999));
#4940=CARTESIAN_POINT('Origin',(18.7,-17.,15.2));
#4941=CARTESIAN_POINT('',(18.9,-17.,15.2));
#4942=CARTESIAN_POINT('',(18.7,-17.,15.4));
#4943=CARTESIAN_POINT('Origin',(18.7,-17.,15.2));
#4944=CARTESIAN_POINT('',(18.7,-16.8,15.2));
#4945=CARTESIAN_POINT('Origin',(18.7,-17.,15.2));
#4946=CARTESIAN_POINT('Origin',(18.7,-17.,15.2));
#4947=CARTESIAN_POINT('Origin',(5.175,-17.,15.2));
#4948=CARTESIAN_POINT('',(5.175,-16.8,15.2));
#4949=CARTESIAN_POINT('',(16.55,-17.,15.4));
#4950=CARTESIAN_POINT('',(0.300000000000003,-17.,15.4));
#4951=CARTESIAN_POINT('',(13.75,-17.,15.4));
#4952=CARTESIAN_POINT('',(5.175,-17.,15.4));
#4953=CARTESIAN_POINT('',(5.75,-17.,15.4));
#4954=CARTESIAN_POINT('',(0.300000000000003,-17.,15.4));
#4955=CARTESIAN_POINT('',(2.94999999999999,-17.,15.4));
#4956=CARTESIAN_POINT('',(5.175,-17.,15.4));
#4957=CARTESIAN_POINT('',(0.300000000000003,-17.,15.4));
#4958=CARTESIAN_POINT('Origin',(18.7,-17.,0.800000000000001));
#4959=CARTESIAN_POINT('',(18.9,-17.,0.800000000000001));
#4960=CARTESIAN_POINT('Origin',(18.7,-17.,0.800000000000001));
#4961=CARTESIAN_POINT('Origin',(18.7,-17.,0.800000000000001));
#4962=CARTESIAN_POINT('Origin',(18.7,-17.,11.7));
#4963=CARTESIAN_POINT('',(18.7,-16.8,11.7));
#4964=CARTESIAN_POINT('',(18.9,-17.,7.7));
#4965=CARTESIAN_POINT('Origin',(17.15,-17.,4.17684537882722));
#4966=CARTESIAN_POINT('',(17.4337837837838,-16.95,3.76518196769944));
#4967=CARTESIAN_POINT('',(17.5436927706356,-16.8,3.60574541414536));
#4968=CARTESIAN_POINT('Origin',(17.5436927706356,-17.,3.60574541414536));
#4969=CARTESIAN_POINT('',(17.8436491673104,-16.8,4.17684537882722));
#4970=CARTESIAN_POINT('Origin',(17.15,-16.8,4.17684537882722));
#4971=CARTESIAN_POINT('',(17.65,-16.95,4.17684537882722));
#4972=CARTESIAN_POINT('Origin',(17.8436491673104,-17.,4.17684537882722));
#4973=CARTESIAN_POINT('Origin',(17.15,-16.95,4.17684537882722));
#4974=CARTESIAN_POINT('Origin',(16.1,-17.,5.7));
#4975=CARTESIAN_POINT('',(14.7662162162162,-16.95,3.76518196769944));
#4976=CARTESIAN_POINT('',(14.6563072293644,-16.8,3.60574541414536));
#4977=CARTESIAN_POINT('Origin',(14.6563072293644,-17.,3.60574541414536));
#4978=CARTESIAN_POINT('Origin',(16.1,-16.8,5.7));
#4979=CARTESIAN_POINT('Origin',(16.1,-16.95,5.7));
#4980=CARTESIAN_POINT('Origin',(17.8436491673104,-17.,10.0331760866328));
#4981=CARTESIAN_POINT('',(17.8436491673104,-16.8,11.8231546211728));
#4982=CARTESIAN_POINT('',(17.65,-16.95,11.8231546211728));
#4983=CARTESIAN_POINT('Origin',(17.8436491673104,-17.,11.8231546211728));
#4984=CARTESIAN_POINT('',(17.65,-16.95,10.0331760866328));
#4985=CARTESIAN_POINT('',(17.8436491673104,-16.8,10.0331760866328));
#4986=CARTESIAN_POINT('Origin',(15.05,-17.,4.17684537882722));
#4987=CARTESIAN_POINT('',(14.55,-16.95,4.17684537882722));
#4988=CARTESIAN_POINT('',(14.3563508326896,-16.8,4.17684537882722));
#4989=CARTESIAN_POINT('Origin',(14.3563508326896,-17.,4.17684537882722));
#4990=CARTESIAN_POINT('Origin',(15.05,-16.8,4.17684537882722));
#4991=CARTESIAN_POINT('Origin',(15.05,-16.95,4.17684537882722));
#4992=CARTESIAN_POINT('Origin',(17.15,-17.,11.8231546211728));
#4993=CARTESIAN_POINT('',(17.5436927706356,-16.8,12.3942545858546));
#4994=CARTESIAN_POINT('',(17.4337837837838,-16.95,12.2348180323006));
#4995=CARTESIAN_POINT('Origin',(17.5436927706356,-17.,12.3942545858546));
#4996=CARTESIAN_POINT('Origin',(17.15,-16.95,11.8231546211728));
#4997=CARTESIAN_POINT('Origin',(17.15,-16.8,11.8231546211728));
#4998=CARTESIAN_POINT('Origin',(14.3563508326896,-17.,5.96682391336721));
#4999=CARTESIAN_POINT('',(14.55,-16.95,11.8231546211728));
#5000=CARTESIAN_POINT('',(14.3563508326896,-16.8,11.8231546211728));
#5001=CARTESIAN_POINT('Origin',(14.3563508326896,-17.,11.8231546211728));
#5002=CARTESIAN_POINT('',(14.3563508326896,-16.8,5.96682391336721));
#5003=CARTESIAN_POINT('',(14.55,-16.95,5.96682391336721));
#5004=CARTESIAN_POINT('Origin',(16.1,-17.,10.3));
#5005=CARTESIAN_POINT('',(14.6563072293644,-16.8,12.3942545858546));
#5006=CARTESIAN_POINT('',(14.7662162162162,-16.95,12.2348180323006));
#5007=CARTESIAN_POINT('Origin',(14.6563072293644,-17.,12.3942545858546));
#5008=CARTESIAN_POINT('Origin',(16.1,-16.95,10.3));
#5009=CARTESIAN_POINT('Origin',(16.1,-16.8,10.3));
#5010=CARTESIAN_POINT('Origin',(15.05,-17.,11.8231546211728));
#5011=CARTESIAN_POINT('Origin',(15.05,-16.8,11.8231546211728));
#5012=CARTESIAN_POINT('Origin',(15.05,-16.95,11.8231546211728));
#5013=CARTESIAN_POINT('Origin',(9.75,-16.8,8.));
#5014=CARTESIAN_POINT('',(11.97,-16.8,2.25635083268963));
#5015=CARTESIAN_POINT('',(12.6636491673104,-16.8,2.95));
#5016=CARTESIAN_POINT('Origin',(11.97,-16.8,2.95));
#5017=CARTESIAN_POINT('',(5.94615752781163,-16.8,2.25635083268963));
#5018=CARTESIAN_POINT('',(10.1304746233908,-16.8,2.25635083268963));
#5019=CARTESIAN_POINT('',(5.48987198576924,-16.8,2.42755127387135));
#5020=CARTESIAN_POINT('Origin',(5.94615752781163,-16.8,2.95));
#5021=CARTESIAN_POINT('',(4.68471816126934,-16.8,3.13073999051675));
#5022=CARTESIAN_POINT('',(4.83277730815969,-16.8,3.0014311326049));
#5023=CARTESIAN_POINT('',(4.48319920566973,-16.8,3.20635083268963));
#5024=CARTESIAN_POINT('Origin',(4.48319920566973,-16.8,2.9));
#5025=CARTESIAN_POINT('',(2.97,-16.8,3.20635083268963));
#5026=CARTESIAN_POINT('',(6.23087538000282,-16.8,3.20635083268963));
#5027=CARTESIAN_POINT('',(2.27635083268963,-16.8,3.9));
#5028=CARTESIAN_POINT('Origin',(2.97,-16.8,3.9));
#5029=CARTESIAN_POINT('',(2.27635083268963,-16.8,6.01724710032683));
#5030=CARTESIAN_POINT('',(2.27635083268963,-16.8,5.7));
#5031=CARTESIAN_POINT('',(2.34233809701223,-16.8,6.31252612573862));
#5032=CARTESIAN_POINT('Origin',(2.97,-16.8,6.01724710032683));
#5033=CARTESIAN_POINT('',(2.34233809701223,-16.8,9.68747387426139));
#5034=CARTESIAN_POINT('Origin',(-1.24465241707515,-16.8,8.));
#5035=CARTESIAN_POINT('',(2.27635083268963,-16.8,9.98275289967317));
#5036=CARTESIAN_POINT('Origin',(2.97,-16.8,9.98275289967317));
#5037=CARTESIAN_POINT('',(2.27635083268963,-16.8,12.1));
#5038=CARTESIAN_POINT('',(2.27635083268963,-16.8,8.93383815601492));
#5039=CARTESIAN_POINT('',(2.97,-16.8,12.7936491673104));
#5040=CARTESIAN_POINT('Origin',(2.97,-16.8,12.1));
#5041=CARTESIAN_POINT('',(4.48319920566973,-16.8,12.7936491673104));
#5042=CARTESIAN_POINT('',(5.13047462339076,-16.8,12.7936491673104));
#5043=CARTESIAN_POINT('',(4.68471816126934,-16.8,12.8692600094832));
#5044=CARTESIAN_POINT('Origin',(4.48319920566973,-16.8,13.1));
#5045=CARTESIAN_POINT('',(5.48987198576923,-16.8,13.5724487261287));
#5046=CARTESIAN_POINT('',(4.28890045464314,-16.8,12.5235688673951));
#5047=CARTESIAN_POINT('',(5.94615752781162,-16.8,13.7436491673104));
#5048=CARTESIAN_POINT('Origin',(5.94615752781162,-16.8,13.05));
#5049=CARTESIAN_POINT('',(11.97,-16.8,13.7436491673104));
#5050=CARTESIAN_POINT('',(6.77475223351938,-16.8,13.7436491673104));
#5051=CARTESIAN_POINT('',(12.6636491673104,-16.8,13.05));
#5052=CARTESIAN_POINT('Origin',(11.97,-16.8,13.05));
#5053=CARTESIAN_POINT('',(12.6636491673104,-16.8,10.775));
#5054=CARTESIAN_POINT('',(16.6,-16.8,13.75));
#5055=CARTESIAN_POINT('',(16.6,-16.8,14.25));
#5056=CARTESIAN_POINT('',(16.6,-16.8,11.125));
#5057=CARTESIAN_POINT('',(15.6,-16.8,13.75));
#5058=CARTESIAN_POINT('',(13.175,-16.8,13.75));
#5059=CARTESIAN_POINT('',(15.6,-16.8,14.25));
#5060=CARTESIAN_POINT('',(15.6,-16.8,10.875));
#5061=CARTESIAN_POINT('',(12.675,-16.8,14.25));
#5062=CARTESIAN_POINT('',(4.15,-16.8,13.75));
#5063=CARTESIAN_POINT('',(4.15000000000001,-16.8,14.25));
#5064=CARTESIAN_POINT('',(4.14999999999994,-16.8,11.1250000000001));
#5065=CARTESIAN_POINT('',(3.65000000000001,-16.8,13.75));
#5066=CARTESIAN_POINT('',(6.95,-16.8,13.75));
#5067=CARTESIAN_POINT('',(3.65,-16.8,14.25));
#5068=CARTESIAN_POINT('',(3.65000000000007,-16.8,10.8749999999999));
#5069=CARTESIAN_POINT('',(6.7,-16.8,14.25));
#5070=CARTESIAN_POINT('',(4.15000000000001,-16.8,1.75));
#5071=CARTESIAN_POINT('',(4.15000000000001,-16.8,2.25));
#5072=CARTESIAN_POINT('',(4.15000000000001,-16.8,5.125));
#5073=CARTESIAN_POINT('',(3.65000000000001,-16.8,1.75));
#5074=CARTESIAN_POINT('',(6.95,-16.8,1.75));
#5075=CARTESIAN_POINT('',(3.65000000000001,-16.8,2.25));
#5076=CARTESIAN_POINT('',(3.65,-16.8,4.875));
#5077=CARTESIAN_POINT('',(6.7,-16.8,2.25));
#5078=CARTESIAN_POINT('',(16.6,-16.8,1.75));
#5079=CARTESIAN_POINT('',(16.6,-16.8,2.25));
#5080=CARTESIAN_POINT('',(16.6,-16.8,5.125));
#5081=CARTESIAN_POINT('',(15.6,-16.8,1.75));
#5082=CARTESIAN_POINT('',(13.175,-16.8,1.75));
#5083=CARTESIAN_POINT('',(15.6,-16.8,2.25));
#5084=CARTESIAN_POINT('',(15.6,-16.8,4.875));
#5085=CARTESIAN_POINT('',(12.675,-16.8,2.25));
#5086=CARTESIAN_POINT('',(2.15,-16.8,7.5));
#5087=CARTESIAN_POINT('',(2.15,-16.8,8.5));
#5088=CARTESIAN_POINT('',(2.15,-16.8,8.25));
#5089=CARTESIAN_POINT('',(1.65,-16.8,7.5));
#5090=CARTESIAN_POINT('',(5.95,-16.8,7.50000000000001));
#5091=CARTESIAN_POINT('',(1.65,-16.8,8.5));
#5092=CARTESIAN_POINT('',(1.65,-16.8,7.75));
#5093=CARTESIAN_POINT('',(5.7,-16.8,8.49999999999999));
#5094=CARTESIAN_POINT('Origin',(11.97,-17.,2.95));
#5095=CARTESIAN_POINT('',(11.97,-16.95,2.45));
#5096=CARTESIAN_POINT('Origin',(11.97,-17.,2.25635083268963));
#5097=CARTESIAN_POINT('',(12.47,-16.95,2.95));
#5098=CARTESIAN_POINT('Origin',(12.6636491673104,-17.,2.95));
#5099=CARTESIAN_POINT('Origin',(11.97,-16.95,2.95));
#5100=CARTESIAN_POINT('Origin',(10.1304746233908,-17.,2.25635083268963));
#5101=CARTESIAN_POINT('',(5.94615752781163,-16.95,2.45));
#5102=CARTESIAN_POINT('Origin',(5.94615752781162,-17.,2.25635083268963));
#5103=CARTESIAN_POINT('',(10.1304746233908,-16.95,2.45));
#5104=CARTESIAN_POINT('Origin',(12.6636491673104,-17.,10.775));
#5105=CARTESIAN_POINT('',(12.47,-16.95,13.05));
#5106=CARTESIAN_POINT('Origin',(12.6636491673104,-17.,13.05));
#5107=CARTESIAN_POINT('',(12.47,-16.95,10.775));
#5108=CARTESIAN_POINT('Origin',(5.94615752781163,-17.,2.95));
#5109=CARTESIAN_POINT('',(5.61725527899063,-16.95,2.57340564167729));
#5110=CARTESIAN_POINT('Origin',(5.48987198576924,-17.,2.42755127387135));
#5111=CARTESIAN_POINT('Origin',(5.94615752781163,-16.95,2.95));
#5112=CARTESIAN_POINT('Origin',(11.97,-17.,13.05));
#5113=CARTESIAN_POINT('',(11.97,-16.95,13.55));
#5114=CARTESIAN_POINT('Origin',(11.97,-17.,13.7436491673104));
#5115=CARTESIAN_POINT('Origin',(11.97,-16.95,13.05));
#5116=CARTESIAN_POINT('Origin',(4.83277730815969,-17.,3.0014311326049));
#5117=CARTESIAN_POINT('',(4.81210145449073,-16.95,3.2765943583227));
#5118=CARTESIAN_POINT('Origin',(4.68471816126934,-17.,3.13073999051675));
#5119=CARTESIAN_POINT('',(4.96016060138108,-16.95,3.14728550041085));
#5120=CARTESIAN_POINT('Origin',(6.77475223351938,-17.,13.7436491673104));
#5121=CARTESIAN_POINT('',(5.94615752781162,-16.95,13.55));
#5122=CARTESIAN_POINT('Origin',(5.94615752781162,-17.,13.7436491673104));
#5123=CARTESIAN_POINT('',(6.77475223351938,-16.95,13.55));
#5124=CARTESIAN_POINT('Origin',(4.48319920566973,-17.,2.9));
#5125=CARTESIAN_POINT('',(4.48319920566973,-16.95,3.4));
#5126=CARTESIAN_POINT('Origin',(4.48319920566973,-17.,3.20635083268963));
#5127=CARTESIAN_POINT('Origin',(4.48319920566973,-16.95,2.9));
#5128=CARTESIAN_POINT('Origin',(5.94615752781162,-17.,13.05));
#5129=CARTESIAN_POINT('',(5.61725527899062,-16.95,13.4265943583227));
#5130=CARTESIAN_POINT('Origin',(5.48987198576923,-17.,13.5724487261287));
#5131=CARTESIAN_POINT('Origin',(5.94615752781162,-16.95,13.05));
#5132=CARTESIAN_POINT('Origin',(6.23087538000282,-17.,3.20635083268963));
#5133=CARTESIAN_POINT('',(2.97,-16.95,3.4));
#5134=CARTESIAN_POINT('Origin',(2.97,-17.,3.20635083268963));
#5135=CARTESIAN_POINT('',(6.23087538000282,-16.95,3.4));
#5136=CARTESIAN_POINT('Origin',(4.28890045464314,-17.,12.5235688673951));
#5137=CARTESIAN_POINT('',(4.81210145449073,-16.95,12.7234056416773));
#5138=CARTESIAN_POINT('Origin',(4.68471816126934,-17.,12.8692600094832));
#5139=CARTESIAN_POINT('',(4.41628374786453,-16.95,12.3777144995891));
#5140=CARTESIAN_POINT('Origin',(2.97,-17.,3.9));
#5141=CARTESIAN_POINT('',(2.47,-16.95,3.9));
#5142=CARTESIAN_POINT('Origin',(2.27635083268963,-17.,3.9));
#5143=CARTESIAN_POINT('Origin',(2.97,-16.95,3.9));
#5144=CARTESIAN_POINT('Origin',(4.48319920566973,-17.,13.1));
#5145=CARTESIAN_POINT('',(4.48319920566973,-16.95,12.6));
#5146=CARTESIAN_POINT('Origin',(4.48319920566973,-17.,12.7936491673104));
#5147=CARTESIAN_POINT('Origin',(4.48319920566973,-16.95,13.1));
#5148=CARTESIAN_POINT('Origin',(2.27635083268963,-17.,5.7));
#5149=CARTESIAN_POINT('',(2.47,-16.95,6.01724710032683));
#5150=CARTESIAN_POINT('Origin',(2.27635083268963,-17.,6.01724710032683));
#5151=CARTESIAN_POINT('',(2.47,-16.95,5.7));
#5152=CARTESIAN_POINT('Origin',(5.13047462339076,-17.,12.7936491673104));
#5153=CARTESIAN_POINT('',(2.97,-16.95,12.6));
#5154=CARTESIAN_POINT('Origin',(2.97,-17.,12.7936491673104));
#5155=CARTESIAN_POINT('',(5.13047462339076,-16.95,12.6));
#5156=CARTESIAN_POINT('Origin',(2.97,-17.,6.01724710032683));
#5157=CARTESIAN_POINT('',(2.51756530205209,-16.95,6.23009174811668));
#5158=CARTESIAN_POINT('Origin',(2.34233809701223,-17.,6.31252612573862));
#5159=CARTESIAN_POINT('Origin',(2.97,-16.95,6.01724710032683));
#5160=CARTESIAN_POINT('Origin',(2.97,-17.,12.1));
#5161=CARTESIAN_POINT('',(2.47,-16.95,12.1));
#5162=CARTESIAN_POINT('Origin',(2.27635083268963,-17.,12.1));
#5163=CARTESIAN_POINT('Origin',(2.97,-16.95,12.1));
#5164=CARTESIAN_POINT('Origin',(-1.24465241707515,-17.,8.));
#5165=CARTESIAN_POINT('',(2.51756530205209,-16.95,9.76990825188333));
#5166=CARTESIAN_POINT('Origin',(2.34233809701223,-17.,9.68747387426139));
#5167=CARTESIAN_POINT('Origin',(-1.24465241707515,-16.95,8.));
#5168=CARTESIAN_POINT('Origin',(2.27635083268963,-17.,8.93383815601492));
#5169=CARTESIAN_POINT('',(2.47,-16.95,9.98275289967317));
#5170=CARTESIAN_POINT('Origin',(2.27635083268963,-17.,9.98275289967317));
#5171=CARTESIAN_POINT('',(2.47,-16.95,8.93383815601492));
#5172=CARTESIAN_POINT('Origin',(2.97,-17.,9.98275289967317));
#5173=CARTESIAN_POINT('Origin',(2.97,-16.95,9.98275289967317));
#5174=CARTESIAN_POINT('Origin',(18.9,-17.,0.600000000000001));
#5175=CARTESIAN_POINT('',(13.75,-17.1,0.599999999999998));
#5176=CARTESIAN_POINT('',(13.75,-17.,0.599999999999998));
#5177=CARTESIAN_POINT('',(16.55,-17.1,0.599999999999998));
#5178=CARTESIAN_POINT('',(16.55,-17.1,0.599999999999998));
#5179=CARTESIAN_POINT('',(16.55,-17.,0.599999999999998));
#5180=CARTESIAN_POINT('Origin',(0.600000000000002,-17.,15.4));
#5181=CARTESIAN_POINT('',(16.55,-17.1,15.4));
#5182=CARTESIAN_POINT('',(16.55,-17.,15.4));
#5183=CARTESIAN_POINT('',(13.75,-17.1,15.4));
#5184=CARTESIAN_POINT('',(13.75,-17.1,15.4));
#5185=CARTESIAN_POINT('',(13.75,-17.,15.4));
#5186=CARTESIAN_POINT('Origin',(0.600000000000002,-17.,15.4));
#5187=CARTESIAN_POINT('',(5.75,-17.1,15.4));
#5188=CARTESIAN_POINT('',(5.75,-17.,15.4));
#5189=CARTESIAN_POINT('',(2.94999999999999,-17.1,15.4));
#5190=CARTESIAN_POINT('',(2.94999999999999,-17.1,15.4));
#5191=CARTESIAN_POINT('',(2.94999999999999,-17.,15.4));
#5192=CARTESIAN_POINT('Origin',(16.1,-16.95,8.));
#5193=CARTESIAN_POINT('',(16.5002560858059,-16.95,10.803909788247));
#5194=CARTESIAN_POINT('',(15.655439003749,-16.95,10.803909788247));
#5195=CARTESIAN_POINT('',(15.8777195018745,-16.95,10.803909788247));
#5196=CARTESIAN_POINT('',(15.655439003749,-16.95,11.0034524732727));
#5197=CARTESIAN_POINT('',(15.655439003749,-16.95,9.50172623663636));
#5198=CARTESIAN_POINT('',(16.3331066938038,-16.95,11.0034524732727));
#5199=CARTESIAN_POINT('',(16.2165533469019,-16.95,11.0034524732727));
#5200=CARTESIAN_POINT('',(16.425103645991,-16.95,11.4595500390458));
#5201=CARTESIAN_POINT('',(16.0834854287074,-16.95,9.76589352518896));
#5202=CARTESIAN_POINT('',(16.1037621791964,-16.95,11.3533000379282));
#5203=CARTESIAN_POINT('Ctrl Pts',(16.425103645991,-16.95,11.4595500390458));
#5204=CARTESIAN_POINT('Ctrl Pts',(16.2722073029194,-16.95,11.3533000379282));
#5205=CARTESIAN_POINT('Ctrl Pts',(16.1037621791964,-16.95,11.3533000379282));
#5206=CARTESIAN_POINT('',(15.5751036370503,-16.95,11.9039860193303));
#5207=CARTESIAN_POINT('Ctrl Pts',(16.1037621791964,-16.95,11.3533000379282));
#5208=CARTESIAN_POINT('Ctrl Pts',(15.8808963231936,-16.95,11.3533000379282));
#5209=CARTESIAN_POINT('Ctrl Pts',(15.5751036370503,-16.95,11.6616841875134));
#5210=CARTESIAN_POINT('Ctrl Pts',(15.5751036370503,-16.95,11.9039860193303));
#5211=CARTESIAN_POINT('',(15.7098597360287,-16.95,12.3043671211027));
#5212=CARTESIAN_POINT('Ctrl Pts',(15.5751036370503,-16.95,11.9039860193303));
#5213=CARTESIAN_POINT('Ctrl Pts',(15.5751036370503,-16.95,12.1359219973797));
#5214=CARTESIAN_POINT('Ctrl Pts',(15.7098597360287,-16.95,12.3043671211027));
#5215=CARTESIAN_POINT('',(16.1555914480342,-16.95,12.5103884647331));
#5216=CARTESIAN_POINT('Ctrl Pts',(15.7098597360287,-16.95,12.3043671211027));
#5217=CARTESIAN_POINT('Ctrl Pts',(15.8731219328679,-16.95,12.5103884647331));
#5218=CARTESIAN_POINT('Ctrl Pts',(16.1555914480342,-16.95,12.5103884647331));
#5219=CARTESIAN_POINT('',(16.7023902342735,-16.95,12.0361506548668));
#5220=CARTESIAN_POINT('Ctrl Pts',(16.1555914480342,-16.95,12.5103884647331));
#5221=CARTESIAN_POINT('Ctrl Pts',(16.3875274260836,-16.95,12.5103884647331));
#5222=CARTESIAN_POINT('Ctrl Pts',(16.6816585267384,-16.95,12.2512421205439));
#5223=CARTESIAN_POINT('Ctrl Pts',(16.7023902342735,-16.95,12.0361506548668));
#5224=CARTESIAN_POINT('',(16.4834115734336,-16.95,12.0180104107736));
#5225=CARTESIAN_POINT('',(16.1277202533945,-16.95,11.9885448576342));
#5226=CARTESIAN_POINT('',(16.1568871797551,-16.95,12.3393518775682));
#5227=CARTESIAN_POINT('Ctrl Pts',(16.4834115734336,-16.95,12.0180104107736));
#5228=CARTESIAN_POINT('Ctrl Pts',(16.4587926707356,-16.95,12.1786811441709));
#5229=CARTESIAN_POINT('Ctrl Pts',(16.2825731566869,-16.95,12.3393518775682));
#5230=CARTESIAN_POINT('Ctrl Pts',(16.1568871797551,-16.95,12.3393518775682));
#5231=CARTESIAN_POINT('',(15.7966737613321,-16.95,11.9234219951445));
#5232=CARTESIAN_POINT('Ctrl Pts',(16.1568871797551,-16.95,12.3393518775682));
#5233=CARTESIAN_POINT('Ctrl Pts',(16.0039908366835,-16.95,12.3393518775682));
#5234=CARTESIAN_POINT('Ctrl Pts',(15.7966737613321,-16.95,12.1113030946817));
#5235=CARTESIAN_POINT('Ctrl Pts',(15.7966737613321,-16.95,11.9234219951445));
#5236=CARTESIAN_POINT('',(16.159478643197,-16.95,11.5372939423025));
#5237=CARTESIAN_POINT('Ctrl Pts',(15.7966737613321,-16.95,11.9234219951445));
#5238=CARTESIAN_POINT('Ctrl Pts',(15.7966737613321,-16.95,11.7446110176539));
#5239=CARTESIAN_POINT('Ctrl Pts',(15.9962164463578,-16.95,11.5372939423025));
#5240=CARTESIAN_POINT('Ctrl Pts',(16.159478643197,-16.95,11.5372939423025));
#5241=CARTESIAN_POINT('',(16.4691585245032,-16.95,11.7031476025837));
#5242=CARTESIAN_POINT('Ctrl Pts',(16.159478643197,-16.95,11.5372939423025));
#5243=CARTESIAN_POINT('Ctrl Pts',(16.2605457174308,-16.95,11.5372939423025));
#5244=CARTESIAN_POINT('Ctrl Pts',(16.4225121825491,-16.95,11.6292908944897));
#5245=CARTESIAN_POINT('Ctrl Pts',(16.4691585245032,-16.95,11.7031476025837));
#5246=CARTESIAN_POINT('',(16.6648140143661,-16.95,11.6772329681647));
#5247=CARTESIAN_POINT('',(16.6266027136096,-16.95,11.6822940676027));
#5248=CARTESIAN_POINT('',(16.2382852304128,-16.95,9.41360776828707));
#5249=CARTESIAN_POINT('',(16.059192419439,-16.95,3.67929965801472));
#5250=CARTESIAN_POINT('',(15.8881558322741,-16.95,3.67929965801472));
#5251=CARTESIAN_POINT('',(15.994077916137,-16.95,3.67929965801472));
#5252=CARTESIAN_POINT('',(15.8881558322741,-16.95,4.78067162081897));
#5253=CARTESIAN_POINT('',(15.8881558322741,-16.95,6.39033581040949));
#5254=CARTESIAN_POINT('',(15.6588113176666,-16.95,4.78067162081897));
#5255=CARTESIAN_POINT('',(15.8794056588333,-16.95,4.78067162081897));
#5256=CARTESIAN_POINT('',(15.6588113176666,-16.95,4.97243991551901));
#5257=CARTESIAN_POINT('',(15.6588113176666,-16.95,6.4862199577595));
#5258=CARTESIAN_POINT('',(15.8881558322741,-16.95,4.97243991551901));
#5259=CARTESIAN_POINT('',(15.994077916137,-16.95,4.97243991551901));
#5260=CARTESIAN_POINT('',(15.8881558322741,-16.95,5.37929967589611));
#5261=CARTESIAN_POINT('',(15.8881558322741,-16.95,6.68964983794806));
#5262=CARTESIAN_POINT('',(16.0967686393464,-16.95,5.37929967589611));
#5263=CARTESIAN_POINT('',(16.0983843196732,-16.95,5.37929967589611));
#5264=CARTESIAN_POINT('',(16.0967686393464,-16.95,4.97243991551901));
#5265=CARTESIAN_POINT('',(16.0967686393464,-16.95,6.4862199577595));
#5266=CARTESIAN_POINT('',(16.8340399885648,-16.95,4.97243991551901));
#5267=CARTESIAN_POINT('',(16.4670199942824,-16.95,4.97243991551901));
#5268=CARTESIAN_POINT('',(16.8340399885648,-16.95,4.78067162081897));
#5269=CARTESIAN_POINT('',(16.8340399885648,-16.95,6.39033581040949));
#5270=CARTESIAN_POINT('',(17.082614672236,-16.95,5.13399684008401));
#5271=CARTESIAN_POINT('Origin',(7.79094924678152,-16.95,8.));
#5272=CARTESIAN_POINT('',(3.11858669988239,-16.95,11.2500539020749));
#5273=CARTESIAN_POINT('',(3.4386324349561,-16.95,10.9559228014201));
#5274=CARTESIAN_POINT('Ctrl Pts',(3.11858669988239,-16.95,11.2500539020749));
#5275=CARTESIAN_POINT('Ctrl Pts',(3.11858669988239,-16.95,11.125663656864));
#5276=CARTESIAN_POINT('Ctrl Pts',(3.29610194565202,-16.95,10.9559228014201));
#5277=CARTESIAN_POINT('Ctrl Pts',(3.4386324349561,-16.95,10.9559228014201));
#5278=CARTESIAN_POINT('',(3.77033975551832,-16.95,11.2967002440289));
#5279=CARTESIAN_POINT('Ctrl Pts',(3.4386324349561,-16.95,10.9559228014201));
#5280=CARTESIAN_POINT('Ctrl Pts',(3.58893731458586,-16.95,10.9559228014201));
#5281=CARTESIAN_POINT('Ctrl Pts',(3.76904402379738,-16.95,11.1373252423525));
#5282=CARTESIAN_POINT('Ctrl Pts',(3.77033975551832,-16.95,11.2967002440289));
#5283=CARTESIAN_POINT('',(3.98543122119539,-16.95,11.2746728047728));
#5284=CARTESIAN_POINT('',(6.0343804287393,-16.95,11.0648406570123));
#5285=CARTESIAN_POINT('',(3.43344950807232,-16.95,10.7835904825342));
#5286=CARTESIAN_POINT('Ctrl Pts',(3.98543122119539,-16.95,11.2746728047728));
#5287=CARTESIAN_POINT('Ctrl Pts',(3.96340378193931,-16.95,11.0349624363978));
#5288=CARTESIAN_POINT('Ctrl Pts',(3.67575133988925,-16.95,10.7835904825342));
#5289=CARTESIAN_POINT('Ctrl Pts',(3.43344950807232,-16.95,10.7835904825342));
#5290=CARTESIAN_POINT('',(2.90349523420533,-16.95,11.2552368289586));
#5291=CARTESIAN_POINT('Ctrl Pts',(3.43344950807232,-16.95,10.7835904825342));
#5292=CARTESIAN_POINT('Ctrl Pts',(3.18855621281349,-16.95,10.7835904825342));
#5293=CARTESIAN_POINT('Ctrl Pts',(2.90349523420533,-16.95,11.054398412212));
#5294=CARTESIAN_POINT('Ctrl Pts',(2.90349523420533,-16.95,11.2552368289586));
#5295=CARTESIAN_POINT('',(3.4049434102115,-16.95,11.9627063485953));
#5296=CARTESIAN_POINT('Ctrl Pts',(2.90349523420533,-16.95,11.2552368289586));
#5297=CARTESIAN_POINT('Ctrl Pts',(2.90349523420533,-16.95,11.3575996349134));
#5298=CARTESIAN_POINT('Ctrl Pts',(2.98642206434588,-16.95,11.5545508564972));
#5299=CARTESIAN_POINT('Ctrl Pts',(3.18078182248781,-16.95,11.7722337856162));
#5300=CARTESIAN_POINT('Ctrl Pts',(3.4049434102115,-16.95,11.9627063485953));
#5301=CARTESIAN_POINT('',(3.73405926733183,-16.95,12.2892307422737));
#5302=CARTESIAN_POINT('Ctrl Pts',(3.4049434102115,-16.95,11.9627063485953));
#5303=CARTESIAN_POINT('Ctrl Pts',(3.5928245097487,-16.95,12.1194898868297));
#5304=CARTESIAN_POINT('Ctrl Pts',(3.69907451086628,-16.95,12.2322185465521));
#5305=CARTESIAN_POINT('Ctrl Pts',(3.73405926733183,-16.95,12.2892307422737));
#5306=CARTESIAN_POINT('',(2.90090377076343,-16.95,12.2892307422737));
#5307=CARTESIAN_POINT('',(5.34592650877248,-16.95,12.2892307422737));
#5308=CARTESIAN_POINT('',(2.90090377076343,-16.95,12.4900691590204));
#5309=CARTESIAN_POINT('',(2.90090377076343,-16.95,10.2450345795102));
#5310=CARTESIAN_POINT('',(4.02430317282378,-16.95,12.4900691590204));
#5311=CARTESIAN_POINT('',(5.90762620980265,-16.95,12.4900691590204));
#5312=CARTESIAN_POINT('',(3.9996842701258,-16.95,12.3449472062744));
#5313=CARTESIAN_POINT('Ctrl Pts',(4.02430317282378,-16.95,12.4900691590204));
#5314=CARTESIAN_POINT('Ctrl Pts',(4.02689463626567,-16.95,12.4149167192055));
#5315=CARTESIAN_POINT('Ctrl Pts',(3.9996842701258,-16.95,12.3449472062744));
#5316=CARTESIAN_POINT('',(3.58893731458586,-16.95,11.8616392743615));
#5317=CARTESIAN_POINT('Ctrl Pts',(3.9996842701258,-16.95,12.3449472062744));
#5318=CARTESIAN_POINT('Ctrl Pts',(3.95692512333457,-16.95,12.2296270831102));
#5319=CARTESIAN_POINT('Ctrl Pts',(3.76774829207643,-16.95,12.0080569588284));
#5320=CARTESIAN_POINT('Ctrl Pts',(3.58893731458586,-16.95,11.8616392743615));
#5321=CARTESIAN_POINT('Ctrl Pts',(3.58893731458586,-16.95,11.8616392743615));
#5322=CARTESIAN_POINT('Ctrl Pts',(3.31294645802432,-16.95,11.6335904914749));
#5323=CARTESIAN_POINT('Ctrl Pts',(3.11858669988239,-16.95,11.3692612204019));
#5324=CARTESIAN_POINT('Ctrl Pts',(3.11858669988239,-16.95,11.2500539020749));
#5325=CARTESIAN_POINT('',(3.88110547203828,-16.95,3.98443022990676));
#5326=CARTESIAN_POINT('',(4.29833108618295,-16.95,4.23580218377032));
#5327=CARTESIAN_POINT('Ctrl Pts',(3.88110547203828,-16.95,3.98443022990676));
#5328=CARTESIAN_POINT('Ctrl Pts',(3.95625791185316,-16.95,4.0556954745588));
#5329=CARTESIAN_POINT('Ctrl Pts',(4.20115120711199,-16.95,4.19952169558383));
#5330=CARTESIAN_POINT('Ctrl Pts',(4.29833108618295,-16.95,4.23580218377032));
#5331=CARTESIAN_POINT('',(4.29833108618295,-16.95,4.03366803530272));
#5332=CARTESIAN_POINT('',(4.29833108618295,-16.95,6.01683401765136));
#5333=CARTESIAN_POINT('',(3.80724876394435,-16.95,3.60737229911142));
#5334=CARTESIAN_POINT('Ctrl Pts',(4.29833108618295,-16.95,4.03366803530272));
#5335=CARTESIAN_POINT('Ctrl Pts',(4.12340730385522,-16.95,3.95203693688311));
#5336=CARTESIAN_POINT('Ctrl Pts',(3.86166949622409,-16.95,3.71750949539185));
#5337=CARTESIAN_POINT('Ctrl Pts',(3.80724876394435,-16.95,3.60737229911142));
#5338=CARTESIAN_POINT('',(3.67249266496595,-16.95,3.60737229911142));
#5339=CARTESIAN_POINT('',(5.73172095587373,-16.95,3.60737229911142));
#5340=CARTESIAN_POINT('',(3.67249266496595,-16.95,5.31385097559755));
#5341=CARTESIAN_POINT('',(3.67249266496595,-16.95,6.65692548779877));
#5342=CARTESIAN_POINT('',(3.88110547203828,-16.95,5.31385097559755));
#5343=CARTESIAN_POINT('',(5.8360273594099,-16.95,5.31385097559755));
#5344=CARTESIAN_POINT('',(3.88110547203828,-16.95,5.99221511495338));
#5345=CARTESIAN_POINT('',(3.51599925678878,-16.95,7.71947506092061));
#5346=CARTESIAN_POINT('',(3.7945815767922,-16.95,7.45385005812664));
#5347=CARTESIAN_POINT('Ctrl Pts',(3.51599925678878,-16.95,7.71947506092061));
#5348=CARTESIAN_POINT('Ctrl Pts',(3.51599925678878,-16.95,7.6041549377564));
#5349=CARTESIAN_POINT('Ctrl Pts',(3.67148706330232,-16.95,7.45385005812664));
#5350=CARTESIAN_POINT('Ctrl Pts',(3.79458157679221,-16.95,7.45385005812664));
#5351=CARTESIAN_POINT('',(4.10166999465645,-16.95,7.76093847599089));
#5352=CARTESIAN_POINT('Ctrl Pts',(3.79458157679221,-16.95,7.45385005812664));
#5353=CARTESIAN_POINT('Ctrl Pts',(3.91638035856115,-16.95,7.45385005812664));
#5354=CARTESIAN_POINT('Ctrl Pts',(4.07834682367942,-16.95,7.60674640119829));
#5355=CARTESIAN_POINT('Ctrl Pts',(4.10166999465645,-16.95,7.76093847599089));
#5356=CARTESIAN_POINT('',(4.31028280172879,-16.95,7.72336225608345));
#5357=CARTESIAN_POINT('',(5.97179414796348,-16.95,7.4240838148362));
#5358=CARTESIAN_POINT('',(3.79846877195504,-16.95,7.28281347096174));
#5359=CARTESIAN_POINT('Ctrl Pts',(4.31028280172879,-16.95,7.72336225608345));
#5360=CARTESIAN_POINT('Ctrl Pts',(4.2714108501004,-16.95,7.51345371729017));
#5361=CARTESIAN_POINT('Ctrl Pts',(4.00060292042265,-16.95,7.28281347096174));
#5362=CARTESIAN_POINT('Ctrl Pts',(3.79846877195504,-16.95,7.28281347096174));
#5363=CARTESIAN_POINT('',(3.30090779111171,-16.95,7.72336225608345));
#5364=CARTESIAN_POINT('Ctrl Pts',(3.79846877195504,-16.95,7.28281347096174));
#5365=CARTESIAN_POINT('Ctrl Pts',(3.6598254778138,-16.95,7.28281347096174));
#5366=CARTESIAN_POINT('Ctrl Pts',(3.42529803632254,-16.95,7.40202078928879));
#5367=CARTESIAN_POINT('Ctrl Pts',(3.30090779111171,-16.95,7.60804213291924));
#5368=CARTESIAN_POINT('Ctrl Pts',(3.30090779111171,-16.95,7.72336225608345));
#5369=CARTESIAN_POINT('',(3.53543523260297,-16.95,8.06802689385513));
#5370=CARTESIAN_POINT('Ctrl Pts',(3.30090779111171,-16.95,7.72336225608345));
#5371=CARTESIAN_POINT('Ctrl Pts',(3.30090779111171,-16.95,7.83349945236387));
#5372=CARTESIAN_POINT('Ctrl Pts',(3.41881937771781,-16.95,8.01490189329634));
#5373=CARTESIAN_POINT('Ctrl Pts',(3.53543523260297,-16.95,8.06802689385513));
#5374=CARTESIAN_POINT('',(3.21798096097115,-16.95,8.48654823972075));
#5375=CARTESIAN_POINT('Ctrl Pts',(3.53543523260297,-16.95,8.06802689385513));
#5376=CARTESIAN_POINT('Ctrl Pts',(3.38383462125227,-16.95,8.10301165032068));
#5377=CARTESIAN_POINT('Ctrl Pts',(3.21798096097115,-16.95,8.32199031116058));
#5378=CARTESIAN_POINT('Ctrl Pts',(3.21798096097115,-16.95,8.48654823972075));
#5379=CARTESIAN_POINT('',(3.79069438162937,-16.95,9.01779824530869));
#5380=CARTESIAN_POINT('Ctrl Pts',(3.21798096097115,-16.95,8.48654823972075));
#5381=CARTESIAN_POINT('Ctrl Pts',(3.21798096097115,-16.95,8.70811836400255));
#5382=CARTESIAN_POINT('Ctrl Pts',(3.54320962292865,-16.95,9.01779824530869));
#5383=CARTESIAN_POINT('Ctrl Pts',(3.79069438162937,-16.95,9.01779824530869));
#5384=CARTESIAN_POINT('',(4.33101450926393,-16.95,8.5383775085586));
#5385=CARTESIAN_POINT('Ctrl Pts',(3.79069438162937,-16.95,9.01779824530869));
#5386=CARTESIAN_POINT('Ctrl Pts',(4.01485596935306,-16.95,9.01779824530869));
#5387=CARTESIAN_POINT('Ctrl Pts',(4.31028280172879,-16.95,8.75087751079377));
#5388=CARTESIAN_POINT('Ctrl Pts',(4.33101450926393,-16.95,8.5383775085586));
#5389=CARTESIAN_POINT('',(4.12240170219159,-16.95,8.51116714241873));
#5390=CARTESIAN_POINT('',(5.89321129165366,-16.95,8.7421423062616));
#5391=CARTESIAN_POINT('',(3.78939864990842,-16.95,8.84546592642284));
#5392=CARTESIAN_POINT('Ctrl Pts',(4.12240170219159,-16.95,8.51116714241873));
#5393=CARTESIAN_POINT('Ctrl Pts',(4.0861212140051,-16.95,8.68868238818835));
#5394=CARTESIAN_POINT('Ctrl Pts',(3.91378889511925,-16.95,8.84546592642284));
#5395=CARTESIAN_POINT('Ctrl Pts',(3.78939864990842,-16.95,8.84546592642284));
#5396=CARTESIAN_POINT('',(3.43955108525295,-16.95,8.49043543488359));
#5397=CARTESIAN_POINT('Ctrl Pts',(3.78939864990842,-16.95,8.84546592642284));
#5398=CARTESIAN_POINT('Ctrl Pts',(3.64168523372056,-16.95,8.84546592642284));
#5399=CARTESIAN_POINT('Ctrl Pts',(3.43955108525295,-16.95,8.64074031451335));
#5400=CARTESIAN_POINT('Ctrl Pts',(3.43955108525295,-16.95,8.49043543488359));
#5401=CARTESIAN_POINT('',(3.77255413753612,-16.95,8.16002384604231));
#5402=CARTESIAN_POINT('Ctrl Pts',(3.43955108525295,-16.95,8.49043543488359));
#5403=CARTESIAN_POINT('Ctrl Pts',(3.43955108525295,-16.95,8.34660921385856));
#5404=CARTESIAN_POINT('Ctrl Pts',(3.62743218479015,-16.95,8.16002384604231));
#5405=CARTESIAN_POINT('Ctrl Pts',(3.77255413753612,-16.95,8.16002384604231));
#5406=CARTESIAN_POINT('',(3.91897182200304,-16.95,8.18334701701934));
#5407=CARTESIAN_POINT('Ctrl Pts',(3.77255413753612,-16.95,8.16002384604231));
#5408=CARTESIAN_POINT('Ctrl Pts',(3.8308620649787,-16.95,8.16002384604231));
#5409=CARTESIAN_POINT('Ctrl Pts',(3.91897182200304,-16.95,8.18334701701934));
#5410=CARTESIAN_POINT('',(3.89694438274695,-16.95,8.00064884436593));
#5411=CARTESIAN_POINT('',(3.9248028885913,-16.95,8.2317105693102));
#5412=CARTESIAN_POINT('',(3.86325535800235,-16.95,8.00324030780782));
#5413=CARTESIAN_POINT('Ctrl Pts',(3.89694438274695,-16.95,8.00064884436593));
#5414=CARTESIAN_POINT('Ctrl Pts',(3.87491694349087,-16.95,8.00324030780782));
#5415=CARTESIAN_POINT('Ctrl Pts',(3.86325535800235,-16.95,8.00324030780782));
#5416=CARTESIAN_POINT('Ctrl Pts',(3.86325535800235,-16.95,8.00324030780782));
#5417=CARTESIAN_POINT('Ctrl Pts',(3.7297949907449,-16.95,8.00324030780782));
#5418=CARTESIAN_POINT('Ctrl Pts',(3.51599925678878,-16.95,7.86330128194564));
#5419=CARTESIAN_POINT('Ctrl Pts',(3.51599925678878,-16.95,7.71947506092061));
#5420=CARTESIAN_POINT('Origin',(16.1,-17.,8.));
#5421=CARTESIAN_POINT('',(16.0967686393464,-17.,5.37929967589611));
#5422=CARTESIAN_POINT('',(15.8881558322741,-17.,5.37929967589611));
#5423=CARTESIAN_POINT('',(16.0983843196732,-17.,5.37929967589611));
#5424=CARTESIAN_POINT('',(15.8881558322741,-17.,4.97243991551901));
#5425=CARTESIAN_POINT('',(15.8881558322741,-17.,6.68964983794806));
#5426=CARTESIAN_POINT('',(15.6588113176666,-17.,4.97243991551901));
#5427=CARTESIAN_POINT('',(15.994077916137,-17.,4.97243991551901));
#5428=CARTESIAN_POINT('',(15.6588113176666,-17.,4.78067162081897));
#5429=CARTESIAN_POINT('',(15.6588113176666,-17.,6.4862199577595));
#5430=CARTESIAN_POINT('',(15.8881558322741,-17.,4.78067162081897));
#5431=CARTESIAN_POINT('',(15.8794056588333,-17.,4.78067162081897));
#5432=CARTESIAN_POINT('',(15.8881558322741,-17.,3.67929965801472));
#5433=CARTESIAN_POINT('',(15.8881558322741,-17.,6.39033581040949));
#5434=CARTESIAN_POINT('',(16.059192419439,-17.,3.67929965801472));
#5435=CARTESIAN_POINT('',(15.994077916137,-17.,3.67929965801472));
#5436=CARTESIAN_POINT('',(16.8340399885648,-17.,4.78067162081897));
#5437=CARTESIAN_POINT('',(17.082614672236,-17.,5.13399684008401));
#5438=CARTESIAN_POINT('',(16.8340399885648,-17.,4.97243991551901));
#5439=CARTESIAN_POINT('',(16.8340399885648,-17.,6.39033581040949));
#5440=CARTESIAN_POINT('',(16.0967686393464,-17.,4.97243991551901));
#5441=CARTESIAN_POINT('',(16.4670199942824,-17.,4.97243991551901));
#5442=CARTESIAN_POINT('',(16.0967686393464,-17.,6.4862199577595));
#5443=CARTESIAN_POINT('',(16.6293143766553,-17.,4.78067162081897));
#5444=CARTESIAN_POINT('',(16.0967686393464,-17.,4.01359844201883));
#5445=CARTESIAN_POINT('',(17.0310324133758,-17.,5.3593019802801));
#5446=CARTESIAN_POINT('',(16.0967686393464,-17.,4.78067162081897));
#5447=CARTESIAN_POINT('',(16.0967686393464,-17.,6.39033581040949));
#5448=CARTESIAN_POINT('',(16.3646571883276,-17.,4.78067162081897));
#5449=CARTESIAN_POINT('Origin',(16.6293143766553,-47.4739232787641,4.78067162081897));
#5450=CARTESIAN_POINT('',(16.6293143766553,-16.95,4.78067162081897));
#5451=CARTESIAN_POINT('',(16.0967686393464,-16.95,4.78067162081897));
#5452=CARTESIAN_POINT('',(16.3646571883276,-16.95,4.78067162081897));
#5453=CARTESIAN_POINT('',(16.6293143766553,-47.4739232787641,4.78067162081897));
#5454=CARTESIAN_POINT('',(16.0967686393464,-47.4739232787641,4.78067162081897));
#5455=CARTESIAN_POINT('Origin',(16.0967686393464,-47.4739232787641,4.01359844201883));
#5456=CARTESIAN_POINT('',(16.0967686393464,-16.95,4.01359844201883));
#5457=CARTESIAN_POINT('',(17.0310324133758,-16.95,5.3593019802801));
#5458=CARTESIAN_POINT('',(16.0967686393464,-47.4739232787641,4.01359844201883));
#5459=CARTESIAN_POINT('Origin',(15.8881558322741,-47.4739232787641,3.67929965801472));
#5460=CARTESIAN_POINT('',(16.059192419439,-47.4739232787641,3.67929965801472));
#5461=CARTESIAN_POINT('',(15.8881558322741,-47.4739232787641,3.67929965801472));
#5462=CARTESIAN_POINT('Origin',(16.059192419439,-47.4739232787641,3.67929965801472));
#5463=CARTESIAN_POINT('',(16.8340399885648,-47.4739232787641,4.78067162081897));
#5464=CARTESIAN_POINT('Origin',(16.8340399885648,-47.4739232787641,4.78067162081897));
#5465=CARTESIAN_POINT('',(16.8340399885648,-47.4739232787641,4.97243991551901));
#5466=CARTESIAN_POINT('Origin',(16.8340399885648,-47.4739232787641,4.97243991551901));
#5467=CARTESIAN_POINT('',(16.0967686393464,-47.4739232787641,4.97243991551901));
#5468=CARTESIAN_POINT('Origin',(16.0967686393464,-47.4739232787641,4.97243991551901));
#5469=CARTESIAN_POINT('',(16.0967686393464,-47.4739232787641,5.37929967589611));
#5470=CARTESIAN_POINT('Origin',(16.0967686393464,-47.4739232787641,5.37929967589611));
#5471=CARTESIAN_POINT('',(15.8881558322741,-47.4739232787641,5.37929967589611));
#5472=CARTESIAN_POINT('Origin',(16.0967686393464,-47.4739232787641,4.78067162081897));
#5473=CARTESIAN_POINT('',(16.0967686393464,-16.95,6.39033581040949));
#5474=CARTESIAN_POINT('Origin',(15.8881558322741,-47.4739232787641,5.37929967589611));
#5475=CARTESIAN_POINT('',(15.8881558322741,-47.4739232787641,4.97243991551901));
#5476=CARTESIAN_POINT('Origin',(15.8881558322741,-47.4739232787641,4.97243991551901));
#5477=CARTESIAN_POINT('',(15.6588113176666,-47.4739232787641,4.97243991551901));
#5478=CARTESIAN_POINT('Origin',(15.6588113176666,-47.4739232787641,4.97243991551901));
#5479=CARTESIAN_POINT('',(15.6588113176666,-47.4739232787641,4.78067162081897));
#5480=CARTESIAN_POINT('Origin',(15.6588113176666,-47.4739232787641,4.78067162081897));
#5481=CARTESIAN_POINT('',(15.8881558322741,-47.4739232787641,4.78067162081897));
#5482=CARTESIAN_POINT('Origin',(15.8881558322741,-47.4739232787641,4.78067162081897));
#5483=CARTESIAN_POINT('Origin',(16.1,-17.,8.));
#5484=CARTESIAN_POINT('',(2.90090377076343,-17.,12.2892307422737));
#5485=CARTESIAN_POINT('',(3.73405926733183,-17.,12.2892307422737));
#5486=CARTESIAN_POINT('',(9.50045188538172,-17.,12.2892307422737));
#5487=CARTESIAN_POINT('',(3.4049434102115,-17.,11.9627063485953));
#5488=CARTESIAN_POINT('Ctrl Pts',(3.73405926733183,-17.,12.2892307422737));
#5489=CARTESIAN_POINT('Ctrl Pts',(3.7107360963548,-17.,12.2512226117926));
#5490=CARTESIAN_POINT('Ctrl Pts',(3.68136617734669,-17.,12.2134304365983));
#5491=CARTESIAN_POINT('Ctrl Pts',(3.64594951030749,-17.,12.1758542166909));
#5492=CARTESIAN_POINT('Ctrl Pts',(3.61053284326829,-17.,12.1382779967835));
#5493=CARTESIAN_POINT('Ctrl Pts',(3.53019747656963,-17.,12.0672287074182));
#5494=CARTESIAN_POINT('Ctrl Pts',(3.4049434102115,-17.,11.9627063485953));
#5495=CARTESIAN_POINT('',(2.90349523420533,-17.,11.2552368289586));
#5496=CARTESIAN_POINT('Ctrl Pts',(3.4049434102115,-17.,11.9627063485953));
#5497=CARTESIAN_POINT('Ctrl Pts',(3.25550235172904,-17.,11.8357246399425));
#5498=CARTESIAN_POINT('Ctrl Pts',(3.14838852946416,-17.,11.7359532974297));
#5499=CARTESIAN_POINT('Ctrl Pts',(3.08360194341685,-17.,11.6633923210567));
#5500=CARTESIAN_POINT('Ctrl Pts',(3.01881535736954,-17.,11.5908313446837));
#5501=CARTESIAN_POINT('Ctrl Pts',(2.97260092598912,-17.,11.5217256528999));
#5502=CARTESIAN_POINT('Ctrl Pts',(2.94495864927561,-17.,11.4560752457053));
#5503=CARTESIAN_POINT('Ctrl Pts',(2.91731637256209,-17.,11.3904248385107));
#5504=CARTESIAN_POINT('Ctrl Pts',(2.90349523420533,-17.,11.3234786995951));
#5505=CARTESIAN_POINT('Ctrl Pts',(2.90349523420533,-17.,11.2552368289586));
#5506=CARTESIAN_POINT('',(3.43344950807232,-17.,10.7835904825342));
#5507=CARTESIAN_POINT('Ctrl Pts',(2.90349523420533,-17.,11.2552368289586));
#5508=CARTESIAN_POINT('Ctrl Pts',(2.90349523420533,-17.,11.1213445511275));
#5509=CARTESIAN_POINT('Ctrl Pts',(2.95100539730669,-17.,11.0092637572657));
#5510=CARTESIAN_POINT('Ctrl Pts',(3.04602572350941,-17.,10.9189944473731));
#5511=CARTESIAN_POINT('Ctrl Pts',(3.14104604971213,-17.,10.8287251374805));
#5512=CARTESIAN_POINT('Ctrl Pts',(3.2701873112331,-17.,10.7835904825342));
#5513=CARTESIAN_POINT('Ctrl Pts',(3.43344950807232,-17.,10.7835904825342));
#5514=CARTESIAN_POINT('',(3.98543122119539,-17.,11.2746728047728));
#5515=CARTESIAN_POINT('Ctrl Pts',(3.43344950807232,-17.,10.7835904825342));
#5516=CARTESIAN_POINT('Ctrl Pts',(3.59498406261694,-17.,10.7835904825342));
#5517=CARTESIAN_POINT('Ctrl Pts',(3.72369341356426,-17.,10.8254858081782));
#5518=CARTESIAN_POINT('Ctrl Pts',(3.81957756091428,-17.,10.909276459466));
#5519=CARTESIAN_POINT('Ctrl Pts',(3.9154617082643,-17.,10.9930671107539));
#5520=CARTESIAN_POINT('Ctrl Pts',(3.97074626169133,-17.,11.1148658925228));
#5521=CARTESIAN_POINT('Ctrl Pts',(3.98543122119539,-17.,11.2746728047728));
#5522=CARTESIAN_POINT('',(3.77033975551832,-17.,11.2967002440289));
#5523=CARTESIAN_POINT('',(10.1457864721167,-17.,10.6437930501604));
#5524=CARTESIAN_POINT('',(3.4386324349561,-17.,10.9559228014201));
#5525=CARTESIAN_POINT('Ctrl Pts',(3.77033975551832,-17.,11.2967002440289));
#5526=CARTESIAN_POINT('Ctrl Pts',(3.76947593437103,-17.,11.1904502429113));
#5527=CARTESIAN_POINT('Ctrl Pts',(3.73902623892879,-17.,11.1070915021971));
#5528=CARTESIAN_POINT('Ctrl Pts',(3.67899066919162,-17.,11.0466240218863));
#5529=CARTESIAN_POINT('Ctrl Pts',(3.61895509945445,-17.,10.9861565415755));
#5530=CARTESIAN_POINT('Ctrl Pts',(3.53883568804261,-17.,10.9559228014201));
#5531=CARTESIAN_POINT('Ctrl Pts',(3.4386324349561,-17.,10.9559228014201));
#5532=CARTESIAN_POINT('',(3.11858669988239,-17.,11.2500539020749));
#5533=CARTESIAN_POINT('Ctrl Pts',(3.4386324349561,-17.,10.9559228014201));
#5534=CARTESIAN_POINT('Ctrl Pts',(3.34361210875338,-17.,10.9559228014201));
#5535=CARTESIAN_POINT('Ctrl Pts',(3.26651607135708,-17.,10.9842129439941));
#5536=CARTESIAN_POINT('Ctrl Pts',(3.20734432276721,-17.,11.040793229142));
#5537=CARTESIAN_POINT('Ctrl Pts',(3.14817257417733,-17.,11.09737351429));
#5538=CARTESIAN_POINT('Ctrl Pts',(3.11858669988239,-17.,11.1671270719343));
#5539=CARTESIAN_POINT('Ctrl Pts',(3.11858669988239,-17.,11.2500539020749));
#5540=CARTESIAN_POINT('',(3.58893731458586,-17.,11.8616392743615));
#5541=CARTESIAN_POINT('Ctrl Pts',(3.11858669988239,-17.,11.2500539020749));
#5542=CARTESIAN_POINT('Ctrl Pts',(3.11858669988239,-17.,11.3295254476262));
#5543=CARTESIAN_POINT('Ctrl Pts',(3.15097999290605,-17.,11.4133160989141));
#5544=CARTESIAN_POINT('Ctrl Pts',(3.21576657895336,-17.,11.5014258559384));
#5545=CARTESIAN_POINT('Ctrl Pts',(3.28055316500067,-17.,11.5895356129628));
#5546=CARTESIAN_POINT('Ctrl Pts',(3.4049434102115,-17.,11.7096067524371));
#5547=CARTESIAN_POINT('Ctrl Pts',(3.58893731458586,-17.,11.8616392743615));
#5548=CARTESIAN_POINT('',(3.9996842701258,-17.,12.3449472062744));
#5549=CARTESIAN_POINT('Ctrl Pts',(3.58893731458586,-17.,11.8616392743615));
#5550=CARTESIAN_POINT('Ctrl Pts',(3.70814463291291,-17.,11.9592510640061));
#5551=CARTESIAN_POINT('Ctrl Pts',(3.79927776395279,-17.,12.0449853128753));
#5552=CARTESIAN_POINT('Ctrl Pts',(3.8623367077055,-17.,12.1188420209693));
#5553=CARTESIAN_POINT('Ctrl Pts',(3.92539565145822,-17.,12.1926987290632));
#5554=CARTESIAN_POINT('Ctrl Pts',(3.97117817226498,-17.,12.2680671241649));
#5555=CARTESIAN_POINT('Ctrl Pts',(3.9996842701258,-17.,12.3449472062744));
#5556=CARTESIAN_POINT('',(4.02430317282378,-17.,12.4900691590204));
#5557=CARTESIAN_POINT('Ctrl Pts',(3.9996842701258,-17.,12.3449472062744));
#5558=CARTESIAN_POINT('Ctrl Pts',(4.01782451421905,-17.,12.3915935482284));
#5559=CARTESIAN_POINT('Ctrl Pts',(4.02603081511837,-17.,12.4399675324771));
#5560=CARTESIAN_POINT('Ctrl Pts',(4.02430317282378,-17.,12.4900691590204));
#5561=CARTESIAN_POINT('',(2.90090377076343,-17.,12.4900691590204));
#5562=CARTESIAN_POINT('',(10.0621515864119,-17.,12.4900691590204));
#5563=CARTESIAN_POINT('',(2.90090377076344,-17.,10.2450345795102));
#5564=CARTESIAN_POINT('Ctrl Pts',(3.1185866998824,-47.4739232787641,11.2500539020749));
#5565=CARTESIAN_POINT('Ctrl Pts',(3.11858669988239,13.4739232787641,11.2500539020749));
#5566=CARTESIAN_POINT('Ctrl Pts',(3.1185866998824,-47.4739232787641,11.125663656864));
#5567=CARTESIAN_POINT('Ctrl Pts',(3.11858669988239,13.4739232787641,11.125663656864));
#5568=CARTESIAN_POINT('Ctrl Pts',(3.29610194565203,-47.4739232787641,10.9559228014201));
#5569=CARTESIAN_POINT('Ctrl Pts',(3.29610194565201,13.4739232787641,10.9559228014201));
#5570=CARTESIAN_POINT('Ctrl Pts',(3.43863243495611,-47.4739232787641,10.9559228014201));
#5571=CARTESIAN_POINT('Ctrl Pts',(3.43863243495609,13.4739232787641,10.9559228014201));
#5572=CARTESIAN_POINT('',(3.1185866998824,-47.4739232787641,11.2500539020749));
#5573=CARTESIAN_POINT('',(3.43863243495611,-47.4739232787641,10.9559228014201));
#5574=CARTESIAN_POINT('Ctrl Pts',(3.58893731458587,-47.4739232787641,11.8616392743615));
#5575=CARTESIAN_POINT('Ctrl Pts',(3.58893731458585,13.4739232787641,11.8616392743615));
#5576=CARTESIAN_POINT('Ctrl Pts',(3.31294645802433,-47.4739232787641,11.6335904914749));
#5577=CARTESIAN_POINT('Ctrl Pts',(3.31294645802431,13.4739232787641,11.6335904914749));
#5578=CARTESIAN_POINT('Ctrl Pts',(3.1185866998824,-47.4739232787641,11.3692612204019));
#5579=CARTESIAN_POINT('Ctrl Pts',(3.11858669988239,13.4739232787641,11.3692612204019));
#5580=CARTESIAN_POINT('Ctrl Pts',(3.1185866998824,-47.4739232787641,11.2500539020749));
#5581=CARTESIAN_POINT('Ctrl Pts',(3.11858669988239,13.4739232787641,11.2500539020749));
#5582=CARTESIAN_POINT('',(3.58893731458587,-47.4739232787641,11.8616392743615));
#5583=CARTESIAN_POINT('Ctrl Pts',(3.99968427012581,-47.4739232787641,12.3449472062744));
#5584=CARTESIAN_POINT('Ctrl Pts',(3.99968427012579,13.4739232787641,12.3449472062744));
#5585=CARTESIAN_POINT('Ctrl Pts',(3.95692512333458,-47.4739232787641,12.2296270831102));
#5586=CARTESIAN_POINT('Ctrl Pts',(3.95692512333457,13.4739232787641,12.2296270831102));
#5587=CARTESIAN_POINT('Ctrl Pts',(3.76774829207644,-47.4739232787641,12.0080569588284));
#5588=CARTESIAN_POINT('Ctrl Pts',(3.76774829207642,13.4739232787641,12.0080569588284));
#5589=CARTESIAN_POINT('Ctrl Pts',(3.58893731458587,-47.4739232787641,11.8616392743615));
#5590=CARTESIAN_POINT('Ctrl Pts',(3.58893731458585,13.4739232787641,11.8616392743615));
#5591=CARTESIAN_POINT('',(3.99968427012581,-47.4739232787641,12.3449472062744));
#5592=CARTESIAN_POINT('Ctrl Pts',(4.02430317282378,-47.4739232787641,12.4900691590204));
#5593=CARTESIAN_POINT('Ctrl Pts',(4.02430317282377,13.4739232787641,12.4900691590204));
#5594=CARTESIAN_POINT('Ctrl Pts',(4.02689463626568,-47.4739232787641,12.4149167192055));
#5595=CARTESIAN_POINT('Ctrl Pts',(4.02689463626566,13.4739232787641,12.4149167192055));
#5596=CARTESIAN_POINT('Ctrl Pts',(3.99968427012581,-47.4739232787641,12.3449472062744));
#5597=CARTESIAN_POINT('Ctrl Pts',(3.99968427012579,13.4739232787641,12.3449472062744));
#5598=CARTESIAN_POINT('',(4.02430317282378,-47.4739232787641,12.4900691590204));
#5599=CARTESIAN_POINT('Origin',(4.02430317282378,-47.4739232787641,12.4900691590204));
#5600=CARTESIAN_POINT('',(2.90090377076344,-47.4739232787641,12.4900691590204));
#5601=CARTESIAN_POINT('Origin',(2.90090377076344,-47.4739232787641,12.4900691590204));
#5602=CARTESIAN_POINT('',(2.90090377076344,-47.4739232787641,12.2892307422737));
#5603=CARTESIAN_POINT('Origin',(2.90090377076344,-47.4739232787641,12.2892307422737));
#5604=CARTESIAN_POINT('',(3.73405926733184,-47.4739232787641,12.2892307422737));
#5605=CARTESIAN_POINT('Ctrl Pts',(3.40494341021151,-47.4739232787641,11.9627063485953));
#5606=CARTESIAN_POINT('Ctrl Pts',(3.40494341021149,13.4739232787641,11.9627063485953));
#5607=CARTESIAN_POINT('Ctrl Pts',(3.5928245097487,-47.4739232787641,12.1194898868297));
#5608=CARTESIAN_POINT('Ctrl Pts',(3.59282450974869,13.4739232787641,12.1194898868297));
#5609=CARTESIAN_POINT('Ctrl Pts',(3.69907451086629,-47.4739232787641,12.2322185465521));
#5610=CARTESIAN_POINT('Ctrl Pts',(3.69907451086628,13.4739232787641,12.2322185465521));
#5611=CARTESIAN_POINT('Ctrl Pts',(3.73405926733184,-47.4739232787641,12.2892307422737));
#5612=CARTESIAN_POINT('Ctrl Pts',(3.73405926733182,13.4739232787641,12.2892307422737));
#5613=CARTESIAN_POINT('',(3.40494341021151,-47.4739232787641,11.9627063485953));
#5614=CARTESIAN_POINT('Ctrl Pts',(2.90349523420533,-47.4739232787641,11.2552368289586));
#5615=CARTESIAN_POINT('Ctrl Pts',(2.90349523420532,13.4739232787641,11.2552368289586));
#5616=CARTESIAN_POINT('Ctrl Pts',(2.90349523420533,-47.4739232787641,11.3575996349134));
#5617=CARTESIAN_POINT('Ctrl Pts',(2.90349523420532,13.4739232787641,11.3575996349134));
#5618=CARTESIAN_POINT('Ctrl Pts',(2.98642206434589,-47.4739232787641,11.5545508564972));
#5619=CARTESIAN_POINT('Ctrl Pts',(2.98642206434588,13.4739232787641,11.5545508564972));
#5620=CARTESIAN_POINT('Ctrl Pts',(3.18078182248782,-47.4739232787641,11.7722337856162));
#5621=CARTESIAN_POINT('Ctrl Pts',(3.1807818224878,13.4739232787641,11.7722337856162));
#5622=CARTESIAN_POINT('Ctrl Pts',(3.40494341021151,-47.4739232787641,11.9627063485953));
#5623=CARTESIAN_POINT('Ctrl Pts',(3.40494341021149,13.4739232787641,11.9627063485953));
#5624=CARTESIAN_POINT('',(2.90349523420533,-47.4739232787641,11.2552368289586));
#5625=CARTESIAN_POINT('Ctrl Pts',(3.43344950807232,-47.4739232787641,10.7835904825342));
#5626=CARTESIAN_POINT('Ctrl Pts',(3.43344950807231,13.4739232787641,10.7835904825342));
#5627=CARTESIAN_POINT('Ctrl Pts',(3.18855621281349,-47.4739232787641,10.7835904825342));
#5628=CARTESIAN_POINT('Ctrl Pts',(3.18855621281348,13.4739232787641,10.7835904825342));
#5629=CARTESIAN_POINT('Ctrl Pts',(2.90349523420533,-47.4739232787641,11.054398412212));
#5630=CARTESIAN_POINT('Ctrl Pts',(2.90349523420532,13.4739232787641,11.054398412212));
#5631=CARTESIAN_POINT('Ctrl Pts',(2.90349523420533,-47.4739232787641,11.2552368289586));
#5632=CARTESIAN_POINT('Ctrl Pts',(2.90349523420532,13.4739232787641,11.2552368289586));
#5633=CARTESIAN_POINT('',(3.43344950807232,-47.4739232787641,10.7835904825342));
#5634=CARTESIAN_POINT('Ctrl Pts',(3.9854312211954,-47.4739232787641,11.2746728047728));
#5635=CARTESIAN_POINT('Ctrl Pts',(3.98543122119538,13.4739232787641,11.2746728047728));
#5636=CARTESIAN_POINT('Ctrl Pts',(3.96340378193931,-47.4739232787641,11.0349624363978));
#5637=CARTESIAN_POINT('Ctrl Pts',(3.9634037819393,13.4739232787641,11.0349624363978));
#5638=CARTESIAN_POINT('Ctrl Pts',(3.67575133988926,-47.4739232787641,10.7835904825342));
#5639=CARTESIAN_POINT('Ctrl Pts',(3.67575133988925,13.4739232787641,10.7835904825342));
#5640=CARTESIAN_POINT('Ctrl Pts',(3.43344950807232,-47.4739232787641,10.7835904825342));
#5641=CARTESIAN_POINT('Ctrl Pts',(3.43344950807231,13.4739232787641,10.7835904825342));
#5642=CARTESIAN_POINT('',(3.9854312211954,-47.4739232787641,11.2746728047728));
#5643=CARTESIAN_POINT('Origin',(3.9854312211954,-47.4739232787641,11.2746728047728));
#5644=CARTESIAN_POINT('',(3.77033975551833,-47.4739232787641,11.2967002440289));
#5645=CARTESIAN_POINT('Ctrl Pts',(3.43863243495611,-47.4739232787641,10.9559228014201));
#5646=CARTESIAN_POINT('Ctrl Pts',(3.43863243495609,13.4739232787641,10.9559228014201));
#5647=CARTESIAN_POINT('Ctrl Pts',(3.58893731458587,-47.4739232787641,10.9559228014201));
#5648=CARTESIAN_POINT('Ctrl Pts',(3.58893731458585,13.4739232787641,10.9559228014201));
#5649=CARTESIAN_POINT('Ctrl Pts',(3.76904402379739,-47.4739232787641,11.1373252423525));
#5650=CARTESIAN_POINT('Ctrl Pts',(3.76904402379737,13.4739232787641,11.1373252423525));
#5651=CARTESIAN_POINT('Ctrl Pts',(3.77033975551833,-47.4739232787641,11.2967002440289));
#5652=CARTESIAN_POINT('Ctrl Pts',(3.77033975551832,13.4739232787641,11.2967002440289));
#5653=CARTESIAN_POINT('Origin',(15.655439003749,-47.4739232787641,10.803909788247));
#5654=CARTESIAN_POINT('',(16.5002560858059,-17.,10.803909788247));
#5655=CARTESIAN_POINT('',(16.5002560858059,-47.4739232787641,10.803909788247));
#5656=CARTESIAN_POINT('',(15.655439003749,-17.,10.803909788247));
#5657=CARTESIAN_POINT('',(15.8777195018745,-17.,10.803909788247));
#5658=CARTESIAN_POINT('',(15.655439003749,-47.4739232787641,10.803909788247));
#5659=CARTESIAN_POINT('Origin',(15.655439003749,-47.4739232787641,11.0034524732727));
#5660=CARTESIAN_POINT('',(15.655439003749,-17.,11.0034524732727));
#5661=CARTESIAN_POINT('',(15.655439003749,-17.,9.50172623663636));
#5662=CARTESIAN_POINT('',(15.655439003749,-47.4739232787641,11.0034524732727));
#5663=CARTESIAN_POINT('Origin',(16.3331066938038,-47.4739232787641,11.0034524732727));
#5664=CARTESIAN_POINT('',(16.3331066938038,-17.,11.0034524732727));
#5665=CARTESIAN_POINT('',(16.2165533469019,-17.,11.0034524732727));
#5666=CARTESIAN_POINT('',(16.3331066938038,-47.4739232787641,11.0034524732727));
#5667=CARTESIAN_POINT('Origin',(16.425103645991,-47.4739232787641,11.4595500390458));
#5668=CARTESIAN_POINT('',(16.425103645991,-17.,11.4595500390458));
#5669=CARTESIAN_POINT('',(16.0834854287074,-17.,9.76589352518896));
#5670=CARTESIAN_POINT('',(16.425103645991,-47.4739232787641,11.4595500390458));
#5671=CARTESIAN_POINT('Ctrl Pts',(16.425103645991,-47.4739232787641,11.4595500390458));
#5672=CARTESIAN_POINT('Ctrl Pts',(16.425103645991,13.4739232787641,11.4595500390458));
#5673=CARTESIAN_POINT('Ctrl Pts',(16.2722073029194,-47.4739232787641,11.3533000379282));
#5674=CARTESIAN_POINT('Ctrl Pts',(16.2722073029194,13.4739232787641,11.3533000379282));
#5675=CARTESIAN_POINT('Ctrl Pts',(16.1037621791964,-47.4739232787641,11.3533000379282));
#5676=CARTESIAN_POINT('Ctrl Pts',(16.1037621791963,13.4739232787641,11.3533000379282));
#5677=CARTESIAN_POINT('',(16.1037621791964,-17.,11.3533000379282));
#5678=CARTESIAN_POINT('Ctrl Pts',(16.1037621791964,-17.,11.3533000379282));
#5679=CARTESIAN_POINT('Ctrl Pts',(16.1600402802941,-17.,11.3533000379282));
#5680=CARTESIAN_POINT('Ctrl Pts',(16.2148870790456,-17.,11.3621951658112));
#5681=CARTESIAN_POINT('Ctrl Pts',(16.3244025311364,-17.,11.3984059201316));
#5682=CARTESIAN_POINT('Ctrl Pts',(16.3766010139609,-17.,11.4258448201774));
#5683=CARTESIAN_POINT('Ctrl Pts',(16.425103645991,-17.,11.4595500390458));
#5684=CARTESIAN_POINT('',(16.1037621791964,-47.4739232787641,11.3533000379282));
#5685=CARTESIAN_POINT('Ctrl Pts',(16.1037621791964,-47.4739232787641,11.3533000379282));
#5686=CARTESIAN_POINT('Ctrl Pts',(16.1037621791963,13.4739232787641,11.3533000379282));
#5687=CARTESIAN_POINT('Ctrl Pts',(15.8808963231936,-47.4739232787641,11.3533000379282));
#5688=CARTESIAN_POINT('Ctrl Pts',(15.8808963231936,13.4739232787641,11.3533000379282));
#5689=CARTESIAN_POINT('Ctrl Pts',(15.5751036370503,-47.4739232787641,11.6616841875134));
#5690=CARTESIAN_POINT('Ctrl Pts',(15.5751036370503,13.4739232787641,11.6616841875134));
#5691=CARTESIAN_POINT('Ctrl Pts',(15.5751036370503,-47.4739232787641,11.9039860193303));
#5692=CARTESIAN_POINT('Ctrl Pts',(15.5751036370503,13.4739232787641,11.9039860193303));
#5693=CARTESIAN_POINT('',(15.5751036370503,-17.,11.9039860193303));
#5694=CARTESIAN_POINT('Ctrl Pts',(15.5751036370503,-17.,11.9039860193303));
#5695=CARTESIAN_POINT('Ctrl Pts',(15.5751036370503,-17.,11.7424514647857));
#5696=CARTESIAN_POINT('Ctrl Pts',(15.6260690847409,-17.,11.6102868292492));
#5697=CARTESIAN_POINT('Ctrl Pts',(15.727999980122,-17.,11.5074921127208));
#5698=CARTESIAN_POINT('Ctrl Pts',(15.8299308755031,-17.,11.4046973961924));
#5699=CARTESIAN_POINT('Ctrl Pts',(15.9551849418612,-17.,11.3533000379282));
#5700=CARTESIAN_POINT('Ctrl Pts',(16.1037621791964,-17.,11.3533000379282));
#5701=CARTESIAN_POINT('',(15.5751036370503,-47.4739232787641,11.9039860193303));
#5702=CARTESIAN_POINT('Ctrl Pts',(15.5751036370503,-47.4739232787641,11.9039860193303));
#5703=CARTESIAN_POINT('Ctrl Pts',(15.5751036370503,13.4739232787641,11.9039860193303));
#5704=CARTESIAN_POINT('Ctrl Pts',(15.5751036370503,-47.4739232787641,12.1359219973797));
#5705=CARTESIAN_POINT('Ctrl Pts',(15.5751036370503,13.4739232787641,12.1359219973797));
#5706=CARTESIAN_POINT('Ctrl Pts',(15.7098597360287,-47.4739232787641,12.3043671211027));
#5707=CARTESIAN_POINT('Ctrl Pts',(15.7098597360287,13.4739232787641,12.3043671211027));
#5708=CARTESIAN_POINT('',(15.7098597360287,-17.,12.3043671211027));
#5709=CARTESIAN_POINT('Ctrl Pts',(15.7098597360287,-17.,12.3043671211027));
#5710=CARTESIAN_POINT('Ctrl Pts',(15.6200223367098,-17.,12.192070371954));
#5711=CARTESIAN_POINT('Ctrl Pts',(15.5751036370503,-17.,12.0586100046966));
#5712=CARTESIAN_POINT('Ctrl Pts',(15.5751036370503,-17.,11.9039860193303));
#5713=CARTESIAN_POINT('',(15.7098597360287,-47.4739232787641,12.3043671211027));
#5714=CARTESIAN_POINT('Ctrl Pts',(15.7098597360287,-47.4739232787641,12.3043671211027));
#5715=CARTESIAN_POINT('Ctrl Pts',(15.7098597360287,13.4739232787641,12.3043671211027));
#5716=CARTESIAN_POINT('Ctrl Pts',(15.8731219328679,-47.4739232787641,12.5103884647331));
#5717=CARTESIAN_POINT('Ctrl Pts',(15.8731219328679,13.4739232787641,12.5103884647331));
#5718=CARTESIAN_POINT('Ctrl Pts',(16.1555914480342,-47.4739232787641,12.5103884647331));
#5719=CARTESIAN_POINT('Ctrl Pts',(16.1555914480342,13.4739232787641,12.5103884647331));
#5720=CARTESIAN_POINT('',(16.1555914480342,-17.,12.5103884647331));
#5721=CARTESIAN_POINT('Ctrl Pts',(16.1555914480342,-17.,12.5103884647331));
#5722=CARTESIAN_POINT('Ctrl Pts',(15.9672784379234,-17.,12.5103884647331));
#5723=CARTESIAN_POINT('Ctrl Pts',(15.8187012005882,-17.,12.441714683523));
#5724=CARTESIAN_POINT('Ctrl Pts',(15.7098597360287,-17.,12.3043671211027));
#5725=CARTESIAN_POINT('',(16.1555914480342,-47.4739232787641,12.5103884647331));
#5726=CARTESIAN_POINT('Ctrl Pts',(16.1555914480342,-47.4739232787641,12.5103884647331));
#5727=CARTESIAN_POINT('Ctrl Pts',(16.1555914480342,13.4739232787641,12.5103884647331));
#5728=CARTESIAN_POINT('Ctrl Pts',(16.3875274260836,-47.4739232787641,12.5103884647331));
#5729=CARTESIAN_POINT('Ctrl Pts',(16.3875274260836,13.4739232787641,12.5103884647331));
#5730=CARTESIAN_POINT('Ctrl Pts',(16.6816585267384,-47.4739232787641,12.2512421205439));
#5731=CARTESIAN_POINT('Ctrl Pts',(16.6816585267383,13.4739232787641,12.2512421205439));
#5732=CARTESIAN_POINT('Ctrl Pts',(16.7023902342735,-47.4739232787641,12.0361506548668));
#5733=CARTESIAN_POINT('Ctrl Pts',(16.7023902342735,13.4739232787641,12.0361506548668));
#5734=CARTESIAN_POINT('',(16.7023902342735,-17.,12.0361506548668));
#5735=CARTESIAN_POINT('Ctrl Pts',(16.7023902342735,-17.,12.0361506548668));
#5736=CARTESIAN_POINT('Ctrl Pts',(16.6885690959167,-17.,12.1795449653182));
#5737=CARTESIAN_POINT('Ctrl Pts',(16.6326366766292,-17.,12.2944331779088));
#5738=CARTESIAN_POINT('Ctrl Pts',(16.534592976411,-17.,12.3808152926385));
#5739=CARTESIAN_POINT('Ctrl Pts',(16.4365492761927,-17.,12.4671974073683));
#5740=CARTESIAN_POINT('Ctrl Pts',(16.3102154334004,-17.,12.5103884647331));
#5741=CARTESIAN_POINT('Ctrl Pts',(16.1555914480342,-17.,12.5103884647331));
#5742=CARTESIAN_POINT('',(16.7023902342735,-47.4739232787641,12.0361506548668));
#5743=CARTESIAN_POINT('Origin',(16.4834115734336,-47.4739232787641,12.0180104107736));
#5744=CARTESIAN_POINT('',(16.4834115734336,-17.,12.0180104107736));
#5745=CARTESIAN_POINT('',(16.1277202533945,-17.,11.9885448576342));
#5746=CARTESIAN_POINT('',(16.4834115734336,-47.4739232787641,12.0180104107736));
#5747=CARTESIAN_POINT('Ctrl Pts',(16.4834115734336,-47.4739232787641,12.0180104107736));
#5748=CARTESIAN_POINT('Ctrl Pts',(16.4834115734336,13.4739232787641,12.0180104107736));
#5749=CARTESIAN_POINT('Ctrl Pts',(16.4587926707356,-47.4739232787641,12.1786811441709));
#5750=CARTESIAN_POINT('Ctrl Pts',(16.4587926707356,13.4739232787641,12.1786811441709));
#5751=CARTESIAN_POINT('Ctrl Pts',(16.2825731566869,-47.4739232787641,12.3393518775682));
#5752=CARTESIAN_POINT('Ctrl Pts',(16.2825731566869,13.4739232787641,12.3393518775682));
#5753=CARTESIAN_POINT('Ctrl Pts',(16.1568871797552,-47.4739232787641,12.3393518775682));
#5754=CARTESIAN_POINT('Ctrl Pts',(16.1568871797551,13.4739232787641,12.3393518775682));
#5755=CARTESIAN_POINT('',(16.1568871797551,-17.,12.3393518775682));
#5756=CARTESIAN_POINT('Ctrl Pts',(16.1568871797551,-17.,12.3393518775682));
#5757=CARTESIAN_POINT('Ctrl Pts',(16.240677831043,-17.,12.3393518775682));
#5758=CARTESIAN_POINT('Ctrl Pts',(16.311943075695,-17.,12.312573422002));
#5759=CARTESIAN_POINT('Ctrl Pts',(16.3706829137113,-17.,12.2590165108696));
#5760=CARTESIAN_POINT('Ctrl Pts',(16.4294227517275,-17.,12.2054595997371));
#5761=CARTESIAN_POINT('Ctrl Pts',(16.4669989716349,-17.,12.1251242330385));
#5762=CARTESIAN_POINT('Ctrl Pts',(16.4834115734336,-17.,12.0180104107736));
#5763=CARTESIAN_POINT('',(16.1568871797552,-47.4739232787641,12.3393518775682));
#5764=CARTESIAN_POINT('Ctrl Pts',(16.1568871797552,-47.4739232787641,12.3393518775682));
#5765=CARTESIAN_POINT('Ctrl Pts',(16.1568871797551,13.4739232787641,12.3393518775682));
#5766=CARTESIAN_POINT('Ctrl Pts',(16.0039908366835,-47.4739232787641,12.3393518775682));
#5767=CARTESIAN_POINT('Ctrl Pts',(16.0039908366835,13.4739232787641,12.3393518775682));
#5768=CARTESIAN_POINT('Ctrl Pts',(15.7966737613321,-47.4739232787641,12.1113030946817));
#5769=CARTESIAN_POINT('Ctrl Pts',(15.7966737613321,13.4739232787641,12.1113030946817));
#5770=CARTESIAN_POINT('Ctrl Pts',(15.7966737613321,-47.4739232787641,11.9234219951445));
#5771=CARTESIAN_POINT('Ctrl Pts',(15.7966737613321,13.4739232787641,11.9234219951445));
#5772=CARTESIAN_POINT('',(15.7966737613321,-17.,11.9234219951445));
#5773=CARTESIAN_POINT('Ctrl Pts',(15.7966737613321,-17.,11.9234219951445));
#5774=CARTESIAN_POINT('Ctrl Pts',(15.7966737613321,-17.,12.0486760615026));
#5775=CARTESIAN_POINT('Ctrl Pts',(15.831226607224,-17.,12.1493112251628));
#5776=CARTESIAN_POINT('Ctrl Pts',(15.9003322990078,-17.,12.225327486125));
#5777=CARTESIAN_POINT('Ctrl Pts',(15.9694379907916,-17.,12.3013437470872));
#5778=CARTESIAN_POINT('Ctrl Pts',(16.0549562843741,-17.,12.3393518775682));
#5779=CARTESIAN_POINT('Ctrl Pts',(16.1568871797551,-17.,12.3393518775682));
#5780=CARTESIAN_POINT('',(15.7966737613321,-47.4739232787641,11.9234219951445));
#5781=CARTESIAN_POINT('Ctrl Pts',(15.7966737613321,-47.4739232787641,11.9234219951445));
#5782=CARTESIAN_POINT('Ctrl Pts',(15.7966737613321,13.4739232787641,11.9234219951445));
#5783=CARTESIAN_POINT('Ctrl Pts',(15.7966737613321,-47.4739232787641,11.7446110176539));
#5784=CARTESIAN_POINT('Ctrl Pts',(15.7966737613321,13.4739232787641,11.7446110176539));
#5785=CARTESIAN_POINT('Ctrl Pts',(15.9962164463578,-47.4739232787641,11.5372939423025));
#5786=CARTESIAN_POINT('Ctrl Pts',(15.9962164463578,13.4739232787641,11.5372939423025));
#5787=CARTESIAN_POINT('Ctrl Pts',(16.159478643197,-47.4739232787641,11.5372939423025));
#5788=CARTESIAN_POINT('Ctrl Pts',(16.159478643197,13.4739232787641,11.5372939423025));
#5789=CARTESIAN_POINT('',(16.159478643197,-17.,11.5372939423025));
#5790=CARTESIAN_POINT('Ctrl Pts',(16.159478643197,-17.,11.5372939423025));
#5791=CARTESIAN_POINT('Ctrl Pts',(16.0506371786376,-17.,11.5372939423025));
#5792=CARTESIAN_POINT('Ctrl Pts',(15.9629593321869,-17.,11.5718467881944));
#5793=CARTESIAN_POINT('Ctrl Pts',(15.896445103845,-17.,11.6409524799782));
#5794=CARTESIAN_POINT('Ctrl Pts',(15.8299308755031,-17.,11.710058171762));
#5795=CARTESIAN_POINT('Ctrl Pts',(15.7966737613321,-17.,11.8042146768175));
#5796=CARTESIAN_POINT('Ctrl Pts',(15.7966737613321,-17.,11.9234219951445));
#5797=CARTESIAN_POINT('',(16.159478643197,-47.4739232787641,11.5372939423025));
#5798=CARTESIAN_POINT('Ctrl Pts',(16.159478643197,-47.4739232787641,11.5372939423025));
#5799=CARTESIAN_POINT('Ctrl Pts',(16.159478643197,13.4739232787641,11.5372939423025));
#5800=CARTESIAN_POINT('Ctrl Pts',(16.2605457174309,-47.4739232787641,11.5372939423025));
#5801=CARTESIAN_POINT('Ctrl Pts',(16.2605457174308,13.4739232787641,11.5372939423025));
#5802=CARTESIAN_POINT('Ctrl Pts',(16.4225121825491,-47.4739232787641,11.6292908944897));
#5803=CARTESIAN_POINT('Ctrl Pts',(16.4225121825491,13.4739232787641,11.6292908944897));
#5804=CARTESIAN_POINT('Ctrl Pts',(16.4691585245032,-47.4739232787641,11.7031476025837));
#5805=CARTESIAN_POINT('Ctrl Pts',(16.4691585245032,13.4739232787641,11.7031476025837));
#5806=CARTESIAN_POINT('',(16.4691585245032,-17.,11.7031476025837));
#5807=CARTESIAN_POINT('Ctrl Pts',(16.4691585245032,-17.,11.7031476025837));
#5808=CARTESIAN_POINT('Ctrl Pts',(16.4380609632005,-17.,11.6539097971877));
#5809=CARTESIAN_POINT('Ctrl Pts',(16.3955177716961,-17.,11.6139580691252));
#5810=CARTESIAN_POINT('Ctrl Pts',(16.34152894999,-17.,11.5832924183961));
#5811=CARTESIAN_POINT('Ctrl Pts',(16.2875401282839,-17.,11.5526267676671));
#5812=CARTESIAN_POINT('Ctrl Pts',(16.2268566926862,-17.,11.5372939423025));
#5813=CARTESIAN_POINT('Ctrl Pts',(16.159478643197,-17.,11.5372939423025));
#5814=CARTESIAN_POINT('',(16.4691585245032,-47.4739232787641,11.7031476025837));
#5815=CARTESIAN_POINT('Origin',(16.6648140143661,-47.4739232787641,11.6772329681647));
#5816=CARTESIAN_POINT('',(16.6648140143661,-17.,11.6772329681647));
#5817=CARTESIAN_POINT('',(16.6266027136096,-17.,11.6822940676027));
#5818=CARTESIAN_POINT('',(16.6648140143661,-47.4739232787641,11.6772329681647));
#5819=CARTESIAN_POINT('Origin',(16.5002560858059,-47.4739232787641,10.803909788247));
#5820=CARTESIAN_POINT('',(16.2382852304128,-17.,9.41360776828707));
#5821=CARTESIAN_POINT('Origin',(16.1,-17.,8.));
#5822=CARTESIAN_POINT('Origin',(16.1,-17.,8.));
#5823=CARTESIAN_POINT('',(3.67249266496595,-17.,5.31385097559755));
#5824=CARTESIAN_POINT('',(3.67249266496595,-17.,3.60737229911142));
#5825=CARTESIAN_POINT('',(3.67249266496595,-17.,6.65692548779877));
#5826=CARTESIAN_POINT('',(3.80724876394435,-17.,3.60737229911142));
#5827=CARTESIAN_POINT('',(9.88624633248297,-17.,3.60737229911142));
#5828=CARTESIAN_POINT('',(4.29833108618295,-17.,4.03366803530272));
#5829=CARTESIAN_POINT('Ctrl Pts',(3.80724876394435,-17.,3.60737229911142));
#5830=CARTESIAN_POINT('Ctrl Pts',(3.85150177796287,-17.,3.69693197033938));
#5831=CARTESIAN_POINT('Ctrl Pts',(3.92607739572746,-17.,3.77522152415477));
#5832=CARTESIAN_POINT('Ctrl Pts',(4.08383239599337,-17.,3.91657625211581));
#5833=CARTESIAN_POINT('Ctrl Pts',(4.18725771544822,-17.,3.98183379562651));
#5834=CARTESIAN_POINT('Ctrl Pts',(4.29833108618295,-17.,4.03366803530272));
#5835=CARTESIAN_POINT('',(4.29833108618295,-17.,4.23580218377032));
#5836=CARTESIAN_POINT('',(4.29833108618295,-17.,6.01683401765136));
#5837=CARTESIAN_POINT('',(3.88110547203828,-17.,3.98443022990676));
#5838=CARTESIAN_POINT('Ctrl Pts',(4.29833108618295,-17.,4.23580218377032));
#5839=CARTESIAN_POINT('Ctrl Pts',(4.23354450013564,-17.,4.21161519164599));
#5840=CARTESIAN_POINT('Ctrl Pts',(4.16033565790218,-17.,4.17555065874633));
#5841=CARTESIAN_POINT('Ctrl Pts',(4.07870455948257,-17.,4.12760858507132));
#5842=CARTESIAN_POINT('Ctrl Pts',(3.99707346106297,-17.,4.07966651139631));
#5843=CARTESIAN_POINT('Ctrl Pts',(3.93120709858153,-17.,4.03194039300812));
#5844=CARTESIAN_POINT('Ctrl Pts',(3.88110547203828,-17.,3.98443022990676));
#5845=CARTESIAN_POINT('',(3.88110547203828,-17.,5.31385097559755));
#5846=CARTESIAN_POINT('',(3.88110547203828,-17.,5.99221511495338));
#5847=CARTESIAN_POINT('',(9.99055273601914,-17.,5.31385097559755));
#5848=CARTESIAN_POINT('Ctrl Pts',(3.88110547203829,-47.4739232787641,3.98443022990676));
#5849=CARTESIAN_POINT('Ctrl Pts',(3.88110547203827,13.4739232787641,3.98443022990676));
#5850=CARTESIAN_POINT('Ctrl Pts',(3.95625791185317,-47.4739232787641,4.0556954745588));
#5851=CARTESIAN_POINT('Ctrl Pts',(3.95625791185315,13.4739232787641,4.0556954745588));
#5852=CARTESIAN_POINT('Ctrl Pts',(4.201151207112,-47.4739232787641,4.19952169558383));
#5853=CARTESIAN_POINT('Ctrl Pts',(4.20115120711198,13.4739232787641,4.19952169558383));
#5854=CARTESIAN_POINT('Ctrl Pts',(4.29833108618296,-47.4739232787641,4.23580218377032));
#5855=CARTESIAN_POINT('Ctrl Pts',(4.29833108618294,13.4739232787641,4.23580218377032));
#5856=CARTESIAN_POINT('',(3.88110547203829,-47.4739232787641,3.98443022990676));
#5857=CARTESIAN_POINT('',(4.29833108618296,-47.4739232787641,4.23580218377032));
#5858=CARTESIAN_POINT('Origin',(3.88110547203829,-47.4739232787641,3.98443022990676));
#5859=CARTESIAN_POINT('',(3.88110547203829,-47.4739232787641,5.31385097559755));
#5860=CARTESIAN_POINT('Origin',(3.88110547203829,-47.4739232787641,5.31385097559755));
#5861=CARTESIAN_POINT('',(3.67249266496595,-47.4739232787641,5.31385097559755));
#5862=CARTESIAN_POINT('Origin',(3.67249266496595,-47.4739232787641,5.31385097559755));
#5863=CARTESIAN_POINT('',(3.67249266496595,-47.4739232787641,3.60737229911142));
#5864=CARTESIAN_POINT('Origin',(3.67249266496595,-47.4739232787641,3.60737229911142));
#5865=CARTESIAN_POINT('',(3.80724876394435,-47.4739232787641,3.60737229911142));
#5866=CARTESIAN_POINT('Ctrl Pts',(4.29833108618296,-47.4739232787641,4.03366803530272));
#5867=CARTESIAN_POINT('Ctrl Pts',(4.29833108618294,13.4739232787641,4.03366803530272));
#5868=CARTESIAN_POINT('Ctrl Pts',(4.12340730385522,-47.4739232787641,3.95203693688311));
#5869=CARTESIAN_POINT('Ctrl Pts',(4.12340730385521,13.4739232787641,3.95203693688311));
#5870=CARTESIAN_POINT('Ctrl Pts',(3.86166949622409,-47.4739232787641,3.71750949539185));
#5871=CARTESIAN_POINT('Ctrl Pts',(3.86166949622408,13.4739232787641,3.71750949539185));
#5872=CARTESIAN_POINT('Ctrl Pts',(3.80724876394435,-47.4739232787641,3.60737229911142));
#5873=CARTESIAN_POINT('Ctrl Pts',(3.80724876394434,13.4739232787641,3.60737229911142));
#5874=CARTESIAN_POINT('',(4.29833108618296,-47.4739232787641,4.03366803530272));
#5875=CARTESIAN_POINT('Origin',(4.29833108618296,-47.4739232787641,4.03366803530272));
#5876=CARTESIAN_POINT('Ctrl Pts',(3.51599925678878,-47.4739232787641,7.71947506092061));
#5877=CARTESIAN_POINT('Ctrl Pts',(3.51599925678877,13.4739232787641,7.71947506092061));
#5878=CARTESIAN_POINT('Ctrl Pts',(3.51599925678878,-47.4739232787641,7.6041549377564));
#5879=CARTESIAN_POINT('Ctrl Pts',(3.51599925678877,13.4739232787641,7.6041549377564));
#5880=CARTESIAN_POINT('Ctrl Pts',(3.67148706330233,-47.4739232787641,7.45385005812664));
#5881=CARTESIAN_POINT('Ctrl Pts',(3.67148706330231,13.4739232787641,7.45385005812664));
#5882=CARTESIAN_POINT('Ctrl Pts',(3.79458157679221,-47.4739232787641,7.45385005812664));
#5883=CARTESIAN_POINT('Ctrl Pts',(3.7945815767922,13.4739232787641,7.45385005812664));
#5884=CARTESIAN_POINT('',(3.51599925678878,-17.,7.71947506092061));
#5885=CARTESIAN_POINT('',(3.51599925678878,-47.4739232787641,7.71947506092061));
#5886=CARTESIAN_POINT('',(3.79458157679221,-17.,7.45385005812664));
#5887=CARTESIAN_POINT('Ctrl Pts',(3.79458157679221,-17.,7.45385005812664));
#5888=CARTESIAN_POINT('Ctrl Pts',(3.71251856779895,-17.,7.45385005812664));
#5889=CARTESIAN_POINT('Ctrl Pts',(3.64557242888339,-17.,7.47890087139827));
#5890=CARTESIAN_POINT('Ctrl Pts',(3.59374316004555,-17.,7.52900249794152));
#5891=CARTESIAN_POINT('Ctrl Pts',(3.5419138912077,-17.,7.57910412448477));
#5892=CARTESIAN_POINT('Ctrl Pts',(3.51599925678878,-17.,7.64259497881114));
#5893=CARTESIAN_POINT('Ctrl Pts',(3.51599925678878,-17.,7.71947506092061));
#5894=CARTESIAN_POINT('',(3.79458157679221,-47.4739232787641,7.45385005812664));
#5895=CARTESIAN_POINT('Ctrl Pts',(3.79458157679221,-47.4739232787641,7.45385005812664));
#5896=CARTESIAN_POINT('Ctrl Pts',(3.7945815767922,13.4739232787641,7.45385005812664));
#5897=CARTESIAN_POINT('Ctrl Pts',(3.91638035856115,-47.4739232787641,7.45385005812664));
#5898=CARTESIAN_POINT('Ctrl Pts',(3.91638035856114,13.4739232787641,7.45385005812664));
#5899=CARTESIAN_POINT('Ctrl Pts',(4.07834682367943,-47.4739232787641,7.60674640119829));
#5900=CARTESIAN_POINT('Ctrl Pts',(4.07834682367941,13.4739232787641,7.60674640119829));
#5901=CARTESIAN_POINT('Ctrl Pts',(4.10166999465646,-47.4739232787641,7.76093847599089));
#5902=CARTESIAN_POINT('Ctrl Pts',(4.10166999465645,13.4739232787641,7.76093847599089));
#5903=CARTESIAN_POINT('',(4.10166999465645,-17.,7.76093847599089));
#5904=CARTESIAN_POINT('Ctrl Pts',(4.10166999465645,-17.,7.76093847599089));
#5905=CARTESIAN_POINT('Ctrl Pts',(4.0861212140051,-17.,7.65814375946249));
#5906=CARTESIAN_POINT('Ctrl Pts',(4.05135241282637,-17.,7.58126367735302));
#5907=CARTESIAN_POINT('Ctrl Pts',(3.99736359112028,-17.,7.53029822966247));
#5908=CARTESIAN_POINT('Ctrl Pts',(3.94337476941419,-17.,7.47933278197192));
#5909=CARTESIAN_POINT('Ctrl Pts',(3.87578076463817,-17.,7.45385005812664));
#5910=CARTESIAN_POINT('Ctrl Pts',(3.79458157679221,-17.,7.45385005812664));
#5911=CARTESIAN_POINT('',(4.10166999465646,-47.4739232787641,7.76093847599089));
#5912=CARTESIAN_POINT('Origin',(4.31028280172879,-47.4739232787641,7.72336225608345));
#5913=CARTESIAN_POINT('',(4.31028280172879,-17.,7.72336225608345));
#5914=CARTESIAN_POINT('',(9.99576292036794,-17.,6.69926956390621));
#5915=CARTESIAN_POINT('',(4.31028280172879,-47.4739232787641,7.72336225608345));
#5916=CARTESIAN_POINT('Ctrl Pts',(4.31028280172879,-47.4739232787641,7.72336225608345));
#5917=CARTESIAN_POINT('Ctrl Pts',(4.31028280172878,13.4739232787641,7.72336225608345));
#5918=CARTESIAN_POINT('Ctrl Pts',(4.27141085010041,-47.4739232787641,7.51345371729017));
#5919=CARTESIAN_POINT('Ctrl Pts',(4.27141085010039,13.4739232787641,7.51345371729017));
#5920=CARTESIAN_POINT('Ctrl Pts',(4.00060292042266,-47.4739232787641,7.28281347096174));
#5921=CARTESIAN_POINT('Ctrl Pts',(4.00060292042264,13.4739232787641,7.28281347096174));
#5922=CARTESIAN_POINT('Ctrl Pts',(3.79846877195505,-47.4739232787641,7.28281347096174));
#5923=CARTESIAN_POINT('Ctrl Pts',(3.79846877195504,13.4739232787641,7.28281347096174));
#5924=CARTESIAN_POINT('',(3.79846877195504,-17.,7.28281347096174));
#5925=CARTESIAN_POINT('Ctrl Pts',(3.79846877195504,-17.,7.28281347096174));
#5926=CARTESIAN_POINT('Ctrl Pts',(3.93322487093345,-17.,7.28281347096174));
#5927=CARTESIAN_POINT('Ctrl Pts',(4.04573757536894,-17.,7.32125351201648));
#5928=CARTESIAN_POINT('Ctrl Pts',(4.13600688526153,-17.,7.39813359412596));
#5929=CARTESIAN_POINT('Ctrl Pts',(4.22627619515411,-17.,7.47501367623543));
#5930=CARTESIAN_POINT('Ctrl Pts',(4.28436816730986,-17.,7.58342323022126));
#5931=CARTESIAN_POINT('Ctrl Pts',(4.31028280172879,-17.,7.72336225608345));
#5932=CARTESIAN_POINT('',(3.79846877195505,-47.4739232787641,7.28281347096174));
#5933=CARTESIAN_POINT('Ctrl Pts',(3.79846877195505,-47.4739232787641,7.28281347096174));
#5934=CARTESIAN_POINT('Ctrl Pts',(3.79846877195504,13.4739232787641,7.28281347096174));
#5935=CARTESIAN_POINT('Ctrl Pts',(3.65982547781381,-47.4739232787641,7.28281347096174));
#5936=CARTESIAN_POINT('Ctrl Pts',(3.6598254778138,13.4739232787641,7.28281347096174));
#5937=CARTESIAN_POINT('Ctrl Pts',(3.42529803632255,-47.4739232787641,7.40202078928879));
#5938=CARTESIAN_POINT('Ctrl Pts',(3.42529803632254,13.4739232787641,7.40202078928879));
#5939=CARTESIAN_POINT('Ctrl Pts',(3.30090779111172,-47.4739232787641,7.60804213291924));
#5940=CARTESIAN_POINT('Ctrl Pts',(3.3009077911117,13.4739232787641,7.60804213291924));
#5941=CARTESIAN_POINT('Ctrl Pts',(3.30090779111172,-47.4739232787641,7.72336225608345));
#5942=CARTESIAN_POINT('Ctrl Pts',(3.3009077911117,13.4739232787641,7.72336225608345));
#5943=CARTESIAN_POINT('',(3.30090779111171,-17.,7.72336225608345));
#5944=CARTESIAN_POINT('Ctrl Pts',(3.30090779111171,-17.,7.72336225608345));
#5945=CARTESIAN_POINT('Ctrl Pts',(3.30090779111171,-17.,7.64648217397397));
#5946=CARTESIAN_POINT('Ctrl Pts',(3.32163949864685,-17.,7.57370524231416));
#5947=CARTESIAN_POINT('Ctrl Pts',(3.36310291371713,-17.,7.50503146110401));
#5948=CARTESIAN_POINT('Ctrl Pts',(3.4045663287874,-17.,7.43635767989387));
#5949=CARTESIAN_POINT('Ctrl Pts',(3.46438594323775,-17.,7.38215290290095));
#5950=CARTESIAN_POINT('Ctrl Pts',(3.54256175706817,-17.,7.34241713012527));
#5951=CARTESIAN_POINT('Ctrl Pts',(3.62073757089859,-17.,7.30268135734959));
#5952=CARTESIAN_POINT('Ctrl Pts',(3.70603990919422,-17.,7.28281347096174));
#5953=CARTESIAN_POINT('Ctrl Pts',(3.79846877195504,-17.,7.28281347096174));
#5954=CARTESIAN_POINT('',(3.30090779111172,-47.4739232787641,7.72336225608345));
#5955=CARTESIAN_POINT('Ctrl Pts',(3.30090779111172,-47.4739232787641,7.72336225608345));
#5956=CARTESIAN_POINT('Ctrl Pts',(3.3009077911117,13.4739232787641,7.72336225608345));
#5957=CARTESIAN_POINT('Ctrl Pts',(3.30090779111172,-47.4739232787641,7.83349945236387));
#5958=CARTESIAN_POINT('Ctrl Pts',(3.3009077911117,13.4739232787641,7.83349945236387));
#5959=CARTESIAN_POINT('Ctrl Pts',(3.41881937771782,-47.4739232787641,8.01490189329634));
#5960=CARTESIAN_POINT('Ctrl Pts',(3.41881937771781,13.4739232787641,8.01490189329634));
#5961=CARTESIAN_POINT('Ctrl Pts',(3.53543523260298,-47.4739232787641,8.06802689385513));
#5962=CARTESIAN_POINT('Ctrl Pts',(3.53543523260296,13.4739232787641,8.06802689385513));
#5963=CARTESIAN_POINT('',(3.53543523260297,-17.,8.06802689385513));
#5964=CARTESIAN_POINT('Ctrl Pts',(3.53543523260297,-17.,8.06802689385513));
#5965=CARTESIAN_POINT('Ctrl Pts',(3.48834847224039,-17.,8.04657625857885));
#5966=CARTESIAN_POINT('Ctrl Pts',(3.44439253784929,-17.,8.01874530646229));
#5967=CARTESIAN_POINT('Ctrl Pts',(3.36639477093703,-17.,7.94191417098468));
#5968=CARTESIAN_POINT('Ctrl Pts',(3.3430352114803,-17.,7.89977130150755));
#5969=CARTESIAN_POINT('Ctrl Pts',(3.30969988715187,-17.,7.81993353526638));
#5970=CARTESIAN_POINT('Ctrl Pts',(3.30090779111171,-17.,7.77247411274809));
#5971=CARTESIAN_POINT('Ctrl Pts',(3.30090779111171,-17.,7.72336225608345));
#5972=CARTESIAN_POINT('',(3.53543523260298,-47.4739232787641,8.06802689385513));
#5973=CARTESIAN_POINT('Ctrl Pts',(3.53543523260298,-47.4739232787641,8.06802689385513));
#5974=CARTESIAN_POINT('Ctrl Pts',(3.53543523260296,13.4739232787641,8.06802689385513));
#5975=CARTESIAN_POINT('Ctrl Pts',(3.38383462125227,-47.4739232787641,8.10301165032068));
#5976=CARTESIAN_POINT('Ctrl Pts',(3.38383462125226,13.4739232787641,8.10301165032068));
#5977=CARTESIAN_POINT('Ctrl Pts',(3.21798096097116,-47.4739232787641,8.32199031116058));
#5978=CARTESIAN_POINT('Ctrl Pts',(3.21798096097115,13.4739232787641,8.32199031116058));
#5979=CARTESIAN_POINT('Ctrl Pts',(3.21798096097116,-47.4739232787641,8.48654823972075));
#5980=CARTESIAN_POINT('Ctrl Pts',(3.21798096097115,13.4739232787641,8.48654823972075));
#5981=CARTESIAN_POINT('',(3.21798096097115,-17.,8.48654823972075));
#5982=CARTESIAN_POINT('Ctrl Pts',(3.21798096097115,-17.,8.48654823972075));
#5983=CARTESIAN_POINT('Ctrl Pts',(3.21798096097115,-17.,8.37684295401397));
#5984=CARTESIAN_POINT('Ctrl Pts',(3.24562323768467,-17.,8.28549386768727));
#5985=CARTESIAN_POINT('Ctrl Pts',(3.30090779111171,-17.,8.21250098074063));
#5986=CARTESIAN_POINT('Ctrl Pts',(3.35619234453875,-17.,8.139508093794));
#5987=CARTESIAN_POINT('Ctrl Pts',(3.43436815836917,-17.,8.09135006483216));
#5988=CARTESIAN_POINT('Ctrl Pts',(3.53543523260297,-17.,8.06802689385513));
#5989=CARTESIAN_POINT('',(3.21798096097116,-47.4739232787641,8.48654823972075));
#5990=CARTESIAN_POINT('Ctrl Pts',(3.21798096097116,-47.4739232787641,8.48654823972075));
#5991=CARTESIAN_POINT('Ctrl Pts',(3.21798096097115,13.4739232787641,8.48654823972075));
#5992=CARTESIAN_POINT('Ctrl Pts',(3.21798096097116,-47.4739232787641,8.70811836400255));
#5993=CARTESIAN_POINT('Ctrl Pts',(3.21798096097115,13.4739232787641,8.70811836400255));
#5994=CARTESIAN_POINT('Ctrl Pts',(3.54320962292865,-47.4739232787641,9.01779824530869));
#5995=CARTESIAN_POINT('Ctrl Pts',(3.54320962292864,13.4739232787641,9.01779824530869));
#5996=CARTESIAN_POINT('Ctrl Pts',(3.79069438162937,-47.4739232787641,9.01779824530869));
#5997=CARTESIAN_POINT('Ctrl Pts',(3.79069438162936,13.4739232787641,9.01779824530869));
#5998=CARTESIAN_POINT('',(3.79069438162937,-17.,9.01779824530869));
#5999=CARTESIAN_POINT('Ctrl Pts',(3.79069438162937,-17.,9.01779824530869));
#6000=CARTESIAN_POINT('Ctrl Pts',(3.62570454249555,-17.,9.01779824530869));
#6001=CARTESIAN_POINT('Ctrl Pts',(3.48900484593573,-17.,8.96618493175766));
#6002=CARTESIAN_POINT('Ctrl Pts',(3.3805952919499,-17.,8.86295830465562));
#6003=CARTESIAN_POINT('Ctrl Pts',(3.27218573796407,-17.,8.75973167755357));
#6004=CARTESIAN_POINT('Ctrl Pts',(3.21798096097115,-17.,8.63426165590861));
#6005=CARTESIAN_POINT('Ctrl Pts',(3.21798096097115,-17.,8.48654823972075));
#6006=CARTESIAN_POINT('',(3.79069438162937,-47.4739232787641,9.01779824530869));
#6007=CARTESIAN_POINT('Ctrl Pts',(3.79069438162937,-47.4739232787641,9.01779824530869));
#6008=CARTESIAN_POINT('Ctrl Pts',(3.79069438162936,13.4739232787641,9.01779824530869));
#6009=CARTESIAN_POINT('Ctrl Pts',(4.01485596935306,-47.4739232787641,9.01779824530869));
#6010=CARTESIAN_POINT('Ctrl Pts',(4.01485596935305,13.4739232787641,9.01779824530869));
#6011=CARTESIAN_POINT('Ctrl Pts',(4.31028280172879,-47.4739232787641,8.75087751079377));
#6012=CARTESIAN_POINT('Ctrl Pts',(4.31028280172878,13.4739232787641,8.75087751079377));
#6013=CARTESIAN_POINT('Ctrl Pts',(4.33101450926393,-47.4739232787641,8.5383775085586));
#6014=CARTESIAN_POINT('Ctrl Pts',(4.33101450926392,13.4739232787641,8.5383775085586));
#6015=CARTESIAN_POINT('',(4.33101450926393,-17.,8.5383775085586));
#6016=CARTESIAN_POINT('Ctrl Pts',(4.33101450926393,-17.,8.5383775085586));
#6017=CARTESIAN_POINT('Ctrl Pts',(4.31719337090717,-17.,8.68004417671538));
#6018=CARTESIAN_POINT('Ctrl Pts',(4.26104499633283,-17.,8.79536429987959));
#6019=CARTESIAN_POINT('Ctrl Pts',(4.16256938554092,-17.,8.88433787805123));
#6020=CARTESIAN_POINT('Ctrl Pts',(4.06409377474901,-17.,8.97331145622287));
#6021=CARTESIAN_POINT('Ctrl Pts',(3.94013544011183,-17.,9.01779824530869));
#6022=CARTESIAN_POINT('Ctrl Pts',(3.79069438162937,-17.,9.01779824530869));
#6023=CARTESIAN_POINT('',(4.33101450926393,-47.4739232787641,8.5383775085586));
#6024=CARTESIAN_POINT('Origin',(4.1224017021916,-47.4739232787641,8.51116714241873));
#6025=CARTESIAN_POINT('',(4.12240170219159,-17.,8.51116714241873));
#6026=CARTESIAN_POINT('',(9.97823717311516,-17.,9.27497176906092));
#6027=CARTESIAN_POINT('',(4.1224017021916,-47.4739232787641,8.51116714241873));
#6028=CARTESIAN_POINT('Ctrl Pts',(4.1224017021916,-47.4739232787641,8.51116714241873));
#6029=CARTESIAN_POINT('Ctrl Pts',(4.12240170219158,13.4739232787641,8.51116714241873));
#6030=CARTESIAN_POINT('Ctrl Pts',(4.0861212140051,-47.4739232787641,8.68868238818835));
#6031=CARTESIAN_POINT('Ctrl Pts',(4.08612121400509,13.4739232787641,8.68868238818835));
#6032=CARTESIAN_POINT('Ctrl Pts',(3.91378889511926,-47.4739232787641,8.84546592642284));
#6033=CARTESIAN_POINT('Ctrl Pts',(3.91378889511925,13.4739232787641,8.84546592642284));
#6034=CARTESIAN_POINT('Ctrl Pts',(3.78939864990843,-47.4739232787641,8.84546592642284));
#6035=CARTESIAN_POINT('Ctrl Pts',(3.78939864990841,13.4739232787641,8.84546592642284));
#6036=CARTESIAN_POINT('',(3.78939864990842,-17.,8.84546592642284));
#6037=CARTESIAN_POINT('Ctrl Pts',(3.78939864990842,-17.,8.84546592642284));
#6038=CARTESIAN_POINT('Ctrl Pts',(3.87232548004898,-17.,8.84546592642284));
#6039=CARTESIAN_POINT('Ctrl Pts',(3.9425109482669,-17.,8.81933533671709));
#6040=CARTESIAN_POINT('Ctrl Pts',(3.99995505456218,-17.,8.7670741573056));
#6041=CARTESIAN_POINT('Ctrl Pts',(4.05739916085746,-17.,8.7148129778941));
#6042=CARTESIAN_POINT('Ctrl Pts',(4.09821471006726,-17.,8.62951063959848));
#6043=CARTESIAN_POINT('Ctrl Pts',(4.12240170219159,-17.,8.51116714241873));
#6044=CARTESIAN_POINT('',(3.78939864990843,-47.4739232787641,8.84546592642284));
#6045=CARTESIAN_POINT('Ctrl Pts',(3.78939864990843,-47.4739232787641,8.84546592642284));
#6046=CARTESIAN_POINT('Ctrl Pts',(3.78939864990841,13.4739232787641,8.84546592642284));
#6047=CARTESIAN_POINT('Ctrl Pts',(3.64168523372056,-47.4739232787641,8.84546592642284));
#6048=CARTESIAN_POINT('Ctrl Pts',(3.64168523372055,13.4739232787641,8.84546592642284));
#6049=CARTESIAN_POINT('Ctrl Pts',(3.43955108525296,-47.4739232787641,8.64074031451335));
#6050=CARTESIAN_POINT('Ctrl Pts',(3.43955108525294,13.4739232787641,8.64074031451335));
#6051=CARTESIAN_POINT('Ctrl Pts',(3.43955108525296,-47.4739232787641,8.49043543488359));
#6052=CARTESIAN_POINT('Ctrl Pts',(3.43955108525294,13.4739232787641,8.49043543488359));
#6053=CARTESIAN_POINT('',(3.43955108525295,-17.,8.49043543488359));
#6054=CARTESIAN_POINT('Ctrl Pts',(3.43955108525295,-17.,8.49043543488359));
#6055=CARTESIAN_POINT('Ctrl Pts',(3.43955108525295,-17.,8.59063868797009));
#6056=CARTESIAN_POINT('Ctrl Pts',(3.47324010999755,-17.,8.6748612498316));
#6057=CARTESIAN_POINT('Ctrl Pts',(3.54061815948675,-17.,8.74310312046809));
#6058=CARTESIAN_POINT('Ctrl Pts',(3.60799620897596,-17.,8.81134499110459));
#6059=CARTESIAN_POINT('Ctrl Pts',(3.69092303911651,-17.,8.84546592642284));
#6060=CARTESIAN_POINT('Ctrl Pts',(3.78939864990842,-17.,8.84546592642284));
#6061=CARTESIAN_POINT('',(3.43955108525296,-47.4739232787641,8.49043543488359));
#6062=CARTESIAN_POINT('Ctrl Pts',(3.43955108525296,-47.4739232787641,8.49043543488359));
#6063=CARTESIAN_POINT('Ctrl Pts',(3.43955108525294,13.4739232787641,8.49043543488359));
#6064=CARTESIAN_POINT('Ctrl Pts',(3.43955108525296,-47.4739232787641,8.34660921385856));
#6065=CARTESIAN_POINT('Ctrl Pts',(3.43955108525294,13.4739232787641,8.34660921385856));
#6066=CARTESIAN_POINT('Ctrl Pts',(3.62743218479016,-47.4739232787641,8.16002384604231));
#6067=CARTESIAN_POINT('Ctrl Pts',(3.62743218479014,13.4739232787641,8.16002384604231));
#6068=CARTESIAN_POINT('Ctrl Pts',(3.77255413753613,-47.4739232787641,8.16002384604231));
#6069=CARTESIAN_POINT('Ctrl Pts',(3.77255413753611,13.4739232787641,8.16002384604231));
#6070=CARTESIAN_POINT('',(3.77255413753612,-17.,8.16002384604231));
#6071=CARTESIAN_POINT('Ctrl Pts',(3.77255413753612,-17.,8.16002384604231));
#6072=CARTESIAN_POINT('Ctrl Pts',(3.67580616903881,-17.,8.16002384604231));
#6073=CARTESIAN_POINT('Ctrl Pts',(3.59611866820062,-17.,8.19112140734502));
#6074=CARTESIAN_POINT('Ctrl Pts',(3.53349163502155,-17.,8.25331652995044));
#6075=CARTESIAN_POINT('Ctrl Pts',(3.47086460184248,-17.,8.31551165255585));
#6076=CARTESIAN_POINT('Ctrl Pts',(3.43955108525295,-17.,8.39455128753357));
#6077=CARTESIAN_POINT('Ctrl Pts',(3.43955108525295,-17.,8.49043543488359));
#6078=CARTESIAN_POINT('',(3.77255413753613,-47.4739232787641,8.16002384604231));
#6079=CARTESIAN_POINT('Ctrl Pts',(3.77255413753613,-47.4739232787641,8.16002384604231));
#6080=CARTESIAN_POINT('Ctrl Pts',(3.77255413753611,13.4739232787641,8.16002384604231));
#6081=CARTESIAN_POINT('Ctrl Pts',(3.83086206497871,-47.4739232787641,8.16002384604231));
#6082=CARTESIAN_POINT('Ctrl Pts',(3.83086206497869,13.4739232787641,8.16002384604231));
#6083=CARTESIAN_POINT('Ctrl Pts',(3.91897182200305,-47.4739232787641,8.18334701701934));
#6084=CARTESIAN_POINT('Ctrl Pts',(3.91897182200303,13.4739232787641,8.18334701701934));
#6085=CARTESIAN_POINT('',(3.91897182200304,-17.,8.18334701701934));
#6086=CARTESIAN_POINT('Ctrl Pts',(3.91897182200304,-17.,8.18334701701934));
#6087=CARTESIAN_POINT('Ctrl Pts',(3.86023198398681,-17.,8.16779823636799));
#6088=CARTESIAN_POINT('Ctrl Pts',(3.81142608916451,-17.,8.16002384604231));
#6089=CARTESIAN_POINT('Ctrl Pts',(3.77255413753612,-17.,8.16002384604231));
#6090=CARTESIAN_POINT('',(3.91897182200305,-47.4739232787641,8.18334701701934));
#6091=CARTESIAN_POINT('Origin',(3.89694438274696,-47.4739232787641,8.00064884436593));
#6092=CARTESIAN_POINT('',(3.89694438274695,-17.,8.00064884436593));
#6093=CARTESIAN_POINT('',(3.98432980152338,-17.,8.72543378833512));
#6094=CARTESIAN_POINT('',(3.89694438274696,-47.4739232787641,8.00064884436593));
#6095=CARTESIAN_POINT('Ctrl Pts',(3.89694438274696,-47.4739232787641,8.00064884436593));
#6096=CARTESIAN_POINT('Ctrl Pts',(3.89694438274695,13.4739232787641,8.00064884436593));
#6097=CARTESIAN_POINT('Ctrl Pts',(3.87491694349088,-47.4739232787641,8.00324030780782));
#6098=CARTESIAN_POINT('Ctrl Pts',(3.87491694349086,13.4739232787641,8.00324030780782));
#6099=CARTESIAN_POINT('Ctrl Pts',(3.86325535800236,-47.4739232787641,8.00324030780782));
#6100=CARTESIAN_POINT('Ctrl Pts',(3.86325535800235,13.4739232787641,8.00324030780782));
#6101=CARTESIAN_POINT('',(3.86325535800235,-17.,8.00324030780782));
#6102=CARTESIAN_POINT('Ctrl Pts',(3.86325535800235,-17.,8.00324030780782));
#6103=CARTESIAN_POINT('Ctrl Pts',(3.87102974832803,-17.,8.00324030780782));
#6104=CARTESIAN_POINT('Ctrl Pts',(3.8822594232429,-17.,8.00237648666053));
#6105=CARTESIAN_POINT('Ctrl Pts',(3.89694438274695,-17.,8.00064884436593));
#6106=CARTESIAN_POINT('',(3.86325535800236,-47.4739232787641,8.00324030780782));
#6107=CARTESIAN_POINT('Ctrl Pts',(3.86325535800236,-47.4739232787641,8.00324030780782));
#6108=CARTESIAN_POINT('Ctrl Pts',(3.86325535800235,13.4739232787641,8.00324030780782));
#6109=CARTESIAN_POINT('Ctrl Pts',(3.7297949907449,-47.4739232787641,8.00324030780782));
#6110=CARTESIAN_POINT('Ctrl Pts',(3.72979499074489,13.4739232787641,8.00324030780782));
#6111=CARTESIAN_POINT('Ctrl Pts',(3.51599925678878,-47.4739232787641,7.86330128194564));
#6112=CARTESIAN_POINT('Ctrl Pts',(3.51599925678877,13.4739232787641,7.86330128194564));
#6113=CARTESIAN_POINT('Ctrl Pts',(3.51599925678878,-47.4739232787641,7.71947506092061));
#6114=CARTESIAN_POINT('Ctrl Pts',(3.51599925678877,13.4739232787641,7.71947506092061));
#6115=CARTESIAN_POINT('Ctrl Pts',(3.51599925678878,-17.,7.71947506092061));
#6116=CARTESIAN_POINT('Ctrl Pts',(3.51599925678878,-17.,7.81535920827063));
#6117=CARTESIAN_POINT('Ctrl Pts',(3.5516318791148,-17.,7.88662445292267));
#6118=CARTESIAN_POINT('Ctrl Pts',(3.62289712376684,-17.,7.93327079487673));
#6119=CARTESIAN_POINT('Ctrl Pts',(3.69416236841888,-17.,7.97991713683079));
#6120=CARTESIAN_POINT('Ctrl Pts',(3.77428177983072,-17.,8.00324030780782));
#6121=CARTESIAN_POINT('Ctrl Pts',(3.86325535800235,-17.,8.00324030780782));
#6122=CARTESIAN_POINT('Origin',(16.1,-17.,8.));
#6123=CARTESIAN_POINT('Origin',(16.1,-16.95,8.));
#6124=CARTESIAN_POINT('Origin',(5.75,-17.,-1.11022302462516E-15));
#6125=CARTESIAN_POINT('',(5.75,-17.,-1.11022302462516E-15));
#6126=CARTESIAN_POINT('',(5.75,-17.,-5.55111512312578E-16));
#6127=CARTESIAN_POINT('',(5.75,-17.1,0.599999999999998));
#6128=CARTESIAN_POINT('',(5.75,-17.,0.599999999999998));
#6129=CARTESIAN_POINT('',(5.75,-17.1,-1.11022302462516E-15));
#6130=CARTESIAN_POINT('',(5.75,-17.1,-1.11022302462516E-15));
#6131=CARTESIAN_POINT('',(5.75,-17.,-1.11022302462516E-15));
#6132=CARTESIAN_POINT('Origin',(2.95000000000001,-17.,0.));
#6133=CARTESIAN_POINT('',(2.95000000000001,-17.,0.));
#6134=CARTESIAN_POINT('',(19.5,-17.,0.));
#6135=CARTESIAN_POINT('',(2.95000000000001,-17.1,0.));
#6136=CARTESIAN_POINT('',(2.95000000000001,-17.1,0.));
#6137=CARTESIAN_POINT('',(2.95000000000001,-17.,0.));
#6138=CARTESIAN_POINT('Origin',(2.95000000000001,-17.,0.599999999999997));
#6139=CARTESIAN_POINT('',(2.95000000000001,-17.,0.299999999999999));
#6140=CARTESIAN_POINT('',(2.95000000000001,-17.1,0.599999999999997));
#6141=CARTESIAN_POINT('',(2.95000000000001,-17.1,0.599999999999997));
#6142=CARTESIAN_POINT('',(2.95000000000001,-17.,0.599999999999997));
#6143=CARTESIAN_POINT('Origin',(4.35,-17.1,0.299999999999998));
#6144=CARTESIAN_POINT('',(5.75,-17.1,0.599999999999998));
#6145=CARTESIAN_POINT('Origin',(13.75,-17.,16.));
#6146=CARTESIAN_POINT('',(13.75,-17.,16.));
#6147=CARTESIAN_POINT('',(13.75,-17.,8.));
#6148=CARTESIAN_POINT('',(13.75,-17.1,16.));
#6149=CARTESIAN_POINT('',(13.75,-17.1,16.));
#6150=CARTESIAN_POINT('',(13.75,-17.,16.));
#6151=CARTESIAN_POINT('Origin',(16.55,-17.,16.));
#6152=CARTESIAN_POINT('',(16.55,-17.,16.));
#6153=CARTESIAN_POINT('',(19.5,-17.,16.));
#6154=CARTESIAN_POINT('',(16.55,-17.1,16.));
#6155=CARTESIAN_POINT('',(16.55,-17.1,16.));
#6156=CARTESIAN_POINT('',(16.55,-17.,16.));
#6157=CARTESIAN_POINT('Origin',(16.55,-17.,15.4));
#6158=CARTESIAN_POINT('',(16.55,-17.,7.7));
#6159=CARTESIAN_POINT('',(16.55,-17.1,15.4));
#6160=CARTESIAN_POINT('Origin',(15.15,-17.1,15.7));
#6161=CARTESIAN_POINT('Origin',(5.75,-17.,16.));
#6162=CARTESIAN_POINT('',(2.94999999999999,-17.,16.));
#6163=CARTESIAN_POINT('',(5.75,-17.,16.));
#6164=CARTESIAN_POINT('',(19.5,-17.,16.));
#6165=CARTESIAN_POINT('',(2.94999999999999,-17.1,16.));
#6166=CARTESIAN_POINT('',(2.94999999999999,-17.,16.));
#6167=CARTESIAN_POINT('',(5.75,-17.1,16.));
#6168=CARTESIAN_POINT('',(5.75,-17.1,16.));
#6169=CARTESIAN_POINT('',(5.75,-17.,16.));
#6170=CARTESIAN_POINT('Origin',(5.75,-17.,15.4));
#6171=CARTESIAN_POINT('',(5.75,-17.,7.7));
#6172=CARTESIAN_POINT('',(5.75,-17.1,15.4));
#6173=CARTESIAN_POINT('Origin',(2.94999999999999,-17.,16.));
#6174=CARTESIAN_POINT('',(2.94999999999999,-17.,8.));
#6175=CARTESIAN_POINT('',(2.94999999999999,-17.1,16.));
#6176=CARTESIAN_POINT('Origin',(4.34999999999999,-17.1,15.7));
#6177=CARTESIAN_POINT('Origin',(13.75,-17.,-6.20364304966215E-16));
#6178=CARTESIAN_POINT('',(16.55,-17.,8.327598234202E-16));
#6179=CARTESIAN_POINT('',(13.75,-17.,-6.20364304966215E-16));
#6180=CARTESIAN_POINT('',(19.5,-17.,0.));
#6181=CARTESIAN_POINT('',(16.55,-17.1,8.327598234202E-16));
#6182=CARTESIAN_POINT('',(16.55,-17.,8.327598234202E-16));
#6183=CARTESIAN_POINT('',(13.75,-17.1,-6.20364304966215E-16));
#6184=CARTESIAN_POINT('',(13.75,-17.1,-6.20364304966215E-16));
#6185=CARTESIAN_POINT('',(13.75,-17.,-6.20364304966215E-16));
#6186=CARTESIAN_POINT('Origin',(13.75,-17.,0.599999999999998));
#6187=CARTESIAN_POINT('',(13.75,-17.,0.299999999999999));
#6188=CARTESIAN_POINT('',(13.75,-17.1,0.599999999999998));
#6189=CARTESIAN_POINT('Origin',(16.55,-17.,8.327598234202E-16));
#6190=CARTESIAN_POINT('',(16.55,-17.,4.163799117101E-16));
#6191=CARTESIAN_POINT('',(16.55,-17.1,8.32667268468867E-16));
#6192=CARTESIAN_POINT('Origin',(15.15,-17.1,0.299999999999999));
#6193=CARTESIAN_POINT('Origin',(4.44089209850063E-15,-17.,0.));
#6194=CARTESIAN_POINT('',(19.5,-17.,16.));
#6195=CARTESIAN_POINT('Origin',(4.44089209850063E-15,-17.,0.));
#6196=CARTESIAN_POINT('',(19.3000076153872,-17.,0.));
#6197=CARTESIAN_POINT('',(19.5,-17.,0.));
#6198=CARTESIAN_POINT('',(19.5,-17.,0.199992384612834));
#6199=CARTESIAN_POINT('Origin',(19.2999923843229,-17.,0.200007615677147));
#6200=CARTESIAN_POINT('',(19.5,-17.,15.8000076153872));
#6201=CARTESIAN_POINT('',(19.5,-17.,0.));
#6202=CARTESIAN_POINT('',(19.3000076153872,-17.,16.));
#6203=CARTESIAN_POINT('Origin',(19.2999923843229,-17.,15.7999923843229));
#6204=CARTESIAN_POINT('',(19.5,-17.,16.));
#6205=CARTESIAN_POINT('Origin',(4.44089209850063E-15,-17.,0.));
#6206=CARTESIAN_POINT('',(19.5,-17.,0.));
#6207=CARTESIAN_POINT('Origin',(4.44089209850063E-15,-17.,0.));
#6208=CARTESIAN_POINT('',(0.199992384612837,-17.,16.));
#6209=CARTESIAN_POINT('',(19.5,-17.,16.));
#6210=CARTESIAN_POINT('',(3.33066907387547E-15,-17.,15.8000076153872));
#6211=CARTESIAN_POINT('Origin',(0.200007615677149,-17.,15.7999923843229));
#6212=CARTESIAN_POINT('',(3.33066907387547E-15,-17.,0.199992384612834));
#6213=CARTESIAN_POINT('',(3.33066907387547E-15,-17.,0.));
#6214=CARTESIAN_POINT('',(0.199992384612835,-17.,0.));
#6215=CARTESIAN_POINT('Origin',(0.20000761567715,-17.,0.200007615677147));
#6216=CARTESIAN_POINT('',(19.5,-17.,0.));
#6217=CARTESIAN_POINT('Origin',(18.9,-17.,0.600000000000001));
#6218=CARTESIAN_POINT('Origin',(15.6,-17.,13.75));
#6219=CARTESIAN_POINT('',(15.6,-16.,13.75));
#6220=CARTESIAN_POINT('',(15.6,-17.,13.75));
#6221=CARTESIAN_POINT('',(15.6,-16.,14.25));
#6222=CARTESIAN_POINT('',(15.6,-16.,13.75));
#6223=CARTESIAN_POINT('',(15.6,-17.,14.25));
#6224=CARTESIAN_POINT('Origin',(16.6,-17.,13.75));
#6225=CARTESIAN_POINT('',(16.6,-16.,13.75));
#6226=CARTESIAN_POINT('',(16.6,-17.,13.75));
#6227=CARTESIAN_POINT('',(16.6,-16.,13.75));
#6228=CARTESIAN_POINT('Origin',(3.65000000000001,-17.,13.75));
#6229=CARTESIAN_POINT('',(3.65000000000001,-16.,13.75));
#6230=CARTESIAN_POINT('',(3.65000000000001,-17.,13.75));
#6231=CARTESIAN_POINT('',(3.65,-16.,14.25));
#6232=CARTESIAN_POINT('',(3.65000000000001,-16.,13.75));
#6233=CARTESIAN_POINT('',(3.65,-17.,14.25));
#6234=CARTESIAN_POINT('Origin',(4.15,-17.,13.75));
#6235=CARTESIAN_POINT('',(4.15,-16.,13.75));
#6236=CARTESIAN_POINT('',(4.15,-17.,13.75));
#6237=CARTESIAN_POINT('',(4.15,-16.,13.75));
#6238=CARTESIAN_POINT('Origin',(3.65000000000001,-17.,1.75));
#6239=CARTESIAN_POINT('',(3.65000000000001,-16.,1.75));
#6240=CARTESIAN_POINT('',(3.65000000000001,-17.,1.75));
#6241=CARTESIAN_POINT('',(3.65000000000001,-16.,2.25));
#6242=CARTESIAN_POINT('',(3.65000000000001,-16.,1.75));
#6243=CARTESIAN_POINT('',(3.65000000000001,-17.,2.25));
#6244=CARTESIAN_POINT('Origin',(4.15000000000001,-17.,1.75));
#6245=CARTESIAN_POINT('',(4.15000000000001,-16.,1.75));
#6246=CARTESIAN_POINT('',(4.15000000000001,-17.,1.75));
#6247=CARTESIAN_POINT('',(4.15000000000001,-16.,1.75));
#6248=CARTESIAN_POINT('Origin',(15.6,-17.,1.75));
#6249=CARTESIAN_POINT('',(15.6,-16.,1.75));
#6250=CARTESIAN_POINT('',(15.6,-17.,1.75));
#6251=CARTESIAN_POINT('',(15.6,-16.,2.25));
#6252=CARTESIAN_POINT('',(15.6,-16.,1.75));
#6253=CARTESIAN_POINT('',(15.6,-17.,2.25));
#6254=CARTESIAN_POINT('Origin',(16.6,-17.,1.75));
#6255=CARTESIAN_POINT('',(16.6,-16.,1.75));
#6256=CARTESIAN_POINT('',(16.6,-17.,1.75));
#6257=CARTESIAN_POINT('',(16.6,-16.,1.75));
#6258=CARTESIAN_POINT('Origin',(1.65,-17.,7.5));
#6259=CARTESIAN_POINT('',(1.65,-16.,7.5));
#6260=CARTESIAN_POINT('',(1.65,-17.,7.5));
#6261=CARTESIAN_POINT('',(1.65,-16.,8.5));
#6262=CARTESIAN_POINT('',(1.65,-16.,7.5));
#6263=CARTESIAN_POINT('',(1.65,-17.,8.5));
#6264=CARTESIAN_POINT('Origin',(2.15,-17.,7.5));
#6265=CARTESIAN_POINT('',(2.15,-16.,7.5));
#6266=CARTESIAN_POINT('',(2.15,-17.,7.5));
#6267=CARTESIAN_POINT('',(2.15,-16.,7.5));
#6268=CARTESIAN_POINT('Origin',(16.6,-17.,14.25));
#6269=CARTESIAN_POINT('',(16.6,-16.,14.25));
#6270=CARTESIAN_POINT('',(16.6,-17.,14.25));
#6271=CARTESIAN_POINT('',(16.6,-16.,14.25));
#6272=CARTESIAN_POINT('Origin',(15.6,-17.,14.25));
#6273=CARTESIAN_POINT('',(15.6,-16.,14.25));
#6274=CARTESIAN_POINT('Origin',(16.1,-16.,14.));
#6275=CARTESIAN_POINT('Origin',(4.15000000000001,-17.,14.25));
#6276=CARTESIAN_POINT('',(4.15000000000001,-16.,14.25));
#6277=CARTESIAN_POINT('',(4.15000000000001,-17.,14.25));
#6278=CARTESIAN_POINT('',(4.15000000000001,-16.,14.25));
#6279=CARTESIAN_POINT('Origin',(3.65,-17.,14.25));
#6280=CARTESIAN_POINT('',(3.65,-16.,14.25));
#6281=CARTESIAN_POINT('Origin',(3.9,-16.,14.));
#6282=CARTESIAN_POINT('Origin',(4.15000000000001,-17.,2.25));
#6283=CARTESIAN_POINT('',(4.15000000000001,-16.,2.25));
#6284=CARTESIAN_POINT('',(4.15000000000001,-17.,2.25));
#6285=CARTESIAN_POINT('',(4.15000000000001,-16.,2.25));
#6286=CARTESIAN_POINT('Origin',(3.65000000000001,-17.,2.25));
#6287=CARTESIAN_POINT('',(3.65000000000001,-16.,2.25));
#6288=CARTESIAN_POINT('Origin',(3.90000000000001,-16.,2.));
#6289=CARTESIAN_POINT('Origin',(16.6,-17.,2.25));
#6290=CARTESIAN_POINT('',(16.6,-16.,2.25));
#6291=CARTESIAN_POINT('',(16.6,-17.,2.25));
#6292=CARTESIAN_POINT('',(16.6,-16.,2.25));
#6293=CARTESIAN_POINT('Origin',(15.6,-17.,2.25));
#6294=CARTESIAN_POINT('',(15.6,-16.,2.25));
#6295=CARTESIAN_POINT('Origin',(16.1,-16.,2.));
#6296=CARTESIAN_POINT('Origin',(2.15,-17.,8.5));
#6297=CARTESIAN_POINT('',(2.15,-16.,8.5));
#6298=CARTESIAN_POINT('',(2.15,-17.,8.5));
#6299=CARTESIAN_POINT('',(2.15,-16.,8.5));
#6300=CARTESIAN_POINT('Origin',(1.65,-17.,8.5));
#6301=CARTESIAN_POINT('',(1.65,-16.,8.5));
#6302=CARTESIAN_POINT('Origin',(1.9,-16.,8.));
#6303=CARTESIAN_POINT('Origin',(17.9,-0.8,8.));
#6304=CARTESIAN_POINT('',(17.9,-1.,8.64));
#6305=CARTESIAN_POINT('Origin',(17.9,-1.,8.));
#6306=CARTESIAN_POINT('',(17.9,-0.8,8.84));
#6307=CARTESIAN_POINT('Origin',(17.9,-0.8,8.64));
#6308=CARTESIAN_POINT('',(18.74,-0.8,8.));
#6309=CARTESIAN_POINT('Origin',(17.9,-0.8,8.));
#6310=CARTESIAN_POINT('Origin',(17.9,-0.8,8.));
#6311=CARTESIAN_POINT('Origin',(17.9,0.,8.));
#6312=CARTESIAN_POINT('',(18.74,-0.2,8.));
#6313=CARTESIAN_POINT('',(17.9,-0.2,8.84));
#6314=CARTESIAN_POINT('Origin',(17.9,-0.2,8.));
#6315=CARTESIAN_POINT('',(18.74,0.,8.));
#6316=CARTESIAN_POINT('Origin',(17.9,-0.2,8.));
#6317=CARTESIAN_POINT('Origin',(17.9,-1.,8.));
#6318=CARTESIAN_POINT('Origin',(17.9,-0.2,8.));
#6319=CARTESIAN_POINT('',(17.9,0.,9.04));
#6320=CARTESIAN_POINT('Origin',(17.9,0.,8.));
#6321=CARTESIAN_POINT('Origin',(17.9,-0.2,9.04));
#6322=CARTESIAN_POINT('Origin',(19.5,0.,0.));
#6323=CARTESIAN_POINT('',(0.346618994561894,0.,0.346618994561895));
#6324=CARTESIAN_POINT('',(16.3,0.,0.346618994561895));
#6325=CARTESIAN_POINT('',(14.625,0.,0.346618994561895));
#6326=CARTESIAN_POINT('',(0.346618994561894,0.,15.6533810054381));
#6327=CARTESIAN_POINT('',(0.346618994561894,0.,0.));
#6328=CARTESIAN_POINT('',(19.1533810054381,0.,15.6533810054381));
#6329=CARTESIAN_POINT('',(14.625,0.,15.6533810054381));
#6330=CARTESIAN_POINT('',(19.1533810054381,0.,3.2));
#6331=CARTESIAN_POINT('',(19.1533810054381,0.,0.));
#6332=CARTESIAN_POINT('',(16.8,0.,3.2));
#6333=CARTESIAN_POINT('',(19.5,0.,3.2));
#6334=CARTESIAN_POINT('',(16.3,0.,2.7));
#6335=CARTESIAN_POINT('Origin',(16.8,0.,2.7));
#6336=CARTESIAN_POINT('',(16.3,0.,1.35));
#6337=CARTESIAN_POINT('',(18.74,0.,14.7));
#6338=CARTESIAN_POINT('Origin',(17.9,0.,14.7));
#6339=CARTESIAN_POINT('Origin',(19.2625666775853,-12.7114387848083,0.237433322414701));
#6340=CARTESIAN_POINT('',(19.160377730735,-0.999999999999999,0.13962988465214));
#6341=CARTESIAN_POINT('',(19.2625666775853,-12.7096934777087,0.0374409378018666));
#6342=CARTESIAN_POINT('',(19.3603701153479,-0.999999999999999,0.339622269264975));
#6343=CARTESIAN_POINT('Origin',(19.1603624996707,-1.,0.339637500329288));
#6344=CARTESIAN_POINT('',(19.4625590621981,-12.7096934777087,0.237433322414701));
#6345=CARTESIAN_POINT('Origin',(19.5,-17.,0.));
#6346=CARTESIAN_POINT('',(19.3603701153479,-0.999999999999999,3.2));
#6347=CARTESIAN_POINT('',(19.3603701153479,-0.999999999999999,0.774189042362997));
#6348=CARTESIAN_POINT('',(19.3533733900509,-0.198254692900323,3.2));
#6349=CARTESIAN_POINT('',(19.4258272726415,-8.50064729558534,3.2));
#6350=CARTESIAN_POINT('',(19.3533733900509,-0.198254692900324,15.6533810054381));
#6351=CARTESIAN_POINT('',(19.3533733900509,-0.198254692900324,0.));
#6352=CARTESIAN_POINT('',(19.4619498892137,-12.6398891677268,15.7619575046009));
#6353=CARTESIAN_POINT('Origin',(19.1533810054381,-0.199999999999999,0.));
#6354=CARTESIAN_POINT('Origin',(19.1533810054381,-0.199999999999999,3.2));
#6355=CARTESIAN_POINT('Origin',(19.1533810054381,-0.199999999999999,15.6533810054381));
#6356=CARTESIAN_POINT('Origin',(0.346618994561894,-0.2,0.346618994561895));
#6357=CARTESIAN_POINT('',(0.146626609949061,-0.198254692900325,0.346618994561895));
#6358=CARTESIAN_POINT('Origin',(0.346618994561894,-0.2,0.346618994561895));
#6359=CARTESIAN_POINT('',(0.346618994561894,-0.198254692900325,0.146626609949061));
#6360=CARTESIAN_POINT('Origin',(0.346618994561894,-0.2,0.346618994561895));
#6361=CARTESIAN_POINT('Origin',(0.346618994561894,-0.200000000000001,0.346618994561895));
#6362=CARTESIAN_POINT('Origin',(14.625,-0.2,0.346618994561895));
#6363=CARTESIAN_POINT('',(16.3,-0.198254692900324,0.146626609949061));
#6364=CARTESIAN_POINT('Origin',(16.3,-0.2,0.346618994561895));
#6365=CARTESIAN_POINT('',(14.625,-0.198254692900325,0.146626609949061));
#6366=CARTESIAN_POINT('Origin',(0.311603225933101,-4.21240966041369,0.311603225933101));
#6367=CARTESIAN_POINT('',(0.111610841320268,-4.21066435331401,0.311603225933101));
#6368=CARTESIAN_POINT('',(0.311603225933101,-4.21066435331401,0.111610841320267));
#6369=CARTESIAN_POINT('Origin',(0.346618994561894,-0.2,15.6533810054381));
#6370=CARTESIAN_POINT('',(0.346618994561894,-0.198254692900324,15.8533733900509));
#6371=CARTESIAN_POINT('Origin',(0.346618994561894,-0.199999999999999,15.6533810054381));
#6372=CARTESIAN_POINT('',(0.146626609949061,-0.198254692900325,15.6533810054381));
#6373=CARTESIAN_POINT('Origin',(0.346618994561894,-0.2,15.6533810054381));
#6374=CARTESIAN_POINT('Origin',(0.346618994561894,-0.2,15.6533810054381));
#6375=CARTESIAN_POINT('Origin',(0.346618994561894,-0.2,0.));
#6376=CARTESIAN_POINT('',(0.146626609949061,-0.198254692900325,0.));
#6377=CARTESIAN_POINT('Origin',(0.312212398917538,-4.14260535043181,15.6877876010825));
#6378=CARTESIAN_POINT('',(0.312212398917538,-4.14086004333214,15.8877799856953));
#6379=CARTESIAN_POINT('',(0.112220014304705,-4.14086004333214,15.6877876010825));
#6380=CARTESIAN_POINT('Origin',(14.625,-0.199999999999999,15.6533810054381));
#6381=CARTESIAN_POINT('',(19.1533810054381,-0.198254692900324,15.8533733900509));
#6382=CARTESIAN_POINT('Origin',(19.1533810054381,-0.199999999999999,15.6533810054381));
#6383=CARTESIAN_POINT('',(14.625,-0.198254692900324,15.8533733900509));
#6384=CARTESIAN_POINT('Origin',(19.1533810054381,-0.199999999999998,15.6533810054381));
#6385=CARTESIAN_POINT('Origin',(19.1533810054381,-0.199999999999994,15.6533810054381));
#6386=CARTESIAN_POINT('Origin',(19.5,0.,3.2));
#6387=CARTESIAN_POINT('',(16.8,-1.,3.2));
#6388=CARTESIAN_POINT('',(16.8,-1.,3.2));
#6389=CARTESIAN_POINT('',(16.8,0.,3.2));
#6390=CARTESIAN_POINT('Origin',(19.2619575046009,-12.6416344748265,15.7619575046009));
#6391=CARTESIAN_POINT('',(19.2619575046009,-12.6398891677268,15.9619498892137));
#6392=CARTESIAN_POINT('Origin',(9.75,-8.50032365395455,15.9258244482638));
#6393=CARTESIAN_POINT('Origin',(17.9,0.,14.7));
#6394=CARTESIAN_POINT('',(18.74,-0.01,14.7));
#6395=CARTESIAN_POINT('',(18.74,0.,14.7));
#6396=CARTESIAN_POINT('Origin',(17.9,-0.01,14.7));
#6397=CARTESIAN_POINT('Origin',(17.9,-0.01,14.7));
#6398=CARTESIAN_POINT('Origin',(17.9,0.,1.6));
#6399=CARTESIAN_POINT('',(18.74,-1.,1.6));
#6400=CARTESIAN_POINT('Origin',(17.9,-1.,1.6));
#6401=CARTESIAN_POINT('',(18.74,0.,1.6));
#6402=CARTESIAN_POINT('',(18.74,0.,1.6));
#6403=CARTESIAN_POINT('Origin',(17.9,0.,1.6));
#6404=CARTESIAN_POINT('Origin',(16.3,0.,2.7));
#6405=CARTESIAN_POINT('',(16.3,-1.,2.7));
#6406=CARTESIAN_POINT('',(16.3,0.,2.7));
#6407=CARTESIAN_POINT('',(16.3,-1.,0.139629884652141));
#6408=CARTESIAN_POINT('',(16.3,-1.,3.91886975727153E-16));
#6409=CARTESIAN_POINT('',(16.3,-4.23902874821744,0.11136330899598));
#6410=CARTESIAN_POINT('Origin',(16.8,0.,2.7));
#6411=CARTESIAN_POINT('Origin',(16.8,-1.,2.7));
#6412=CARTESIAN_POINT('Origin',(17.951621915274,-1.,1.54837808472599));
#6413=CARTESIAN_POINT('',(13.850810957637,-0.999999999999999,0.13962988465214));
#6414=CARTESIAN_POINT('Origin',(9.75,-8.50032365395454,0.0741755517361785));
#6415=CARTESIAN_POINT('Origin',(19.5,0.,0.));
#6416=CARTESIAN_POINT('Origin',(0.148351103472357,-0.000647307909087402,
0.));
#6417=CARTESIAN_POINT('',(0.,0.,0.));
#6418=CARTESIAN_POINT('Origin',(0.5,-4.6,0.));
#6419=CARTESIAN_POINT('',(0.5,0.,0.));
#6420=CARTESIAN_POINT('',(0.5,-4.6,0.));
#6421=CARTESIAN_POINT('',(0.5,0.,0.));
#6422=CARTESIAN_POINT('',(0.5,0.,0.5));
#6423=CARTESIAN_POINT('',(0.5,0.,0.));
#6424=CARTESIAN_POINT('',(0.5,-4.6,0.5));
#6425=CARTESIAN_POINT('',(0.5,0.,0.5));
#6426=CARTESIAN_POINT('',(0.5,-4.6,0.));
#6427=CARTESIAN_POINT('Origin',(8.32667268468867E-16,-4.6,0.));
#6428=CARTESIAN_POINT('',(8.32667268468867E-16,-4.6,0.));
#6429=CARTESIAN_POINT('',(0.5,-4.6,0.));
#6430=CARTESIAN_POINT('',(8.32667268468867E-16,-4.6,0.5));
#6431=CARTESIAN_POINT('',(0.5,-4.6,0.5));
#6432=CARTESIAN_POINT('',(8.32667268468867E-16,-4.6,0.));
#6433=CARTESIAN_POINT('Origin',(0.,0.,0.));
#6434=CARTESIAN_POINT('',(0.,0.,0.));
#6435=CARTESIAN_POINT('',(8.32667268468867E-16,-4.6,0.));
#6436=CARTESIAN_POINT('',(0.,0.,0.5));
#6437=CARTESIAN_POINT('',(8.32667268468867E-16,-4.6,0.5));
#6438=CARTESIAN_POINT('',(0.,0.,0.));
#6439=CARTESIAN_POINT('Origin',(0.5,0.,0.));
#6440=CARTESIAN_POINT('',(0.,0.,0.));
#6441=CARTESIAN_POINT('',(0.,0.,0.5));
#6442=CARTESIAN_POINT('Origin',(0.25,-2.3,0.5));
#6443=CARTESIAN_POINT('Origin',(0.25,-2.3,0.));
#6444=CARTESIAN_POINT('',(0.,0.,0.));
#6445=CARTESIAN_POINT('Origin',(0.500000000000001,-4.302354163842,0.));
#6446=CARTESIAN_POINT('',(0.218092213764228,-4.4049602068397,0.));
#6447=CARTESIAN_POINT('',(0.781907786235773,-4.4049602068397,0.));
#6448=CARTESIAN_POINT('Origin',(0.500000000000001,-4.302354163842,0.));
#6449=CARTESIAN_POINT('',(0.781907786235773,-4.4049602068397,0.5));
#6450=CARTESIAN_POINT('',(0.781907786235773,-4.4049602068397,0.));
#6451=CARTESIAN_POINT('',(0.218092213764228,-4.4049602068397,0.5));
#6452=CARTESIAN_POINT('Origin',(0.500000000000001,-4.302354163842,0.5));
#6453=CARTESIAN_POINT('',(0.218092213764228,-4.4049602068397,0.));
#6454=CARTESIAN_POINT('Origin',(0.85,-4.21787838708181,0.));
#6455=CARTESIAN_POINT('',(1.,-3.80575677416361,0.));
#6456=CARTESIAN_POINT('',(1.13531555126203,-3.43398035257012,0.));
#6457=CARTESIAN_POINT('',(1.,-3.80575677416361,0.5));
#6458=CARTESIAN_POINT('',(1.,-3.80575677416361,0.));
#6459=CARTESIAN_POINT('',(1.13531555126203,-3.43398035257012,0.5));
#6460=CARTESIAN_POINT('Origin',(0.5,-2.315,0.));
#6461=CARTESIAN_POINT('',(6.84433930367107E-16,-3.80575677416361,0.));
#6462=CARTESIAN_POINT('',(-0.135315551262033,-3.43398035257012,0.));
#6463=CARTESIAN_POINT('',(0.,0.,0.));
#6464=CARTESIAN_POINT('',(8.32667268468867E-16,-4.63,0.));
#6465=CARTESIAN_POINT('',(1.,0.,0.));
#6466=CARTESIAN_POINT('',(0.,0.,0.));
#6467=CARTESIAN_POINT('',(1.,0.,0.));
#6468=CARTESIAN_POINT('Origin',(0.150000000000001,-4.21787838708181,0.));
#6469=CARTESIAN_POINT('',(6.84433930367107E-16,-3.80575677416361,0.5));
#6470=CARTESIAN_POINT('',(-0.135315551262033,-3.43398035257012,0.5));
#6471=CARTESIAN_POINT('',(6.93889390390723E-16,-3.80575677416361,0.));
#6472=CARTESIAN_POINT('Origin',(1.,-4.63,0.));
#6473=CARTESIAN_POINT('',(1.,0.,0.5));
#6474=CARTESIAN_POINT('',(1.,0.,0.));
#6475=CARTESIAN_POINT('',(1.,0.,0.5));
#6476=CARTESIAN_POINT('Origin',(-1.23259516440783E-31,0.,0.));
#6477=CARTESIAN_POINT('',(0.,0.,0.5));
#6478=CARTESIAN_POINT('',(8.32667268468867E-16,-4.63,0.5));
#6479=CARTESIAN_POINT('',(0.,0.,0.));
#6480=CARTESIAN_POINT('Origin',(1.,0.,0.));
#6481=CARTESIAN_POINT('',(0.,0.,0.5));
#6482=CARTESIAN_POINT('Origin',(0.5,-2.315,0.5));
#6483=CARTESIAN_POINT('',(0.,0.,0.));
#6484=CARTESIAN_POINT('',(1.65000000000001,-16.,8.49999999999999));
#6485=CARTESIAN_POINT('',(3.65,-20.69,14.2500000000001));
#6486=CARTESIAN_POINT('',(15.6,-16.,13.7499999999999));
#6487=CARTESIAN_POINT('',(3.65000000000001,-20.69,2.25));
#6488=CARTESIAN_POINT('',(15.6,-16.,1.74999999999993));
#6489=UNCERTAINTY_MEASURE_WITH_UNIT(LENGTH_MEASURE(0.01),#6499,
'DISTANCE_ACCURACY_VALUE',
'Maximum model space distance between geometric entities at asserted c
onnectivities');
#6490=UNCERTAINTY_MEASURE_WITH_UNIT(LENGTH_MEASURE(0.01),#6499,
'DISTANCE_ACCURACY_VALUE',
'Maximum model space distance between geometric entities at asserted c
onnectivities');
#6491=UNCERTAINTY_MEASURE_WITH_UNIT(LENGTH_MEASURE(0.01),#6499,
'DISTANCE_ACCURACY_VALUE',
'Maximum model space distance between geometric entities at asserted c
onnectivities');
#6492=UNCERTAINTY_MEASURE_WITH_UNIT(LENGTH_MEASURE(0.01),#6499,
'DISTANCE_ACCURACY_VALUE',
'Maximum model space distance between geometric entities at asserted c
onnectivities');
#6493=UNCERTAINTY_MEASURE_WITH_UNIT(LENGTH_MEASURE(0.01),#6499,
'DISTANCE_ACCURACY_VALUE',
'Maximum model space distance between geometric entities at asserted c
onnectivities');
#6494=(
GEOMETRIC_REPRESENTATION_CONTEXT(3)
GLOBAL_UNCERTAINTY_ASSIGNED_CONTEXT((#6489))
GLOBAL_UNIT_ASSIGNED_CONTEXT((#6499,#6501,#6502))
REPRESENTATION_CONTEXT('','3D')
);
#6495=(
GEOMETRIC_REPRESENTATION_CONTEXT(3)
GLOBAL_UNCERTAINTY_ASSIGNED_CONTEXT((#6490))
GLOBAL_UNIT_ASSIGNED_CONTEXT((#6499,#6501,#6502))
REPRESENTATION_CONTEXT('','3D')
);
#6496=(
GEOMETRIC_REPRESENTATION_CONTEXT(3)
GLOBAL_UNCERTAINTY_ASSIGNED_CONTEXT((#6491))
GLOBAL_UNIT_ASSIGNED_CONTEXT((#6499,#6501,#6502))
REPRESENTATION_CONTEXT('','3D')
);
#6497=(
GEOMETRIC_REPRESENTATION_CONTEXT(3)
GLOBAL_UNCERTAINTY_ASSIGNED_CONTEXT((#6492))
GLOBAL_UNIT_ASSIGNED_CONTEXT((#6499,#6501,#6502))
REPRESENTATION_CONTEXT('','3D')
);
#6498=(
GEOMETRIC_REPRESENTATION_CONTEXT(3)
GLOBAL_UNCERTAINTY_ASSIGNED_CONTEXT((#6493))
GLOBAL_UNIT_ASSIGNED_CONTEXT((#6499,#6501,#6502))
REPRESENTATION_CONTEXT('','3D')
);
#6499=(
LENGTH_UNIT()
NAMED_UNIT(*)
SI_UNIT(.MILLI.,.METRE.)
);
#6500=(
LENGTH_UNIT()
NAMED_UNIT(*)
SI_UNIT(.CENTI.,.METRE.)
);
#6501=(
NAMED_UNIT(*)
PLANE_ANGLE_UNIT()
SI_UNIT($,.RADIAN.)
);
#6502=(
NAMED_UNIT(*)
SI_UNIT($,.STERADIAN.)
SOLID_ANGLE_UNIT()
);
#6503=SHAPE_DEFINITION_REPRESENTATION(#6507,#6517);
#6504=SHAPE_DEFINITION_REPRESENTATION(#6508,#6518);
#6505=SHAPE_DEFINITION_REPRESENTATION(#6509,#6519);
#6506=SHAPE_DEFINITION_REPRESENTATION(#6510,#6520);
#6507=PRODUCT_DEFINITION_SHAPE('',$,#6522);
#6508=PRODUCT_DEFINITION_SHAPE('',$,#6523);
#6509=PRODUCT_DEFINITION_SHAPE('',$,#6524);
#6510=PRODUCT_DEFINITION_SHAPE('',$,#6525);
#6511=PRODUCT_DEFINITION_SHAPE($,$,#29);
#6512=PRODUCT_DEFINITION_SHAPE($,$,#30);
#6513=PRODUCT_DEFINITION_SHAPE($,$,#31);
#6514=PRODUCT_DEFINITION_SHAPE($,$,#32);
#6515=PRODUCT_DEFINITION_SHAPE($,$,#33);
#6516=PRODUCT_DEFINITION_SHAPE($,$,#34);
#6517=SHAPE_REPRESENTATION('',(#3712,#3991,#3992,#3993,#3994,#3995,#3996),
#6494);
#6518=SHAPE_REPRESENTATION('',(#3713),#6495);
#6519=SHAPE_REPRESENTATION('',(#3973),#6496);
#6520=SHAPE_REPRESENTATION('',(#3980),#6497);
#6521=PRODUCT_DEFINITION_CONTEXT('part definition',#6535,'design');
#6522=PRODUCT_DEFINITION('J123F1C','J123F1C',#6526,#6521);
#6523=PRODUCT_DEFINITION('J123F1C12VDC_Cover','J123F1C12VDC_Cover',#6527,
#6521);
#6524=PRODUCT_DEFINITION('J123F_Terminal 2','J123F_Terminal 2',#6528,#6521);
#6525=PRODUCT_DEFINITION('J123F_Terminal 1','J123F_Terminal 1',#6529,#6521);
#6526=PRODUCT_DEFINITION_FORMATION('',$,#6537);
#6527=PRODUCT_DEFINITION_FORMATION('',$,#6538);
#6528=PRODUCT_DEFINITION_FORMATION('',$,#6539);
#6529=PRODUCT_DEFINITION_FORMATION('',$,#6540);
#6530=PRODUCT_RELATED_PRODUCT_CATEGORY('J123F1C','J123F1C',(#6537));
#6531=PRODUCT_RELATED_PRODUCT_CATEGORY('J123F1C12VDC_Cover',
'J123F1C12VDC_Cover',(#6538));
#6532=PRODUCT_RELATED_PRODUCT_CATEGORY('J123F_Terminal 2',
'J123F_Terminal 2',(#6539));
#6533=PRODUCT_RELATED_PRODUCT_CATEGORY('J123F_Terminal 1',
'J123F_Terminal 1',(#6540));
#6534=APPLICATION_PROTOCOL_DEFINITION('international standard',
'automotive_design',2009,#6535);
#6535=APPLICATION_CONTEXT(
'Core Data for Automotive Mechanical Design Process');
#6536=PRODUCT_CONTEXT('part definition',#6535,'mechanical');
#6537=PRODUCT('J123F1C','J123F1C',$,(#6536));
#6538=PRODUCT('J123F1C12VDC_Cover','J123F1C12VDC_Cover',$,(#6536));
#6539=PRODUCT('J123F_Terminal 2','J123F_Terminal 2',$,(#6536));
#6540=PRODUCT('J123F_Terminal 1','J123F_Terminal 1',$,(#6536));
ENDSEC;
END-ISO-10303-21;
